instance_a, instance_b, algo, unified_size, unified_edges, unified_nodes, unified_time, unified_aborted, unified_nodes_to_best, unified_time_to_best,unified_cut_branches, unified_bound_pruned, unified_sym_pruned
mcs10_b03_s100.A00,mcs10_b03_s100.B00,dal_dal,72,86,6193152056,1000,1,1110540954,143.685,4674337481,4674337481,0
mcs10_b03_s100.A01,mcs10_b03_s100.B01,dal_dal,71,79,5583401480,1000.01,1,541219420,97.4022,4064369647,4064369647,0
mcs10_b03_s100.A02,mcs10_b03_s100.B02,dal_dal,63,68,8049069353,1000.02,1,46017,0.00422138,7437421221,7437421221,0
mcs10_b03_s100.A03,mcs10_b03_s100.B03,dal_dal,64,77,8868078950,1000,1,6705991,0.660778,8042449788,8042449788,0
mcs10_b03_s100.A04,mcs10_b03_s100.B04,dal_dal,63,56,17562715147,1000.02,1,28224,0.00275901,14817828787,14817828787,0
mcs10_b03_s100.A05,mcs10_b03_s100.B05,dal_dal,60,65,14064637585,1000.02,1,286562730,17.3884,11783979142,11783979142,0
mcs10_b03_s100.A06,mcs10_b03_s100.B06,dal_dal,67,78,12000289359,1000.02,1,8543480351,569.895,9683056785,9683056785,0
mcs10_b03_s100.A07,mcs10_b03_s100.B07,dal_dal,73,86,6754486601,1000.02,1,4960373599,708.039,5433369148,5433369148,0
mcs10_b03_s100.A08,mcs10_b03_s100.B08,dal_dal,69,79,11960784043,1000.02,1,82387343,13.4003,9789606559,9789606559,0
mcs10_b03_s100.A09,mcs10_b03_s100.B09,dal_dal,65,68,19060184338,1000.01,1,3944225,0.522444,15866895858,15866895858,0
mcs10_b03_s40.A00,mcs10_b03_s40.B00,dal_dal,31,33,309736298,42.1753,0,12372256,1.56879,212882871,212882871,0
mcs10_b03_s40.A01,mcs10_b03_s40.B01,dal_dal,31,32,142642272,19.854,0,1982349,0.140723,105846684,105846684,0
mcs10_b03_s40.A02,mcs10_b03_s40.B02,dal_dal,31,42,124141537,16.6167,0,65929211,7.94687,92522867,92522867,0
mcs10_b03_s40.A03,mcs10_b03_s40.B03,dal_dal,31,38,112481670,31.5024,0,2074125,0.496936,77641482,77641482,0
mcs10_b03_s40.A04,mcs10_b03_s40.B04,dal_dal,31,30,72501610,20.3773,0,6878593,1.79326,52217872,52217872,0
mcs10_b03_s40.A05,mcs10_b03_s40.B05,dal_dal,31,36,68318789,15.953,0,36976322,6.92089,50217596,50217596,0
mcs10_b03_s40.A06,mcs10_b03_s40.B06,dal_dal,31,39,298439432,84.4697,0,3460323,0.679868,206211624,206211624,0
mcs10_b03_s40.A07,mcs10_b03_s40.B07,dal_dal,30,35,3118714330,842.681,0,120818437,30.8824,2145784649,2145784649,0
mcs10_b03_s40.A08,mcs10_b03_s40.B08,dal_dal,31,36,242097667,33.1499,0,393835,0.0489526,168796709,168796709,0
mcs10_b03_s40.A09,mcs10_b03_s40.B09,dal_dal,31,34,75886804,10.4447,0,8800476,1.10312,53868360,53868360,0
mcs10_b03_s50.A00,mcs10_b03_s50.B00,dal_dal,39,48,7054044691,1000,1,1574790220,215.825,4931007194,4931007194,0
mcs10_b03_s50.A01,mcs10_b03_s50.B01,dal_dal,40,45,1797221516,271.566,0,1763309905,266.162,1274860210,1274860210,0
mcs10_b03_s50.A02,mcs10_b03_s50.B02,dal_dal,40,48,6912926851,1000.02,1,6230828030,894.118,5023872551,5023872551,0
mcs10_b03_s50.A03,mcs10_b03_s50.B03,dal_dal,40,50,3977137259,606.18,0,3062349876,462.454,2791772387,2791772387,0
mcs10_b03_s50.A04,mcs10_b03_s50.B04,dal_dal,39,44,7580241101,1000.02,1,3444870175,362.126,5641838540,5641838540,0
mcs10_b03_s50.A05,mcs10_b03_s50.B05,dal_dal,39,44,4457339525,644.349,0,605017080,81.0068,3094755488,3094755488,0
mcs10_b03_s50.A06,mcs10_b03_s50.B06,dal_dal,39,47,7102557261,1000.02,1,2782233259,354.251,5336685469,5336685469,0
mcs10_b03_s50.A07,mcs10_b03_s50.B07,dal_dal,31,41,16023813563,1000.02,1,104417,0.0047265,13042047789,13042047789,0
mcs10_b03_s50.A08,mcs10_b03_s50.B08,dal_dal,39,51,4943963417,719.102,0,835961876,105.931,3593806969,3593806969,0
mcs10_b03_s50.A09,mcs10_b03_s50.B09,dal_dal,39,38,6521800262,1000.02,1,100386915,14.249,4717984655,4717984655,0
mcs10_b03_s60.A00,mcs10_b03_s60.B00,dal_dal,35,36,18433849109,1000.02,1,470,9.57E-05,15452182998,15452182998,0
mcs10_b03_s60.A01,mcs10_b03_s60.B01,dal_dal,45,51,6806395709,1000.02,1,3815065154,552.303,4946230132,4946230132,0
mcs10_b03_s60.A02,mcs10_b03_s60.B02,dal_dal,45,53,6732981773,1000.01,1,1358013094,188.08,4960440873,4960440873,0
mcs10_b03_s60.A03,mcs10_b03_s60.B03,dal_dal,45,54,6461676084,1000,1,1083951800,166.443,4594110325,4594110325,0
mcs10_b03_s60.A04,mcs10_b03_s60.B04,dal_dal,46,55,6411154916,1000.02,1,6128145306,954.457,4739716664,4739716664,0
mcs10_b03_s60.A05,mcs10_b03_s60.B05,dal_dal,46,57,6439509353,1000.02,1,73327111,10.1367,4622364693,4622364693,0
mcs10_b03_s60.A06,mcs10_b03_s60.B06,dal_dal,48,55,6329956783,1000.01,1,4287629807,662.339,4541616470,4541616470,0
mcs10_b03_s60.A07,mcs10_b03_s60.B07,dal_dal,46,62,6387814682,1000,1,1942700835,293.307,4822160538,4822160538,0
mcs10_b03_s60.A08,mcs10_b03_s60.B08,dal_dal,45,53,6469058449,1000.01,1,145668802,20.0254,4694436719,4694436719,0
mcs10_b03_s60.A09,mcs10_b03_s60.B09,dal_dal,47,57,6502121180,1000,1,5502942610,841.108,4605461454,4605461454,0
mcs10_b03_s70.A00,mcs10_b03_s70.B00,dal_dal,52,55,6814718606,1000.02,1,3292854836,475.421,4829743733,4829743733,0
mcs10_b03_s70.A01,mcs10_b03_s70.B01,dal_dal,49,44,7982392274,1000.02,1,2318855998,229.988,6951604148,6951604148,0
mcs10_b03_s70.A02,mcs10_b03_s70.B02,dal_dal,48,53,11709863566,1000.02,1,17441218,1.12892,9828998305,9828998305,0
mcs10_b03_s70.A03,mcs10_b03_s70.B03,dal_dal,46,57,17129938907,1000.02,1,173238,0.0192326,14650908110,14650908110,0
mcs10_b03_s70.A04,mcs10_b03_s70.B04,dal_dal,51,54,10678747297,1000.01,1,5349001574,418.932,9462241948,9462241948,0
mcs10_b03_s70.A05,mcs10_b03_s70.B05,dal_dal,51,65,6792215289,1000.02,1,542704275,76.5807,4694843789,4694843789,0
mcs10_b03_s70.A06,mcs10_b03_s70.B06,dal_dal,53,62,7145805227,1000.01,1,4290552151,574.533,5519799270,5519799270,0
mcs10_b03_s70.A07,mcs10_b03_s70.B07,dal_dal,46,57,16859020598,1000.01,1,1320376762,92.0232,14033726907,14033726907,0
mcs10_b03_s70.A08,mcs10_b03_s70.B08,dal_dal,53,70,7393121113,1000.02,1,4892819281,632.671,5765357779,5765357779,0
mcs10_b03_s70.A09,mcs10_b03_s70.B09,dal_dal,52,62,6500269774,1000.01,1,1167160370,169.069,4687188244,4687188244,0
mcs10_b03_s80.A00,mcs10_b03_s80.B00,dal_dal,50,56,19375245552,1000.02,1,2793,0.000491559,14765549557,14765549557,0
mcs10_b03_s80.A01,mcs10_b03_s80.B01,dal_dal,52,49,9529238122,1000.02,1,4794462064,512.375,7546565304,7546565304,0
mcs10_b03_s80.A02,mcs10_b03_s80.B02,dal_dal,59,76,6570876585,1000.02,1,466000340,60.0969,4649231633,4649231633,0
mcs10_b03_s80.A03,mcs10_b03_s80.B03,dal_dal,61,71,6052912981,1000.02,1,3290597599,529.851,4375741356,4375741356,0
mcs10_b03_s80.A04,mcs10_b03_s80.B04,dal_dal,55,61,7335397832,1000.02,1,1790143959,213.692,5347070074,5347070074,0
mcs10_b03_s80.A05,mcs10_b03_s80.B05,dal_dal,49,45,15853758603,1000.01,1,564614,0.0353947,13288808152,13288808152,0
mcs10_b03_s80.A06,mcs10_b03_s80.B06,dal_dal,56,64,6747731501,1000.02,1,6105377461,905.554,4806702721,4806702721,0
mcs10_b03_s80.A07,mcs10_b03_s80.B07,dal_dal,60,70,5852104773,1000.01,1,1967784408,313.35,4315107763,4315107763,0
mcs10_b03_s80.A08,mcs10_b03_s80.B08,dal_dal,49,54,14891635554,1000.01,1,2132,0.000236786,12084136812,12084136812,0
mcs10_b03_s80.A09,mcs10_b03_s80.B09,dal_dal,50,57,11872310763,1000.02,1,2586113634,215.877,10305204924,10305204924,0
mcs10_b03_s90.A00,mcs10_b03_s90.B00,dal_dal,62,74,10147598266,1000.01,1,460951803,49.0291,8266605153,8266605153,0
mcs10_b03_s90.A01,mcs10_b03_s90.B01,dal_dal,66,82,7332913064,1000.02,1,3961603847,460.15,5648376836,5648376836,0
mcs10_b03_s90.A02,mcs10_b03_s90.B02,dal_dal,66,78,8014375947,1000.01,1,5467315009,598.947,6824363517,6824363517,0
mcs10_b03_s90.A03,mcs10_b03_s90.B03,dal_dal,57,66,17623849750,1000.02,1,137539483,6.49866,15097749004,15097749004,0
mcs10_b03_s90.A04,mcs10_b03_s90.B04,dal_dal,55,72,14951652075,1000.02,1,381386276,20.9981,12856047885,12856047885,0
mcs10_b03_s90.A05,mcs10_b03_s90.B05,dal_dal,67,79,5887977782,1000.02,1,634741508,91.0564,4247319611,4247319611,0
mcs10_b03_s90.A06,mcs10_b03_s90.B06,dal_dal,61,61,22010099824,1000,1,448610365,21.1122,16559213391,16559213391,0
mcs10_b03_s90.A07,mcs10_b03_s90.B07,dal_dal,65,77,6351113495,1000,1,1094416203,159.38,4665040701,4665040701,0
mcs10_b03_s90.A08,mcs10_b03_s90.B08,dal_dal,65,72,8487240401,1000.02,1,6764476562,759.075,6816028537,6816028537,0
mcs10_b03_s90.A09,mcs10_b03_s90.B09,dal_dal,61,65,14936937333,1000.02,1,241793839,35.817,13122818020,13122818020,0
mcs10_b03m_s100.A00,mcs10_b03m_s100.B00,dal_dal,61,59,17610118380,1000.01,1,117,6.43E-05,14710596453,14710596453,0
mcs10_b03m_s100.A01,mcs10_b03m_s100.B01,dal_dal,68,80,8574380038,1000.01,1,1527834746,277.75,7202961243,7202961243,0
mcs10_b03m_s100.A02,mcs10_b03m_s100.B02,dal_dal,63,71,8289083469,1000.01,1,290169,0.0291038,6852673591,6852673591,0
mcs10_b03m_s100.A03,mcs10_b03m_s100.B03,dal_dal,62,75,20086671494,1000.01,1,223,8.38E-05,16074601716,16074601716,0
mcs10_b03m_s100.A04,mcs10_b03m_s100.B04,dal_dal,69,73,3760467777,1000.02,1,1421596012,358.402,3069919624,3069919624,0
mcs10_b03m_s100.A05,mcs10_b03m_s100.B05,dal_dal,71,89,7893890867,1000.02,1,7097417784,882.442,6266977743,6266977743,0
mcs10_b03m_s100.A06,mcs10_b03m_s100.B06,dal_dal,66,70,5559604260,1000.02,1,2741009,0.610395,5045785868,5045785868,0
mcs10_b03m_s100.A07,mcs10_b03m_s100.B07,dal_dal,71,81,8219363671,1000.02,1,5356137495,578.19,7428626120,7428626120,0
mcs10_b03m_s100.A08,mcs10_b03m_s100.B08,dal_dal,67,77,9296660856,1000.01,1,46031,0.00428795,8396820304,8396820304,0
mcs10_b03m_s100.A09,mcs10_b03m_s100.B09,dal_dal,67,86,15859319100,1000.02,1,39031916,5.3501,13861116497,13861116497,0
mcs10_b03m_s40.A00,mcs10_b03m_s40.B00,dal_dal,32,29,107710576,14.9403,0,105223485,14.5711,76445767,76445767,0
mcs10_b03m_s40.A01,mcs10_b03m_s40.B01,dal_dal,31,31,694678331,86.0581,0,589763542,72.1087,498297691,498297691,0
mcs10_b03m_s40.A02,mcs10_b03m_s40.B02,dal_dal,32,31,19080142,2.6827,0,12633916,1.71045,13701597,13701597,0
mcs10_b03m_s40.A03,mcs10_b03m_s40.B03,dal_dal,31,39,618209855,84.5599,0,178065091,23.313,429039112,429039112,0
mcs10_b03m_s40.A04,mcs10_b03m_s40.B04,dal_dal,32,41,87972998,12.2011,0,44176156,5.86635,61247656,61247656,0
mcs10_b03m_s40.A05,mcs10_b03m_s40.B05,dal_dal,31,32,122504480,16.6733,0,88834083,11.988,84793286,84793286,0
mcs10_b03m_s40.A06,mcs10_b03m_s40.B06,dal_dal,31,40,154332385,22.0568,0,12611237,1.66817,104137932,104137932,0
mcs10_b03m_s40.A07,mcs10_b03m_s40.B07,dal_dal,31,31,402222481,54.9839,0,91653850,12.061,274232814,274232814,0
mcs10_b03m_s40.A08,mcs10_b03m_s40.B08,dal_dal,31,36,285755768,36.1236,0,124071536,13.363,206288214,206288214,0
mcs10_b03m_s40.A09,mcs10_b03m_s40.B09,dal_dal,32,33,141909443,19.0005,0,104291861,13.4994,101946395,101946395,0
mcs10_b03m_s50.A00,mcs10_b03m_s50.B00,dal_dal,40,47,6607288164,1000.01,1,2735532327,400.297,4788385859,4788385859,0
mcs10_b03m_s50.A01,mcs10_b03m_s50.B01,dal_dal,39,46,7157224401,1000.02,1,6904311270,963.672,4912518242,4912518242,0
mcs10_b03m_s50.A02,mcs10_b03m_s50.B02,dal_dal,34,41,17114713826,1000.01,1,12699086223,703.167,14819337108,14819337108,0
mcs10_b03m_s50.A03,mcs10_b03m_s50.B03,dal_dal,37,38,7774209570,1000.02,1,5102377232,643.947,6136665782,6136665782,0
mcs10_b03m_s50.A04,mcs10_b03m_s50.B04,dal_dal,39,45,7218567551,1000.02,1,4153573804,558.495,4995420351,4995420351,0
mcs10_b03m_s50.A05,mcs10_b03m_s50.B05,dal_dal,38,42,6952097252,1000.02,1,566364305,75.537,5034620835,5034620835,0
mcs10_b03m_s50.A06,mcs10_b03m_s50.B06,dal_dal,40,49,6552215849,1000.02,1,5207766145,785.943,4599183025,4599183025,0
mcs10_b03m_s50.A07,mcs10_b03m_s50.B07,dal_dal,40,44,6715627681,1000.02,1,5729285699,845.888,4869255279,4869255279,0
mcs10_b03m_s50.A08,mcs10_b03m_s50.B08,dal_dal,39,51,6886119056,1000.02,1,498643655,67.8144,4959471387,4959471387,0
mcs10_b03m_s50.A09,mcs10_b03m_s50.B09,dal_dal,40,45,2556935801,353.53,0,1769053549,230.564,1880657241,1880657241,0
mcs10_b03m_s60.A00,mcs10_b03m_s60.B00,dal_dal,39,40,14231105048,1000.01,1,2597708768,215.981,12299174897,12299174897,0
mcs10_b03m_s60.A01,mcs10_b03m_s60.B01,dal_dal,48,58,6996158836,1000.01,1,4129610720,551.369,4996291465,4996291465,0
mcs10_b03m_s60.A02,mcs10_b03m_s60.B02,dal_dal,42,55,18669301336,1000.01,1,17819828337,931.556,15672031332,15672031332,0
mcs10_b03m_s60.A03,mcs10_b03m_s60.B03,dal_dal,46,52,6558168770,1000.02,1,3232805707,483.588,4656185448,4656185448,0
mcs10_b03m_s60.A04,mcs10_b03m_s60.B04,dal_dal,47,57,7159616185,1000.02,1,2094344214,196.824,5336751429,5336751429,0
mcs10_b03m_s60.A05,mcs10_b03m_s60.B05,dal_dal,46,55,6698128836,1000.02,1,13073027,1.714,4849094014,4849094014,0
mcs10_b03m_s60.A06,mcs10_b03m_s60.B06,dal_dal,47,64,6360631364,1000.01,1,135489304,18.7132,4630545937,4630545937,0
mcs10_b03m_s60.A07,mcs10_b03m_s60.B07,dal_dal,46,45,6999110696,1000.02,1,499161125,50.9871,4940767764,4940767764,0
mcs10_b03m_s60.A08,mcs10_b03m_s60.B08,dal_dal,43,45,7306537996,1000.01,1,5399455800,733.046,5139287902,5139287902,0
mcs10_b03m_s60.A09,mcs10_b03m_s60.B09,dal_dal,45,54,7152652127,1000.02,1,2848677492,373.53,5407344129,5407344129,0
mcs10_b03m_s70.A00,mcs10_b03m_s70.B00,dal_dal,53,63,6915767165,1000.02,1,6644843609,958.915,4921274439,4921274439,0
mcs10_b03m_s70.A01,mcs10_b03m_s70.B01,dal_dal,50,62,14269501575,1000.02,1,42224,0.00476407,12352979282,12352979282,0
mcs10_b03m_s70.A02,mcs10_b03m_s70.B02,dal_dal,53,58,6588367648,1000.01,1,5444569602,821.998,4819052609,4819052609,0
mcs10_b03m_s70.A03,mcs10_b03m_s70.B03,dal_dal,49,54,12818844715,1000.02,1,8206392713,574.166,11020059242,11020059242,0
mcs10_b03m_s70.A04,mcs10_b03m_s70.B04,dal_dal,50,58,7692452038,1000.01,1,1914762871,132.556,6264104718,6264104718,0
mcs10_b03m_s70.A05,mcs10_b03m_s70.B05,dal_dal,46,54,13855977240,1000.02,1,6792373011,497.648,11839914624,11839914624,0
mcs10_b03m_s70.A06,mcs10_b03m_s70.B06,dal_dal,43,45,14405866849,1000.02,1,2164587549,150.489,11559129217,11559129217,0
mcs10_b03m_s70.A07,mcs10_b03m_s70.B07,dal_dal,50,59,6922518298,1000.02,1,2792115457,377.33,5446701747,5446701747,0
mcs10_b03m_s70.A08,mcs10_b03m_s70.B08,dal_dal,44,48,18831501395,1000.02,1,9846845040,506.652,15309124517,15309124517,0
mcs10_b03m_s70.A09,mcs10_b03m_s70.B09,dal_dal,47,47,12138233094,1000.02,1,5430863787,443.935,10507179573,10507179573,0
mcs10_b03m_s80.A00,mcs10_b03m_s80.B00,dal_dal,52,57,11263316807,1000.02,1,100689372,5.99794,9769000746,9769000746,0
mcs10_b03m_s80.A01,mcs10_b03m_s80.B01,dal_dal,55,71,7395782706,1000.02,1,7045972,0.604936,6547968685,6547968685,0
mcs10_b03m_s80.A02,mcs10_b03m_s80.B02,dal_dal,59,65,6413759392,1000.02,1,593599664,85.5917,4545078983,4545078983,0
mcs10_b03m_s80.A03,mcs10_b03m_s80.B03,dal_dal,59,70,9070277460,1000.02,1,6993555366,667.252,7533991885,7533991885,0
mcs10_b03m_s80.A04,mcs10_b03m_s80.B04,dal_dal,54,66,7029352272,1000.01,1,2293873227,304.558,5106168505,5106168505,0
mcs10_b03m_s80.A05,mcs10_b03m_s80.B05,dal_dal,59,73,6922231662,1000.01,1,6865249920,991.67,5024306353,5024306353,0
mcs10_b03m_s80.A06,mcs10_b03m_s80.B06,dal_dal,52,62,9284977686,1000.02,1,2379606,0.242917,8139392248,8139392248,0
mcs10_b03m_s80.A07,mcs10_b03m_s80.B07,dal_dal,57,61,7116358661,1000.02,1,5388085030,749.307,4992065265,4992065265,0
mcs10_b03m_s80.A08,mcs10_b03m_s80.B08,dal_dal,60,75,6629445433,1000.01,1,4218561630,607.188,5003754908,5003754908,0
mcs10_b03m_s80.A09,mcs10_b03m_s80.B09,dal_dal,48,59,19852017889,1000.01,1,11169515356,557.16,16225452493,16225452493,0
mcs10_b03m_s90.A00,mcs10_b03m_s90.B00,dal_dal,57,58,19527936643,1000.02,1,831,0.000162676,15737041348,15737041348,0
mcs10_b03m_s90.A01,mcs10_b03m_s90.B01,dal_dal,58,68,18543961710,1000.02,1,7321606,0.343331,15137462547,15137462547,0
mcs10_b03m_s90.A02,mcs10_b03m_s90.B02,dal_dal,57,75,10348022350,1000.02,1,759114,0.0707576,9048909378,9048909378,0
mcs10_b03m_s90.A03,mcs10_b03m_s90.B03,dal_dal,58,68,7119368743,1000.01,1,407729707,19.9068,6394263488,6394263488,0
mcs10_b03m_s90.A04,mcs10_b03m_s90.B04,dal_dal,58,62,13299484878,1000.02,1,18279604,1.24865,11709777165,11709777165,0
mcs10_b03m_s90.A05,mcs10_b03m_s90.B05,dal_dal,55,70,15915356050,1000.02,1,341809527,18.3433,13385069805,13385069805,0
mcs10_b03m_s90.A06,mcs10_b03m_s90.B06,dal_dal,56,55,12151055690,1000.02,1,11041170148,894.664,10362334964,10362334964,0
mcs10_b03m_s90.A07,mcs10_b03m_s90.B07,dal_dal,57,52,22433266676,1000.02,1,58,5.21E-05,16937569289,16937569289,0
mcs10_b03m_s90.A08,mcs10_b03m_s90.B08,dal_dal,65,74,7664928358,1000.02,1,4102544325,455.18,6243495739,6243495739,0
mcs10_b03m_s90.A09,mcs10_b03m_s90.B09,dal_dal,62,66,6741882258,1000.02,1,3732577899,540.627,5240754127,5240754127,0
mcs10_b06_s100.A00,mcs10_b06_s100.B00,dal_dal,55,99,6091207878,1000.02,1,4215058765,683.671,3922352173,3922352173,0
mcs10_b06_s100.A01,mcs10_b06_s100.B01,dal_dal,53,88,5909851733,1000.01,1,1183855941,192.913,3823698843,3823698843,0
mcs10_b06_s100.A02,mcs10_b06_s100.B02,dal_dal,53,91,5785622016,1000.01,1,2041050092,329.658,3514001583,3514001583,0
mcs10_b06_s100.A03,mcs10_b06_s100.B03,dal_dal,54,83,6019415114,1000.01,1,2012589914,315.99,3714268904,3714268904,0
mcs10_b06_s100.A04,mcs10_b06_s100.B04,dal_dal,54,91,5924408707,1000.01,1,788245396,130.928,3617566942,3617566942,0
mcs10_b06_s100.A05,mcs10_b06_s100.B05,dal_dal,53,82,6468311985,1000.02,1,933477008,133.818,4290450289,4290450289,0
mcs10_b06_s100.A06,mcs10_b06_s100.B06,dal_dal,55,112,5980403498,1000.02,1,1802907735,291.942,3694771587,3694771587,0
mcs10_b06_s100.A07,mcs10_b06_s100.B07,dal_dal,56,112,6910023504,1000.02,1,3003875967,256.47,4926665543,4926665543,0
mcs10_b06_s100.A08,mcs10_b06_s100.B08,dal_dal,53,96,5668626962,1000.02,1,3047441264,524.203,3501467738,3501467738,0
mcs10_b06_s100.A09,mcs10_b06_s100.B09,dal_dal,56,108,3020051384,1000.01,1,1350258770,429.751,1901920266,1901920266,0
mcs10_b06_s70.A00,mcs10_b06_s70.B00,dal_dal,40,78,5831837281,1000.02,1,695328782,113.033,3660418187,3660418187,0
mcs10_b06_s70.A01,mcs10_b06_s70.B01,dal_dal,40,78,5292285737,1000.01,1,475482900,84.1745,3460071135,3460071135,0
mcs10_b06_s70.A02,mcs10_b06_s70.B02,dal_dal,39,74,5357251591,1000.01,1,356194072,64.2839,3484408031,3484408031,0
mcs10_b06_s70.A03,mcs10_b06_s70.B03,dal_dal,40,81,5608354195,1000.02,1,2035343169,347.628,3796549351,3796549351,0
mcs10_b06_s70.A04,mcs10_b06_s70.B04,dal_dal,39,63,6151925218,1000.01,1,5568482354,899.746,4277219260,4277219260,0
mcs10_b06_s70.A05,mcs10_b06_s70.B05,dal_dal,41,64,6221248642,1000.03,1,2864910036,447.333,4157942550,4157942550,0
mcs10_b06_s70.A06,mcs10_b06_s70.B06,dal_dal,38,64,6499803208,1000.01,1,334015972,49.0757,4348144586,4348144586,0
mcs10_b06_s70.A07,mcs10_b06_s70.B07,dal_dal,39,68,6161272075,1000.02,1,103863255,15.926,4136696756,4136696756,0
mcs10_b06_s70.A08,mcs10_b06_s70.B08,dal_dal,38,52,6836516043,1000.02,1,586675705,83.8034,4556239805,4556239805,0
mcs10_b06_s70.A09,mcs10_b06_s70.B09,dal_dal,40,73,6008820753,1000.02,1,1283548511,207.674,3896481594,3896481594,0
mcs10_b06_s80.A00,mcs10_b06_s80.B00,dal_dal,45,82,5753355263,1000.01,1,647861662,105.155,3690936906,3690936906,0
mcs10_b06_s80.A01,mcs10_b06_s80.B01,dal_dal,44,77,6478491826,1000.02,1,2175843274,327.561,4357749557,4357749557,0
mcs10_b06_s80.A02,mcs10_b06_s80.B02,dal_dal,46,70,6466371691,1000.02,1,4157123959,639.46,4315962951,4315962951,0
mcs10_b06_s80.A03,mcs10_b06_s80.B03,dal_dal,43,63,5947617192,1000.02,1,409981983,65.126,3793431729,3793431729,0
mcs10_b06_s80.A04,mcs10_b06_s80.B04,dal_dal,44,86,5884775797,1000.02,1,37302360,5.55784,3751024488,3751024488,0
mcs10_b06_s80.A05,mcs10_b06_s80.B05,dal_dal,43,93,6265271508,1000.02,1,159826911,23.9296,4114407654,4114407654,0
mcs10_b06_s80.A06,mcs10_b06_s80.B06,dal_dal,44,76,6147057538,1000.02,1,1182186640,184.527,4074376559,4074376559,0
mcs10_b06_s80.A07,mcs10_b06_s80.B07,dal_dal,44,76,6165223942,1000.02,1,710479846,113.335,4169120457,4169120457,0
mcs10_b06_s80.A08,mcs10_b06_s80.B08,dal_dal,45,82,6200517403,1000.02,1,3021050366,476.839,4095308291,4095308291,0
mcs10_b06_s80.A09,mcs10_b06_s80.B09,dal_dal,44,74,6678878570,1000.02,1,3845129012,563.518,4608361850,4608361850,0
mcs10_b06_s90.A00,mcs10_b06_s90.B00,dal_dal,49,91,6831770098,1000.02,1,2663066015,386.869,4880935805,4880935805,0
mcs10_b06_s90.A01,mcs10_b06_s90.B01,dal_dal,48,89,6694449010,1000.02,1,874892929,119.737,4526702402,4526702402,0
mcs10_b06_s90.A02,mcs10_b06_s90.B02,dal_dal,47,80,5878727234,1000.02,1,46220550,7.13819,3756626887,3756626887,0
mcs10_b06_s90.A03,mcs10_b06_s90.B03,dal_dal,50,83,5754881296,1000.02,1,685226661,106.537,3833858893,3833858893,0
mcs10_b06_s90.A04,mcs10_b06_s90.B04,dal_dal,48,70,6073745024,1000.02,1,2549058777,411.911,3919967310,3919967310,0
mcs10_b06_s90.A05,mcs10_b06_s90.B05,dal_dal,47,78,7084100629,1000.02,1,2280001980,213.512,4945917074,4945917074,0
mcs10_b06_s90.A06,mcs10_b06_s90.B06,dal_dal,48,85,6104835305,1000.02,1,571737689,87.3463,3868385438,3868385438,0
mcs10_b06_s90.A07,mcs10_b06_s90.B07,dal_dal,47,71,7022838392,1000.02,1,205126582,27.0526,5179721490,5179721490,0
mcs10_b06_s90.A08,mcs10_b06_s90.B08,dal_dal,48,74,5645715152,1000.02,1,3926275421,686.421,3417199989,3417199989,0
mcs10_b06_s90.A09,mcs10_b06_s90.B09,dal_dal,51,88,6175234784,1000.02,1,5369612256,873.992,4317347539,4317347539,0
mcs10_b06m_s100.A00,mcs10_b06m_s100.B00,dal_dal,55,96,5856551505,1000.02,1,258566088,33.5895,3860624211,3860624211,0
mcs10_b06m_s100.A01,mcs10_b06m_s100.B01,dal_dal,54,91,6091871351,1000.02,1,3590452815,564.15,3941947979,3941947979,0
mcs10_b06m_s100.A02,mcs10_b06m_s100.B02,dal_dal,55,87,6055836572,1000.02,1,4270286467,704.521,3901159159,3901159159,0
mcs10_b06m_s100.A03,mcs10_b06m_s100.B03,dal_dal,53,99,6040576271,1000,1,12753792,1.7365,3833043825,3833043825,0
mcs10_b06m_s100.A04,mcs10_b06m_s100.B04,dal_dal,53,88,5475198557,1000.02,1,106708301,19.1557,3383368409,3383368409,0
mcs10_b06m_s100.A05,mcs10_b06m_s100.B05,dal_dal,55,82,5813997145,1000.02,1,1260018503,216.504,3707495949,3707495949,0
mcs10_b06m_s100.A06,mcs10_b06m_s100.B06,dal_dal,56,97,6319107104,1000.02,1,3549423743,541.266,4224794063,4224794063,0
mcs10_b06m_s100.A07,mcs10_b06m_s100.B07,dal_dal,53,74,6182832730,1000.02,1,1464814468,228.151,3933178390,3933178390,0
mcs10_b06m_s100.A08,mcs10_b06m_s100.B08,dal_dal,54,104,6905021722,1000.02,1,3170869568,418.292,4544438301,4544438301,0
mcs10_b06m_s100.A09,mcs10_b06m_s100.B09,dal_dal,54,82,5685821186,1000.02,1,305493257,51.3086,3581942826,3581942826,0
mcs10_b06m_s70.A00,mcs10_b06m_s70.B00,dal_dal,40,74,5939672057,1000.02,1,123641287,19.6249,3832231462,3832231462,0
mcs10_b06m_s70.A01,mcs10_b06m_s70.B01,dal_dal,40,63,5764062938,1000.02,1,1045314556,172.818,3633206572,3633206572,0
mcs10_b06m_s70.A02,mcs10_b06m_s70.B02,dal_dal,41,73,5468187151,1000.02,1,2824505266,503.245,3570367174,3570367174,0
mcs10_b06m_s70.A03,mcs10_b06m_s70.B03,dal_dal,40,78,5717201921,1000.02,1,5253738307,917.731,3748428524,3748428524,0
mcs10_b06m_s70.A04,mcs10_b06m_s70.B04,dal_dal,39,73,5671624359,1000.02,1,3341997789,570.998,3917817650,3917817650,0
mcs10_b06m_s70.A05,mcs10_b06m_s70.B05,dal_dal,40,59,5222047378,1000.02,1,1322083338,249.607,3350062221,3350062221,0
mcs10_b06m_s70.A06,mcs10_b06m_s70.B06,dal_dal,38,58,5925179334,1000.02,1,17989108,3.02447,3737701250,3737701250,0
mcs10_b06m_s70.A07,mcs10_b06m_s70.B07,dal_dal,40,56,5786838464,1000.02,1,3358267594,563.144,3710113902,3710113902,0
mcs10_b06m_s70.A08,mcs10_b06m_s70.B08,dal_dal,39,76,6389431445,1000.02,1,66078066,9.52618,4237175795,4237175795,0
mcs10_b06m_s70.A09,mcs10_b06m_s70.B09,dal_dal,40,67,6183812720,1000.02,1,823010100,123.57,4015078993,4015078993,0
mcs10_b06m_s80.A00,mcs10_b06m_s80.B00,dal_dal,44,80,5816011575,1000.01,1,1159267514,190.641,3625298015,3625298015,0
mcs10_b06m_s80.A01,mcs10_b06m_s80.B01,dal_dal,44,82,6341430842,1000.02,1,43732432,6.71281,4350445908,4350445908,0
mcs10_b06m_s80.A02,mcs10_b06m_s80.B02,dal_dal,43,75,6075736382,1000.01,1,1944515505,308.831,3895693380,3895693380,0
mcs10_b06m_s80.A03,mcs10_b06m_s80.B03,dal_dal,44,72,5754816922,1000.01,1,71871837,11.3385,3747218360,3747218360,0
mcs10_b06m_s80.A04,mcs10_b06m_s80.B04,dal_dal,45,90,6198007834,1000.01,1,1956198179,298.179,4135613820,4135613820,0
mcs10_b06m_s80.A05,mcs10_b06m_s80.B05,dal_dal,44,75,6006730436,1000.01,1,4121901422,677.681,3851444818,3851444818,0
mcs10_b06m_s80.A06,mcs10_b06m_s80.B06,dal_dal,42,74,6470786612,1000.02,1,51035222,7.66255,4234178444,4234178444,0
mcs10_b06m_s80.A07,mcs10_b06m_s80.B07,dal_dal,44,58,5779866828,1000.01,1,5142007136,881.816,3639031904,3639031904,0
mcs10_b06m_s80.A08,mcs10_b06m_s80.B08,dal_dal,45,80,2957420544,1000.02,1,942479189,298.848,1875251216,1875251216,0
mcs10_b06m_s80.A09,mcs10_b06m_s80.B09,dal_dal,42,67,3067513278,1000.02,1,1201671162,383.082,1963968403,1963968403,0
mcs10_b06m_s90.A00,mcs10_b06m_s90.B00,dal_dal,49,78,6586488242,1000.01,1,666245801,98.5681,4494761349,4494761349,0
mcs10_b06m_s90.A01,mcs10_b06m_s90.B01,dal_dal,51,89,2950980129,1000.01,1,416763765,138.743,1924540478,1924540478,0
mcs10_b06m_s90.A02,mcs10_b06m_s90.B02,dal_dal,49,98,6405233426,1000.02,1,3958027767,593.258,4221268151,4221268151,0
mcs10_b06m_s90.A03,mcs10_b06m_s90.B03,dal_dal,50,102,3084512799,1000.01,1,2004956660,628.771,1943225531,1943225531,0
mcs10_b06m_s90.A04,mcs10_b06m_s90.B04,dal_dal,51,101,6249443277,1000.02,1,4279651913,678.046,4008417885,4008417885,0
mcs10_b06m_s90.A05,mcs10_b06m_s90.B05,dal_dal,50,78,5789780550,1000.02,1,1219923292,188.55,3663194962,3663194962,0
mcs10_b06m_s90.A06,mcs10_b06m_s90.B06,dal_dal,50,87,6036719475,1000.02,1,1263169142,198.606,3938230510,3938230510,0
mcs10_b06m_s90.A07,mcs10_b06m_s90.B07,dal_dal,49,98,6554164862,1000.02,1,1806393974,262.486,4528421701,4528421701,0
mcs10_b06m_s90.A08,mcs10_b06m_s90.B08,dal_dal,51,87,6490236040,1000.01,1,4237569843,642.52,4349275980,4349275980,0
mcs10_b06m_s90.A09,mcs10_b06m_s90.B09,dal_dal,50,87,6250006327,1000.01,1,2516428909,374.44,4109231018,4109231018,0
mcs10_b09_s100.A00,mcs10_b09_s100.B00,dal_dal,43,77,5618235306,1000.02,1,1509030132,255.684,3387593166,3387593166,0
mcs10_b09_s100.A01,mcs10_b09_s100.B01,dal_dal,43,78,5842902306,1000.01,1,827577589,137.756,3661118676,3661118676,0
mcs10_b09_s100.A02,mcs10_b09_s100.B02,dal_dal,43,83,4883163612,1000.01,1,1819627297,356.245,2946135382,2946135382,0
mcs10_b09_s100.A03,mcs10_b09_s100.B03,dal_dal,42,84,5316653382,1000.01,1,6123334,1.16287,3310151826,3310151826,0
mcs10_b09_s100.A04,mcs10_b09_s100.B04,dal_dal,43,90,5472783270,1000.02,1,5390112672,983.875,3366864574,3366864574,0
mcs10_b09_s100.A05,mcs10_b09_s100.B05,dal_dal,43,79,5557138616,1000.02,1,453911613,85.7554,3442111443,3442111443,0
mcs10_b09_s100.A06,mcs10_b09_s100.B06,dal_dal,44,98,5321120948,1000.01,1,454832777,83.6427,3363787250,3363787250,0
mcs10_b09_s100.A07,mcs10_b09_s100.B07,dal_dal,44,96,4950713161,1000.02,1,392029642,74.605,3129369436,3129369436,0
mcs10_b09_s100.A08,mcs10_b09_s100.B08,dal_dal,44,91,5686260489,1000.01,1,726040080,122.78,3638531016,3638531016,0
mcs10_b09_s100.A09,mcs10_b09_s100.B09,dal_dal,43,90,5353323204,1000.02,1,4661595102,865.986,3376131901,3376131901,0
mcs10_b09m_s100.A00,mcs10_b09m_s100.B00,dal_dal,43,83,5060792405,1000.02,1,3999511000,776.802,3056372737,3056372737,0
mcs10_b09m_s100.A01,mcs10_b09m_s100.B01,dal_dal,43,84,5630460904,1000,1,745042713,122.132,3584019496,3584019496,0
mcs10_b09m_s100.A02,mcs10_b09m_s100.B02,dal_dal,42,86,5749082510,1000.02,1,9883597,1.70704,3641983113,3641983113,0
mcs10_b09m_s100.A03,mcs10_b09m_s100.B03,dal_dal,44,96,5164502973,1000,1,996549830,181.552,3212256191,3212256191,0
mcs10_b09m_s100.A04,mcs10_b09m_s100.B04,dal_dal,45,92,6196864038,1000.01,1,926748928,146.661,4140963426,4140963426,0
mcs10_b09m_s100.A05,mcs10_b09m_s100.B05,dal_dal,43,68,5606925456,1000.03,1,546763649,89.8047,3502066897,3502066897,0
mcs10_b09m_s100.A06,mcs10_b09m_s100.B06,dal_dal,45,89,5636562382,1000.02,1,400196297,67.7673,3514344479,3514344479,0
mcs10_b09m_s100.A07,mcs10_b09m_s100.B07,dal_dal,45,97,5506524007,1000.02,1,2537233207,444.171,3428522852,3428522852,0
mcs10_b09m_s100.A08,mcs10_b09m_s100.B08,dal_dal,44,90,5678770613,1000.01,1,1090804289,187.917,3641077923,3641077923,0
mcs10_b09m_s100.A09,mcs10_b09m_s100.B09,dal_dal,42,79,5103603754,1000.01,1,2543117898,489.997,3154270137,3154270137,0
mcs10_m2D_s100.A00,mcs10_m2D_s100.B00,dal_dal,67,76,6779229774,1000.02,1,1387894197,195.991,4302689530,4302689530,0
mcs10_m2D_s100.A01,mcs10_m2D_s100.B01,dal_dal,66,81,6770329905,1000.01,1,397574201,53.8186,4643468109,4643468109,0
mcs10_m2D_s100.A02,mcs10_m2D_s100.B02,dal_dal,61,78,21685538843,1000.01,1,2111046117,99.9275,16248373543,16248373543,0
mcs10_m2D_s100.A03,mcs10_m2D_s100.B03,dal_dal,63,66,9794008112,1000,1,7049295593,614.402,8777610558,8777610558,0
mcs10_m2D_s100.A04,mcs10_m2D_s100.B04,dal_dal,69,87,6363732034,1000.01,1,346468981,38.0757,4592259715,4592259715,0
mcs10_m2D_s100.A05,mcs10_m2D_s100.B05,dal_dal,67,94,12280827124,1000.02,1,11359037892,876.307,10810909514,10810909514,0
mcs10_m2D_s100.A06,mcs10_m2D_s100.B06,dal_dal,61,76,8959638801,1000.02,1,44934604,3.8309,6745257493,6745257493,0
mcs10_m2D_s100.A07,mcs10_m2D_s100.B07,dal_dal,58,66,10491676318,1000.01,1,583661095,49.4421,9013234064,9013234064,0
mcs10_m2D_s100.A08,mcs10_m2D_s100.B08,dal_dal,68,85,5807831223,1000.01,1,806787426,134.613,4609367906,4609367906,0
mcs10_m2D_s100.A09,mcs10_m2D_s100.B09,dal_dal,63,78,12748383497,1000.01,1,7019303174,502.776,10856676968,10856676968,0
mcs10_m2D_s40.A00,mcs10_m2D_s40.B00,dal_dal,30,41,216853759,30.9012,0,85502578,11.9987,148873145,148873145,0
mcs10_m2D_s40.A01,mcs10_m2D_s40.B01,dal_dal,30,34,346966434,49.2214,0,58844088,7.94528,242536041,242536041,0
mcs10_m2D_s40.A02,mcs10_m2D_s40.B02,dal_dal,30,38,454938314,67.5259,0,80065476,11.2896,301181579,301181579,0
mcs10_m2D_s40.A03,mcs10_m2D_s40.B03,dal_dal,30,41,331082552,45.7752,0,63344576,7.65841,229854939,229854939,0
mcs10_m2D_s40.A04,mcs10_m2D_s40.B04,dal_dal,30,41,175594547,24.4427,0,15162775,1.73654,120766517,120766517,0
mcs10_m2D_s40.A05,mcs10_m2D_s40.B05,dal_dal,30,36,1745350144,246.341,0,1084321511,149.868,1157538031,1157538031,0
mcs10_m2D_s40.A06,mcs10_m2D_s40.B06,dal_dal,31,34,258896537,35.091,0,234284158,31.5157,172864485,172864485,0
mcs10_m2D_s40.A07,mcs10_m2D_s40.B07,dal_dal,30,39,293659884,41.9556,0,168902117,23.5618,202053280,202053280,0
mcs10_m2D_s40.A08,mcs10_m2D_s40.B08,dal_dal,30,38,394994888,57.0464,0,90010481,12.3706,277122771,277122771,0
mcs10_m2D_s40.A09,mcs10_m2D_s40.B09,dal_dal,30,34,719501821,101.606,0,288221170,39.7948,494917711,494917711,0
mcs10_m2D_s50.A00,mcs10_m2D_s50.B00,dal_dal,37,44,6526157192,1000.02,1,10976713,1.47818,4601803016,4601803016,0
mcs10_m2D_s50.A01,mcs10_m2D_s50.B01,dal_dal,38,50,6807328510,1000.02,1,2772166598,390.483,4818308824,4818308824,0
mcs10_m2D_s50.A02,mcs10_m2D_s50.B02,dal_dal,37,50,6887909507,1000.02,1,1361864408,189.826,4722048158,4722048158,0
mcs10_m2D_s50.A03,mcs10_m2D_s50.B03,dal_dal,38,49,6810312160,1000.01,1,3204948857,457.027,4692655416,4692655416,0
mcs10_m2D_s50.A04,mcs10_m2D_s50.B04,dal_dal,37,53,6894392180,1000.01,1,1373599594,193.755,4780250044,4780250044,0
mcs10_m2D_s50.A05,mcs10_m2D_s50.B05,dal_dal,37,50,6760096127,1000.02,1,86159370,11.4074,4755056623,4755056623,0
mcs10_m2D_s50.A06,mcs10_m2D_s50.B06,dal_dal,38,52,4659195336,733.68,0,44431724,6.15701,3330298300,3330298300,0
mcs10_m2D_s50.A07,mcs10_m2D_s50.B07,dal_dal,37,49,7306045755,1000.02,1,2349897984,274.438,5557635557,5557635557,0
mcs10_m2D_s50.A08,mcs10_m2D_s50.B08,dal_dal,38,47,6761125397,1000.02,1,3045880643,442.909,4813679019,4813679019,0
mcs10_m2D_s50.A09,mcs10_m2D_s50.B09,dal_dal,38,44,6848498965,1000,1,209534243,28.4529,4650388636,4650388636,0
mcs10_m2D_s60.A00,mcs10_m2D_s60.B00,dal_dal,44,58,6515913352,1000.02,1,433645757,60.622,4507215890,4507215890,0
mcs10_m2D_s60.A01,mcs10_m2D_s60.B01,dal_dal,44,60,6622325557,1000.02,1,777834622,109.331,4767502653,4767502653,0
mcs10_m2D_s60.A02,mcs10_m2D_s60.B02,dal_dal,44,58,6763866934,1000.01,1,2397197603,346.874,4585347265,4585347265,0
mcs10_m2D_s60.A03,mcs10_m2D_s60.B03,dal_dal,41,51,6992608173,1000.01,1,169502133,23.9531,4892270031,4892270031,0
mcs10_m2D_s60.A04,mcs10_m2D_s60.B04,dal_dal,44,63,6794223261,1000.01,1,1620559690,231.198,4732540881,4732540881,0
mcs10_m2D_s60.A05,mcs10_m2D_s60.B05,dal_dal,44,51,8739839359,1000.01,1,6167597513,612.084,6761105278,6761105278,0
mcs10_m2D_s60.A06,mcs10_m2D_s60.B06,dal_dal,42,50,7070973472,1000.01,1,293355446,39.1666,4998237796,4998237796,0
mcs10_m2D_s60.A07,mcs10_m2D_s60.B07,dal_dal,42,47,6972993082,1000.02,1,9435238,1.16021,4898755134,4898755134,0
mcs10_m2D_s60.A08,mcs10_m2D_s60.B08,dal_dal,44,61,6292479243,1000.02,1,15373281,2.25854,4344564725,4344564725,0
mcs10_m2D_s60.A09,mcs10_m2D_s60.B09,dal_dal,44,56,6705770690,1000.01,1,3278364229,476.938,4639749888,4639749888,0
mcs10_m2D_s70.A00,mcs10_m2D_s70.B00,dal_dal,50,66,6713445403,1000.01,1,5725573716,851.582,4783059445,4783059445,0
mcs10_m2D_s70.A01,mcs10_m2D_s70.B01,dal_dal,49,57,15494895098,1000.02,1,14166821913,787.3,11641762190,11641762190,0
mcs10_m2D_s70.A02,mcs10_m2D_s70.B02,dal_dal,48,59,6809504976,1000.01,1,1195081502,164.934,4351261987,4351261987,0
mcs10_m2D_s70.A03,mcs10_m2D_s70.B03,dal_dal,42,45,8526635518,1000.02,1,30824969,2.33706,6786865256,6786865256,0
mcs10_m2D_s70.A04,mcs10_m2D_s70.B04,dal_dal,50,63,3444036646,1000.02,1,2852023517,814.197,2427957358,2427957358,0
mcs10_m2D_s70.A05,mcs10_m2D_s70.B05,dal_dal,49,62,6571001623,1000.01,1,2108266045,313.347,5044884201,5044884201,0
mcs10_m2D_s70.A06,mcs10_m2D_s70.B06,dal_dal,49,69,9720821313,1000.01,1,4703556385,251.315,7106259006,7106259006,0
mcs10_m2D_s70.A07,mcs10_m2D_s70.B07,dal_dal,50,73,6037976660,1000.02,1,3612494397,574.246,4310443696,4310443696,0
mcs10_m2D_s70.A08,mcs10_m2D_s70.B08,dal_dal,50,70,5791682001,1000.01,1,1051011454,172.34,4009647762,4009647762,0
mcs10_m2D_s70.A09,mcs10_m2D_s70.B09,dal_dal,50,64,5803528957,1000.02,1,1462919395,248.07,4028896818,4028896818,0
mcs10_m2D_s80.A00,mcs10_m2D_s80.B00,dal_dal,55,73,5871785945,1000.02,1,2597600664,418.624,4376689503,4376689503,0
mcs10_m2D_s80.A01,mcs10_m2D_s80.B01,dal_dal,51,59,15742359652,1000.02,1,12872618346,672.431,13339577583,13339577583,0
mcs10_m2D_s80.A02,mcs10_m2D_s80.B02,dal_dal,56,65,9734062626,1000.01,1,29938732,3.10109,8750693407,8750693407,0
mcs10_m2D_s80.A03,mcs10_m2D_s80.B03,dal_dal,49,63,14775012712,1000.02,1,109874,0.00859583,11360996226,11360996226,0
mcs10_m2D_s80.A04,mcs10_m2D_s80.B04,dal_dal,56,75,6221903786,1000.02,1,888651022,138.398,4412618926,4412618926,0
mcs10_m2D_s80.A05,mcs10_m2D_s80.B05,dal_dal,56,86,6416427153,1000.02,1,8159746,1.02388,4679573997,4679573997,0
mcs10_m2D_s80.A06,mcs10_m2D_s80.B06,dal_dal,56,76,6455174198,1000.02,1,2840901080,433.756,4691412753,4691412753,0
mcs10_m2D_s80.A07,mcs10_m2D_s80.B07,dal_dal,56,71,7062218072,1000.02,1,6207021030,861.919,5270078846,5270078846,0
mcs10_m2D_s80.A08,mcs10_m2D_s80.B08,dal_dal,55,51,6885496381,1000.02,1,191308711,26.6531,4675576356,4675576356,0
mcs10_m2D_s80.A09,mcs10_m2D_s80.B09,dal_dal,57,73,6921128837,1000.01,1,1608133147,155.624,4896120057,4896120057,0
mcs10_m2D_s90.A00,mcs10_m2D_s90.B00,dal_dal,51,61,17835201132,1000.02,1,76945212,3.40479,14496021474,14496021474,0
mcs10_m2D_s90.A01,mcs10_m2D_s90.B01,dal_dal,59,64,6765705337,1000.02,1,2113922509,301.114,5061408716,5061408716,0
mcs10_m2D_s90.A02,mcs10_m2D_s90.B02,dal_dal,54,77,17567592877,1000.01,1,422880,0.0192048,14853670643,14853670643,0
mcs10_m2D_s90.A03,mcs10_m2D_s90.B03,dal_dal,58,62,8527820577,1000.02,1,5363824766,621.941,6738055915,6738055915,0
mcs10_m2D_s90.A04,mcs10_m2D_s90.B04,dal_dal,62,78,6542384706,1000.01,1,689058616,95.4193,4696722024,4696722024,0
mcs10_m2D_s90.A05,mcs10_m2D_s90.B05,dal_dal,62,66,7123094176,1000.02,1,2418962452,291.68,5004447762,5004447762,0
mcs10_m2D_s90.A06,mcs10_m2D_s90.B06,dal_dal,63,80,6054374359,1000.02,1,1645610838,252.134,4318363325,4318363325,0
mcs10_m2D_s90.A07,mcs10_m2D_s90.B07,dal_dal,51,55,15614774140,1000.02,1,4273257514,235.618,13099526660,13099526660,0
mcs10_m2D_s90.A08,mcs10_m2D_s90.B08,dal_dal,56,67,13485032199,1000.02,1,5289583605,313.221,11618213100,11618213100,0
mcs10_m2D_s90.A09,mcs10_m2D_s90.B09,dal_dal,62,82,6625002314,1000.02,1,1015533115,117.769,4871754968,4871754968,0
mcs10_m2Dr2_s100.A00,mcs10_m2Dr2_s100.B00,dal_dal,65,84,6891721599,1000.02,1,3290154097,425.097,4837841609,4837841609,0
mcs10_m2Dr2_s100.A01,mcs10_m2Dr2_s100.B01,dal_dal,61,86,11296753516,1000.02,1,5477,0.000757622,9742839204,9742839204,0
mcs10_m2Dr2_s100.A02,mcs10_m2Dr2_s100.B02,dal_dal,64,91,6304736310,1000.02,1,1677427918,252.547,4277896351,4277896351,0
mcs10_m2Dr2_s100.A03,mcs10_m2Dr2_s100.B03,dal_dal,64,90,6051961383,1000.01,1,5224416428,849.208,3715491931,3715491931,0
mcs10_m2Dr2_s100.A04,mcs10_m2Dr2_s100.B04,dal_dal,65,95,7022023328,1000.02,1,3741097812,522.396,4527999291,4527999291,0
mcs10_m2Dr2_s100.A05,mcs10_m2Dr2_s100.B05,dal_dal,64,87,9998003883,1000.02,1,5914679204,369.055,7672938967,7672938967,0
mcs10_m2Dr2_s100.A06,mcs10_m2Dr2_s100.B06,dal_dal,59,75,14377159095,1000.02,1,3830490759,194.364,12363737044,12363737044,0
mcs10_m2Dr2_s100.A07,mcs10_m2Dr2_s100.B07,dal_dal,56,69,12087674693,1000.03,1,417442724,30.7551,10646648433,10646648433,0
mcs10_m2Dr2_s100.A08,mcs10_m2Dr2_s100.B08,dal_dal,66,86,6107905331,1000,1,2543486333,404.144,4192182691,4192182691,0
mcs10_m2Dr2_s100.A09,mcs10_m2Dr2_s100.B09,dal_dal,54,68,11037761899,1000.02,1,398536658,33.0149,9635246416,9635246416,0
mcs10_m2Dr2_s70.A00,mcs10_m2Dr2_s70.B00,dal_dal,47,59,6178789679,1000.02,1,45580977,7.2111,4208278706,4208278706,0
mcs10_m2Dr2_s70.A01,mcs10_m2Dr2_s70.B01,dal_dal,46,69,6603332676,1000.02,1,202810623,29.3872,4669285633,4669285633,0
mcs10_m2Dr2_s70.A02,mcs10_m2Dr2_s70.B02,dal_dal,48,67,6503814144,1000.03,1,492656321,64.2226,4652483321,4652483321,0
mcs10_m2Dr2_s70.A03,mcs10_m2Dr2_s70.B03,dal_dal,46,58,6649984428,1000.03,1,742599772,109.423,4917530525,4917530525,0
mcs10_m2Dr2_s70.A04,mcs10_m2Dr2_s70.B04,dal_dal,48,65,6301564997,1000.02,1,3536239120,551.657,4407567913,4407567913,0
mcs10_m2Dr2_s70.A05,mcs10_m2Dr2_s70.B05,dal_dal,47,63,6568711183,1000.01,1,499465343,74.0287,4439602082,4439602082,0
mcs10_m2Dr2_s70.A06,mcs10_m2Dr2_s70.B06,dal_dal,48,59,6486176831,1000.01,1,224043937,33.0404,4502777224,4502777224,0
mcs10_m2Dr2_s70.A07,mcs10_m2Dr2_s70.B07,dal_dal,48,61,6834276439,1000.02,1,3655571083,521.431,4947530338,4947530338,0
mcs10_m2Dr2_s70.A08,mcs10_m2Dr2_s70.B08,dal_dal,48,62,5898128527,1000.02,1,2561446761,413.089,4181515442,4181515442,0
mcs10_m2Dr2_s70.A09,mcs10_m2Dr2_s70.B09,dal_dal,49,64,5729869019,1000.02,1,1550005999,254.839,3911023125,3911023125,0
mcs10_m2Dr2_s80.A00,mcs10_m2Dr2_s80.B00,dal_dal,54,81,5681381558,1000.02,1,2053678624,337.957,3704704766,3704704766,0
mcs10_m2Dr2_s80.A01,mcs10_m2Dr2_s80.B01,dal_dal,53,68,5984762999,1000.01,1,147562864,25.0553,3982961277,3982961277,0
mcs10_m2Dr2_s80.A02,mcs10_m2Dr2_s80.B02,dal_dal,52,77,6754976209,1000.02,1,1077725908,151.947,4437558286,4437558286,0
mcs10_m2Dr2_s80.A03,mcs10_m2Dr2_s80.B03,dal_dal,54,76,6552903775,1000.02,1,3147952301,471.917,4520088489,4520088489,0
mcs10_m2Dr2_s80.A04,mcs10_m2Dr2_s80.B04,dal_dal,52,67,7020582093,1000.02,1,1196653796,118.657,5020067532,5020067532,0
mcs10_m2Dr2_s80.A05,mcs10_m2Dr2_s80.B05,dal_dal,52,74,7104287730,1000.01,1,2795941298,367.334,5181636665,5181636665,0
mcs10_m2Dr2_s80.A06,mcs10_m2Dr2_s80.B06,dal_dal,53,70,8776241350,1000,1,6201962634,594.086,6782547776,6782547776,0
mcs10_m2Dr2_s80.A07,mcs10_m2Dr2_s80.B07,dal_dal,54,70,6790203181,1000.02,1,2931008335,418.371,4676892410,4676892410,0
mcs10_m2Dr2_s80.A08,mcs10_m2Dr2_s80.B08,dal_dal,50,57,6885243227,1000.02,1,1043373204,147.266,5001507228,5001507228,0
mcs10_m2Dr2_s80.A09,mcs10_m2Dr2_s80.B09,dal_dal,53,82,6858594561,1000.02,1,282520871,37.471,4576681708,4576681708,0
mcs10_m2Dr2_s90.A00,mcs10_m2Dr2_s90.B00,dal_dal,61,81,6451150667,1000.02,1,740530524,99.2636,4641665744,4641665744,0
mcs10_m2Dr2_s90.A01,mcs10_m2Dr2_s90.B01,dal_dal,52,65,15856737730,1000.02,1,1210598949,65.9206,13737102420,13737102420,0
mcs10_m2Dr2_s90.A02,mcs10_m2Dr2_s90.B02,dal_dal,61,85,6297297532,1000.01,1,2859851630,434.822,4258904226,4258904226,0
mcs10_m2Dr2_s90.A03,mcs10_m2Dr2_s90.B03,dal_dal,54,81,7915178529,1000.01,1,3700942,0.320821,7059456313,7059456313,0
mcs10_m2Dr2_s90.A04,mcs10_m2Dr2_s90.B04,dal_dal,54,74,6202909582,1000.01,1,21603084,2.78652,5421538144,5421538144,0
mcs10_m2Dr2_s90.A05,mcs10_m2Dr2_s90.B05,dal_dal,60,87,3444811107,1000.02,1,766096337,219.191,2235512577,2235512577,0
mcs10_m2Dr2_s90.A06,mcs10_m2Dr2_s90.B06,dal_dal,60,75,6579476404,1000.02,1,2869065132,423.871,4479483878,4479483878,0
mcs10_m2Dr2_s90.A07,mcs10_m2Dr2_s90.B07,dal_dal,56,66,5051743099,1000.02,1,2310747351,266.809,3883414637,3883414637,0
mcs10_m2Dr2_s90.A08,mcs10_m2Dr2_s90.B08,dal_dal,61,85,6539281142,1000.02,1,2259585103,341.252,4441456420,4441456420,0
mcs10_m2Dr2_s90.A09,mcs10_m2Dr2_s90.B09,dal_dal,60,80,3077249296,1000.01,1,155820094,44.943,1951477655,1951477655,0
mcs10_m2Dr4_s100.A00,mcs10_m2Dr4_s100.B00,dal_dal,60,92,6469662486,1000.02,1,772653361,94.3484,4889350487,4889350487,0
mcs10_m2Dr4_s100.A01,mcs10_m2Dr4_s100.B01,dal_dal,62,83,6518828145,1000,1,2694752383,406.853,4439885998,4439885998,0
mcs10_m2Dr4_s100.A02,mcs10_m2Dr4_s100.B02,dal_dal,61,93,7247993935,1000.02,1,2892545898,349.306,4775038948,4775038948,0
mcs10_m2Dr4_s100.A03,mcs10_m2Dr4_s100.B03,dal_dal,61,85,6781531701,1000.02,1,4426506068,646.034,4857257114,4857257114,0
mcs10_m2Dr4_s100.A04,mcs10_m2Dr4_s100.B04,dal_dal,56,75,13830932034,1000.02,1,4118299166,232.136,11353360425,11353360425,0
mcs10_m2Dr4_s100.A05,mcs10_m2Dr4_s100.B05,dal_dal,54,80,14877021089,1000.02,1,69981044,3.53997,12707238057,12707238057,0
mcs10_m2Dr4_s100.A06,mcs10_m2Dr4_s100.B06,dal_dal,60,84,6029329269,1000.02,1,369659090,56.6449,4387504407,4387504407,0
mcs10_m2Dr4_s100.A07,mcs10_m2Dr4_s100.B07,dal_dal,64,86,7417481508,1000.02,1,2582865578,171.159,5365551696,5365551696,0
mcs10_m2Dr4_s100.A08,mcs10_m2Dr4_s100.B08,dal_dal,62,92,6370298957,1000.02,1,1288411319,188.446,4037017660,4037017660,0
mcs10_m2Dr4_s100.A09,mcs10_m2Dr4_s100.B09,dal_dal,59,78,11854223426,1000.02,1,9682011795,778.657,10582152628,10582152628,0
mcs10_m2Dr4_s40.A00,mcs10_m2Dr4_s40.B00,dal_dal,29,43,241904674,37.2381,0,183351560,27.8202,165814649,165814649,0
mcs10_m2Dr4_s40.A01,mcs10_m2Dr4_s40.B01,dal_dal,29,41,1783605111,266.862,0,1711004355,255.454,1207683143,1207683143,0
mcs10_m2Dr4_s40.A02,mcs10_m2Dr4_s40.B02,dal_dal,28,35,2442315817,365.734,0,1951371379,287.851,1628125129,1628125129,0
mcs10_m2Dr4_s40.A03,mcs10_m2Dr4_s40.B03,dal_dal,28,46,1912027428,289.415,0,66999930,9.50878,1269180838,1269180838,0
mcs10_m2Dr4_s40.A04,mcs10_m2Dr4_s40.B04,dal_dal,28,34,2057355103,306.863,0,244593609,35.2163,1400131813,1400131813,0
mcs10_m2Dr4_s40.A05,mcs10_m2Dr4_s40.B05,dal_dal,28,45,886871166,138.522,0,20202293,2.89792,594666362,594666362,0
mcs10_m2Dr4_s40.A06,mcs10_m2Dr4_s40.B06,dal_dal,27,40,5326209179,751.07,0,323268,0.0419288,3615120034,3615120034,0
mcs10_m2Dr4_s40.A07,mcs10_m2Dr4_s40.B07,dal_dal,28,41,1508759600,233.772,0,162627213,23.5282,1006768564,1006768564,0
mcs10_m2Dr4_s40.A08,mcs10_m2Dr4_s40.B08,dal_dal,28,46,491344459,73.6678,0,948698,0.112978,342083292,342083292,0
mcs10_m2Dr4_s40.A09,mcs10_m2Dr4_s40.B09,dal_dal,28,39,3978676040,606.593,0,192590013,26.8601,2704791308,2704791308,0
mcs10_m2Dr4_s50.A00,mcs10_m2Dr4_s50.B00,dal_dal,34,49,6518248646,1000.02,1,134812578,18.9316,4450625296,4450625296,0
mcs10_m2Dr4_s50.A01,mcs10_m2Dr4_s50.B01,dal_dal,35,46,6462885578,1000.02,1,999266289,139.742,4378154571,4378154571,0
mcs10_m2Dr4_s50.A02,mcs10_m2Dr4_s50.B02,dal_dal,34,52,6675860703,1000.02,1,912924983,129.507,4582711642,4582711642,0
mcs10_m2Dr4_s50.A03,mcs10_m2Dr4_s50.B03,dal_dal,34,50,6675121122,1000.02,1,2006848176,287.151,4575927835,4575927835,0
mcs10_m2Dr4_s50.A04,mcs10_m2Dr4_s50.B04,dal_dal,35,50,6532119531,1000,1,2285860658,339.638,4464821546,4464821546,0
mcs10_m2Dr4_s50.A05,mcs10_m2Dr4_s50.B05,dal_dal,35,46,6674267696,1000.01,1,4625631089,681.282,4488472837,4488472837,0
mcs10_m2Dr4_s50.A06,mcs10_m2Dr4_s50.B06,dal_dal,34,48,6543329672,1000,1,263924372,39.2391,4311898817,4311898817,0
mcs10_m2Dr4_s50.A07,mcs10_m2Dr4_s50.B07,dal_dal,34,47,6620574117,1000.01,1,2242866935,322.549,4469963853,4469963853,0
mcs10_m2Dr4_s50.A08,mcs10_m2Dr4_s50.B08,dal_dal,34,44,6967640413,1000.02,1,20656533,2.53642,4857460876,4857460876,0
mcs10_m2Dr4_s50.A09,mcs10_m2Dr4_s50.B09,dal_dal,34,47,6616869065,1000.02,1,564179148,80.4766,4398187752,4398187752,0
mcs10_m2Dr4_s60.A00,mcs10_m2Dr4_s60.B00,dal_dal,41,54,6726971089,1000.02,1,2079551356,300.211,4528784731,4528784731,0
mcs10_m2Dr4_s60.A01,mcs10_m2Dr4_s60.B01,dal_dal,39,49,6815650769,1000.02,1,11606391,1.72623,4537663058,4537663058,0
mcs10_m2Dr4_s60.A02,mcs10_m2Dr4_s60.B02,dal_dal,40,60,6328148136,1000.02,1,584704349,87.1581,4207903840,4207903840,0
mcs10_m2Dr4_s60.A03,mcs10_m2Dr4_s60.B03,dal_dal,39,47,6419507982,1000.02,1,894063670,128.706,4326083315,4326083315,0
mcs10_m2Dr4_s60.A04,mcs10_m2Dr4_s60.B04,dal_dal,39,68,6717790996,1000.02,1,404060587,52.7869,4556721144,4556721144,0
mcs10_m2Dr4_s60.A05,mcs10_m2Dr4_s60.B05,dal_dal,40,65,6590407012,1000.01,1,4408534393,654.086,4348564180,4348564180,0
mcs10_m2Dr4_s60.A06,mcs10_m2Dr4_s60.B06,dal_dal,40,50,6722788020,1000.02,1,6524947056,968.7,4530838959,4530838959,0
mcs10_m2Dr4_s60.A07,mcs10_m2Dr4_s60.B07,dal_dal,41,58,6319073182,1000.02,1,84012608,11.8711,4263696747,4263696747,0
mcs10_m2Dr4_s60.A08,mcs10_m2Dr4_s60.B08,dal_dal,40,53,6471392835,1000.01,1,854569616,127.38,4468510944,4468510944,0
mcs10_m2Dr4_s60.A09,mcs10_m2Dr4_s60.B09,dal_dal,41,63,6726760538,1000.02,1,3952547124,570.692,4786359815,4786359815,0
mcs10_m2Dr4_s70.A00,mcs10_m2Dr4_s70.B00,dal_dal,47,76,6366690185,1000.01,1,673148574,102.457,4326066784,4326066784,0
mcs10_m2Dr4_s70.A01,mcs10_m2Dr4_s70.B01,dal_dal,46,77,6233612484,1000.01,1,4589104793,722.171,4188469711,4188469711,0
mcs10_m2Dr4_s70.A02,mcs10_m2Dr4_s70.B02,dal_dal,45,71,6461028769,1000.01,1,2539293310,379.108,4275823253,4275823253,0
mcs10_m2Dr4_s70.A03,mcs10_m2Dr4_s70.B03,dal_dal,45,66,6722285699,1000.02,1,18915344,2.38839,4574903189,4574903189,0
mcs10_m2Dr4_s70.A04,mcs10_m2Dr4_s70.B04,dal_dal,45,59,6502916922,1000.01,1,1790507243,262.597,4131333864,4131333864,0
mcs10_m2Dr4_s70.A05,mcs10_m2Dr4_s70.B05,dal_dal,43,67,6761622996,1000.02,1,1937727269,276.562,4710405351,4710405351,0
mcs10_m2Dr4_s70.A06,mcs10_m2Dr4_s70.B06,dal_dal,45,65,6792491057,1000.02,1,84477852,11.711,4636564782,4636564782,0
mcs10_m2Dr4_s70.A07,mcs10_m2Dr4_s70.B07,dal_dal,45,64,6923817136,1000.01,1,19700764,2.60549,4696964237,4696964237,0
mcs10_m2Dr4_s70.A08,mcs10_m2Dr4_s70.B08,dal_dal,47,71,6361743667,1000.02,1,1112426998,167.671,4467824897,4467824897,0
mcs10_m2Dr4_s70.A09,mcs10_m2Dr4_s70.B09,dal_dal,47,77,6520967687,1000.02,1,483932763,69.2047,4438277312,4438277312,0
mcs10_m2Dr4_s80.A00,mcs10_m2Dr4_s80.B00,dal_dal,51,77,6648152212,1000.02,1,2580223328,376.489,4386335836,4386335836,0
mcs10_m2Dr4_s80.A01,mcs10_m2Dr4_s80.B01,dal_dal,52,67,6386529019,1000.01,1,870624815,129.406,4320365701,4320365701,0
mcs10_m2Dr4_s80.A02,mcs10_m2Dr4_s80.B02,dal_dal,52,81,6925551660,1000.01,1,1303778110,175.325,4552604167,4552604167,0
mcs10_m2Dr4_s80.A03,mcs10_m2Dr4_s80.B03,dal_dal,52,77,6175803910,1000.02,1,916176707,141.651,4040922151,4040922151,0
mcs10_m2Dr4_s80.A04,mcs10_m2Dr4_s80.B04,dal_dal,51,77,11518534097,1000.01,1,5030465145,344.311,9685906999,9685906999,0
mcs10_m2Dr4_s80.A05,mcs10_m2Dr4_s80.B05,dal_dal,50,79,6630029235,1000.01,1,20371118,2.79058,4409774360,4409774360,0
mcs10_m2Dr4_s80.A06,mcs10_m2Dr4_s80.B06,dal_dal,48,71,6596308456,1000.01,1,178206844,27.2312,4421830463,4421830463,0
mcs10_m2Dr4_s80.A07,mcs10_m2Dr4_s80.B07,dal_dal,50,78,6570819608,1000.01,1,1154806712,151.167,4403764314,4403764314,0
mcs10_m2Dr4_s80.A08,mcs10_m2Dr4_s80.B08,dal_dal,50,79,8847923687,1000.02,1,5690315517,535.501,6799912815,6799912815,0
mcs10_m2Dr4_s80.A09,mcs10_m2Dr4_s80.B09,dal_dal,52,78,6306472184,1000.02,1,3428968734,524.814,3969235893,3969235893,0
mcs10_m2Dr4_s90.A00,mcs10_m2Dr4_s90.B00,dal_dal,52,73,19669760349,1000.01,1,73974806,3.75364,16407342637,16407342637,0
mcs10_m2Dr4_s90.A01,mcs10_m2Dr4_s90.B01,dal_dal,55,80,14193264166,1000.01,1,13224439942,853.168,11286453419,11286453419,0
mcs10_m2Dr4_s90.A02,mcs10_m2Dr4_s90.B02,dal_dal,55,75,6438775763,1000.02,1,4628993975,707.977,4219266275,4219266275,0
mcs10_m2Dr4_s90.A03,mcs10_m2Dr4_s90.B03,dal_dal,54,84,2984254213,1000.02,1,638030465,208.859,2143421915,2143421915,0
mcs10_m2Dr4_s90.A04,mcs10_m2Dr4_s90.B04,dal_dal,53,81,13401868100,1000.02,1,13324975098,994.242,11386644436,11386644436,0
mcs10_m2Dr4_s90.A05,mcs10_m2Dr4_s90.B05,dal_dal,54,87,6936438080,1000.01,1,6136642325,877.93,4563556099,4563556099,0
mcs10_m2Dr4_s90.A06,mcs10_m2Dr4_s90.B06,dal_dal,57,79,6576599310,1000.01,1,442393633,63.131,4382434276,4382434276,0
mcs10_m2Dr4_s90.A07,mcs10_m2Dr4_s90.B07,dal_dal,53,74,12234395131,1000.02,1,287680,0.0260277,10656140785,10656140785,0
mcs10_m2Dr4_s90.A08,mcs10_m2Dr4_s90.B08,dal_dal,57,86,6458745600,1000.01,1,2589628992,390.058,4157636771,4157636771,0
mcs10_m2Dr4_s90.A09,mcs10_m2Dr4_s90.B09,dal_dal,54,64,6888999321,1000.02,1,3306041031,475.861,4665191605,4665191605,0
mcs10_m2Dr6_s100.A00,mcs10_m2Dr6_s100.B00,dal_dal,56,75,6166717796,1000.01,1,156595790,24.2474,4066211766,4066211766,0
mcs10_m2Dr6_s100.A01,mcs10_m2Dr6_s100.B01,dal_dal,60,90,6128496663,1000.02,1,1059550457,154.355,3818707240,3818707240,0
mcs10_m2Dr6_s100.A02,mcs10_m2Dr6_s100.B02,dal_dal,57,75,6151090907,1000.02,1,2974782399,468.523,3963121610,3963121610,0
mcs10_m2Dr6_s100.A03,mcs10_m2Dr6_s100.B03,dal_dal,58,84,5614824015,1000.01,1,138347944,16.4621,3601886301,3601886301,0
mcs10_m2Dr6_s100.A04,mcs10_m2Dr6_s100.B04,dal_dal,59,87,6447802470,1000.02,1,1159185649,171.775,4178295756,4178295756,0
mcs10_m2Dr6_s100.A05,mcs10_m2Dr6_s100.B05,dal_dal,59,103,6198492364,1000.01,1,4818647152,771.85,4257622510,4257622510,0
mcs10_m2Dr6_s100.A06,mcs10_m2Dr6_s100.B06,dal_dal,61,93,5904992078,1000.02,1,969501804,170.192,3655904360,3655904360,0
mcs10_m2Dr6_s100.A07,mcs10_m2Dr6_s100.B07,dal_dal,59,86,6500628452,1000.02,1,5323682495,813.083,4395844324,4395844324,0
mcs10_m2Dr6_s100.A08,mcs10_m2Dr6_s100.B08,dal_dal,59,75,6208241605,1000.01,1,222313496,34.2419,3833091825,3833091825,0
mcs10_m2Dr6_s100.A09,mcs10_m2Dr6_s100.B09,dal_dal,60,94,6569500383,1000.02,1,1119374604,143.982,4343704535,4343704535,0
mcs10_m2Dr6_s40.A00,mcs10_m2Dr6_s40.B00,dal_dal,27,43,2874884411,437.517,0,1433541834,212.155,1925053978,1925053978,0
mcs10_m2Dr6_s40.A01,mcs10_m2Dr6_s40.B01,dal_dal,27,32,2840993240,444.184,0,405682611,60.6301,1901639810,1901639810,0
mcs10_m2Dr6_s40.A02,mcs10_m2Dr6_s40.B02,dal_dal,26,36,7168767094,1000.02,1,23656062,3.1874,4958140127,4958140127,0
mcs10_m2Dr6_s40.A03,mcs10_m2Dr6_s40.B03,dal_dal,27,44,2211566420,348.386,0,226853524,34.2433,1465453951,1465453951,0
mcs10_m2Dr6_s40.A04,mcs10_m2Dr6_s40.B04,dal_dal,27,37,2031735914,322.65,0,401925289,62.1898,1357010698,1357010698,0
mcs10_m2Dr6_s40.A05,mcs10_m2Dr6_s40.B05,dal_dal,27,36,1501964635,236.597,0,178100704,26.7655,1000691793,1000691793,0
mcs10_m2Dr6_s40.A06,mcs10_m2Dr6_s40.B06,dal_dal,27,43,1042043486,161.784,0,87030091,12.8467,701402298,701402298,0
mcs10_m2Dr6_s40.A07,mcs10_m2Dr6_s40.B07,dal_dal,28,47,735708880,115.71,0,250138024,37.655,494091604,494091604,0
mcs10_m2Dr6_s40.A08,mcs10_m2Dr6_s40.B08,dal_dal,26,40,6650454335,1000.01,1,101755603,14.7457,4381581151,4381581151,0
mcs10_m2Dr6_s40.A09,mcs10_m2Dr6_s40.B09,dal_dal,27,40,2582698342,400.081,0,265921756,38.8568,1726490997,1726490997,0
mcs10_m2Dr6_s50.A00,mcs10_m2Dr6_s50.B00,dal_dal,33,56,6650646599,1000.02,1,5744673117,858.437,4492450751,4492450751,0
mcs10_m2Dr6_s50.A01,mcs10_m2Dr6_s50.B01,dal_dal,34,51,6161957719,1000.01,1,1000587068,154.978,4127229405,4127229405,0
mcs10_m2Dr6_s50.A02,mcs10_m2Dr6_s50.B02,dal_dal,33,51,6307018692,1000.02,1,3653785126,562.43,4290565512,4290565512,0
mcs10_m2Dr6_s50.A03,mcs10_m2Dr6_s50.B03,dal_dal,34,52,6249582050,1000.02,1,103843501,14.8561,4225569928,4225569928,0
mcs10_m2Dr6_s50.A04,mcs10_m2Dr6_s50.B04,dal_dal,34,53,6115991593,1000.02,1,1984353191,304.847,4177405866,4177405866,0
mcs10_m2Dr6_s50.A05,mcs10_m2Dr6_s50.B05,dal_dal,33,53,6352473919,1000.02,1,773464738,119.26,4125845718,4125845718,0
mcs10_m2Dr6_s50.A06,mcs10_m2Dr6_s50.B06,dal_dal,34,53,6611148207,1000.01,1,5807272694,872.502,4603655110,4603655110,0
mcs10_m2Dr6_s50.A07,mcs10_m2Dr6_s50.B07,dal_dal,33,48,6353091258,1000.02,1,143608275,21.2834,4286210195,4286210195,0
mcs10_m2Dr6_s50.A08,mcs10_m2Dr6_s50.B08,dal_dal,34,55,6285285175,1000.01,1,1772464377,270.096,4291548391,4291548391,0
mcs10_m2Dr6_s50.A09,mcs10_m2Dr6_s50.B09,dal_dal,33,47,6391943550,1000.02,1,4194632639,638.518,4181037051,4181037051,0
mcs10_m2Dr6_s60.A00,mcs10_m2Dr6_s60.B00,dal_dal,38,59,6169224276,1000.02,1,21457858,3.16741,4154622910,4154622910,0
mcs10_m2Dr6_s60.A01,mcs10_m2Dr6_s60.B01,dal_dal,38,62,6232797146,1000,1,559684118,83.4125,4235251846,4235251846,0
mcs10_m2Dr6_s60.A02,mcs10_m2Dr6_s60.B02,dal_dal,38,49,6130350611,1000,1,6609570,1.02219,4155189392,4155189392,0
mcs10_m2Dr6_s60.A03,mcs10_m2Dr6_s60.B03,dal_dal,38,53,6534893330,1000.02,1,804375432,114.954,4481824335,4481824335,0
mcs10_m2Dr6_s60.A04,mcs10_m2Dr6_s60.B04,dal_dal,39,65,6326929413,1000.02,1,399132737,55.7046,4227818613,4227818613,0
mcs10_m2Dr6_s60.A05,mcs10_m2Dr6_s60.B05,dal_dal,38,55,6711790645,1000.02,1,3820486169,559.508,4399772811,4399772811,0
mcs10_m2Dr6_s60.A06,mcs10_m2Dr6_s60.B06,dal_dal,38,56,6715772146,1000.02,1,309823185,45.2268,4508028059,4508028059,0
mcs10_m2Dr6_s60.A07,mcs10_m2Dr6_s60.B07,dal_dal,38,58,6413268277,1000.02,1,964712743,145.688,4104679695,4104679695,0
mcs10_m2Dr6_s60.A08,mcs10_m2Dr6_s60.B08,dal_dal,39,65,6554496141,1000.01,1,746907687,104.758,4560386970,4560386970,0
mcs10_m2Dr6_s60.A09,mcs10_m2Dr6_s60.B09,dal_dal,38,62,6646602398,1000.02,1,3103565595,456.713,4482899846,4482899846,0
mcs10_m2Dr6_s70.A00,mcs10_m2Dr6_s70.B00,dal_dal,44,64,6550688952,1000.02,1,516715571,72.9032,4425986945,4425986945,0
mcs10_m2Dr6_s70.A01,mcs10_m2Dr6_s70.B01,dal_dal,44,70,6502636497,1000.01,1,426429645,63.9375,4503735944,4503735944,0
mcs10_m2Dr6_s70.A02,mcs10_m2Dr6_s70.B02,dal_dal,45,75,5484692157,1000.01,1,2473819687,440.325,3507173692,3507173692,0
mcs10_m2Dr6_s70.A03,mcs10_m2Dr6_s70.B03,dal_dal,44,69,5813680914,1000.02,1,633483954,109.155,4003924786,4003924786,0
mcs10_m2Dr6_s70.A04,mcs10_m2Dr6_s70.B04,dal_dal,44,54,6051468272,1000.02,1,5244167442,870.112,4304261178,4304261178,0
mcs10_m2Dr6_s70.A05,mcs10_m2Dr6_s70.B05,dal_dal,42,61,6122973777,1000.01,1,605365608,103.709,4209527275,4209527275,0
mcs10_m2Dr6_s70.A06,mcs10_m2Dr6_s70.B06,dal_dal,44,67,6295108369,1000.02,1,229553247,32.2516,4114319830,4114319830,0
mcs10_m2Dr6_s70.A07,mcs10_m2Dr6_s70.B07,dal_dal,45,78,6378831450,1000.02,1,247725852,35.9714,4437743307,4437743307,0
mcs10_m2Dr6_s70.A08,mcs10_m2Dr6_s70.B08,dal_dal,43,62,6548484014,1000.02,1,166491948,25.1536,4445623654,4445623654,0
mcs10_m2Dr6_s70.A09,mcs10_m2Dr6_s70.B09,dal_dal,44,71,6831782926,1000.01,1,852242090,109.438,4612120928,4612120928,0
mcs10_m2Dr6_s80.A00,mcs10_m2Dr6_s80.B00,dal_dal,48,77,6727120467,1000.02,1,673619818,100.826,4322153076,4322153076,0
mcs10_m2Dr6_s80.A01,mcs10_m2Dr6_s80.B01,dal_dal,50,74,6233197792,1000.02,1,992511935,152.787,4087110981,4087110981,0
mcs10_m2Dr6_s80.A02,mcs10_m2Dr6_s80.B02,dal_dal,49,76,6538319295,1000.01,1,3135102965,445.904,4552184351,4552184351,0
mcs10_m2Dr6_s80.A03,mcs10_m2Dr6_s80.B03,dal_dal,48,77,6833045326,1000.02,1,180265184,24.2,4619935018,4619935018,0
mcs10_m2Dr6_s80.A04,mcs10_m2Dr6_s80.B04,dal_dal,49,83,6345408781,1000.02,1,630116079,89.1945,4296774924,4296774924,0
mcs10_m2Dr6_s80.A05,mcs10_m2Dr6_s80.B05,dal_dal,49,75,6585583093,1000.01,1,4202085911,624.095,4503638224,4503638224,0
mcs10_m2Dr6_s80.A06,mcs10_m2Dr6_s80.B06,dal_dal,50,70,6528257210,1000.02,1,1833600095,259.072,4390531651,4390531651,0
mcs10_m2Dr6_s80.A07,mcs10_m2Dr6_s80.B07,dal_dal,51,78,6729081667,1000.02,1,1040923367,98.1087,4817529185,4817529185,0
mcs10_m2Dr6_s80.A08,mcs10_m2Dr6_s80.B08,dal_dal,47,68,3284439622,1000.02,1,117312088,33.4108,2144465406,2144465406,0
mcs10_m2Dr6_s80.A09,mcs10_m2Dr6_s80.B09,dal_dal,48,61,3201449037,1000.02,1,47813801,13.5409,2275195160,2275195160,0
mcs10_m2Dr6_s90.A00,mcs10_m2Dr6_s90.B00,dal_dal,54,90,9688954728,1000.02,1,9100604364,900.377,7226805799,7226805799,0
mcs10_m2Dr6_s90.A01,mcs10_m2Dr6_s90.B01,dal_dal,54,75,3183738013,1000.02,1,17019061,4.36114,2157695871,2157695871,0
mcs10_m2Dr6_s90.A02,mcs10_m2Dr6_s90.B02,dal_dal,56,86,6840535955,1000.02,1,6767374047,988.712,4919609626,4919609626,0
mcs10_m2Dr6_s90.A03,mcs10_m2Dr6_s90.B03,dal_dal,55,81,3191440219,1000.02,1,55726751,16.9011,2240646159,2240646159,0
mcs10_m2Dr6_s90.A04,mcs10_m2Dr6_s90.B04,dal_dal,58,103,5889986567,1000.02,1,2187118049,352.858,3718419812,3718419812,0
mcs10_m2Dr6_s90.A05,mcs10_m2Dr6_s90.B05,dal_dal,56,84,6300989000,1000.01,1,625684928,95.9964,4410719291,4410719291,0
mcs10_m2Dr6_s90.A06,mcs10_m2Dr6_s90.B06,dal_dal,53,81,6762332506,1000.02,1,3023338216,438.213,4388589361,4388589361,0
mcs10_m2Dr6_s90.A07,mcs10_m2Dr6_s90.B07,dal_dal,53,87,6424124433,1000.02,1,878105773,125.305,4275702139,4275702139,0
mcs10_m2Dr6_s90.A08,mcs10_m2Dr6_s90.B08,dal_dal,54,90,7503847076,1000.02,1,7069067083,926.974,5436460093,5436460093,0
mcs10_m2Dr6_s90.A09,mcs10_m2Dr6_s90.B09,dal_dal,56,84,6352366868,1000.02,1,5032176,0.668802,4434868780,4434868780,0
mcs10_m3D_s100.A00,mcs10_m3D_s100.B00,dal_dal,61,86,6790138917,1000.02,1,4658804313,663.038,4661895687,4661895687,0
mcs10_m3D_s100.A01,mcs10_m3D_s100.B01,dal_dal,50,62,10734583590,1000.01,1,3404778998,304.919,9131772649,9131772649,0
mcs10_m3D_s100.A02,mcs10_m3D_s100.B02,dal_dal,60,92,6352874568,1000.02,1,1254461827,191.028,4118379026,4118379026,0
mcs10_m3D_s100.A03,mcs10_m3D_s100.B03,dal_dal,59,92,6235707617,1000.01,1,94529185,11.4132,3931450168,3931450168,0
mcs10_m3D_s100.A04,mcs10_m3D_s100.B04,dal_dal,61,92,6907456743,1000.01,1,5426822187,776.388,4830997745,4830997745,0
mcs10_m3D_s100.A05,mcs10_m3D_s100.B05,dal_dal,59,70,7109039300,1000.02,1,2914611766,386.913,4672148290,4672148290,0
mcs10_m3D_s100.A06,mcs10_m3D_s100.B06,dal_dal,54,72,10633552914,1000.01,1,4380934592,352.534,8897501719,8897501719,0
mcs10_m3D_s100.A07,mcs10_m3D_s100.B07,dal_dal,60,86,6916358035,1000.02,1,5553662944,796.759,4483412437,4483412437,0
mcs10_m3D_s100.A08,mcs10_m3D_s100.B08,dal_dal,62,83,6230688909,1000.02,1,1699221976,218.262,4015718116,4015718116,0
mcs10_m3D_s100.A09,mcs10_m3D_s100.B09,dal_dal,63,100,6345137035,1000.02,1,5142989773,798.064,4037874188,4037874188,0
mcs10_m3D_s60.A00,mcs10_m3D_s60.B00,dal_dal,39,59,6226423291,1000.02,1,464316386,69.5473,4174019293,4174019293,0
mcs10_m3D_s60.A01,mcs10_m3D_s60.B01,dal_dal,40,60,6842706407,1000.02,1,3718752923,537.916,4591842684,4591842684,0
mcs10_m3D_s60.A02,mcs10_m3D_s60.B02,dal_dal,38,54,7233543740,1000.02,1,1724253703,146.063,5049951664,5049951664,0
mcs10_m3D_s60.A03,mcs10_m3D_s60.B03,dal_dal,38,51,6603435505,1000.02,1,6340804479,960.166,4428498795,4428498795,0
mcs10_m3D_s60.A04,mcs10_m3D_s60.B04,dal_dal,40,57,6310582956,1000.01,1,2233619893,352.824,4220140778,4220140778,0
mcs10_m3D_s60.A05,mcs10_m3D_s60.B05,dal_dal,39,54,6677488727,1000.01,1,3174919976,456.348,4495114036,4495114036,0
mcs10_m3D_s60.A06,mcs10_m3D_s60.B06,dal_dal,40,63,6712972143,1000.01,1,1911546687,275.78,4596507319,4596507319,0
mcs10_m3D_s60.A07,mcs10_m3D_s60.B07,dal_dal,38,65,6694984699,1000.01,1,19486416,2.68245,4509820491,4509820491,0
mcs10_m3D_s60.A08,mcs10_m3D_s60.B08,dal_dal,37,50,6701602128,1000.01,1,13488837,1.89154,4551362426,4551362426,0
mcs10_m3D_s60.A09,mcs10_m3D_s60.B09,dal_dal,40,63,6744519102,1000.02,1,4556997849,659.568,4594329174,4594329174,0
mcs10_m3D_s70.A00,mcs10_m3D_s70.B00,dal_dal,45,59,6125525561,1000.02,1,3176018871,509.464,3981079151,3981079151,0
mcs10_m3D_s70.A01,mcs10_m3D_s70.B01,dal_dal,43,62,6997756946,1000.02,1,36984058,4.63702,4841555000,4841555000,0
mcs10_m3D_s70.A02,mcs10_m3D_s70.B02,dal_dal,45,63,6539766392,1000.02,1,3938920111,586.946,4568190632,4568190632,0
mcs10_m3D_s70.A03,mcs10_m3D_s70.B03,dal_dal,45,70,6476859413,1000.02,1,4673730931,708.959,4289096207,4289096207,0
mcs10_m3D_s70.A04,mcs10_m3D_s70.B04,dal_dal,44,61,6451976477,1000.02,1,305856230,46.2907,4344346851,4344346851,0
mcs10_m3D_s70.A05,mcs10_m3D_s70.B05,dal_dal,44,59,6678447184,1000.02,1,2081589472,287.792,4458696520,4458696520,0
mcs10_m3D_s70.A06,mcs10_m3D_s70.B06,dal_dal,43,54,6475114508,1000,1,916630563,132.911,4323988754,4323988754,0
mcs10_m3D_s70.A07,mcs10_m3D_s70.B07,dal_dal,43,59,7047421772,1000.02,1,3103686702,428.663,4908783022,4908783022,0
mcs10_m3D_s70.A08,mcs10_m3D_s70.B08,dal_dal,44,58,6509133420,1000.02,1,5667725985,856.808,4162831122,4162831122,0
mcs10_m3D_s70.A09,mcs10_m3D_s70.B09,dal_dal,44,69,6467492187,1000.01,1,52161935,7.66037,4528691006,4528691006,0
mcs10_m3D_s80.A00,mcs10_m3D_s80.B00,dal_dal,47,64,6899234476,1000.01,1,43619092,5.25068,4449635238,4449635238,0
mcs10_m3D_s80.A01,mcs10_m3D_s80.B01,dal_dal,50,89,6721691319,1000.01,1,6487918742,964.567,4365963989,4365963989,0
mcs10_m3D_s80.A02,mcs10_m3D_s80.B02,dal_dal,51,76,6651871130,1000.02,1,3852756021,564.614,4598177070,4598177070,0
mcs10_m3D_s80.A03,mcs10_m3D_s80.B03,dal_dal,48,79,6228128038,1000.01,1,5031884084,799.519,4160625812,4160625812,0
mcs10_m3D_s80.A04,mcs10_m3D_s80.B04,dal_dal,50,67,6020877593,1000.02,1,3057258454,496.029,3803401576,3803401576,0
mcs10_m3D_s80.A05,mcs10_m3D_s80.B05,dal_dal,52,74,6297619008,1000.02,1,512969980,73.4512,4218625467,4218625467,0
mcs10_m3D_s80.A06,mcs10_m3D_s80.B06,dal_dal,50,75,6640160396,1000.01,1,16116185,2.36767,4602954040,4602954040,0
mcs10_m3D_s80.A07,mcs10_m3D_s80.B07,dal_dal,50,83,6398417357,1000.02,1,13797649,2.07118,4152712558,4152712558,0
mcs10_m3D_s80.A08,mcs10_m3D_s80.B08,dal_dal,49,70,7026322703,1000.02,1,162995475,21.0002,4802964852,4802964852,0
mcs10_m3D_s80.A09,mcs10_m3D_s80.B09,dal_dal,51,80,8592337856,1000.02,1,2985592603,148.145,6075556949,6075556949,0
mcs10_m3D_s90.A00,mcs10_m3D_s90.B00,dal_dal,55,83,6870624870,1000.02,1,5010451679,710.048,5098571595,5098571595,0
mcs10_m3D_s90.A01,mcs10_m3D_s90.B01,dal_dal,53,70,6854332308,1000.02,1,36701412,3.8705,4883131388,4883131388,0
mcs10_m3D_s90.A02,mcs10_m3D_s90.B02,dal_dal,56,88,6262379320,1000.02,1,5888482926,938.41,4163938168,4163938168,0
mcs10_m3D_s90.A03,mcs10_m3D_s90.B03,dal_dal,57,80,6066813816,1000.02,1,2389078338,385.908,4048931112,4048931112,0
mcs10_m3D_s90.A04,mcs10_m3D_s90.B04,dal_dal,55,73,6459609865,1000.02,1,1832970374,271.462,4283695247,4283695247,0
mcs10_m3D_s90.A05,mcs10_m3D_s90.B05,dal_dal,54,81,8220431039,1000.02,1,8042089981,973.746,6468180072,6468180072,0
mcs10_m3D_s90.A06,mcs10_m3D_s90.B06,dal_dal,55,86,6284186003,1000.01,1,143057933,16.5323,4016559446,4016559446,0
mcs10_m3D_s90.A07,mcs10_m3D_s90.B07,dal_dal,53,75,6900318832,1000.02,1,552942947,71.1857,4609058372,4609058372,0
mcs10_m3D_s90.A08,mcs10_m3D_s90.B08,dal_dal,53,91,7034197491,1000.01,1,331820392,44.8741,4467996314,4467996314,0
mcs10_m3D_s90.A09,mcs10_m3D_s90.B09,dal_dal,56,78,6430272181,1000.01,1,1362056336,217.864,4212243492,4212243492,0
mcs10_m3Dr2_s100.A00,mcs10_m3Dr2_s100.B00,dal_dal,59,93,5701376163,1000.01,1,819684342,137.942,3531833842,3531833842,0
mcs10_m3Dr2_s100.A01,mcs10_m3Dr2_s100.B01,dal_dal,56,92,6269448313,1000.01,1,1702566783,269.722,3902360849,3902360849,0
mcs10_m3Dr2_s100.A02,mcs10_m3Dr2_s100.B02,dal_dal,58,97,6395975704,1000.02,1,2635081655,386.495,4509513507,4509513507,0
mcs10_m3Dr2_s100.A03,mcs10_m3Dr2_s100.B03,dal_dal,55,69,6455016150,1000.02,1,3295085227,499.206,4108349893,4108349893,0
mcs10_m3Dr2_s100.A04,mcs10_m3Dr2_s100.B04,dal_dal,57,71,8112533554,1000.02,1,3815885908,339.139,5964878926,5964878926,0
mcs10_m3Dr2_s100.A05,mcs10_m3Dr2_s100.B05,dal_dal,56,80,7123190029,1000.02,1,239100340,32.8515,4533901567,4533901567,0
mcs10_m3Dr2_s100.A06,mcs10_m3Dr2_s100.B06,dal_dal,59,89,6065788387,1000.01,1,532125369,81.9819,3746436901,3746436901,0
mcs10_m3Dr2_s100.A07,mcs10_m3Dr2_s100.B07,dal_dal,57,87,3084849393,1000.01,1,975464727,296.352,1980706393,1980706393,0
mcs10_m3Dr2_s100.A08,mcs10_m3Dr2_s100.B08,dal_dal,55,78,6002583812,1000.01,1,13118976,2.17678,3746447423,3746447423,0
mcs10_m3Dr2_s100.A09,mcs10_m3Dr2_s100.B09,dal_dal,58,83,5945148854,1000.01,1,2149841926,348.186,3788176538,3788176538,0
mcs10_m3Dr2_s60.A00,mcs10_m3Dr2_s60.B00,dal_dal,36,54,7067636226,1000.02,1,68792552,9.29365,4786665127,4786665127,0
mcs10_m3Dr2_s60.A01,mcs10_m3Dr2_s60.B01,dal_dal,38,65,6405302052,1000.02,1,326534915,46.9729,4259859293,4259859293,0
mcs10_m3Dr2_s60.A02,mcs10_m3Dr2_s60.B02,dal_dal,39,56,6469036192,1000.02,1,446066498,46.476,4483959305,4483959305,0
mcs10_m3Dr2_s60.A03,mcs10_m3Dr2_s60.B03,dal_dal,37,47,6616930053,1000.02,1,2940243505,438.834,4348491471,4348491471,0
mcs10_m3Dr2_s60.A04,mcs10_m3Dr2_s60.B04,dal_dal,37,55,6410168413,1000.02,1,39249619,5.8491,4233934783,4233934783,0
mcs10_m3Dr2_s60.A05,mcs10_m3Dr2_s60.B05,dal_dal,38,65,6299146905,1000.02,1,208615750,31.544,4226151497,4226151497,0
mcs10_m3Dr2_s60.A06,mcs10_m3Dr2_s60.B06,dal_dal,38,60,5937600768,1000.02,1,1458350808,238.289,3967974474,3967974474,0
mcs10_m3Dr2_s60.A07,mcs10_m3Dr2_s60.B07,dal_dal,37,52,6106966515,1000.01,1,244195828,38.4377,4114107378,4114107378,0
mcs10_m3Dr2_s60.A08,mcs10_m3Dr2_s60.B08,dal_dal,38,61,5482627494,1000.02,1,138713626,23.3719,3596656027,3596656027,0
mcs10_m3Dr2_s60.A09,mcs10_m3Dr2_s60.B09,dal_dal,38,53,5910225576,1000.01,1,2437753085,418.196,3924032564,3924032564,0
mcs10_m3Dr2_s70.A00,mcs10_m3Dr2_s70.B00,dal_dal,42,62,6496554075,1000.02,1,60226364,7.3271,4337378945,4337378945,0
mcs10_m3Dr2_s70.A01,mcs10_m3Dr2_s70.B01,dal_dal,43,75,6233699855,1000.02,1,5967917268,955.232,4031443265,4031443265,0
mcs10_m3Dr2_s70.A02,mcs10_m3Dr2_s70.B02,dal_dal,42,65,6546783000,1000,1,263823965,40.2969,4279043615,4279043615,0
mcs10_m3Dr2_s70.A03,mcs10_m3Dr2_s70.B03,dal_dal,42,59,6486017516,1000.02,1,17256361,2.46237,4172667589,4172667589,0
mcs10_m3Dr2_s70.A04,mcs10_m3Dr2_s70.B04,dal_dal,42,65,6414358061,1000.02,1,4196626200,650.586,4190260635,4190260635,0
mcs10_m3Dr2_s70.A05,mcs10_m3Dr2_s70.B05,dal_dal,42,61,5951465839,1000.02,1,1390852971,225.312,3791001368,3791001368,0
mcs10_m3Dr2_s70.A06,mcs10_m3Dr2_s70.B06,dal_dal,42,67,6319237433,1000.02,1,41143693,5.56753,4388821390,4388821390,0
mcs10_m3Dr2_s70.A07,mcs10_m3Dr2_s70.B07,dal_dal,43,64,6095823707,1000.02,1,774435967,118.739,4114712225,4114712225,0
mcs10_m3Dr2_s70.A08,mcs10_m3Dr2_s70.B08,dal_dal,42,66,6305714168,1000.02,1,579579930,89.4615,4206827368,4206827368,0
mcs10_m3Dr2_s70.A09,mcs10_m3Dr2_s70.B09,dal_dal,42,62,5934451569,1000.02,1,2241147,0.34659,3821721156,3821721156,0
mcs10_m3Dr2_s80.A00,mcs10_m3Dr2_s80.B00,dal_dal,47,75,6726135217,1000.02,1,6562635935,975.184,4351369362,4351369362,0
mcs10_m3Dr2_s80.A01,mcs10_m3Dr2_s80.B01,dal_dal,48,75,6228750352,1000.02,1,920325618,113.991,3967699512,3967699512,0
mcs10_m3Dr2_s80.A02,mcs10_m3Dr2_s80.B02,dal_dal,48,64,6641939592,1000.02,1,1792353961,276.256,4860178590,4860178590,0
mcs10_m3Dr2_s80.A03,mcs10_m3Dr2_s80.B03,dal_dal,47,66,6657445830,1000.02,1,81643973,11.5738,4521270907,4521270907,0
mcs10_m3Dr2_s80.A04,mcs10_m3Dr2_s80.B04,dal_dal,47,67,6158401762,1000.02,1,123090844,18.2682,3930676737,3930676737,0
mcs10_m3Dr2_s80.A05,mcs10_m3Dr2_s80.B05,dal_dal,47,81,5961219320,1000.02,1,407853567,63.1549,3807050959,3807050959,0
mcs10_m3Dr2_s80.A06,mcs10_m3Dr2_s80.B06,dal_dal,48,70,6495036438,1000.02,1,3873866398,597.867,4415663900,4415663900,0
mcs10_m3Dr2_s80.A07,mcs10_m3Dr2_s80.B07,dal_dal,49,67,6523858269,1000.02,1,2298848824,331.799,4378377462,4378377462,0
mcs10_m3Dr2_s80.A08,mcs10_m3Dr2_s80.B08,dal_dal,49,78,6344944776,1000.02,1,5093746210,804.774,4188700769,4188700769,0
mcs10_m3Dr2_s80.A09,mcs10_m3Dr2_s80.B09,dal_dal,48,72,5968102436,1000.02,1,2632488664,442.49,3841385485,3841385485,0
mcs10_m3Dr2_s90.A00,mcs10_m3Dr2_s90.B00,dal_dal,51,86,6500326400,1000.02,1,2541534312,385.189,4124533172,4124533172,0
mcs10_m3Dr2_s90.A01,mcs10_m3Dr2_s90.B01,dal_dal,51,64,6732871337,1000.02,1,20743383,3.0731,4327484211,4327484211,0
mcs10_m3Dr2_s90.A02,mcs10_m3Dr2_s90.B02,dal_dal,53,77,6087313241,1000.02,1,5332610676,868.566,3813472533,3813472533,0
mcs10_m3Dr2_s90.A03,mcs10_m3Dr2_s90.B03,dal_dal,51,86,9002750019,1000.02,1,3884643319,248.779,6779991664,6779991664,0
mcs10_m3Dr2_s90.A04,mcs10_m3Dr2_s90.B04,dal_dal,52,78,6678822946,1000.02,1,5319828308,783.479,4515673112,4515673112,0
mcs10_m3Dr2_s90.A05,mcs10_m3Dr2_s90.B05,dal_dal,52,70,6709521062,1000.02,1,3666367646,528.397,4418404568,4418404568,0
mcs10_m3Dr2_s90.A06,mcs10_m3Dr2_s90.B06,dal_dal,47,74,11031633894,1000.02,1,551735029,42.8969,9738235656,9738235656,0
mcs10_m3Dr2_s90.A07,mcs10_m3Dr2_s90.B07,dal_dal,52,85,6919607162,1000.02,1,357768268,46.0434,4417080300,4417080300,0
mcs10_m3Dr2_s90.A08,mcs10_m3Dr2_s90.B08,dal_dal,53,81,5656419338,1000.02,1,1650361792,264.448,3589582061,3589582061,0
mcs10_m3Dr2_s90.A09,mcs10_m3Dr2_s90.B09,dal_dal,54,79,5767306829,1000.02,1,2107639570,354.469,3662043281,3662043281,0
mcs10_m3Dr4_s100.A00,mcs10_m3Dr4_s100.B00,dal_dal,58,111,5595314362,1000.02,1,2582138948,441.931,3705354315,3705354315,0
mcs10_m3Dr4_s100.A01,mcs10_m3Dr4_s100.B01,dal_dal,55,95,5377544498,1000.02,1,2443849592,430.393,3335513631,3335513631,0
mcs10_m3Dr4_s100.A02,mcs10_m3Dr4_s100.B02,dal_dal,57,93,6267801468,1000.02,1,805832298,125.158,4332228118,4332228118,0
mcs10_m3Dr4_s100.A03,mcs10_m3Dr4_s100.B03,dal_dal,54,93,5858909013,1000.02,1,5575097,0.716339,3720064836,3720064836,0
mcs10_m3Dr4_s100.A04,mcs10_m3Dr4_s100.B04,dal_dal,56,78,6030294354,1000.02,1,375211195,57.3168,3725663134,3725663134,0
mcs10_m3Dr4_s100.A05,mcs10_m3Dr4_s100.B05,dal_dal,56,92,6508262243,1000.02,1,38609135,5.48211,4407034857,4407034857,0
mcs10_m3Dr4_s100.A06,mcs10_m3Dr4_s100.B06,dal_dal,55,89,6075177165,1000,1,225871485,34.3096,3769139846,3769139846,0
mcs10_m3Dr4_s100.A07,mcs10_m3Dr4_s100.B07,dal_dal,56,79,6087409283,1000.02,1,1514238522,243.115,4005465514,4005465514,0
mcs10_m3Dr4_s100.A08,mcs10_m3Dr4_s100.B08,dal_dal,59,97,6255607408,1000.02,1,1834900294,286.272,3917218605,3917218605,0
mcs10_m3Dr4_s100.A09,mcs10_m3Dr4_s100.B09,dal_dal,58,93,5744870751,1000.01,1,600791625,97.3508,3624517677,3624517677,0
mcs10_m3Dr4_s60.A00,mcs10_m3Dr4_s60.B00,dal_dal,36,58,6339608050,1000.02,1,284923218,42.1701,4114047212,4114047212,0
mcs10_m3Dr4_s60.A01,mcs10_m3Dr4_s60.B01,dal_dal,35,54,6309722749,1000.02,1,509808262,75.2415,4251198939,4251198939,0
mcs10_m3Dr4_s60.A02,mcs10_m3Dr4_s60.B02,dal_dal,36,63,6266291512,1000.02,1,94372373,14.6366,4173747665,4173747665,0
mcs10_m3Dr4_s60.A03,mcs10_m3Dr4_s60.B03,dal_dal,37,63,6208900665,1000.01,1,535364432,83.8295,4176441742,4176441742,0
mcs10_m3Dr4_s60.A04,mcs10_m3Dr4_s60.B04,dal_dal,37,57,3103325105,1000.01,1,2586816129,828.591,2016156054,2016156054,0
mcs10_m3Dr4_s60.A05,mcs10_m3Dr4_s60.B05,dal_dal,36,54,3189388899,1000.01,1,690299917,205.41,2047992553,2047992553,0
mcs10_m3Dr4_s60.A06,mcs10_m3Dr4_s60.B06,dal_dal,37,67,6328587328,1000.02,1,569181762,85.6858,4368018111,4368018111,0
mcs10_m3Dr4_s60.A07,mcs10_m3Dr4_s60.B07,dal_dal,37,68,3134498318,1000.01,1,358093281,111.28,2061440217,2061440217,0
mcs10_m3Dr4_s60.A08,mcs10_m3Dr4_s60.B08,dal_dal,36,63,6153054587,1000.01,1,361071208,57.2742,3956908652,3956908652,0
mcs10_m3Dr4_s60.A09,mcs10_m3Dr4_s60.B09,dal_dal,36,64,3278967297,1000.02,1,1048452892,310.522,2236893718,2236893718,0
mcs10_m3Dr4_s70.A00,mcs10_m3Dr4_s70.B00,dal_dal,43,74,5509598692,1000.02,1,4344118275,785.322,3531285300,3531285300,0
mcs10_m3Dr4_s70.A01,mcs10_m3Dr4_s70.B01,dal_dal,42,51,5565594886,1000.02,1,182202695,31.9647,3622369922,3622369922,0
mcs10_m3Dr4_s70.A02,mcs10_m3Dr4_s70.B02,dal_dal,41,55,6332358972,1000.02,1,1304778799,206.041,4176751645,4176751645,0
mcs10_m3Dr4_s70.A03,mcs10_m3Dr4_s70.B03,dal_dal,41,63,6623493938,1000.01,1,2790459928,406.744,4602045185,4602045185,0
mcs10_m3Dr4_s70.A04,mcs10_m3Dr4_s70.B04,dal_dal,41,66,6339126101,1000.02,1,3508452774,541.016,4094774943,4094774943,0
mcs10_m3Dr4_s70.A05,mcs10_m3Dr4_s70.B05,dal_dal,41,68,6592173230,1000.01,1,2571980145,384.738,4532282796,4532282796,0
mcs10_m3Dr4_s70.A06,mcs10_m3Dr4_s70.B06,dal_dal,42,76,6485206365,1000.01,1,2397609127,365.998,4416806379,4416806379,0
mcs10_m3Dr4_s70.A07,mcs10_m3Dr4_s70.B07,dal_dal,42,71,6470921865,1000.02,1,62186275,9.17721,4308371105,4308371105,0
mcs10_m3Dr4_s70.A08,mcs10_m3Dr4_s70.B08,dal_dal,40,74,6830645450,1000.02,1,2274134,0.310719,4547818314,4547818314,0
mcs10_m3Dr4_s70.A09,mcs10_m3Dr4_s70.B09,dal_dal,41,60,6207757145,1000.02,1,1259311328,200.271,3969930881,3969930881,0
mcs10_m3Dr4_s80.A00,mcs10_m3Dr4_s80.B00,dal_dal,47,74,5888083532,1000.02,1,1247887152,200.703,3571873626,3571873626,0
mcs10_m3Dr4_s80.A01,mcs10_m3Dr4_s80.B01,dal_dal,44,57,6510216255,1000.01,1,1314820547,201.836,4221462084,4221462084,0
mcs10_m3Dr4_s80.A02,mcs10_m3Dr4_s80.B02,dal_dal,46,87,6015078872,1000.02,1,773880136,111.54,3783522480,3783522480,0
mcs10_m3Dr4_s80.A03,mcs10_m3Dr4_s80.B03,dal_dal,47,81,6370610090,1000.02,1,1317821544,202.652,4226524237,4226524237,0
mcs10_m3Dr4_s80.A04,mcs10_m3Dr4_s80.B04,dal_dal,46,85,6185040565,1000.02,1,685631258,109.882,3991333043,3991333043,0
mcs10_m3Dr4_s80.A05,mcs10_m3Dr4_s80.B05,dal_dal,46,80,6376522343,1000.01,1,3435618921,530.766,4216141182,4216141182,0
mcs10_m3Dr4_s80.A06,mcs10_m3Dr4_s80.B06,dal_dal,46,73,6169329468,1000.02,1,35717915,5.3145,4046734218,4046734218,0
mcs10_m3Dr4_s80.A07,mcs10_m3Dr4_s80.B07,dal_dal,45,72,6601179183,1000.02,1,2233397741,332.464,4347285904,4347285904,0
mcs10_m3Dr4_s80.A08,mcs10_m3Dr4_s80.B08,dal_dal,47,83,6097973889,1000.02,1,708069394,109.33,3972007257,3972007257,0
mcs10_m3Dr4_s80.A09,mcs10_m3Dr4_s80.B09,dal_dal,47,78,6015449918,1000.01,1,3373183998,542.889,3804966102,3804966102,0
mcs10_m3Dr4_s90.A00,mcs10_m3Dr4_s90.B00,dal_dal,50,79,6315766957,1000.02,1,2318782786,360.018,3943949330,3943949330,0
mcs10_m3Dr4_s90.A01,mcs10_m3Dr4_s90.B01,dal_dal,52,94,6177571440,1000.02,1,125994461,21.375,4003483018,4003483018,0
mcs10_m3Dr4_s90.A02,mcs10_m3Dr4_s90.B02,dal_dal,53,96,6225958411,1000.01,1,771293247,121.681,4135128489,4135128489,0
mcs10_m3Dr4_s90.A03,mcs10_m3Dr4_s90.B03,dal_dal,51,80,6005552179,1000.02,1,215143451,32.5063,3838167942,3838167942,0
mcs10_m3Dr4_s90.A04,mcs10_m3Dr4_s90.B04,dal_dal,51,71,6105052391,1000.02,1,930237276,145.41,4031986595,4031986595,0
mcs10_m3Dr4_s90.A05,mcs10_m3Dr4_s90.B05,dal_dal,50,88,6874488495,1000.02,1,2120713435,297.707,4768505842,4768505842,0
mcs10_m3Dr4_s90.A06,mcs10_m3Dr4_s90.B06,dal_dal,50,79,6450919119,1000.02,1,746156714,113.081,4403551601,4403551601,0
mcs10_m3Dr4_s90.A07,mcs10_m3Dr4_s90.B07,dal_dal,52,84,6269218224,1000.02,1,3600127694,566.855,4054551806,4054551806,0
mcs10_m3Dr4_s90.A08,mcs10_m3Dr4_s90.B08,dal_dal,51,88,6429758602,1000.01,1,96132697,12.9381,4073339273,4073339273,0
mcs10_m3Dr4_s90.A09,mcs10_m3Dr4_s90.B09,dal_dal,53,75,5731662941,1000.02,1,907045760,143.252,3683199506,3683199506,0
mcs10_m3Dr6_s100.A00,mcs10_m3Dr6_s100.B00,dal_dal,56,97,6325474640,1000.02,1,3262858645,455.661,4180494020,4180494020,0
mcs10_m3Dr6_s100.A01,mcs10_m3Dr6_s100.B01,dal_dal,55,81,5894355491,1000.02,1,485937886,81.1087,3614026139,3614026139,0
mcs10_m3Dr6_s100.A02,mcs10_m3Dr6_s100.B02,dal_dal,55,83,6273553493,1000.02,1,3873686191,617.275,3925228433,3925228433,0
mcs10_m3Dr6_s100.A03,mcs10_m3Dr6_s100.B03,dal_dal,55,93,5786031954,1000.02,1,1852436179,297.923,3563074246,3563074246,0
mcs10_m3Dr6_s100.A04,mcs10_m3Dr6_s100.B04,dal_dal,53,90,5877910218,1000.02,1,122531658,18.3712,3612126771,3612126771,0
mcs10_m3Dr6_s100.A05,mcs10_m3Dr6_s100.B05,dal_dal,56,103,6211934541,1000.02,1,5649210351,900.891,3844498595,3844498595,0
mcs10_m3Dr6_s100.A06,mcs10_m3Dr6_s100.B06,dal_dal,54,87,6214305353,1000.02,1,15692839,2.30299,3902116686,3902116686,0
mcs10_m3Dr6_s100.A07,mcs10_m3Dr6_s100.B07,dal_dal,52,81,6510110589,1000.01,1,2108629926,307.453,4102855994,4102855994,0
mcs10_m3Dr6_s100.A08,mcs10_m3Dr6_s100.B08,dal_dal,55,93,6432990964,1000.01,1,1286241053,184.405,4157721727,4157721727,0
mcs10_m3Dr6_s100.A09,mcs10_m3Dr6_s100.B09,dal_dal,53,83,6317116106,1000.02,1,1315529268,198.268,4159532170,4159532170,0
mcs10_m3Dr6_s60.A00,mcs10_m3Dr6_s60.B00,dal_dal,36,69,6462137878,1000.01,1,5928956988,916.008,4299009569,4299009569,0
mcs10_m3Dr6_s60.A01,mcs10_m3Dr6_s60.B01,dal_dal,36,56,6260362401,1000.01,1,4797120657,759.011,4056083296,4056083296,0
mcs10_m3Dr6_s60.A02,mcs10_m3Dr6_s60.B02,dal_dal,34,52,6589399611,1000.01,1,367686214,55.6917,4420145444,4420145444,0
mcs10_m3Dr6_s60.A03,mcs10_m3Dr6_s60.B03,dal_dal,34,53,6282781003,1000.02,1,386518853,57.1189,4139562019,4139562019,0
mcs10_m3Dr6_s60.A04,mcs10_m3Dr6_s60.B04,dal_dal,35,49,6224745524,1000.01,1,3891315134,615.223,4013689535,4013689535,0
mcs10_m3Dr6_s60.A05,mcs10_m3Dr6_s60.B05,dal_dal,36,53,6251885386,1000.01,1,5731712931,911.474,4034150768,4034150768,0
mcs10_m3Dr6_s60.A06,mcs10_m3Dr6_s60.B06,dal_dal,35,63,6152288462,1000.01,1,253410597,38.6462,4053251826,4053251826,0
mcs10_m3Dr6_s60.A07,mcs10_m3Dr6_s60.B07,dal_dal,37,63,6006656468,1000.01,1,2736721619,437.488,3930897766,3930897766,0
mcs10_m3Dr6_s60.A08,mcs10_m3Dr6_s60.B08,dal_dal,34,65,6306359099,1000.01,1,29092035,4.32905,4165560080,4165560080,0
mcs10_m3Dr6_s60.A09,mcs10_m3Dr6_s60.B09,dal_dal,35,65,6450342099,1000,1,1031802893,155.299,4313119599,4313119599,0
mcs10_m3Dr6_s70.A00,mcs10_m3Dr6_s70.B00,dal_dal,39,66,5908877340,1000,1,31242163,4.92234,3664432340,3664432340,0
mcs10_m3Dr6_s70.A01,mcs10_m3Dr6_s70.B01,dal_dal,40,76,6233972786,1000.01,1,944766217,147.978,4015581192,4015581192,0
mcs10_m3Dr6_s70.A02,mcs10_m3Dr6_s70.B02,dal_dal,40,68,6221250613,1000,1,3677971065,578.418,4142685387,4142685387,0
mcs10_m3Dr6_s70.A03,mcs10_m3Dr6_s70.B03,dal_dal,40,64,6208892024,1000.02,1,1411174515,222.927,4018975992,4018975992,0
mcs10_m3Dr6_s70.A04,mcs10_m3Dr6_s70.B04,dal_dal,40,69,6167672435,1000.02,1,5149188860,835.249,3865701578,3865701578,0
mcs10_m3Dr6_s70.A05,mcs10_m3Dr6_s70.B05,dal_dal,40,72,5825140337,1000.02,1,1416074331,227.188,3790429461,3790429461,0
mcs10_m3Dr6_s70.A06,mcs10_m3Dr6_s70.B06,dal_dal,41,81,6080120279,1000.01,1,5769150893,947.442,3894974901,3894974901,0
mcs10_m3Dr6_s70.A07,mcs10_m3Dr6_s70.B07,dal_dal,40,67,5766813520,1000.01,1,707713884,122.137,3561472244,3561472244,0
mcs10_m3Dr6_s70.A08,mcs10_m3Dr6_s70.B08,dal_dal,41,67,6072719760,1000.01,1,3870183170,628.142,4143606181,4143606181,0
mcs10_m3Dr6_s70.A09,mcs10_m3Dr6_s70.B09,dal_dal,40,70,5850714352,1000.02,1,3203363411,553.942,3652431287,3652431287,0
mcs10_m3Dr6_s80.A00,mcs10_m3Dr6_s80.B00,dal_dal,43,63,5836621100,1000.01,1,128351532,21.0503,3564798829,3564798829,0
mcs10_m3Dr6_s80.A01,mcs10_m3Dr6_s80.B01,dal_dal,47,74,6044956820,1000.02,1,3036500350,476.858,3908327771,3908327771,0
mcs10_m3Dr6_s80.A02,mcs10_m3Dr6_s80.B02,dal_dal,45,84,5782871062,1000.02,1,71628759,11.2469,3617118958,3617118958,0
mcs10_m3Dr6_s80.A03,mcs10_m3Dr6_s80.B03,dal_dal,47,81,6258947728,1000.01,1,5782147199,923.097,4057382806,4057382806,0
mcs10_m3Dr6_s80.A04,mcs10_m3Dr6_s80.B04,dal_dal,45,72,5914950976,1000.01,1,202411547,30.9899,3702608079,3702608079,0
mcs10_m3Dr6_s80.A05,mcs10_m3Dr6_s80.B05,dal_dal,45,73,5893616573,1000.03,1,1069078937,177.11,3773259528,3773259528,0
mcs10_m3Dr6_s80.A06,mcs10_m3Dr6_s80.B06,dal_dal,46,87,6509656267,1000.03,1,6422799229,985.504,4348286658,4348286658,0
mcs10_m3Dr6_s80.A07,mcs10_m3Dr6_s80.B07,dal_dal,43,80,6374878569,1000.02,1,351385002,52.973,4145995838,4145995838,0
mcs10_m3Dr6_s80.A08,mcs10_m3Dr6_s80.B08,dal_dal,44,80,5904519181,1000.01,1,3790542,0.50607,3735374525,3735374525,0
mcs10_m3Dr6_s80.A09,mcs10_m3Dr6_s80.B09,dal_dal,45,71,2997862298,1000.01,1,2310815421,756.267,1888786774,1888786774,0
mcs10_m3Dr6_s90.A00,mcs10_m3Dr6_s90.B00,dal_dal,51,94,5484459520,1000.01,1,3514122363,633.307,3418326861,3418326861,0
mcs10_m3Dr6_s90.A01,mcs10_m3Dr6_s90.B01,dal_dal,52,106,6034767384,1000.02,1,4145315358,670.482,3798474792,3798474792,0
mcs10_m3Dr6_s90.A02,mcs10_m3Dr6_s90.B02,dal_dal,49,76,6923479735,1000.02,1,4490370395,638.32,4395919930,4395919930,0
mcs10_m3Dr6_s90.A03,mcs10_m3Dr6_s90.B03,dal_dal,49,72,6017044251,1000.02,1,177883278,29.3407,3748521440,3748521440,0
mcs10_m3Dr6_s90.A04,mcs10_m3Dr6_s90.B04,dal_dal,49,88,6397686934,1000.01,1,656417141,95.1965,4281236783,4281236783,0
mcs10_m3Dr6_s90.A05,mcs10_m3Dr6_s90.B05,dal_dal,48,70,6026719880,1000.02,1,539529017,87.2287,3893004762,3893004762,0
mcs10_m3Dr6_s90.A06,mcs10_m3Dr6_s90.B06,dal_dal,49,92,6074108345,1000.02,1,386910439,59.4507,3853509637,3853509637,0
mcs10_m3Dr6_s90.A07,mcs10_m3Dr6_s90.B07,dal_dal,51,83,6422578383,1000.02,1,38424648,5.8738,4387299024,4387299024,0
mcs10_m3Dr6_s90.A08,mcs10_m3Dr6_s90.B08,dal_dal,51,94,6224914243,1000.02,1,5971602012,956.406,4382239083,4382239083,0
mcs10_m3Dr6_s90.A09,mcs10_m3Dr6_s90.B09,dal_dal,51,92,5430008011,1000.01,1,2180979188,383.79,3382459247,3382459247,0
mcs10_m4D_s100.A00,mcs10_m4D_s100.B00,dal_dal,69,82,7313609365,1000.02,1,89307613,10.9081,6123190686,6123190686,0
mcs10_m4D_s100.A01,mcs10_m4D_s100.B01,dal_dal,65,71,20047976652,1000.02,1,241838465,12.0829,15035059592,15035059592,0
mcs10_m4D_s100.A02,mcs10_m4D_s100.B02,dal_dal,60,80,20850104524,1000.02,1,19191869194,910.641,15615971173,15615971173,0
mcs10_m4D_s100.A03,mcs10_m4D_s100.B03,dal_dal,62,67,14074459055,1000.02,1,10090000151,660.006,11590358767,11590358767,0
mcs10_m4D_s100.A04,mcs10_m4D_s100.B04,dal_dal,65,82,9365595050,1000.02,1,1305886,0.138684,8689835870,8689835870,0
mcs10_m4D_s100.A05,mcs10_m4D_s100.B05,dal_dal,69,78,8142176394,1000.02,1,5251196201,599.746,6569606826,6569606826,0
mcs10_m4D_s100.A06,mcs10_m4D_s100.B06,dal_dal,62,81,10637620345,1000.02,1,1254489947,121.421,8891258495,8891258495,0
mcs10_m4D_s100.A07,mcs10_m4D_s100.B07,dal_dal,65,84,9390311060,1000.02,1,103790934,10.6419,7971985487,7971985487,0
mcs10_m4D_s100.A08,mcs10_m4D_s100.B08,dal_dal,59,71,18161923651,1000.02,1,15838056693,864.918,14758955869,14758955869,0
mcs10_m4D_s100.A09,mcs10_m4D_s100.B09,dal_dal,63,74,8821348901,1000.02,1,68266,0.0131173,7594642012,7594642012,0
mcs10_m4Dr2_s100.A00,mcs10_m4Dr2_s100.B00,dal_dal,57,67,13096664771,1000.02,1,2750173112,209.958,11584669757,11584669757,0
mcs10_m4Dr2_s100.A01,mcs10_m4Dr2_s100.B01,dal_dal,70,84,6380235078,1000.02,1,2141540341,175.925,5002676420,5002676420,0
mcs10_m4Dr2_s100.A02,mcs10_m4Dr2_s100.B02,dal_dal,62,72,9776093912,1000.02,1,5688133711,574.804,8046537602,8046537602,0
mcs10_m4Dr2_s100.A03,mcs10_m4Dr2_s100.B03,dal_dal,66,79,6557422843,1000.02,1,2756823093,408.296,5655776417,5655776417,0
mcs10_m4Dr2_s100.A04,mcs10_m4Dr2_s100.B04,dal_dal,71,85,6753354634,1000.02,1,6198600425,907.919,4781611623,4781611623,0
mcs10_m4Dr2_s100.A05,mcs10_m4Dr2_s100.B05,dal_dal,62,81,11367538965,1000.02,1,1264569939,110.23,9047404526,9047404526,0
mcs10_m4Dr2_s100.A06,mcs10_m4Dr2_s100.B06,dal_dal,71,94,5943775553,1000.02,1,2041396521,325.309,4227043300,4227043300,0
mcs10_m4Dr2_s100.A07,mcs10_m4Dr2_s100.B07,dal_dal,61,92,13361041148,1000.02,1,6784883841,423.329,11288671000,11288671000,0
mcs10_m4Dr2_s100.A08,mcs10_m4Dr2_s100.B08,dal_dal,66,93,15781835473,1000.01,1,15636921144,984.2,12860711722,12860711722,0
mcs10_m4Dr2_s100.A09,mcs10_m4Dr2_s100.B09,dal_dal,61,72,12008911497,1000.01,1,164332795,11.7366,10906012252,10906012252,0
mcs10_m4Dr4_s100.A00,mcs10_m4Dr4_s100.B00,dal_dal,61,77,9840701734,1000.02,1,2084063803,250.309,8112741795,8112741795,0
mcs10_m4Dr4_s100.A01,mcs10_m4Dr4_s100.B01,dal_dal,64,81,6414519753,1000.02,1,524005636,71.2088,4266673056,4266673056,0
mcs10_m4Dr4_s100.A02,mcs10_m4Dr4_s100.B02,dal_dal,63,83,13477173312,1000.01,1,9382900935,581.795,11643247051,11643247051,0
mcs10_m4Dr4_s100.A03,mcs10_m4Dr4_s100.B03,dal_dal,60,71,9855550240,1000,1,2574945647,246.576,9020819049,9020819049,0
mcs10_m4Dr4_s100.A04,mcs10_m4Dr4_s100.B04,dal_dal,64,80,9729695572,1000.02,1,1918513454,187.756,8861457349,8861457349,0
mcs10_m4Dr4_s100.A05,mcs10_m4Dr4_s100.B05,dal_dal,63,82,6577700781,1000.01,1,8274139,0.938764,4682793667,4682793667,0
mcs10_m4Dr4_s100.A06,mcs10_m4Dr4_s100.B06,dal_dal,65,94,7659290591,1000,1,129562523,12.6543,7103046102,7103046102,0
mcs10_m4Dr4_s100.A07,mcs10_m4Dr4_s100.B07,dal_dal,63,76,11787094768,1000.01,1,10314352212,776.417,9654141465,9654141465,0
mcs10_m4Dr4_s100.A08,mcs10_m4Dr4_s100.B08,dal_dal,65,88,7136377949,1000,1,1376823359,145.884,4577785328,4577785328,0
mcs10_m4Dr4_s100.A09,mcs10_m4Dr4_s100.B09,dal_dal,63,86,9601402677,1000,1,4222621013,384.861,8600582212,8600582212,0
mcs10_m4Dr6_s100.A00,mcs10_m4Dr6_s100.B00,dal_dal,63,104,6533822394,1000.02,1,2972744476,452.678,4474059926,4474059926,0
mcs10_m4Dr6_s100.A01,mcs10_m4Dr6_s100.B01,dal_dal,62,85,6328418450,1000.02,1,13420999,1.98845,4218238563,4218238563,0
mcs10_m4Dr6_s100.A02,mcs10_m4Dr6_s100.B02,dal_dal,59,90,8300997319,1000.02,1,1012453201,102.352,7193938182,7193938182,0
mcs10_m4Dr6_s100.A03,mcs10_m4Dr6_s100.B03,dal_dal,58,96,11448302184,1000.02,1,8070537715,564.9,9939534067,9939534067,0
mcs10_m4Dr6_s100.A04,mcs10_m4Dr6_s100.B04,dal_dal,64,84,6112606129,1000.03,1,740140645,108.801,3853917262,3853917262,0
mcs10_m4Dr6_s100.A05,mcs10_m4Dr6_s100.B05,dal_dal,64,95,6208057479,1000.02,1,3868204714,595.178,3854957398,3854957398,0
mcs10_m4Dr6_s100.A06,mcs10_m4Dr6_s100.B06,dal_dal,57,95,15343756953,1000.01,1,12517731428,754.549,12997651761,12997651761,0
mcs10_m4Dr6_s100.A07,mcs10_m4Dr6_s100.B07,dal_dal,56,89,19963631480,1000.02,1,57,7.46E-05,16452071013,16452071013,0
mcs10_m4Dr6_s100.A08,mcs10_m4Dr6_s100.B08,dal_dal,62,90,13765708051,1000.01,1,6132208343,355.981,12050543294,12050543294,0
mcs10_m4Dr6_s100.A09,mcs10_m4Dr6_s100.B09,dal_dal,61,97,9186693478,1000.01,1,9493303,0.985867,8485080110,8485080110,0
mcs10_r001_s100.A00,mcs10_r001_s100.B00,dal_dal,71,67,20254183952,1000.02,1,671,0.000148563,16699178980,16699178980,0
mcs10_r001_s100.A01,mcs10_r001_s100.B01,dal_dal,69,59,9357966342,1000.01,1,3743759,0.339225,8356763568,8356763568,0
mcs10_r001_s100.A02,mcs10_r001_s100.B02,dal_dal,79,71,8584805201,1000.02,1,7173153544,762.614,7105185981,7105185981,0
mcs10_r001_s100.A03,mcs10_r001_s100.B03,dal_dal,67,59,15606443994,1000.02,1,32580490,3.01718,13687627363,13687627363,0
mcs10_r001_s100.A04,mcs10_r001_s100.B04,dal_dal,63,56,21581544198,1000.01,1,497,0.000620587,16220840134,16220840134,0
mcs10_r001_s100.A05,mcs10_r001_s100.B05,dal_dal,73,61,8098973528,1000.02,1,5401673379,670.858,6773481511,6773481511,0
mcs10_r001_s100.A06,mcs10_r001_s100.B06,dal_dal,70,61,19142481348,1000.02,1,3313,0.000499984,15917679503,15917679503,0
mcs10_r001_s100.A07,mcs10_r001_s100.B07,dal_dal,64,61,14199333658,1000.02,1,243,8.70E-05,12099378046,12099378046,0
mcs10_r001_s100.A08,mcs10_r001_s100.B08,dal_dal,63,58,18408481050,1000.02,1,363467995,17.4365,15218949068,15218949068,0
mcs10_r001_s100.A09,mcs10_r001_s100.B09,dal_dal,73,69,9072398677,1000.01,1,130017358,15.0643,8006142575,8006142575,0
mcs10_r005_s100.A00,mcs10_r005_s100.B00,dal_dal,42,90,5002693490,1000.02,1,1003235712,196.004,3000335702,3000335702,0
mcs10_r005_s100.A01,mcs10_r005_s100.B01,dal_dal,39,71,4973376315,1000.02,1,79473953,14.779,3082799138,3082799138,0
mcs10_r005_s100.A02,mcs10_r005_s100.B02,dal_dal,41,91,5058894718,1000.02,1,308724887,56.5011,3099158522,3099158522,0
mcs10_r005_s100.A03,mcs10_r005_s100.B03,dal_dal,40,78,5027812040,1000.02,1,129709943,24.1326,3067428307,3067428307,0
mcs10_r005_s100.A04,mcs10_r005_s100.B04,dal_dal,42,85,2552698453,1000.02,1,503629914,182.325,1591391697,1591391697,0
mcs10_r005_s100.A05,mcs10_r005_s100.B05,dal_dal,41,97,2686425529,1000.02,1,1472231205,534.237,1675040487,1675040487,0
mcs10_r005_s100.A06,mcs10_r005_s100.B06,dal_dal,40,74,4949467742,1000.02,1,4041457054,812.662,2970155161,2970155161,0
mcs10_r005_s100.A07,mcs10_r005_s100.B07,dal_dal,40,87,2694172000,1000.02,1,25052819,9.30175,1658815652,1658815652,0
mcs10_r005_s100.A08,mcs10_r005_s100.B08,dal_dal,40,81,4935500669,1000.01,1,558888653,110.724,3047929182,3047929182,0
mcs10_r005_s100.A09,mcs10_r005_s100.B09,dal_dal,40,63,2593605496,1000.02,1,2328915669,891.932,1573253227,1573253227,0
mcs10_r005_s20.A00,mcs10_r005_s20.B00,dal_dal,17,14,12379,0.00143522,0,10297,0.00112541,8792,8792,0
mcs10_r005_s20.A01,mcs10_r005_s20.B01,dal_dal,17,16,13373,0.00158848,0,7340,0.000794319,10080,10080,0
mcs10_r005_s20.A02,mcs10_r005_s20.B02,dal_dal,17,14,10536,0.00126904,0,5992,0.000686946,7325,7325,0
mcs10_r005_s20.A03,mcs10_r005_s20.B03,dal_dal,17,13,19345,0.00232058,0,13571,0.00156622,13358,13358,0
mcs10_r005_s20.A04,mcs10_r005_s20.B04,dal_dal,17,13,9533,0.00108826,0,3225,0.000367786,6753,6753,0
mcs10_r005_s20.A05,mcs10_r005_s20.B05,dal_dal,16,15,210037,0.0179644,0,148470,0.0117128,161590,161590,0
mcs10_r005_s20.A06,mcs10_r005_s20.B06,dal_dal,17,17,23939,0.0027893,0,17285,0.00190026,17148,17148,0
mcs10_r005_s20.A07,mcs10_r005_s20.B07,dal_dal,17,15,23892,0.00243594,0,20911,0.00202041,17008,17008,0
mcs10_r005_s20.A08,mcs10_r005_s20.B08,dal_dal,16,16,124925,0.0122009,0,8082,0.00076822,89056,89056,0
mcs10_r005_s20.A09,mcs10_r005_s20.B09,dal_dal,16,11,129361,0.0117942,0,37231,0.0033071,87054,87054,0
mcs10_r005_s25.A00,mcs10_r005_s25.B00,dal_dal,19,18,4116070,0.395868,0,2579910,0.228221,2935596,2935596,0
mcs10_r005_s25.A01,mcs10_r005_s25.B01,dal_dal,21,20,224162,0.0230571,0,210151,0.0213593,163489,163489,0
mcs10_r005_s25.A02,mcs10_r005_s25.B02,dal_dal,21,18,247035,0.0309174,0,235600,0.0291395,175499,175499,0
mcs10_r005_s25.A03,mcs10_r005_s25.B03,dal_dal,20,20,651118,0.0854619,0,353608,0.0447199,438996,438996,0
mcs10_r005_s25.A04,mcs10_r005_s25.B04,dal_dal,20,16,161103,0.0193671,0,24966,0.00261369,105633,105633,0
mcs10_r005_s25.A05,mcs10_r005_s25.B05,dal_dal,21,24,200496,0.0237716,0,102374,0.0116941,139037,139037,0
mcs10_r005_s25.A06,mcs10_r005_s25.B06,dal_dal,20,19,712691,0.0830883,0,289053,0.0315546,496327,496327,0
mcs10_r005_s25.A07,mcs10_r005_s25.B07,dal_dal,21,20,50079,0.00526466,0,41365,0.00414653,35928,35928,0
mcs10_r005_s25.A08,mcs10_r005_s25.B08,dal_dal,20,18,187129,0.0232029,0,22743,0.00241818,122983,122983,0
mcs10_r005_s25.A09,mcs10_r005_s25.B09,dal_dal,20,23,359157,0.0383409,0,158080,0.0156256,258039,258039,0
mcs10_r005_s30.A00,mcs10_r005_s30.B00,dal_dal,24,32,871624,0.109546,0,696820,0.0861992,597904,597904,0
mcs10_r005_s30.A01,mcs10_r005_s30.B01,dal_dal,23,24,2185604,0.278055,0,693997,0.0844404,1452927,1452927,0
mcs10_r005_s30.A02,mcs10_r005_s30.B02,dal_dal,23,27,2846699,0.360161,0,1335326,0.156245,1935057,1935057,0
mcs10_r005_s30.A03,mcs10_r005_s30.B03,dal_dal,23,27,4329481,0.527596,0,3777272,0.457524,2983704,2983704,0
mcs10_r005_s30.A04,mcs10_r005_s30.B04,dal_dal,23,28,3285578,0.422743,0,97733,0.011808,2213630,2213630,0
mcs10_r005_s30.A05,mcs10_r005_s30.B05,dal_dal,23,25,1511144,0.189336,0,98833,0.00968772,1004895,1004895,0
mcs10_r005_s30.A06,mcs10_r005_s30.B06,dal_dal,22,20,9057649,1.11043,0,515695,0.049364,6474206,6474206,0
mcs10_r005_s30.A07,mcs10_r005_s30.B07,dal_dal,23,27,5334846,0.67967,0,858543,0.0935459,3708760,3708760,0
mcs10_r005_s30.A08,mcs10_r005_s30.B08,dal_dal,24,34,994756,0.125535,0,554270,0.0672195,669025,669025,0
mcs10_r005_s30.A09,mcs10_r005_s30.B09,dal_dal,23,29,1770567,0.233896,0,138500,0.0160811,1210266,1210266,0
mcs10_r005_s35.A00,mcs10_r005_s35.B00,dal_dal,26,33,81639261,12.626,0,15006477,2.23024,56637325,56637325,0
mcs10_r005_s35.A01,mcs10_r005_s35.B01,dal_dal,26,37,53590838,8.44881,0,11990201,1.85383,36248382,36248382,0
mcs10_r005_s35.A02,mcs10_r005_s35.B02,dal_dal,26,32,38846949,5.41449,0,5059709,0.626313,25361703,25361703,0
mcs10_r005_s35.A03,mcs10_r005_s35.B03,dal_dal,25,32,239149982,32.9964,0,2133709,0.280667,163304479,163304479,0
mcs10_r005_s35.A04,mcs10_r005_s35.B04,dal_dal,26,28,37486652,5.42957,0,4708830,0.646801,25441312,25441312,0
mcs10_r005_s35.A05,mcs10_r005_s35.B05,dal_dal,27,38,24541132,3.37117,0,21986503,2.99495,17076549,17076549,0
mcs10_r005_s35.A06,mcs10_r005_s35.B06,dal_dal,26,30,54345250,7.7189,0,22968100,3.13165,36005612,36005612,0
mcs10_r005_s35.A07,mcs10_r005_s35.B07,dal_dal,25,27,138887987,18.8182,0,12258456,1.54203,96263663,96263663,0
mcs10_r005_s35.A08,mcs10_r005_s35.B08,dal_dal,26,32,69338361,9.50622,0,25675709,3.37195,47713493,47713493,0
mcs10_r005_s35.A09,mcs10_r005_s35.B09,dal_dal,26,38,29818394,4.17513,0,14240976,1.92428,19847707,19847707,0
mcs10_r005_s40.A00,mcs10_r005_s40.B00,dal_dal,28,39,1580190093,240.104,0,22327291,3.22667,1054830488,1054830488,0
mcs10_r005_s40.A01,mcs10_r005_s40.B01,dal_dal,28,38,2743805397,436.448,0,2809896,0.343419,1837413142,1837413142,0
mcs10_r005_s40.A02,mcs10_r005_s40.B02,dal_dal,28,35,2992656896,486.465,0,1151717634,182.687,1975200244,1975200244,0
mcs10_r005_s40.A03,mcs10_r005_s40.B03,dal_dal,28,31,1022816688,150.539,0,111024304,15.8945,690426566,690426566,0
mcs10_r005_s40.A04,mcs10_r005_s40.B04,dal_dal,28,44,1544220239,242.165,0,55680166,8.57125,1001332181,1001332181,0
mcs10_r005_s40.A05,mcs10_r005_s40.B05,dal_dal,28,34,1896224652,277.789,0,78736,0.00893184,1256875963,1256875963,0
mcs10_r005_s40.A06,mcs10_r005_s40.B06,dal_dal,28,32,1547579062,232.432,0,4535051,0.634475,1033234940,1033234940,0
mcs10_r005_s40.A07,mcs10_r005_s40.B07,dal_dal,29,39,1697363653,256.339,0,1224601672,182.706,1148839113,1148839113,0
mcs10_r005_s40.A08,mcs10_r005_s40.B08,dal_dal,28,40,1730317797,251.993,0,7409964,0.936906,1170664715,1170664715,0
mcs10_r005_s40.A09,mcs10_r005_s40.B09,dal_dal,28,44,1203937212,177.853,0,616014616,88.0726,818846995,818846995,0
mcs10_r005_s50.A00,mcs10_r005_s50.B00,dal_dal,32,55,6543104712,1000.02,1,422200996,61.0119,4426557534,4426557534,0
mcs10_r005_s50.A01,mcs10_r005_s50.B01,dal_dal,32,51,6163634730,1000.02,1,49066238,7.5611,4188581939,4188581939,0
mcs10_r005_s50.A02,mcs10_r005_s50.B02,dal_dal,32,56,6299640052,1000.02,1,1441050443,224.259,4280294012,4280294012,0
mcs10_r005_s50.A03,mcs10_r005_s50.B03,dal_dal,32,50,6112950157,1000.01,1,878449636,138.182,4046347870,4046347870,0
mcs10_r005_s50.A04,mcs10_r005_s50.B04,dal_dal,32,55,6292664267,1000.02,1,1146817521,179.972,4218232420,4218232420,0
mcs10_r005_s50.A05,mcs10_r005_s50.B05,dal_dal,32,47,6397157176,1000.01,1,134681358,19.9046,4308916194,4308916194,0
mcs10_r005_s50.A06,mcs10_r005_s50.B06,dal_dal,32,47,6570694892,1000.02,1,426814093,62.1343,4444331161,4444331161,0
mcs10_r005_s50.A07,mcs10_r005_s50.B07,dal_dal,32,51,6350956467,1000.02,1,24298405,3.75373,4340227489,4340227489,0
mcs10_r005_s50.A08,mcs10_r005_s50.B08,dal_dal,32,48,6172823797,1000.02,1,342592822,53.4629,4167905769,4167905769,0
mcs10_r005_s50.A09,mcs10_r005_s50.B09,dal_dal,32,51,6449143051,1000.02,1,5612192027,871.529,4294167835,4294167835,0
mcs10_r005_s60.A00,mcs10_r005_s60.B00,dal_dal,35,72,6210215508,1000.02,1,62231891,9.30568,4244231749,4244231749,0
mcs10_r005_s60.A01,mcs10_r005_s60.B01,dal_dal,34,57,6135872858,1000.02,1,1409834637,225.545,3990168515,3990168515,0
mcs10_r005_s60.A02,mcs10_r005_s60.B02,dal_dal,34,66,6103174016,1000.02,1,39859353,6.29991,4040884810,4040884810,0
mcs10_r005_s60.A03,mcs10_r005_s60.B03,dal_dal,35,75,5910630547,1000.02,1,2584495455,421.509,3872480061,3872480061,0
mcs10_r005_s60.A04,mcs10_r005_s60.B04,dal_dal,34,54,5760687656,1000.01,1,981239743,166.071,3653338211,3653338211,0
mcs10_r005_s60.A05,mcs10_r005_s60.B05,dal_dal,35,67,5801386802,1000.02,1,1885481593,312.509,3774242630,3774242630,0
mcs10_r005_s60.A06,mcs10_r005_s60.B06,dal_dal,35,58,5780808978,1000.02,1,3251178129,553.675,3658081192,3658081192,0
mcs10_r005_s60.A07,mcs10_r005_s60.B07,dal_dal,34,65,6038166714,1000.02,1,137945013,21.5324,4037621518,4037621518,0
mcs10_r005_s60.A08,mcs10_r005_s60.B08,dal_dal,35,67,5799329941,1000.02,1,25032631,4.07869,3803830971,3803830971,0
mcs10_r005_s60.A09,mcs10_r005_s60.B09,dal_dal,34,62,5780161023,1000.02,1,180626208,30.4607,3644720009,3644720009,0
mcs10_r005_s70.A00,mcs10_r005_s70.B00,dal_dal,37,77,5484214558,1000.01,1,1678087837,303.577,3433497940,3433497940,0
mcs10_r005_s70.A01,mcs10_r005_s70.B01,dal_dal,36,67,5462349827,1000.01,1,44040154,7.69147,3487002574,3487002574,0
mcs10_r005_s70.A02,mcs10_r005_s70.B02,dal_dal,37,63,5788138098,1000.02,1,5126812159,880.814,3653860474,3653860474,0
mcs10_r005_s70.A03,mcs10_r005_s70.B03,dal_dal,37,63,5639015313,1000.02,1,2725316613,482.437,3515757801,3515757801,0
mcs10_r005_s70.A04,mcs10_r005_s70.B04,dal_dal,35,64,5894739134,1000.01,1,641450049,106.194,3819651974,3819651974,0
mcs10_r005_s70.A05,mcs10_r005_s70.B05,dal_dal,36,69,5698469790,1000.02,1,1659618672,287.083,3661479593,3661479593,0
mcs10_r005_s70.A06,mcs10_r005_s70.B06,dal_dal,37,80,5668521341,1000.02,1,121899910,20.5803,3602092221,3602092221,0
mcs10_r005_s70.A07,mcs10_r005_s70.B07,dal_dal,36,73,5606632888,1000.02,1,64679671,11.0924,3515376753,3515376753,0
mcs10_r005_s70.A08,mcs10_r005_s70.B08,dal_dal,37,69,5407567405,1000.01,1,1427195789,261.802,3422921997,3422921997,0
mcs10_r005_s70.A09,mcs10_r005_s70.B09,dal_dal,36,56,5831157538,1000.02,1,1551528649,260.171,3722832198,3722832198,0
mcs10_r005_s80.A00,mcs10_r005_s80.B00,dal_dal,39,78,5435296982,1000.02,1,3901138603,710.64,3405723122,3405723122,0
mcs10_r005_s80.A01,mcs10_r005_s80.B01,dal_dal,37,76,5404944372,1000.02,1,335412419,59.6234,3350118294,3350118294,0
mcs10_r005_s80.A02,mcs10_r005_s80.B02,dal_dal,38,62,5166274097,1000.02,1,2726626740,518.713,3218499684,3218499684,0
mcs10_r005_s80.A03,mcs10_r005_s80.B03,dal_dal,37,69,5902622650,1000.02,1,1404890431,237.633,3847569981,3847569981,0
mcs10_r005_s80.A04,mcs10_r005_s80.B04,dal_dal,37,69,5331445627,1000.02,1,1340405721,243.986,3331777051,3331777051,0
mcs10_r005_s80.A05,mcs10_r005_s80.B05,dal_dal,38,80,5384632521,1000.02,1,2372036317,439.015,3325833907,3325833907,0
mcs10_r005_s80.A06,mcs10_r005_s80.B06,dal_dal,38,71,5589585199,1000.02,1,1665589814,285.584,3554931149,3554931149,0
mcs10_r005_s80.A07,mcs10_r005_s80.B07,dal_dal,37,75,5316413495,1000.02,1,1476294945,276.812,3348816077,3348816077,0
mcs10_r005_s80.A08,mcs10_r005_s80.B08,dal_dal,37,64,5775139795,1000.02,1,2612047,0.432047,3576703446,3576703446,0
mcs10_r005_s80.A09,mcs10_r005_s80.B09,dal_dal,37,71,5960057975,1000.02,1,732691854,118.81,3838770836,3838770836,0
mcs10_r005_s90.A00,mcs10_r005_s90.B00,dal_dal,39,88,5136723793,1000.02,1,9126378,1.64491,3168376430,3168376430,0
mcs10_r005_s90.A01,mcs10_r005_s90.B01,dal_dal,38,86,5095351352,1000.02,1,220380572,41.9759,3242739509,3242739509,0
mcs10_r005_s90.A02,mcs10_r005_s90.B02,dal_dal,38,81,5332082016,1000.02,1,148632595,26.8979,3328388352,3328388352,0
mcs10_r005_s90.A03,mcs10_r005_s90.B03,dal_dal,38,76,5046295599,1000.02,1,27476165,4.9923,3107654760,3107654760,0
mcs10_r005_s90.A04,mcs10_r005_s90.B04,dal_dal,39,103,5455977853,1000.01,1,11641766,1.95201,3407518192,3407518192,0
mcs10_r005_s90.A05,mcs10_r005_s90.B05,dal_dal,40,84,5418468623,1000.01,1,1277799215,232.924,3436717271,3436717271,0
mcs10_r005_s90.A06,mcs10_r005_s90.B06,dal_dal,40,80,5283633462,1000.01,1,538686008,98.2574,3234138281,3234138281,0
mcs10_r005_s90.A07,mcs10_r005_s90.B07,dal_dal,40,91,4842504208,1000.01,1,242867111,45.3604,2954818081,2954818081,0
mcs10_r005_s90.A08,mcs10_r005_s90.B08,dal_dal,41,79,4838966001,1000.02,1,33512779,6.16329,2972932515,2972932515,0
mcs10_r005_s90.A09,mcs10_r005_s90.B09,dal_dal,39,90,5160586378,1000.01,1,4870398178,942.133,3216918343,3216918343,0
mcs10_r01_s100.A00,mcs10_r01_s100.B00,dal_dal,29,77,4173570127,1000.01,1,2678159938,627.622,2430725926,2430725926,0
mcs10_r01_s100.A01,mcs10_r01_s100.B01,dal_dal,29,77,4196852568,1000.01,1,357215930,79.6902,2472189291,2472189291,0
mcs10_r01_s100.A02,mcs10_r01_s100.B02,dal_dal,28,78,4057573536,1000.02,1,102857358,23.2386,2388125717,2388125717,0
mcs10_r01_s100.A03,mcs10_r01_s100.B03,dal_dal,29,83,4174729039,1000.01,1,79798882,17.3554,2467443783,2467443783,0
mcs10_r01_s100.A04,mcs10_r01_s100.B04,dal_dal,29,78,3749652097,1000.01,1,181832885,44.1614,2200494534,2200494534,0
mcs10_r01_s100.A05,mcs10_r01_s100.B05,dal_dal,28,85,4305657717,1000.01,1,2328744167,529.273,2555402420,2555402420,0
mcs10_r01_s100.A06,mcs10_r01_s100.B06,dal_dal,29,91,4350632985,1000.01,1,70799482,14.9976,2572911333,2572911333,0
mcs10_r01_s100.A07,mcs10_r01_s100.B07,dal_dal,30,95,4413721035,1000.02,1,2707182216,595.99,2631355295,2631355295,0
mcs10_r01_s100.A08,mcs10_r01_s100.B08,dal_dal,29,72,4178252629,1000.01,1,422617692,99.9207,2454767268,2454767268,0
mcs10_r01_s100.A09,mcs10_r01_s100.B09,dal_dal,29,80,4132620902,1000.02,1,2077735452,489.2,2436997402,2436997402,0
mcs10_r01_s20.A00,mcs10_r01_s20.B00,dal_dal,14,21,101008,0.0143222,0,26144,0.00388378,62971,62971,0
mcs10_r01_s20.A01,mcs10_r01_s20.B01,dal_dal,14,18,102981,0.0139899,0,10606,0.00164149,67672,67672,0
mcs10_r01_s20.A02,mcs10_r01_s20.B02,dal_dal,14,18,89456,0.0126845,0,4535,0.000619191,58502,58502,0
mcs10_r01_s20.A03,mcs10_r01_s20.B03,dal_dal,15,23,83683,0.01073,0,78476,0.00999768,53039,53039,0
mcs10_r01_s20.A04,mcs10_r01_s20.B04,dal_dal,15,20,51917,0.00731313,0,41528,0.00572889,35271,35271,0
mcs10_r01_s20.A05,mcs10_r01_s20.B05,dal_dal,14,17,57244,0.00775877,0,1115,0.000148274,39730,39730,0
mcs10_r01_s20.A06,mcs10_r01_s20.B06,dal_dal,14,16,128603,0.0178757,0,18539,0.00239079,83147,83147,0
mcs10_r01_s20.A07,mcs10_r01_s20.B07,dal_dal,15,22,32655,0.004538,0,23011,0.00294872,22146,22146,0
mcs10_r01_s20.A08,mcs10_r01_s20.B08,dal_dal,14,18,50466,0.00693861,0,12565,0.00158258,33041,33041,0
mcs10_r01_s20.A09,mcs10_r01_s20.B09,dal_dal,15,23,31297,0.00453131,0,26984,0.00385668,21575,21575,0
mcs10_r01_s25.A00,mcs10_r01_s25.B00,dal_dal,17,33,1659329,0.255584,0,1147204,0.172871,1075961,1075961,0
mcs10_r01_s25.A01,mcs10_r01_s25.B01,dal_dal,16,27,2777087,0.413322,0,82175,0.0117297,1846305,1846305,0
mcs10_r01_s25.A02,mcs10_r01_s25.B02,dal_dal,16,24,3003673,0.44575,0,16236,0.0020873,1969882,1969882,0
mcs10_r01_s25.A03,mcs10_r01_s25.B03,dal_dal,17,26,664466,0.104307,0,84991,0.0124796,447394,447394,0
mcs10_r01_s25.A04,mcs10_r01_s25.B04,dal_dal,16,25,2477722,0.369437,0,64863,0.00959969,1605191,1605191,0
mcs10_r01_s25.A05,mcs10_r01_s25.B05,dal_dal,16,22,2634971,0.385708,0,76268,0.0107571,1720823,1720823,0
mcs10_r01_s25.A06,mcs10_r01_s25.B06,dal_dal,17,29,786579,0.140975,0,484140,0.0847455,523655,523655,0
mcs10_r01_s25.A07,mcs10_r01_s25.B07,dal_dal,17,30,2312351,0.342196,0,2111950,0.310683,1540009,1540009,0
mcs10_r01_s25.A08,mcs10_r01_s25.B08,dal_dal,17,23,1145876,0.174009,0,634801,0.094607,766884,766884,0
mcs10_r01_s25.A09,mcs10_r01_s25.B09,dal_dal,16,29,1843027,0.274126,0,17259,0.00159442,1183954,1183954,0
mcs10_r01_s30.A00,mcs10_r01_s30.B00,dal_dal,18,32,58350104,9.22944,0,987659,0.14754,37715962,37715962,0
mcs10_r01_s30.A01,mcs10_r01_s30.B01,dal_dal,19,40,18626324,3.02419,0,7605780,1.19526,12071789,12071789,0
mcs10_r01_s30.A02,mcs10_r01_s30.B02,dal_dal,19,37,32194182,5.25263,0,20232450,3.19986,20975494,20975494,0
mcs10_r01_s30.A03,mcs10_r01_s30.B03,dal_dal,18,28,52790209,8.60771,0,4763007,0.734793,34473788,34473788,0
mcs10_r01_s30.A04,mcs10_r01_s30.B04,dal_dal,18,28,30090737,4.89702,0,288210,0.0421279,19630479,19630479,0
mcs10_r01_s30.A05,mcs10_r01_s30.B05,dal_dal,18,26,40509122,6.46067,0,604187,0.0951807,26771042,26771042,0
mcs10_r01_s30.A06,mcs10_r01_s30.B06,dal_dal,18,32,57708267,9.51153,0,491340,0.0755094,37284227,37284227,0
mcs10_r01_s30.A07,mcs10_r01_s30.B07,dal_dal,18,37,53184249,8.32172,0,1984807,0.293357,35049439,35049439,0
mcs10_r01_s30.A08,mcs10_r01_s30.B08,dal_dal,18,33,66588831,12.6805,0,2430076,0.442334,42554271,42554271,0
mcs10_r01_s30.A09,mcs10_r01_s30.B09,dal_dal,18,28,51118863,8.45735,0,4645851,0.739017,33305784,33305784,0
mcs10_r01_s35.A00,mcs10_r01_s35.B00,dal_dal,21,39,303511728,51.2761,0,197641115,32.4743,201732248,201732248,0
mcs10_r01_s35.A01,mcs10_r01_s35.B01,dal_dal,20,42,541135610,95.4454,0,87196698,14.6685,354381535,354381535,0
mcs10_r01_s35.A02,mcs10_r01_s35.B02,dal_dal,20,39,562717219,97.0491,0,15343138,2.46991,368441552,368441552,0
mcs10_r01_s35.A03,mcs10_r01_s35.B03,dal_dal,20,40,605134859,108.345,0,97575141,16.507,391851851,391851851,0
mcs10_r01_s35.A04,mcs10_r01_s35.B04,dal_dal,20,49,714500801,137.01,0,345276055,63.696,457357485,457357485,0
mcs10_r01_s35.A05,mcs10_r01_s35.B05,dal_dal,20,44,692862864,121.194,0,359407043,61.4511,450804273,450804273,0
mcs10_r01_s35.A06,mcs10_r01_s35.B06,dal_dal,21,42,344315111,61.4011,0,91382073,15.2731,224814494,224814494,0
mcs10_r01_s35.A07,mcs10_r01_s35.B07,dal_dal,20,44,783232453,136.491,0,367659375,62.6318,509139206,509139206,0
mcs10_r01_s35.A08,mcs10_r01_s35.B08,dal_dal,20,47,518468897,91.8841,0,4056001,0.658704,338749518,338749518,0
mcs10_r01_s35.A09,mcs10_r01_s35.B09,dal_dal,20,44,673175382,121.907,0,1715707,0.291841,437518695,437518695,0
mcs10_r01_s40.A00,mcs10_r01_s40.B00,dal_dal,22,43,5244928056,1000.01,1,101988496,17.7791,3421144845,3421144845,0
mcs10_r01_s40.A01,mcs10_r01_s40.B01,dal_dal,22,45,3910394022,724.033,0,28248787,5.11764,2576009379,2576009379,0
mcs10_r01_s40.A02,mcs10_r01_s40.B02,dal_dal,21,48,5519054372,1000.01,1,115323007,20.0443,3522882088,3522882088,0
mcs10_r01_s40.A03,mcs10_r01_s40.B03,dal_dal,21,35,5415272310,1000.02,1,3751269,0.629544,3495176789,3495176789,0
mcs10_r01_s40.A04,mcs10_r01_s40.B04,dal_dal,22,31,2628546321,1000.02,1,1304683587,485.002,1715616699,1715616699,0
mcs10_r01_s40.A05,mcs10_r01_s40.B05,dal_dal,21,44,5668165252,1000.02,1,140099871,23.5873,3636720842,3636720842,0
mcs10_r01_s40.A06,mcs10_r01_s40.B06,dal_dal,22,50,5272205751,1000.02,1,2969030699,564.166,3419118052,3419118052,0
mcs10_r01_s40.A07,mcs10_r01_s40.B07,dal_dal,22,46,5338380500,1000.01,1,31992674,5.43192,3495992363,3495992363,0
mcs10_r01_s40.A08,mcs10_r01_s40.B08,dal_dal,21,41,5474342829,1000.01,1,6839819,1.23214,3529922588,3529922588,0
mcs10_r01_s40.A09,mcs10_r01_s40.B09,dal_dal,22,49,5371393395,1000.02,1,1722194308,311.89,3454894395,3454894395,0
mcs10_r01_s50.A00,mcs10_r01_s50.B00,dal_dal,23,49,5009082042,1000.02,1,1488798788,285.62,3150615100,3150615100,0
mcs10_r01_s50.A01,mcs10_r01_s50.B01,dal_dal,23,55,4595924894,1000.01,1,2327903229,500.774,2882217572,2882217572,0
mcs10_r01_s50.A02,mcs10_r01_s50.B02,dal_dal,24,54,5078097475,1000.01,1,230807499,44.7077,3238319293,3238319293,0
mcs10_r01_s50.A03,mcs10_r01_s50.B03,dal_dal,23,53,5308757493,1000.02,1,2390470810,440.778,3382517360,3382517360,0
mcs10_r01_s50.A04,mcs10_r01_s50.B04,dal_dal,23,50,4984062061,1000.01,1,549421863,107.839,3125827412,3125827412,0
mcs10_r01_s50.A05,mcs10_r01_s50.B05,dal_dal,23,48,5087682342,1000.02,1,253164571,48.6866,3251208111,3251208111,0
mcs10_r01_s50.A06,mcs10_r01_s50.B06,dal_dal,23,54,5110070004,1000.02,1,1435780636,272.861,3232879070,3232879070,0
mcs10_r01_s50.A07,mcs10_r01_s50.B07,dal_dal,23,47,4958771508,1000.02,1,472549569,91.4578,3084750667,3084750667,0
mcs10_r01_s50.A08,mcs10_r01_s50.B08,dal_dal,23,57,5046605714,1000.02,1,548872311,104.188,3169567749,3169567749,0
mcs10_r01_s50.A09,mcs10_r01_s50.B09,dal_dal,23,40,5215567436,1000.02,1,1866238567,357.534,3316095580,3316095580,0
mcs10_r01_s60.A00,mcs10_r01_s60.B00,dal_dal,25,56,4636366386,1000.02,1,589448720,122.577,2863569911,2863569911,0
mcs10_r01_s60.A01,mcs10_r01_s60.B01,dal_dal,25,58,4923249819,1000.01,1,838799619,160.376,3081483650,3081483650,0
mcs10_r01_s60.A02,mcs10_r01_s60.B02,dal_dal,24,59,4420392450,1000.02,1,954200647,208.596,2694084401,2694084401,0
mcs10_r01_s60.A03,mcs10_r01_s60.B03,dal_dal,25,68,4511107397,1000.01,1,4118723071,908.336,2823086637,2823086637,0
mcs10_r01_s60.A04,mcs10_r01_s60.B04,dal_dal,25,56,4473903113,1000.02,1,100699291,22.9747,2817889161,2817889161,0
mcs10_r01_s60.A05,mcs10_r01_s60.B05,dal_dal,24,58,4625074139,1000.02,1,1293285,0.26724,2868478419,2868478419,0
mcs10_r01_s60.A06,mcs10_r01_s60.B06,dal_dal,25,65,4991386392,1000.02,1,1666759985,321.403,3098768945,3098768945,0
mcs10_r01_s60.A07,mcs10_r01_s60.B07,dal_dal,25,44,4740927257,1000.02,1,1212565722,241.642,2986008678,2986008678,0
mcs10_r01_s60.A08,mcs10_r01_s60.B08,dal_dal,25,65,5070369881,1000.02,1,4048705902,787.161,3127548481,3127548481,0
mcs10_r01_s60.A09,mcs10_r01_s60.B09,dal_dal,25,56,5141286136,1000.02,1,64190104,12.7761,3263153940,3263153940,0
mcs10_r01_s70.A00,mcs10_r01_s70.B00,dal_dal,26,54,4590796391,1000.02,1,3447016157,741.903,2798399940,2798399940,0
mcs10_r01_s70.A01,mcs10_r01_s70.B01,dal_dal,26,64,4476080356,1000.01,1,259571773,56.3323,2728316875,2728316875,0
mcs10_r01_s70.A02,mcs10_r01_s70.B02,dal_dal,26,68,4413765292,1000.01,1,939524679,216.806,2719251874,2719251874,0
mcs10_r01_s70.A03,mcs10_r01_s70.B03,dal_dal,25,65,4166932171,1000.01,1,940862833,224.909,2501302623,2501302623,0
mcs10_r01_s70.A04,mcs10_r01_s70.B04,dal_dal,25,69,4293571853,1000.01,1,246215351,59.4501,2586721780,2586721780,0
mcs10_r01_s70.A05,mcs10_r01_s70.B05,dal_dal,27,66,4490021849,1000.01,1,2140950344,481.701,2779800374,2779800374,0
mcs10_r01_s70.A06,mcs10_r01_s70.B06,dal_dal,26,72,4723072296,1000.01,1,169507325,35.602,2898768247,2898768247,0
mcs10_r01_s70.A07,mcs10_r01_s70.B07,dal_dal,27,56,4289131182,1000.01,1,384445156,82.2962,2580838550,2580838550,0
mcs10_r01_s70.A08,mcs10_r01_s70.B08,dal_dal,26,56,4675899039,1000.01,1,1113853876,231.223,2875536216,2875536216,0
mcs10_r01_s70.A09,mcs10_r01_s70.B09,dal_dal,26,67,4716666394,1000.01,1,93413133,18.3153,2908191338,2908191338,0
mcs10_r01_s80.A00,mcs10_r01_s80.B00,dal_dal,26,65,4511822030,1000.01,1,30598607,6.44555,2690349896,2690349896,0
mcs10_r01_s80.A01,mcs10_r01_s80.B01,dal_dal,27,73,4348684795,1000.01,1,21018276,4.44879,2591744348,2591744348,0
mcs10_r01_s80.A02,mcs10_r01_s80.B02,dal_dal,26,82,4563655918,1000.01,1,33645225,6.76646,2766795075,2766795075,0
mcs10_r01_s80.A03,mcs10_r01_s80.B03,dal_dal,27,77,4538678855,1000.01,1,2780496532,602.336,2691005049,2691005049,0
mcs10_r01_s80.A04,mcs10_r01_s80.B04,dal_dal,27,80,4176272618,1000.02,1,121948403,24.8922,2495539609,2495539609,0
mcs10_r01_s80.A05,mcs10_r01_s80.B05,dal_dal,27,74,4522346914,1000.01,1,484183965,101.845,2708069451,2708069451,0
mcs10_r01_s80.A06,mcs10_r01_s80.B06,dal_dal,27,67,4562541809,1000.02,1,165705599,36.0594,2722163583,2722163583,0
mcs10_r01_s80.A07,mcs10_r01_s80.B07,dal_dal,27,62,4561003206,1000.02,1,2021991074,430.479,2722008774,2722008774,0
mcs10_r01_s80.A08,mcs10_r01_s80.B08,dal_dal,27,71,4286358850,1000.01,1,124094446,26.3856,2552213265,2552213265,0
mcs10_r01_s80.A09,mcs10_r01_s80.B09,dal_dal,27,64,4709305904,1000.02,1,1962048419,396.366,2850394220,2850394220,0
mcs10_r01_s90.A00,mcs10_r01_s90.B00,dal_dal,27,75,4479632234,1000.01,1,1310477109,285.105,2657969824,2657969824,0
mcs10_r01_s90.A01,mcs10_r01_s90.B01,dal_dal,28,75,4499559071,1000.01,1,1139690467,247.569,2678548133,2678548133,0
mcs10_r01_s90.A02,mcs10_r01_s90.B02,dal_dal,28,79,4540544768,1000.01,1,103037318,21.3179,2694170400,2694170400,0
mcs10_r01_s90.A03,mcs10_r01_s90.B03,dal_dal,28,86,4574263887,1000.02,1,4108106391,898.742,2690243802,2690243802,0
mcs10_r01_s90.A04,mcs10_r01_s90.B04,dal_dal,28,91,4443576263,1000.02,1,1325980791,285.8,2640691293,2640691293,0
mcs10_r01_s90.A05,mcs10_r01_s90.B05,dal_dal,27,74,4493185555,1000,1,46664739,9.96785,2699925685,2699925685,0
mcs10_r01_s90.A06,mcs10_r01_s90.B06,dal_dal,28,73,4527084471,1000.01,1,2192607244,474.3,2702594291,2702594291,0
mcs10_r01_s90.A07,mcs10_r01_s90.B07,dal_dal,29,88,4044030996,1000.02,1,226635861,51.0368,2426076747,2426076747,0
mcs10_r01_s90.A08,mcs10_r01_s90.B08,dal_dal,27,75,4364501092,1000.01,1,206218058,44.4234,2570800906,2570800906,0
mcs10_r01_s90.A09,mcs10_r01_s90.B09,dal_dal,28,88,4364678756,1000.02,1,3046068841,689.28,2586825818,2586825818,0
mcs10_r02_s100.A00,mcs10_r02_s100.B00,dal_dal,20,63,3652787134,1000.03,1,366450680,93.2716,1942957784,1942957784,0
mcs10_r02_s100.A01,mcs10_r02_s100.B01,dal_dal,20,88,3790462143,1000.02,1,147167074,35.8824,2055564287,2055564287,0
mcs10_r02_s100.A02,mcs10_r02_s100.B02,dal_dal,20,85,3579611077,1000.01,1,1093446080,288.337,1916709370,1916709370,0
mcs10_r02_s100.A03,mcs10_r02_s100.B03,dal_dal,21,72,3425828147,1000.01,1,70125142,17.2161,1830271065,1830271065,0
mcs10_r02_s100.A04,mcs10_r02_s100.B04,dal_dal,20,79,3682263467,1000.01,1,271080229,67.9977,1972950325,1972950325,0
mcs10_r02_s100.A05,mcs10_r02_s100.B05,dal_dal,20,78,3699631017,1000.02,1,182742009,45.5139,2022591793,2022591793,0
mcs10_r02_s100.A06,mcs10_r02_s100.B06,dal_dal,20,79,3811941073,1000.02,1,655223685,165.739,2071458965,2071458965,0
mcs10_r02_s100.A07,mcs10_r02_s100.B07,dal_dal,20,61,3624248543,1000.01,1,170128875,42.4505,1932476690,1932476690,0
mcs10_r02_s100.A08,mcs10_r02_s100.B08,dal_dal,20,71,3699713960,1000.01,1,448726928,113.174,1977825548,1977825548,0
mcs10_r02_s100.A09,mcs10_r02_s100.B09,dal_dal,20,91,3739066243,1000.02,1,869373245,220.459,1999568607,1999568607,0
mcs10_r02_s20.A00,mcs10_r02_s20.B00,dal_dal,11,21,588859,0.100576,0,1005,0.000168705,364527,364527,0
mcs10_r02_s20.A01,mcs10_r02_s20.B01,dal_dal,12,32,272213,0.0490441,0,147268,0.0258174,170678,170678,0
mcs10_r02_s20.A02,mcs10_r02_s20.B02,dal_dal,12,23,134834,0.0246312,0,15807,0.00275125,86670,86670,0
mcs10_r02_s20.A03,mcs10_r02_s20.B03,dal_dal,12,23,367514,0.0634446,0,253300,0.0429054,230517,230517,0
mcs10_r02_s20.A04,mcs10_r02_s20.B04,dal_dal,12,20,476113,0.08274,0,414029,0.0709262,299578,299578,0
mcs10_r02_s20.A05,mcs10_r02_s20.B05,dal_dal,11,26,524635,0.093826,0,29,1.41E-05,329287,329287,0
mcs10_r02_s20.A06,mcs10_r02_s20.B06,dal_dal,12,25,314637,0.114996,0,151542,0.0535851,194522,194522,0
mcs10_r02_s20.A07,mcs10_r02_s20.B07,dal_dal,11,19,448369,0.153331,0,5819,0.00193205,286219,286219,0
mcs10_r02_s20.A08,mcs10_r02_s20.B08,dal_dal,11,23,402930,0.0691472,0,2291,0.000366644,254048,254048,0
mcs10_r02_s20.A09,mcs10_r02_s20.B09,dal_dal,12,28,205269,0.0376735,0,7920,0.0012573,133863,133863,0
mcs10_r02_s25.A00,mcs10_r02_s25.B00,dal_dal,13,31,4385806,0.873337,0,17662,0.00309127,2747987,2747987,0
mcs10_r02_s25.A01,mcs10_r02_s25.B01,dal_dal,13,26,5016904,0.96267,0,27014,0.00504081,3131711,3131711,0
mcs10_r02_s25.A02,mcs10_r02_s25.B02,dal_dal,13,28,5029501,0.987844,0,80208,0.0148717,3176345,3176345,0
mcs10_r02_s25.A03,mcs10_r02_s25.B03,dal_dal,14,34,2018443,0.413612,0,63804,0.0113964,1262840,1262840,0
mcs10_r02_s25.A04,mcs10_r02_s25.B04,dal_dal,13,29,5129677,0.992002,0,13961,0.0025652,3233991,3233991,0
mcs10_r02_s25.A05,mcs10_r02_s25.B05,dal_dal,13,29,4879210,0.983585,0,10880,0.00201756,3051292,3051292,0
mcs10_r02_s25.A06,mcs10_r02_s25.B06,dal_dal,13,33,5821232,2.31512,0,93280,0.034882,3604663,3604663,0
mcs10_r02_s25.A07,mcs10_r02_s25.B07,dal_dal,13,27,8304185,3.28125,0,1047360,0.400168,5065258,5065258,0
mcs10_r02_s25.A08,mcs10_r02_s25.B08,dal_dal,13,32,3781292,0.749792,0,75380,0.0136348,2376326,2376326,0
mcs10_r02_s25.A09,mcs10_r02_s25.B09,dal_dal,13,26,5536304,1.07105,0,82077,0.0144528,3452556,3452556,0
mcs10_r02_s30.A00,mcs10_r02_s30.B00,dal_dal,15,40,49175690,10.7004,0,11263109,2.36416,30405555,30405555,0
mcs10_r02_s30.A01,mcs10_r02_s30.B01,dal_dal,15,46,67199316,14.1916,0,36050568,7.23918,41282783,41282783,0
mcs10_r02_s30.A02,mcs10_r02_s30.B02,dal_dal,14,40,88777528,18.2281,0,613995,0.113965,54923310,54923310,0
mcs10_r02_s30.A03,mcs10_r02_s30.B03,dal_dal,14,26,94444605,20.3683,0,1480586,0.288109,57899288,57899288,0
mcs10_r02_s30.A04,mcs10_r02_s30.B04,dal_dal,14,35,91933838,18.8674,0,152775,0.0294186,56522229,56522229,0
mcs10_r02_s30.A05,mcs10_r02_s30.B05,dal_dal,15,40,50026777,10.8458,0,13038364,2.62374,31040137,31040137,0
mcs10_r02_s30.A06,mcs10_r02_s30.B06,dal_dal,14,32,78257236,16.837,0,1069474,0.214458,47877885,47877885,0
mcs10_r02_s30.A07,mcs10_r02_s30.B07,dal_dal,15,39,41044058,18.031,0,14710381,6.20502,25369930,25369930,0
mcs10_r02_s30.A08,mcs10_r02_s30.B08,dal_dal,14,37,95085451,40.3309,0,480052,0.184035,58291434,58291434,0
mcs10_r02_s30.A09,mcs10_r02_s30.B09,dal_dal,14,29,96970884,40.3751,0,7399385,2.87255,59238041,59238041,0
mcs10_r02_s35.A00,mcs10_r02_s35.B00,dal_dal,15,45,1114104193,242.523,0,4913840,0.961066,684265104,684265104,0
mcs10_r02_s35.A01,mcs10_r02_s35.B01,dal_dal,16,35,659420826,151.356,0,100697415,21.6134,404372627,404372627,0
mcs10_r02_s35.A02,mcs10_r02_s35.B02,dal_dal,15,46,1161089933,256.374,0,2783853,0.568848,699159113,699159113,0
mcs10_r02_s35.A03,mcs10_r02_s35.B03,dal_dal,15,38,1211230563,275.113,0,3057010,0.652421,727750031,727750031,0
mcs10_r02_s35.A04,mcs10_r02_s35.B04,dal_dal,15,36,1034773564,230.114,0,536914,0.113108,630981693,630981693,0
mcs10_r02_s35.A05,mcs10_r02_s35.B05,dal_dal,15,49,1111283010,254.718,0,24121965,5.20572,669502678,669502678,0
mcs10_r02_s35.A06,mcs10_r02_s35.B06,dal_dal,15,38,1265890454,280.334,0,4786753,0.99303,767837526,767837526,0
mcs10_r02_s35.A07,mcs10_r02_s35.B07,dal_dal,15,45,1002901236,221.561,0,6758724,1.35985,609710476,609710476,0
mcs10_r02_s35.A08,mcs10_r02_s35.B08,dal_dal,15,33,1344381552,615.671,0,10299054,4.46502,808322629,808322629,0
mcs10_r02_s35.A09,mcs10_r02_s35.B09,dal_dal,15,47,1314376047,590.967,0,2750522,1.13328,794191877,794191877,0
mcs10_r02_s40.A00,mcs10_r02_s40.B00,dal_dal,16,39,4248085890,1000.02,1,119300588,26.1319,2545980519,2545980519,0
mcs10_r02_s40.A01,mcs10_r02_s40.B01,dal_dal,17,47,4174156218,1000.02,1,1944845779,453.325,2512579577,2512579577,0
mcs10_r02_s40.A02,mcs10_r02_s40.B02,dal_dal,16,43,2090946979,1000.02,1,1573320,0.646596,1246132920,1246132920,0
mcs10_r02_s40.A03,mcs10_r02_s40.B03,dal_dal,16,43,2117534207,1000.02,1,475777038,211.953,1240305133,1240305133,0
mcs10_r02_s40.A04,mcs10_r02_s40.B04,dal_dal,16,44,4294412735,1000.02,1,145342803,32.0536,2555554218,2555554218,0
mcs10_r02_s40.A05,mcs10_r02_s40.B05,dal_dal,16,42,4179662203,1000.02,1,217065719,48.7679,2471704612,2471704612,0
mcs10_r02_s40.A06,mcs10_r02_s40.B06,dal_dal,16,43,4323756033,1000.02,1,38110814,7.94887,2592546764,2592546764,0
mcs10_r02_s40.A07,mcs10_r02_s40.B07,dal_dal,16,43,4304834470,1000.02,1,7831858,1.62096,2586146165,2586146165,0
mcs10_r02_s40.A08,mcs10_r02_s40.B08,dal_dal,16,44,4307703654,1000.02,1,183790161,39.5403,2563554180,2563554180,0
mcs10_r02_s40.A09,mcs10_r02_s40.B09,dal_dal,16,44,4395608878,1000.02,1,3216218,0.701058,2673516154,2673516154,0
mcs10_r02_s50.A00,mcs10_r02_s50.B00,dal_dal,17,61,4086764907,1000.01,1,160186199,36.5036,2391172341,2391172341,0
mcs10_r02_s50.A01,mcs10_r02_s50.B01,dal_dal,17,59,3945593394,1000.02,1,98288838,23.0965,2270434706,2270434706,0
mcs10_r02_s50.A02,mcs10_r02_s50.B02,dal_dal,17,52,4020434162,1000.02,1,129643220,29.5644,2326750393,2326750393,0
mcs10_r02_s50.A03,mcs10_r02_s50.B03,dal_dal,17,51,3990660054,1000.01,1,393010915,93.0198,2303470909,2303470909,0
mcs10_r02_s50.A04,mcs10_r02_s50.B04,dal_dal,18,60,3811036386,1000.01,1,503370853,125.034,2214626137,2214626137,0
mcs10_r02_s50.A05,mcs10_r02_s50.B05,dal_dal,17,52,4091886860,1000.02,1,61635825,14.2032,2363857793,2363857793,0
mcs10_r02_s50.A06,mcs10_r02_s50.B06,dal_dal,17,40,4077900481,1000.02,1,148608330,34.272,2348566630,2348566630,0
mcs10_r02_s50.A07,mcs10_r02_s50.B07,dal_dal,17,51,4044754669,1000.02,1,17518797,3.9951,2356067638,2356067638,0
mcs10_r02_s50.A08,mcs10_r02_s50.B08,dal_dal,17,53,4091470663,1000.02,1,215121840,49.2454,2408697961,2408697961,0
mcs10_r02_s50.A09,mcs10_r02_s50.B09,dal_dal,17,61,4018206236,1000.02,1,56073553,12.7583,2312556529,2312556529,0
mcs10_r02_s60.A00,mcs10_r02_s60.B00,dal_dal,18,60,3809459747,1000.02,1,158457934,37.9909,2153374883,2153374883,0
mcs10_r02_s60.A01,mcs10_r02_s60.B01,dal_dal,18,64,3925642381,1000.02,1,321946365,76.6766,2219474151,2219474151,0
mcs10_r02_s60.A02,mcs10_r02_s60.B02,dal_dal,18,56,3994480928,1000.02,1,14719598,3.43338,2299508818,2299508818,0
mcs10_r02_s60.A03,mcs10_r02_s60.B03,dal_dal,18,56,3807194015,1000.02,1,293197601,70.9745,2152291185,2152291185,0
mcs10_r02_s60.A04,mcs10_r02_s60.B04,dal_dal,18,63,3776348923,1000.01,1,310212,0.0649731,2150957018,2150957018,0
mcs10_r02_s60.A05,mcs10_r02_s60.B05,dal_dal,18,62,3816306037,1000.02,1,360179483,87.9222,2138192709,2138192709,0
mcs10_r02_s60.A06,mcs10_r02_s60.B06,dal_dal,18,62,3886918191,1000.02,1,1173566113,285.68,2202852120,2202852120,0
mcs10_r02_s60.A07,mcs10_r02_s60.B07,dal_dal,18,71,3900518857,1000.01,1,402887730,96.8043,2189037184,2189037184,0
mcs10_r02_s60.A08,mcs10_r02_s60.B08,dal_dal,18,63,3888950845,1000.01,1,1242173659,307.335,2208932697,2208932697,0
mcs10_r02_s60.A09,mcs10_r02_s60.B09,dal_dal,18,56,3827379075,1000.02,1,951281609,236.078,2154563749,2154563749,0
mcs10_r02_s70.A00,mcs10_r02_s70.B00,dal_dal,19,67,3626693528,1000.01,1,389282978,99.1583,2016701899,2016701899,0
mcs10_r02_s70.A01,mcs10_r02_s70.B01,dal_dal,19,69,3759102105,1000.01,1,1624897392,416.352,2072819558,2072819558,0
mcs10_r02_s70.A02,mcs10_r02_s70.B02,dal_dal,18,59,3832721697,1000.02,1,110066387,25.9683,2115751862,2115751862,0
mcs10_r02_s70.A03,mcs10_r02_s70.B03,dal_dal,19,73,3857898896,1000.02,1,2138631909,537.399,2207045556,2207045556,0
mcs10_r02_s70.A04,mcs10_r02_s70.B04,dal_dal,18,59,3858285162,1000.01,1,16307479,3.79329,2123956963,2123956963,0
mcs10_r02_s70.A05,mcs10_r02_s70.B05,dal_dal,18,64,3939302489,1000.02,1,307343803,71.8412,2175535987,2175535987,0
mcs10_r02_s70.A06,mcs10_r02_s70.B06,dal_dal,19,61,3682168676,1000.02,1,396947242,100.244,2045583576,2045583576,0
mcs10_r02_s70.A07,mcs10_r02_s70.B07,dal_dal,19,70,3840085202,1000.02,1,693640671,171.334,2156051946,2156051946,0
mcs10_r02_s70.A08,mcs10_r02_s70.B08,dal_dal,19,64,3849821884,1000.01,1,1271245362,316.001,2143519968,2143519968,0
mcs10_r02_s70.A09,mcs10_r02_s70.B09,dal_dal,19,65,3814496988,1000.02,1,422339889,102.019,2133107841,2133107841,0
mcs10_r02_s80.A00,mcs10_r02_s80.B00,dal_dal,19,67,3678608339,1000.02,1,195029311,48.5052,2003778481,2003778481,0
mcs10_r02_s80.A01,mcs10_r02_s80.B01,dal_dal,19,49,3789406640,1000.02,1,28518656,6.77705,2077673136,2077673136,0
mcs10_r02_s80.A02,mcs10_r02_s80.B02,dal_dal,19,57,3762246370,1000.02,1,104689747,25.9071,2064837691,2064837691,0
mcs10_r02_s80.A03,mcs10_r02_s80.B03,dal_dal,20,79,3517202133,1000.01,1,211614755,55.9545,1937490412,1937490412,0
mcs10_r02_s80.A04,mcs10_r02_s80.B04,dal_dal,19,75,3853628412,1000.01,1,24187545,5.71061,2165494721,2165494721,0
mcs10_r02_s80.A05,mcs10_r02_s80.B05,dal_dal,19,63,3841918174,1000.01,1,1688568806,419.842,2109942182,2109942182,0
mcs10_r02_s80.A06,mcs10_r02_s80.B06,dal_dal,19,68,3805956125,1000.02,1,8885173,2.05164,2095773144,2095773144,0
mcs10_r02_s80.A07,mcs10_r02_s80.B07,dal_dal,19,82,3716220745,1000.02,1,48508891,12.163,2030642105,2030642105,0
mcs10_r02_s80.A08,mcs10_r02_s80.B08,dal_dal,19,73,3776198905,1000.02,1,220605131,53.9738,2104648785,2104648785,0
mcs10_r02_s80.A09,mcs10_r02_s80.B09,dal_dal,19,75,3763650834,1000.02,1,320901950,78.7183,2086606189,2086606189,0
mcs10_r02_s90.A00,mcs10_r02_s90.B00,dal_dal,19,66,3842232565,1000.02,1,77808465,18.773,2063670391,2063670391,0
mcs10_r02_s90.A01,mcs10_r02_s90.B01,dal_dal,19,78,3951957606,1000.02,1,12403298,2.91098,2130212822,2130212822,0
mcs10_r02_s90.A02,mcs10_r02_s90.B02,dal_dal,20,78,3834379319,1000.02,1,40638133,9.70285,2101394986,2101394986,0
mcs10_r02_s90.A03,mcs10_r02_s90.B03,dal_dal,20,93,3778304058,1000.01,1,1066028062,265.604,2076834862,2076834862,0
mcs10_r02_s90.A04,mcs10_r02_s90.B04,dal_dal,20,71,3981960866,1000.01,1,3941014892,988.697,2171368143,2171368143,0
mcs10_r02_s90.A05,mcs10_r02_s90.B05,dal_dal,19,75,3888349479,1000.02,1,1823570,0.410611,2094144569,2094144569,0
mcs10_r02_s90.A06,mcs10_r02_s90.B06,dal_dal,19,68,3796020542,1000.01,1,48828642,11.5178,2053817414,2053817414,0
mcs10_r02_s90.A07,mcs10_r02_s90.B07,dal_dal,20,74,3787306045,1000.02,1,2521367406,647.419,2030064018,2030064018,0
mcs10_r02_s90.A08,mcs10_r02_s90.B08,dal_dal,19,60,3789780346,1000.02,1,28513508,6.83252,2045432146,2045432146,0
mcs10_r02_s90.A09,mcs10_r02_s90.B09,dal_dal,20,73,3941908555,1000.01,1,3857302552,977.43,2141148225,2141148225,0
mcs30_b03_s100.A00,mcs30_b03_s100.B00,dal_dal,67,77,13552102497,1000.02,1,2380091964,128.602,10992973338,10992973338,0
mcs30_b03_s100.A01,mcs30_b03_s100.B01,dal_dal,68,80,8624192826,1000.02,1,502057335,57.4702,7279790949,7279790949,0
mcs30_b03_s100.A02,mcs30_b03_s100.B02,dal_dal,69,80,5876498202,1000.01,1,540665925,75.4568,5137438000,5137438000,0
mcs30_b03_s100.A03,mcs30_b03_s100.B03,dal_dal,64,53,18571276215,1000.02,1,17807469641,941.41,15511598494,15511598494,0
mcs30_b03_s100.A04,mcs30_b03_s100.B04,dal_dal,60,75,17131656702,1000.02,1,344,9.61E-05,13346339372,13346339372,0
mcs30_b03_s100.A05,mcs30_b03_s100.B05,dal_dal,68,78,11399541034,1000.01,1,162132,0.0168058,9463129190,9463129190,0
mcs30_b03_s100.A06,mcs30_b03_s100.B06,dal_dal,64,74,20316300517,1000.02,1,64428230,3.30088,16480687700,16480687700,0
mcs30_b03_s100.A07,mcs30_b03_s100.B07,dal_dal,67,79,7634943677,1000.02,1,2742600547,347.634,6793069473,6793069473,0
mcs30_b03_s100.A08,mcs30_b03_s100.B08,dal_dal,62,74,20169829145,1000.02,1,6788196,0.739325,16642365185,16642365185,0
mcs30_b03_s100.A09,mcs30_b03_s100.B09,dal_dal,67,66,9638223227,1000.02,1,3852044069,261.965,7709812312,7709812312,0
mcs30_b03_s15.A00,mcs30_b03_s15.B00,dal_dal,11,12,5057,0.000659072,0,19,1.08E-05,3521,3521,0
mcs30_b03_s15.A01,mcs30_b03_s15.B01,dal_dal,12,11,1541,0.000236596,0,1014,0.000141092,1027,1027,0
mcs30_b03_s15.A02,mcs30_b03_s15.B02,dal_dal,11,11,8242,0.00226203,0,641,0.00015932,5821,5821,0
mcs30_b03_s15.A03,mcs30_b03_s15.B03,dal_dal,11,13,4650,0.000639483,0,605,8.08E-05,3208,3208,0
mcs30_b03_s15.A04,mcs30_b03_s15.B04,dal_dal,11,11,3979,0.00050437,0,513,6.27E-05,2574,2574,0
mcs30_b03_s15.A05,mcs30_b03_s15.B05,dal_dal,11,10,4734,0.000602776,0,372,5.05E-05,3132,3132,0
mcs30_b03_s15.A06,mcs30_b03_s15.B06,dal_dal,11,17,6475,0.00173477,0,1993,0.000554383,4302,4302,0
mcs30_b03_s15.A07,mcs30_b03_s15.B07,dal_dal,12,12,1718,0.000274093,0,515,6.62E-05,1273,1273,0
mcs30_b03_s15.A08,mcs30_b03_s15.B08,dal_dal,11,10,4714,0.000616408,0,877,0.000115885,3300,3300,0
mcs30_b03_s15.A09,mcs30_b03_s15.B09,dal_dal,12,12,1425,0.000228324,0,491,6.76E-05,998,998,0
mcs30_b03_s20.A00,mcs30_b03_s20.B00,dal_dal,15,15,39303,0.00961248,0,1864,0.000369876,26315,26315,0
mcs30_b03_s20.A01,mcs30_b03_s20.B01,dal_dal,15,19,39494,0.0102891,0,1586,0.000362685,26499,26499,0
mcs30_b03_s20.A02,mcs30_b03_s20.B02,dal_dal,15,12,92500,0.011893,0,7977,0.000944041,60632,60632,0
mcs30_b03_s20.A03,mcs30_b03_s20.B03,dal_dal,15,17,110116,0.0128054,0,89747,0.0101811,73297,73297,0
mcs30_b03_s20.A04,mcs30_b03_s20.B04,dal_dal,15,17,24219,0.00297427,0,2052,0.000257027,16491,16491,0
mcs30_b03_s20.A05,mcs30_b03_s20.B05,dal_dal,15,13,253209,0.0461322,0,207410,0.0360853,185478,185478,0
mcs30_b03_s20.A06,mcs30_b03_s20.B06,dal_dal,15,20,42767,0.00979568,0,18170,0.00329425,30893,30893,0
mcs30_b03_s20.A07,mcs30_b03_s20.B07,dal_dal,16,14,15128,0.00208903,0,8590,0.0011544,10869,10869,0
mcs30_b03_s20.A08,mcs30_b03_s20.B08,dal_dal,16,19,19053,0.00242819,0,8644,0.000953106,13392,13392,0
mcs30_b03_s20.A09,mcs30_b03_s20.B09,dal_dal,15,17,37563,0.00450339,0,11426,0.00118574,25091,25091,0
mcs30_b03_s25.A00,mcs30_b03_s25.B00,dal_dal,19,17,773555,0.163013,0,333616,0.0549108,601841,601841,0
mcs30_b03_s25.A01,mcs30_b03_s25.B01,dal_dal,20,21,160131,0.0406093,0,81251,0.0190682,109366,109366,0
mcs30_b03_s25.A02,mcs30_b03_s25.B02,dal_dal,19,24,318583,0.0379417,0,40512,0.00372651,230413,230413,0
mcs30_b03_s25.A03,mcs30_b03_s25.B03,dal_dal,20,21,177522,0.0212786,0,168209,0.0201512,113820,113820,0
mcs30_b03_s25.A04,mcs30_b03_s25.B04,dal_dal,20,21,86732,0.0120149,0,33288,0.00441132,59524,59524,0
mcs30_b03_s25.A05,mcs30_b03_s25.B05,dal_dal,19,25,909099,0.208851,0,290386,0.0584069,644633,644633,0
mcs30_b03_s25.A06,mcs30_b03_s25.B06,dal_dal,19,18,681761,0.160725,0,74523,0.0157879,455938,455938,0
mcs30_b03_s25.A07,mcs30_b03_s25.B07,dal_dal,19,23,2075847,0.23466,0,1578680,0.176327,1528507,1528507,0
mcs30_b03_s25.A08,mcs30_b03_s25.B08,dal_dal,19,20,215533,0.0262508,0,59089,0.0065127,145338,145338,0
mcs30_b03_s25.A09,mcs30_b03_s25.B09,dal_dal,19,25,938984,0.111339,0,220165,0.0213642,681804,681804,0
mcs30_b03_s30.A00,mcs30_b03_s30.B00,dal_dal,23,23,3882592,0.518983,0,1188987,0.145396,2729660,2729660,0
mcs30_b03_s30.A01,mcs30_b03_s30.B01,dal_dal,23,26,2381081,0.622501,0,368053,0.0855061,1674811,1674811,0
mcs30_b03_s30.A02,mcs30_b03_s30.B02,dal_dal,23,26,5579958,1.4362,0,4288029,1.07952,3728625,3728625,0
mcs30_b03_s30.A03,mcs30_b03_s30.B03,dal_dal,24,30,1694845,0.219326,0,1488396,0.189565,1196523,1196523,0
mcs30_b03_s30.A04,mcs30_b03_s30.B04,dal_dal,24,34,2699102,0.354493,0,2558557,0.334397,1879876,1879876,0
mcs30_b03_s30.A05,mcs30_b03_s30.B05,dal_dal,23,25,2848007,0.321931,0,2096919,0.220927,2041444,2041444,0
mcs30_b03_s30.A06,mcs30_b03_s30.B06,dal_dal,22,27,39288317,4.7952,0,519727,0.0459752,26967641,26967641,0
mcs30_b03_s30.A07,mcs30_b03_s30.B07,dal_dal,24,28,802344,0.107241,0,595068,0.0763591,541746,541746,0
mcs30_b03_s30.A08,mcs30_b03_s30.B08,dal_dal,23,27,5686120,0.741827,0,661324,0.0826186,3830252,3830252,0
mcs30_b03_s30.A09,mcs30_b03_s30.B09,dal_dal,23,28,4132367,1.09289,0,3583666,0.946278,2945087,2945087,0
mcs30_b03_s35.A00,mcs30_b03_s35.B00,dal_dal,27,31,17591393,5.04191,0,644755,0.163447,12140554,12140554,0
mcs30_b03_s35.A01,mcs30_b03_s35.B01,dal_dal,27,33,36129529,4.73804,0,23252437,2.96005,24870552,24870552,0
mcs30_b03_s35.A02,mcs30_b03_s35.B02,dal_dal,28,34,9203127,1.25707,0,4366613,0.56612,6120597,6120597,0
mcs30_b03_s35.A03,mcs30_b03_s35.B03,dal_dal,27,34,35661909,4.71999,0,3536962,0.421605,24879698,24879698,0
mcs30_b03_s35.A04,mcs30_b03_s35.B04,dal_dal,27,26,16359937,2.2755,0,6644471,0.880103,11273621,11273621,0
mcs30_b03_s35.A05,mcs30_b03_s35.B05,dal_dal,27,30,18194190,2.45613,0,100642,0.0123818,12747437,12747437,0
mcs30_b03_s35.A06,mcs30_b03_s35.B06,dal_dal,28,29,33375218,8.3111,0,31764627,7.85179,22912624,22912624,0
mcs30_b03_s35.A07,mcs30_b03_s35.B07,dal_dal,27,29,29913881,8.16626,0,7590138,1.97268,19816826,19816826,0
mcs30_b03_s35.A08,mcs30_b03_s35.B08,dal_dal,27,33,5441311,0.75463,0,678750,0.0870312,3727005,3727005,0
mcs30_b03_s35.A09,mcs30_b03_s35.B09,dal_dal,27,27,77152127,9.95009,0,25302592,3.13095,54156889,54156889,0
mcs30_b03_s40.A00,mcs30_b03_s40.B00,dal_dal,31,35,564296207,52.6903,0,476005465,40.0233,445271925,445271925,0
mcs30_b03_s40.A01,mcs30_b03_s40.B01,dal_dal,31,38,327317047,46.7902,0,32202743,4.30285,222459949,222459949,0
mcs30_b03_s40.A02,mcs30_b03_s40.B02,dal_dal,31,35,135542829,18.7413,0,12089260,1.21433,96332044,96332044,0
mcs30_b03_s40.A03,mcs30_b03_s40.B03,dal_dal,31,39,347222880,47.0457,0,155681548,19.9049,243534589,243534589,0
mcs30_b03_s40.A04,mcs30_b03_s40.B04,dal_dal,31,37,211528275,60.3286,0,14217227,3.74156,147053210,147053210,0
mcs30_b03_s40.A05,mcs30_b03_s40.B05,dal_dal,31,39,46711298,13.7866,0,11662379,3.24588,32829834,32829834,0
mcs30_b03_s40.A06,mcs30_b03_s40.B06,dal_dal,31,32,240327525,68.8924,0,14515283,3.64509,164569209,164569209,0
mcs30_b03_s40.A07,mcs30_b03_s40.B07,dal_dal,31,44,71185717,9.72747,0,16269856,1.92234,49069772,49069772,0
mcs30_b03_s40.A08,mcs30_b03_s40.B08,dal_dal,31,37,67898178,9.48218,0,24135286,3.09667,48286159,48286159,0
mcs30_b03_s40.A09,mcs30_b03_s40.B09,dal_dal,31,36,221118773,30.5357,0,129102942,17.2464,151331164,151331164,0
mcs30_b03_s50.A00,mcs30_b03_s50.B00,dal_dal,40,42,3761873255,553.58,0,3661497171,538.084,2640797392,2640797392,0
mcs30_b03_s50.A01,mcs30_b03_s50.B01,dal_dal,39,45,6790603901,1000.02,1,1305902472,185.037,4650839794,4650839794,0
mcs30_b03_s50.A02,mcs30_b03_s50.B02,dal_dal,39,42,3449669333,516.009,0,159861839,22.5916,2494968015,2494968015,0
mcs30_b03_s50.A03,mcs30_b03_s50.B03,dal_dal,39,48,6736589906,1000.02,1,855607293,120.816,4847073598,4847073598,0
mcs30_b03_s50.A04,mcs30_b03_s50.B04,dal_dal,39,50,6716231283,1000.02,1,299153667,35.5675,4753470404,4753470404,0
mcs30_b03_s50.A05,mcs30_b03_s50.B05,dal_dal,40,41,3611019965,531.418,0,3331235102,486.975,2614234028,2614234028,0
mcs30_b03_s50.A06,mcs30_b03_s50.B06,dal_dal,38,48,7089096972,1000.02,1,1004012336,126.795,5020855666,5020855666,0
mcs30_b03_s50.A07,mcs30_b03_s50.B07,dal_dal,39,51,6968604330,1000.01,1,6783460643,972.174,4890281810,4890281810,0
mcs30_b03_s50.A08,mcs30_b03_s50.B08,dal_dal,38,50,3570158482,1000.02,1,466220328,123.669,2502254686,2502254686,0
mcs30_b03_s50.A09,mcs30_b03_s50.B09,dal_dal,38,40,6815542016,1000.01,1,10011511,1.35924,4739356447,4739356447,0
mcs30_b03_s60.A00,mcs30_b03_s60.B00,dal_dal,43,46,7323288097,1000.01,1,506548226,46.7363,5325605189,5325605189,0
mcs30_b03_s60.A01,mcs30_b03_s60.B01,dal_dal,45,60,8017248676,1000.01,1,6572740964,798.129,5968395645,5968395645,0
mcs30_b03_s60.A02,mcs30_b03_s60.B02,dal_dal,45,53,6043307109,1000.02,1,2622396934,371.147,4399141006,4399141006,0
mcs30_b03_s60.A03,mcs30_b03_s60.B03,dal_dal,46,56,6979387107,1000,1,681566178,59.1932,5086335916,5086335916,0
mcs30_b03_s60.A04,mcs30_b03_s60.B04,dal_dal,46,53,6506432427,1000.02,1,574862725,81.754,4599841070,4599841070,0
mcs30_b03_s60.A05,mcs30_b03_s60.B05,dal_dal,46,52,6836296693,1000.02,1,482173030,23.6961,4810735511,4810735511,0
mcs30_b03_s60.A06,mcs30_b03_s60.B06,dal_dal,46,52,6473983070,1000.01,1,461650002,65.542,4622117683,4622117683,0
mcs30_b03_s60.A07,mcs30_b03_s60.B07,dal_dal,44,43,8209127095,1000.01,1,4158085422,430.47,6334894114,6334894114,0
mcs30_b03_s60.A08,mcs30_b03_s60.B08,dal_dal,44,51,6821752723,1000.02,1,4459582547,645.929,4895565571,4895565571,0
mcs30_b03_s60.A09,mcs30_b03_s60.B09,dal_dal,44,55,3605536412,1000.01,1,749133027,205.722,2575585514,2575585514,0
mcs30_b03_s70.A00,mcs30_b03_s70.B00,dal_dal,52,61,3546877868,1000.01,1,1406642116,312.782,2657250072,2657250072,0
mcs30_b03_s70.A01,mcs30_b03_s70.B01,dal_dal,47,50,11873420411,1000.01,1,38462146,2.28368,10210217089,10210217089,0
mcs30_b03_s70.A02,mcs30_b03_s70.B02,dal_dal,53,55,6712139183,1000.02,1,5327099752,779.232,4758456540,4758456540,0
mcs30_b03_s70.A03,mcs30_b03_s70.B03,dal_dal,51,61,7211964815,1000,1,5880494253,807.963,5125153918,5125153918,0
mcs30_b03_s70.A04,mcs30_b03_s70.B04,dal_dal,52,71,6991026783,1000.02,1,4355953847,600.094,4988454231,4988454231,0
mcs30_b03_s70.A05,mcs30_b03_s70.B05,dal_dal,50,48,7039766727,1000.02,1,1206294910,161.058,5220365905,5220365905,0
mcs30_b03_s70.A06,mcs30_b03_s70.B06,dal_dal,47,48,9349248344,1000.01,1,7589027559,757.442,7833346838,7833346838,0
mcs30_b03_s70.A07,mcs30_b03_s70.B07,dal_dal,48,56,9997676518,1000.02,1,8163042722,709.649,8003223847,8003223847,0
mcs30_b03_s70.A08,mcs30_b03_s70.B08,dal_dal,52,59,6711981819,1000.02,1,4234465239,592.328,4887981658,4887981658,0
mcs30_b03_s70.A09,mcs30_b03_s70.B09,dal_dal,40,46,15983035276,1000.02,1,1410434483,96.1609,13356163805,13356163805,0
mcs30_b03_s80.A00,mcs30_b03_s80.B00,dal_dal,58,68,7805958455,1000.01,1,4112572708,404.471,6352565958,6352565958,0
mcs30_b03_s80.A01,mcs30_b03_s80.B01,dal_dal,57,71,17244038673,1000.02,1,3771284177,239.637,14601066932,14601066932,0
mcs30_b03_s80.A02,mcs30_b03_s80.B02,dal_dal,57,67,13651878730,1000.02,1,844984397,45.4326,11614844384,11614844384,0
mcs30_b03_s80.A03,mcs30_b03_s80.B03,dal_dal,59,69,6305935967,1000.01,1,10891659,1.41157,4647641188,4647641188,0
mcs30_b03_s80.A04,mcs30_b03_s80.B04,dal_dal,57,60,8280168854,1000.02,1,1204973464,83.5352,6990823868,6990823868,0
mcs30_b03_s80.A05,mcs30_b03_s80.B05,dal_dal,56,68,12344863161,1000.02,1,3404571673,389.238,10234953861,10234953861,0
mcs30_b03_s80.A06,mcs30_b03_s80.B06,dal_dal,54,58,17301602967,1000.02,1,1945146,0.237469,14689426860,14689426860,0
mcs30_b03_s80.A07,mcs30_b03_s80.B07,dal_dal,58,66,6308838753,1000,1,3549514729,565.975,4838941016,4838941016,0
mcs30_b03_s80.A08,mcs30_b03_s80.B08,dal_dal,50,60,14048903845,1000.02,1,17004,0.0027445,12167466133,12167466133,0
mcs30_b03_s80.A09,mcs30_b03_s80.B09,dal_dal,60,75,8224767295,1000.01,1,5374482016,492.55,6412722849,6412722849,0
mcs30_b03_s90.A00,mcs30_b03_s90.B00,dal_dal,59,69,11665362036,1000.01,1,510401,0.0504744,9754078019,9754078019,0
mcs30_b03_s90.A01,mcs30_b03_s90.B01,dal_dal,64,66,6756735708,1000.02,1,4819245047,682.943,5320758817,5320758817,0
mcs30_b03_s90.A02,mcs30_b03_s90.B02,dal_dal,57,61,10591216283,1000.02,1,50653719,2.96018,9400727127,9400727127,0
mcs30_b03_s90.A03,mcs30_b03_s90.B03,dal_dal,57,60,9869620659,1000.02,1,6977,0.000615056,8736209211,8736209211,0
mcs30_b03_s90.A04,mcs30_b03_s90.B04,dal_dal,61,65,10137666224,1000.02,1,6806881643,547.165,9138512726,9138512726,0
mcs30_b03_s90.A05,mcs30_b03_s90.B05,dal_dal,57,64,11217720845,1000.01,1,1607965330,89.2746,10053560337,10053560337,0
mcs30_b03_s90.A06,mcs30_b03_s90.B06,dal_dal,60,70,10804659736,1000.01,1,6939032308,638.767,9610639972,9610639972,0
mcs30_b03_s90.A07,mcs30_b03_s90.B07,dal_dal,65,74,7479375272,1000,1,915574082,91.0135,6084610888,6084610888,0
mcs30_b03_s90.A08,mcs30_b03_s90.B08,dal_dal,56,60,18736801817,1000.02,1,133885,0.00703109,14660819673,14660819673,0
mcs30_b03_s90.A09,mcs30_b03_s90.B09,dal_dal,61,58,15178670490,1000.02,1,9894620139,590.506,12672261295,12672261295,0
mcs30_b03m_s100.A00,mcs30_b03m_s100.B00,dal_dal,62,72,15595520328,1000.01,1,9308428723,534.671,12943209311,12943209311,0
mcs30_b03m_s100.A01,mcs30_b03m_s100.B01,dal_dal,70,74,8402261190,1000.02,1,2915738952,268.622,7577471691,7577471691,0
mcs30_b03m_s100.A02,mcs30_b03m_s100.B02,dal_dal,61,63,16365867696,1000.02,1,147941,0.00823813,13760508360,13760508360,0
mcs30_b03m_s100.A03,mcs30_b03m_s100.B03,dal_dal,63,76,9913636231,1000.02,1,1516461,0.0853297,8756690642,8756690642,0
mcs30_b03m_s100.A04,mcs30_b03m_s100.B04,dal_dal,69,84,10620320977,1000.02,1,3843607,0.444885,8903672736,8903672736,0
mcs30_b03m_s100.A05,mcs30_b03m_s100.B05,dal_dal,63,78,16726381852,1000.02,1,318319333,14.6363,14203803149,14203803149,0
mcs30_b03m_s100.A06,mcs30_b03m_s100.B06,dal_dal,60,63,20056691171,1000.03,1,12279639851,609.63,15618040184,15618040184,0
mcs30_b03m_s100.A07,mcs30_b03m_s100.B07,dal_dal,60,61,19943613054,1000.02,1,1724,0.000351328,16591053274,16591053274,0
mcs30_b03m_s100.A08,mcs30_b03m_s100.B08,dal_dal,68,80,8419262234,1000.02,1,97897014,11.7259,6732702956,6732702956,0
mcs30_b03m_s100.A09,mcs30_b03m_s100.B09,dal_dal,62,62,14962152038,1000,1,298732,0.032152,12987306046,12987306046,0
mcs30_b03m_s15.A00,mcs30_b03m_s15.B00,dal_dal,12,13,1365,0.000205449,0,650,7.97E-05,907,907,0
mcs30_b03m_s15.A01,mcs30_b03m_s15.B01,dal_dal,11,9,4736,0.000569747,0,2030,0.000221523,3036,3036,0
mcs30_b03m_s15.A02,mcs30_b03m_s15.B02,dal_dal,11,16,4646,0.0006184,0,52,1.44E-05,3130,3130,0
mcs30_b03m_s15.A03,mcs30_b03m_s15.B03,dal_dal,12,15,1732,0.000275084,0,1163,0.000160001,1189,1189,0
mcs30_b03m_s15.A04,mcs30_b03m_s15.B04,dal_dal,11,14,9064,0.001001,0,2306,0.000228984,6339,6339,0
mcs30_b03m_s15.A05,mcs30_b03m_s15.B05,dal_dal,12,10,3227,0.000455725,0,2435,0.000310858,2300,2300,0
mcs30_b03m_s15.A06,mcs30_b03m_s15.B06,dal_dal,11,14,6427,0.000967084,0,523,7.42E-05,4539,4539,0
mcs30_b03m_s15.A07,mcs30_b03m_s15.B07,dal_dal,11,11,7749,0.000768486,0,4574,0.000410207,5385,5385,0
mcs30_b03m_s15.A08,mcs30_b03m_s15.B08,dal_dal,11,13,3989,0.00050537,0,75,1.46E-05,2643,2643,0
mcs30_b03m_s15.A09,mcs30_b03m_s15.B09,dal_dal,12,11,5542,0.000661815,0,5325,0.00061231,3751,3751,0
mcs30_b03m_s20.A00,mcs30_b03m_s20.B00,dal_dal,15,16,33337,0.00412378,0,5100,0.000474584,23443,23443,0
mcs30_b03m_s20.A01,mcs30_b03m_s20.B01,dal_dal,15,20,26226,0.0033584,0,5615,0.000600683,17607,17607,0
mcs30_b03m_s20.A02,mcs30_b03m_s20.B02,dal_dal,15,18,39008,0.00399274,0,21655,0.00184732,27308,27308,0
mcs30_b03m_s20.A03,mcs30_b03m_s20.B03,dal_dal,15,19,60723,0.00731106,0,29413,0.00326722,41270,41270,0
mcs30_b03m_s20.A04,mcs30_b03m_s20.B04,dal_dal,15,18,70287,0.00902957,0,1251,0.000137096,47459,47459,0
mcs30_b03m_s20.A05,mcs30_b03m_s20.B05,dal_dal,15,18,41821,0.00501843,0,2769,0.00029957,28902,28902,0
mcs30_b03m_s20.A06,mcs30_b03m_s20.B06,dal_dal,15,15,78788,0.00820796,0,58124,0.00560871,55832,55832,0
mcs30_b03m_s20.A07,mcs30_b03m_s20.B07,dal_dal,16,17,20089,0.00241961,0,15740,0.00180359,13138,13138,0
mcs30_b03m_s20.A08,mcs30_b03m_s20.B08,dal_dal,15,18,32839,0.00393849,0,40,1.47E-05,21383,21383,0
mcs30_b03m_s20.A09,mcs30_b03m_s20.B09,dal_dal,15,21,28077,0.00367617,0,1512,0.000198428,19560,19560,0
mcs30_b03m_s25.A00,mcs30_b03m_s25.B00,dal_dal,20,27,210179,0.028167,0,175694,0.0231541,139730,139730,0
mcs30_b03m_s25.A01,mcs30_b03m_s25.B01,dal_dal,19,22,319564,0.0390308,0,54875,0.00624059,221805,221805,0
mcs30_b03m_s25.A02,mcs30_b03m_s25.B02,dal_dal,19,22,307173,0.0369612,0,44644,0.00497006,205649,205649,0
mcs30_b03m_s25.A03,mcs30_b03m_s25.B03,dal_dal,19,21,500741,0.0621685,0,60323,0.00670637,344685,344685,0
mcs30_b03m_s25.A04,mcs30_b03m_s25.B04,dal_dal,19,21,632133,0.0713528,0,80734,0.00803156,436514,436514,0
mcs30_b03m_s25.A05,mcs30_b03m_s25.B05,dal_dal,19,20,662002,0.0746339,0,567599,0.0627055,476869,476869,0
mcs30_b03m_s25.A06,mcs30_b03m_s25.B06,dal_dal,19,19,470706,0.0540916,0,357871,0.0398183,327863,327863,0
mcs30_b03m_s25.A07,mcs30_b03m_s25.B07,dal_dal,19,22,174378,0.021534,0,9075,0.00100073,114536,114536,0
mcs30_b03m_s25.A08,mcs30_b03m_s25.B08,dal_dal,19,11,5680067,0.578034,0,4500829,0.42582,4565901,4565901,0
mcs30_b03m_s25.A09,mcs30_b03m_s25.B09,dal_dal,19,19,304469,0.0365982,0,47197,0.00510246,207497,207497,0
mcs30_b03m_s30.A00,mcs30_b03m_s30.B00,dal_dal,23,25,2199859,0.271436,0,477473,0.0537055,1505734,1505734,0
mcs30_b03m_s30.A01,mcs30_b03m_s30.B01,dal_dal,23,29,2097612,0.268944,0,105885,0.0103542,1463992,1463992,0
mcs30_b03m_s30.A02,mcs30_b03m_s30.B02,dal_dal,23,26,848423,0.114295,0,135017,0.0148263,611257,611257,0
mcs30_b03m_s30.A03,mcs30_b03m_s30.B03,dal_dal,23,24,3718112,0.483724,0,69630,0.00743282,2520335,2520335,0
mcs30_b03m_s30.A04,mcs30_b03m_s30.B04,dal_dal,23,23,1267849,0.178395,0,7014,0.000819773,890579,890579,0
mcs30_b03m_s30.A05,mcs30_b03m_s30.B05,dal_dal,23,32,825097,0.108148,0,69995,0.00838254,568509,568509,0
mcs30_b03m_s30.A06,mcs30_b03m_s30.B06,dal_dal,23,26,4286717,0.546823,0,1601564,0.195409,3008795,3008795,0
mcs30_b03m_s30.A07,mcs30_b03m_s30.B07,dal_dal,23,26,2725204,0.339845,0,1002551,0.117193,1919504,1919504,0
mcs30_b03m_s30.A08,mcs30_b03m_s30.B08,dal_dal,23,26,2241126,0.280111,0,306673,0.036631,1598143,1598143,0
mcs30_b03m_s30.A09,mcs30_b03m_s30.B09,dal_dal,23,23,5289582,0.697246,0,755957,0.0945407,3450766,3450766,0
mcs30_b03m_s35.A00,mcs30_b03m_s35.B00,dal_dal,27,39,19416970,2.62923,0,1673693,0.204235,13403933,13403933,0
mcs30_b03m_s35.A01,mcs30_b03m_s35.B01,dal_dal,27,27,12015359,1.58385,0,7268056,0.906701,8526575,8526575,0
mcs30_b03m_s35.A02,mcs30_b03m_s35.B02,dal_dal,28,30,2609817,0.354114,0,1279517,0.162091,1786185,1786185,0
mcs30_b03m_s35.A03,mcs30_b03m_s35.B03,dal_dal,27,28,25383146,3.46651,0,2592725,0.301608,16878037,16878037,0
mcs30_b03m_s35.A04,mcs30_b03m_s35.B04,dal_dal,27,34,21093188,2.83928,0,925263,0.116375,14484174,14484174,0
mcs30_b03m_s35.A05,mcs30_b03m_s35.B05,dal_dal,27,32,14937797,1.93997,0,2217960,0.270231,10128852,10128852,0
mcs30_b03m_s35.A06,mcs30_b03m_s35.B06,dal_dal,28,36,34732885,4.39656,0,25820372,3.15947,23639100,23639100,0
mcs30_b03m_s35.A07,mcs30_b03m_s35.B07,dal_dal,27,30,53599596,7.07318,0,1400211,0.15981,37056322,37056322,0
mcs30_b03m_s35.A08,mcs30_b03m_s35.B08,dal_dal,27,30,16690787,2.22752,0,1204231,0.105174,11863674,11863674,0
mcs30_b03m_s35.A09,mcs30_b03m_s35.B09,dal_dal,27,29,36474512,4.66887,0,23238951,2.95544,26949565,26949565,0
mcs30_b03m_s40.A00,mcs30_b03m_s40.B00,dal_dal,32,40,100184355,12.9149,0,83364994,10.4534,71218050,71218050,0
mcs30_b03m_s40.A01,mcs30_b03m_s40.B01,dal_dal,31,34,493218307,68.4024,0,69702273,9.47087,341411531,341411531,0
mcs30_b03m_s40.A02,mcs30_b03m_s40.B02,dal_dal,31,36,516648119,66.601,0,310826959,38.0266,366721798,366721798,0
mcs30_b03m_s40.A03,mcs30_b03m_s40.B03,dal_dal,32,39,32372645,4.38598,0,26447889,3.56181,23258554,23258554,0
mcs30_b03m_s40.A04,mcs30_b03m_s40.B04,dal_dal,31,38,212350351,28.4958,0,98696711,12.8859,146220186,146220186,0
mcs30_b03m_s40.A05,mcs30_b03m_s40.B05,dal_dal,31,42,181353708,24.3245,0,121132406,15.8831,123565981,123565981,0
mcs30_b03m_s40.A06,mcs30_b03m_s40.B06,dal_dal,31,35,196296940,27.4582,0,37035506,4.98515,130604363,130604363,0
mcs30_b03m_s40.A07,mcs30_b03m_s40.B07,dal_dal,31,34,55994272,8.05007,0,1456906,0.196528,40291498,40291498,0
mcs30_b03m_s40.A08,mcs30_b03m_s40.B08,dal_dal,31,41,213908458,29.9957,0,13432980,1.75856,153426251,153426251,0
mcs30_b03m_s40.A09,mcs30_b03m_s40.B09,dal_dal,31,34,660218912,84.7729,0,77223123,9.01061,486634166,486634166,0
mcs30_b03m_s50.A00,mcs30_b03m_s50.B00,dal_dal,39,48,6606738593,1000.02,1,1209107296,177.226,4784798272,4784798272,0
mcs30_b03m_s50.A01,mcs30_b03m_s50.B01,dal_dal,40,54,2827630962,401.342,0,1320442498,173.431,1976866563,1976866563,0
mcs30_b03m_s50.A02,mcs30_b03m_s50.B02,dal_dal,39,49,3307066342,1000.02,1,970611620,277.189,2363200268,2363200268,0
mcs30_b03m_s50.A03,mcs30_b03m_s50.B03,dal_dal,38,45,3557372204,1000.01,1,220491567,45.9184,2572669809,2572669809,0
mcs30_b03m_s50.A04,mcs30_b03m_s50.B04,dal_dal,39,50,6840382777,1000.02,1,346308266,43.4084,4926531999,4926531999,0
mcs30_b03m_s50.A05,mcs30_b03m_s50.B05,dal_dal,40,47,6784854836,1000.02,1,6618921036,974.314,4819998344,4819998344,0
mcs30_b03m_s50.A06,mcs30_b03m_s50.B06,dal_dal,39,41,6852296127,1000.02,1,5133803176,740.643,4900600004,4900600004,0
mcs30_b03m_s50.A07,mcs30_b03m_s50.B07,dal_dal,38,41,6949058281,1000.02,1,588480351,80.5612,5068802361,5068802361,0
mcs30_b03m_s50.A08,mcs30_b03m_s50.B08,dal_dal,38,49,7201473158,1000.02,1,851992077,112.338,4930870767,4930870767,0
mcs30_b03m_s50.A09,mcs30_b03m_s50.B09,dal_dal,39,52,7091269884,1000.02,1,5961420795,829.522,5228432881,5228432881,0
mcs30_b03m_s60.A00,mcs30_b03m_s60.B00,dal_dal,46,49,7366947538,1000.02,1,6805551403,913.205,6036538362,6036538362,0
mcs30_b03m_s60.A01,mcs30_b03m_s60.B01,dal_dal,45,53,6839418464,1000.01,1,3925229921,552.018,4903335052,4903335052,0
mcs30_b03m_s60.A02,mcs30_b03m_s60.B02,dal_dal,41,43,12295636696,1000.02,1,779264994,59.1987,10931211656,10931211656,0
mcs30_b03m_s60.A03,mcs30_b03m_s60.B03,dal_dal,44,44,6671389253,1000.02,1,5671570912,850.08,4824136267,4824136267,0
mcs30_b03m_s60.A04,mcs30_b03m_s60.B04,dal_dal,46,58,6558076667,1000.02,1,530680073,70.3091,4740362484,4740362484,0
mcs30_b03m_s60.A05,mcs30_b03m_s60.B05,dal_dal,45,53,6705656683,1000.02,1,2586627167,378.907,5166038897,5166038897,0
mcs30_b03m_s60.A06,mcs30_b03m_s60.B06,dal_dal,46,50,9105102422,1000.02,1,5030226316,359.842,6823634138,6823634138,0
mcs30_b03m_s60.A07,mcs30_b03m_s60.B07,dal_dal,45,50,6715962474,1000.02,1,1688582613,252.504,4901297120,4901297120,0
mcs30_b03m_s60.A08,mcs30_b03m_s60.B08,dal_dal,46,41,6906475589,1000.01,1,748047458,60.3879,5030372418,5030372418,0
mcs30_b03m_s60.A09,mcs30_b03m_s60.B09,dal_dal,46,56,7113663175,1000.02,1,3106532150,385.874,5311654742,5311654742,0
mcs30_b03m_s70.A00,mcs30_b03m_s70.B00,dal_dal,44,39,15668200747,1000.02,1,9690,0.00097774,13284072485,13284072485,0
mcs30_b03m_s70.A01,mcs30_b03m_s70.B01,dal_dal,51,55,7673187723,1000.02,1,39690617,2.85456,7020783841,7020783841,0
mcs30_b03m_s70.A02,mcs30_b03m_s70.B02,dal_dal,52,53,6461630600,1000.01,1,3851302418,583.598,4740898609,4740898609,0
mcs30_b03m_s70.A03,mcs30_b03m_s70.B03,dal_dal,51,51,6668054430,1000.01,1,3007723789,447.1,4858661748,4858661748,0
mcs30_b03m_s70.A04,mcs30_b03m_s70.B04,dal_dal,43,45,21060328057,1000.02,1,1479822,0.0743741,16505502018,16505502018,0
mcs30_b03m_s70.A05,mcs30_b03m_s70.B05,dal_dal,47,53,11578530899,1000.01,1,6689983433,549.906,9553537395,9553537395,0
mcs30_b03m_s70.A06,mcs30_b03m_s70.B06,dal_dal,52,54,6962247318,1000.01,1,58718939,7.72032,4939314173,4939314173,0
mcs30_b03m_s70.A07,mcs30_b03m_s70.B07,dal_dal,49,63,8479915780,1000.01,1,512171694,61.3146,6418958085,6418958085,0
mcs30_b03m_s70.A08,mcs30_b03m_s70.B08,dal_dal,51,59,7769620786,1000.01,1,6351325547,789.695,5853141105,5853141105,0
mcs30_b03m_s70.A09,mcs30_b03m_s70.B09,dal_dal,48,59,9259707474,1000.02,1,4256980391,465.221,7541980729,7541980729,0
mcs30_b03m_s80.A00,mcs30_b03m_s80.B00,dal_dal,59,69,7692315765,1000.01,1,4845107315,535.658,6009516432,6009516432,0
mcs30_b03m_s80.A01,mcs30_b03m_s80.B01,dal_dal,57,67,6252509927,1000.01,1,16934986,2.33193,5055316948,5055316948,0
mcs30_b03m_s80.A02,mcs30_b03m_s80.B02,dal_dal,52,59,17743584123,1000.01,1,90299454,4.52588,14020630029,14020630029,0
mcs30_b03m_s80.A03,mcs30_b03m_s80.B03,dal_dal,52,53,9737098424,1000.02,1,120172582,5.65778,8862945735,8862945735,0
mcs30_b03m_s80.A04,mcs30_b03m_s80.B04,dal_dal,51,57,14076031840,1000.01,1,15360317,0.821806,11984767631,11984767631,0
mcs30_b03m_s80.A05,mcs30_b03m_s80.B05,dal_dal,60,70,6304895523,1000.02,1,1282946730,167.994,4745175237,4745175237,0
mcs30_b03m_s80.A06,mcs30_b03m_s80.B06,dal_dal,61,67,6533580634,1000.01,1,4931254192,739.631,4555970122,4555970122,0
mcs30_b03m_s80.A07,mcs30_b03m_s80.B07,dal_dal,55,61,9955442410,1000.02,1,5539314075,487.479,8336892701,8336892701,0
mcs30_b03m_s80.A08,mcs30_b03m_s80.B08,dal_dal,59,69,7955687609,1000.01,1,4582246765,462.383,6196524409,6196524409,0
mcs30_b03m_s80.A09,mcs30_b03m_s80.B09,dal_dal,53,59,16982612846,1000.02,1,93179,0.00939405,13065526649,13065526649,0
mcs30_b03m_s90.A00,mcs30_b03m_s90.B00,dal_dal,58,62,10219950140,1000.01,1,102817311,5.36708,8530413504,8530413504,0
mcs30_b03m_s90.A01,mcs30_b03m_s90.B01,dal_dal,60,54,9730064961,1000.02,1,190520607,20.4256,8668606776,8668606776,0
mcs30_b03m_s90.A02,mcs30_b03m_s90.B02,dal_dal,68,79,6255877950,1000.02,1,3265145950,489.207,4737807169,4737807169,0
mcs30_b03m_s90.A03,mcs30_b03m_s90.B03,dal_dal,62,72,18217640029,1000.01,1,81011576,12.103,14846235009,14846235009,0
mcs30_b03m_s90.A04,mcs30_b03m_s90.B04,dal_dal,64,84,9022316653,1000.01,1,3079323782,246.276,8015295375,8015295375,0
mcs30_b03m_s90.A05,mcs30_b03m_s90.B05,dal_dal,60,65,16645863740,1000.02,1,966733642,56.247,13922894442,13922894442,0
mcs30_b03m_s90.A06,mcs30_b03m_s90.B06,dal_dal,61,75,10934220435,1000.01,1,1896192508,223.141,9475354685,9475354685,0
mcs30_b03m_s90.A07,mcs30_b03m_s90.B07,dal_dal,63,71,10836895513,1000.02,1,2430785590,225.136,9648574167,9648574167,0
mcs30_b03m_s90.A08,mcs30_b03m_s90.B08,dal_dal,59,75,12402846114,1000.01,1,1444045,0.135694,11226559050,11226559050,0
mcs30_b03m_s90.A09,mcs30_b03m_s90.B09,dal_dal,65,77,7823748075,1000.01,1,6140444031,733.379,6752015564,6752015564,0
mcs30_b06_s100.A00,mcs30_b06_s100.B00,dal_dal,53,85,7092238435,1000.02,1,4821452476,671.442,4897783150,4897783150,0
mcs30_b06_s100.A01,mcs30_b06_s100.B01,dal_dal,53,88,6864472809,1000.02,1,146701262,21.4586,4521066932,4521066932,0
mcs30_b06_s100.A02,mcs30_b06_s100.B02,dal_dal,50,92,7270294995,1000.01,1,372342424,39.3678,5255156823,5255156823,0
mcs30_b06_s100.A03,mcs30_b06_s100.B03,dal_dal,52,88,6312062080,1000.02,1,1760300084,268.773,4010474500,4010474500,0
mcs30_b06_s100.A04,mcs30_b06_s100.B04,dal_dal,55,92,5678012273,1000,1,1469498638,243.683,3551614979,3551614979,0
mcs30_b06_s100.A05,mcs30_b06_s100.B05,dal_dal,54,99,6505510038,1000.01,1,6421179932,986.479,4350481119,4350481119,0
mcs30_b06_s100.A06,mcs30_b06_s100.B06,dal_dal,53,91,6365701717,1000.02,1,5930763787,930.427,4380700663,4380700663,0
mcs30_b06_s100.A07,mcs30_b06_s100.B07,dal_dal,51,71,6650293805,1000.02,1,3567618791,514.283,4499192960,4499192960,0
mcs30_b06_s100.A08,mcs30_b06_s100.B08,dal_dal,58,109,6387564314,1000.02,1,3578032940,534.872,4236517957,4236517957,0
mcs30_b06_s100.A09,mcs30_b06_s100.B09,dal_dal,55,91,6184946459,1000.02,1,766710971,119.751,3953331760,3953331760,0
mcs30_b06_s25.A00,mcs30_b06_s25.B00,dal_dal,16,28,1202026,0.189698,0,682177,0.103718,795476,795476,0
mcs30_b06_s25.A01,mcs30_b06_s25.B01,dal_dal,16,38,1023894,0.160305,0,408753,0.060415,673271,673271,0
mcs30_b06_s25.A02,mcs30_b06_s25.B02,dal_dal,16,27,679337,0.109648,0,55553,0.008453,442246,442246,0
mcs30_b06_s25.A03,mcs30_b06_s25.B03,dal_dal,16,25,1164872,0.185146,0,211256,0.0305601,767828,767828,0
mcs30_b06_s25.A04,mcs30_b06_s25.B04,dal_dal,16,32,1739269,0.270879,0,1332353,0.206191,1130940,1130940,0
mcs30_b06_s25.A05,mcs30_b06_s25.B05,dal_dal,16,35,1090879,0.17715,0,161188,0.0249324,727769,727769,0
mcs30_b06_s25.A06,mcs30_b06_s25.B06,dal_dal,16,33,1541867,0.236388,0,710350,0.101668,1027816,1027816,0
mcs30_b06_s25.A07,mcs30_b06_s25.B07,dal_dal,16,33,890654,0.144968,0,84039,0.0122651,581298,581298,0
mcs30_b06_s25.A08,mcs30_b06_s25.B08,dal_dal,15,25,3262392,0.480203,0,874827,0.117605,2231210,2231210,0
mcs30_b06_s25.A09,mcs30_b06_s25.B09,dal_dal,17,32,502735,0.080486,0,291220,0.0446038,336912,336912,0
mcs30_b06_s30.A00,mcs30_b06_s30.B00,dal_dal,18,26,24228017,3.91805,0,34235,0.00463189,16267788,16267788,0
mcs30_b06_s30.A01,mcs30_b06_s30.B01,dal_dal,19,38,13584808,2.27559,0,7042477,1.13989,8979860,8979860,0
mcs30_b06_s30.A02,mcs30_b06_s30.B02,dal_dal,18,29,24745305,3.76378,0,7740467,1.09769,16845602,16845602,0
mcs30_b06_s30.A03,mcs30_b06_s30.B03,dal_dal,19,44,8510475,1.39808,0,3468251,0.545311,5665303,5665303,0
mcs30_b06_s30.A04,mcs30_b06_s30.B04,dal_dal,19,37,14547812,2.48589,0,562758,0.0887395,9597875,9597875,0
mcs30_b06_s30.A05,mcs30_b06_s30.B05,dal_dal,18,31,31047004,4.91686,0,1720190,0.243072,20851060,20851060,0
mcs30_b06_s30.A06,mcs30_b06_s30.B06,dal_dal,19,29,7373557,1.20128,0,2193907,0.3416,4872046,4872046,0
mcs30_b06_s30.A07,mcs30_b06_s30.B07,dal_dal,18,34,28110255,4.43316,0,110406,0.0169656,18491000,18491000,0
mcs30_b06_s30.A08,mcs30_b06_s30.B08,dal_dal,18,26,20103777,3.16567,0,131520,0.0202211,13710137,13710137,0
mcs30_b06_s30.A09,mcs30_b06_s30.B09,dal_dal,19,38,9863612,1.61034,0,4259160,0.66652,6769529,6769529,0
mcs30_b06_s35.A00,mcs30_b06_s35.B00,dal_dal,21,33,415801205,66.1873,0,1089966,0.156073,275972869,275972869,0
mcs30_b06_s35.A01,mcs30_b06_s35.B01,dal_dal,21,36,368039462,59.6825,0,12613902,1.87724,245959487,245959487,0
mcs30_b06_s35.A02,mcs30_b06_s35.B02,dal_dal,22,43,127747799,22.2241,0,36406275,6.05579,85313538,85313538,0
mcs30_b06_s35.A03,mcs30_b06_s35.B03,dal_dal,21,33,404620317,66.0164,0,4528159,0.705496,270929018,270929018,0
mcs30_b06_s35.A04,mcs30_b06_s35.B04,dal_dal,22,48,168457960,27.0662,0,101695358,15.7743,111803415,111803415,0
mcs30_b06_s35.A05,mcs30_b06_s35.B05,dal_dal,22,38,626073839,100.172,0,489474056,77.1485,423494438,423494438,0
mcs30_b06_s35.A06,mcs30_b06_s35.B06,dal_dal,21,39,293378720,48.0195,0,31780982,4.92422,198537867,198537867,0
mcs30_b06_s35.A07,mcs30_b06_s35.B07,dal_dal,22,35,182798046,30.0502,0,144666507,23.7901,119401534,119401534,0
mcs30_b06_s35.A08,mcs30_b06_s35.B08,dal_dal,22,36,227934419,36.2942,0,189488375,29.8184,153357334,153357334,0
mcs30_b06_s35.A09,mcs30_b06_s35.B09,dal_dal,21,43,265696513,44.0911,0,6030435,0.955737,178584773,178584773,0
mcs30_b06_s40.A00,mcs30_b06_s40.B00,dal_dal,25,39,1625574637,277.539,0,109068034,17.0251,1102951607,1102951607,0
mcs30_b06_s40.A01,mcs30_b06_s40.B01,dal_dal,24,36,5169950882,1000.02,1,1627666104,307.79,3456054634,3456054634,0
mcs30_b06_s40.A02,mcs30_b06_s40.B02,dal_dal,25,50,2659408619,438.475,0,1925362544,312.16,1789282978,1789282978,0
mcs30_b06_s40.A03,mcs30_b06_s40.B03,dal_dal,25,45,796303293,134.169,0,25347385,4.04399,537190170,537190170,0
mcs30_b06_s40.A04,mcs30_b06_s40.B04,dal_dal,25,50,1139660095,194.78,0,244749113,40.2287,774744940,774744940,0
mcs30_b06_s40.A05,mcs30_b06_s40.B05,dal_dal,24,48,5978250214,1000.02,1,666030008,107.299,4053110621,4053110621,0
mcs30_b06_s40.A06,mcs30_b06_s40.B06,dal_dal,24,48,4891482099,827.896,0,1285057259,210.304,3241782491,3241782491,0
mcs30_b06_s40.A07,mcs30_b06_s40.B07,dal_dal,24,43,6190341212,1000.02,1,58673157,8.92901,4169180304,4169180304,0
mcs30_b06_s40.A08,mcs30_b06_s40.B08,dal_dal,25,53,1393998988,239.213,0,292269179,47.6046,938573036,938573036,0
mcs30_b06_s40.A09,mcs30_b06_s40.B09,dal_dal,25,53,3920395473,669.115,0,3273542756,552.91,2634531623,2634531623,0
mcs30_b06_s50.A00,mcs30_b06_s50.B00,dal_dal,29,49,6339464750,1000.02,1,85361296,12.8093,4201896504,4201896504,0
mcs30_b06_s50.A01,mcs30_b06_s50.B01,dal_dal,30,60,6088051718,1000.01,1,40119151,6.13832,4166466005,4166466005,0
mcs30_b06_s50.A02,mcs30_b06_s50.B02,dal_dal,30,64,6036448425,1000.01,1,897636074,139.233,4105165819,4105165819,0
mcs30_b06_s50.A03,mcs30_b06_s50.B03,dal_dal,30,54,6247247365,1000.02,1,5452512850,869.215,4228699657,4228699657,0
mcs30_b06_s50.A04,mcs30_b06_s50.B04,dal_dal,30,59,6211309305,1000.02,1,268516182,42.6688,4157409182,4157409182,0
mcs30_b06_s50.A05,mcs30_b06_s50.B05,dal_dal,29,57,6245709115,1000.02,1,1163696794,179.974,4193386394,4193386394,0
mcs30_b06_s50.A06,mcs30_b06_s50.B06,dal_dal,29,48,6609790237,1000.01,1,75104997,11.0004,4519220807,4519220807,0
mcs30_b06_s50.A07,mcs30_b06_s50.B07,dal_dal,30,55,6268437291,1000.01,1,1111724527,175.928,4252441562,4252441562,0
mcs30_b06_s50.A08,mcs30_b06_s50.B08,dal_dal,30,55,6389756674,1000.02,1,105504847,14.9529,4290570031,4290570031,0
mcs30_b06_s50.A09,mcs30_b06_s50.B09,dal_dal,30,62,6257823296,1000.02,1,2544999470,398.999,4246619477,4246619477,0
mcs30_b06_s60.A00,mcs30_b06_s60.B00,dal_dal,33,50,6468435148,1000.01,1,40258813,5.12188,4378740614,4378740614,0
mcs30_b06_s60.A01,mcs30_b06_s60.B01,dal_dal,34,59,6422629752,1000.01,1,1011403,0.143307,4257494444,4257494444,0
mcs30_b06_s60.A02,mcs30_b06_s60.B02,dal_dal,35,54,6329275910,1000.01,1,2516282419,398.757,4151345299,4151345299,0
mcs30_b06_s60.A03,mcs30_b06_s60.B03,dal_dal,35,66,6163200558,1000.01,1,1219204823,185.803,4078287675,4078287675,0
mcs30_b06_s60.A04,mcs30_b06_s60.B04,dal_dal,34,65,6617549937,1000.02,1,76898201,10.6105,4654732107,4654732107,0
mcs30_b06_s60.A05,mcs30_b06_s60.B05,dal_dal,34,50,6572268220,1000.01,1,5235519852,787.874,4460370436,4460370436,0
mcs30_b06_s60.A06,mcs30_b06_s60.B06,dal_dal,36,63,6110875487,1000.02,1,413265577,64.3701,4164108436,4164108436,0
mcs30_b06_s60.A07,mcs30_b06_s60.B07,dal_dal,33,67,6507078273,1000.01,1,278702586,39.866,4381298756,4381298756,0
mcs30_b06_s60.A08,mcs30_b06_s60.B08,dal_dal,34,58,6297317481,1000.02,1,1223324082,187.069,4361038928,4361038928,0
mcs30_b06_s60.A09,mcs30_b06_s60.B09,dal_dal,35,52,6155449547,1000.02,1,711536643,107.93,4169833549,4169833549,0
mcs30_b06_s70.A00,mcs30_b06_s70.B00,dal_dal,41,72,6302588466,1000.01,1,4951049108,778.556,4352744174,4352744174,0
mcs30_b06_s70.A01,mcs30_b06_s70.B01,dal_dal,40,69,2914070458,1000.02,1,893280284,293.542,1901828126,1901828126,0
mcs30_b06_s70.A02,mcs30_b06_s70.B02,dal_dal,41,78,5778065608,1000.01,1,1156617197,195.775,3811612117,3811612117,0
mcs30_b06_s70.A03,mcs30_b06_s70.B03,dal_dal,40,72,6495750497,1000.02,1,732278908,104.063,4379323056,4379323056,0
mcs30_b06_s70.A04,mcs30_b06_s70.B04,dal_dal,40,87,6234346029,1000.02,1,1154719556,177.791,4348108951,4348108951,0
mcs30_b06_s70.A05,mcs30_b06_s70.B05,dal_dal,39,63,5440683979,1000.02,1,5321187,0.930248,3813254831,3813254831,0
mcs30_b06_s70.A06,mcs30_b06_s70.B06,dal_dal,38,73,3081730886,1000.02,1,2490798236,805.241,1972324728,1972324728,0
mcs30_b06_s70.A07,mcs30_b06_s70.B07,dal_dal,39,73,6490369529,1000.02,1,685530402,100.958,4305904768,4305904768,0
mcs30_b06_s70.A08,mcs30_b06_s70.B08,dal_dal,38,73,6365136000,1000.01,1,32301175,4.85373,4166327326,4166327326,0
mcs30_b06_s70.A09,mcs30_b06_s70.B09,dal_dal,41,74,6119391219,1000.01,1,2029651678,325.423,4003338955,4003338955,0
mcs30_b06_s80.A00,mcs30_b06_s80.B00,dal_dal,45,68,6135730633,1000.02,1,795221462,125.403,3972944684,3972944684,0
mcs30_b06_s80.A01,mcs30_b06_s80.B01,dal_dal,46,91,5842551209,1000.01,1,1871693867,299.693,3617832618,3617832618,0
mcs30_b06_s80.A02,mcs30_b06_s80.B02,dal_dal,45,78,6411336484,1000.02,1,3617372347,547.681,4409530486,4409530486,0
mcs30_b06_s80.A03,mcs30_b06_s80.B03,dal_dal,44,80,6274837317,1000.02,1,2769131481,426.883,4153210977,4153210977,0
mcs30_b06_s80.A04,mcs30_b06_s80.B04,dal_dal,44,73,6432735976,1000.02,1,1324955293,196.085,4169532464,4169532464,0
mcs30_b06_s80.A05,mcs30_b06_s80.B05,dal_dal,43,63,3280326870,1000.02,1,97299293,25.5961,2245971306,2245971306,0
mcs30_b06_s80.A06,mcs30_b06_s80.B06,dal_dal,43,67,6298146927,1000.01,1,832450493,122.761,4153003480,4153003480,0
mcs30_b06_s80.A07,mcs30_b06_s80.B07,dal_dal,44,78,6265768449,1000.01,1,2325189566,364.11,4098433005,4098433005,0
mcs30_b06_s80.A08,mcs30_b06_s80.B08,dal_dal,45,79,6120808798,1000.02,1,4405675856,709.673,4153320761,4153320761,0
mcs30_b06_s80.A09,mcs30_b06_s80.B09,dal_dal,45,81,6243907518,1000.02,1,3035848925,467.693,4174451031,4174451031,0
mcs30_b06_s90.A00,mcs30_b06_s90.B00,dal_dal,49,91,7145494283,1000.02,1,4155804719,571.103,4938028617,4938028617,0
mcs30_b06_s90.A01,mcs30_b06_s90.B01,dal_dal,48,90,5802928169,1000.02,1,143421857,23.6475,4018376303,4018376303,0
mcs30_b06_s90.A02,mcs30_b06_s90.B02,dal_dal,48,96,5876736441,1000.02,1,149601582,25.9263,3964163453,3964163453,0
mcs30_b06_s90.A03,mcs30_b06_s90.B03,dal_dal,48,83,6377513359,1000,1,2865096304,430.923,4584681927,4584681927,0
mcs30_b06_s90.A04,mcs30_b06_s90.B04,dal_dal,48,79,5748649986,1000.03,1,2434105905,414.033,4041457122,4041457122,0
mcs30_b06_s90.A05,mcs30_b06_s90.B05,dal_dal,50,77,6941830539,1000.02,1,6627586515,952.148,4931726825,4931726825,0
mcs30_b06_s90.A06,mcs30_b06_s90.B06,dal_dal,51,92,6744685365,1000.02,1,4335909431,614.123,4562399809,4562399809,0
mcs30_b06_s90.A07,mcs30_b06_s90.B07,dal_dal,49,78,6105985165,1000.01,1,57854888,8.53834,3897840679,3897840679,0
mcs30_b06_s90.A08,mcs30_b06_s90.B08,dal_dal,50,78,6149682480,1000.02,1,54507850,7.11463,4252990172,4252990172,0
mcs30_b06_s90.A09,mcs30_b06_s90.B09,dal_dal,47,67,6916853321,1000.01,1,4750664531,681.943,4920765658,4920765658,0
mcs30_b06m_s100.A00,mcs30_b06m_s100.B00,dal_dal,54,91,5810562906,1000.02,1,5711768523,982.469,3702499833,3702499833,0
mcs30_b06m_s100.A01,mcs30_b06m_s100.B01,dal_dal,57,84,5461168970,1000.02,1,110058149,13.1451,3464736039,3464736039,0
mcs30_b06m_s100.A02,mcs30_b06m_s100.B02,dal_dal,53,96,5168197273,1000.02,1,1140063840,211.387,3213851101,3213851101,0
mcs30_b06m_s100.A03,mcs30_b06m_s100.B03,dal_dal,55,108,6087823062,1000.02,1,140686985,12.7786,4021444762,4021444762,0
mcs30_b06m_s100.A04,mcs30_b06m_s100.B04,dal_dal,54,100,6146085879,1000.01,1,2502897253,393.258,4330985378,4330985378,0
mcs30_b06m_s100.A05,mcs30_b06m_s100.B05,dal_dal,54,92,6332613202,1000.01,1,3244762748,489.826,3977394294,3977394294,0
mcs30_b06m_s100.A06,mcs30_b06m_s100.B06,dal_dal,55,92,6621128517,1000.02,1,107990707,14.2971,4365546025,4365546025,0
mcs30_b06m_s100.A07,mcs30_b06m_s100.B07,dal_dal,55,101,6664787479,1000.01,1,4691369605,686.085,4696435562,4696435562,0
mcs30_b06m_s100.A08,mcs30_b06m_s100.B08,dal_dal,54,99,6200420437,1000.01,1,1159411492,177.591,4092346766,4092346766,0
mcs30_b06m_s100.A09,mcs30_b06m_s100.B09,dal_dal,55,109,6035057887,1000.02,1,25257225,1.96221,3976066408,3976066408,0
mcs30_b06m_s25.A00,mcs30_b06m_s25.B00,dal_dal,16,28,1130807,0.188399,0,115461,0.0181994,737260,737260,0
mcs30_b06m_s25.A01,mcs30_b06m_s25.B01,dal_dal,16,29,1648964,0.255716,0,1163476,0.178791,1062188,1062188,0
mcs30_b06m_s25.A02,mcs30_b06m_s25.B02,dal_dal,16,21,2492858,0.376008,0,2305657,0.346583,1654610,1654610,0
mcs30_b06m_s25.A03,mcs30_b06m_s25.B03,dal_dal,16,26,865610,0.145454,0,243439,0.040796,565780,565780,0
mcs30_b06m_s25.A04,mcs30_b06m_s25.B04,dal_dal,16,26,946482,0.152744,0,398002,0.0620739,612054,612054,0
mcs30_b06m_s25.A05,mcs30_b06m_s25.B05,dal_dal,16,27,2268214,0.347222,0,1927953,0.291364,1500180,1500180,0
mcs30_b06m_s25.A06,mcs30_b06m_s25.B06,dal_dal,15,23,2188361,0.33488,0,63232,0.00898718,1466876,1466876,0
mcs30_b06m_s25.A07,mcs30_b06m_s25.B07,dal_dal,16,27,1164144,0.186106,0,293391,0.0444449,763513,763513,0
mcs30_b06m_s25.A08,mcs30_b06m_s25.B08,dal_dal,16,24,993652,0.158503,0,304159,0.0467984,665217,665217,0
mcs30_b06m_s25.A09,mcs30_b06m_s25.B09,dal_dal,16,27,1229758,0.196458,0,538839,0.082512,814870,814870,0
mcs30_b06m_s30.A00,mcs30_b06m_s30.B00,dal_dal,19,38,13501805,2.17067,0,4512504,0.669887,8884317,8884317,0
mcs30_b06m_s30.A01,mcs30_b06m_s30.B01,dal_dal,18,31,56268960,8.85559,0,9699301,1.45052,36909554,36909554,0
mcs30_b06m_s30.A02,mcs30_b06m_s30.B02,dal_dal,19,36,13876333,2.26207,0,3720579,0.580595,9465761,9465761,0
mcs30_b06m_s30.A03,mcs30_b06m_s30.B03,dal_dal,18,29,38685062,6.17226,0,3169030,0.473307,25524934,25524934,0
mcs30_b06m_s30.A04,mcs30_b06m_s30.B04,dal_dal,19,27,8868225,1.47243,0,4435324,0.729145,5739163,5739163,0
mcs30_b06m_s30.A05,mcs30_b06m_s30.B05,dal_dal,19,39,7049466,1.19888,0,632675,0.0967209,4616906,4616906,0
mcs30_b06m_s30.A06,mcs30_b06m_s30.B06,dal_dal,19,38,10754726,1.81391,0,3315198,0.534435,7075717,7075717,0
mcs30_b06m_s30.A07,mcs30_b06m_s30.B07,dal_dal,19,36,11848030,1.92988,0,7333450,1.17637,7723063,7723063,0
mcs30_b06m_s30.A08,mcs30_b06m_s30.B08,dal_dal,19,30,14844527,2.38324,0,9665986,1.52191,9940904,9940904,0
mcs30_b06m_s30.A09,mcs30_b06m_s30.B09,dal_dal,18,40,24740336,4.0857,0,62048,0.00966809,15979476,15979476,0
mcs30_b06m_s35.A00,mcs30_b06m_s35.B00,dal_dal,22,30,387474985,61.9868,0,352634303,56.0922,257778251,257778251,0
mcs30_b06m_s35.A01,mcs30_b06m_s35.B01,dal_dal,21,30,503499267,79.0997,0,713283,0.102927,336693051,336693051,0
mcs30_b06m_s35.A02,mcs30_b06m_s35.B02,dal_dal,21,45,405080769,66.1725,0,6016866,0.880315,269132647,269132647,0
mcs30_b06m_s35.A03,mcs30_b06m_s35.B03,dal_dal,22,37,99920645,16.9584,0,2965557,0.457995,67845823,67845823,0
mcs30_b06m_s35.A04,mcs30_b06m_s35.B04,dal_dal,22,36,284587458,45.5499,0,252681496,40.1673,189310766,189310766,0
mcs30_b06m_s35.A05,mcs30_b06m_s35.B05,dal_dal,21,42,416630267,68.5905,0,38599142,5.79967,277399651,277399651,0
mcs30_b06m_s35.A06,mcs30_b06m_s35.B06,dal_dal,22,37,484075815,76.8225,0,466972822,73.8972,318377655,318377655,0
mcs30_b06m_s35.A07,mcs30_b06m_s35.B07,dal_dal,21,39,609254254,96.332,0,3604750,0.53671,405243559,405243559,0
mcs30_b06m_s35.A08,mcs30_b06m_s35.B08,dal_dal,22,37,321714431,50.0196,0,297136680,45.9896,213959969,213959969,0
mcs30_b06m_s35.A09,mcs30_b06m_s35.B09,dal_dal,21,39,681062910,108.961,0,150934260,23.1945,449207542,449207542,0
mcs30_b06m_s40.A00,mcs30_b06m_s40.B00,dal_dal,24,38,4767695021,795.22,0,33704658,5.39716,3175215079,3175215079,0
mcs30_b06m_s40.A01,mcs30_b06m_s40.B01,dal_dal,24,37,5940223375,1000.02,1,1025689,0.159844,3904002144,3904002144,0
mcs30_b06m_s40.A02,mcs30_b06m_s40.B02,dal_dal,25,51,5575936760,920.102,0,4831938887,788.44,3761835446,3761835446,0
mcs30_b06m_s40.A03,mcs30_b06m_s40.B03,dal_dal,25,45,2070573647,349.141,0,1064550552,174.023,1411585804,1411585804,0
mcs30_b06m_s40.A04,mcs30_b06m_s40.B04,dal_dal,25,51,5526753799,921.082,0,4335900956,712.802,3720647028,3720647028,0
mcs30_b06m_s40.A05,mcs30_b06m_s40.B05,dal_dal,25,48,3013664546,500.358,0,962390866,154.352,2012011338,2012011338,0
mcs30_b06m_s40.A06,mcs30_b06m_s40.B06,dal_dal,24,46,6128136950,1000.02,1,62626077,9.17155,4088126815,4088126815,0
mcs30_b06m_s40.A07,mcs30_b06m_s40.B07,dal_dal,24,45,4604107934,761.075,0,103548702,16.3162,3101110697,3101110697,0
mcs30_b06m_s40.A08,mcs30_b06m_s40.B08,dal_dal,24,36,5828565191,966.926,0,211378898,34.2792,3908237236,3908237236,0
mcs30_b06m_s40.A09,mcs30_b06m_s40.B09,dal_dal,25,35,3968622166,665.668,0,3574603335,597.671,2647916332,2647916332,0
mcs30_b06m_s50.A00,mcs30_b06m_s50.B00,dal_dal,29,47,6510110166,1000.02,1,1077874794,160.663,4368982928,4368982928,0
mcs30_b06m_s50.A01,mcs30_b06m_s50.B01,dal_dal,29,46,2987136048,1000.02,1,138676147,45.0078,1969234547,1969234547,0
mcs30_b06m_s50.A02,mcs30_b06m_s50.B02,dal_dal,30,54,3125737669,1000.02,1,258674892,78.1532,2099273329,2099273329,0
mcs30_b06m_s50.A03,mcs30_b06m_s50.B03,dal_dal,30,55,6138046283,1000.02,1,25622868,3.99347,4231020248,4231020248,0
mcs30_b06m_s50.A04,mcs30_b06m_s50.B04,dal_dal,31,68,5831162471,1000.02,1,1427855986,233.227,3937008778,3937008778,0
mcs30_b06m_s50.A05,mcs30_b06m_s50.B05,dal_dal,31,54,5989417285,1000.02,1,1510604390,251.341,3980944535,3980944535,0
mcs30_b06m_s50.A06,mcs30_b06m_s50.B06,dal_dal,30,49,6043060786,1000.02,1,669288154,107.481,4081236564,4081236564,0
mcs30_b06m_s50.A07,mcs30_b06m_s50.B07,dal_dal,29,53,6308803233,1000.02,1,27581825,4.23058,4158331877,4158331877,0
mcs30_b06m_s50.A08,mcs30_b06m_s50.B08,dal_dal,31,51,6589361115,1000.02,1,5511220325,824.46,4576993818,4576993818,0
mcs30_b06m_s50.A09,mcs30_b06m_s50.B09,dal_dal,30,62,6345656020,1000.02,1,1704681624,259.995,4359637262,4359637262,0
mcs30_b06m_s60.A00,mcs30_b06m_s60.B00,dal_dal,34,63,6483115126,1000.02,1,1435708876,219.153,4233209194,4233209194,0
mcs30_b06m_s60.A01,mcs30_b06m_s60.B01,dal_dal,34,67,6498410607,1000.02,1,821101999,123.168,4523785827,4523785827,0
mcs30_b06m_s60.A02,mcs30_b06m_s60.B02,dal_dal,35,62,6229313525,1000.02,1,542423076,84.3394,4152035907,4152035907,0
mcs30_b06m_s60.A03,mcs30_b06m_s60.B03,dal_dal,35,65,6367292139,1000.02,1,3410925,0.491651,4379179885,4379179885,0
mcs30_b06m_s60.A04,mcs30_b06m_s60.B04,dal_dal,36,65,6107198112,1000.01,1,1845380668,299.376,4032861007,4032861007,0
mcs30_b06m_s60.A05,mcs30_b06m_s60.B05,dal_dal,35,73,6123189336,1000.01,1,1797457009,273.042,4212869319,4212869319,0
mcs30_b06m_s60.A06,mcs30_b06m_s60.B06,dal_dal,36,69,5990035790,1000.02,1,2987131065,491.169,4096269697,4096269697,0
mcs30_b06m_s60.A07,mcs30_b06m_s60.B07,dal_dal,36,66,6276281730,1000.02,1,4570031680,721.484,4308993215,4308993215,0
mcs30_b06m_s60.A08,mcs30_b06m_s60.B08,dal_dal,35,66,6240080225,1000.01,1,348983311,53.878,4135805558,4135805558,0
mcs30_b06m_s60.A09,mcs30_b06m_s60.B09,dal_dal,36,65,5950053634,1000.02,1,510804658,84.9253,3874949320,3874949320,0
mcs30_b06m_s70.A00,mcs30_b06m_s70.B00,dal_dal,39,80,6233715327,1000.02,1,3554027820,557.968,4325526518,4325526518,0
mcs30_b06m_s70.A01,mcs30_b06m_s70.B01,dal_dal,41,73,6140258991,1000.02,1,295115351,45.6815,4190523603,4190523603,0
mcs30_b06m_s70.A02,mcs30_b06m_s70.B02,dal_dal,39,74,6138639685,1000.02,1,756962378,122.691,4159272812,4159272812,0
mcs30_b06m_s70.A03,mcs30_b06m_s70.B03,dal_dal,37,66,6706865539,1000.02,1,1969431,0.290253,4595108469,4595108469,0
mcs30_b06m_s70.A04,mcs30_b06m_s70.B04,dal_dal,39,73,6405650309,1000.02,1,285475030,45.6593,4304831640,4304831640,0
mcs30_b06m_s70.A05,mcs30_b06m_s70.B05,dal_dal,40,74,5941235632,1000.02,1,313344677,51.4643,3786892070,3786892070,0
mcs30_b06m_s70.A06,mcs30_b06m_s70.B06,dal_dal,40,71,6386568831,1000.01,1,75093450,10.8271,4193531355,4193531355,0
mcs30_b06m_s70.A07,mcs30_b06m_s70.B07,dal_dal,38,67,6485809554,1000.01,1,185388489,26.5805,4127792866,4127792866,0
mcs30_b06m_s70.A08,mcs30_b06m_s70.B08,dal_dal,40,81,6358922279,1000.01,1,188154818,27.659,4326701480,4326701480,0
mcs30_b06m_s70.A09,mcs30_b06m_s70.B09,dal_dal,40,70,6314107190,1000.01,1,388354305,59.2742,4225397885,4225397885,0
mcs30_b06m_s80.A00,mcs30_b06m_s80.B00,dal_dal,45,95,6630446135,1000.02,1,2362999574,341.129,4421172184,4421172184,0
mcs30_b06m_s80.A01,mcs30_b06m_s80.B01,dal_dal,44,82,6367905169,1000.01,1,418192891,65.4969,4131507159,4131507159,0
mcs30_b06m_s80.A02,mcs30_b06m_s80.B02,dal_dal,44,84,6268911504,1000.02,1,1514255064,236.123,4225011552,4225011552,0
mcs30_b06m_s80.A03,mcs30_b06m_s80.B03,dal_dal,45,81,6252120995,1000.02,1,5277662997,843.42,4031968994,4031968994,0
mcs30_b06m_s80.A04,mcs30_b06m_s80.B04,dal_dal,45,92,6360843860,1000.02,1,18385473,2.54761,4099949214,4099949214,0
mcs30_b06m_s80.A05,mcs30_b06m_s80.B05,dal_dal,44,63,6605528060,1000.02,1,6008945325,904.529,4345458260,4345458260,0
mcs30_b06m_s80.A06,mcs30_b06m_s80.B06,dal_dal,44,72,6272061161,1000.02,1,1208521540,182.308,4140944696,4140944696,0
mcs30_b06m_s80.A07,mcs30_b06m_s80.B07,dal_dal,47,94,6214531360,1000.02,1,5602623725,893.766,4037473250,4037473250,0
mcs30_b06m_s80.A08,mcs30_b06m_s80.B08,dal_dal,44,80,6107638932,1000.02,1,1180176876,182.277,3955678118,3955678118,0
mcs30_b06m_s80.A09,mcs30_b06m_s80.B09,dal_dal,44,88,5950403462,1000.01,1,151412428,24.0291,3873055317,3873055317,0
mcs30_b06m_s90.A00,mcs30_b06m_s90.B00,dal_dal,50,96,6142123601,1000.02,1,899682337,128.842,3979850975,3979850975,0
mcs30_b06m_s90.A01,mcs30_b06m_s90.B01,dal_dal,50,77,6412211290,1000.02,1,2171967649,350.985,4087428661,4087428661,0
mcs30_b06m_s90.A02,mcs30_b06m_s90.B02,dal_dal,51,87,6112102125,1000.01,1,672844844,101.642,4125934343,4125934343,0
mcs30_b06m_s90.A03,mcs30_b06m_s90.B03,dal_dal,49,88,5913990148,1000.02,1,880955961,141.642,3769890429,3769890429,0
mcs30_b06m_s90.A04,mcs30_b06m_s90.B04,dal_dal,50,102,6607022198,1000.02,1,5174809135,778.346,4404605030,4404605030,0
mcs30_b06m_s90.A05,mcs30_b06m_s90.B05,dal_dal,49,89,6089265896,1000.02,1,44902352,7.17835,3970649502,3970649502,0
mcs30_b06m_s90.A06,mcs30_b06m_s90.B06,dal_dal,48,64,5773118014,1000.02,1,392633067,66.8003,3533289357,3533289357,0
mcs30_b06m_s90.A07,mcs30_b06m_s90.B07,dal_dal,49,90,6612284494,1000.02,1,252861967,36.9305,4361338412,4361338412,0
mcs30_b06m_s90.A08,mcs30_b06m_s90.B08,dal_dal,48,93,5874479057,1000.01,1,409021339,69.3259,3672514027,3672514027,0
mcs30_b06m_s90.A09,mcs30_b06m_s90.B09,dal_dal,51,84,6277336502,1000.02,1,3121209214,443.189,4172098898,4172098898,0
mcs30_b09_s100.A00,mcs30_b09_s100.B00,dal_dal,42,86,5529688458,1000.02,1,1329843,0.193629,3444337190,3444337190,0
mcs30_b09_s100.A01,mcs30_b09_s100.B01,dal_dal,45,92,5620300848,1000.02,1,401761916,68.6547,3656529271,3656529271,0
mcs30_b09_s100.A02,mcs30_b09_s100.B02,dal_dal,44,80,5760636866,1000.02,1,96608642,15.7292,3731717423,3731717423,0
mcs30_b09_s100.A03,mcs30_b09_s100.B03,dal_dal,43,99,5679953239,1000.02,1,120576059,19.5502,3543059170,3543059170,0
mcs30_b09_s100.A04,mcs30_b09_s100.B04,dal_dal,44,87,4836864139,1000.01,1,353980916,72.874,3178365525,3178365525,0
mcs30_b09_s100.A05,mcs30_b09_s100.B05,dal_dal,43,107,5761953329,1000.01,1,1153353154,193.051,3552795604,3552795604,0
mcs30_b09_s100.A06,mcs30_b09_s100.B06,dal_dal,45,93,5243903307,1000.02,1,65458347,11.6369,3263923750,3263923750,0
mcs30_b09_s100.A07,mcs30_b09_s100.B07,dal_dal,43,96,5180123819,1000.02,1,704697924,123.627,3284720465,3284720465,0
mcs30_b09_s100.A08,mcs30_b09_s100.B08,dal_dal,46,84,5348778581,1000.02,1,1525183597,281.159,3264378473,3264378473,0
mcs30_b09_s100.A09,mcs30_b09_s100.B09,dal_dal,46,100,5114523483,1000.02,1,158777911,30.4143,3196381042,3196381042,0
mcs30_b09_s35.A00,mcs30_b09_s35.B00,dal_dal,19,49,239924790,44.5851,0,6938320,1.16967,157406152,157406152,0
mcs30_b09_s35.A01,mcs30_b09_s35.B01,dal_dal,20,48,244523962,44.7304,0,49135526,8.34723,162346618,162346618,0
mcs30_b09_s35.A02,mcs30_b09_s35.B02,dal_dal,19,51,223724977,44.0103,0,17663972,3.3337,144775638,144775638,0
mcs30_b09_s35.A03,mcs30_b09_s35.B03,dal_dal,20,46,168650585,32.017,0,109667077,20.5176,110186487,110186487,0
mcs30_b09_s35.A04,mcs30_b09_s35.B04,dal_dal,20,43,171638706,31.9862,0,147386533,27.1567,114101844,114101844,0
mcs30_b09_s35.A05,mcs30_b09_s35.B05,dal_dal,20,60,93751688,17.8377,0,28211359,4.93397,63243138,63243138,0
mcs30_b09_s35.A06,mcs30_b09_s35.B06,dal_dal,19,46,243535697,44.6167,0,3876123,0.675011,163761421,163761421,0
mcs30_b09_s35.A07,mcs30_b09_s35.B07,dal_dal,20,56,173270035,31.9073,0,106716006,18.7721,111809620,111809620,0
mcs30_b09_s35.A08,mcs30_b09_s35.B08,dal_dal,20,40,87522336,17.0342,0,8733428,1.66966,57938223,57938223,0
mcs30_b09_s35.A09,mcs30_b09_s35.B09,dal_dal,20,47,75307470,13.8322,0,12537555,2.04191,51185432,51185432,0
mcs30_b09_s40.A00,mcs30_b09_s40.B00,dal_dal,21,49,4157183790,800.829,0,369943412,67.8063,2737033367,2737033367,0
mcs30_b09_s40.A01,mcs30_b09_s40.B01,dal_dal,21,42,3762418830,811.604,0,77381849,14.914,2516355890,2516355890,0
mcs30_b09_s40.A02,mcs30_b09_s40.B02,dal_dal,21,45,4048678463,777.039,0,294699959,53.3414,2665031911,2665031911,0
mcs30_b09_s40.A03,mcs30_b09_s40.B03,dal_dal,21,67,3444379505,655.536,0,1404496713,260.914,2242502299,2242502299,0
mcs30_b09_s40.A04,mcs30_b09_s40.B04,dal_dal,21,44,3611631323,707.483,0,402517734,73.7896,2393127944,2393127944,0
mcs30_b09_s40.A05,mcs30_b09_s40.B05,dal_dal,21,54,3872374772,738.075,0,693886453,124.456,2587367611,2587367611,0
mcs30_b09_s40.A06,mcs30_b09_s40.B06,dal_dal,21,55,2598327323,487.459,0,165453996,28.0532,1757506967,1757506967,0
mcs30_b09_s40.A07,mcs30_b09_s40.B07,dal_dal,21,48,2545279194,492.823,0,150981671,27.7532,1672055989,1672055989,0
mcs30_b09_s40.A08,mcs30_b09_s40.B08,dal_dal,21,39,4073080107,773.366,0,369632672,65.4503,2695190665,2695190665,0
mcs30_b09_s40.A09,mcs30_b09_s40.B09,dal_dal,21,51,3345699444,638.867,0,217021434,38.9481,2230966388,2230966388,0
mcs30_b09_s50.A00,mcs30_b09_s50.B00,dal_dal,25,50,5313181215,1000.02,1,1161449055,215.114,3465231788,3465231788,0
mcs30_b09_s50.A01,mcs30_b09_s50.B01,dal_dal,25,50,5604303256,1000.02,1,15240698,2.42699,3657741094,3657741094,0
mcs30_b09_s50.A02,mcs30_b09_s50.B02,dal_dal,25,49,5613237192,1000.02,1,2091400359,385.12,3699116754,3699116754,0
mcs30_b09_s50.A03,mcs30_b09_s50.B03,dal_dal,24,60,5756028726,1000.01,1,5304610844,914.453,3652218536,3652218536,0
mcs30_b09_s50.A04,mcs30_b09_s50.B04,dal_dal,25,53,5638701448,1000.02,1,2502042348,424.916,3602432970,3602432970,0
mcs30_b09_s50.A05,mcs30_b09_s50.B05,dal_dal,25,57,5425648154,1000.02,1,3142379906,564.14,3617079077,3617079077,0
mcs30_b09_s50.A06,mcs30_b09_s50.B06,dal_dal,25,74,5266979057,1000.02,1,36458391,6.17279,3486573873,3486573873,0
mcs30_b09_s50.A07,mcs30_b09_s50.B07,dal_dal,24,52,5406026918,1000.01,1,44474202,7.6227,3686614908,3686614908,0
mcs30_b09_s50.A08,mcs30_b09_s50.B08,dal_dal,24,52,5639699865,1000.02,1,44618353,7.8541,3681612728,3681612728,0
mcs30_b09_s50.A09,mcs30_b09_s50.B09,dal_dal,25,61,5585322338,1000.01,1,977440658,170.174,3718349633,3718349633,0
mcs30_b09_s60.A00,mcs30_b09_s60.B00,dal_dal,29,60,5679683275,1000.01,1,704638867,127.29,3675302056,3675302056,0
mcs30_b09_s60.A01,mcs30_b09_s60.B01,dal_dal,29,58,5331045370,1000.01,1,3996948781,741.543,3445200075,3445200075,0
mcs30_b09_s60.A02,mcs30_b09_s60.B02,dal_dal,30,76,5528769048,1000.02,1,3136495198,557.618,3597751068,3597751068,0
mcs30_b09_s60.A03,mcs30_b09_s60.B03,dal_dal,28,68,6105250400,1000.01,1,4011381351,646.709,4025519908,4025519908,0
mcs30_b09_s60.A04,mcs30_b09_s60.B04,dal_dal,28,67,5560637462,1000.01,1,205447298,36.287,3658374225,3658374225,0
mcs30_b09_s60.A05,mcs30_b09_s60.B05,dal_dal,29,61,5667145511,1000.02,1,122103809,20.9681,3688387899,3688387899,0
mcs30_b09_s60.A06,mcs30_b09_s60.B06,dal_dal,27,66,5609989541,1000.02,1,2226545,0.372807,3594397885,3594397885,0
mcs30_b09_s60.A07,mcs30_b09_s60.B07,dal_dal,29,71,5784812762,1000.02,1,1356854520,233.028,3780598239,3780598239,0
mcs30_b09_s60.A08,mcs30_b09_s60.B08,dal_dal,29,73,5157975172,1000.02,1,2433478348,443.211,3372000659,3372000659,0
mcs30_b09_s60.A09,mcs30_b09_s60.B09,dal_dal,29,64,5404982927,1000.02,1,77046905,13.3645,3422217423,3422217423,0
mcs30_b09_s70.A00,mcs30_b09_s70.B00,dal_dal,33,70,5863420863,1000.01,1,60951427,10.0212,3949563891,3949563891,0
mcs30_b09_s70.A01,mcs30_b09_s70.B01,dal_dal,33,83,5432754132,1000.02,1,408013792,70.2975,3457393608,3457393608,0
mcs30_b09_s70.A02,mcs30_b09_s70.B02,dal_dal,33,73,5933993157,1000.02,1,3704085308,612.997,3885000774,3885000774,0
mcs30_b09_s70.A03,mcs30_b09_s70.B03,dal_dal,32,68,5280787793,1000.01,1,2415960659,452.572,3301046880,3301046880,0
mcs30_b09_s70.A04,mcs30_b09_s70.B04,dal_dal,34,76,5600926122,1000.01,1,515021132,93.025,3828235651,3828235651,0
mcs30_b09_s70.A05,mcs30_b09_s70.B05,dal_dal,33,59,5721745371,1000.01,1,2703457097,442.156,3807986035,3807986035,0
mcs30_b09_s70.A06,mcs30_b09_s70.B06,dal_dal,33,81,5345799110,1000.01,1,4481869953,836.687,3457448248,3457448248,0
mcs30_b09_s70.A07,mcs30_b09_s70.B07,dal_dal,32,84,5445600995,1000.01,1,186734424,34.5383,3482549301,3482549301,0
mcs30_b09_s70.A08,mcs30_b09_s70.B08,dal_dal,32,74,5492546545,1000.02,1,3537713057,626.508,3522278979,3522278979,0
mcs30_b09_s70.A09,mcs30_b09_s70.B09,dal_dal,33,68,5338236187,1000.01,1,2777967429,499.892,3367751389,3367751389,0
mcs30_b09_s80.A00,mcs30_b09_s80.B00,dal_dal,36,84,5633869584,1000.02,1,5307690325,942.678,3498913747,3498913747,0
mcs30_b09_s80.A01,mcs30_b09_s80.B01,dal_dal,39,94,5488719322,1000.01,1,192250791,35.9558,3390197394,3390197394,0
mcs30_b09_s80.A02,mcs30_b09_s80.B02,dal_dal,35,82,5173422533,1000.02,1,334304597,61.8217,3238568624,3238568624,0
mcs30_b09_s80.A03,mcs30_b09_s80.B03,dal_dal,36,63,5444640027,1000.01,1,2861147856,500.475,3298759474,3298759474,0
mcs30_b09_s80.A04,mcs30_b09_s80.B04,dal_dal,37,73,5651391596,1000.01,1,31858836,5.20735,3680830054,3680830054,0
mcs30_b09_s80.A05,mcs30_b09_s80.B05,dal_dal,36,77,5149761155,1000.02,1,119987621,20.9897,3283744134,3283744134,0
mcs30_b09_s80.A06,mcs30_b09_s80.B06,dal_dal,36,73,5680588459,1000.02,1,1281882743,221.401,3653475560,3653475560,0
mcs30_b09_s80.A07,mcs30_b09_s80.B07,dal_dal,37,61,5508775450,1000.02,1,1206218323,204.929,3553983419,3553983419,0
mcs30_b09_s80.A08,mcs30_b09_s80.B08,dal_dal,37,84,5508225866,1000.01,1,502538388,87.0291,3499963423,3499963423,0
mcs30_b09_s80.A09,mcs30_b09_s80.B09,dal_dal,35,68,5547867048,1000,1,36821085,6.64502,3484859508,3484859508,0
mcs30_b09_s90.A00,mcs30_b09_s90.B00,dal_dal,40,81,5402902637,1000,1,2826811826,525.164,3440683289,3440683289,0
mcs30_b09_s90.A01,mcs30_b09_s90.B01,dal_dal,41,99,5266262087,1000.02,1,6097932,0.951765,3287025158,3287025158,0
mcs30_b09_s90.A02,mcs30_b09_s90.B02,dal_dal,39,74,5637926113,1000.01,1,1897866205,326.713,3507315707,3507315707,0
mcs30_b09_s90.A03,mcs30_b09_s90.B03,dal_dal,42,78,5666661406,1000.02,1,1554465285,268.837,3507353462,3507353462,0
mcs30_b09_s90.A04,mcs30_b09_s90.B04,dal_dal,41,86,5465610737,1000.01,1,5002156891,914.2,3400847727,3400847727,0
mcs30_b09_s90.A05,mcs30_b09_s90.B05,dal_dal,40,95,5811376204,1000.01,1,660528760,114.8,3719818323,3719818323,0
mcs30_b09_s90.A06,mcs30_b09_s90.B06,dal_dal,40,88,5375081300,1000.02,1,94168612,16.1088,3399494238,3399494238,0
mcs30_b09_s90.A07,mcs30_b09_s90.B07,dal_dal,40,91,5685009363,1000.01,1,1849470961,323.539,3643711291,3643711291,0
mcs30_b09_s90.A08,mcs30_b09_s90.B08,dal_dal,40,98,5414343184,1000.01,1,1069679346,195.353,3390720846,3390720846,0
mcs30_b09_s90.A09,mcs30_b09_s90.B09,dal_dal,41,75,5555625774,1000.02,1,3237851903,573.049,3481571562,3481571562,0
mcs30_b09m_s100.A00,mcs30_b09m_s100.B00,dal_dal,44,100,6185904147,1000.01,1,4156717563,661.833,3887895445,3887895445,0
mcs30_b09m_s100.A01,mcs30_b09m_s100.B01,dal_dal,43,98,5874152736,1000.02,1,133688109,22.2721,3766796565,3766796565,0
mcs30_b09m_s100.A02,mcs30_b09m_s100.B02,dal_dal,45,106,5478657873,1000.01,1,2071077672,363.477,3345427032,3345427032,0
mcs30_b09m_s100.A03,mcs30_b09m_s100.B03,dal_dal,43,75,5556886890,1000.02,1,2262477328,396.665,3458944685,3458944685,0
mcs30_b09m_s100.A04,mcs30_b09m_s100.B04,dal_dal,42,94,5686085612,1000.02,1,16198992,2.71011,3529450535,3529450535,0
mcs30_b09m_s100.A05,mcs30_b09m_s100.B05,dal_dal,45,104,5134008119,1000.02,1,1604521528,306.087,3219687189,3219687189,0
mcs30_b09m_s100.A06,mcs30_b09m_s100.B06,dal_dal,45,102,5657334486,1000.03,1,1090978594,181.908,3659148645,3659148645,0
mcs30_b09m_s100.A07,mcs30_b09m_s100.B07,dal_dal,46,102,5446806780,1000.01,1,2036389543,363.665,3428809707,3428809707,0
mcs30_b09m_s100.A08,mcs30_b09m_s100.B08,dal_dal,43,78,4909039451,1000.02,1,18274731,3.60975,3109749036,3109749036,0
mcs30_b09m_s100.A09,mcs30_b09m_s100.B09,dal_dal,44,85,5548350167,1000.01,1,60720084,10.5686,3466761092,3466761092,0
mcs30_b09m_s35.A00,mcs30_b09m_s35.B00,dal_dal,19,39,239015705,45.5367,0,33174446,6.19537,157902112,157902112,0
mcs30_b09m_s35.A01,mcs30_b09m_s35.B01,dal_dal,19,36,500457527,92.8146,0,363935996,66.0669,328577663,328577663,0
mcs30_b09m_s35.A02,mcs30_b09m_s35.B02,dal_dal,19,44,236091667,44.4929,0,25858978,4.21449,157183089,157183089,0
mcs30_b09m_s35.A03,mcs30_b09m_s35.B03,dal_dal,19,36,172814229,32.5269,0,32046114,5.86082,114184998,114184998,0
mcs30_b09m_s35.A04,mcs30_b09m_s35.B04,dal_dal,18,47,719578961,130.64,0,3608847,0.595481,467392946,467392946,0
mcs30_b09m_s35.A05,mcs30_b09m_s35.B05,dal_dal,19,43,294523622,55.3034,0,37383532,6.57661,194582058,194582058,0
mcs30_b09m_s35.A06,mcs30_b09m_s35.B06,dal_dal,18,42,664226884,121.055,0,14766075,2.56094,437206798,437206798,0
mcs30_b09m_s35.A07,mcs30_b09m_s35.B07,dal_dal,19,36,223843139,42.9347,0,5002566,0.902751,146653750,146653750,0
mcs30_b09m_s35.A08,mcs30_b09m_s35.B08,dal_dal,19,47,230165529,43.6686,0,1879782,0.34765,151828317,151828317,0
mcs30_b09m_s35.A09,mcs30_b09m_s35.B09,dal_dal,19,39,418498358,75.4239,0,256016708,44.5263,273258230,273258230,0
mcs30_b09m_s40.A00,mcs30_b09m_s40.B00,dal_dal,21,45,5243840633,1000.03,1,3433811073,648.442,3400097120,3400097120,0
mcs30_b09m_s40.A01,mcs30_b09m_s40.B01,dal_dal,21,51,5209507082,983.223,0,11182798,1.99952,3435692518,3435692518,0
mcs30_b09m_s40.A02,mcs30_b09m_s40.B02,dal_dal,20,56,5263937522,1000.02,1,95792447,17.0169,3400604994,3400604994,0
mcs30_b09m_s40.A03,mcs30_b09m_s40.B03,dal_dal,21,50,4339049039,838.139,0,259847448,47.9961,2848023244,2848023244,0
mcs30_b09m_s40.A04,mcs30_b09m_s40.B04,dal_dal,21,50,4484765518,864.297,0,914589741,167.192,2944589571,2944589571,0
mcs30_b09m_s40.A05,mcs30_b09m_s40.B05,dal_dal,21,44,5464979541,1000.02,1,4074413005,734.612,3568564982,3568564982,0
mcs30_b09m_s40.A06,mcs30_b09m_s40.B06,dal_dal,21,44,5144829675,1000.02,1,1712863574,317.045,3335081613,3335081613,0
mcs30_b09m_s40.A07,mcs30_b09m_s40.B07,dal_dal,21,39,4216518434,805.567,0,18048574,3.32361,2777431439,2777431439,0
mcs30_b09m_s40.A08,mcs30_b09m_s40.B08,dal_dal,21,41,3802890006,723.525,0,934837826,174.151,2486492247,2486492247,0
mcs30_b09m_s40.A09,mcs30_b09m_s40.B09,dal_dal,21,48,5232465677,1000.01,1,1922909267,358.029,3399109927,3399109927,0
mcs30_b09m_s50.A00,mcs30_b09m_s50.B00,dal_dal,25,52,5453739423,1000.02,1,747720266,131.397,3545482064,3545482064,0
mcs30_b09m_s50.A01,mcs30_b09m_s50.B01,dal_dal,25,47,5198016795,1000.02,1,146044832,25.6137,3408455127,3408455127,0
mcs30_b09m_s50.A02,mcs30_b09m_s50.B02,dal_dal,24,51,5290391739,1000.02,1,50937755,9.08087,3442328783,3442328783,0
mcs30_b09m_s50.A03,mcs30_b09m_s50.B03,dal_dal,25,66,5059785152,1000.02,1,636989621,117.626,3294762028,3294762028,0
mcs30_b09m_s50.A04,mcs30_b09m_s50.B04,dal_dal,25,55,4945153216,1000.02,1,56703894,9.75775,3233919963,3233919963,0
mcs30_b09m_s50.A05,mcs30_b09m_s50.B05,dal_dal,24,50,5485258250,1000.02,1,380825046,67.7123,3546272517,3546272517,0
mcs30_b09m_s50.A06,mcs30_b09m_s50.B06,dal_dal,24,59,5188299244,1000,1,68308048,13.1521,3332904415,3332904415,0
mcs30_b09m_s50.A07,mcs30_b09m_s50.B07,dal_dal,24,43,5280135242,1000.02,1,21148262,4.23738,3490185236,3490185236,0
mcs30_b09m_s50.A08,mcs30_b09m_s50.B08,dal_dal,25,57,4743358030,1000.01,1,937367275,192.64,3097846294,3097846294,0
mcs30_b09m_s50.A09,mcs30_b09m_s50.B09,dal_dal,24,61,4888849866,1000.02,1,1115551654,226.393,3191298929,3191298929,0
mcs30_b09m_s60.A00,mcs30_b09m_s60.B00,dal_dal,28,57,5484266549,1000.02,1,626990353,106.107,3551388794,3551388794,0
mcs30_b09m_s60.A01,mcs30_b09m_s60.B01,dal_dal,29,62,5160647565,1000.02,1,2973439245,545.298,3318502820,3318502820,0
mcs30_b09m_s60.A02,mcs30_b09m_s60.B02,dal_dal,30,67,5235325456,1000.02,1,583535698,103.904,3394212550,3394212550,0
mcs30_b09m_s60.A03,mcs30_b09m_s60.B03,dal_dal,29,68,5043698320,1000.02,1,6408229,1.17024,3220616782,3220616782,0
mcs30_b09m_s60.A04,mcs30_b09m_s60.B04,dal_dal,29,72,5620609493,1000.02,1,193074285,32.5333,3649732464,3649732464,0
mcs30_b09m_s60.A05,mcs30_b09m_s60.B05,dal_dal,29,52,5580358009,1000.01,1,1457604856,255.272,3629467831,3629467831,0
mcs30_b09m_s60.A06,mcs30_b09m_s60.B06,dal_dal,29,71,5257775800,1000.01,1,1182539930,208.867,3371236632,3371236632,0
mcs30_b09m_s60.A07,mcs30_b09m_s60.B07,dal_dal,29,65,5416355058,1000.02,1,4303192964,788.222,3509858210,3509858210,0
mcs30_b09m_s60.A08,mcs30_b09m_s60.B08,dal_dal,30,72,5382263429,1000.02,1,2351406013,420.41,3515739382,3515739382,0
mcs30_b09m_s60.A09,mcs30_b09m_s60.B09,dal_dal,29,69,5514101721,1000.02,1,247212315,42.7486,3602835101,3602835101,0
mcs30_b09m_s70.A00,mcs30_b09m_s70.B00,dal_dal,33,73,5327368044,1000.02,1,1902897426,346.749,3433404243,3433404243,0
mcs30_b09m_s70.A01,mcs30_b09m_s70.B01,dal_dal,33,58,5547437390,1000.02,1,8119357,1.40849,3600457302,3600457302,0
mcs30_b09m_s70.A02,mcs30_b09m_s70.B02,dal_dal,32,59,5724830990,1000.01,1,453184324,78.4282,3649552979,3649552979,0
mcs30_b09m_s70.A03,mcs30_b09m_s70.B03,dal_dal,34,57,5202041391,1000.02,1,2648664475,486.525,3420139761,3420139761,0
mcs30_b09m_s70.A04,mcs30_b09m_s70.B04,dal_dal,33,67,5299269220,1000.02,1,630139808,113.948,3388044915,3388044915,0
mcs30_b09m_s70.A05,mcs30_b09m_s70.B05,dal_dal,33,79,5713759015,1000.02,1,39720609,6.91297,3680337842,3680337842,0
mcs30_b09m_s70.A06,mcs30_b09m_s70.B06,dal_dal,33,75,5006808274,1000.01,1,119583806,22.5495,3205620880,3205620880,0
mcs30_b09m_s70.A07,mcs30_b09m_s70.B07,dal_dal,34,75,5135895885,1000.02,1,44758069,8.62068,3407630325,3407630325,0
mcs30_b09m_s70.A08,mcs30_b09m_s70.B08,dal_dal,32,69,4946963642,1000.02,1,83421930,15.7206,3192328743,3192328743,0
mcs30_b09m_s70.A09,mcs30_b09m_s70.B09,dal_dal,32,71,5464567383,1000.02,1,328367875,57.6579,3383908369,3383908369,0
mcs30_b09m_s80.A00,mcs30_b09m_s80.B00,dal_dal,37,71,5278884127,1000.02,1,41237378,7.08709,3419003056,3419003056,0
mcs30_b09m_s80.A01,mcs30_b09m_s80.B01,dal_dal,39,83,5594454937,1000.02,1,4843725446,858.844,3518271017,3518271017,0
mcs30_b09m_s80.A02,mcs30_b09m_s80.B02,dal_dal,37,86,5494735210,1000.01,1,3324838653,596.292,3394142565,3394142565,0
mcs30_b09m_s80.A03,mcs30_b09m_s80.B03,dal_dal,37,82,5309112129,1000.02,1,552966439,98.1964,3296661052,3296661052,0
mcs30_b09m_s80.A04,mcs30_b09m_s80.B04,dal_dal,37,90,5775547503,1000.02,1,48626523,7.48835,3748594982,3748594982,0
mcs30_b09m_s80.A05,mcs30_b09m_s80.B05,dal_dal,37,74,5561544232,1000.01,1,4776921818,858.06,3538071591,3538071591,0
mcs30_b09m_s80.A06,mcs30_b09m_s80.B06,dal_dal,36,87,5885644033,1000.01,1,3760047608,614.005,3714974456,3714974456,0
mcs30_b09m_s80.A07,mcs30_b09m_s80.B07,dal_dal,36,73,5545340537,1000.02,1,343752960,62.0852,3484537518,3484537518,0
mcs30_b09m_s80.A08,mcs30_b09m_s80.B08,dal_dal,36,64,5515222852,1000.02,1,3345237284,600.411,3612677895,3612677895,0
mcs30_b09m_s80.A09,mcs30_b09m_s80.B09,dal_dal,38,82,5169440261,1000.02,1,371904483,67.7612,3312522668,3312522668,0
mcs30_b09m_s90.A00,mcs30_b09m_s90.B00,dal_dal,40,73,5340226411,1000.02,1,2062836398,374.299,3372652063,3372652063,0
mcs30_b09m_s90.A01,mcs30_b09m_s90.B01,dal_dal,41,95,5190430131,1000.01,1,1059067300,191.102,3225641100,3225641100,0
mcs30_b09m_s90.A02,mcs30_b09m_s90.B02,dal_dal,41,72,5953287743,1000.02,1,3933174993,648.042,3783983231,3783983231,0
mcs30_b09m_s90.A03,mcs30_b09m_s90.B03,dal_dal,41,90,5194930127,1000.01,1,31096295,5.75379,3273942291,3273942291,0
mcs30_b09m_s90.A04,mcs30_b09m_s90.B04,dal_dal,41,87,5183073310,1000.02,1,4658635637,896.707,3100762094,3100762094,0
mcs30_b09m_s90.A05,mcs30_b09m_s90.B05,dal_dal,41,78,5524818860,1000.02,1,2728104321,492.488,3367027374,3367027374,0
mcs30_b09m_s90.A06,mcs30_b09m_s90.B06,dal_dal,40,74,5741242637,1000.01,1,173489566,28.8542,3617943493,3617943493,0
mcs30_b09m_s90.A07,mcs30_b09m_s90.B07,dal_dal,39,74,5248797986,1000.01,1,980839598,182.326,3207723209,3207723209,0
mcs30_b09m_s90.A08,mcs30_b09m_s90.B08,dal_dal,40,87,5341186496,1000.02,1,362939245,63.1805,3367557621,3367557621,0
mcs30_b09m_s90.A09,mcs30_b09m_s90.B09,dal_dal,41,84,5602650686,1000.02,1,160676680,25.9994,3616793986,3616793986,0
mcs30_m2D_s100.A00,mcs30_m2D_s100.B00,dal_dal,62,77,7752609424,1000.02,1,470385667,59.5606,6076519735,6076519735,0
mcs30_m2D_s100.A01,mcs30_m2D_s100.B01,dal_dal,55,61,19939462392,1000.02,1,575545,0.0259009,16603100198,16603100198,0
mcs30_m2D_s100.A02,mcs30_m2D_s100.B02,dal_dal,58,67,12007132072,1000.02,1,23611583,1.45654,10593864033,10593864033,0
mcs30_m2D_s100.A03,mcs30_m2D_s100.B03,dal_dal,65,90,6425020679,1000.02,1,3590598821,542.98,4611940501,4611940501,0
mcs30_m2D_s100.A04,mcs30_m2D_s100.B04,dal_dal,66,83,6680769333,1000.02,1,300041819,38.6934,4317844409,4317844409,0
mcs30_m2D_s100.A05,mcs30_m2D_s100.B05,dal_dal,67,74,6633271301,1000.02,1,64829019,6.89196,4351310004,4351310004,0
mcs30_m2D_s100.A06,mcs30_m2D_s100.B06,dal_dal,58,68,15519741769,1000.02,1,553097510,29.7075,13163828175,13163828175,0
mcs30_m2D_s100.A07,mcs30_m2D_s100.B07,dal_dal,64,86,6408764782,1000.01,1,2973450731,451.375,4854688559,4854688559,0
mcs30_m2D_s100.A08,mcs30_m2D_s100.B08,dal_dal,66,89,6719603773,1000.02,1,415710656,61.2603,4673456675,4673456675,0
mcs30_m2D_s100.A09,mcs30_m2D_s100.B09,dal_dal,55,74,12347309972,1000.02,1,210,8.14E-05,10517576868,10517576868,0
mcs30_m2D_s30.A00,mcs30_m2D_s30.B00,dal_dal,22,27,5317508,0.696696,0,100090,0.0117304,3589164,3589164,0
mcs30_m2D_s30.A01,mcs30_m2D_s30.B01,dal_dal,23,31,3277942,0.449151,0,1630324,0.217828,2160144,2160144,0
mcs30_m2D_s30.A02,mcs30_m2D_s30.B02,dal_dal,22,24,9714111,2.55963,0,140930,0.034004,6564176,6564176,0
mcs30_m2D_s30.A03,mcs30_m2D_s30.B03,dal_dal,23,29,1206155,0.165323,0,669493,0.0851416,837355,837355,0
mcs30_m2D_s30.A04,mcs30_m2D_s30.B04,dal_dal,23,30,2956421,0.395533,0,1573860,0.196152,1975508,1975508,0
mcs30_m2D_s30.A05,mcs30_m2D_s30.B05,dal_dal,22,29,4757753,1.26989,0,1433250,0.36336,3182440,3182440,0
mcs30_m2D_s30.A06,mcs30_m2D_s30.B06,dal_dal,23,30,3353469,0.432381,0,2458260,0.309867,2169203,2169203,0
mcs30_m2D_s30.A07,mcs30_m2D_s30.B07,dal_dal,22,31,6309359,0.821698,0,624081,0.0776793,4552218,4552218,0
mcs30_m2D_s30.A08,mcs30_m2D_s30.B08,dal_dal,22,25,6575665,0.889206,0,1422354,0.179406,4445563,4445563,0
mcs30_m2D_s30.A09,mcs30_m2D_s30.B09,dal_dal,23,28,4885673,0.682176,0,4831464,0.674452,3255808,3255808,0
mcs30_m2D_s50.A00,mcs30_m2D_s50.B00,dal_dal,37,46,6868718150,1000.02,1,4040511027,574.333,4670885931,4670885931,0
mcs30_m2D_s50.A01,mcs30_m2D_s50.B01,dal_dal,37,50,3397598325,1000.02,1,162760744,45.1666,2355671047,2355671047,0
mcs30_m2D_s50.A02,mcs30_m2D_s50.B02,dal_dal,37,49,5224321419,1000.02,1,3066647401,351.48,4091574528,4091574528,0
mcs30_m2D_s50.A03,mcs30_m2D_s50.B03,dal_dal,38,44,5653472920,949.657,0,2163671479,347.297,3877373604,3877373604,0
mcs30_m2D_s50.A04,mcs30_m2D_s50.B04,dal_dal,35,43,7313257149,1000.02,1,872928655,112.435,5034745278,5034745278,0
mcs30_m2D_s50.A05,mcs30_m2D_s50.B05,dal_dal,38,53,6799938934,1000.02,1,3768874191,545.994,4644147237,4644147237,0
mcs30_m2D_s50.A06,mcs30_m2D_s50.B06,dal_dal,37,48,6751993465,1000.02,1,155098264,21.2831,4561465761,4561465761,0
mcs30_m2D_s50.A07,mcs30_m2D_s50.B07,dal_dal,36,39,6916898714,1000.01,1,4898660104,701.823,4708185469,4708185469,0
mcs30_m2D_s50.A08,mcs30_m2D_s50.B08,dal_dal,38,47,6602053895,1000.01,1,3911833831,581.14,4605144516,4605144516,0
mcs30_m2D_s50.A09,mcs30_m2D_s50.B09,dal_dal,37,45,3396189319,1000.02,1,2125208003,616.658,2352973875,2352973875,0
mcs30_m2D_s60.A00,mcs30_m2D_s60.B00,dal_dal,42,52,3515006589,1000.02,1,1467633010,405.917,2439989435,2439989435,0
mcs30_m2D_s60.A01,mcs30_m2D_s60.B01,dal_dal,43,53,3409032578,1000,1,1026868720,292.866,2330411068,2330411068,0
mcs30_m2D_s60.A02,mcs30_m2D_s60.B02,dal_dal,43,54,6728191283,1000.01,1,200862404,27.0056,4689192052,4689192052,0
mcs30_m2D_s60.A03,mcs30_m2D_s60.B03,dal_dal,42,50,6986450991,1000.01,1,1283960958,180.067,4753136156,4753136156,0
mcs30_m2D_s60.A04,mcs30_m2D_s60.B04,dal_dal,44,59,7163583236,1000.01,1,2835090728,329.654,5016362922,5016362922,0
mcs30_m2D_s60.A05,mcs30_m2D_s60.B05,dal_dal,43,49,6771720420,1000.02,1,824862207,112.749,4903292740,4903292740,0
mcs30_m2D_s60.A06,mcs30_m2D_s60.B06,dal_dal,43,62,6632694738,1000.02,1,1389049417,187.783,4724613195,4724613195,0
mcs30_m2D_s60.A07,mcs30_m2D_s60.B07,dal_dal,42,54,7174967119,1000.01,1,713012597,75.1352,5093088327,5093088327,0
mcs30_m2D_s60.A08,mcs30_m2D_s60.B08,dal_dal,43,59,8834649879,1000.01,1,5429990331,486.532,7163214884,7163214884,0
mcs30_m2D_s60.A09,mcs30_m2D_s60.B09,dal_dal,41,47,21739153793,1000.02,1,472755899,42.8127,16393590381,16393590381,0
mcs30_m2D_s70.A00,mcs30_m2D_s70.B00,dal_dal,50,58,6469079914,1000.02,1,5367137465,823.78,4512387755,4512387755,0
mcs30_m2D_s70.A01,mcs30_m2D_s70.B01,dal_dal,50,65,6950419396,1000.02,1,5610809896,792.156,5196593234,5196593234,0
mcs30_m2D_s70.A02,mcs30_m2D_s70.B02,dal_dal,47,49,6729769833,1000.02,1,411317428,58.1812,4878721927,4878721927,0
mcs30_m2D_s70.A03,mcs30_m2D_s70.B03,dal_dal,49,55,6586692109,1000.02,1,1100761850,158.383,4611956459,4611956459,0
mcs30_m2D_s70.A04,mcs30_m2D_s70.B04,dal_dal,47,55,6927888009,1000.02,1,955639942,125.897,4965578002,4965578002,0
mcs30_m2D_s70.A05,mcs30_m2D_s70.B05,dal_dal,49,60,7206927479,1000.02,1,1595326592,180.201,5117892445,5117892445,0
mcs30_m2D_s70.A06,mcs30_m2D_s70.B06,dal_dal,47,60,7130170336,1000.02,1,1720674849,234.141,4919993398,4919993398,0
mcs30_m2D_s70.A07,mcs30_m2D_s70.B07,dal_dal,48,64,10146841753,1000.02,1,9656709607,916.983,8312115472,8312115472,0
mcs30_m2D_s70.A08,mcs30_m2D_s70.B08,dal_dal,41,51,16243004027,1000.02,1,69872293,3.37943,14118561691,14118561691,0
mcs30_m2D_s70.A09,mcs30_m2D_s70.B09,dal_dal,48,49,6744979605,1000.01,1,843920508,103.884,4892429867,4892429867,0
mcs30_m2D_s80.A00,mcs30_m2D_s80.B00,dal_dal,57,72,6728818631,1000.02,1,4870930938,705.985,4826227644,4826227644,0
mcs30_m2D_s80.A01,mcs30_m2D_s80.B01,dal_dal,55,75,7905865449,1000.02,1,3889248665,393.218,5834084587,5834084587,0
mcs30_m2D_s80.A02,mcs30_m2D_s80.B02,dal_dal,57,71,6376369734,1000.02,1,1196962976,182.425,4480810083,4480810083,0
mcs30_m2D_s80.A03,mcs30_m2D_s80.B03,dal_dal,46,59,11829479451,1000.01,1,12326060,0.622353,9959879945,9959879945,0
mcs30_m2D_s80.A04,mcs30_m2D_s80.B04,dal_dal,55,66,6552841227,1000.02,1,5627263432,850.985,4881972322,4881972322,0
mcs30_m2D_s80.A05,mcs30_m2D_s80.B05,dal_dal,54,65,7575115592,1000.02,1,2063459725,175.898,5482156240,5482156240,0
mcs30_m2D_s80.A06,mcs30_m2D_s80.B06,dal_dal,53,58,8685972061,1000.01,1,7722127414,869.619,7270195577,7270195577,0
mcs30_m2D_s80.A07,mcs30_m2D_s80.B07,dal_dal,55,65,6947466458,1000.02,1,4964383267,688.21,4735893924,4735893924,0
mcs30_m2D_s80.A08,mcs30_m2D_s80.B08,dal_dal,55,71,7473891259,1000.01,1,2777074498,295.755,5737350798,5737350798,0
mcs30_m2D_s80.A09,mcs30_m2D_s80.B09,dal_dal,54,76,6724600673,1000.02,1,93234195,13.018,4861727351,4861727351,0
mcs30_m2D_s90.A00,mcs30_m2D_s90.B00,dal_dal,62,86,6292437223,1000.02,1,271434979,40.236,4385055731,4385055731,0
mcs30_m2D_s90.A01,mcs30_m2D_s90.B01,dal_dal,62,84,6602152892,1000.02,1,2282002146,333.709,4366386456,4366386456,0
mcs30_m2D_s90.A02,mcs30_m2D_s90.B02,dal_dal,50,69,19765526229,1000.02,1,88,5.21E-05,15833337516,15833337516,0
mcs30_m2D_s90.A03,mcs30_m2D_s90.B03,dal_dal,61,77,6460160783,1000.02,1,1726069175,263.215,4507668986,4507668986,0
mcs30_m2D_s90.A04,mcs30_m2D_s90.B04,dal_dal,61,86,12225294302,1000.02,1,10872019925,782.273,9926680488,9926680488,0
mcs30_m2D_s90.A05,mcs30_m2D_s90.B05,dal_dal,56,65,10149769540,1000.02,1,5821775236,556.458,8638602028,8638602028,0
mcs30_m2D_s90.A06,mcs30_m2D_s90.B06,dal_dal,51,64,20620804106,1000.02,1,95,6.98E-05,16227600122,16227600122,0
mcs30_m2D_s90.A07,mcs30_m2D_s90.B07,dal_dal,62,88,6224298626,1000.02,1,2091835088,328.581,4368121767,4368121767,0
mcs30_m2D_s90.A08,mcs30_m2D_s90.B08,dal_dal,62,89,6530670206,1000.02,1,3893981097,580.361,4617148423,4617148423,0
mcs30_m2D_s90.A09,mcs30_m2D_s90.B09,dal_dal,61,79,6214868877,1000.01,1,270345557,36.2315,4680350896,4680350896,0
mcs30_m2Dr2_s100.A00,mcs30_m2Dr2_s100.B00,dal_dal,66,76,6580224997,1000.01,1,2638272821,379.251,4306060778,4306060778,0
mcs30_m2Dr2_s100.A01,mcs30_m2Dr2_s100.B01,dal_dal,58,74,16695196921,1000.01,1,14903,0.00216783,14248834734,14248834734,0
mcs30_m2Dr2_s100.A02,mcs30_m2Dr2_s100.B02,dal_dal,64,82,6250472991,1000.02,1,2743545534,447.18,4526397648,4526397648,0
mcs30_m2Dr2_s100.A03,mcs30_m2Dr2_s100.B03,dal_dal,65,90,6431198933,1000.02,1,1126821727,146.1,4641363980,4641363980,0
mcs30_m2Dr2_s100.A04,mcs30_m2Dr2_s100.B04,dal_dal,52,59,9051322758,1000.02,1,344544610,22.8138,8227896145,8227896145,0
mcs30_m2Dr2_s100.A05,mcs30_m2Dr2_s100.B05,dal_dal,61,80,20503691776,1000.02,1,17162921840,843.238,16248356519,16248356519,0
mcs30_m2Dr2_s100.A06,mcs30_m2Dr2_s100.B06,dal_dal,64,80,7641969536,1000.01,1,1897557247,205.508,5157973698,5157973698,0
mcs30_m2Dr2_s100.A07,mcs30_m2Dr2_s100.B07,dal_dal,61,69,15631085475,1000.02,1,983195474,60.2905,12912668450,12912668450,0
mcs30_m2Dr2_s100.A08,mcs30_m2Dr2_s100.B08,dal_dal,59,69,17422802876,1000.02,1,55571604,2.89687,14767158125,14767158125,0
mcs30_m2Dr2_s100.A09,mcs30_m2Dr2_s100.B09,dal_dal,64,86,6124697039,1000.02,1,77599293,6.57715,4878039887,4878039887,0
mcs30_m2Dr2_s30.A00,mcs30_m2Dr2_s30.B00,dal_dal,22,27,3677169,0.517918,0,1484030,0.199725,2436686,2436686,0
mcs30_m2Dr2_s30.A01,mcs30_m2Dr2_s30.B01,dal_dal,22,25,6183925,0.8674,0,2600560,0.358063,3908559,3908559,0
mcs30_m2Dr2_s30.A02,mcs30_m2Dr2_s30.B02,dal_dal,23,31,2477268,0.34535,0,2472389,0.344607,1646345,1646345,0
mcs30_m2Dr2_s30.A03,mcs30_m2Dr2_s30.B03,dal_dal,22,29,1408447,0.195957,0,141027,0.0170234,960505,960505,0
mcs30_m2Dr2_s30.A04,mcs30_m2Dr2_s30.B04,dal_dal,22,30,13231647,1.80663,0,6864627,0.914887,8632430,8632430,0
mcs30_m2Dr2_s30.A05,mcs30_m2Dr2_s30.B05,dal_dal,22,24,3582613,0.48799,0,1295089,0.171129,2337995,2337995,0
mcs30_m2Dr2_s30.A06,mcs30_m2Dr2_s30.B06,dal_dal,22,34,4818208,0.682829,0,87185,0.0112692,3186636,3186636,0
mcs30_m2Dr2_s30.A07,mcs30_m2Dr2_s30.B07,dal_dal,22,26,3533175,0.494724,0,1497286,0.206384,2298361,2298361,0
mcs30_m2Dr2_s30.A08,mcs30_m2Dr2_s30.B08,dal_dal,22,28,3501732,0.483347,0,1445979,0.182957,2334858,2334858,0
mcs30_m2Dr2_s30.A09,mcs30_m2Dr2_s30.B09,dal_dal,22,30,1762176,0.245604,0,447533,0.0619931,1182449,1182449,0
mcs30_m2Dr2_s50.A00,mcs30_m2Dr2_s50.B00,dal_dal,35,48,6822593382,1000.01,1,8288952,1.06732,4745331383,4745331383,0
mcs30_m2Dr2_s50.A01,mcs30_m2Dr2_s50.B01,dal_dal,36,52,6843465106,1000.02,1,548374378,76.6592,4697889852,4697889852,0
mcs30_m2Dr2_s50.A02,mcs30_m2Dr2_s50.B02,dal_dal,36,53,6180161857,1000.01,1,619399546,90.6825,4283797689,4283797689,0
mcs30_m2Dr2_s50.A03,mcs30_m2Dr2_s50.B03,dal_dal,35,49,6848539893,1000.01,1,3018200335,421.241,4708152699,4708152699,0
mcs30_m2Dr2_s50.A04,mcs30_m2Dr2_s50.B04,dal_dal,36,49,6617323671,1000.02,1,1336136218,196.353,4666315024,4666315024,0
mcs30_m2Dr2_s50.A05,mcs30_m2Dr2_s50.B05,dal_dal,35,46,7035132828,1000.02,1,3677437179,508.091,4853128165,4853128165,0
mcs30_m2Dr2_s50.A06,mcs30_m2Dr2_s50.B06,dal_dal,36,49,6549892293,1000.02,1,126380481,17.7438,4429970239,4429970239,0
mcs30_m2Dr2_s50.A07,mcs30_m2Dr2_s50.B07,dal_dal,36,47,6480398591,1000.02,1,374508693,54.638,4435078564,4435078564,0
mcs30_m2Dr2_s50.A08,mcs30_m2Dr2_s50.B08,dal_dal,36,48,6534668188,1000.01,1,3223922443,486.947,4479720158,4479720158,0
mcs30_m2Dr2_s50.A09,mcs30_m2Dr2_s50.B09,dal_dal,34,45,7049586380,1000.01,1,395296485,52.0349,4821701728,4821701728,0
mcs30_m2Dr2_s60.A00,mcs30_m2Dr2_s60.B00,dal_dal,42,64,6644149703,1000.02,1,1416929575,204.014,4518868378,4518868378,0
mcs30_m2Dr2_s60.A01,mcs30_m2Dr2_s60.B01,dal_dal,42,57,6487420620,1000.02,1,595033684,80.5845,4299041415,4299041415,0
mcs30_m2Dr2_s60.A02,mcs30_m2Dr2_s60.B02,dal_dal,41,59,6744519737,1000.02,1,299491215,41.0741,4856869776,4856869776,0
mcs30_m2Dr2_s60.A03,mcs30_m2Dr2_s60.B03,dal_dal,40,53,6931011107,1000.01,1,72216170,8.36819,4843500972,4843500972,0
mcs30_m2Dr2_s60.A04,mcs30_m2Dr2_s60.B04,dal_dal,41,60,6865570055,1000.01,1,352830249,29.1042,4940172201,4940172201,0
mcs30_m2Dr2_s60.A05,mcs30_m2Dr2_s60.B05,dal_dal,41,53,6842075100,1000.02,1,1376384,0.144379,4668300942,4668300942,0
mcs30_m2Dr2_s60.A06,mcs30_m2Dr2_s60.B06,dal_dal,42,57,6710293963,1000.02,1,2105911296,306.052,4664636236,4664636236,0
mcs30_m2Dr2_s60.A07,mcs30_m2Dr2_s60.B07,dal_dal,42,55,6692742928,1000.02,1,798868549,116.982,4468773486,4468773486,0
mcs30_m2Dr2_s60.A08,mcs30_m2Dr2_s60.B08,dal_dal,41,62,6717348216,1000.02,1,5507279714,810.914,4716247359,4716247359,0
mcs30_m2Dr2_s60.A09,mcs30_m2Dr2_s60.B09,dal_dal,43,58,6738319370,1000.02,1,6301932355,930.183,4701557274,4701557274,0
mcs30_m2Dr2_s70.A00,mcs30_m2Dr2_s70.B00,dal_dal,47,64,6478333909,1000.02,1,2657085277,397.588,4313933827,4313933827,0
mcs30_m2Dr2_s70.A01,mcs30_m2Dr2_s70.B01,dal_dal,48,69,6682866168,1000.02,1,129446307,18.797,4515485464,4515485464,0
mcs30_m2Dr2_s70.A02,mcs30_m2Dr2_s70.B02,dal_dal,46,59,6912817087,1000.02,1,86199064,9.37952,4932306666,4932306666,0
mcs30_m2Dr2_s70.A03,mcs30_m2Dr2_s70.B03,dal_dal,48,56,6560107259,1000.02,1,18769927,2.6945,4488597370,4488597370,0
mcs30_m2Dr2_s70.A04,mcs30_m2Dr2_s70.B04,dal_dal,47,55,6483065802,1000.02,1,171313944,22.6313,4098496348,4098496348,0
mcs30_m2Dr2_s70.A05,mcs30_m2Dr2_s70.B05,dal_dal,49,76,6700087650,1000.01,1,1302865573,173.939,4805542368,4805542368,0
mcs30_m2Dr2_s70.A06,mcs30_m2Dr2_s70.B06,dal_dal,46,54,6646112499,1000.02,1,1303368745,181.273,4717373691,4717373691,0
mcs30_m2Dr2_s70.A07,mcs30_m2Dr2_s70.B07,dal_dal,48,65,6636116106,1000.02,1,2307194176,342.566,4710802209,4710802209,0
mcs30_m2Dr2_s70.A08,mcs30_m2Dr2_s70.B08,dal_dal,48,68,6580921585,1000.02,1,392821002,54.1708,4431665576,4431665576,0
mcs30_m2Dr2_s70.A09,mcs30_m2Dr2_s70.B09,dal_dal,47,65,6540562049,1000.02,1,787946663,117.023,4438212832,4438212832,0
mcs30_m2Dr2_s80.A00,mcs30_m2Dr2_s80.B00,dal_dal,53,78,6856653762,1000.02,1,2135058337,302.396,4563250341,4563250341,0
mcs30_m2Dr2_s80.A01,mcs30_m2Dr2_s80.B01,dal_dal,50,63,8480482986,1000.02,1,911712211,62.8075,7427629577,7427629577,0
mcs30_m2Dr2_s80.A02,mcs30_m2Dr2_s80.B02,dal_dal,52,73,6643791004,1000.02,1,1302992405,186.512,4508068994,4508068994,0
mcs30_m2Dr2_s80.A03,mcs30_m2Dr2_s80.B03,dal_dal,55,84,6284669845,1000.01,1,3940768454,622.327,4290993491,4290993491,0
mcs30_m2Dr2_s80.A04,mcs30_m2Dr2_s80.B04,dal_dal,54,60,6852101617,1000.02,1,6789294170,990.434,4794971471,4794971471,0
mcs30_m2Dr2_s80.A05,mcs30_m2Dr2_s80.B05,dal_dal,52,65,6639190608,1000.02,1,6055617740,911.03,4514086127,4514086127,0
mcs30_m2Dr2_s80.A06,mcs30_m2Dr2_s80.B06,dal_dal,53,82,7032737086,1000.01,1,1377567791,187,4590455641,4590455641,0
mcs30_m2Dr2_s80.A07,mcs30_m2Dr2_s80.B07,dal_dal,51,72,6721127455,1000.02,1,299855514,42.9425,4409533413,4409533413,0
mcs30_m2Dr2_s80.A08,mcs30_m2Dr2_s80.B08,dal_dal,54,72,6355775524,1000.02,1,1298180351,195.465,4296382865,4296382865,0
mcs30_m2Dr2_s80.A09,mcs30_m2Dr2_s80.B09,dal_dal,52,74,6556417701,1000.01,1,278181349,40.6561,4516583215,4516583215,0
mcs30_m2Dr2_s90.A00,mcs30_m2Dr2_s90.B00,dal_dal,59,83,10604750355,1000.02,1,9802098611,853.351,9202553677,9202553677,0
mcs30_m2Dr2_s90.A01,mcs30_m2Dr2_s90.B01,dal_dal,59,81,7170684265,1000.01,1,6188614392,841.428,5661405721,5661405721,0
mcs30_m2Dr2_s90.A02,mcs30_m2Dr2_s90.B02,dal_dal,59,78,7154220929,1000.01,1,1812001024,181.694,5127493300,5127493300,0
mcs30_m2Dr2_s90.A03,mcs30_m2Dr2_s90.B03,dal_dal,58,77,10201628344,1000.02,1,7306587137,580.241,7822851017,7822851017,0
mcs30_m2Dr2_s90.A04,mcs30_m2Dr2_s90.B04,dal_dal,54,69,16402456651,1000.02,1,30393,0.00168209,13192388469,13192388469,0
mcs30_m2Dr2_s90.A05,mcs30_m2Dr2_s90.B05,dal_dal,59,86,6711816945,1000.01,1,12293503,1.69295,4582401978,4582401978,0
mcs30_m2Dr2_s90.A06,mcs30_m2Dr2_s90.B06,dal_dal,57,62,9215145770,1000.02,1,2309857632,122.242,7958181461,7958181461,0
mcs30_m2Dr2_s90.A07,mcs30_m2Dr2_s90.B07,dal_dal,58,84,6332600662,1000.01,1,1221096376,170.607,4697874323,4697874323,0
mcs30_m2Dr2_s90.A08,mcs30_m2Dr2_s90.B08,dal_dal,56,72,6283930573,1000.02,1,285299842,46.7333,4544480827,4544480827,0
mcs30_m2Dr2_s90.A09,mcs30_m2Dr2_s90.B09,dal_dal,57,80,13205352595,1000.02,1,328163700,35.2168,11688264571,11688264571,0
mcs30_m2Dr4_s100.A00,mcs30_m2Dr4_s100.B00,dal_dal,62,91,5491283456,1000.01,1,664735455,118.771,3391840579,3391840579,0
mcs30_m2Dr4_s100.A01,mcs30_m2Dr4_s100.B01,dal_dal,62,83,5760038805,1000.02,1,694676432,115.907,3612132043,3612132043,0
mcs30_m2Dr4_s100.A02,mcs30_m2Dr4_s100.B02,dal_dal,64,90,5803896534,1000.02,1,972773943,156.668,3611472429,3611472429,0
mcs30_m2Dr4_s100.A03,mcs30_m2Dr4_s100.B03,dal_dal,57,84,17235249937,1000.02,1,137031869,7.25618,14190050927,14190050927,0
mcs30_m2Dr4_s100.A04,mcs30_m2Dr4_s100.B04,dal_dal,64,79,5854260235,1000.01,1,1413472786,212.726,3915413163,3915413163,0
mcs30_m2Dr4_s100.A05,mcs30_m2Dr4_s100.B05,dal_dal,61,86,6486178399,1000.02,1,5262478246,801.454,4615348275,4615348275,0
mcs30_m2Dr4_s100.A06,mcs30_m2Dr4_s100.B06,dal_dal,62,92,7196135147,1000.02,1,2960799,0.385469,4528640908,4528640908,0
mcs30_m2Dr4_s100.A07,mcs30_m2Dr4_s100.B07,dal_dal,64,102,5899881625,1000.01,1,1270403984,205.565,3651276853,3651276853,0
mcs30_m2Dr4_s100.A08,mcs30_m2Dr4_s100.B08,dal_dal,63,104,6026217975,1000.02,1,2808971163,440.045,4132731092,4132731092,0
mcs30_m2Dr4_s100.A09,mcs30_m2Dr4_s100.B09,dal_dal,52,65,16953685824,1000.01,1,1253096346,73.7166,14503320635,14503320635,0
mcs30_m2Dr4_s30.A00,mcs30_m2Dr4_s30.B00,dal_dal,21,31,11273866,1.64178,0,1159457,0.154898,7559821,7559821,0
mcs30_m2Dr4_s30.A01,mcs30_m2Dr4_s30.B01,dal_dal,22,28,7539628,1.09268,0,7437231,1.07743,4967206,4967206,0
mcs30_m2Dr4_s30.A02,mcs30_m2Dr4_s30.B02,dal_dal,21,28,8536484,1.16883,0,2061319,0.264328,5730185,5730185,0
mcs30_m2Dr4_s30.A03,mcs30_m2Dr4_s30.B03,dal_dal,21,26,11945724,1.72967,0,384692,0.051611,7970597,7970597,0
mcs30_m2Dr4_s30.A04,mcs30_m2Dr4_s30.B04,dal_dal,21,23,6785579,0.997503,0,2661497,0.366394,4568124,4568124,0
mcs30_m2Dr4_s30.A05,mcs30_m2Dr4_s30.B05,dal_dal,21,31,10685220,1.54473,0,5267317,0.731431,7216863,7216863,0
mcs30_m2Dr4_s30.A06,mcs30_m2Dr4_s30.B06,dal_dal,22,35,6945786,0.983498,0,6273694,0.87839,4637297,4637297,0
mcs30_m2Dr4_s30.A07,mcs30_m2Dr4_s30.B07,dal_dal,21,28,3812664,0.523624,0,1740049,0.229543,2633870,2633870,0
mcs30_m2Dr4_s30.A08,mcs30_m2Dr4_s30.B08,dal_dal,21,27,3716931,0.524844,0,313778,0.0406654,2460433,2460433,0
mcs30_m2Dr4_s30.A09,mcs30_m2Dr4_s30.B09,dal_dal,21,25,21980694,3.38822,0,290212,0.0471992,14259557,14259557,0
mcs30_m2Dr4_s50.A00,mcs30_m2Dr4_s50.B00,dal_dal,34,53,6275544991,1000.02,1,55413220,8.63116,4177821611,4177821611,0
mcs30_m2Dr4_s50.A01,mcs30_m2Dr4_s50.B01,dal_dal,34,50,6847715863,1000.01,1,3075607361,437.047,4724709958,4724709958,0
mcs30_m2Dr4_s50.A02,mcs30_m2Dr4_s50.B02,dal_dal,33,50,6728378243,1000.02,1,4285844149,635.266,4630200504,4630200504,0
mcs30_m2Dr4_s50.A03,mcs30_m2Dr4_s50.B03,dal_dal,35,53,6687541392,1000.01,1,101331481,13.5245,4635986382,4635986382,0
mcs30_m2Dr4_s50.A04,mcs30_m2Dr4_s50.B04,dal_dal,34,51,6629908658,1000.01,1,839024205,121.878,4573331966,4573331966,0
mcs30_m2Dr4_s50.A05,mcs30_m2Dr4_s50.B05,dal_dal,35,47,6640161208,1000.01,1,140794771,20.612,4627772331,4627772331,0
mcs30_m2Dr4_s50.A06,mcs30_m2Dr4_s50.B06,dal_dal,35,43,6453647027,1000.02,1,1861200858,278.905,4401507328,4401507328,0
mcs30_m2Dr4_s50.A07,mcs30_m2Dr4_s50.B07,dal_dal,34,51,6659565733,1000.01,1,2112903512,307.774,4540811801,4540811801,0
mcs30_m2Dr4_s50.A08,mcs30_m2Dr4_s50.B08,dal_dal,34,51,6574792490,1000.02,1,1697463333,255.497,4548353946,4548353946,0
mcs30_m2Dr4_s50.A09,mcs30_m2Dr4_s50.B09,dal_dal,35,50,6638247695,1000.01,1,110657993,15.3194,4513552611,4513552611,0
mcs30_m2Dr4_s60.A00,mcs30_m2Dr4_s60.B00,dal_dal,40,64,6641312997,1000.01,1,424199032,59.9727,4532983139,4532983139,0
mcs30_m2Dr4_s60.A01,mcs30_m2Dr4_s60.B01,dal_dal,40,61,7169363851,1000.02,1,5040255855,691.772,5079070395,5079070395,0
mcs30_m2Dr4_s60.A02,mcs30_m2Dr4_s60.B02,dal_dal,41,67,5728621680,1000.02,1,471421645,76.139,3991665625,3991665625,0
mcs30_m2Dr4_s60.A03,mcs30_m2Dr4_s60.B03,dal_dal,40,57,5907246162,1000.02,1,532093585,78.8975,4112313350,4112313350,0
mcs30_m2Dr4_s60.A04,mcs30_m2Dr4_s60.B04,dal_dal,40,57,6682094559,1000.02,1,490343253,70.6132,4495574345,4495574345,0
mcs30_m2Dr4_s60.A05,mcs30_m2Dr4_s60.B05,dal_dal,40,57,6044138993,1000.02,1,4247603528,698.223,4094319455,4094319455,0
mcs30_m2Dr4_s60.A06,mcs30_m2Dr4_s60.B06,dal_dal,40,58,5907624409,1000.02,1,84984101,12.5921,4256271105,4256271105,0
mcs30_m2Dr4_s60.A07,mcs30_m2Dr4_s60.B07,dal_dal,40,58,6272043342,1000.02,1,43814486,6.59624,4293995650,4293995650,0
mcs30_m2Dr4_s60.A08,mcs30_m2Dr4_s60.B08,dal_dal,41,66,6538740748,1000.01,1,1036095361,149.038,4613435480,4613435480,0
mcs30_m2Dr4_s60.A09,mcs30_m2Dr4_s60.B09,dal_dal,40,56,6942647404,1000.02,1,1884324294,264.474,4733591672,4733591672,0
mcs30_m2Dr4_s70.A00,mcs30_m2Dr4_s70.B00,dal_dal,46,67,6261635572,1000.02,1,3043151310,474.099,4206861960,4206861960,0
mcs30_m2Dr4_s70.A01,mcs30_m2Dr4_s70.B01,dal_dal,46,63,6534891172,1000.01,1,274235180,40.9205,4513250444,4513250444,0
mcs30_m2Dr4_s70.A02,mcs30_m2Dr4_s70.B02,dal_dal,46,75,6740054441,1000.02,1,3109540247,454.203,4605350045,4605350045,0
mcs30_m2Dr4_s70.A03,mcs30_m2Dr4_s70.B03,dal_dal,45,75,6525553102,1000.02,1,40988865,5.74219,4337032698,4337032698,0
mcs30_m2Dr4_s70.A04,mcs30_m2Dr4_s70.B04,dal_dal,47,67,6188698183,1000.02,1,1429161377,218.141,4101363561,4101363561,0
mcs30_m2Dr4_s70.A05,mcs30_m2Dr4_s70.B05,dal_dal,45,63,6350777871,1000.02,1,5953954553,936.919,4297004271,4297004271,0
mcs30_m2Dr4_s70.A06,mcs30_m2Dr4_s70.B06,dal_dal,44,60,6913275255,1000.02,1,3377774987,475.837,4791573896,4791573896,0
mcs30_m2Dr4_s70.A07,mcs30_m2Dr4_s70.B07,dal_dal,46,59,6758051354,1000.02,1,66164683,9.22515,4641687580,4641687580,0
mcs30_m2Dr4_s70.A08,mcs30_m2Dr4_s70.B08,dal_dal,46,72,6040993861,1000.02,1,1040242244,160.538,3883684929,3883684929,0
mcs30_m2Dr4_s70.A09,mcs30_m2Dr4_s70.B09,dal_dal,45,70,6808620665,1000.01,1,5274777822,765.962,4465480241,4465480241,0
mcs30_m2Dr4_s80.A00,mcs30_m2Dr4_s80.B00,dal_dal,53,77,6208581705,1000.02,1,2260746310,364.078,3885946020,3885946020,0
mcs30_m2Dr4_s80.A01,mcs30_m2Dr4_s80.B01,dal_dal,52,76,6738922393,1000.02,1,685457979,96.2303,4663921970,4663921970,0
mcs30_m2Dr4_s80.A02,mcs30_m2Dr4_s80.B02,dal_dal,52,78,6904862619,1000.02,1,4169642620,585.345,4683677514,4683677514,0
mcs30_m2Dr4_s80.A03,mcs30_m2Dr4_s80.B03,dal_dal,52,82,6452190430,1000.02,1,3878998701,590.487,4596513529,4596513529,0
mcs30_m2Dr4_s80.A04,mcs30_m2Dr4_s80.B04,dal_dal,49,77,6890032728,1000.02,1,1506116588,211.304,4902278411,4902278411,0
mcs30_m2Dr4_s80.A05,mcs30_m2Dr4_s80.B05,dal_dal,48,70,6893607957,1000.01,1,294622677,39.5943,4804761199,4804761199,0
mcs30_m2Dr4_s80.A06,mcs30_m2Dr4_s80.B06,dal_dal,50,72,7543519221,1000.02,1,7454359967,986.81,4989845078,4989845078,0
mcs30_m2Dr4_s80.A07,mcs30_m2Dr4_s80.B07,dal_dal,52,80,6433476935,1000.02,1,5526791378,852.293,4213479856,4213479856,0
mcs30_m2Dr4_s80.A08,mcs30_m2Dr4_s80.B08,dal_dal,51,58,6844476677,1000.02,1,5424810507,788.717,4652409334,4652409334,0
mcs30_m2Dr4_s80.A09,mcs30_m2Dr4_s80.B09,dal_dal,51,79,6246899521,1000.02,1,4392040614,687.226,4169372745,4169372745,0
mcs30_m2Dr4_s90.A00,mcs30_m2Dr4_s90.B00,dal_dal,54,82,7653898633,1000.01,1,3747109910,434.845,5626990564,5626990564,0
mcs30_m2Dr4_s90.A01,mcs30_m2Dr4_s90.B01,dal_dal,57,83,6052925536,1000.02,1,1607458610,246.717,3950049817,3950049817,0
mcs30_m2Dr4_s90.A02,mcs30_m2Dr4_s90.B02,dal_dal,57,92,6210167601,1000.02,1,449733372,66.1497,4430407247,4430407247,0
mcs30_m2Dr4_s90.A03,mcs30_m2Dr4_s90.B03,dal_dal,59,90,6528093717,1000.02,1,1437955740,172.442,4386875518,4386875518,0
mcs30_m2Dr4_s90.A04,mcs30_m2Dr4_s90.B04,dal_dal,54,80,15592159735,1000.02,1,15212009024,968.553,13248385512,13248385512,0
mcs30_m2Dr4_s90.A05,mcs30_m2Dr4_s90.B05,dal_dal,58,84,5863520133,1000.02,1,4452719597,751.54,3871559792,3871559792,0
mcs30_m2Dr4_s90.A06,mcs30_m2Dr4_s90.B06,dal_dal,58,85,6291323304,1000.02,1,102285203,11.7605,4542336507,4542336507,0
mcs30_m2Dr4_s90.A07,mcs30_m2Dr4_s90.B07,dal_dal,57,69,6523153319,1000.02,1,1479961341,214.02,4206171391,4206171391,0
mcs30_m2Dr4_s90.A08,mcs30_m2Dr4_s90.B08,dal_dal,56,87,6402721299,1000.01,1,63332549,8.5311,4093923631,4093923631,0
mcs30_m2Dr4_s90.A09,mcs30_m2Dr4_s90.B09,dal_dal,58,70,6066241180,1000.02,1,318653970,51.2053,3848703300,3848703300,0
mcs30_m2Dr6_s100.A00,mcs30_m2Dr6_s100.B00,dal_dal,49,67,10961800052,1000.01,1,50,0.000111066,8200069305,8200069305,0
mcs30_m2Dr6_s100.A01,mcs30_m2Dr6_s100.B01,dal_dal,57,79,4139429750,1000.02,1,1581499209,310.544,3466345324,3466345324,0
mcs30_m2Dr6_s100.A02,mcs30_m2Dr6_s100.B02,dal_dal,61,99,6264440147,1000.02,1,1325019391,200.81,4162356731,4162356731,0
mcs30_m2Dr6_s100.A03,mcs30_m2Dr6_s100.B03,dal_dal,59,95,6425880268,1000.01,1,63631417,9.15747,4247472164,4247472164,0
mcs30_m2Dr6_s100.A04,mcs30_m2Dr6_s100.B04,dal_dal,60,97,6673036774,1000.01,1,308941231,45.5905,4347831009,4347831009,0
mcs30_m2Dr6_s100.A05,mcs30_m2Dr6_s100.B05,dal_dal,62,97,6271206472,1000.02,1,3140681524,481.724,3972720791,3972720791,0
mcs30_m2Dr6_s100.A06,mcs30_m2Dr6_s100.B06,dal_dal,54,75,10566973543,1000.02,1,2227343346,166.401,8669532397,8669532397,0
mcs30_m2Dr6_s100.A07,mcs30_m2Dr6_s100.B07,dal_dal,55,84,8863325237,1000.02,1,268942,0.026249,7421519117,7421519117,0
mcs30_m2Dr6_s100.A08,mcs30_m2Dr6_s100.B08,dal_dal,59,81,3191974947,1000.02,1,820803461,248.453,2220704501,2220704501,0
mcs30_m2Dr6_s100.A09,mcs30_m2Dr6_s100.B09,dal_dal,59,92,3274149446,1000.02,1,39729612,9.12243,2303528761,2303528761,0
mcs30_m2Dr6_s30.A00,mcs30_m2Dr6_s30.B00,dal_dal,21,38,5767550,0.859903,0,789182,0.106439,3917628,3917628,0
mcs30_m2Dr6_s30.A01,mcs30_m2Dr6_s30.B01,dal_dal,21,28,10615851,1.51578,0,3319695,0.448326,6941434,6941434,0
mcs30_m2Dr6_s30.A02,mcs30_m2Dr6_s30.B02,dal_dal,20,32,16472030,2.37605,0,953878,0.132111,11049822,11049822,0
mcs30_m2Dr6_s30.A03,mcs30_m2Dr6_s30.B03,dal_dal,21,37,13470491,1.91702,0,4455564,0.598194,9026251,9026251,0
mcs30_m2Dr6_s30.A04,mcs30_m2Dr6_s30.B04,dal_dal,20,35,13665589,2.01702,0,70852,0.00967367,8929751,8929751,0
mcs30_m2Dr6_s30.A05,mcs30_m2Dr6_s30.B05,dal_dal,20,35,12098114,1.77528,0,289950,0.0407127,7949564,7949564,0
mcs30_m2Dr6_s30.A06,mcs30_m2Dr6_s30.B06,dal_dal,20,24,39813660,6.04293,0,275552,0.0368922,26218194,26218194,0
mcs30_m2Dr6_s30.A07,mcs30_m2Dr6_s30.B07,dal_dal,20,32,18141941,2.64049,0,76149,0.00982233,12200036,12200036,0
mcs30_m2Dr6_s30.A08,mcs30_m2Dr6_s30.B08,dal_dal,20,27,48004794,7.22153,0,7871494,1.10903,31028181,31028181,0
mcs30_m2Dr6_s30.A09,mcs30_m2Dr6_s30.B09,dal_dal,21,33,8832563,1.35813,0,6745229,1.0295,5819323,5819323,0
mcs30_m2Dr6_s50.A00,mcs30_m2Dr6_s50.B00,dal_dal,33,52,6307375912,1000.02,1,143108314,20.6262,4291005293,4291005293,0
mcs30_m2Dr6_s50.A01,mcs30_m2Dr6_s50.B01,dal_dal,33,53,6645864033,1000.01,1,4703328141,697.877,4540451049,4540451049,0
mcs30_m2Dr6_s50.A02,mcs30_m2Dr6_s50.B02,dal_dal,33,58,6752743664,1000.02,1,156888221,21.8932,4658700502,4658700502,0
mcs30_m2Dr6_s50.A03,mcs30_m2Dr6_s50.B03,dal_dal,33,55,6613647915,1000.02,1,1216599910,177.785,4398985848,4398985848,0
mcs30_m2Dr6_s50.A04,mcs30_m2Dr6_s50.B04,dal_dal,34,45,6506384206,1000.02,1,2896269634,430.013,4406290698,4406290698,0
mcs30_m2Dr6_s50.A05,mcs30_m2Dr6_s50.B05,dal_dal,33,50,6634364064,1000.02,1,1312066361,196.225,4438257083,4438257083,0
mcs30_m2Dr6_s50.A06,mcs30_m2Dr6_s50.B06,dal_dal,34,45,6329784271,1000.02,1,1831879381,279.656,4425902200,4425902200,0
mcs30_m2Dr6_s50.A07,mcs30_m2Dr6_s50.B07,dal_dal,33,51,6463466091,1000.01,1,69765243,10.2851,4510808491,4510808491,0
mcs30_m2Dr6_s50.A08,mcs30_m2Dr6_s50.B08,dal_dal,33,45,6510791701,1000.02,1,2883705497,429.309,4422491935,4422491935,0
mcs30_m2Dr6_s50.A09,mcs30_m2Dr6_s50.B09,dal_dal,34,42,6173925294,1000.02,1,1046973741,160.19,4196562426,4196562426,0
mcs30_m2Dr6_s60.A00,mcs30_m2Dr6_s60.B00,dal_dal,39,64,8216859921,1000.01,1,3103226893,218.038,6138182941,6138182941,0
mcs30_m2Dr6_s60.A01,mcs30_m2Dr6_s60.B01,dal_dal,39,67,6500019147,1000.01,1,344057866,49.3472,4436043827,4436043827,0
mcs30_m2Dr6_s60.A02,mcs30_m2Dr6_s60.B02,dal_dal,38,61,6704982699,1000.02,1,625978702,86.7968,4581270695,4581270695,0
mcs30_m2Dr6_s60.A03,mcs30_m2Dr6_s60.B03,dal_dal,38,50,6476476099,1000.02,1,72442372,10.4808,4430280495,4430280495,0
mcs30_m2Dr6_s60.A04,mcs30_m2Dr6_s60.B04,dal_dal,37,59,6941035528,1000.01,1,10332271,1.31329,4867263775,4867263775,0
mcs30_m2Dr6_s60.A05,mcs30_m2Dr6_s60.B05,dal_dal,37,56,5697299173,1000.02,1,157574384,25.2122,3799762680,3799762680,0
mcs30_m2Dr6_s60.A06,mcs30_m2Dr6_s60.B06,dal_dal,40,55,6322775469,1000.01,1,140297655,22.0692,4369873103,4369873103,0
mcs30_m2Dr6_s60.A07,mcs30_m2Dr6_s60.B07,dal_dal,38,67,6576276257,1000.01,1,2001685350,295.954,4524919310,4524919310,0
mcs30_m2Dr6_s60.A08,mcs30_m2Dr6_s60.B08,dal_dal,38,63,6541476363,1000.02,1,1489889700,218.07,4376198196,4376198196,0
mcs30_m2Dr6_s60.A09,mcs30_m2Dr6_s60.B09,dal_dal,39,63,6564531759,1000.02,1,1768405734,264.053,4539171058,4539171058,0
mcs30_m2Dr6_s70.A00,mcs30_m2Dr6_s70.B00,dal_dal,44,69,6546324046,1000.02,1,604302201,89.4509,4456117229,4456117229,0
mcs30_m2Dr6_s70.A01,mcs30_m2Dr6_s70.B01,dal_dal,43,64,6566843787,1000.01,1,1170738897,175.799,4370316571,4370316571,0
mcs30_m2Dr6_s70.A02,mcs30_m2Dr6_s70.B02,dal_dal,43,59,6429523900,1000.01,1,773201570,114.804,4170012957,4170012957,0
mcs30_m2Dr6_s70.A03,mcs30_m2Dr6_s70.B03,dal_dal,44,60,6068443526,1000.01,1,1653270765,266.441,3862503955,3862503955,0
mcs30_m2Dr6_s70.A04,mcs30_m2Dr6_s70.B04,dal_dal,43,68,7025735786,1000.01,1,4838487373,676.297,4814026184,4814026184,0
mcs30_m2Dr6_s70.A05,mcs30_m2Dr6_s70.B05,dal_dal,43,72,6592271120,1000.01,1,6082764434,923.909,4542270903,4542270903,0
mcs30_m2Dr6_s70.A06,mcs30_m2Dr6_s70.B06,dal_dal,44,76,6907016888,1000.02,1,6389999121,921.079,4683032611,4683032611,0
mcs30_m2Dr6_s70.A07,mcs30_m2Dr6_s70.B07,dal_dal,43,70,6747999970,1000.02,1,785111980,113.368,4615777300,4615777300,0
mcs30_m2Dr6_s70.A08,mcs30_m2Dr6_s70.B08,dal_dal,45,75,6334812785,1000.01,1,1306558164,196.857,4372896237,4372896237,0
mcs30_m2Dr6_s70.A09,mcs30_m2Dr6_s70.B09,dal_dal,43,65,6703201139,1000.01,1,18247925,2.47055,4833086638,4833086638,0
mcs30_m2Dr6_s80.A00,mcs30_m2Dr6_s80.B00,dal_dal,50,70,6476898096,1000.02,1,1553041213,233.051,4407926169,4407926169,0
mcs30_m2Dr6_s80.A01,mcs30_m2Dr6_s80.B01,dal_dal,50,78,6657498467,1000.01,1,1498358452,209.801,4369747700,4369747700,0
mcs30_m2Dr6_s80.A02,mcs30_m2Dr6_s80.B02,dal_dal,50,83,6150169201,1000.02,1,157123530,22.8895,4042866158,4042866158,0
mcs30_m2Dr6_s80.A03,mcs30_m2Dr6_s80.B03,dal_dal,49,87,6258393545,1000.02,1,1972874417,304.421,3949227459,3949227459,0
mcs30_m2Dr6_s80.A04,mcs30_m2Dr6_s80.B04,dal_dal,49,64,6638579049,1000.02,1,1301291880,192.025,4498784271,4498784271,0
mcs30_m2Dr6_s80.A05,mcs30_m2Dr6_s80.B05,dal_dal,50,69,6370777961,1000.01,1,385058298,51.4171,4207664267,4207664267,0
mcs30_m2Dr6_s80.A06,mcs30_m2Dr6_s80.B06,dal_dal,50,75,6350150904,1000.01,1,1049482879,159.228,4458764527,4458764527,0
mcs30_m2Dr6_s80.A07,mcs30_m2Dr6_s80.B07,dal_dal,48,67,6422408721,1000.02,1,156193881,23.7065,4108185606,4108185606,0
mcs30_m2Dr6_s80.A08,mcs30_m2Dr6_s80.B08,dal_dal,50,81,6731731454,1000.02,1,711880184,55.47,4512445976,4512445976,0
mcs30_m2Dr6_s80.A09,mcs30_m2Dr6_s80.B09,dal_dal,48,65,6525844052,1000.03,1,492135730,68.2779,4436177690,4436177690,0
mcs30_m2Dr6_s90.A00,mcs30_m2Dr6_s90.B00,dal_dal,55,84,6018105788,1000.02,1,481476192,72.9908,3908685911,3908685911,0
mcs30_m2Dr6_s90.A01,mcs30_m2Dr6_s90.B01,dal_dal,56,83,8783516956,1000.02,1,4499901595,335.559,6536289759,6536289759,0
mcs30_m2Dr6_s90.A02,mcs30_m2Dr6_s90.B02,dal_dal,48,65,13644567035,1000.02,1,118968759,9.10771,11392869237,11392869237,0
mcs30_m2Dr6_s90.A03,mcs30_m2Dr6_s90.B03,dal_dal,55,93,6202034105,1000.01,1,1095862893,164.749,4021311192,4021311192,0
mcs30_m2Dr6_s90.A04,mcs30_m2Dr6_s90.B04,dal_dal,54,75,6200860839,1000.02,1,93028961,13.8017,3859442648,3859442648,0
mcs30_m2Dr6_s90.A05,mcs30_m2Dr6_s90.B05,dal_dal,52,74,14489176425,1000.02,1,14289663791,968.514,12415848749,12415848749,0
mcs30_m2Dr6_s90.A06,mcs30_m2Dr6_s90.B06,dal_dal,53,74,6747388621,1000.01,1,352492815,34.9637,4479102076,4479102076,0
mcs30_m2Dr6_s90.A07,mcs30_m2Dr6_s90.B07,dal_dal,55,80,5931724820,1000.02,1,3570319690,589.952,4047738778,4047738778,0
mcs30_m2Dr6_s90.A08,mcs30_m2Dr6_s90.B08,dal_dal,55,81,6589826289,1000.01,1,1681869458,241.39,4467545472,4467545472,0
mcs30_m2Dr6_s90.A09,mcs30_m2Dr6_s90.B09,dal_dal,57,78,6290791327,1000.01,1,2372354584,369.509,4015511986,4015511986,0
mcs30_m3D_s100.A00,mcs30_m3D_s100.B00,dal_dal,61,97,7090528014,1000.01,1,7065523241,996.237,4762912538,4762912538,0
mcs30_m3D_s100.A01,mcs30_m3D_s100.B01,dal_dal,62,87,6470782963,1000.01,1,1460706008,207.769,4262596211,4262596211,0
mcs30_m3D_s100.A02,mcs30_m3D_s100.B02,dal_dal,61,107,7889882181,1000.02,1,7082324447,871.275,6661021727,6661021727,0
mcs30_m3D_s100.A03,mcs30_m3D_s100.B03,dal_dal,57,82,14775103507,1000.01,1,14220101555,945.189,12072482323,12072482323,0
mcs30_m3D_s100.A04,mcs30_m3D_s100.B04,dal_dal,59,79,6572219406,1000.01,1,268372121,32.9484,4424323099,4424323099,0
mcs30_m3D_s100.A05,mcs30_m3D_s100.B05,dal_dal,60,79,6540243159,1000.01,1,68326546,10.1102,4464985712,4464985712,0
mcs30_m3D_s100.A06,mcs30_m3D_s100.B06,dal_dal,62,84,7307222774,1000.01,1,2973659076,314.359,5007688725,5007688725,0
mcs30_m3D_s100.A07,mcs30_m3D_s100.B07,dal_dal,56,78,19057333522,1000.01,1,743975025,36.5882,16097683242,16097683242,0
mcs30_m3D_s100.A08,mcs30_m3D_s100.B08,dal_dal,59,91,6470077714,1000.01,1,386705160,36.3632,4333894146,4333894146,0
mcs30_m3D_s100.A09,mcs30_m3D_s100.B09,dal_dal,61,84,5850097516,1000.02,1,2513336556,412.288,3730244011,3730244011,0
mcs30_m3D_s25.A00,mcs30_m3D_s25.B00,dal_dal,18,24,1491202,0.19736,0,1463351,0.193777,992353,992353,0
mcs30_m3D_s25.A01,mcs30_m3D_s25.B01,dal_dal,18,22,582400,0.078488,0,487666,0.0649951,385622,385622,0
mcs30_m3D_s25.A02,mcs30_m3D_s25.B02,dal_dal,18,24,1606308,0.21667,0,1425060,0.190166,1043851,1043851,0
mcs30_m3D_s25.A03,mcs30_m3D_s25.B03,dal_dal,18,25,683422,0.0968521,0,199409,0.0272151,442833,442833,0
mcs30_m3D_s25.A04,mcs30_m3D_s25.B04,dal_dal,18,23,1036425,0.148373,0,175379,0.0234804,669461,669461,0
mcs30_m3D_s25.A05,mcs30_m3D_s25.B05,dal_dal,17,24,1179926,0.165894,0,9330,0.0011899,754881,754881,0
mcs30_m3D_s25.A06,mcs30_m3D_s25.B06,dal_dal,18,24,2246679,0.313669,0,2070401,0.288941,1388260,1388260,0
mcs30_m3D_s25.A07,mcs30_m3D_s25.B07,dal_dal,17,25,2462270,0.327159,0,197604,0.0242403,1586509,1586509,0
mcs30_m3D_s25.A08,mcs30_m3D_s25.B08,dal_dal,18,22,502829,0.0730921,0,26257,0.0038639,318821,318821,0
mcs30_m3D_s25.A09,mcs30_m3D_s25.B09,dal_dal,18,29,1006686,0.141265,0,832058,0.115345,651319,651319,0
mcs30_m3D_s30.A00,mcs30_m3D_s30.B00,dal_dal,21,26,10836651,1.58653,0,745415,0.102867,7213127,7213127,0
mcs30_m3D_s30.A01,mcs30_m3D_s30.B01,dal_dal,21,31,11311718,1.60422,0,3161647,0.426551,7512000,7512000,0
mcs30_m3D_s30.A02,mcs30_m3D_s30.B02,dal_dal,21,27,6989236,1.02164,0,55490,0.00752652,4681942,4681942,0
mcs30_m3D_s30.A03,mcs30_m3D_s30.B03,dal_dal,21,29,10983876,1.56519,0,1022449,0.13865,7301412,7301412,0
mcs30_m3D_s30.A04,mcs30_m3D_s30.B04,dal_dal,21,31,7329107,1.0678,0,1858513,0.253401,4719169,4719169,0
mcs30_m3D_s30.A05,mcs30_m3D_s30.B05,dal_dal,21,34,22538605,3.2082,0,8897797,1.20459,14924946,14924946,0
mcs30_m3D_s30.A06,mcs30_m3D_s30.B06,dal_dal,21,26,9471080,1.36014,0,2712551,0.366682,6300639,6300639,0
mcs30_m3D_s30.A07,mcs30_m3D_s30.B07,dal_dal,21,28,9342212,1.41312,0,359790,0.0499749,6149129,6149129,0
mcs30_m3D_s30.A08,mcs30_m3D_s30.B08,dal_dal,21,30,21721221,3.12035,0,6584425,0.91605,14334954,14334954,0
mcs30_m3D_s30.A09,mcs30_m3D_s30.B09,dal_dal,21,32,5782624,0.869098,0,986965,0.141816,3859520,3859520,0
mcs30_m3D_s40.A00,mcs30_m3D_s40.B00,dal_dal,28,40,1210808918,178.114,0,2742983,0.327775,805658941,805658941,0
mcs30_m3D_s40.A01,mcs30_m3D_s40.B01,dal_dal,28,43,998447098,151.973,0,564792173,83.531,657450000,657450000,0
mcs30_m3D_s40.A02,mcs30_m3D_s40.B02,dal_dal,28,42,2704637950,408.007,0,1710139883,251.399,1793447889,1793447889,0
mcs30_m3D_s40.A03,mcs30_m3D_s40.B03,dal_dal,27,36,5130035458,760.963,0,440648996,61.8711,3361182851,3361182851,0
mcs30_m3D_s40.A04,mcs30_m3D_s40.B04,dal_dal,28,45,1272646848,188.513,0,48173211,6.58557,866393188,866393188,0
mcs30_m3D_s40.A05,mcs30_m3D_s40.B05,dal_dal,28,40,1184867385,184.006,0,424728799,63.1959,785900030,785900030,0
mcs30_m3D_s40.A06,mcs30_m3D_s40.B06,dal_dal,28,45,1028959166,152.154,0,239169506,34.0764,693036715,693036715,0
mcs30_m3D_s40.A07,mcs30_m3D_s40.B07,dal_dal,29,37,729039453,109.811,0,680416588,101.929,508095545,508095545,0
mcs30_m3D_s40.A08,mcs30_m3D_s40.B08,dal_dal,28,42,1450781080,217.271,0,1018966526,149.675,969033100,969033100,0
mcs30_m3D_s40.A09,mcs30_m3D_s40.B09,dal_dal,28,39,686436092,106.742,0,49209279,6.95671,461701456,461701456,0
mcs30_m3D_s70.A00,mcs30_m3D_s70.B00,dal_dal,45,75,6322566834,1000.02,1,4560919015,711.889,4184763093,4184763093,0
mcs30_m3D_s70.A01,mcs30_m3D_s70.B01,dal_dal,44,69,6606329857,1000.02,1,1512962734,220.72,4402518092,4402518092,0
mcs30_m3D_s70.A02,mcs30_m3D_s70.B02,dal_dal,44,64,6674061918,1000.02,1,213464089,31.9089,4394052893,4394052893,0
mcs30_m3D_s70.A03,mcs30_m3D_s70.B03,dal_dal,45,59,6424278026,1000.01,1,6303655180,979.243,4110338913,4110338913,0
mcs30_m3D_s70.A04,mcs30_m3D_s70.B04,dal_dal,44,64,6682742638,1000.01,1,4177485,0.582966,4521625076,4521625076,0
mcs30_m3D_s70.A05,mcs30_m3D_s70.B05,dal_dal,45,76,6455325123,1000.01,1,3164093345,476.518,4375824318,4375824318,0
mcs30_m3D_s70.A06,mcs30_m3D_s70.B06,dal_dal,45,61,6441810793,1000.02,1,3781742930,571.933,4287073718,4287073718,0
mcs30_m3D_s70.A07,mcs30_m3D_s70.B07,dal_dal,45,64,6289965724,1000.02,1,311020259,44.0748,4293587640,4293587640,0
mcs30_m3D_s70.A08,mcs30_m3D_s70.B08,dal_dal,43,57,6344826808,1000.01,1,735400788,110.207,4118359271,4118359271,0
mcs30_m3D_s70.A09,mcs30_m3D_s70.B09,dal_dal,45,61,6421515393,1000.01,1,22517561,3.40674,4418612980,4418612980,0
mcs30_m3D_s80.A00,mcs30_m3D_s80.B00,dal_dal,50,72,6145559721,1000.02,1,909811361,139.023,4043374913,4043374913,0
mcs30_m3D_s80.A01,mcs30_m3D_s80.B01,dal_dal,49,86,7326420285,1000.02,1,1588228901,121.812,5234794636,5234794636,0
mcs30_m3D_s80.A02,mcs30_m3D_s80.B02,dal_dal,51,72,6415868026,1000.02,1,725509626,106.768,4130156477,4130156477,0
mcs30_m3D_s80.A03,mcs30_m3D_s80.B03,dal_dal,50,72,6553385893,1000.02,1,76880662,10.37,4461990147,4461990147,0
mcs30_m3D_s80.A04,mcs30_m3D_s80.B04,dal_dal,49,70,6112585930,1000.01,1,178072048,26.2463,3841094555,3841094555,0
mcs30_m3D_s80.A05,mcs30_m3D_s80.B05,dal_dal,50,80,6465645384,1000.01,1,5999880506,922.963,4380365478,4380365478,0
mcs30_m3D_s80.A06,mcs30_m3D_s80.B06,dal_dal,50,75,6556858189,1000.02,1,1398154581,207.921,4374806268,4374806268,0
mcs30_m3D_s80.A07,mcs30_m3D_s80.B07,dal_dal,48,75,6705239559,1000.02,1,25286272,2.68445,4897840025,4897840025,0
mcs30_m3D_s80.A08,mcs30_m3D_s80.B08,dal_dal,48,60,5716868818,1000.02,1,223229268,36.1034,3873775424,3873775424,0
mcs30_m3D_s80.A09,mcs30_m3D_s80.B09,dal_dal,51,78,5924296292,1000.02,1,1157434723,183.743,3780829908,3780829908,0
mcs30_m3D_s90.A00,mcs30_m3D_s90.B00,dal_dal,54,82,7501658042,1000.01,1,6664392507,869.952,4897649409,4897649409,0
mcs30_m3D_s90.A01,mcs30_m3D_s90.B01,dal_dal,56,92,7563830851,1000.01,1,2654342801,220.32,5568094958,5568094958,0
mcs30_m3D_s90.A02,mcs30_m3D_s90.B02,dal_dal,54,83,6629797672,1000.01,1,188230308,27.0395,4153492208,4153492208,0
mcs30_m3D_s90.A03,mcs30_m3D_s90.B03,dal_dal,53,64,6410568286,1000,1,111809818,16.3314,4145747434,4145747434,0
mcs30_m3D_s90.A04,mcs30_m3D_s90.B04,dal_dal,54,81,6611976149,1000.02,1,204517108,27.6671,4640304136,4640304136,0
mcs30_m3D_s90.A05,mcs30_m3D_s90.B05,dal_dal,55,73,6408101838,1000.02,1,3382128812,512.194,4242906299,4242906299,0
mcs30_m3D_s90.A06,mcs30_m3D_s90.B06,dal_dal,56,99,6427592839,1000.02,1,224688334,33.0679,4356932112,4356932112,0
mcs30_m3D_s90.A07,mcs30_m3D_s90.B07,dal_dal,55,81,6726969723,1000.02,1,1149321530,155.228,4358437168,4358437168,0
mcs30_m3D_s90.A08,mcs30_m3D_s90.B08,dal_dal,54,80,5785768829,1000.02,1,285087654,46.0706,3687455446,3687455446,0
mcs30_m3D_s90.A09,mcs30_m3D_s90.B09,dal_dal,54,61,5850406634,1000.02,1,335382915,50.5982,4110160245,4110160245,0
mcs30_m3Dr2_s100.A00,mcs30_m3Dr2_s100.B00,dal_dal,60,96,5709601034,1000.01,1,741631677,125.538,3586985668,3586985668,0
mcs30_m3Dr2_s100.A01,mcs30_m3Dr2_s100.B01,dal_dal,59,97,5709648962,1000.01,1,1671549944,284.491,3501398801,3501398801,0
mcs30_m3Dr2_s100.A02,mcs30_m3Dr2_s100.B02,dal_dal,58,83,5470757351,1000.02,1,160629719,22.1289,3424330438,3424330438,0
mcs30_m3Dr2_s100.A03,mcs30_m3Dr2_s100.B03,dal_dal,58,88,5494827501,1000,1,762070026,130.666,3480852879,3480852879,0
mcs30_m3Dr2_s100.A04,mcs30_m3Dr2_s100.B04,dal_dal,59,85,5592076039,1000.02,1,2636986918,461.104,3678972133,3678972133,0
mcs30_m3Dr2_s100.A05,mcs30_m3Dr2_s100.B05,dal_dal,59,100,5934328252,1000.02,1,4588096670,763.781,3951195999,3951195999,0
mcs30_m3Dr2_s100.A06,mcs30_m3Dr2_s100.B06,dal_dal,58,99,6461518802,1000.02,1,1067024509,140.97,4094412624,4094412624,0
mcs30_m3Dr2_s100.A07,mcs30_m3Dr2_s100.B07,dal_dal,57,75,5773016465,1000.01,1,554619369,99.9171,3630924944,3630924944,0
mcs30_m3Dr2_s100.A08,mcs30_m3Dr2_s100.B08,dal_dal,56,91,5994769215,1000.01,1,214136,0.0239457,3615934251,3615934251,0
mcs30_m3Dr2_s100.A09,mcs30_m3Dr2_s100.B09,dal_dal,57,97,5560940785,1000.01,1,104934476,18.8224,3582500635,3582500635,0
mcs30_m3Dr2_s25.A00,mcs30_m3Dr2_s25.B00,dal_dal,17,24,1323182,0.214081,0,104785,0.0122461,859773,859773,0
mcs30_m3Dr2_s25.A01,mcs30_m3Dr2_s25.B01,dal_dal,17,23,1612716,0.234111,0,914685,0.129278,1036494,1036494,0
mcs30_m3Dr2_s25.A02,mcs30_m3Dr2_s25.B02,dal_dal,17,24,2349748,0.33643,0,714691,0.0950617,1520105,1520105,0
mcs30_m3Dr2_s25.A03,mcs30_m3Dr2_s25.B03,dal_dal,18,30,462128,0.0693228,0,292553,0.0440629,297941,297941,0
mcs30_m3Dr2_s25.A04,mcs30_m3Dr2_s25.B04,dal_dal,17,26,1964425,0.280511,0,3556,0.000508792,1254143,1254143,0
mcs30_m3Dr2_s25.A05,mcs30_m3Dr2_s25.B05,dal_dal,18,29,755336,0.106783,0,515325,0.0699161,500218,500218,0
mcs30_m3Dr2_s25.A06,mcs30_m3Dr2_s25.B06,dal_dal,17,30,707631,0.101356,0,5600,0.000622087,476811,476811,0
mcs30_m3Dr2_s25.A07,mcs30_m3Dr2_s25.B07,dal_dal,17,20,1242438,0.178637,0,293692,0.0419933,797417,797417,0
mcs30_m3Dr2_s25.A08,mcs30_m3Dr2_s25.B08,dal_dal,17,24,1096422,0.156231,0,367292,0.0495583,711851,711851,0
mcs30_m3Dr2_s25.A09,mcs30_m3Dr2_s25.B09,dal_dal,17,27,1404176,0.193291,0,503394,0.0669729,916899,916899,0
mcs30_m3Dr2_s30.A00,mcs30_m3Dr2_s30.B00,dal_dal,21,38,3964446,0.626806,0,134801,0.0194545,2668401,2668401,0
mcs30_m3Dr2_s30.A01,mcs30_m3Dr2_s30.B01,dal_dal,21,34,5790508,0.859789,0,2561922,0.35657,3779285,3779285,0
mcs30_m3Dr2_s30.A02,mcs30_m3Dr2_s30.B02,dal_dal,20,29,31322590,4.40909,0,4878600,0.624378,20589575,20589575,0
mcs30_m3Dr2_s30.A03,mcs30_m3Dr2_s30.B03,dal_dal,20,29,20848001,3.0758,0,1418809,0.193387,13924895,13924895,0
mcs30_m3Dr2_s30.A04,mcs30_m3Dr2_s30.B04,dal_dal,20,30,13858392,2.07229,0,1948425,0.282705,9067946,9067946,0
mcs30_m3Dr2_s30.A05,mcs30_m3Dr2_s30.B05,dal_dal,20,30,10360397,1.87447,0,760325,0.118682,7042996,7042996,0
mcs30_m3Dr2_s30.A06,mcs30_m3Dr2_s30.B06,dal_dal,21,33,16241685,2.42387,0,13569097,1.99863,10512958,10512958,0
mcs30_m3Dr2_s30.A07,mcs30_m3Dr2_s30.B07,dal_dal,20,31,15210316,2.15775,0,623434,0.0825027,10271083,10271083,0
mcs30_m3Dr2_s30.A08,mcs30_m3Dr2_s30.B08,dal_dal,20,30,35024817,5.09782,0,2524649,0.3392,22261026,22261026,0
mcs30_m3Dr2_s30.A09,mcs30_m3Dr2_s30.B09,dal_dal,20,35,12552759,1.80022,0,182061,0.022587,8456367,8456367,0
mcs30_m3Dr2_s40.A00,mcs30_m3Dr2_s40.B00,dal_dal,27,45,3509293102,550.675,0,28869648,3.99337,2378215813,2378215813,0
mcs30_m3Dr2_s40.A01,mcs30_m3Dr2_s40.B01,dal_dal,27,42,1766219629,275.431,0,3371576,0.500897,1183653512,1183653512,0
mcs30_m3Dr2_s40.A02,mcs30_m3Dr2_s40.B02,dal_dal,27,47,1010872929,157.893,0,40536541,5.95889,679936037,679936037,0
mcs30_m3Dr2_s40.A03,mcs30_m3Dr2_s40.B03,dal_dal,27,39,4882670084,763.814,0,1806112721,273.392,3202894034,3202894034,0
mcs30_m3Dr2_s40.A04,mcs30_m3Dr2_s40.B04,dal_dal,27,44,906943536,146.758,0,12063466,1.81954,609947495,609947495,0
mcs30_m3Dr2_s40.A05,mcs30_m3Dr2_s40.B05,dal_dal,28,50,573290666,101.947,0,349151937,60.2934,385501671,385501671,0
mcs30_m3Dr2_s40.A06,mcs30_m3Dr2_s40.B06,dal_dal,27,47,2417013008,420.205,0,1248773927,209.227,1609540751,1609540751,0
mcs30_m3Dr2_s40.A07,mcs30_m3Dr2_s40.B07,dal_dal,27,41,2270219562,374.192,0,588224288,92.5478,1520876211,1520876211,0
mcs30_m3Dr2_s40.A08,mcs30_m3Dr2_s40.B08,dal_dal,27,40,1049319986,162.814,0,18436145,2.6388,700896041,700896041,0
mcs30_m3Dr2_s40.A09,mcs30_m3Dr2_s40.B09,dal_dal,27,40,2270345576,333.732,0,1652515195,236.485,1532067595,1532067595,0
mcs30_m3Dr2_s70.A00,mcs30_m3Dr2_s70.B00,dal_dal,42,61,6116181801,1000.01,1,127574374,20.5184,3884072332,3884072332,0
mcs30_m3Dr2_s70.A01,mcs30_m3Dr2_s70.B01,dal_dal,42,67,6214748919,1000.01,1,2421394329,381.179,3925961454,3925961454,0
mcs30_m3Dr2_s70.A02,mcs30_m3Dr2_s70.B02,dal_dal,41,64,6442552569,1000.01,1,972480499,139.028,4128107165,4128107165,0
mcs30_m3Dr2_s70.A03,mcs30_m3Dr2_s70.B03,dal_dal,44,68,6010336450,1000.01,1,116676676,18.1013,3883454506,3883454506,0
mcs30_m3Dr2_s70.A04,mcs30_m3Dr2_s70.B04,dal_dal,43,65,6439625720,1000.01,1,2238395051,337.999,4187628108,4187628108,0
mcs30_m3Dr2_s70.A05,mcs30_m3Dr2_s70.B05,dal_dal,42,68,6283418029,1000.01,1,557236472,83.1775,4128047324,4128047324,0
mcs30_m3Dr2_s70.A06,mcs30_m3Dr2_s70.B06,dal_dal,42,61,6837507183,1000.02,1,2157738517,274.981,4319650553,4319650553,0
mcs30_m3Dr2_s70.A07,mcs30_m3Dr2_s70.B07,dal_dal,42,68,6274290227,1000.01,1,22172055,3.44936,4001567191,4001567191,0
mcs30_m3Dr2_s70.A08,mcs30_m3Dr2_s70.B08,dal_dal,43,68,6112374278,1000.01,1,1478324225,236.631,4072850669,4072850669,0
mcs30_m3Dr2_s70.A09,mcs30_m3Dr2_s70.B09,dal_dal,43,81,6504003791,1000.01,1,3416173184,518.344,4369636858,4369636858,0
mcs30_m3Dr2_s80.A00,mcs30_m3Dr2_s80.B00,dal_dal,48,71,5840964735,1000.02,1,281079187,43.587,3814888726,3814888726,0
mcs30_m3Dr2_s80.A01,mcs30_m3Dr2_s80.B01,dal_dal,47,65,5625497217,1000.02,1,93481033,14.0772,3640227125,3640227125,0
mcs30_m3Dr2_s80.A02,mcs30_m3Dr2_s80.B02,dal_dal,48,72,6133040333,1000.02,1,5048058226,826.975,3950223636,3950223636,0
mcs30_m3Dr2_s80.A03,mcs30_m3Dr2_s80.B03,dal_dal,47,77,6448772000,1000.02,1,151440832,21.5702,4342509975,4342509975,0
mcs30_m3Dr2_s80.A04,mcs30_m3Dr2_s80.B04,dal_dal,49,64,6021661990,1000.01,1,2814446677,465.582,4111767779,4111767779,0
mcs30_m3Dr2_s80.A05,mcs30_m3Dr2_s80.B05,dal_dal,47,75,6395789887,1000.01,1,3486796399,533.693,4201093798,4201093798,0
mcs30_m3Dr2_s80.A06,mcs30_m3Dr2_s80.B06,dal_dal,49,77,5739317604,1000.01,1,79415098,11.5441,3611567248,3611567248,0
mcs30_m3Dr2_s80.A07,mcs30_m3Dr2_s80.B07,dal_dal,45,67,6739395403,1000.02,1,1514411761,215.815,4830930516,4830930516,0
mcs30_m3Dr2_s80.A08,mcs30_m3Dr2_s80.B08,dal_dal,48,76,6509649566,1000.02,1,2777804623,422.453,4052313275,4052313275,0
mcs30_m3Dr2_s80.A09,mcs30_m3Dr2_s80.B09,dal_dal,47,67,6931647445,1000,1,6102151862,877.034,4726785803,4726785803,0
mcs30_m3Dr2_s90.A00,mcs30_m3Dr2_s90.B00,dal_dal,53,85,6364217006,1000.02,1,105850956,15.837,4344442970,4344442970,0
mcs30_m3Dr2_s90.A01,mcs30_m3Dr2_s90.B01,dal_dal,54,98,9183329348,1000.02,1,5116277970,375.246,6922267886,6922267886,0
mcs30_m3Dr2_s90.A02,mcs30_m3Dr2_s90.B02,dal_dal,53,91,6295300943,1000.02,1,4807735599,758.181,3996983661,3996983661,0
mcs30_m3Dr2_s90.A03,mcs30_m3Dr2_s90.B03,dal_dal,53,86,6648295628,1000.02,1,6204309447,932.338,4529206553,4529206553,0
mcs30_m3Dr2_s90.A04,mcs30_m3Dr2_s90.B04,dal_dal,54,84,6331110775,1000.02,1,2878613918,449.088,4136132320,4136132320,0
mcs30_m3Dr2_s90.A05,mcs30_m3Dr2_s90.B05,dal_dal,53,83,6188880303,1000.02,1,3835942,0.467696,3865763245,3865763245,0
mcs30_m3Dr2_s90.A06,mcs30_m3Dr2_s90.B06,dal_dal,54,78,6204157887,1000.02,1,4165680122,655.993,3819719742,3819719742,0
mcs30_m3Dr2_s90.A07,mcs30_m3Dr2_s90.B07,dal_dal,54,85,6153334564,1000.02,1,5083408010,804.717,3861661081,3861661081,0
mcs30_m3Dr2_s90.A08,mcs30_m3Dr2_s90.B08,dal_dal,56,96,5909095967,1000.02,1,1402856266,207.816,3817535588,3817535588,0
mcs30_m3Dr2_s90.A09,mcs30_m3Dr2_s90.B09,dal_dal,54,81,7029923626,1000.02,1,1458174684,132.787,5150545415,5150545415,0
mcs30_m3Dr4_s100.A00,mcs30_m3Dr4_s100.B00,dal_dal,57,97,5347190473,1000.02,1,4512431131,833.951,3373911133,3373911133,0
mcs30_m3Dr4_s100.A01,mcs30_m3Dr4_s100.B01,dal_dal,57,92,6633815470,1000.02,1,2348606664,334.888,4652602669,4652602669,0
mcs30_m3Dr4_s100.A02,mcs30_m3Dr4_s100.B02,dal_dal,56,82,6629646039,1000.01,1,1110229134,118.772,4533776021,4533776021,0
mcs30_m3Dr4_s100.A03,mcs30_m3Dr4_s100.B03,dal_dal,55,95,7000987871,1000.01,1,419793933,30.4853,4579676823,4579676823,0
mcs30_m3Dr4_s100.A04,mcs30_m3Dr4_s100.B04,dal_dal,56,95,6001473164,1000.01,1,1473722857,227.274,3700663362,3700663362,0
mcs30_m3Dr4_s100.A05,mcs30_m3Dr4_s100.B05,dal_dal,54,85,5929447593,1000.01,1,3807593620,628.339,3734568693,3734568693,0
mcs30_m3Dr4_s100.A06,mcs30_m3Dr4_s100.B06,dal_dal,58,91,5994003513,1000.02,1,1729086287,280.581,3745696436,3745696436,0
mcs30_m3Dr4_s100.A07,mcs30_m3Dr4_s100.B07,dal_dal,56,105,6642468313,1000.02,1,4816906989,711.094,4651135480,4651135480,0
mcs30_m3Dr4_s100.A08,mcs30_m3Dr4_s100.B08,dal_dal,57,93,5987917068,1000.02,1,5129895230,856.041,3766895194,3766895194,0
mcs30_m3Dr4_s100.A09,mcs30_m3Dr4_s100.B09,dal_dal,57,98,5780254668,1000.02,1,1330067575,222.218,3674271464,3674271464,0
mcs30_m3Dr4_s25.A00,mcs30_m3Dr4_s25.B00,dal_dal,17,19,858279,0.132123,0,227242,0.0332246,560158,560158,0
mcs30_m3Dr4_s25.A01,mcs30_m3Dr4_s25.B01,dal_dal,17,23,2741165,0.395202,0,2501109,0.358875,1746533,1746533,0
mcs30_m3Dr4_s25.A02,mcs30_m3Dr4_s25.B02,dal_dal,17,25,700185,0.109818,0,4018,0.000590939,468378,468378,0
mcs30_m3Dr4_s25.A03,mcs30_m3Dr4_s25.B03,dal_dal,16,20,2722154,0.386412,0,80372,0.011471,1774739,1774739,0
mcs30_m3Dr4_s25.A04,mcs30_m3Dr4_s25.B04,dal_dal,17,27,1145190,0.168102,0,343689,0.0471516,750320,750320,0
mcs30_m3Dr4_s25.A05,mcs30_m3Dr4_s25.B05,dal_dal,17,31,890400,0.137868,0,426508,0.0632821,582926,582926,0
mcs30_m3Dr4_s25.A06,mcs30_m3Dr4_s25.B06,dal_dal,17,28,1162798,0.166006,0,500792,0.0683974,787958,787958,0
mcs30_m3Dr4_s25.A07,mcs30_m3Dr4_s25.B07,dal_dal,17,22,2362761,0.353925,0,2006418,0.296264,1519876,1519876,0
mcs30_m3Dr4_s25.A08,mcs30_m3Dr4_s25.B08,dal_dal,16,22,1491417,0.219366,0,16142,0.00216445,973287,973287,0
mcs30_m3Dr4_s25.A09,mcs30_m3Dr4_s25.B09,dal_dal,17,29,824502,0.118979,0,442249,0.0612113,535857,535857,0
mcs30_m3Dr4_s30.A00,mcs30_m3Dr4_s30.B00,dal_dal,20,36,16828513,2.48239,0,8317413,1.19417,11098155,11098155,0
mcs30_m3Dr4_s30.A01,mcs30_m3Dr4_s30.B01,dal_dal,20,36,11563818,1.79859,0,3060927,0.440986,7695985,7695985,0
mcs30_m3Dr4_s30.A02,mcs30_m3Dr4_s30.B02,dal_dal,20,30,21294756,3.30712,0,10281077,1.54287,13702369,13702369,0
mcs30_m3Dr4_s30.A03,mcs30_m3Dr4_s30.B03,dal_dal,20,33,19960888,3.08908,0,18081248,2.79289,13214194,13214194,0
mcs30_m3Dr4_s30.A04,mcs30_m3Dr4_s30.B04,dal_dal,20,28,36360740,5.42428,0,33045640,4.91079,24139097,24139097,0
mcs30_m3Dr4_s30.A05,mcs30_m3Dr4_s30.B05,dal_dal,19,29,38218795,5.84381,0,356124,0.0567692,25129162,25129162,0
mcs30_m3Dr4_s30.A06,mcs30_m3Dr4_s30.B06,dal_dal,19,26,28192813,4.24082,0,1716076,0.240821,18662955,18662955,0
mcs30_m3Dr4_s30.A07,mcs30_m3Dr4_s30.B07,dal_dal,20,29,26996967,4.06265,0,15697478,2.38749,17565871,17565871,0
mcs30_m3Dr4_s30.A08,mcs30_m3Dr4_s30.B08,dal_dal,20,39,6425270,1.02729,0,439254,0.0618751,4285796,4285796,0
mcs30_m3Dr4_s30.A09,mcs30_m3Dr4_s30.B09,dal_dal,20,31,11252101,1.74906,0,4654231,0.69808,7513829,7513829,0
mcs30_m3Dr4_s40.A00,mcs30_m3Dr4_s40.B00,dal_dal,26,47,5229554488,831.171,0,1056425442,159.444,3504264597,3504264597,0
mcs30_m3Dr4_s40.A01,mcs30_m3Dr4_s40.B01,dal_dal,26,46,5751265088,903.151,0,4759693577,741.953,3816024138,3816024138,0
mcs30_m3Dr4_s40.A02,mcs30_m3Dr4_s40.B02,dal_dal,26,41,2642257226,409.084,0,464574230,69.2451,1794504846,1794504846,0
mcs30_m3Dr4_s40.A03,mcs30_m3Dr4_s40.B03,dal_dal,26,40,4549876719,708.202,0,3097742241,482.028,3024748668,3024748668,0
mcs30_m3Dr4_s40.A04,mcs30_m3Dr4_s40.B04,dal_dal,25,35,6563603043,1000.01,1,8969587,1.33533,4331088023,4331088023,0
mcs30_m3Dr4_s40.A05,mcs30_m3Dr4_s40.B05,dal_dal,26,48,5526359988,852.22,0,4212380547,639.851,3694395810,3694395810,0
mcs30_m3Dr4_s40.A06,mcs30_m3Dr4_s40.B06,dal_dal,27,40,2308646500,394.233,0,2285903765,390.204,1534687631,1534687631,0
mcs30_m3Dr4_s40.A07,mcs30_m3Dr4_s40.B07,dal_dal,27,52,1306850071,222.144,0,642589330,106.451,874971657,874971657,0
mcs30_m3Dr4_s40.A08,mcs30_m3Dr4_s40.B08,dal_dal,26,38,6082858259,962.838,0,2542676045,390.09,4024529647,4024529647,0
mcs30_m3Dr4_s40.A09,mcs30_m3Dr4_s40.B09,dal_dal,26,46,6416542245,1000.02,1,1324279925,196.288,4236055439,4236055439,0
mcs30_m3Dr4_s70.A00,mcs30_m3Dr4_s70.B00,dal_dal,42,82,6597464276,1000.01,1,438489724,64.2224,4526575668,4526575668,0
mcs30_m3Dr4_s70.A01,mcs30_m3Dr4_s70.B01,dal_dal,42,78,5938717419,1000.02,1,705319858,110.121,3757535953,3757535953,0
mcs30_m3Dr4_s70.A02,mcs30_m3Dr4_s70.B02,dal_dal,42,71,3285184101,1000.01,1,2634466930,801.815,2202329018,2202329018,0
mcs30_m3Dr4_s70.A03,mcs30_m3Dr4_s70.B03,dal_dal,40,63,3172145002,1000.02,1,2895322809,905.984,2071332402,2071332402,0
mcs30_m3Dr4_s70.A04,mcs30_m3Dr4_s70.B04,dal_dal,41,65,5988844527,1000.02,1,565405083,88.1455,3822510085,3822510085,0
mcs30_m3Dr4_s70.A05,mcs30_m3Dr4_s70.B05,dal_dal,42,64,6094347543,1000.02,1,3635981480,587.497,3889618207,3889618207,0
mcs30_m3Dr4_s70.A06,mcs30_m3Dr4_s70.B06,dal_dal,42,77,2927305177,1000.02,1,282956095,85.9675,1916949772,1916949772,0
mcs30_m3Dr4_s70.A07,mcs30_m3Dr4_s70.B07,dal_dal,41,60,3233864543,1000.01,1,184600379,54.269,2182746637,2182746637,0
mcs30_m3Dr4_s70.A08,mcs30_m3Dr4_s70.B08,dal_dal,41,65,2927678167,1000.01,1,43226031,14.0469,1908842981,1908842981,0
mcs30_m3Dr4_s70.A09,mcs30_m3Dr4_s70.B09,dal_dal,42,76,6061361630,1000.02,1,608117486,95.0693,4001117159,4001117159,0
mcs30_m3Dr4_s80.A00,mcs30_m3Dr4_s80.B00,dal_dal,47,65,6130522252,1000.02,1,591953260,91.8476,4002086097,4002086097,0
mcs30_m3Dr4_s80.A01,mcs30_m3Dr4_s80.B01,dal_dal,46,74,6801013612,1000.01,1,896257921,82.9197,4443884654,4443884654,0
mcs30_m3Dr4_s80.A02,mcs30_m3Dr4_s80.B02,dal_dal,48,87,6109830037,1000.02,1,5541164529,904.499,3979416164,3979416164,0
mcs30_m3Dr4_s80.A03,mcs30_m3Dr4_s80.B03,dal_dal,45,90,6421461989,1000.01,1,754290413,109.424,4201983933,4201983933,0
mcs30_m3Dr4_s80.A04,mcs30_m3Dr4_s80.B04,dal_dal,46,70,6211969787,1000.02,1,1448333497,228.465,3925373165,3925373165,0
mcs30_m3Dr4_s80.A05,mcs30_m3Dr4_s80.B05,dal_dal,47,71,5701513332,1000.02,1,1118002515,192.827,3665964369,3665964369,0
mcs30_m3Dr4_s80.A06,mcs30_m3Dr4_s80.B06,dal_dal,46,71,6261868119,1000.02,1,813678912,126.971,4095988274,4095988274,0
mcs30_m3Dr4_s80.A07,mcs30_m3Dr4_s80.B07,dal_dal,46,80,6339854024,1000.01,1,715407071,109.399,4115450558,4115450558,0
mcs30_m3Dr4_s80.A08,mcs30_m3Dr4_s80.B08,dal_dal,48,71,5744367777,1000.01,1,893310134,153.472,3566683601,3566683601,0
mcs30_m3Dr4_s80.A09,mcs30_m3Dr4_s80.B09,dal_dal,45,71,5905263092,1000.01,1,189448401,30.6871,3926205973,3926205973,0
mcs30_m3Dr4_s90.A00,mcs30_m3Dr4_s90.B00,dal_dal,52,82,6461224963,1000.02,1,529258478,79.5198,4305629695,4305629695,0
mcs30_m3Dr4_s90.A01,mcs30_m3Dr4_s90.B01,dal_dal,48,61,6784569054,1000.02,1,2006144,0.189099,4396200867,4396200867,0
mcs30_m3Dr4_s90.A02,mcs30_m3Dr4_s90.B02,dal_dal,50,85,6410925918,1000.01,1,515114085,81.7203,4180570840,4180570840,0
mcs30_m3Dr4_s90.A03,mcs30_m3Dr4_s90.B03,dal_dal,52,100,5995905745,1000.01,1,705120676,110.496,3854000028,3854000028,0
mcs30_m3Dr4_s90.A04,mcs30_m3Dr4_s90.B04,dal_dal,52,83,6071014947,1000.02,1,676617145,102.346,3973625364,3973625364,0
mcs30_m3Dr4_s90.A05,mcs30_m3Dr4_s90.B05,dal_dal,50,95,6113248431,1000.01,1,17672292,2.84232,3855990705,3855990705,0
mcs30_m3Dr4_s90.A06,mcs30_m3Dr4_s90.B06,dal_dal,53,95,5937092870,1000,1,3364890347,557.572,3758281889,3758281889,0
mcs30_m3Dr4_s90.A07,mcs30_m3Dr4_s90.B07,dal_dal,52,83,6144591466,1000.02,1,464669635,73.0669,4157636751,4157636751,0
mcs30_m3Dr4_s90.A08,mcs30_m3Dr4_s90.B08,dal_dal,50,84,6660434286,1000.02,1,307597804,43.7394,4424676681,4424676681,0
mcs30_m3Dr4_s90.A09,mcs30_m3Dr4_s90.B09,dal_dal,50,76,5135308666,1000.02,1,1854796009,354.144,3158642755,3158642755,0
mcs30_m3Dr6_s100.A00,mcs30_m3Dr6_s100.B00,dal_dal,55,104,6475586598,1000.01,1,2528174792,390.161,4377050466,4377050466,0
mcs30_m3Dr6_s100.A01,mcs30_m3Dr6_s100.B01,dal_dal,53,88,5727233955,1000.02,1,3372099660,562.542,3722562275,3722562275,0
mcs30_m3Dr6_s100.A02,mcs30_m3Dr6_s100.B02,dal_dal,54,96,5929304835,1000.02,1,215147803,32.6043,3686027881,3686027881,0
mcs30_m3Dr6_s100.A03,mcs30_m3Dr6_s100.B03,dal_dal,54,97,5919128844,1000.02,1,3739913393,614.661,3644754695,3644754695,0
mcs30_m3Dr6_s100.A04,mcs30_m3Dr6_s100.B04,dal_dal,54,97,6022514744,1000.02,1,1550057446,249.851,3849360690,3849360690,0
mcs30_m3Dr6_s100.A05,mcs30_m3Dr6_s100.B05,dal_dal,53,86,6391307667,1000.02,1,4617577897,703.481,4057371792,4057371792,0
mcs30_m3Dr6_s100.A06,mcs30_m3Dr6_s100.B06,dal_dal,54,102,6191649927,1000.02,1,2535866166,403.195,3922936109,3922936109,0
mcs30_m3Dr6_s100.A07,mcs30_m3Dr6_s100.B07,dal_dal,56,94,6137449491,1000.02,1,667671999,103.64,3914449712,3914449712,0
mcs30_m3Dr6_s100.A08,mcs30_m3Dr6_s100.B08,dal_dal,53,84,6662405582,1000.01,1,487253946,66.1808,4329054026,4329054026,0
mcs30_m3Dr6_s100.A09,mcs30_m3Dr6_s100.B09,dal_dal,53,90,6241726803,1000.02,1,323838702,49.0145,3935347023,3935347023,0
mcs30_m3Dr6_s25.A00,mcs30_m3Dr6_s25.B00,dal_dal,16,24,2445765,0.372386,0,24166,0.00352733,1551592,1551592,0
mcs30_m3Dr6_s25.A01,mcs30_m3Dr6_s25.B01,dal_dal,16,25,2368757,0.349919,0,360118,0.0492774,1523137,1523137,0
mcs30_m3Dr6_s25.A02,mcs30_m3Dr6_s25.B02,dal_dal,16,22,1359458,0.205497,0,254309,0.0364015,882119,882119,0
mcs30_m3Dr6_s25.A03,mcs30_m3Dr6_s25.B03,dal_dal,16,23,1498930,0.225679,0,89301,0.0125426,975798,975798,0
mcs30_m3Dr6_s25.A04,mcs30_m3Dr6_s25.B04,dal_dal,16,25,2564625,0.40011,0,884831,0.130105,1643906,1643906,0
mcs30_m3Dr6_s25.A05,mcs30_m3Dr6_s25.B05,dal_dal,16,27,1426669,0.219718,0,45951,0.00683192,928850,928850,0
mcs30_m3Dr6_s25.A06,mcs30_m3Dr6_s25.B06,dal_dal,16,28,1365982,0.211372,0,77584,0.0107888,905659,905659,0
mcs30_m3Dr6_s25.A07,mcs30_m3Dr6_s25.B07,dal_dal,16,30,1883711,0.287911,0,484051,0.0684477,1217324,1217324,0
mcs30_m3Dr6_s25.A08,mcs30_m3Dr6_s25.B08,dal_dal,16,23,3472083,0.521391,0,617,0.000100452,2226958,2226958,0
mcs30_m3Dr6_s25.A09,mcs30_m3Dr6_s25.B09,dal_dal,16,24,2168484,0.315366,0,58612,0.00857982,1407129,1407129,0
mcs30_m3Dr6_s30.A00,mcs30_m3Dr6_s30.B00,dal_dal,20,43,8392377,1.3252,0,4942666,0.763994,5553046,5553046,0
mcs30_m3Dr6_s30.A01,mcs30_m3Dr6_s30.B01,dal_dal,19,29,49423256,7.52366,0,132887,0.0195275,32329384,32329384,0
mcs30_m3Dr6_s30.A02,mcs30_m3Dr6_s30.B02,dal_dal,20,29,6918174,1.09656,0,5708978,0.90034,4596907,4596907,0
mcs30_m3Dr6_s30.A03,mcs30_m3Dr6_s30.B03,dal_dal,19,31,31148776,4.70633,0,1247069,0.174774,20533869,20533869,0
mcs30_m3Dr6_s30.A04,mcs30_m3Dr6_s30.B04,dal_dal,20,29,32627562,4.95931,0,26942183,4.03114,21341942,21341942,0
mcs30_m3Dr6_s30.A05,mcs30_m3Dr6_s30.B05,dal_dal,19,29,27499746,4.2052,0,4048360,0.59333,17904159,17904159,0
mcs30_m3Dr6_s30.A06,mcs30_m3Dr6_s30.B06,dal_dal,19,31,22051328,3.54128,0,199381,0.0306998,14124208,14124208,0
mcs30_m3Dr6_s30.A07,mcs30_m3Dr6_s30.B07,dal_dal,19,37,45755440,7.07323,0,20173506,3.02037,29787938,29787938,0
mcs30_m3Dr6_s30.A08,mcs30_m3Dr6_s30.B08,dal_dal,19,31,17319871,2.70224,0,819560,0.116468,11749452,11749452,0
mcs30_m3Dr6_s30.A09,mcs30_m3Dr6_s30.B09,dal_dal,20,36,17917714,2.81703,0,2314036,0.336308,11681615,11681615,0
mcs30_m3Dr6_s40.A00,mcs30_m3Dr6_s40.B00,dal_dal,25,38,5315585449,825.18,0,60512172,8.91114,3607084819,3607084819,0
mcs30_m3Dr6_s40.A01,mcs30_m3Dr6_s40.B01,dal_dal,25,41,5935616277,995.284,0,79856120,12.5058,3928543346,3928543346,0
mcs30_m3Dr6_s40.A02,mcs30_m3Dr6_s40.B02,dal_dal,26,43,1062753632,179.779,0,367979740,59.3764,711807996,711807996,0
mcs30_m3Dr6_s40.A03,mcs30_m3Dr6_s40.B03,dal_dal,25,43,4406415146,706.836,0,157675668,24.0227,2938127669,2938127669,0
mcs30_m3Dr6_s40.A04,mcs30_m3Dr6_s40.B04,dal_dal,25,38,6193705623,1000.01,1,43064138,6.73698,4066691487,4066691487,0
mcs30_m3Dr6_s40.A05,mcs30_m3Dr6_s40.B05,dal_dal,25,39,5359776867,838.177,0,187583660,29.3435,3524120463,3524120463,0
mcs30_m3Dr6_s40.A06,mcs30_m3Dr6_s40.B06,dal_dal,25,44,6365072585,1000.01,1,29269061,4.17388,4218378532,4218378532,0
mcs30_m3Dr6_s40.A07,mcs30_m3Dr6_s40.B07,dal_dal,25,48,4712947620,760.957,0,88993875,13.5882,3094242877,3094242877,0
mcs30_m3Dr6_s40.A08,mcs30_m3Dr6_s40.B08,dal_dal,25,45,5074995711,818.772,0,71108526,10.401,3381089355,3381089355,0
mcs30_m3Dr6_s40.A09,mcs30_m3Dr6_s40.B09,dal_dal,26,46,2132268134,346.773,0,585638628,90.5947,1423851947,1423851947,0
mcs30_m3Dr6_s70.A00,mcs30_m3Dr6_s70.B00,dal_dal,40,66,5917208615,1000.02,1,1392786824,228.296,3813796919,3813796919,0
mcs30_m3Dr6_s70.A01,mcs30_m3Dr6_s70.B01,dal_dal,40,58,5945199548,1000.02,1,978049798,166.267,3796024676,3796024676,0
mcs30_m3Dr6_s70.A02,mcs30_m3Dr6_s70.B02,dal_dal,39,64,5959913719,1000.02,1,92186459,14.783,3833582135,3833582135,0
mcs30_m3Dr6_s70.A03,mcs30_m3Dr6_s70.B03,dal_dal,39,60,6351323817,1000.02,1,3489455520,545.124,4033103596,4033103596,0
mcs30_m3Dr6_s70.A04,mcs30_m3Dr6_s70.B04,dal_dal,40,65,6519289342,1000.02,1,745097738,116.999,4307420529,4307420529,0
mcs30_m3Dr6_s70.A05,mcs30_m3Dr6_s70.B05,dal_dal,40,72,5884823595,1000,1,25830925,4.06578,3671834229,3671834229,0
mcs30_m3Dr6_s70.A06,mcs30_m3Dr6_s70.B06,dal_dal,40,64,6078322808,1000.02,1,3534495518,569.713,3947940681,3947940681,0
mcs30_m3Dr6_s70.A07,mcs30_m3Dr6_s70.B07,dal_dal,38,60,6273722462,1000.01,1,2177910,0.350217,4076950856,4076950856,0
mcs30_m3Dr6_s70.A08,mcs30_m3Dr6_s70.B08,dal_dal,40,73,6381747341,1000.02,1,2613314248,406.354,4047285655,4047285655,0
mcs30_m3Dr6_s70.A09,mcs30_m3Dr6_s70.B09,dal_dal,41,69,5952681747,1000.02,1,1514501663,254.395,3807638437,3807638437,0
mcs30_m3Dr6_s80.A00,mcs30_m3Dr6_s80.B00,dal_dal,45,69,5610451849,1000.02,1,4879170872,853.831,3629743023,3629743023,0
mcs30_m3Dr6_s80.A01,mcs30_m3Dr6_s80.B01,dal_dal,43,73,6349028993,1000.02,1,1500860577,234.992,4051041167,4051041167,0
mcs30_m3Dr6_s80.A02,mcs30_m3Dr6_s80.B02,dal_dal,46,81,6032147824,1000.02,1,57281655,8.06707,3901684052,3901684052,0
mcs30_m3Dr6_s80.A03,mcs30_m3Dr6_s80.B03,dal_dal,46,74,6409848318,1000.02,1,653574433,100.155,4395102634,4395102634,0
mcs30_m3Dr6_s80.A04,mcs30_m3Dr6_s80.B04,dal_dal,46,89,6234382887,1000.02,1,131606361,18.9694,4163942742,4163942742,0
mcs30_m3Dr6_s80.A05,mcs30_m3Dr6_s80.B05,dal_dal,45,79,6265235108,1000.01,1,1134047479,167.702,4034540823,4034540823,0
mcs30_m3Dr6_s80.A06,mcs30_m3Dr6_s80.B06,dal_dal,45,74,6019178664,1000.02,1,2112014714,346.036,3761043056,3761043056,0
mcs30_m3Dr6_s80.A07,mcs30_m3Dr6_s80.B07,dal_dal,45,65,6261458423,1000.02,1,497393188,77.351,3964447817,3964447817,0
mcs30_m3Dr6_s80.A08,mcs30_m3Dr6_s80.B08,dal_dal,43,82,5915334384,1000.02,1,528192151,85.2277,3995235578,3995235578,0
mcs30_m3Dr6_s80.A09,mcs30_m3Dr6_s80.B09,dal_dal,47,83,5969647640,1000.02,1,2348270517,393.226,3862194303,3862194303,0
mcs30_m3Dr6_s90.A00,mcs30_m3Dr6_s90.B00,dal_dal,51,87,6045479678,1000.01,1,5584312380,920.035,3879276653,3879276653,0
mcs30_m3Dr6_s90.A01,mcs30_m3Dr6_s90.B01,dal_dal,48,97,6089057416,1000.02,1,338469468,55.6153,3871477224,3871477224,0
mcs30_m3Dr6_s90.A02,mcs30_m3Dr6_s90.B02,dal_dal,49,72,6128775557,1000.02,1,270761820,41.1525,3933925126,3933925126,0
mcs30_m3Dr6_s90.A03,mcs30_m3Dr6_s90.B03,dal_dal,50,85,17368538721,1000.02,1,17072414788,949.266,14931343427,14931343427,0
mcs30_m3Dr6_s90.A04,mcs30_m3Dr6_s90.B04,dal_dal,49,82,6456575857,1000.01,1,2961386545,440.299,4389981445,4389981445,0
mcs30_m3Dr6_s90.A05,mcs30_m3Dr6_s90.B05,dal_dal,50,93,5821224429,1000.02,1,275201271,39.5852,3726608163,3726608163,0
mcs30_m3Dr6_s90.A06,mcs30_m3Dr6_s90.B06,dal_dal,50,74,6202628868,1000.01,1,176384773,28.6892,3903566757,3903566757,0
mcs30_m3Dr6_s90.A07,mcs30_m3Dr6_s90.B07,dal_dal,52,104,5405744096,1000.01,1,74192744,11.4143,3405378522,3405378522,0
mcs30_m3Dr6_s90.A08,mcs30_m3Dr6_s90.B08,dal_dal,50,86,6756523652,1000.01,1,3289779119,463.78,4447723457,4447723457,0
mcs30_m3Dr6_s90.A09,mcs30_m3Dr6_s90.B09,dal_dal,50,83,5895020028,1000.01,1,3113316090,506.004,3650626541,3650626541,0
mcs30_m4D_s50.A00,mcs30_m4D_s50.B00,dal_dal,38,44,5270453946,781.632,0,2419359697,349.546,3786176173,3786176173,0
mcs30_m4D_s50.A01,mcs30_m4D_s50.B01,dal_dal,38,50,4252231236,641.687,0,1531805640,222.379,3096008347,3096008347,0
mcs30_m4D_s50.A02,mcs30_m4D_s50.B02,dal_dal,36,41,7042093168,1000.02,1,19349757,2.51022,5029045096,5029045096,0
mcs30_m4D_s50.A03,mcs30_m4D_s50.B03,dal_dal,37,50,6695877984,1000.02,1,177912286,25.1326,4796138802,4796138802,0
mcs30_m4D_s50.A04,mcs30_m4D_s50.B04,dal_dal,38,50,4362410304,654.763,0,2361203184,347.712,3110889995,3110889995,0
mcs30_m4D_s50.A05,mcs30_m4D_s50.B05,dal_dal,38,53,6634210176,1000.02,1,4891242608,729.873,4876488955,4876488955,0
mcs30_m4D_s50.A06,mcs30_m4D_s50.B06,dal_dal,37,54,6802612133,1000.02,1,329273112,44.7015,4860916936,4860916936,0
mcs30_m4D_s50.A07,mcs30_m4D_s50.B07,dal_dal,37,40,6797483720,1000.01,1,87653615,10.0948,4734679770,4734679770,0
mcs30_m4D_s50.A08,mcs30_m4D_s50.B08,dal_dal,38,47,6757301525,1000.01,1,2143696707,298.003,4892439065,4892439065,0
mcs30_m4D_s50.A09,mcs30_m4D_s50.B09,dal_dal,37,45,7204773547,1000.01,1,4762961710,650.023,5063671385,5063671385,0
mcs30_m4D_s60.A00,mcs30_m4D_s60.B00,dal_dal,37,52,12144708936,1000.02,1,2204301,0.104414,10948968992,10948968992,0
mcs30_m4D_s60.A01,mcs30_m4D_s60.B01,dal_dal,44,60,6827867464,1000.02,1,3249297834,460.806,4964835157,4964835157,0
mcs30_m4D_s60.A02,mcs30_m4D_s60.B02,dal_dal,45,64,6641185587,1000.02,1,1644401995,237.018,4808634927,4808634927,0
mcs30_m4D_s60.A03,mcs30_m4D_s60.B03,dal_dal,42,53,7329708615,1000.01,1,327204733,22.0086,5361647810,5361647810,0
mcs30_m4D_s60.A04,mcs30_m4D_s60.B04,dal_dal,45,64,6616897282,1000.02,1,50506087,3.98672,4879555480,4879555480,0
mcs30_m4D_s60.A05,mcs30_m4D_s60.B05,dal_dal,45,58,8783851857,1000.01,1,4496841540,340.984,6724192416,6724192416,0
mcs30_m4D_s60.A06,mcs30_m4D_s60.B06,dal_dal,45,59,6425653975,1000.02,1,1137289245,166.413,4623724526,4623724526,0
mcs30_m4D_s60.A07,mcs30_m4D_s60.B07,dal_dal,43,49,6922195920,1000.01,1,2353726689,329.152,4934338124,4934338124,0
mcs30_m4D_s60.A08,mcs30_m4D_s60.B08,dal_dal,45,55,6586654907,1000.01,1,1407071620,200.374,4648815590,4648815590,0
mcs30_m4D_s60.A09,mcs30_m4D_s60.B09,dal_dal,44,63,6904402082,1000.02,1,6386305949,923.612,4945326166,4945326166,0
mcs30_m4D_s70.A00,mcs30_m4D_s70.B00,dal_dal,51,62,5991670418,1000.02,1,3858927729,615.067,4340600024,4340600024,0
mcs30_m4D_s70.A01,mcs30_m4D_s70.B01,dal_dal,42,53,12346871750,1000.02,1,17170715,0.790162,10322124668,10322124668,0
mcs30_m4D_s70.A02,mcs30_m4D_s70.B02,dal_dal,51,71,7448134451,1000.01,1,2530996776,225.383,5576754459,5576754459,0
mcs30_m4D_s70.A03,mcs30_m4D_s70.B03,dal_dal,49,54,6620418667,1000.02,1,3966832214,587.96,4706928133,4706928133,0
mcs30_m4D_s70.A04,mcs30_m4D_s70.B04,dal_dal,51,60,6619366719,1000.01,1,998222283,140.657,4754421101,4754421101,0
mcs30_m4D_s70.A05,mcs30_m4D_s70.B05,dal_dal,52,61,6760997061,1000.02,1,1922861527,266.672,4942157488,4942157488,0
mcs30_m4D_s70.A06,mcs30_m4D_s70.B06,dal_dal,48,62,9793179112,1000.02,1,1316543497,95.524,8220355387,8220355387,0
mcs30_m4D_s70.A07,mcs30_m4D_s70.B07,dal_dal,52,65,6903254966,1000.02,1,1821597825,218.757,4865881205,4865881205,0
mcs30_m4D_s70.A08,mcs30_m4D_s70.B08,dal_dal,52,69,6227745893,1000.02,1,855943702,104.102,4616115061,4616115061,0
mcs30_m4D_s70.A09,mcs30_m4D_s70.B09,dal_dal,52,67,6776510770,1000.02,1,4646494138,676.421,4859374225,4859374225,0
mcs30_m4D_s80.A00,mcs30_m4D_s80.B00,dal_dal,51,62,10422890118,1000.02,1,3087127,0.32351,9331281567,9331281567,0
mcs30_m4D_s80.A01,mcs30_m4D_s80.B01,dal_dal,49,61,9114603258,1000.02,1,11302998,0.767019,7340503012,7340503012,0
mcs30_m4D_s80.A02,mcs30_m4D_s80.B02,dal_dal,47,59,18894012135,1000.02,1,497169956,27.1507,14691650396,14691650396,0
mcs30_m4D_s80.A03,mcs30_m4D_s80.B03,dal_dal,56,74,10986132638,1000.01,1,987397720,106.193,8975757655,8975757655,0
mcs30_m4D_s80.A04,mcs30_m4D_s80.B04,dal_dal,56,78,6289753565,1000.01,1,5286933686,830.866,4807356459,4807356459,0
mcs30_m4D_s80.A05,mcs30_m4D_s80.B05,dal_dal,47,57,13948577709,1000.01,1,6934805142,432.348,12032700792,12032700792,0
mcs30_m4D_s80.A06,mcs30_m4D_s80.B06,dal_dal,60,78,5927614630,1000.01,1,2128954492,336.711,4267782460,4267782460,0
mcs30_m4D_s80.A07,mcs30_m4D_s80.B07,dal_dal,53,54,10277492677,1000.01,1,535753432,44.3514,9093437764,9093437764,0
mcs30_m4D_s80.A08,mcs30_m4D_s80.B08,dal_dal,57,72,8223631149,1000.02,1,5359518045,580,6235274802,6235274802,0
mcs30_m4D_s80.A09,mcs30_m4D_s80.B09,dal_dal,52,65,8976183823,1000.01,1,4460379117,418.723,7758381003,7758381003,0
mcs30_m4D_s90.A00,mcs30_m4D_s90.B00,dal_dal,56,74,10180820408,1000.02,1,785351153,59.1964,9044584081,9044584081,0
mcs30_m4D_s90.A01,mcs30_m4D_s90.B01,dal_dal,55,62,9539281403,1000,1,1594073549,168.429,8298966153,8298966153,0
mcs30_m4D_s90.A02,mcs30_m4D_s90.B02,dal_dal,61,81,6122824671,1000.02,1,1068800510,138.902,5317355556,5317355556,0
mcs30_m4D_s90.A03,mcs30_m4D_s90.B03,dal_dal,59,68,8051803244,1000.01,1,518490443,38.7822,7269270424,7269270424,0
mcs30_m4D_s90.A04,mcs30_m4D_s90.B04,dal_dal,65,94,6781611598,1000.01,1,640143675,86.2676,5134749980,5134749980,0
mcs30_m4D_s90.A05,mcs30_m4D_s90.B05,dal_dal,64,74,8819144882,1000.02,1,2019137843,171.962,6974400881,6974400881,0
mcs30_m4D_s90.A06,mcs30_m4D_s90.B06,dal_dal,59,81,9605557133,1000.02,1,281452,0.0286675,8243375917,8243375917,0
mcs30_m4D_s90.A07,mcs30_m4D_s90.B07,dal_dal,64,79,8072576014,1000.02,1,158045216,11.233,7544733187,7544733187,0
mcs30_m4D_s90.A08,mcs30_m4D_s90.B08,dal_dal,57,66,14704831284,1000.02,1,18694,0.00209582,13156586730,13156586730,0
mcs30_m4D_s90.A09,mcs30_m4D_s90.B09,dal_dal,55,64,18679743175,1000.02,1,1911,0.000254343,15898031632,15898031632,0
mcs30_m4Dr2_s50.A00,mcs30_m4Dr2_s50.B00,dal_dal,37,51,6458287789,1000.02,1,4034125626,621.735,4453141660,4453141660,0
mcs30_m4Dr2_s50.A01,mcs30_m4Dr2_s50.B01,dal_dal,36,46,6518014393,1000.01,1,30409571,4.42818,4689740760,4689740760,0
mcs30_m4Dr2_s50.A02,mcs30_m4Dr2_s50.B02,dal_dal,36,43,6640660631,1000.02,1,969832136,140.541,4572187131,4572187131,0
mcs30_m4Dr2_s50.A03,mcs30_m4Dr2_s50.B03,dal_dal,37,46,6491277223,1000.02,1,1287447307,189.124,4497750118,4497750118,0
mcs30_m4Dr2_s50.A04,mcs30_m4Dr2_s50.B04,dal_dal,36,55,6192573886,1000.02,1,4445938034,706.1,4393221958,4393221958,0
mcs30_m4Dr2_s50.A05,mcs30_m4Dr2_s50.B05,dal_dal,35,51,6105720085,1000.02,1,15067619,2.14703,4344423901,4344423901,0
mcs30_m4Dr2_s50.A06,mcs30_m4Dr2_s50.B06,dal_dal,36,58,6668777096,1000.02,1,2194480,0.26902,4611556947,4611556947,0
mcs30_m4Dr2_s50.A07,mcs30_m4Dr2_s50.B07,dal_dal,37,52,6518150209,1000.02,1,3204535418,476.504,4573065409,4573065409,0
mcs30_m4Dr2_s50.A08,mcs30_m4Dr2_s50.B08,dal_dal,36,54,6798938447,1000.01,1,16909712,2.33289,4635054557,4635054557,0
mcs30_m4Dr2_s50.A09,mcs30_m4Dr2_s50.B09,dal_dal,37,58,6462288442,1000.03,1,3009143926,452.779,4496205831,4496205831,0
mcs30_m4Dr2_s60.A00,mcs30_m4Dr2_s60.B00,dal_dal,41,66,7140135354,1000.02,1,2128797,0.248333,4927767847,4927767847,0
mcs30_m4Dr2_s60.A01,mcs30_m4Dr2_s60.B01,dal_dal,42,53,7340551869,1000.02,1,4968718811,650.84,5305580709,5305580709,0
mcs30_m4Dr2_s60.A02,mcs30_m4Dr2_s60.B02,dal_dal,39,60,7982917743,1000.02,1,416807637,42.6281,5925407227,5925407227,0
mcs30_m4Dr2_s60.A03,mcs30_m4Dr2_s60.B03,dal_dal,41,56,6818197859,1000.02,1,1046793058,151.107,4851478052,4851478052,0
mcs30_m4Dr2_s60.A04,mcs30_m4Dr2_s60.B04,dal_dal,44,57,6999487992,1000.03,1,2727858411,314.243,5211209548,5211209548,0
mcs30_m4Dr2_s60.A05,mcs30_m4Dr2_s60.B05,dal_dal,43,63,6539265720,1000.01,1,1928148812,284.752,4438902928,4438902928,0
mcs30_m4Dr2_s60.A06,mcs30_m4Dr2_s60.B06,dal_dal,44,55,6579898403,1000.02,1,5900326634,892.617,4533841912,4533841912,0
mcs30_m4Dr2_s60.A07,mcs30_m4Dr2_s60.B07,dal_dal,43,55,7170684236,1000.02,1,5570608426,757.019,5095720101,5095720101,0
mcs30_m4Dr2_s60.A08,mcs30_m4Dr2_s60.B08,dal_dal,43,58,6416240609,1000.02,1,2010904329,305.811,4441184934,4441184934,0
mcs30_m4Dr2_s60.A09,mcs30_m4Dr2_s60.B09,dal_dal,42,64,6654408484,1000.02,1,1058716317,153.676,4668624711,4668624711,0
mcs30_m4Dr2_s70.A00,mcs30_m4Dr2_s70.B00,dal_dal,47,61,6846889742,1000.01,1,4792826767,695.998,4914368883,4914368883,0
mcs30_m4Dr2_s70.A01,mcs30_m4Dr2_s70.B01,dal_dal,48,65,8011607599,1000.01,1,3872621884,447.031,5909931629,5909931629,0
mcs30_m4Dr2_s70.A02,mcs30_m4Dr2_s70.B02,dal_dal,49,70,6608839319,1000.01,1,3631624464,538.954,4624427571,4624427571,0
mcs30_m4Dr2_s70.A03,mcs30_m4Dr2_s70.B03,dal_dal,48,71,14710633072,1000.02,1,12057427856,699.65,12490051387,12490051387,0
mcs30_m4Dr2_s70.A04,mcs30_m4Dr2_s70.B04,dal_dal,49,62,6595914111,1000.01,1,1510745678,220.578,4599509419,4599509419,0
mcs30_m4Dr2_s70.A05,mcs30_m4Dr2_s70.B05,dal_dal,49,68,8083682353,1000.02,1,212095979,34.7547,6696698594,6696698594,0
mcs30_m4Dr2_s70.A06,mcs30_m4Dr2_s70.B06,dal_dal,48,65,6822044787,1000,1,3873716193,553.204,4936897665,4936897665,0
mcs30_m4Dr2_s70.A07,mcs30_m4Dr2_s70.B07,dal_dal,49,66,7260587822,1000.02,1,3683686890,441.991,5633454781,5633454781,0
mcs30_m4Dr2_s70.A08,mcs30_m4Dr2_s70.B08,dal_dal,47,59,6758129464,1000.01,1,47204870,6.51021,4831029059,4831029059,0
mcs30_m4Dr2_s70.A09,mcs30_m4Dr2_s70.B09,dal_dal,42,63,13781619619,1000.01,1,298,8.00E-05,11712951727,11712951727,0
mcs30_m4Dr2_s80.A00,mcs30_m4Dr2_s80.B00,dal_dal,46,62,21585069196,1000.02,1,196980446,9.64876,16710838145,16710838145,0
mcs30_m4Dr2_s80.A01,mcs30_m4Dr2_s80.B01,dal_dal,56,78,6435756952,1000.02,1,1782886885,260.284,4466010489,4466010489,0
mcs30_m4Dr2_s80.A02,mcs30_m4Dr2_s80.B02,dal_dal,56,83,6506590148,1000.01,1,977038248,135.375,4666406058,4666406058,0
mcs30_m4Dr2_s80.A03,mcs30_m4Dr2_s80.B03,dal_dal,55,78,6973991621,1000.01,1,885692018,92.752,5041993476,5041993476,0
mcs30_m4Dr2_s80.A04,mcs30_m4Dr2_s80.B04,dal_dal,45,58,18527936095,1000.02,1,64389263,3.21688,14498369811,14498369811,0
mcs30_m4Dr2_s80.A05,mcs30_m4Dr2_s80.B05,dal_dal,55,61,6782551699,1000.02,1,524584932,72.6164,4999000650,4999000650,0
mcs30_m4Dr2_s80.A06,mcs30_m4Dr2_s80.B06,dal_dal,54,79,6881263686,1000.02,1,2680628976,374.458,4813156173,4813156173,0
mcs30_m4Dr2_s80.A07,mcs30_m4Dr2_s80.B07,dal_dal,49,50,10318158371,1000.02,1,1004221120,72.8796,8742546016,8742546016,0
mcs30_m4Dr2_s80.A08,mcs30_m4Dr2_s80.B08,dal_dal,54,66,6654810600,1000.02,1,1327603634,190.482,4782470030,4782470030,0
mcs30_m4Dr2_s80.A09,mcs30_m4Dr2_s80.B09,dal_dal,56,68,6569394111,1000.01,1,783370286,60.8757,4726260064,4726260064,0
mcs30_m4Dr2_s90.A00,mcs30_m4Dr2_s90.B00,dal_dal,57,68,11260137057,1000.01,1,73034358,4.33759,9834596416,9834596416,0
mcs30_m4Dr2_s90.A01,mcs30_m4Dr2_s90.B01,dal_dal,63,93,6707220466,1000.02,1,1862362073,261.212,4732416411,4732416411,0
mcs30_m4Dr2_s90.A02,mcs30_m4Dr2_s90.B02,dal_dal,56,55,11986536125,1000.01,1,63981,0.00587516,9622129080,9622129080,0
mcs30_m4Dr2_s90.A03,mcs30_m4Dr2_s90.B03,dal_dal,61,89,3450442304,1000.02,1,3156416770,907.417,2589027723,2589027723,0
mcs30_m4Dr2_s90.A04,mcs30_m4Dr2_s90.B04,dal_dal,50,60,7190627052,1000.02,1,235967,0.0263736,6075692252,6075692252,0
mcs30_m4Dr2_s90.A05,mcs30_m4Dr2_s90.B05,dal_dal,55,86,10347141133,1000.01,1,983749767,73.1534,8716761284,8716761284,0
mcs30_m4Dr2_s90.A06,mcs30_m4Dr2_s90.B06,dal_dal,62,84,8205587179,1000.01,1,4158764445,346.587,6328918603,6328918603,0
mcs30_m4Dr2_s90.A07,mcs30_m4Dr2_s90.B07,dal_dal,61,92,3546390556,1000.01,1,1105234745,269.685,2622451087,2622451087,0
mcs30_m4Dr2_s90.A08,mcs30_m4Dr2_s90.B08,dal_dal,60,80,3545980673,1000.02,1,2265301527,616.137,2680823260,2680823260,0
mcs30_m4Dr2_s90.A09,mcs30_m4Dr2_s90.B09,dal_dal,54,66,9667883561,1000.02,1,771,0.000273751,7773330722,7773330722,0
mcs30_m4Dr4_s50.A00,mcs30_m4Dr4_s50.B00,dal_dal,35,56,6696250125,1000.01,1,828447687,120.657,4587272447,4587272447,0
mcs30_m4Dr4_s50.A01,mcs30_m4Dr4_s50.B01,dal_dal,35,58,6528273409,1000.02,1,371780873,52.944,4459897060,4459897060,0
mcs30_m4Dr4_s50.A02,mcs30_m4Dr4_s50.B02,dal_dal,35,52,6677641305,1000.02,1,310511579,43.2402,4601805022,4601805022,0
mcs30_m4Dr4_s50.A03,mcs30_m4Dr4_s50.B03,dal_dal,35,52,6816681737,1000.01,1,4302969997,609.792,4806058676,4806058676,0
mcs30_m4Dr4_s50.A04,mcs30_m4Dr4_s50.B04,dal_dal,35,55,6684618875,1000.01,1,182312014,23.9242,4662187798,4662187798,0
mcs30_m4Dr4_s50.A05,mcs30_m4Dr4_s50.B05,dal_dal,33,46,6787825975,1000.01,1,648717272,92.9404,4666113028,4666113028,0
mcs30_m4Dr4_s50.A06,mcs30_m4Dr4_s50.B06,dal_dal,35,49,6497593241,1000.02,1,1832224505,260.912,4468959520,4468959520,0
mcs30_m4Dr4_s50.A07,mcs30_m4Dr4_s50.B07,dal_dal,34,51,6257462260,1000.02,1,966352641,148.591,4378208655,4378208655,0
mcs30_m4Dr4_s50.A08,mcs30_m4Dr4_s50.B08,dal_dal,34,47,6724093563,1000.01,1,422575492,61.5314,4429037554,4429037554,0
mcs30_m4Dr4_s50.A09,mcs30_m4Dr4_s50.B09,dal_dal,35,44,6198549998,1000.03,1,777691071,111.249,4229772778,4229772778,0
mcs30_m4Dr4_s60.A00,mcs30_m4Dr4_s60.B00,dal_dal,41,68,6918102869,1000.02,1,2685530545,370.199,4855764767,4855764767,0
mcs30_m4Dr4_s60.A01,mcs30_m4Dr4_s60.B01,dal_dal,40,58,6507776626,1000.02,1,38762189,5.59136,4582748383,4582748383,0
mcs30_m4Dr4_s60.A02,mcs30_m4Dr4_s60.B02,dal_dal,41,54,6514386894,1000.02,1,280817123,41.0034,4445440651,4445440651,0
mcs30_m4Dr4_s60.A03,mcs30_m4Dr4_s60.B03,dal_dal,42,50,6714967489,1000.02,1,2285895019,328.971,4625205102,4625205102,0
mcs30_m4Dr4_s60.A04,mcs30_m4Dr4_s60.B04,dal_dal,41,62,6665339725,1000.02,1,115552234,16.361,4638557066,4638557066,0
mcs30_m4Dr4_s60.A05,mcs30_m4Dr4_s60.B05,dal_dal,40,64,6488607214,1000.02,1,2502392567,381.702,4444911102,4444911102,0
mcs30_m4Dr4_s60.A06,mcs30_m4Dr4_s60.B06,dal_dal,39,50,6531993190,1000.02,1,795334893,117.179,4465982089,4465982089,0
mcs30_m4Dr4_s60.A07,mcs30_m4Dr4_s60.B07,dal_dal,41,54,6905587867,1000.02,1,6627502358,957.889,4783058018,4783058018,0
mcs30_m4Dr4_s60.A08,mcs30_m4Dr4_s60.B08,dal_dal,42,61,6869260879,1000.02,1,6722776555,978.796,4754080112,4754080112,0
mcs30_m4Dr4_s60.A09,mcs30_m4Dr4_s60.B09,dal_dal,42,53,6722802230,1000.02,1,4541376534,661.442,4622857976,4622857976,0
mcs30_m4Dr4_s70.A00,mcs30_m4Dr4_s70.B00,dal_dal,47,79,6650749286,1000.02,1,2317347883,335.458,4591295104,4591295104,0
mcs30_m4Dr4_s70.A01,mcs30_m4Dr4_s70.B01,dal_dal,48,86,6241980306,1000.02,1,6852018,0.961689,4208131194,4208131194,0
mcs30_m4Dr4_s70.A02,mcs30_m4Dr4_s70.B02,dal_dal,44,65,7732160751,1000.02,1,29570153,3.71639,6979596446,6979596446,0
mcs30_m4Dr4_s70.A03,mcs30_m4Dr4_s70.B03,dal_dal,46,75,6769744965,1000.02,1,37817533,4.76857,4546074340,4546074340,0
mcs30_m4Dr4_s70.A04,mcs30_m4Dr4_s70.B04,dal_dal,48,88,6466250910,1000.02,1,5482664601,843.138,4440339515,4440339515,0
mcs30_m4Dr4_s70.A05,mcs30_m4Dr4_s70.B05,dal_dal,47,72,6439539241,1000.02,1,31103984,4.45286,4544386028,4544386028,0
mcs30_m4Dr4_s70.A06,mcs30_m4Dr4_s70.B06,dal_dal,37,57,17637002024,1000.02,1,7404437,0.379663,14572565111,14572565111,0
mcs30_m4Dr4_s70.A07,mcs30_m4Dr4_s70.B07,dal_dal,45,68,6669072561,1000.02,1,1690043239,245.334,4628005742,4628005742,0
mcs30_m4Dr4_s70.A08,mcs30_m4Dr4_s70.B08,dal_dal,45,70,8162639765,1000.02,1,6057139568,677.453,6222548462,6222548462,0
mcs30_m4Dr4_s70.A09,mcs30_m4Dr4_s70.B09,dal_dal,48,83,6810155563,1000.02,1,3280770404,456.711,4953935764,4953935764,0
mcs30_m4Dr4_s80.A00,mcs30_m4Dr4_s80.B00,dal_dal,51,62,6967635763,1000.02,1,651050752,89.5549,5090564897,5090564897,0
mcs30_m4Dr4_s80.A01,mcs30_m4Dr4_s80.B01,dal_dal,46,72,8970145397,1000.02,1,50448208,3.42987,8259171440,8259171440,0
mcs30_m4Dr4_s80.A02,mcs30_m4Dr4_s80.B02,dal_dal,51,74,6784511139,1000.01,1,1286960590,176.254,4897517831,4897517831,0
mcs30_m4Dr4_s80.A03,mcs30_m4Dr4_s80.B03,dal_dal,50,70,7463890594,1000.02,1,114899983,9.11058,6744449115,6744449115,0
mcs30_m4Dr4_s80.A04,mcs30_m4Dr4_s80.B04,dal_dal,48,68,10528220844,1000.02,1,6135519823,588.977,9355542526,9355542526,0
mcs30_m4Dr4_s80.A05,mcs30_m4Dr4_s80.B05,dal_dal,53,77,11823015553,1000.01,1,9756162492,661.709,9257876495,9257876495,0
mcs30_m4Dr4_s80.A06,mcs30_m4Dr4_s80.B06,dal_dal,54,76,6686757285,1000.01,1,50606069,6.30177,4788402897,4788402897,0
mcs30_m4Dr4_s80.A07,mcs30_m4Dr4_s80.B07,dal_dal,53,80,6793813318,1000.02,1,3421483743,485.15,4945485705,4945485705,0
mcs30_m4Dr4_s80.A08,mcs30_m4Dr4_s80.B08,dal_dal,54,80,6606692757,1000.02,1,1241807612,174.464,4358349410,4358349410,0
mcs30_m4Dr4_s80.A09,mcs30_m4Dr4_s80.B09,dal_dal,53,74,6981223524,1000.01,1,358723894,49.886,4862457785,4862457785,0
mcs30_m4Dr4_s90.A00,mcs30_m4Dr4_s90.B00,dal_dal,59,79,6597086874,1000.02,1,1705178786,238.132,4490511294,4490511294,0
mcs30_m4Dr4_s90.A01,mcs30_m4Dr4_s90.B01,dal_dal,57,77,14606779452,1000.01,1,986299954,66.8535,11477596668,11477596668,0
mcs30_m4Dr4_s90.A02,mcs30_m4Dr4_s90.B02,dal_dal,54,75,18425644756,1000.02,1,1466794461,81.4662,15337377542,15337377542,0
mcs30_m4Dr4_s90.A03,mcs30_m4Dr4_s90.B03,dal_dal,49,71,17069173250,1000.02,1,140169165,6.85874,14228722542,14228722542,0
mcs30_m4Dr4_s90.A04,mcs30_m4Dr4_s90.B04,dal_dal,60,88,11121434584,1000.02,1,8619439397,576.928,8810854838,8810854838,0
mcs30_m4Dr4_s90.A05,mcs30_m4Dr4_s90.B05,dal_dal,60,88,6581232622,1000.02,1,3467690130,533.442,4616903746,4616903746,0
mcs30_m4Dr4_s90.A06,mcs30_m4Dr4_s90.B06,dal_dal,60,96,9496595705,1000.02,1,8755182079,877.291,8422447151,8422447151,0
mcs30_m4Dr4_s90.A07,mcs30_m4Dr4_s90.B07,dal_dal,62,85,7263221627,1000.02,1,3284633072,395.869,4934790449,4934790449,0
mcs30_m4Dr4_s90.A08,mcs30_m4Dr4_s90.B08,dal_dal,50,78,13527724997,1000.02,1,23857,0.00116883,11720165698,11720165698,0
mcs30_m4Dr4_s90.A09,mcs30_m4Dr4_s90.B09,dal_dal,56,83,11620609579,1000.02,1,246864981,12.4523,10644667704,10644667704,0
mcs30_m4Dr6_s50.A00,mcs30_m4Dr6_s50.B00,dal_dal,35,48,6191062790,1000.02,1,1558271854,244.39,4213937028,4213937028,0
mcs30_m4Dr6_s50.A01,mcs30_m4Dr6_s50.B01,dal_dal,34,44,5996651534,1000.02,1,1758616289,294.203,4098573319,4098573319,0
mcs30_m4Dr6_s50.A02,mcs30_m4Dr6_s50.B02,dal_dal,34,55,6239004152,1000.01,1,268390017,40.1755,4240691846,4240691846,0
mcs30_m4Dr6_s50.A03,mcs30_m4Dr6_s50.B03,dal_dal,34,53,6576973779,1000.02,1,791490317,110.661,4551591525,4551591525,0
mcs30_m4Dr6_s50.A04,mcs30_m4Dr6_s50.B04,dal_dal,33,52,6651457629,1000.02,1,37304967,5.2395,4480656492,4480656492,0
mcs30_m4Dr6_s50.A05,mcs30_m4Dr6_s50.B05,dal_dal,34,52,6670876961,1000.02,1,1174426714,172.933,4559614466,4559614466,0
mcs30_m4Dr6_s50.A06,mcs30_m4Dr6_s50.B06,dal_dal,34,52,6444080765,1000.02,1,932647842,134.452,4406668956,4406668956,0
mcs30_m4Dr6_s50.A07,mcs30_m4Dr6_s50.B07,dal_dal,33,56,6792819665,1000.02,1,907289124,122.813,4741609791,4741609791,0
mcs30_m4Dr6_s50.A08,mcs30_m4Dr6_s50.B08,dal_dal,33,48,6551507642,1000.02,1,33017147,4.51231,4367876900,4367876900,0
mcs30_m4Dr6_s50.A09,mcs30_m4Dr6_s50.B09,dal_dal,34,51,5526983387,1000.02,1,4367380,0.819257,3779632127,3779632127,0
mcs30_m4Dr6_s60.A00,mcs30_m4Dr6_s60.B00,dal_dal,40,69,6789405856,1000.01,1,3397210362,492.621,4683090622,4683090622,0
mcs30_m4Dr6_s60.A01,mcs30_m4Dr6_s60.B01,dal_dal,40,63,6619324371,1000.02,1,72395340,9.40516,4587085539,4587085539,0
mcs30_m4Dr6_s60.A02,mcs30_m4Dr6_s60.B02,dal_dal,40,71,6469858872,1000.02,1,621528050,91.089,4507277790,4507277790,0
mcs30_m4Dr6_s60.A03,mcs30_m4Dr6_s60.B03,dal_dal,40,70,7173082146,1000.02,1,1537962756,166.019,5338446014,5338446014,0
mcs30_m4Dr6_s60.A04,mcs30_m4Dr6_s60.B04,dal_dal,40,72,6373630980,1000.02,1,3071981037,477.865,4228416792,4228416792,0
mcs30_m4Dr6_s60.A05,mcs30_m4Dr6_s60.B05,dal_dal,41,54,6620629642,1000.02,1,2078612526,302.196,4633434316,4633434316,0
mcs30_m4Dr6_s60.A06,mcs30_m4Dr6_s60.B06,dal_dal,39,68,6743339021,1000.02,1,84406854,9.89164,4786574535,4786574535,0
mcs30_m4Dr6_s60.A07,mcs30_m4Dr6_s60.B07,dal_dal,41,59,6263398269,1000.02,1,2884800093,441.081,4339735224,4339735224,0
mcs30_m4Dr6_s60.A08,mcs30_m4Dr6_s60.B08,dal_dal,41,61,6561537650,1000.02,1,2106261617,306.304,4485360499,4485360499,0
mcs30_m4Dr6_s60.A09,mcs30_m4Dr6_s60.B09,dal_dal,39,53,6972255860,1000.02,1,5708786551,814.511,4721059680,4721059680,0
mcs30_m4Dr6_s70.A00,mcs30_m4Dr6_s70.B00,dal_dal,46,67,6395712803,1000.02,1,3317636241,504.87,4348561836,4348561836,0
mcs30_m4Dr6_s70.A01,mcs30_m4Dr6_s70.B01,dal_dal,45,79,6780729033,1000.02,1,692876265,98.6512,4630038569,4630038569,0
mcs30_m4Dr6_s70.A02,mcs30_m4Dr6_s70.B02,dal_dal,45,58,6648717022,1000.02,1,1040197498,150.982,4402993881,4402993881,0
mcs30_m4Dr6_s70.A03,mcs30_m4Dr6_s70.B03,dal_dal,44,68,6675171048,1000.02,1,34978025,5.10752,4629716210,4629716210,0
mcs30_m4Dr6_s70.A04,mcs30_m4Dr6_s70.B04,dal_dal,45,49,6557172473,1000.02,1,639570565,80.2071,4550844056,4550844056,0
mcs30_m4Dr6_s70.A05,mcs30_m4Dr6_s70.B05,dal_dal,43,68,6895299254,1000.01,1,2285155922,319.637,4836908227,4836908227,0
mcs30_m4Dr6_s70.A06,mcs30_m4Dr6_s70.B06,dal_dal,45,77,6924702983,1000.02,1,286716486,36.914,4741909841,4741909841,0
mcs30_m4Dr6_s70.A07,mcs30_m4Dr6_s70.B07,dal_dal,46,71,6512258881,1000.01,1,3819248628,572.227,4498062882,4498062882,0
mcs30_m4Dr6_s70.A08,mcs30_m4Dr6_s70.B08,dal_dal,45,69,6236957451,1000.01,1,327562400,30.971,4469411743,4469411743,0
mcs30_m4Dr6_s70.A09,mcs30_m4Dr6_s70.B09,dal_dal,47,60,6591847284,1000.01,1,2193108411,313.788,4578161921,4578161921,0
mcs30_m4Dr6_s80.A00,mcs30_m4Dr6_s80.B00,dal_dal,53,77,6521682109,1000.01,1,1930027825,286.669,4499391446,4499391446,0
mcs30_m4Dr6_s80.A01,mcs30_m4Dr6_s80.B01,dal_dal,51,75,6736044441,1000.02,1,1439893934,211.154,4437019404,4437019404,0
mcs30_m4Dr6_s80.A02,mcs30_m4Dr6_s80.B02,dal_dal,52,72,6780622644,1000.02,1,1734533585,238.416,4526640618,4526640618,0
mcs30_m4Dr6_s80.A03,mcs30_m4Dr6_s80.B03,dal_dal,50,73,6983016165,1000.02,1,3940636365,550.267,4631540743,4631540743,0
mcs30_m4Dr6_s80.A04,mcs30_m4Dr6_s80.B04,dal_dal,51,69,7240703901,1000.02,1,1279419151,142.851,5082536707,5082536707,0
mcs30_m4Dr6_s80.A05,mcs30_m4Dr6_s80.B05,dal_dal,52,70,8321325183,1000.01,1,3200726435,191.335,6041326790,6041326790,0
mcs30_m4Dr6_s80.A06,mcs30_m4Dr6_s80.B06,dal_dal,51,79,6982151411,1000.02,1,1386316161,173.12,5136519158,5136519158,0
mcs30_m4Dr6_s80.A07,mcs30_m4Dr6_s80.B07,dal_dal,53,98,6385905063,1000.01,1,272366509,38.1353,4471439900,4471439900,0
mcs30_m4Dr6_s80.A08,mcs30_m4Dr6_s80.B08,dal_dal,52,82,5667775954,1000.02,1,231327754,34.9685,3639221814,3639221814,0
mcs30_m4Dr6_s80.A09,mcs30_m4Dr6_s80.B09,dal_dal,51,68,8785442979,1000.02,1,4778517131,362.072,6699196675,6699196675,0
mcs30_m4Dr6_s90.A00,mcs30_m4Dr6_s90.B00,dal_dal,56,103,9046621813,1000.01,1,4985810422,592.919,7352237842,7352237842,0
mcs30_m4Dr6_s90.A01,mcs30_m4Dr6_s90.B01,dal_dal,57,86,6718221471,1000.01,1,128721313,11.0971,4688245260,4688245260,0
mcs30_m4Dr6_s90.A02,mcs30_m4Dr6_s90.B02,dal_dal,48,77,22129292008,1000.02,1,11453,0.000572038,16317323061,16317323061,0
mcs30_m4Dr6_s90.A03,mcs30_m4Dr6_s90.B03,dal_dal,56,79,7532651570,1000.02,1,2556045029,144.879,5651011226,5651011226,0
mcs30_m4Dr6_s90.A04,mcs30_m4Dr6_s90.B04,dal_dal,57,85,6285777860,1000.02,1,2988223529,465.498,4216081270,4216081270,0
mcs30_m4Dr6_s90.A05,mcs30_m4Dr6_s90.B05,dal_dal,58,81,6631036049,1000.02,1,579452734,75.9141,4736030082,4736030082,0
mcs30_m4Dr6_s90.A06,mcs30_m4Dr6_s90.B06,dal_dal,58,81,6726317226,1000.02,1,1255381156,170.364,4456583518,4456583518,0
mcs30_m4Dr6_s90.A07,mcs30_m4Dr6_s90.B07,dal_dal,59,87,6297011833,1000.01,1,1192617885,183.177,4486089334,4486089334,0
mcs30_m4Dr6_s90.A08,mcs30_m4Dr6_s90.B08,dal_dal,48,84,12317046346,1000.01,1,10538651283,837.449,10087679777,10087679777,0
mcs30_m4Dr6_s90.A09,mcs30_m4Dr6_s90.B09,dal_dal,55,74,7150845500,1000.02,1,849642318,90.7239,5853698527,5853698527,0
mcs30_r001_s100.A00,mcs30_r001_s100.B00,dal_dal,69,68,8880355892,1000.02,1,263,0.000107473,7716005338,7716005338,0
mcs30_r001_s100.A01,mcs30_r001_s100.B01,dal_dal,67,68,16485545801,1000.02,1,104,7.86E-05,13606752852,13606752852,0
mcs30_r001_s100.A02,mcs30_r001_s100.B02,dal_dal,69,67,8257847837,1000.02,1,975101114,67.9249,7124653433,7124653433,0
mcs30_r001_s100.A03,mcs30_r001_s100.B03,dal_dal,64,66,13714754774,1000.02,1,2811,0.000422466,12133128469,12133128469,0
mcs30_r001_s100.A04,mcs30_r001_s100.B04,dal_dal,75,75,7558266580,1000.01,1,5817186104,723.67,6328187345,6328187345,0
mcs30_r001_s100.A05,mcs30_r001_s100.B05,dal_dal,73,75,9053028671,1000.02,1,442241249,38.9408,8230743966,8230743966,0
mcs30_r001_s100.A06,mcs30_r001_s100.B06,dal_dal,73,73,10008329175,1000.02,1,9541401382,937.448,8684600782,8684600782,0
mcs30_r001_s100.A07,mcs30_r001_s100.B07,dal_dal,61,53,19637447738,1000.02,1,16272764553,825.425,14923548497,14923548497,0
mcs30_r001_s100.A08,mcs30_r001_s100.B08,dal_dal,69,70,8770074738,1000.02,1,5999453734,817.522,7207617127,7207617127,0
mcs30_r001_s100.A09,mcs30_r001_s100.B09,dal_dal,63,58,19350125231,1000.02,1,64,6.35E-05,15124499963,15124499963,0
mcs30_r005_s100.A00,mcs30_r005_s100.B00,dal_dal,42,86,4872639171,1000.01,1,1153191561,224.194,3021621348,3021621348,0
mcs30_r005_s100.A01,mcs30_r005_s100.B01,dal_dal,42,101,5274346699,1000.02,1,2177161799,394.679,3313389613,3313389613,0
mcs30_r005_s100.A02,mcs30_r005_s100.B02,dal_dal,42,94,5162217280,1000.02,1,237022584,44.6921,3155992315,3155992315,0
mcs30_r005_s100.A03,mcs30_r005_s100.B03,dal_dal,40,76,5022192256,1000.02,1,1595068212,305.003,2990369867,2990369867,0
mcs30_r005_s100.A04,mcs30_r005_s100.B04,dal_dal,41,78,5325376650,1000.02,1,324447058,57.0713,3336553405,3336553405,0
mcs30_r005_s100.A05,mcs30_r005_s100.B05,dal_dal,41,88,5037138437,1000.01,1,152962744,28.264,3101257951,3101257951,0
mcs30_r005_s100.A06,mcs30_r005_s100.B06,dal_dal,40,93,5078045048,1000.01,1,1957206493,369.852,3137491700,3137491700,0
mcs30_r005_s100.A07,mcs30_r005_s100.B07,dal_dal,42,92,4920883282,1000.02,1,3798476480,769.137,3031411014,3031411014,0
mcs30_r005_s100.A08,mcs30_r005_s100.B08,dal_dal,42,75,5351346404,1000.02,1,512477105,90.2327,3402401463,3402401463,0
mcs30_r005_s100.A09,mcs30_r005_s100.B09,dal_dal,42,95,4858862047,1000.01,1,13440940,2.39516,2913221451,2913221451,0
mcs30_r005_s20.A00,mcs30_r005_s20.B00,dal_dal,16,13,50086,0.00509913,0,42499,0.00413877,35833,35833,0
mcs30_r005_s20.A01,mcs30_r005_s20.B01,dal_dal,16,15,69352,0.00564812,0,63793,0.00496814,52956,52956,0
mcs30_r005_s20.A02,mcs30_r005_s20.B02,dal_dal,16,17,14951,0.00223392,0,5346,0.000709303,10771,10771,0
mcs30_r005_s20.A03,mcs30_r005_s20.B03,dal_dal,16,17,32679,0.00442515,0,12953,0.00184746,22714,22714,0
mcs30_r005_s20.A04,mcs30_r005_s20.B04,dal_dal,16,15,50005,0.0053277,0,18820,0.00178883,33440,33440,0
mcs30_r005_s20.A05,mcs30_r005_s20.B05,dal_dal,16,16,82882,0.0063077,0,60749,0.00401788,58887,58887,0
mcs30_r005_s20.A06,mcs30_r005_s20.B06,dal_dal,16,15,36827,0.00411121,0,2793,0.000330897,24212,24212,0
mcs30_r005_s20.A07,mcs30_r005_s20.B07,dal_dal,17,17,48220,0.00528825,0,46779,0.00504354,33547,33547,0
mcs30_r005_s20.A08,mcs30_r005_s20.B08,dal_dal,16,17,63374,0.00659926,0,10445,0.000896286,44993,44993,0
mcs30_r005_s20.A09,mcs30_r005_s20.B09,dal_dal,17,13,17199,0.00200369,0,16734,0.00191535,11914,11914,0
mcs30_r005_s25.A00,mcs30_r005_s25.B00,dal_dal,20,21,344544,0.0403744,0,264656,0.0301188,226965,226965,0
mcs30_r005_s25.A01,mcs30_r005_s25.B01,dal_dal,19,22,738551,0.0874804,0,4435,0.000497114,504076,504076,0
mcs30_r005_s25.A02,mcs30_r005_s25.B02,dal_dal,20,25,210410,0.0250633,0,197971,0.0234316,147321,147321,0
mcs30_r005_s25.A03,mcs30_r005_s25.B03,dal_dal,20,22,907372,0.105758,0,716959,0.0810649,615776,615776,0
mcs30_r005_s25.A04,mcs30_r005_s25.B04,dal_dal,20,16,103345,0.0134184,0,2496,0.00024632,69351,69351,0
mcs30_r005_s25.A05,mcs30_r005_s25.B05,dal_dal,20,20,120557,0.015598,0,9755,0.00142387,79794,79794,0
mcs30_r005_s25.A06,mcs30_r005_s25.B06,dal_dal,19,19,2579458,0.276963,0,800485,0.0713564,1914604,1914604,0
mcs30_r005_s25.A07,mcs30_r005_s25.B07,dal_dal,20,14,281824,0.0335162,0,262700,0.0309516,198638,198638,0
mcs30_r005_s25.A08,mcs30_r005_s25.B08,dal_dal,20,19,697442,0.0753341,0,631106,0.067336,495039,495039,0
mcs30_r005_s25.A09,mcs30_r005_s25.B09,dal_dal,20,24,39825,0.00522617,0,16349,0.00209953,27388,27388,0
mcs30_r005_s30.A00,mcs30_r005_s30.B00,dal_dal,23,30,2056703,0.260305,0,1495086,0.184692,1408443,1408443,0
mcs30_r005_s30.A01,mcs30_r005_s30.B01,dal_dal,22,24,9096495,1.14817,0,60810,0.00634332,6301924,6301924,0
mcs30_r005_s30.A02,mcs30_r005_s30.B02,dal_dal,23,31,1463243,0.204295,0,246978,0.0303727,997222,997222,0
mcs30_r005_s30.A03,mcs30_r005_s30.B03,dal_dal,24,33,1101637,0.142908,0,879866,0.110271,758677,758677,0
mcs30_r005_s30.A04,mcs30_r005_s30.B04,dal_dal,23,26,2344128,0.279079,0,1946632,0.224712,1677063,1677063,0
mcs30_r005_s30.A05,mcs30_r005_s30.B05,dal_dal,23,31,1800217,0.247279,0,1272420,0.172086,1200612,1200612,0
mcs30_r005_s30.A06,mcs30_r005_s30.B06,dal_dal,23,25,4220872,0.537752,0,3899332,0.495824,2894467,2894467,0
mcs30_r005_s30.A07,mcs30_r005_s30.B07,dal_dal,22,26,33256752,4.18403,0,586008,0.0694759,22067830,22067830,0
mcs30_r005_s30.A08,mcs30_r005_s30.B08,dal_dal,23,31,2982186,0.400085,0,1049855,0.132108,1979858,1979858,0
mcs30_r005_s30.A09,mcs30_r005_s30.B09,dal_dal,23,27,5159085,0.65635,0,3037182,0.378659,3379151,3379151,0
mcs30_r005_s35.A00,mcs30_r005_s35.B00,dal_dal,26,29,34127459,4.76373,0,23517475,3.2001,22983905,22983905,0
mcs30_r005_s35.A01,mcs30_r005_s35.B01,dal_dal,25,36,135246608,18.7375,0,199213,0.0242009,91127500,91127500,0
mcs30_r005_s35.A02,mcs30_r005_s35.B02,dal_dal,26,31,51504431,7.29194,0,27357787,3.75727,34902482,34902482,0
mcs30_r005_s35.A03,mcs30_r005_s35.B03,dal_dal,26,37,40478259,5.77931,0,9136202,1.21986,27722508,27722508,0
mcs30_r005_s35.A04,mcs30_r005_s35.B04,dal_dal,26,35,40606941,5.65522,0,20969326,2.81763,28165021,28165021,0
mcs30_r005_s35.A05,mcs30_r005_s35.B05,dal_dal,25,35,53621821,7.2362,0,195513,0.0190684,37717944,37717944,0
mcs30_r005_s35.A06,mcs30_r005_s35.B06,dal_dal,25,28,408325854,58.2029,0,73749898,9.89165,271497656,271497656,0
mcs30_r005_s35.A07,mcs30_r005_s35.B07,dal_dal,26,31,107352896,15.0547,0,61582380,8.41904,71893560,71893560,0
mcs30_r005_s35.A08,mcs30_r005_s35.B08,dal_dal,26,38,112242331,15.5932,0,95952771,13.1862,73978337,73978337,0
mcs30_r005_s35.A09,mcs30_r005_s35.B09,dal_dal,26,36,59441170,8.42428,0,24470089,3.35144,40331990,40331990,0
mcs30_r005_s40.A00,mcs30_r005_s40.B00,dal_dal,28,45,1140118986,171.119,0,532904983,79.0587,761773159,761773159,0
mcs30_r005_s40.A01,mcs30_r005_s40.B01,dal_dal,28,45,1655449223,247.019,0,116317545,16.0915,1116512756,1116512756,0
mcs30_r005_s40.A02,mcs30_r005_s40.B02,dal_dal,28,41,1100997026,168.538,0,73116973,10.0585,744440255,744440255,0
mcs30_r005_s40.A03,mcs30_r005_s40.B03,dal_dal,28,43,941302728,144.08,0,263399301,38.4014,632465763,632465763,0
mcs30_r005_s40.A04,mcs30_r005_s40.B04,dal_dal,28,45,707210365,107.201,0,102486299,14.4745,471807844,471807844,0
mcs30_r005_s40.A05,mcs30_r005_s40.B05,dal_dal,28,44,670605632,103.176,0,48182707,6.75848,446471583,446471583,0
mcs30_r005_s40.A06,mcs30_r005_s40.B06,dal_dal,28,41,1474584099,226.562,0,371861876,55.0121,1001528666,1001528666,0
mcs30_r005_s40.A07,mcs30_r005_s40.B07,dal_dal,27,40,6782213756,1000.01,1,28851154,4.1178,4450178222,4450178222,0
mcs30_r005_s40.A08,mcs30_r005_s40.B08,dal_dal,28,45,969702243,147.953,0,396724336,58.0364,654616013,654616013,0
mcs30_r005_s40.A09,mcs30_r005_s40.B09,dal_dal,28,33,2140651827,315.971,0,1910302584,280.372,1436372962,1436372962,0
mcs30_r005_s50.A00,mcs30_r005_s50.B00,dal_dal,32,53,6330810363,1000.01,1,5678528688,892.156,4145729331,4145729331,0
mcs30_r005_s50.A01,mcs30_r005_s50.B01,dal_dal,32,44,6037325498,1000,1,3792181166,616.518,3994472209,3994472209,0
mcs30_r005_s50.A02,mcs30_r005_s50.B02,dal_dal,31,41,6346537619,1000.03,1,925412552,142.667,4220514503,4220514503,0
mcs30_r005_s50.A03,mcs30_r005_s50.B03,dal_dal,32,51,6445287221,1000.02,1,148683835,22.4671,4361544561,4361544561,0
mcs30_r005_s50.A04,mcs30_r005_s50.B04,dal_dal,31,56,6453341215,1000.02,1,77424972,11.7577,4227575932,4227575932,0
mcs30_r005_s50.A05,mcs30_r005_s50.B05,dal_dal,31,53,5965507352,1000.01,1,547180104,87.7077,3980876173,3980876173,0
mcs30_r005_s50.A06,mcs30_r005_s50.B06,dal_dal,32,46,5712177260,1000.02,1,2180510079,373.323,3838601435,3838601435,0
mcs30_r005_s50.A07,mcs30_r005_s50.B07,dal_dal,32,53,6378845525,1000.02,1,2019054136,301.418,4219635523,4219635523,0
mcs30_r005_s50.A08,mcs30_r005_s50.B08,dal_dal,32,53,6220795125,1000.02,1,102554991,15.7115,4195338354,4195338354,0
mcs30_r005_s50.A09,mcs30_r005_s50.B09,dal_dal,31,50,6667938466,1000.01,1,142341819,21.7246,4398956203,4398956203,0
mcs30_r005_s60.A00,mcs30_r005_s60.B00,dal_dal,33,64,5982545278,1000.02,1,620869775,98.1818,3844641711,3844641711,0
mcs30_r005_s60.A01,mcs30_r005_s60.B01,dal_dal,33,56,6130007067,1000,1,21864746,3.21735,3944073580,3944073580,0
mcs30_r005_s60.A02,mcs30_r005_s60.B02,dal_dal,33,55,6105578823,1000.02,1,227564125,37.4406,4066325243,4066325243,0
mcs30_r005_s60.A03,mcs30_r005_s60.B03,dal_dal,35,61,5954176300,1000.02,1,244730521,39.3303,3980353580,3980353580,0
mcs30_r005_s60.A04,mcs30_r005_s60.B04,dal_dal,35,63,5931040874,1000.02,1,1233047447,200.665,3800605520,3800605520,0
mcs30_r005_s60.A05,mcs30_r005_s60.B05,dal_dal,35,68,6185716452,1000.01,1,2037393771,321.084,4086057166,4086057166,0
mcs30_r005_s60.A06,mcs30_r005_s60.B06,dal_dal,34,64,5404389340,1000.01,1,7001297,1.06744,3585238377,3585238377,0
mcs30_r005_s60.A07,mcs30_r005_s60.B07,dal_dal,34,60,4999795698,1000.02,1,115370034,22.6743,3278263712,3278263712,0
mcs30_r005_s60.A08,mcs30_r005_s60.B08,dal_dal,33,61,5064533691,1000.02,1,14164484,3.04917,3243759074,3243759074,0
mcs30_r005_s60.A09,mcs30_r005_s60.B09,dal_dal,33,47,5858220156,1000.02,1,38835944,6.722,3830295549,3830295549,0
mcs30_r005_s70.A00,mcs30_r005_s70.B00,dal_dal,37,57,5356898698,1000.02,1,11712765,2.10963,3349372896,3349372896,0
mcs30_r005_s70.A01,mcs30_r005_s70.B01,dal_dal,37,63,5724496501,1000.01,1,2007244714,333.256,3671445731,3671445731,0
mcs30_r005_s70.A02,mcs30_r005_s70.B02,dal_dal,37,61,4472408286,1000.01,1,39068653,7.90642,2895554332,2895554332,0
mcs30_r005_s70.A03,mcs30_r005_s70.B03,dal_dal,38,62,4667685385,1000.01,1,2812651710,591.683,2997138870,2997138870,0
mcs30_r005_s70.A04,mcs30_r005_s70.B04,dal_dal,36,51,5783952326,1000.03,1,1162389683,198.124,3609934318,3609934318,0
mcs30_r005_s70.A05,mcs30_r005_s70.B05,dal_dal,37,62,5668334845,1000.01,1,673069216,117.509,3635231388,3635231388,0
mcs30_r005_s70.A06,mcs30_r005_s70.B06,dal_dal,37,58,5661936024,1000.02,1,2474594985,425.88,3560975590,3560975590,0
mcs30_r005_s70.A07,mcs30_r005_s70.B07,dal_dal,37,59,5645615732,1000.02,1,402375668,67.562,3523597389,3523597389,0
mcs30_r005_s70.A08,mcs30_r005_s70.B08,dal_dal,36,71,5616614394,1000.02,1,369123934,64.923,3548436666,3548436666,0
mcs30_r005_s70.A09,mcs30_r005_s70.B09,dal_dal,37,60,5658954563,1000.02,1,209075103,34.3635,3655673891,3655673891,0
mcs30_r005_s80.A00,mcs30_r005_s80.B00,dal_dal,38,88,5877749893,1000.02,1,727187018,116.168,3752734719,3752734719,0
mcs30_r005_s80.A01,mcs30_r005_s80.B01,dal_dal,39,80,5949720922,1000.02,1,963211385,154.025,3837927173,3837927173,0
mcs30_r005_s80.A02,mcs30_r005_s80.B02,dal_dal,37,77,5429831533,1000.02,1,44258324,7.50375,3409145358,3409145358,0
mcs30_r005_s80.A03,mcs30_r005_s80.B03,dal_dal,39,88,5061832758,1000.01,1,3307181774,646.581,3120544818,3120544818,0
mcs30_r005_s80.A04,mcs30_r005_s80.B04,dal_dal,37,72,5021386269,1000,1,332376605,60.3428,3140841274,3140841274,0
mcs30_r005_s80.A05,mcs30_r005_s80.B05,dal_dal,38,78,5893727903,1000.02,1,37110974,6.22745,3670663047,3670663047,0
mcs30_r005_s80.A06,mcs30_r005_s80.B06,dal_dal,39,78,5444914244,1000.02,1,544891411,93.0531,3413900364,3413900364,0
mcs30_r005_s80.A07,mcs30_r005_s80.B07,dal_dal,40,83,2792910206,1000.02,1,1397022157,487.174,1768844015,1768844015,0
mcs30_r005_s80.A08,mcs30_r005_s80.B08,dal_dal,38,68,2736288929,1000.02,1,11112633,3.90154,1700229471,1700229471,0
mcs30_r005_s80.A09,mcs30_r005_s80.B09,dal_dal,38,65,5364078464,1000.02,1,2312894869,416.562,3427658527,3427658527,0
mcs30_r005_s90.A00,mcs30_r005_s90.B00,dal_dal,43,83,5247036079,1000.03,1,3677935609,679.264,3215624393,3215624393,0
mcs30_r005_s90.A01,mcs30_r005_s90.B01,dal_dal,41,88,5792873835,1000.01,1,2947976708,494.942,3762706756,3762706756,0
mcs30_r005_s90.A02,mcs30_r005_s90.B02,dal_dal,39,68,2813372466,1000.02,1,296920675,102.91,1741491355,1741491355,0
mcs30_r005_s90.A03,mcs30_r005_s90.B03,dal_dal,41,78,2666611800,1000.02,1,538061333,196.771,1658357343,1658357343,0
mcs30_r005_s90.A04,mcs30_r005_s90.B04,dal_dal,40,84,2606511745,1000.02,1,52262057,18.9342,1608052997,1608052997,0
mcs30_r005_s90.A05,mcs30_r005_s90.B05,dal_dal,40,84,5488097216,1000.01,1,1548504422,267.862,3436494027,3436494027,0
mcs30_r005_s90.A06,mcs30_r005_s90.B06,dal_dal,39,71,5208603620,1000.02,1,26796955,4.89768,3262976604,3262976604,0
mcs30_r005_s90.A07,mcs30_r005_s90.B07,dal_dal,39,81,5094633792,1000.02,1,166389535,31.8446,3220344534,3220344534,0
mcs30_r005_s90.A08,mcs30_r005_s90.B08,dal_dal,41,82,5436996513,1000.01,1,2887215400,502.106,3384726821,3384726821,0
mcs30_r005_s90.A09,mcs30_r005_s90.B09,dal_dal,41,96,5597159673,1000.01,1,2128897912,368.64,3559681539,3559681539,0
mcs30_r01_s10.A00,mcs30_r01_s10.B00,dal_dal,9,9,156,5.41E-05,0,132,2.57E-05,104,104,0
mcs30_r01_s10.A01,mcs30_r01_s10.B01,dal_dal,8,7,305,6.89E-05,0,28,1.13E-05,187,187,0
mcs30_r01_s10.A02,mcs30_r01_s10.B02,dal_dal,8,7,419,9.73E-05,0,315,4.88E-05,281,281,0
mcs30_r01_s10.A03,mcs30_r01_s10.B03,dal_dal,8,7,256,7.22E-05,0,91,2.08E-05,180,180,0
mcs30_r01_s10.A04,mcs30_r01_s10.B04,dal_dal,8,8,146,5.02E-05,0,9,7.36E-06,104,104,0
mcs30_r01_s10.A05,mcs30_r01_s10.B05,dal_dal,8,7,405,9.49E-05,0,345,5.28E-05,293,293,0
mcs30_r01_s10.A06,mcs30_r01_s10.B06,dal_dal,8,7,233,6.23E-05,0,74,1.56E-05,151,151,0
mcs30_r01_s10.A07,mcs30_r01_s10.B07,dal_dal,8,7,542,9.89E-05,0,409,5.41E-05,351,351,0
mcs30_r01_s10.A08,mcs30_r01_s10.B08,dal_dal,8,6,251,0.000406891,0,102,0.000358318,170,170,0
mcs30_r01_s10.A09,mcs30_r01_s10.B09,dal_dal,7,8,1096,0.000134492,0,66,1.53E-05,743,743,0
mcs30_r01_s100.A00,mcs30_r01_s100.B00,dal_dal,29,74,4362093343,1000.01,1,2091624334,465.804,2602836616,2602836616,0
mcs30_r01_s100.A01,mcs30_r01_s100.B01,dal_dal,29,86,4198363967,1000.01,1,109445879,24.4257,2490538835,2490538835,0
mcs30_r01_s100.A02,mcs30_r01_s100.B02,dal_dal,28,69,4210750111,1000.02,1,209633067,48.6811,2467443152,2467443152,0
mcs30_r01_s100.A03,mcs30_r01_s100.B03,dal_dal,29,86,4307856908,1000.03,1,49432958,10.5888,2541629283,2541629283,0
mcs30_r01_s100.A04,mcs30_r01_s100.B04,dal_dal,28,79,4356590118,1000.01,1,254021988,56.1517,2535515289,2535515289,0
mcs30_r01_s100.A05,mcs30_r01_s100.B05,dal_dal,29,75,4381992748,1000.02,1,484054139,108.409,2595211434,2595211434,0
mcs30_r01_s100.A06,mcs30_r01_s100.B06,dal_dal,28,74,4697917001,1000.02,1,121475632,25.245,2783016149,2783016149,0
mcs30_r01_s100.A07,mcs30_r01_s100.B07,dal_dal,29,86,4335349993,1000.02,1,4219602061,971.508,2509245071,2509245071,0
mcs30_r01_s100.A08,mcs30_r01_s100.B08,dal_dal,29,85,4025040681,1000.01,1,1999824549,488.048,2363225096,2363225096,0
mcs30_r01_s100.A09,mcs30_r01_s100.B09,dal_dal,30,75,4259807369,1000.02,1,3578633857,833.12,2505944540,2505944540,0
mcs30_r01_s15.A00,mcs30_r01_s15.B00,dal_dal,11,14,5347,0.000772843,0,366,5.05E-05,3527,3527,0
mcs30_r01_s15.A01,mcs30_r01_s15.B01,dal_dal,11,13,6585,0.000825079,0,20,9.63E-06,4399,4399,0
mcs30_r01_s15.A02,mcs30_r01_s15.B02,dal_dal,11,11,6086,0.000835886,0,410,6.17E-05,4165,4165,0
mcs30_r01_s15.A03,mcs30_r01_s15.B03,dal_dal,11,15,10318,0.000937511,0,7284,0.000534556,7305,7305,0
mcs30_r01_s15.A04,mcs30_r01_s15.B04,dal_dal,11,15,3928,0.000568085,0,1605,0.000215524,2797,2797,0
mcs30_r01_s15.A05,mcs30_r01_s15.B05,dal_dal,11,14,6207,0.000792191,0,249,3.22E-05,4072,4072,0
mcs30_r01_s15.A06,mcs30_r01_s15.B06,dal_dal,11,16,5138,0.000678229,0,60,1.72E-05,3379,3379,0
mcs30_r01_s15.A07,mcs30_r01_s15.B07,dal_dal,12,15,1994,0.000320001,0,1366,0.000204688,1397,1397,0
mcs30_r01_s15.A08,mcs30_r01_s15.B08,dal_dal,11,12,4742,0.000841449,0,44,1.81E-05,3271,3271,0
mcs30_r01_s15.A09,mcs30_r01_s15.B09,dal_dal,11,12,6520,0.00120218,0,402,9.01E-05,4215,4215,0
mcs30_r01_s20.A00,mcs30_r01_s20.B00,dal_dal,14,22,136618,0.0213966,0,54200,0.00841584,86771,86771,0
mcs30_r01_s20.A01,mcs30_r01_s20.B01,dal_dal,14,21,68900,0.0106215,0,2979,0.00042531,45025,45025,0
mcs30_r01_s20.A02,mcs30_r01_s20.B02,dal_dal,14,18,50203,0.00847551,0,2659,0.000452783,32197,32197,0
mcs30_r01_s20.A03,mcs30_r01_s20.B03,dal_dal,15,19,72604,0.0100649,0,63820,0.00871046,47458,47458,0
mcs30_r01_s20.A04,mcs30_r01_s20.B04,dal_dal,14,19,84612,0.0116919,0,32270,0.00418111,54611,54611,0
mcs30_r01_s20.A05,mcs30_r01_s20.B05,dal_dal,14,17,39064,0.00555719,0,4793,0.000606593,25064,25064,0
mcs30_r01_s20.A06,mcs30_r01_s20.B06,dal_dal,14,20,124202,0.01746,0,12613,0.00174048,80004,80004,0
mcs30_r01_s20.A07,mcs30_r01_s20.B07,dal_dal,14,18,57464,0.00771906,0,882,0.000129094,39066,39066,0
mcs30_r01_s20.A08,mcs30_r01_s20.B08,dal_dal,14,17,171605,0.0230264,0,160773,0.0215255,109859,109859,0
mcs30_r01_s20.A09,mcs30_r01_s20.B09,dal_dal,13,14,204047,0.0255452,0,5003,0.000740842,137364,137364,0
mcs30_r01_s25.A00,mcs30_r01_s25.B00,dal_dal,16,24,2919841,0.423852,0,148706,0.0201664,1915357,1915357,0
mcs30_r01_s25.A01,mcs30_r01_s25.B01,dal_dal,16,28,1844251,0.326886,0,334202,0.0558072,1213899,1213899,0
mcs30_r01_s25.A02,mcs30_r01_s25.B02,dal_dal,17,27,1871695,0.287886,0,1852788,0.285052,1193514,1193514,0
mcs30_r01_s25.A03,mcs30_r01_s25.B03,dal_dal,16,29,2580145,0.394545,0,927007,0.135178,1656002,1656002,0
mcs30_r01_s25.A04,mcs30_r01_s25.B04,dal_dal,17,30,1510740,0.226657,0,1147523,0.169712,968926,968926,0
mcs30_r01_s25.A05,mcs30_r01_s25.B05,dal_dal,16,23,3737915,0.5606,0,321478,0.0438494,2378325,2378325,0
mcs30_r01_s25.A06,mcs30_r01_s25.B06,dal_dal,16,25,4224786,0.650048,0,209209,0.0304511,2764754,2764754,0
mcs30_r01_s25.A07,mcs30_r01_s25.B07,dal_dal,16,28,3729393,0.521081,0,1742,0.000268503,2475552,2475552,0
mcs30_r01_s25.A08,mcs30_r01_s25.B08,dal_dal,17,29,2021474,0.303343,0,1648611,0.24392,1308049,1308049,0
mcs30_r01_s25.A09,mcs30_r01_s25.B09,dal_dal,16,25,1457936,0.213278,0,789,0.000101072,954694,954694,0
mcs30_r01_s30.A00,mcs30_r01_s30.B00,dal_dal,18,30,58007013,9.17702,0,27799,0.00425476,37884686,37884686,0
mcs30_r01_s30.A01,mcs30_r01_s30.B01,dal_dal,19,33,46994032,7.80346,0,45606993,7.57662,30160365,30160365,0
mcs30_r01_s30.A02,mcs30_r01_s30.B02,dal_dal,19,30,32369123,5.31974,0,26492583,4.33601,20720536,20720536,0
mcs30_r01_s30.A03,mcs30_r01_s30.B03,dal_dal,18,32,44875645,7.4085,0,327907,0.0507433,28906421,28906421,0
mcs30_r01_s30.A04,mcs30_r01_s30.B04,dal_dal,19,35,28848851,5.27712,0,15077068,2.55612,19188627,19188627,0
mcs30_r01_s30.A05,mcs30_r01_s30.B05,dal_dal,19,26,19856689,4.60812,0,6470778,1.48242,12840334,12840334,0
mcs30_r01_s30.A06,mcs30_r01_s30.B06,dal_dal,19,36,36475119,6.09947,0,24881662,4.10337,23413140,23413140,0
mcs30_r01_s30.A07,mcs30_r01_s30.B07,dal_dal,18,33,58734522,9.45879,0,5260424,0.779043,38363485,38363485,0
mcs30_r01_s30.A08,mcs30_r01_s30.B08,dal_dal,18,31,44890834,7.52047,0,574437,0.0895256,29212664,29212664,0
mcs30_r01_s30.A09,mcs30_r01_s30.B09,dal_dal,18,36,53695637,9.74365,0,990829,0.1755,35517519,35517519,0
mcs30_r01_s35.A00,mcs30_r01_s35.B00,dal_dal,20,35,525346838,93.2437,0,13400898,2.21026,338819675,338819675,0
mcs30_r01_s35.A01,mcs30_r01_s35.B01,dal_dal,21,42,234897205,40.2781,0,114565989,18.9254,157104260,157104260,0
mcs30_r01_s35.A02,mcs30_r01_s35.B02,dal_dal,20,37,596714643,103.338,0,31157226,5.02599,388413452,388413452,0
mcs30_r01_s35.A03,mcs30_r01_s35.B03,dal_dal,20,35,915041230,164.911,0,1332158,0.225615,589324262,589324262,0
mcs30_r01_s35.A04,mcs30_r01_s35.B04,dal_dal,20,40,620236095,108.487,0,17792242,3.00674,401984343,401984343,0
mcs30_r01_s35.A05,mcs30_r01_s35.B05,dal_dal,20,33,546762988,93.0685,0,8589400,1.35852,361140048,361140048,0
mcs30_r01_s35.A06,mcs30_r01_s35.B06,dal_dal,20,34,720054172,125.32,0,11210200,1.84903,467220735,467220735,0
mcs30_r01_s35.A07,mcs30_r01_s35.B07,dal_dal,20,39,476557851,83.6157,0,7574010,1.21707,308772807,308772807,0
mcs30_r01_s35.A08,mcs30_r01_s35.B08,dal_dal,21,40,370100302,63.2594,0,262095233,43.729,242470088,242470088,0
mcs30_r01_s35.A09,mcs30_r01_s35.B09,dal_dal,20,40,943134575,187.138,0,85241578,16.3258,609664624,609664624,0
mcs30_r01_s40.A00,mcs30_r01_s40.B00,dal_dal,22,42,5397647744,1000.01,1,858390107,150.875,3498558499,3498558499,0
mcs30_r01_s40.A01,mcs30_r01_s40.B01,dal_dal,22,42,4375434235,789.863,0,306564727,51.7087,2883629573,2883629573,0
mcs30_r01_s40.A02,mcs30_r01_s40.B02,dal_dal,23,66,2974534889,550.451,0,720005515,126.24,1965612867,1965612867,0
mcs30_r01_s40.A03,mcs30_r01_s40.B03,dal_dal,22,44,5270950235,1000.02,1,2533433943,466.02,3375760203,3375760203,0
mcs30_r01_s40.A04,mcs30_r01_s40.B04,dal_dal,21,44,5307460497,1000.02,1,15073126,2.75409,3397235778,3397235778,0
mcs30_r01_s40.A05,mcs30_r01_s40.B05,dal_dal,22,32,4872352630,1000.02,1,841100049,165.645,3159813416,3159813416,0
mcs30_r01_s40.A06,mcs30_r01_s40.B06,dal_dal,21,42,4566663901,1000.02,1,7575516,1.71375,2949282275,2949282275,0
mcs30_r01_s40.A07,mcs30_r01_s40.B07,dal_dal,22,41,5203780730,1000.01,1,1306907233,239.191,3344326092,3344326092,0
mcs30_r01_s40.A08,mcs30_r01_s40.B08,dal_dal,22,46,5332511883,1000.02,1,3098777933,569.662,3458567910,3458567910,0
mcs30_r01_s40.A09,mcs30_r01_s40.B09,dal_dal,22,43,5229600409,1000.02,1,1605843037,296.959,3379076268,3379076268,0
mcs30_r01_s50.A00,mcs30_r01_s50.B00,dal_dal,23,51,5200966611,1000.02,1,154493788,27.9939,3374601574,3374601574,0
mcs30_r01_s50.A01,mcs30_r01_s50.B01,dal_dal,23,54,5105384393,1000.01,1,5687735,1.10242,3188802557,3188802557,0
mcs30_r01_s50.A02,mcs30_r01_s50.B02,dal_dal,24,60,5147594523,1000.02,1,124169373,24.0646,3294732658,3294732658,0
mcs30_r01_s50.A03,mcs30_r01_s50.B03,dal_dal,24,61,5357893353,1000.01,1,2344564245,417.574,3453966313,3453966313,0
mcs30_r01_s50.A04,mcs30_r01_s50.B04,dal_dal,23,56,5060637341,1000.01,1,671470,0.119651,3167779597,3167779597,0
mcs30_r01_s50.A05,mcs30_r01_s50.B05,dal_dal,23,42,5315117075,1000.02,1,523677180,93.4945,3372508548,3372508548,0
mcs30_r01_s50.A06,mcs30_r01_s50.B06,dal_dal,23,50,5082505061,1000.02,1,395593507,75.6641,3199008797,3199008797,0
mcs30_r01_s50.A07,mcs30_r01_s50.B07,dal_dal,24,52,5172718503,1000.01,1,288590777,52.2596,3312298614,3312298614,0
mcs30_r01_s50.A08,mcs30_r01_s50.B08,dal_dal,24,57,5161764689,1000.02,1,918679947,170.078,3372224742,3372224742,0
mcs30_r01_s50.A09,mcs30_r01_s50.B09,dal_dal,23,53,5141114733,1000.02,1,351842378,67.5995,3210873430,3210873430,0
mcs30_r01_s60.A00,mcs30_r01_s60.B00,dal_dal,24,49,4814846900,1000.02,1,7140292,1.28836,2950440883,2950440883,0
mcs30_r01_s60.A01,mcs30_r01_s60.B01,dal_dal,25,53,4838497225,1000.01,1,20087864,4.02445,2997703544,2997703544,0
mcs30_r01_s60.A02,mcs30_r01_s60.B02,dal_dal,25,62,4988411640,1000.02,1,264450322,49.9865,3137251074,3137251074,0
mcs30_r01_s60.A03,mcs30_r01_s60.B03,dal_dal,24,63,4980945617,1000.02,1,9932162,1.9361,3141552353,3141552353,0
mcs30_r01_s60.A04,mcs30_r01_s60.B04,dal_dal,25,57,4849197223,1000.01,1,110038341,21.1596,3010509641,3010509641,0
mcs30_r01_s60.A05,mcs30_r01_s60.B05,dal_dal,26,66,4954783727,1000.02,1,336470151,68.0362,3120856691,3120856691,0
mcs30_r01_s60.A06,mcs30_r01_s60.B06,dal_dal,26,68,4940788515,1000.01,1,2512654536,500.211,3075297676,3075297676,0
mcs30_r01_s60.A07,mcs30_r01_s60.B07,dal_dal,25,61,4837204775,1000.02,1,49867048,9.59645,2970166288,2970166288,0
mcs30_r01_s60.A08,mcs30_r01_s60.B08,dal_dal,25,63,4790555505,1000.02,1,762292045,152.566,2991507278,2991507278,0
mcs30_r01_s60.A09,mcs30_r01_s60.B09,dal_dal,25,53,4937332550,1000.01,1,494361393,96.3545,3039176641,3039176641,0
mcs30_r01_s70.A00,mcs30_r01_s70.B00,dal_dal,26,70,4817486001,1000.02,1,10464458,2.13934,2960630935,2960630935,0
mcs30_r01_s70.A01,mcs30_r01_s70.B01,dal_dal,27,66,4568450047,1000.02,1,365032585,76.2548,2812106798,2812106798,0
mcs30_r01_s70.A02,mcs30_r01_s70.B02,dal_dal,26,68,4706793336,1000.01,1,266413940,55.3972,2876137970,2876137970,0
mcs30_r01_s70.A03,mcs30_r01_s70.B03,dal_dal,26,75,4597718640,1000.01,1,408507523,87.5045,2837782153,2837782153,0
mcs30_r01_s70.A04,mcs30_r01_s70.B04,dal_dal,27,80,4748692907,1000.02,1,2974508124,618.975,2917230592,2917230592,0
mcs30_r01_s70.A05,mcs30_r01_s70.B05,dal_dal,26,73,4702886483,1000.01,1,179934117,36.4197,2868991619,2868991619,0
mcs30_r01_s70.A06,mcs30_r01_s70.B06,dal_dal,26,70,4706006981,1000.02,1,139139772,27.8373,2833985849,2833985849,0
mcs30_r01_s70.A07,mcs30_r01_s70.B07,dal_dal,26,63,4153158337,1000.02,1,411343661,94.7438,2545394280,2545394280,0
mcs30_r01_s70.A08,mcs30_r01_s70.B08,dal_dal,27,77,3996871101,1000.02,1,445374470,106.685,2478015075,2478015075,0
mcs30_r01_s70.A09,mcs30_r01_s70.B09,dal_dal,25,58,5091471934,1000.01,1,32073464,6.15962,3114565733,3114565733,0
mcs30_r01_s80.A00,mcs30_r01_s80.B00,dal_dal,27,72,4697898522,1000.01,1,3915629253,823.378,2820920065,2820920065,0
mcs30_r01_s80.A01,mcs30_r01_s80.B01,dal_dal,27,64,4508492272,1000.01,1,859123020,180.328,2695318415,2695318415,0
mcs30_r01_s80.A02,mcs30_r01_s80.B02,dal_dal,27,71,4478752756,1000.02,1,832203125,177.181,2668015554,2668015554,0
mcs30_r01_s80.A03,mcs30_r01_s80.B03,dal_dal,27,65,4390964342,1000.02,1,1642427787,371.041,2612596460,2612596460,0
mcs30_r01_s80.A04,mcs30_r01_s80.B04,dal_dal,27,87,4293226256,1000.02,1,93763181,19.5766,2586051240,2586051240,0
mcs30_r01_s80.A05,mcs30_r01_s80.B05,dal_dal,27,74,4495009176,1000.02,1,499667346,106.573,2688487185,2688487185,0
mcs30_r01_s80.A06,mcs30_r01_s80.B06,dal_dal,27,68,4747922591,1000.02,1,71408263,14.2041,2906779714,2906779714,0
mcs30_r01_s80.A07,mcs30_r01_s80.B07,dal_dal,27,73,4254132298,1000.01,1,491169,0.103018,2521244479,2521244479,0
mcs30_r01_s80.A08,mcs30_r01_s80.B08,dal_dal,27,66,4680459555,1000.02,1,414494763,87.6228,2803385539,2803385539,0
mcs30_r01_s80.A09,mcs30_r01_s80.B09,dal_dal,26,64,4368928580,1000.02,1,6502537,1.35819,2596794995,2596794995,0
mcs30_r01_s90.A00,mcs30_r01_s90.B00,dal_dal,29,93,4483499652,1000.01,1,27721493,5.97541,2659296185,2659296185,0
mcs30_r01_s90.A01,mcs30_r01_s90.B01,dal_dal,27,79,4391939987,1000.01,1,670268,0.138628,2569503947,2569503947,0
mcs30_r01_s90.A02,mcs30_r01_s90.B02,dal_dal,28,82,4363559898,1000.02,1,90413627,19.04,2632664095,2632664095,0
mcs30_r01_s90.A03,mcs30_r01_s90.B03,dal_dal,28,81,4583036061,1000.02,1,878663083,189.18,2773749305,2773749305,0
mcs30_r01_s90.A04,mcs30_r01_s90.B04,dal_dal,28,86,4344684200,1000.02,1,428566083,94.1141,2580048268,2580048268,0
mcs30_r01_s90.A05,mcs30_r01_s90.B05,dal_dal,27,74,4418413936,1000.02,1,1958306076,430.788,2584628678,2584628678,0
mcs30_r01_s90.A06,mcs30_r01_s90.B06,dal_dal,27,62,4479643291,1000.01,1,18587679,3.97891,2672976564,2672976564,0
mcs30_r01_s90.A07,mcs30_r01_s90.B07,dal_dal,27,64,4576330835,1000.02,1,11687026,2.39461,2716590209,2716590209,0
mcs30_r01_s90.A08,mcs30_r01_s90.B08,dal_dal,28,80,4647219482,1000.02,1,4323326992,928.281,2774543800,2774543800,0
mcs30_r01_s90.A09,mcs30_r01_s90.B09,dal_dal,29,83,4607706641,1000.01,1,275838762,56.1524,2793805123,2793805123,0
mcs30_r02_s10.A00,mcs30_r02_s10.B00,dal_dal,7,11,581,0.000110115,0,65,1.56E-05,386,386,0
mcs30_r02_s10.A01,mcs30_r02_s10.B01,dal_dal,8,12,347,8.34E-05,0,224,3.95E-05,225,225,0
mcs30_r02_s10.A02,mcs30_r02_s10.B02,dal_dal,8,11,357,7.81E-05,0,315,5.15E-05,233,233,0
mcs30_r02_s10.A03,mcs30_r02_s10.B03,dal_dal,8,9,603,0.000115964,0,567,8.43E-05,395,395,0
mcs30_r02_s10.A04,mcs30_r02_s10.B04,dal_dal,7,9,487,0.000100411,0,8,6.88E-06,326,326,0
mcs30_r02_s10.A05,mcs30_r02_s10.B05,dal_dal,8,13,256,6.27E-05,0,184,3.23E-05,165,165,0
mcs30_r02_s10.A06,mcs30_r02_s10.B06,dal_dal,7,10,394,8.73E-05,0,8,6.98E-06,266,266,0
mcs30_r02_s10.A07,mcs30_r02_s10.B07,dal_dal,7,9,664,0.000118578,0,98,1.83E-05,435,435,0
mcs30_r02_s10.A08,mcs30_r02_s10.B08,dal_dal,8,12,227,5.72E-05,0,107,1.95E-05,156,156,0
mcs30_r02_s10.A09,mcs30_r02_s10.B09,dal_dal,7,10,1044,0.000334231,0,277,3.89E-05,670,670,0
mcs30_r02_s100.A00,mcs30_r02_s100.B00,dal_dal,20,82,3736867613,1000.02,1,1089478838,277.209,1999462807,1999462807,0
mcs30_r02_s100.A01,mcs30_r02_s100.B01,dal_dal,20,72,3765224248,1000.02,1,757866596,185.553,2020336586,2020336586,0
mcs30_r02_s100.A02,mcs30_r02_s100.B02,dal_dal,20,70,3509371573,1000.02,1,68466249,17.4985,1897075114,1897075114,0
mcs30_r02_s100.A03,mcs30_r02_s100.B03,dal_dal,20,86,3681686387,1000.01,1,167342068,41.758,1970667987,1970667987,0
mcs30_r02_s100.A04,mcs30_r02_s100.B04,dal_dal,20,67,3859538959,1000.01,1,2226041518,557.438,2068477192,2068477192,0
mcs30_r02_s100.A05,mcs30_r02_s100.B05,dal_dal,20,72,3319681573,1000.01,1,357978012,99.7911,1767973590,1767973590,0
mcs30_r02_s100.A06,mcs30_r02_s100.B06,dal_dal,20,76,3717820430,1000.02,1,286172142,70.9131,2033229767,2033229767,0
mcs30_r02_s100.A07,mcs30_r02_s100.B07,dal_dal,20,70,3717359621,1000.01,1,582994804,145.908,1975518286,1975518286,0
mcs30_r02_s100.A08,mcs30_r02_s100.B08,dal_dal,20,67,3773888068,1000.01,1,159565344,38.8686,2019465957,2019465957,0
mcs30_r02_s100.A09,mcs30_r02_s100.B09,dal_dal,20,87,3871136633,1000.01,1,3424635291,877.038,2068971471,2068971471,0
mcs30_r02_s15.A00,mcs30_r02_s15.B00,dal_dal,10,19,6647,0.0010255,0,3441,0.000508435,4645,4645,0
mcs30_r02_s15.A01,mcs30_r02_s15.B01,dal_dal,10,20,10033,0.00154056,0,2419,0.000368143,6678,6678,0
mcs30_r02_s15.A02,mcs30_r02_s15.B02,dal_dal,10,17,9368,0.0015062,0,6335,0.000979042,6148,6148,0
mcs30_r02_s15.A03,mcs30_r02_s15.B03,dal_dal,10,17,7149,0.00116153,0,119,2.91E-05,4786,4786,0
mcs30_r02_s15.A04,mcs30_r02_s15.B04,dal_dal,10,14,16773,0.00264181,0,9759,0.00149917,10522,10522,0
mcs30_r02_s15.A05,mcs30_r02_s15.B05,dal_dal,10,20,8342,0.00135574,0,415,7.69E-05,5433,5433,0
mcs30_r02_s15.A06,mcs30_r02_s15.B06,dal_dal,10,19,9733,0.00155504,0,3450,0.000515623,6361,6361,0
mcs30_r02_s15.A07,mcs30_r02_s15.B07,dal_dal,10,19,9728,0.0017279,0,4010,0.000627159,6260,6260,0
mcs30_r02_s15.A08,mcs30_r02_s15.B08,dal_dal,10,14,11625,0.00184228,0,3934,0.000596637,7360,7360,0
mcs30_r02_s15.A09,mcs30_r02_s15.B09,dal_dal,10,17,7447,0.00122161,0,1396,0.000218939,4905,4905,0
mcs30_r02_s20.A00,mcs30_r02_s20.B00,dal_dal,12,24,305203,0.0529084,0,172595,0.0285293,191767,191767,0
mcs30_r02_s20.A01,mcs30_r02_s20.B01,dal_dal,12,29,194733,0.0341796,0,58057,0.00954948,126599,126599,0
mcs30_r02_s20.A02,mcs30_r02_s20.B02,dal_dal,12,27,231827,0.0406258,0,171324,0.0292706,148931,148931,0
mcs30_r02_s20.A03,mcs30_r02_s20.B03,dal_dal,12,23,184839,0.0325485,0,29001,0.00482239,119262,119262,0
mcs30_r02_s20.A04,mcs30_r02_s20.B04,dal_dal,12,32,146988,0.0268059,0,41684,0.00730639,95599,95599,0
mcs30_r02_s20.A05,mcs30_r02_s20.B05,dal_dal,12,22,369079,0.0621466,0,328824,0.0551773,231207,231207,0
mcs30_r02_s20.A06,mcs30_r02_s20.B06,dal_dal,12,30,187726,0.0328486,0,63543,0.0103304,123161,123161,0
mcs30_r02_s20.A07,mcs30_r02_s20.B07,dal_dal,12,27,201172,0.0353324,0,39718,0.00665241,128350,128350,0
mcs30_r02_s20.A08,mcs30_r02_s20.B08,dal_dal,12,22,272264,0.0470736,0,205310,0.0353616,171443,171443,0
mcs30_r02_s20.A09,mcs30_r02_s20.B09,dal_dal,12,21,292301,0.0516031,0,114797,0.0192857,183608,183608,0
mcs30_r02_s25.A00,mcs30_r02_s25.B00,dal_dal,14,34,3421495,0.656354,0,2962232,0.568611,2121290,2121290,0
mcs30_r02_s25.A01,mcs30_r02_s25.B01,dal_dal,13,23,6149455,1.18345,0,28853,0.00526196,3820047,3820047,0
mcs30_r02_s25.A02,mcs30_r02_s25.B02,dal_dal,13,32,6370268,1.20492,0,12343,0.00226742,3966591,3966591,0
mcs30_r02_s25.A03,mcs30_r02_s25.B03,dal_dal,13,26,5053218,0.991781,0,252834,0.0454013,3179764,3179764,0
mcs30_r02_s25.A04,mcs30_r02_s25.B04,dal_dal,13,33,5298090,1.02123,0,8019,0.00145935,3289899,3289899,0
mcs30_r02_s25.A05,mcs30_r02_s25.B05,dal_dal,13,30,4262330,0.811335,0,105,2.84E-05,2687428,2687428,0
mcs30_r02_s25.A06,mcs30_r02_s25.B06,dal_dal,13,28,5634685,1.09828,0,13527,0.00242374,3527306,3527306,0
mcs30_r02_s25.A07,mcs30_r02_s25.B07,dal_dal,13,31,4770917,0.91923,0,6901,0.00132712,2989669,2989669,0
mcs30_r02_s25.A08,mcs30_r02_s25.B08,dal_dal,13,29,4869828,0.940651,0,46908,0.00838509,3036050,3036050,0
mcs30_r02_s25.A09,mcs30_r02_s25.B09,dal_dal,13,28,6013375,1.18016,0,149282,0.0272497,3758806,3758806,0
mcs30_r02_s30.A00,mcs30_r02_s30.B00,dal_dal,14,34,96125086,20.1672,0,533608,0.102569,59223375,59223375,0
mcs30_r02_s30.A01,mcs30_r02_s30.B01,dal_dal,15,42,57170581,12.231,0,10390390,2.08753,35273043,35273043,0
mcs30_r02_s30.A02,mcs30_r02_s30.B02,dal_dal,15,43,44210132,9.5593,0,7019538,1.3733,27649368,27649368,0
mcs30_r02_s30.A03,mcs30_r02_s30.B03,dal_dal,14,32,100236934,20.768,0,89858,0.0169787,61468351,61468351,0
mcs30_r02_s30.A04,mcs30_r02_s30.B04,dal_dal,15,35,80975118,17.1021,0,71058644,14.9465,49381853,49381853,0
mcs30_r02_s30.A05,mcs30_r02_s30.B05,dal_dal,14,38,148561188,30.525,0,2055280,0.387427,90365697,90365697,0
mcs30_r02_s30.A06,mcs30_r02_s30.B06,dal_dal,15,41,59810288,12.8465,0,31111349,6.36456,37302071,37302071,0
mcs30_r02_s30.A07,mcs30_r02_s30.B07,dal_dal,14,40,89952356,18.798,0,2604168,0.511638,55290330,55290330,0
mcs30_r02_s30.A08,mcs30_r02_s30.B08,dal_dal,14,29,111081108,22.9375,0,4670,0.00099906,68173086,68173086,0
mcs30_r02_s30.A09,mcs30_r02_s30.B09,dal_dal,14,30,112708730,23.5731,0,381429,0.0770595,68828850,68828850,0
mcs30_r02_s35.A00,mcs30_r02_s35.B00,dal_dal,16,54,516610624,119.808,0,37555558,8.20378,316351004,316351004,0
mcs30_r02_s35.A01,mcs30_r02_s35.B01,dal_dal,15,34,1173949403,261.792,0,368382,0.0757757,707226778,707226778,0
mcs30_r02_s35.A02,mcs30_r02_s35.B02,dal_dal,16,46,508131724,114.367,0,125824249,26.5469,313908901,313908901,0
mcs30_r02_s35.A03,mcs30_r02_s35.B03,dal_dal,15,33,1140980598,250.756,0,12328817,2.57078,693577215,693577215,0
mcs30_r02_s35.A04,mcs30_r02_s35.B04,dal_dal,16,41,598824828,135.613,0,372760328,82.3554,364124675,364124675,0
mcs30_r02_s35.A05,mcs30_r02_s35.B05,dal_dal,16,46,829802009,207.278,0,469632015,111.834,506467342,506467342,0
mcs30_r02_s35.A06,mcs30_r02_s35.B06,dal_dal,16,40,808289536,201.604,0,218850760,51.1715,492728169,492728169,0
mcs30_r02_s35.A07,mcs30_r02_s35.B07,dal_dal,16,48,573601203,145.483,0,222028893,53.6837,350238705,350238705,0
mcs30_r02_s35.A08,mcs30_r02_s35.B08,dal_dal,15,40,1114150258,270.198,0,235314,0.0526592,678633335,678633335,0
mcs30_r02_s35.A09,mcs30_r02_s35.B09,dal_dal,16,45,778011789,195.49,0,465276087,113.431,474023256,474023256,0
mcs30_r02_s40.A00,mcs30_r02_s40.B00,dal_dal,16,57,3897694001,1000,1,54610487,13.3678,2332979460,2332979460,0
mcs30_r02_s40.A01,mcs30_r02_s40.B01,dal_dal,17,57,3843701940,1000.01,1,2259630093,567.582,2282053213,2282053213,0
mcs30_r02_s40.A02,mcs30_r02_s40.B02,dal_dal,16,50,3979400141,1000.01,1,32451561,7.71451,2388336246,2388336246,0
mcs30_r02_s40.A03,mcs30_r02_s40.B03,dal_dal,17,44,4143746379,1000.01,1,1618247207,375.385,2490210544,2490210544,0
mcs30_r02_s40.A04,mcs30_r02_s40.B04,dal_dal,16,45,4242272631,1000.02,1,96741925,21.7676,2519311068,2519311068,0
mcs30_r02_s40.A05,mcs30_r02_s40.B05,dal_dal,17,46,4319596652,1000.02,1,3734763169,856.81,2589205858,2589205858,0
mcs30_r02_s40.A06,mcs30_r02_s40.B06,dal_dal,16,42,4224720682,1000.02,1,9243933,2.0729,2504314839,2504314839,0
mcs30_r02_s40.A07,mcs30_r02_s40.B07,dal_dal,16,37,4249893006,1000.01,1,22742085,5.12702,2546734431,2546734431,0
mcs30_r02_s40.A08,mcs30_r02_s40.B08,dal_dal,17,41,4176651784,1000,1,494751355,109.134,2546513240,2546513240,0
mcs30_r02_s40.A09,mcs30_r02_s40.B09,dal_dal,16,49,4289689296,1000.02,1,28302884,6.28538,2582293334,2582293334,0
mcs30_r02_s50.A00,mcs30_r02_s50.B00,dal_dal,17,45,3957131165,1000.02,1,80399389,18.8438,2307590068,2307590068,0
mcs30_r02_s50.A01,mcs30_r02_s50.B01,dal_dal,17,56,4067298829,1000.01,1,636258990,152.364,2387770147,2387770147,0
mcs30_r02_s50.A02,mcs30_r02_s50.B02,dal_dal,17,45,4050583853,1000.02,1,56903943,12.9352,2328427466,2328427466,0
mcs30_r02_s50.A03,mcs30_r02_s50.B03,dal_dal,17,57,4060521965,1000.01,1,13636508,3.12001,2364829203,2364829203,0
mcs30_r02_s50.A04,mcs30_r02_s50.B04,dal_dal,18,59,3535781508,1000.02,1,333569811,84.3819,2074654140,2074654140,0
mcs30_r02_s50.A05,mcs30_r02_s50.B05,dal_dal,18,58,3769933306,1000.02,1,2604838961,672.988,2225229716,2225229716,0
mcs30_r02_s50.A06,mcs30_r02_s50.B06,dal_dal,17,65,3721576324,1000.02,1,77998213,19.1032,2180362720,2180362720,0
mcs30_r02_s50.A07,mcs30_r02_s50.B07,dal_dal,17,56,4248599665,1000.02,1,12003230,2.67386,2485110663,2485110663,0
mcs30_r02_s50.A08,mcs30_r02_s50.B08,dal_dal,17,55,4049972620,1000.02,1,54773546,12.6742,2350088054,2350088054,0
mcs30_r02_s50.A09,mcs30_r02_s50.B09,dal_dal,17,50,4121025613,1000.01,1,76943845,17.4829,2394622975,2394622975,0
mcs30_r02_s60.A00,mcs30_r02_s60.B00,dal_dal,18,59,3863107198,1000.02,1,293167050,69.6581,2186593011,2186593011,0
mcs30_r02_s60.A01,mcs30_r02_s60.B01,dal_dal,18,61,4064271166,1000.02,1,2270192484,541.604,2306626872,2306626872,0
mcs30_r02_s60.A02,mcs30_r02_s60.B02,dal_dal,18,60,4047564767,1000.02,1,635062088,152.907,2333249845,2333249845,0
mcs30_r02_s60.A03,mcs30_r02_s60.B03,dal_dal,18,63,3870616201,1000.02,1,706834107,174.033,2219779836,2219779836,0
mcs30_r02_s60.A04,mcs30_r02_s60.B04,dal_dal,18,55,3980352749,1000.02,1,173538369,41.303,2291225512,2291225512,0
mcs30_r02_s60.A05,mcs30_r02_s60.B05,dal_dal,18,61,3992084047,1000.02,1,189593604,44.3645,2306840990,2306840990,0
mcs30_r02_s60.A06,mcs30_r02_s60.B06,dal_dal,17,60,4132893361,1000.02,1,2547571,0.560114,2306768270,2306768270,0
mcs30_r02_s60.A07,mcs30_r02_s60.B07,dal_dal,18,55,4007862432,1000.02,1,162715222,37.7074,2319650744,2319650744,0
mcs30_r02_s60.A08,mcs30_r02_s60.B08,dal_dal,18,59,3888455993,1000.02,1,347421378,83.1726,2209547460,2209547460,0
mcs30_r02_s60.A09,mcs30_r02_s60.B09,dal_dal,18,64,3949075519,1000.02,1,23449043,5.34603,2246994465,2246994465,0
mcs30_r02_s70.A00,mcs30_r02_s70.B00,dal_dal,19,64,3870459332,1000.02,1,3522310543,904.615,2127522104,2127522104,0
mcs30_r02_s70.A01,mcs30_r02_s70.B01,dal_dal,19,75,3398014582,1000.01,1,1009545014,279.812,1894003108,1894003108,0
mcs30_r02_s70.A02,mcs30_r02_s70.B02,dal_dal,18,75,3909070569,1000.01,1,71725276,16.7714,2167006308,2167006308,0
mcs30_r02_s70.A03,mcs30_r02_s70.B03,dal_dal,19,72,3730519892,1000.01,1,573418994,144.374,2068377688,2068377688,0
mcs30_r02_s70.A04,mcs30_r02_s70.B04,dal_dal,19,66,3860560070,1000.01,1,531140114,124.958,2175778819,2175778819,0
mcs30_r02_s70.A05,mcs30_r02_s70.B05,dal_dal,18,54,3931661719,1000.02,1,51114764,11.8814,2176201887,2176201887,0
mcs30_r02_s70.A06,mcs30_r02_s70.B06,dal_dal,18,59,3825265702,1000.02,1,4357668,1.02278,2116241877,2116241877,0
mcs30_r02_s70.A07,mcs30_r02_s70.B07,dal_dal,19,53,3998022506,1000.02,1,3188965213,783.883,2249317001,2249317001,0
mcs30_r02_s70.A08,mcs30_r02_s70.B08,dal_dal,18,68,3400835673,1000.01,1,42621712,11.6246,1870078526,1870078526,0
mcs30_r02_s70.A09,mcs30_r02_s70.B09,dal_dal,19,62,3384889954,1000.01,1,191372221,53.8232,1915034751,1915034751,0
mcs30_r02_s80.A00,mcs30_r02_s80.B00,dal_dal,19,58,3789015007,1000.03,1,762208856,188.329,2078949301,2078949301,0
mcs30_r02_s80.A01,mcs30_r02_s80.B01,dal_dal,19,69,3707162045,1000.01,1,390965081,97.9415,2021444341,2021444341,0
mcs30_r02_s80.A02,mcs30_r02_s80.B02,dal_dal,19,74,3825039675,1000.02,1,1095905977,275.045,2112461272,2112461272,0
mcs30_r02_s80.A03,mcs30_r02_s80.B03,dal_dal,19,64,3804327857,1000.01,1,541461241,132.208,2084458260,2084458260,0
mcs30_r02_s80.A04,mcs30_r02_s80.B04,dal_dal,19,69,3797231072,1000.01,1,493531056,120.425,2103124921,2103124921,0
mcs30_r02_s80.A05,mcs30_r02_s80.B05,dal_dal,19,71,3672478512,1000.01,1,178902047,45.3223,2005564185,2005564185,0
mcs30_r02_s80.A06,mcs30_r02_s80.B06,dal_dal,20,74,3608369715,1000.01,1,412116998,106.155,1996068335,1996068335,0
mcs30_r02_s80.A07,mcs30_r02_s80.B07,dal_dal,19,64,3845729870,1000.01,1,1119427,0.257736,2142043823,2142043823,0
mcs30_r02_s80.A08,mcs30_r02_s80.B08,dal_dal,19,78,3827864003,1000.02,1,7328594,1.71254,2132448386,2132448386,0
mcs30_r02_s80.A09,mcs30_r02_s80.B09,dal_dal,19,62,3352924094,1000.02,1,197987793,53.2557,1851845708,1851845708,0
mcs30_r02_s90.A00,mcs30_r02_s90.B00,dal_dal,19,77,3444844692,1000.02,1,15231385,3.89933,1861551327,1861551327,0
mcs30_r02_s90.A01,mcs30_r02_s90.B01,dal_dal,20,74,3446786804,1000.02,1,1064602072,290.342,1882123575,1882123575,0
mcs30_r02_s90.A02,mcs30_r02_s90.B02,dal_dal,19,61,3412007649,1000.02,1,377097005,102.132,1827301172,1827301172,0
mcs30_r02_s90.A03,mcs30_r02_s90.B03,dal_dal,20,81,2960178341,1000.01,1,91698749,29.2683,1609738728,1609738728,0
mcs30_r02_s90.A04,mcs30_r02_s90.B04,dal_dal,20,84,2918828074,1000.02,1,652995141,213.384,1590644066,1590644066,0
mcs30_r02_s90.A05,mcs30_r02_s90.B05,dal_dal,20,87,3434586057,1000.02,1,308857091,84.7864,1853618466,1853618466,0
mcs30_r02_s90.A06,mcs30_r02_s90.B06,dal_dal,20,63,3606724865,1000.02,1,438162994,112.919,1955696106,1955696106,0
mcs30_r02_s90.A07,mcs30_r02_s90.B07,dal_dal,20,74,3537093984,1000.02,1,145367479,37.6107,1913331096,1913331096,0
mcs30_r02_s90.A08,mcs30_r02_s90.B08,dal_dal,19,66,3089477849,1000.02,1,1967046,0.602075,1666539964,1666539964,0
mcs30_r02_s90.A09,mcs30_r02_s90.B09,dal_dal,19,77,3012086361,1000.01,1,53263857,17.4421,1625379629,1625379629,0
mcs50_b03_s10.A00,mcs50_b03_s10.B00,dal_dal,8,8,146,5.32E-05,0,20,8.39E-06,100,100,0
mcs50_b03_s10.A01,mcs50_b03_s10.B01,dal_dal,9,9,163,5.57E-05,0,143,2.70E-05,116,116,0
mcs50_b03_s10.A02,mcs50_b03_s10.B02,dal_dal,7,7,888,0.00012616,0,260,3.28E-05,572,572,0
mcs50_b03_s10.A03,mcs50_b03_s10.B03,dal_dal,7,6,383,8.52E-05,0,88,1.83E-05,267,267,0
mcs50_b03_s10.A04,mcs50_b03_s10.B04,dal_dal,8,11,243,6.56E-05,0,172,2.94E-05,162,162,0
mcs50_b03_s10.A05,mcs50_b03_s10.B05,dal_dal,7,7,616,0.000111278,0,39,1.23E-05,409,409,0
mcs50_b03_s10.A06,mcs50_b03_s10.B06,dal_dal,7,11,432,9.03E-05,0,8,6.25E-06,302,302,0
mcs50_b03_s10.A07,mcs50_b03_s10.B07,dal_dal,8,9,232,6.04E-05,0,116,2.16E-05,166,166,0
mcs50_b03_s10.A08,mcs50_b03_s10.B08,dal_dal,8,10,155,5.68E-05,0,29,1.18E-05,109,109,0
mcs50_b03_s10.A09,mcs50_b03_s10.B09,dal_dal,7,9,516,0.00010611,0,104,2.04E-05,337,337,0
mcs50_b03_s100.A00,mcs50_b03_s100.B00,dal_dal,63,67,17214405301,1000.02,1,66183,0.0097485,14345170520,14345170520,0
mcs50_b03_s100.A01,mcs50_b03_s100.B01,dal_dal,63,59,16736898091,1000.02,1,25273237,1.35976,13721444639,13721444639,0
mcs50_b03_s100.A02,mcs50_b03_s100.B02,dal_dal,68,78,8477223011,1000.02,1,8364912453,984.768,6777635483,6777635483,0
mcs50_b03_s100.A03,mcs50_b03_s100.B03,dal_dal,58,57,13628058656,1000.02,1,45030486,2.39163,11276371202,11276371202,0
mcs50_b03_s100.A04,mcs50_b03_s100.B04,dal_dal,71,79,8776584826,1000.02,1,2807078516,267.399,8055291678,8055291678,0
mcs50_b03_s100.A05,mcs50_b03_s100.B05,dal_dal,70,85,5581381350,1000.02,1,207372962,34.2381,4185102137,4185102137,0
mcs50_b03_s100.A06,mcs50_b03_s100.B06,dal_dal,71,85,6244791248,1000.02,1,924510072,121.047,4628287927,4628287927,0
mcs50_b03_s100.A07,mcs50_b03_s100.B07,dal_dal,71,75,8812876314,1000.01,1,6556557633,658.034,7347087682,7347087682,0
mcs50_b03_s100.A08,mcs50_b03_s100.B08,dal_dal,65,64,7697607038,1000.02,1,6149634671,800.431,7087365310,7087365310,0
mcs50_b03_s100.A09,mcs50_b03_s100.B09,dal_dal,72,75,6406095119,1000.01,1,5589959427,866.438,4905753311,4905753311,0
mcs50_b03_s15.A00,mcs50_b03_s15.B00,dal_dal,11,13,4748,0.000676778,0,278,5.40E-05,3100,3100,0
mcs50_b03_s15.A01,mcs50_b03_s15.B01,dal_dal,11,13,4136,0.000542298,0,83,1.91E-05,2712,2712,0
mcs50_b03_s15.A02,mcs50_b03_s15.B02,dal_dal,13,16,1869,0.000304037,0,1844,0.000271217,1270,1270,0
mcs50_b03_s15.A03,mcs50_b03_s15.B03,dal_dal,12,14,2301,0.000341665,0,1134,0.000157867,1600,1600,0
mcs50_b03_s15.A04,mcs50_b03_s15.B04,dal_dal,11,14,6509,0.000731659,0,2954,0.000308203,4478,4478,0
mcs50_b03_s15.A05,mcs50_b03_s15.B05,dal_dal,12,14,1096,0.000184768,0,265,4.44E-05,731,731,0
mcs50_b03_s15.A06,mcs50_b03_s15.B06,dal_dal,11,11,6555,0.000842238,0,29,1.04E-05,4577,4577,0
mcs50_b03_s15.A07,mcs50_b03_s15.B07,dal_dal,11,11,7331,0.000877843,0,2155,0.000230687,4992,4992,0
mcs50_b03_s15.A08,mcs50_b03_s15.B08,dal_dal,12,12,2432,0.000333971,0,2158,0.000267382,1618,1618,0
mcs50_b03_s15.A09,mcs50_b03_s15.B09,dal_dal,11,13,4863,0.000623479,0,486,6.93E-05,3316,3316,0
mcs50_b03_s20.A00,mcs50_b03_s20.B00,dal_dal,15,14,50307,0.00630632,0,7216,0.000870018,31101,31101,0
mcs50_b03_s20.A01,mcs50_b03_s20.B01,dal_dal,15,16,55354,0.00688866,0,20657,0.00235833,36984,36984,0
mcs50_b03_s20.A02,mcs50_b03_s20.B02,dal_dal,14,15,133490,0.0142171,0,3545,0.000405811,87963,87963,0
mcs50_b03_s20.A03,mcs50_b03_s20.B03,dal_dal,16,21,10287,0.00144563,0,5233,0.000712483,6925,6925,0
mcs50_b03_s20.A04,mcs50_b03_s20.B04,dal_dal,15,21,49670,0.00647011,0,4523,0.00055723,32743,32743,0
mcs50_b03_s20.A05,mcs50_b03_s20.B05,dal_dal,16,16,24708,0.00638338,0,8349,0.00204676,15798,15798,0
mcs50_b03_s20.A06,mcs50_b03_s20.B06,dal_dal,16,17,27296,0.00723753,0,23575,0.00615224,17038,17038,0
mcs50_b03_s20.A07,mcs50_b03_s20.B07,dal_dal,15,19,41430,0.00540533,0,10497,0.00135205,26742,26742,0
mcs50_b03_s20.A08,mcs50_b03_s20.B08,dal_dal,16,20,12031,0.00164492,0,4259,0.000525722,7847,7847,0
mcs50_b03_s20.A09,mcs50_b03_s20.B09,dal_dal,16,21,14821,0.00207291,0,8019,0.00106451,9669,9669,0
mcs50_b03_s25.A00,mcs50_b03_s25.B00,dal_dal,19,26,695457,0.0852883,0,296115,0.0349081,448658,448658,0
mcs50_b03_s25.A01,mcs50_b03_s25.B01,dal_dal,19,20,392991,0.0474161,0,223620,0.0256958,267563,267563,0
mcs50_b03_s25.A02,mcs50_b03_s25.B02,dal_dal,19,25,530643,0.0657604,0,22519,0.00224537,354420,354420,0
mcs50_b03_s25.A03,mcs50_b03_s25.B03,dal_dal,19,18,451433,0.0575821,0,60574,0.00758012,293828,293828,0
mcs50_b03_s25.A04,mcs50_b03_s25.B04,dal_dal,18,18,2105838,0.231141,0,666952,0.066329,1451261,1451261,0
mcs50_b03_s25.A05,mcs50_b03_s25.B05,dal_dal,19,20,337337,0.0440442,0,120652,0.0140596,231383,231383,0
mcs50_b03_s25.A06,mcs50_b03_s25.B06,dal_dal,19,20,604353,0.0740604,0,436687,0.0519067,405356,405356,0
mcs50_b03_s25.A07,mcs50_b03_s25.B07,dal_dal,19,26,268128,0.0701802,0,36729,0.00845622,174607,174607,0
mcs50_b03_s25.A08,mcs50_b03_s25.B08,dal_dal,19,20,399021,0.103088,0,71920,0.0172282,263118,263118,0
mcs50_b03_s25.A09,mcs50_b03_s25.B09,dal_dal,19,20,250093,0.0662772,0,62491,0.0156529,171414,171414,0
mcs50_b03_s30.A00,mcs50_b03_s30.B00,dal_dal,23,28,4866164,1.19439,0,3243492,0.763238,3370769,3370769,0
mcs50_b03_s30.A01,mcs50_b03_s30.B01,dal_dal,24,28,2162912,0.589333,0,2090888,0.569164,1468414,1468414,0
mcs50_b03_s30.A02,mcs50_b03_s30.B02,dal_dal,23,27,3931130,0.513769,0,2877049,0.3711,2649664,2649664,0
mcs50_b03_s30.A03,mcs50_b03_s30.B03,dal_dal,23,28,10285435,1.32219,0,4590444,0.570804,6870050,6870050,0
mcs50_b03_s30.A04,mcs50_b03_s30.B04,dal_dal,23,28,1372392,0.163424,0,644281,0.0636715,974064,974064,0
mcs50_b03_s30.A05,mcs50_b03_s30.B05,dal_dal,23,27,5832375,0.686675,0,3861597,0.439401,4129068,4129068,0
mcs50_b03_s30.A06,mcs50_b03_s30.B06,dal_dal,23,24,10462470,1.32918,0,5887396,0.727613,7030446,7030446,0
mcs50_b03_s30.A07,mcs50_b03_s30.B07,dal_dal,23,30,1478104,0.192092,0,300649,0.0367152,1001263,1001263,0
mcs50_b03_s30.A08,mcs50_b03_s30.B08,dal_dal,23,25,3111801,0.420122,0,49044,0.00616841,2019068,2019068,0
mcs50_b03_s30.A09,mcs50_b03_s30.B09,dal_dal,23,26,3863677,0.500184,0,990786,0.122471,2508183,2508183,0
mcs50_b03_s35.A00,mcs50_b03_s35.B00,dal_dal,27,35,20852341,2.65332,0,10610910,1.24874,14669430,14669430,0
mcs50_b03_s35.A01,mcs50_b03_s35.B01,dal_dal,27,30,55804102,7.52368,0,24144536,3.10666,39265653,39265653,0
mcs50_b03_s35.A02,mcs50_b03_s35.B02,dal_dal,27,33,41572385,5.65774,0,1411993,0.178437,28447829,28447829,0
mcs50_b03_s35.A03,mcs50_b03_s35.B03,dal_dal,27,34,21659773,2.91579,0,1549350,0.189742,14726903,14726903,0
mcs50_b03_s35.A04,mcs50_b03_s35.B04,dal_dal,27,37,71095103,9.30625,0,28584789,3.63761,50224300,50224300,0
mcs50_b03_s35.A05,mcs50_b03_s35.B05,dal_dal,27,31,14643107,1.95707,0,4141337,0.494345,10284815,10284815,0
mcs50_b03_s35.A06,mcs50_b03_s35.B06,dal_dal,27,30,11511262,1.5499,0,1654569,0.193509,8010015,8010015,0
mcs50_b03_s35.A07,mcs50_b03_s35.B07,dal_dal,28,36,7658224,2.10438,0,5904218,1.58673,5381297,5381297,0
mcs50_b03_s35.A08,mcs50_b03_s35.B08,dal_dal,27,33,131538891,30.2884,0,124709934,28.4261,96497967,96497967,0
mcs50_b03_s35.A09,mcs50_b03_s35.B09,dal_dal,27,32,96482943,24.7371,0,28589719,6.9759,66593372,66593372,0
mcs50_b03_s40.A00,mcs50_b03_s40.B00,dal_dal,31,26,374764104,105.048,0,252563834,69.7599,257397594,257397594,0
mcs50_b03_s40.A01,mcs50_b03_s40.B01,dal_dal,32,34,367020367,50.9473,0,334655568,46.1448,249380978,249380978,0
mcs50_b03_s40.A02,mcs50_b03_s40.B02,dal_dal,31,38,821654879,111.346,0,679587144,91.9069,551183799,551183799,0
mcs50_b03_s40.A03,mcs50_b03_s40.B03,dal_dal,31,37,105149343,15.0206,0,18228048,2.40021,75602071,75602071,0
mcs50_b03_s40.A04,mcs50_b03_s40.B04,dal_dal,31,37,301813075,42.1513,0,179832869,24.7075,208794446,208794446,0
mcs50_b03_s40.A05,mcs50_b03_s40.B05,dal_dal,32,35,36906920,5.09676,0,17992912,2.36622,24992599,24992599,0
mcs50_b03_s40.A06,mcs50_b03_s40.B06,dal_dal,31,36,164957439,23.3109,0,6974359,0.929405,114205408,114205408,0
mcs50_b03_s40.A07,mcs50_b03_s40.B07,dal_dal,31,35,413201987,118.092,0,17239989,4.69551,282378776,282378776,0
mcs50_b03_s40.A08,mcs50_b03_s40.B08,dal_dal,31,39,541850358,150.128,0,337620487,91.9789,373310737,373310737,0
mcs50_b03_s40.A09,mcs50_b03_s40.B09,dal_dal,31,28,374682592,49.6759,0,279796689,36.8128,253873594,253873594,0
mcs50_b03_s50.A00,mcs50_b03_s50.B00,dal_dal,38,42,6946461828,1000.02,1,132967440,17.0933,4882959644,4882959644,0
mcs50_b03_s50.A01,mcs50_b03_s50.B01,dal_dal,38,40,7166595512,1000.01,1,511393335,67.1453,4960374214,4960374214,0
mcs50_b03_s50.A02,mcs50_b03_s50.B02,dal_dal,40,49,5678289929,845.888,0,5188658201,770.046,3985498458,3985498458,0
mcs50_b03_s50.A03,mcs50_b03_s50.B03,dal_dal,38,41,7301887317,1000.01,1,3844789107,509.524,5124578335,5124578335,0
mcs50_b03_s50.A04,mcs50_b03_s50.B04,dal_dal,39,48,6862581574,1000.02,1,622251261,43.5494,5019688147,5019688147,0
mcs50_b03_s50.A05,mcs50_b03_s50.B05,dal_dal,37,45,7253831099,1000.02,1,1245886751,163.555,5078163364,5078163364,0
mcs50_b03_s50.A06,mcs50_b03_s50.B06,dal_dal,38,45,6982407125,1000.02,1,115385951,15.2512,4860138758,4860138758,0
mcs50_b03_s50.A07,mcs50_b03_s50.B07,dal_dal,38,42,7141502436,1000.02,1,3464637,0.457341,4810004037,4810004037,0
mcs50_b03_s50.A08,mcs50_b03_s50.B08,dal_dal,38,44,7067014342,1000.02,1,2315484004,314.381,4875905419,4875905419,0
mcs50_b03_s50.A09,mcs50_b03_s50.B09,dal_dal,38,43,7165043827,1000.01,1,4954748142,678.125,4909429751,4909429751,0
mcs50_b03_s60.A00,mcs50_b03_s60.B00,dal_dal,45,50,3497949182,1000.01,1,1630645,0.372833,2488398282,2488398282,0
mcs50_b03_s60.A01,mcs50_b03_s60.B01,dal_dal,46,56,3249588833,1000.02,1,689698055,198.203,2356834647,2356834647,0
mcs50_b03_s60.A02,mcs50_b03_s60.B02,dal_dal,44,44,7028400836,1000.01,1,1244213934,172.441,4968837386,4968837386,0
mcs50_b03_s60.A03,mcs50_b03_s60.B03,dal_dal,45,54,7956288351,1000.03,1,2899588993,246.556,5971954629,5971954629,0
mcs50_b03_s60.A04,mcs50_b03_s60.B04,dal_dal,44,50,6750464025,1000.01,1,898000351,125.762,4826821924,4826821924,0
mcs50_b03_s60.A05,mcs50_b03_s60.B05,dal_dal,45,47,6619944844,1000.01,1,1723592622,254.204,4584233371,4584233371,0
mcs50_b03_s60.A06,mcs50_b03_s60.B06,dal_dal,45,48,6594427888,1000.02,1,9015893,1.30622,4894281134,4894281134,0
mcs50_b03_s60.A07,mcs50_b03_s60.B07,dal_dal,42,44,7560693467,1000.02,1,82127249,8.95916,5324160374,5324160374,0
mcs50_b03_s60.A08,mcs50_b03_s60.B08,dal_dal,45,52,6840912554,1000.02,1,1497469792,213.434,4862905627,4862905627,0
mcs50_b03_s60.A09,mcs50_b03_s60.B09,dal_dal,45,50,6862810547,1000.02,1,441828611,66.0135,4833391283,4833391283,0
mcs50_b03_s70.A00,mcs50_b03_s70.B00,dal_dal,50,58,6560797441,1000.02,1,252567190,36.3884,4821201707,4821201707,0
mcs50_b03_s70.A01,mcs50_b03_s70.B01,dal_dal,50,47,7148582248,1000.02,1,3811588838,522.262,5072160547,5072160547,0
mcs50_b03_s70.A02,mcs50_b03_s70.B02,dal_dal,49,49,7048225646,1000.02,1,4800059198,651.458,5280208789,5280208789,0
mcs50_b03_s70.A03,mcs50_b03_s70.B03,dal_dal,48,53,6930640096,1000.02,1,129343719,16.1425,5039456704,5039456704,0
mcs50_b03_s70.A04,mcs50_b03_s70.B04,dal_dal,46,53,13289759725,1000.02,1,2486286572,200.845,11179745688,11179745688,0
mcs50_b03_s70.A05,mcs50_b03_s70.B05,dal_dal,49,57,6811548310,1000.02,1,872657308,116.813,4851464656,4851464656,0
mcs50_b03_s70.A06,mcs50_b03_s70.B06,dal_dal,53,56,4191547460,1000.01,1,1845423233,308.232,3166818334,3166818334,0
mcs50_b03_s70.A07,mcs50_b03_s70.B07,dal_dal,50,55,7010460451,1000.01,1,4137406413,571.457,5072279022,5072279022,0
mcs50_b03_s70.A08,mcs50_b03_s70.B08,dal_dal,43,40,20490688050,1000.02,1,425800413,18.9768,16538828700,16538828700,0
mcs50_b03_s70.A09,mcs50_b03_s70.B09,dal_dal,52,65,3561494691,1000.01,1,685395615,183.54,2595252962,2595252962,0
mcs50_b03_s80.A00,mcs50_b03_s80.B00,dal_dal,56,62,6497122678,1000.02,1,223414182,31.1644,4738788337,4738788337,0
mcs50_b03_s80.A01,mcs50_b03_s80.B01,dal_dal,53,55,8534592738,1000.02,1,4325555370,406.883,7275336280,7275336280,0
mcs50_b03_s80.A02,mcs50_b03_s80.B02,dal_dal,51,53,7847192331,1000.01,1,421933666,34.2052,6940362326,6940362326,0
mcs50_b03_s80.A03,mcs50_b03_s80.B03,dal_dal,57,64,5774027026,1000.02,1,2312840022,391.874,4127556212,4127556212,0
mcs50_b03_s80.A04,mcs50_b03_s80.B04,dal_dal,51,58,13182918767,1000.01,1,821369815,52.4128,11789717918,11789717918,0
mcs50_b03_s80.A05,mcs50_b03_s80.B05,dal_dal,47,48,15300052470,1000.02,1,360,8.47E-05,12879848981,12879848981,0
mcs50_b03_s80.A06,mcs50_b03_s80.B06,dal_dal,56,65,10753687450,1000.02,1,9289418416,782.78,8858018509,8858018509,0
mcs50_b03_s80.A07,mcs50_b03_s80.B07,dal_dal,60,66,6902806960,1000.02,1,3736543782,497.47,5034301821,5034301821,0
mcs50_b03_s80.A08,mcs50_b03_s80.B08,dal_dal,52,54,13125167018,1000.02,1,9397970,0.657562,11505635785,11505635785,0
mcs50_b03_s80.A09,mcs50_b03_s80.B09,dal_dal,58,63,6696738847,1000.01,1,5571686803,822.371,4848766761,4848766761,0
mcs50_b03_s90.A00,mcs50_b03_s90.B00,dal_dal,60,76,19233420960,1000.02,1,871801784,51.0223,14814868681,14814868681,0
mcs50_b03_s90.A01,mcs50_b03_s90.B01,dal_dal,64,74,3258523500,1000.02,1,575994050,152.172,2844862220,2844862220,0
mcs50_b03_s90.A02,mcs50_b03_s90.B02,dal_dal,64,71,11845303868,1000.02,1,823742301,73.2694,10759855104,10759855104,0
mcs50_b03_s90.A03,mcs50_b03_s90.B03,dal_dal,64,72,6366078625,1000.02,1,2658527336,408.65,4819959816,4819959816,0
mcs50_b03_s90.A04,mcs50_b03_s90.B04,dal_dal,62,63,6906447425,1000.02,1,5226130761,768.393,5958834561,5958834561,0
mcs50_b03_s90.A05,mcs50_b03_s90.B05,dal_dal,64,67,6995608502,1000.02,1,1202924489,170.586,5244868196,5244868196,0
mcs50_b03_s90.A06,mcs50_b03_s90.B06,dal_dal,54,57,18231043000,1000.02,1,56768,0.00313381,15115686589,15115686589,0
mcs50_b03_s90.A07,mcs50_b03_s90.B07,dal_dal,53,61,16689306279,1000.02,1,248,7.37E-05,14165270559,14165270559,0
mcs50_b03_s90.A08,mcs50_b03_s90.B08,dal_dal,64,78,7918697332,1000.02,1,6669569866,833.082,5913773682,5913773682,0
mcs50_b03_s90.A09,mcs50_b03_s90.B09,dal_dal,65,72,8241620108,1000.02,1,5486846883,561.703,6241395418,6241395418,0
mcs50_b03m_s10.A00,mcs50_b03m_s10.B00,dal_dal,8,8,156,5.50E-05,0,35,1.15E-05,114,114,0
mcs50_b03m_s10.A01,mcs50_b03m_s10.B01,dal_dal,8,12,172,5.98E-05,0,48,1.47E-05,117,117,0
mcs50_b03m_s10.A02,mcs50_b03m_s10.B02,dal_dal,8,9,221,5.98E-05,0,99,2.01E-05,141,141,0
mcs50_b03m_s10.A03,mcs50_b03m_s10.B03,dal_dal,7,8,717,0.00011272,0,27,8.89E-06,479,479,0
mcs50_b03m_s10.A04,mcs50_b03m_s10.B04,dal_dal,7,6,529,9.11E-05,0,107,2.03E-05,348,348,0
mcs50_b03m_s10.A05,mcs50_b03m_s10.B05,dal_dal,7,8,430,8.53E-05,0,40,1.35E-05,296,296,0
mcs50_b03m_s10.A06,mcs50_b03m_s10.B06,dal_dal,8,7,549,9.57E-05,0,530,6.48E-05,355,355,0
mcs50_b03m_s10.A07,mcs50_b03m_s10.B07,dal_dal,8,9,308,7.41E-05,0,223,3.46E-05,200,200,0
mcs50_b03m_s10.A08,mcs50_b03m_s10.B08,dal_dal,7,7,724,0.000107162,0,38,9.58E-06,484,484,0
mcs50_b03m_s10.A09,mcs50_b03m_s10.B09,dal_dal,8,8,231,6.44E-05,0,126,2.37E-05,157,157,0
mcs50_b03m_s100.A00,mcs50_b03m_s100.B00,dal_dal,61,66,15563766055,1000.02,1,4847419,0.315859,12345559507,12345559507,0
mcs50_b03m_s100.A01,mcs50_b03m_s100.B01,dal_dal,68,81,6719476142,1000.02,1,2299447864,301,5776160345,5776160345,0
mcs50_b03m_s100.A02,mcs50_b03m_s100.B02,dal_dal,59,56,16783398653,1000.02,1,2592687525,135.03,14229227936,14229227936,0
mcs50_b03m_s100.A03,mcs50_b03m_s100.B03,dal_dal,70,80,6506367069,1000.02,1,1453304830,211.711,4889441759,4889441759,0
mcs50_b03m_s100.A04,mcs50_b03m_s100.B04,dal_dal,68,68,8761235579,1000.02,1,5229015,0.535058,7146856971,7146856971,0
mcs50_b03m_s100.A05,mcs50_b03m_s100.B05,dal_dal,68,78,15086078315,1000.01,1,3169517161,158.384,13431101935,13431101935,0
mcs50_b03m_s100.A06,mcs50_b03m_s100.B06,dal_dal,57,62,9422488803,1000.02,1,176,7.05E-05,7994236031,7994236031,0
mcs50_b03m_s100.A07,mcs50_b03m_s100.B07,dal_dal,63,72,19100899259,1000.01,1,95828,0.00537991,15917773892,15917773892,0
mcs50_b03m_s100.A08,mcs50_b03m_s100.B08,dal_dal,70,79,8902836654,1000.02,1,4628130039,323.837,7459265406,7459265406,0
mcs50_b03m_s100.A09,mcs50_b03m_s100.B09,dal_dal,67,73,11035710060,1000.02,1,1729280052,105.371,9339130628,9339130628,0
mcs50_b03m_s15.A00,mcs50_b03m_s15.B00,dal_dal,11,11,5247,0.00080705,0,186,3.45E-05,3486,3486,0
mcs50_b03m_s15.A01,mcs50_b03m_s15.B01,dal_dal,12,14,3987,0.000486132,0,1928,0.000214283,2641,2641,0
mcs50_b03m_s15.A02,mcs50_b03m_s15.B02,dal_dal,11,10,8887,0.00116559,0,809,0.00010575,6143,6143,0
mcs50_b03m_s15.A03,mcs50_b03m_s15.B03,dal_dal,12,14,1323,0.000212973,0,748,0.000101554,928,928,0
mcs50_b03m_s15.A04,mcs50_b03m_s15.B04,dal_dal,12,11,5972,0.000693075,0,5283,0.000586293,3750,3750,0
mcs50_b03m_s15.A05,mcs50_b03m_s15.B05,dal_dal,12,13,1921,0.000289417,0,1385,0.000187262,1326,1326,0
mcs50_b03m_s15.A06,mcs50_b03m_s15.B06,dal_dal,11,9,8645,0.00117829,0,24,8.69E-06,6071,6071,0
mcs50_b03m_s15.A07,mcs50_b03m_s15.B07,dal_dal,12,15,675,0.000134753,0,56,1.59E-05,474,474,0
mcs50_b03m_s15.A08,mcs50_b03m_s15.B08,dal_dal,11,11,6439,0.000823245,0,388,5.24E-05,4094,4094,0
mcs50_b03m_s15.A09,mcs50_b03m_s15.B09,dal_dal,11,11,4297,0.000578773,0,578,8.22E-05,2929,2929,0
mcs50_b03m_s20.A00,mcs50_b03m_s20.B00,dal_dal,16,15,20639,0.00256111,0,19685,0.00240728,15081,15081,0
mcs50_b03m_s20.A01,mcs50_b03m_s20.B01,dal_dal,16,17,13523,0.00178183,0,10588,0.00132238,8828,8828,0
mcs50_b03m_s20.A02,mcs50_b03m_s20.B02,dal_dal,15,21,32122,0.00488743,0,630,9.42E-05,21752,21752,0
mcs50_b03m_s20.A03,mcs50_b03m_s20.B03,dal_dal,15,16,35268,0.00438916,0,11285,0.00133597,23418,23418,0
mcs50_b03m_s20.A04,mcs50_b03m_s20.B04,dal_dal,15,19,114862,0.0135398,0,29014,0.00329036,74341,74341,0
mcs50_b03m_s20.A05,mcs50_b03m_s20.B05,dal_dal,16,20,5699,0.00083805,0,366,4.80E-05,4022,4022,0
mcs50_b03m_s20.A06,mcs50_b03m_s20.B06,dal_dal,15,15,34531,0.00449784,0,2362,0.000275688,23504,23504,0
mcs50_b03m_s20.A07,mcs50_b03m_s20.B07,dal_dal,15,16,39186,0.00494244,0,3824,0.000435707,27390,27390,0
mcs50_b03m_s20.A08,mcs50_b03m_s20.B08,dal_dal,16,17,36027,0.00464902,0,35562,0.00454737,22952,22952,0
mcs50_b03m_s20.A09,mcs50_b03m_s20.B09,dal_dal,15,12,1066582,0.0695152,0,1055643,0.0682375,797145,797145,0
mcs50_b03m_s25.A00,mcs50_b03m_s25.B00,dal_dal,20,27,96398,0.0136894,0,26702,0.00352979,64891,64891,0
mcs50_b03m_s25.A01,mcs50_b03m_s25.B01,dal_dal,19,20,547340,0.0784845,0,51500,0.00686569,361521,361521,0
mcs50_b03m_s25.A02,mcs50_b03m_s25.B02,dal_dal,19,18,782758,0.0997042,0,30582,0.00376218,513740,513740,0
mcs50_b03m_s25.A03,mcs50_b03m_s25.B03,dal_dal,19,19,214401,0.0273249,0,11861,0.00136191,140069,140069,0
mcs50_b03m_s25.A04,mcs50_b03m_s25.B04,dal_dal,19,24,556447,0.0659858,0,204168,0.0222603,365846,365846,0
mcs50_b03m_s25.A05,mcs50_b03m_s25.B05,dal_dal,20,20,140003,0.0179897,0,135194,0.0172841,98319,98319,0
mcs50_b03m_s25.A06,mcs50_b03m_s25.B06,dal_dal,19,21,476552,0.0582053,0,181329,0.0195572,330970,330970,0
mcs50_b03m_s25.A07,mcs50_b03m_s25.B07,dal_dal,20,27,144328,0.0187842,0,115925,0.0147204,96150,96150,0
mcs50_b03m_s25.A08,mcs50_b03m_s25.B08,dal_dal,20,23,54960,0.00705018,0,24684,0.00301186,35515,35515,0
mcs50_b03m_s25.A09,mcs50_b03m_s25.B09,dal_dal,20,22,100257,0.0142159,0,45702,0.00608043,64490,64490,0
mcs50_b03m_s30.A00,mcs50_b03m_s30.B00,dal_dal,24,28,3161742,0.449239,0,2845379,0.401043,2123228,2123228,0
mcs50_b03m_s30.A01,mcs50_b03m_s30.B01,dal_dal,23,31,3463118,0.446547,0,270493,0.0315199,2417357,2417357,0
mcs50_b03m_s30.A02,mcs50_b03m_s30.B02,dal_dal,23,27,3125198,0.400412,0,1676692,0.206417,2115532,2115532,0
mcs50_b03m_s30.A03,mcs50_b03m_s30.B03,dal_dal,23,24,2624161,0.329985,0,71972,0.00823582,1763856,1763856,0
mcs50_b03m_s30.A04,mcs50_b03m_s30.B04,dal_dal,23,26,10505435,1.33171,0,6971168,0.859209,7125236,7125236,0
mcs50_b03m_s30.A05,mcs50_b03m_s30.B05,dal_dal,23,23,13048120,1.59342,0,12854427,1.56728,9247199,9247199,0
mcs50_b03m_s30.A06,mcs50_b03m_s30.B06,dal_dal,23,26,4898539,0.588222,0,296959,0.0288815,3476951,3476951,0
mcs50_b03m_s30.A07,mcs50_b03m_s30.B07,dal_dal,23,23,2972790,0.381862,0,1529671,0.190536,2054841,2054841,0
mcs50_b03m_s30.A08,mcs50_b03m_s30.B08,dal_dal,23,25,2147506,0.273698,0,236576,0.0238837,1510608,1510608,0
mcs50_b03m_s30.A09,mcs50_b03m_s30.B09,dal_dal,23,23,1082361,0.147648,0,119479,0.0144764,752234,752234,0
mcs50_b03m_s35.A00,mcs50_b03m_s35.B00,dal_dal,28,34,6233102,0.941927,0,3053637,0.417939,4216932,4216932,0
mcs50_b03m_s35.A01,mcs50_b03m_s35.B01,dal_dal,27,35,82726858,11.7806,0,793872,0.102979,56846019,56846019,0
mcs50_b03m_s35.A02,mcs50_b03m_s35.B02,dal_dal,27,25,36787482,4.72107,0,4564397,0.513793,25253253,25253253,0
mcs50_b03m_s35.A03,mcs50_b03m_s35.B03,dal_dal,27,35,28259038,3.70283,0,4149635,0.481201,19727430,19727430,0
mcs50_b03m_s35.A04,mcs50_b03m_s35.B04,dal_dal,27,29,39122052,4.74436,0,23801526,2.72262,27257307,27257307,0
mcs50_b03m_s35.A05,mcs50_b03m_s35.B05,dal_dal,28,35,8187397,1.10963,0,6852464,0.916958,5592979,5592979,0
mcs50_b03m_s35.A06,mcs50_b03m_s35.B06,dal_dal,28,38,5777291,0.787057,0,3622488,0.47978,3880438,3880438,0
mcs50_b03m_s35.A07,mcs50_b03m_s35.B07,dal_dal,27,29,201873587,25.6173,0,189244065,23.901,138939086,138939086,0
mcs50_b03m_s35.A08,mcs50_b03m_s35.B08,dal_dal,27,28,32566401,4.35517,0,3459139,0.434297,21959282,21959282,0
mcs50_b03m_s35.A09,mcs50_b03m_s35.B09,dal_dal,27,37,23028762,2.80028,0,6097021,0.570348,16491656,16491656,0
mcs50_b03m_s40.A00,mcs50_b03m_s40.B00,dal_dal,31,36,263534488,34.8747,0,231769358,30.4099,188574477,188574477,0
mcs50_b03m_s40.A01,mcs50_b03m_s40.B01,dal_dal,31,38,460683778,62.8877,0,166436343,22.2174,314830092,314830092,0
mcs50_b03m_s40.A02,mcs50_b03m_s40.B02,dal_dal,31,39,554341878,75.5808,0,405402763,54.5933,376136440,376136440,0
mcs50_b03m_s40.A03,mcs50_b03m_s40.B03,dal_dal,31,38,763141226,104.224,0,17951354,2.29582,521321109,521321109,0
mcs50_b03m_s40.A04,mcs50_b03m_s40.B04,dal_dal,31,35,165043941,25.129,0,134369011,20.2651,116699653,116699653,0
mcs50_b03m_s40.A05,mcs50_b03m_s40.B05,dal_dal,31,40,149635148,20.974,0,10286901,1.31767,102878111,102878111,0
mcs50_b03m_s40.A06,mcs50_b03m_s40.B06,dal_dal,32,36,69956679,10.0153,0,66499107,9.52889,50806561,50806561,0
mcs50_b03m_s40.A07,mcs50_b03m_s40.B07,dal_dal,30,26,2167745689,290.226,0,3091033,0.271208,1539872526,1539872526,0
mcs50_b03m_s40.A08,mcs50_b03m_s40.B08,dal_dal,31,38,342522055,46.4637,0,52351300,6.5989,237543190,237543190,0
mcs50_b03m_s40.A09,mcs50_b03m_s40.B09,dal_dal,31,37,213813200,29.6618,0,1257250,0.165772,146235436,146235436,0
mcs50_b03m_s50.A00,mcs50_b03m_s50.B00,dal_dal,36,41,7285712206,1000.02,1,628063739,83.6866,5151151206,5151151206,0
mcs50_b03m_s50.A01,mcs50_b03m_s50.B01,dal_dal,40,44,6327461161,954.146,0,5785566640,868.958,4483440937,4483440937,0
mcs50_b03m_s50.A02,mcs50_b03m_s50.B02,dal_dal,39,49,5906198605,1000.02,1,118716000,18.5116,4040907347,4040907347,0
mcs50_b03m_s50.A03,mcs50_b03m_s50.B03,dal_dal,39,46,5523975970,820.798,0,276011930,36.5496,3898343998,3898343998,0
mcs50_b03m_s50.A04,mcs50_b03m_s50.B04,dal_dal,39,44,6824708375,1000.01,1,1397791727,195.137,4765358330,4765358330,0
mcs50_b03m_s50.A05,mcs50_b03m_s50.B05,dal_dal,39,42,6850739247,1000.02,1,2216924523,314.802,4739450427,4739450427,0
mcs50_b03m_s50.A06,mcs50_b03m_s50.B06,dal_dal,39,46,6800041604,1000.01,1,573213286,80.5189,4764312763,4764312763,0
mcs50_b03m_s50.A07,mcs50_b03m_s50.B07,dal_dal,38,46,6236107649,1000.02,1,2028299410,314.032,4278810453,4278810453,0
mcs50_b03m_s50.A08,mcs50_b03m_s50.B08,dal_dal,39,48,6316421042,1000.02,1,3201134587,496.927,4414004092,4414004092,0
mcs50_b03m_s50.A09,mcs50_b03m_s50.B09,dal_dal,40,47,6078442286,886.598,0,5218790187,754.717,4284889433,4284889433,0
mcs50_b03m_s60.A00,mcs50_b03m_s60.B00,dal_dal,44,48,7258992628,1000.02,1,6629096237,906.193,5230489219,5230489219,0
mcs50_b03m_s60.A01,mcs50_b03m_s60.B01,dal_dal,45,53,7036437272,1000.01,1,5310361507,746.707,5035368061,5035368061,0
mcs50_b03m_s60.A02,mcs50_b03m_s60.B02,dal_dal,45,60,6949778958,1000.01,1,2100339381,298.164,4831565075,4831565075,0
mcs50_b03m_s60.A03,mcs50_b03m_s60.B03,dal_dal,41,47,22432542124,1000.02,1,19758547978,867.619,16686708244,16686708244,0
mcs50_b03m_s60.A04,mcs50_b03m_s60.B04,dal_dal,44,51,7306404040,1000.01,1,256993627,26.0842,5372202163,5372202163,0
mcs50_b03m_s60.A05,mcs50_b03m_s60.B05,dal_dal,43,53,10551832557,1000.02,1,4234261704,333.524,9259223691,9259223691,0
mcs50_b03m_s60.A06,mcs50_b03m_s60.B06,dal_dal,44,53,7003029158,1000.01,1,1622303919,221.32,4976549705,4976549705,0
mcs50_b03m_s60.A07,mcs50_b03m_s60.B07,dal_dal,47,50,6369413209,1000.02,1,635207382,94.1141,4431769380,4431769380,0
mcs50_b03m_s60.A08,mcs50_b03m_s60.B08,dal_dal,45,54,7028652756,1000.01,1,2862361955,391.863,5016323627,5016323627,0
mcs50_b03m_s60.A09,mcs50_b03m_s60.B09,dal_dal,47,62,6555259153,1000.01,1,4264530592,639.667,4858546570,4858546570,0
mcs50_b03m_s70.A00,mcs50_b03m_s70.B00,dal_dal,50,54,6840994836,1000.02,1,1164538548,159.815,5031259082,5031259082,0
mcs50_b03m_s70.A01,mcs50_b03m_s70.B01,dal_dal,43,44,19506958114,1000.02,1,2859021,0.133941,15799021865,15799021865,0
mcs50_b03m_s70.A02,mcs50_b03m_s70.B02,dal_dal,49,51,6849498293,1000.02,1,51318281,5.75245,4895803981,4895803981,0
mcs50_b03m_s70.A03,mcs50_b03m_s70.B03,dal_dal,51,60,7434051375,1000.02,1,1642942026,195.647,5487316357,5487316357,0
mcs50_b03m_s70.A04,mcs50_b03m_s70.B04,dal_dal,53,65,6444905584,1000.02,1,5690722160,878.517,4751165875,4751165875,0
mcs50_b03m_s70.A05,mcs50_b03m_s70.B05,dal_dal,49,58,8649175379,1000.02,1,3402669224,381.369,7514766984,7514766984,0
mcs50_b03m_s70.A06,mcs50_b03m_s70.B06,dal_dal,49,54,7112844272,1000.02,1,487920816,56.8233,5114764971,5114764971,0
mcs50_b03m_s70.A07,mcs50_b03m_s70.B07,dal_dal,48,57,13881872131,1000.01,1,13268767911,931.97,11370776758,11370776758,0
mcs50_b03m_s70.A08,mcs50_b03m_s70.B08,dal_dal,50,61,8326044520,1000.02,1,8101549934,966.5,7584214088,7584214088,0
mcs50_b03m_s70.A09,mcs50_b03m_s70.B09,dal_dal,50,57,9352946400,1000.02,1,4725902856,331.769,8220027669,8220027669,0
mcs50_b03m_s80.A00,mcs50_b03m_s80.B00,dal_dal,58,67,6888174365,1000.01,1,12809877,1.5522,6038950836,6038950836,0
mcs50_b03m_s80.A01,mcs50_b03m_s80.B01,dal_dal,54,69,11769939264,1000.02,1,3987718867,314.669,10226236924,10226236924,0
mcs50_b03m_s80.A02,mcs50_b03m_s80.B02,dal_dal,49,62,21683765186,1000.01,1,54,4.48E-05,16344265998,16344265998,0
mcs50_b03m_s80.A03,mcs50_b03m_s80.B03,dal_dal,49,53,12910287553,1000.01,1,1456192895,87.9571,11278862214,11278862214,0
mcs50_b03m_s80.A04,mcs50_b03m_s80.B04,dal_dal,54,56,9932620798,1000.02,1,5696876875,459.529,8040807316,8040807316,0
mcs50_b03m_s80.A05,mcs50_b03m_s80.B05,dal_dal,59,69,6729163845,1000.02,1,1387280723,196.499,4902586073,4902586073,0
mcs50_b03m_s80.A06,mcs50_b03m_s80.B06,dal_dal,57,59,6927137340,1000.02,1,3859854715,552.011,5080973851,5080973851,0
mcs50_b03m_s80.A07,mcs50_b03m_s80.B07,dal_dal,58,70,6321018863,1000,1,1919081371,287.809,4477870066,4477870066,0
mcs50_b03m_s80.A08,mcs50_b03m_s80.B08,dal_dal,52,60,14013354535,1000.01,1,85128,0.00635881,11273220828,11273220828,0
mcs50_b03m_s80.A09,mcs50_b03m_s80.B09,dal_dal,57,62,5818155997,1000.02,1,2467596775,415.15,4299733063,4299733063,0
mcs50_b03m_s90.A00,mcs50_b03m_s90.B00,dal_dal,55,59,15665945983,1000.01,1,11132833428,666.735,13825857474,13825857474,0
mcs50_b03m_s90.A01,mcs50_b03m_s90.B01,dal_dal,60,67,12287224413,1000.01,1,2950925342,269.046,10750575701,10750575701,0
mcs50_b03m_s90.A02,mcs50_b03m_s90.B02,dal_dal,67,74,6337237525,1000.02,1,3201319508,497.889,4574494337,4574494337,0
mcs50_b03m_s90.A03,mcs50_b03m_s90.B03,dal_dal,60,71,19032417277,1000.02,1,12691286,0.614778,15603862562,15603862562,0
mcs50_b03m_s90.A04,mcs50_b03m_s90.B04,dal_dal,64,70,7797746407,1000.02,1,4308157274,618.493,6065952143,6065952143,0
mcs50_b03m_s90.A05,mcs50_b03m_s90.B05,dal_dal,53,60,20039187301,1000.02,1,162,6.03E-05,16257019631,16257019631,0
mcs50_b03m_s90.A06,mcs50_b03m_s90.B06,dal_dal,58,58,15698273263,1000.01,1,11344571810,647.82,12675720255,12675720255,0
mcs50_b03m_s90.A07,mcs50_b03m_s90.B07,dal_dal,57,57,9037925119,1000.01,1,5506109984,563.711,7882515560,7882515560,0
mcs50_b03m_s90.A08,mcs50_b03m_s90.B08,dal_dal,59,70,11147995368,1000.02,1,5961440,0.286199,9823381106,9823381106,0
mcs50_b03m_s90.A09,mcs50_b03m_s90.B09,dal_dal,61,70,12866828292,1000.02,1,2957987648,291.036,10743487537,10743487537,0
mcs50_b06_s100.A00,mcs50_b06_s100.B00,dal_dal,53,102,6765634333,1000.01,1,15702662,1.81368,4492266109,4492266109,0
mcs50_b06_s100.A01,mcs50_b06_s100.B01,dal_dal,52,84,6623366180,1000.01,1,70199328,9.08825,4869466482,4869466482,0
mcs50_b06_s100.A02,mcs50_b06_s100.B02,dal_dal,55,98,6269773633,1000.02,1,2868373939,434.615,4417950084,4417950084,0
mcs50_b06_s100.A03,mcs50_b06_s100.B03,dal_dal,53,97,6224101684,1000.01,1,1114384183,162.012,4194564037,4194564037,0
mcs50_b06_s100.A04,mcs50_b06_s100.B04,dal_dal,54,84,6793710076,1000.02,1,5355349756,785.965,4900102535,4900102535,0
mcs50_b06_s100.A05,mcs50_b06_s100.B05,dal_dal,52,78,6368550492,1000.01,1,1178381633,180.708,4105593678,4105593678,0
mcs50_b06_s100.A06,mcs50_b06_s100.B06,dal_dal,57,117,6082475273,1000.02,1,3037208,0.301637,4602839061,4602839061,0
mcs50_b06_s100.A07,mcs50_b06_s100.B07,dal_dal,50,75,7104751666,1000.02,1,7856353,1.02688,4567642817,4567642817,0
mcs50_b06_s100.A08,mcs50_b06_s100.B08,dal_dal,55,98,6720810083,1000.02,1,4057274054,576.159,4548762682,4548762682,0
mcs50_b06_s100.A09,mcs50_b06_s100.B09,dal_dal,54,96,6482200368,1000.02,1,2923117959,431.692,4567543462,4567543462,0
mcs50_b06_s15.A00,mcs50_b06_s15.B00,dal_dal,10,22,5353,0.000891728,0,152,3.57E-05,3559,3559,0
mcs50_b06_s15.A01,mcs50_b06_s15.B01,dal_dal,11,20,2301,0.000412732,0,787,0.00013917,1525,1525,0
mcs50_b06_s15.A02,mcs50_b06_s15.B02,dal_dal,10,19,3752,0.000643129,0,112,2.67E-05,2713,2713,0
mcs50_b06_s15.A03,mcs50_b06_s15.B03,dal_dal,10,21,5881,0.000856619,0,2122,0.000265891,4065,4065,0
mcs50_b06_s15.A04,mcs50_b06_s15.B04,dal_dal,11,21,3256,0.000564909,0,2182,0.000355865,2250,2250,0
mcs50_b06_s15.A05,mcs50_b06_s15.B05,dal_dal,11,25,3632,0.000610288,0,1600,0.000250346,2454,2454,0
mcs50_b06_s15.A06,mcs50_b06_s15.B06,dal_dal,11,22,3332,0.000553343,0,2037,0.000308885,2217,2217,0
mcs50_b06_s15.A07,mcs50_b06_s15.B07,dal_dal,11,25,1731,0.000303747,0,476,7.37E-05,1155,1155,0
mcs50_b06_s15.A08,mcs50_b06_s15.B08,dal_dal,11,29,1740,0.000324438,0,61,1.86E-05,1200,1200,0
mcs50_b06_s15.A09,mcs50_b06_s15.B09,dal_dal,11,20,2494,0.000441093,0,807,0.000138147,1719,1719,0
mcs50_b06_s20.A00,mcs50_b06_s20.B00,dal_dal,14,29,52300,0.0087163,0,37219,0.00594241,34859,34859,0
mcs50_b06_s20.A01,mcs50_b06_s20.B01,dal_dal,13,25,91533,0.01569,0,26536,0.00428076,57694,57694,0
mcs50_b06_s20.A02,mcs50_b06_s20.B02,dal_dal,13,26,81217,0.0137981,0,7679,0.00123814,50332,50332,0
mcs50_b06_s20.A03,mcs50_b06_s20.B03,dal_dal,13,25,47803,0.00814754,0,2128,0.000337708,30639,30639,0
mcs50_b06_s20.A04,mcs50_b06_s20.B04,dal_dal,13,26,72261,0.0109653,0,20415,0.00274255,48369,48369,0
mcs50_b06_s20.A05,mcs50_b06_s20.B05,dal_dal,14,27,31309,0.00540431,0,17439,0.00290394,20350,20350,0
mcs50_b06_s20.A06,mcs50_b06_s20.B06,dal_dal,13,21,63803,0.0114227,0,5219,0.000826272,41136,41136,0
mcs50_b06_s20.A07,mcs50_b06_s20.B07,dal_dal,13,28,69255,0.0121228,0,8575,0.00134691,44275,44275,0
mcs50_b06_s20.A08,mcs50_b06_s20.B08,dal_dal,13,24,71056,0.012448,0,7972,0.00120236,45528,45528,0
mcs50_b06_s20.A09,mcs50_b06_s20.B09,dal_dal,13,24,71569,0.0123262,0,15005,0.00241209,45622,45622,0
mcs50_b06_s25.A00,mcs50_b06_s25.B00,dal_dal,16,30,1393711,0.231289,0,911305,0.149416,892737,892737,0
mcs50_b06_s25.A01,mcs50_b06_s25.B01,dal_dal,16,27,799046,0.137776,0,157629,0.02595,512034,512034,0
mcs50_b06_s25.A02,mcs50_b06_s25.B02,dal_dal,16,35,832835,0.139298,0,426671,0.0704213,529331,529331,0
mcs50_b06_s25.A03,mcs50_b06_s25.B03,dal_dal,16,33,3692805,0.612947,0,2885028,0.468285,2378173,2378173,0
mcs50_b06_s25.A04,mcs50_b06_s25.B04,dal_dal,16,28,1438224,0.240819,0,887714,0.145843,944965,944965,0
mcs50_b06_s25.A05,mcs50_b06_s25.B05,dal_dal,16,39,2636989,0.433711,0,2373443,0.386647,1672529,1672529,0
mcs50_b06_s25.A06,mcs50_b06_s25.B06,dal_dal,16,29,1216664,0.196114,0,708354,0.110346,798747,798747,0
mcs50_b06_s25.A07,mcs50_b06_s25.B07,dal_dal,16,26,959777,0.161907,0,543406,0.0881305,619864,619864,0
mcs50_b06_s25.A08,mcs50_b06_s25.B08,dal_dal,16,30,2167943,0.349644,0,1395897,0.218272,1414376,1414376,0
mcs50_b06_s25.A09,mcs50_b06_s25.B09,dal_dal,16,26,583562,0.104967,0,129784,0.02281,374471,374471,0
mcs50_b06_s30.A00,mcs50_b06_s30.B00,dal_dal,20,46,3691478,0.640053,0,1532016,0.264625,2436482,2436482,0
mcs50_b06_s30.A01,mcs50_b06_s30.B01,dal_dal,19,34,9330484,1.52516,0,1402891,0.207375,6139401,6139401,0
mcs50_b06_s30.A02,mcs50_b06_s30.B02,dal_dal,19,33,8522635,1.4518,0,1000698,0.157965,5659611,5659611,0
mcs50_b06_s30.A03,mcs50_b06_s30.B03,dal_dal,19,33,8254855,1.40274,0,2635494,0.444428,5398001,5398001,0
mcs50_b06_s30.A04,mcs50_b06_s30.B04,dal_dal,19,36,21707096,3.53909,0,12473570,1.96999,14489938,14489938,0
mcs50_b06_s30.A05,mcs50_b06_s30.B05,dal_dal,20,40,11683469,1.85571,0,10282780,1.61125,7799321,7799321,0
mcs50_b06_s30.A06,mcs50_b06_s30.B06,dal_dal,20,41,6743793,1.07734,0,4770021,0.732293,4574717,4574717,0
mcs50_b06_s30.A07,mcs50_b06_s30.B07,dal_dal,19,46,7146474,1.22575,0,1194587,0.195479,4740385,4740385,0
mcs50_b06_s30.A08,mcs50_b06_s30.B08,dal_dal,19,31,7005672,1.1856,0,971132,0.15637,4652243,4652243,0
mcs50_b06_s30.A09,mcs50_b06_s30.B09,dal_dal,20,39,7464752,1.21036,0,6299931,1.00239,4932793,4932793,0
mcs50_b06_s35.A00,mcs50_b06_s35.B00,dal_dal,22,48,123669939,22.0197,0,24540012,4.01325,83595342,83595342,0
mcs50_b06_s35.A01,mcs50_b06_s35.B01,dal_dal,23,45,62841394,11.5221,0,52168697,9.56478,42466018,42466018,0
mcs50_b06_s35.A02,mcs50_b06_s35.B02,dal_dal,23,43,57609961,9.8435,0,39090553,6.63808,38215037,38215037,0
mcs50_b06_s35.A03,mcs50_b06_s35.B03,dal_dal,22,50,84248307,14.2312,0,7341316,1.13242,56302794,56302794,0
mcs50_b06_s35.A04,mcs50_b06_s35.B04,dal_dal,22,40,168453344,27.8887,0,21345483,3.25648,112127955,112127955,0
mcs50_b06_s35.A05,mcs50_b06_s35.B05,dal_dal,22,44,105737625,18.2109,0,22126115,3.62455,70770992,70770992,0
mcs50_b06_s35.A06,mcs50_b06_s35.B06,dal_dal,23,45,38789326,6.81714,0,12077324,2.05863,25993394,25993394,0
mcs50_b06_s35.A07,mcs50_b06_s35.B07,dal_dal,23,40,124674437,22.4661,0,106581643,19.0701,83766612,83766612,0
mcs50_b06_s35.A08,mcs50_b06_s35.B08,dal_dal,22,48,113971987,19.1318,0,23,2.28E-05,76510421,76510421,0
mcs50_b06_s35.A09,mcs50_b06_s35.B09,dal_dal,22,37,213484033,36.0913,0,38379370,6.15665,141706957,141706957,0
mcs50_b06_s40.A00,mcs50_b06_s40.B00,dal_dal,26,47,640759590,110.441,0,346921671,58.7628,435525116,435525116,0
mcs50_b06_s40.A01,mcs50_b06_s40.B01,dal_dal,25,46,1362908147,230.147,0,148543647,24.2375,930493551,930493551,0
mcs50_b06_s40.A02,mcs50_b06_s40.B02,dal_dal,26,40,3006633062,495.265,0,2842127806,466.589,2024153346,2024153346,0
mcs50_b06_s40.A03,mcs50_b06_s40.B03,dal_dal,26,53,809610153,137.774,0,345934685,55.8249,552061682,552061682,0
mcs50_b06_s40.A04,mcs50_b06_s40.B04,dal_dal,26,56,671333402,117.286,0,333970339,57.0545,453825784,453825784,0
mcs50_b06_s40.A05,mcs50_b06_s40.B05,dal_dal,26,58,578390912,100.269,0,103277564,17.0893,393536102,393536102,0
mcs50_b06_s40.A06,mcs50_b06_s40.B06,dal_dal,27,50,530751237,88.9027,0,464976367,77.1181,363576703,363576703,0
mcs50_b06_s40.A07,mcs50_b06_s40.B07,dal_dal,26,58,612024964,117.618,0,351439622,66.1035,412142122,412142122,0
mcs50_b06_s40.A08,mcs50_b06_s40.B08,dal_dal,25,50,1041663598,175.299,0,5193720,0.815111,719252182,719252182,0
mcs50_b06_s40.A09,mcs50_b06_s40.B09,dal_dal,26,51,625302148,107.449,0,214523002,35.7724,424480219,424480219,0
mcs50_b06_s50.A00,mcs50_b06_s50.B00,dal_dal,29,59,6154901114,1000.02,1,1926752220,307.292,4225934208,4225934208,0
mcs50_b06_s50.A01,mcs50_b06_s50.B01,dal_dal,30,55,5986418209,1000.01,1,161769652,26.8649,4108997840,4108997840,0
mcs50_b06_s50.A02,mcs50_b06_s50.B02,dal_dal,31,56,5639993271,1000.01,1,3145776883,543.903,3977095104,3977095104,0
mcs50_b06_s50.A03,mcs50_b06_s50.B03,dal_dal,31,59,5442622702,1000.02,1,1391481209,242.792,3743460298,3743460298,0
mcs50_b06_s50.A04,mcs50_b06_s50.B04,dal_dal,30,63,5393338632,1000.02,1,1376505878,242.908,3726753338,3726753338,0
mcs50_b06_s50.A05,mcs50_b06_s50.B05,dal_dal,30,62,6360033698,1000.01,1,2304452317,345.663,4425648864,4425648864,0
mcs50_b06_s50.A06,mcs50_b06_s50.B06,dal_dal,29,47,6414719636,1000.02,1,136838985,20.4107,4494373310,4494373310,0
mcs50_b06_s50.A07,mcs50_b06_s50.B07,dal_dal,30,58,6109129075,1000.01,1,3278508280,529.649,4222271254,4222271254,0
mcs50_b06_s50.A08,mcs50_b06_s50.B08,dal_dal,29,47,6285863961,1000.02,1,323897113,47.5691,4436052292,4436052292,0
mcs50_b06_s50.A09,mcs50_b06_s50.B09,dal_dal,29,49,6250863191,1000.01,1,62418131,9.79232,4449478492,4449478492,0
mcs50_b06_s60.A00,mcs50_b06_s60.B00,dal_dal,34,52,6381344560,1000.02,1,4432831686,693.885,4370291535,4370291535,0
mcs50_b06_s60.A01,mcs50_b06_s60.B01,dal_dal,35,63,6146276542,1000.02,1,12748988,1.89504,4348908879,4348908879,0
mcs50_b06_s60.A02,mcs50_b06_s60.B02,dal_dal,34,60,6084541685,1000.02,1,1574620887,252.604,4178739471,4178739471,0
mcs50_b06_s60.A03,mcs50_b06_s60.B03,dal_dal,34,68,6369160610,1000.01,1,1892059718,280.5,4476035152,4476035152,0
mcs50_b06_s60.A04,mcs50_b06_s60.B04,dal_dal,34,69,6497796911,1000.01,1,244395889,34.7295,4606585148,4606585148,0
mcs50_b06_s60.A05,mcs50_b06_s60.B05,dal_dal,35,57,6306150620,1000.01,1,5544447590,874.424,4421415076,4421415076,0
mcs50_b06_s60.A06,mcs50_b06_s60.B06,dal_dal,35,65,6325421406,1000.01,1,4209648422,654.044,4446340763,4446340763,0
mcs50_b06_s60.A07,mcs50_b06_s60.B07,dal_dal,35,53,5713125156,1000.02,1,932813764,163.1,3912824974,3912824974,0
mcs50_b06_s60.A08,mcs50_b06_s60.B08,dal_dal,35,59,5667402445,1000.02,1,974194389,163.954,3999128093,3999128093,0
mcs50_b06_s60.A09,mcs50_b06_s60.B09,dal_dal,35,52,5758682291,1000.01,1,667647455,109.792,4010892342,4010892342,0
mcs50_b06_s70.A00,mcs50_b06_s70.B00,dal_dal,39,69,5047738282,1000.02,1,3157676725,619.488,3445146844,3445146844,0
mcs50_b06_s70.A01,mcs50_b06_s70.B01,dal_dal,40,76,5200704589,1000.02,1,2750168453,516.751,3484899678,3484899678,0
mcs50_b06_s70.A02,mcs50_b06_s70.B02,dal_dal,42,69,6155471739,1000.02,1,79719884,10.772,4376760272,4376760272,0
mcs50_b06_s70.A03,mcs50_b06_s70.B03,dal_dal,41,68,5983383949,1000.02,1,4659086,0.532335,4213036105,4213036105,0
mcs50_b06_s70.A04,mcs50_b06_s70.B04,dal_dal,40,79,6214427326,1000.02,1,362329667,53.8178,4493814346,4493814346,0
mcs50_b06_s70.A05,mcs50_b06_s70.B05,dal_dal,37,60,6543483181,1000.01,1,13921603,1.72602,4801052000,4801052000,0
mcs50_b06_s70.A06,mcs50_b06_s70.B06,dal_dal,39,64,5071300321,1000.01,1,560846506,104.002,3458442383,3458442383,0
mcs50_b06_s70.A07,mcs50_b06_s70.B07,dal_dal,38,63,5326983091,1000.03,1,322883772,58.7103,3870015324,3870015324,0
mcs50_b06_s70.A08,mcs50_b06_s70.B08,dal_dal,40,80,6251492753,1000.01,1,3991590760,625.684,4452801958,4452801958,0
mcs50_b06_s70.A09,mcs50_b06_s70.B09,dal_dal,41,74,6089358487,1000.01,1,1256111720,201.635,4234502949,4234502949,0
mcs50_b06_s80.A00,mcs50_b06_s80.B00,dal_dal,44,98,6907600297,1000.01,1,6079158094,872.666,5072626874,5072626874,0
mcs50_b06_s80.A01,mcs50_b06_s80.B01,dal_dal,44,81,6658308464,1000.01,1,2920931701,428.273,4794374777,4794374777,0
mcs50_b06_s80.A02,mcs50_b06_s80.B02,dal_dal,42,75,5953874133,1000,1,355489742,55.3302,4317784290,4317784290,0
mcs50_b06_s80.A03,mcs50_b06_s80.B03,dal_dal,44,78,5841684143,1000,1,2872996,0.417758,4307565629,4307565629,0
mcs50_b06_s80.A04,mcs50_b06_s80.B04,dal_dal,44,72,6791708298,1000.02,1,2123978565,306.24,4539275690,4539275690,0
mcs50_b06_s80.A05,mcs50_b06_s80.B05,dal_dal,47,84,6076963661,1000.02,1,111293072,17.6594,4306904749,4306904749,0
mcs50_b06_s80.A06,mcs50_b06_s80.B06,dal_dal,47,91,6050052149,1000.02,1,67586430,10.4252,4269053343,4269053343,0
mcs50_b06_s80.A07,mcs50_b06_s80.B07,dal_dal,44,75,6344866234,1000.01,1,2382205300,356.749,4524681488,4524681488,0
mcs50_b06_s80.A08,mcs50_b06_s80.B08,dal_dal,45,86,6003064032,1000.02,1,19808011,2.92562,4265141141,4265141141,0
mcs50_b06_s80.A09,mcs50_b06_s80.B09,dal_dal,45,90,5332984251,1000.02,1,982604,0.15267,3790389775,3790389775,0
mcs50_b06_s90.A00,mcs50_b06_s90.B00,dal_dal,49,90,6864184920,1000.02,1,124053012,16.3857,4952526722,4952526722,0
mcs50_b06_s90.A01,mcs50_b06_s90.B01,dal_dal,48,82,6441508503,1000.02,1,1176024675,176.627,4565645727,4565645727,0
mcs50_b06_s90.A02,mcs50_b06_s90.B02,dal_dal,51,91,6729690090,1000.02,1,5556520402,818.107,4860347085,4860347085,0
mcs50_b06_s90.A03,mcs50_b06_s90.B03,dal_dal,49,66,7102339254,1000.02,1,2301297382,296.382,4906111121,4906111121,0
mcs50_b06_s90.A04,mcs50_b06_s90.B04,dal_dal,50,78,6324021080,1000.02,1,573424160,84.514,4508406764,4508406764,0
mcs50_b06_s90.A05,mcs50_b06_s90.B05,dal_dal,47,84,6374427063,1000.02,1,1764918266,266.433,4858822544,4858822544,0
mcs50_b06_s90.A06,mcs50_b06_s90.B06,dal_dal,49,77,7183777300,1000.02,1,1828987142,249.379,4824989299,4824989299,0
mcs50_b06_s90.A07,mcs50_b06_s90.B07,dal_dal,52,92,5750352850,1000.02,1,1030904592,170.985,4096759382,4096759382,0
mcs50_b06_s90.A08,mcs50_b06_s90.B08,dal_dal,48,94,6779648648,1000.02,1,2154553399,306.924,4998206997,4998206997,0
mcs50_b06_s90.A09,mcs50_b06_s90.B09,dal_dal,52,101,6264676090,1000.02,1,114578459,17.4144,4440851432,4440851432,0
mcs50_b06m_s100.A00,mcs50_b06m_s100.B00,dal_dal,53,102,6490460678,1000.02,1,114101995,16.1852,4288199016,4288199016,0
mcs50_b06m_s100.A01,mcs50_b06m_s100.B01,dal_dal,52,83,6574476623,1000.02,1,201065772,21.9368,4979850355,4979850355,0
mcs50_b06m_s100.A02,mcs50_b06m_s100.B02,dal_dal,53,82,5875758043,1000.02,1,1440853395,239.997,3793254700,3793254700,0
mcs50_b06m_s100.A03,mcs50_b06m_s100.B03,dal_dal,52,76,7092334917,1000.02,1,382308546,42.4874,5241962751,5241962751,0
mcs50_b06m_s100.A04,mcs50_b06m_s100.B04,dal_dal,54,87,6320756916,1000.02,1,1910775894,290.078,4105494067,4105494067,0
mcs50_b06m_s100.A05,mcs50_b06m_s100.B05,dal_dal,54,91,6377724099,1000.02,1,2143304440,314.219,4254489617,4254489617,0
mcs50_b06m_s100.A06,mcs50_b06m_s100.B06,dal_dal,54,110,6962178481,1000.02,1,4212327748,570.652,4880684726,4880684726,0
mcs50_b06m_s100.A07,mcs50_b06m_s100.B07,dal_dal,54,87,7124055725,1000.02,1,5291405905,735.241,4954670006,4954670006,0
mcs50_b06m_s100.A08,mcs50_b06m_s100.B08,dal_dal,54,100,6412214674,1000.01,1,3395425421,503.682,4072126520,4072126520,0
mcs50_b06m_s100.A09,mcs50_b06m_s100.B09,dal_dal,54,101,6636190585,1000.02,1,1372377916,202.18,4568384175,4568384175,0
mcs50_b06m_s15.A00,mcs50_b06m_s15.B00,dal_dal,9,15,17568,0.00258148,0,130,2.62E-05,11704,11704,0
mcs50_b06m_s15.A01,mcs50_b06m_s15.B01,dal_dal,10,19,7207,0.00119008,0,941,0.000156305,4738,4738,0
mcs50_b06m_s15.A02,mcs50_b06m_s15.B02,dal_dal,10,22,6050,0.00136923,0,64,1.98E-05,4034,4034,0
mcs50_b06m_s15.A03,mcs50_b06m_s15.B03,dal_dal,10,18,6338,0.00102575,0,927,0.000128133,4424,4424,0
mcs50_b06m_s15.A04,mcs50_b06m_s15.B04,dal_dal,10,16,8502,0.00124836,0,5641,0.000793332,5894,5894,0
mcs50_b06m_s15.A05,mcs50_b06m_s15.B05,dal_dal,10,21,9102,0.00137861,0,5651,0.000801113,6115,6115,0
mcs50_b06m_s15.A06,mcs50_b06m_s15.B06,dal_dal,10,20,7598,0.00123242,0,660,0.000104056,4985,4985,0
mcs50_b06m_s15.A07,mcs50_b06m_s15.B07,dal_dal,10,20,6342,0.00102952,0,1213,0.000184457,4210,4210,0
mcs50_b06m_s15.A08,mcs50_b06m_s15.B08,dal_dal,10,14,5324,0.000849917,0,1073,0.000155594,3611,3611,0
mcs50_b06m_s15.A09,mcs50_b06m_s15.B09,dal_dal,10,20,6970,0.00109425,0,554,9.28E-05,4673,4673,0
mcs50_b06m_s20.A00,mcs50_b06m_s20.B00,dal_dal,13,20,102769,0.0166112,0,46552,0.0072115,65984,65984,0
mcs50_b06m_s20.A01,mcs50_b06m_s20.B01,dal_dal,13,25,89367,0.0150787,0,35199,0.00550054,58110,58110,0
mcs50_b06m_s20.A02,mcs50_b06m_s20.B02,dal_dal,13,23,206352,0.0337755,0,197758,0.0323086,136477,136477,0
mcs50_b06m_s20.A03,mcs50_b06m_s20.B03,dal_dal,12,21,259270,0.0414746,0,6951,0.00101596,161650,161650,0
mcs50_b06m_s20.A04,mcs50_b06m_s20.B04,dal_dal,12,25,206084,0.0324053,0,6602,0.00096515,129671,129671,0
mcs50_b06m_s20.A05,mcs50_b06m_s20.B05,dal_dal,12,22,265961,0.0415696,0,1335,0.000218879,169111,169111,0
mcs50_b06m_s20.A06,mcs50_b06m_s20.B06,dal_dal,13,30,101498,0.0172212,0,37087,0.00599404,66814,66814,0
mcs50_b06m_s20.A07,mcs50_b06m_s20.B07,dal_dal,13,23,93173,0.0156456,0,59394,0.00976917,58021,58021,0
mcs50_b06m_s20.A08,mcs50_b06m_s20.B08,dal_dal,13,26,67191,0.0113153,0,21313,0.00345514,44803,44803,0
mcs50_b06m_s20.A09,mcs50_b06m_s20.B09,dal_dal,13,21,95570,0.0161273,0,51093,0.00846883,61299,61299,0
mcs50_b06m_s25.A00,mcs50_b06m_s25.B00,dal_dal,16,25,1134446,0.185365,0,660144,0.105075,725131,725131,0
mcs50_b06m_s25.A01,mcs50_b06m_s25.B01,dal_dal,15,21,3772386,0.581494,0,12246,0.00162458,2460751,2460751,0
mcs50_b06m_s25.A02,mcs50_b06m_s25.B02,dal_dal,15,32,2186348,0.341837,0,1561,0.00022609,1448891,1448891,0
mcs50_b06m_s25.A03,mcs50_b06m_s25.B03,dal_dal,16,27,1021900,0.164784,0,380524,0.0586835,682565,682565,0
mcs50_b06m_s25.A04,mcs50_b06m_s25.B04,dal_dal,15,21,2882686,0.453003,0,59072,0.00883921,1883771,1883771,0
mcs50_b06m_s25.A05,mcs50_b06m_s25.B05,dal_dal,15,23,2540196,0.404886,0,358255,0.0526958,1697730,1697730,0
mcs50_b06m_s25.A06,mcs50_b06m_s25.B06,dal_dal,16,23,1301285,0.207664,0,984520,0.153988,862810,862810,0
mcs50_b06m_s25.A07,mcs50_b06m_s25.B07,dal_dal,15,27,2120743,0.340897,0,35877,0.00529022,1373357,1373357,0
mcs50_b06m_s25.A08,mcs50_b06m_s25.B08,dal_dal,15,26,3048730,0.471232,0,54990,0.00808252,1914417,1914417,0
mcs50_b06m_s25.A09,mcs50_b06m_s25.B09,dal_dal,15,21,2223238,0.352802,0,41772,0.00645088,1503847,1503847,0
mcs50_b06m_s30.A00,mcs50_b06m_s30.B00,dal_dal,18,31,19958540,3.15115,0,496274,0.0744278,13174918,13174918,0
mcs50_b06m_s30.A01,mcs50_b06m_s30.B01,dal_dal,18,37,28257887,4.49891,0,1070097,0.156373,18601889,18601889,0
mcs50_b06m_s30.A02,mcs50_b06m_s30.B02,dal_dal,18,27,24799632,3.91942,0,7212765,1.09151,16059720,16059720,0
mcs50_b06m_s30.A03,mcs50_b06m_s30.B03,dal_dal,18,34,61133174,10.0694,0,213981,0.034091,39884619,39884619,0
mcs50_b06m_s30.A04,mcs50_b06m_s30.B04,dal_dal,19,30,38761278,6.0767,0,34461496,5.35226,26072538,26072538,0
mcs50_b06m_s30.A05,mcs50_b06m_s30.B05,dal_dal,19,38,12751242,2.08666,0,6992686,1.10351,8539389,8539389,0
mcs50_b06m_s30.A06,mcs50_b06m_s30.B06,dal_dal,19,33,7806022,1.30055,0,563862,0.084394,5177005,5177005,0
mcs50_b06m_s30.A07,mcs50_b06m_s30.B07,dal_dal,19,27,20453219,3.28978,0,18196864,2.91671,13243613,13243613,0
mcs50_b06m_s30.A08,mcs50_b06m_s30.B08,dal_dal,19,34,11146513,1.84236,0,4932718,0.790259,7446515,7446515,0
mcs50_b06m_s30.A09,mcs50_b06m_s30.B09,dal_dal,19,36,7261333,1.17392,0,596323,0.089059,4864591,4864591,0
mcs50_b06m_s35.A00,mcs50_b06m_s35.B00,dal_dal,22,36,115842211,19.186,0,6522604,0.975962,77038730,77038730,0
mcs50_b06m_s35.A01,mcs50_b06m_s35.B01,dal_dal,22,42,129119460,20.7263,0,47529899,7.2486,85887730,85887730,0
mcs50_b06m_s35.A02,mcs50_b06m_s35.B02,dal_dal,22,34,196981561,33.0718,0,9966419,1.57493,131717025,131717025,0
mcs50_b06m_s35.A03,mcs50_b06m_s35.B03,dal_dal,21,41,294921278,47.4867,0,11331149,1.64412,197866144,197866144,0
mcs50_b06m_s35.A04,mcs50_b06m_s35.B04,dal_dal,22,33,297409321,48.9112,0,294081495,48.376,200047538,200047538,0
mcs50_b06m_s35.A05,mcs50_b06m_s35.B05,dal_dal,22,45,222981197,35.8536,0,106046881,16.4691,147547044,147547044,0
mcs50_b06m_s35.A06,mcs50_b06m_s35.B06,dal_dal,21,35,469786863,73.9892,0,2360595,0.359477,315151100,315151100,0
mcs50_b06m_s35.A07,mcs50_b06m_s35.B07,dal_dal,22,37,81970190,13.8083,0,6842269,1.04665,54528458,54528458,0
mcs50_b06m_s35.A08,mcs50_b06m_s35.B08,dal_dal,22,35,205449471,33.8956,0,165645960,27.3031,135541054,135541054,0
mcs50_b06m_s35.A09,mcs50_b06m_s35.B09,dal_dal,21,33,576071774,92.2507,0,1767129,0.250434,386257536,386257536,0
mcs50_b06m_s40.A00,mcs50_b06m_s40.B00,dal_dal,25,46,5134813751,871.815,0,3181664609,526.39,3397330600,3397330600,0
mcs50_b06m_s40.A01,mcs50_b06m_s40.B01,dal_dal,24,39,6202680620,1000.01,1,55002240,8.33281,4148399585,4148399585,0
mcs50_b06m_s40.A02,mcs50_b06m_s40.B02,dal_dal,25,43,1340047642,224.726,0,268768357,42.4057,911274230,911274230,0
mcs50_b06m_s40.A03,mcs50_b06m_s40.B03,dal_dal,25,41,3425517826,626.259,0,3168268689,576.83,2309905447,2309905447,0
mcs50_b06m_s40.A04,mcs50_b06m_s40.B04,dal_dal,24,30,3658938680,751.509,0,18688351,3.6669,2445710107,2445710107,0
mcs50_b06m_s40.A05,mcs50_b06m_s40.B05,dal_dal,25,50,2602195159,441.227,0,99110744,15.5177,1788541412,1788541412,0
mcs50_b06m_s40.A06,mcs50_b06m_s40.B06,dal_dal,24,44,6097953662,1000.02,1,365884811,56.12,4105111141,4105111141,0
mcs50_b06m_s40.A07,mcs50_b06m_s40.B07,dal_dal,25,43,1539609920,274.001,0,286415504,49.3665,1037544631,1037544631,0
mcs50_b06m_s40.A08,mcs50_b06m_s40.B08,dal_dal,25,46,2810820367,473.132,0,1953328089,322.295,1895415193,1895415193,0
mcs50_b06m_s40.A09,mcs50_b06m_s40.B09,dal_dal,24,43,5055424411,845.794,0,112265227,17.6044,3379103851,3379103851,0
mcs50_b06m_s50.A00,mcs50_b06m_s50.B00,dal_dal,30,56,6094069198,1000.02,1,477810111,73.7012,4074057446,4074057446,0
mcs50_b06m_s50.A01,mcs50_b06m_s50.B01,dal_dal,29,49,6530899812,1000.02,1,721883743,104.605,4407330926,4407330926,0
mcs50_b06m_s50.A02,mcs50_b06m_s50.B02,dal_dal,29,47,6484086327,1000.02,1,490945755,77.4564,4456021026,4456021026,0
mcs50_b06m_s50.A03,mcs50_b06m_s50.B03,dal_dal,29,57,6340320013,1000.02,1,527795815,79.8576,4255061009,4255061009,0
mcs50_b06m_s50.A04,mcs50_b06m_s50.B04,dal_dal,29,48,6082158204,1000.02,1,1826736735,298.097,4089866858,4089866858,0
mcs50_b06m_s50.A05,mcs50_b06m_s50.B05,dal_dal,30,57,6190751592,1000.01,1,1361177024,208.268,4257585415,4257585415,0
mcs50_b06m_s50.A06,mcs50_b06m_s50.B06,dal_dal,29,48,6436047164,1000.01,1,357863038,54.8734,4230742364,4230742364,0
mcs50_b06m_s50.A07,mcs50_b06m_s50.B07,dal_dal,29,41,6362228001,1000.01,1,1599844419,237.289,4276047361,4276047361,0
mcs50_b06m_s50.A08,mcs50_b06m_s50.B08,dal_dal,29,50,6514985074,1000.01,1,335561260,47.4193,4568845498,4568845498,0
mcs50_b06m_s50.A09,mcs50_b06m_s50.B09,dal_dal,29,47,6529211461,1000.02,1,2099154180,310.685,4481615644,4481615644,0
mcs50_b06m_s60.A00,mcs50_b06m_s60.B00,dal_dal,34,60,6450515472,1000.02,1,3451422253,526.517,4471522447,4471522447,0
mcs50_b06m_s60.A01,mcs50_b06m_s60.B01,dal_dal,34,56,6336701972,1000.01,1,1973483423,307.065,4425250399,4425250399,0
mcs50_b06m_s60.A02,mcs50_b06m_s60.B02,dal_dal,35,64,6371461020,1000.02,1,308011458,45.1533,4355691848,4355691848,0
mcs50_b06m_s60.A03,mcs50_b06m_s60.B03,dal_dal,34,56,6314210508,1000.02,1,919833639,143.753,4313277185,4313277185,0
mcs50_b06m_s60.A04,mcs50_b06m_s60.B04,dal_dal,35,60,6024180580,1000.02,1,263775927,42.2491,4095624518,4095624518,0
mcs50_b06m_s60.A05,mcs50_b06m_s60.B05,dal_dal,34,65,6395182302,1000.02,1,12137309,1.63613,4372420128,4372420128,0
mcs50_b06m_s60.A06,mcs50_b06m_s60.B06,dal_dal,34,61,6256136214,1000.02,1,132183720,19.2625,4216244823,4216244823,0
mcs50_b06m_s60.A07,mcs50_b06m_s60.B07,dal_dal,34,62,6768895616,1000.02,1,63389963,9.21729,4578073471,4578073471,0
mcs50_b06m_s60.A08,mcs50_b06m_s60.B08,dal_dal,34,67,6134597177,1000.02,1,2045593785,319.055,4218549414,4218549414,0
mcs50_b06m_s60.A09,mcs50_b06m_s60.B09,dal_dal,35,70,6271498917,1000.02,1,54731219,7.59889,4379761954,4379761954,0
mcs50_b06m_s70.A00,mcs50_b06m_s70.B00,dal_dal,40,60,6246445336,1000.01,1,887976694,135.318,4365092138,4365092138,0
mcs50_b06m_s70.A01,mcs50_b06m_s70.B01,dal_dal,38,69,6463228498,1000.01,1,481714223,72.4752,4271960626,4271960626,0
mcs50_b06m_s70.A02,mcs50_b06m_s70.B02,dal_dal,40,59,6104314367,1000.01,1,14372655,1.80241,4066697415,4066697415,0
mcs50_b06m_s70.A03,mcs50_b06m_s70.B03,dal_dal,38,61,6459650279,1000.02,1,1007310490,156.292,4330481422,4330481422,0
mcs50_b06m_s70.A04,mcs50_b06m_s70.B04,dal_dal,39,63,6538806690,1000.01,1,769194882,113.747,4399365505,4399365505,0
mcs50_b06m_s70.A05,mcs50_b06m_s70.B05,dal_dal,39,64,6361474548,1000.02,1,891620480,127.28,4170678584,4170678584,0
mcs50_b06m_s70.A06,mcs50_b06m_s70.B06,dal_dal,39,65,6493792654,1000.02,1,1727085711,253.075,4546361278,4546361278,0
mcs50_b06m_s70.A07,mcs50_b06m_s70.B07,dal_dal,38,63,6155526723,1000.01,1,415548362,66.457,4117348637,4117348637,0
mcs50_b06m_s70.A08,mcs50_b06m_s70.B08,dal_dal,39,72,6148485826,1000.01,1,194042218,30.3366,4090738390,4090738390,0
mcs50_b06m_s70.A09,mcs50_b06m_s70.B09,dal_dal,38,53,3062303095,1000.02,1,393674752,127.161,2136959538,2136959538,0
mcs50_b06m_s80.A00,mcs50_b06m_s80.B00,dal_dal,45,72,3295954566,1000.02,1,1992106326,599.691,2268183117,2268183117,0
mcs50_b06m_s80.A01,mcs50_b06m_s80.B01,dal_dal,45,86,3310600159,1000.01,1,2247891745,665.623,2130479181,2130479181,0
mcs50_b06m_s80.A02,mcs50_b06m_s80.B02,dal_dal,46,83,6141077141,1000.02,1,3363007991,533.081,3983170708,3983170708,0
mcs50_b06m_s80.A03,mcs50_b06m_s80.B03,dal_dal,43,65,6216610344,1000.02,1,294721486,46.2085,4189044785,4189044785,0
mcs50_b06m_s80.A04,mcs50_b06m_s80.B04,dal_dal,46,97,6150897902,1000.02,1,1916652096,290.347,4059287729,4059287729,0
mcs50_b06m_s80.A05,mcs50_b06m_s80.B05,dal_dal,43,66,6403179138,1000.02,1,68905433,10.5519,4348350229,4348350229,0
mcs50_b06m_s80.A06,mcs50_b06m_s80.B06,dal_dal,45,76,6508843013,1000.01,1,2507930518,369.172,4537859363,4537859363,0
mcs50_b06m_s80.A07,mcs50_b06m_s80.B07,dal_dal,43,69,3256877262,1000.02,1,69019917,19.6593,2198523538,2198523538,0
mcs50_b06m_s80.A08,mcs50_b06m_s80.B08,dal_dal,45,76,3082105708,1000.01,1,2220444182,725.507,2105286291,2105286291,0
mcs50_b06m_s80.A09,mcs50_b06m_s80.B09,dal_dal,44,63,6954285739,1000.02,1,44756603,4.94747,4855199269,4855199269,0
mcs50_b06m_s90.A00,mcs50_b06m_s90.B00,dal_dal,50,74,6051676682,1000.01,1,610161600,94.072,3881502502,3881502502,0
mcs50_b06m_s90.A01,mcs50_b06m_s90.B01,dal_dal,50,76,6333532772,1000.01,1,1549363570,233.307,4506246350,4506246350,0
mcs50_b06m_s90.A02,mcs50_b06m_s90.B02,dal_dal,48,81,6478197285,1000.02,1,3831724060,570.576,4176662126,4176662126,0
mcs50_b06m_s90.A03,mcs50_b06m_s90.B03,dal_dal,49,92,6029566462,1000.02,1,654636908,113.913,3886521501,3886521501,0
mcs50_b06m_s90.A04,mcs50_b06m_s90.B04,dal_dal,47,77,14124304077,1000.01,1,13224228208,850.065,12289588857,12289588857,0
mcs50_b06m_s90.A05,mcs50_b06m_s90.B05,dal_dal,48,81,5765300902,1000.01,1,346946778,60.1726,3943078678,3943078678,0
mcs50_b06m_s90.A06,mcs50_b06m_s90.B06,dal_dal,49,76,6205238130,1000.01,1,1804074503,287.166,4028519549,4028519549,0
mcs50_b06m_s90.A07,mcs50_b06m_s90.B07,dal_dal,49,85,6401746419,1000.01,1,3648253221,556.966,4257348475,4257348475,0
mcs50_b06m_s90.A08,mcs50_b06m_s90.B08,dal_dal,49,96,6292847724,1000.02,1,824796257,126.114,4208335174,4208335174,0
mcs50_b06m_s90.A09,mcs50_b06m_s90.B09,dal_dal,50,91,5962926061,1000.01,1,904458154,133.419,4155137224,4155137224,0
mcs50_b09_s100.A00,mcs50_b09_s100.B00,dal_dal,45,88,5420784824,1000.02,1,1922205419,329.793,3472962442,3472962442,0
mcs50_b09_s100.A01,mcs50_b09_s100.B01,dal_dal,42,77,5729864627,1000.02,1,415123599,68.3469,3725028496,3725028496,0
mcs50_b09_s100.A02,mcs50_b09_s100.B02,dal_dal,42,75,5977195869,1000.02,1,362339563,62.0497,4007716357,4007716357,0
mcs50_b09_s100.A03,mcs50_b09_s100.B03,dal_dal,44,107,5979340453,1000.02,1,2327229237,383.074,3814825054,3814825054,0
mcs50_b09_s100.A04,mcs50_b09_s100.B04,dal_dal,44,102,5843253553,1000.02,1,4506279494,761.728,3812433316,3812433316,0
mcs50_b09_s100.A05,mcs50_b09_s100.B05,dal_dal,48,112,5180568336,1000.02,1,158011529,25.5802,3276434169,3276434169,0
mcs50_b09_s100.A06,mcs50_b09_s100.B06,dal_dal,46,98,5264169710,1000.02,1,135472165,25.2766,3519567662,3519567662,0
mcs50_b09_s100.A07,mcs50_b09_s100.B07,dal_dal,43,95,5712963647,1000.02,1,2129723664,364.888,3756925381,3756925381,0
mcs50_b09_s100.A08,mcs50_b09_s100.B08,dal_dal,43,88,5937907284,1000.01,1,10156117,1.40268,3780688393,3780688393,0
mcs50_b09_s100.A09,mcs50_b09_s100.B09,dal_dal,43,94,5511577655,1000.01,1,408770789,71.9841,3666328836,3666328836,0
mcs50_b09_s20.A00,mcs50_b09_s20.B00,dal_dal,14,45,19614,0.00385951,0,510,0.000103126,13003,13003,0
mcs50_b09_s20.A01,mcs50_b09_s20.B01,dal_dal,13,36,38743,0.00668283,0,12931,0.00198538,25739,25739,0
mcs50_b09_s20.A02,mcs50_b09_s20.B02,dal_dal,14,41,13240,0.00249928,0,1719,0.000306242,9246,9246,0
mcs50_b09_s20.A03,mcs50_b09_s20.B03,dal_dal,14,37,26694,0.0049134,0,16568,0.0029034,17648,17648,0
mcs50_b09_s20.A04,mcs50_b09_s20.B04,dal_dal,15,49,7330,0.00146705,0,628,0.000122805,5174,5174,0
mcs50_b09_s20.A05,mcs50_b09_s20.B05,dal_dal,14,44,13342,0.00252381,0,4573,0.000795079,9476,9476,0
mcs50_b09_s20.A06,mcs50_b09_s20.B06,dal_dal,14,35,12687,0.00264727,0,6284,0.0010664,9223,9223,0
mcs50_b09_s20.A07,mcs50_b09_s20.B07,dal_dal,14,48,18084,0.0033456,0,9505,0.00167778,12003,12003,0
mcs50_b09_s20.A08,mcs50_b09_s20.B08,dal_dal,14,46,37106,0.00553888,0,31822,0.00455523,24952,24952,0
mcs50_b09_s20.A09,mcs50_b09_s20.B09,dal_dal,14,36,24624,0.00467497,0,14449,0.0027173,16160,16160,0
mcs50_b09_s25.A00,mcs50_b09_s25.B00,dal_dal,15,41,766521,0.153749,0,479540,0.0951592,501997,501997,0
mcs50_b09_s25.A01,mcs50_b09_s25.B01,dal_dal,14,37,1504993,0.293576,0,69560,0.0121051,949962,949962,0
mcs50_b09_s25.A02,mcs50_b09_s25.B02,dal_dal,14,46,1370881,0.257367,0,8444,0.00161579,914521,914521,0
mcs50_b09_s25.A03,mcs50_b09_s25.B03,dal_dal,14,41,1411910,0.271758,0,18053,0.00323469,910985,910985,0
mcs50_b09_s25.A04,mcs50_b09_s25.B04,dal_dal,14,34,1589959,0.298584,0,39408,0.0073459,1027851,1027851,0
mcs50_b09_s25.A05,mcs50_b09_s25.B05,dal_dal,14,35,1475050,0.284263,0,151284,0.0272412,956452,956452,0
mcs50_b09_s25.A06,mcs50_b09_s25.B06,dal_dal,15,33,1008031,0.190134,0,801952,0.149218,659549,659549,0
mcs50_b09_s25.A07,mcs50_b09_s25.B07,dal_dal,14,43,1496662,0.283788,0,121244,0.0225709,958413,958413,0
mcs50_b09_s25.A08,mcs50_b09_s25.B08,dal_dal,14,47,1329157,0.248329,0,1573,0.000276946,858557,858557,0
mcs50_b09_s25.A09,mcs50_b09_s25.B09,dal_dal,15,35,590378,0.120093,0,76772,0.0153172,387992,387992,0
mcs50_b09_s30.A00,mcs50_b09_s30.B00,dal_dal,16,42,29481546,6.68985,0,3862809,0.8045,18766949,18766949,0
mcs50_b09_s30.A01,mcs50_b09_s30.B01,dal_dal,18,39,5769522,1.18094,0,3204463,0.618467,3661639,3661639,0
mcs50_b09_s30.A02,mcs50_b09_s30.B02,dal_dal,17,45,11742854,2.37083,0,2738047,0.512668,7296871,7296871,0
mcs50_b09_s30.A03,mcs50_b09_s30.B03,dal_dal,17,38,7901625,1.62465,0,1068156,0.19331,4971330,4971330,0
mcs50_b09_s30.A04,mcs50_b09_s30.B04,dal_dal,17,43,15790143,3.25104,0,4571692,0.876676,9959142,9959142,0
mcs50_b09_s30.A05,mcs50_b09_s30.B05,dal_dal,18,52,12331159,2.42206,0,8157924,1.50898,7944514,7944514,0
mcs50_b09_s30.A06,mcs50_b09_s30.B06,dal_dal,17,57,12610909,2.56355,0,2711054,0.508328,7916826,7916826,0
mcs50_b09_s30.A07,mcs50_b09_s30.B07,dal_dal,16,29,17633725,3.41306,0,1208197,0.224294,11202930,11202930,0
mcs50_b09_s30.A08,mcs50_b09_s30.B08,dal_dal,17,41,7650079,1.60894,0,509249,0.102657,4808180,4808180,0
mcs50_b09_s30.A09,mcs50_b09_s30.B09,dal_dal,17,44,12221895,2.44489,0,3978352,0.76437,7508904,7508904,0
mcs50_b09_s35.A00,mcs50_b09_s35.B00,dal_dal,20,46,144612895,29.4876,0,125309243,25.3493,94137031,94137031,0
mcs50_b09_s35.A01,mcs50_b09_s35.B01,dal_dal,21,57,40283954,8.12054,0,27512781,5.3357,26436262,26436262,0
mcs50_b09_s35.A02,mcs50_b09_s35.B02,dal_dal,19,53,125353659,25.0903,0,10270712,1.89671,80434916,80434916,0
mcs50_b09_s35.A03,mcs50_b09_s35.B03,dal_dal,19,40,152615961,30.8283,0,19143481,3.66533,98689577,98689577,0
mcs50_b09_s35.A04,mcs50_b09_s35.B04,dal_dal,20,46,442036786,85.8165,0,421932880,81.4336,289745844,289745844,0
mcs50_b09_s35.A05,mcs50_b09_s35.B05,dal_dal,19,54,140743545,28.7505,0,157356,0.0318484,93247132,93247132,0
mcs50_b09_s35.A06,mcs50_b09_s35.B06,dal_dal,19,40,165669360,33.9776,0,6153014,1.1509,108315605,108315605,0
mcs50_b09_s35.A07,mcs50_b09_s35.B07,dal_dal,21,70,28235208,6.10499,0,9502650,1.92835,18083342,18083342,0
mcs50_b09_s35.A08,mcs50_b09_s35.B08,dal_dal,19,48,232086031,46.7584,0,127751017,25.0288,149267296,149267296,0
mcs50_b09_s35.A09,mcs50_b09_s35.B09,dal_dal,20,62,81148701,16.6474,0,40123579,7.82051,51647077,51647077,0
mcs50_b09_s40.A00,mcs50_b09_s40.B00,dal_dal,23,62,510043721,107.489,0,118319646,22.2943,337374777,337374777,0
mcs50_b09_s40.A01,mcs50_b09_s40.B01,dal_dal,22,52,1765480428,375.196,0,344636186,69.6434,1155426024,1155426024,0
mcs50_b09_s40.A02,mcs50_b09_s40.B02,dal_dal,24,55,256781938,56.7439,0,169987988,36.7949,167066712,167066712,0
mcs50_b09_s40.A03,mcs50_b09_s40.B03,dal_dal,23,58,376632055,81.2901,0,43477048,8.74414,246074112,246074112,0
mcs50_b09_s40.A04,mcs50_b09_s40.B04,dal_dal,23,57,558053379,117.507,0,150152614,28.5566,367789389,367789389,0
mcs50_b09_s40.A05,mcs50_b09_s40.B05,dal_dal,23,60,392068081,86.5224,0,24027558,4.89779,255966509,255966509,0
mcs50_b09_s40.A06,mcs50_b09_s40.B06,dal_dal,23,60,341986352,84.1797,0,39036676,8.81747,223432866,223432866,0
mcs50_b09_s40.A07,mcs50_b09_s40.B07,dal_dal,23,68,492557021,103.27,0,296401626,59.7748,328250981,328250981,0
mcs50_b09_s40.A08,mcs50_b09_s40.B08,dal_dal,24,68,341878804,74.1279,0,211894011,44.592,232298269,232298269,0
mcs50_b09_s40.A09,mcs50_b09_s40.B09,dal_dal,23,65,975478246,198.861,0,460526389,85.8489,639935146,639935146,0
mcs50_b09_s50.A00,mcs50_b09_s50.B00,dal_dal,24,51,5568254366,1000.01,1,728538822,129.626,3609841308,3609841308,0
mcs50_b09_s50.A01,mcs50_b09_s50.B01,dal_dal,25,63,5184070664,1000.02,1,67090564,12.1195,3492918541,3492918541,0
mcs50_b09_s50.A02,mcs50_b09_s50.B02,dal_dal,25,56,5247151936,1000.01,1,812995755,147.559,3444530256,3444530256,0
mcs50_b09_s50.A03,mcs50_b09_s50.B03,dal_dal,27,70,4998611908,1000.02,1,1000889346,174.579,3315668248,3315668248,0
mcs50_b09_s50.A04,mcs50_b09_s50.B04,dal_dal,25,49,5574092017,1000.02,1,616248695,104.907,3658086751,3658086751,0
mcs50_b09_s50.A05,mcs50_b09_s50.B05,dal_dal,26,73,5473691487,1000.02,1,5174249161,941.966,3629970829,3629970829,0
mcs50_b09_s50.A06,mcs50_b09_s50.B06,dal_dal,25,52,5421918765,1000.02,1,3380298241,611.531,3590782594,3590782594,0
mcs50_b09_s50.A07,mcs50_b09_s50.B07,dal_dal,26,59,5245817277,1000.02,1,1536031683,281.71,3497498033,3497498033,0
mcs50_b09_s50.A08,mcs50_b09_s50.B08,dal_dal,27,81,4554190156,1000,1,4392502194,961.755,2958294971,2958294971,0
mcs50_b09_s50.A09,mcs50_b09_s50.B09,dal_dal,25,61,4993625489,1000.01,1,1797277525,346.104,3304700547,3304700547,0
mcs50_b09_s60.A00,mcs50_b09_s60.B00,dal_dal,29,64,5000507264,1000.01,1,1012696806,198.076,3300488414,3300488414,0
mcs50_b09_s60.A01,mcs50_b09_s60.B01,dal_dal,28,58,5480021940,1000.01,1,10239058,1.6743,3594393896,3594393896,0
mcs50_b09_s60.A02,mcs50_b09_s60.B02,dal_dal,30,66,5073040818,1000.02,1,936238993,181.408,3394018865,3394018865,0
mcs50_b09_s60.A03,mcs50_b09_s60.B03,dal_dal,30,60,5042713831,1000.02,1,2282903711,428.659,3325397143,3325397143,0
mcs50_b09_s60.A04,mcs50_b09_s60.B04,dal_dal,29,54,4945786537,1000.02,1,1163845103,237.47,3207075431,3207075431,0
mcs50_b09_s60.A05,mcs50_b09_s60.B05,dal_dal,29,63,5458398824,1000.02,1,3274785668,595.121,3622804506,3622804506,0
mcs50_b09_s60.A06,mcs50_b09_s60.B06,dal_dal,28,56,5504756154,1000.02,1,58065087,9.8322,3616042852,3616042852,0
mcs50_b09_s60.A07,mcs50_b09_s60.B07,dal_dal,29,79,5215607780,1000.02,1,3056636551,578.517,3399263945,3399263945,0
mcs50_b09_s60.A08,mcs50_b09_s60.B08,dal_dal,28,64,5381994155,1000.01,1,1770102736,317.785,3468681862,3468681862,0
mcs50_b09_s60.A09,mcs50_b09_s60.B09,dal_dal,28,51,5523544924,1000.01,1,51077512,9.0356,3688903487,3688903487,0
mcs50_b09_s70.A00,mcs50_b09_s70.B00,dal_dal,32,78,5581528349,1000.01,1,21435779,3.27377,3567244283,3567244283,0
mcs50_b09_s70.A01,mcs50_b09_s70.B01,dal_dal,32,61,5585665545,1000.02,1,2010436934,351.737,3655442126,3655442126,0
mcs50_b09_s70.A02,mcs50_b09_s70.B02,dal_dal,32,70,5610253231,1000.02,1,46760076,7.42934,3631134791,3631134791,0
mcs50_b09_s70.A03,mcs50_b09_s70.B03,dal_dal,33,70,5511663089,1000.02,1,2137058713,377.048,3538293496,3538293496,0
mcs50_b09_s70.A04,mcs50_b09_s70.B04,dal_dal,32,66,5517874503,1000.02,1,2017472131,355.891,3625451325,3625451325,0
mcs50_b09_s70.A05,mcs50_b09_s70.B05,dal_dal,33,68,5569770669,1000.02,1,1952705877,348.862,3743127854,3743127854,0
mcs50_b09_s70.A06,mcs50_b09_s70.B06,dal_dal,32,65,5724535569,1000.02,1,176859440,27.7354,3756079078,3756079078,0
mcs50_b09_s70.A07,mcs50_b09_s70.B07,dal_dal,33,86,5732224328,1000.02,1,1904215726,322.023,3763414293,3763414293,0
mcs50_b09_s70.A08,mcs50_b09_s70.B08,dal_dal,33,81,4830995302,1000.01,1,3447859,0.706743,3190938076,3190938076,0
mcs50_b09_s70.A09,mcs50_b09_s70.B09,dal_dal,32,60,5855217871,1000.02,1,124813599,21.2415,3880894879,3880894879,0
mcs50_b09_s80.A00,mcs50_b09_s80.B00,dal_dal,35,67,6081833017,1000.02,1,149623748,24.3397,3910528957,3910528957,0
mcs50_b09_s80.A01,mcs50_b09_s80.B01,dal_dal,35,63,5739370348,1000.02,1,89442397,14.7263,3679102966,3679102966,0
mcs50_b09_s80.A02,mcs50_b09_s80.B02,dal_dal,37,87,5085991109,1000.01,1,4563118000,893.374,3284817141,3284817141,0
mcs50_b09_s80.A03,mcs50_b09_s80.B03,dal_dal,36,79,5854115858,1000.01,1,474510574,77.3512,3909905597,3909905597,0
mcs50_b09_s80.A04,mcs50_b09_s80.B04,dal_dal,37,86,5670642448,1000.01,1,3067092507,525.335,3738565969,3738565969,0
mcs50_b09_s80.A05,mcs50_b09_s80.B05,dal_dal,35,75,6001790676,1000.02,1,2526359919,415.188,4053581254,4053581254,0
mcs50_b09_s80.A06,mcs50_b09_s80.B06,dal_dal,36,72,5773784768,1000.01,1,535387030,90.6992,3785625018,3785625018,0
mcs50_b09_s80.A07,mcs50_b09_s80.B07,dal_dal,35,68,5415593887,1000.01,1,1966303271,359.286,3456803691,3456803691,0
mcs50_b09_s80.A08,mcs50_b09_s80.B08,dal_dal,37,78,5698637085,1000.01,1,2793343992,480.575,3836528593,3836528593,0
mcs50_b09_s80.A09,mcs50_b09_s80.B09,dal_dal,36,70,5678521762,1000.02,1,1874790620,325.646,3508260860,3508260860,0
mcs50_b09_s90.A00,mcs50_b09_s90.B00,dal_dal,38,74,5088824769,1000.02,1,147853863,28.7458,3353124779,3353124779,0
mcs50_b09_s90.A01,mcs50_b09_s90.B01,dal_dal,45,102,4818099351,1000.02,1,249681,0.04809,2924426490,2924426490,0
mcs50_b09_s90.A02,mcs50_b09_s90.B02,dal_dal,39,72,5324547648,1000.02,1,799262223,144.459,3384487661,3384487661,0
mcs50_b09_s90.A03,mcs50_b09_s90.B03,dal_dal,41,74,5192340292,1000,1,169707857,34.0526,3375339074,3375339074,0
mcs50_b09_s90.A04,mcs50_b09_s90.B04,dal_dal,41,80,5188283406,1000,1,237616844,44.28,3363557277,3363557277,0
mcs50_b09_s90.A05,mcs50_b09_s90.B05,dal_dal,40,97,5772295145,1000.02,1,1690523516,280.586,3852022503,3852022503,0
mcs50_b09_s90.A06,mcs50_b09_s90.B06,dal_dal,39,101,5933003127,1000.01,1,88608224,14.1847,3835818161,3835818161,0
mcs50_b09_s90.A07,mcs50_b09_s90.B07,dal_dal,40,89,5915431962,1000.02,1,2900294954,481.135,3934947779,3934947779,0
mcs50_b09_s90.A08,mcs50_b09_s90.B08,dal_dal,40,94,5504791383,1000.01,1,24220873,4.56872,3551661833,3551661833,0
mcs50_b09_s90.A09,mcs50_b09_s90.B09,dal_dal,41,85,5735883578,1000.01,1,2846690960,477.446,3720042386,3720042386,0
mcs50_b09m_s100.A00,mcs50_b09m_s100.B00,dal_dal,45,92,5648189895,1000.01,1,1983803824,332.744,3642380342,3642380342,0
mcs50_b09m_s100.A01,mcs50_b09m_s100.B01,dal_dal,44,91,5869906018,1000.01,1,111216441,18.6524,3705712787,3705712787,0
mcs50_b09m_s100.A02,mcs50_b09m_s100.B02,dal_dal,45,92,5895188541,1000.02,1,1117622172,178.77,3913139584,3913139584,0
mcs50_b09m_s100.A03,mcs50_b09m_s100.B03,dal_dal,43,88,6180286855,1000.02,1,356661568,56.8226,3982567596,3982567596,0
mcs50_b09m_s100.A04,mcs50_b09m_s100.B04,dal_dal,44,94,5328424028,1000.01,1,182174929,32.0609,3242938997,3242938997,0
mcs50_b09m_s100.A05,mcs50_b09m_s100.B05,dal_dal,44,105,5429906047,1000.02,1,618924017,107.57,3433867221,3433867221,0
mcs50_b09m_s100.A06,mcs50_b09m_s100.B06,dal_dal,46,109,5575828643,1000.02,1,1048877031,174.662,3518128826,3518128826,0
mcs50_b09m_s100.A07,mcs50_b09m_s100.B07,dal_dal,44,76,4816869912,1000.02,1,275649241,55.7531,2967102109,2967102109,0
mcs50_b09m_s100.A08,mcs50_b09m_s100.B08,dal_dal,46,96,5342200552,1000.02,1,4023590019,742.381,3204829269,3204829269,0
mcs50_b09m_s100.A09,mcs50_b09m_s100.B09,dal_dal,44,105,5370121821,1000.02,1,67435228,12.8918,3366948872,3366948872,0
mcs50_b09m_s20.A00,mcs50_b09m_s20.B00,dal_dal,12,24,116038,0.0253541,0,8470,0.00158155,75112,75112,0
mcs50_b09m_s20.A01,mcs50_b09m_s20.B01,dal_dal,12,27,88217,0.0174289,0,25526,0.00471234,59599,59599,0
mcs50_b09m_s20.A02,mcs50_b09m_s20.B02,dal_dal,12,29,93126,0.0240689,0,4193,0.000969842,61679,61679,0
mcs50_b09m_s20.A03,mcs50_b09m_s20.B03,dal_dal,12,30,111421,0.0276744,0,1728,0.000408706,74134,74134,0
mcs50_b09m_s20.A04,mcs50_b09m_s20.B04,dal_dal,12,32,107422,0.0202079,0,38696,0.00718742,73180,73180,0
mcs50_b09m_s20.A05,mcs50_b09m_s20.B05,dal_dal,13,31,55005,0.0106208,0,14448,0.00245188,36448,36448,0
mcs50_b09m_s20.A06,mcs50_b09m_s20.B06,dal_dal,12,29,107787,0.0197619,0,24182,0.00464763,70625,70625,0
mcs50_b09m_s20.A07,mcs50_b09m_s20.B07,dal_dal,12,33,122508,0.0228054,0,66096,0.0122037,78648,78648,0
mcs50_b09m_s20.A08,mcs50_b09m_s20.B08,dal_dal,12,29,89918,0.0179267,0,8234,0.00159819,59398,59398,0
mcs50_b09m_s20.A09,mcs50_b09m_s20.B09,dal_dal,12,31,115758,0.0234561,0,5060,0.000899533,76406,76406,0
mcs50_b09m_s25.A00,mcs50_b09m_s25.B00,dal_dal,14,36,2354941,0.513196,0,1241540,0.262769,1523967,1523967,0
mcs50_b09m_s25.A01,mcs50_b09m_s25.B01,dal_dal,14,34,1456753,0.323266,0,24423,0.0047276,942851,942851,0
mcs50_b09m_s25.A02,mcs50_b09m_s25.B02,dal_dal,14,39,2026992,0.373383,0,987587,0.177911,1294764,1294764,0
mcs50_b09m_s25.A03,mcs50_b09m_s25.B03,dal_dal,14,35,1873536,0.364983,0,36880,0.00662598,1181134,1181134,0
mcs50_b09m_s25.A04,mcs50_b09m_s25.B04,dal_dal,14,32,2815297,0.521658,0,2068980,0.3779,1763795,1763795,0
mcs50_b09m_s25.A05,mcs50_b09m_s25.B05,dal_dal,13,26,4647101,0.832856,0,22036,0.00376063,2997631,2997631,0
mcs50_b09m_s25.A06,mcs50_b09m_s25.B06,dal_dal,15,30,1048339,0.225614,0,565158,0.11886,695644,695644,0
mcs50_b09m_s25.A07,mcs50_b09m_s25.B07,dal_dal,14,32,1767963,0.351687,0,291194,0.055933,1130566,1130566,0
mcs50_b09m_s25.A08,mcs50_b09m_s25.B08,dal_dal,14,25,2303314,0.575945,0,774296,0.183427,1462809,1462809,0
mcs50_b09m_s25.A09,mcs50_b09m_s25.B09,dal_dal,14,22,3015015,0.753727,0,2196513,0.542017,1893780,1893780,0
mcs50_b09m_s30.A00,mcs50_b09m_s30.B00,dal_dal,16,31,32811827,7.80182,0,7091307,1.7404,20673720,20673720,0
mcs50_b09m_s30.A01,mcs50_b09m_s30.B01,dal_dal,16,40,46136432,10.9443,0,16408569,3.88755,29410370,29410370,0
mcs50_b09m_s30.A02,mcs50_b09m_s30.B02,dal_dal,17,43,10163462,2.01555,0,230411,0.0378312,6570753,6570753,0
mcs50_b09m_s30.A03,mcs50_b09m_s30.B03,dal_dal,16,38,29457598,5.81225,0,996812,0.180884,18596159,18596159,0
mcs50_b09m_s30.A04,mcs50_b09m_s30.B04,dal_dal,16,36,21563442,4.21263,0,424523,0.074588,14081403,14081403,0
mcs50_b09m_s30.A05,mcs50_b09m_s30.B05,dal_dal,16,30,33292032,5.97035,0,16593238,2.95563,21543011,21543011,0
mcs50_b09m_s30.A06,mcs50_b09m_s30.B06,dal_dal,16,31,24790655,5.30896,0,6074327,1.26635,16077255,16077255,0
mcs50_b09m_s30.A07,mcs50_b09m_s30.B07,dal_dal,16,35,29235077,6.14574,0,1237488,0.229459,18741935,18741935,0
mcs50_b09m_s30.A08,mcs50_b09m_s30.B08,dal_dal,16,33,30150018,7.01331,0,1748603,0.413154,19154204,19154204,0
mcs50_b09m_s30.A09,mcs50_b09m_s30.B09,dal_dal,16,33,33366594,7.85728,0,1898347,0.445683,21249544,21249544,0
mcs50_b09m_s35.A00,mcs50_b09m_s35.B00,dal_dal,19,41,308568084,70.705,0,172157362,38.0908,200008654,200008654,0
mcs50_b09m_s35.A01,mcs50_b09m_s35.B01,dal_dal,19,38,207448924,48.5384,0,23065308,4.86894,136005169,136005169,0
mcs50_b09m_s35.A02,mcs50_b09m_s35.B02,dal_dal,18,38,419831873,80.0666,0,132925,0.0232628,272573820,272573820,0
mcs50_b09m_s35.A03,mcs50_b09m_s35.B03,dal_dal,18,36,727432527,139.334,0,63773896,11.3324,477613483,477613483,0
mcs50_b09m_s35.A04,mcs50_b09m_s35.B04,dal_dal,19,53,354807686,71.3754,0,149446138,29.0908,228996836,228996836,0
mcs50_b09m_s35.A05,mcs50_b09m_s35.B05,dal_dal,18,37,792050870,153.33,0,506822,0.0833516,510124344,510124344,0
mcs50_b09m_s35.A06,mcs50_b09m_s35.B06,dal_dal,19,37,366678077,67.6025,0,325543511,59.4076,239152109,239152109,0
mcs50_b09m_s35.A07,mcs50_b09m_s35.B07,dal_dal,19,47,193503065,37.4517,0,55515106,10.4121,125895563,125895563,0
mcs50_b09m_s35.A08,mcs50_b09m_s35.B08,dal_dal,18,45,540824069,114.965,0,5263035,1.07486,341951740,341951740,0
mcs50_b09m_s35.A09,mcs50_b09m_s35.B09,dal_dal,19,28,222532579,49.2141,0,7447479,1.5472,144110389,144110389,0
mcs50_b09m_s40.A00,mcs50_b09m_s40.B00,dal_dal,22,61,952575617,193.691,0,133554949,24.1448,619167987,619167987,0
mcs50_b09m_s40.A01,mcs50_b09m_s40.B01,dal_dal,23,53,572649964,115.952,0,243196847,45.3412,371040497,371040497,0
mcs50_b09m_s40.A02,mcs50_b09m_s40.B02,dal_dal,22,50,3099507779,595.779,0,2415625800,457.238,2023622967,2023622967,0
mcs50_b09m_s40.A03,mcs50_b09m_s40.B03,dal_dal,23,60,1373670224,274.976,0,1056386633,205.579,880137764,880137764,0
mcs50_b09m_s40.A04,mcs50_b09m_s40.B04,dal_dal,22,56,2436118408,467.104,0,1923366053,361.617,1624476049,1624476049,0
mcs50_b09m_s40.A05,mcs50_b09m_s40.B05,dal_dal,22,49,3601341474,736.337,0,1646455298,317.318,2325740655,2325740655,0
mcs50_b09m_s40.A06,mcs50_b09m_s40.B06,dal_dal,22,61,1926044664,464.63,0,908015272,209.376,1265551806,1265551806,0
mcs50_b09m_s40.A07,mcs50_b09m_s40.B07,dal_dal,22,59,1758998687,425.611,0,1211762731,291.037,1158515108,1158515108,0
mcs50_b09m_s40.A08,mcs50_b09m_s40.B08,dal_dal,22,63,1792306349,398.322,0,794882182,172.327,1152253163,1152253163,0
mcs50_b09m_s40.A09,mcs50_b09m_s40.B09,dal_dal,20,43,4731047329,1000.02,1,17718452,3.61323,3059631457,3059631457,0
mcs50_b09m_s50.A00,mcs50_b09m_s50.B00,dal_dal,24,49,5277235947,1000.01,1,72167432,14.5035,3469654148,3469654148,0
mcs50_b09m_s50.A01,mcs50_b09m_s50.B01,dal_dal,25,60,5183500806,1000.01,1,1202073763,230.681,3333878980,3333878980,0
mcs50_b09m_s50.A02,mcs50_b09m_s50.B02,dal_dal,25,46,4516355266,1000.01,1,1941243216,429.823,2955610464,2955610464,0
mcs50_b09m_s50.A03,mcs50_b09m_s50.B03,dal_dal,26,60,5195990908,1000.02,1,3020979207,572.149,3358479901,3358479901,0
mcs50_b09m_s50.A04,mcs50_b09m_s50.B04,dal_dal,25,57,4507954848,1000.02,1,138636066,28.9958,2997688326,2997688326,0
mcs50_b09m_s50.A05,mcs50_b09m_s50.B05,dal_dal,25,54,5412452544,1000.02,1,1518784192,267.415,3551400458,3551400458,0
mcs50_b09m_s50.A06,mcs50_b09m_s50.B06,dal_dal,26,62,4867545983,1000.02,1,3816161567,781.656,3155209667,3155209667,0
mcs50_b09m_s50.A07,mcs50_b09m_s50.B07,dal_dal,25,61,5376059068,1000.01,1,227167957,40.0939,3581107882,3581107882,0
mcs50_b09m_s50.A08,mcs50_b09m_s50.B08,dal_dal,25,53,5543029938,1000.02,1,2304446806,406.365,3555347145,3555347145,0
mcs50_b09m_s50.A09,mcs50_b09m_s50.B09,dal_dal,25,65,5338005612,1000.02,1,379977572,66.5568,3407228209,3407228209,0
mcs50_b09m_s60.A00,mcs50_b09m_s60.B00,dal_dal,29,72,5172071780,1000.02,1,2347818092,446.294,3347558761,3347558761,0
mcs50_b09m_s60.A01,mcs50_b09m_s60.B01,dal_dal,29,61,5597876103,1000.01,1,243076918,41.5978,3720580804,3720580804,0
mcs50_b09m_s60.A02,mcs50_b09m_s60.B02,dal_dal,30,71,5236572029,1000.02,1,2355375660,439.744,3455580207,3455580207,0
mcs50_b09m_s60.A03,mcs50_b09m_s60.B03,dal_dal,29,60,4505868511,1000.02,1,1263095158,278.986,2976758856,2976758856,0
mcs50_b09m_s60.A04,mcs50_b09m_s60.B04,dal_dal,27,66,5658644436,1000.02,1,1130840,0.190354,3791764290,3791764290,0
mcs50_b09m_s60.A05,mcs50_b09m_s60.B05,dal_dal,29,63,5545441371,1000.01,1,1414219030,256.787,3668558823,3668558823,0
mcs50_b09m_s60.A06,mcs50_b09m_s60.B06,dal_dal,29,66,5624832255,1000.01,1,126687859,20.7192,3658682322,3658682322,0
mcs50_b09m_s60.A07,mcs50_b09m_s60.B07,dal_dal,29,77,5358374787,1000.02,1,2158730843,396.617,3473753368,3473753368,0
mcs50_b09m_s60.A08,mcs50_b09m_s60.B08,dal_dal,28,61,5370367862,1000.01,1,68457836,11.8282,3408188854,3408188854,0
mcs50_b09m_s60.A09,mcs50_b09m_s60.B09,dal_dal,28,56,5525394956,1000.01,1,5564693,0.957597,3470832991,3470832991,0
mcs50_b09m_s70.A00,mcs50_b09m_s70.B00,dal_dal,32,66,5511636156,1000.02,1,11008077,1.84364,3633254355,3633254355,0
mcs50_b09m_s70.A01,mcs50_b09m_s70.B01,dal_dal,33,84,5184979916,1000.01,1,1400231631,263.458,3340830337,3340830337,0
mcs50_b09m_s70.A02,mcs50_b09m_s70.B02,dal_dal,33,87,5684880757,1000.01,1,1303615582,227.701,3607656401,3607656401,0
mcs50_b09m_s70.A03,mcs50_b09m_s70.B03,dal_dal,34,74,5671498134,1000.02,1,1175204912,201.899,3663300269,3663300269,0
mcs50_b09m_s70.A04,mcs50_b09m_s70.B04,dal_dal,32,64,5736056206,1000.01,1,193327248,33.2589,3726157430,3726157430,0
mcs50_b09m_s70.A05,mcs50_b09m_s70.B05,dal_dal,33,75,5519995572,1000.02,1,5457758364,988.78,3511397109,3511397109,0
mcs50_b09m_s70.A06,mcs50_b09m_s70.B06,dal_dal,32,74,5693573190,1000.02,1,432980938,77.6126,3751550915,3751550915,0
mcs50_b09m_s70.A07,mcs50_b09m_s70.B07,dal_dal,33,66,5350298571,1000.01,1,14911429,2.25935,3406569833,3406569833,0
mcs50_b09m_s70.A08,mcs50_b09m_s70.B08,dal_dal,33,68,5394317230,1000.02,1,34352463,5.67624,3430176923,3430176923,0
mcs50_b09m_s70.A09,mcs50_b09m_s70.B09,dal_dal,33,71,5485106973,1000.02,1,5212651802,953.243,3602996522,3602996522,0
mcs50_b09m_s80.A00,mcs50_b09m_s80.B00,dal_dal,37,77,5362441412,1000.01,1,3581189391,652.381,3461226827,3461226827,0
mcs50_b09m_s80.A01,mcs50_b09m_s80.B01,dal_dal,35,62,5951788117,1000.02,1,1270717483,212.043,3746604303,3746604303,0
mcs50_b09m_s80.A02,mcs50_b09m_s80.B02,dal_dal,37,75,5626722019,1000.01,1,782187135,136.154,3597874910,3597874910,0
mcs50_b09m_s80.A03,mcs50_b09m_s80.B03,dal_dal,37,78,5916416633,1000.01,1,951478989,147.865,3940908426,3940908426,0
mcs50_b09m_s80.A04,mcs50_b09m_s80.B04,dal_dal,38,96,5710537479,1000.02,1,3790676537,653.855,3657073505,3657073505,0
mcs50_b09m_s80.A05,mcs50_b09m_s80.B05,dal_dal,37,85,5538982898,1000.02,1,503877782,89.3806,3446964109,3446964109,0
mcs50_b09m_s80.A06,mcs50_b09m_s80.B06,dal_dal,36,61,5689040957,1000.01,1,1091651939,186.888,3653660759,3653660759,0
mcs50_b09m_s80.A07,mcs50_b09m_s80.B07,dal_dal,37,82,5386138611,1000.01,1,679364312,116.975,3402208188,3402208188,0
mcs50_b09m_s80.A08,mcs50_b09m_s80.B08,dal_dal,37,76,5298612256,1000.01,1,117305601,20.36,3322427789,3322427789,0
mcs50_b09m_s80.A09,mcs50_b09m_s80.B09,dal_dal,36,88,5894421625,1000.02,1,511491524,80.3113,3776654694,3776654694,0
mcs50_b09m_s90.A00,mcs50_b09m_s90.B00,dal_dal,41,82,5207775369,1000.02,1,893837823,159.918,3234252440,3234252440,0
mcs50_b09m_s90.A01,mcs50_b09m_s90.B01,dal_dal,41,76,6052619309,1000.02,1,3325478636,542.872,3797761347,3797761347,0
mcs50_b09m_s90.A02,mcs50_b09m_s90.B02,dal_dal,40,99,5281944355,1000.02,1,195387903,34.18,3410005639,3410005639,0
mcs50_b09m_s90.A03,mcs50_b09m_s90.B03,dal_dal,40,78,4970021294,1000.01,1,3450442394,680.449,3091890285,3091890285,0
mcs50_b09m_s90.A04,mcs50_b09m_s90.B04,dal_dal,39,76,5654959194,1000.02,1,1370035709,241.229,3689502701,3689502701,0
mcs50_b09m_s90.A05,mcs50_b09m_s90.B05,dal_dal,40,94,5376198993,1000.02,1,297676648,52.4369,3324367628,3324367628,0
mcs50_b09m_s90.A06,mcs50_b09m_s90.B06,dal_dal,40,70,5372141803,1000.02,1,3980693266,738.449,3338969369,3338969369,0
mcs50_b09m_s90.A07,mcs50_b09m_s90.B07,dal_dal,39,84,5728586322,1000.01,1,1497030990,261.201,3579535108,3579535108,0
mcs50_b09m_s90.A08,mcs50_b09m_s90.B08,dal_dal,40,83,5667275737,1000.01,1,10225697,1.58929,3630299455,3630299455,0
mcs50_b09m_s90.A09,mcs50_b09m_s90.B09,dal_dal,42,87,5666542662,1000.01,1,496934514,77.4558,3642139155,3642139155,0
mcs50_m2D_s10.A00,mcs50_m2D_s10.B00,dal_dal,8,8,318,6.76E-05,0,198,3.21E-05,202,202,0
mcs50_m2D_s10.A01,mcs50_m2D_s10.B01,dal_dal,8,7,262,6.98E-05,0,132,2.37E-05,176,176,0
mcs50_m2D_s10.A02,mcs50_m2D_s10.B02,dal_dal,8,9,192,5.25E-05,0,90,1.87E-05,129,129,0
mcs50_m2D_s10.A03,mcs50_m2D_s10.B03,dal_dal,7,7,873,0.000120571,0,226,2.82E-05,601,601,0
mcs50_m2D_s10.A04,mcs50_m2D_s10.B04,dal_dal,8,8,221,5.92E-05,0,92,1.86E-05,149,149,0
mcs50_m2D_s10.A05,mcs50_m2D_s10.B05,dal_dal,7,7,792,0.000109986,0,197,2.76E-05,530,530,0
mcs50_m2D_s10.A06,mcs50_m2D_s10.B06,dal_dal,8,9,483,8.34E-05,0,425,4.91E-05,291,291,0
mcs50_m2D_s10.A07,mcs50_m2D_s10.B07,dal_dal,7,7,692,0.000115713,0,19,9.95E-06,455,455,0
mcs50_m2D_s10.A08,mcs50_m2D_s10.B08,dal_dal,7,8,400,8.18E-05,0,8,6.87E-06,268,268,0
mcs50_m2D_s10.A09,mcs50_m2D_s10.B09,dal_dal,8,11,227,6.40E-05,0,103,2.11E-05,152,152,0
mcs50_m2D_s100.A00,mcs50_m2D_s100.B00,dal_dal,62,68,11447738316,1000.01,1,118504217,9.84313,10296289737,10296289737,0
mcs50_m2D_s100.A01,mcs50_m2D_s100.B01,dal_dal,68,89,7540403188,1000.02,1,5260990183,648.698,5518567555,5518567555,0
mcs50_m2D_s100.A02,mcs50_m2D_s100.B02,dal_dal,65,73,9021656453,1000.02,1,8177538499,869.845,7116586420,7116586420,0
mcs50_m2D_s100.A03,mcs50_m2D_s100.B03,dal_dal,67,82,6981431921,1000.02,1,2184616909,288.913,4915174911,4915174911,0
mcs50_m2D_s100.A04,mcs50_m2D_s100.B04,dal_dal,62,82,8100119162,1000.01,1,1999872397,206.748,6562253522,6562253522,0
mcs50_m2D_s100.A05,mcs50_m2D_s100.B05,dal_dal,66,92,7671429746,1000.02,1,7249749201,934.506,5619066918,5619066918,0
mcs50_m2D_s100.A06,mcs50_m2D_s100.B06,dal_dal,65,79,6607532166,1000.02,1,166540232,17.337,4781550388,4781550388,0
mcs50_m2D_s100.A07,mcs50_m2D_s100.B07,dal_dal,66,88,12804561745,1000.02,1,10866471293,692.459,10830816264,10830816264,0
mcs50_m2D_s100.A08,mcs50_m2D_s100.B08,dal_dal,67,73,12417687061,1000.02,1,11256734398,820.978,9962424086,9962424086,0
mcs50_m2D_s100.A09,mcs50_m2D_s100.B09,dal_dal,64,76,7968560239,1000.01,1,4467652420,483.577,6153917039,6153917039,0
mcs50_m2D_s20.A00,mcs50_m2D_s20.B00,dal_dal,15,16,43823,0.00574984,0,19422,0.00241336,29132,29132,0
mcs50_m2D_s20.A01,mcs50_m2D_s20.B01,dal_dal,15,15,71017,0.0093818,0,18183,0.00225568,46754,46754,0
mcs50_m2D_s20.A02,mcs50_m2D_s20.B02,dal_dal,15,14,86164,0.0107898,0,17567,0.00211576,54016,54016,0
mcs50_m2D_s20.A03,mcs50_m2D_s20.B03,dal_dal,15,17,26919,0.00350069,0,320,5.38E-05,17385,17385,0
mcs50_m2D_s20.A04,mcs50_m2D_s20.B04,dal_dal,15,18,41741,0.00535383,0,13388,0.00157609,27248,27248,0
mcs50_m2D_s20.A05,mcs50_m2D_s20.B05,dal_dal,15,16,108010,0.0132369,0,41383,0.00449964,73328,73328,0
mcs50_m2D_s20.A06,mcs50_m2D_s20.B06,dal_dal,15,15,43727,0.00612099,0,535,8.63E-05,27534,27534,0
mcs50_m2D_s20.A07,mcs50_m2D_s20.B07,dal_dal,15,15,51842,0.00718412,0,21387,0.00298076,34611,34611,0
mcs50_m2D_s20.A08,mcs50_m2D_s20.B08,dal_dal,15,20,69565,0.00831704,0,53224,0.00618601,47248,47248,0
mcs50_m2D_s20.A09,mcs50_m2D_s20.B09,dal_dal,16,18,55686,0.00706323,0,46539,0.00581198,34766,34766,0
mcs50_m2D_s30.A00,mcs50_m2D_s30.B00,dal_dal,22,27,5477891,0.726921,0,53923,0.00689964,3801158,3801158,0
mcs50_m2D_s30.A01,mcs50_m2D_s30.B01,dal_dal,23,35,2498365,0.33995,0,1261339,0.166679,1681913,1681913,0
mcs50_m2D_s30.A02,mcs50_m2D_s30.B02,dal_dal,22,28,6721282,0.906584,0,73303,0.0099834,4432888,4432888,0
mcs50_m2D_s30.A03,mcs50_m2D_s30.B03,dal_dal,23,28,11510352,1.49085,0,11196057,1.44689,7654452,7654452,0
mcs50_m2D_s30.A04,mcs50_m2D_s30.B04,dal_dal,23,29,4554333,0.597565,0,4150784,0.540186,3018611,3018611,0
mcs50_m2D_s30.A05,mcs50_m2D_s30.B05,dal_dal,22,24,6315002,0.811124,0,1642510,0.197492,4164337,4164337,0
mcs50_m2D_s30.A06,mcs50_m2D_s30.B06,dal_dal,22,31,8944640,1.18062,0,1335474,0.166956,5952347,5952347,0
mcs50_m2D_s30.A07,mcs50_m2D_s30.B07,dal_dal,22,27,22103429,2.74045,0,216421,0.024415,14688233,14688233,0
mcs50_m2D_s30.A08,mcs50_m2D_s30.B08,dal_dal,22,28,11776666,1.57999,0,122784,0.0149511,7932860,7932860,0
mcs50_m2D_s30.A09,mcs50_m2D_s30.B09,dal_dal,23,25,2701276,0.365078,0,1661412,0.220089,1812050,1812050,0
mcs50_m2D_s40.A00,mcs50_m2D_s40.B00,dal_dal,31,37,256106153,36.8651,0,233547699,33.4857,173938010,173938010,0
mcs50_m2D_s40.A01,mcs50_m2D_s40.B01,dal_dal,30,39,770150230,109.613,0,13929995,1.86167,513968447,513968447,0
mcs50_m2D_s40.A02,mcs50_m2D_s40.B02,dal_dal,31,41,57313981,8.4737,0,48868119,7.17088,39389469,39389469,0
mcs50_m2D_s40.A03,mcs50_m2D_s40.B03,dal_dal,30,40,687142439,102.41,0,476401980,69.4255,462260955,462260955,0
mcs50_m2D_s40.A04,mcs50_m2D_s40.B04,dal_dal,30,37,375627733,53.379,0,22371599,2.97621,255193937,255193937,0
mcs50_m2D_s40.A05,mcs50_m2D_s40.B05,dal_dal,30,34,433156163,62.2416,0,15134241,2.04652,291840796,291840796,0
mcs50_m2D_s40.A06,mcs50_m2D_s40.B06,dal_dal,30,37,411617144,58.5743,0,6125427,0.821208,281726360,281726360,0
mcs50_m2D_s40.A07,mcs50_m2D_s40.B07,dal_dal,30,39,430417378,61.7984,0,205011381,28.3751,299246146,299246146,0
mcs50_m2D_s40.A08,mcs50_m2D_s40.B08,dal_dal,30,38,668211819,92.5926,0,518788608,70.7827,454547201,454547201,0
mcs50_m2D_s40.A09,mcs50_m2D_s40.B09,dal_dal,30,39,183229829,25.6993,0,93448860,12.7882,126029788,126029788,0
mcs50_m2D_s50.A00,mcs50_m2D_s50.B00,dal_dal,38,52,6657294954,1000.02,1,2466274818,359.16,4587233509,4587233509,0
mcs50_m2D_s50.A01,mcs50_m2D_s50.B01,dal_dal,36,52,6900393803,1000.02,1,3279106849,464.742,4618668372,4618668372,0
mcs50_m2D_s50.A02,mcs50_m2D_s50.B02,dal_dal,37,48,6671920106,1000.02,1,56140606,7.71579,4505745336,4505745336,0
mcs50_m2D_s50.A03,mcs50_m2D_s50.B03,dal_dal,36,36,7030477013,1000.02,1,1094220246,146.887,4843220669,4843220669,0
mcs50_m2D_s50.A04,mcs50_m2D_s50.B04,dal_dal,37,49,6884448823,1000.02,1,2230914323,309.017,4724614464,4724614464,0
mcs50_m2D_s50.A05,mcs50_m2D_s50.B05,dal_dal,36,44,6994654879,1000.02,1,38223553,5.11319,4899425919,4899425919,0
mcs50_m2D_s50.A06,mcs50_m2D_s50.B06,dal_dal,36,39,6958705284,1000.02,1,823891455,116.907,4784084477,4784084477,0
mcs50_m2D_s50.A07,mcs50_m2D_s50.B07,dal_dal,36,45,7028806862,1000.02,1,294024978,40.1046,4806013867,4806013867,0
mcs50_m2D_s50.A08,mcs50_m2D_s50.B08,dal_dal,38,47,6843299234,1000.02,1,6390407756,931.494,4724026702,4724026702,0
mcs50_m2D_s50.A09,mcs50_m2D_s50.B09,dal_dal,36,48,6878079086,1000.02,1,400511022,56.0634,4770850131,4770850131,0
mcs50_m2D_s60.A00,mcs50_m2D_s60.B00,dal_dal,43,51,6452599903,1000.02,1,17008685,2.29019,4556733840,4556733840,0
mcs50_m2D_s60.A01,mcs50_m2D_s60.B01,dal_dal,43,53,6972436172,1000.02,1,14486415,0.884489,4807749500,4807749500,0
mcs50_m2D_s60.A02,mcs50_m2D_s60.B02,dal_dal,42,51,3420003503,1000.01,1,1766883222,509.74,2408095062,2408095062,0
mcs50_m2D_s60.A03,mcs50_m2D_s60.B03,dal_dal,43,53,5416665669,1000.01,1,180936711,21.631,3787103121,3787103121,0
mcs50_m2D_s60.A04,mcs50_m2D_s60.B04,dal_dal,43,51,6513156457,1000.01,1,891439946,127.792,4648645837,4648645837,0
mcs50_m2D_s60.A05,mcs50_m2D_s60.B05,dal_dal,44,56,6608759934,1000.03,1,3927984949,581.46,4531722533,4531722533,0
mcs50_m2D_s60.A06,mcs50_m2D_s60.B06,dal_dal,42,60,6877471522,1000.02,1,682086391,93.5931,4745079058,4745079058,0
mcs50_m2D_s60.A07,mcs50_m2D_s60.B07,dal_dal,42,49,5693206949,1000.02,1,493754463,80.1714,3986113455,3986113455,0
mcs50_m2D_s60.A08,mcs50_m2D_s60.B08,dal_dal,43,57,6858920792,1000.01,1,1037065665,129.044,4840011275,4840011275,0
mcs50_m2D_s60.A09,mcs50_m2D_s60.B09,dal_dal,44,52,6653366858,1000.01,1,2949391249,435.117,4681790676,4681790676,0
mcs50_m2D_s70.A00,mcs50_m2D_s70.B00,dal_dal,49,62,6623502276,1000.01,1,5919333743,889.893,4626541954,4626541954,0
mcs50_m2D_s70.A01,mcs50_m2D_s70.B01,dal_dal,49,55,3329861634,1000.02,1,34984540,9.27948,2293512723,2293512723,0
mcs50_m2D_s70.A02,mcs50_m2D_s70.B02,dal_dal,49,68,3478400974,1000.01,1,1445497095,396.37,2397475763,2397475763,0
mcs50_m2D_s70.A03,mcs50_m2D_s70.B03,dal_dal,49,69,3444225532,1000,1,3136531162,904.002,2461138535,2461138535,0
mcs50_m2D_s70.A04,mcs50_m2D_s70.B04,dal_dal,47,59,7032120783,1000.02,1,2640998638,365.82,4911717994,4911717994,0
mcs50_m2D_s70.A05,mcs50_m2D_s70.B05,dal_dal,50,58,5882080582,1000.01,1,9997972,1.49245,4046021294,4046021294,0
mcs50_m2D_s70.A06,mcs50_m2D_s70.B06,dal_dal,48,66,3338029562,1000.02,1,17751875,4.89525,2342502524,2342502524,0
mcs50_m2D_s70.A07,mcs50_m2D_s70.B07,dal_dal,51,69,6102687349,1000.02,1,708339536,105.121,4235236525,4235236525,0
mcs50_m2D_s70.A08,mcs50_m2D_s70.B08,dal_dal,49,65,8244797399,1000.02,1,5419830411,573.625,6138397036,6138397036,0
mcs50_m2D_s70.A09,mcs50_m2D_s70.B09,dal_dal,47,49,6042062445,1000.01,1,232368648,35.0901,4342414770,4342414770,0
mcs50_m2D_s80.A00,mcs50_m2D_s80.B00,dal_dal,54,69,5817086336,1000.02,1,1749081133,294.271,4236498769,4236498769,0
mcs50_m2D_s80.A01,mcs50_m2D_s80.B01,dal_dal,54,77,6905491046,1000.02,1,2648589565,349.855,5244369892,5244369892,0
mcs50_m2D_s80.A02,mcs50_m2D_s80.B02,dal_dal,51,56,6990758525,1000.02,1,6656985,0.843397,4950655893,4950655893,0
mcs50_m2D_s80.A03,mcs50_m2D_s80.B03,dal_dal,55,71,6712623160,1000.02,1,842851665,115.077,4604383187,4604383187,0
mcs50_m2D_s80.A04,mcs50_m2D_s80.B04,dal_dal,56,72,6409862033,1000.02,1,3429755769,484.859,4689350607,4689350607,0
mcs50_m2D_s80.A05,mcs50_m2D_s80.B05,dal_dal,55,71,6216217813,1000.01,1,1324739235,208.21,4277377759,4277377759,0
mcs50_m2D_s80.A06,mcs50_m2D_s80.B06,dal_dal,53,68,6841851014,1000.02,1,907976393,125.396,4946360669,4946360669,0
mcs50_m2D_s80.A07,mcs50_m2D_s80.B07,dal_dal,55,74,6793047407,1000.01,1,23350241,2.43505,4495845961,4495845961,0
mcs50_m2D_s80.A08,mcs50_m2D_s80.B08,dal_dal,55,71,11980551739,1000.01,1,10474600553,771.745,9943849611,9943849611,0
mcs50_m2D_s80.A09,mcs50_m2D_s80.B09,dal_dal,50,64,17076668020,1000.01,1,16320075,0.88209,14853551643,14853551643,0
mcs50_m2D_s90.A00,mcs50_m2D_s90.B00,dal_dal,58,73,8191794072,1000.01,1,926574203,121.115,7173649935,7173649935,0
mcs50_m2D_s90.A01,mcs50_m2D_s90.B01,dal_dal,57,64,16355611113,1000.02,1,2796837899,138.869,14098227219,14098227219,0
mcs50_m2D_s90.A02,mcs50_m2D_s90.B02,dal_dal,61,79,6497445179,1000.01,1,1542104967,230.991,3943494926,3943494926,0
mcs50_m2D_s90.A03,mcs50_m2D_s90.B03,dal_dal,60,74,6668684216,1000.02,1,2800291700,397.775,4728529766,4728529766,0
mcs50_m2D_s90.A04,mcs50_m2D_s90.B04,dal_dal,58,78,6924632472,1000.02,1,1009788531,138.557,5047124310,5047124310,0
mcs50_m2D_s90.A05,mcs50_m2D_s90.B05,dal_dal,58,70,7666295684,1000.01,1,4446237197,534.047,5702828996,5702828996,0
mcs50_m2D_s90.A06,mcs50_m2D_s90.B06,dal_dal,59,71,7132627534,1000.02,1,4284900483,591.533,5046787380,5046787380,0
mcs50_m2D_s90.A07,mcs50_m2D_s90.B07,dal_dal,59,76,6970584741,1000.02,1,4857070911,669.942,5148002696,5148002696,0
mcs50_m2D_s90.A08,mcs50_m2D_s90.B08,dal_dal,59,74,6940013229,1000.02,1,653241089,68.2952,4915874154,4915874154,0
mcs50_m2D_s90.A09,mcs50_m2D_s90.B09,dal_dal,60,74,6602631269,1000.02,1,313385267,44.8734,4692095338,4692095338,0
mcs50_m2Dr2_s100.A00,mcs50_m2Dr2_s100.B00,dal_dal,63,83,7155976678,1000.01,1,164669821,20.6469,4824745257,4824745257,0
mcs50_m2Dr2_s100.A01,mcs50_m2Dr2_s100.B01,dal_dal,54,70,22162103371,1000.01,1,55,6.17E-05,16216471942,16216471942,0
mcs50_m2Dr2_s100.A02,mcs50_m2Dr2_s100.B02,dal_dal,60,82,12236288723,1000.02,1,5464053,0.689302,10721140095,10721140095,0
mcs50_m2Dr2_s100.A03,mcs50_m2Dr2_s100.B03,dal_dal,64,94,6478349131,1000.02,1,2000779194,300.095,4513115631,4513115631,0
mcs50_m2Dr2_s100.A04,mcs50_m2Dr2_s100.B04,dal_dal,62,71,5924579605,1000.02,1,602716583,100.616,4337895587,4337895587,0
mcs50_m2Dr2_s100.A05,mcs50_m2Dr2_s100.B05,dal_dal,61,81,9795638625,1000.02,1,6261116596,600.825,8313665211,8313665211,0
mcs50_m2Dr2_s100.A06,mcs50_m2Dr2_s100.B06,dal_dal,60,75,6623168935,1000.02,1,5875352,0.743822,4808509581,4808509581,0
mcs50_m2Dr2_s100.A07,mcs50_m2Dr2_s100.B07,dal_dal,65,86,6670682039,1000.01,1,91258096,9.06633,4546956151,4546956151,0
mcs50_m2Dr2_s100.A08,mcs50_m2Dr2_s100.B08,dal_dal,63,88,5812216944,1000.01,1,258161633,42.3091,4225178902,4225178902,0
mcs50_m2Dr2_s100.A09,mcs50_m2Dr2_s100.B09,dal_dal,65,94,6821609776,1000.01,1,4043988337,514.99,5051302131,5051302131,0
mcs50_m2Dr2_s20.A00,mcs50_m2Dr2_s20.B00,dal_dal,15,18,54056,0.00870124,0,48238,0.00771401,34387,34387,0
mcs50_m2Dr2_s20.A01,mcs50_m2Dr2_s20.B01,dal_dal,14,16,181435,0.0221894,0,75183,0.00849294,118634,118634,0
mcs50_m2Dr2_s20.A02,mcs50_m2Dr2_s20.B02,dal_dal,15,21,27692,0.00354799,0,12710,0.00153108,18897,18897,0
mcs50_m2Dr2_s20.A03,mcs50_m2Dr2_s20.B03,dal_dal,15,20,26586,0.00364332,0,1721,0.000210848,17443,17443,0
mcs50_m2Dr2_s20.A04,mcs50_m2Dr2_s20.B04,dal_dal,14,15,142272,0.0178486,0,3963,0.000470957,93041,93041,0
mcs50_m2Dr2_s20.A05,mcs50_m2Dr2_s20.B05,dal_dal,15,19,122631,0.0154876,0,105376,0.0131307,79003,79003,0
mcs50_m2Dr2_s20.A06,mcs50_m2Dr2_s20.B06,dal_dal,15,16,45333,0.00608074,0,15927,0.00199051,30466,30466,0
mcs50_m2Dr2_s20.A07,mcs50_m2Dr2_s20.B07,dal_dal,14,16,221805,0.0272871,0,2272,0.000274063,142735,142735,0
mcs50_m2Dr2_s20.A08,mcs50_m2Dr2_s20.B08,dal_dal,14,17,178761,0.0230489,0,4216,0.000521813,114783,114783,0
mcs50_m2Dr2_s20.A09,mcs50_m2Dr2_s20.B09,dal_dal,15,17,20965,0.00288994,0,7558,0.00101922,13381,13381,0
mcs50_m2Dr2_s30.A00,mcs50_m2Dr2_s30.B00,dal_dal,22,30,9579834,1.30776,0,8288144,1.12261,6272066,6272066,0
mcs50_m2Dr2_s30.A01,mcs50_m2Dr2_s30.B01,dal_dal,22,27,2040924,0.29405,0,631338,0.0874538,1424432,1424432,0
mcs50_m2Dr2_s30.A02,mcs50_m2Dr2_s30.B02,dal_dal,22,25,7302625,0.998354,0,2357804,0.304963,4863986,4863986,0
mcs50_m2Dr2_s30.A03,mcs50_m2Dr2_s30.B03,dal_dal,22,36,4850946,0.664694,0,3113812,0.419389,3258508,3258508,0
mcs50_m2Dr2_s30.A04,mcs50_m2Dr2_s30.B04,dal_dal,22,32,11575108,1.58369,0,10705057,1.45593,7677963,7677963,0
mcs50_m2Dr2_s30.A05,mcs50_m2Dr2_s30.B05,dal_dal,22,29,7081546,1.07611,0,3402450,0.509729,4801862,4801862,0
mcs50_m2Dr2_s30.A06,mcs50_m2Dr2_s30.B06,dal_dal,22,31,5645146,0.92464,0,884607,0.127338,3814117,3814117,0
mcs50_m2Dr2_s30.A07,mcs50_m2Dr2_s30.B07,dal_dal,21,30,13146927,1.83035,0,161342,0.022183,8717113,8717113,0
mcs50_m2Dr2_s30.A08,mcs50_m2Dr2_s30.B08,dal_dal,22,28,8289303,1.18425,0,4344268,0.601814,5416790,5416790,0
mcs50_m2Dr2_s30.A09,mcs50_m2Dr2_s30.B09,dal_dal,22,28,12384847,1.70573,0,5731968,0.763973,8295940,8295940,0
mcs50_m2Dr2_s40.A00,mcs50_m2Dr2_s40.B00,dal_dal,29,40,296546352,45.0076,0,59891397,8.68632,203352262,203352262,0
mcs50_m2Dr2_s40.A01,mcs50_m2Dr2_s40.B01,dal_dal,29,43,1039535618,154.04,0,306403415,43.8663,702605920,702605920,0
mcs50_m2Dr2_s40.A02,mcs50_m2Dr2_s40.B02,dal_dal,28,35,2928229994,415.92,0,28261575,3.4875,2010378729,2010378729,0
mcs50_m2Dr2_s40.A03,mcs50_m2Dr2_s40.B03,dal_dal,29,43,854937138,123.592,0,269042486,36.7426,592755296,592755296,0
mcs50_m2Dr2_s40.A04,mcs50_m2Dr2_s40.B04,dal_dal,29,39,1171102285,167.001,0,866585018,121.593,802736851,802736851,0
mcs50_m2Dr2_s40.A05,mcs50_m2Dr2_s40.B05,dal_dal,29,37,942369873,137.849,0,358293837,50.5605,641961701,641961701,0
mcs50_m2Dr2_s40.A06,mcs50_m2Dr2_s40.B06,dal_dal,28,43,2233598458,319.417,0,592611860,80.5366,1520412346,1520412346,0
mcs50_m2Dr2_s40.A07,mcs50_m2Dr2_s40.B07,dal_dal,29,45,855955331,128.003,0,6563181,0.851557,568148265,568148265,0
mcs50_m2Dr2_s40.A08,mcs50_m2Dr2_s40.B08,dal_dal,29,40,1332648183,187.429,0,573857196,78.0685,917180157,917180157,0
mcs50_m2Dr2_s40.A09,mcs50_m2Dr2_s40.B09,dal_dal,28,30,2294771656,321.084,0,37911290,5.15709,1544663306,1544663306,0
mcs50_m2Dr2_s50.A00,mcs50_m2Dr2_s50.B00,dal_dal,36,52,6631661282,1000.02,1,1442985238,207.278,4505246001,4505246001,0
mcs50_m2Dr2_s50.A01,mcs50_m2Dr2_s50.B01,dal_dal,35,43,6962138373,1000.01,1,390938367,52.2257,4845067012,4845067012,0
mcs50_m2Dr2_s50.A02,mcs50_m2Dr2_s50.B02,dal_dal,35,52,6783043365,1000.01,1,30773979,4.25514,4665343654,4665343654,0
mcs50_m2Dr2_s50.A03,mcs50_m2Dr2_s50.B03,dal_dal,35,54,6683068492,1000.02,1,254043814,36.2656,4501972482,4501972482,0
mcs50_m2Dr2_s50.A04,mcs50_m2Dr2_s50.B04,dal_dal,36,46,6573966697,1000.02,1,2454762060,361.743,4465691210,4465691210,0
mcs50_m2Dr2_s50.A05,mcs50_m2Dr2_s50.B05,dal_dal,36,42,6579112789,1000.02,1,814684072,114.084,4502342672,4502342672,0
mcs50_m2Dr2_s50.A06,mcs50_m2Dr2_s50.B06,dal_dal,35,37,6651233415,1000.02,1,52814629,7.42414,4534072416,4534072416,0
mcs50_m2Dr2_s50.A07,mcs50_m2Dr2_s50.B07,dal_dal,36,49,5828169543,1000.01,1,342535435,56.6581,4027351313,4027351313,0
mcs50_m2Dr2_s50.A08,mcs50_m2Dr2_s50.B08,dal_dal,36,46,5966357224,1000.02,1,1287929028,195.035,4002190036,4002190036,0
mcs50_m2Dr2_s50.A09,mcs50_m2Dr2_s50.B09,dal_dal,34,44,7018782556,1000.02,1,16299572,1.92083,4845459960,4845459960,0
mcs50_m2Dr2_s60.A00,mcs50_m2Dr2_s60.B00,dal_dal,42,57,6874340895,1000.02,1,6750921927,981.155,4742079542,4742079542,0
mcs50_m2Dr2_s60.A01,mcs50_m2Dr2_s60.B01,dal_dal,42,61,6717389696,1000.01,1,2433643187,351.997,4552938454,4552938454,0
mcs50_m2Dr2_s60.A02,mcs50_m2Dr2_s60.B02,dal_dal,41,51,6710514269,1000.02,1,494580318,62.8061,4618647966,4618647966,0
mcs50_m2Dr2_s60.A03,mcs50_m2Dr2_s60.B03,dal_dal,43,69,6556127490,1000.01,1,6314018723,962.554,4603661650,4603661650,0
mcs50_m2Dr2_s60.A04,mcs50_m2Dr2_s60.B04,dal_dal,41,56,6598930309,1000.01,1,1566946,0.193956,4403039324,4403039324,0
mcs50_m2Dr2_s60.A05,mcs50_m2Dr2_s60.B05,dal_dal,41,53,6825362524,1000.03,1,2536593815,362.424,4623649747,4623649747,0
mcs50_m2Dr2_s60.A06,mcs50_m2Dr2_s60.B06,dal_dal,41,45,6640783244,1000.01,1,578150264,82.8821,4523372027,4523372027,0
mcs50_m2Dr2_s60.A07,mcs50_m2Dr2_s60.B07,dal_dal,42,51,6692815304,1000.02,1,2961979978,435.422,4612087420,4612087420,0
mcs50_m2Dr2_s60.A08,mcs50_m2Dr2_s60.B08,dal_dal,42,49,5750536815,1000.02,1,653632441,104.673,4032285651,4032285651,0
mcs50_m2Dr2_s60.A09,mcs50_m2Dr2_s60.B09,dal_dal,42,54,6542505265,1000.02,1,10432941,1.40045,4423652230,4423652230,0
mcs50_m2Dr2_s70.A00,mcs50_m2Dr2_s70.B00,dal_dal,45,63,7316956251,1000.01,1,296977719,40.4397,5274965621,5274965621,0
mcs50_m2Dr2_s70.A01,mcs50_m2Dr2_s70.B01,dal_dal,47,62,6690371499,1000.02,1,2978802314,439.122,4470172997,4470172997,0
mcs50_m2Dr2_s70.A02,mcs50_m2Dr2_s70.B02,dal_dal,46,58,6667485434,1000.02,1,48526730,6.369,4482685479,4482685479,0
mcs50_m2Dr2_s70.A03,mcs50_m2Dr2_s70.B03,dal_dal,46,63,6842510995,1000,1,490139945,58.5925,4804358532,4804358532,0
mcs50_m2Dr2_s70.A04,mcs50_m2Dr2_s70.B04,dal_dal,43,51,8443529428,1000.02,1,169488147,19.4059,6965334258,6965334258,0
mcs50_m2Dr2_s70.A05,mcs50_m2Dr2_s70.B05,dal_dal,47,64,5888764089,1000.01,1,1147541129,183.881,4012760877,4012760877,0
mcs50_m2Dr2_s70.A06,mcs50_m2Dr2_s70.B06,dal_dal,48,70,5743407670,1000.01,1,291223637,46.2546,3820578492,3820578492,0
mcs50_m2Dr2_s70.A07,mcs50_m2Dr2_s70.B07,dal_dal,46,67,6010497640,1000.02,1,410910292,63.9963,4363338642,4363338642,0
mcs50_m2Dr2_s70.A08,mcs50_m2Dr2_s70.B08,dal_dal,48,67,6769701010,1000.02,1,6446313213,950.392,4668361053,4668361053,0
mcs50_m2Dr2_s70.A09,mcs50_m2Dr2_s70.B09,dal_dal,48,63,6372241487,1000.02,1,841043167,123.633,4190476841,4190476841,0
mcs50_m2Dr2_s80.A00,mcs50_m2Dr2_s80.B00,dal_dal,49,63,15931601029,1000.02,1,6216240,0.527421,13601432477,13601432477,0
mcs50_m2Dr2_s80.A01,mcs50_m2Dr2_s80.B01,dal_dal,54,82,6344297018,1000.02,1,1277512197,185.941,4425719934,4425719934,0
mcs50_m2Dr2_s80.A02,mcs50_m2Dr2_s80.B02,dal_dal,46,55,14144040709,1000.02,1,7720362955,454.668,11897750328,11897750328,0
mcs50_m2Dr2_s80.A03,mcs50_m2Dr2_s80.B03,dal_dal,51,65,6765901964,1000.01,1,357848398,48.9133,4412885997,4412885997,0
mcs50_m2Dr2_s80.A04,mcs50_m2Dr2_s80.B04,dal_dal,53,61,6580504748,1000.02,1,4472852296,668.898,4393024022,4393024022,0
mcs50_m2Dr2_s80.A05,mcs50_m2Dr2_s80.B05,dal_dal,54,83,6160849854,1000.02,1,405452739,57.7984,4227399285,4227399285,0
mcs50_m2Dr2_s80.A06,mcs50_m2Dr2_s80.B06,dal_dal,54,72,7028567730,1000.02,1,3933983285,549.149,4674968445,4674968445,0
mcs50_m2Dr2_s80.A07,mcs50_m2Dr2_s80.B07,dal_dal,53,66,6387533318,1000.02,1,418346537,58.6423,4402040489,4402040489,0
mcs50_m2Dr2_s80.A08,mcs50_m2Dr2_s80.B08,dal_dal,45,61,8478258983,1000.01,1,542582139,56.1308,6795089784,6795089784,0
mcs50_m2Dr2_s80.A09,mcs50_m2Dr2_s80.B09,dal_dal,54,74,6676559303,1000.01,1,5496487708,816.959,4371162355,4371162355,0
mcs50_m2Dr2_s90.A00,mcs50_m2Dr2_s90.B00,dal_dal,57,75,6458153588,1000.02,1,907597175,137.092,4335322183,4335322183,0
mcs50_m2Dr2_s90.A01,mcs50_m2Dr2_s90.B01,dal_dal,58,77,6317696768,1000.02,1,3992174760,617.807,4712660812,4712660812,0
mcs50_m2Dr2_s90.A02,mcs50_m2Dr2_s90.B02,dal_dal,53,75,15448018324,1000.02,1,9379637151,564.705,12519105203,12519105203,0
mcs50_m2Dr2_s90.A03,mcs50_m2Dr2_s90.B03,dal_dal,60,74,6386776306,1000.02,1,4546938502,699.345,4187165914,4187165914,0
mcs50_m2Dr2_s90.A04,mcs50_m2Dr2_s90.B04,dal_dal,56,79,6324944741,1000.02,1,607437779,83.9717,4375135893,4375135893,0
mcs50_m2Dr2_s90.A05,mcs50_m2Dr2_s90.B05,dal_dal,57,81,4996597586,1000.02,1,156510558,26.0278,3582195548,3582195548,0
mcs50_m2Dr2_s90.A06,mcs50_m2Dr2_s90.B06,dal_dal,59,90,6792269085,1000.02,1,3326397902,474.345,4301026077,4301026077,0
mcs50_m2Dr2_s90.A07,mcs50_m2Dr2_s90.B07,dal_dal,57,76,6911498465,1000.01,1,1970475921,254.222,4914102471,4914102471,0
mcs50_m2Dr2_s90.A08,mcs50_m2Dr2_s90.B08,dal_dal,58,82,6710294766,1000.02,1,1405585433,197.373,4740353913,4740353913,0
mcs50_m2Dr2_s90.A09,mcs50_m2Dr2_s90.B09,dal_dal,53,63,15688116152,1000.02,1,314569597,19.4771,13111667679,13111667679,0
mcs50_m2Dr4_s10.A00,mcs50_m2Dr4_s10.B00,dal_dal,7,9,973,0.000157488,0,8,7.16E-06,626,626,0
mcs50_m2Dr4_s10.A01,mcs50_m2Dr4_s10.B01,dal_dal,7,9,710,0.000133873,0,55,1.44E-05,470,470,0
mcs50_m2Dr4_s10.A02,mcs50_m2Dr4_s10.B02,dal_dal,8,12,284,7.23E-05,0,229,3.87E-05,183,183,0
mcs50_m2Dr4_s10.A03,mcs50_m2Dr4_s10.B03,dal_dal,8,11,176,5.62E-05,0,67,1.48E-05,120,120,0
mcs50_m2Dr4_s10.A04,mcs50_m2Dr4_s10.B04,dal_dal,8,11,422,8.72E-05,0,331,4.91E-05,273,273,0
mcs50_m2Dr4_s10.A05,mcs50_m2Dr4_s10.B05,dal_dal,7,8,684,0.000112169,0,175,2.87E-05,448,448,0
mcs50_m2Dr4_s10.A06,mcs50_m2Dr4_s10.B06,dal_dal,8,9,260,6.59E-05,0,246,3.96E-05,167,167,0
mcs50_m2Dr4_s10.A07,mcs50_m2Dr4_s10.B07,dal_dal,8,9,198,5.46E-05,0,89,1.88E-05,135,135,0
mcs50_m2Dr4_s10.A08,mcs50_m2Dr4_s10.B08,dal_dal,7,8,693,0.000131409,0,170,3.75E-05,436,436,0
mcs50_m2Dr4_s10.A09,mcs50_m2Dr4_s10.B09,dal_dal,8,10,319,8.50E-05,0,104,2.48E-05,208,208,0
mcs50_m2Dr4_s100.A00,mcs50_m2Dr4_s100.B00,dal_dal,59,83,6829747564,1000.02,1,34700660,4.79662,4804044211,4804044211,0
mcs50_m2Dr4_s100.A01,mcs50_m2Dr4_s100.B01,dal_dal,62,94,6818009053,1000.01,1,449895221,38.3711,4891867717,4891867717,0
mcs50_m2Dr4_s100.A02,mcs50_m2Dr4_s100.B02,dal_dal,61,86,6859358124,1000.01,1,1407588218,142.795,4707616806,4707616806,0
mcs50_m2Dr4_s100.A03,mcs50_m2Dr4_s100.B03,dal_dal,61,91,6967285667,1000.02,1,2203424843,301.509,4705740776,4705740776,0
mcs50_m2Dr4_s100.A04,mcs50_m2Dr4_s100.B04,dal_dal,60,93,6868176772,1000.02,1,627873729,89.6418,4602613878,4602613878,0
mcs50_m2Dr4_s100.A05,mcs50_m2Dr4_s100.B05,dal_dal,63,96,6645113685,1000.02,1,4300857417,635.892,4154676436,4154676436,0
mcs50_m2Dr4_s100.A06,mcs50_m2Dr4_s100.B06,dal_dal,63,100,6575449059,1000.02,1,5148225455,779.228,4628872984,4628872984,0
mcs50_m2Dr4_s100.A07,mcs50_m2Dr4_s100.B07,dal_dal,59,84,5362050554,1000.01,1,194074846,29.0927,3720371264,3720371264,0
mcs50_m2Dr4_s100.A08,mcs50_m2Dr4_s100.B08,dal_dal,63,88,6121133194,1000.02,1,58434917,5.16148,3894804366,3894804366,0
mcs50_m2Dr4_s100.A09,mcs50_m2Dr4_s100.B09,dal_dal,54,77,14553241117,1000.02,1,11747844127,821.646,12719420927,12719420927,0
mcs50_m2Dr4_s20.A00,mcs50_m2Dr4_s20.B00,dal_dal,14,16,99480,0.0136646,0,2609,0.000333733,65258,65258,0
mcs50_m2Dr4_s20.A01,mcs50_m2Dr4_s20.B01,dal_dal,14,21,80106,0.0105863,0,523,7.89E-05,52630,52630,0
mcs50_m2Dr4_s20.A02,mcs50_m2Dr4_s20.B02,dal_dal,14,13,87335,0.0134794,0,637,0.000109185,56961,56961,0
mcs50_m2Dr4_s20.A03,mcs50_m2Dr4_s20.B03,dal_dal,14,20,107536,0.014668,0,22648,0.00286167,69662,69662,0
mcs50_m2Dr4_s20.A04,mcs50_m2Dr4_s20.B04,dal_dal,14,23,85987,0.0116796,0,5261,0.000695656,55894,55894,0
mcs50_m2Dr4_s20.A05,mcs50_m2Dr4_s20.B05,dal_dal,15,20,13116,0.00208706,0,3557,0.000518591,9049,9049,0
mcs50_m2Dr4_s20.A06,mcs50_m2Dr4_s20.B06,dal_dal,14,18,102291,0.0138374,0,28643,0.00373153,66674,66674,0
mcs50_m2Dr4_s20.A07,mcs50_m2Dr4_s20.B07,dal_dal,14,22,46841,0.00662882,0,12017,0.00159734,29997,29997,0
mcs50_m2Dr4_s20.A08,mcs50_m2Dr4_s20.B08,dal_dal,14,19,78916,0.0105759,0,833,0.00011359,51750,51750,0
mcs50_m2Dr4_s20.A09,mcs50_m2Dr4_s20.B09,dal_dal,14,18,167878,0.022533,0,95260,0.0123646,110118,110118,0
mcs50_m2Dr4_s30.A00,mcs50_m2Dr4_s30.B00,dal_dal,21,28,5688716,0.805999,0,689288,0.0851276,3905467,3905467,0
mcs50_m2Dr4_s30.A01,mcs50_m2Dr4_s30.B01,dal_dal,21,27,11294800,1.72814,0,2622636,0.377031,7422752,7422752,0
mcs50_m2Dr4_s30.A02,mcs50_m2Dr4_s30.B02,dal_dal,21,28,4746115,0.679468,0,1767630,0.245737,3230534,3230534,0
mcs50_m2Dr4_s30.A03,mcs50_m2Dr4_s30.B03,dal_dal,21,28,11101324,1.59487,0,1200696,0.162436,7370939,7370939,0
mcs50_m2Dr4_s30.A04,mcs50_m2Dr4_s30.B04,dal_dal,21,32,8702783,1.25883,0,3735880,0.52515,5639928,5639928,0
mcs50_m2Dr4_s30.A05,mcs50_m2Dr4_s30.B05,dal_dal,21,28,13537512,1.93465,0,2129322,0.279133,8970942,8970942,0
mcs50_m2Dr4_s30.A06,mcs50_m2Dr4_s30.B06,dal_dal,21,33,4834652,0.723612,0,31607,0.00392606,3132356,3132356,0
mcs50_m2Dr4_s30.A07,mcs50_m2Dr4_s30.B07,dal_dal,21,32,12327036,1.80642,0,6385915,0.92375,8084613,8084613,0
mcs50_m2Dr4_s30.A08,mcs50_m2Dr4_s30.B08,dal_dal,21,28,11251214,1.59525,0,2910253,0.396491,7458381,7458381,0
mcs50_m2Dr4_s30.A09,mcs50_m2Dr4_s30.B09,dal_dal,21,24,8700232,1.2808,0,1924526,0.267741,5724923,5724923,0
mcs50_m2Dr4_s40.A00,mcs50_m2Dr4_s40.B00,dal_dal,28,46,499972752,76.2346,0,35439442,5.23759,330200218,330200218,0
mcs50_m2Dr4_s40.A01,mcs50_m2Dr4_s40.B01,dal_dal,28,47,2390986008,401.353,0,1309085309,213.636,1590898624,1590898624,0
mcs50_m2Dr4_s40.A02,mcs50_m2Dr4_s40.B02,dal_dal,28,34,894253599,137.775,0,75588274,10.6502,601768135,601768135,0
mcs50_m2Dr4_s40.A03,mcs50_m2Dr4_s40.B03,dal_dal,28,36,1391497381,213.175,0,198839823,28.8447,929837364,929837364,0
mcs50_m2Dr4_s40.A04,mcs50_m2Dr4_s40.B04,dal_dal,28,43,2009228673,311.583,0,493997260,72.7213,1323268741,1323268741,0
mcs50_m2Dr4_s40.A05,mcs50_m2Dr4_s40.B05,dal_dal,29,46,710581653,109.365,0,573684942,87.48,487319821,487319821,0
mcs50_m2Dr4_s40.A06,mcs50_m2Dr4_s40.B06,dal_dal,28,38,1326816979,202.296,0,160087583,23.4839,889665720,889665720,0
mcs50_m2Dr4_s40.A07,mcs50_m2Dr4_s40.B07,dal_dal,28,43,680887328,103.644,0,10671615,1.49303,469649076,469649076,0
mcs50_m2Dr4_s40.A08,mcs50_m2Dr4_s40.B08,dal_dal,29,46,815510346,119.553,0,726648395,105.804,547814168,547814168,0
mcs50_m2Dr4_s40.A09,mcs50_m2Dr4_s40.B09,dal_dal,28,43,1012527063,158.251,0,5530145,0.771241,680742568,680742568,0
mcs50_m2Dr4_s50.A00,mcs50_m2Dr4_s50.B00,dal_dal,35,46,6529193199,1000.01,1,894715170,126.757,4472154326,4472154326,0
mcs50_m2Dr4_s50.A01,mcs50_m2Dr4_s50.B01,dal_dal,34,45,6591719382,1000.02,1,724741358,103.27,4496568371,4496568371,0
mcs50_m2Dr4_s50.A02,mcs50_m2Dr4_s50.B02,dal_dal,34,46,6824630350,1000.02,1,1231153742,177.597,4592168882,4592168882,0
mcs50_m2Dr4_s50.A03,mcs50_m2Dr4_s50.B03,dal_dal,35,59,6544593064,1000.01,1,945832251,137.363,4434766288,4434766288,0
mcs50_m2Dr4_s50.A04,mcs50_m2Dr4_s50.B04,dal_dal,34,59,6529426714,1000.02,1,69881845,9.84507,4453345744,4453345744,0
mcs50_m2Dr4_s50.A05,mcs50_m2Dr4_s50.B05,dal_dal,34,50,6716624535,1000.02,1,1709050140,242.446,4646090130,4646090130,0
mcs50_m2Dr4_s50.A06,mcs50_m2Dr4_s50.B06,dal_dal,34,53,6736827265,1000.01,1,1297681478,183.837,4546689090,4546689090,0
mcs50_m2Dr4_s50.A07,mcs50_m2Dr4_s50.B07,dal_dal,34,52,6599560117,1000.02,1,11358383,1.69059,4431051931,4431051931,0
mcs50_m2Dr4_s50.A08,mcs50_m2Dr4_s50.B08,dal_dal,35,59,6463770266,1000.01,1,48209189,7.06165,4373977086,4373977086,0
mcs50_m2Dr4_s50.A09,mcs50_m2Dr4_s50.B09,dal_dal,33,44,6976521866,1000.02,1,5095224,0.661091,4955593455,4955593455,0
mcs50_m2Dr4_s60.A00,mcs50_m2Dr4_s60.B00,dal_dal,39,58,6876227441,1000.02,1,2572859382,365.37,4583136079,4583136079,0
mcs50_m2Dr4_s60.A01,mcs50_m2Dr4_s60.B01,dal_dal,39,59,6852811177,1000,1,480460274,68.7886,4644903106,4644903106,0
mcs50_m2Dr4_s60.A02,mcs50_m2Dr4_s60.B02,dal_dal,41,54,6730995835,1000,1,702376972,101.84,4510786829,4510786829,0
mcs50_m2Dr4_s60.A03,mcs50_m2Dr4_s60.B03,dal_dal,40,53,6717761518,1000.02,1,1964654700,288.574,4742828380,4742828380,0
mcs50_m2Dr4_s60.A04,mcs50_m2Dr4_s60.B04,dal_dal,40,56,6841609876,1000.02,1,167182508,23.1805,4751222657,4751222657,0
mcs50_m2Dr4_s60.A05,mcs50_m2Dr4_s60.B05,dal_dal,40,73,6533597957,1000.02,1,93981113,13.0812,4419784796,4419784796,0
mcs50_m2Dr4_s60.A06,mcs50_m2Dr4_s60.B06,dal_dal,39,59,6866696583,1000.02,1,279256546,40.1786,4608558200,4608558200,0
mcs50_m2Dr4_s60.A07,mcs50_m2Dr4_s60.B07,dal_dal,40,59,7025662953,1000.02,1,744235089,35.9762,4939355819,4939355819,0
mcs50_m2Dr4_s60.A08,mcs50_m2Dr4_s60.B08,dal_dal,41,61,6731806223,1000.02,1,798470801,119.351,4637997894,4637997894,0
mcs50_m2Dr4_s60.A09,mcs50_m2Dr4_s60.B09,dal_dal,39,55,6368888586,1000.02,1,14420291,2.09546,4242800736,4242800736,0
mcs50_m2Dr4_s70.A00,mcs50_m2Dr4_s70.B00,dal_dal,45,67,6289471152,1000,1,3416835700,527.867,4422261769,4422261769,0
mcs50_m2Dr4_s70.A01,mcs50_m2Dr4_s70.B01,dal_dal,45,71,6669318039,1000.02,1,317522270,43.0798,4735035623,4735035623,0
mcs50_m2Dr4_s70.A02,mcs50_m2Dr4_s70.B02,dal_dal,45,70,6347631880,1000.02,1,2263634650,344.647,4311624618,4311624618,0
mcs50_m2Dr4_s70.A03,mcs50_m2Dr4_s70.B03,dal_dal,46,74,6425407528,1000.02,1,423287309,64.803,4384864822,4384864822,0
mcs50_m2Dr4_s70.A04,mcs50_m2Dr4_s70.B04,dal_dal,44,65,6577677077,1000.02,1,1204454752,174.308,4399272909,4399272909,0
mcs50_m2Dr4_s70.A05,mcs50_m2Dr4_s70.B05,dal_dal,45,57,6062836686,1000.02,1,2575441154,411.568,4204045994,4204045994,0
mcs50_m2Dr4_s70.A06,mcs50_m2Dr4_s70.B06,dal_dal,45,64,6520929737,1000.02,1,992584023,142.895,4496346503,4496346503,0
mcs50_m2Dr4_s70.A07,mcs50_m2Dr4_s70.B07,dal_dal,47,73,6596148504,1000.02,1,1460787505,213.835,4619567827,4619567827,0
mcs50_m2Dr4_s70.A08,mcs50_m2Dr4_s70.B08,dal_dal,45,59,6751699477,1000.02,1,186690861,26.4685,4851229436,4851229436,0
mcs50_m2Dr4_s70.A09,mcs50_m2Dr4_s70.B09,dal_dal,46,66,6261665486,1000.01,1,320248375,49.3175,4115998070,4115998070,0
mcs50_m2Dr4_s80.A00,mcs50_m2Dr4_s80.B00,dal_dal,49,70,6632675213,1000.02,1,1997888021,281.293,4447398568,4447398568,0
mcs50_m2Dr4_s80.A01,mcs50_m2Dr4_s80.B01,dal_dal,50,79,7324012539,1000.02,1,6780460082,923.684,4901958383,4901958383,0
mcs50_m2Dr4_s80.A02,mcs50_m2Dr4_s80.B02,dal_dal,50,57,6810647617,1000.01,1,475302639,64.1034,4467910541,4467910541,0
mcs50_m2Dr4_s80.A03,mcs50_m2Dr4_s80.B03,dal_dal,51,59,6550036668,1000.02,1,10157472,1.29607,4441675416,4441675416,0
mcs50_m2Dr4_s80.A04,mcs50_m2Dr4_s80.B04,dal_dal,52,81,6324570503,1000.02,1,2234951789,352.036,4376741769,4376741769,0
mcs50_m2Dr4_s80.A05,mcs50_m2Dr4_s80.B05,dal_dal,49,74,6736501639,1000.01,1,2531983716,355.623,4776115063,4776115063,0
mcs50_m2Dr4_s80.A06,mcs50_m2Dr4_s80.B06,dal_dal,52,67,6123050239,1000,1,374216182,57.1982,4157793589,4157793589,0
mcs50_m2Dr4_s80.A07,mcs50_m2Dr4_s80.B07,dal_dal,50,79,6265153219,1000.02,1,5987243164,952.85,4404681676,4404681676,0
mcs50_m2Dr4_s80.A08,mcs50_m2Dr4_s80.B08,dal_dal,50,81,6503524567,1000.02,1,54526515,7.10349,4526282701,4526282701,0
mcs50_m2Dr4_s80.A09,mcs50_m2Dr4_s80.B09,dal_dal,52,75,6846593614,1000.01,1,1476642148,206.974,4816283060,4816283060,0
mcs50_m2Dr4_s90.A00,mcs50_m2Dr4_s90.B00,dal_dal,57,84,6312152472,1000.02,1,865447341,126.335,4137174553,4137174553,0
mcs50_m2Dr4_s90.A01,mcs50_m2Dr4_s90.B01,dal_dal,56,84,6906276627,1000.01,1,2903752852,392.5,5106370607,5106370607,0
mcs50_m2Dr4_s90.A02,mcs50_m2Dr4_s90.B02,dal_dal,60,92,5980398061,1000.02,1,99947332,12.9213,3970722269,3970722269,0
mcs50_m2Dr4_s90.A03,mcs50_m2Dr4_s90.B03,dal_dal,55,81,6691505769,1000.01,1,1220503425,176.724,4549891968,4549891968,0
mcs50_m2Dr4_s90.A04,mcs50_m2Dr4_s90.B04,dal_dal,57,92,6854503860,1000.02,1,2745462307,373.331,4522168979,4522168979,0
mcs50_m2Dr4_s90.A05,mcs50_m2Dr4_s90.B05,dal_dal,53,69,18983413254,1000.02,1,2820370758,168.798,15950190087,15950190087,0
mcs50_m2Dr4_s90.A06,mcs50_m2Dr4_s90.B06,dal_dal,52,63,17477797468,1000.01,1,1347888142,68.2297,14499326584,14499326584,0
mcs50_m2Dr4_s90.A07,mcs50_m2Dr4_s90.B07,dal_dal,57,78,6576392898,1000.01,1,398882807,56.0665,4421756418,4421756418,0
mcs50_m2Dr4_s90.A08,mcs50_m2Dr4_s90.B08,dal_dal,57,87,6454621481,1000.02,1,2046150264,301.617,4417014005,4417014005,0
mcs50_m2Dr4_s90.A09,mcs50_m2Dr4_s90.B09,dal_dal,54,71,6915821200,1000.02,1,441578147,61.128,4852480968,4852480968,0
mcs50_m2Dr6_s10.A00,mcs50_m2Dr6_s10.B00,dal_dal,7,8,591,0.000214272,0,236,6.66E-05,398,398,0
mcs50_m2Dr6_s10.A01,mcs50_m2Dr6_s10.B01,dal_dal,8,10,466,9.32E-05,0,441,6.51E-05,308,308,0
mcs50_m2Dr6_s10.A02,mcs50_m2Dr6_s10.B02,dal_dal,7,9,321,7.72E-05,0,58,1.37E-05,220,220,0
mcs50_m2Dr6_s10.A03,mcs50_m2Dr6_s10.B03,dal_dal,7,8,511,9.81E-05,0,18,8.02E-06,347,347,0
mcs50_m2Dr6_s10.A04,mcs50_m2Dr6_s10.B04,dal_dal,8,12,389,8.77E-05,0,311,4.89E-05,251,251,0
mcs50_m2Dr6_s10.A05,mcs50_m2Dr6_s10.B05,dal_dal,7,7,609,0.000110537,0,8,7.12E-06,392,392,0
mcs50_m2Dr6_s10.A06,mcs50_m2Dr6_s10.B06,dal_dal,7,9,396,8.68E-05,0,60,1.68E-05,270,270,0
mcs50_m2Dr6_s10.A07,mcs50_m2Dr6_s10.B07,dal_dal,8,11,393,8.37E-05,0,236,3.73E-05,250,250,0
mcs50_m2Dr6_s10.A08,mcs50_m2Dr6_s10.B08,dal_dal,7,9,696,0.000122605,0,38,1.32E-05,462,462,0
mcs50_m2Dr6_s10.A09,mcs50_m2Dr6_s10.B09,dal_dal,7,9,623,0.000230496,0,166,5.60E-05,415,415,0
mcs50_m2Dr6_s100.A00,mcs50_m2Dr6_s100.B00,dal_dal,61,100,6842782870,1000.02,1,2995782157,388.51,4599940132,4599940132,0
mcs50_m2Dr6_s100.A01,mcs50_m2Dr6_s100.B01,dal_dal,56,73,12833387023,1000.02,1,3302917073,197.516,10797823099,10797823099,0
mcs50_m2Dr6_s100.A02,mcs50_m2Dr6_s100.B02,dal_dal,51,58,12844847025,1000.02,1,62575457,3.47064,11045297364,11045297364,0
mcs50_m2Dr6_s100.A03,mcs50_m2Dr6_s100.B03,dal_dal,61,95,7859783624,1000.01,1,5206660813,550.66,5442491275,5442491275,0
mcs50_m2Dr6_s100.A04,mcs50_m2Dr6_s100.B04,dal_dal,60,80,6803846738,1000.02,1,309553683,31.6488,4871820436,4871820436,0
mcs50_m2Dr6_s100.A05,mcs50_m2Dr6_s100.B05,dal_dal,60,83,6371387797,1000.01,1,12284581,1.27905,4041678788,4041678788,0
mcs50_m2Dr6_s100.A06,mcs50_m2Dr6_s100.B06,dal_dal,58,75,6659446257,1000.02,1,516715579,78.6498,4299311933,4299311933,0
mcs50_m2Dr6_s100.A07,mcs50_m2Dr6_s100.B07,dal_dal,59,86,6383935362,1000.01,1,433764610,38.6025,4283511600,4283511600,0
mcs50_m2Dr6_s100.A08,mcs50_m2Dr6_s100.B08,dal_dal,59,87,7365239490,1000.02,1,203586604,20.2011,6610393338,6610393338,0
mcs50_m2Dr6_s100.A09,mcs50_m2Dr6_s100.B09,dal_dal,60,103,3427393812,1000.02,1,1062797935,300.787,2378425327,2378425327,0
mcs50_m2Dr6_s20.A00,mcs50_m2Dr6_s20.B00,dal_dal,14,20,50078,0.00733617,0,6215,0.000833746,33385,33385,0
mcs50_m2Dr6_s20.A01,mcs50_m2Dr6_s20.B01,dal_dal,14,20,56872,0.00818547,0,12866,0.00172722,38700,38700,0
mcs50_m2Dr6_s20.A02,mcs50_m2Dr6_s20.B02,dal_dal,14,17,63956,0.00915154,0,5706,0.000827715,41974,41974,0
mcs50_m2Dr6_s20.A03,mcs50_m2Dr6_s20.B03,dal_dal,14,24,72761,0.0101753,0,17983,0.00232683,48154,48154,0
mcs50_m2Dr6_s20.A04,mcs50_m2Dr6_s20.B04,dal_dal,14,21,103115,0.0220674,0,79380,0.0167286,69767,69767,0
mcs50_m2Dr6_s20.A05,mcs50_m2Dr6_s20.B05,dal_dal,15,24,28495,0.00866474,0,15150,0.0043491,18645,18645,0
mcs50_m2Dr6_s20.A06,mcs50_m2Dr6_s20.B06,dal_dal,14,19,50477,0.014925,0,4914,0.00139129,32855,32855,0
mcs50_m2Dr6_s20.A07,mcs50_m2Dr6_s20.B07,dal_dal,14,18,158118,0.0452724,0,151300,0.0433636,99189,99189,0
mcs50_m2Dr6_s20.A08,mcs50_m2Dr6_s20.B08,dal_dal,14,20,94413,0.0128956,0,27456,0.00358102,60103,60103,0
mcs50_m2Dr6_s20.A09,mcs50_m2Dr6_s20.B09,dal_dal,13,19,226541,0.0298391,0,3988,0.000505372,148966,148966,0
mcs50_m2Dr6_s30.A00,mcs50_m2Dr6_s30.B00,dal_dal,21,38,17199354,2.54715,0,12135042,1.75674,11419298,11419298,0
mcs50_m2Dr6_s30.A01,mcs50_m2Dr6_s30.B01,dal_dal,21,29,16074899,2.44378,0,15436527,2.34382,10598591,10598591,0
mcs50_m2Dr6_s30.A02,mcs50_m2Dr6_s30.B02,dal_dal,20,31,27299645,3.91839,0,3708942,0.502729,18055362,18055362,0
mcs50_m2Dr6_s30.A03,mcs50_m2Dr6_s30.B03,dal_dal,20,28,24208374,3.53017,0,187171,0.0249568,16178591,16178591,0
mcs50_m2Dr6_s30.A04,mcs50_m2Dr6_s30.B04,dal_dal,21,30,4183713,0.667218,0,2420089,0.381048,2800932,2800932,0
mcs50_m2Dr6_s30.A05,mcs50_m2Dr6_s30.B05,dal_dal,20,31,20558089,2.96302,0,1237327,0.166092,12982840,12982840,0
mcs50_m2Dr6_s30.A06,mcs50_m2Dr6_s30.B06,dal_dal,20,28,13123324,2.52362,0,281713,0.0531312,8834961,8834961,0
mcs50_m2Dr6_s30.A07,mcs50_m2Dr6_s30.B07,dal_dal,20,29,8885347,2.65237,0,206488,0.0557976,5945830,5945830,0
mcs50_m2Dr6_s30.A08,mcs50_m2Dr6_s30.B08,dal_dal,20,32,31674626,9.09555,0,1286711,0.335867,20764119,20764119,0
mcs50_m2Dr6_s30.A09,mcs50_m2Dr6_s30.B09,dal_dal,20,36,22942838,6.60942,0,1023452,0.277612,14900774,14900774,0
mcs50_m2Dr6_s40.A00,mcs50_m2Dr6_s40.B00,dal_dal,28,37,851375219,129.411,0,774426725,117.044,576735375,576735375,0
mcs50_m2Dr6_s40.A01,mcs50_m2Dr6_s40.B01,dal_dal,27,31,4505815216,694.446,0,73458469,10.5791,2949387453,2949387453,0
mcs50_m2Dr6_s40.A02,mcs50_m2Dr6_s40.B02,dal_dal,27,40,1351357936,205.726,0,467367,0.0637988,921200622,921200622,0
mcs50_m2Dr6_s40.A03,mcs50_m2Dr6_s40.B03,dal_dal,27,44,1715428624,270.022,0,289941364,42.9364,1135571713,1135571713,0
mcs50_m2Dr6_s40.A04,mcs50_m2Dr6_s40.B04,dal_dal,27,48,3269751991,512.69,0,43212454,6.40355,2199625043,2199625043,0
mcs50_m2Dr6_s40.A05,mcs50_m2Dr6_s40.B05,dal_dal,27,38,1108042307,174.246,0,79496672,11.9259,741667632,741667632,0
mcs50_m2Dr6_s40.A06,mcs50_m2Dr6_s40.B06,dal_dal,27,43,4078865599,766.989,0,440244722,77.696,2683898763,2683898763,0
mcs50_m2Dr6_s40.A07,mcs50_m2Dr6_s40.B07,dal_dal,27,37,2932420679,502.197,0,746523491,122.326,1940790279,1940790279,0
mcs50_m2Dr6_s40.A08,mcs50_m2Dr6_s40.B08,dal_dal,27,41,2062664377,648.233,0,111372451,33.19,1368613977,1368613977,0
mcs50_m2Dr6_s40.A09,mcs50_m2Dr6_s40.B09,dal_dal,27,37,1884609664,584.885,0,331665924,96.5762,1256394896,1256394896,0
mcs50_m2Dr6_s50.A00,mcs50_m2Dr6_s50.B00,dal_dal,32,52,3294222218,1000.02,1,85108045,24.7785,2216493620,2216493620,0
mcs50_m2Dr6_s50.A01,mcs50_m2Dr6_s50.B01,dal_dal,33,51,3233236034,1000.02,1,377210669,109.429,2170053225,2170053225,0
mcs50_m2Dr6_s50.A02,mcs50_m2Dr6_s50.B02,dal_dal,33,47,6409876641,1000.02,1,1601598327,239.864,4320670271,4320670271,0
mcs50_m2Dr6_s50.A03,mcs50_m2Dr6_s50.B03,dal_dal,32,49,6916776810,1000.02,1,131344529,17.6348,4758921802,4758921802,0
mcs50_m2Dr6_s50.A04,mcs50_m2Dr6_s50.B04,dal_dal,32,41,5843637599,1000.02,1,1386937,0.200518,3888596398,3888596398,0
mcs50_m2Dr6_s50.A05,mcs50_m2Dr6_s50.B05,dal_dal,33,41,6189213103,1000.02,1,3875297026,617.504,4130324286,4130324286,0
mcs50_m2Dr6_s50.A06,mcs50_m2Dr6_s50.B06,dal_dal,33,42,6505883607,1000.02,1,499837158,72.8104,4356558828,4356558828,0
mcs50_m2Dr6_s50.A07,mcs50_m2Dr6_s50.B07,dal_dal,33,55,5978214740,1000.01,1,1284026805,209.543,4022094737,4022094737,0
mcs50_m2Dr6_s50.A08,mcs50_m2Dr6_s50.B08,dal_dal,33,50,5504767174,1000.01,1,342702137,58.2978,3669652148,3669652148,0
mcs50_m2Dr6_s50.A09,mcs50_m2Dr6_s50.B09,dal_dal,34,55,6279900961,1000.03,1,1797192070,276.332,4247476513,4247476513,0
mcs50_m2Dr6_s60.A00,mcs50_m2Dr6_s60.B00,dal_dal,38,59,6989726991,1000.01,1,2685672206,374.953,4628065387,4628065387,0
mcs50_m2Dr6_s60.A01,mcs50_m2Dr6_s60.B01,dal_dal,38,58,6619329142,1000.02,1,203590740,29.9642,4395321247,4395321247,0
mcs50_m2Dr6_s60.A02,mcs50_m2Dr6_s60.B02,dal_dal,39,52,5817128166,1000.02,1,1469628076,243.702,3870206288,3870206288,0
mcs50_m2Dr6_s60.A03,mcs50_m2Dr6_s60.B03,dal_dal,39,58,6521099149,1000.02,1,4096763216,610.235,4381038875,4381038875,0
mcs50_m2Dr6_s60.A04,mcs50_m2Dr6_s60.B04,dal_dal,39,64,6548030925,1000.02,1,6253094723,951.969,4381202061,4381202061,0
mcs50_m2Dr6_s60.A05,mcs50_m2Dr6_s60.B05,dal_dal,37,52,6695517039,1000.02,1,3331777745,481.237,4504256144,4504256144,0
mcs50_m2Dr6_s60.A06,mcs50_m2Dr6_s60.B06,dal_dal,38,58,6535059593,1000.01,1,565537764,81.0333,4539751836,4539751836,0
mcs50_m2Dr6_s60.A07,mcs50_m2Dr6_s60.B07,dal_dal,38,57,6273764992,1000.02,1,649612615,98.3887,3978802031,3978802031,0
mcs50_m2Dr6_s60.A08,mcs50_m2Dr6_s60.B08,dal_dal,38,55,6575036627,1000.01,1,6144763044,932.192,4379998884,4379998884,0
mcs50_m2Dr6_s60.A09,mcs50_m2Dr6_s60.B09,dal_dal,38,60,6299021813,1000.01,1,26553,0.00310734,4159896929,4159896929,0
mcs50_m2Dr6_s70.A00,mcs50_m2Dr6_s70.B00,dal_dal,43,69,6503707042,1000.01,1,928455380,131.819,4160469892,4160469892,0
mcs50_m2Dr6_s70.A01,mcs50_m2Dr6_s70.B01,dal_dal,44,64,6606665556,1000.02,1,9131686,1.25605,4515102745,4515102745,0
mcs50_m2Dr6_s70.A02,mcs50_m2Dr6_s70.B02,dal_dal,46,71,6329223550,1000.02,1,5648654866,887.474,4238002191,4238002191,0
mcs50_m2Dr6_s70.A03,mcs50_m2Dr6_s70.B03,dal_dal,44,72,6495378300,1000.01,1,365227268,54.8303,4249467047,4249467047,0
mcs50_m2Dr6_s70.A04,mcs50_m2Dr6_s70.B04,dal_dal,45,74,6454047585,1000.02,1,4198774518,639.737,4401510253,4401510253,0
mcs50_m2Dr6_s70.A05,mcs50_m2Dr6_s70.B05,dal_dal,43,69,6655128135,1000.01,1,196025889,26.666,4452485198,4452485198,0
mcs50_m2Dr6_s70.A06,mcs50_m2Dr6_s70.B06,dal_dal,44,71,6740817476,1000.02,1,136822831,18.1125,4702639524,4702639524,0
mcs50_m2Dr6_s70.A07,mcs50_m2Dr6_s70.B07,dal_dal,43,64,6303856820,1000.01,1,9924536,1.45447,4142888569,4142888569,0
mcs50_m2Dr6_s70.A08,mcs50_m2Dr6_s70.B08,dal_dal,45,75,6825955285,1000.03,1,4437252086,587.828,4683342557,4683342557,0
mcs50_m2Dr6_s70.A09,mcs50_m2Dr6_s70.B09,dal_dal,43,59,6816164279,1000.02,1,2136722246,305.61,4658188757,4658188757,0
mcs50_m2Dr6_s80.A00,mcs50_m2Dr6_s80.B00,dal_dal,47,70,7458330069,1000.02,1,6035415106,801.766,5232016908,5232016908,0
mcs50_m2Dr6_s80.A01,mcs50_m2Dr6_s80.B01,dal_dal,50,74,6247290670,1000.01,1,3233282999,510.014,4383186045,4383186045,0
mcs50_m2Dr6_s80.A02,mcs50_m2Dr6_s80.B02,dal_dal,49,69,6382932772,1000.01,1,353833686,53.3792,4411946237,4411946237,0
mcs50_m2Dr6_s80.A03,mcs50_m2Dr6_s80.B03,dal_dal,49,70,6492517000,1000.01,1,5263156979,800.252,4235509554,4235509554,0
mcs50_m2Dr6_s80.A04,mcs50_m2Dr6_s80.B04,dal_dal,49,93,7049136537,1000.01,1,988004958,118.797,4825945829,4825945829,0
mcs50_m2Dr6_s80.A05,mcs50_m2Dr6_s80.B05,dal_dal,50,81,5722083189,1000.02,1,3070273428,517.195,3547039201,3547039201,0
mcs50_m2Dr6_s80.A06,mcs50_m2Dr6_s80.B06,dal_dal,46,66,6566437254,1000.02,1,521704007,75.3582,4544724138,4544724138,0
mcs50_m2Dr6_s80.A07,mcs50_m2Dr6_s80.B07,dal_dal,48,60,5918660274,1000.01,1,340616035,54.3152,4025190959,4025190959,0
mcs50_m2Dr6_s80.A08,mcs50_m2Dr6_s80.B08,dal_dal,49,74,6996402394,1000.02,1,5574226318,791.193,4809244911,4809244911,0
mcs50_m2Dr6_s80.A09,mcs50_m2Dr6_s80.B09,dal_dal,47,69,7049820278,1000.01,1,3988281689,505.326,4785835496,4785835496,0
mcs50_m2Dr6_s90.A00,mcs50_m2Dr6_s90.B00,dal_dal,55,92,6229743939,1000.02,1,4093076708,654.88,4386363626,4386363626,0
mcs50_m2Dr6_s90.A01,mcs50_m2Dr6_s90.B01,dal_dal,54,78,5591653374,1000.01,1,1052245518,183.489,3585073562,3585073562,0
mcs50_m2Dr6_s90.A02,mcs50_m2Dr6_s90.B02,dal_dal,53,77,5433588718,1000.02,1,178146593,31.4192,3403969303,3403969303,0
mcs50_m2Dr6_s90.A03,mcs50_m2Dr6_s90.B03,dal_dal,54,78,6150711717,1000.01,1,2191310584,336.339,3981495991,3981495991,0
mcs50_m2Dr6_s90.A04,mcs50_m2Dr6_s90.B04,dal_dal,51,87,6839179591,1000.02,1,1627778907,245.868,4588499131,4588499131,0
mcs50_m2Dr6_s90.A05,mcs50_m2Dr6_s90.B05,dal_dal,54,80,6544628132,1000.02,1,362233176,52.3968,4371503050,4371503050,0
mcs50_m2Dr6_s90.A06,mcs50_m2Dr6_s90.B06,dal_dal,55,86,7012824735,1000.01,1,742239672,56.3438,4833046646,4833046646,0
mcs50_m2Dr6_s90.A07,mcs50_m2Dr6_s90.B07,dal_dal,54,84,6666549197,1000.01,1,1063853677,152.979,4429498805,4429498805,0
mcs50_m2Dr6_s90.A08,mcs50_m2Dr6_s90.B08,dal_dal,51,76,8655670601,1000.01,1,2057772520,191.172,7393402651,7393402651,0
mcs50_m2Dr6_s90.A09,mcs50_m2Dr6_s90.B09,dal_dal,54,83,6581143885,1000.01,1,558841354,81.412,4365580098,4365580098,0
mcs50_m3D_s15.A00,mcs50_m3D_s15.B00,dal_dal,11,15,6616,0.00087088,0,4033,0.000509596,4255,4255,0
mcs50_m3D_s15.A01,mcs50_m3D_s15.B01,dal_dal,11,13,4724,0.000651829,0,641,9.45E-05,2948,2948,0
mcs50_m3D_s15.A02,mcs50_m3D_s15.B02,dal_dal,11,13,6399,0.000899783,0,421,7.25E-05,4236,4236,0
mcs50_m3D_s15.A03,mcs50_m3D_s15.B03,dal_dal,11,16,6143,0.000840654,0,1767,0.000224417,3936,3936,0
mcs50_m3D_s15.A04,mcs50_m3D_s15.B04,dal_dal,11,14,7007,0.00100708,0,1562,0.000220722,4513,4513,0
mcs50_m3D_s15.A05,mcs50_m3D_s15.B05,dal_dal,11,13,10671,0.00133373,0,6376,0.000755114,6886,6886,0
mcs50_m3D_s15.A06,mcs50_m3D_s15.B06,dal_dal,11,15,5268,0.000749046,0,233,4.68E-05,3238,3238,0
mcs50_m3D_s15.A07,mcs50_m3D_s15.B07,dal_dal,11,12,7781,0.00103242,0,193,3.65E-05,5081,5081,0
mcs50_m3D_s15.A08,mcs50_m3D_s15.B08,dal_dal,11,15,10972,0.00125116,0,6481,0.000692269,7224,7224,0
mcs50_m3D_s15.A09,mcs50_m3D_s15.B09,dal_dal,11,14,5156,0.000727536,0,655,9.35E-05,3429,3429,0
mcs50_m3D_s20.A00,mcs50_m3D_s20.B00,dal_dal,15,19,67167,0.00916793,0,32711,0.00433336,43017,43017,0
mcs50_m3D_s20.A01,mcs50_m3D_s20.B01,dal_dal,14,16,78902,0.0110904,0,5075,0.000660593,52623,52623,0
mcs50_m3D_s20.A02,mcs50_m3D_s20.B02,dal_dal,14,20,65255,0.00900351,0,1740,0.000236064,42452,42452,0
mcs50_m3D_s20.A03,mcs50_m3D_s20.B03,dal_dal,14,16,59823,0.00812594,0,3229,0.000429656,39869,39869,0
mcs50_m3D_s20.A04,mcs50_m3D_s20.B04,dal_dal,15,24,67933,0.00886487,0,51103,0.00635984,45042,45042,0
mcs50_m3D_s20.A05,mcs50_m3D_s20.B05,dal_dal,14,18,154664,0.0193094,0,55667,0.00649591,100058,100058,0
mcs50_m3D_s20.A06,mcs50_m3D_s20.B06,dal_dal,14,17,99845,0.0138649,0,2361,0.000334573,64917,64917,0
mcs50_m3D_s20.A07,mcs50_m3D_s20.B07,dal_dal,15,20,38185,0.00500221,0,26505,0.00330101,25846,25846,0
mcs50_m3D_s20.A08,mcs50_m3D_s20.B08,dal_dal,14,16,71559,0.00996072,0,5282,0.000723194,45815,45815,0
mcs50_m3D_s20.A09,mcs50_m3D_s20.B09,dal_dal,14,19,152204,0.0201142,0,18898,0.00235216,99274,99274,0
mcs50_m3D_s50.A00,mcs50_m3D_s50.B00,dal_dal,33,49,6425036733,1000.02,1,723635338,105.509,4220580034,4220580034,0
mcs50_m3D_s50.A01,mcs50_m3D_s50.B01,dal_dal,33,49,6504518209,1000.02,1,521526045,74.2408,4272547708,4272547708,0
mcs50_m3D_s50.A02,mcs50_m3D_s50.B02,dal_dal,33,46,6625223315,1000.02,1,1839526995,266.579,4424922706,4424922706,0
mcs50_m3D_s50.A03,mcs50_m3D_s50.B03,dal_dal,33,57,6803810708,1000.02,1,124511825,17.3934,4507999116,4507999116,0
mcs50_m3D_s50.A04,mcs50_m3D_s50.B04,dal_dal,33,50,6371005462,1000.01,1,187355744,28.4108,4237815712,4237815712,0
mcs50_m3D_s50.A05,mcs50_m3D_s50.B05,dal_dal,33,40,6673880434,1000.02,1,6318378620,944.608,4396193791,4396193791,0
mcs50_m3D_s50.A06,mcs50_m3D_s50.B06,dal_dal,33,49,6590373350,1000.02,1,809730362,118.521,4363906998,4363906998,0
mcs50_m3D_s50.A07,mcs50_m3D_s50.B07,dal_dal,34,55,6293975672,1000.02,1,1339254830,200.594,4134775490,4134775490,0
mcs50_m3D_s50.A08,mcs50_m3D_s50.B08,dal_dal,33,49,6547641460,1000.02,1,952152765,137.547,4313927478,4313927478,0
mcs50_m3D_s50.A09,mcs50_m3D_s50.B09,dal_dal,34,47,6397280003,1000.01,1,974845379,149.367,4180559850,4180559850,0
mcs50_m3D_s60.A00,mcs50_m3D_s60.B00,dal_dal,39,54,5851256859,1000.02,1,3376966355,563.295,3812051804,3812051804,0
mcs50_m3D_s60.A01,mcs50_m3D_s60.B01,dal_dal,39,65,6676651429,1000.02,1,4746237171,703.308,4405609251,4405609251,0
mcs50_m3D_s60.A02,mcs50_m3D_s60.B02,dal_dal,38,60,6619389565,1000.02,1,4405897032,649.921,4400099751,4400099751,0
mcs50_m3D_s60.A03,mcs50_m3D_s60.B03,dal_dal,39,55,6275306416,1000.01,1,1959333097,312.568,4124942501,4124942501,0
mcs50_m3D_s60.A04,mcs50_m3D_s60.B04,dal_dal,39,70,6427059877,1000.01,1,2226601491,325.692,4336601741,4336601741,0
mcs50_m3D_s60.A05,mcs50_m3D_s60.B05,dal_dal,39,66,6450672804,1000.02,1,1841052447,276.335,4305329335,4305329335,0
mcs50_m3D_s60.A06,mcs50_m3D_s60.B06,dal_dal,39,53,6395875780,1000.01,1,501127227,74.4229,4354749588,4354749588,0
mcs50_m3D_s60.A07,mcs50_m3D_s60.B07,dal_dal,39,59,6090223867,1000.02,1,5183589975,846.09,4069366952,4069366952,0
mcs50_m3D_s60.A08,mcs50_m3D_s60.B08,dal_dal,37,50,6186737248,1000.01,1,77615452,12.0081,4232504323,4232504323,0
mcs50_m3D_s60.A09,mcs50_m3D_s60.B09,dal_dal,39,62,5897783205,1000.01,1,701337538,112.334,3934018433,3934018433,0
mcs50_m3Dr2_s15.A00,mcs50_m3Dr2_s15.B00,dal_dal,11,11,12136,0.00167679,0,11515,0.00149222,7668,7668,0
mcs50_m3Dr2_s15.A01,mcs50_m3Dr2_s15.B01,dal_dal,11,14,10477,0.00144889,0,8183,0.00112058,6800,6800,0
mcs50_m3Dr2_s15.A02,mcs50_m3Dr2_s15.B02,dal_dal,11,18,5239,0.000777219,0,3224,0.000437458,3541,3541,0
mcs50_m3Dr2_s15.A03,mcs50_m3Dr2_s15.B03,dal_dal,11,19,7696,0.00112886,0,1612,0.000293662,5062,5062,0
mcs50_m3Dr2_s15.A04,mcs50_m3Dr2_s15.B04,dal_dal,11,16,5604,0.000949448,0,3035,0.000543066,3696,3696,0
mcs50_m3Dr2_s15.A05,mcs50_m3Dr2_s15.B05,dal_dal,11,16,3795,0.000568765,0,1324,0.000191588,2586,2586,0
mcs50_m3Dr2_s15.A06,mcs50_m3Dr2_s15.B06,dal_dal,11,15,3910,0.000592812,0,1601,0.000234813,2628,2628,0
mcs50_m3Dr2_s15.A07,mcs50_m3Dr2_s15.B07,dal_dal,11,10,15578,0.00207321,0,14282,0.00187791,9606,9606,0
mcs50_m3Dr2_s15.A08,mcs50_m3Dr2_s15.B08,dal_dal,11,15,4606,0.000685371,0,915,0.00013967,2966,2966,0
mcs50_m3Dr2_s15.A09,mcs50_m3Dr2_s15.B09,dal_dal,11,12,4545,0.000672872,0,2669,0.000369566,2981,2981,0
mcs50_m3Dr2_s20.A00,mcs50_m3Dr2_s20.B00,dal_dal,14,16,59236,0.00869263,0,34,1.55E-05,39072,39072,0
mcs50_m3Dr2_s20.A01,mcs50_m3Dr2_s20.B01,dal_dal,14,17,67288,0.00975457,0,5813,0.00069852,45207,45207,0
mcs50_m3Dr2_s20.A02,mcs50_m3Dr2_s20.B02,dal_dal,14,21,154800,0.0213526,0,135307,0.0186357,98018,98018,0
mcs50_m3Dr2_s20.A03,mcs50_m3Dr2_s20.B03,dal_dal,14,19,117081,0.0160655,0,46470,0.00627365,74357,74357,0
mcs50_m3Dr2_s20.A04,mcs50_m3Dr2_s20.B04,dal_dal,14,19,142244,0.0206245,0,59058,0.00827135,89333,89333,0
mcs50_m3Dr2_s20.A05,mcs50_m3Dr2_s20.B05,dal_dal,14,22,79545,0.0115723,0,35129,0.0049064,49917,49917,0
mcs50_m3Dr2_s20.A06,mcs50_m3Dr2_s20.B06,dal_dal,14,16,76076,0.0106446,0,19946,0.00258003,50940,50940,0
mcs50_m3Dr2_s20.A07,mcs50_m3Dr2_s20.B07,dal_dal,14,16,63936,0.00907712,0,16539,0.0022377,41150,41150,0
mcs50_m3Dr2_s20.A08,mcs50_m3Dr2_s20.B08,dal_dal,14,24,50943,0.00752423,0,11409,0.00165825,33526,33526,0
mcs50_m3Dr2_s20.A09,mcs50_m3Dr2_s20.B09,dal_dal,14,24,74674,0.011046,0,18337,0.00250426,49395,49395,0
mcs50_m3Dr2_s50.A00,mcs50_m3Dr2_s50.B00,dal_dal,32,51,6570921198,1000.01,1,1230953536,173.794,4300672596,4300672596,0
mcs50_m3Dr2_s50.A01,mcs50_m3Dr2_s50.B01,dal_dal,31,43,6685158868,1000.02,1,10767460,1.49323,4375958879,4375958879,0
mcs50_m3Dr2_s50.A02,mcs50_m3Dr2_s50.B02,dal_dal,33,47,6322337981,1000.01,1,1580313067,244.737,4262692044,4262692044,0
mcs50_m3Dr2_s50.A03,mcs50_m3Dr2_s50.B03,dal_dal,32,57,6485359402,1000.02,1,233694630,34.9472,4376163473,4376163473,0
mcs50_m3Dr2_s50.A04,mcs50_m3Dr2_s50.B04,dal_dal,33,44,6370992837,1000.01,1,3130598745,480.873,4253833546,4253833546,0
mcs50_m3Dr2_s50.A05,mcs50_m3Dr2_s50.B05,dal_dal,32,46,6477705938,1000.02,1,641777483,94.6759,4243079683,4243079683,0
mcs50_m3Dr2_s50.A06,mcs50_m3Dr2_s50.B06,dal_dal,32,50,6389892318,1000.01,1,274430641,40.0765,4156932684,4156932684,0
mcs50_m3Dr2_s50.A07,mcs50_m3Dr2_s50.B07,dal_dal,31,42,6680020224,1000.01,1,44207051,6.66557,4373172401,4373172401,0
mcs50_m3Dr2_s50.A08,mcs50_m3Dr2_s50.B08,dal_dal,33,64,6640815190,1000.01,1,3970109364,578.918,4546065209,4546065209,0
mcs50_m3Dr2_s50.A09,mcs50_m3Dr2_s50.B09,dal_dal,33,58,6235562819,1000.02,1,621181399,95.7102,4195127260,4195127260,0
mcs50_m3Dr2_s60.A00,mcs50_m3Dr2_s60.B00,dal_dal,38,51,6413041889,1000.01,1,504267899,75.9649,4203655934,4203655934,0
mcs50_m3Dr2_s60.A01,mcs50_m3Dr2_s60.B01,dal_dal,39,65,6405507868,1000.02,1,279857581,40.9185,4373853458,4373853458,0
mcs50_m3Dr2_s60.A02,mcs50_m3Dr2_s60.B02,dal_dal,38,53,6627537373,1000.02,1,1492062589,214.847,4291784141,4291784141,0
mcs50_m3Dr2_s60.A03,mcs50_m3Dr2_s60.B03,dal_dal,38,67,6568993979,1000.01,1,2578216207,387.923,4488901160,4488901160,0
mcs50_m3Dr2_s60.A04,mcs50_m3Dr2_s60.B04,dal_dal,38,56,6834209238,1000.01,1,6717489191,982.592,4601351874,4601351874,0
mcs50_m3Dr2_s60.A05,mcs50_m3Dr2_s60.B05,dal_dal,37,55,6753780682,1000.02,1,2363382394,340.857,4520564421,4520564421,0
mcs50_m3Dr2_s60.A06,mcs50_m3Dr2_s60.B06,dal_dal,38,63,5781747601,1000.02,1,2376572900,400.059,3807260424,3807260424,0
mcs50_m3Dr2_s60.A07,mcs50_m3Dr2_s60.B07,dal_dal,38,57,5500526681,1000.02,1,133603765,23.6118,3604872992,3604872992,0
mcs50_m3Dr2_s60.A08,mcs50_m3Dr2_s60.B08,dal_dal,38,60,6696253991,1000.02,1,3266232214,485.153,4465059639,4465059639,0
mcs50_m3Dr2_s60.A09,mcs50_m3Dr2_s60.B09,dal_dal,38,66,5234792229,1000.02,1,403843836,72.715,3463450740,3463450740,0
mcs50_m3Dr4_s15.A00,mcs50_m3Dr4_s15.B00,dal_dal,10,16,15656,0.00207049,0,554,8.17E-05,9934,9934,0
mcs50_m3Dr4_s15.A01,mcs50_m3Dr4_s15.B01,dal_dal,11,17,12024,0.00167226,0,9434,0.00128909,7685,7685,0
mcs50_m3Dr4_s15.A02,mcs50_m3Dr4_s15.B02,dal_dal,10,11,11630,0.00166427,0,427,6.78E-05,7710,7710,0
mcs50_m3Dr4_s15.A03,mcs50_m3Dr4_s15.B03,dal_dal,11,16,6522,0.00112643,0,350,7.67E-05,4045,4045,0
mcs50_m3Dr4_s15.A04,mcs50_m3Dr4_s15.B04,dal_dal,11,13,4591,0.000679003,0,486,6.89E-05,3025,3025,0
mcs50_m3Dr4_s15.A05,mcs50_m3Dr4_s15.B05,dal_dal,10,16,13322,0.00178912,0,208,3.75E-05,8817,8817,0
mcs50_m3Dr4_s15.A06,mcs50_m3Dr4_s15.B06,dal_dal,10,11,8770,0.00127087,0,1027,0.000145039,5735,5735,0
mcs50_m3Dr4_s15.A07,mcs50_m3Dr4_s15.B07,dal_dal,11,13,12064,0.00173614,0,11711,0.00165648,7625,7625,0
mcs50_m3Dr4_s15.A08,mcs50_m3Dr4_s15.B08,dal_dal,11,14,5154,0.000730469,0,579,8.90E-05,3356,3356,0
mcs50_m3Dr4_s15.A09,mcs50_m3Dr4_s15.B09,dal_dal,10,17,9598,0.00136928,0,88,2.16E-05,6337,6337,0
mcs50_m3Dr4_s20.A00,mcs50_m3Dr4_s20.B00,dal_dal,13,18,186026,0.0272422,0,681,0.000110666,120874,120874,0
mcs50_m3Dr4_s20.A01,mcs50_m3Dr4_s20.B01,dal_dal,14,20,93841,0.0139559,0,48092,0.006841,61687,61687,0
mcs50_m3Dr4_s20.A02,mcs50_m3Dr4_s20.B02,dal_dal,13,19,132361,0.0192002,0,1186,0.000164488,88833,88833,0
mcs50_m3Dr4_s20.A03,mcs50_m3Dr4_s20.B03,dal_dal,13,27,178555,0.031086,0,7916,0.00114093,117292,117292,0
mcs50_m3Dr4_s20.A04,mcs50_m3Dr4_s20.B04,dal_dal,14,21,72051,0.010985,0,28322,0.00422999,45816,45816,0
mcs50_m3Dr4_s20.A05,mcs50_m3Dr4_s20.B05,dal_dal,14,21,141710,0.0204753,0,95926,0.0135465,90156,90156,0
mcs50_m3Dr4_s20.A06,mcs50_m3Dr4_s20.B06,dal_dal,13,18,165489,0.0238916,0,5108,0.000698583,110314,110314,0
mcs50_m3Dr4_s20.A07,mcs50_m3Dr4_s20.B07,dal_dal,14,17,97390,0.0139021,0,68859,0.00967015,61495,61495,0
mcs50_m3Dr4_s20.A08,mcs50_m3Dr4_s20.B08,dal_dal,14,17,82580,0.0122308,0,43871,0.00626698,53171,53171,0
mcs50_m3Dr4_s20.A09,mcs50_m3Dr4_s20.B09,dal_dal,13,23,152824,0.0208953,0,84,2.40E-05,99206,99206,0
mcs50_m3Dr4_s50.A00,mcs50_m3Dr4_s50.B00,dal_dal,31,50,6306172766,1000.02,1,139607147,22.0433,4145230956,4145230956,0
mcs50_m3Dr4_s50.A01,mcs50_m3Dr4_s50.B01,dal_dal,32,61,6408173229,1000.02,1,5688686035,883.333,4255335329,4255335329,0
mcs50_m3Dr4_s50.A02,mcs50_m3Dr4_s50.B02,dal_dal,31,48,6263795708,1000.02,1,992284662,154.073,4157808378,4157808378,0
mcs50_m3Dr4_s50.A03,mcs50_m3Dr4_s50.B03,dal_dal,30,43,3282421509,1000.01,1,15314787,4.46278,2163353354,2163353354,0
mcs50_m3Dr4_s50.A04,mcs50_m3Dr4_s50.B04,dal_dal,32,60,6040486492,1000.01,1,437284855,69.0529,4009442775,4009442775,0
mcs50_m3Dr4_s50.A05,mcs50_m3Dr4_s50.B05,dal_dal,31,48,4948296096,1000.02,1,245259472,46.8888,3310110328,3310110328,0
mcs50_m3Dr4_s50.A06,mcs50_m3Dr4_s50.B06,dal_dal,31,53,5212045472,1000.02,1,3991045967,755.334,3567118969,3567118969,0
mcs50_m3Dr4_s50.A07,mcs50_m3Dr4_s50.B07,dal_dal,31,57,6317157553,1000.02,1,3543410053,559.078,4160088105,4160088105,0
mcs50_m3Dr4_s50.A08,mcs50_m3Dr4_s50.B08,dal_dal,31,50,6188699174,1000.02,1,275853558,43.3514,4113938231,4113938231,0
mcs50_m3Dr4_s50.A09,mcs50_m3Dr4_s50.B09,dal_dal,32,51,6317083063,1000.01,1,1428303321,217.843,4210765095,4210765095,0
mcs50_m3Dr4_s60.A00,mcs50_m3Dr4_s60.B00,dal_dal,38,60,6295861063,1000.01,1,5701785620,896.324,4057380043,4057380043,0
mcs50_m3Dr4_s60.A01,mcs50_m3Dr4_s60.B01,dal_dal,36,66,6456223225,1000.01,1,5130063996,789.036,4254477151,4254477151,0
mcs50_m3Dr4_s60.A02,mcs50_m3Dr4_s60.B02,dal_dal,37,71,6698790843,1000.02,1,1654919081,245.767,4470319202,4470319202,0
mcs50_m3Dr4_s60.A03,mcs50_m3Dr4_s60.B03,dal_dal,36,61,6215180860,1000.02,1,284261115,45.5119,4081748851,4081748851,0
mcs50_m3Dr4_s60.A04,mcs50_m3Dr4_s60.B04,dal_dal,36,59,5970979593,1000.01,1,242929856,36.3303,3821150982,3821150982,0
mcs50_m3Dr4_s60.A05,mcs50_m3Dr4_s60.B05,dal_dal,35,55,3135721212,1000.02,1,204232709,66.3472,2024874182,2024874182,0
mcs50_m3Dr4_s60.A06,mcs50_m3Dr4_s60.B06,dal_dal,36,58,6258877933,1000.01,1,657458120,98.7161,4012584388,4012584388,0
mcs50_m3Dr4_s60.A07,mcs50_m3Dr4_s60.B07,dal_dal,36,63,6422756171,1000.02,1,100042861,14.491,4297946317,4297946317,0
mcs50_m3Dr4_s60.A08,mcs50_m3Dr4_s60.B08,dal_dal,35,58,6378599648,1000.01,1,550195845,85.2,4254077974,4254077974,0
mcs50_m3Dr4_s60.A09,mcs50_m3Dr4_s60.B09,dal_dal,35,58,5937189992,1000.01,1,96765084,15.7129,3878608674,3878608674,0
mcs50_m3Dr6_s15.A00,mcs50_m3Dr6_s15.B00,dal_dal,11,16,5739,0.000879264,0,5285,0.000780795,3707,3707,0
mcs50_m3Dr6_s15.A01,mcs50_m3Dr6_s15.B01,dal_dal,11,19,15690,0.00216112,0,15058,0.0020434,9799,9799,0
mcs50_m3Dr6_s15.A02,mcs50_m3Dr6_s15.B02,dal_dal,10,14,7091,0.00108115,0,245,4.68E-05,4777,4777,0
mcs50_m3Dr6_s15.A03,mcs50_m3Dr6_s15.B03,dal_dal,10,16,6774,0.00105808,0,185,3.72E-05,4404,4404,0
mcs50_m3Dr6_s15.A04,mcs50_m3Dr6_s15.B04,dal_dal,10,15,23003,0.00329213,0,1411,0.000207894,14409,14409,0
mcs50_m3Dr6_s15.A05,mcs50_m3Dr6_s15.B05,dal_dal,10,16,11601,0.00173684,0,421,0.000104219,7589,7589,0
mcs50_m3Dr6_s15.A06,mcs50_m3Dr6_s15.B06,dal_dal,10,15,12550,0.00178534,0,2720,0.00036884,8090,8090,0
mcs50_m3Dr6_s15.A07,mcs50_m3Dr6_s15.B07,dal_dal,10,15,15527,0.00235105,0,83,2.19E-05,9849,9849,0
mcs50_m3Dr6_s15.A08,mcs50_m3Dr6_s15.B08,dal_dal,10,12,7178,0.00111414,0,122,2.63E-05,4798,4798,0
mcs50_m3Dr6_s15.A09,mcs50_m3Dr6_s15.B09,dal_dal,10,17,9113,0.00127809,0,85,2.06E-05,6307,6307,0
mcs50_m3Dr6_s20.A00,mcs50_m3Dr6_s20.B00,dal_dal,14,26,56599,0.0086697,0,3224,0.000465557,37186,37186,0
mcs50_m3Dr6_s20.A01,mcs50_m3Dr6_s20.B01,dal_dal,14,21,131403,0.019254,0,70914,0.0100303,83755,83755,0
mcs50_m3Dr6_s20.A02,mcs50_m3Dr6_s20.B02,dal_dal,14,24,95962,0.0145479,0,64058,0.00948044,62026,62026,0
mcs50_m3Dr6_s20.A03,mcs50_m3Dr6_s20.B03,dal_dal,14,27,55070,0.00882726,0,25756,0.00400666,37315,37315,0
mcs50_m3Dr6_s20.A04,mcs50_m3Dr6_s20.B04,dal_dal,13,15,167404,0.0238172,0,50773,0.00695875,110115,110115,0
mcs50_m3Dr6_s20.A05,mcs50_m3Dr6_s20.B05,dal_dal,13,17,177691,0.0262495,0,20284,0.00289587,116916,116916,0
mcs50_m3Dr6_s20.A06,mcs50_m3Dr6_s20.B06,dal_dal,14,27,50970,0.00822638,0,21407,0.00327571,33393,33393,0
mcs50_m3Dr6_s20.A07,mcs50_m3Dr6_s20.B07,dal_dal,13,24,193819,0.0279632,0,8160,0.00113434,122967,122967,0
mcs50_m3Dr6_s20.A08,mcs50_m3Dr6_s20.B08,dal_dal,13,21,209168,0.0320855,0,121353,0.0183805,133119,133119,0
mcs50_m3Dr6_s20.A09,mcs50_m3Dr6_s20.B09,dal_dal,14,20,93128,0.0139502,0,91825,0.0137289,60874,60874,0
mcs50_m3Dr6_s50.A00,mcs50_m3Dr6_s50.B00,dal_dal,30,47,6291334492,1000.01,1,381258216,59.6465,4080714272,4080714272,0
mcs50_m3Dr6_s50.A01,mcs50_m3Dr6_s50.B01,dal_dal,30,51,6116817264,1000.01,1,294186707,46.6552,3986072484,3986072484,0
mcs50_m3Dr6_s50.A02,mcs50_m3Dr6_s50.B02,dal_dal,30,48,6481951767,1000.01,1,46752752,6.62418,4321030726,4321030726,0
mcs50_m3Dr6_s50.A03,mcs50_m3Dr6_s50.B03,dal_dal,31,60,6230736291,1000.02,1,3821644908,598.149,4122784405,4122784405,0
mcs50_m3Dr6_s50.A04,mcs50_m3Dr6_s50.B04,dal_dal,29,56,6432537414,1000.02,1,48602769,7.7846,4285160057,4285160057,0
mcs50_m3Dr6_s50.A05,mcs50_m3Dr6_s50.B05,dal_dal,30,44,6366035072,1000.01,1,189333171,29.1552,4194831921,4194831921,0
mcs50_m3Dr6_s50.A06,mcs50_m3Dr6_s50.B06,dal_dal,30,44,6307651355,1000.02,1,358435789,54.7769,4070640461,4070640461,0
mcs50_m3Dr6_s50.A07,mcs50_m3Dr6_s50.B07,dal_dal,30,46,6084778374,1000.02,1,1663007007,269.667,4000166608,4000166608,0
mcs50_m3Dr6_s50.A08,mcs50_m3Dr6_s50.B08,dal_dal,30,46,6408496874,1000.01,1,13547230,2.07122,4222599771,4222599771,0
mcs50_m3Dr6_s50.A09,mcs50_m3Dr6_s50.B09,dal_dal,30,49,6193577756,1000.02,1,4454838112,703.341,4006258371,4006258371,0
mcs50_m3Dr6_s60.A00,mcs50_m3Dr6_s60.B00,dal_dal,35,66,6456390995,1000.01,1,2323149990,357.046,4265962449,4265962449,0
mcs50_m3Dr6_s60.A01,mcs50_m3Dr6_s60.B01,dal_dal,36,62,6114936044,1000.01,1,1122269172,178.593,4053400820,4053400820,0
mcs50_m3Dr6_s60.A02,mcs50_m3Dr6_s60.B02,dal_dal,36,69,5982057855,1000.01,1,70185279,11.1505,4005277571,4005277571,0
mcs50_m3Dr6_s60.A03,mcs50_m3Dr6_s60.B03,dal_dal,34,52,6502630180,1000.01,1,4428880938,659.066,4161905884,4161905884,0
mcs50_m3Dr6_s60.A04,mcs50_m3Dr6_s60.B04,dal_dal,37,71,6059563634,1000.02,1,3912126991,634.851,4055535645,4055535645,0
mcs50_m3Dr6_s60.A05,mcs50_m3Dr6_s60.B05,dal_dal,36,66,6056064779,1000.01,1,3027859852,495.335,3974729978,3974729978,0
mcs50_m3Dr6_s60.A06,mcs50_m3Dr6_s60.B06,dal_dal,36,64,6417785244,1000.01,1,5917023126,918.36,4225668602,4225668602,0
mcs50_m3Dr6_s60.A07,mcs50_m3Dr6_s60.B07,dal_dal,35,56,4861720493,1000.02,1,352967958,69.9327,3168066737,3168066737,0
mcs50_m3Dr6_s60.A08,mcs50_m3Dr6_s60.B08,dal_dal,35,52,5811675412,1000.01,1,291398961,46.8263,3713085647,3713085647,0
mcs50_m3Dr6_s60.A09,mcs50_m3Dr6_s60.B09,dal_dal,35,53,5964428679,1000.02,1,1199747525,188.699,3872800981,3872800981,0
mcs50_m4D_s30.A00,mcs50_m4D_s30.B00,dal_dal,23,25,1980716,0.268475,0,1892711,0.255906,1411938,1411938,0
mcs50_m4D_s30.A01,mcs50_m4D_s30.B01,dal_dal,22,28,15498106,2.01688,0,7262383,0.918221,10416263,10416263,0
mcs50_m4D_s30.A02,mcs50_m4D_s30.B02,dal_dal,23,34,1937569,0.249881,0,956460,0.122471,1393369,1393369,0
mcs50_m4D_s30.A03,mcs50_m4D_s30.B03,dal_dal,22,31,3244013,0.398025,0,1546961,0.174771,2338279,2338279,0
mcs50_m4D_s30.A04,mcs50_m4D_s30.B04,dal_dal,23,25,4336635,0.54937,0,4303875,0.544663,2964293,2964293,0
mcs50_m4D_s30.A05,mcs50_m4D_s30.B05,dal_dal,22,24,4862546,0.614832,0,699797,0.0812336,3379788,3379788,0
mcs50_m4D_s30.A06,mcs50_m4D_s30.B06,dal_dal,22,34,4722548,0.609032,0,979042,0.117516,3305278,3305278,0
mcs50_m4D_s30.A07,mcs50_m4D_s30.B07,dal_dal,23,38,2110392,0.272095,0,1640839,0.206756,1509141,1509141,0
mcs50_m4D_s30.A08,mcs50_m4D_s30.B08,dal_dal,23,30,2610302,0.354664,0,2139827,0.288434,1853421,1853421,0
mcs50_m4D_s30.A09,mcs50_m4D_s30.B09,dal_dal,22,26,6472674,0.863934,0,423610,0.0518198,4560140,4560140,0
mcs50_m4D_s35.A00,mcs50_m4D_s35.B00,dal_dal,26,38,30597258,4.07928,0,5725765,0.729239,20750863,20750863,0
mcs50_m4D_s35.A01,mcs50_m4D_s35.B01,dal_dal,26,34,26953891,3.63754,0,9599279,1.21868,18854833,18854833,0
mcs50_m4D_s35.A02,mcs50_m4D_s35.B02,dal_dal,27,35,9486077,1.34708,0,6219943,0.850847,6715250,6715250,0
mcs50_m4D_s35.A03,mcs50_m4D_s35.B03,dal_dal,27,38,13126558,1.6907,0,11619711,1.47213,9532004,9532004,0
mcs50_m4D_s35.A04,mcs50_m4D_s35.B04,dal_dal,26,35,37723443,6.08018,0,21398533,3.47087,26600953,26600953,0
mcs50_m4D_s35.A05,mcs50_m4D_s35.B05,dal_dal,26,34,67460446,9.18028,0,15233909,1.96169,47851211,47851211,0
mcs50_m4D_s35.A06,mcs50_m4D_s35.B06,dal_dal,26,28,40497430,5.11643,0,33948655,4.20783,28221237,28221237,0
mcs50_m4D_s35.A07,mcs50_m4D_s35.B07,dal_dal,26,38,87099964,11.6842,0,11924909,1.4658,61221127,61221127,0
mcs50_m4D_s35.A08,mcs50_m4D_s35.B08,dal_dal,26,38,30729056,4.14065,0,6020529,0.776714,22365772,22365772,0
mcs50_m4D_s35.A09,mcs50_m4D_s35.B09,dal_dal,26,35,113998918,14.84,0,25430275,3.19752,81055831,81055831,0
mcs50_m4D_s40.A00,mcs50_m4D_s40.B00,dal_dal,31,34,435669339,57.4801,0,408514172,53.5246,317284794,317284794,0
mcs50_m4D_s40.A01,mcs50_m4D_s40.B01,dal_dal,30,39,709546925,99.25,0,310296768,42.1324,503236676,503236676,0
mcs50_m4D_s40.A02,mcs50_m4D_s40.B02,dal_dal,30,42,1426467701,194.8,0,672847086,87.8976,1001072283,1001072283,0
mcs50_m4D_s40.A03,mcs50_m4D_s40.B03,dal_dal,30,39,101104240,14.5698,0,26241679,3.66197,71310419,71310419,0
mcs50_m4D_s40.A04,mcs50_m4D_s40.B04,dal_dal,30,40,555654321,79.5007,0,353523568,49.628,382151073,382151073,0
mcs50_m4D_s40.A05,mcs50_m4D_s40.B05,dal_dal,30,36,626341487,88.9236,0,272973988,38.324,443212075,443212075,0
mcs50_m4D_s40.A06,mcs50_m4D_s40.B06,dal_dal,30,38,191999560,27.0284,0,47639932,6.26222,139567377,139567377,0
mcs50_m4D_s40.A07,mcs50_m4D_s40.B07,dal_dal,30,44,332001370,45.5084,0,249473105,33.917,239407465,239407465,0
mcs50_m4D_s40.A08,mcs50_m4D_s40.B08,dal_dal,30,34,49490781,6.96423,0,9364033,0.934326,36367351,36367351,0
mcs50_m4D_s40.A09,mcs50_m4D_s40.B09,dal_dal,30,44,128463486,22.0141,0,53517784,8.94925,95403043,95403043,0
mcs50_m4Dr2_s30.A00,mcs50_m4Dr2_s30.B00,dal_dal,22,31,5718740,0.781817,0,4352657,0.580181,3917994,3917994,0
mcs50_m4Dr2_s30.A01,mcs50_m4Dr2_s30.B01,dal_dal,21,39,9436502,1.24438,0,3347525,0.417865,6676303,6676303,0
mcs50_m4Dr2_s30.A02,mcs50_m4Dr2_s30.B02,dal_dal,21,26,20246101,2.71867,0,1920891,0.244367,13952885,13952885,0
mcs50_m4Dr2_s30.A03,mcs50_m4Dr2_s30.B03,dal_dal,22,33,3234671,0.433405,0,2138193,0.279968,2248241,2248241,0
mcs50_m4Dr2_s30.A04,mcs50_m4Dr2_s30.B04,dal_dal,21,34,7503326,1.04536,0,956003,0.123781,5094482,5094482,0
mcs50_m4Dr2_s30.A05,mcs50_m4Dr2_s30.B05,dal_dal,22,33,2572783,0.33947,0,398426,0.0485333,1768752,1768752,0
mcs50_m4Dr2_s30.A06,mcs50_m4Dr2_s30.B06,dal_dal,22,27,5500111,0.787511,0,5440778,0.778651,3736295,3736295,0
mcs50_m4Dr2_s30.A07,mcs50_m4Dr2_s30.B07,dal_dal,21,29,6424096,0.883177,0,25527,0.00269986,4427898,4427898,0
mcs50_m4Dr2_s30.A08,mcs50_m4Dr2_s30.B08,dal_dal,22,33,2054509,0.280394,0,964073,0.124762,1376125,1376125,0
mcs50_m4Dr2_s30.A09,mcs50_m4Dr2_s30.B09,dal_dal,22,31,2360222,0.335033,0,1213316,0.162068,1603839,1603839,0
mcs50_m4Dr2_s35.A00,mcs50_m4Dr2_s35.B00,dal_dal,25,30,125436403,17.7473,0,7697557,0.954878,85216171,85216171,0
mcs50_m4Dr2_s35.A01,mcs50_m4Dr2_s35.B01,dal_dal,25,34,58311652,8.12091,0,7261415,0.943342,41224441,41224441,0
mcs50_m4Dr2_s35.A02,mcs50_m4Dr2_s35.B02,dal_dal,25,39,58827978,8.31989,0,2963319,0.385366,39784738,39784738,0
mcs50_m4Dr2_s35.A03,mcs50_m4Dr2_s35.B03,dal_dal,25,44,61388781,8.3573,0,32207949,4.21558,44833244,44833244,0
mcs50_m4Dr2_s35.A04,mcs50_m4Dr2_s35.B04,dal_dal,25,40,96801523,14.0219,0,9358255,1.28337,68395850,68395850,0
mcs50_m4Dr2_s35.A05,mcs50_m4Dr2_s35.B05,dal_dal,25,37,67571004,9.59308,0,2737488,0.335217,45629087,45629087,0
mcs50_m4Dr2_s35.A06,mcs50_m4Dr2_s35.B06,dal_dal,25,37,66245003,9.43608,0,2979162,0.388517,45891522,45891522,0
mcs50_m4Dr2_s35.A07,mcs50_m4Dr2_s35.B07,dal_dal,25,34,83341134,11.5665,0,84579,0.0109724,57087856,57087856,0
mcs50_m4Dr2_s35.A08,mcs50_m4Dr2_s35.B08,dal_dal,25,41,51933733,7.32177,0,5650759,0.732655,35901063,35901063,0
mcs50_m4Dr2_s35.A09,mcs50_m4Dr2_s35.B09,dal_dal,26,28,15109402,2.07462,0,12714746,1.7379,10614381,10614381,0
mcs50_m4Dr2_s40.A00,mcs50_m4Dr2_s40.B00,dal_dal,29,42,200755558,28.4968,0,53110059,7.1782,137092331,137092331,0
mcs50_m4Dr2_s40.A01,mcs50_m4Dr2_s40.B01,dal_dal,29,48,313627453,42.9815,0,231850841,30.8169,219955361,219955361,0
mcs50_m4Dr2_s40.A02,mcs50_m4Dr2_s40.B02,dal_dal,29,48,395479783,57.2928,0,22759659,3.10446,278385200,278385200,0
mcs50_m4Dr2_s40.A03,mcs50_m4Dr2_s40.B03,dal_dal,29,36,644394307,92.5293,0,65632652,9.06902,445007773,445007773,0
mcs50_m4Dr2_s40.A04,mcs50_m4Dr2_s40.B04,dal_dal,29,50,3499924912,494.435,0,3384074863,476.882,2500202825,2500202825,0
mcs50_m4Dr2_s40.A05,mcs50_m4Dr2_s40.B05,dal_dal,29,42,248792078,36.0886,0,85728803,12.4234,169935758,169935758,0
mcs50_m4Dr2_s40.A06,mcs50_m4Dr2_s40.B06,dal_dal,29,41,491990259,68.0263,0,272915571,37.0281,336091654,336091654,0
mcs50_m4Dr2_s40.A07,mcs50_m4Dr2_s40.B07,dal_dal,29,51,181548436,27.1724,0,2567610,0.30238,126011425,126011425,0
mcs50_m4Dr2_s40.A08,mcs50_m4Dr2_s40.B08,dal_dal,29,48,324134943,48.8666,0,122308548,17.3565,224903505,224903505,0
mcs50_m4Dr2_s40.A09,mcs50_m4Dr2_s40.B09,dal_dal,28,40,1104290371,154.019,0,18447633,2.24278,774772489,774772489,0
mcs50_m4Dr4_s30.A00,mcs50_m4Dr4_s30.B00,dal_dal,20,27,18902774,2.57521,0,558130,0.0705875,12739340,12739340,0
mcs50_m4Dr4_s30.A01,mcs50_m4Dr4_s30.B01,dal_dal,21,34,10105604,1.42666,0,5432509,0.732644,6788426,6788426,0
mcs50_m4Dr4_s30.A02,mcs50_m4Dr4_s30.B02,dal_dal,21,31,4406741,0.654946,0,1911341,0.276853,2979485,2979485,0
mcs50_m4Dr4_s30.A03,mcs50_m4Dr4_s30.B03,dal_dal,21,29,4951559,0.739755,0,2583297,0.371047,3395316,3395316,0
mcs50_m4Dr4_s30.A04,mcs50_m4Dr4_s30.B04,dal_dal,21,32,3931533,0.591308,0,711462,0.095645,2731404,2731404,0
mcs50_m4Dr4_s30.A05,mcs50_m4Dr4_s30.B05,dal_dal,21,31,2622401,0.390227,0,73108,0.00871356,1820702,1820702,0
mcs50_m4Dr4_s30.A06,mcs50_m4Dr4_s30.B06,dal_dal,21,26,8417468,1.20023,0,3990974,0.547645,5681860,5681860,0
mcs50_m4Dr4_s30.A07,mcs50_m4Dr4_s30.B07,dal_dal,21,29,14266400,1.99958,0,2145179,0.289468,9532679,9532679,0
mcs50_m4Dr4_s30.A08,mcs50_m4Dr4_s30.B08,dal_dal,20,30,15760578,2.20027,0,407071,0.0521516,10550954,10550954,0
mcs50_m4Dr4_s30.A09,mcs50_m4Dr4_s30.B09,dal_dal,20,23,13354321,1.91139,0,594666,0.0792483,8831551,8831551,0
mcs50_m4Dr4_s35.A00,mcs50_m4Dr4_s35.B00,dal_dal,24,37,122857130,17.5211,0,7455276,1.01794,82616705,82616705,0
mcs50_m4Dr4_s35.A01,mcs50_m4Dr4_s35.B01,dal_dal,24,38,100414896,14.0625,0,20090604,2.71567,70545077,70545077,0
mcs50_m4Dr4_s35.A02,mcs50_m4Dr4_s35.B02,dal_dal,25,33,93498387,13.4589,0,86902349,12.4689,65417044,65417044,0
mcs50_m4Dr4_s35.A03,mcs50_m4Dr4_s35.B03,dal_dal,24,41,53968162,8.0777,0,1828265,0.259002,36593900,36593900,0
mcs50_m4Dr4_s35.A04,mcs50_m4Dr4_s35.B04,dal_dal,24,35,50802093,7.38512,0,534788,0.0697547,33869818,33869818,0
mcs50_m4Dr4_s35.A05,mcs50_m4Dr4_s35.B05,dal_dal,24,35,91526795,13.1024,0,28199297,3.86821,62133344,62133344,0
mcs50_m4Dr4_s35.A06,mcs50_m4Dr4_s35.B06,dal_dal,25,27,75664779,10.2582,0,65761117,8.83088,53023303,53023303,0
mcs50_m4Dr4_s35.A07,mcs50_m4Dr4_s35.B07,dal_dal,25,43,56183110,8.08147,0,9769748,1.29918,39766663,39766663,0
mcs50_m4Dr4_s35.A08,mcs50_m4Dr4_s35.B08,dal_dal,24,40,209714723,29.4718,0,8589742,1.18742,147443969,147443969,0
mcs50_m4Dr4_s35.A09,mcs50_m4Dr4_s35.B09,dal_dal,25,44,28464579,4.3277,0,21297863,3.20459,19833212,19833212,0
mcs50_m4Dr4_s40.A00,mcs50_m4Dr4_s40.B00,dal_dal,28,44,1110782929,166.563,0,355764367,51.4712,768150078,768150078,0
mcs50_m4Dr4_s40.A01,mcs50_m4Dr4_s40.B01,dal_dal,28,43,246101204,37.4362,0,1735398,0.23217,169134319,169134319,0
mcs50_m4Dr4_s40.A02,mcs50_m4Dr4_s40.B02,dal_dal,28,39,1507315150,220.437,0,495022712,69.4198,1037628628,1037628628,0
mcs50_m4Dr4_s40.A03,mcs50_m4Dr4_s40.B03,dal_dal,28,44,1311879760,193.164,0,638753708,91.2355,881862659,881862659,0
mcs50_m4Dr4_s40.A04,mcs50_m4Dr4_s40.B04,dal_dal,28,46,570597568,85.3331,0,54482751,7.74956,384353252,384353252,0
mcs50_m4Dr4_s40.A05,mcs50_m4Dr4_s40.B05,dal_dal,28,46,1650296132,246.475,0,280487588,40.7056,1120666578,1120666578,0
mcs50_m4Dr4_s40.A06,mcs50_m4Dr4_s40.B06,dal_dal,28,37,1766023104,248.719,0,802478833,111.485,1215847400,1215847400,0
mcs50_m4Dr4_s40.A07,mcs50_m4Dr4_s40.B07,dal_dal,28,38,732889390,107.575,0,237517786,33.1298,493016479,493016479,0
mcs50_m4Dr4_s40.A08,mcs50_m4Dr4_s40.B08,dal_dal,28,41,531523651,77.5022,0,135152301,18.5787,369508096,369508096,0
mcs50_m4Dr4_s40.A09,mcs50_m4Dr4_s40.B09,dal_dal,28,45,441849198,69.2151,0,1408226,0.193633,298904131,298904131,0
mcs50_m4Dr6_s30.A00,mcs50_m4Dr6_s30.B00,dal_dal,20,26,7514757,1.09634,0,358934,0.0481137,5010730,5010730,0
mcs50_m4Dr6_s30.A01,mcs50_m4Dr6_s30.B01,dal_dal,21,29,6044557,0.892596,0,1163713,0.152969,4093285,4093285,0
mcs50_m4Dr6_s30.A02,mcs50_m4Dr6_s30.B02,dal_dal,20,34,18986912,2.76677,0,26195,0.00362356,12992446,12992446,0
mcs50_m4Dr6_s30.A03,mcs50_m4Dr6_s30.B03,dal_dal,21,31,7061221,0.961819,0,6401845,0.864133,4773069,4773069,0
mcs50_m4Dr6_s30.A04,mcs50_m4Dr6_s30.B04,dal_dal,20,25,7984592,1.13972,0,1342597,0.181716,5320019,5320019,0
mcs50_m4Dr6_s30.A05,mcs50_m4Dr6_s30.B05,dal_dal,20,32,8139840,1.13547,0,4592064,0.63339,5534361,5534361,0
mcs50_m4Dr6_s30.A06,mcs50_m4Dr6_s30.B06,dal_dal,20,35,13411912,1.88509,0,3001766,0.395726,8915194,8915194,0
mcs50_m4Dr6_s30.A07,mcs50_m4Dr6_s30.B07,dal_dal,20,36,21293821,3.15685,0,223227,0.0313376,14195661,14195661,0
mcs50_m4Dr6_s30.A08,mcs50_m4Dr6_s30.B08,dal_dal,20,31,9345297,1.31849,0,1306285,0.17508,6239191,6239191,0
mcs50_m4Dr6_s30.A09,mcs50_m4Dr6_s30.B09,dal_dal,20,37,8185873,1.23333,0,1611834,0.222636,5509203,5509203,0
mcs50_m4Dr6_s35.A00,mcs50_m4Dr6_s35.B00,dal_dal,24,40,69597874,10.294,0,40267475,5.75641,47442420,47442420,0
mcs50_m4Dr6_s35.A01,mcs50_m4Dr6_s35.B01,dal_dal,24,36,76291622,12.0299,0,31350602,4.69911,51552528,51552528,0
mcs50_m4Dr6_s35.A02,mcs50_m4Dr6_s35.B02,dal_dal,24,42,128849052,19.8494,0,64548852,9.69909,85549955,85549955,0
mcs50_m4Dr6_s35.A03,mcs50_m4Dr6_s35.B03,dal_dal,24,35,23866360,4.52547,0,2476582,0.434487,16246787,16246787,0
mcs50_m4Dr6_s35.A04,mcs50_m4Dr6_s35.B04,dal_dal,24,39,137944584,20.4174,0,68675503,9.88039,92055703,92055703,0
mcs50_m4Dr6_s35.A05,mcs50_m4Dr6_s35.B05,dal_dal,24,30,47662502,6.82101,0,37979757,5.36618,32742169,32742169,0
mcs50_m4Dr6_s35.A06,mcs50_m4Dr6_s35.B06,dal_dal,24,37,51802053,7.98416,0,43810464,6.70223,34668428,34668428,0
mcs50_m4Dr6_s35.A07,mcs50_m4Dr6_s35.B07,dal_dal,24,34,176515883,25.9187,0,166966500,24.4487,120018472,120018472,0
mcs50_m4Dr6_s35.A08,mcs50_m4Dr6_s35.B08,dal_dal,23,32,125448687,18.0896,0,44537047,6.11928,87014168,87014168,0
mcs50_m4Dr6_s35.A09,mcs50_m4Dr6_s35.B09,dal_dal,23,43,114754566,17.0235,0,16427873,2.36535,78506831,78506831,0
mcs50_m4Dr6_s40.A00,mcs50_m4Dr6_s40.B00,dal_dal,27,41,890012091,141.859,0,215130568,33.5318,607559817,607559817,0
mcs50_m4Dr6_s40.A01,mcs50_m4Dr6_s40.B01,dal_dal,27,36,1838752898,286.29,0,96042381,15.3215,1264612084,1264612084,0
mcs50_m4Dr6_s40.A02,mcs50_m4Dr6_s40.B02,dal_dal,27,42,629377181,98.6353,0,3346334,0.47359,433305302,433305302,0
mcs50_m4Dr6_s40.A03,mcs50_m4Dr6_s40.B03,dal_dal,28,44,465650576,72.7936,0,288824579,44.0118,315828815,315828815,0
mcs50_m4Dr6_s40.A04,mcs50_m4Dr6_s40.B04,dal_dal,27,33,618228534,93.3635,0,24154180,3.42409,432009956,432009956,0
mcs50_m4Dr6_s40.A05,mcs50_m4Dr6_s40.B05,dal_dal,27,47,1002162267,157.591,0,531170,0.0673002,677609611,677609611,0
mcs50_m4Dr6_s40.A06,mcs50_m4Dr6_s40.B06,dal_dal,27,48,789153365,115.112,0,45802806,6.42222,561327239,561327239,0
mcs50_m4Dr6_s40.A07,mcs50_m4Dr6_s40.B07,dal_dal,27,40,940282625,141.964,0,19626411,2.8092,648180727,648180727,0
mcs50_m4Dr6_s40.A08,mcs50_m4Dr6_s40.B08,dal_dal,27,40,2726613945,420.82,0,1672854933,252.868,1803737680,1803737680,0
mcs50_m4Dr6_s40.A09,mcs50_m4Dr6_s40.B09,dal_dal,28,38,833153411,128.612,0,652417742,99.3755,577164841,577164841,0
mcs50_r001_s100.A00,mcs50_r001_s100.B00,dal_dal,66,59,10934048601,1000.01,1,228069524,17.0857,8812073235,8812073235,0
mcs50_r001_s100.A01,mcs50_r001_s100.B01,dal_dal,67,71,7441047233,1000.02,1,12297404,1.634,6656420050,6656420050,0
mcs50_r001_s100.A02,mcs50_r001_s100.B02,dal_dal,61,59,4968045237,1000.01,1,156489490,30.9774,4347733663,4347733663,0
mcs50_r001_s100.A03,mcs50_r001_s100.B03,dal_dal,69,56,9904633669,1000.02,1,204659,0.02022,8061780415,8061780415,0
mcs50_r001_s100.A04,mcs50_r001_s100.B04,dal_dal,62,58,17892493125,1000.02,1,4443004600,248.258,14794362474,14794362474,0
mcs50_r001_s100.A05,mcs50_r001_s100.B05,dal_dal,74,71,8930595148,1000.02,1,8025126257,853.446,7160317533,7160317533,0
mcs50_r001_s100.A06,mcs50_r001_s100.B06,dal_dal,74,81,7477820489,1000.01,1,5384544,0.591215,5847124551,5847124551,0
mcs50_r001_s100.A07,mcs50_r001_s100.B07,dal_dal,67,61,10670464193,1000.03,1,2548650657,237.727,9645575889,9645575889,0
mcs50_r001_s100.A08,mcs50_r001_s100.B08,dal_dal,65,66,15901355875,1000.01,1,2874724901,152.585,13829901463,13829901463,0
mcs50_r001_s100.A09,mcs50_r001_s100.B09,dal_dal,64,54,18098447307,1000.02,1,335,9.81E-05,15564340012,15564340012,0
mcs50_r005_s100.A00,mcs50_r005_s100.B00,dal_dal,42,102,5077371697,1000.01,1,2817294046,541.222,3159523954,3159523954,0
mcs50_r005_s100.A01,mcs50_r005_s100.B01,dal_dal,42,73,5189149008,1000.02,1,4848381608,932.295,3202146611,3202146611,0
mcs50_r005_s100.A02,mcs50_r005_s100.B02,dal_dal,42,79,5771832020,1000.01,1,174902954,30.7068,3666933870,3666933870,0
mcs50_r005_s100.A03,mcs50_r005_s100.B03,dal_dal,40,88,5071970505,1000.01,1,3515895708,683.248,3026437824,3026437824,0
mcs50_r005_s100.A04,mcs50_r005_s100.B04,dal_dal,42,92,4767555049,1000.01,1,822818163,163.674,2916766814,2916766814,0
mcs50_r005_s100.A05,mcs50_r005_s100.B05,dal_dal,41,81,5613120153,1000.02,1,5034131,0.780069,3451575930,3451575930,0
mcs50_r005_s100.A06,mcs50_r005_s100.B06,dal_dal,43,84,5345116942,1000.02,1,190027919,32.3795,3298210543,3298210543,0
mcs50_r005_s100.A07,mcs50_r005_s100.B07,dal_dal,42,87,5284258280,1000.02,1,4985553383,942.852,3261394618,3261394618,0
mcs50_r005_s100.A08,mcs50_r005_s100.B08,dal_dal,41,81,5155467953,1000.01,1,633950942,119.403,3223764498,3223764498,0
mcs50_r005_s100.A09,mcs50_r005_s100.B09,dal_dal,42,89,5379730340,1000.01,1,322196747,55.3576,3381483918,3381483918,0
mcs50_r005_s20.A00,mcs50_r005_s20.B00,dal_dal,16,16,36615,0.00809839,0,7087,0.00142269,24968,24968,0
mcs50_r005_s20.A01,mcs50_r005_s20.B01,dal_dal,16,16,103561,0.0211793,0,27668,0.0048854,71435,71435,0
mcs50_r005_s20.A02,mcs50_r005_s20.B02,dal_dal,16,13,21398,0.00256988,0,16777,0.00195713,15073,15073,0
mcs50_r005_s20.A03,mcs50_r005_s20.B03,dal_dal,16,17,80897,0.00839075,0,61347,0.00613885,55646,55646,0
mcs50_r005_s20.A04,mcs50_r005_s20.B04,dal_dal,16,15,22970,0.00287266,0,3001,0.000344538,15861,15861,0
mcs50_r005_s20.A05,mcs50_r005_s20.B05,dal_dal,16,17,30244,0.00356356,0,2151,0.000266493,19777,19777,0
mcs50_r005_s20.A06,mcs50_r005_s20.B06,dal_dal,16,14,174773,0.0156457,0,148473,0.0120205,133310,133310,0
mcs50_r005_s20.A07,mcs50_r005_s20.B07,dal_dal,16,15,32902,0.00323091,0,22927,0.00206105,22734,22734,0
mcs50_r005_s20.A08,mcs50_r005_s20.B08,dal_dal,16,15,80981,0.0075346,0,65241,0.00568912,57422,57422,0
mcs50_r005_s20.A09,mcs50_r005_s20.B09,dal_dal,16,15,27024,0.00306437,0,1121,0.000121903,17776,17776,0
mcs50_r005_s25.A00,mcs50_r005_s25.B00,dal_dal,19,22,625558,0.147829,0,335985,0.0748749,435852,435852,0
mcs50_r005_s25.A01,mcs50_r005_s25.B01,dal_dal,20,22,288773,0.0699094,0,169422,0.0388587,202780,202780,0
mcs50_r005_s25.A02,mcs50_r005_s25.B02,dal_dal,20,29,213798,0.0269804,0,188044,0.0234263,146869,146869,0
mcs50_r005_s25.A03,mcs50_r005_s25.B03,dal_dal,19,19,367852,0.0467622,0,9289,0.00106303,253171,253171,0
mcs50_r005_s25.A04,mcs50_r005_s25.B04,dal_dal,19,20,362336,0.0409836,0,5933,0.000634774,254270,254270,0
mcs50_r005_s25.A05,mcs50_r005_s25.B05,dal_dal,19,18,2987795,0.312819,0,1811896,0.178982,2174071,2174071,0
mcs50_r005_s25.A06,mcs50_r005_s25.B06,dal_dal,20,21,229254,0.0282161,0,171681,0.0207095,154326,154326,0
mcs50_r005_s25.A07,mcs50_r005_s25.B07,dal_dal,20,22,133629,0.0171253,0,28435,0.00343213,86885,86885,0
mcs50_r005_s25.A08,mcs50_r005_s25.B08,dal_dal,20,27,1015103,0.117867,0,951523,0.109056,731205,731205,0
mcs50_r005_s25.A09,mcs50_r005_s25.B09,dal_dal,19,18,3398608,0.371527,0,3244197,0.353351,2384691,2384691,0
mcs50_r005_s30.A00,mcs50_r005_s30.B00,dal_dal,23,23,5499915,0.702218,0,4889026,0.618926,3821823,3821823,0
mcs50_r005_s30.A01,mcs50_r005_s30.B01,dal_dal,23,32,2131209,0.285017,0,1391194,0.182972,1434431,1434431,0
mcs50_r005_s30.A02,mcs50_r005_s30.B02,dal_dal,23,31,2333643,0.526242,0,1585816,0.337544,1644809,1644809,0
mcs50_r005_s30.A03,mcs50_r005_s30.B03,dal_dal,23,26,4004813,1.03226,0,1104258,0.259828,2684814,2684814,0
mcs50_r005_s30.A04,mcs50_r005_s30.B04,dal_dal,23,26,4940012,0.603147,0,1360693,0.153594,3405131,3405131,0
mcs50_r005_s30.A05,mcs50_r005_s30.B05,dal_dal,23,28,3369691,0.450073,0,1159287,0.141548,2230754,2230754,0
mcs50_r005_s30.A06,mcs50_r005_s30.B06,dal_dal,22,30,41100995,4.82829,0,16236925,1.81135,29578635,29578635,0
mcs50_r005_s30.A07,mcs50_r005_s30.B07,dal_dal,23,33,2038722,0.262777,0,981878,0.120851,1401495,1401495,0
mcs50_r005_s30.A08,mcs50_r005_s30.B08,dal_dal,23,28,3457120,0.523176,0,1212273,0.165997,2327142,2327142,0
mcs50_r005_s30.A09,mcs50_r005_s30.B09,dal_dal,22,21,24681045,3.71447,0,444062,0.0623175,15920136,15920136,0
mcs50_r005_s35.A00,mcs50_r005_s35.B00,dal_dal,26,38,43304692,6.06674,0,10010754,1.29915,28733243,28733243,0
mcs50_r005_s35.A01,mcs50_r005_s35.B01,dal_dal,26,36,64586160,9.06443,0,26435241,3.53428,42948767,42948767,0
mcs50_r005_s35.A02,mcs50_r005_s35.B02,dal_dal,25,26,237828675,32.7831,0,215071,0.0209694,157387373,157387373,0
mcs50_r005_s35.A03,mcs50_r005_s35.B03,dal_dal,26,36,17569627,4.87777,0,5084086,1.20293,12248167,12248167,0
mcs50_r005_s35.A04,mcs50_r005_s35.B04,dal_dal,26,36,21638850,6.31559,0,129824,0.0331114,14751123,14751123,0
mcs50_r005_s35.A05,mcs50_r005_s35.B05,dal_dal,26,36,73403661,9.83547,0,47982613,6.22586,49237296,49237296,0
mcs50_r005_s35.A06,mcs50_r005_s35.B06,dal_dal,25,39,303286551,41.6642,0,1913434,0.240147,201334155,201334155,0
mcs50_r005_s35.A07,mcs50_r005_s35.B07,dal_dal,26,34,89335097,12.2061,0,59370514,7.96089,58804886,58804886,0
mcs50_r005_s35.A08,mcs50_r005_s35.B08,dal_dal,26,30,83307237,11.1133,0,63160729,8.26422,56176871,56176871,0
mcs50_r005_s35.A09,mcs50_r005_s35.B09,dal_dal,25,35,235312819,31.2758,0,1318357,0.167412,152514792,152514792,0
mcs50_r005_s40.A00,mcs50_r005_s40.B00,dal_dal,28,40,2722167783,437.533,0,41608981,6.13924,1889446975,1889446975,0
mcs50_r005_s40.A01,mcs50_r005_s40.B01,dal_dal,29,33,428658973,62.7001,0,370014900,53.6245,294628289,294628289,0
mcs50_r005_s40.A02,mcs50_r005_s40.B02,dal_dal,28,49,4436382475,666.234,0,11452643,1.60727,2945595581,2945595581,0
mcs50_r005_s40.A03,mcs50_r005_s40.B03,dal_dal,28,45,1662180217,239.437,0,56732092,7.98046,1100346181,1100346181,0
mcs50_r005_s40.A04,mcs50_r005_s40.B04,dal_dal,29,40,333804483,47.3968,0,147259166,20.0164,229097842,229097842,0
mcs50_r005_s40.A05,mcs50_r005_s40.B05,dal_dal,30,45,235793944,33.9578,0,201067011,28.6453,159595777,159595777,0
mcs50_r005_s40.A06,mcs50_r005_s40.B06,dal_dal,28,44,4242412981,622.617,0,37441035,5.19046,2805813845,2805813845,0
mcs50_r005_s40.A07,mcs50_r005_s40.B07,dal_dal,28,30,2121407042,308.894,0,1317303,0.170199,1462620568,1462620568,0
mcs50_r005_s40.A08,mcs50_r005_s40.B08,dal_dal,28,41,2154364174,320.07,0,248834776,35.0152,1450818957,1450818957,0
mcs50_r005_s40.A09,mcs50_r005_s40.B09,dal_dal,28,40,3984915548,597.57,0,389002745,55.2307,2641275142,2641275142,0
mcs50_r005_s50.A00,mcs50_r005_s50.B00,dal_dal,32,39,5749024928,1000.02,1,2058034773,355.612,3730242068,3730242068,0
mcs50_r005_s50.A01,mcs50_r005_s50.B01,dal_dal,32,45,6185707377,1000.02,1,1343266561,215.528,4106252523,4106252523,0
mcs50_r005_s50.A02,mcs50_r005_s50.B02,dal_dal,32,51,6462158355,1000,1,625474692,94.6759,4260031420,4260031420,0
mcs50_r005_s50.A03,mcs50_r005_s50.B03,dal_dal,32,45,6673894175,1000.01,1,3557723776,515.768,4459678275,4459678275,0
mcs50_r005_s50.A04,mcs50_r005_s50.B04,dal_dal,33,52,6317950739,1000.02,1,108446473,16.494,4326469201,4326469201,0
mcs50_r005_s50.A05,mcs50_r005_s50.B05,dal_dal,33,55,6274219159,1000.01,1,1034236699,160.47,4171737393,4171737393,0
mcs50_r005_s50.A06,mcs50_r005_s50.B06,dal_dal,32,58,6592202602,1000.01,1,42601536,6.41847,4410208009,4410208009,0
mcs50_r005_s50.A07,mcs50_r005_s50.B07,dal_dal,34,64,6153978494,1000.02,1,163545389,23.8227,4187211388,4187211388,0
mcs50_r005_s50.A08,mcs50_r005_s50.B08,dal_dal,31,37,6705584596,1000.03,1,927192862,135.445,4521715060,4521715060,0
mcs50_r005_s50.A09,mcs50_r005_s50.B09,dal_dal,32,56,5917559459,1000.01,1,8271639,1.20835,3911542939,3911542939,0
mcs50_r005_s60.A00,mcs50_r005_s60.B00,dal_dal,35,57,5291152182,1000.02,1,204315804,39.2976,3395853216,3395853216,0
mcs50_r005_s60.A01,mcs50_r005_s60.B01,dal_dal,34,63,6120200250,1000.02,1,15459289,2.36301,3881467052,3881467052,0
mcs50_r005_s60.A02,mcs50_r005_s60.B02,dal_dal,35,63,5957020883,1000.01,1,537894839,85.0966,3888777232,3888777232,0
mcs50_r005_s60.A03,mcs50_r005_s60.B03,dal_dal,35,65,6298516854,1000.02,1,1253803016,200.59,4118905102,4118905102,0
mcs50_r005_s60.A04,mcs50_r005_s60.B04,dal_dal,36,73,5561777604,1000.02,1,4140819324,738.224,3566093945,3566093945,0
mcs50_r005_s60.A05,mcs50_r005_s60.B05,dal_dal,33,53,3271217269,1000.02,1,6984507,2.07284,2116540899,2116540899,0
mcs50_r005_s60.A06,mcs50_r005_s60.B06,dal_dal,34,55,3120766775,1000.02,1,17657312,5.15034,1988187325,1988187325,0
mcs50_r005_s60.A07,mcs50_r005_s60.B07,dal_dal,37,70,5780958199,1000.02,1,2681414328,444.561,3806864300,3806864300,0
mcs50_r005_s60.A08,mcs50_r005_s60.B08,dal_dal,35,70,5980349453,1000.02,1,83862443,13.901,3965250570,3965250570,0
mcs50_r005_s60.A09,mcs50_r005_s60.B09,dal_dal,35,61,6291618926,1000.01,1,5832879164,922.517,4269829682,4269829682,0
mcs50_r005_s70.A00,mcs50_r005_s70.B00,dal_dal,36,62,5722966423,1000.01,1,938107685,152.514,3622218685,3622218685,0
mcs50_r005_s70.A01,mcs50_r005_s70.B01,dal_dal,39,66,5601309578,1000.01,1,751544590,120.753,3632503980,3632503980,0
mcs50_r005_s70.A02,mcs50_r005_s70.B02,dal_dal,37,61,5565821578,1000.01,1,479713925,78.6021,3527704401,3527704401,0
mcs50_r005_s70.A03,mcs50_r005_s70.B03,dal_dal,37,82,5758115614,1000.02,1,2445420412,391.29,3776919047,3776919047,0
mcs50_r005_s70.A04,mcs50_r005_s70.B04,dal_dal,37,73,5526072636,1000.01,1,2234213753,381.927,3493266325,3493266325,0
mcs50_r005_s70.A05,mcs50_r005_s70.B05,dal_dal,37,76,5753273407,1000.02,1,1914581659,327.084,3657228498,3657228498,0
mcs50_r005_s70.A06,mcs50_r005_s70.B06,dal_dal,39,79,5754827107,1000.02,1,4945486881,856.902,3678081586,3678081586,0
mcs50_r005_s70.A07,mcs50_r005_s70.B07,dal_dal,37,73,5449280563,1000.02,1,1085030897,188.825,3401554696,3401554696,0
mcs50_r005_s70.A08,mcs50_r005_s70.B08,dal_dal,37,74,5831114924,1000.01,1,3840631056,650.383,3661713320,3661713320,0
mcs50_r005_s70.A09,mcs50_r005_s70.B09,dal_dal,37,77,6279645080,1000.02,1,85804699,13.0978,4238988724,4238988724,0
mcs50_r005_s80.A00,mcs50_r005_s80.B00,dal_dal,39,74,5347493072,1000.02,1,1256138243,220.918,3344777963,3344777963,0
mcs50_r005_s80.A01,mcs50_r005_s80.B01,dal_dal,39,85,5617775156,1000.01,1,622154187,109.696,3564803913,3564803913,0
mcs50_r005_s80.A02,mcs50_r005_s80.B02,dal_dal,39,81,5732990810,1000.02,1,85788168,15.8714,3626671111,3626671111,0
mcs50_r005_s80.A03,mcs50_r005_s80.B03,dal_dal,38,81,5350375656,1000.02,1,1526235828,282.946,3328421826,3328421826,0
mcs50_r005_s80.A04,mcs50_r005_s80.B04,dal_dal,40,82,5701946086,1000.03,1,4445222122,779.369,3628260774,3628260774,0
mcs50_r005_s80.A05,mcs50_r005_s80.B05,dal_dal,38,80,5601386695,1000.02,1,44041908,7.25629,3489042262,3489042262,0
mcs50_r005_s80.A06,mcs50_r005_s80.B06,dal_dal,39,75,4768948009,1000.02,1,786068491,155.584,2917083285,2917083285,0
mcs50_r005_s80.A07,mcs50_r005_s80.B07,dal_dal,38,80,5217006485,1000.02,1,4260640868,807.163,3210813266,3210813266,0
mcs50_r005_s80.A08,mcs50_r005_s80.B08,dal_dal,39,77,5892606822,1000.02,1,2197242524,367.385,3775995183,3775995183,0
mcs50_r005_s80.A09,mcs50_r005_s80.B09,dal_dal,39,70,5713335283,1000.02,1,6191900,1.05677,3688121294,3688121294,0
mcs50_r005_s90.A00,mcs50_r005_s90.B00,dal_dal,40,88,5547144229,1000.02,1,132894192,23.3443,3449645528,3449645528,0
mcs50_r005_s90.A01,mcs50_r005_s90.B01,dal_dal,40,89,5828856167,1000.01,1,869236855,136.678,3689336427,3689336427,0
mcs50_r005_s90.A02,mcs50_r005_s90.B02,dal_dal,39,77,5168345892,1000.01,1,451605758,86.7893,3119543654,3119543654,0
mcs50_r005_s90.A03,mcs50_r005_s90.B03,dal_dal,40,87,5275318795,1000.02,1,4879977663,921.428,3247535768,3247535768,0
mcs50_r005_s90.A04,mcs50_r005_s90.B04,dal_dal,40,86,4609653779,1000.02,1,1034020391,217.351,2816724957,2816724957,0
mcs50_r005_s90.A05,mcs50_r005_s90.B05,dal_dal,40,89,4969999863,1000.02,1,211046253,40.2732,3109143924,3109143924,0
mcs50_r005_s90.A06,mcs50_r005_s90.B06,dal_dal,40,79,4812894130,1000.02,1,2313141040,474.424,3008440274,3008440274,0
mcs50_r005_s90.A07,mcs50_r005_s90.B07,dal_dal,40,87,5290283483,1000.02,1,136454019,24.6087,3237291145,3237291145,0
mcs50_r005_s90.A08,mcs50_r005_s90.B08,dal_dal,42,98,4877322768,1000.02,1,4516616926,921.073,2951963875,2951963875,0
mcs50_r005_s90.A09,mcs50_r005_s90.B09,dal_dal,41,87,5102627758,1000.02,1,111529597,21.9778,3215507302,3215507302,0
mcs50_r01_s10.A00,mcs50_r01_s10.B00,dal_dal,8,7,548,0.000108945,0,464,6.54E-05,345,345,0
mcs50_r01_s10.A01,mcs50_r01_s10.B01,dal_dal,8,8,351,7.69E-05,0,279,4.10E-05,250,250,0
mcs50_r01_s10.A02,mcs50_r01_s10.B02,dal_dal,8,8,338,8.42E-05,0,208,3.19E-05,221,221,0
mcs50_r01_s10.A03,mcs50_r01_s10.B03,dal_dal,9,9,161,5.32E-05,0,142,2.54E-05,97,97,0
mcs50_r01_s10.A04,mcs50_r01_s10.B04,dal_dal,8,7,122,5.37E-05,0,9,7.45E-06,83,83,0
mcs50_r01_s10.A05,mcs50_r01_s10.B05,dal_dal,8,7,131,4.58E-05,0,26,9.98E-06,89,89,0
mcs50_r01_s10.A06,mcs50_r01_s10.B06,dal_dal,8,5,288,6.90E-05,0,67,1.66E-05,180,180,0
mcs50_r01_s10.A07,mcs50_r01_s10.B07,dal_dal,8,8,166,5.64E-05,0,15,8.08E-06,114,114,0
mcs50_r01_s10.A08,mcs50_r01_s10.B08,dal_dal,8,6,259,6.53E-05,0,65,2.11E-05,174,174,0
mcs50_r01_s10.A09,mcs50_r01_s10.B09,dal_dal,9,8,139,6.02E-05,0,124,2.87E-05,100,100,0
mcs50_r01_s100.A00,mcs50_r01_s100.B00,dal_dal,28,78,4047157890,1000.02,1,579088622,133.762,2410171253,2410171253,0
mcs50_r01_s100.A01,mcs50_r01_s100.B01,dal_dal,29,82,4172972448,1000.01,1,215927867,48.5929,2524605351,2524605351,0
mcs50_r01_s100.A02,mcs50_r01_s100.B02,dal_dal,29,84,4234134752,1000.02,1,94265329,20.848,2524880173,2524880173,0
mcs50_r01_s100.A03,mcs50_r01_s100.B03,dal_dal,29,97,4427644550,1000.01,1,554132940,118.271,2616804875,2616804875,0
mcs50_r01_s100.A04,mcs50_r01_s100.B04,dal_dal,28,83,4438951223,1000.02,1,85388210,18.6548,2630792129,2630792129,0
mcs50_r01_s100.A05,mcs50_r01_s100.B05,dal_dal,28,93,4195872191,1000.01,1,15396081,3.13387,2450695901,2450695901,0
mcs50_r01_s100.A06,mcs50_r01_s100.B06,dal_dal,29,73,4245887736,1000.02,1,2939341188,673.133,2483171971,2483171971,0
mcs50_r01_s100.A07,mcs50_r01_s100.B07,dal_dal,28,70,4337101812,1000.01,1,570813485,124.092,2553394777,2553394777,0
mcs50_r01_s100.A08,mcs50_r01_s100.B08,dal_dal,28,73,3778413800,1000.01,1,478242094,130.264,2195681071,2195681071,0
mcs50_r01_s100.A09,mcs50_r01_s100.B09,dal_dal,28,88,4418085975,1000.01,1,81489581,17.3377,2584959697,2584959697,0
mcs50_r01_s15.A00,mcs50_r01_s15.B00,dal_dal,12,16,3183,0.000446228,0,1676,0.000231126,2002,2002,0
mcs50_r01_s15.A01,mcs50_r01_s15.B01,dal_dal,12,14,3684,0.000527194,0,3479,0.000475937,2410,2410,0
mcs50_r01_s15.A02,mcs50_r01_s15.B02,dal_dal,11,13,5100,0.000769569,0,1606,0.000198168,3356,3356,0
mcs50_r01_s15.A03,mcs50_r01_s15.B03,dal_dal,12,12,3028,0.00039861,0,2748,0.000334323,1963,1963,0
mcs50_r01_s15.A04,mcs50_r01_s15.B04,dal_dal,11,9,10154,0.00120282,0,1914,0.000234231,6539,6539,0
mcs50_r01_s15.A05,mcs50_r01_s15.B05,dal_dal,12,15,7521,0.000830157,0,6794,0.000698269,4889,4889,0
mcs50_r01_s15.A06,mcs50_r01_s15.B06,dal_dal,11,14,6442,0.000824799,0,1719,0.000213751,4349,4349,0
mcs50_r01_s15.A07,mcs50_r01_s15.B07,dal_dal,11,13,5648,0.000753021,0,308,4.99E-05,3792,3792,0
mcs50_r01_s15.A08,mcs50_r01_s15.B08,dal_dal,11,14,3671,0.000499972,0,383,5.70E-05,2394,2394,0
mcs50_r01_s15.A09,mcs50_r01_s15.B09,dal_dal,11,13,4532,0.000597638,0,699,9.54E-05,3131,3131,0
mcs50_r01_s20.A00,mcs50_r01_s20.B00,dal_dal,14,17,92121,0.0120307,0,3564,0.000437034,59089,59089,0
mcs50_r01_s20.A01,mcs50_r01_s20.B01,dal_dal,14,20,93685,0.012244,0,3493,0.000438371,63673,63673,0
mcs50_r01_s20.A02,mcs50_r01_s20.B02,dal_dal,14,22,76276,0.0106984,0,6874,0.00107255,49876,49876,0
mcs50_r01_s20.A03,mcs50_r01_s20.B03,dal_dal,14,16,92712,0.0121207,0,26396,0.00329111,60314,60314,0
mcs50_r01_s20.A04,mcs50_r01_s20.B04,dal_dal,14,19,61884,0.0084448,0,1983,0.000278288,39370,39370,0
mcs50_r01_s20.A05,mcs50_r01_s20.B05,dal_dal,14,20,98607,0.0129293,0,2991,0.000414373,62511,62511,0
mcs50_r01_s20.A06,mcs50_r01_s20.B06,dal_dal,15,17,50043,0.00692145,0,37240,0.00499406,32510,32510,0
mcs50_r01_s20.A07,mcs50_r01_s20.B07,dal_dal,14,18,153511,0.0202951,0,26200,0.00345122,97247,97247,0
mcs50_r01_s20.A08,mcs50_r01_s20.B08,dal_dal,15,21,56391,0.00748032,0,35340,0.00434902,37987,37987,0
mcs50_r01_s20.A09,mcs50_r01_s20.B09,dal_dal,14,19,121148,0.0158736,0,5558,0.000681194,78826,78826,0
mcs50_r01_s25.A00,mcs50_r01_s25.B00,dal_dal,17,31,1206456,0.175226,0,269883,0.0355286,816401,816401,0
mcs50_r01_s25.A01,mcs50_r01_s25.B01,dal_dal,16,21,2414269,0.334308,0,9565,0.00130342,1603046,1603046,0
mcs50_r01_s25.A02,mcs50_r01_s25.B02,dal_dal,17,20,499356,0.0750068,0,187816,0.0277396,327243,327243,0
mcs50_r01_s25.A03,mcs50_r01_s25.B03,dal_dal,17,23,2139616,0.304869,0,2091443,0.297523,1358775,1358775,0
mcs50_r01_s25.A04,mcs50_r01_s25.B04,dal_dal,17,29,636790,0.0980835,0,26376,0.00349512,425076,425076,0
mcs50_r01_s25.A05,mcs50_r01_s25.B05,dal_dal,17,25,733703,0.115168,0,92435,0.0133415,483184,483184,0
mcs50_r01_s25.A06,mcs50_r01_s25.B06,dal_dal,17,24,1322975,0.201083,0,796489,0.118887,864562,864562,0
mcs50_r01_s25.A07,mcs50_r01_s25.B07,dal_dal,16,24,2829139,0.409892,0,130254,0.0170573,1815643,1815643,0
mcs50_r01_s25.A08,mcs50_r01_s25.B08,dal_dal,17,22,1160428,0.169357,0,460946,0.0632539,753983,753983,0
mcs50_r01_s25.A09,mcs50_r01_s25.B09,dal_dal,17,22,1876802,0.269876,0,1734451,0.249713,1205686,1205686,0
mcs50_r01_s30.A00,mcs50_r01_s30.B00,dal_dal,19,37,44778445,7.33357,0,33738513,5.46511,28614071,28614071,0
mcs50_r01_s30.A01,mcs50_r01_s30.B01,dal_dal,18,22,68278628,11.1243,0,2214316,0.352245,44715570,44715570,0
mcs50_r01_s30.A02,mcs50_r01_s30.B02,dal_dal,19,36,34388896,6.24498,0,24866594,4.38102,22392979,22392979,0
mcs50_r01_s30.A03,mcs50_r01_s30.B03,dal_dal,19,38,42992435,6.79738,0,34541096,5.37844,28166506,28166506,0
mcs50_r01_s30.A04,mcs50_r01_s30.B04,dal_dal,19,38,23230884,3.90547,0,259782,0.0402948,15261499,15261499,0
mcs50_r01_s30.A05,mcs50_r01_s30.B05,dal_dal,19,36,50509838,8.03998,0,35092664,5.45769,32205972,32205972,0
mcs50_r01_s30.A06,mcs50_r01_s30.B06,dal_dal,19,33,21431133,3.50064,0,5433777,0.829296,14055872,14055872,0
mcs50_r01_s30.A07,mcs50_r01_s30.B07,dal_dal,19,32,15179295,2.42242,0,5461263,0.829179,9878633,9878633,0
mcs50_r01_s30.A08,mcs50_r01_s30.B08,dal_dal,19,41,13944742,2.29694,0,241370,0.0375033,9242443,9242443,0
mcs50_r01_s30.A09,mcs50_r01_s30.B09,dal_dal,19,37,45381182,7.20339,0,38736665,6.09007,28981007,28981007,0
mcs50_r01_s35.A00,mcs50_r01_s35.B00,dal_dal,20,32,807192638,136.869,0,55857625,8.98629,520420165,520420165,0
mcs50_r01_s35.A01,mcs50_r01_s35.B01,dal_dal,20,34,1022080186,173.15,0,27630704,4.3288,671905483,671905483,0
mcs50_r01_s35.A02,mcs50_r01_s35.B02,dal_dal,20,32,1035789415,175.079,0,63739478,10.0039,670679729,670679729,0
mcs50_r01_s35.A03,mcs50_r01_s35.B03,dal_dal,21,37,392220298,66.4397,0,253683074,41.7765,258297496,258297496,0
mcs50_r01_s35.A04,mcs50_r01_s35.B04,dal_dal,20,37,1147007359,197.109,0,7544436,1.22903,749168952,749168952,0
mcs50_r01_s35.A05,mcs50_r01_s35.B05,dal_dal,21,38,382119708,63.4786,0,367884456,61.1464,254677369,254677369,0
mcs50_r01_s35.A06,mcs50_r01_s35.B06,dal_dal,20,38,779570779,131.663,0,90595,0.0143681,509055717,509055717,0
mcs50_r01_s35.A07,mcs50_r01_s35.B07,dal_dal,20,36,932415141,159.055,0,46073680,7.50368,608873571,608873571,0
mcs50_r01_s35.A08,mcs50_r01_s35.B08,dal_dal,21,47,287901987,48.5516,0,95996523,15.4623,191043027,191043027,0
mcs50_r01_s35.A09,mcs50_r01_s35.B09,dal_dal,21,42,324245136,64.5473,0,185637309,35.7646,212213279,212213279,0
mcs50_r01_s40.A00,mcs50_r01_s40.B00,dal_dal,22,53,5351622433,995.935,0,1003640979,177.743,3487026142,3487026142,0
mcs50_r01_s40.A01,mcs50_r01_s40.B01,dal_dal,22,45,5451131826,1000.02,1,369597179,63.4183,3571282351,3571282351,0
mcs50_r01_s40.A02,mcs50_r01_s40.B02,dal_dal,23,54,2754879634,513.332,0,397340309,69.7792,1821335035,1821335035,0
mcs50_r01_s40.A03,mcs50_r01_s40.B03,dal_dal,21,42,5621260250,1000.02,1,24328226,4.1173,3598366495,3598366495,0
mcs50_r01_s40.A04,mcs50_r01_s40.B04,dal_dal,22,48,5448787457,1000.01,1,866949856,151.457,3564128377,3564128377,0
mcs50_r01_s40.A05,mcs50_r01_s40.B05,dal_dal,22,37,5667562273,1000.02,1,5424225048,954.781,3662160449,3662160449,0
mcs50_r01_s40.A06,mcs50_r01_s40.B06,dal_dal,22,48,4970452121,1000.01,1,459507626,86.364,3252840621,3252840621,0
mcs50_r01_s40.A07,mcs50_r01_s40.B07,dal_dal,22,44,4834735546,1000.01,1,298449348,58.6524,3196192202,3196192202,0
mcs50_r01_s40.A08,mcs50_r01_s40.B08,dal_dal,23,49,3103101487,664.182,0,1367843948,282.981,2027835652,2027835652,0
mcs50_r01_s40.A09,mcs50_r01_s40.B09,dal_dal,22,49,5349419656,1000.02,1,155315830,27.8688,3456166904,3456166904,0
mcs50_r01_s50.A00,mcs50_r01_s50.B00,dal_dal,24,57,5458640086,1000.02,1,927184292,167.173,3530853363,3530853363,0
mcs50_r01_s50.A01,mcs50_r01_s50.B01,dal_dal,23,58,5191217742,1000.02,1,57843165,10.9357,3241585254,3241585254,0
mcs50_r01_s50.A02,mcs50_r01_s50.B02,dal_dal,23,48,5175114112,1000.02,1,139687625,25.5123,3279004408,3279004408,0
mcs50_r01_s50.A03,mcs50_r01_s50.B03,dal_dal,23,52,5056003669,1000.01,1,467001071,86.8558,3220430747,3220430747,0
mcs50_r01_s50.A04,mcs50_r01_s50.B04,dal_dal,23,44,5113150178,1000.01,1,95502055,17.6883,3279168995,3279168995,0
mcs50_r01_s50.A05,mcs50_r01_s50.B05,dal_dal,23,53,5313866757,1000.02,1,2815792,0.510138,3336324329,3336324329,0
mcs50_r01_s50.A06,mcs50_r01_s50.B06,dal_dal,23,50,5082936870,1000.02,1,86469653,15.6305,3193275511,3193275511,0
mcs50_r01_s50.A07,mcs50_r01_s50.B07,dal_dal,22,45,5323204140,1000.01,1,29092633,5.31287,3287407005,3287407005,0
mcs50_r01_s50.A08,mcs50_r01_s50.B08,dal_dal,25,46,5125241236,1000.02,1,3206739350,609.759,3281541605,3281541605,0
mcs50_r01_s50.A09,mcs50_r01_s50.B09,dal_dal,24,59,5227640025,1000.01,1,2927447172,556.814,3303808368,3303808368,0
mcs50_r01_s60.A00,mcs50_r01_s60.B00,dal_dal,25,57,4837509133,1000.02,1,1056607647,214.871,2996546252,2996546252,0
mcs50_r01_s60.A01,mcs50_r01_s60.B01,dal_dal,24,60,4957318646,1000.02,1,4974335,0.904041,3070435111,3070435111,0
mcs50_r01_s60.A02,mcs50_r01_s60.B02,dal_dal,24,55,4852699441,1000.01,1,272054700,56.5493,2966131103,2966131103,0
mcs50_r01_s60.A03,mcs50_r01_s60.B03,dal_dal,25,70,4851834097,1000.02,1,580890548,116.387,3030445743,3030445743,0
mcs50_r01_s60.A04,mcs50_r01_s60.B04,dal_dal,25,65,4561455166,1000.02,1,170852952,34.4642,2815095384,2815095384,0
mcs50_r01_s60.A05,mcs50_r01_s60.B05,dal_dal,24,51,4854979415,1000.02,1,143233817,27.5968,2986918583,2986918583,0
mcs50_r01_s60.A06,mcs50_r01_s60.B06,dal_dal,24,64,5113778492,1000.02,1,2997104,0.531427,3234458041,3234458041,0
mcs50_r01_s60.A07,mcs50_r01_s60.B07,dal_dal,25,59,4913200770,1000.02,1,618724334,122.951,3055103648,3055103648,0
mcs50_r01_s60.A08,mcs50_r01_s60.B08,dal_dal,26,60,5024825928,1000.01,1,946466848,182.536,3137271471,3137271471,0
mcs50_r01_s60.A09,mcs50_r01_s60.B09,dal_dal,24,57,4993820507,1000.02,1,85165790,17.0772,3053831825,3053831825,0
mcs50_r01_s70.A00,mcs50_r01_s70.B00,dal_dal,26,57,4758713257,1000.02,1,1877153633,378.974,2905549884,2905549884,0
mcs50_r01_s70.A01,mcs50_r01_s70.B01,dal_dal,26,77,4853497868,1000.01,1,3261494298,663.557,2950395368,2950395368,0
mcs50_r01_s70.A02,mcs50_r01_s70.B02,dal_dal,26,63,4127768239,1000.01,1,3290775319,789.272,2483906206,2483906206,0
mcs50_r01_s70.A03,mcs50_r01_s70.B03,dal_dal,26,56,4614429482,1000.01,1,848419132,179.857,2804110918,2804110918,0
mcs50_r01_s70.A04,mcs50_r01_s70.B04,dal_dal,26,61,3949113661,1000.02,1,533885678,132.35,2373683662,2373683662,0
mcs50_r01_s70.A05,mcs50_r01_s70.B05,dal_dal,26,68,4427084765,1000.02,1,4261909683,963.237,2706096193,2706096193,0
mcs50_r01_s70.A06,mcs50_r01_s70.B06,dal_dal,25,53,4711866807,1000.01,1,14780573,2.94717,2817228063,2817228063,0
mcs50_r01_s70.A07,mcs50_r01_s70.B07,dal_dal,26,65,4032224022,1000.02,1,1965542229,473.702,2469938794,2469938794,0
mcs50_r01_s70.A08,mcs50_r01_s70.B08,dal_dal,26,71,3628552344,1000.02,1,567214426,152.776,2188996638,2188996638,0
mcs50_r01_s70.A09,mcs50_r01_s70.B09,dal_dal,26,68,4491813101,1000.02,1,1632491190,348.088,2720954063,2720954063,0
mcs50_r01_s80.A00,mcs50_r01_s80.B00,dal_dal,26,78,4507251764,1000.02,1,3043945292,657.954,2664589733,2664589733,0
mcs50_r01_s80.A01,mcs50_r01_s80.B01,dal_dal,27,62,4551836950,1000.02,1,3849668902,832.37,2723732334,2723732334,0
mcs50_r01_s80.A02,mcs50_r01_s80.B02,dal_dal,26,60,4818172964,1000.02,1,27762692,5.74822,2915950285,2915950285,0
mcs50_r01_s80.A03,mcs50_r01_s80.B03,dal_dal,26,72,4788028406,1000.01,1,6807907,1.35888,2850641002,2850641002,0
mcs50_r01_s80.A04,mcs50_r01_s80.B04,dal_dal,27,71,4707485897,1000.02,1,150715480,30.7283,2912215941,2912215941,0
mcs50_r01_s80.A05,mcs50_r01_s80.B05,dal_dal,27,74,4523100349,1000.02,1,225504034,48.2859,2732704004,2732704004,0
mcs50_r01_s80.A06,mcs50_r01_s80.B06,dal_dal,27,77,4440638105,1000.02,1,361693753,79.3591,2678817794,2678817794,0
mcs50_r01_s80.A07,mcs50_r01_s80.B07,dal_dal,26,75,3573859746,1000.02,1,1105605454,301.557,2076768881,2076768881,0
mcs50_r01_s80.A08,mcs50_r01_s80.B08,dal_dal,27,78,3772354966,1000.02,1,3006208101,790.423,2295995916,2295995916,0
mcs50_r01_s80.A09,mcs50_r01_s80.B09,dal_dal,27,78,4386204017,1000.01,1,171101239,38.6872,2653498367,2653498367,0
mcs50_r01_s90.A00,mcs50_r01_s90.B00,dal_dal,27,76,4526231434,1000.02,1,677234384,143.025,2702426568,2702426568,0
mcs50_r01_s90.A01,mcs50_r01_s90.B01,dal_dal,28,69,4517271464,1000.01,1,4016284969,882.156,2691204691,2691204691,0
mcs50_r01_s90.A02,mcs50_r01_s90.B02,dal_dal,28,83,4428455765,1000.01,1,1541718151,339.512,2615546982,2615546982,0
mcs50_r01_s90.A03,mcs50_r01_s90.B03,dal_dal,28,68,4456304852,1000.02,1,83311003,17.5224,2711690812,2711690812,0
mcs50_r01_s90.A04,mcs50_r01_s90.B04,dal_dal,27,60,4513482151,1000.01,1,26670733,5.64468,2665720847,2665720847,0
mcs50_r01_s90.A05,mcs50_r01_s90.B05,dal_dal,28,84,4478541193,1000.02,1,464798140,100.167,2673107499,2673107499,0
mcs50_r01_s90.A06,mcs50_r01_s90.B06,dal_dal,27,82,4289001649,1000.02,1,579849009,123.362,2568693951,2568693951,0
mcs50_r01_s90.A07,mcs50_r01_s90.B07,dal_dal,28,79,2168825545,1000.02,1,2134387226,983.519,1264236186,1264236186,0
mcs50_r01_s90.A08,mcs50_r01_s90.B08,dal_dal,28,91,4307828030,1000.02,1,1056155764,245.013,2554409381,2554409381,0
mcs50_r01_s90.A09,mcs50_r01_s90.B09,dal_dal,27,69,4488594621,1000.02,1,1603475,0.332488,2665761489,2665761489,0
mcs50_r02_s10.A00,mcs50_r02_s10.B00,dal_dal,7,8,554,0.000110116,0,84,1.77E-05,378,378,0
mcs50_r02_s10.A01,mcs50_r02_s10.B01,dal_dal,7,11,870,0.000136206,0,364,5.07E-05,556,556,0
mcs50_r02_s10.A02,mcs50_r02_s10.B02,dal_dal,7,9,736,0.000252499,0,9,1.64E-05,495,495,0
mcs50_r02_s10.A03,mcs50_r02_s10.B03,dal_dal,7,8,550,0.000105779,0,26,1.05E-05,365,365,0
mcs50_r02_s10.A04,mcs50_r02_s10.B04,dal_dal,8,12,374,8.00E-05,0,323,5.01E-05,246,246,0
mcs50_r02_s10.A05,mcs50_r02_s10.B05,dal_dal,7,8,508,9.62E-05,0,20,9.90E-06,357,357,0
mcs50_r02_s10.A06,mcs50_r02_s10.B06,dal_dal,7,8,398,7.89E-05,0,33,9.71E-06,258,258,0
mcs50_r02_s10.A07,mcs50_r02_s10.B07,dal_dal,7,9,560,0.000101523,0,34,1.01E-05,361,361,0
mcs50_r02_s10.A08,mcs50_r02_s10.B08,dal_dal,7,9,665,0.000116616,0,135,2.50E-05,426,426,0
mcs50_r02_s10.A09,mcs50_r02_s10.B09,dal_dal,7,8,700,0.000125871,0,8,8.45E-06,467,467,0
mcs50_r02_s100.A00,mcs50_r02_s100.B00,dal_dal,20,69,3649593170,1000.01,1,28515263,6.91807,1956801258,1956801258,0
mcs50_r02_s100.A01,mcs50_r02_s100.B01,dal_dal,20,70,3594908096,1000.02,1,1196226487,325.814,1938743928,1938743928,0
mcs50_r02_s100.A02,mcs50_r02_s100.B02,dal_dal,20,62,3683027856,1000.01,1,353222288,87.0291,1975933984,1975933984,0
mcs50_r02_s100.A03,mcs50_r02_s100.B03,dal_dal,19,74,3787655135,1000.02,1,14355077,3.44665,2033341014,2033341014,0
mcs50_r02_s100.A04,mcs50_r02_s100.B04,dal_dal,20,81,1896112643,1000.01,1,1815560082,954.425,1010139126,1010139126,0
mcs50_r02_s100.A05,mcs50_r02_s100.B05,dal_dal,19,63,3866252974,1000.02,1,13496478,3.04501,2066058821,2066058821,0
mcs50_r02_s100.A06,mcs50_r02_s100.B06,dal_dal,20,86,3717356778,1000.02,1,751416558,189.954,1974854131,1974854131,0
mcs50_r02_s100.A07,mcs50_r02_s100.B07,dal_dal,20,71,3724072859,1000.02,1,1189340759,302.07,2013152095,2013152095,0
mcs50_r02_s100.A08,mcs50_r02_s100.B08,dal_dal,20,72,3655580046,1000.02,1,958991999,248.726,1976742223,1976742223,0
mcs50_r02_s100.A09,mcs50_r02_s100.B09,dal_dal,20,72,3652363899,1000.01,1,181099792,45.8053,1960028186,1960028186,0
mcs50_r02_s15.A00,mcs50_r02_s15.B00,dal_dal,10,15,12776,0.00197411,0,2217,0.000339309,8282,8282,0
mcs50_r02_s15.A01,mcs50_r02_s15.B01,dal_dal,10,16,10674,0.00174952,0,87,2.19E-05,6961,6961,0
mcs50_r02_s15.A02,mcs50_r02_s15.B02,dal_dal,10,20,8931,0.00150287,0,2361,0.00037939,5901,5901,0
mcs50_r02_s15.A03,mcs50_r02_s15.B03,dal_dal,11,19,2841,0.000498884,0,1301,0.000207153,1842,1842,0
mcs50_r02_s15.A04,mcs50_r02_s15.B04,dal_dal,10,16,6912,0.00112023,0,2167,0.000339032,4650,4650,0
mcs50_r02_s15.A05,mcs50_r02_s15.B05,dal_dal,10,19,8123,0.00132705,0,2059,0.000350159,5259,5259,0
mcs50_r02_s15.A06,mcs50_r02_s15.B06,dal_dal,10,18,10205,0.0015897,0,2643,0.000394004,6405,6405,0
mcs50_r02_s15.A07,mcs50_r02_s15.B07,dal_dal,10,13,5827,0.000946675,0,881,0.000138288,3842,3842,0
mcs50_r02_s15.A08,mcs50_r02_s15.B08,dal_dal,10,17,10253,0.00163208,0,4026,0.000609137,6584,6584,0
mcs50_r02_s15.A09,mcs50_r02_s15.B09,dal_dal,10,17,11446,0.00176196,0,4819,0.000702225,7332,7332,0
mcs50_r02_s20.A00,mcs50_r02_s20.B00,dal_dal,12,28,263862,0.0470642,0,54663,0.00943052,166252,166252,0
mcs50_r02_s20.A01,mcs50_r02_s20.B01,dal_dal,12,28,328038,0.0568107,0,163919,0.0273345,207090,207090,0
mcs50_r02_s20.A02,mcs50_r02_s20.B02,dal_dal,12,19,297216,0.0527733,0,92173,0.0152146,187251,187251,0
mcs50_r02_s20.A03,mcs50_r02_s20.B03,dal_dal,12,23,472754,0.0811589,0,405845,0.0689126,292879,292879,0
mcs50_r02_s20.A04,mcs50_r02_s20.B04,dal_dal,12,27,225150,0.0396579,0,113788,0.019189,142145,142145,0
mcs50_r02_s20.A05,mcs50_r02_s20.B05,dal_dal,12,30,224444,0.0390694,0,59058,0.00959658,143226,143226,0
mcs50_r02_s20.A06,mcs50_r02_s20.B06,dal_dal,12,22,220651,0.039676,0,44399,0.00756752,139955,139955,0
mcs50_r02_s20.A07,mcs50_r02_s20.B07,dal_dal,12,23,206924,0.0368027,0,47717,0.0078381,132682,132682,0
mcs50_r02_s20.A08,mcs50_r02_s20.B08,dal_dal,11,22,386711,0.0651765,0,1156,0.000194323,246203,246203,0
mcs50_r02_s20.A09,mcs50_r02_s20.B09,dal_dal,12,23,259372,0.0452576,0,111173,0.0189998,161808,161808,0
mcs50_r02_s25.A00,mcs50_r02_s25.B00,dal_dal,13,36,5662311,1.09938,0,429525,0.0775858,3489934,3489934,0
mcs50_r02_s25.A01,mcs50_r02_s25.B01,dal_dal,13,35,5421870,1.05445,0,188246,0.0349606,3391631,3391631,0
mcs50_r02_s25.A02,mcs50_r02_s25.B02,dal_dal,13,28,6399689,1.26551,0,72166,0.0126735,4010643,4010643,0
mcs50_r02_s25.A03,mcs50_r02_s25.B03,dal_dal,13,27,9220831,1.79116,0,1493158,0.272061,5663545,5663545,0
mcs50_r02_s25.A04,mcs50_r02_s25.B04,dal_dal,13,28,7525933,1.43925,0,160975,0.0284517,4646164,4646164,0
mcs50_r02_s25.A05,mcs50_r02_s25.B05,dal_dal,14,29,2540879,0.509534,0,1139158,0.215841,1618120,1618120,0
mcs50_r02_s25.A06,mcs50_r02_s25.B06,dal_dal,13,27,5567288,1.08514,0,476625,0.0879433,3493935,3493935,0
mcs50_r02_s25.A07,mcs50_r02_s25.B07,dal_dal,13,33,5818906,1.12779,0,462665,0.0823205,3629586,3629586,0
mcs50_r02_s25.A08,mcs50_r02_s25.B08,dal_dal,13,31,5443914,1.03016,0,350457,0.0591348,3431869,3431869,0
mcs50_r02_s25.A09,mcs50_r02_s25.B09,dal_dal,14,25,5004552,0.982256,0,3958227,0.762481,3120490,3120490,0
mcs50_r02_s30.A00,mcs50_r02_s30.B00,dal_dal,15,32,61953746,15.0734,0,47843118,11.2181,38163289,38163289,0
mcs50_r02_s30.A01,mcs50_r02_s30.B01,dal_dal,15,46,56807534,12.3283,0,23835618,5.06019,34952761,34952761,0
mcs50_r02_s30.A02,mcs50_r02_s30.B02,dal_dal,15,41,42731193,9.38433,0,12862678,2.72426,26608825,26608825,0
mcs50_r02_s30.A03,mcs50_r02_s30.B03,dal_dal,15,53,43763208,9.40379,0,8904265,1.77707,27320389,27320389,0
mcs50_r02_s30.A04,mcs50_r02_s30.B04,dal_dal,15,46,52759200,11.6182,0,10401087,2.22252,32693458,32693458,0
mcs50_r02_s30.A05,mcs50_r02_s30.B05,dal_dal,15,35,60865466,12.9238,0,16744269,3.3333,37702248,37702248,0
mcs50_r02_s30.A06,mcs50_r02_s30.B06,dal_dal,15,40,66428524,14.1474,0,26541935,5.30964,40969169,40969169,0
mcs50_r02_s30.A07,mcs50_r02_s30.B07,dal_dal,15,40,63025512,13.5735,0,31851874,6.59884,39032664,39032664,0
mcs50_r02_s30.A08,mcs50_r02_s30.B08,dal_dal,15,33,46644170,9.94377,0,14942208,3.05415,28844468,28844468,0
mcs50_r02_s30.A09,mcs50_r02_s30.B09,dal_dal,15,38,69137165,17.9361,0,39811809,9.97129,42059217,42059217,0
mcs50_r02_s35.A00,mcs50_r02_s35.B00,dal_dal,17,46,389750860,97.7437,0,161466629,39.6799,237234912,237234912,0
mcs50_r02_s35.A01,mcs50_r02_s35.B01,dal_dal,17,44,526951311,123.476,0,344991956,77.8696,319688141,319688141,0
mcs50_r02_s35.A02,mcs50_r02_s35.B02,dal_dal,17,41,456401744,103.55,0,284846285,61.5436,278616212,278616212,0
mcs50_r02_s35.A03,mcs50_r02_s35.B03,dal_dal,17,45,390109886,102.134,0,59830170,16.0669,240249018,240249018,0
mcs50_r02_s35.A04,mcs50_r02_s35.B04,dal_dal,17,58,333554656,87.7282,0,164356368,45.1209,205036869,205036869,0
mcs50_r02_s35.A05,mcs50_r02_s35.B05,dal_dal,17,53,546474635,133.787,0,415523551,101.619,332470237,332470237,0
mcs50_r02_s35.A06,mcs50_r02_s35.B06,dal_dal,17,54,378248749,91.9179,0,114291788,25.5815,232265417,232265417,0
mcs50_r02_s35.A07,mcs50_r02_s35.B07,dal_dal,17,49,367461853,86.8733,0,147622787,31.8424,226274110,226274110,0
mcs50_r02_s35.A08,mcs50_r02_s35.B08,dal_dal,17,52,348890908,83.7775,0,98526868,21.7033,214838779,214838779,0
mcs50_r02_s35.A09,mcs50_r02_s35.B09,dal_dal,17,50,439223890,103.112,0,267439877,60.536,267707743,267707743,0
mcs50_r02_s40.A00,mcs50_r02_s40.B00,dal_dal,20,71,3620118565,891.695,0,3279307161,795.663,2178482280,2178482280,0
mcs50_r02_s40.A01,mcs50_r02_s40.B01,dal_dal,20,62,1127780678,290.681,0,623192438,144.16,697938205,697938205,0
mcs50_r02_s40.A02,mcs50_r02_s40.B02,dal_dal,20,69,3556912194,868.368,0,3257014148,780.815,2157375877,2157375877,0
mcs50_r02_s40.A03,mcs50_r02_s40.B03,dal_dal,16,44,4238100238,1000.01,1,2679096,0.582346,2515763332,2515763332,0
mcs50_r02_s40.A04,mcs50_r02_s40.B04,dal_dal,20,61,2973345789,735.236,0,2732632256,666.788,1800394341,1800394341,0
mcs50_r02_s40.A05,mcs50_r02_s40.B05,dal_dal,20,78,2623544891,812.697,0,1952175384,574.678,1573502931,1573502931,0
mcs50_r02_s40.A06,mcs50_r02_s40.B06,dal_dal,20,76,820874474,226.085,0,159269639,36.0041,510967372,510967372,0
mcs50_r02_s40.A07,mcs50_r02_s40.B07,dal_dal,20,71,2212803082,562.99,0,1689184352,409.394,1349862126,1349862126,0
mcs50_r02_s40.A08,mcs50_r02_s40.B08,dal_dal,17,62,4165053718,1000.02,1,2502039247,577.57,2479770948,2479770948,0
mcs50_r02_s40.A09,mcs50_r02_s40.B09,dal_dal,20,59,3507907569,862.463,0,2939852696,695.791,2100831356,2100831356,0
mcs50_r02_s50.A00,mcs50_r02_s50.B00,dal_dal,17,53,4001139946,1000.02,1,3077339,0.688611,2330566128,2330566128,0
mcs50_r02_s50.A01,mcs50_r02_s50.B01,dal_dal,17,47,3933057558,1000.02,1,188242089,43.223,2269204394,2269204394,0
mcs50_r02_s50.A02,mcs50_r02_s50.B02,dal_dal,17,40,4098589070,1000.01,1,82451294,18.3112,2375912831,2375912831,0
mcs50_r02_s50.A03,mcs50_r02_s50.B03,dal_dal,17,61,4070074034,1000.02,1,757893607,180.032,2352736180,2352736180,0
mcs50_r02_s50.A04,mcs50_r02_s50.B04,dal_dal,17,56,4141715927,1000.01,1,36908441,8.28592,2419653169,2419653169,0
mcs50_r02_s50.A05,mcs50_r02_s50.B05,dal_dal,18,76,3827010203,1000.01,1,311429202,73.2092,2268016058,2268016058,0
mcs50_r02_s50.A06,mcs50_r02_s50.B06,dal_dal,17,57,4034099451,1000.02,1,18798147,4.45326,2352229744,2352229744,0
mcs50_r02_s50.A07,mcs50_r02_s50.B07,dal_dal,18,56,3911904716,1000.02,1,372327122,89.4746,2316740861,2316740861,0
mcs50_r02_s50.A08,mcs50_r02_s50.B08,dal_dal,18,53,3845401696,1000.01,1,329416992,77.8646,2276293777,2276293777,0
mcs50_r02_s50.A09,mcs50_r02_s50.B09,dal_dal,17,54,4100952096,1000.01,1,107799857,24.5239,2372413771,2372413771,0
mcs50_r02_s60.A00,mcs50_r02_s60.B00,dal_dal,18,60,3203043466,1000.01,1,879366318,255.621,1811095074,1811095074,0
mcs50_r02_s60.A01,mcs50_r02_s60.B01,dal_dal,18,59,1823474441,1000.02,1,449482987,230.02,1021661901,1021661901,0
mcs50_r02_s60.A02,mcs50_r02_s60.B02,dal_dal,18,60,3887210834,1000.01,1,1668453371,411.41,2186850824,2186850824,0
mcs50_r02_s60.A03,mcs50_r02_s60.B03,dal_dal,18,54,3871039406,1000.02,1,514795932,124.302,2195155468,2195155468,0
mcs50_r02_s60.A04,mcs50_r02_s60.B04,dal_dal,18,59,3892939168,1000.02,1,98026705,23.6003,2221773803,2221773803,0
mcs50_r02_s60.A05,mcs50_r02_s60.B05,dal_dal,18,55,3937610514,1000.02,1,278211385,65.6734,2248790072,2248790072,0
mcs50_r02_s60.A06,mcs50_r02_s60.B06,dal_dal,18,56,3792756973,1000.02,1,59557846,14.2076,2149192427,2149192427,0
mcs50_r02_s60.A07,mcs50_r02_s60.B07,dal_dal,18,62,3922814699,1000.01,1,164689619,39.2216,2235855385,2235855385,0
mcs50_r02_s60.A08,mcs50_r02_s60.B08,dal_dal,18,47,4068271106,1000.02,1,673232829,155.217,2329054606,2329054606,0
mcs50_r02_s60.A09,mcs50_r02_s60.B09,dal_dal,18,55,3923588616,1000.02,1,89309021,21.6266,2227263585,2227263585,0
mcs50_r02_s70.A00,mcs50_r02_s70.B00,dal_dal,18,54,3879030148,1000.02,1,24452614,5.82565,2136272046,2136272046,0
mcs50_r02_s70.A01,mcs50_r02_s70.B01,dal_dal,18,70,4007888783,1000.02,1,5134123,1.14971,2218953121,2218953121,0
mcs50_r02_s70.A02,mcs50_r02_s70.B02,dal_dal,19,67,3743017275,1000.01,1,1300319730,333.77,2083097631,2083097631,0
mcs50_r02_s70.A03,mcs50_r02_s70.B03,dal_dal,18,64,3914869342,1000.02,1,54256709,12.8232,2152030515,2152030515,0
mcs50_r02_s70.A04,mcs50_r02_s70.B04,dal_dal,18,69,3994622863,1000.02,1,42667413,9.80891,2222238159,2222238159,0
mcs50_r02_s70.A05,mcs50_r02_s70.B05,dal_dal,19,82,3628254888,1000.01,1,281205196,70.8958,2016040796,2016040796,0
mcs50_r02_s70.A06,mcs50_r02_s70.B06,dal_dal,19,72,3764104967,1000.01,1,3048449359,799.981,2125920477,2125920477,0
mcs50_r02_s70.A07,mcs50_r02_s70.B07,dal_dal,18,67,3904593308,1000.02,1,17640367,4.05458,2142856572,2142856572,0
mcs50_r02_s70.A08,mcs50_r02_s70.B08,dal_dal,18,51,3833044561,1000.01,1,25190410,6.06453,2113668647,2113668647,0
mcs50_r02_s70.A09,mcs50_r02_s70.B09,dal_dal,18,56,3882837509,1000.01,1,11468334,2.63528,2154627835,2154627835,0
mcs50_r02_s80.A00,mcs50_r02_s80.B00,dal_dal,19,64,3654949107,1000.01,1,608894990,155.145,1982036516,1982036516,0
mcs50_r02_s80.A01,mcs50_r02_s80.B01,dal_dal,19,62,3594762829,1000.01,1,85813452,22.2309,2010849172,2010849172,0
mcs50_r02_s80.A02,mcs50_r02_s80.B02,dal_dal,19,72,3267382503,1000.02,1,1832042,0.440554,1795196269,1795196269,0
mcs50_r02_s80.A03,mcs50_r02_s80.B03,dal_dal,18,63,3733744464,1000.01,1,3067600,0.724192,2014629726,2014629726,0
mcs50_r02_s80.A04,mcs50_r02_s80.B04,dal_dal,19,68,3778484364,1000.02,1,86504462,21.0413,2068385650,2068385650,0
mcs50_r02_s80.A05,mcs50_r02_s80.B05,dal_dal,19,62,3740169912,1000.02,1,234212930,58.459,2051818733,2051818733,0
mcs50_r02_s80.A06,mcs50_r02_s80.B06,dal_dal,19,59,3819674171,1000.02,1,8840009,2.00381,2079447433,2079447433,0
mcs50_r02_s80.A07,mcs50_r02_s80.B07,dal_dal,19,68,3912491775,1000.02,1,360399650,85.2762,2172504141,2172504141,0
mcs50_r02_s80.A08,mcs50_r02_s80.B08,dal_dal,19,59,3925723257,1000.01,1,1388430765,341.874,2166287038,2166287038,0
mcs50_r02_s80.A09,mcs50_r02_s80.B09,dal_dal,19,63,3764910570,1000.01,1,471693246,117.616,2066523396,2066523396,0
mcs50_r02_s90.A00,mcs50_r02_s90.B00,dal_dal,19,49,3846714541,1000.02,1,18943786,4.46021,2092337929,2092337929,0
mcs50_r02_s90.A01,mcs50_r02_s90.B01,dal_dal,21,83,3530179796,1000.01,1,451248122,110.33,1939825288,1939825288,0
mcs50_r02_s90.A02,mcs50_r02_s90.B02,dal_dal,19,70,3529418112,1000.02,1,10226984,2.64566,1913315908,1913315908,0
mcs50_r02_s90.A03,mcs50_r02_s90.B03,dal_dal,19,70,3344294962,1000.02,1,27995030,7.7631,1792251083,1792251083,0
mcs50_r02_s90.A04,mcs50_r02_s90.B04,dal_dal,19,65,3817056085,1000.01,1,12630101,3.03665,2058876021,2058876021,0
mcs50_r02_s90.A05,mcs50_r02_s90.B05,dal_dal,20,61,3740179398,1000.02,1,1940307933,503.256,2041896527,2041896527,0
mcs50_r02_s90.A06,mcs50_r02_s90.B06,dal_dal,19,61,3861195342,1000.01,1,687359105,166.078,2069124149,2069124149,0
mcs50_r02_s90.A07,mcs50_r02_s90.B07,dal_dal,19,79,3749055149,1000.01,1,196668610,47.6839,2021005212,2021005212,0
mcs50_r02_s90.A08,mcs50_r02_s90.B08,dal_dal,19,64,3644772127,1000.02,1,256875809,63.8616,1947069441,1947069441,0
mcs50_r02_s90.A09,mcs50_r02_s90.B09,dal_dal,19,63,1890601302,1000.02,1,1925889,0.870678,1017415423,1017415423,0
mcs70_b03_s10.A00,mcs70_b03_s10.B00,dal_dal,8,9,225,0.000120722,0,20,1.94E-05,152,152,0
mcs70_b03_s10.A01,mcs70_b03_s10.B01,dal_dal,8,12,365,7.35E-05,0,144,2.24E-05,240,240,0
mcs70_b03_s10.A02,mcs70_b03_s10.B02,dal_dal,7,8,1125,0.000142925,0,11,6.96E-06,723,723,0
mcs70_b03_s10.A03,mcs70_b03_s10.B03,dal_dal,8,11,539,9.00E-05,0,348,4.60E-05,343,343,0
mcs70_b03_s10.A04,mcs70_b03_s10.B04,dal_dal,8,9,232,5.89E-05,0,109,2.07E-05,164,164,0
mcs70_b03_s10.A05,mcs70_b03_s10.B05,dal_dal,9,14,61,3.47E-05,0,15,7.15E-06,44,44,0
mcs70_b03_s10.A06,mcs70_b03_s10.B06,dal_dal,8,12,423,7.65E-05,0,304,4.42E-05,283,283,0
mcs70_b03_s10.A07,mcs70_b03_s10.B07,dal_dal,8,9,345,7.42E-05,0,132,2.40E-05,227,227,0
mcs70_b03_s10.A08,mcs70_b03_s10.B08,dal_dal,8,8,427,0.000166581,0,283,8.62E-05,275,275,0
mcs70_b03_s10.A09,mcs70_b03_s10.B09,dal_dal,9,13,59,3.90E-05,0,34,1.00E-05,40,40,0
mcs70_b03_s100.A00,mcs70_b03_s100.B00,dal_dal,72,81,6862522619,1000.01,1,477312517,63.6942,4636374142,4636374142,0
mcs70_b03_s100.A01,mcs70_b03_s100.B01,dal_dal,72,81,6708598345,1000.02,1,1217993014,163.353,4550811048,4550811048,0
mcs70_b03_s100.A02,mcs70_b03_s100.B02,dal_dal,76,85,6814371197,1000.02,1,1846174853,260.34,4615801501,4615801501,0
mcs70_b03_s100.A03,mcs70_b03_s100.B03,dal_dal,71,81,7224164207,1000.02,1,90899386,11.7582,4914691906,4914691906,0
mcs70_b03_s100.A04,mcs70_b03_s100.B04,dal_dal,73,83,7047631386,1000.01,1,2534155591,358.966,4647278775,4647278775,0
mcs70_b03_s100.A05,mcs70_b03_s100.B05,dal_dal,72,79,7678204615,1000.02,1,3868242694,456.583,5644532262,5644532262,0
mcs70_b03_s100.A06,mcs70_b03_s100.B06,dal_dal,68,79,3457227011,1000.01,1,1205601370,337.133,2462947268,2462947268,0
mcs70_b03_s100.A07,mcs70_b03_s100.B07,dal_dal,72,80,7312870427,1000,1,1079102584,122.735,5086509456,5086509456,0
mcs70_b03_s100.A08,mcs70_b03_s100.B08,dal_dal,72,85,6806612914,1000.01,1,295237019,37.1105,4797506831,4797506831,0
mcs70_b03_s100.A09,mcs70_b03_s100.B09,dal_dal,73,87,6900630214,1000.02,1,2050691979,287.383,4962305881,4962305881,0
mcs70_b03_s15.A00,mcs70_b03_s15.B00,dal_dal,13,17,513,0.000116104,0,247,4.59E-05,330,330,0
mcs70_b03_s15.A01,mcs70_b03_s15.B01,dal_dal,12,14,7807,0.000938111,0,7395,0.000853794,4884,4884,0
mcs70_b03_s15.A02,mcs70_b03_s15.B02,dal_dal,13,17,2744,0.000391038,0,2597,0.000344118,1637,1637,0
mcs70_b03_s15.A03,mcs70_b03_s15.B03,dal_dal,13,14,1153,0.000196906,0,1129,0.000164828,755,755,0
mcs70_b03_s15.A04,mcs70_b03_s15.B04,dal_dal,12,14,3521,0.000489907,0,2292,0.000293882,2375,2375,0
mcs70_b03_s15.A05,mcs70_b03_s15.B05,dal_dal,11,13,8481,0.000993925,0,150,2.65E-05,5003,5003,0
mcs70_b03_s15.A06,mcs70_b03_s15.B06,dal_dal,13,18,1649,0.000270927,0,1453,0.000215344,1033,1033,0
mcs70_b03_s15.A07,mcs70_b03_s15.B07,dal_dal,13,18,1243,0.000247621,0,1058,0.000165608,753,753,0
mcs70_b03_s15.A08,mcs70_b03_s15.B08,dal_dal,12,14,2293,0.00035275,0,655,8.96E-05,1410,1410,0
mcs70_b03_s15.A09,mcs70_b03_s15.B09,dal_dal,13,18,1411,0.00023954,0,1225,0.000183887,875,875,0
mcs70_b03_s20.A00,mcs70_b03_s20.B00,dal_dal,16,21,12643,0.00167122,0,4834,0.000614264,8396,8396,0
mcs70_b03_s20.A01,mcs70_b03_s20.B01,dal_dal,16,21,51809,0.00637865,0,41622,0.00504345,32526,32526,0
mcs70_b03_s20.A02,mcs70_b03_s20.B02,dal_dal,17,19,9866,0.00130273,0,6540,0.000834686,6055,6055,0
mcs70_b03_s20.A03,mcs70_b03_s20.B03,dal_dal,17,22,15264,0.00202388,0,12836,0.00166232,9416,9416,0
mcs70_b03_s20.A04,mcs70_b03_s20.B04,dal_dal,16,18,30868,0.00386608,0,20799,0.00256475,19638,19638,0
mcs70_b03_s20.A05,mcs70_b03_s20.B05,dal_dal,16,19,28399,0.00358801,0,13785,0.001675,17588,17588,0
mcs70_b03_s20.A06,mcs70_b03_s20.B06,dal_dal,16,22,45319,0.00567817,0,37230,0.00457345,29045,29045,0
mcs70_b03_s20.A07,mcs70_b03_s20.B07,dal_dal,17,21,15521,0.00191459,0,13822,0.00166494,9968,9968,0
mcs70_b03_s20.A08,mcs70_b03_s20.B08,dal_dal,16,22,49482,0.00631338,0,42254,0.00534228,32079,32079,0
mcs70_b03_s20.A09,mcs70_b03_s20.B09,dal_dal,16,20,18627,0.002583,0,7805,0.00110362,11476,11476,0
mcs70_b03_s25.A00,mcs70_b03_s25.B00,dal_dal,20,22,126729,0.0163452,0,59124,0.00722748,81428,81428,0
mcs70_b03_s25.A01,mcs70_b03_s25.B01,dal_dal,22,27,27517,0.00370396,0,25905,0.00341188,17367,17367,0
mcs70_b03_s25.A02,mcs70_b03_s25.B02,dal_dal,20,24,81104,0.0105992,0,208,4.31E-05,49984,49984,0
mcs70_b03_s25.A03,mcs70_b03_s25.B03,dal_dal,20,23,121549,0.015255,0,58002,0.0067757,79737,79737,0
mcs70_b03_s25.A04,mcs70_b03_s25.B04,dal_dal,20,23,111159,0.0142863,0,25245,0.00281347,71157,71157,0
mcs70_b03_s25.A05,mcs70_b03_s25.B05,dal_dal,21,25,102855,0.0134537,0,94423,0.0122675,67520,67520,0
mcs70_b03_s25.A06,mcs70_b03_s25.B06,dal_dal,21,26,236252,0.0309219,0,229576,0.0299293,150586,150586,0
mcs70_b03_s25.A07,mcs70_b03_s25.B07,dal_dal,20,22,88493,0.0114595,0,39137,0.00483617,56492,56492,0
mcs70_b03_s25.A08,mcs70_b03_s25.B08,dal_dal,20,27,76541,0.0101778,0,14388,0.00185181,49515,49515,0
mcs70_b03_s25.A09,mcs70_b03_s25.B09,dal_dal,20,24,151105,0.0198689,0,86059,0.0109177,99901,99901,0
mcs70_b03_s30.A00,mcs70_b03_s30.B00,dal_dal,24,29,1067753,0.141141,0,459420,0.0583888,717086,717086,0
mcs70_b03_s30.A01,mcs70_b03_s30.B01,dal_dal,24,30,5895198,0.745145,0,5768080,0.728594,3865073,3865073,0
mcs70_b03_s30.A02,mcs70_b03_s30.B02,dal_dal,24,25,2426363,0.312094,0,2138230,0.274229,1605735,1605735,0
mcs70_b03_s30.A03,mcs70_b03_s30.B03,dal_dal,24,24,2348223,0.305654,0,1659149,0.212381,1586472,1586472,0
mcs70_b03_s30.A04,mcs70_b03_s30.B04,dal_dal,25,31,573208,0.0771355,0,554266,0.0744756,376499,376499,0
mcs70_b03_s30.A05,mcs70_b03_s30.B05,dal_dal,25,31,390008,0.0521902,0,309109,0.0411075,246154,246154,0
mcs70_b03_s30.A06,mcs70_b03_s30.B06,dal_dal,24,28,614151,0.0826029,0,153452,0.0200094,390543,390543,0
mcs70_b03_s30.A07,mcs70_b03_s30.B07,dal_dal,25,34,214475,0.0302152,0,126130,0.0170752,143523,143523,0
mcs70_b03_s30.A08,mcs70_b03_s30.B08,dal_dal,25,34,80889,0.0116613,0,85,3.11E-05,52131,52131,0
mcs70_b03_s30.A09,mcs70_b03_s30.B09,dal_dal,24,30,529373,0.0720097,0,152486,0.0199619,352947,352947,0
mcs70_b03_s35.A00,mcs70_b03_s35.B00,dal_dal,29,39,16542204,2.20654,0,16074141,2.14051,11326269,11326269,0
mcs70_b03_s35.A01,mcs70_b03_s35.B01,dal_dal,30,37,2512674,0.32726,0,2348117,0.304089,1630269,1630269,0
mcs70_b03_s35.A02,mcs70_b03_s35.B02,dal_dal,28,36,12908791,1.70665,0,5359543,0.701063,8950757,8950757,0
mcs70_b03_s35.A03,mcs70_b03_s35.B03,dal_dal,30,37,4817934,0.667098,0,4734287,0.655235,3261611,3261611,0
mcs70_b03_s35.A04,mcs70_b03_s35.B04,dal_dal,30,38,2633578,0.344098,0,2501360,0.325764,1740447,1740447,0
mcs70_b03_s35.A05,mcs70_b03_s35.B05,dal_dal,28,33,6361580,0.856904,0,446726,0.0549644,4316394,4316394,0
mcs70_b03_s35.A06,mcs70_b03_s35.B06,dal_dal,28,29,10359150,1.3189,0,2602713,0.316639,6745836,6745836,0
mcs70_b03_s35.A07,mcs70_b03_s35.B07,dal_dal,28,33,22383411,3.05813,0,13071541,1.72696,14726555,14726555,0
mcs70_b03_s35.A08,mcs70_b03_s35.B08,dal_dal,29,36,9525672,1.29505,0,9036244,1.22162,6327576,6327576,0
mcs70_b03_s35.A09,mcs70_b03_s35.B09,dal_dal,29,33,10050497,1.30594,0,8946534,1.14223,6790753,6790753,0
mcs70_b03_s40.A00,mcs70_b03_s40.B00,dal_dal,34,42,30869573,4.20602,0,29762402,4.04426,19872393,19872393,0
mcs70_b03_s40.A01,mcs70_b03_s40.B01,dal_dal,33,39,24396192,3.42155,0,13102934,1.82734,16038548,16038548,0
mcs70_b03_s40.A02,mcs70_b03_s40.B02,dal_dal,33,42,24123954,3.38023,0,5797951,0.776902,15877291,15877291,0
mcs70_b03_s40.A03,mcs70_b03_s40.B03,dal_dal,33,42,84919215,11.4116,0,74336983,9.90263,57383157,57383157,0
mcs70_b03_s40.A04,mcs70_b03_s40.B04,dal_dal,33,39,203210597,26.5597,0,199767094,26.0818,132395072,132395072,0
mcs70_b03_s40.A05,mcs70_b03_s40.B05,dal_dal,32,38,68567000,9.67197,0,172,4.99E-05,45951625,45951625,0
mcs70_b03_s40.A06,mcs70_b03_s40.B06,dal_dal,33,41,51389032,7.24938,0,44817018,6.30342,34729421,34729421,0
mcs70_b03_s40.A07,mcs70_b03_s40.B07,dal_dal,33,46,52484306,8.71017,0,43400595,7.2143,34486916,34486916,0
mcs70_b03_s40.A08,mcs70_b03_s40.B08,dal_dal,32,35,129911245,20.1535,0,40157002,6.15036,86146667,86146667,0
mcs70_b03_s40.A09,mcs70_b03_s40.B09,dal_dal,32,42,94251130,14.1616,0,10513893,1.56707,61881250,61881250,0
mcs70_b03_s50.A00,mcs70_b03_s50.B00,dal_dal,41,52,1481034349,212.934,0,228644346,31.8493,981133044,981133044,0
mcs70_b03_s50.A01,mcs70_b03_s50.B01,dal_dal,40,45,7098219961,1000.02,1,6562405499,922.658,4647697101,4647697101,0
mcs70_b03_s50.A02,mcs70_b03_s50.B02,dal_dal,41,55,1283740994,188.59,0,147285722,20.9237,850346421,850346421,0
mcs70_b03_s50.A03,mcs70_b03_s50.B03,dal_dal,40,49,7175673257,1000.01,1,2495777129,338.54,4755618990,4755618990,0
mcs70_b03_s50.A04,mcs70_b03_s50.B04,dal_dal,41,52,3898913928,541.931,0,3295723470,454.667,2540993309,2540993309,0
mcs70_b03_s50.A05,mcs70_b03_s50.B05,dal_dal,38,39,7251471105,1000.01,1,35549259,4.45211,5004944010,5004944010,0
mcs70_b03_s50.A06,mcs70_b03_s50.B06,dal_dal,40,46,7130706620,1000.02,1,4444876045,614.408,4726502089,4726502089,0
mcs70_b03_s50.A07,mcs70_b03_s50.B07,dal_dal,39,45,7180058601,1000.02,1,3790377954,518.7,4893788885,4893788885,0
mcs70_b03_s50.A08,mcs70_b03_s50.B08,dal_dal,40,54,6949750372,1000.02,1,2508291574,356.27,4664705876,4664705876,0
mcs70_b03_s50.A09,mcs70_b03_s50.B09,dal_dal,41,43,3881294422,605.249,0,3001247661,463.723,2612964731,2612964731,0
mcs70_b03_s60.A00,mcs70_b03_s60.B00,dal_dal,47,53,6312934603,1000.02,1,1675315184,259.916,4234494304,4234494304,0
mcs70_b03_s60.A01,mcs70_b03_s60.B01,dal_dal,48,64,6257428553,1000.02,1,2177574661,333.005,4159777012,4159777012,0
mcs70_b03_s60.A02,mcs70_b03_s60.B02,dal_dal,46,47,6677302683,1000.02,1,138856812,15.0602,4512127774,4512127774,0
mcs70_b03_s60.A03,mcs70_b03_s60.B03,dal_dal,47,55,6834531582,1000.02,1,2328880482,332.04,4480720905,4480720905,0
mcs70_b03_s60.A04,mcs70_b03_s60.B04,dal_dal,47,54,6916334097,1000.02,1,4145999400,595.053,4645660219,4645660219,0
mcs70_b03_s60.A05,mcs70_b03_s60.B05,dal_dal,44,45,7255749075,1000.02,1,947390369,128,5028437117,5028437117,0
mcs70_b03_s60.A06,mcs70_b03_s60.B06,dal_dal,44,49,6671479719,1000.02,1,119261563,17.1864,4509527764,4509527764,0
mcs70_b03_s60.A07,mcs70_b03_s60.B07,dal_dal,44,55,6552634330,1000.02,1,2171300669,328.254,4607788435,4607788435,0
mcs70_b03_s60.A08,mcs70_b03_s60.B08,dal_dal,46,59,6610654071,1000.02,1,4837888654,727.425,4382733293,4382733293,0
mcs70_b03_s60.A09,mcs70_b03_s60.B09,dal_dal,45,51,6470273985,1000.01,1,18684525,2.70659,4465446238,4465446238,0
mcs70_b03_s70.A00,mcs70_b03_s70.B00,dal_dal,52,61,6957939767,1000.02,1,1448409884,201.776,4791289347,4791289347,0
mcs70_b03_s70.A01,mcs70_b03_s70.B01,dal_dal,52,54,7079702805,1000.02,1,553592883,75.1787,4994171083,4994171083,0
mcs70_b03_s70.A02,mcs70_b03_s70.B02,dal_dal,52,52,6876417277,1000.01,1,3106049331,442.51,4850393552,4850393552,0
mcs70_b03_s70.A03,mcs70_b03_s70.B03,dal_dal,52,58,6740910163,1000.01,1,775438280,110.157,4558441789,4558441789,0
mcs70_b03_s70.A04,mcs70_b03_s70.B04,dal_dal,53,69,6874189808,1000.02,1,99688945,13.2109,4677721280,4677721280,0
mcs70_b03_s70.A05,mcs70_b03_s70.B05,dal_dal,52,67,7093545560,1000.01,1,3933221544,542.747,4826116776,4826116776,0
mcs70_b03_s70.A06,mcs70_b03_s70.B06,dal_dal,52,58,6956344181,1000.02,1,92679344,12.2747,4602980287,4602980287,0
mcs70_b03_s70.A07,mcs70_b03_s70.B07,dal_dal,55,65,6534818422,1000.02,1,10523303,1.43442,4494647834,4494647834,0
mcs70_b03_s70.A08,mcs70_b03_s70.B08,dal_dal,54,70,6893998121,1000.01,1,1227897097,168.703,4823894016,4823894016,0
mcs70_b03_s70.A09,mcs70_b03_s70.B09,dal_dal,52,64,6973133119,1000.02,1,462726197,63.4764,4790112961,4790112961,0
mcs70_b03_s80.A00,mcs70_b03_s80.B00,dal_dal,61,74,5458013893,1000.01,1,283256034,42.987,3986079020,3986079020,0
mcs70_b03_s80.A01,mcs70_b03_s80.B01,dal_dal,61,74,6733414200,1000.01,1,1678940285,229.856,4651658740,4651658740,0
mcs70_b03_s80.A02,mcs70_b03_s80.B02,dal_dal,61,71,7051120032,1000.01,1,725725103,97.8074,4657846278,4657846278,0
mcs70_b03_s80.A03,mcs70_b03_s80.B03,dal_dal,60,69,6977745476,1000.01,1,2332015646,328.897,4787197040,4787197040,0
mcs70_b03_s80.A04,mcs70_b03_s80.B04,dal_dal,59,65,7041217322,1000.02,1,2739035,0.286028,4916795541,4916795541,0
mcs70_b03_s80.A05,mcs70_b03_s80.B05,dal_dal,58,69,6726619430,1000.02,1,653414074,86.6971,4711857490,4711857490,0
mcs70_b03_s80.A06,mcs70_b03_s80.B06,dal_dal,59,67,6891224363,1000.02,1,3525046513,504.527,4645522196,4645522196,0
mcs70_b03_s80.A07,mcs70_b03_s80.B07,dal_dal,61,74,6885250454,1000,1,3646516657,521.596,4812204207,4812204207,0
mcs70_b03_s80.A08,mcs70_b03_s80.B08,dal_dal,62,71,6033636997,1000.02,1,89764962,12.9806,4099209959,4099209959,0
mcs70_b03_s80.A09,mcs70_b03_s80.B09,dal_dal,60,71,5836579378,1000.02,1,401283968,48.7001,4230872270,4230872270,0
mcs70_b03_s90.A00,mcs70_b03_s90.B00,dal_dal,65,71,7139657305,1000.02,1,3490641350,479.978,4821731007,4821731007,0
mcs70_b03_s90.A01,mcs70_b03_s90.B01,dal_dal,65,75,6570306205,1000.01,1,679977060,101.341,4520322515,4520322515,0
mcs70_b03_s90.A02,mcs70_b03_s90.B02,dal_dal,65,81,6431610366,1000.01,1,350550522,46.0622,4773443596,4773443596,0
mcs70_b03_s90.A03,mcs70_b03_s90.B03,dal_dal,69,81,6638583653,1000,1,45810856,7.10471,4636872180,4636872180,0
mcs70_b03_s90.A04,mcs70_b03_s90.B04,dal_dal,65,71,6918568688,1000,1,5119600,0.688288,4917496026,4917496026,0
mcs70_b03_s90.A05,mcs70_b03_s90.B05,dal_dal,63,65,7323204184,1000.02,1,1230694392,147.792,5200505816,5200505816,0
mcs70_b03_s90.A06,mcs70_b03_s90.B06,dal_dal,69,82,6728925985,1000.01,1,621343715,89.2831,4387653660,4387653660,0
mcs70_b03_s90.A07,mcs70_b03_s90.B07,dal_dal,69,74,6642943423,1000.02,1,6278385935,944.982,4622705853,4622705853,0
mcs70_b03_s90.A08,mcs70_b03_s90.B08,dal_dal,63,72,7211469519,1000.02,1,1793834679,257.274,5314696539,5314696539,0
mcs70_b03_s90.A09,mcs70_b03_s90.B09,dal_dal,67,72,6820045507,1000.01,1,2177351190,309.483,4705100397,4705100397,0
mcs70_b03m_s10.A00,mcs70_b03m_s10.B00,dal_dal,8,9,172,5.84E-05,0,9,7.44E-06,117,117,0
mcs70_b03m_s10.A01,mcs70_b03m_s10.B01,dal_dal,7,8,697,0.000120081,0,254,4.07E-05,459,459,0
mcs70_b03m_s10.A02,mcs70_b03m_s10.B02,dal_dal,8,12,242,7.08E-05,0,152,2.82E-05,164,164,0
mcs70_b03m_s10.A03,mcs70_b03m_s10.B03,dal_dal,7,9,666,0.00010585,0,59,1.50E-05,436,436,0
mcs70_b03m_s10.A04,mcs70_b03m_s10.B04,dal_dal,8,9,423,9.09E-05,0,387,5.77E-05,274,274,0
mcs70_b03m_s10.A05,mcs70_b03m_s10.B05,dal_dal,8,8,335,7.39E-05,0,173,2.95E-05,219,219,0
mcs70_b03m_s10.A06,mcs70_b03m_s10.B06,dal_dal,8,10,382,7.45E-05,0,339,4.84E-05,248,248,0
mcs70_b03m_s10.A07,mcs70_b03m_s10.B07,dal_dal,7,10,653,0.0001133,0,336,4.77E-05,428,428,0
mcs70_b03m_s10.A08,mcs70_b03m_s10.B08,dal_dal,8,12,393,7.57E-05,0,285,4.22E-05,256,256,0
mcs70_b03m_s10.A09,mcs70_b03m_s10.B09,dal_dal,8,11,207,5.67E-05,0,149,2.80E-05,148,148,0
mcs70_b03m_s100.A00,mcs70_b03m_s100.B00,dal_dal,70,77,7155444129,1000.02,1,862461001,103.174,5251292870,5251292870,0
mcs70_b03m_s100.A01,mcs70_b03m_s100.B01,dal_dal,62,68,17374837747,1000.02,1,11112528106,584.27,14349545709,14349545709,0
mcs70_b03m_s100.A02,mcs70_b03m_s100.B02,dal_dal,69,76,7335328126,1000.02,1,1352572860,177.496,5362923193,5362923193,0
mcs70_b03m_s100.A03,mcs70_b03m_s100.B03,dal_dal,68,76,11043282434,1000.02,1,7406615419,638.445,9795172589,9795172589,0
mcs70_b03m_s100.A04,mcs70_b03m_s100.B04,dal_dal,76,92,6233003537,1000.02,1,1515679968,236.618,4418073002,4418073002,0
mcs70_b03m_s100.A05,mcs70_b03m_s100.B05,dal_dal,71,71,6849436718,1000.01,1,1285163866,131.108,5115381059,5115381059,0
mcs70_b03m_s100.A06,mcs70_b03m_s100.B06,dal_dal,63,68,12461320449,1000.02,1,538208534,33.0182,10215169509,10215169509,0
mcs70_b03m_s100.A07,mcs70_b03m_s100.B07,dal_dal,60,61,16367340578,1000.02,1,54962405,3.00441,13196391016,13196391016,0
mcs70_b03m_s100.A08,mcs70_b03m_s100.B08,dal_dal,68,71,6713133290,1000.02,1,2970374301,431.202,4992380906,4992380906,0
mcs70_b03m_s100.A09,mcs70_b03m_s100.B09,dal_dal,70,76,7126718392,1000.02,1,2407399184,313.007,5341105829,5341105829,0
mcs70_b03m_s15.A00,mcs70_b03m_s15.B00,dal_dal,13,17,2081,0.000305117,0,1989,0.000268993,1359,1359,0
mcs70_b03m_s15.A01,mcs70_b03m_s15.B01,dal_dal,12,11,2004,0.00030044,0,878,0.000124816,1299,1299,0
mcs70_b03m_s15.A02,mcs70_b03m_s15.B02,dal_dal,12,14,2634,0.000362673,0,1697,0.000221112,1674,1674,0
mcs70_b03m_s15.A03,mcs70_b03m_s15.B03,dal_dal,12,11,3937,0.000491496,0,3272,0.000379047,2631,2631,0
mcs70_b03m_s15.A04,mcs70_b03m_s15.B04,dal_dal,12,13,3768,0.000507438,0,3734,0.000473727,2406,2406,0
mcs70_b03m_s15.A05,mcs70_b03m_s15.B05,dal_dal,12,11,3903,0.000516737,0,3157,0.000387712,2572,2572,0
mcs70_b03m_s15.A06,mcs70_b03m_s15.B06,dal_dal,12,15,1714,0.000255593,0,956,0.000134261,1184,1184,0
mcs70_b03m_s15.A07,mcs70_b03m_s15.B07,dal_dal,11,12,4141,0.000528763,0,49,1.40E-05,2674,2674,0
mcs70_b03m_s15.A08,mcs70_b03m_s15.B08,dal_dal,12,14,3337,0.000461301,0,1581,0.000201522,2178,2178,0
mcs70_b03m_s15.A09,mcs70_b03m_s15.B09,dal_dal,12,13,1702,0.000264487,0,890,0.000127751,1108,1108,0
mcs70_b03m_s20.A00,mcs70_b03m_s20.B00,dal_dal,15,17,82614,0.00977813,0,29451,0.00344606,53662,53662,0
mcs70_b03m_s20.A01,mcs70_b03m_s20.B01,dal_dal,16,20,16180,0.00253101,0,5694,0.000873511,10089,10089,0
mcs70_b03m_s20.A02,mcs70_b03m_s20.B02,dal_dal,15,18,175744,0.0222138,0,67253,0.00808465,111336,111336,0
mcs70_b03m_s20.A03,mcs70_b03m_s20.B03,dal_dal,16,19,24472,0.00342657,0,19521,0.00271284,16533,16533,0
mcs70_b03m_s20.A04,mcs70_b03m_s20.B04,dal_dal,16,19,18009,0.00230777,0,7475,0.000936377,12366,12366,0
mcs70_b03m_s20.A05,mcs70_b03m_s20.B05,dal_dal,16,20,27187,0.00332845,0,17705,0.00211744,17799,17799,0
mcs70_b03m_s20.A06,mcs70_b03m_s20.B06,dal_dal,15,12,64324,0.00796865,0,29917,0.00334631,43905,43905,0
mcs70_b03m_s20.A07,mcs70_b03m_s20.B07,dal_dal,15,17,48029,0.00558825,0,11727,0.00125116,32121,32121,0
mcs70_b03m_s20.A08,mcs70_b03m_s20.B08,dal_dal,16,21,40973,0.00502538,0,27264,0.0032906,26686,26686,0
mcs70_b03m_s20.A09,mcs70_b03m_s20.B09,dal_dal,16,18,67030,0.00769021,0,63857,0.007288,45212,45212,0
mcs70_b03m_s25.A00,mcs70_b03m_s25.B00,dal_dal,19,20,758456,0.0957538,0,20,1.62E-05,497348,497348,0
mcs70_b03m_s25.A01,mcs70_b03m_s25.B01,dal_dal,19,20,467921,0.0588384,0,89652,0.01081,315583,315583,0
mcs70_b03m_s25.A02,mcs70_b03m_s25.B02,dal_dal,19,23,598610,0.085105,0,55151,0.00695444,390833,390833,0
mcs70_b03m_s25.A03,mcs70_b03m_s25.B03,dal_dal,19,21,789772,0.11114,0,101975,0.0146868,508322,508322,0
mcs70_b03m_s25.A04,mcs70_b03m_s25.B04,dal_dal,20,25,322869,0.0486013,0,291578,0.043532,219065,219065,0
mcs70_b03m_s25.A05,mcs70_b03m_s25.B05,dal_dal,19,19,438897,0.0598236,0,103785,0.0137637,298825,298825,0
mcs70_b03m_s25.A06,mcs70_b03m_s25.B06,dal_dal,19,21,668905,0.085489,0,523703,0.0667108,452623,452623,0
mcs70_b03m_s25.A07,mcs70_b03m_s25.B07,dal_dal,19,25,928974,0.113843,0,99301,0.0113467,635584,635584,0
mcs70_b03m_s25.A08,mcs70_b03m_s25.B08,dal_dal,20,23,121121,0.0167193,0,48374,0.00618897,80337,80337,0
mcs70_b03m_s25.A09,mcs70_b03m_s25.B09,dal_dal,19,23,623573,0.0780912,0,33497,0.0037759,435686,435686,0
mcs70_b03m_s30.A00,mcs70_b03m_s30.B00,dal_dal,23,27,4577580,0.559687,0,70281,0.00738517,3187578,3187578,0
mcs70_b03m_s30.A01,mcs70_b03m_s30.B01,dal_dal,23,28,4175481,0.531597,0,1756923,0.213113,2835048,2835048,0
mcs70_b03m_s30.A02,mcs70_b03m_s30.B02,dal_dal,23,30,5490055,0.71955,0,382279,0.0476052,3470860,3470860,0
mcs70_b03m_s30.A03,mcs70_b03m_s30.B03,dal_dal,23,30,8866577,1.10865,0,1023926,0.118757,6205233,6205233,0
mcs70_b03m_s30.A04,mcs70_b03m_s30.B04,dal_dal,23,26,11162747,1.42628,0,3432959,0.409766,7875196,7875196,0
mcs70_b03m_s30.A05,mcs70_b03m_s30.B05,dal_dal,23,28,4388883,0.584268,0,2862418,0.368145,2928487,2928487,0
mcs70_b03m_s30.A06,mcs70_b03m_s30.B06,dal_dal,23,32,6014886,1.03184,0,2847155,0.454726,4291618,4291618,0
mcs70_b03m_s30.A07,mcs70_b03m_s30.B07,dal_dal,24,30,2121668,0.278441,0,1925453,0.25129,1415750,1415750,0
mcs70_b03m_s30.A08,mcs70_b03m_s30.B08,dal_dal,23,26,5545028,0.724331,0,276107,0.0338524,3785371,3785371,0
mcs70_b03m_s30.A09,mcs70_b03m_s30.B09,dal_dal,23,29,5791675,0.737983,0,2485619,0.301263,4108301,4108301,0
mcs70_b03m_s35.A00,mcs70_b03m_s35.B00,dal_dal,27,31,58501729,7.66175,0,25007683,3.16129,40646520,40646520,0
mcs70_b03m_s35.A01,mcs70_b03m_s35.B01,dal_dal,27,39,33156838,4.95478,0,18035650,2.66325,22242643,22242643,0
mcs70_b03m_s35.A02,mcs70_b03m_s35.B02,dal_dal,27,35,23474746,3.13534,0,209949,0.0257484,15601975,15601975,0
mcs70_b03m_s35.A03,mcs70_b03m_s35.B03,dal_dal,27,32,24893333,3.28895,0,6605128,0.831331,17356594,17356594,0
mcs70_b03m_s35.A04,mcs70_b03m_s35.B04,dal_dal,27,32,23513907,3.05567,0,4345583,0.497667,16492257,16492257,0
mcs70_b03m_s35.A05,mcs70_b03m_s35.B05,dal_dal,28,36,11039957,1.45517,0,7113677,0.913366,7520934,7520934,0
mcs70_b03m_s35.A06,mcs70_b03m_s35.B06,dal_dal,27,30,48215719,6.19147,0,24454827,3.05938,32204205,32204205,0
mcs70_b03m_s35.A07,mcs70_b03m_s35.B07,dal_dal,28,31,18003099,2.25097,0,12553361,1.53405,12137681,12137681,0
mcs70_b03m_s35.A08,mcs70_b03m_s35.B08,dal_dal,27,32,30318394,4.49108,0,398931,0.0510105,21066296,21066296,0
mcs70_b03m_s35.A09,mcs70_b03m_s35.B09,dal_dal,27,26,27570494,4.01468,0,245468,0.0278634,19031435,19031435,0
mcs70_b03m_s40.A00,mcs70_b03m_s40.B00,dal_dal,32,39,125950515,18.8763,0,102952209,15.0053,85780740,85780740,0
mcs70_b03m_s40.A01,mcs70_b03m_s40.B01,dal_dal,31,40,421001331,69.7346,0,299620562,48.9673,289184479,289184479,0
mcs70_b03m_s40.A02,mcs70_b03m_s40.B02,dal_dal,31,37,493001470,66.1945,0,2820878,0.332031,346500000,346500000,0
mcs70_b03m_s40.A03,mcs70_b03m_s40.B03,dal_dal,32,39,173624033,23.6707,0,84284860,11.202,114836163,114836163,0
mcs70_b03m_s40.A04,mcs70_b03m_s40.B04,dal_dal,31,36,497937833,69.5619,0,10263736,1.06658,357053308,357053308,0
mcs70_b03m_s40.A05,mcs70_b03m_s40.B05,dal_dal,32,40,147181431,20.4427,0,131882276,18.2636,102461471,102461471,0
mcs70_b03m_s40.A06,mcs70_b03m_s40.B06,dal_dal,31,33,424613737,57.8092,0,512087,0.0632602,287865196,287865196,0
mcs70_b03m_s40.A07,mcs70_b03m_s40.B07,dal_dal,32,41,29964847,3.99223,0,18281421,2.34194,20762598,20762598,0
mcs70_b03m_s40.A08,mcs70_b03m_s40.B08,dal_dal,32,38,142692643,19.6698,0,120299052,16.3045,97796674,97796674,0
mcs70_b03m_s40.A09,mcs70_b03m_s40.B09,dal_dal,31,34,824593956,122.359,0,54854140,8.08402,566351437,566351437,0
mcs70_b03m_s50.A00,mcs70_b03m_s50.B00,dal_dal,38,44,7230834534,1000.02,1,4624255418,625.244,5185175918,5185175918,0
mcs70_b03m_s50.A01,mcs70_b03m_s50.B01,dal_dal,39,50,6969608779,1000.01,1,1974753515,269.792,4858669989,4858669989,0
mcs70_b03m_s50.A02,mcs70_b03m_s50.B02,dal_dal,38,46,7034897934,1000.01,1,50669059,6.48107,4895055492,4895055492,0
mcs70_b03m_s50.A03,mcs70_b03m_s50.B03,dal_dal,38,46,7073402715,1000.02,1,702135169,97.5654,4853873304,4853873304,0
mcs70_b03m_s50.A04,mcs70_b03m_s50.B04,dal_dal,38,45,7246205746,1000.02,1,6617539107,914.153,5038923760,5038923760,0
mcs70_b03m_s50.A05,mcs70_b03m_s50.B05,dal_dal,38,43,7318834725,1000.01,1,4188654571,565.181,5083161257,5083161257,0
mcs70_b03m_s50.A06,mcs70_b03m_s50.B06,dal_dal,39,47,7386124058,1000.02,1,7266117159,983.217,5057962273,5057962273,0
mcs70_b03m_s50.A07,mcs70_b03m_s50.B07,dal_dal,39,45,7019115445,1000.01,1,5470490439,772.479,4840773273,4840773273,0
mcs70_b03m_s50.A08,mcs70_b03m_s50.B08,dal_dal,38,40,7054562727,1000.01,1,189820048,25.3709,4912694220,4912694220,0
mcs70_b03m_s50.A09,mcs70_b03m_s50.B09,dal_dal,39,47,6141904645,1000.01,1,165154297,24.675,4273195969,4273195969,0
mcs70_b03m_s60.A00,mcs70_b03m_s60.B00,dal_dal,44,56,6639617009,1000.01,1,271016249,38.6163,4648869185,4648869185,0
mcs70_b03m_s60.A01,mcs70_b03m_s60.B01,dal_dal,45,55,7572955070,1000.02,1,1622209111,161.715,5592964038,5592964038,0
mcs70_b03m_s60.A02,mcs70_b03m_s60.B02,dal_dal,46,57,3472074249,1000.02,1,1147793326,318.181,2472943764,2472943764,0
mcs70_b03m_s60.A03,mcs70_b03m_s60.B03,dal_dal,44,54,7011204657,1000.01,1,4053152803,567.129,5055586947,5055586947,0
mcs70_b03m_s60.A04,mcs70_b03m_s60.B04,dal_dal,46,54,6138253380,1000.01,1,532305011,81.432,4323394860,4323394860,0
mcs70_b03m_s60.A05,mcs70_b03m_s60.B05,dal_dal,45,49,5563269544,1000.02,1,821150512,143.895,3907118378,3907118378,0
mcs70_b03m_s60.A06,mcs70_b03m_s60.B06,dal_dal,46,65,6242903600,1000.02,1,4822065409,749.711,5224050096,5224050096,0
mcs70_b03m_s60.A07,mcs70_b03m_s60.B07,dal_dal,46,57,6619765396,1000.02,1,674300586,98.7147,4575076821,4575076821,0
mcs70_b03m_s60.A08,mcs70_b03m_s60.B08,dal_dal,45,53,6777808711,1000.02,1,12915049,1.15023,4766420086,4766420086,0
mcs70_b03m_s60.A09,mcs70_b03m_s60.B09,dal_dal,45,49,7125277357,1000.02,1,4241392,0.523547,4873897174,4873897174,0
mcs70_b03m_s70.A00,mcs70_b03m_s70.B00,dal_dal,48,55,7846457599,1000.03,1,523640786,56.597,5793029225,5793029225,0
mcs70_b03m_s70.A01,mcs70_b03m_s70.B01,dal_dal,48,46,8814119052,1000.02,1,14948507,1.66277,7870468799,7870468799,0
mcs70_b03m_s70.A02,mcs70_b03m_s70.B02,dal_dal,52,55,7355081967,1000.02,1,2273602254,259.583,5390445354,5390445354,0
mcs70_b03m_s70.A03,mcs70_b03m_s70.B03,dal_dal,51,56,6940673952,1000.01,1,526728535,58.8545,5044223104,5044223104,0
mcs70_b03m_s70.A04,mcs70_b03m_s70.B04,dal_dal,54,68,7057973533,1000.01,1,3987945603,549.323,4974082593,4974082593,0
mcs70_b03m_s70.A05,mcs70_b03m_s70.B05,dal_dal,52,57,7077789358,1000.02,1,5000316888,693.246,5103692151,5103692151,0
mcs70_b03m_s70.A06,mcs70_b03m_s70.B06,dal_dal,51,57,7555379850,1000.01,1,6061959092,780.539,5839027262,5839027262,0
mcs70_b03m_s70.A07,mcs70_b03m_s70.B07,dal_dal,52,55,6961367070,1000.02,1,2053079441,287.372,4771858145,4771858145,0
mcs70_b03m_s70.A08,mcs70_b03m_s70.B08,dal_dal,53,54,7197725128,1000.02,1,5137769208,705.093,4967882537,4967882537,0
mcs70_b03m_s70.A09,mcs70_b03m_s70.B09,dal_dal,53,60,5657590513,1000.02,1,3556837725,616.198,3895483731,3895483731,0
mcs70_b03m_s80.A00,mcs70_b03m_s80.B00,dal_dal,53,45,9772393828,1000.02,1,6273421949,613.09,7644539810,7644539810,0
mcs70_b03m_s80.A01,mcs70_b03m_s80.B01,dal_dal,57,65,7333676329,1000.02,1,2865834573,368.958,5297170316,5297170316,0
mcs70_b03m_s80.A02,mcs70_b03m_s80.B02,dal_dal,58,64,6929283409,1000.01,1,2728754722,379.323,4860632613,4860632613,0
mcs70_b03m_s80.A03,mcs70_b03m_s80.B03,dal_dal,58,64,5748909633,1000.02,1,653932667,108.917,4180622579,4180622579,0
mcs70_b03m_s80.A04,mcs70_b03m_s80.B04,dal_dal,52,56,10756043847,1000.01,1,6496595131,555.532,9202881519,9202881519,0
mcs70_b03m_s80.A05,mcs70_b03m_s80.B05,dal_dal,52,64,9771588944,1000.01,1,2727152,0.15881,8503413796,8503413796,0
mcs70_b03m_s80.A06,mcs70_b03m_s80.B06,dal_dal,57,63,7387590541,1000.01,1,2380962140,278.5,5473720899,5473720899,0
mcs70_b03m_s80.A07,mcs70_b03m_s80.B07,dal_dal,57,57,7687401464,1000.01,1,6542783809,842.572,5667088098,5667088098,0
mcs70_b03m_s80.A08,mcs70_b03m_s80.B08,dal_dal,58,63,10122009132,1000.02,1,5930240420,384.215,7860837755,7860837755,0
mcs70_b03m_s80.A09,mcs70_b03m_s80.B09,dal_dal,57,63,7228754007,1000.02,1,485910357,61.422,5196908828,5196908828,0
mcs70_b03m_s90.A00,mcs70_b03m_s90.B00,dal_dal,58,54,4679748986,1000.02,1,106361180,12.9014,4101252072,4101252072,0
mcs70_b03m_s90.A01,mcs70_b03m_s90.B01,dal_dal,61,68,12593787886,1000.03,1,219319917,13.0189,11423075662,11423075662,0
mcs70_b03m_s90.A02,mcs70_b03m_s90.B02,dal_dal,59,76,7458616790,1000.02,1,7348049196,984.823,5455293785,5455293785,0
mcs70_b03m_s90.A03,mcs70_b03m_s90.B03,dal_dal,61,65,8639197059,1000.02,1,7164623768,814.759,7140688635,7140688635,0
mcs70_b03m_s90.A04,mcs70_b03m_s90.B04,dal_dal,66,72,6776809082,1000.01,1,1169830415,148.879,4998430790,4998430790,0
mcs70_b03m_s90.A05,mcs70_b03m_s90.B05,dal_dal,64,64,10716298115,1000.02,1,6676451953,418.719,8314916064,8314916064,0
mcs70_b03m_s90.A06,mcs70_b03m_s90.B06,dal_dal,65,71,6199118261,1000.02,1,2358645569,373.028,4628431008,4628431008,0
mcs70_b03m_s90.A07,mcs70_b03m_s90.B07,dal_dal,63,62,7482519846,1000.02,1,607238549,73.5352,5849705504,5849705504,0
mcs70_b03m_s90.A08,mcs70_b03m_s90.B08,dal_dal,58,57,13820914171,1000.01,1,1799836,0.108925,11371887899,11371887899,0
mcs70_b03m_s90.A09,mcs70_b03m_s90.B09,dal_dal,65,75,9328869797,1000.02,1,5461370628,447.336,7105193391,7105193391,0
mcs70_b06_s10.A00,mcs70_b06_s10.B00,dal_dal,8,21,110,0.000114292,0,23,1.53E-05,79,79,0
mcs70_b06_s10.A01,mcs70_b06_s10.B01,dal_dal,9,23,87,4.42E-05,0,60,1.50E-05,60,60,0
mcs70_b06_s10.A02,mcs70_b06_s10.B02,dal_dal,8,19,111,4.96E-05,0,30,1.05E-05,81,81,0
mcs70_b06_s10.A03,mcs70_b06_s10.B03,dal_dal,7,16,425,8.52E-05,0,28,1.07E-05,294,294,0
mcs70_b06_s10.A04,mcs70_b06_s10.B04,dal_dal,9,23,57,6.24E-05,0,34,1.47E-05,39,39,0
mcs70_b06_s10.A05,mcs70_b06_s10.B05,dal_dal,8,20,125,6.42E-05,0,31,1.17E-05,88,88,0
mcs70_b06_s10.A06,mcs70_b06_s10.B06,dal_dal,8,19,93,4.59E-05,0,9,6.46E-06,67,67,0
mcs70_b06_s10.A07,mcs70_b06_s10.B07,dal_dal,8,15,161,5.37E-05,0,85,1.91E-05,116,116,0
mcs70_b06_s10.A08,mcs70_b06_s10.B08,dal_dal,7,14,350,8.11E-05,0,8,6.29E-06,246,246,0
mcs70_b06_s10.A09,mcs70_b06_s10.B09,dal_dal,9,27,100,5.03E-05,0,72,1.73E-05,70,70,0
mcs70_b06_s100.A00,mcs70_b06_s100.B00,dal_dal,66,141,5806515014,1000.01,1,86053805,12.6934,3776438990,3776438990,0
mcs70_b06_s100.A01,mcs70_b06_s100.B01,dal_dal,58,127,6237412272,1000.01,1,2425759876,374.108,4575435381,4575435381,0
mcs70_b06_s100.A02,mcs70_b06_s100.B02,dal_dal,55,94,7599538849,1000.01,1,1775114212,210.583,5018545313,5018545313,0
mcs70_b06_s100.A03,mcs70_b06_s100.B03,dal_dal,57,105,6334942180,1000.01,1,4500341820,714.239,4648071401,4648071401,0
mcs70_b06_s100.A04,mcs70_b06_s100.B04,dal_dal,66,138,5850705744,1000.02,1,1183282175,197.221,3928032400,3928032400,0
mcs70_b06_s100.A05,mcs70_b06_s100.B05,dal_dal,57,103,6297188058,1000.02,1,376217319,56.0727,4483903359,4483903359,0
mcs70_b06_s100.A06,mcs70_b06_s100.B06,dal_dal,68,139,5656521280,1000.01,1,218398893,35.9382,3802146952,3802146952,0
mcs70_b06_s100.A07,mcs70_b06_s100.B07,dal_dal,56,101,6199000757,1000.02,1,1229003061,187.896,4268057693,4268057693,0
mcs70_b06_s100.A08,mcs70_b06_s100.B08,dal_dal,66,130,5706871423,1000.02,1,140668,0.0186024,3942921534,3942921534,0
mcs70_b06_s100.A09,mcs70_b06_s100.B09,dal_dal,51,81,6664052880,1000.01,1,547274087,77.1545,4746918568,4746918568,0
mcs70_b06_s15.A00,mcs70_b06_s15.B00,dal_dal,11,26,3913,0.000720808,0,698,0.000128584,2632,2632,0
mcs70_b06_s15.A01,mcs70_b06_s15.B01,dal_dal,12,29,1872,0.000376609,0,847,0.000166081,1275,1275,0
mcs70_b06_s15.A02,mcs70_b06_s15.B02,dal_dal,11,16,5957,0.000970085,0,5311,0.000824255,4020,4020,0
mcs70_b06_s15.A03,mcs70_b06_s15.B03,dal_dal,10,23,8563,0.00145992,0,273,5.37E-05,5617,5617,0
mcs70_b06_s15.A04,mcs70_b06_s15.B04,dal_dal,12,32,2517,0.000577461,0,2098,0.00044381,1662,1662,0
mcs70_b06_s15.A05,mcs70_b06_s15.B05,dal_dal,11,25,2988,0.00116297,0,311,0.000115914,2064,2064,0
mcs70_b06_s15.A06,mcs70_b06_s15.B06,dal_dal,11,22,5197,0.00087747,0,4709,0.000759703,3392,3392,0
mcs70_b06_s15.A07,mcs70_b06_s15.B07,dal_dal,11,27,3222,0.000595616,0,451,7.88E-05,2200,2200,0
mcs70_b06_s15.A08,mcs70_b06_s15.B08,dal_dal,11,24,4242,0.000752577,0,2033,0.000339954,2770,2770,0
mcs70_b06_s15.A09,mcs70_b06_s15.B09,dal_dal,11,23,3229,0.000556701,0,2152,0.000347585,2201,2201,0
mcs70_b06_s20.A00,mcs70_b06_s20.B00,dal_dal,16,40,4936,0.000992064,0,179,5.05E-05,3360,3360,0
mcs70_b06_s20.A01,mcs70_b06_s20.B01,dal_dal,15,37,24867,0.00411878,0,13402,0.00206772,15876,15876,0
mcs70_b06_s20.A02,mcs70_b06_s20.B02,dal_dal,15,34,23874,0.00422765,0,14872,0.00256649,15179,15179,0
mcs70_b06_s20.A03,mcs70_b06_s20.B03,dal_dal,16,39,10576,0.00193543,0,6833,0.00121703,6771,6771,0
mcs70_b06_s20.A04,mcs70_b06_s20.B04,dal_dal,15,31,15584,0.00291301,0,2496,0.000434914,9949,9949,0
mcs70_b06_s20.A05,mcs70_b06_s20.B05,dal_dal,15,38,23395,0.00413043,0,15399,0.00260175,14419,14419,0
mcs70_b06_s20.A06,mcs70_b06_s20.B06,dal_dal,15,31,15913,0.0028613,0,778,0.000143505,10107,10107,0
mcs70_b06_s20.A07,mcs70_b06_s20.B07,dal_dal,15,35,16744,0.0030551,0,3144,0.000635741,10635,10635,0
mcs70_b06_s20.A08,mcs70_b06_s20.B08,dal_dal,14,29,42357,0.0073788,0,4406,0.000729402,26877,26877,0
mcs70_b06_s20.A09,mcs70_b06_s20.B09,dal_dal,15,32,15961,0.0030321,0,1217,0.000221044,10251,10251,0
mcs70_b06_s25.A00,mcs70_b06_s25.B00,dal_dal,19,37,323926,0.0702063,0,293796,0.0631401,213262,213262,0
mcs70_b06_s25.A01,mcs70_b06_s25.B01,dal_dal,19,39,226497,0.07192,0,181352,0.0560181,142649,142649,0
mcs70_b06_s25.A02,mcs70_b06_s25.B02,dal_dal,19,45,138982,0.0231683,0,80645,0.0125965,87187,87187,0
mcs70_b06_s25.A03,mcs70_b06_s25.B03,dal_dal,19,41,164884,0.0272984,0,126153,0.0200559,109825,109825,0
mcs70_b06_s25.A04,mcs70_b06_s25.B04,dal_dal,18,36,108217,0.0190303,0,430,8.54E-05,68025,68025,0
mcs70_b06_s25.A05,mcs70_b06_s25.B05,dal_dal,18,41,129906,0.0229882,0,28667,0.0049418,81456,81456,0
mcs70_b06_s25.A06,mcs70_b06_s25.B06,dal_dal,18,44,182177,0.0306287,0,53857,0.00870162,113048,113048,0
mcs70_b06_s25.A07,mcs70_b06_s25.B07,dal_dal,18,45,200340,0.034927,0,13458,0.00228876,122695,122695,0
mcs70_b06_s25.A08,mcs70_b06_s25.B08,dal_dal,20,49,269581,0.042026,0,256503,0.0396331,176415,176415,0
mcs70_b06_s25.A09,mcs70_b06_s25.B09,dal_dal,19,42,61645,0.0111999,0,23656,0.00419957,39228,39228,0
mcs70_b06_s30.A00,mcs70_b06_s30.B00,dal_dal,23,52,1528551,0.242998,0,1419487,0.224111,1013543,1013543,0
mcs70_b06_s30.A01,mcs70_b06_s30.B01,dal_dal,22,47,656127,0.11284,0,97925,0.0158523,414715,414715,0
mcs70_b06_s30.A02,mcs70_b06_s30.B02,dal_dal,22,46,755053,0.126911,0,230568,0.0376638,480089,480089,0
mcs70_b06_s30.A03,mcs70_b06_s30.B03,dal_dal,24,55,216095,0.0359599,0,178655,0.0293157,133094,133094,0
mcs70_b06_s30.A04,mcs70_b06_s30.B04,dal_dal,23,52,378076,0.0650769,0,194695,0.0322746,235962,235962,0
mcs70_b06_s30.A05,mcs70_b06_s30.B05,dal_dal,22,54,741197,0.124568,0,45986,0.00711242,454701,454701,0
mcs70_b06_s30.A06,mcs70_b06_s30.B06,dal_dal,23,51,407777,0.0702635,0,246009,0.0413148,269852,269852,0
mcs70_b06_s30.A07,mcs70_b06_s30.B07,dal_dal,22,52,1588106,0.255535,0,1057587,0.163729,1024420,1024420,0
mcs70_b06_s30.A08,mcs70_b06_s30.B08,dal_dal,22,48,1923889,0.316135,0,1644338,0.266133,1308290,1308290,0
mcs70_b06_s30.A09,mcs70_b06_s30.B09,dal_dal,22,54,1967499,0.307592,0,1272035,0.19091,1282749,1282749,0
mcs70_b06_s35.A00,mcs70_b06_s35.B00,dal_dal,26,54,22621210,4.27784,0,20221035,3.78283,15348994,15348994,0
mcs70_b06_s35.A01,mcs70_b06_s35.B01,dal_dal,26,66,3156796,1.05943,0,592673,0.188521,2054418,2054418,0
mcs70_b06_s35.A02,mcs70_b06_s35.B02,dal_dal,26,53,13793752,2.23556,0,12559736,2.01954,9247778,9247778,0
mcs70_b06_s35.A03,mcs70_b06_s35.B03,dal_dal,26,59,2157798,0.377726,0,75444,0.012391,1376284,1376284,0
mcs70_b06_s35.A04,mcs70_b06_s35.B04,dal_dal,26,57,19457598,3.09962,0,17474727,2.72773,13135550,13135550,0
mcs70_b06_s35.A05,mcs70_b06_s35.B05,dal_dal,26,58,2627248,0.444841,0,844300,0.139949,1722358,1722358,0
mcs70_b06_s35.A06,mcs70_b06_s35.B06,dal_dal,26,52,7170060,1.21569,0,5020080,0.83419,4794305,4794305,0
mcs70_b06_s35.A07,mcs70_b06_s35.B07,dal_dal,26,63,3989922,0.679382,0,2415198,0.408408,2551039,2551039,0
mcs70_b06_s35.A08,mcs70_b06_s35.B08,dal_dal,26,57,2542899,0.433012,0,1412144,0.233008,1660632,1660632,0
mcs70_b06_s35.A09,mcs70_b06_s35.B09,dal_dal,25,46,5829488,1.01728,0,86315,0.0142211,3834470,3834470,0
mcs70_b06_s40.A00,mcs70_b06_s40.B00,dal_dal,30,65,32700188,6.40606,0,22777871,4.37953,21964607,21964607,0
mcs70_b06_s40.A01,mcs70_b06_s40.B01,dal_dal,29,70,124947861,42.3087,0,86218323,28.8381,84375434,84375434,0
mcs70_b06_s40.A02,mcs70_b06_s40.B02,dal_dal,31,69,5574169,1.00071,0,4154658,0.743742,3567553,3567553,0
mcs70_b06_s40.A03,mcs70_b06_s40.B03,dal_dal,30,59,13357815,2.30109,0,3508061,0.538373,8871341,8871341,0
mcs70_b06_s40.A04,mcs70_b06_s40.B04,dal_dal,30,64,31181044,5.01644,0,19153952,2.86907,20621753,20621753,0
mcs70_b06_s40.A05,mcs70_b06_s40.B05,dal_dal,31,69,3913258,0.690452,0,442927,0.0731584,2568363,2568363,0
mcs70_b06_s40.A06,mcs70_b06_s40.B06,dal_dal,30,67,32861209,5.49958,0,24285528,3.97783,22320578,22320578,0
mcs70_b06_s40.A07,mcs70_b06_s40.B07,dal_dal,29,58,141554181,22.5811,0,104921343,16.2375,98224241,98224241,0
mcs70_b06_s40.A08,mcs70_b06_s40.B08,dal_dal,31,71,57870979,8.98836,0,55423771,8.55072,39838886,39838886,0
mcs70_b06_s40.A09,mcs70_b06_s40.B09,dal_dal,30,73,11050799,1.91183,0,6708600,1.15142,7062930,7062930,0
mcs70_b06_s50.A00,mcs70_b06_s50.B00,dal_dal,36,89,2697938019,481.866,0,378268150,66.9298,1882186524,1882186524,0
mcs70_b06_s50.A01,mcs70_b06_s50.B01,dal_dal,36,81,3310508754,596.968,0,1448769241,257.697,2289379696,2289379696,0
mcs70_b06_s50.A02,mcs70_b06_s50.B02,dal_dal,37,77,1255469874,231.97,0,263284508,47.5535,850316530,850316530,0
mcs70_b06_s50.A03,mcs70_b06_s50.B03,dal_dal,37,75,1071090192,194.055,0,529785338,94.3685,742227405,742227405,0
mcs70_b06_s50.A04,mcs70_b06_s50.B04,dal_dal,31,62,6050505784,1000.02,1,497666763,78.5823,4326742848,4326742848,0
mcs70_b06_s50.A05,mcs70_b06_s50.B05,dal_dal,37,82,947586696,170.938,0,56660059,9.25767,646310163,646310163,0
mcs70_b06_s50.A06,mcs70_b06_s50.B06,dal_dal,33,61,5972051687,1000.01,1,2732195051,436.015,4215711247,4215711247,0
mcs70_b06_s50.A07,mcs70_b06_s50.B07,dal_dal,37,81,2369396901,419.148,0,1288481726,219.193,1622519160,1622519160,0
mcs70_b06_s50.A08,mcs70_b06_s50.B08,dal_dal,37,74,845740412,156.625,0,189169855,34.4664,585183036,585183036,0
mcs70_b06_s50.A09,mcs70_b06_s50.B09,dal_dal,37,81,757669814,140.845,0,169974205,30.4251,528252624,528252624,0
mcs70_b06_s60.A00,mcs70_b06_s60.B00,dal_dal,37,70,6542578030,1000.01,1,5522104919,833.76,4535672928,4535672928,0
mcs70_b06_s60.A01,mcs70_b06_s60.B01,dal_dal,39,94,4820805914,1000.02,1,870791357,171.279,3287994171,3287994171,0
mcs70_b06_s60.A02,mcs70_b06_s60.B02,dal_dal,43,95,5553493327,1000.02,1,4233382221,755.104,3740517830,3740517830,0
mcs70_b06_s60.A03,mcs70_b06_s60.B03,dal_dal,35,55,6542936282,1000.02,1,1056744532,156.79,4564760952,4564760952,0
mcs70_b06_s60.A04,mcs70_b06_s60.B04,dal_dal,43,100,5458166702,1000.01,1,987162391,175.853,3715710585,3715710585,0
mcs70_b06_s60.A05,mcs70_b06_s60.B05,dal_dal,38,74,5938656789,1000,1,1899102107,313.562,4124801868,4124801868,0
mcs70_b06_s60.A06,mcs70_b06_s60.B06,dal_dal,36,79,6215957814,1000.02,1,395492409,56.821,4375665680,4375665680,0
mcs70_b06_s60.A07,mcs70_b06_s60.B07,dal_dal,34,57,6542618579,1000.02,1,736326281,101.973,4535932012,4535932012,0
mcs70_b06_s60.A08,mcs70_b06_s60.B08,dal_dal,37,81,6342249172,1000.02,1,655141891,102.046,4361219757,4361219757,0
mcs70_b06_s60.A09,mcs70_b06_s60.B09,dal_dal,36,63,6234373665,1000.01,1,890816491,131.665,4209712687,4209712687,0
mcs70_b06_s70.A00,mcs70_b06_s70.B00,dal_dal,49,108,5460410265,1000,1,28420197,4.4939,3747433580,3747433580,0
mcs70_b06_s70.A01,mcs70_b06_s70.B01,dal_dal,48,93,2840612561,1000.01,1,204735247,61.1027,1914175834,1914175834,0
mcs70_b06_s70.A02,mcs70_b06_s70.B02,dal_dal,40,72,6390080101,1000.02,1,22890231,2.6412,4738414894,4738414894,0
mcs70_b06_s70.A03,mcs70_b06_s70.B03,dal_dal,48,101,5005040529,1000.02,1,463088912,84.3898,3387139719,3387139719,0
mcs70_b06_s70.A04,mcs70_b06_s70.B04,dal_dal,42,82,5852441335,1000.01,1,3480478659,589.456,3978163451,3978163451,0
mcs70_b06_s70.A05,mcs70_b06_s70.B05,dal_dal,44,77,5610061846,1000.02,1,1157674049,199.244,3932807857,3932807857,0
mcs70_b06_s70.A06,mcs70_b06_s70.B06,dal_dal,44,81,6100761443,1000.02,1,2822735170,445.294,4291939442,4291939442,0
mcs70_b06_s70.A07,mcs70_b06_s70.B07,dal_dal,47,90,5744079534,1000.02,1,68291656,10.7415,3827866363,3827866363,0
mcs70_b06_s70.A08,mcs70_b06_s70.B08,dal_dal,45,86,5758474753,1000.02,1,3397094,0.53852,3867072951,3867072951,0
mcs70_b06_s70.A09,mcs70_b06_s70.B09,dal_dal,41,68,6086010343,1000.02,1,5130782043,840.302,4209396397,4209396397,0
mcs70_b06_s80.A00,mcs70_b06_s80.B00,dal_dal,47,86,6292326053,1000.02,1,1774935414,264.057,4447150778,4447150778,0
mcs70_b06_s80.A01,mcs70_b06_s80.B01,dal_dal,46,80,6301193457,1000.02,1,693102592,103.71,4826367571,4826367571,0
mcs70_b06_s80.A02,mcs70_b06_s80.B02,dal_dal,47,94,6631199431,1000.02,1,6423040385,967.533,4614618833,4614618833,0
mcs70_b06_s80.A03,mcs70_b06_s80.B03,dal_dal,45,84,6639610910,1000.02,1,2221626566,322.483,4682050305,4682050305,0
mcs70_b06_s80.A04,mcs70_b06_s80.B04,dal_dal,52,98,5677597710,1000.02,1,975324181,151.229,3925316539,3925316539,0
mcs70_b06_s80.A05,mcs70_b06_s80.B05,dal_dal,49,96,5289064851,1000.02,1,1960600991,357.428,3710009699,3710009699,0
mcs70_b06_s80.A06,mcs70_b06_s80.B06,dal_dal,45,79,6502788860,1000.02,1,169734157,21.9533,4765288760,4765288760,0
mcs70_b06_s80.A07,mcs70_b06_s80.B07,dal_dal,48,89,6348634845,1000.01,1,4053263,0.519851,4501832780,4501832780,0
mcs70_b06_s80.A08,mcs70_b06_s80.B08,dal_dal,48,95,3023271561,1000.02,1,922554383,282.938,2116440446,2116440446,0
mcs70_b06_s80.A09,mcs70_b06_s80.B09,dal_dal,46,90,6805106730,1000.01,1,791846854,102.975,4778626718,4778626718,0
mcs70_b06_s90.A00,mcs70_b06_s90.B00,dal_dal,58,112,6119114968,1000.02,1,119918109,17.7966,4168673306,4168673306,0
mcs70_b06_s90.A01,mcs70_b06_s90.B01,dal_dal,54,99,6678649089,1000.02,1,31366147,3.77238,4694563628,4694563628,0
mcs70_b06_s90.A02,mcs70_b06_s90.B02,dal_dal,53,102,6261169293,1000.02,1,738000987,130.111,4644765807,4644765807,0
mcs70_b06_s90.A03,mcs70_b06_s90.B03,dal_dal,50,106,6669872185,1000.01,1,4400778561,658.36,4992499070,4992499070,0
mcs70_b06_s90.A04,mcs70_b06_s90.B04,dal_dal,54,104,6570868843,1000.02,1,21943282,2.87524,4380209177,4380209177,0
mcs70_b06_s90.A05,mcs70_b06_s90.B05,dal_dal,53,93,6463552789,1000.02,1,2188426464,318.938,4560458551,4560458551,0
mcs70_b06_s90.A06,mcs70_b06_s90.B06,dal_dal,48,75,7136314896,1000.02,1,732184573,99.9313,5282072533,5282072533,0
mcs70_b06_s90.A07,mcs70_b06_s90.B07,dal_dal,49,88,6931706511,1000.02,1,5350719405,767.151,4945715353,4945715353,0
mcs70_b06_s90.A08,mcs70_b06_s90.B08,dal_dal,56,110,5803977332,1000.01,1,5152331093,885.874,4108918150,4108918150,0
mcs70_b06_s90.A09,mcs70_b06_s90.B09,dal_dal,51,93,6737091022,1000.02,1,702371583,93.5574,4792267069,4792267069,0
mcs70_b06m_s10.A00,mcs70_b06m_s10.B00,dal_dal,8,16,192,6.82E-05,0,131,3.48E-05,127,127,0
mcs70_b06m_s10.A01,mcs70_b06m_s10.B01,dal_dal,9,22,55,7.08E-05,0,37,2.15E-05,36,36,0
mcs70_b06m_s10.A02,mcs70_b06m_s10.B02,dal_dal,7,12,448,9.00E-05,0,12,7.19E-06,284,284,0
mcs70_b06m_s10.A03,mcs70_b06m_s10.B03,dal_dal,8,16,110,9.28E-05,0,56,2.98E-05,76,76,0
mcs70_b06m_s10.A04,mcs70_b06m_s10.B04,dal_dal,7,14,503,8.94E-05,0,200,2.90E-05,327,327,0
mcs70_b06m_s10.A05,mcs70_b06m_s10.B05,dal_dal,8,16,222,6.61E-05,0,119,2.58E-05,146,146,0
mcs70_b06m_s10.A06,mcs70_b06m_s10.B06,dal_dal,8,15,165,5.54E-05,0,61,1.53E-05,118,118,0
mcs70_b06m_s10.A07,mcs70_b06m_s10.B07,dal_dal,7,12,561,0.000203946,0,89,3.65E-05,382,382,0
mcs70_b06m_s10.A08,mcs70_b06m_s10.B08,dal_dal,8,16,420,9.22E-05,0,349,5.53E-05,269,269,0
mcs70_b06m_s10.A09,mcs70_b06m_s10.B09,dal_dal,7,15,436,9.07E-05,0,80,1.86E-05,296,296,0
mcs70_b06m_s100.A00,mcs70_b06m_s100.B00,dal_dal,52,77,6582347301,1000.02,1,471601000,72.7318,4406633190,4406633190,0
mcs70_b06m_s100.A01,mcs70_b06m_s100.B01,dal_dal,54,114,6447479716,1000.02,1,649764699,92.1684,4860952556,4860952556,0
mcs70_b06m_s100.A02,mcs70_b06m_s100.B02,dal_dal,53,85,3303881403,1000.02,1,67801554,17.4121,2400497806,2400497806,0
mcs70_b06m_s100.A03,mcs70_b06m_s100.B03,dal_dal,53,84,6759609502,1000.02,1,1304278996,186.908,4813151177,4813151177,0
mcs70_b06m_s100.A04,mcs70_b06m_s100.B04,dal_dal,51,87,6940322980,1000.02,1,1055607289,149.408,4646746374,4646746374,0
mcs70_b06m_s100.A05,mcs70_b06m_s100.B05,dal_dal,51,73,7454604288,1000.02,1,5193849712,689.407,5252921696,5252921696,0
mcs70_b06m_s100.A06,mcs70_b06m_s100.B06,dal_dal,52,98,7033225516,1000.01,1,1240254509,166.361,5305233686,5305233686,0
mcs70_b06m_s100.A07,mcs70_b06m_s100.B07,dal_dal,72,161,4115893546,1000.02,1,2366,0.000587243,2608392485,2608392485,0
mcs70_b06m_s100.A08,mcs70_b06m_s100.B08,dal_dal,53,90,6752270247,1000.01,1,423074629,57.8694,4623407996,4623407996,0
mcs70_b06m_s100.A09,mcs70_b06m_s100.B09,dal_dal,53,88,6783850739,1000.01,1,4236133759,616.297,4965768042,4965768042,0
mcs70_b06m_s15.A00,mcs70_b06m_s15.B00,dal_dal,10,16,5202,0.000862719,0,1055,0.000167392,3652,3652,0
mcs70_b06m_s15.A01,mcs70_b06m_s15.B01,dal_dal,10,25,9108,0.00150303,0,1582,0.000249906,5905,5905,0
mcs70_b06m_s15.A02,mcs70_b06m_s15.B02,dal_dal,10,17,9384,0.00146559,0,4998,0.000739723,6106,6106,0
mcs70_b06m_s15.A03,mcs70_b06m_s15.B03,dal_dal,10,18,12060,0.00213821,0,6112,0.000952223,7762,7762,0
mcs70_b06m_s15.A04,mcs70_b06m_s15.B04,dal_dal,11,25,2808,0.000596878,0,495,9.96E-05,1887,1887,0
mcs70_b06m_s15.A05,mcs70_b06m_s15.B05,dal_dal,11,22,2398,0.00053015,0,407,8.77E-05,1664,1664,0
mcs70_b06m_s15.A06,mcs70_b06m_s15.B06,dal_dal,10,20,7653,0.00142883,0,2968,0.000519343,5020,5020,0
mcs70_b06m_s15.A07,mcs70_b06m_s15.B07,dal_dal,11,21,4681,0.000825677,0,2381,0.000394427,3104,3104,0
mcs70_b06m_s15.A08,mcs70_b06m_s15.B08,dal_dal,10,18,10058,0.00159451,0,5830,0.00088674,6365,6365,0
mcs70_b06m_s15.A09,mcs70_b06m_s15.B09,dal_dal,11,16,6396,0.00114624,0,5657,0.000984913,4239,4239,0
mcs70_b06m_s20.A00,mcs70_b06m_s20.B00,dal_dal,14,31,51259,0.00831169,0,26018,0.00390749,33483,33483,0
mcs70_b06m_s20.A01,mcs70_b06m_s20.B01,dal_dal,14,28,52735,0.00927729,0,41883,0.00724323,35562,35562,0
mcs70_b06m_s20.A02,mcs70_b06m_s20.B02,dal_dal,14,27,82522,0.0138845,0,63420,0.0104172,52665,52665,0
mcs70_b06m_s20.A03,mcs70_b06m_s20.B03,dal_dal,14,32,76751,0.0128108,0,60435,0.00974283,48693,48693,0
mcs70_b06m_s20.A04,mcs70_b06m_s20.B04,dal_dal,14,31,81168,0.013547,0,64270,0.0103853,52274,52274,0
mcs70_b06m_s20.A05,mcs70_b06m_s20.B05,dal_dal,14,26,71982,0.0115333,0,60884,0.00961794,47578,47578,0
mcs70_b06m_s20.A06,mcs70_b06m_s20.B06,dal_dal,14,29,99818,0.0166587,0,72605,0.0115641,62550,62550,0
mcs70_b06m_s20.A07,mcs70_b06m_s20.B07,dal_dal,14,27,47865,0.00850392,0,20295,0.00336072,30865,30865,0
mcs70_b06m_s20.A08,mcs70_b06m_s20.B08,dal_dal,15,25,83643,0.0136144,0,79707,0.0128274,54453,54453,0
mcs70_b06m_s20.A09,mcs70_b06m_s20.B09,dal_dal,14,36,62874,0.010212,0,47805,0.00757222,41363,41363,0
mcs70_b06m_s25.A00,mcs70_b06m_s25.B00,dal_dal,17,33,379664,0.0659132,0,82544,0.0128624,244165,244165,0
mcs70_b06m_s25.A01,mcs70_b06m_s25.B01,dal_dal,17,23,659869,0.107403,0,472286,0.0752223,422602,422602,0
mcs70_b06m_s25.A02,mcs70_b06m_s25.B02,dal_dal,18,37,317791,0.0492988,0,240393,0.0355501,203746,203746,0
mcs70_b06m_s25.A03,mcs70_b06m_s25.B03,dal_dal,18,35,209825,0.0345251,0,108505,0.0159604,137303,137303,0
mcs70_b06m_s25.A04,mcs70_b06m_s25.B04,dal_dal,18,30,946253,0.150916,0,921343,0.146241,623541,623541,0
mcs70_b06m_s25.A05,mcs70_b06m_s25.B05,dal_dal,18,35,644560,0.105473,0,586872,0.0948601,413755,413755,0
mcs70_b06m_s25.A06,mcs70_b06m_s25.B06,dal_dal,17,32,376802,0.0655455,0,133332,0.0227369,243723,243723,0
mcs70_b06m_s25.A07,mcs70_b06m_s25.B07,dal_dal,18,35,722545,0.121919,0,654415,0.108307,478605,478605,0
mcs70_b06m_s25.A08,mcs70_b06m_s25.B08,dal_dal,17,30,728272,0.124646,0,544076,0.090417,467344,467344,0
mcs70_b06m_s25.A09,mcs70_b06m_s25.B09,dal_dal,18,32,754138,0.122801,0,720622,0.116512,500794,500794,0
mcs70_b06m_s30.A00,mcs70_b06m_s30.B00,dal_dal,23,46,6048900,0.923799,0,5978486,0.910776,4094009,4094009,0
mcs70_b06m_s30.A01,mcs70_b06m_s30.B01,dal_dal,21,45,9735521,1.55483,0,9130851,1.44582,6353558,6353558,0
mcs70_b06m_s30.A02,mcs70_b06m_s30.B02,dal_dal,21,49,12707128,1.94852,0,12287225,1.87434,8997215,8997215,0
mcs70_b06m_s30.A03,mcs70_b06m_s30.B03,dal_dal,21,43,10051365,1.61403,0,9446085,1.50269,6704322,6704322,0
mcs70_b06m_s30.A04,mcs70_b06m_s30.B04,dal_dal,21,48,9631026,1.54629,0,9185947,1.46393,6528755,6528755,0
mcs70_b06m_s30.A05,mcs70_b06m_s30.B05,dal_dal,22,37,4422643,0.731619,0,4271714,0.702438,3031391,3031391,0
mcs70_b06m_s30.A06,mcs70_b06m_s30.B06,dal_dal,21,47,1812400,0.340295,0,1396781,0.256416,1217604,1217604,0
mcs70_b06m_s30.A07,mcs70_b06m_s30.B07,dal_dal,21,49,3010704,0.569485,0,2264635,0.414958,2000266,2000266,0
mcs70_b06m_s30.A08,mcs70_b06m_s30.B08,dal_dal,21,45,8739143,1.46326,0,8057646,1.31787,6027639,6027639,0
mcs70_b06m_s30.A09,mcs70_b06m_s30.B09,dal_dal,22,51,1544111,0.255515,0,1258073,0.202441,1037847,1037847,0
mcs70_b06m_s35.A00,mcs70_b06m_s35.B00,dal_dal,26,54,87549880,13.3917,0,86422480,13.1775,59881218,59881218,0
mcs70_b06m_s35.A01,mcs70_b06m_s35.B01,dal_dal,24,56,126869608,20.605,0,118766807,19.069,83850096,83850096,0
mcs70_b06m_s35.A02,mcs70_b06m_s35.B02,dal_dal,24,47,371746934,58.0672,0,365127533,56.8825,250654797,250654797,0
mcs70_b06m_s35.A03,mcs70_b06m_s35.B03,dal_dal,25,57,16741388,2.81636,0,15088314,2.49042,11364974,11364974,0
mcs70_b06m_s35.A04,mcs70_b06m_s35.B04,dal_dal,24,53,33049431,5.47063,0,26447175,4.29702,22787326,22787326,0
mcs70_b06m_s35.A05,mcs70_b06m_s35.B05,dal_dal,25,57,185641625,31.8715,0,183975902,31.5402,124162076,124162076,0
mcs70_b06m_s35.A06,mcs70_b06m_s35.B06,dal_dal,25,58,54051646,9.22326,0,50978577,8.61692,35976721,35976721,0
mcs70_b06m_s35.A07,mcs70_b06m_s35.B07,dal_dal,25,53,96422183,16.1869,0,94011656,15.7285,64824677,64824677,0
mcs70_b06m_s35.A08,mcs70_b06m_s35.B08,dal_dal,25,48,77950135,12.8026,0,76693244,12.5671,52055376,52055376,0
mcs70_b06m_s35.A09,mcs70_b06m_s35.B09,dal_dal,24,47,169645717,26.8469,0,164424687,25.9027,115083359,115083359,0
mcs70_b06m_s40.A00,mcs70_b06m_s40.B00,dal_dal,29,67,1254999664,202.864,0,1251613338,202.198,861122320,861122320,0
mcs70_b06m_s40.A01,mcs70_b06m_s40.B01,dal_dal,28,51,811048844,134.238,0,722756386,117.61,552998157,552998157,0
mcs70_b06m_s40.A02,mcs70_b06m_s40.B02,dal_dal,30,76,76314328,13.2789,0,72694224,12.5723,52201307,52201307,0
mcs70_b06m_s40.A03,mcs70_b06m_s40.B03,dal_dal,29,65,759753880,118.666,0,748482737,116.563,522238127,522238127,0
mcs70_b06m_s40.A04,mcs70_b06m_s40.B04,dal_dal,28,66,154068294,25.8315,0,118989559,19.041,102888944,102888944,0
mcs70_b06m_s40.A05,mcs70_b06m_s40.B05,dal_dal,28,61,538927158,89.2159,0,519347271,85.6051,364931805,364931805,0
mcs70_b06m_s40.A06,mcs70_b06m_s40.B06,dal_dal,29,61,503233605,83.1254,0,498563750,82.2291,345164820,345164820,0
mcs70_b06m_s40.A07,mcs70_b06m_s40.B07,dal_dal,28,57,433583595,69.6721,0,414525215,66.1003,304673834,304673834,0
mcs70_b06m_s40.A08,mcs70_b06m_s40.B08,dal_dal,28,61,1491319349,240.918,0,1466830439,236.374,1025600145,1025600145,0
mcs70_b06m_s40.A09,mcs70_b06m_s40.B09,dal_dal,29,47,596619684,93.0928,0,590263358,91.8869,422990799,422990799,0
mcs70_b06m_s50.A00,mcs70_b06m_s50.B00,dal_dal,29,49,5904329293,1000.02,1,273129143,43.5203,4156111070,4156111070,0
mcs70_b06m_s50.A01,mcs70_b06m_s50.B01,dal_dal,29,66,5832091445,1000.02,1,1487269655,246.608,4091975291,4091975291,0
mcs70_b06m_s50.A02,mcs70_b06m_s50.B02,dal_dal,29,57,5602495585,1000.02,1,572319981,98.4153,3894543575,3894543575,0
mcs70_b06m_s50.A03,mcs70_b06m_s50.B03,dal_dal,29,38,6351086342,1000.01,1,82791460,11.7239,4413160745,4413160745,0
mcs70_b06m_s50.A04,mcs70_b06m_s50.B04,dal_dal,29,46,6290572668,1000.02,1,223840193,36.5096,4376648316,4376648316,0
mcs70_b06m_s50.A05,mcs70_b06m_s50.B05,dal_dal,30,43,6251651145,1000.02,1,4626996886,738.154,4435796969,4435796969,0
mcs70_b06m_s50.A06,mcs70_b06m_s50.B06,dal_dal,30,44,6047428348,1000.02,1,3298414043,544.35,4185747752,4185747752,0
mcs70_b06m_s50.A07,mcs70_b06m_s50.B07,dal_dal,29,51,6463819571,1000.01,1,5763810489,887.507,4415645593,4415645593,0
mcs70_b06m_s50.A08,mcs70_b06m_s50.B08,dal_dal,30,62,6289041615,1000.02,1,1793784706,273.538,4409468308,4409468308,0
mcs70_b06m_s50.A09,mcs70_b06m_s50.B09,dal_dal,29,54,6351622815,1000.02,1,1379173,0.210491,4495321583,4495321583,0
mcs70_b06m_s60.A00,mcs70_b06m_s60.B00,dal_dal,34,53,6487958456,1000.02,1,4146393996,624.66,4602403812,4602403812,0
mcs70_b06m_s60.A01,mcs70_b06m_s60.B01,dal_dal,33,56,6532833269,1000.01,1,474691404,67.8746,4492673204,4492673204,0
mcs70_b06m_s60.A02,mcs70_b06m_s60.B02,dal_dal,33,55,6596875655,1000.02,1,1040712332,151.368,4553516089,4553516089,0
mcs70_b06m_s60.A03,mcs70_b06m_s60.B03,dal_dal,34,63,6901245363,1000.02,1,5705542500,822.107,4875152266,4875152266,0
mcs70_b06m_s60.A04,mcs70_b06m_s60.B04,dal_dal,34,68,6527464977,1000.02,1,3680501414,562.573,4501420986,4501420986,0
mcs70_b06m_s60.A05,mcs70_b06m_s60.B05,dal_dal,35,54,6140904982,1000.02,1,2865287882,463.443,4274452872,4274452872,0
mcs70_b06m_s60.A06,mcs70_b06m_s60.B06,dal_dal,35,60,6383643075,1000.01,1,1881411988,282.928,4548379823,4548379823,0
mcs70_b06m_s60.A07,mcs70_b06m_s60.B07,dal_dal,33,46,6566962032,1000.02,1,213131580,30.4593,4541617386,4541617386,0
mcs70_b06m_s60.A08,mcs70_b06m_s60.B08,dal_dal,34,58,6411187852,1000.01,1,121534845,18.0514,4409816629,4409816629,0
mcs70_b06m_s60.A09,mcs70_b06m_s60.B09,dal_dal,35,54,6392792016,1000.02,1,1155171777,170.262,4360619866,4360619866,0
mcs70_b06m_s70.A00,mcs70_b06m_s70.B00,dal_dal,39,67,6340791333,1000.02,1,238286321,34.1178,4387053012,4387053012,0
mcs70_b06m_s70.A01,mcs70_b06m_s70.B01,dal_dal,39,75,6509024773,1000.02,1,3160286588,472.686,4475199556,4475199556,0
mcs70_b06m_s70.A02,mcs70_b06m_s70.B02,dal_dal,41,71,6299886739,1000.02,1,33772211,4.82639,4381287985,4381287985,0
mcs70_b06m_s70.A03,mcs70_b06m_s70.B03,dal_dal,38,60,6251362062,1000.02,1,883262962,138.488,4282350517,4282350517,0
mcs70_b06m_s70.A04,mcs70_b06m_s70.B04,dal_dal,39,70,6519540334,1000.02,1,1099360775,160.299,4684641278,4684641278,0
mcs70_b06m_s70.A05,mcs70_b06m_s70.B05,dal_dal,37,65,7072940547,1000.03,1,6112026360,861.468,4941970612,4941970612,0
mcs70_b06m_s70.A06,mcs70_b06m_s70.B06,dal_dal,39,65,6812461993,1000.01,1,171964634,24.1553,4843397629,4843397629,0
mcs70_b06m_s70.A07,mcs70_b06m_s70.B07,dal_dal,39,72,6206632570,1000.02,1,3264120784,513.842,4491513279,4491513279,0
mcs70_b06m_s70.A08,mcs70_b06m_s70.B08,dal_dal,38,69,5962386588,1000.01,1,3346090154,552.62,3933067469,3933067469,0
mcs70_b06m_s70.A09,mcs70_b06m_s70.B09,dal_dal,39,69,6628288919,1000.01,1,25507882,3.51853,4400450014,4400450014,0
mcs70_b06m_s80.A00,mcs70_b06m_s80.B00,dal_dal,46,79,6083756609,1000.02,1,2483550403,400.43,4565070466,4565070466,0
mcs70_b06m_s80.A01,mcs70_b06m_s80.B01,dal_dal,45,78,6444676200,1000.02,1,591865876,83.1102,4486792292,4486792292,0
mcs70_b06m_s80.A02,mcs70_b06m_s80.B02,dal_dal,44,66,6709118100,1000.02,1,995992619,144.2,4780779114,4780779114,0
mcs70_b06m_s80.A03,mcs70_b06m_s80.B03,dal_dal,43,72,6681632119,1000.02,1,2558340023,376.155,4833000668,4833000668,0
mcs70_b06m_s80.A04,mcs70_b06m_s80.B04,dal_dal,45,82,6329535175,1000.02,1,626874801,89.5084,4495635591,4495635591,0
mcs70_b06m_s80.A05,mcs70_b06m_s80.B05,dal_dal,44,76,6574818438,1000.02,1,2861691305,420.662,4548083687,4548083687,0
mcs70_b06m_s80.A06,mcs70_b06m_s80.B06,dal_dal,42,79,6946311213,1000.02,1,198112420,26.8253,5122353200,5122353200,0
mcs70_b06m_s80.A07,mcs70_b06m_s80.B07,dal_dal,42,78,6776628820,1000.02,1,14709822,2.0988,4580831230,4580831230,0
mcs70_b06m_s80.A08,mcs70_b06m_s80.B08,dal_dal,44,77,6758392423,1000.01,1,579228516,70.9316,4872568121,4872568121,0
mcs70_b06m_s80.A09,mcs70_b06m_s80.B09,dal_dal,43,82,6785557726,1000.02,1,154705160,22.1153,4945007107,4945007107,0
mcs70_b06m_s90.A00,mcs70_b06m_s90.B00,dal_dal,50,85,6309331129,1000.01,1,1878557087,284.709,4152185849,4152185849,0
mcs70_b06m_s90.A01,mcs70_b06m_s90.B01,dal_dal,49,84,6728507907,1000.02,1,147127258,19.4392,4796272496,4796272496,0
mcs70_b06m_s90.A02,mcs70_b06m_s90.B02,dal_dal,49,84,6363451940,1000.02,1,3051490194,449.879,4256216109,4256216109,0
mcs70_b06m_s90.A03,mcs70_b06m_s90.B03,dal_dal,49,82,6133741712,1000.01,1,440166460,66.7456,4050069710,4050069710,0
mcs70_b06m_s90.A04,mcs70_b06m_s90.B04,dal_dal,49,78,6218924182,1000.01,1,466577773,72.5361,4298986846,4298986846,0
mcs70_b06m_s90.A05,mcs70_b06m_s90.B05,dal_dal,48,78,6532932260,1000.02,1,2080193243,298.07,4596158429,4596158429,0
mcs70_b06m_s90.A06,mcs70_b06m_s90.B06,dal_dal,46,69,7159564618,1000.02,1,4752456189,647.27,5221181171,5221181171,0
mcs70_b06m_s90.A07,mcs70_b06m_s90.B07,dal_dal,49,85,6404065331,1000.02,1,948055663,142.388,4711509080,4711509080,0
mcs70_b06m_s90.A08,mcs70_b06m_s90.B08,dal_dal,48,81,7024391500,1000.02,1,3094558642,422.09,4638237221,4638237221,0
mcs70_b06m_s90.A09,mcs70_b06m_s90.B09,dal_dal,45,73,7082812683,1000.01,1,2702393498,360.014,5139347591,5139347591,0
mcs70_b09_s100.A00,mcs70_b09_s100.B00,dal_dal,61,169,4132914446,1000.02,1,398450411,90.9111,2554804068,2554804068,0
mcs70_b09_s100.A01,mcs70_b09_s100.B01,dal_dal,42,70,5904364825,1000.02,1,108001448,13.849,3885473754,3885473754,0
mcs70_b09_s100.A02,mcs70_b09_s100.B02,dal_dal,46,90,5934574925,1000.02,1,1049303209,162.196,4232162305,4232162305,0
mcs70_b09_s100.A03,mcs70_b09_s100.B03,dal_dal,45,97,6477933110,1000.02,1,1657520901,249.005,4664475921,4664475921,0
mcs70_b09_s100.A04,mcs70_b09_s100.B04,dal_dal,56,161,4647713647,1000.02,1,1338938597,267.217,3114774177,3114774177,0
mcs70_b09_s100.A05,mcs70_b09_s100.B05,dal_dal,64,202,3624314123,1000.02,1,688130329,180.573,2058984428,2058984428,0
mcs70_b09_s100.A06,mcs70_b09_s100.B06,dal_dal,48,119,4640719198,1000.01,1,886429531,174.021,3150154742,3150154742,0
mcs70_b09_s100.A07,mcs70_b09_s100.B07,dal_dal,44,90,6390953067,1000.01,1,9093494,1.30291,4433461291,4433461291,0
mcs70_b09_s100.A08,mcs70_b09_s100.B08,dal_dal,42,80,6397430868,1000.01,1,240036694,36.846,4492272342,4492272342,0
mcs70_b09_s100.A09,mcs70_b09_s100.B09,dal_dal,44,102,6270168813,1000.01,1,2621592387,411.838,4391064380,4391064380,0
mcs70_b09_s15.A00,mcs70_b09_s15.B00,dal_dal,12,41,910,0.000179779,0,380,6.74E-05,624,624,0
mcs70_b09_s15.A01,mcs70_b09_s15.B01,dal_dal,11,33,1313,0.000212118,0,163,2.95E-05,902,902,0
mcs70_b09_s15.A02,mcs70_b09_s15.B02,dal_dal,12,41,418,0.000104827,0,89,2.17E-05,311,311,0
mcs70_b09_s15.A03,mcs70_b09_s15.B03,dal_dal,11,35,2119,0.000335063,0,195,3.74E-05,1459,1459,0
mcs70_b09_s15.A04,mcs70_b09_s15.B04,dal_dal,12,39,769,0.000160862,0,419,7.60E-05,546,546,0
mcs70_b09_s15.A05,mcs70_b09_s15.B05,dal_dal,12,46,1381,0.000227723,0,1084,0.000155634,909,909,0
mcs70_b09_s15.A06,mcs70_b09_s15.B06,dal_dal,12,42,570,0.00013962,0,191,4.24E-05,402,402,0
mcs70_b09_s15.A07,mcs70_b09_s15.B07,dal_dal,12,41,427,0.000107331,0,52,1.46E-05,301,301,0
mcs70_b09_s15.A08,mcs70_b09_s15.B08,dal_dal,12,41,671,0.000134482,0,226,4.25E-05,449,449,0
mcs70_b09_s15.A09,mcs70_b09_s15.B09,dal_dal,12,37,722,0.000150366,0,182,3.55E-05,502,502,0
mcs70_b09_s20.A00,mcs70_b09_s20.B00,dal_dal,15,49,16779,0.00359827,0,4117,0.000825568,11359,11359,0
mcs70_b09_s20.A01,mcs70_b09_s20.B01,dal_dal,14,42,27859,0.00595468,0,1621,0.000321393,18695,18695,0
mcs70_b09_s20.A02,mcs70_b09_s20.B02,dal_dal,14,44,51018,0.0103181,0,38040,0.00761632,33831,33831,0
mcs70_b09_s20.A03,mcs70_b09_s20.B03,dal_dal,14,44,15293,0.00325078,0,989,0.000208494,10359,10359,0
mcs70_b09_s20.A04,mcs70_b09_s20.B04,dal_dal,14,41,11963,0.00495329,0,4222,0.00163358,8342,8342,0
mcs70_b09_s20.A05,mcs70_b09_s20.B05,dal_dal,14,45,36611,0.00739798,0,3751,0.000598883,24573,24573,0
mcs70_b09_s20.A06,mcs70_b09_s20.B06,dal_dal,14,42,34097,0.00830367,0,19856,0.00454251,22592,22592,0
mcs70_b09_s20.A07,mcs70_b09_s20.B07,dal_dal,15,43,47683,0.0116263,0,44268,0.01068,31471,31471,0
mcs70_b09_s20.A08,mcs70_b09_s20.B08,dal_dal,15,52,11077,0.00302442,0,5446,0.00150927,7587,7587,0
mcs70_b09_s20.A09,mcs70_b09_s20.B09,dal_dal,15,43,16109,0.00343646,0,12433,0.00257788,10656,10656,0
mcs70_b09_s25.A00,mcs70_b09_s25.B00,dal_dal,17,57,303603,0.0676468,0,242144,0.0528217,209562,209562,0
mcs70_b09_s25.A01,mcs70_b09_s25.B01,dal_dal,17,51,281016,0.0602045,0,125077,0.0241401,189786,189786,0
mcs70_b09_s25.A02,mcs70_b09_s25.B02,dal_dal,17,40,863471,0.167665,0,790003,0.150387,555907,555907,0
mcs70_b09_s25.A03,mcs70_b09_s25.B03,dal_dal,16,46,493728,0.113048,0,13705,0.00274582,317043,317043,0
mcs70_b09_s25.A04,mcs70_b09_s25.B04,dal_dal,18,68,178774,0.0395153,0,85467,0.017809,115844,115844,0
mcs70_b09_s25.A05,mcs70_b09_s25.B05,dal_dal,17,53,232579,0.0549121,0,10409,0.00204837,153577,153577,0
mcs70_b09_s25.A06,mcs70_b09_s25.B06,dal_dal,17,54,337063,0.0754383,0,150518,0.0307617,218544,218544,0
mcs70_b09_s25.A07,mcs70_b09_s25.B07,dal_dal,17,40,571956,0.122958,0,506331,0.107447,374554,374554,0
mcs70_b09_s25.A08,mcs70_b09_s25.B08,dal_dal,16,40,668643,0.139201,0,469349,0.0932905,442437,442437,0
mcs70_b09_s25.A09,mcs70_b09_s25.B09,dal_dal,17,54,179924,0.0426231,0,4215,0.00101438,119960,119960,0
mcs70_b09_s30.A00,mcs70_b09_s30.B00,dal_dal,21,65,475285,0.118256,0,27422,0.00657041,317036,317036,0
mcs70_b09_s30.A01,mcs70_b09_s30.B01,dal_dal,20,56,2086195,0.47688,0,1283125,0.282267,1382076,1382076,0
mcs70_b09_s30.A02,mcs70_b09_s30.B02,dal_dal,20,63,5552292,1.10745,0,3825634,0.701417,3539029,3539029,0
mcs70_b09_s30.A03,mcs70_b09_s30.B03,dal_dal,22,74,1469232,0.322381,0,1324895,0.285883,978989,978989,0
mcs70_b09_s30.A04,mcs70_b09_s30.B04,dal_dal,21,72,577471,0.139637,0,114677,0.0248761,376273,376273,0
mcs70_b09_s30.A05,mcs70_b09_s30.B05,dal_dal,21,65,868085,0.211458,0,246336,0.0587465,554723,554723,0
mcs70_b09_s30.A06,mcs70_b09_s30.B06,dal_dal,21,65,554818,0.135191,0,185509,0.0436984,365224,365224,0
mcs70_b09_s30.A07,mcs70_b09_s30.B07,dal_dal,20,64,1595012,0.365687,0,258669,0.0481456,1007983,1007983,0
mcs70_b09_s30.A08,mcs70_b09_s30.B08,dal_dal,21,68,665808,0.158964,0,103873,0.0229049,424369,424369,0
mcs70_b09_s30.A09,mcs70_b09_s30.B09,dal_dal,21,75,713628,0.343379,0,252332,0.113091,460679,460679,0
mcs70_b09_s35.A00,mcs70_b09_s35.B00,dal_dal,25,76,2445371,0.59942,0,748552,0.1733,1533066,1533066,0
mcs70_b09_s35.A01,mcs70_b09_s35.B01,dal_dal,24,81,3949290,0.977997,0,132419,0.0277619,2488771,2488771,0
mcs70_b09_s35.A02,mcs70_b09_s35.B02,dal_dal,25,78,1925506,0.47744,0,59085,0.013529,1216905,1216905,0
mcs70_b09_s35.A03,mcs70_b09_s35.B03,dal_dal,25,80,2424086,0.574448,0,1102236,0.238617,1534132,1534132,0
mcs70_b09_s35.A04,mcs70_b09_s35.B04,dal_dal,25,94,3056577,0.706224,0,2144757,0.476435,1918497,1918497,0
mcs70_b09_s35.A05,mcs70_b09_s35.B05,dal_dal,24,77,3352207,0.829958,0,14462,0.00306939,2153432,2153432,0
mcs70_b09_s35.A06,mcs70_b09_s35.B06,dal_dal,25,79,2310034,0.574554,0,439312,0.104248,1433646,1433646,0
mcs70_b09_s35.A07,mcs70_b09_s35.B07,dal_dal,25,80,4438394,0.945675,0,3151417,0.61858,2868137,2868137,0
mcs70_b09_s35.A08,mcs70_b09_s35.B08,dal_dal,24,67,3424707,0.825372,0,208144,0.0398862,2174411,2174411,0
mcs70_b09_s35.A09,mcs70_b09_s35.B09,dal_dal,25,86,6278787,1.35079,0,4939722,1.01183,4042199,4042199,0
mcs70_b09_s40.A00,mcs70_b09_s40.B00,dal_dal,29,103,12611517,2.76829,0,7587217,1.47754,7951479,7951479,0
mcs70_b09_s40.A01,mcs70_b09_s40.B01,dal_dal,29,96,6285324,1.59233,0,2214021,0.550079,3900788,3900788,0
mcs70_b09_s40.A02,mcs70_b09_s40.B02,dal_dal,29,97,6468188,1.64387,0,836219,0.210229,4024443,4024443,0
mcs70_b09_s40.A03,mcs70_b09_s40.B03,dal_dal,29,97,34098216,8.55973,0,30809805,7.68467,22445778,22445778,0
mcs70_b09_s40.A04,mcs70_b09_s40.B04,dal_dal,29,101,11419369,3.04762,0,6898789,1.63607,7277233,7277233,0
mcs70_b09_s40.A05,mcs70_b09_s40.B05,dal_dal,29,84,4549374,1.36648,0,1340477,0.373459,2909856,2909856,0
mcs70_b09_s40.A06,mcs70_b09_s40.B06,dal_dal,29,93,7585536,2.23313,0,3787144,1.05909,4755075,4755075,0
mcs70_b09_s40.A07,mcs70_b09_s40.B07,dal_dal,29,101,8599204,1.99953,0,4207067,0.883435,5456551,5456551,0
mcs70_b09_s40.A08,mcs70_b09_s40.B08,dal_dal,29,87,56473216,11.9236,0,54143991,11.3243,36970864,36970864,0
mcs70_b09_s40.A09,mcs70_b09_s40.B09,dal_dal,29,92,35205974,7.31495,0,29857107,5.9748,22692463,22692463,0
mcs70_b09_s50.A00,mcs70_b09_s50.B00,dal_dal,35,112,2884657445,580.412,0,2679981113,528.701,1920904146,1920904146,0
mcs70_b09_s50.A01,mcs70_b09_s50.B01,dal_dal,35,105,289424515,71.1012,0,88644936,20.3587,185212264,185212264,0
mcs70_b09_s50.A02,mcs70_b09_s50.B02,dal_dal,35,105,2525245936,547.528,0,2342040695,501.422,1676499416,1676499416,0
mcs70_b09_s50.A03,mcs70_b09_s50.B03,dal_dal,35,124,238727813,56.5789,0,62197140,12.1114,153932323,153932323,0
mcs70_b09_s50.A04,mcs70_b09_s50.B04,dal_dal,35,102,4360819511,903.636,0,4206957275,864.756,2886715746,2886715746,0
mcs70_b09_s50.A05,mcs70_b09_s50.B05,dal_dal,35,114,435485907,99.9885,0,304462082,66.8335,278679388,278679388,0
mcs70_b09_s50.A06,mcs70_b09_s50.B06,dal_dal,35,101,2816727165,580.575,0,2704981992,551.873,1866932937,1866932937,0
mcs70_b09_s50.A07,mcs70_b09_s50.B07,dal_dal,35,103,212442873,52.6442,0,36815258,8.57089,135625939,135625939,0
mcs70_b09_s50.A08,mcs70_b09_s50.B08,dal_dal,35,118,242902418,124.572,0,47141918,23.8377,153513453,153513453,0
mcs70_b09_s50.A09,mcs70_b09_s50.B09,dal_dal,36,117,175934724,43.6569,0,84057605,20.3892,110824966,110824966,0
mcs70_b09_s60.A00,mcs70_b09_s60.B00,dal_dal,32,81,5313309468,1000.01,1,4653294004,860.83,3570359103,3570359103,0
mcs70_b09_s60.A01,mcs70_b09_s60.B01,dal_dal,44,150,3068765492,654.826,0,2427875444,489.557,2035448479,2035448479,0
mcs70_b09_s60.A02,mcs70_b09_s60.B02,dal_dal,36,84,4837331470,1000.01,1,2608114617,496.757,3282592846,3282592846,0
mcs70_b09_s60.A03,mcs70_b09_s60.B03,dal_dal,44,146,1043269968,295.958,0,1535755,0.389509,660369365,660369365,0
mcs70_b09_s60.A04,mcs70_b09_s60.B04,dal_dal,29,56,4443214002,1000.02,1,691243645,151.751,2991238880,2991238880,0
mcs70_b09_s60.A05,mcs70_b09_s60.B05,dal_dal,28,56,4766345941,1000.01,1,2004433549,412.426,3242051570,3242051570,0
mcs70_b09_s60.A06,mcs70_b09_s60.B06,dal_dal,29,64,4599996536,1000.01,1,21387595,4.42647,3099344143,3099344143,0
mcs70_b09_s60.A07,mcs70_b09_s60.B07,dal_dal,29,68,5609747111,1000.02,1,1206654679,208.231,3768356543,3768356543,0
mcs70_b09_s60.A08,mcs70_b09_s60.B08,dal_dal,32,72,4094956100,1000.01,1,2306428436,558.277,2747368724,2747368724,0
mcs70_b09_s60.A09,mcs70_b09_s60.B09,dal_dal,43,145,1476584537,377.722,0,363893962,88.1687,967226159,967226159,0
mcs70_b09_s70.A00,mcs70_b09_s70.B00,dal_dal,35,92,5403598872,1000.01,1,4684878747,859.282,3593708736,3593708736,0
mcs70_b09_s70.A01,mcs70_b09_s70.B01,dal_dal,36,90,5355928432,1000.02,1,1138848294,198.716,3678166655,3678166655,0
mcs70_b09_s70.A02,mcs70_b09_s70.B02,dal_dal,48,145,3947936567,1000.02,1,292247807,71.8563,2617614056,2617614056,0
mcs70_b09_s70.A03,mcs70_b09_s70.B03,dal_dal,33,73,5345565294,1000.02,1,8005132,1.51793,3632941263,3632941263,0
mcs70_b09_s70.A04,mcs70_b09_s70.B04,dal_dal,33,75,5629454761,1000.02,1,2216585803,382.77,3866285489,3866285489,0
mcs70_b09_s70.A05,mcs70_b09_s70.B05,dal_dal,44,132,4424183887,1000.02,1,1992094540,426.105,2995716496,2995716496,0
mcs70_b09_s70.A06,mcs70_b09_s70.B06,dal_dal,39,86,4696369448,1000.01,1,11842815,2.18943,3204036240,3204036240,0
mcs70_b09_s70.A07,mcs70_b09_s70.B07,dal_dal,36,89,4962123706,1000.02,1,792745083,154.378,3381155926,3381155926,0
mcs70_b09_s70.A08,mcs70_b09_s70.B08,dal_dal,33,68,5742671386,1000.01,1,5420642810,945.155,3872485361,3872485361,0
mcs70_b09_s70.A09,mcs70_b09_s70.B09,dal_dal,34,72,5284979588,1000.02,1,1957545976,349.082,3631077074,3631077074,0
mcs70_b09_s80.A00,mcs70_b09_s80.B00,dal_dal,36,78,6273667991,1000.01,1,128138181,19.1438,4377997339,4377997339,0
mcs70_b09_s80.A01,mcs70_b09_s80.B01,dal_dal,36,82,5908850107,1000.02,1,3662760750,615.555,3982435381,3982435381,0
mcs70_b09_s80.A02,mcs70_b09_s80.B02,dal_dal,37,71,5664524554,1000.02,1,4424410754,769.157,3896683251,3896683251,0
mcs70_b09_s80.A03,mcs70_b09_s80.B03,dal_dal,37,88,5839891540,1000.02,1,5819770416,996.306,4028277590,4028277590,0
mcs70_b09_s80.A04,mcs70_b09_s80.B04,dal_dal,37,77,5592630299,1000.02,1,1249871230,209.672,3707875261,3707875261,0
mcs70_b09_s80.A05,mcs70_b09_s80.B05,dal_dal,36,77,5459150621,1000.01,1,18203492,3.07146,3709075063,3709075063,0
mcs70_b09_s80.A06,mcs70_b09_s80.B06,dal_dal,37,88,5662728766,1000.01,1,2346183928,406.337,4058300320,4058300320,0
mcs70_b09_s80.A07,mcs70_b09_s80.B07,dal_dal,36,89,5815281789,1000.02,1,5333966505,913.255,4048466725,4048466725,0
mcs70_b09_s80.A08,mcs70_b09_s80.B08,dal_dal,40,84,2508706937,1000.02,1,350116135,128.192,1679351401,1679351401,0
mcs70_b09_s80.A09,mcs70_b09_s80.B09,dal_dal,44,115,5077104353,1000.02,1,5053803806,995.019,3557327898,3557327898,0
mcs70_b09_s90.A00,mcs70_b09_s90.B00,dal_dal,48,105,4621002042,1000.01,1,1887083,0.399515,3077063716,3077063716,0
mcs70_b09_s90.A01,mcs70_b09_s90.B01,dal_dal,40,80,5830174587,1000.01,1,167312308,26.9155,4012711378,4012711378,0
mcs70_b09_s90.A02,mcs70_b09_s90.B02,dal_dal,56,157,4058298191,1000.01,1,1651853056,406.078,2438341090,2438341090,0
mcs70_b09_s90.A03,mcs70_b09_s90.B03,dal_dal,39,80,5710784975,1000.02,1,167016626,27.538,3845132378,3845132378,0
mcs70_b09_s90.A04,mcs70_b09_s90.B04,dal_dal,42,98,5486087440,1000.01,1,1403952081,240.296,3718331257,3718331257,0
mcs70_b09_s90.A05,mcs70_b09_s90.B05,dal_dal,41,89,5912121927,1000.02,1,293816693,47.5854,3879779358,3879779358,0
mcs70_b09_s90.A06,mcs70_b09_s90.B06,dal_dal,52,142,4394406153,1000.01,1,11769148,2.40751,2720047486,2720047486,0
mcs70_b09_s90.A07,mcs70_b09_s90.B07,dal_dal,39,81,6120774524,1000.01,1,337165112,50.3469,4275749938,4275749938,0
mcs70_b09_s90.A08,mcs70_b09_s90.B08,dal_dal,41,98,5894366092,1000.01,1,10212466,1.28818,3938952408,3938952408,0
mcs70_b09_s90.A09,mcs70_b09_s90.B09,dal_dal,40,86,5920244964,1000.02,1,357790039,52.878,4187427974,4187427974,0
mcs70_b09m_s100.A00,mcs70_b09m_s100.B00,dal_dal,43,74,2758158641,1000.02,1,734201935,250.894,1732058461,1732058461,0
mcs70_b09m_s100.A01,mcs70_b09m_s100.B01,dal_dal,46,96,5535581039,1000.02,1,434704198,76.7009,3533526179,3533526179,0
mcs70_b09m_s100.A02,mcs70_b09m_s100.B02,dal_dal,42,80,5903713010,1000.02,1,42391716,6.95746,3895033229,3895033229,0
mcs70_b09m_s100.A03,mcs70_b09m_s100.B03,dal_dal,42,74,5930618334,1000.02,1,128757412,19.8076,3877748246,3877748246,0
mcs70_b09m_s100.A04,mcs70_b09m_s100.B04,dal_dal,44,89,5955855491,1000.02,1,3614309515,601.939,3774568288,3774568288,0
mcs70_b09m_s100.A05,mcs70_b09m_s100.B05,dal_dal,44,102,5642361317,1000.01,1,1839180022,317.798,3609527639,3609527639,0
mcs70_b09m_s100.A06,mcs70_b09m_s100.B06,dal_dal,45,89,5698208140,1000.01,1,3525735477,617.306,3715599063,3715599063,0
mcs70_b09m_s100.A07,mcs70_b09m_s100.B07,dal_dal,43,69,6225733908,1000.01,1,3436725293,540.253,4234213892,4234213892,0
mcs70_b09m_s100.A08,mcs70_b09m_s100.B08,dal_dal,45,93,5790886914,1000.01,1,16342821,2.52066,3806651624,3806651624,0
mcs70_b09m_s100.A09,mcs70_b09m_s100.B09,dal_dal,44,81,4791299918,1000.01,1,1106868910,215.297,3056116542,3056116542,0
mcs70_b09m_s15.A00,mcs70_b09m_s15.B00,dal_dal,10,23,2830,0.000521326,0,388,7.62E-05,1936,1936,0
mcs70_b09m_s15.A01,mcs70_b09m_s15.B01,dal_dal,10,23,3171,0.000563589,0,432,8.22E-05,2232,2232,0
mcs70_b09m_s15.A02,mcs70_b09m_s15.B02,dal_dal,10,25,5055,0.000882556,0,1928,0.000302609,3340,3340,0
mcs70_b09m_s15.A03,mcs70_b09m_s15.B03,dal_dal,11,37,2836,0.00059014,0,1797,0.000348366,1924,1924,0
mcs70_b09m_s15.A04,mcs70_b09m_s15.B04,dal_dal,11,31,2766,0.000482207,0,1729,0.000276998,1893,1893,0
mcs70_b09m_s15.A05,mcs70_b09m_s15.B05,dal_dal,10,26,4365,0.000787362,0,121,3.08E-05,3003,3003,0
mcs70_b09m_s15.A06,mcs70_b09m_s15.B06,dal_dal,10,27,5024,0.000862872,0,911,0.000138819,3377,3377,0
mcs70_b09m_s15.A07,mcs70_b09m_s15.B07,dal_dal,10,28,6043,0.00105933,0,512,8.61E-05,4028,4028,0
mcs70_b09m_s15.A08,mcs70_b09m_s15.B08,dal_dal,11,27,4367,0.000762774,0,4128,0.000682213,2962,2962,0
mcs70_b09m_s15.A09,mcs70_b09m_s15.B09,dal_dal,10,29,4447,0.00076899,0,122,2.89E-05,3132,3132,0
mcs70_b09m_s20.A00,mcs70_b09m_s20.B00,dal_dal,15,45,53620,0.0101291,0,46372,0.00852988,34040,34040,0
mcs70_b09m_s20.A01,mcs70_b09m_s20.B01,dal_dal,14,33,96864,0.020948,0,78898,0.0166463,61402,61402,0
mcs70_b09m_s20.A02,mcs70_b09m_s20.B02,dal_dal,14,41,27978,0.0055662,0,17523,0.00333782,18392,18392,0
mcs70_b09m_s20.A03,mcs70_b09m_s20.B03,dal_dal,14,37,48259,0.0090386,0,46642,0.00867172,32362,32362,0
mcs70_b09m_s20.A04,mcs70_b09m_s20.B04,dal_dal,14,44,46037,0.00918647,0,30136,0.00572525,29908,29908,0
mcs70_b09m_s20.A05,mcs70_b09m_s20.B05,dal_dal,14,45,89422,0.0169741,0,73425,0.0134865,56669,56669,0
mcs70_b09m_s20.A06,mcs70_b09m_s20.B06,dal_dal,14,45,24856,0.00528582,0,4978,0.000913238,17301,17301,0
mcs70_b09m_s20.A07,mcs70_b09m_s20.B07,dal_dal,14,39,32287,0.00698685,0,17146,0.00328016,21329,21329,0
mcs70_b09m_s20.A08,mcs70_b09m_s20.B08,dal_dal,14,36,35537,0.00686379,0,26244,0.00482836,23066,23066,0
mcs70_b09m_s20.A09,mcs70_b09m_s20.B09,dal_dal,14,44,66054,0.0122881,0,49868,0.00881004,43024,43024,0
mcs70_b09m_s25.A00,mcs70_b09m_s25.B00,dal_dal,16,39,1359731,0.262963,0,1209554,0.229542,878160,878160,0
mcs70_b09m_s25.A01,mcs70_b09m_s25.B01,dal_dal,17,57,573843,0.112982,0,436985,0.081028,361413,361413,0
mcs70_b09m_s25.A02,mcs70_b09m_s25.B02,dal_dal,17,53,559010,0.11658,0,449841,0.0906834,360161,360161,0
mcs70_b09m_s25.A03,mcs70_b09m_s25.B03,dal_dal,16,43,450697,0.0934316,0,312446,0.0620366,306470,306470,0
mcs70_b09m_s25.A04,mcs70_b09m_s25.B04,dal_dal,16,42,1368659,0.26141,0,1137615,0.211664,854694,854694,0
mcs70_b09m_s25.A05,mcs70_b09m_s25.B05,dal_dal,16,41,1104308,0.22343,0,864753,0.168779,696320,696320,0
mcs70_b09m_s25.A06,mcs70_b09m_s25.B06,dal_dal,16,37,344201,0.0754805,0,14526,0.00264128,233355,233355,0
mcs70_b09m_s25.A07,mcs70_b09m_s25.B07,dal_dal,16,44,564744,0.119877,0,257732,0.04989,366765,366765,0
mcs70_b09m_s25.A08,mcs70_b09m_s25.B08,dal_dal,17,53,541143,0.104521,0,440935,0.0812407,349438,349438,0
mcs70_b09m_s25.A09,mcs70_b09m_s25.B09,dal_dal,16,45,1034152,0.203149,0,778097,0.147243,659663,659663,0
mcs70_b09m_s30.A00,mcs70_b09m_s30.B00,dal_dal,21,70,1487606,0.361142,0,1038760,0.228467,974196,974196,0
mcs70_b09m_s30.A01,mcs70_b09m_s30.B01,dal_dal,20,51,1079020,0.295759,0,120230,0.0258218,720317,720317,0
mcs70_b09m_s30.A02,mcs70_b09m_s30.B02,dal_dal,21,58,8315458,1.72371,0,7982305,1.63329,5250234,5250234,0
mcs70_b09m_s30.A03,mcs70_b09m_s30.B03,dal_dal,21,66,1108967,0.249891,0,789765,0.17191,723959,723959,0
mcs70_b09m_s30.A04,mcs70_b09m_s30.B04,dal_dal,21,64,5939249,1.21198,0,5663629,1.14573,3733019,3733019,0
mcs70_b09m_s30.A05,mcs70_b09m_s30.B05,dal_dal,20,70,8391554,1.65691,0,7565494,1.45791,5225877,5225877,0
mcs70_b09m_s30.A06,mcs70_b09m_s30.B06,dal_dal,20,56,9426536,1.86216,0,8866111,1.72807,6168163,6168163,0
mcs70_b09m_s30.A07,mcs70_b09m_s30.B07,dal_dal,20,58,5524085,1.07757,0,5109672,0.983104,3653759,3653759,0
mcs70_b09m_s30.A08,mcs70_b09m_s30.B08,dal_dal,20,62,6547049,1.31343,0,6065393,1.19492,4079045,4079045,0
mcs70_b09m_s30.A09,mcs70_b09m_s30.B09,dal_dal,20,64,8193222,1.67866,0,7493300,1.51052,5128735,5128735,0
mcs70_b09m_s35.A00,mcs70_b09m_s35.B00,dal_dal,24,78,75659860,14.1685,0,74557111,13.8977,47990670,47990670,0
mcs70_b09m_s35.A01,mcs70_b09m_s35.B01,dal_dal,24,75,42330185,8.38229,0,39823591,7.77262,26785528,26785528,0
mcs70_b09m_s35.A02,mcs70_b09m_s35.B02,dal_dal,24,74,60172859,11.8213,0,58416480,11.3891,38290923,38290923,0
mcs70_b09m_s35.A03,mcs70_b09m_s35.B03,dal_dal,24,78,80440565,15.6556,0,78778131,15.2488,51035321,51035321,0
mcs70_b09m_s35.A04,mcs70_b09m_s35.B04,dal_dal,24,70,101613727,19.4355,0,99184988,18.8338,63661353,63661353,0
mcs70_b09m_s35.A05,mcs70_b09m_s35.B05,dal_dal,24,85,75889275,14.6191,0,74119055,14.1774,47741687,47741687,0
mcs70_b09m_s35.A06,mcs70_b09m_s35.B06,dal_dal,24,70,23219058,4.6308,0,20684175,4.00462,14780754,14780754,0
mcs70_b09m_s35.A07,mcs70_b09m_s35.B07,dal_dal,24,74,28003859,6.06956,0,26067977,5.58764,18212966,18212966,0
mcs70_b09m_s35.A08,mcs70_b09m_s35.B08,dal_dal,24,89,123084510,29.2937,0,121746913,28.9233,78962418,78962418,0
mcs70_b09m_s35.A09,mcs70_b09m_s35.B09,dal_dal,24,71,113652805,22.7201,0,112194408,22.364,73747275,73747275,0
mcs70_b09m_s40.A00,mcs70_b09m_s40.B00,dal_dal,28,91,612539289,139.495,0,609613825,138.679,398589277,398589277,0
mcs70_b09m_s40.A01,mcs70_b09m_s40.B01,dal_dal,28,74,1388537484,273.233,0,1383815678,272.032,892822450,892822450,0
mcs70_b09m_s40.A02,mcs70_b09m_s40.B02,dal_dal,28,82,232973203,94.706,0,226018816,91.1967,151788528,151788528,0
mcs70_b09m_s40.A03,mcs70_b09m_s40.B03,dal_dal,28,78,11406256,2.45801,0,6569660,1.27333,7468011,7468011,0
mcs70_b09m_s40.A04,mcs70_b09m_s40.B04,dal_dal,28,100,416963738,82.7743,0,411796729,81.4724,269522563,269522563,0
mcs70_b09m_s40.A05,mcs70_b09m_s40.B05,dal_dal,28,88,726152229,144.502,0,721378689,143.316,470980092,470980092,0
mcs70_b09m_s40.A06,mcs70_b09m_s40.B06,dal_dal,28,81,167287878,34.6225,0,159497616,32.6292,108166411,108166411,0
mcs70_b09m_s40.A07,mcs70_b09m_s40.B07,dal_dal,28,81,146298359,30.5232,0,139992273,28.9667,96172415,96172415,0
mcs70_b09m_s40.A08,mcs70_b09m_s40.B08,dal_dal,28,85,341763859,65.2224,0,338146159,64.3218,220330147,220330147,0
mcs70_b09m_s40.A09,mcs70_b09m_s40.B09,dal_dal,28,95,474196940,94.8191,0,469975035,93.7421,304877839,304877839,0
mcs70_b09m_s50.A00,mcs70_b09m_s50.B00,dal_dal,26,56,5246730902,1000.01,1,5133578739,977.461,3545683022,3545683022,0
mcs70_b09m_s50.A01,mcs70_b09m_s50.B01,dal_dal,25,52,5540348101,1000.02,1,3614578130,640.667,3631494018,3631494018,0
mcs70_b09m_s50.A02,mcs70_b09m_s50.B02,dal_dal,25,56,5407214424,1000.01,1,438533560,77.9524,3614667649,3614667649,0
mcs70_b09m_s50.A03,mcs70_b09m_s50.B03,dal_dal,24,44,5535070391,1000.02,1,82325557,14.0052,3631103002,3631103002,0
mcs70_b09m_s50.A04,mcs70_b09m_s50.B04,dal_dal,24,53,5330428177,1000.02,1,294957899,52.5515,3408733405,3408733405,0
mcs70_b09m_s50.A05,mcs70_b09m_s50.B05,dal_dal,24,41,5467072734,1000.02,1,1061175892,184.251,3524478333,3524478333,0
mcs70_b09m_s50.A06,mcs70_b09m_s50.B06,dal_dal,24,58,5443990944,1000.02,1,115525784,19.5849,3572562668,3572562668,0
mcs70_b09m_s50.A07,mcs70_b09m_s50.B07,dal_dal,23,52,5013474930,1000.02,1,113389753,22.3566,3285729939,3285729939,0
mcs70_b09m_s50.A08,mcs70_b09m_s50.B08,dal_dal,28,60,4804552837,1000.02,1,4466496421,920.566,3109476520,3109476520,0
mcs70_b09m_s50.A09,mcs70_b09m_s50.B09,dal_dal,30,91,4215059942,1000.02,1,3901574414,913.689,2831945847,2831945847,0
mcs70_b09m_s60.A00,mcs70_b09m_s60.B00,dal_dal,28,70,5429935213,1000.02,1,3349863106,597.174,3617360014,3617360014,0
mcs70_b09m_s60.A01,mcs70_b09m_s60.B01,dal_dal,27,42,5271840045,1000.01,1,153418908,28.3396,3321606113,3321606113,0
mcs70_b09m_s60.A02,mcs70_b09m_s60.B02,dal_dal,30,76,5421980529,1000.01,1,2081378981,375.274,3625642041,3625642041,0
mcs70_b09m_s60.A03,mcs70_b09m_s60.B03,dal_dal,28,57,5379163442,1000.01,1,1020105584,178.853,3473255468,3473255468,0
mcs70_b09m_s60.A04,mcs70_b09m_s60.B04,dal_dal,29,57,5741347702,1000.01,1,4037741542,688.255,3787875162,3787875162,0
mcs70_b09m_s60.A05,mcs70_b09m_s60.B05,dal_dal,28,59,5529877577,1000.02,1,72389673,12.956,3676896064,3676896064,0
mcs70_b09m_s60.A06,mcs70_b09m_s60.B06,dal_dal,28,57,5788737463,1000.02,1,2568514444,438.028,3802796049,3802796049,0
mcs70_b09m_s60.A07,mcs70_b09m_s60.B07,dal_dal,28,53,5466694977,1000.01,1,4903308,0.907046,3532004024,3532004024,0
mcs70_b09m_s60.A08,mcs70_b09m_s60.B08,dal_dal,28,60,5776741286,1000.02,1,12788351,1.96341,3805581404,3805581404,0
mcs70_b09m_s60.A09,mcs70_b09m_s60.B09,dal_dal,28,54,5454236036,1000.02,1,1089715239,190.796,3536949322,3536949322,0
mcs70_b09m_s70.A00,mcs70_b09m_s70.B00,dal_dal,33,81,5452898348,1000.02,1,4180979008,759.983,3600434279,3600434279,0
mcs70_b09m_s70.A01,mcs70_b09m_s70.B01,dal_dal,31,66,5092664511,1000.02,1,436697585,82.1562,3383742199,3383742199,0
mcs70_b09m_s70.A02,mcs70_b09m_s70.B02,dal_dal,33,73,5621219772,1000.02,1,1512025164,265.811,3748558236,3748558236,0
mcs70_b09m_s70.A03,mcs70_b09m_s70.B03,dal_dal,31,73,5693223560,1000.02,1,114579877,19.3562,3787004428,3787004428,0
mcs70_b09m_s70.A04,mcs70_b09m_s70.B04,dal_dal,32,55,3062606672,1000.02,1,399140010,127.711,2014683633,2014683633,0
mcs70_b09m_s70.A05,mcs70_b09m_s70.B05,dal_dal,32,66,5373788667,1000.02,1,350406668,62.7649,3592936448,3592936448,0
mcs70_b09m_s70.A06,mcs70_b09m_s70.B06,dal_dal,33,64,5524841972,1000.02,1,1916106184,331.75,3608704554,3608704554,0
mcs70_b09m_s70.A07,mcs70_b09m_s70.B07,dal_dal,33,74,5478755784,1000.01,1,4126030432,742.812,3529627908,3529627908,0
mcs70_b09m_s70.A08,mcs70_b09m_s70.B08,dal_dal,33,72,5733660020,1000.02,1,300288968,48.0403,3844135717,3844135717,0
mcs70_b09m_s70.A09,mcs70_b09m_s70.B09,dal_dal,32,65,5901334765,1000.02,1,2107509074,347.322,3890641784,3890641784,0
mcs70_b09m_s80.A00,mcs70_b09m_s80.B00,dal_dal,35,70,5577194562,1000.01,1,673172643,118.892,3554335183,3554335183,0
mcs70_b09m_s80.A01,mcs70_b09m_s80.B01,dal_dal,34,61,5375268246,1000.02,1,4098731556,768.29,3487460576,3487460576,0
mcs70_b09m_s80.A02,mcs70_b09m_s80.B02,dal_dal,36,75,5768585453,1000.01,1,3017911130,521.713,3683042456,3683042456,0
mcs70_b09m_s80.A03,mcs70_b09m_s80.B03,dal_dal,37,81,4306786349,1000.02,1,2800021378,631.946,2845238073,2845238073,0
mcs70_b09m_s80.A04,mcs70_b09m_s80.B04,dal_dal,35,71,4190837472,1000.02,1,7951177,1.22147,2745680738,2745680738,0
mcs70_b09m_s80.A05,mcs70_b09m_s80.B05,dal_dal,35,71,6068470282,1000.02,1,24753015,3.73469,4131278395,4131278395,0
mcs70_b09m_s80.A06,mcs70_b09m_s80.B06,dal_dal,37,66,5701068240,1000.01,1,4847414094,841.097,3827578660,3827578660,0
mcs70_b09m_s80.A07,mcs70_b09m_s80.B07,dal_dal,35,68,5623710944,1000.02,1,441128273,73.6411,3604416329,3604416329,0
mcs70_b09m_s80.A08,mcs70_b09m_s80.B08,dal_dal,35,71,6349086324,1000.02,1,31739928,4.82764,4482691692,4482691692,0
mcs70_b09m_s80.A09,mcs70_b09m_s80.B09,dal_dal,37,66,5951518009,1000.01,1,3139736997,522.73,3906177644,3906177644,0
mcs70_b09m_s90.A00,mcs70_b09m_s90.B00,dal_dal,39,79,5166505414,1000.02,1,986013348,178.167,3224628227,3224628227,0
mcs70_b09m_s90.A01,mcs70_b09m_s90.B01,dal_dal,39,79,2755103223,1000.02,1,46944317,15.5489,1748561561,1748561561,0
mcs70_b09m_s90.A02,mcs70_b09m_s90.B02,dal_dal,38,71,6296263864,1000.01,1,39008741,5.83864,4212315031,4212315031,0
mcs70_b09m_s90.A03,mcs70_b09m_s90.B03,dal_dal,40,86,5773558424,1000.01,1,2216341513,370.695,3846173784,3846173784,0
mcs70_b09m_s90.A04,mcs70_b09m_s90.B04,dal_dal,40,98,5595961565,1000.02,1,149012454,25.1973,3752880549,3752880549,0
mcs70_b09m_s90.A05,mcs70_b09m_s90.B05,dal_dal,42,91,6012224290,1000.02,1,358018635,55.2088,4131925152,4131925152,0
mcs70_b09m_s90.A06,mcs70_b09m_s90.B06,dal_dal,38,75,2923289009,1000.01,1,222067575,72.8768,1882370307,1882370307,0
mcs70_b09m_s90.A07,mcs70_b09m_s90.B07,dal_dal,40,88,5737574299,1000.01,1,1865508302,311.218,3783279677,3783279677,0
mcs70_b09m_s90.A08,mcs70_b09m_s90.B08,dal_dal,39,86,5166844582,1000.02,1,1508071195,276.582,3300888829,3300888829,0
mcs70_b09m_s90.A09,mcs70_b09m_s90.B09,dal_dal,39,76,6121122053,1000.02,1,14129823,2.32592,3999821129,3999821129,0
mcs70_m2D_s100.A00,mcs70_m2D_s100.B00,dal_dal,68,87,6947850497,1000.02,1,647265131,87.9766,4970170465,4970170465,0
mcs70_m2D_s100.A01,mcs70_m2D_s100.B01,dal_dal,63,86,18022925579,1000.02,1,1578351019,70.4529,15378873254,15378873254,0
mcs70_m2D_s100.A02,mcs70_m2D_s100.B02,dal_dal,66,89,7281197798,1000.02,1,1172387898,155.352,4901768777,4901768777,0
mcs70_m2D_s100.A03,mcs70_m2D_s100.B03,dal_dal,67,83,6504590490,1000.01,1,2397889054,362.763,4619954552,4619954552,0
mcs70_m2D_s100.A04,mcs70_m2D_s100.B04,dal_dal,65,86,12255934215,1000.02,1,10493773490,758.042,9845200419,9845200419,0
mcs70_m2D_s100.A05,mcs70_m2D_s100.B05,dal_dal,68,83,6626201631,1000.02,1,877382652,122.632,4706813500,4706813500,0
mcs70_m2D_s100.A06,mcs70_m2D_s100.B06,dal_dal,68,78,6903795280,1000.02,1,1616416177,163.604,4756857624,4756857624,0
mcs70_m2D_s100.A07,mcs70_m2D_s100.B07,dal_dal,65,79,6422384057,1000.02,1,521255766,75.2684,4518623042,4518623042,0
mcs70_m2D_s100.A08,mcs70_m2D_s100.B08,dal_dal,67,88,6665497588,1000.01,1,4410771626,631.141,4791929044,4791929044,0
mcs70_m2D_s100.A09,mcs70_m2D_s100.B09,dal_dal,63,79,7681926917,1000.01,1,436596483,42.401,6386223465,6386223465,0
mcs70_m2D_s15.A00,mcs70_m2D_s15.B00,dal_dal,12,11,3248,0.000496317,0,2305,0.000292821,2034,2034,0
mcs70_m2D_s15.A01,mcs70_m2D_s15.B01,dal_dal,12,13,2780,0.000483119,0,1889,0.000300344,1903,1903,0
mcs70_m2D_s15.A02,mcs70_m2D_s15.B02,dal_dal,12,12,3772,0.000493846,0,3030,0.000375007,2538,2538,0
mcs70_m2D_s15.A03,mcs70_m2D_s15.B03,dal_dal,12,15,2125,0.000320071,0,1452,0.000197948,1379,1379,0
mcs70_m2D_s15.A04,mcs70_m2D_s15.B04,dal_dal,12,14,1605,0.000304247,0,779,0.000108292,1094,1094,0
mcs70_m2D_s15.A05,mcs70_m2D_s15.B05,dal_dal,12,15,3048,0.00043254,0,2212,0.000280692,1973,1973,0
mcs70_m2D_s15.A06,mcs70_m2D_s15.B06,dal_dal,11,13,4540,0.000628915,0,1264,0.000161803,2928,2928,0
mcs70_m2D_s15.A07,mcs70_m2D_s15.B07,dal_dal,11,12,5726,0.00078795,0,352,6.15E-05,3805,3805,0
mcs70_m2D_s15.A08,mcs70_m2D_s15.B08,dal_dal,12,16,3979,0.000555118,0,3638,0.000462148,2665,2665,0
mcs70_m2D_s15.A09,mcs70_m2D_s15.B09,dal_dal,12,14,1501,0.000235544,0,738,0.000105729,985,985,0
mcs70_m2D_s25.A00,mcs70_m2D_s25.B00,dal_dal,19,22,363799,0.0469965,0,101160,0.0121151,238210,238210,0
mcs70_m2D_s25.A01,mcs70_m2D_s25.B01,dal_dal,20,21,147929,0.0199868,0,95020,0.0124707,95864,95864,0
mcs70_m2D_s25.A02,mcs70_m2D_s25.B02,dal_dal,19,21,372294,0.0485938,0,54233,0.00669434,243596,243596,0
mcs70_m2D_s25.A03,mcs70_m2D_s25.B03,dal_dal,19,21,889798,0.108799,0,669531,0.0799304,577684,577684,0
mcs70_m2D_s25.A04,mcs70_m2D_s25.B04,dal_dal,19,22,346821,0.0458314,0,150128,0.0191099,236515,236515,0
mcs70_m2D_s25.A05,mcs70_m2D_s25.B05,dal_dal,19,21,389331,0.0522651,0,5575,0.000768146,249402,249402,0
mcs70_m2D_s25.A06,mcs70_m2D_s25.B06,dal_dal,19,25,810552,0.125235,0,368148,0.0540546,520471,520471,0
mcs70_m2D_s25.A07,mcs70_m2D_s25.B07,dal_dal,19,25,312533,0.0427111,0,74946,0.0097141,206043,206043,0
mcs70_m2D_s25.A08,mcs70_m2D_s25.B08,dal_dal,19,26,422112,0.0574141,0,77473,0.00985526,272636,272636,0
mcs70_m2D_s25.A09,mcs70_m2D_s25.B09,dal_dal,19,25,640796,0.0834233,0,357118,0.0443937,424287,424287,0
mcs70_m2D_s35.A00,mcs70_m2D_s35.B00,dal_dal,28,40,8561681,1.21061,0,7365228,1.03593,5732513,5732513,0
mcs70_m2D_s35.A01,mcs70_m2D_s35.B01,dal_dal,27,36,29852449,4.16102,0,17277623,2.35854,19495067,19495067,0
mcs70_m2D_s35.A02,mcs70_m2D_s35.B02,dal_dal,27,36,24334215,3.43385,0,16398352,2.22008,16296892,16296892,0
mcs70_m2D_s35.A03,mcs70_m2D_s35.B03,dal_dal,27,37,50179814,7.37667,0,28275444,4.13153,33225941,33225941,0
mcs70_m2D_s35.A04,mcs70_m2D_s35.B04,dal_dal,27,40,14871287,2.09161,0,5826709,0.77495,9637121,9637121,0
mcs70_m2D_s35.A05,mcs70_m2D_s35.B05,dal_dal,28,35,21328690,2.88858,0,17292372,2.2979,13585160,13585160,0
mcs70_m2D_s35.A06,mcs70_m2D_s35.B06,dal_dal,26,34,145492630,21.621,0,1277887,0.167852,94278981,94278981,0
mcs70_m2D_s35.A07,mcs70_m2D_s35.B07,dal_dal,27,40,39134347,6.2152,0,28058737,4.43569,25512248,25512248,0
mcs70_m2D_s35.A08,mcs70_m2D_s35.B08,dal_dal,28,39,16541578,2.37012,0,13929256,1.98249,10508370,10508370,0
mcs70_m2D_s35.A09,mcs70_m2D_s35.B09,dal_dal,27,31,27997019,3.91569,0,15650725,2.1342,18328666,18328666,0
mcs70_m2D_s40.A00,mcs70_m2D_s40.B00,dal_dal,30,39,412069129,58.2173,0,111891995,15.271,279318843,279318843,0
mcs70_m2D_s40.A01,mcs70_m2D_s40.B01,dal_dal,30,39,1721648249,247.351,0,1601691111,229.603,1147912005,1147912005,0
mcs70_m2D_s40.A02,mcs70_m2D_s40.B02,dal_dal,30,38,450792421,65.8023,0,29488183,4.12352,299143369,299143369,0
mcs70_m2D_s40.A03,mcs70_m2D_s40.B03,dal_dal,30,36,1126825998,162.3,0,993348691,140.988,766634447,766634447,0
mcs70_m2D_s40.A04,mcs70_m2D_s40.B04,dal_dal,30,36,466787756,68.4723,0,33070797,4.40195,312165342,312165342,0
mcs70_m2D_s40.A05,mcs70_m2D_s40.B05,dal_dal,30,38,390234300,57.3899,0,353189,0.0502097,261754970,261754970,0
mcs70_m2D_s40.A06,mcs70_m2D_s40.B06,dal_dal,30,38,2053441772,294.316,0,1308775095,184.904,1363562232,1363562232,0
mcs70_m2D_s40.A07,mcs70_m2D_s40.B07,dal_dal,30,30,392884435,57.0907,0,19822773,2.6313,263682287,263682287,0
mcs70_m2D_s40.A08,mcs70_m2D_s40.B08,dal_dal,30,40,480956403,67.9584,0,209202803,28.7832,320917076,320917076,0
mcs70_m2D_s40.A09,mcs70_m2D_s40.B09,dal_dal,31,41,393213002,53.0555,0,340695814,45.4546,260196932,260196932,0
mcs70_m2D_s50.A00,mcs70_m2D_s50.B00,dal_dal,37,46,6865825569,1000.01,1,611226360,85.3024,4514208293,4514208293,0
mcs70_m2D_s50.A01,mcs70_m2D_s50.B01,dal_dal,35,41,7430281580,1000.01,1,710130,0.0887339,4905513432,4905513432,0
mcs70_m2D_s50.A02,mcs70_m2D_s50.B02,dal_dal,37,45,6792203845,1000.01,1,228290385,32.6236,4489827463,4489827463,0
mcs70_m2D_s50.A03,mcs70_m2D_s50.B03,dal_dal,37,53,7094218884,1000.01,1,2662262114,363.036,4725159593,4725159593,0
mcs70_m2D_s50.A04,mcs70_m2D_s50.B04,dal_dal,37,48,6822482083,1000.02,1,5037531520,726.78,4624143252,4624143252,0
mcs70_m2D_s50.A05,mcs70_m2D_s50.B05,dal_dal,37,40,6691839950,1000.01,1,1161807,0.153814,4462390741,4462390741,0
mcs70_m2D_s50.A06,mcs70_m2D_s50.B06,dal_dal,37,46,6829856286,1000.02,1,83324,0.0113342,4635524124,4635524124,0
mcs70_m2D_s50.A07,mcs70_m2D_s50.B07,dal_dal,39,54,6373650689,1000.02,1,4460456973,693.082,4257078048,4257078048,0
mcs70_m2D_s50.A08,mcs70_m2D_s50.B08,dal_dal,38,51,6703741069,1000.02,1,1525718384,216.847,4472311050,4472311050,0
mcs70_m2D_s50.A09,mcs70_m2D_s50.B09,dal_dal,38,49,6121319876,1000.01,1,1166942859,178.001,4078005410,4078005410,0
mcs70_m2D_s60.A00,mcs70_m2D_s60.B00,dal_dal,43,55,6021502890,1000.02,1,2703757140,443.408,4091527798,4091527798,0
mcs70_m2D_s60.A01,mcs70_m2D_s60.B01,dal_dal,42,46,7154124373,1000.02,1,5163548488,718.335,4909649043,4909649043,0
mcs70_m2D_s60.A02,mcs70_m2D_s60.B02,dal_dal,42,49,6236410360,1000.01,1,642839616,100.387,4288683425,4288683425,0
mcs70_m2D_s60.A03,mcs70_m2D_s60.B03,dal_dal,43,52,6422437790,1000.01,1,937991275,140.794,4353077955,4353077955,0
mcs70_m2D_s60.A04,mcs70_m2D_s60.B04,dal_dal,42,51,7077218641,1000.01,1,587704811,80.51,4906714392,4906714392,0
mcs70_m2D_s60.A05,mcs70_m2D_s60.B05,dal_dal,43,50,7105311013,1000.01,1,4546027213,634.929,4875951658,4875951658,0
mcs70_m2D_s60.A06,mcs70_m2D_s60.B06,dal_dal,42,54,7049927283,1000.02,1,562776106,77.5873,4905023868,4905023868,0
mcs70_m2D_s60.A07,mcs70_m2D_s60.B07,dal_dal,42,52,6434052189,1000.02,1,1379278,0.189154,4467563106,4467563106,0
mcs70_m2D_s60.A08,mcs70_m2D_s60.B08,dal_dal,43,50,6595706893,1000.02,1,1889076164,276.46,4409224041,4409224041,0
mcs70_m2D_s60.A09,mcs70_m2D_s60.B09,dal_dal,42,55,6590183732,1000.01,1,6413269469,971.791,4502787729,4502787729,0
mcs70_m2D_s70.A00,mcs70_m2D_s70.B00,dal_dal,48,60,5909632357,1000.02,1,112916485,17.1783,3970528912,3970528912,0
mcs70_m2D_s70.A01,mcs70_m2D_s70.B01,dal_dal,47,62,6975521013,1000.02,1,1889789002,265.097,4734106900,4734106900,0
mcs70_m2D_s70.A02,mcs70_m2D_s70.B02,dal_dal,48,57,6954835170,1000.01,1,5430982418,774.509,4809309382,4809309382,0
mcs70_m2D_s70.A03,mcs70_m2D_s70.B03,dal_dal,53,74,6007322994,1000.02,1,7264,0.00109156,4065382219,4065382219,0
mcs70_m2D_s70.A04,mcs70_m2D_s70.B04,dal_dal,48,55,7042767948,1000.02,1,2831335393,392.738,4800073735,4800073735,0
mcs70_m2D_s70.A05,mcs70_m2D_s70.B05,dal_dal,48,61,6782995438,1000.02,1,4649178,0.606341,4674494073,4674494073,0
mcs70_m2D_s70.A06,mcs70_m2D_s70.B06,dal_dal,48,63,6971514638,1000.02,1,2320037330,323.577,4683781892,4683781892,0
mcs70_m2D_s70.A07,mcs70_m2D_s70.B07,dal_dal,50,61,6505015478,1000.02,1,27985981,3.72978,4367970072,4367970072,0
mcs70_m2D_s70.A08,mcs70_m2D_s70.B08,dal_dal,49,64,6806425717,1000.01,1,2626383025,374.456,4607627769,4607627769,0
mcs70_m2D_s70.A09,mcs70_m2D_s70.B09,dal_dal,49,57,6511129695,1000.02,1,105791343,15.2626,4451714721,4451714721,0
mcs70_m2D_s80.A00,mcs70_m2D_s80.B00,dal_dal,54,72,6466218911,1000.02,1,166702019,24.3213,4559382231,4559382231,0
mcs70_m2D_s80.A01,mcs70_m2D_s80.B01,dal_dal,52,65,6966387471,1000.01,1,279853892,39.9254,4946868750,4946868750,0
mcs70_m2D_s80.A02,mcs70_m2D_s80.B02,dal_dal,52,73,6902573102,1000.02,1,39368988,5.46674,4856177355,4856177355,0
mcs70_m2D_s80.A03,mcs70_m2D_s80.B03,dal_dal,56,73,6498646543,1000.01,1,6386742438,981.874,4388956286,4388956286,0
mcs70_m2D_s80.A04,mcs70_m2D_s80.B04,dal_dal,55,69,7040633680,1000.02,1,2017989646,277.957,4681632300,4681632300,0
mcs70_m2D_s80.A05,mcs70_m2D_s80.B05,dal_dal,56,76,6848605095,1000.02,1,1715358306,240.09,4689844281,4689844281,0
mcs70_m2D_s80.A06,mcs70_m2D_s80.B06,dal_dal,53,64,7510609451,1000.02,1,333529333,35.3895,5177362429,5177362429,0
mcs70_m2D_s80.A07,mcs70_m2D_s80.B07,dal_dal,54,72,6889293996,1000.01,1,2792494492,380.889,4770805264,4770805264,0
mcs70_m2D_s80.A08,mcs70_m2D_s80.B08,dal_dal,55,69,6987842700,1000.02,1,2105799415,283.894,4833460142,4833460142,0
mcs70_m2D_s80.A09,mcs70_m2D_s80.B09,dal_dal,55,74,6690240814,1000.02,1,279008171,35.77,4710754177,4710754177,0
mcs70_m2D_s90.A00,mcs70_m2D_s90.B00,dal_dal,60,82,6476720003,1000.01,1,162164230,24.948,4390406783,4390406783,0
mcs70_m2D_s90.A01,mcs70_m2D_s90.B01,dal_dal,61,72,6697722563,1000.02,1,110165846,13.5609,4623940863,4623940863,0
mcs70_m2D_s90.A02,mcs70_m2D_s90.B02,dal_dal,63,86,6523988431,1000.02,1,280,9.72E-05,4503033191,4503033191,0
mcs70_m2D_s90.A03,mcs70_m2D_s90.B03,dal_dal,59,66,6999050472,1000.02,1,20409405,2.2458,4901548215,4901548215,0
mcs70_m2D_s90.A04,mcs70_m2D_s90.B04,dal_dal,63,82,6883486175,1000.01,1,3068250349,433.623,4764300606,4764300606,0
mcs70_m2D_s90.A05,mcs70_m2D_s90.B05,dal_dal,62,78,6749572479,1000.02,1,2577151759,349.944,4869592921,4869592921,0
mcs70_m2D_s90.A06,mcs70_m2D_s90.B06,dal_dal,59,70,6932903873,1000.02,1,91915843,10.6822,4902624821,4902624821,0
mcs70_m2D_s90.A07,mcs70_m2D_s90.B07,dal_dal,64,85,6405499273,1000.02,1,516859474,71.9831,4479932457,4479932457,0
mcs70_m2D_s90.A08,mcs70_m2D_s90.B08,dal_dal,63,82,7135260998,1000.02,1,3028981958,383.26,4890043273,4890043273,0
mcs70_m2D_s90.A09,mcs70_m2D_s90.B09,dal_dal,61,82,7312814654,1000.02,1,5439904647,708.936,5263211477,5263211477,0
mcs70_m2Dr2_s100.A00,mcs70_m2Dr2_s100.B00,dal_dal,57,71,18600633140,1000.01,1,12591068692,677.606,15556624616,15556624616,0
mcs70_m2Dr2_s100.A01,mcs70_m2Dr2_s100.B01,dal_dal,55,65,18661217834,1000.02,1,18404888650,984.367,15385157790,15385157790,0
mcs70_m2Dr2_s100.A02,mcs70_m2Dr2_s100.B02,dal_dal,62,95,7045026209,1000.01,1,6128571421,860.781,5255810238,5255810238,0
mcs70_m2Dr2_s100.A03,mcs70_m2Dr2_s100.B03,dal_dal,62,86,8551530888,1000.02,1,5382815835,565.407,6983129070,6983129070,0
mcs70_m2Dr2_s100.A04,mcs70_m2Dr2_s100.B04,dal_dal,65,78,5944049479,1000.01,1,160891433,25.0919,4171030398,4171030398,0
mcs70_m2Dr2_s100.A05,mcs70_m2Dr2_s100.B05,dal_dal,63,78,6134458855,1000.01,1,1179216730,178.16,4404829884,4404829884,0
mcs70_m2Dr2_s100.A06,mcs70_m2Dr2_s100.B06,dal_dal,64,91,6550883833,1000.01,1,2757276759,416.859,4574965692,4574965692,0
mcs70_m2Dr2_s100.A07,mcs70_m2Dr2_s100.B07,dal_dal,63,80,6674379328,1000.02,1,28201011,3.94487,4993547949,4993547949,0
mcs70_m2Dr2_s100.A08,mcs70_m2Dr2_s100.B08,dal_dal,62,82,6975472480,1000.02,1,694257081,74.5013,4968044814,4968044814,0
mcs70_m2Dr2_s100.A09,mcs70_m2Dr2_s100.B09,dal_dal,62,75,6068335668,1000.02,1,800122239,128.301,4234320567,4234320567,0
mcs70_m2Dr2_s15.A00,mcs70_m2Dr2_s15.B00,dal_dal,12,13,8070,0.00115774,0,7926,0.00109861,5252,5252,0
mcs70_m2Dr2_s15.A01,mcs70_m2Dr2_s15.B01,dal_dal,11,13,7438,0.00111616,0,2545,0.000371209,4681,4681,0
mcs70_m2Dr2_s15.A02,mcs70_m2Dr2_s15.B02,dal_dal,11,12,7167,0.00112002,0,5296,0.00082284,4508,4508,0
mcs70_m2Dr2_s15.A03,mcs70_m2Dr2_s15.B03,dal_dal,11,13,3125,0.000488467,0,277,5.20E-05,2157,2157,0
mcs70_m2Dr2_s15.A04,mcs70_m2Dr2_s15.B04,dal_dal,11,13,4765,0.000660367,0,1810,0.000244178,2950,2950,0
mcs70_m2Dr2_s15.A05,mcs70_m2Dr2_s15.B05,dal_dal,11,16,5982,0.000766746,0,2670,0.000331329,3674,3674,0
mcs70_m2Dr2_s15.A06,mcs70_m2Dr2_s15.B06,dal_dal,11,14,5218,0.000874168,0,55,4.10E-05,3519,3519,0
mcs70_m2Dr2_s15.A07,mcs70_m2Dr2_s15.B07,dal_dal,11,11,3556,0.000659494,0,317,9.33E-05,2475,2475,0
mcs70_m2Dr2_s15.A08,mcs70_m2Dr2_s15.B08,dal_dal,11,14,4875,0.000987228,0,1047,0.000208545,3306,3306,0
mcs70_m2Dr2_s15.A09,mcs70_m2Dr2_s15.B09,dal_dal,11,13,5698,0.000792005,0,550,8.54E-05,3564,3564,0
mcs70_m2Dr2_s25.A00,mcs70_m2Dr2_s25.B00,dal_dal,18,24,1151648,0.150041,0,26317,0.00291928,742090,742090,0
mcs70_m2Dr2_s25.A01,mcs70_m2Dr2_s25.B01,dal_dal,18,24,844573,0.115279,0,209991,0.0265758,567820,567820,0
mcs70_m2Dr2_s25.A02,mcs70_m2Dr2_s25.B02,dal_dal,18,19,301480,0.0485623,0,18126,0.00254372,202808,202808,0
mcs70_m2Dr2_s25.A03,mcs70_m2Dr2_s25.B03,dal_dal,18,28,2245705,0.346414,0,1651872,0.250778,1437995,1437995,0
mcs70_m2Dr2_s25.A04,mcs70_m2Dr2_s25.B04,dal_dal,18,25,1897787,0.271732,0,1810559,0.259539,1283096,1283096,0
mcs70_m2Dr2_s25.A05,mcs70_m2Dr2_s25.B05,dal_dal,19,27,275197,0.0454263,0,131774,0.0203038,179580,179580,0
mcs70_m2Dr2_s25.A06,mcs70_m2Dr2_s25.B06,dal_dal,19,28,416488,0.0570599,0,298604,0.0405234,267354,267354,0
mcs70_m2Dr2_s25.A07,mcs70_m2Dr2_s25.B07,dal_dal,18,27,560435,0.0763914,0,4934,0.000599144,383454,383454,0
mcs70_m2Dr2_s25.A08,mcs70_m2Dr2_s25.B08,dal_dal,18,26,589927,0.0800329,0,210605,0.0275725,395975,395975,0
mcs70_m2Dr2_s25.A09,mcs70_m2Dr2_s25.B09,dal_dal,19,23,1739612,0.222708,0,1698912,0.217097,1141151,1141151,0
mcs70_m2Dr2_s35.A00,mcs70_m2Dr2_s35.B00,dal_dal,26,37,245090432,34.126,0,208228482,28.7868,159478004,159478004,0
mcs70_m2Dr2_s35.A01,mcs70_m2Dr2_s35.B01,dal_dal,26,34,68965138,9.89226,0,48996850,6.87987,44413044,44413044,0
mcs70_m2Dr2_s35.A02,mcs70_m2Dr2_s35.B02,dal_dal,27,40,30325592,4.23744,0,23830965,3.25403,19982285,19982285,0
mcs70_m2Dr2_s35.A03,mcs70_m2Dr2_s35.B03,dal_dal,28,46,61938229,8.92473,0,61540534,8.85812,40270743,40270743,0
mcs70_m2Dr2_s35.A04,mcs70_m2Dr2_s35.B04,dal_dal,26,36,111103552,15.9737,0,107578507,15.4322,73701235,73701235,0
mcs70_m2Dr2_s35.A05,mcs70_m2Dr2_s35.B05,dal_dal,26,41,53726420,7.30637,0,43123888,5.76821,36109743,36109743,0
mcs70_m2Dr2_s35.A06,mcs70_m2Dr2_s35.B06,dal_dal,26,30,167041901,22.8166,0,161680464,22.0449,113561146,113561146,0
mcs70_m2Dr2_s35.A07,mcs70_m2Dr2_s35.B07,dal_dal,27,41,45650004,6.30098,0,43842040,6.0298,30464029,30464029,0
mcs70_m2Dr2_s35.A08,mcs70_m2Dr2_s35.B08,dal_dal,26,33,61097206,8.87259,0,37860961,5.36379,40704071,40704071,0
mcs70_m2Dr2_s35.A09,mcs70_m2Dr2_s35.B09,dal_dal,27,37,24220597,3.50402,0,20993580,3.01017,16662076,16662076,0
mcs70_m2Dr2_s40.A00,mcs70_m2Dr2_s40.B00,dal_dal,28,36,2611625263,369.157,0,85937270,11.6033,1792366575,1792366575,0
mcs70_m2Dr2_s40.A01,mcs70_m2Dr2_s40.B01,dal_dal,29,45,764406457,112.465,0,530435604,76.7639,513370845,513370845,0
mcs70_m2Dr2_s40.A02,mcs70_m2Dr2_s40.B02,dal_dal,29,37,1484486891,433.283,0,1060123389,305.21,973696872,973696872,0
mcs70_m2Dr2_s40.A03,mcs70_m2Dr2_s40.B03,dal_dal,29,41,360913718,53.2722,0,146856486,21.0531,249480021,249480021,0
mcs70_m2Dr2_s40.A04,mcs70_m2Dr2_s40.B04,dal_dal,29,49,1073873322,189.787,0,45179825,7.95343,735771534,735771534,0
mcs70_m2Dr2_s40.A05,mcs70_m2Dr2_s40.B05,dal_dal,29,35,347226981,61.3691,0,43628449,7.74928,228498288,228498288,0
mcs70_m2Dr2_s40.A06,mcs70_m2Dr2_s40.B06,dal_dal,29,34,1856505106,322.599,0,1561050400,268.33,1240569874,1240569874,0
mcs70_m2Dr2_s40.A07,mcs70_m2Dr2_s40.B07,dal_dal,29,42,1872952464,328.231,0,884842997,147.509,1266195048,1266195048,0
mcs70_m2Dr2_s40.A08,mcs70_m2Dr2_s40.B08,dal_dal,30,43,239179790,36.4099,0,147585423,21.8982,159938788,159938788,0
mcs70_m2Dr2_s40.A09,mcs70_m2Dr2_s40.B09,dal_dal,29,32,1173516058,175.635,0,135527117,19.706,791072593,791072593,0
mcs70_m2Dr2_s50.A00,mcs70_m2Dr2_s50.B00,dal_dal,35,49,6908256677,1000.02,1,20856535,2.80495,4647231160,4647231160,0
mcs70_m2Dr2_s50.A01,mcs70_m2Dr2_s50.B01,dal_dal,34,45,6829838826,1000.01,1,27258032,3.71391,4667869323,4667869323,0
mcs70_m2Dr2_s50.A02,mcs70_m2Dr2_s50.B02,dal_dal,35,49,6769349042,1000.02,1,398538232,56.4704,4558588219,4558588219,0
mcs70_m2Dr2_s50.A03,mcs70_m2Dr2_s50.B03,dal_dal,36,50,6406103264,1000.01,1,2025396795,309.91,4330063805,4330063805,0
mcs70_m2Dr2_s50.A04,mcs70_m2Dr2_s50.B04,dal_dal,34,44,7126323083,1000.01,1,438074894,60.0704,4891118747,4891118747,0
mcs70_m2Dr2_s50.A05,mcs70_m2Dr2_s50.B05,dal_dal,35,44,6898890771,1000.01,1,317075287,42.8334,4600306910,4600306910,0
mcs70_m2Dr2_s50.A06,mcs70_m2Dr2_s50.B06,dal_dal,36,49,6591457925,1000.02,1,3875804435,580.228,4372164514,4372164514,0
mcs70_m2Dr2_s50.A07,mcs70_m2Dr2_s50.B07,dal_dal,35,52,6959072613,1000.02,1,345816889,47.5105,4608415193,4608415193,0
mcs70_m2Dr2_s50.A08,mcs70_m2Dr2_s50.B08,dal_dal,35,45,6762740259,1000.02,1,867866360,124.754,4486766745,4486766745,0
mcs70_m2Dr2_s50.A09,mcs70_m2Dr2_s50.B09,dal_dal,35,41,6766411408,1000.02,1,488313630,70.2319,4502456495,4502456495,0
mcs70_m2Dr2_s60.A00,mcs70_m2Dr2_s60.B00,dal_dal,40,57,7023555120,1000.02,1,4972792434,706.778,4645578005,4645578005,0
mcs70_m2Dr2_s60.A01,mcs70_m2Dr2_s60.B01,dal_dal,41,51,6664743227,1000.01,1,1298373629,187.269,4620491390,4620491390,0
mcs70_m2Dr2_s60.A02,mcs70_m2Dr2_s60.B02,dal_dal,41,56,7057176288,1000.02,1,5680272,0.81008,4885933976,4885933976,0
mcs70_m2Dr2_s60.A03,mcs70_m2Dr2_s60.B03,dal_dal,41,52,6764607193,1000.02,1,1500188794,211.386,4519455232,4519455232,0
mcs70_m2Dr2_s60.A04,mcs70_m2Dr2_s60.B04,dal_dal,40,52,6787985136,1000.02,1,95118325,13.3937,4670564391,4670564391,0
mcs70_m2Dr2_s60.A05,mcs70_m2Dr2_s60.B05,dal_dal,41,56,6684238939,1000.02,1,990186387,143.422,4699020297,4699020297,0
mcs70_m2Dr2_s60.A06,mcs70_m2Dr2_s60.B06,dal_dal,42,51,6677877586,1000.02,1,42414134,5.37113,4625660418,4625660418,0
mcs70_m2Dr2_s60.A07,mcs70_m2Dr2_s60.B07,dal_dal,41,59,6865016375,1000.02,1,161360552,22.4034,4832654782,4832654782,0
mcs70_m2Dr2_s60.A08,mcs70_m2Dr2_s60.B08,dal_dal,41,54,7120356129,1000.02,1,6617973287,926.996,4830264931,4830264931,0
mcs70_m2Dr2_s60.A09,mcs70_m2Dr2_s60.B09,dal_dal,41,61,6690061401,1000.02,1,1466317258,210.482,4601608412,4601608412,0
mcs70_m2Dr2_s70.A00,mcs70_m2Dr2_s70.B00,dal_dal,47,71,6933782652,1000.02,1,4549970974,646.445,4775613821,4775613821,0
mcs70_m2Dr2_s70.A01,mcs70_m2Dr2_s70.B01,dal_dal,47,65,6803948497,1000.02,1,4768621623,687.053,4861394071,4861394071,0
mcs70_m2Dr2_s70.A02,mcs70_m2Dr2_s70.B02,dal_dal,47,62,6823420635,1000.02,1,25119370,3.29489,4571593788,4571593788,0
mcs70_m2Dr2_s70.A03,mcs70_m2Dr2_s70.B03,dal_dal,46,61,6961146779,1000.02,1,3116741557,432.416,4508255073,4508255073,0
mcs70_m2Dr2_s70.A04,mcs70_m2Dr2_s70.B04,dal_dal,46,55,6820185221,1000.01,1,1084756552,156.716,4667710746,4667710746,0
mcs70_m2Dr2_s70.A05,mcs70_m2Dr2_s70.B05,dal_dal,47,70,6544119610,1000.02,1,6234924716,952.542,4398354324,4398354324,0
mcs70_m2Dr2_s70.A06,mcs70_m2Dr2_s70.B06,dal_dal,45,53,6800028678,1000.02,1,233399692,32.3872,4579195027,4579195027,0
mcs70_m2Dr2_s70.A07,mcs70_m2Dr2_s70.B07,dal_dal,47,60,6759378576,1000.01,1,531469779,73.0249,4648248193,4648248193,0
mcs70_m2Dr2_s70.A08,mcs70_m2Dr2_s70.B08,dal_dal,47,66,6649413648,1000.02,1,22773068,3.13936,4513350385,4513350385,0
mcs70_m2Dr2_s70.A09,mcs70_m2Dr2_s70.B09,dal_dal,48,62,6774540730,1000.02,1,5357140829,785.46,4589618324,4589618324,0
mcs70_m2Dr2_s80.A00,mcs70_m2Dr2_s80.B00,dal_dal,52,72,5216311648,1000.02,1,1749548060,320.851,3642707474,3642707474,0
mcs70_m2Dr2_s80.A01,mcs70_m2Dr2_s80.B01,dal_dal,50,75,3648623566,1000.02,1,135410630,32.5637,2536135028,2536135028,0
mcs70_m2Dr2_s80.A02,mcs70_m2Dr2_s80.B02,dal_dal,53,70,6438406967,1000.02,1,1802815117,275.828,4470609589,4470609589,0
mcs70_m2Dr2_s80.A03,mcs70_m2Dr2_s80.B03,dal_dal,51,66,6669698975,1000.02,1,524543441,76.4076,4747895875,4747895875,0
mcs70_m2Dr2_s80.A04,mcs70_m2Dr2_s80.B04,dal_dal,52,67,6231461091,1000.01,1,406347906,60.4585,4477946486,4477946486,0
mcs70_m2Dr2_s80.A05,mcs70_m2Dr2_s80.B05,dal_dal,52,75,6458064811,1000.02,1,4528102693,630.749,4381305773,4381305773,0
mcs70_m2Dr2_s80.A06,mcs70_m2Dr2_s80.B06,dal_dal,52,70,6400285868,1000.02,1,356392801,49.2304,4664597971,4664597971,0
mcs70_m2Dr2_s80.A07,mcs70_m2Dr2_s80.B07,dal_dal,53,68,7343267855,1000.02,1,6918596332,937.097,5359272701,5359272701,0
mcs70_m2Dr2_s80.A08,mcs70_m2Dr2_s80.B08,dal_dal,51,73,6761969106,1000.01,1,69517035,10.1306,4739639848,4739639848,0
mcs70_m2Dr2_s80.A09,mcs70_m2Dr2_s80.B09,dal_dal,54,75,6767845930,1000.01,1,5673011309,825.177,4590670692,4590670692,0
mcs70_m2Dr2_s90.A00,mcs70_m2Dr2_s90.B00,dal_dal,58,66,6638763751,1000.02,1,1039037685,153.07,4692229420,4692229420,0
mcs70_m2Dr2_s90.A01,mcs70_m2Dr2_s90.B01,dal_dal,58,75,6893236556,1000.02,1,100645519,13.127,4804807043,4804807043,0
mcs70_m2Dr2_s90.A02,mcs70_m2Dr2_s90.B02,dal_dal,59,77,6521669223,1000.02,1,2245569914,223.459,4726496242,4726496242,0
mcs70_m2Dr2_s90.A03,mcs70_m2Dr2_s90.B03,dal_dal,57,66,6210303003,1000.02,1,1201728663,189.652,4358552833,4358552833,0
mcs70_m2Dr2_s90.A04,mcs70_m2Dr2_s90.B04,dal_dal,59,83,5589560489,1000.01,1,1053074907,183.719,3785016195,3785016195,0
mcs70_m2Dr2_s90.A05,mcs70_m2Dr2_s90.B05,dal_dal,55,74,5795992400,1000.01,1,5457405334,938.096,4106328248,4106328248,0
mcs70_m2Dr2_s90.A06,mcs70_m2Dr2_s90.B06,dal_dal,57,76,6815740040,1000.01,1,784672002,110.955,4897413539,4897413539,0
mcs70_m2Dr2_s90.A07,mcs70_m2Dr2_s90.B07,dal_dal,55,68,6697198685,1000.02,1,888480022,125.18,4634154924,4634154924,0
mcs70_m2Dr2_s90.A08,mcs70_m2Dr2_s90.B08,dal_dal,58,87,7213224560,1000.02,1,4966971,0.370852,5089154117,5089154117,0
mcs70_m2Dr2_s90.A09,mcs70_m2Dr2_s90.B09,dal_dal,54,62,7612543541,1000.02,1,2802171217,327.853,5466957021,5466957021,0
mcs70_m2Dr4_s100.A00,mcs70_m2Dr4_s100.B00,dal_dal,63,87,7217513345,1000.02,1,6117810919,818.19,4775230458,4775230458,0
mcs70_m2Dr4_s100.A01,mcs70_m2Dr4_s100.B01,dal_dal,61,81,6598946926,1000.02,1,209927532,27.1289,4736543696,4736543696,0
mcs70_m2Dr4_s100.A02,mcs70_m2Dr4_s100.B02,dal_dal,61,77,6636025017,1000.01,1,4259006053,644.82,4271194390,4271194390,0
mcs70_m2Dr4_s100.A03,mcs70_m2Dr4_s100.B03,dal_dal,60,84,6662371957,1000.02,1,1822066944,254.211,4733271612,4733271612,0
mcs70_m2Dr4_s100.A04,mcs70_m2Dr4_s100.B04,dal_dal,60,79,5743078477,1000.02,1,2501375580,351.782,4573972540,4573972540,0
mcs70_m2Dr4_s100.A05,mcs70_m2Dr4_s100.B05,dal_dal,60,83,6555023525,1000.01,1,5164584426,709.163,5599184401,5599184401,0
mcs70_m2Dr4_s100.A06,mcs70_m2Dr4_s100.B06,dal_dal,61,86,8291568349,1000.02,1,5200845619,499.185,7013441046,7013441046,0
mcs70_m2Dr4_s100.A07,mcs70_m2Dr4_s100.B07,dal_dal,61,91,5597526648,1000.03,1,4403345657,781.428,3962920566,3962920566,0
mcs70_m2Dr4_s100.A08,mcs70_m2Dr4_s100.B08,dal_dal,61,85,6576364568,1000.01,1,1798850691,276.958,4266767395,4266767395,0
mcs70_m2Dr4_s100.A09,mcs70_m2Dr4_s100.B09,dal_dal,55,82,19183758340,1000.01,1,573,0.000133151,15912112342,15912112342,0
mcs70_m2Dr4_s15.A00,mcs70_m2Dr4_s15.B00,dal_dal,11,14,5257,0.000742628,0,1718,0.000234282,3331,3331,0
mcs70_m2Dr4_s15.A01,mcs70_m2Dr4_s15.B01,dal_dal,12,18,7299,0.00127534,0,6831,0.0011516,4534,4534,0
mcs70_m2Dr4_s15.A02,mcs70_m2Dr4_s15.B02,dal_dal,11,11,10986,0.00153016,0,9239,0.00124687,7649,7649,0
mcs70_m2Dr4_s15.A03,mcs70_m2Dr4_s15.B03,dal_dal,11,11,8756,0.00115443,0,8355,0.00106909,5578,5578,0
mcs70_m2Dr4_s15.A04,mcs70_m2Dr4_s15.B04,dal_dal,11,17,8897,0.00250394,0,6569,0.00177299,5674,5674,0
mcs70_m2Dr4_s15.A05,mcs70_m2Dr4_s15.B05,dal_dal,11,15,4924,0.000723953,0,1327,0.000197148,3138,3138,0
mcs70_m2Dr4_s15.A06,mcs70_m2Dr4_s15.B06,dal_dal,11,11,4916,0.000681268,0,2406,0.000321094,3280,3280,0
mcs70_m2Dr4_s15.A07,mcs70_m2Dr4_s15.B07,dal_dal,11,16,6656,0.000896913,0,5040,0.000652474,4359,4359,0
mcs70_m2Dr4_s15.A08,mcs70_m2Dr4_s15.B08,dal_dal,11,16,9015,0.00166008,0,7935,0.00149777,5892,5892,0
mcs70_m2Dr4_s15.A09,mcs70_m2Dr4_s15.B09,dal_dal,11,15,7722,0.00151711,0,2873,0.000851452,4810,4810,0
mcs70_m2Dr4_s25.A00,mcs70_m2Dr4_s25.B00,dal_dal,18,27,930176,0.126042,0,613242,0.0813519,608177,608177,0
mcs70_m2Dr4_s25.A01,mcs70_m2Dr4_s25.B01,dal_dal,18,22,517519,0.0768112,0,89749,0.0122779,341090,341090,0
mcs70_m2Dr4_s25.A02,mcs70_m2Dr4_s25.B02,dal_dal,18,26,2291720,0.295943,0,2193501,0.282384,1528876,1528876,0
mcs70_m2Dr4_s25.A03,mcs70_m2Dr4_s25.B03,dal_dal,17,21,1894671,0.266649,0,5016,0.000651048,1193348,1193348,0
mcs70_m2Dr4_s25.A04,mcs70_m2Dr4_s25.B04,dal_dal,18,31,594429,0.0827991,0,286141,0.0387068,383327,383327,0
mcs70_m2Dr4_s25.A05,mcs70_m2Dr4_s25.B05,dal_dal,18,27,308460,0.047278,0,17559,0.00257467,200494,200494,0
mcs70_m2Dr4_s25.A06,mcs70_m2Dr4_s25.B06,dal_dal,18,30,1538637,0.20933,0,1080891,0.143832,996806,996806,0
mcs70_m2Dr4_s25.A07,mcs70_m2Dr4_s25.B07,dal_dal,18,28,1458838,0.203981,0,1116852,0.15265,973225,973225,0
mcs70_m2Dr4_s25.A08,mcs70_m2Dr4_s25.B08,dal_dal,18,27,708373,0.0989257,0,494927,0.0679914,474772,474772,0
mcs70_m2Dr4_s25.A09,mcs70_m2Dr4_s25.B09,dal_dal,18,23,1792980,0.236739,0,1293785,0.166336,1153491,1153491,0
mcs70_m2Dr4_s35.A00,mcs70_m2Dr4_s35.B00,dal_dal,25,38,69299439,10.3786,0,23286593,3.32523,46206888,46206888,0
mcs70_m2Dr4_s35.A01,mcs70_m2Dr4_s35.B01,dal_dal,27,41,48400706,7.02347,0,43960677,6.29869,32492574,32492574,0
mcs70_m2Dr4_s35.A02,mcs70_m2Dr4_s35.B02,dal_dal,25,37,334558643,46.762,0,316069840,43.9572,222102889,222102889,0
mcs70_m2Dr4_s35.A03,mcs70_m2Dr4_s35.B03,dal_dal,25,35,61341566,9.19449,0,7153552,0.969192,39511452,39511452,0
mcs70_m2Dr4_s35.A04,mcs70_m2Dr4_s35.B04,dal_dal,26,38,50845557,8.81641,0,46916672,8.03334,33485453,33485453,0
mcs70_m2Dr4_s35.A05,mcs70_m2Dr4_s35.B05,dal_dal,26,39,102237911,19.2191,0,96184251,17.9913,65551925,65551925,0
mcs70_m2Dr4_s35.A06,mcs70_m2Dr4_s35.B06,dal_dal,25,38,101072328,14.9656,0,48408785,6.9806,65828255,65828255,0
mcs70_m2Dr4_s35.A07,mcs70_m2Dr4_s35.B07,dal_dal,25,38,135352792,20.0631,0,123222359,18.1096,88674123,88674123,0
mcs70_m2Dr4_s35.A08,mcs70_m2Dr4_s35.B08,dal_dal,27,46,69146443,20.1401,0,67932371,19.7377,45833459,45833459,0
mcs70_m2Dr4_s35.A09,mcs70_m2Dr4_s35.B09,dal_dal,26,35,33063812,4.92812,0,28441426,4.1833,21931572,21931572,0
mcs70_m2Dr4_s40.A00,mcs70_m2Dr4_s40.B00,dal_dal,28,39,1278276021,196.683,0,223730189,32.85,837504772,837504772,0
mcs70_m2Dr4_s40.A01,mcs70_m2Dr4_s40.B01,dal_dal,28,33,1375488948,213.625,0,533959288,80.9701,893376678,893376678,0
mcs70_m2Dr4_s40.A02,mcs70_m2Dr4_s40.B02,dal_dal,28,40,2522605845,397.179,0,390693764,57.9563,1693485138,1693485138,0
mcs70_m2Dr4_s40.A03,mcs70_m2Dr4_s40.B03,dal_dal,27,36,6688688016,1000.02,1,37586599,4.78834,4508150264,4508150264,0
mcs70_m2Dr4_s40.A04,mcs70_m2Dr4_s40.B04,dal_dal,28,45,1889090593,283.891,0,997570978,145.913,1292116173,1292116173,0
mcs70_m2Dr4_s40.A05,mcs70_m2Dr4_s40.B05,dal_dal,28,40,1385433527,206.463,0,834958889,121.481,923730192,923730192,0
mcs70_m2Dr4_s40.A06,mcs70_m2Dr4_s40.B06,dal_dal,27,36,6119580664,1000.02,1,323412299,50.6273,3993826183,3993826183,0
mcs70_m2Dr4_s40.A07,mcs70_m2Dr4_s40.B07,dal_dal,28,39,3173489512,568.969,0,162159181,27.4831,2096202653,2096202653,0
mcs70_m2Dr4_s40.A08,mcs70_m2Dr4_s40.B08,dal_dal,28,38,2323754484,346.77,0,1694667284,249.514,1537313625,1537313625,0
mcs70_m2Dr4_s40.A09,mcs70_m2Dr4_s40.B09,dal_dal,28,42,3388780682,510.692,0,2586577946,386.237,2269492844,2269492844,0
mcs70_m2Dr4_s50.A00,mcs70_m2Dr4_s50.B00,dal_dal,37,58,6114036598,1000.01,1,1481226599,223.209,4211172512,4211172512,0
mcs70_m2Dr4_s50.A01,mcs70_m2Dr4_s50.B01,dal_dal,33,46,6772996682,1000.01,1,750329782,106.368,4629314986,4629314986,0
mcs70_m2Dr4_s50.A02,mcs70_m2Dr4_s50.B02,dal_dal,39,64,2453483302,355.183,0,2262701259,321.445,1607663636,1607663636,0
mcs70_m2Dr4_s50.A03,mcs70_m2Dr4_s50.B03,dal_dal,34,53,6793532908,1000.02,1,3375466485,487.407,4546859435,4546859435,0
mcs70_m2Dr4_s50.A04,mcs70_m2Dr4_s50.B04,dal_dal,33,42,6377291177,1000.02,1,56229670,8.51382,4241357708,4241357708,0
mcs70_m2Dr4_s50.A05,mcs70_m2Dr4_s50.B05,dal_dal,34,49,6835097835,1000.01,1,3411928326,490.398,4704830620,4704830620,0
mcs70_m2Dr4_s50.A06,mcs70_m2Dr4_s50.B06,dal_dal,34,45,6524482961,1000.01,1,2687525647,398.294,4354036972,4354036972,0
mcs70_m2Dr4_s50.A07,mcs70_m2Dr4_s50.B07,dal_dal,33,48,6727858974,1000.02,1,45759984,6.50626,4535109012,4535109012,0
mcs70_m2Dr4_s50.A08,mcs70_m2Dr4_s50.B08,dal_dal,33,43,6817540051,1000.02,1,4892381,0.633225,4503947120,4503947120,0
mcs70_m2Dr4_s50.A09,mcs70_m2Dr4_s50.B09,dal_dal,35,50,6742397150,1000.02,1,4243581364,615.718,4565611027,4565611027,0
mcs70_m2Dr4_s60.A00,mcs70_m2Dr4_s60.B00,dal_dal,40,60,6895824760,1000.02,1,289623886,38.4662,4678141550,4678141550,0
mcs70_m2Dr4_s60.A01,mcs70_m2Dr4_s60.B01,dal_dal,39,55,6595960341,1000.02,1,452508863,67.517,4489082512,4489082512,0
mcs70_m2Dr4_s60.A02,mcs70_m2Dr4_s60.B02,dal_dal,39,62,7072664206,1000.02,1,1225326910,171.137,4850658114,4850658114,0
mcs70_m2Dr4_s60.A03,mcs70_m2Dr4_s60.B03,dal_dal,40,56,6535323210,1000,1,977112592,145.231,4279105055,4279105055,0
mcs70_m2Dr4_s60.A04,mcs70_m2Dr4_s60.B04,dal_dal,40,58,6539383358,1000,1,3780199798,557.895,4429286522,4429286522,0
mcs70_m2Dr4_s60.A05,mcs70_m2Dr4_s60.B05,dal_dal,40,55,6571152713,1000.02,1,212128479,30.6253,4568396440,4568396440,0
mcs70_m2Dr4_s60.A06,mcs70_m2Dr4_s60.B06,dal_dal,38,55,6999090508,1000.01,1,1979526,0.243124,4687988661,4687988661,0
mcs70_m2Dr4_s60.A07,mcs70_m2Dr4_s60.B07,dal_dal,40,68,6717190430,1000.01,1,2777105901,402.871,4517540252,4517540252,0
mcs70_m2Dr4_s60.A08,mcs70_m2Dr4_s60.B08,dal_dal,40,53,6571236571,1000.01,1,1705670362,260.097,4510142558,4510142558,0
mcs70_m2Dr4_s60.A09,mcs70_m2Dr4_s60.B09,dal_dal,39,53,3200997974,1000.02,1,136106538,40.8154,2160920061,2160920061,0
mcs70_m2Dr4_s70.A00,mcs70_m2Dr4_s70.B00,dal_dal,43,49,3315224749,1000.02,1,1711745333,508.881,2161786924,2161786924,0
mcs70_m2Dr4_s70.A01,mcs70_m2Dr4_s70.B01,dal_dal,44,57,3452087915,1000.02,1,7050208,1.94614,2307469779,2307469779,0
mcs70_m2Dr4_s70.A02,mcs70_m2Dr4_s70.B02,dal_dal,45,64,6651831152,1000.02,1,2064868630,300.678,4438389370,4438389370,0
mcs70_m2Dr4_s70.A03,mcs70_m2Dr4_s70.B03,dal_dal,46,74,6639238739,1000.02,1,1174017320,172.64,4530330416,4530330416,0
mcs70_m2Dr4_s70.A04,mcs70_m2Dr4_s70.B04,dal_dal,46,72,6665049353,1000.02,1,4438249202,649.028,4604373250,4604373250,0
mcs70_m2Dr4_s70.A05,mcs70_m2Dr4_s70.B05,dal_dal,45,70,6917010999,1000.02,1,3882529714,549.047,4830686487,4830686487,0
mcs70_m2Dr4_s70.A06,mcs70_m2Dr4_s70.B06,dal_dal,46,66,5906395857,1000.02,1,303770559,48.2345,4001091768,4001091768,0
mcs70_m2Dr4_s70.A07,mcs70_m2Dr4_s70.B07,dal_dal,45,65,6508737188,1000.01,1,674640204,95.4175,4531838673,4531838673,0
mcs70_m2Dr4_s70.A08,mcs70_m2Dr4_s70.B08,dal_dal,46,79,6562244566,1000.02,1,62984887,6.88516,4372191636,4372191636,0
mcs70_m2Dr4_s70.A09,mcs70_m2Dr4_s70.B09,dal_dal,46,69,6582000029,1000.02,1,442066534,63.3634,4503159617,4503159617,0
mcs70_m2Dr4_s80.A00,mcs70_m2Dr4_s80.B00,dal_dal,52,74,6480562539,1000.01,1,784543055,112.219,4368942980,4368942980,0
mcs70_m2Dr4_s80.A01,mcs70_m2Dr4_s80.B01,dal_dal,47,56,6889432206,1000.02,1,1174781930,159.108,4809898019,4809898019,0
mcs70_m2Dr4_s80.A02,mcs70_m2Dr4_s80.B02,dal_dal,52,76,6119765762,1000.02,1,15137554,2.3624,4115881587,4115881587,0
mcs70_m2Dr4_s80.A03,mcs70_m2Dr4_s80.B03,dal_dal,48,76,5221786527,1000.02,1,554988903,80.4218,3431049163,3431049163,0
mcs70_m2Dr4_s80.A04,mcs70_m2Dr4_s80.B04,dal_dal,49,78,3347116826,1000.02,1,306910036,76.3818,2430355591,2430355591,0
mcs70_m2Dr4_s80.A05,mcs70_m2Dr4_s80.B05,dal_dal,52,78,6256294580,1000.01,1,2697321266,421.854,4286830711,4286830711,0
mcs70_m2Dr4_s80.A06,mcs70_m2Dr4_s80.B06,dal_dal,50,72,6474756078,1000.02,1,28408070,3.59405,4400506757,4400506757,0
mcs70_m2Dr4_s80.A07,mcs70_m2Dr4_s80.B07,dal_dal,51,71,6644446903,1000.02,1,1409354617,202.864,4465334878,4465334878,0
mcs70_m2Dr4_s80.A08,mcs70_m2Dr4_s80.B08,dal_dal,50,62,6230323890,1000.02,1,2400292050,363.782,4258799218,4258799218,0
mcs70_m2Dr4_s80.A09,mcs70_m2Dr4_s80.B09,dal_dal,47,67,7309950341,1000.01,1,161427132,22.1334,5046479830,5046479830,0
mcs70_m2Dr4_s90.A00,mcs70_m2Dr4_s90.B00,dal_dal,55,80,6516653313,1000.02,1,911013351,132.933,4301159482,4301159482,0
mcs70_m2Dr4_s90.A01,mcs70_m2Dr4_s90.B01,dal_dal,56,76,6679021957,1000.02,1,355884298,51.9633,4293759118,4293759118,0
mcs70_m2Dr4_s90.A02,mcs70_m2Dr4_s90.B02,dal_dal,57,89,6518067467,1000.01,1,6023580674,925.197,4425523304,4425523304,0
mcs70_m2Dr4_s90.A03,mcs70_m2Dr4_s90.B03,dal_dal,58,87,6293653083,1000.01,1,2604919670,424.476,4236510584,4236510584,0
mcs70_m2Dr4_s90.A04,mcs70_m2Dr4_s90.B04,dal_dal,55,74,6356683709,1000.01,1,251460357,37.3933,4092553001,4092553001,0
mcs70_m2Dr4_s90.A05,mcs70_m2Dr4_s90.B05,dal_dal,55,78,6727659196,1000.01,1,3849884470,566.915,4781057671,4781057671,0
mcs70_m2Dr4_s90.A06,mcs70_m2Dr4_s90.B06,dal_dal,55,74,6660515652,1000.02,1,2241244177,328.297,4528770717,4528770717,0
mcs70_m2Dr4_s90.A07,mcs70_m2Dr4_s90.B07,dal_dal,55,82,6479748035,1000.01,1,81755816,11.6367,4251870350,4251870350,0
mcs70_m2Dr4_s90.A08,mcs70_m2Dr4_s90.B08,dal_dal,55,75,7123192230,1000.02,1,2364217784,203.992,5365365279,5365365279,0
mcs70_m2Dr4_s90.A09,mcs70_m2Dr4_s90.B09,dal_dal,58,87,5734215312,1000.01,1,5554692025,964.669,3962949703,3962949703,0
mcs70_m2Dr6_s100.A00,mcs70_m2Dr6_s100.B00,dal_dal,59,85,6631116649,1000.02,1,8207453,1.01232,4101878388,4101878388,0
mcs70_m2Dr6_s100.A01,mcs70_m2Dr6_s100.B01,dal_dal,59,80,6765047383,1000.02,1,285571014,16.4125,4659709484,4659709484,0
mcs70_m2Dr6_s100.A02,mcs70_m2Dr6_s100.B02,dal_dal,60,79,6600227638,1000.02,1,4033286206,599.626,4399189040,4399189040,0
mcs70_m2Dr6_s100.A03,mcs70_m2Dr6_s100.B03,dal_dal,60,86,6116261300,1000.02,1,2100819600,311.057,4031422209,4031422209,0
mcs70_m2Dr6_s100.A04,mcs70_m2Dr6_s100.B04,dal_dal,60,96,6027473320,1000.02,1,644627383,107.461,4104738735,4104738735,0
mcs70_m2Dr6_s100.A05,mcs70_m2Dr6_s100.B05,dal_dal,60,90,6154251330,1000.01,1,1266292941,186.68,4653088039,4653088039,0
mcs70_m2Dr6_s100.A06,mcs70_m2Dr6_s100.B06,dal_dal,58,84,7626907891,1000.02,1,1839506717,207.262,6270599240,6270599240,0
mcs70_m2Dr6_s100.A07,mcs70_m2Dr6_s100.B07,dal_dal,61,89,5520235699,1000.02,1,1125827665,194.9,3615191152,3615191152,0
mcs70_m2Dr6_s100.A08,mcs70_m2Dr6_s100.B08,dal_dal,56,76,7196611060,1000.02,1,1621234421,143.152,4792699294,4792699294,0
mcs70_m2Dr6_s100.A09,mcs70_m2Dr6_s100.B09,dal_dal,57,77,6452580208,1000.02,1,2061810022,312.929,4513366480,4513366480,0
mcs70_m2Dr6_s15.A00,mcs70_m2Dr6_s15.B00,dal_dal,10,14,13707,0.00194243,0,127,2.70E-05,8659,8659,0
mcs70_m2Dr6_s15.A01,mcs70_m2Dr6_s15.B01,dal_dal,11,18,6200,0.000926027,0,3743,0.000521918,4121,4121,0
mcs70_m2Dr6_s15.A02,mcs70_m2Dr6_s15.B02,dal_dal,11,14,7798,0.00119039,0,3991,0.000592805,5059,5059,0
mcs70_m2Dr6_s15.A03,mcs70_m2Dr6_s15.B03,dal_dal,11,16,4050,0.000604451,0,332,5.61E-05,2643,2643,0
mcs70_m2Dr6_s15.A04,mcs70_m2Dr6_s15.B04,dal_dal,10,14,13608,0.00182666,0,19,8.66E-06,8606,8606,0
mcs70_m2Dr6_s15.A05,mcs70_m2Dr6_s15.B05,dal_dal,11,12,10734,0.0014176,0,9916,0.00129265,6817,6817,0
mcs70_m2Dr6_s15.A06,mcs70_m2Dr6_s15.B06,dal_dal,11,12,8255,0.00123524,0,4850,0.000690552,5365,5365,0
mcs70_m2Dr6_s15.A07,mcs70_m2Dr6_s15.B07,dal_dal,11,15,9926,0.00145793,0,8665,0.00122448,6111,6111,0
mcs70_m2Dr6_s15.A08,mcs70_m2Dr6_s15.B08,dal_dal,11,16,2451,0.000395396,0,266,4.70E-05,1602,1602,0
mcs70_m2Dr6_s15.A09,mcs70_m2Dr6_s15.B09,dal_dal,11,15,2375,0.000396188,0,16,1.08E-05,1642,1642,0
mcs70_m2Dr6_s25.A00,mcs70_m2Dr6_s25.B00,dal_dal,17,25,1593885,0.25201,0,290177,0.0440226,1028538,1028538,0
mcs70_m2Dr6_s25.A01,mcs70_m2Dr6_s25.B01,dal_dal,18,25,1144448,0.161803,0,1069921,0.150639,765799,765799,0
mcs70_m2Dr6_s25.A02,mcs70_m2Dr6_s25.B02,dal_dal,17,25,1284938,0.181895,0,93652,0.0123818,839144,839144,0
mcs70_m2Dr6_s25.A03,mcs70_m2Dr6_s25.B03,dal_dal,17,24,1588040,0.224952,0,202873,0.0271209,1044838,1044838,0
mcs70_m2Dr6_s25.A04,mcs70_m2Dr6_s25.B04,dal_dal,17,21,1357098,0.220182,0,598812,0.0938886,868907,868907,0
mcs70_m2Dr6_s25.A05,mcs70_m2Dr6_s25.B05,dal_dal,17,22,1060463,0.166766,0,14153,0.00195209,686922,686922,0
mcs70_m2Dr6_s25.A06,mcs70_m2Dr6_s25.B06,dal_dal,18,27,750371,0.111595,0,574486,0.0824815,501877,501877,0
mcs70_m2Dr6_s25.A07,mcs70_m2Dr6_s25.B07,dal_dal,17,28,2438234,0.375633,0,1598978,0.240946,1586304,1586304,0
mcs70_m2Dr6_s25.A08,mcs70_m2Dr6_s25.B08,dal_dal,18,30,490327,0.0758223,0,282933,0.0421965,320016,320016,0
mcs70_m2Dr6_s25.A09,mcs70_m2Dr6_s25.B09,dal_dal,17,26,1590610,0.219178,0,536512,0.0685525,1046833,1046833,0
mcs70_m2Dr6_s35.A00,mcs70_m2Dr6_s35.B00,dal_dal,25,41,48222150,7.82634,0,34820751,5.52605,32027604,32027604,0
mcs70_m2Dr6_s35.A01,mcs70_m2Dr6_s35.B01,dal_dal,25,35,156180435,26.0752,0,148866906,24.8547,102875944,102875944,0
mcs70_m2Dr6_s35.A02,mcs70_m2Dr6_s35.B02,dal_dal,26,44,59694295,9.00694,0,55257278,8.24089,39651734,39651734,0
mcs70_m2Dr6_s35.A03,mcs70_m2Dr6_s35.B03,dal_dal,26,43,51466097,8.10134,0,47097539,7.32114,33696010,33696010,0
mcs70_m2Dr6_s35.A04,mcs70_m2Dr6_s35.B04,dal_dal,25,34,132779475,21.9779,0,92492783,15.0299,87657902,87657902,0
mcs70_m2Dr6_s35.A05,mcs70_m2Dr6_s35.B05,dal_dal,27,48,49006652,7.20864,0,48172273,7.06138,32605660,32605660,0
mcs70_m2Dr6_s35.A06,mcs70_m2Dr6_s35.B06,dal_dal,25,35,147965496,22.7949,0,131613529,20.0411,95932423,95932423,0
mcs70_m2Dr6_s35.A07,mcs70_m2Dr6_s35.B07,dal_dal,26,40,104783893,15.8003,0,94364354,14.0315,67724352,67724352,0
mcs70_m2Dr6_s35.A08,mcs70_m2Dr6_s35.B08,dal_dal,26,44,74914597,11.1059,0,70759964,10.4207,49978701,49978701,0
mcs70_m2Dr6_s35.A09,mcs70_m2Dr6_s35.B09,dal_dal,26,46,12759296,1.96376,0,7824437,1.15042,8509770,8509770,0
mcs70_m2Dr6_s40.A00,mcs70_m2Dr6_s40.B00,dal_dal,27,46,1666794288,244.865,0,315028642,46.2886,1137554325,1137554325,0
mcs70_m2Dr6_s40.A01,mcs70_m2Dr6_s40.B01,dal_dal,28,46,4563958703,683.093,0,4274258514,635.559,3062745861,3062745861,0
mcs70_m2Dr6_s40.A02,mcs70_m2Dr6_s40.B02,dal_dal,28,43,979846532,151.567,0,857164786,131.453,663044313,663044313,0
mcs70_m2Dr6_s40.A03,mcs70_m2Dr6_s40.B03,dal_dal,29,51,1262895106,193.46,0,1210829496,184.469,824727433,824727433,0
mcs70_m2Dr6_s40.A04,mcs70_m2Dr6_s40.B04,dal_dal,29,43,583204758,87.3734,0,505417996,74.3541,382846300,382846300,0
mcs70_m2Dr6_s40.A05,mcs70_m2Dr6_s40.B05,dal_dal,27,43,1441597618,239.923,0,99476613,15.4794,961447541,961447541,0
mcs70_m2Dr6_s40.A06,mcs70_m2Dr6_s40.B06,dal_dal,28,48,2673910213,412.095,0,2459348222,376.596,1817299365,1817299365,0
mcs70_m2Dr6_s40.A07,mcs70_m2Dr6_s40.B07,dal_dal,28,42,1726687912,272.026,0,1376562002,214.6,1149903916,1149903916,0
mcs70_m2Dr6_s40.A08,mcs70_m2Dr6_s40.B08,dal_dal,28,48,894184216,138.252,0,632253843,96.0074,595028988,595028988,0
mcs70_m2Dr6_s40.A09,mcs70_m2Dr6_s40.B09,dal_dal,27,32,3542417819,551.334,0,329369686,48.6921,2344823685,2344823685,0
mcs70_m2Dr6_s50.A00,mcs70_m2Dr6_s50.B00,dal_dal,32,51,6666136576,1000.02,1,32317533,4.70913,4412041079,4412041079,0
mcs70_m2Dr6_s50.A01,mcs70_m2Dr6_s50.B01,dal_dal,33,47,6524111105,1000.02,1,56872930,8.09347,4441088753,4441088753,0
mcs70_m2Dr6_s50.A02,mcs70_m2Dr6_s50.B02,dal_dal,33,51,6705128103,1000.02,1,3478765155,499.823,4565990166,4565990166,0
mcs70_m2Dr6_s50.A03,mcs70_m2Dr6_s50.B03,dal_dal,32,40,6426398502,1000.02,1,29880773,4.41014,4251802121,4251802121,0
mcs70_m2Dr6_s50.A04,mcs70_m2Dr6_s50.B04,dal_dal,32,52,6672527924,1000.02,1,10847721,1.56521,4470347764,4470347764,0
mcs70_m2Dr6_s50.A05,mcs70_m2Dr6_s50.B05,dal_dal,32,45,6067239638,1000.01,1,27388299,4.67784,3907767777,3907767777,0
mcs70_m2Dr6_s50.A06,mcs70_m2Dr6_s50.B06,dal_dal,34,58,5683273653,1000.02,1,3288618191,562.631,3835414888,3835414888,0
mcs70_m2Dr6_s50.A07,mcs70_m2Dr6_s50.B07,dal_dal,33,51,6196220882,1000.01,1,469021147,70.9713,4142529397,4142529397,0
mcs70_m2Dr6_s50.A08,mcs70_m2Dr6_s50.B08,dal_dal,33,44,6264620009,1000.01,1,3241849641,500.5,4172878128,4172878128,0
mcs70_m2Dr6_s50.A09,mcs70_m2Dr6_s50.B09,dal_dal,36,61,5623182659,1000.02,1,983712607,163.962,3782832667,3782832667,0
mcs70_m2Dr6_s60.A00,mcs70_m2Dr6_s60.B00,dal_dal,38,60,6171543165,1000.02,1,2337703466,374.242,4140575687,4140575687,0
mcs70_m2Dr6_s60.A01,mcs70_m2Dr6_s60.B01,dal_dal,37,46,6442788020,1000.02,1,162556311,23.0984,4253805100,4253805100,0
mcs70_m2Dr6_s60.A02,mcs70_m2Dr6_s60.B02,dal_dal,38,62,6655911150,1000.02,1,2415909024,353.974,4506188463,4506188463,0
mcs70_m2Dr6_s60.A03,mcs70_m2Dr6_s60.B03,dal_dal,38,53,6092265411,1000.02,1,21837741,3.50846,4298691169,4298691169,0
mcs70_m2Dr6_s60.A04,mcs70_m2Dr6_s60.B04,dal_dal,38,61,6518948681,1000.02,1,67928354,9.91686,4380250598,4380250598,0
mcs70_m2Dr6_s60.A05,mcs70_m2Dr6_s60.B05,dal_dal,36,59,7075461240,1000.02,1,443461092,61.7992,4781925509,4781925509,0
mcs70_m2Dr6_s60.A06,mcs70_m2Dr6_s60.B06,dal_dal,39,59,6099689966,1000.02,1,726199207,110.133,4037599180,4037599180,0
mcs70_m2Dr6_s60.A07,mcs70_m2Dr6_s60.B07,dal_dal,39,58,6491511333,1000.02,1,1216839013,184.092,4280504961,4280504961,0
mcs70_m2Dr6_s60.A08,mcs70_m2Dr6_s60.B08,dal_dal,39,65,6588960622,1000.02,1,1059955089,155.593,4550087707,4550087707,0
mcs70_m2Dr6_s60.A09,mcs70_m2Dr6_s60.B09,dal_dal,38,68,6684399853,1000.02,1,3995249,0.536705,4477414373,4477414373,0
mcs70_m2Dr6_s70.A00,mcs70_m2Dr6_s70.B00,dal_dal,42,58,6509787700,1000.02,1,3237317044,472.605,4149741355,4149741355,0
mcs70_m2Dr6_s70.A01,mcs70_m2Dr6_s70.B01,dal_dal,42,54,6237676486,1000.01,1,217492138,33.339,3978415962,3978415962,0
mcs70_m2Dr6_s70.A02,mcs70_m2Dr6_s70.B02,dal_dal,44,65,6561108752,1000.02,1,143471386,21.276,4381804315,4381804315,0
mcs70_m2Dr6_s70.A03,mcs70_m2Dr6_s70.B03,dal_dal,44,69,6483164035,1000.01,1,1150940658,177.493,4463629347,4463629347,0
mcs70_m2Dr6_s70.A04,mcs70_m2Dr6_s70.B04,dal_dal,43,62,6666979584,1000.02,1,3072155034,448.906,4804255712,4804255712,0
mcs70_m2Dr6_s70.A05,mcs70_m2Dr6_s70.B05,dal_dal,43,67,6679820682,1000.02,1,50184239,6.10838,4610443496,4610443496,0
mcs70_m2Dr6_s70.A06,mcs70_m2Dr6_s70.B06,dal_dal,42,67,7180658388,1000.02,1,3895581446,516.603,5137015227,5137015227,0
mcs70_m2Dr6_s70.A07,mcs70_m2Dr6_s70.B07,dal_dal,43,67,6483245119,1000.02,1,3880010297,604.838,4456072569,4456072569,0
mcs70_m2Dr6_s70.A08,mcs70_m2Dr6_s70.B08,dal_dal,43,59,6951845931,1000.02,1,805812225,109.33,4634790978,4634790978,0
mcs70_m2Dr6_s70.A09,mcs70_m2Dr6_s70.B09,dal_dal,41,65,6147572234,1000.02,1,2421147,0.388422,4136158251,4136158251,0
mcs70_m2Dr6_s80.A00,mcs70_m2Dr6_s80.B00,dal_dal,47,77,5762489390,1000.02,1,24680461,3.89083,3657831643,3657831643,0
mcs70_m2Dr6_s80.A01,mcs70_m2Dr6_s80.B01,dal_dal,50,88,6654901038,1000.02,1,6545645170,982.769,4450991394,4450991394,0
mcs70_m2Dr6_s80.A02,mcs70_m2Dr6_s80.B02,dal_dal,48,76,6516914226,1000.01,1,400290864,56.7106,4547111529,4547111529,0
mcs70_m2Dr6_s80.A03,mcs70_m2Dr6_s80.B03,dal_dal,49,75,6526692723,1000.02,1,6067557524,927.836,4235022014,4235022014,0
mcs70_m2Dr6_s80.A04,mcs70_m2Dr6_s80.B04,dal_dal,51,75,6729887792,1000.02,1,986365094,86.4406,4717123664,4717123664,0
mcs70_m2Dr6_s80.A05,mcs70_m2Dr6_s80.B05,dal_dal,48,55,6348207741,1000.03,1,2191970138,344.438,4346589845,4346589845,0
mcs70_m2Dr6_s80.A06,mcs70_m2Dr6_s80.B06,dal_dal,50,71,5918419895,1000.02,1,272338305,42.4581,3730708135,3730708135,0
mcs70_m2Dr6_s80.A07,mcs70_m2Dr6_s80.B07,dal_dal,48,74,6631597857,1000.01,1,292490766,41.582,4841556002,4841556002,0
mcs70_m2Dr6_s80.A08,mcs70_m2Dr6_s80.B08,dal_dal,48,73,6664921983,1000.01,1,85806817,12.2727,4600075732,4600075732,0
mcs70_m2Dr6_s80.A09,mcs70_m2Dr6_s80.B09,dal_dal,49,72,6164931389,1000.01,1,2988926899,463.529,3859330041,3859330041,0
mcs70_m2Dr6_s90.A00,mcs70_m2Dr6_s90.B00,dal_dal,52,71,6734753295,1000.01,1,7336944,0.686711,5011379454,5011379454,0
mcs70_m2Dr6_s90.A01,mcs70_m2Dr6_s90.B01,dal_dal,52,69,6527634947,1000.01,1,15612275,2.24435,4115491576,4115491576,0
mcs70_m2Dr6_s90.A02,mcs70_m2Dr6_s90.B02,dal_dal,53,78,6770127727,1000.02,1,5176321031,751.309,4820394665,4820394665,0
mcs70_m2Dr6_s90.A03,mcs70_m2Dr6_s90.B03,dal_dal,54,74,6316758644,1000.02,1,3240338271,492.922,4084649329,4084649329,0
mcs70_m2Dr6_s90.A04,mcs70_m2Dr6_s90.B04,dal_dal,54,79,6627595350,1000.02,1,5089544244,755.139,4354361153,4354361153,0
mcs70_m2Dr6_s90.A05,mcs70_m2Dr6_s90.B05,dal_dal,53,78,6592723956,1000.01,1,94321637,5.3905,4582198793,4582198793,0
mcs70_m2Dr6_s90.A06,mcs70_m2Dr6_s90.B06,dal_dal,56,86,6484059368,1000.02,1,5582159214,851.615,4315778165,4315778165,0
mcs70_m2Dr6_s90.A07,mcs70_m2Dr6_s90.B07,dal_dal,53,76,6476576887,1000.02,1,216482199,34.7068,4345428262,4345428262,0
mcs70_m2Dr6_s90.A08,mcs70_m2Dr6_s90.B08,dal_dal,53,77,6685869731,1000.01,1,28358,0.00394239,4568124972,4568124972,0
mcs70_m2Dr6_s90.A09,mcs70_m2Dr6_s90.B09,dal_dal,52,81,6822130094,1000.02,1,2441165172,343.267,4353290961,4353290961,0
mcs70_m3D_s100.A00,mcs70_m3D_s100.B00,dal_dal,59,69,4973057206,1000.01,1,374612757,59.3197,3418729261,3418729261,0
mcs70_m3D_s100.A01,mcs70_m3D_s100.B01,dal_dal,60,96,6636846469,1000.02,1,46217493,5.83964,4607496290,4607496290,0
mcs70_m3D_s100.A02,mcs70_m3D_s100.B02,dal_dal,61,92,6430472665,1000.02,1,3396027761,520.817,4279594786,4279594786,0
mcs70_m3D_s100.A03,mcs70_m3D_s100.B03,dal_dal,60,96,6430947911,1000.02,1,1014181523,153.506,4529654745,4529654745,0
mcs70_m3D_s100.A04,mcs70_m3D_s100.B04,dal_dal,59,82,6527048104,1000.02,1,288955093,44.2227,4139180659,4139180659,0
mcs70_m3D_s100.A05,mcs70_m3D_s100.B05,dal_dal,58,80,7056810496,1000.02,1,117216236,15.6195,4767983389,4767983389,0
mcs70_m3D_s100.A06,mcs70_m3D_s100.B06,dal_dal,57,88,12402676917,1000.02,1,10393874921,695.851,9785633169,9785633169,0
mcs70_m3D_s100.A07,mcs70_m3D_s100.B07,dal_dal,58,81,6339431302,1000.02,1,696620886,94.2368,4081469883,4081469883,0
mcs70_m3D_s100.A08,mcs70_m3D_s100.B08,dal_dal,63,94,6470469895,1000.02,1,1501788960,226.117,4494344875,4494344875,0
mcs70_m3D_s100.A09,mcs70_m3D_s100.B09,dal_dal,59,95,6924508178,1000.01,1,3139375244,435.935,4638991256,4638991256,0
mcs70_m3D_s35.A00,mcs70_m3D_s35.B00,dal_dal,28,50,4863177,0.794,0,2213089,0.344583,2926710,2926710,0
mcs70_m3D_s35.A01,mcs70_m3D_s35.B01,dal_dal,28,45,2593679,0.43437,0,622110,0.0892548,1562392,1562392,0
mcs70_m3D_s35.A02,mcs70_m3D_s35.B02,dal_dal,29,49,6373739,1.01463,0,6191758,0.982891,3979917,3979917,0
mcs70_m3D_s35.A03,mcs70_m3D_s35.B03,dal_dal,28,47,1835132,0.374311,0,909708,0.181213,1149589,1149589,0
mcs70_m3D_s35.A04,mcs70_m3D_s35.B04,dal_dal,29,49,6878670,1.09704,0,6362032,1.00409,4234124,4234124,0
mcs70_m3D_s35.A05,mcs70_m3D_s35.B05,dal_dal,27,42,5998508,0.991506,0,973667,0.152628,3674809,3674809,0
mcs70_m3D_s35.A06,mcs70_m3D_s35.B06,dal_dal,27,48,6036458,0.998637,0,712843,0.112982,3714004,3714004,0
mcs70_m3D_s35.A07,mcs70_m3D_s35.B07,dal_dal,27,46,3874515,0.640385,0,37247,0.00498711,2346566,2346566,0
mcs70_m3D_s35.A08,mcs70_m3D_s35.B08,dal_dal,29,46,3827474,0.620061,0,3696312,0.596484,2443578,2443578,0
mcs70_m3D_s35.A09,mcs70_m3D_s35.B09,dal_dal,28,46,7899500,1.43346,0,6716736,1.20479,4963794,4963794,0
mcs70_m3D_s40.A00,mcs70_m3D_s40.B00,dal_dal,29,45,454499058,68.8444,0,271314659,39.0208,292807347,292807347,0
mcs70_m3D_s40.A01,mcs70_m3D_s40.B01,dal_dal,30,51,232675335,35.7478,0,175221188,25.9697,149403430,149403430,0
mcs70_m3D_s40.A02,mcs70_m3D_s40.B02,dal_dal,30,43,82549981,13.3591,0,41500243,6.37596,52572786,52572786,0
mcs70_m3D_s40.A03,mcs70_m3D_s40.B03,dal_dal,29,39,403778015,65.1724,0,195292896,30.4431,261626723,261626723,0
mcs70_m3D_s40.A04,mcs70_m3D_s40.B04,dal_dal,30,46,94679748,15.8838,0,6309370,0.924505,60498321,60498321,0
mcs70_m3D_s40.A05,mcs70_m3D_s40.B05,dal_dal,29,47,198621616,32.1099,0,429647,0.0685525,128312206,128312206,0
mcs70_m3D_s40.A06,mcs70_m3D_s40.B06,dal_dal,31,52,297657451,47.023,0,284041899,44.6365,192754560,192754560,0
mcs70_m3D_s40.A07,mcs70_m3D_s40.B07,dal_dal,30,53,126827105,21.0509,0,82044441,13.3342,81667216,81667216,0
mcs70_m3D_s40.A08,mcs70_m3D_s40.B08,dal_dal,30,48,94056049,15.3827,0,59910900,9.67305,59836574,59836574,0
mcs70_m3D_s40.A09,mcs70_m3D_s40.B09,dal_dal,30,49,413845063,75.3299,0,356414543,64.459,265405223,265405223,0
mcs70_m3D_s90.A00,mcs70_m3D_s90.B00,dal_dal,55,77,6048373563,1000.02,1,9643791,1.51017,3694658394,3694658394,0
mcs70_m3D_s90.A01,mcs70_m3D_s90.B01,dal_dal,54,77,6649592243,1000.02,1,1237883,0.170308,4448232360,4448232360,0
mcs70_m3D_s90.A02,mcs70_m3D_s90.B02,dal_dal,55,73,6524660691,1000.02,1,3013126286,460.01,4382977038,4382977038,0
mcs70_m3D_s90.A03,mcs70_m3D_s90.B03,dal_dal,55,83,6112958860,1000.01,1,247324610,30.0471,4126220495,4126220495,0
mcs70_m3D_s90.A04,mcs70_m3D_s90.B04,dal_dal,54,79,5822314689,1000.01,1,32497884,4.23611,3443389117,3443389117,0
mcs70_m3D_s90.A05,mcs70_m3D_s90.B05,dal_dal,55,78,6201011064,1000,1,375631534,56.0761,4185190042,4185190042,0
mcs70_m3D_s90.A06,mcs70_m3D_s90.B06,dal_dal,54,78,5440426292,1000.01,1,2266890,0.253182,3500650030,3500650030,0
mcs70_m3D_s90.A07,mcs70_m3D_s90.B07,dal_dal,55,71,6261918322,1000.02,1,383434112,57.9405,3989947520,3989947520,0
mcs70_m3D_s90.A08,mcs70_m3D_s90.B08,dal_dal,56,84,6052187016,1000.02,1,92661082,13.8604,4045177074,4045177074,0
mcs70_m3D_s90.A09,mcs70_m3D_s90.B09,dal_dal,55,79,6404188915,1000.02,1,6403178287,999.849,4326415933,4326415933,0
mcs70_m3Dr2_s100.A00,mcs70_m3Dr2_s100.B00,dal_dal,58,84,6659235377,1000.01,1,162025947,20.5308,4516731587,4516731587,0
mcs70_m3Dr2_s100.A01,mcs70_m3Dr2_s100.B01,dal_dal,57,84,6308440932,1000.01,1,2300290838,344.996,4054059310,4054059310,0
mcs70_m3Dr2_s100.A02,mcs70_m3Dr2_s100.B02,dal_dal,57,83,2872622426,1000.02,1,504467200,163.156,1759605396,1759605396,0
mcs70_m3Dr2_s100.A03,mcs70_m3Dr2_s100.B03,dal_dal,56,82,6399381005,1000.01,1,4572650677,702.835,4203629240,4203629240,0
mcs70_m3Dr2_s100.A04,mcs70_m3Dr2_s100.B04,dal_dal,56,95,6711355227,1000.02,1,3021977458,430.471,4518442960,4518442960,0
mcs70_m3Dr2_s100.A05,mcs70_m3Dr2_s100.B05,dal_dal,57,90,7430898337,1000.02,1,1393737481,97.9269,5395543017,5395543017,0
mcs70_m3Dr2_s100.A06,mcs70_m3Dr2_s100.B06,dal_dal,57,84,5737044214,1000.02,1,2634113999,433.988,3547173266,3547173266,0
mcs70_m3Dr2_s100.A07,mcs70_m3Dr2_s100.B07,dal_dal,59,77,5100082480,1000.02,1,633709647,121,3306329705,3306329705,0
mcs70_m3Dr2_s100.A08,mcs70_m3Dr2_s100.B08,dal_dal,58,87,4876412871,1000.02,1,1603644264,316.942,3179352014,3179352014,0
mcs70_m3Dr2_s100.A09,mcs70_m3Dr2_s100.B09,dal_dal,57,86,6503580963,1000.02,1,3743729,0.491013,4258298293,4258298293,0
mcs70_m3Dr2_s35.A00,mcs70_m3Dr2_s35.B00,dal_dal,28,58,77331840,11.7147,0,76883374,11.6318,49780561,49780561,0
mcs70_m3Dr2_s35.A01,mcs70_m3Dr2_s35.B01,dal_dal,28,50,58683452,8.93894,0,58413647,8.89027,37117482,37117482,0
mcs70_m3Dr2_s35.A02,mcs70_m3Dr2_s35.B02,dal_dal,28,50,26935996,4.32315,0,26500176,4.24057,17235151,17235151,0
mcs70_m3Dr2_s35.A03,mcs70_m3Dr2_s35.B03,dal_dal,28,51,9605114,1.53368,0,9086193,1.44166,6108657,6108657,0
mcs70_m3Dr2_s35.A04,mcs70_m3Dr2_s35.B04,dal_dal,28,54,46749077,7.31846,0,45420047,7.07434,29974677,29974677,0
mcs70_m3Dr2_s35.A05,mcs70_m3Dr2_s35.B05,dal_dal,27,46,17205201,2.84637,0,14373734,2.26847,11066491,11066491,0
mcs70_m3Dr2_s35.A06,mcs70_m3Dr2_s35.B06,dal_dal,27,49,57750352,10.3271,0,57226391,10.2201,37262610,37262610,0
mcs70_m3Dr2_s35.A07,mcs70_m3Dr2_s35.B07,dal_dal,28,55,50494401,8.22297,0,50151409,8.15427,32562304,32562304,0
mcs70_m3Dr2_s35.A08,mcs70_m3Dr2_s35.B08,dal_dal,27,44,22824407,3.726,0,20749237,3.35401,14681254,14681254,0
mcs70_m3Dr2_s35.A09,mcs70_m3Dr2_s35.B09,dal_dal,27,49,68625812,11.0253,0,67383582,10.7961,43506940,43506940,0
mcs70_m3Dr2_s40.A00,mcs70_m3Dr2_s40.B00,dal_dal,27,41,1776811068,289.648,0,9993987,1.49003,1160787708,1160787708,0
mcs70_m3Dr2_s40.A01,mcs70_m3Dr2_s40.B01,dal_dal,29,53,1256003934,199.48,0,1196846056,189.018,818071293,818071293,0
mcs70_m3Dr2_s40.A02,mcs70_m3Dr2_s40.B02,dal_dal,28,50,4821118159,768.036,0,4426552057,701.149,3121424657,3121424657,0
mcs70_m3Dr2_s40.A03,mcs70_m3Dr2_s40.B03,dal_dal,29,52,1642375749,254.461,0,1584213742,244.539,1069873370,1069873370,0
mcs70_m3Dr2_s40.A04,mcs70_m3Dr2_s40.B04,dal_dal,29,54,552865342,93.3114,0,466124664,76.4997,362604257,362604257,0
mcs70_m3Dr2_s40.A05,mcs70_m3Dr2_s40.B05,dal_dal,29,49,261563789,50.4729,0,171857217,32.0241,171885000,171885000,0
mcs70_m3Dr2_s40.A06,mcs70_m3Dr2_s40.B06,dal_dal,27,46,2817606995,450.305,0,543666144,83.4947,1854088174,1854088174,0
mcs70_m3Dr2_s40.A07,mcs70_m3Dr2_s40.B07,dal_dal,27,40,2025031026,321.77,0,12620430,1.7321,1335572364,1335572364,0
mcs70_m3Dr2_s40.A08,mcs70_m3Dr2_s40.B08,dal_dal,29,41,518053184,83.7381,0,485055510,77.9181,341374457,341374457,0
mcs70_m3Dr2_s40.A09,mcs70_m3Dr2_s40.B09,dal_dal,27,46,3738543239,707.254,0,3115877698,582.87,2492606499,2492606499,0
mcs70_m3Dr2_s90.A00,mcs70_m3Dr2_s90.B00,dal_dal,52,76,5442393828,1000.02,1,25540799,4.587,3540646835,3540646835,0
mcs70_m3Dr2_s90.A01,mcs70_m3Dr2_s90.B01,dal_dal,53,89,6768275042,1000.01,1,5083775127,744.369,4487202995,4487202995,0
mcs70_m3Dr2_s90.A02,mcs70_m3Dr2_s90.B02,dal_dal,52,81,4953095575,1000.01,1,57780217,11.679,3096596677,3096596677,0
mcs70_m3Dr2_s90.A03,mcs70_m3Dr2_s90.B03,dal_dal,55,78,5275869731,1000.01,1,92724255,16.8106,3361507456,3361507456,0
mcs70_m3Dr2_s90.A04,mcs70_m3Dr2_s90.B04,dal_dal,51,84,6594844455,1000.02,1,6164012671,927.609,4291371654,4291371654,0
mcs70_m3Dr2_s90.A05,mcs70_m3Dr2_s90.B05,dal_dal,54,82,6365705723,1000.02,1,9322699,1.3501,4215306445,4215306445,0
mcs70_m3Dr2_s90.A06,mcs70_m3Dr2_s90.B06,dal_dal,52,75,6602867848,1000.02,1,49434873,6.81877,4236651687,4236651687,0
mcs70_m3Dr2_s90.A07,mcs70_m3Dr2_s90.B07,dal_dal,50,77,6812274387,1000.02,1,30274981,3.27146,4622879739,4622879739,0
mcs70_m3Dr2_s90.A08,mcs70_m3Dr2_s90.B08,dal_dal,51,78,6137100995,1000.02,1,222667383,33.1522,3977520827,3977520827,0
mcs70_m3Dr2_s90.A09,mcs70_m3Dr2_s90.B09,dal_dal,52,81,6177414925,1000.02,1,226207993,33.2061,4070937552,4070937552,0
mcs70_m3Dr4_s100.A00,mcs70_m3Dr4_s100.B00,dal_dal,53,77,6172738683,1000.02,1,1389548916,233.93,3931309836,3931309836,0
mcs70_m3Dr4_s100.A01,mcs70_m3Dr4_s100.B01,dal_dal,56,85,6655194505,1000.02,1,184227134,24.3228,4373573106,4373573106,0
mcs70_m3Dr4_s100.A02,mcs70_m3Dr4_s100.B02,dal_dal,55,87,5913775711,1000.02,1,8596849,1.10414,3763018004,3763018004,0
mcs70_m3Dr4_s100.A03,mcs70_m3Dr4_s100.B03,dal_dal,54,69,6375722347,1000.01,1,4457908483,666.455,4677764093,4677764093,0
mcs70_m3Dr4_s100.A04,mcs70_m3Dr4_s100.B04,dal_dal,55,93,5153982539,1000.02,1,582996943,108.234,3141120323,3141120323,0
mcs70_m3Dr4_s100.A05,mcs70_m3Dr4_s100.B05,dal_dal,56,99,5600756700,1000.02,1,263749,0.0361367,3389129375,3389129375,0
mcs70_m3Dr4_s100.A06,mcs70_m3Dr4_s100.B06,dal_dal,55,91,6406051096,1000.02,1,314550862,36.5342,4172191282,4172191282,0
mcs70_m3Dr4_s100.A07,mcs70_m3Dr4_s100.B07,dal_dal,58,90,6145954604,1000.01,1,234029850,27.1741,4078072592,4078072592,0
mcs70_m3Dr4_s100.A08,mcs70_m3Dr4_s100.B08,dal_dal,56,78,4501012794,1000.02,1,255285826,52.7499,2798002323,2798002323,0
mcs70_m3Dr4_s100.A09,mcs70_m3Dr4_s100.B09,dal_dal,56,97,4615640331,1000.02,1,696980846,144.546,2885650148,2885650148,0
mcs70_m3Dr4_s35.A00,mcs70_m3Dr4_s35.B00,dal_dal,27,50,72998020,11.4526,0,71659873,11.2059,47676512,47676512,0
mcs70_m3Dr4_s35.A01,mcs70_m3Dr4_s35.B01,dal_dal,27,55,68816615,11.9295,0,67255123,11.6172,43946947,43946947,0
mcs70_m3Dr4_s35.A02,mcs70_m3Dr4_s35.B02,dal_dal,29,61,37348588,6.01319,0,37272433,5.99837,24216016,24216016,0
mcs70_m3Dr4_s35.A03,mcs70_m3Dr4_s35.B03,dal_dal,27,56,198855676,31.7429,0,197714076,31.5284,127921151,127921151,0
mcs70_m3Dr4_s35.A04,mcs70_m3Dr4_s35.B04,dal_dal,27,55,111336083,17.5731,0,110449331,17.4134,72456995,72456995,0
mcs70_m3Dr4_s35.A05,mcs70_m3Dr4_s35.B05,dal_dal,27,47,66496874,10.7073,0,65377983,10.5034,43187715,43187715,0
mcs70_m3Dr4_s35.A06,mcs70_m3Dr4_s35.B06,dal_dal,27,53,2983511,0.538308,0,703869,0.107659,1930514,1930514,0
mcs70_m3Dr4_s35.A07,mcs70_m3Dr4_s35.B07,dal_dal,27,48,50136708,8.45587,0,49791612,8.38709,32216038,32216038,0
mcs70_m3Dr4_s35.A08,mcs70_m3Dr4_s35.B08,dal_dal,28,47,7083914,1.08955,0,6763569,1.02777,4723355,4723355,0
mcs70_m3Dr4_s35.A09,mcs70_m3Dr4_s35.B09,dal_dal,27,53,28135993,4.62164,0,26507865,4.31814,18285482,18285482,0
mcs70_m3Dr4_s40.A00,mcs70_m3Dr4_s40.B00,dal_dal,28,55,1605776861,259.073,0,1541768423,247.692,1072859026,1072859026,0
mcs70_m3Dr4_s40.A01,mcs70_m3Dr4_s40.B01,dal_dal,28,47,626128443,104.967,0,389376260,62.116,408115827,408115827,0
mcs70_m3Dr4_s40.A02,mcs70_m3Dr4_s40.B02,dal_dal,27,45,1656165099,269.455,0,882607282,138.602,1101578327,1101578327,0
mcs70_m3Dr4_s40.A03,mcs70_m3Dr4_s40.B03,dal_dal,28,51,2511973482,400.555,0,2411956047,383.09,1660486466,1660486466,0
mcs70_m3Dr4_s40.A04,mcs70_m3Dr4_s40.B04,dal_dal,28,49,800640709,127.772,0,619818596,96.1524,522720402,522720402,0
mcs70_m3Dr4_s40.A05,mcs70_m3Dr4_s40.B05,dal_dal,28,50,4791538142,754.054,0,4666379867,731.864,3171627666,3171627666,0
mcs70_m3Dr4_s40.A06,mcs70_m3Dr4_s40.B06,dal_dal,28,41,3396446558,540.082,0,3284954765,520.596,2212714560,2212714560,0
mcs70_m3Dr4_s40.A07,mcs70_m3Dr4_s40.B07,dal_dal,27,45,962946985,165.279,0,112079075,17.6866,633796837,633796837,0
mcs70_m3Dr4_s40.A08,mcs70_m3Dr4_s40.B08,dal_dal,28,48,3041748671,491.7,0,2933882184,472.821,2025114061,2025114061,0
mcs70_m3Dr4_s40.A09,mcs70_m3Dr4_s40.B09,dal_dal,29,51,1235409278,219.021,0,1181840276,207.943,787196086,787196086,0
mcs70_m3Dr4_s90.A00,mcs70_m3Dr4_s90.B00,dal_dal,50,73,6244497283,1000.01,1,1582020959,247.188,4023519987,4023519987,0
mcs70_m3Dr4_s90.A01,mcs70_m3Dr4_s90.B01,dal_dal,52,87,6020620280,1000.02,1,1764986755,278.919,3864229491,3864229491,0
mcs70_m3Dr4_s90.A02,mcs70_m3Dr4_s90.B02,dal_dal,50,85,6347095790,1000.02,1,5703403468,899.223,4122530383,4122530383,0
mcs70_m3Dr4_s90.A03,mcs70_m3Dr4_s90.B03,dal_dal,51,65,6362866244,1000.01,1,2027820085,308.051,4130611133,4130611133,0
mcs70_m3Dr4_s90.A04,mcs70_m3Dr4_s90.B04,dal_dal,51,80,5494103447,1000.02,1,162893299,26.6955,3354664636,3354664636,0
mcs70_m3Dr4_s90.A05,mcs70_m3Dr4_s90.B05,dal_dal,51,87,6256746805,1000.02,1,3111429505,467.838,4056176684,4056176684,0
mcs70_m3Dr4_s90.A06,mcs70_m3Dr4_s90.B06,dal_dal,51,86,5760595832,1000.02,1,96438884,15.2677,3581605989,3581605989,0
mcs70_m3Dr4_s90.A07,mcs70_m3Dr4_s90.B07,dal_dal,52,87,3093830254,1000.02,1,18173581,5.8262,1925417407,1925417407,0
mcs70_m3Dr4_s90.A08,mcs70_m3Dr4_s90.B08,dal_dal,50,82,3161810102,1000.02,1,504391412,155.422,1991042467,1991042467,0
mcs70_m3Dr4_s90.A09,mcs70_m3Dr4_s90.B09,dal_dal,50,77,3100027365,1000.01,1,46599110,13.9644,2039427861,2039427861,0
mcs70_m3Dr6_s100.A00,mcs70_m3Dr6_s100.B00,dal_dal,53,83,6339357061,1000.02,1,2695591702,341.889,4186097135,4186097135,0
mcs70_m3Dr6_s100.A01,mcs70_m3Dr6_s100.B01,dal_dal,53,82,6236834454,1000.01,1,566252620,89.2466,4063409600,4063409600,0
mcs70_m3Dr6_s100.A02,mcs70_m3Dr6_s100.B02,dal_dal,54,95,5757134379,1000.01,1,447331099,75.7127,3623685595,3623685595,0
mcs70_m3Dr6_s100.A03,mcs70_m3Dr6_s100.B03,dal_dal,53,94,6388273451,1000.02,1,1948746669,245.731,4211635970,4211635970,0
mcs70_m3Dr6_s100.A04,mcs70_m3Dr6_s100.B04,dal_dal,55,89,6147534986,1000.02,1,3000531310,478.446,4078095491,4078095491,0
mcs70_m3Dr6_s100.A05,mcs70_m3Dr6_s100.B05,dal_dal,53,79,5968938479,1000.01,1,14403583,1.70003,3852216738,3852216738,0
mcs70_m3Dr6_s100.A06,mcs70_m3Dr6_s100.B06,dal_dal,52,90,6203322892,1000.01,1,1564018790,244.503,3955668493,3955668493,0
mcs70_m3Dr6_s100.A07,mcs70_m3Dr6_s100.B07,dal_dal,53,90,6270031225,1000.01,1,1748372071,271.666,4147131843,4147131843,0
mcs70_m3Dr6_s100.A08,mcs70_m3Dr6_s100.B08,dal_dal,53,91,6021907201,1000.02,1,403289063,64.2152,3812551837,3812551837,0
mcs70_m3Dr6_s100.A09,mcs70_m3Dr6_s100.B09,dal_dal,54,69,5948135977,1000.01,1,2596925921,419.436,3732728659,3732728659,0
mcs70_m3Dr6_s35.A00,mcs70_m3Dr6_s35.B00,dal_dal,27,55,45012158,8.53976,0,43851274,8.28637,29313164,29313164,0
mcs70_m3Dr6_s35.A01,mcs70_m3Dr6_s35.B01,dal_dal,27,58,50853606,8.33291,0,50407369,8.24661,32931466,32931466,0
mcs70_m3Dr6_s35.A02,mcs70_m3Dr6_s35.B02,dal_dal,27,52,31054368,5.0816,0,30455387,4.96683,20742864,20742864,0
mcs70_m3Dr6_s35.A03,mcs70_m3Dr6_s35.B03,dal_dal,27,57,16803802,2.47546,0,16038383,2.3311,10923788,10923788,0
mcs70_m3Dr6_s35.A04,mcs70_m3Dr6_s35.B04,dal_dal,27,57,161282976,25.5449,0,160686892,25.4313,104350352,104350352,0
mcs70_m3Dr6_s35.A05,mcs70_m3Dr6_s35.B05,dal_dal,27,57,57428915,8.89613,0,55745085,8.57775,37534519,37534519,0
mcs70_m3Dr6_s35.A06,mcs70_m3Dr6_s35.B06,dal_dal,27,57,51240856,8.9671,0,50166589,8.72144,33389908,33389908,0
mcs70_m3Dr6_s35.A07,mcs70_m3Dr6_s35.B07,dal_dal,27,49,34315205,5.68394,0,33676194,5.55978,22807583,22807583,0
mcs70_m3Dr6_s35.A08,mcs70_m3Dr6_s35.B08,dal_dal,27,50,33801162,5.41455,0,32532849,5.18122,22181372,22181372,0
mcs70_m3Dr6_s35.A09,mcs70_m3Dr6_s35.B09,dal_dal,27,58,50238415,7.79166,0,49734413,7.69199,32657995,32657995,0
mcs70_m3Dr6_s40.A00,mcs70_m3Dr6_s40.B00,dal_dal,28,53,236589757,39.4672,0,173465777,27.6405,159743254,159743254,0
mcs70_m3Dr6_s40.A01,mcs70_m3Dr6_s40.B01,dal_dal,27,45,2310835355,380.171,0,2159538214,353.021,1506702237,1506702237,0
mcs70_m3Dr6_s40.A02,mcs70_m3Dr6_s40.B02,dal_dal,29,51,873205359,143.25,0,865093188,141.668,577674255,577674255,0
mcs70_m3Dr6_s40.A03,mcs70_m3Dr6_s40.B03,dal_dal,28,57,2549143726,417.564,0,2496194731,407.907,1663162178,1663162178,0
mcs70_m3Dr6_s40.A04,mcs70_m3Dr6_s40.B04,dal_dal,27,50,3039921293,644.014,0,2826870711,595.896,2006036834,2006036834,0
mcs70_m3Dr6_s40.A05,mcs70_m3Dr6_s40.B05,dal_dal,28,50,255475930,88.5599,0,166764909,55.1844,168036662,168036662,0
mcs70_m3Dr6_s40.A06,mcs70_m3Dr6_s40.B06,dal_dal,27,47,1053898730,181.039,0,573108376,93.541,691534554,691534554,0
mcs70_m3Dr6_s40.A07,mcs70_m3Dr6_s40.B07,dal_dal,28,56,792122998,136.705,0,732658033,125.365,524682781,524682781,0
mcs70_m3Dr6_s40.A08,mcs70_m3Dr6_s40.B08,dal_dal,28,45,2254087532,420.162,0,2126638933,393.682,1476942363,1476942363,0
mcs70_m3Dr6_s40.A09,mcs70_m3Dr6_s40.B09,dal_dal,29,62,2346773499,398.136,0,2323167195,393.469,1522983653,1522983653,0
mcs70_m3Dr6_s90.A00,mcs70_m3Dr6_s90.B00,dal_dal,50,77,5611848265,1000.02,1,25592963,3.94718,3453485294,3453485294,0
mcs70_m3Dr6_s90.A01,mcs70_m3Dr6_s90.B01,dal_dal,48,75,5388287694,1000.01,1,51041447,8.67425,3364858709,3364858709,0
mcs70_m3Dr6_s90.A02,mcs70_m3Dr6_s90.B02,dal_dal,50,87,6009174368,1000.01,1,2563608226,412.939,3832397757,3832397757,0
mcs70_m3Dr6_s90.A03,mcs70_m3Dr6_s90.B03,dal_dal,49,70,6325583929,1000.01,1,757898204,119.117,4118174219,4118174219,0
mcs70_m3Dr6_s90.A04,mcs70_m3Dr6_s90.B04,dal_dal,48,77,5945196681,1000.02,1,3131435677,525.35,3748566494,3748566494,0
mcs70_m3Dr6_s90.A05,mcs70_m3Dr6_s90.B05,dal_dal,47,78,6196317398,1000.02,1,3908457535,620.117,3838377627,3838377627,0
mcs70_m3Dr6_s90.A06,mcs70_m3Dr6_s90.B06,dal_dal,50,82,5336663477,1000.02,1,297156469,55.8499,3319827420,3319827420,0
mcs70_m3Dr6_s90.A07,mcs70_m3Dr6_s90.B07,dal_dal,50,74,3232166188,1000.01,1,1355049209,406.052,2236984299,2236984299,0
mcs70_m3Dr6_s90.A08,mcs70_m3Dr6_s90.B08,dal_dal,49,83,6120920657,1000.01,1,4970291382,807.586,3783538169,3783538169,0
mcs70_m3Dr6_s90.A09,mcs70_m3Dr6_s90.B09,dal_dal,48,80,5936375388,1000.01,1,2251571119,364.149,3937155506,3937155506,0
mcs70_m4D_s25.A00,mcs70_m4D_s25.B00,dal_dal,19,26,223965,0.0262078,0,107978,0.0113961,152342,152342,0
mcs70_m4D_s25.A01,mcs70_m4D_s25.B01,dal_dal,19,32,279613,0.0325121,0,162510,0.0166633,196174,196174,0
mcs70_m4D_s25.A02,mcs70_m4D_s25.B02,dal_dal,19,28,247869,0.0326455,0,142955,0.0180168,181178,181178,0
mcs70_m4D_s25.A03,mcs70_m4D_s25.B03,dal_dal,19,30,300675,0.0385805,0,148002,0.018621,208414,208414,0
mcs70_m4D_s25.A04,mcs70_m4D_s25.B04,dal_dal,19,31,312889,0.0383787,0,159478,0.0186917,211398,211398,0
mcs70_m4D_s25.A05,mcs70_m4D_s25.B05,dal_dal,19,23,104676,0.013859,0,4599,0.000550116,67721,67721,0
mcs70_m4D_s25.A06,mcs70_m4D_s25.B06,dal_dal,20,29,147859,0.0173489,0,127495,0.0144905,101950,101950,0
mcs70_m4D_s25.A07,mcs70_m4D_s25.B07,dal_dal,19,21,211894,0.0277108,0,91110,0.0111953,144833,144833,0
mcs70_m4D_s25.A08,mcs70_m4D_s25.B08,dal_dal,20,23,149208,0.0184869,0,141071,0.0174476,103491,103491,0
mcs70_m4D_s25.A09,mcs70_m4D_s25.B09,dal_dal,19,27,159533,0.0193181,0,56000,0.00708311,104609,104609,0
mcs70_m4Dr2_s25.A00,mcs70_m4Dr2_s25.B00,dal_dal,18,23,558339,0.0747531,0,127681,0.0167629,391882,391882,0
mcs70_m4Dr2_s25.A01,mcs70_m4Dr2_s25.B01,dal_dal,18,22,246097,0.0354113,0,9003,0.00142217,167267,167267,0
mcs70_m4Dr2_s25.A02,mcs70_m4Dr2_s25.B02,dal_dal,18,25,666611,0.0839611,0,9364,0.00139321,446245,446245,0
mcs70_m4Dr2_s25.A03,mcs70_m4Dr2_s25.B03,dal_dal,18,29,630542,0.0823725,0,123915,0.0138924,421019,421019,0
mcs70_m4Dr2_s25.A04,mcs70_m4Dr2_s25.B04,dal_dal,18,30,581078,0.0789496,0,50775,0.00628944,413132,413132,0
mcs70_m4Dr2_s25.A05,mcs70_m4Dr2_s25.B05,dal_dal,18,26,578629,0.0837326,0,333066,0.0472551,378899,378899,0
mcs70_m4Dr2_s25.A06,mcs70_m4Dr2_s25.B06,dal_dal,17,29,773481,0.101521,0,147921,0.0170331,532770,532770,0
mcs70_m4Dr2_s25.A07,mcs70_m4Dr2_s25.B07,dal_dal,18,31,332307,0.0447717,0,29583,0.0037801,214838,214838,0
mcs70_m4Dr2_s25.A08,mcs70_m4Dr2_s25.B08,dal_dal,18,29,711471,0.0869463,0,215325,0.0233376,496183,496183,0
mcs70_m4Dr2_s25.A09,mcs70_m4Dr2_s25.B09,dal_dal,19,29,227136,0.0299592,0,179023,0.0228363,149711,149711,0
mcs70_m4Dr4_s25.A00,mcs70_m4Dr4_s25.B00,dal_dal,18,32,1037068,0.149734,0,913859,0.130586,682189,682189,0
mcs70_m4Dr4_s25.A01,mcs70_m4Dr4_s25.B01,dal_dal,17,27,480697,0.0752519,0,22938,0.00331507,315506,315506,0
mcs70_m4Dr4_s25.A02,mcs70_m4Dr4_s25.B02,dal_dal,18,28,473381,0.0670644,0,415376,0.0583851,304292,304292,0
mcs70_m4Dr4_s25.A03,mcs70_m4Dr4_s25.B03,dal_dal,18,34,285246,0.0409363,0,135224,0.0191304,206662,206662,0
mcs70_m4Dr4_s25.A04,mcs70_m4Dr4_s25.B04,dal_dal,18,28,521541,0.0734946,0,329253,0.0439562,345602,345602,0
mcs70_m4Dr4_s25.A05,mcs70_m4Dr4_s25.B05,dal_dal,17,23,679322,0.113686,0,33840,0.00485171,479841,479841,0
mcs70_m4Dr4_s25.A06,mcs70_m4Dr4_s25.B06,dal_dal,17,27,578475,0.0810241,0,1076,0.000144398,384804,384804,0
mcs70_m4Dr4_s25.A07,mcs70_m4Dr4_s25.B07,dal_dal,18,28,471689,0.0659478,0,213620,0.0284536,311340,311340,0
mcs70_m4Dr4_s25.A08,mcs70_m4Dr4_s25.B08,dal_dal,18,33,80531,0.0116567,0,6217,0.000819143,53722,53722,0
mcs70_m4Dr4_s25.A09,mcs70_m4Dr4_s25.B09,dal_dal,17,29,707228,0.104321,0,100370,0.0136772,466119,466119,0
mcs70_m4Dr6_s25.A00,mcs70_m4Dr6_s25.B00,dal_dal,17,32,485009,0.0769486,0,85522,0.0131287,312170,312170,0
mcs70_m4Dr6_s25.A01,mcs70_m4Dr6_s25.B01,dal_dal,17,30,939247,0.138418,0,779218,0.112661,628461,628461,0
mcs70_m4Dr6_s25.A02,mcs70_m4Dr6_s25.B02,dal_dal,17,32,413225,0.0636286,0,133477,0.0194613,269268,269268,0
mcs70_m4Dr6_s25.A03,mcs70_m4Dr6_s25.B03,dal_dal,17,30,512396,0.0948629,0,7260,0.00132472,338458,338458,0
mcs70_m4Dr6_s25.A04,mcs70_m4Dr6_s25.B04,dal_dal,17,33,1047032,0.1485,0,541313,0.0714834,712889,712889,0
mcs70_m4Dr6_s25.A05,mcs70_m4Dr6_s25.B05,dal_dal,17,26,505221,0.0785559,0,46145,0.00578857,334606,334606,0
mcs70_m4Dr6_s25.A06,mcs70_m4Dr6_s25.B06,dal_dal,17,24,750047,0.140048,0,303017,0.055059,498157,498157,0
mcs70_m4Dr6_s25.A07,mcs70_m4Dr6_s25.B07,dal_dal,17,30,461679,0.0747462,0,155914,0.0239413,310304,310304,0
mcs70_m4Dr6_s25.A08,mcs70_m4Dr6_s25.B08,dal_dal,17,29,941298,0.139339,0,59577,0.00781486,612659,612659,0
mcs70_m4Dr6_s25.A09,mcs70_m4Dr6_s25.B09,dal_dal,17,28,458442,0.0655018,0,80681,0.011105,304308,304308,0
mcs70_r001_s100.A00,mcs70_r001_s100.B00,dal_dal,69,69,9508394425,1000.01,1,48986512,5.35321,8257970657,8257970657,0
mcs70_r001_s100.A01,mcs70_r001_s100.B01,dal_dal,68,68,17046753585,1000.02,1,346,0.000104507,14194461000,14194461000,0
mcs70_r001_s100.A02,mcs70_r001_s100.B02,dal_dal,66,58,19617973182,1000.02,1,281,9.34E-05,15700006454,15700006454,0
mcs70_r001_s100.A03,mcs70_r001_s100.B03,dal_dal,73,76,7597326526,1000.01,1,2741570460,347.645,5972513734,5972513734,0
mcs70_r001_s100.A04,mcs70_r001_s100.B04,dal_dal,70,75,21542866940,1000.02,1,1901911984,97.1334,16014926964,16014926964,0
mcs70_r001_s100.A05,mcs70_r001_s100.B05,dal_dal,75,82,6604488748,1000.02,1,858969578,96.9727,4944204141,4944204141,0
mcs70_r001_s100.A06,mcs70_r001_s100.B06,dal_dal,69,71,16219745536,1000.02,1,4473466395,226.787,13594858224,13594858224,0
mcs70_r001_s100.A07,mcs70_r001_s100.B07,dal_dal,67,69,14494822762,1000.02,1,639536240,33.0582,12028398353,12028398353,0
mcs70_r001_s100.A08,mcs70_r001_s100.B08,dal_dal,67,63,11290786121,1000.01,1,293,0.000100422,9683439410,9683439410,0
mcs70_r001_s100.A09,mcs70_r001_s100.B09,dal_dal,68,65,18651060363,1000.02,1,740592724,45.7236,15674066735,15674066735,0
mcs70_r005_s100.A00,mcs70_r005_s100.B00,dal_dal,41,78,5118873219,1000.02,1,24842360,4.64304,3139833746,3139833746,0
mcs70_r005_s100.A01,mcs70_r005_s100.B01,dal_dal,41,99,5301420201,1000.01,1,3015235817,551.34,3319557114,3319557114,0
mcs70_r005_s100.A02,mcs70_r005_s100.B02,dal_dal,41,79,5008514286,1000.01,1,61095954,11.651,3130017109,3130017109,0
mcs70_r005_s100.A03,mcs70_r005_s100.B03,dal_dal,43,95,5082213916,1000.01,1,2890625374,556.375,3056235219,3056235219,0
mcs70_r005_s100.A04,mcs70_r005_s100.B04,dal_dal,41,87,5226093052,1000.01,1,1544278895,286.169,3169508785,3169508785,0
mcs70_r005_s100.A05,mcs70_r005_s100.B05,dal_dal,42,92,5188112320,1000.02,1,1066345021,195.083,3137271028,3137271028,0
mcs70_r005_s100.A06,mcs70_r005_s100.B06,dal_dal,42,91,4975235079,1000.02,1,2911819170,561.491,3099071103,3099071103,0
mcs70_r005_s100.A07,mcs70_r005_s100.B07,dal_dal,42,91,5191237855,1000.02,1,188229100,36.1454,3286321601,3286321601,0
mcs70_r005_s100.A08,mcs70_r005_s100.B08,dal_dal,41,83,4682911357,1000.02,1,4042482440,853.421,2844849958,2844849958,0
mcs70_r005_s100.A09,mcs70_r005_s100.B09,dal_dal,42,94,4745512236,1000.02,1,4618018794,971.872,2831586549,2831586549,0
mcs70_r005_s20.A00,mcs70_r005_s20.B00,dal_dal,16,16,33708,0.00364898,0,20459,0.00205627,23290,23290,0
mcs70_r005_s20.A01,mcs70_r005_s20.B01,dal_dal,16,14,20682,0.00254695,0,6474,0.000611382,15437,15437,0
mcs70_r005_s20.A02,mcs70_r005_s20.B02,dal_dal,16,13,64217,0.00674912,0,30851,0.00313901,42064,42064,0
mcs70_r005_s20.A03,mcs70_r005_s20.B03,dal_dal,16,15,19938,0.00216132,0,1695,0.000197008,13970,13970,0
mcs70_r005_s20.A04,mcs70_r005_s20.B04,dal_dal,16,15,105114,0.0109127,0,96760,0.0099778,71550,71550,0
mcs70_r005_s20.A05,mcs70_r005_s20.B05,dal_dal,16,16,33552,0.00354311,0,10777,0.00103072,23601,23601,0
mcs70_r005_s20.A06,mcs70_r005_s20.B06,dal_dal,17,16,22917,0.00244133,0,19342,0.00200642,14822,14822,0
mcs70_r005_s20.A07,mcs70_r005_s20.B07,dal_dal,16,15,49807,0.00481448,0,23452,0.00209788,34673,34673,0
mcs70_r005_s20.A08,mcs70_r005_s20.B08,dal_dal,16,15,26817,0.00391214,0,1557,0.00043149,19216,19216,0
mcs70_r005_s20.A09,mcs70_r005_s20.B09,dal_dal,16,17,19315,0.00245605,0,10076,0.00118476,13862,13862,0
mcs70_r005_s25.A00,mcs70_r005_s25.B00,dal_dal,21,23,138674,0.0158033,0,132879,0.0148476,98339,98339,0
mcs70_r005_s25.A01,mcs70_r005_s25.B01,dal_dal,20,18,494640,0.0587294,0,406655,0.0476765,322918,322918,0
mcs70_r005_s25.A02,mcs70_r005_s25.B02,dal_dal,21,24,84080,0.0109811,0,72041,0.00930576,59200,59200,0
mcs70_r005_s25.A03,mcs70_r005_s25.B03,dal_dal,20,20,114048,0.0138829,0,16169,0.00174091,75497,75497,0
mcs70_r005_s25.A04,mcs70_r005_s25.B04,dal_dal,20,20,247170,0.0298932,0,165557,0.0196595,168198,168198,0
mcs70_r005_s25.A05,mcs70_r005_s25.B05,dal_dal,20,24,233207,0.0252718,0,104966,0.00903021,164074,164074,0
mcs70_r005_s25.A06,mcs70_r005_s25.B06,dal_dal,20,22,421310,0.0594189,0,305879,0.042349,299044,299044,0
mcs70_r005_s25.A07,mcs70_r005_s25.B07,dal_dal,20,21,36903,0.00489274,0,5311,0.000663512,25308,25308,0
mcs70_r005_s25.A08,mcs70_r005_s25.B08,dal_dal,20,20,126979,0.0151457,0,67445,0.00748901,89159,89159,0
mcs70_r005_s25.A09,mcs70_r005_s25.B09,dal_dal,19,19,579977,0.0669906,0,1691,0.000195134,411352,411352,0
mcs70_r005_s30.A00,mcs70_r005_s30.B00,dal_dal,24,26,1397582,0.176488,0,1155938,0.144134,978674,978674,0
mcs70_r005_s30.A01,mcs70_r005_s30.B01,dal_dal,23,27,7598957,0.965781,0,140473,0.0164637,5153154,5153154,0
mcs70_r005_s30.A02,mcs70_r005_s30.B02,dal_dal,24,27,1230846,0.127419,0,534567,0.0431125,848333,848333,0
mcs70_r005_s30.A03,mcs70_r005_s30.B03,dal_dal,24,28,3661923,0.468965,0,3650785,0.467281,2545938,2545938,0
mcs70_r005_s30.A04,mcs70_r005_s30.B04,dal_dal,25,32,356999,0.0474176,0,173288,0.0214776,233756,233756,0
mcs70_r005_s30.A05,mcs70_r005_s30.B05,dal_dal,24,32,476553,0.0652072,0,49973,0.00558806,345111,345111,0
mcs70_r005_s30.A06,mcs70_r005_s30.B06,dal_dal,23,30,23777038,2.8177,0,138396,0.0129397,16334214,16334214,0
mcs70_r005_s30.A07,mcs70_r005_s30.B07,dal_dal,24,20,1950124,0.265521,0,735977,0.0963073,1353484,1353484,0
mcs70_r005_s30.A08,mcs70_r005_s30.B08,dal_dal,23,25,5635377,0.698902,0,119416,0.0124806,3791903,3791903,0
mcs70_r005_s30.A09,mcs70_r005_s30.B09,dal_dal,23,23,4906095,0.619953,0,3607,0.00037834,3375008,3375008,0
mcs70_r005_s35.A00,mcs70_r005_s35.B00,dal_dal,27,36,15398269,2.42073,0,7975231,1.16622,10545330,10545330,0
mcs70_r005_s35.A01,mcs70_r005_s35.B01,dal_dal,26,35,18600884,3.21767,0,264447,0.0402757,12426303,12426303,0
mcs70_r005_s35.A02,mcs70_r005_s35.B02,dal_dal,27,41,30608668,4.14121,0,25159355,3.36823,21419088,21419088,0
mcs70_r005_s35.A03,mcs70_r005_s35.B03,dal_dal,26,29,39914828,6.61574,0,458373,0.0443593,26975061,26975061,0
mcs70_r005_s35.A04,mcs70_r005_s35.B04,dal_dal,26,32,85547107,12.7959,0,49883550,7.44301,56524778,56524778,0
mcs70_r005_s35.A05,mcs70_r005_s35.B05,dal_dal,26,36,34539398,4.72796,0,7962342,1.02569,23296295,23296295,0
mcs70_r005_s35.A06,mcs70_r005_s35.B06,dal_dal,27,35,101567111,9.34783,0,100156641,9.12788,81476183,81476183,0
mcs70_r005_s35.A07,mcs70_r005_s35.B07,dal_dal,27,33,54660938,7.60054,0,49962336,6.91242,36672769,36672769,0
mcs70_r005_s35.A08,mcs70_r005_s35.B08,dal_dal,27,31,6591940,0.92718,0,1910865,0.250002,4647644,4647644,0
mcs70_r005_s35.A09,mcs70_r005_s35.B09,dal_dal,26,37,26336315,3.80973,0,524266,0.071478,17234461,17234461,0
mcs70_r005_s40.A00,mcs70_r005_s40.B00,dal_dal,29,38,390137642,54.9594,0,63280348,8.50902,270534199,270534199,0
mcs70_r005_s40.A01,mcs70_r005_s40.B01,dal_dal,29,46,666927771,109.153,0,264595181,40.7259,460455853,460455853,0
mcs70_r005_s40.A02,mcs70_r005_s40.B02,dal_dal,29,42,2361451907,348.263,0,2079561019,304.818,1552364517,1552364517,0
mcs70_r005_s40.A03,mcs70_r005_s40.B03,dal_dal,29,36,337875600,50.4981,0,34529298,4.9389,230106540,230106540,0
mcs70_r005_s40.A04,mcs70_r005_s40.B04,dal_dal,29,42,258515829,38.7014,0,29941260,4.08085,175140685,175140685,0
mcs70_r005_s40.A05,mcs70_r005_s40.B05,dal_dal,30,47,514916431,76.896,0,503383810,75.0269,356309682,356309682,0
mcs70_r005_s40.A06,mcs70_r005_s40.B06,dal_dal,29,44,480478542,69.7325,0,131226930,17.8694,335401635,335401635,0
mcs70_r005_s40.A07,mcs70_r005_s40.B07,dal_dal,29,50,890789536,129.724,0,724741797,104.631,591261576,591261576,0
mcs70_r005_s40.A08,mcs70_r005_s40.B08,dal_dal,29,42,397063285,58.8527,0,168983121,24.2154,266888644,266888644,0
mcs70_r005_s40.A09,mcs70_r005_s40.B09,dal_dal,29,39,481050798,72.0915,0,121631264,17.4746,328267741,328267741,0
mcs70_r005_s50.A00,mcs70_r005_s50.B00,dal_dal,32,59,6286234422,1000.02,1,1239637284,189.866,4196587506,4196587506,0
mcs70_r005_s50.A01,mcs70_r005_s50.B01,dal_dal,32,51,6480224045,1000.02,1,32822959,4.94562,4212907796,4212907796,0
mcs70_r005_s50.A02,mcs70_r005_s50.B02,dal_dal,32,48,6500568739,1000.01,1,1403375022,205.174,4303576438,4303576438,0
mcs70_r005_s50.A03,mcs70_r005_s50.B03,dal_dal,32,43,6670918626,1000.02,1,4464068800,658.197,4469322593,4469322593,0
mcs70_r005_s50.A04,mcs70_r005_s50.B04,dal_dal,33,46,6268117310,1000.02,1,3251443698,507.981,4239211764,4239211764,0
mcs70_r005_s50.A05,mcs70_r005_s50.B05,dal_dal,33,55,6190623769,1000.01,1,3442478258,544.493,4168219996,4168219996,0
mcs70_r005_s50.A06,mcs70_r005_s50.B06,dal_dal,32,49,6295518638,1000.01,1,2947836797,454.628,4085156201,4085156201,0
mcs70_r005_s50.A07,mcs70_r005_s50.B07,dal_dal,33,56,6335969469,1000.02,1,1950836345,291.297,4365570667,4365570667,0
mcs70_r005_s50.A08,mcs70_r005_s50.B08,dal_dal,33,59,5985491172,1000.01,1,47440571,7.22089,3998439981,3998439981,0
mcs70_r005_s50.A09,mcs70_r005_s50.B09,dal_dal,31,42,6659488341,1000.01,1,48587530,6.88646,4509630507,4509630507,0
mcs70_r005_s60.A00,mcs70_r005_s60.B00,dal_dal,34,46,5999995357,1000.02,1,4179594461,699.976,3861596621,3861596621,0
mcs70_r005_s60.A01,mcs70_r005_s60.B01,dal_dal,36,65,6287873667,1000.02,1,3088339,0.433748,4262627470,4262627470,0
mcs70_r005_s60.A02,mcs70_r005_s60.B02,dal_dal,35,67,6157738911,1000.02,1,547813175,84.9784,4045689301,4045689301,0
mcs70_r005_s60.A03,mcs70_r005_s60.B03,dal_dal,33,56,6232004176,1000.01,1,136626950,19.8098,4103472774,4103472774,0
mcs70_r005_s60.A04,mcs70_r005_s60.B04,dal_dal,34,58,5696757997,1000.02,1,51017039,8.16543,3813562545,3813562545,0
mcs70_r005_s60.A05,mcs70_r005_s60.B05,dal_dal,34,55,5291509342,1000.02,1,422548417,80.6562,3460198705,3460198705,0
mcs70_r005_s60.A06,mcs70_r005_s60.B06,dal_dal,34,58,6323725581,1000.02,1,14469924,2.25651,4053738966,4053738966,0
mcs70_r005_s60.A07,mcs70_r005_s60.B07,dal_dal,36,70,5400167911,1000.02,1,2407990679,436.603,3617971642,3617971642,0
mcs70_r005_s60.A08,mcs70_r005_s60.B08,dal_dal,34,50,5452172520,1000.02,1,2083396593,370.677,3439415578,3439415578,0
mcs70_r005_s60.A09,mcs70_r005_s60.B09,dal_dal,36,60,5704943586,1000.02,1,178283870,29.5348,3796292274,3796292274,0
mcs70_r005_s70.A00,mcs70_r005_s70.B00,dal_dal,36,71,5566372502,1000.02,1,1896547374,333.708,3543445161,3543445161,0
mcs70_r005_s70.A01,mcs70_r005_s70.B01,dal_dal,36,62,5811171821,1000.02,1,330306247,56.6476,3607233370,3607233370,0
mcs70_r005_s70.A02,mcs70_r005_s70.B02,dal_dal,37,70,5759260775,1000.02,1,629679079,101.495,3747850628,3747850628,0
mcs70_r005_s70.A03,mcs70_r005_s70.B03,dal_dal,35,72,5617449645,1000.02,1,168000621,29.881,3454800219,3454800219,0
mcs70_r005_s70.A04,mcs70_r005_s70.B04,dal_dal,37,74,6038990565,1000.01,1,769247724,127.797,3844886741,3844886741,0
mcs70_r005_s70.A05,mcs70_r005_s70.B05,dal_dal,36,68,5846241513,1000.02,1,177083897,27.8475,3597903550,3597903550,0
mcs70_r005_s70.A06,mcs70_r005_s70.B06,dal_dal,36,65,6058996552,1000.02,1,141002472,22.3116,3952019023,3952019023,0
mcs70_r005_s70.A07,mcs70_r005_s70.B07,dal_dal,37,68,5195681642,1000.01,1,1759296709,316.065,3237013369,3237013369,0
mcs70_r005_s70.A08,mcs70_r005_s70.B08,dal_dal,38,80,5126801541,1000.01,1,4164675418,802.825,3298873596,3298873596,0
mcs70_r005_s70.A09,mcs70_r005_s70.B09,dal_dal,37,68,5356253599,1000.01,1,224752760,39.1582,3459072317,3459072317,0
mcs70_r005_s80.A00,mcs70_r005_s80.B00,dal_dal,40,92,5467541797,1000.02,1,85136845,13.8248,3513131042,3513131042,0
mcs70_r005_s80.A01,mcs70_r005_s80.B01,dal_dal,39,74,5556004516,1000.02,1,1345528084,230.044,3534790089,3534790089,0
mcs70_r005_s80.A02,mcs70_r005_s80.B02,dal_dal,38,77,5478414331,1000.01,1,1048665121,181.933,3462109091,3462109091,0
mcs70_r005_s80.A03,mcs70_r005_s80.B03,dal_dal,39,84,5426280254,1000.02,1,112749298,19.8807,3458983542,3458983542,0
mcs70_r005_s80.A04,mcs70_r005_s80.B04,dal_dal,40,83,5096784797,1000.02,1,1896845624,363.423,3212649962,3212649962,0
mcs70_r005_s80.A05,mcs70_r005_s80.B05,dal_dal,39,73,5248455304,1000.02,1,1767000789,326.47,3286401108,3286401108,0
mcs70_r005_s80.A06,mcs70_r005_s80.B06,dal_dal,40,79,5558423765,1000.02,1,4283835450,760.501,3626901721,3626901721,0
mcs70_r005_s80.A07,mcs70_r005_s80.B07,dal_dal,38,59,5199225759,1000.02,1,727397810,134.868,3226873011,3226873011,0
mcs70_r005_s80.A08,mcs70_r005_s80.B08,dal_dal,39,67,5535811296,1000.02,1,1439989589,260.245,3497658048,3497658048,0
mcs70_r005_s80.A09,mcs70_r005_s80.B09,dal_dal,39,83,5518767949,1000.01,1,3383267305,606.644,3382206555,3382206555,0
mcs70_r005_s90.A00,mcs70_r005_s90.B00,dal_dal,40,89,4999194727,1000.02,1,969573035,190.407,3055700341,3055700341,0
mcs70_r005_s90.A01,mcs70_r005_s90.B01,dal_dal,41,94,5096144211,1000.01,1,2441521230,457,3077226048,3077226048,0
mcs70_r005_s90.A02,mcs70_r005_s90.B02,dal_dal,39,80,4958438387,1000.02,1,17295146,3.19954,3025566399,3025566399,0
mcs70_r005_s90.A03,mcs70_r005_s90.B03,dal_dal,41,83,5224510964,1000.01,1,3743856583,705.179,3316939696,3316939696,0
mcs70_r005_s90.A04,mcs70_r005_s90.B04,dal_dal,39,90,5438165706,1000.01,1,218743074,37.7053,3374725658,3374725658,0
mcs70_r005_s90.A05,mcs70_r005_s90.B05,dal_dal,40,86,5447884539,1000.01,1,552520659,94.8104,3344653067,3344653067,0
mcs70_r005_s90.A06,mcs70_r005_s90.B06,dal_dal,39,67,5244371535,1000.02,1,3955439104,746.272,3222712192,3222712192,0
mcs70_r005_s90.A07,mcs70_r005_s90.B07,dal_dal,39,72,5097385954,1000.02,1,82530259,15.5156,3091365689,3091365689,0
mcs70_r005_s90.A08,mcs70_r005_s90.B08,dal_dal,39,76,5653953357,1000.01,1,4512747680,783.982,3491297266,3491297266,0
mcs70_r005_s90.A09,mcs70_r005_s90.B09,dal_dal,40,80,5434190600,1000.01,1,518274397,87.1143,3424045679,3424045679,0
mcs70_r01_s10.A00,mcs70_r01_s10.B00,dal_dal,7,5,1293,0.000196917,0,8,9.17E-06,840,840,0
mcs70_r01_s10.A01,mcs70_r01_s10.B01,dal_dal,9,8,92,4.59E-05,0,70,1.77E-05,61,61,0
mcs70_r01_s10.A02,mcs70_r01_s10.B02,dal_dal,8,7,211,5.51E-05,0,78,1.80E-05,136,136,0
mcs70_r01_s10.A03,mcs70_r01_s10.B03,dal_dal,8,8,274,6.31E-05,0,74,1.57E-05,185,185,0
mcs70_r01_s10.A04,mcs70_r01_s10.B04,dal_dal,8,8,204,5.64E-05,0,106,1.89E-05,139,139,0
mcs70_r01_s10.A05,mcs70_r01_s10.B05,dal_dal,8,6,251,6.25E-05,0,16,1.24E-05,170,170,0
mcs70_r01_s10.A06,mcs70_r01_s10.B06,dal_dal,8,7,631,0.000101082,0,547,6.57E-05,425,425,0
mcs70_r01_s10.A07,mcs70_r01_s10.B07,dal_dal,8,8,451,8.62E-05,0,356,4.78E-05,290,290,0
mcs70_r01_s10.A08,mcs70_r01_s10.B08,dal_dal,9,8,122,9.17E-05,0,103,3.38E-05,75,75,0
mcs70_r01_s10.A09,mcs70_r01_s10.B09,dal_dal,8,7,604,9.75E-05,0,537,6.47E-05,413,413,0
mcs70_r01_s100.A00,mcs70_r01_s100.B00,dal_dal,29,86,4206673114,1000.02,1,3605228038,850.979,2474109007,2474109007,0
mcs70_r01_s100.A01,mcs70_r01_s100.B01,dal_dal,28,74,4198674239,1000.02,1,4168955604,992.772,2434095886,2434095886,0
mcs70_r01_s100.A02,mcs70_r01_s100.B02,dal_dal,27,75,4435271002,1000.01,1,47334823,10.1889,2598268579,2598268579,0
mcs70_r01_s100.A03,mcs70_r01_s100.B03,dal_dal,29,75,4413450243,1000.01,1,1764740582,386.041,2593294674,2593294674,0
mcs70_r01_s100.A04,mcs70_r01_s100.B04,dal_dal,28,90,4253075981,1000.02,1,1198029812,267.361,2478844917,2478844917,0
mcs70_r01_s100.A05,mcs70_r01_s100.B05,dal_dal,28,69,4415746288,1000.02,1,293958315,61.4167,2574560425,2574560425,0
mcs70_r01_s100.A06,mcs70_r01_s100.B06,dal_dal,28,69,4271458622,1000.02,1,85957577,18.8182,2514601686,2514601686,0
mcs70_r01_s100.A07,mcs70_r01_s100.B07,dal_dal,28,88,4251422336,1000.02,1,295456748,66.7388,2480099640,2480099640,0
mcs70_r01_s100.A08,mcs70_r01_s100.B08,dal_dal,29,91,3982052648,1000.01,1,1318172016,315.711,2352224601,2352224601,0
mcs70_r01_s100.A09,mcs70_r01_s100.B09,dal_dal,28,84,4237647777,1000.01,1,545145597,122.517,2492891091,2492891091,0
mcs70_r01_s15.A00,mcs70_r01_s15.B00,dal_dal,12,12,1168,0.000200562,0,64,1.80E-05,785,785,0
mcs70_r01_s15.A01,mcs70_r01_s15.B01,dal_dal,11,12,5105,0.000634094,0,44,1.25E-05,3330,3330,0
mcs70_r01_s15.A02,mcs70_r01_s15.B02,dal_dal,12,14,3872,0.000752693,0,3666,0.000699232,2449,2449,0
mcs70_r01_s15.A03,mcs70_r01_s15.B03,dal_dal,12,11,2590,0.000446933,0,1507,0.000276997,1770,1770,0
mcs70_r01_s15.A04,mcs70_r01_s15.B04,dal_dal,12,12,2863,0.00037915,0,1948,0.000240782,1934,1934,0
mcs70_r01_s15.A05,mcs70_r01_s15.B05,dal_dal,12,13,4130,0.000512033,0,2863,0.000334635,2651,2651,0
mcs70_r01_s15.A06,mcs70_r01_s15.B06,dal_dal,12,14,2890,0.000409668,0,2768,0.000367815,2001,2001,0
mcs70_r01_s15.A07,mcs70_r01_s15.B07,dal_dal,12,14,1297,0.000214953,0,699,0.000100942,893,893,0
mcs70_r01_s15.A08,mcs70_r01_s15.B08,dal_dal,12,14,1164,0.000201393,0,234,3.99E-05,871,871,0
mcs70_r01_s15.A09,mcs70_r01_s15.B09,dal_dal,11,14,9564,0.00108614,0,75,1.86E-05,6576,6576,0
mcs70_r01_s20.A00,mcs70_r01_s20.B00,dal_dal,14,17,106049,0.0144187,0,1331,0.000192721,69777,69777,0
mcs70_r01_s20.A01,mcs70_r01_s20.B01,dal_dal,15,18,45008,0.00622343,0,32307,0.00443059,29361,29361,0
mcs70_r01_s20.A02,mcs70_r01_s20.B02,dal_dal,15,22,126066,0.0170128,0,123723,0.0166441,83716,83716,0
mcs70_r01_s20.A03,mcs70_r01_s20.B03,dal_dal,15,18,95580,0.0120346,0,75824,0.00938693,61909,61909,0
mcs70_r01_s20.A04,mcs70_r01_s20.B04,dal_dal,14,18,188274,0.0243265,0,2073,0.000269996,121093,121093,0
mcs70_r01_s20.A05,mcs70_r01_s20.B05,dal_dal,15,24,19231,0.00266411,0,9671,0.00125336,13007,13007,0
mcs70_r01_s20.A06,mcs70_r01_s20.B06,dal_dal,14,21,84907,0.0115335,0,3763,0.000489038,57192,57192,0
mcs70_r01_s20.A07,mcs70_r01_s20.B07,dal_dal,14,17,105846,0.0145243,0,336,5.98E-05,66331,66331,0
mcs70_r01_s20.A08,mcs70_r01_s20.B08,dal_dal,14,22,124226,0.0168399,0,35,1.54E-05,81986,81986,0
mcs70_r01_s20.A09,mcs70_r01_s20.B09,dal_dal,15,20,18501,0.00261438,0,2495,0.000309195,12663,12663,0
mcs70_r01_s25.A00,mcs70_r01_s25.B00,dal_dal,17,29,2374856,0.356346,0,1687911,0.248116,1515355,1515355,0
mcs70_r01_s25.A01,mcs70_r01_s25.B01,dal_dal,17,30,739675,0.110054,0,288999,0.0405655,491276,491276,0
mcs70_r01_s25.A02,mcs70_r01_s25.B02,dal_dal,17,27,1802563,0.261228,0,986844,0.137588,1157675,1157675,0
mcs70_r01_s25.A03,mcs70_r01_s25.B03,dal_dal,17,26,1899606,0.274871,0,1452269,0.205026,1246432,1246432,0
mcs70_r01_s25.A04,mcs70_r01_s25.B04,dal_dal,17,25,1528285,0.24402,0,919568,0.144316,986395,986395,0
mcs70_r01_s25.A05,mcs70_r01_s25.B05,dal_dal,17,27,1588414,0.319218,0,1107220,0.218799,1032790,1032790,0
mcs70_r01_s25.A06,mcs70_r01_s25.B06,dal_dal,17,31,1623152,0.326507,0,892288,0.174801,1062221,1062221,0
mcs70_r01_s25.A07,mcs70_r01_s25.B07,dal_dal,17,24,1917934,0.275576,0,1268455,0.176303,1231859,1231859,0
mcs70_r01_s25.A08,mcs70_r01_s25.B08,dal_dal,18,31,910449,0.132603,0,710149,0.100522,594370,594370,0
mcs70_r01_s25.A09,mcs70_r01_s25.B09,dal_dal,17,29,627924,0.0976722,0,213148,0.0319323,418365,418365,0
mcs70_r01_s30.A00,mcs70_r01_s30.B00,dal_dal,21,38,11293195,1.80505,0,11039811,1.75786,7661746,7661746,0
mcs70_r01_s30.A01,mcs70_r01_s30.B01,dal_dal,22,44,5146987,0.910612,0,4870505,0.855083,3332878,3332878,0
mcs70_r01_s30.A02,mcs70_r01_s30.B02,dal_dal,21,40,3351321,0.592995,0,2373688,0.406245,2212598,2212598,0
mcs70_r01_s30.A03,mcs70_r01_s30.B03,dal_dal,21,45,18846967,3.04027,0,17824897,2.84958,12304869,12304869,0
mcs70_r01_s30.A04,mcs70_r01_s30.B04,dal_dal,21,35,6735386,1.15703,0,6375924,1.08877,4438960,4438960,0
mcs70_r01_s30.A05,mcs70_r01_s30.B05,dal_dal,21,36,3712030,0.612873,0,3124678,0.503989,2478642,2478642,0
mcs70_r01_s30.A06,mcs70_r01_s30.B06,dal_dal,21,46,6457732,1.066,0,5078762,0.819173,4307981,4307981,0
mcs70_r01_s30.A07,mcs70_r01_s30.B07,dal_dal,22,50,13511756,2.18391,0,13020801,2.09041,8712071,8712071,0
mcs70_r01_s30.A08,mcs70_r01_s30.B08,dal_dal,21,38,10980498,1.76779,0,9450479,1.48614,6999609,6999609,0
mcs70_r01_s30.A09,mcs70_r01_s30.B09,dal_dal,21,42,10359781,1.62239,0,9053931,1.39472,6748951,6748951,0
mcs70_r01_s35.A00,mcs70_r01_s35.B00,dal_dal,24,54,29554845,5.33482,0,22735180,3.959,19406812,19406812,0
mcs70_r01_s35.A01,mcs70_r01_s35.B01,dal_dal,24,57,170050912,29.263,0,167027852,28.6351,110034648,110034648,0
mcs70_r01_s35.A02,mcs70_r01_s35.B02,dal_dal,24,59,153481157,25.7161,0,148696428,24.755,101588506,101588506,0
mcs70_r01_s35.A03,mcs70_r01_s35.B03,dal_dal,24,54,37510463,7.675,0,31892403,6.339,24609534,24609534,0
mcs70_r01_s35.A04,mcs70_r01_s35.B04,dal_dal,24,48,247575255,51.7799,0,239870510,49.8607,161731085,161731085,0
mcs70_r01_s35.A05,mcs70_r01_s35.B05,dal_dal,24,45,115419365,20.9301,0,111433692,20.1143,74124036,74124036,0
mcs70_r01_s35.A06,mcs70_r01_s35.B06,dal_dal,24,55,48984532,11.6374,0,45480458,10.6798,32744573,32744573,0
mcs70_r01_s35.A07,mcs70_r01_s35.B07,dal_dal,24,57,142456188,24.3643,0,139107073,23.6931,93413712,93413712,0
mcs70_r01_s35.A08,mcs70_r01_s35.B08,dal_dal,24,51,106104664,18.6459,0,103379216,18.0959,70418748,70418748,0
mcs70_r01_s35.A09,mcs70_r01_s35.B09,dal_dal,24,56,195402912,34.6618,0,188373578,33.1993,127324683,127324683,0
mcs70_r01_s40.A00,mcs70_r01_s40.B00,dal_dal,28,72,462163333,87.3155,0,449506544,84.4174,298766543,298766543,0
mcs70_r01_s40.A01,mcs70_r01_s40.B01,dal_dal,28,75,334998901,67.0999,0,321004763,63.7892,220961461,220961461,0
mcs70_r01_s40.A02,mcs70_r01_s40.B02,dal_dal,22,42,5230398678,1000.02,1,4211701739,799.475,3354471590,3354471590,0
mcs70_r01_s40.A03,mcs70_r01_s40.B03,dal_dal,28,77,1452435773,274.591,0,1436178915,270.702,942670087,942670087,0
mcs70_r01_s40.A04,mcs70_r01_s40.B04,dal_dal,28,72,1502558089,288.276,0,1489496384,285.182,970561964,970561964,0
mcs70_r01_s40.A05,mcs70_r01_s40.B05,dal_dal,28,67,547814737,105.569,0,525995777,100.415,351351752,351351752,0
mcs70_r01_s40.A06,mcs70_r01_s40.B06,dal_dal,28,66,2300099845,449.509,0,2292769520,447.811,1488280641,1488280641,0
mcs70_r01_s40.A07,mcs70_r01_s40.B07,dal_dal,28,72,233679948,45.8666,0,223300031,43.3714,152985376,152985376,0
mcs70_r01_s40.A08,mcs70_r01_s40.B08,dal_dal,28,84,20876779,8.77015,0,8511353,3.01722,13803263,13803263,0
mcs70_r01_s40.A09,mcs70_r01_s40.B09,dal_dal,28,77,574984008,106.741,0,560590028,103.437,372167718,372167718,0
mcs70_r01_s50.A00,mcs70_r01_s50.B00,dal_dal,28,71,4758952703,1000.01,1,3208964086,648.556,3139741701,3139741701,0
mcs70_r01_s50.A01,mcs70_r01_s50.B01,dal_dal,23,60,5276725456,1000.02,1,8448861,1.4983,3346206633,3346206633,0
mcs70_r01_s50.A02,mcs70_r01_s50.B02,dal_dal,23,42,5191600887,1000.01,1,11967630,2.19889,3285610279,3285610279,0
mcs70_r01_s50.A03,mcs70_r01_s50.B03,dal_dal,23,55,4967867341,1000.02,1,690428999,132.749,3103811080,3103811080,0
mcs70_r01_s50.A04,mcs70_r01_s50.B04,dal_dal,29,72,4239156972,1000.02,1,944670291,206.583,2741775089,2741775089,0
mcs70_r01_s50.A05,mcs70_r01_s50.B05,dal_dal,23,51,5103746550,1000,1,331987261,63.9845,3204814580,3204814580,0
mcs70_r01_s50.A06,mcs70_r01_s50.B06,dal_dal,24,53,4961558949,1000.02,1,2591570462,505.92,3102352769,3102352769,0
mcs70_r01_s50.A07,mcs70_r01_s50.B07,dal_dal,23,48,5101557006,1000.02,1,10239481,1.88494,3220422794,3220422794,0
mcs70_r01_s50.A08,mcs70_r01_s50.B08,dal_dal,26,59,5061475709,1000.02,1,4671279954,919.286,3275001148,3275001148,0
mcs70_r01_s50.A09,mcs70_r01_s50.B09,dal_dal,23,57,5276511238,1000.02,1,101154714,18.4263,3388614252,3388614252,0
mcs70_r01_s60.A00,mcs70_r01_s60.B00,dal_dal,25,57,5222871404,1000.02,1,2942454072,552.945,3294577526,3294577526,0
mcs70_r01_s60.A01,mcs70_r01_s60.B01,dal_dal,25,54,4372897223,1000.02,1,2265093438,512.9,2696636496,2696636496,0
mcs70_r01_s60.A02,mcs70_r01_s60.B02,dal_dal,25,66,4143577942,1000.01,1,2578116,0.534579,2629479132,2629479132,0
mcs70_r01_s60.A03,mcs70_r01_s60.B03,dal_dal,25,63,4682860938,1000.02,1,1921512692,393.458,2830606569,2830606569,0
mcs70_r01_s60.A04,mcs70_r01_s60.B04,dal_dal,24,63,3830877906,1000.02,1,36748411,9.67597,2330130314,2330130314,0
mcs70_r01_s60.A05,mcs70_r01_s60.B05,dal_dal,25,58,4858740799,1000.02,1,2101386852,424.206,2988231267,2988231267,0
mcs70_r01_s60.A06,mcs70_r01_s60.B06,dal_dal,25,65,4748961767,1000,1,81185689,17.087,2944511755,2944511755,0
mcs70_r01_s60.A07,mcs70_r01_s60.B07,dal_dal,25,57,3897427975,1000.02,1,253616013,60.6844,2402876127,2402876127,0
mcs70_r01_s60.A08,mcs70_r01_s60.B08,dal_dal,25,63,4668656208,1000.01,1,685755432,141.912,2933057011,2933057011,0
mcs70_r01_s60.A09,mcs70_r01_s60.B09,dal_dal,25,61,4826136079,1000.02,1,1829523853,370.759,2999054435,2999054435,0
mcs70_r01_s70.A00,mcs70_r01_s70.B00,dal_dal,26,69,2247149651,1000.02,1,1527116146,669.446,1328909922,1328909922,0
mcs70_r01_s70.A01,mcs70_r01_s70.B01,dal_dal,26,67,4728335350,1000.02,1,483255202,101.28,2874888980,2874888980,0
mcs70_r01_s70.A02,mcs70_r01_s70.B02,dal_dal,26,65,4522465309,1000.02,1,669485893,145.658,2772458913,2772458913,0
mcs70_r01_s70.A03,mcs70_r01_s70.B03,dal_dal,27,70,4329019027,1000.02,1,1408356005,315.809,2650867946,2650867946,0
mcs70_r01_s70.A04,mcs70_r01_s70.B04,dal_dal,26,65,4116765862,1000.01,1,524817260,131.487,2518660994,2518660994,0
mcs70_r01_s70.A05,mcs70_r01_s70.B05,dal_dal,25,53,3943470299,1000.02,1,30274125,7.57778,2369618117,2369618117,0
mcs70_r01_s70.A06,mcs70_r01_s70.B06,dal_dal,26,65,4360314414,1000.01,1,102344863,22.1058,2647421904,2647421904,0
mcs70_r01_s70.A07,mcs70_r01_s70.B07,dal_dal,26,55,4411956669,1000.01,1,367145630,80.9188,2681153614,2681153614,0
mcs70_r01_s70.A08,mcs70_r01_s70.B08,dal_dal,26,59,4346730106,1000.02,1,871192823,188.877,2605134957,2605134957,0
mcs70_r01_s70.A09,mcs70_r01_s70.B09,dal_dal,26,57,4566838542,1000.01,1,2398831892,508.696,2800616227,2800616227,0
mcs70_r01_s80.A00,mcs70_r01_s80.B00,dal_dal,28,82,4364472266,1000.01,1,764098344,166.209,2639720033,2639720033,0
mcs70_r01_s80.A01,mcs70_r01_s80.B01,dal_dal,27,72,4489384859,1000.02,1,1884853527,411.35,2690374172,2690374172,0
mcs70_r01_s80.A02,mcs70_r01_s80.B02,dal_dal,26,58,3841229721,1000.02,1,60930834,15.7114,2310281177,2310281177,0
mcs70_r01_s80.A03,mcs70_r01_s80.B03,dal_dal,29,74,4252689824,1000.02,1,2447823313,558.53,2563915469,2563915469,0
mcs70_r01_s80.A04,mcs70_r01_s80.B04,dal_dal,28,83,3864545171,1000.02,1,2730513048,697.758,2345712211,2345712211,0
mcs70_r01_s80.A05,mcs70_r01_s80.B05,dal_dal,27,77,4402314290,1000.02,1,4110448515,932.236,2582893166,2582893166,0
mcs70_r01_s80.A06,mcs70_r01_s80.B06,dal_dal,28,84,3902081323,1000.01,1,2745214222,691.184,2353233797,2353233797,0
mcs70_r01_s80.A07,mcs70_r01_s80.B07,dal_dal,27,74,3841728348,1000.02,1,111204066,28.4923,2271362399,2271362399,0
mcs70_r01_s80.A08,mcs70_r01_s80.B08,dal_dal,27,67,4277729766,1000.02,1,222102866,49.4434,2557482960,2557482960,0
mcs70_r01_s80.A09,mcs70_r01_s80.B09,dal_dal,27,61,4534913442,1000.01,1,1601876557,341.998,2754502369,2754502369,0
mcs70_r01_s90.A00,mcs70_r01_s90.B00,dal_dal,28,67,4256449011,1000.02,1,2191685991,498.175,2513183435,2513183435,0
mcs70_r01_s90.A01,mcs70_r01_s90.B01,dal_dal,28,90,4029651933,1000.02,1,1195667498,285.024,2345601571,2345601571,0
mcs70_r01_s90.A02,mcs70_r01_s90.B02,dal_dal,27,77,4182476277,1000.02,1,649872137,149.304,2447271533,2447271533,0
mcs70_r01_s90.A03,mcs70_r01_s90.B03,dal_dal,26,65,4421885550,1000.02,1,5591737,1.18928,2596786467,2596786467,0
mcs70_r01_s90.A04,mcs70_r01_s90.B04,dal_dal,28,77,4170563465,1000.01,1,410540012,93.8403,2443728142,2443728142,0
mcs70_r01_s90.A05,mcs70_r01_s90.B05,dal_dal,28,77,4262805279,1000.01,1,1826473177,415.874,2543195787,2543195787,0
mcs70_r01_s90.A06,mcs70_r01_s90.B06,dal_dal,27,69,4423330383,1000.02,1,43466808,9.17327,2638058868,2638058868,0
mcs70_r01_s90.A07,mcs70_r01_s90.B07,dal_dal,29,85,4409920681,1000.01,1,557561036,123.717,2640160731,2640160731,0
mcs70_r01_s90.A08,mcs70_r01_s90.B08,dal_dal,27,67,4569456976,1000.02,1,17296936,3.53491,2725595997,2725595997,0
mcs70_r01_s90.A09,mcs70_r01_s90.B09,dal_dal,29,89,3864598433,1000.02,1,1216832385,292.809,2293146120,2293146120,0
mcs70_r02_s10.A00,mcs70_r02_s10.B00,dal_dal,8,10,143,7.03E-05,0,36,1.37E-05,98,98,0
mcs70_r02_s10.A01,mcs70_r02_s10.B01,dal_dal,8,11,245,7.16E-05,0,79,1.83E-05,157,157,0
mcs70_r02_s10.A02,mcs70_r02_s10.B02,dal_dal,8,12,191,6.60E-05,0,69,1.72E-05,124,124,0
mcs70_r02_s10.A03,mcs70_r02_s10.B03,dal_dal,7,7,976,0.000143857,0,149,2.43E-05,625,625,0
mcs70_r02_s10.A04,mcs70_r02_s10.B04,dal_dal,8,12,291,6.58E-05,0,113,2.29E-05,190,190,0
mcs70_r02_s10.A05,mcs70_r02_s10.B05,dal_dal,7,9,535,0.000101244,0,8,6.96E-06,352,352,0
mcs70_r02_s10.A06,mcs70_r02_s10.B06,dal_dal,7,9,644,0.000144848,0,92,2.31E-05,437,437,0
mcs70_r02_s10.A07,mcs70_r02_s10.B07,dal_dal,8,10,222,7.41E-05,0,9,8.62E-06,146,146,0
mcs70_r02_s10.A08,mcs70_r02_s10.B08,dal_dal,8,9,200,6.63E-05,0,161,3.18E-05,134,134,0
mcs70_r02_s10.A09,mcs70_r02_s10.B09,dal_dal,7,7,566,0.000109044,0,70,1.58E-05,375,375,0
mcs70_r02_s100.A00,mcs70_r02_s100.B00,dal_dal,20,71,3567832802,1000.02,1,657354928,170.29,1889941572,1889941572,0
mcs70_r02_s100.A01,mcs70_r02_s100.B01,dal_dal,20,76,3659394812,1000.02,1,114214224,28.6958,1951402366,1951402366,0
mcs70_r02_s100.A02,mcs70_r02_s100.B02,dal_dal,20,73,2940193678,1000.02,1,828600700,269.338,1567550559,1567550559,0
mcs70_r02_s100.A03,mcs70_r02_s100.B03,dal_dal,20,68,3580824268,1000.01,1,91500413,23.3604,1922104196,1922104196,0
mcs70_r02_s100.A04,mcs70_r02_s100.B04,dal_dal,20,74,3657902614,1000.02,1,358434463,91.1046,1984251310,1984251310,0
mcs70_r02_s100.A05,mcs70_r02_s100.B05,dal_dal,19,64,3943486239,1000.02,1,3038479,0.657249,2112084263,2112084263,0
mcs70_r02_s100.A06,mcs70_r02_s100.B06,dal_dal,20,74,3820789637,1000.02,1,2797818515,719.087,2042232781,2042232781,0
mcs70_r02_s100.A07,mcs70_r02_s100.B07,dal_dal,20,82,3718462921,1000.02,1,1018841399,256.942,1981375431,1981375431,0
mcs70_r02_s100.A08,mcs70_r02_s100.B08,dal_dal,19,86,3759958403,1000.02,1,2881692,0.636629,1999283438,1999283438,0
mcs70_r02_s100.A09,mcs70_r02_s100.B09,dal_dal,20,69,3661158076,1000.01,1,875559294,224.431,1943487804,1943487804,0
mcs70_r02_s15.A00,mcs70_r02_s15.B00,dal_dal,10,15,6767,0.00105179,0,251,4.55E-05,4582,4582,0
mcs70_r02_s15.A01,mcs70_r02_s15.B01,dal_dal,10,21,12779,0.00188689,0,5038,0.000723177,8354,8354,0
mcs70_r02_s15.A02,mcs70_r02_s15.B02,dal_dal,10,15,10762,0.0017938,0,30,1.31E-05,7060,7060,0
mcs70_r02_s15.A03,mcs70_r02_s15.B03,dal_dal,10,19,6074,0.00100841,0,150,3.45E-05,4306,4306,0
mcs70_r02_s15.A04,mcs70_r02_s15.B04,dal_dal,10,17,11776,0.00374445,0,174,7.18E-05,7799,7799,0
mcs70_r02_s15.A05,mcs70_r02_s15.B05,dal_dal,11,17,8316,0.00260086,0,7950,0.00243111,5352,5352,0
mcs70_r02_s15.A06,mcs70_r02_s15.B06,dal_dal,10,18,5984,0.00201201,0,675,0.00023269,3901,3901,0
mcs70_r02_s15.A07,mcs70_r02_s15.B07,dal_dal,10,18,6915,0.00107209,0,809,0.000128453,4519,4519,0
mcs70_r02_s15.A08,mcs70_r02_s15.B08,dal_dal,10,18,6360,0.00109321,0,29,1.10E-05,4193,4193,0
mcs70_r02_s15.A09,mcs70_r02_s15.B09,dal_dal,11,19,6243,0.00104274,0,4408,0.000705481,4051,4051,0
mcs70_r02_s20.A00,mcs70_r02_s20.B00,dal_dal,14,36,52432,0.00982534,0,30458,0.005228,34237,34237,0
mcs70_r02_s20.A01,mcs70_r02_s20.B01,dal_dal,14,31,138033,0.024379,0,126947,0.0221895,86163,86163,0
mcs70_r02_s20.A02,mcs70_r02_s20.B02,dal_dal,14,33,201225,0.0348861,0,175504,0.0299186,124587,124587,0
mcs70_r02_s20.A03,mcs70_r02_s20.B03,dal_dal,14,33,46403,0.00821694,0,40239,0.00696296,30562,30562,0
mcs70_r02_s20.A04,mcs70_r02_s20.B04,dal_dal,14,32,74321,0.013997,0,36474,0.00637907,47827,47827,0
mcs70_r02_s20.A05,mcs70_r02_s20.B05,dal_dal,14,38,52913,0.00974771,0,35918,0.00633088,33707,33707,0
mcs70_r02_s20.A06,mcs70_r02_s20.B06,dal_dal,14,31,50107,0.00883922,0,31982,0.00514197,32369,32369,0
mcs70_r02_s20.A07,mcs70_r02_s20.B07,dal_dal,14,34,78070,0.028948,0,60780,0.0219074,49771,49771,0
mcs70_r02_s20.A08,mcs70_r02_s20.B08,dal_dal,14,36,140341,0.0503962,0,115541,0.0401514,87964,87964,0
mcs70_r02_s20.A09,mcs70_r02_s20.B09,dal_dal,14,30,151393,0.0536529,0,137437,0.0479995,93869,93869,0
mcs70_r02_s25.A00,mcs70_r02_s25.B00,dal_dal,17,46,1751858,0.349166,0,1548353,0.302181,1078432,1078432,0
mcs70_r02_s25.A01,mcs70_r02_s25.B01,dal_dal,17,43,281294,0.063153,0,37934,0.0066461,187576,187576,0
mcs70_r02_s25.A02,mcs70_r02_s25.B02,dal_dal,17,52,607793,0.120732,0,484112,0.0922152,386862,386862,0
mcs70_r02_s25.A03,mcs70_r02_s25.B03,dal_dal,17,46,2017205,0.412422,0,1882975,0.381138,1233487,1233487,0
mcs70_r02_s25.A04,mcs70_r02_s25.B04,dal_dal,17,50,666271,0.138634,0,539701,0.109316,424776,424776,0
mcs70_r02_s25.A05,mcs70_r02_s25.B05,dal_dal,17,49,1613582,0.31112,0,1496386,0.284043,1002528,1002528,0
mcs70_r02_s25.A06,mcs70_r02_s25.B06,dal_dal,17,51,1458238,0.299722,0,1347091,0.273219,907392,907392,0
mcs70_r02_s25.A07,mcs70_r02_s25.B07,dal_dal,17,41,1841146,0.759409,0,1726157,0.704027,1144201,1144201,0
mcs70_r02_s25.A08,mcs70_r02_s25.B08,dal_dal,17,44,767201,0.29678,0,664908,0.250025,489803,489803,0
mcs70_r02_s25.A09,mcs70_r02_s25.B09,dal_dal,17,51,1065200,0.436672,0,874025,0.345353,665608,665608,0
mcs70_r02_s30.A00,mcs70_r02_s30.B00,dal_dal,21,82,5689338,1.31177,0,5360767,1.22312,3490017,3490017,0
mcs70_r02_s30.A01,mcs70_r02_s30.B01,dal_dal,21,74,11243162,2.34836,0,10831869,2.23571,6883385,6883385,0
mcs70_r02_s30.A02,mcs70_r02_s30.B02,dal_dal,21,78,482990,0.119574,0,182454,0.0405441,320639,320639,0
mcs70_r02_s30.A03,mcs70_r02_s30.B03,dal_dal,21,78,5593207,1.69467,0,5364983,1.61305,3447949,3447949,0
mcs70_r02_s30.A04,mcs70_r02_s30.B04,dal_dal,21,81,14640142,4.49017,0,14266095,4.34984,8957247,8957247,0
mcs70_r02_s30.A05,mcs70_r02_s30.B05,dal_dal,21,73,10861142,2.34691,0,10533919,2.25491,6673725,6673725,0
mcs70_r02_s30.A06,mcs70_r02_s30.B06,dal_dal,21,77,401337,0.110562,0,11036,0.00267206,281354,281354,0
mcs70_r02_s30.A07,mcs70_r02_s30.B07,dal_dal,21,69,754954,0.194506,0,256322,0.0577955,495333,495333,0
mcs70_r02_s30.A08,mcs70_r02_s30.B08,dal_dal,21,75,10533783,2.35593,0,10213957,2.26859,6449439,6449439,0
mcs70_r02_s30.A09,mcs70_r02_s30.B09,dal_dal,21,82,12834981,2.90162,0,12658710,2.85456,7980362,7980362,0
mcs70_r02_s35.A00,mcs70_r02_s35.B00,dal_dal,24,97,131285338,31.1254,0,130606491,30.922,79193556,79193556,0
mcs70_r02_s35.A01,mcs70_r02_s35.B01,dal_dal,24,96,68538812,16.0194,0,67166760,15.6036,42465006,42465006,0
mcs70_r02_s35.A02,mcs70_r02_s35.B02,dal_dal,24,103,94967095,23.1224,0,93591254,22.7121,58186898,58186898,0
mcs70_r02_s35.A03,mcs70_r02_s35.B03,dal_dal,24,106,58533148,14.8061,0,57807609,14.5933,36238495,36238495,0
mcs70_r02_s35.A04,mcs70_r02_s35.B04,dal_dal,24,103,32111074,16.4666,0,30663468,15.5798,20310205,20310205,0
mcs70_r02_s35.A05,mcs70_r02_s35.B05,dal_dal,24,96,99466636,44.101,0,97572036,42.9497,60100733,60100733,0
mcs70_r02_s35.A06,mcs70_r02_s35.B06,dal_dal,24,110,85329208,39.2756,0,84162727,38.5822,52740950,52740950,0
mcs70_r02_s35.A07,mcs70_r02_s35.B07,dal_dal,24,102,77455390,18.3101,0,75888305,17.838,47117062,47117062,0
mcs70_r02_s35.A08,mcs70_r02_s35.B08,dal_dal,24,100,126616182,31.082,0,125666770,30.8038,77531533,77531533,0
mcs70_r02_s35.A09,mcs70_r02_s35.B09,dal_dal,24,100,42945291,10.4568,0,41436004,10.0023,26618473,26618473,0
mcs70_r02_s40.A00,mcs70_r02_s40.B00,dal_dal,28,138,105575720,43.7509,0,102970744,42.6402,66239689,66239689,0
mcs70_r02_s40.A01,mcs70_r02_s40.B01,dal_dal,28,128,80468001,27.0278,0,75733594,24.8719,48002148,48002148,0
mcs70_r02_s40.A02,mcs70_r02_s40.B02,dal_dal,28,146,144511067,37.1549,0,139542303,35.3776,85828098,85828098,0
mcs70_r02_s40.A03,mcs70_r02_s40.B03,dal_dal,28,133,200401717,59.9485,0,196767670,58.6878,122705457,122705457,0
mcs70_r02_s40.A04,mcs70_r02_s40.B04,dal_dal,28,145,554313049,139.057,0,550486292,137.707,329160702,329160702,0
mcs70_r02_s40.A05,mcs70_r02_s40.B05,dal_dal,28,144,165599360,41.3319,0,163237904,40.5329,102206726,102206726,0
mcs70_r02_s40.A06,mcs70_r02_s40.B06,dal_dal,28,135,292733709,74.3657,0,289148273,73.1536,175232460,175232460,0
mcs70_r02_s40.A07,mcs70_r02_s40.B07,dal_dal,28,135,134478449,35.5777,0,130554787,34.2534,81915339,81915339,0
mcs70_r02_s40.A08,mcs70_r02_s40.B08,dal_dal,28,141,69247187,18.9605,0,65926616,17.8427,42845039,42845039,0
mcs70_r02_s40.A09,mcs70_r02_s40.B09,dal_dal,28,130,248716780,64.6784,0,245605333,63.6375,151756471,151756471,0
mcs70_r02_s50.A00,mcs70_r02_s50.B00,dal_dal,22,77,1713123977,1000.02,1,597215990,282.971,1022133373,1022133373,0
mcs70_r02_s50.A01,mcs70_r02_s50.B01,dal_dal,25,105,3766762391,1000,1,3291401287,830.486,2202281314,2202281314,0
mcs70_r02_s50.A02,mcs70_r02_s50.B02,dal_dal,19,58,3814087566,1000,1,3569496714,932.644,2251724338,2251724338,0
mcs70_r02_s50.A03,mcs70_r02_s50.B03,dal_dal,19,62,2984598923,1000.02,1,2352313083,769.348,1741916850,1741916850,0
mcs70_r02_s50.A04,mcs70_r02_s50.B04,dal_dal,21,76,3522050169,1000.01,1,2461151213,673.9,2075736799,2075736799,0
mcs70_r02_s50.A05,mcs70_r02_s50.B05,dal_dal,19,65,3725274050,1000.01,1,2425823191,637.732,2188448613,2188448613,0
mcs70_r02_s50.A06,mcs70_r02_s50.B06,dal_dal,35,216,2361662517,705.315,0,2349493072,700.388,1448801611,1448801611,0
mcs70_r02_s50.A07,mcs70_r02_s50.B07,dal_dal,35,209,44326736,16.6113,0,14658207,4.69155,29596633,29596633,0
mcs70_r02_s50.A08,mcs70_r02_s50.B08,dal_dal,25,115,3289100651,1000.02,1,3101371702,935.251,1982428882,1982428882,0
mcs70_r02_s50.A09,mcs70_r02_s50.B09,dal_dal,17,52,1987449402,1000.02,1,51294808,23.7388,1141681998,1141681998,0
mcs70_r02_s60.A00,mcs70_r02_s60.B00,dal_dal,18,65,1955107033,1000.02,1,94283162,44.8906,1108087855,1108087855,0
mcs70_r02_s60.A01,mcs70_r02_s60.B01,dal_dal,30,164,2572095907,1000.02,1,2302049042,885.259,1560686892,1560686892,0
mcs70_r02_s60.A02,mcs70_r02_s60.B02,dal_dal,18,62,3990427905,1000.02,1,785037723,186.235,2286281632,2286281632,0
mcs70_r02_s60.A03,mcs70_r02_s60.B03,dal_dal,18,60,2842584707,1000.02,1,430024841,142.574,1596254141,1596254141,0
mcs70_r02_s60.A04,mcs70_r02_s60.B04,dal_dal,18,59,3609025147,1000.02,1,462176785,116.661,2053462621,2053462621,0
mcs70_r02_s60.A05,mcs70_r02_s60.B05,dal_dal,19,73,3995102148,1000.02,1,3967143787,991.984,2228978229,2228978229,0
mcs70_r02_s60.A06,mcs70_r02_s60.B06,dal_dal,19,74,3615265834,1000.01,1,653124482,166.749,2057035748,2057035748,0
mcs70_r02_s60.A07,mcs70_r02_s60.B07,dal_dal,18,53,3771090253,1000.02,1,242478852,59.6184,2121299274,2121299274,0
mcs70_r02_s60.A08,mcs70_r02_s60.B08,dal_dal,18,60,3890770133,1000.01,1,729005313,180.479,2203597309,2203597309,0
mcs70_r02_s60.A09,mcs70_r02_s60.B09,dal_dal,18,54,3799971260,1000.02,1,21328741,5.17304,2137939009,2137939009,0
mcs70_r02_s70.A00,mcs70_r02_s70.B00,dal_dal,18,54,3764496002,1000.02,1,22312419,5.3701,2077220694,2077220694,0
mcs70_r02_s70.A01,mcs70_r02_s70.B01,dal_dal,18,56,3587591906,1000.01,1,16721744,4.1565,1973831514,1973831514,0
mcs70_r02_s70.A02,mcs70_r02_s70.B02,dal_dal,18,72,3918890532,1000.02,1,33216438,7.66696,2152424982,2152424982,0
mcs70_r02_s70.A03,mcs70_r02_s70.B03,dal_dal,18,64,1930944299,1000.02,1,23689108,10.8905,1066948622,1066948622,0
mcs70_r02_s70.A04,mcs70_r02_s70.B04,dal_dal,19,57,3572261663,1000.02,1,726665826,189.796,1986021793,1986021793,0
mcs70_r02_s70.A05,mcs70_r02_s70.B05,dal_dal,20,68,3608828177,1000.01,1,2450807468,654.597,2034996686,2034996686,0
mcs70_r02_s70.A06,mcs70_r02_s70.B06,dal_dal,18,57,3950237177,1000.02,1,20805441,4.79516,2180387808,2180387808,0
mcs70_r02_s70.A07,mcs70_r02_s70.B07,dal_dal,18,67,3703881493,1000.01,1,5221321,1.23749,2039730885,2039730885,0
mcs70_r02_s70.A08,mcs70_r02_s70.B08,dal_dal,19,65,3763561043,1000.02,1,785458893,199.008,2129511905,2129511905,0
mcs70_r02_s70.A09,mcs70_r02_s70.B09,dal_dal,18,61,3861438803,1000.02,1,25276596,5.98183,2122105159,2122105159,0
mcs70_r02_s80.A00,mcs70_r02_s80.B00,dal_dal,20,79,3673713773,1000.02,1,2663527195,707.017,2000071133,2000071133,0
mcs70_r02_s80.A01,mcs70_r02_s80.B01,dal_dal,19,77,3780822101,1000.01,1,1140907530,284.81,2075132817,2075132817,0
mcs70_r02_s80.A02,mcs70_r02_s80.B02,dal_dal,19,67,3642448177,1000.01,1,2704955,0.656013,1986202142,1986202142,0
mcs70_r02_s80.A03,mcs70_r02_s80.B03,dal_dal,19,68,3761461226,1000.02,1,992698888,250.431,2058215619,2058215619,0
mcs70_r02_s80.A04,mcs70_r02_s80.B04,dal_dal,19,70,3804316193,1000.01,1,404390797,97.8693,2077529134,2077529134,0
mcs70_r02_s80.A05,mcs70_r02_s80.B05,dal_dal,20,77,3489277460,1000.01,1,823823233,220.805,1917014661,1917014661,0
mcs70_r02_s80.A06,mcs70_r02_s80.B06,dal_dal,19,71,3766187556,1000.02,1,1620392863,413.129,2068332806,2068332806,0
mcs70_r02_s80.A07,mcs70_r02_s80.B07,dal_dal,19,71,3738019052,1000.02,1,60610911,14.9555,2038328892,2038328892,0
mcs70_r02_s80.A08,mcs70_r02_s80.B08,dal_dal,18,70,4006553726,1000.02,1,1968741,0.438529,2175132110,2175132110,0
mcs70_r02_s80.A09,mcs70_r02_s80.B09,dal_dal,19,71,3571992782,1000.01,1,53608184,13.8934,1963521389,1963521389,0
mcs70_r02_s90.A00,mcs70_r02_s90.B00,dal_dal,19,66,3581950516,1000.01,1,137191315,35.7136,1909875121,1909875121,0
mcs70_r02_s90.A01,mcs70_r02_s90.B01,dal_dal,20,64,3705659994,1000.02,1,2278726059,594.455,1995283078,1995283078,0
mcs70_r02_s90.A02,mcs70_r02_s90.B02,dal_dal,19,63,3873273157,1000.01,1,28950090,6.67496,2093857658,2093857658,0
mcs70_r02_s90.A03,mcs70_r02_s90.B03,dal_dal,19,65,3726036136,1000.01,1,44340000,10.7795,2000068018,2000068018,0
mcs70_r02_s90.A04,mcs70_r02_s90.B04,dal_dal,20,77,3552420667,1000.02,1,223703172,56.3725,1907979482,1907979482,0
mcs70_r02_s90.A05,mcs70_r02_s90.B05,dal_dal,19,70,3340588686,1000.02,1,216056047,59.7393,1793538533,1793538533,0
mcs70_r02_s90.A06,mcs70_r02_s90.B06,dal_dal,19,71,3634146224,1000.01,1,243356757,61.4378,1954159692,1954159692,0
mcs70_r02_s90.A07,mcs70_r02_s90.B07,dal_dal,20,74,3132823860,1000.01,1,396280061,118.427,1690431231,1690431231,0
mcs70_r02_s90.A08,mcs70_r02_s90.B08,dal_dal,20,72,3600420082,1000.01,1,626514758,162.749,1941098754,1941098754,0
mcs70_r02_s90.A09,mcs70_r02_s90.B09,dal_dal,20,78,3793025708,1000.01,1,2357255658,607.496,2054991736,2054991736,0
mcs90_b03_s10.A00,mcs90_b03_s10.B00,dal_dal,9,12,87,4.39E-05,0,42,1.29E-05,55,55,0
mcs90_b03_s10.A01,mcs90_b03_s10.B01,dal_dal,9,11,146,5.13E-05,0,105,2.11E-05,95,95,0
mcs90_b03_s10.A02,mcs90_b03_s10.B02,dal_dal,8,9,658,0.000103967,0,184,2.66E-05,406,406,0
mcs90_b03_s10.A03,mcs90_b03_s10.B03,dal_dal,9,12,287,6.97E-05,0,262,4.07E-05,179,179,0
mcs90_b03_s10.A04,mcs90_b03_s10.B04,dal_dal,9,14,299,7.25E-05,0,279,4.50E-05,188,188,0
mcs90_b03_s10.A05,mcs90_b03_s10.B05,dal_dal,9,12,72,4.51E-05,0,54,1.70E-05,49,49,0
mcs90_b03_s10.A06,mcs90_b03_s10.B06,dal_dal,9,12,290,7.16E-05,0,264,4.32E-05,181,181,0
mcs90_b03_s10.A07,mcs90_b03_s10.B07,dal_dal,9,13,175,6.68E-05,0,92,2.32E-05,107,107,0
mcs90_b03_s10.A08,mcs90_b03_s10.B08,dal_dal,9,12,119,5.71E-05,0,24,1.35E-05,77,77,0
mcs90_b03_s10.A09,mcs90_b03_s10.B09,dal_dal,9,12,146,5.73E-05,0,51,1.60E-05,95,95,0
mcs90_b03_s100.A00,mcs90_b03_s100.B00,dal_dal,90,119,5708411339,1000.02,1,6471,0.00129629,3439784117,3439784117,0
mcs90_b03_s100.A01,mcs90_b03_s100.B01,dal_dal,87,115,6155004162,1000.01,1,348222316,47.4042,3634763414,3634763414,0
mcs90_b03_s100.A02,mcs90_b03_s100.B02,dal_dal,86,114,6290406983,1000.02,1,858912941,127.533,3838662034,3838662034,0
mcs90_b03_s100.A03,mcs90_b03_s100.B03,dal_dal,84,106,6392501128,1000.01,1,152536348,21.0387,3911156556,3911156556,0
mcs90_b03_s100.A04,mcs90_b03_s100.B04,dal_dal,85,111,6698461398,1000.02,1,1370711908,205.151,4003534441,4003534441,0
mcs90_b03_s100.A05,mcs90_b03_s100.B05,dal_dal,86,110,6058891063,1000.02,1,2806409818,454.61,3662194033,3662194033,0
mcs90_b03_s100.A06,mcs90_b03_s100.B06,dal_dal,90,124,6016518277,1000.02,1,750306000,116.816,3616259854,3616259854,0
mcs90_b03_s100.A07,mcs90_b03_s100.B07,dal_dal,88,118,5856743242,1000.01,1,1089769309,177.575,3547578828,3547578828,0
mcs90_b03_s100.A08,mcs90_b03_s100.B08,dal_dal,88,117,5793053514,1000.01,1,4881490600,838.279,3620340762,3620340762,0
mcs90_b03_s100.A09,mcs90_b03_s100.B09,dal_dal,90,124,5989581936,1000.02,1,4190892509,689.525,3590531529,3590531529,0
mcs90_b03_s15.A00,mcs90_b03_s15.B00,dal_dal,13,16,979,0.000219791,0,77,2.10E-05,583,583,0
mcs90_b03_s15.A01,mcs90_b03_s15.B01,dal_dal,13,17,415,0.000111507,0,135,3.69E-05,276,276,0
mcs90_b03_s15.A02,mcs90_b03_s15.B02,dal_dal,13,16,878,0.000197958,0,447,8.69E-05,545,545,0
mcs90_b03_s15.A03,mcs90_b03_s15.B03,dal_dal,13,17,1674,0.000254934,0,940,0.000127692,997,997,0
mcs90_b03_s15.A04,mcs90_b03_s15.B04,dal_dal,13,18,1211,0.000209988,0,466,8.16E-05,735,735,0
mcs90_b03_s15.A05,mcs90_b03_s15.B05,dal_dal,13,16,1011,0.000201124,0,274,7.20E-05,612,612,0
mcs90_b03_s15.A06,mcs90_b03_s15.B06,dal_dal,13,16,786,0.000159351,0,82,2.76E-05,482,482,0
mcs90_b03_s15.A07,mcs90_b03_s15.B07,dal_dal,14,18,541,0.000122516,0,478,8.08E-05,317,317,0
mcs90_b03_s15.A08,mcs90_b03_s15.B08,dal_dal,14,19,434,0.000104707,0,403,7.02E-05,271,271,0
mcs90_b03_s15.A09,mcs90_b03_s15.B09,dal_dal,13,16,883,0.00014671,0,47,1.72E-05,546,546,0
mcs90_b03_s20.A00,mcs90_b03_s20.B00,dal_dal,19,27,2371,0.000341993,0,2323,0.000303855,1381,1381,0
mcs90_b03_s20.A01,mcs90_b03_s20.B01,dal_dal,19,28,650,0.000137487,0,482,8.41E-05,378,378,0
mcs90_b03_s20.A02,mcs90_b03_s20.B02,dal_dal,19,27,1062,0.000187582,0,998,0.000145949,609,609,0
mcs90_b03_s20.A03,mcs90_b03_s20.B03,dal_dal,19,27,627,0.00012664,0,338,6.37E-05,368,368,0
mcs90_b03_s20.A04,mcs90_b03_s20.B04,dal_dal,18,24,2063,0.000304827,0,201,4.35E-05,1181,1181,0
mcs90_b03_s20.A05,mcs90_b03_s20.B05,dal_dal,19,26,2017,0.000305059,0,1987,0.000268604,1139,1139,0
mcs90_b03_s20.A06,mcs90_b03_s20.B06,dal_dal,19,29,1133,0.000222065,0,756,0.000139039,649,649,0
mcs90_b03_s20.A07,mcs90_b03_s20.B07,dal_dal,19,27,410,0.000147842,0,312,7.98E-05,257,257,0
mcs90_b03_s20.A08,mcs90_b03_s20.B08,dal_dal,19,27,543,0.000137628,0,193,5.22E-05,321,321,0
mcs90_b03_s20.A09,mcs90_b03_s20.B09,dal_dal,19,27,701,0.000141253,0,393,7.18E-05,410,410,0
mcs90_b03_s25.A00,mcs90_b03_s25.B00,dal_dal,23,31,6463,0.00082995,0,2759,0.00037836,3527,3527,0
mcs90_b03_s25.A01,mcs90_b03_s25.B01,dal_dal,23,33,2629,0.000393842,0,1015,0.000161993,1554,1554,0
mcs90_b03_s25.A02,mcs90_b03_s25.B02,dal_dal,24,34,958,0.000183684,0,777,0.000130034,567,567,0
mcs90_b03_s25.A03,mcs90_b03_s25.B03,dal_dal,24,36,1880,0.000318757,0,1830,0.000276254,1074,1074,0
mcs90_b03_s25.A04,mcs90_b03_s25.B04,dal_dal,23,31,8828,0.00112836,0,6779,0.00084938,4790,4790,0
mcs90_b03_s25.A05,mcs90_b03_s25.B05,dal_dal,23,33,4630,0.00070039,0,2571,0.000389129,2572,2572,0
mcs90_b03_s25.A06,mcs90_b03_s25.B06,dal_dal,23,31,3218,0.00057556,0,1356,0.000239182,1845,1845,0
mcs90_b03_s25.A07,mcs90_b03_s25.B07,dal_dal,23,31,3934,0.000590984,0,2589,0.000371071,2319,2319,0
mcs90_b03_s25.A08,mcs90_b03_s25.B08,dal_dal,23,30,4153,0.000620637,0,2544,0.000370409,2311,2311,0
mcs90_b03_s25.A09,mcs90_b03_s25.B09,dal_dal,24,33,3405,0.000549751,0,3160,0.000478462,1919,1919,0
mcs90_b03_s30.A00,mcs90_b03_s30.B00,dal_dal,27,36,14596,0.0019911,0,3057,0.000439368,8240,8240,0
mcs90_b03_s30.A01,mcs90_b03_s30.B01,dal_dal,27,37,20023,0.0026642,0,6092,0.000822232,10989,10989,0
mcs90_b03_s30.A02,mcs90_b03_s30.B02,dal_dal,27,36,29125,0.00376181,0,18360,0.00232497,16808,16808,0
mcs90_b03_s30.A03,mcs90_b03_s30.B03,dal_dal,28,39,5666,0.000861034,0,4283,0.000621513,3237,3237,0
mcs90_b03_s30.A04,mcs90_b03_s30.B04,dal_dal,27,39,17155,0.00230883,0,11325,0.00149766,9673,9673,0
mcs90_b03_s30.A05,mcs90_b03_s30.B05,dal_dal,27,37,8257,0.00116743,0,1880,0.00026602,4804,4804,0
mcs90_b03_s30.A06,mcs90_b03_s30.B06,dal_dal,27,36,23637,0.00318933,0,13413,0.0017581,14262,14262,0
mcs90_b03_s30.A07,mcs90_b03_s30.B07,dal_dal,27,36,11966,0.00168836,0,2073,0.00031239,6935,6935,0
mcs90_b03_s30.A08,mcs90_b03_s30.B08,dal_dal,27,36,17990,0.00231869,0,3145,0.000430587,9958,9958,0
mcs90_b03_s30.A09,mcs90_b03_s30.B09,dal_dal,28,41,21888,0.00309028,0,20160,0.00281115,12598,12598,0
mcs90_b03_s35.A00,mcs90_b03_s35.B00,dal_dal,33,46,120544,0.0158552,0,120350,0.015772,77987,77987,0
mcs90_b03_s35.A01,mcs90_b03_s35.B01,dal_dal,32,44,732375,0.0954867,0,725510,0.094472,462467,462467,0
mcs90_b03_s35.A02,mcs90_b03_s35.B02,dal_dal,31,41,81402,0.0121401,0,5060,0.000800064,46249,46249,0
mcs90_b03_s35.A03,mcs90_b03_s35.B03,dal_dal,31,40,74757,0.0122386,0,3182,0.000531972,42516,42516,0
mcs90_b03_s35.A04,mcs90_b03_s35.B04,dal_dal,31,42,156411,0.0200681,0,68072,0.0085485,90784,90784,0
mcs90_b03_s35.A05,mcs90_b03_s35.B05,dal_dal,32,44,419228,0.0507969,0,405497,0.0488623,258998,258998,0
mcs90_b03_s35.A06,mcs90_b03_s35.B06,dal_dal,32,45,514494,0.0616153,0,503424,0.0600357,323608,323608,0
mcs90_b03_s35.A07,mcs90_b03_s35.B07,dal_dal,32,43,84408,0.0105934,0,72427,0.00892259,50244,50244,0
mcs90_b03_s35.A08,mcs90_b03_s35.B08,dal_dal,31,42,71455,0.00918404,0,32,2.83E-05,40457,40457,0
mcs90_b03_s35.A09,mcs90_b03_s35.B09,dal_dal,32,43,35242,0.00483161,0,23686,0.00322912,20103,20103,0
mcs90_b03_s40.A00,mcs90_b03_s40.B00,dal_dal,37,51,79834,0.0113154,0,55797,0.00781946,48922,48922,0
mcs90_b03_s40.A01,mcs90_b03_s40.B01,dal_dal,37,52,45910,0.00712827,0,29377,0.00433402,26884,26884,0
mcs90_b03_s40.A02,mcs90_b03_s40.B02,dal_dal,37,50,117806,0.0180175,0,85359,0.0129065,71334,71334,0
mcs90_b03_s40.A03,mcs90_b03_s40.B03,dal_dal,37,52,363768,0.0534525,0,349717,0.0511706,221047,221047,0
mcs90_b03_s40.A04,mcs90_b03_s40.B04,dal_dal,37,52,30149,0.00416714,0,11248,0.00147126,17373,17373,0
mcs90_b03_s40.A05,mcs90_b03_s40.B05,dal_dal,38,56,43135,0.00604145,0,41094,0.0057107,23451,23451,0
mcs90_b03_s40.A06,mcs90_b03_s40.B06,dal_dal,38,53,137241,0.0157326,0,135344,0.0154296,82755,82755,0
mcs90_b03_s40.A07,mcs90_b03_s40.B07,dal_dal,37,53,15877,0.00227776,0,791,0.000163827,8902,8902,0
mcs90_b03_s40.A08,mcs90_b03_s40.B08,dal_dal,37,53,62887,0.00890608,0,41091,0.00572645,36961,36961,0
mcs90_b03_s40.A09,mcs90_b03_s40.B09,dal_dal,37,53,112360,0.0141377,0,88738,0.010604,65010,65010,0
mcs90_b03_s50.A00,mcs90_b03_s50.B00,dal_dal,45,61,3167883,0.414353,0,2134237,0.26823,1863909,1863909,0
mcs90_b03_s50.A01,mcs90_b03_s50.B01,dal_dal,46,63,287467,0.0405519,0,211796,0.0296424,169034,169034,0
mcs90_b03_s50.A02,mcs90_b03_s50.B02,dal_dal,46,66,2433124,0.32566,0,2331152,0.310337,1467294,1467294,0
mcs90_b03_s50.A03,mcs90_b03_s50.B03,dal_dal,46,64,2814466,0.41144,0,2771067,0.404948,1757699,1757699,0
mcs90_b03_s50.A04,mcs90_b03_s50.B04,dal_dal,45,62,20437351,2.92254,0,19323605,2.74718,12417382,12417382,0
mcs90_b03_s50.A05,mcs90_b03_s50.B05,dal_dal,45,60,2235113,0.32505,0,116482,0.0161949,1358507,1358507,0
mcs90_b03_s50.A06,mcs90_b03_s50.B06,dal_dal,45,62,3456356,0.471659,0,2080406,0.268009,2024819,2024819,0
mcs90_b03_s50.A07,mcs90_b03_s50.B07,dal_dal,46,61,948345,0.134444,0,806449,0.11359,552903,552903,0
mcs90_b03_s50.A08,mcs90_b03_s50.B08,dal_dal,45,57,6678457,0.876068,0,4738273,0.629247,4122717,4122717,0
mcs90_b03_s50.A09,mcs90_b03_s50.B09,dal_dal,45,62,2180691,0.294312,0,751686,0.0970892,1299293,1299293,0
mcs90_b03_s60.A00,mcs90_b03_s60.B00,dal_dal,55,76,14977723,2.06434,0,13793487,1.87621,9286811,9286811,0
mcs90_b03_s60.A01,mcs90_b03_s60.B01,dal_dal,55,75,3941555,0.506753,0,3447861,0.431015,2284590,2284590,0
mcs90_b03_s60.A02,mcs90_b03_s60.B02,dal_dal,56,78,5250326,0.755723,0,5075839,0.72805,3334600,3334600,0
mcs90_b03_s60.A03,mcs90_b03_s60.B03,dal_dal,57,81,1139520,0.167848,0,1115220,0.163919,715364,715364,0
mcs90_b03_s60.A04,mcs90_b03_s60.B04,dal_dal,56,78,1057319,0.146965,0,800527,0.10806,615468,615468,0
mcs90_b03_s60.A05,mcs90_b03_s60.B05,dal_dal,55,77,8792458,1.23722,0,6181842,0.828494,5351775,5351775,0
mcs90_b03_s60.A06,mcs90_b03_s60.B06,dal_dal,55,75,3711548,0.561744,0,461090,0.0666386,2219312,2219312,0
mcs90_b03_s60.A07,mcs90_b03_s60.B07,dal_dal,55,78,14285501,2.11766,0,9042685,1.30642,8684590,8684590,0
mcs90_b03_s60.A08,mcs90_b03_s60.B08,dal_dal,55,76,6492404,0.904365,0,1242423,0.171651,4010055,4010055,0
mcs90_b03_s60.A09,mcs90_b03_s60.B09,dal_dal,55,75,20076305,2.88959,0,17721356,2.51248,11843437,11843437,0
mcs90_b03_s70.A00,mcs90_b03_s70.B00,dal_dal,63,86,609706312,93.1228,0,225277031,33.3569,360417725,360417725,0
mcs90_b03_s70.A01,mcs90_b03_s70.B01,dal_dal,65,89,99580016,15.9528,0,97991049,15.6759,58310640,58310640,0
mcs90_b03_s70.A02,mcs90_b03_s70.B02,dal_dal,64,88,456012484,72.8527,0,356787344,56.7397,276913737,276913737,0
mcs90_b03_s70.A03,mcs90_b03_s70.B03,dal_dal,65,90,49447632,9.28456,0,47776871,8.94154,31420906,31420906,0
mcs90_b03_s70.A04,mcs90_b03_s70.B04,dal_dal,65,92,118259025,17.2434,0,117788570,17.1638,70291508,70291508,0
mcs90_b03_s70.A05,mcs90_b03_s70.B05,dal_dal,64,84,164186602,25.1206,0,104076293,15.6945,99116359,99116359,0
mcs90_b03_s70.A06,mcs90_b03_s70.B06,dal_dal,63,88,668825322,111.193,0,174780996,26.2818,403427940,403427940,0
mcs90_b03_s70.A07,mcs90_b03_s70.B07,dal_dal,64,87,138051307,21.7327,0,112382029,17.3657,87086561,87086561,0
mcs90_b03_s70.A08,mcs90_b03_s70.B08,dal_dal,64,87,569109136,87.7945,0,519160441,79.6384,354312050,354312050,0
mcs90_b03_s70.A09,mcs90_b03_s70.B09,dal_dal,64,85,185872682,29.2768,0,172507362,26.7837,119241017,119241017,0
mcs90_b03_s80.A00,mcs90_b03_s80.B00,dal_dal,73,100,496736660,82.0295,0,137914937,21.8756,305984161,305984161,0
mcs90_b03_s80.A01,mcs90_b03_s80.B01,dal_dal,74,102,496720944,77.9675,0,348853988,54.3765,283121230,283121230,0
mcs90_b03_s80.A02,mcs90_b03_s80.B02,dal_dal,74,102,187162844,30.7812,0,154954742,25.246,115862534,115862534,0
mcs90_b03_s80.A03,mcs90_b03_s80.B03,dal_dal,74,101,335877289,54.5486,0,306816044,49.1276,196211511,196211511,0
mcs90_b03_s80.A04,mcs90_b03_s80.B04,dal_dal,74,105,2896151038,459.226,0,2843864002,450.119,1754785831,1754785831,0
mcs90_b03_s80.A05,mcs90_b03_s80.B05,dal_dal,74,105,983370126,168.774,0,864732959,148.295,597481648,597481648,0
mcs90_b03_s80.A06,mcs90_b03_s80.B06,dal_dal,74,102,2645035701,454.13,0,2499892340,429.374,1621491415,1621491415,0
mcs90_b03_s80.A07,mcs90_b03_s80.B07,dal_dal,74,102,97558288,17.9128,0,55543064,10.0042,60549650,60549650,0
mcs90_b03_s80.A08,mcs90_b03_s80.B08,dal_dal,74,102,3579899005,573.417,0,3447229675,551.569,2273118881,2273118881,0
mcs90_b03_s80.A09,mcs90_b03_s80.B09,dal_dal,74,101,252579953,40.0774,0,222446969,34.6875,153711109,153711109,0
mcs90_b03_s90.A00,mcs90_b03_s90.B00,dal_dal,82,111,5796933606,1000.02,1,2423670172,417.802,3426674208,3426674208,0
mcs90_b03_s90.A01,mcs90_b03_s90.B01,dal_dal,76,98,6413432073,1000.02,1,5077972344,789.922,4099972628,4099972628,0
mcs90_b03_s90.A02,mcs90_b03_s90.B02,dal_dal,83,112,3628716188,561.728,0,3241390987,491.286,2212601319,2212601319,0
mcs90_b03_s90.A03,mcs90_b03_s90.B03,dal_dal,76,93,6655722144,1000.01,1,371358077,52.0468,4105413431,4105413431,0
mcs90_b03_s90.A04,mcs90_b03_s90.B04,dal_dal,82,112,5752764345,1000.01,1,4916863407,854.432,3543074261,3543074261,0
mcs90_b03_s90.A05,mcs90_b03_s90.B05,dal_dal,77,105,6526467901,1000.01,1,4436439905,673.317,4100344223,4100344223,0
mcs90_b03_s90.A06,mcs90_b03_s90.B06,dal_dal,82,112,4434158368,762.524,0,137696203,23.2274,2655064901,2655064901,0
mcs90_b03_s90.A07,mcs90_b03_s90.B07,dal_dal,81,113,6059710174,1000.02,1,2344424042,371.432,3679827475,3679827475,0
mcs90_b03_s90.A08,mcs90_b03_s90.B08,dal_dal,82,111,5896233509,1000.02,1,4664363394,783.934,3576607245,3576607245,0
mcs90_b03_s90.A09,mcs90_b03_s90.B09,dal_dal,83,116,3765570971,612.615,0,3358398536,543.008,2264367716,2264367716,0
mcs90_b03m_s10.A00,mcs90_b03m_s10.B00,dal_dal,9,14,272,7.41E-05,0,257,4.22E-05,173,173,0
mcs90_b03m_s10.A01,mcs90_b03m_s10.B01,dal_dal,8,7,437,8.43E-05,0,357,5.12E-05,270,270,0
mcs90_b03m_s10.A02,mcs90_b03m_s10.B02,dal_dal,8,11,284,7.19E-05,0,79,1.59E-05,187,187,0
mcs90_b03m_s10.A03,mcs90_b03m_s10.B03,dal_dal,8,12,113,5.02E-05,0,23,1.02E-05,81,81,0
mcs90_b03m_s10.A04,mcs90_b03m_s10.B04,dal_dal,8,8,261,6.58E-05,0,184,3.05E-05,175,175,0
mcs90_b03m_s10.A05,mcs90_b03m_s10.B05,dal_dal,9,12,79,5.32E-05,0,44,1.68E-05,49,49,0
mcs90_b03m_s10.A06,mcs90_b03m_s10.B06,dal_dal,8,8,184,6.10E-05,0,117,2.43E-05,118,118,0
mcs90_b03m_s10.A07,mcs90_b03m_s10.B07,dal_dal,8,10,147,4.76E-05,0,25,8.86E-06,102,102,0
mcs90_b03m_s10.A08,mcs90_b03m_s10.B08,dal_dal,8,8,166,7.10E-05,0,9,1.11E-05,113,113,0
mcs90_b03m_s10.A09,mcs90_b03m_s10.B09,dal_dal,8,7,229,6.30E-05,0,74,1.60E-05,149,149,0
mcs90_b03m_s100.A00,mcs90_b03m_s100.B00,dal_dal,69,69,7410024190,1000.02,1,22109814,2.80905,5181845758,5181845758,0
mcs90_b03m_s100.A01,mcs90_b03m_s100.B01,dal_dal,71,83,8872947844,1000.02,1,5285262733,522.443,6748914717,6748914717,0
mcs90_b03m_s100.A02,mcs90_b03m_s100.B02,dal_dal,70,79,7458557041,1000.02,1,478659415,59.32,5195729559,5195729559,0
mcs90_b03m_s100.A03,mcs90_b03m_s100.B03,dal_dal,72,84,6835338601,1000.01,1,423018907,54.1396,4773272742,4773272742,0
mcs90_b03m_s100.A04,mcs90_b03m_s100.B04,dal_dal,72,79,7241355731,1000.02,1,6821014063,939.333,4956466713,4956466713,0
mcs90_b03m_s100.A05,mcs90_b03m_s100.B05,dal_dal,73,82,6037088484,1000.01,1,148799308,21.2039,4194732686,4194732686,0
mcs90_b03m_s100.A06,mcs90_b03m_s100.B06,dal_dal,65,74,11795692491,1000.01,1,5293132740,347.339,10058765955,10058765955,0
mcs90_b03m_s100.A07,mcs90_b03m_s100.B07,dal_dal,73,83,6788476874,1000.02,1,2904213470,423.361,4800464159,4800464159,0
mcs90_b03m_s100.A08,mcs90_b03m_s100.B08,dal_dal,70,78,6938223174,1000.02,1,76938461,9.88109,5130591133,5130591133,0
mcs90_b03m_s100.A09,mcs90_b03m_s100.B09,dal_dal,71,76,5750494563,1000.01,1,6780272,0.965014,4291569682,4291569682,0
mcs90_b03m_s15.A00,mcs90_b03m_s15.B00,dal_dal,13,18,894,0.000343929,0,549,7.95E-05,547,547,0
mcs90_b03m_s15.A01,mcs90_b03m_s15.B01,dal_dal,13,14,1212,0.000209366,0,1124,0.00016578,766,766,0
mcs90_b03m_s15.A02,mcs90_b03m_s15.B02,dal_dal,13,16,2139,0.000295292,0,1969,0.000242663,1386,1386,0
mcs90_b03m_s15.A03,mcs90_b03m_s15.B03,dal_dal,13,15,1061,0.000178329,0,812,0.000114081,679,679,0
mcs90_b03m_s15.A04,mcs90_b03m_s15.B04,dal_dal,13,18,2115,0.000289876,0,1921,0.000237167,1372,1372,0
mcs90_b03m_s15.A05,mcs90_b03m_s15.B05,dal_dal,12,15,1710,0.000254985,0,834,0.000114162,1102,1102,0
mcs90_b03m_s15.A06,mcs90_b03m_s15.B06,dal_dal,13,16,353,8.73E-05,0,14,1.01E-05,238,238,0
mcs90_b03m_s15.A07,mcs90_b03m_s15.B07,dal_dal,13,18,1516,0.0002396,0,1374,0.000191327,997,997,0
mcs90_b03m_s15.A08,mcs90_b03m_s15.B08,dal_dal,13,19,450,0.000110175,0,305,5.89E-05,292,292,0
mcs90_b03m_s15.A09,mcs90_b03m_s15.B09,dal_dal,13,15,2633,0.000339682,0,2295,0.000273683,1604,1604,0
mcs90_b03m_s20.A00,mcs90_b03m_s20.B00,dal_dal,18,26,10329,0.00125671,0,9979,0.0011719,6530,6530,0
mcs90_b03m_s20.A01,mcs90_b03m_s20.B01,dal_dal,18,21,16181,0.00202051,0,16064,0.00197318,10527,10527,0
mcs90_b03m_s20.A02,mcs90_b03m_s20.B02,dal_dal,18,24,21093,0.00233111,0,21040,0.00229571,13962,13962,0
mcs90_b03m_s20.A03,mcs90_b03m_s20.B03,dal_dal,18,27,5031,0.000681075,0,4594,0.000590248,3268,3268,0
mcs90_b03m_s20.A04,mcs90_b03m_s20.B04,dal_dal,18,23,9847,0.00124149,0,9464,0.00115779,6307,6307,0
mcs90_b03m_s20.A05,mcs90_b03m_s20.B05,dal_dal,18,25,9999,0.00123351,0,9704,0.00116681,6131,6131,0
mcs90_b03m_s20.A06,mcs90_b03m_s20.B06,dal_dal,18,25,11163,0.00161592,0,10821,0.0015437,6982,6982,0
mcs90_b03m_s20.A07,mcs90_b03m_s20.B07,dal_dal,18,24,12356,0.00185253,0,11907,0.00176201,7705,7705,0
mcs90_b03m_s20.A08,mcs90_b03m_s20.B08,dal_dal,18,26,3736,0.000503366,0,3357,0.000416335,2289,2289,0
mcs90_b03m_s20.A09,mcs90_b03m_s20.B09,dal_dal,18,22,22806,0.00272418,0,22417,0.00263969,14340,14340,0
mcs90_b03m_s25.A00,mcs90_b03m_s25.B00,dal_dal,23,31,58551,0.00789602,0,58360,0.00783254,39168,39168,0
mcs90_b03m_s25.A01,mcs90_b03m_s25.B01,dal_dal,22,29,2712,0.000399902,0,1458,0.000181613,1750,1750,0
mcs90_b03m_s25.A02,mcs90_b03m_s25.B02,dal_dal,22,31,310615,0.038382,0,308602,0.0380812,213048,213048,0
mcs90_b03m_s25.A03,mcs90_b03m_s25.B03,dal_dal,22,29,79375,0.011496,0,78206,0.0112851,54856,54856,0
mcs90_b03m_s25.A04,mcs90_b03m_s25.B04,dal_dal,22,29,132429,0.0164805,0,131830,0.0163557,89161,89161,0
mcs90_b03m_s25.A05,mcs90_b03m_s25.B05,dal_dal,22,29,25847,0.00364299,0,24783,0.00311545,16920,16920,0
mcs90_b03m_s25.A06,mcs90_b03m_s25.B06,dal_dal,22,28,104855,0.0119171,0,103779,0.0117458,70168,70168,0
mcs90_b03m_s25.A07,mcs90_b03m_s25.B07,dal_dal,23,33,26762,0.00336279,0,26306,0.00326039,18493,18493,0
mcs90_b03m_s25.A08,mcs90_b03m_s25.B08,dal_dal,23,32,1343,0.000242635,0,709,0.0001128,880,880,0
mcs90_b03m_s25.A09,mcs90_b03m_s25.B09,dal_dal,22,30,30726,0.00399406,0,28683,0.0036792,19643,19643,0
mcs90_b03m_s30.A00,mcs90_b03m_s30.B00,dal_dal,26,34,1681427,0.207764,0,1665570,0.205457,1151341,1151341,0
mcs90_b03m_s30.A01,mcs90_b03m_s30.B01,dal_dal,26,36,368737,0.0458526,0,359196,0.0445394,233392,233392,0
mcs90_b03m_s30.A02,mcs90_b03m_s30.B02,dal_dal,27,35,1156511,0.148842,0,1155739,0.148685,763933,763933,0
mcs90_b03m_s30.A03,mcs90_b03m_s30.B03,dal_dal,27,36,3747840,0.5,0,3746355,0.4996,2417731,2417731,0
mcs90_b03m_s30.A04,mcs90_b03m_s30.B04,dal_dal,26,34,442105,0.0516753,0,434356,0.050551,289805,289805,0
mcs90_b03m_s30.A05,mcs90_b03m_s30.B05,dal_dal,26,37,1915962,0.227514,0,1909086,0.22656,1258082,1258082,0
mcs90_b03m_s30.A06,mcs90_b03m_s30.B06,dal_dal,26,33,4209520,0.501719,0,4196840,0.499903,2680334,2680334,0
mcs90_b03m_s30.A07,mcs90_b03m_s30.B07,dal_dal,26,36,952466,0.115246,0,945751,0.114311,620461,620461,0
mcs90_b03m_s30.A08,mcs90_b03m_s30.B08,dal_dal,26,35,476165,0.0546687,0,466292,0.0533902,310154,310154,0
mcs90_b03m_s30.A09,mcs90_b03m_s30.B09,dal_dal,28,40,95024,0.011736,0,94486,0.0116202,61528,61528,0
mcs90_b03m_s35.A00,mcs90_b03m_s35.B00,dal_dal,30,42,11998929,1.49574,0,11943745,1.48781,8001660,8001660,0
mcs90_b03m_s35.A01,mcs90_b03m_s35.B01,dal_dal,30,35,19493734,2.41705,0,19420122,2.40611,13669453,13669453,0
mcs90_b03m_s35.A02,mcs90_b03m_s35.B02,dal_dal,30,38,2109245,0.274032,0,2018654,0.261073,1408474,1408474,0
mcs90_b03m_s35.A03,mcs90_b03m_s35.B03,dal_dal,30,38,772270,0.105284,0,735852,0.10005,507459,507459,0
mcs90_b03m_s35.A04,mcs90_b03m_s35.B04,dal_dal,30,39,3668707,0.458861,0,3645649,0.455354,2533609,2533609,0
mcs90_b03m_s35.A05,mcs90_b03m_s35.B05,dal_dal,30,38,15673653,1.95243,0,15602036,1.94233,10416096,10416096,0
mcs90_b03m_s35.A06,mcs90_b03m_s35.B06,dal_dal,32,43,833535,0.101412,0,831072,0.101003,560781,560781,0
mcs90_b03m_s35.A07,mcs90_b03m_s35.B07,dal_dal,30,38,2105362,0.262311,0,1985660,0.245568,1411290,1411290,0
mcs90_b03m_s35.A08,mcs90_b03m_s35.B08,dal_dal,30,39,6547010,0.802521,0,6292003,0.767771,4312863,4312863,0
mcs90_b03m_s35.A09,mcs90_b03m_s35.B09,dal_dal,30,40,4283234,0.522753,0,4171090,0.506964,2824371,2824371,0
mcs90_b03m_s40.A00,mcs90_b03m_s40.B00,dal_dal,36,50,19370962,2.0673,0,19352590,2.06449,12928266,12928266,0
mcs90_b03m_s40.A01,mcs90_b03m_s40.B01,dal_dal,37,53,2668434,0.359807,0,2664655,0.359146,1739427,1739427,0
mcs90_b03m_s40.A02,mcs90_b03m_s40.B02,dal_dal,37,55,1026853,0.139339,0,1019738,0.138255,701716,701716,0
mcs90_b03m_s40.A03,mcs90_b03m_s40.B03,dal_dal,36,50,13899581,1.76041,0,13884954,1.75805,9249218,9249218,0
mcs90_b03m_s40.A04,mcs90_b03m_s40.B04,dal_dal,36,48,2307125,0.312876,0,2297533,0.311235,1602355,1602355,0
mcs90_b03m_s40.A05,mcs90_b03m_s40.B05,dal_dal,36,49,80950019,11.318,0,80926588,11.3144,53863790,53863790,0
mcs90_b03m_s40.A06,mcs90_b03m_s40.B06,dal_dal,36,43,72295641,9.29454,0,72290033,9.29359,47357313,47357313,0
mcs90_b03m_s40.A07,mcs90_b03m_s40.B07,dal_dal,36,46,17325301,2.2972,0,17322740,2.29671,11372523,11372523,0
mcs90_b03m_s40.A08,mcs90_b03m_s40.B08,dal_dal,36,52,26670884,3.43799,0,26652606,3.43512,18105172,18105172,0
mcs90_b03m_s40.A09,mcs90_b03m_s40.B09,dal_dal,36,48,51982655,6.51567,0,51952328,6.51101,34868923,34868923,0
mcs90_b03m_s50.A00,mcs90_b03m_s50.B00,dal_dal,44,55,1967780076,261.454,0,1966499530,261.252,1310803859,1310803859,0
mcs90_b03m_s50.A01,mcs90_b03m_s50.B01,dal_dal,44,58,287234782,40.0812,0,287137370,40.0651,193197942,193197942,0
mcs90_b03m_s50.A02,mcs90_b03m_s50.B02,dal_dal,44,55,1094864047,151.475,0,1089329866,150.635,730484389,730484389,0
mcs90_b03m_s50.A03,mcs90_b03m_s50.B03,dal_dal,45,60,478247115,65.6385,0,478156748,65.6227,328349243,328349243,0
mcs90_b03m_s50.A04,mcs90_b03m_s50.B04,dal_dal,45,62,237534423,34.5464,0,237478418,34.5373,159597505,159597505,0
mcs90_b03m_s50.A05,mcs90_b03m_s50.B05,dal_dal,44,61,157554247,23.0649,0,156997278,22.9539,109462452,109462452,0
mcs90_b03m_s50.A06,mcs90_b03m_s50.B06,dal_dal,45,61,4668670758,630.94,0,4668385688,630.887,3146288466,3146288466,0
mcs90_b03m_s50.A07,mcs90_b03m_s50.B07,dal_dal,44,53,418650817,57.4393,0,417889101,57.318,281621457,281621457,0
mcs90_b03m_s50.A08,mcs90_b03m_s50.B08,dal_dal,44,52,1955659310,270.351,0,1955571998,270.337,1322298620,1322298620,0
mcs90_b03m_s50.A09,mcs90_b03m_s50.B09,dal_dal,44,54,85176972,11.5117,0,83195216,11.1885,58256783,58256783,0
mcs90_b03m_s60.A00,mcs90_b03m_s60.B00,dal_dal,54,73,2171164061,318.754,0,2170695878,318.674,1458104791,1458104791,0
mcs90_b03m_s60.A01,mcs90_b03m_s60.B01,dal_dal,45,55,7315246005,1000.02,1,3329914931,450.508,4816136746,4816136746,0
mcs90_b03m_s60.A02,mcs90_b03m_s60.B02,dal_dal,55,73,1322717216,197.262,0,1322645973,197.248,904245384,904245384,0
mcs90_b03m_s60.A03,mcs90_b03m_s60.B03,dal_dal,48,61,7065394739,1000.02,1,4133846150,567.639,4757165974,4757165974,0
mcs90_b03m_s60.A04,mcs90_b03m_s60.B04,dal_dal,48,58,6946486577,1000.01,1,1281708195,158.79,4586865420,4586865420,0
mcs90_b03m_s60.A05,mcs90_b03m_s60.B05,dal_dal,47,55,7163624097,1000.02,1,4065008243,556.322,4862231769,4862231769,0
mcs90_b03m_s60.A06,mcs90_b03m_s60.B06,dal_dal,47,56,6951547582,1000.02,1,425714516,58.2831,4677319015,4677319015,0
mcs90_b03m_s60.A07,mcs90_b03m_s60.B07,dal_dal,54,74,4304289340,623.944,0,4302947684,623.695,2846078340,2846078340,0
mcs90_b03m_s60.A08,mcs90_b03m_s60.B08,dal_dal,44,49,7954120692,1000.02,1,7680000991,964.243,5583959242,5583959242,0
mcs90_b03m_s60.A09,mcs90_b03m_s60.B09,dal_dal,46,59,7413730766,1000.01,1,5366661738,709.424,5172089630,5172089630,0
mcs90_b03m_s70.A00,mcs90_b03m_s70.B00,dal_dal,53,63,6384257367,1000.02,1,2223263479,342.762,4368878117,4368878117,0
mcs90_b03m_s70.A01,mcs90_b03m_s70.B01,dal_dal,62,85,7258860384,1000.02,1,7247473165,997.939,4757208501,4757208501,0
mcs90_b03m_s70.A02,mcs90_b03m_s70.B02,dal_dal,52,62,7374660182,1000.02,1,3328655511,434.628,4969988769,4969988769,0
mcs90_b03m_s70.A03,mcs90_b03m_s70.B03,dal_dal,54,58,7025004551,1000.02,1,3607585608,499.529,4850361600,4850361600,0
mcs90_b03m_s70.A04,mcs90_b03m_s70.B04,dal_dal,54,61,6673506880,1000.01,1,837087866,118.219,4554086403,4554086403,0
mcs90_b03m_s70.A05,mcs90_b03m_s70.B05,dal_dal,52,62,7236280279,1000.02,1,116681705,14.3386,4960351614,4960351614,0
mcs90_b03m_s70.A06,mcs90_b03m_s70.B06,dal_dal,52,57,7545777242,1000.02,1,6678824680,882.123,5205080787,5205080787,0
mcs90_b03m_s70.A07,mcs90_b03m_s70.B07,dal_dal,52,54,6841614644,1000.01,1,13298915,1.85508,4759470588,4759470588,0
mcs90_b03m_s70.A08,mcs90_b03m_s70.B08,dal_dal,52,60,7327524129,1000.01,1,6345364603,853.492,5053729687,5053729687,0
mcs90_b03m_s70.A09,mcs90_b03m_s70.B09,dal_dal,50,55,7939973335,1000.01,1,7926100676,998.2,5054764586,5054764586,0
mcs90_b03m_s80.A00,mcs90_b03m_s80.B00,dal_dal,60,71,6380587322,1000.02,1,1461271621,212.262,4432110287,4432110287,0
mcs90_b03m_s80.A01,mcs90_b03m_s80.B01,dal_dal,57,66,7674090126,1000.01,1,1826558281,228.993,5446622859,5446622859,0
mcs90_b03m_s80.A02,mcs90_b03m_s80.B02,dal_dal,60,76,7065505461,1000.01,1,1750150333,231.447,4997171988,4997171988,0
mcs90_b03m_s80.A03,mcs90_b03m_s80.B03,dal_dal,60,71,7094674785,1000.01,1,5009158453,700.012,4847664456,4847664456,0
mcs90_b03m_s80.A04,mcs90_b03m_s80.B04,dal_dal,61,74,7329702921,1000.01,1,108152956,13.0403,4839051376,4839051376,0
mcs90_b03m_s80.A05,mcs90_b03m_s80.B05,dal_dal,57,59,7255947132,1000.01,1,159249200,21.4314,4927267149,4927267149,0
mcs90_b03m_s80.A06,mcs90_b03m_s80.B06,dal_dal,56,64,6473023215,1000.02,1,49952807,6.84465,4510813780,4510813780,0
mcs90_b03m_s80.A07,mcs90_b03m_s80.B07,dal_dal,60,68,5870184720,1000.02,1,3354277192,541.45,4103838642,4103838642,0
mcs90_b03m_s80.A08,mcs90_b03m_s80.B08,dal_dal,61,76,6853578124,1000.01,1,341670091,45.5418,4526478193,4526478193,0
mcs90_b03m_s80.A09,mcs90_b03m_s80.B09,dal_dal,59,67,7103462088,1000.02,1,1547450994,203.742,4968649861,4968649861,0
mcs90_b03m_s90.A00,mcs90_b03m_s90.B00,dal_dal,65,76,7103112564,1000.01,1,2053293187,272.903,4906529285,4906529285,0
mcs90_b03m_s90.A01,mcs90_b03m_s90.B01,dal_dal,65,79,7086233128,1000.02,1,1276027427,173.646,4885930386,4885930386,0
mcs90_b03m_s90.A02,mcs90_b03m_s90.B02,dal_dal,67,78,7216049259,1000.02,1,451360520,57.7127,4703740767,4703740767,0
mcs90_b03m_s90.A03,mcs90_b03m_s90.B03,dal_dal,70,86,5652136593,1000.02,1,109312313,15.095,3950177480,3950177480,0
mcs90_b03m_s90.A04,mcs90_b03m_s90.B04,dal_dal,63,70,6644595422,1000.02,1,2009209611,263.007,4801181265,4801181265,0
mcs90_b03m_s90.A05,mcs90_b03m_s90.B05,dal_dal,64,70,6057432875,1000.02,1,5461845320,899.554,4255797633,4255797633,0
mcs90_b03m_s90.A06,mcs90_b03m_s90.B06,dal_dal,67,81,7413225317,1000.01,1,3389722628,426.803,5298223111,5298223111,0
mcs90_b03m_s90.A07,mcs90_b03m_s90.B07,dal_dal,64,67,7361697286,1000.02,1,2815187680,368.316,5527272220,5527272220,0
mcs90_b03m_s90.A08,mcs90_b03m_s90.B08,dal_dal,62,71,8478078073,1000.02,1,7004732523,818.686,5969722468,5969722468,0
mcs90_b03m_s90.A09,mcs90_b03m_s90.B09,dal_dal,67,81,7192353899,1000.01,1,3804137107,511.315,5096185805,5096185805,0
mcs90_b06_s10.A00,mcs90_b06_s10.B00,dal_dal,9,24,60,3.98E-05,0,10,7.23E-06,41,41,0
mcs90_b06_s10.A01,mcs90_b06_s10.B01,dal_dal,9,23,47,6.66E-05,0,10,1.35E-05,30,30,0
mcs90_b06_s10.A02,mcs90_b06_s10.B02,dal_dal,9,24,65,4.09E-05,0,19,9.04E-06,40,40,0
mcs90_b06_s10.A03,mcs90_b06_s10.B03,dal_dal,9,23,146,5.16E-05,0,126,2.48E-05,95,95,0
mcs90_b06_s10.A04,mcs90_b06_s10.B04,dal_dal,9,24,87,5.47E-05,0,41,1.14E-05,58,58,0
mcs90_b06_s10.A05,mcs90_b06_s10.B05,dal_dal,9,23,78,5.10E-05,0,34,1.24E-05,52,52,0
mcs90_b06_s10.A06,mcs90_b06_s10.B06,dal_dal,9,24,65,4.30E-05,0,10,9.16E-06,44,44,0
mcs90_b06_s10.A07,mcs90_b06_s10.B07,dal_dal,9,24,44,3.08E-05,0,10,6.37E-06,29,29,0
mcs90_b06_s10.A08,mcs90_b06_s10.B08,dal_dal,9,24,71,7.42E-05,0,10,1.35E-05,43,43,0
mcs90_b06_s10.A09,mcs90_b06_s10.B09,dal_dal,9,23,47,3.81E-05,0,10,7.86E-06,30,30,0
mcs90_b06_s100.A00,mcs90_b06_s100.B00,dal_dal,90,242,1548403303,321.814,0,151102746,30.2704,955826563,955826563,0
mcs90_b06_s100.A01,mcs90_b06_s100.B01,dal_dal,68,147,6454594071,1000.02,1,3475167774,510.084,4236428594,4236428594,0
mcs90_b06_s100.A02,mcs90_b06_s100.B02,dal_dal,81,199,4929702149,1000.02,1,3655541113,719.483,3203729351,3203729351,0
mcs90_b06_s100.A03,mcs90_b06_s100.B03,dal_dal,90,244,2457395338,525.254,0,18570563,3.8288,1550405282,1550405282,0
mcs90_b06_s100.A04,mcs90_b06_s100.B04,dal_dal,77,176,6454298700,1000.02,1,6144352140,944.947,3926190731,3926190731,0
mcs90_b06_s100.A05,mcs90_b06_s100.B05,dal_dal,91,250,1329662308,503.96,0,1199597572,445.199,831138402,831138402,0
mcs90_b06_s100.A06,mcs90_b06_s100.B06,dal_dal,91,248,1505819676,323.957,0,720434174,154.433,955435085,955435085,0
mcs90_b06_s100.A07,mcs90_b06_s100.B07,dal_dal,91,249,1108412148,243.123,0,825215563,180.238,709860434,709860434,0
mcs90_b06_s100.A08,mcs90_b06_s100.B08,dal_dal,91,250,771399868,154.388,0,321657244,62.6766,454691920,454691920,0
mcs90_b06_s100.A09,mcs90_b06_s100.B09,dal_dal,91,246,376132933,77.9525,0,186194798,37.7848,234579090,234579090,0
mcs90_b06_s15.A00,mcs90_b06_s15.B00,dal_dal,14,39,448,0.000116666,0,390,8.01E-05,295,295,0
mcs90_b06_s15.A01,mcs90_b06_s15.B01,dal_dal,13,33,771,0.00016607,0,118,2.96E-05,528,528,0
mcs90_b06_s15.A02,mcs90_b06_s15.B02,dal_dal,13,35,715,0.000166411,0,68,2.16E-05,508,508,0
mcs90_b06_s15.A03,mcs90_b06_s15.B03,dal_dal,13,32,774,0.00016685,0,507,8.45E-05,520,520,0
mcs90_b06_s15.A04,mcs90_b06_s15.B04,dal_dal,14,39,468,0.000123617,0,401,8.38E-05,304,304,0
mcs90_b06_s15.A05,mcs90_b06_s15.B05,dal_dal,13,32,1105,0.00021264,0,804,0.000134673,706,706,0
mcs90_b06_s15.A06,mcs90_b06_s15.B06,dal_dal,13,32,851,0.000170487,0,128,3.11E-05,549,549,0
mcs90_b06_s15.A07,mcs90_b06_s15.B07,dal_dal,13,36,1452,0.000246651,0,1371,0.000202344,965,965,0
mcs90_b06_s15.A08,mcs90_b06_s15.B08,dal_dal,13,37,936,0.000190978,0,352,6.78E-05,641,641,0
mcs90_b06_s15.A09,mcs90_b06_s15.B09,dal_dal,13,32,825,0.00017457,0,397,7.14E-05,550,550,0
mcs90_b06_s20.A00,mcs90_b06_s20.B00,dal_dal,18,50,1144,0.00025093,0,146,4.35E-05,775,775,0
mcs90_b06_s20.A01,mcs90_b06_s20.B01,dal_dal,18,47,1088,0.000237247,0,156,4.01E-05,740,740,0
mcs90_b06_s20.A02,mcs90_b06_s20.B02,dal_dal,18,52,1044,0.000234133,0,19,1.83E-05,707,707,0
mcs90_b06_s20.A03,mcs90_b06_s20.B03,dal_dal,18,47,1202,0.000260242,0,214,5.10E-05,782,782,0
mcs90_b06_s20.A04,mcs90_b06_s20.B04,dal_dal,18,54,1068,0.000244629,0,19,2.50E-05,721,721,0
mcs90_b06_s20.A05,mcs90_b06_s20.B05,dal_dal,18,49,1272,0.000247023,0,122,3.27E-05,815,815,0
mcs90_b06_s20.A06,mcs90_b06_s20.B06,dal_dal,18,48,1325,0.000270839,0,399,8.58E-05,874,874,0
mcs90_b06_s20.A07,mcs90_b06_s20.B07,dal_dal,18,47,1506,0.000318813,0,340,7.23E-05,974,974,0
mcs90_b06_s20.A08,mcs90_b06_s20.B08,dal_dal,18,47,3490,0.000569007,0,3358,0.000511811,2234,2234,0
mcs90_b06_s20.A09,mcs90_b06_s20.B09,dal_dal,18,52,1145,0.000241504,0,202,5.14E-05,767,767,0
mcs90_b06_s25.A00,mcs90_b06_s25.B00,dal_dal,22,57,6658,0.0013897,0,94,3.38E-05,4063,4063,0
mcs90_b06_s25.A01,mcs90_b06_s25.B01,dal_dal,22,58,4803,0.000911765,0,23,1.94E-05,3014,3014,0
mcs90_b06_s25.A02,mcs90_b06_s25.B02,dal_dal,22,57,40197,0.00615811,0,39312,0.00595656,26349,26349,0
mcs90_b06_s25.A03,mcs90_b06_s25.B03,dal_dal,22,57,4792,0.000881227,0,374,8.49E-05,2987,2987,0
mcs90_b06_s25.A04,mcs90_b06_s25.B04,dal_dal,23,64,3929,0.000740849,0,3437,0.000610041,2423,2423,0
mcs90_b06_s25.A05,mcs90_b06_s25.B05,dal_dal,23,62,1948,0.000426855,0,1245,0.000251009,1284,1284,0
mcs90_b06_s25.A06,mcs90_b06_s25.B06,dal_dal,22,59,8299,0.00135648,0,4209,0.00058907,5278,5278,0
mcs90_b06_s25.A07,mcs90_b06_s25.B07,dal_dal,22,56,4600,0.000863431,0,404,9.05E-05,2993,2993,0
mcs90_b06_s25.A08,mcs90_b06_s25.B08,dal_dal,23,63,2990,0.000583949,0,2571,0.00047093,1779,1779,0
mcs90_b06_s25.A09,mcs90_b06_s25.B09,dal_dal,22,61,6095,0.00108279,0,23,2.04E-05,3749,3749,0
mcs90_b06_s30.A00,mcs90_b06_s30.B00,dal_dal,27,77,9190,0.0018399,0,2127,0.000576289,5531,5531,0
mcs90_b06_s30.A01,mcs90_b06_s30.B01,dal_dal,27,79,9264,0.00179509,0,726,0.000137656,5524,5524,0
mcs90_b06_s30.A02,mcs90_b06_s30.B02,dal_dal,27,72,6885,0.00124209,0,97,3.70E-05,4175,4175,0
mcs90_b06_s30.A03,mcs90_b06_s30.B03,dal_dal,28,76,9957,0.00159127,0,8812,0.00134241,6853,6853,0
mcs90_b06_s30.A04,mcs90_b06_s30.B04,dal_dal,27,70,8190,0.00145854,0,1027,0.000193749,4931,4931,0
mcs90_b06_s30.A05,mcs90_b06_s30.B05,dal_dal,27,70,410839,0.0608741,0,410472,0.0607531,259409,259409,0
mcs90_b06_s30.A06,mcs90_b06_s30.B06,dal_dal,27,72,4815,0.000880176,0,1169,0.000221344,3132,3132,0
mcs90_b06_s30.A07,mcs90_b06_s30.B07,dal_dal,27,72,7327,0.00126653,0,1467,0.000216146,4572,4572,0
mcs90_b06_s30.A08,mcs90_b06_s30.B08,dal_dal,28,78,9416,0.00144844,0,8911,0.00132138,5885,5885,0
mcs90_b06_s30.A09,mcs90_b06_s30.B09,dal_dal,27,75,11019,0.00225869,0,1576,0.000326663,6470,6470,0
mcs90_b06_s35.A00,mcs90_b06_s35.B00,dal_dal,31,80,36127,0.00653383,0,1513,0.000283598,20722,20722,0
mcs90_b06_s35.A01,mcs90_b06_s35.B01,dal_dal,31,79,45413,0.00760218,0,6262,0.000968072,26404,26404,0
mcs90_b06_s35.A02,mcs90_b06_s35.B02,dal_dal,32,86,13280,0.00241581,0,8641,0.00156488,7892,7892,0
mcs90_b06_s35.A03,mcs90_b06_s35.B03,dal_dal,31,79,136527,0.0193112,0,98354,0.0127927,83246,83246,0
mcs90_b06_s35.A04,mcs90_b06_s35.B04,dal_dal,32,84,8408,0.00168896,0,2742,0.000538331,5215,5215,0
mcs90_b06_s35.A05,mcs90_b06_s35.B05,dal_dal,31,82,52059,0.00852491,0,5084,0.000652123,29353,29353,0
mcs90_b06_s35.A06,mcs90_b06_s35.B06,dal_dal,32,86,13211,0.00265194,0,5796,0.00108745,7755,7755,0
mcs90_b06_s35.A07,mcs90_b06_s35.B07,dal_dal,32,85,19350,0.00325745,0,13249,0.00212233,11586,11586,0
mcs90_b06_s35.A08,mcs90_b06_s35.B08,dal_dal,31,80,24769,0.00455873,0,46,3.21E-05,14676,14676,0
mcs90_b06_s35.A09,mcs90_b06_s35.B09,dal_dal,31,80,310933,0.0478102,0,301017,0.0460699,193246,193246,0
mcs90_b06_s40.A00,mcs90_b06_s40.B00,dal_dal,36,94,44388,0.00772207,0,13627,0.00195269,27266,27266,0
mcs90_b06_s40.A01,mcs90_b06_s40.B01,dal_dal,36,97,53887,0.0117225,0,5930,0.0012891,30912,30912,0
mcs90_b06_s40.A02,mcs90_b06_s40.B02,dal_dal,36,98,40554,0.00908566,0,3135,0.000726494,23549,23549,0
mcs90_b06_s40.A03,mcs90_b06_s40.B03,dal_dal,37,108,36140,0.0063983,0,29666,0.00523177,20031,20031,0
mcs90_b06_s40.A04,mcs90_b06_s40.B04,dal_dal,36,95,30484,0.00546198,0,519,0.000135183,17628,17628,0
mcs90_b06_s40.A05,mcs90_b06_s40.B05,dal_dal,37,104,45759,0.00767877,0,41466,0.00685442,28268,28268,0
mcs90_b06_s40.A06,mcs90_b06_s40.B06,dal_dal,36,98,378874,0.0550053,0,331950,0.0467072,244560,244560,0
mcs90_b06_s40.A07,mcs90_b06_s40.B07,dal_dal,37,102,180036,0.0221071,0,176113,0.0213688,106871,106871,0
mcs90_b06_s40.A08,mcs90_b06_s40.B08,dal_dal,36,97,52983,0.00976813,0,3603,0.000663604,29817,29817,0
mcs90_b06_s40.A09,mcs90_b06_s40.B09,dal_dal,37,106,12285,0.00230998,0,4788,0.000935145,7321,7321,0
mcs90_b06_s50.A00,mcs90_b06_s50.B00,dal_dal,45,120,240313,0.0432717,0,9242,0.0016018,133846,133846,0
mcs90_b06_s50.A01,mcs90_b06_s50.B01,dal_dal,45,120,322231,0.0624715,0,142279,0.0231004,190781,190781,0
mcs90_b06_s50.A02,mcs90_b06_s50.B02,dal_dal,46,127,196114,0.0384824,0,151107,0.0290577,119496,119496,0
mcs90_b06_s50.A03,mcs90_b06_s50.B03,dal_dal,46,125,62366,0.0117439,0,36245,0.00682861,35892,35892,0
mcs90_b06_s50.A04,mcs90_b06_s50.B04,dal_dal,45,120,9688501,1.52469,0,9654008,1.51818,6240774,6240774,0
mcs90_b06_s50.A05,mcs90_b06_s50.B05,dal_dal,46,125,7575558,1.10025,0,7566777,1.09851,4979960,4979960,0
mcs90_b06_s50.A06,mcs90_b06_s50.B06,dal_dal,46,122,2185521,0.313646,0,2127425,0.303068,1378254,1378254,0
mcs90_b06_s50.A07,mcs90_b06_s50.B07,dal_dal,46,126,154111,0.0263855,0,119633,0.0198586,89123,89123,0
mcs90_b06_s50.A08,mcs90_b06_s50.B08,dal_dal,46,126,53907,0.0105071,0,35316,0.0068684,31500,31500,0
mcs90_b06_s50.A09,mcs90_b06_s50.B09,dal_dal,45,121,160809,0.0293417,0,1224,0.000275334,90657,90657,0
mcs90_b06_s60.A00,mcs90_b06_s60.B00,dal_dal,55,150,722423,0.121941,0,451844,0.070876,401713,401713,0
mcs90_b06_s60.A01,mcs90_b06_s60.B01,dal_dal,55,149,51348449,8.07696,0,51136650,8.03887,31606116,31606116,0
mcs90_b06_s60.A02,mcs90_b06_s60.B02,dal_dal,55,154,7749163,1.18577,0,7592267,1.15471,4771301,4771301,0
mcs90_b06_s60.A03,mcs90_b06_s60.B03,dal_dal,54,146,3112819,0.450871,0,2176703,0.274292,1829116,1829116,0
mcs90_b06_s60.A04,mcs90_b06_s60.B04,dal_dal,54,144,2914382,0.483802,0,1748312,0.273481,1813583,1813583,0
mcs90_b06_s60.A05,mcs90_b06_s60.B05,dal_dal,54,148,7769411,1.0522,0,7271353,0.957699,4969949,4969949,0
mcs90_b06_s60.A06,mcs90_b06_s60.B06,dal_dal,55,154,42884215,8.70843,0,42704298,8.66621,28362631,28362631,0
mcs90_b06_s60.A07,mcs90_b06_s60.B07,dal_dal,55,148,28686299,5.4793,0,28569941,5.45069,18456604,18456604,0
mcs90_b06_s60.A08,mcs90_b06_s60.B08,dal_dal,55,149,486303,0.110265,0,202884,0.0498896,268638,268638,0
mcs90_b06_s60.A09,mcs90_b06_s60.B09,dal_dal,54,152,2014151,0.359118,0,479520,0.0808394,1139208,1139208,0
mcs90_b06_s70.A00,mcs90_b06_s70.B00,dal_dal,64,180,5224879,0.880007,0,3042650,0.469737,3073833,3073833,0
mcs90_b06_s70.A01,mcs90_b06_s70.B01,dal_dal,63,168,9704062,1.81815,0,359031,0.0661744,5653689,5653689,0
mcs90_b06_s70.A02,mcs90_b06_s70.B02,dal_dal,64,176,3485480,0.635993,0,1668332,0.295627,2022132,2022132,0
mcs90_b06_s70.A03,mcs90_b06_s70.B03,dal_dal,64,178,1844826,0.3564,0,1113775,0.213832,1040051,1040051,0
mcs90_b06_s70.A04,mcs90_b06_s70.B04,dal_dal,64,175,160141618,23.6906,0,159170891,23.5024,104926366,104926366,0
mcs90_b06_s70.A05,mcs90_b06_s70.B05,dal_dal,64,172,7796829,1.18152,0,7374402,1.0974,4452323,4452323,0
mcs90_b06_s70.A06,mcs90_b06_s70.B06,dal_dal,63,168,10271258,1.94863,0,388844,0.0687705,5876317,5876317,0
mcs90_b06_s70.A07,mcs90_b06_s70.B07,dal_dal,63,173,6245898,1.15388,0,178982,0.0319475,3531085,3531085,0
mcs90_b06_s70.A08,mcs90_b06_s70.B08,dal_dal,63,172,10817100,2.04103,0,637405,0.121012,6278119,6278119,0
mcs90_b06_s70.A09,mcs90_b06_s70.B09,dal_dal,64,179,27361632,4.97595,0,26333511,4.77136,17284073,17284073,0
mcs90_b06_s80.A00,mcs90_b06_s80.B00,dal_dal,72,197,228168859,37.8815,0,179640001,28.6982,147741311,147741311,0
mcs90_b06_s80.A01,mcs90_b06_s80.B01,dal_dal,67,167,5535583210,1000.01,1,582595274,82.4354,3540393433,3540393433,0
mcs90_b06_s80.A02,mcs90_b06_s80.B02,dal_dal,72,194,33929097,6.40308,0,7403614,1.38147,20129446,20129446,0
mcs90_b06_s80.A03,mcs90_b06_s80.B03,dal_dal,62,145,5821558719,1000.01,1,852678883,137.968,3760751658,3760751658,0
mcs90_b06_s80.A04,mcs90_b06_s80.B04,dal_dal,73,197,74776148,13.6356,0,71191303,12.9055,44906671,44906671,0
mcs90_b06_s80.A05,mcs90_b06_s80.B05,dal_dal,73,201,20277100,4.7418,0,10496281,2.39896,12094655,12094655,0
mcs90_b06_s80.A06,mcs90_b06_s80.B06,dal_dal,73,196,560735090,127.005,0,559361289,126.683,335748521,335748521,0
mcs90_b06_s80.A07,mcs90_b06_s80.B07,dal_dal,73,202,35595424,7.36526,0,28803011,6.00803,21653052,21653052,0
mcs90_b06_s80.A08,mcs90_b06_s80.B08,dal_dal,72,195,780222586,139.257,0,731131777,129.965,501710856,501710856,0
mcs90_b06_s80.A09,mcs90_b06_s80.B09,dal_dal,73,202,13528691,2.49623,0,5559068,0.981907,7690832,7690832,0
mcs90_b06_s90.A00,mcs90_b06_s90.B00,dal_dal,81,218,809252947,150.555,0,71685864,13.6532,476495358,476495358,0
mcs90_b06_s90.A01,mcs90_b06_s90.B01,dal_dal,82,229,83027351,17.5498,0,47570467,10.0914,54692217,54692217,0
mcs90_b06_s90.A02,mcs90_b06_s90.B02,dal_dal,82,228,81028553,16.4221,0,30135055,6.00198,50106020,50106020,0
mcs90_b06_s90.A03,mcs90_b06_s90.B03,dal_dal,82,225,125842625,25.2055,0,81470952,16.0256,77483890,77483890,0
mcs90_b06_s90.A04,mcs90_b06_s90.B04,dal_dal,68,159,6289303021,1000.01,1,329021,0.0412624,3872800170,3872800170,0
mcs90_b06_s90.A05,mcs90_b06_s90.B05,dal_dal,82,228,39495345,8.13156,0,20531595,4.17818,24077648,24077648,0
mcs90_b06_s90.A06,mcs90_b06_s90.B06,dal_dal,82,225,77289291,15.7621,0,38075430,7.68735,47541937,47541937,0
mcs90_b06_s90.A07,mcs90_b06_s90.B07,dal_dal,81,218,754913489,143.588,0,136244883,24.8547,459975278,459975278,0
mcs90_b06_s90.A08,mcs90_b06_s90.B08,dal_dal,82,223,641385745,128.804,0,629782914,126.211,400294139,400294139,0
mcs90_b06_s90.A09,mcs90_b06_s90.B09,dal_dal,81,214,2094203382,389.249,0,1623094281,290.721,1301760316,1301760316,0
mcs90_b06m_s10.A00,mcs90_b06m_s10.B00,dal_dal,9,22,150,5.10E-05,0,136,2.38E-05,94,94,0
mcs90_b06m_s10.A01,mcs90_b06m_s10.B01,dal_dal,9,22,98,4.43E-05,0,69,1.54E-05,66,66,0
mcs90_b06m_s10.A02,mcs90_b06m_s10.B02,dal_dal,9,22,249,6.83E-05,0,237,3.93E-05,154,154,0
mcs90_b06m_s10.A03,mcs90_b06m_s10.B03,dal_dal,9,20,226,6.26E-05,0,214,3.47E-05,144,144,0
mcs90_b06m_s10.A04,mcs90_b06m_s10.B04,dal_dal,9,20,111,4.35E-05,0,90,2.05E-05,76,76,0
mcs90_b06m_s10.A05,mcs90_b06m_s10.B05,dal_dal,9,21,175,5.21E-05,0,146,2.35E-05,114,114,0
mcs90_b06m_s10.A06,mcs90_b06m_s10.B06,dal_dal,9,22,176,5.39E-05,0,159,2.91E-05,111,111,0
mcs90_b06m_s10.A07,mcs90_b06m_s10.B07,dal_dal,9,22,120,5.34E-05,0,85,2.10E-05,81,81,0
mcs90_b06m_s10.A08,mcs90_b06m_s10.B08,dal_dal,9,22,211,6.04E-05,0,198,3.50E-05,134,134,0
mcs90_b06m_s10.A09,mcs90_b06m_s10.B09,dal_dal,9,22,134,4.58E-05,0,113,2.27E-05,90,90,0
mcs90_b06m_s100.A00,mcs90_b06m_s100.B00,dal_dal,58,106,6373734078,1000.02,1,444275016,62.5494,4741539131,4741539131,0
mcs90_b06m_s100.A01,mcs90_b06m_s100.B01,dal_dal,53,98,6273537583,1000.02,1,894603311,136.606,4600001187,4600001187,0
mcs90_b06m_s100.A02,mcs90_b06m_s100.B02,dal_dal,52,94,7203747129,1000.02,1,1302883227,167.319,5121821295,5121821295,0
mcs90_b06m_s100.A03,mcs90_b06m_s100.B03,dal_dal,54,111,7002648539,1000.02,1,3595038286,502.03,5208086580,5208086580,0
mcs90_b06m_s100.A04,mcs90_b06m_s100.B04,dal_dal,51,94,6778528875,1000.02,1,63597914,6.65836,5013624204,5013624204,0
mcs90_b06m_s100.A05,mcs90_b06m_s100.B05,dal_dal,53,98,7607557009,1000.01,1,2204217516,276.377,5662032564,5662032564,0
mcs90_b06m_s100.A06,mcs90_b06m_s100.B06,dal_dal,53,88,6055710431,1000.01,1,41780401,5.76324,4454646527,4454646527,0
mcs90_b06m_s100.A07,mcs90_b06m_s100.B07,dal_dal,52,89,6941525649,1000.02,1,3259845712,433.888,5097982645,5097982645,0
mcs90_b06m_s100.A08,mcs90_b06m_s100.B08,dal_dal,52,87,5843926458,1000.02,1,1300279511,207.415,4078447455,4078447455,0
mcs90_b06m_s100.A09,mcs90_b06m_s100.B09,dal_dal,53,92,7132383822,1000.01,1,1022192442,137.036,4843352429,4843352429,0
mcs90_b06m_s15.A00,mcs90_b06m_s15.B00,dal_dal,13,32,4836,0.000748779,0,4731,0.00069599,3019,3019,0
mcs90_b06m_s15.A01,mcs90_b06m_s15.B01,dal_dal,13,31,2491,0.000464181,0,2339,0.000411351,1585,1585,0
mcs90_b06m_s15.A02,mcs90_b06m_s15.B02,dal_dal,13,34,408,0.000108614,0,196,4.41E-05,290,290,0
mcs90_b06m_s15.A03,mcs90_b06m_s15.B03,dal_dal,13,31,1657,0.000316227,0,1385,0.00023832,1036,1036,0
mcs90_b06m_s15.A04,mcs90_b06m_s15.B04,dal_dal,13,33,3988,0.000656331,0,3696,0.000577652,2486,2486,0
mcs90_b06m_s15.A05,mcs90_b06m_s15.B05,dal_dal,13,33,2150,0.000399753,0,2036,0.000343889,1423,1423,0
mcs90_b06m_s15.A06,mcs90_b06m_s15.B06,dal_dal,13,33,6459,0.0011019,0,6268,0.00103141,3955,3955,0
mcs90_b06m_s15.A07,mcs90_b06m_s15.B07,dal_dal,13,29,1567,0.000268725,0,1545,0.000236366,1032,1032,0
mcs90_b06m_s15.A08,mcs90_b06m_s15.B08,dal_dal,13,32,1763,0.000345099,0,1698,0.000303116,1172,1172,0
mcs90_b06m_s15.A09,mcs90_b06m_s15.B09,dal_dal,13,31,1092,0.000219068,0,958,0.000168452,691,691,0
mcs90_b06m_s20.A00,mcs90_b06m_s20.B00,dal_dal,18,47,28886,0.00437816,0,28665,0.00430239,18679,18679,0
mcs90_b06m_s20.A01,mcs90_b06m_s20.B01,dal_dal,18,49,9260,0.00180933,0,8921,0.00171636,5929,5929,0
mcs90_b06m_s20.A02,mcs90_b06m_s20.B02,dal_dal,18,47,66929,0.0115677,0,66802,0.0115072,42021,42021,0
mcs90_b06m_s20.A03,mcs90_b06m_s20.B03,dal_dal,18,46,11114,0.00237714,0,10850,0.00226251,6992,6992,0
mcs90_b06m_s20.A04,mcs90_b06m_s20.B04,dal_dal,18,51,34384,0.0060117,0,34114,0.00588192,22143,22143,0
mcs90_b06m_s20.A05,mcs90_b06m_s20.B05,dal_dal,18,46,9091,0.00166688,0,8930,0.00157155,5690,5690,0
mcs90_b06m_s20.A06,mcs90_b06m_s20.B06,dal_dal,18,48,42745,0.00803024,0,42651,0.00797016,28332,28332,0
mcs90_b06m_s20.A07,mcs90_b06m_s20.B07,dal_dal,18,43,20118,0.00322015,0,19598,0.0030878,12259,12259,0
mcs90_b06m_s20.A08,mcs90_b06m_s20.B08,dal_dal,18,45,6920,0.00140698,0,6690,0.00133202,4326,4326,0
mcs90_b06m_s20.A09,mcs90_b06m_s20.B09,dal_dal,18,48,48640,0.00814317,0,48413,0.00806348,29629,29629,0
mcs90_b06m_s25.A00,mcs90_b06m_s25.B00,dal_dal,22,62,250388,0.0413859,0,249536,0.0411756,159975,159975,0
mcs90_b06m_s25.A01,mcs90_b06m_s25.B01,dal_dal,22,55,451837,0.0716622,0,451368,0.071536,292427,292427,0
mcs90_b06m_s25.A02,mcs90_b06m_s25.B02,dal_dal,22,63,563888,0.088014,0,562734,0.087756,375448,375448,0
mcs90_b06m_s25.A03,mcs90_b06m_s25.B03,dal_dal,22,58,9500,0.00188619,0,7878,0.00147005,6463,6463,0
mcs90_b06m_s25.A04,mcs90_b06m_s25.B04,dal_dal,22,58,120540,0.0195057,0,119342,0.0192164,80126,80126,0
mcs90_b06m_s25.A05,mcs90_b06m_s25.B05,dal_dal,22,58,224500,0.0331317,0,223282,0.0328646,153670,153670,0
mcs90_b06m_s25.A06,mcs90_b06m_s25.B06,dal_dal,22,57,95243,0.0154408,0,93605,0.0150788,61955,61955,0
mcs90_b06m_s25.A07,mcs90_b06m_s25.B07,dal_dal,22,61,247620,0.0397957,0,246539,0.0395486,163193,163193,0
mcs90_b06m_s25.A08,mcs90_b06m_s25.B08,dal_dal,22,53,133259,0.021246,0,132557,0.021071,87095,87095,0
mcs90_b06m_s25.A09,mcs90_b06m_s25.B09,dal_dal,22,61,11787,0.00228544,0,11245,0.00213545,7904,7904,0
mcs90_b06m_s30.A00,mcs90_b06m_s30.B00,dal_dal,27,73,1020471,0.141122,0,1018810,0.140758,701910,701910,0
mcs90_b06m_s30.A01,mcs90_b06m_s30.B01,dal_dal,27,70,230269,0.0397771,0,229496,0.039563,160223,160223,0
mcs90_b06m_s30.A02,mcs90_b06m_s30.B02,dal_dal,27,72,1032661,0.157178,0,1031551,0.156918,689980,689980,0
mcs90_b06m_s30.A03,mcs90_b06m_s30.B03,dal_dal,27,73,13751,0.00238507,0,11573,0.00181825,9137,9137,0
mcs90_b06m_s30.A04,mcs90_b06m_s30.B04,dal_dal,27,71,712501,0.114957,0,710888,0.114574,466751,466751,0
mcs90_b06m_s30.A05,mcs90_b06m_s30.B05,dal_dal,27,71,4745601,0.709917,0,4744010,0.709555,3179228,3179228,0
mcs90_b06m_s30.A06,mcs90_b06m_s30.B06,dal_dal,27,72,126119,0.0209626,0,124515,0.0205929,88280,88280,0
mcs90_b06m_s30.A07,mcs90_b06m_s30.B07,dal_dal,27,71,1972752,0.292395,0,1970993,0.291978,1343320,1343320,0
mcs90_b06m_s30.A08,mcs90_b06m_s30.B08,dal_dal,27,71,2625379,0.410062,0,2623709,0.409666,1772282,1772282,0
mcs90_b06m_s30.A09,mcs90_b06m_s30.B09,dal_dal,27,75,891736,0.138883,0,889985,0.13848,587029,587029,0
mcs90_b06m_s35.A00,mcs90_b06m_s35.B00,dal_dal,31,75,1459115,0.226898,0,1452430,0.225532,1013552,1013552,0
mcs90_b06m_s35.A01,mcs90_b06m_s35.B01,dal_dal,32,81,581158,0.0962375,0,579616,0.0958974,408444,408444,0
mcs90_b06m_s35.A02,mcs90_b06m_s35.B02,dal_dal,31,80,83893349,12.9567,0,83888857,12.9558,56779350,56779350,0
mcs90_b06m_s35.A03,mcs90_b06m_s35.B03,dal_dal,31,81,4537260,0.851884,0,4533109,0.850662,3034891,3034891,0
mcs90_b06m_s35.A04,mcs90_b06m_s35.B04,dal_dal,31,83,11707371,1.95203,0,11702760,1.95104,8022494,8022494,0
mcs90_b06m_s35.A05,mcs90_b06m_s35.B05,dal_dal,31,81,7583100,1.20102,0,7579758,1.20022,5305023,5305023,0
mcs90_b06m_s35.A06,mcs90_b06m_s35.B06,dal_dal,31,78,9996465,1.60806,0,9992012,1.60701,6931727,6931727,0
mcs90_b06m_s35.A07,mcs90_b06m_s35.B07,dal_dal,31,80,1719640,0.258948,0,1715395,0.258076,1152241,1152241,0
mcs90_b06m_s35.A08,mcs90_b06m_s35.B08,dal_dal,31,79,946706,0.156477,0,944430,0.155945,637911,637911,0
mcs90_b06m_s35.A09,mcs90_b06m_s35.B09,dal_dal,31,85,9551611,1.54817,0,9546709,1.5471,6361958,6361958,0
mcs90_b06m_s40.A00,mcs90_b06m_s40.B00,dal_dal,36,98,109485789,17.1847,0,109480567,17.1836,74249599,74249599,0
mcs90_b06m_s40.A01,mcs90_b06m_s40.B01,dal_dal,36,100,269233875,40.7179,0,269223605,40.7158,181439301,181439301,0
mcs90_b06m_s40.A02,mcs90_b06m_s40.B02,dal_dal,36,101,18821064,3.11157,0,18817506,3.11073,12614724,12614724,0
mcs90_b06m_s40.A03,mcs90_b06m_s40.B03,dal_dal,36,93,335030259,51.585,0,335028878,51.5847,229913565,229913565,0
mcs90_b06m_s40.A04,mcs90_b06m_s40.B04,dal_dal,36,95,20907937,3.41403,0,20902591,3.41281,14455999,14455999,0
mcs90_b06m_s40.A05,mcs90_b06m_s40.B05,dal_dal,36,96,4155760,0.599244,0,4150705,0.598122,2754788,2754788,0
mcs90_b06m_s40.A06,mcs90_b06m_s40.B06,dal_dal,36,96,13439579,1.99638,0,13434591,1.99526,9074701,9074701,0
mcs90_b06m_s40.A07,mcs90_b06m_s40.B07,dal_dal,36,96,164970224,26.5722,0,164965098,26.571,111540413,111540413,0
mcs90_b06m_s40.A08,mcs90_b06m_s40.B08,dal_dal,36,97,108205022,17.3326,0,108197967,17.3311,74715252,74715252,0
mcs90_b06m_s40.A09,mcs90_b06m_s40.B09,dal_dal,36,100,217058300,33.328,0,217051713,33.3266,149416086,149416086,0
mcs90_b06m_s50.A00,mcs90_b06m_s50.B00,dal_dal,45,122,653481826,106.6,0,653461036,106.595,456648697,456648697,0
mcs90_b06m_s50.A01,mcs90_b06m_s50.B01,dal_dal,45,120,5334781225,866.33,0,5334760302,866.325,3678066329,3678066329,0
mcs90_b06m_s50.A02,mcs90_b06m_s50.B02,dal_dal,45,128,1922677676,302.375,0,1922658644,302.37,1369958020,1369958020,0
mcs90_b06m_s50.A03,mcs90_b06m_s50.B03,dal_dal,45,118,1551943777,249.158,0,1551928554,249.155,1091902303,1091902303,0
mcs90_b06m_s50.A04,mcs90_b06m_s50.B04,dal_dal,45,118,1106188943,174.349,0,1106174072,174.346,768954779,768954779,0
mcs90_b06m_s50.A05,mcs90_b06m_s50.B05,dal_dal,45,128,751068136,128.03,0,751044832,128.024,511919665,511919665,0
mcs90_b06m_s50.A06,mcs90_b06m_s50.B06,dal_dal,45,126,658553554,108.366,0,658529198,108.361,451588729,451588729,0
mcs90_b06m_s50.A07,mcs90_b06m_s50.B07,dal_dal,45,116,1371452379,213.888,0,1371438332,213.885,940756849,940756849,0
mcs90_b06m_s50.A08,mcs90_b06m_s50.B08,dal_dal,45,122,3631306154,572.428,0,3631289936,572.424,2524739224,2524739224,0
mcs90_b06m_s50.A09,mcs90_b06m_s50.B09,dal_dal,45,121,1372818508,277.162,0,1372800559,277.157,972529633,972529633,0
mcs90_b06m_s60.A00,mcs90_b06m_s60.B00,dal_dal,39,83,6400494600,1000.01,1,5102107690,778.233,4475712410,4475712410,0
mcs90_b06m_s60.A01,mcs90_b06m_s60.B01,dal_dal,37,72,6143467064,1000.02,1,792964944,121.003,4362511629,4362511629,0
mcs90_b06m_s60.A02,mcs90_b06m_s60.B02,dal_dal,36,73,6134554656,1000.02,1,4648250320,747.817,4361274313,4361274313,0
mcs90_b06m_s60.A03,mcs90_b06m_s60.B03,dal_dal,33,61,7049371199,1000.01,1,643990006,90.1264,5011031710,5011031710,0
mcs90_b06m_s60.A04,mcs90_b06m_s60.B04,dal_dal,54,151,120080495,19.7595,0,120026414,19.7472,85646400,85646400,0
mcs90_b06m_s60.A05,mcs90_b06m_s60.B05,dal_dal,37,64,6352111373,1000.01,1,5123416953,800.757,4510041346,4510041346,0
mcs90_b06m_s60.A06,mcs90_b06m_s60.B06,dal_dal,39,78,6179928124,1000.01,1,4317139656,684.535,4360236240,4360236240,0
mcs90_b06m_s60.A07,mcs90_b06m_s60.B07,dal_dal,54,147,2429340702,391.38,0,2429295681,391.37,1686236976,1686236976,0
mcs90_b06m_s60.A08,mcs90_b06m_s60.B08,dal_dal,34,61,6754401224,1000.02,1,971390786,134.031,4774824857,4774824857,0
mcs90_b06m_s60.A09,mcs90_b06m_s60.B09,dal_dal,32,50,6958822601,1000.01,1,327311618,43.0295,4849833278,4849833278,0
mcs90_b06m_s70.A00,mcs90_b06m_s70.B00,dal_dal,39,78,6751850038,1000.02,1,11379742,1.4038,4753331833,4753331833,0
mcs90_b06m_s70.A01,mcs90_b06m_s70.B01,dal_dal,42,76,6873094876,1000.02,1,2077757678,282.387,4913081453,4913081453,0
mcs90_b06m_s70.A02,mcs90_b06m_s70.B02,dal_dal,38,69,6897259456,1000.02,1,31986653,3.98552,4993081848,4993081848,0
mcs90_b06m_s70.A03,mcs90_b06m_s70.B03,dal_dal,41,81,6673707019,1000.02,1,5497979874,817.662,4769135325,4769135325,0
mcs90_b06m_s70.A04,mcs90_b06m_s70.B04,dal_dal,41,78,5355791976,1000.01,1,2690102284,488.721,3963172911,3963172911,0
mcs90_b06m_s70.A05,mcs90_b06m_s70.B05,dal_dal,63,161,4295336864,657.69,0,4295034652,657.617,2841692927,2841692927,0
mcs90_b06m_s70.A06,mcs90_b06m_s70.B06,dal_dal,40,70,7220543793,1000.01,1,3042006590,406.518,5245349733,5245349733,0
mcs90_b06m_s70.A07,mcs90_b06m_s70.B07,dal_dal,38,65,7086904822,1000.01,1,1765983478,239.319,5053868166,5053868166,0
mcs90_b06m_s70.A08,mcs90_b06m_s70.B08,dal_dal,42,66,6311194309,1000.02,1,511995052,76.5416,4419874728,4419874728,0
mcs90_b06m_s70.A09,mcs90_b06m_s70.B09,dal_dal,38,66,6796375364,1000.01,1,2369084040,334.075,4673514212,4673514212,0
mcs90_b06m_s80.A00,mcs90_b06m_s80.B00,dal_dal,41,77,7320600750,1000.02,1,386509149,49.2798,5236546780,5236546780,0
mcs90_b06m_s80.A01,mcs90_b06m_s80.B01,dal_dal,42,74,7243782575,1000.01,1,582558540,74.6098,5269871069,5269871069,0
mcs90_b06m_s80.A02,mcs90_b06m_s80.B02,dal_dal,45,70,6731279316,1000.02,1,1172258983,151.976,5044815656,5044815656,0
mcs90_b06m_s80.A03,mcs90_b06m_s80.B03,dal_dal,44,72,6710147259,1000.01,1,3105907533,446.954,4702847479,4702847479,0
mcs90_b06m_s80.A04,mcs90_b06m_s80.B04,dal_dal,45,83,6697610712,1000.01,1,1363898140,184.692,4857435533,4857435533,0
mcs90_b06m_s80.A05,mcs90_b06m_s80.B05,dal_dal,44,78,5167697442,1000.02,1,134974869,24.8548,3430799948,3430799948,0
mcs90_b06m_s80.A06,mcs90_b06m_s80.B06,dal_dal,44,75,3484937992,1000.02,1,639769820,174.176,2488277271,2488277271,0
mcs90_b06m_s80.A07,mcs90_b06m_s80.B07,dal_dal,43,76,7097833942,1000.02,1,2084572080,276.149,5282926337,5282926337,0
mcs90_b06m_s80.A08,mcs90_b06m_s80.B08,dal_dal,50,95,6092969424,1000.02,1,3004310427,474.926,4349013429,4349013429,0
mcs90_b06m_s80.A09,mcs90_b06m_s80.B09,dal_dal,42,71,7278530543,1000.01,1,1386294182,180.029,5202090283,5202090283,0
mcs90_b06m_s90.A00,mcs90_b06m_s90.B00,dal_dal,50,94,7245405531,1000.01,1,4865232929,656.805,5168432124,5168432124,0
mcs90_b06m_s90.A01,mcs90_b06m_s90.B01,dal_dal,54,101,5739353069,1000.01,1,565823954,85.0824,3830369049,3830369049,0
mcs90_b06m_s90.A02,mcs90_b06m_s90.B02,dal_dal,47,70,7236450319,1000.02,1,36094449,3.84737,5289006041,5289006041,0
mcs90_b06m_s90.A03,mcs90_b06m_s90.B03,dal_dal,47,78,5400504089,1000.02,1,11696045,2.02018,3811951808,3811951808,0
mcs90_b06m_s90.A04,mcs90_b06m_s90.B04,dal_dal,46,69,7500360712,1000.01,1,389680479,52.4127,5321248129,5321248129,0
mcs90_b06m_s90.A05,mcs90_b06m_s90.B05,dal_dal,49,78,3428774066,1000.02,1,53545186,12.8272,2469317952,2469317952,0
mcs90_b06m_s90.A06,mcs90_b06m_s90.B06,dal_dal,49,89,3476206553,1000.02,1,2303890045,652.765,2530461296,2530461296,0
mcs90_b06m_s90.A07,mcs90_b06m_s90.B07,dal_dal,49,89,7234684598,1000.02,1,1088351092,141.806,5238045285,5238045285,0
mcs90_b06m_s90.A08,mcs90_b06m_s90.B08,dal_dal,49,92,7275925995,1000.02,1,3481073003,465.749,5214109745,5214109745,0
mcs90_b06m_s90.A09,mcs90_b06m_s90.B09,dal_dal,50,77,6971449268,1000.02,1,1743848696,242.732,4769443477,4769443477,0
mcs90_b09_s100.A00,mcs90_b09_s100.B00,dal_dal,54,126,5435782959,1000.02,1,280639335,42.5629,3191966354,3191966354,0
mcs90_b09_s100.A01,mcs90_b09_s100.B01,dal_dal,90,367,3649772302,837.508,0,3515016915,798.272,1979833251,1979833251,0
mcs90_b09_s100.A02,mcs90_b09_s100.B02,dal_dal,73,243,4473154520,1000.02,1,1913346723,419.974,2527949414,2527949414,0
mcs90_b09_s100.A03,mcs90_b09_s100.B03,dal_dal,90,366,76726633,22.7589,0,721254,0.203378,40946374,40946374,0
mcs90_b09_s100.A04,mcs90_b09_s100.B04,dal_dal,47,108,5583661378,1000.01,1,104078363,17.136,4090252250,4090252250,0
mcs90_b09_s100.A05,mcs90_b09_s100.B05,dal_dal,91,371,316164776,69.6231,0,298491470,64.244,171150221,171150221,0
mcs90_b09_s100.A06,mcs90_b09_s100.B06,dal_dal,48,101,6555639491,1000.02,1,6307800532,956.182,4459891096,4459891096,0
mcs90_b09_s100.A07,mcs90_b09_s100.B07,dal_dal,90,377,375301360,79.8885,0,288446418,51.4677,234484106,234484106,0
mcs90_b09_s100.A08,mcs90_b09_s100.B08,dal_dal,90,360,108309485,30.292,0,37883168,8.54079,60781882,60781882,0
mcs90_b09_s100.A09,mcs90_b09_s100.B09,dal_dal,90,367,126246396,36.5414,0,13104175,3.37789,67155384,67155384,0
mcs90_b09_s15.A00,mcs90_b09_s15.B00,dal_dal,12,46,607,0.000137557,0,13,1.16E-05,426,426,0
mcs90_b09_s15.A01,mcs90_b09_s15.B01,dal_dal,13,47,511,0.000244697,0,379,0.000148894,335,335,0
mcs90_b09_s15.A02,mcs90_b09_s15.B02,dal_dal,12,38,1510,0.000533762,0,1270,0.000408234,966,966,0
mcs90_b09_s15.A03,mcs90_b09_s15.B03,dal_dal,13,53,379,0.000101572,0,219,4.62E-05,249,249,0
mcs90_b09_s15.A04,mcs90_b09_s15.B04,dal_dal,12,41,759,0.000155745,0,172,3.54E-05,510,510,0
mcs90_b09_s15.A05,mcs90_b09_s15.B05,dal_dal,12,44,792,0.000165971,0,13,9.99E-06,528,528,0
mcs90_b09_s15.A06,mcs90_b09_s15.B06,dal_dal,13,52,612,0.00013888,0,487,9.09E-05,392,392,0
mcs90_b09_s15.A07,mcs90_b09_s15.B07,dal_dal,13,47,778,0.000159361,0,700,0.000122425,507,507,0
mcs90_b09_s15.A08,mcs90_b09_s15.B08,dal_dal,12,39,721,0.000152951,0,13,1.20E-05,473,473,0
mcs90_b09_s15.A09,mcs90_b09_s15.B09,dal_dal,12,45,763,0.000164016,0,26,1.20E-05,485,485,0
mcs90_b09_s20.A00,mcs90_b09_s20.B00,dal_dal,18,70,10632,0.00209624,0,10195,0.00197337,6880,6880,0
mcs90_b09_s20.A01,mcs90_b09_s20.B01,dal_dal,18,70,1027,0.000260263,0,229,5.79E-05,768,768,0
mcs90_b09_s20.A02,mcs90_b09_s20.B02,dal_dal,18,76,1369,0.000680733,0,310,0.000147181,1011,1011,0
mcs90_b09_s20.A03,mcs90_b09_s20.B03,dal_dal,18,70,665,0.000388403,0,149,7.61E-05,506,506,0
mcs90_b09_s20.A04,mcs90_b09_s20.B04,dal_dal,18,71,3329,0.000736919,0,2545,0.000529828,2177,2177,0
mcs90_b09_s20.A05,mcs90_b09_s20.B05,dal_dal,18,71,1403,0.000350108,0,154,4.73E-05,1044,1044,0
mcs90_b09_s20.A06,mcs90_b09_s20.B06,dal_dal,18,75,1577,0.000349968,0,387,7.42E-05,1114,1114,0
mcs90_b09_s20.A07,mcs90_b09_s20.B07,dal_dal,18,72,2230,0.000535011,0,1024,0.000234341,1621,1621,0
mcs90_b09_s20.A08,mcs90_b09_s20.B08,dal_dal,18,71,3882,0.00076493,0,3727,0.000697509,2608,2608,0
mcs90_b09_s20.A09,mcs90_b09_s20.B09,dal_dal,18,72,5067,0.00101655,0,4017,0.000753737,3400,3400,0
mcs90_b09_s25.A00,mcs90_b09_s25.B00,dal_dal,22,81,7243,0.00347332,0,3458,0.00153076,4762,4762,0
mcs90_b09_s25.A01,mcs90_b09_s25.B01,dal_dal,22,87,3614,0.00177054,0,1149,0.000544378,2595,2595,0
mcs90_b09_s25.A02,mcs90_b09_s25.B02,dal_dal,22,83,22931,0.00535651,0,20807,0.00484574,15833,15833,0
mcs90_b09_s25.A03,mcs90_b09_s25.B03,dal_dal,22,83,5460,0.00126611,0,2364,0.000513186,3830,3830,0
mcs90_b09_s25.A04,mcs90_b09_s25.B04,dal_dal,22,90,2266,0.000610348,0,23,2.20E-05,1812,1812,0
mcs90_b09_s25.A05,mcs90_b09_s25.B05,dal_dal,22,91,5387,0.00128576,0,361,0.000107141,3737,3737,0
mcs90_b09_s25.A06,mcs90_b09_s25.B06,dal_dal,22,90,4968,0.00116321,0,716,0.000151257,3514,3514,0
mcs90_b09_s25.A07,mcs90_b09_s25.B07,dal_dal,22,94,4272,0.00106029,0,912,0.000235406,3048,3048,0
mcs90_b09_s25.A08,mcs90_b09_s25.B08,dal_dal,22,84,9473,0.00205834,0,4270,0.00081406,6311,6311,0
mcs90_b09_s25.A09,mcs90_b09_s25.B09,dal_dal,22,86,6651,0.00148623,0,2731,0.00057292,4400,4400,0
mcs90_b09_s30.A00,mcs90_b09_s30.B00,dal_dal,26,105,41715,0.00869658,0,27523,0.00524459,26495,26495,0
mcs90_b09_s30.A01,mcs90_b09_s30.B01,dal_dal,26,107,117636,0.0256428,0,102865,0.02183,75528,75528,0
mcs90_b09_s30.A02,mcs90_b09_s30.B02,dal_dal,26,107,49373,0.0211177,0,35731,0.0140748,31913,31913,0
mcs90_b09_s30.A03,mcs90_b09_s30.B03,dal_dal,26,97,75657,0.0310183,0,61862,0.0240065,48324,48324,0
mcs90_b09_s30.A04,mcs90_b09_s30.B04,dal_dal,26,104,22840,0.00536093,0,9295,0.00200722,14814,14814,0
mcs90_b09_s30.A05,mcs90_b09_s30.B05,dal_dal,27,112,6651,0.00168354,0,3104,0.000792666,4581,4581,0
mcs90_b09_s30.A06,mcs90_b09_s30.B06,dal_dal,26,99,34339,0.00725488,0,21331,0.00376681,22576,22576,0
mcs90_b09_s30.A07,mcs90_b09_s30.B07,dal_dal,26,106,24472,0.00596595,0,13429,0.0030034,15960,15960,0
mcs90_b09_s30.A08,mcs90_b09_s30.B08,dal_dal,26,101,17033,0.00428675,0,4295,0.000830455,11550,11550,0
mcs90_b09_s30.A09,mcs90_b09_s30.B09,dal_dal,26,101,38461,0.0082633,0,22028,0.00404724,24423,24423,0
mcs90_b09_s35.A00,mcs90_b09_s35.B00,dal_dal,30,111,39607,0.0102818,0,267,7.99E-05,25895,25895,0
mcs90_b09_s35.A01,mcs90_b09_s35.B01,dal_dal,30,118,119424,0.024142,0,83655,0.0150069,76847,76847,0
mcs90_b09_s35.A02,mcs90_b09_s35.B02,dal_dal,30,115,67434,0.0161515,0,19975,0.0039345,43792,43792,0
mcs90_b09_s35.A03,mcs90_b09_s35.B03,dal_dal,30,116,138189,0.0294898,0,80443,0.0147184,87563,87563,0
mcs90_b09_s35.A04,mcs90_b09_s35.B04,dal_dal,30,114,95032,0.0220825,0,46763,0.00957484,60648,60648,0
mcs90_b09_s35.A05,mcs90_b09_s35.B05,dal_dal,30,113,56097,0.0121719,0,30998,0.00575578,36622,36622,0
mcs90_b09_s35.A06,mcs90_b09_s35.B06,dal_dal,30,111,111576,0.0252528,0,73191,0.0152674,73309,73309,0
mcs90_b09_s35.A07,mcs90_b09_s35.B07,dal_dal,30,115,47303,0.0128933,0,92,7.00E-05,31734,31734,0
mcs90_b09_s35.A08,mcs90_b09_s35.B08,dal_dal,30,118,56755,0.0153187,0,7389,0.00194019,37028,37028,0
mcs90_b09_s35.A09,mcs90_b09_s35.B09,dal_dal,30,118,102679,0.0213391,0,59025,0.0102011,66215,66215,0
mcs90_b09_s40.A00,mcs90_b09_s40.B00,dal_dal,36,146,334089,0.0607282,0,292899,0.0503533,222149,222149,0
mcs90_b09_s40.A01,mcs90_b09_s40.B01,dal_dal,36,145,595381,0.113007,0,564542,0.104957,377554,377554,0
mcs90_b09_s40.A02,mcs90_b09_s40.B02,dal_dal,36,144,3473822,0.704486,0,3444848,0.697142,2272253,2272253,0
mcs90_b09_s40.A03,mcs90_b09_s40.B03,dal_dal,36,145,70858,0.0159357,0,51092,0.0109716,46141,46141,0
mcs90_b09_s40.A04,mcs90_b09_s40.B04,dal_dal,36,142,24786,0.00641838,0,6107,0.00169996,16612,16612,0
mcs90_b09_s40.A05,mcs90_b09_s40.B05,dal_dal,37,153,35982,0.00891299,0,30117,0.00740719,22019,22019,0
mcs90_b09_s40.A06,mcs90_b09_s40.B06,dal_dal,36,147,76901,0.0172326,0,43034,0.00815637,50253,50253,0
mcs90_b09_s40.A07,mcs90_b09_s40.B07,dal_dal,36,144,31353,0.0084235,0,5659,0.00144798,20448,20448,0
mcs90_b09_s40.A08,mcs90_b09_s40.B08,dal_dal,36,144,6187938,1.20961,0,6155144,1.20147,3974241,3974241,0
mcs90_b09_s40.A09,mcs90_b09_s40.B09,dal_dal,36,144,30017,0.00776033,0,9218,0.0023852,19731,19731,0
mcs90_b09_s50.A00,mcs90_b09_s50.B00,dal_dal,44,170,10262109,2.09654,0,9969564,2.01556,6664054,6664054,0
mcs90_b09_s50.A01,mcs90_b09_s50.B01,dal_dal,45,181,2512756,0.539959,0,2428332,0.516824,1640543,1640543,0
mcs90_b09_s50.A02,mcs90_b09_s50.B02,dal_dal,44,175,6143354,1.24942,0,5908436,1.1855,3860078,3860078,0
mcs90_b09_s50.A03,mcs90_b09_s50.B03,dal_dal,44,168,250217,0.0676407,0,435,0.000135153,155339,155339,0
mcs90_b09_s50.A04,mcs90_b09_s50.B04,dal_dal,44,172,13634741,2.62626,0,13343573,2.5462,8788496,8788496,0
mcs90_b09_s50.A05,mcs90_b09_s50.B05,dal_dal,44,176,408037,0.115608,0,65141,0.016731,238318,238318,0
mcs90_b09_s50.A06,mcs90_b09_s50.B06,dal_dal,44,173,33422174,7.15553,0,33114746,7.06962,21123323,21123323,0
mcs90_b09_s50.A07,mcs90_b09_s50.B07,dal_dal,44,170,34446001,7.07994,0,34288254,7.03668,22674058,22674058,0
mcs90_b09_s50.A08,mcs90_b09_s50.B08,dal_dal,44,177,16952164,3.46234,0,16662465,3.38271,10442813,10442813,0
mcs90_b09_s50.A09,mcs90_b09_s50.B09,dal_dal,44,179,267594,0.0723213,0,4969,0.00155134,164429,164429,0
mcs90_b09_s60.A00,mcs90_b09_s60.B00,dal_dal,54,217,429408,0.119884,0,583,0.000194993,250896,250896,0
mcs90_b09_s60.A01,mcs90_b09_s60.B01,dal_dal,54,220,7218111,1.33854,0,6883744,1.2437,4747989,4747989,0
mcs90_b09_s60.A02,mcs90_b09_s60.B02,dal_dal,54,214,88747302,18.5599,0,88198151,18.4057,52347198,52347198,0
mcs90_b09_s60.A03,mcs90_b09_s60.B03,dal_dal,55,226,267356,0.0638877,0,157118,0.032728,167028,167028,0
mcs90_b09_s60.A04,mcs90_b09_s60.B04,dal_dal,54,221,217817112,94.2951,0,217488867,94.1073,127443660,127443660,0
mcs90_b09_s60.A05,mcs90_b09_s60.B05,dal_dal,54,222,22842603,9.68922,0,22448262,9.46473,13810299,13810299,0
mcs90_b09_s60.A06,mcs90_b09_s60.B06,dal_dal,54,217,38552864,6.16491,0,38119370,6.04226,26009461,26009461,0
mcs90_b09_s60.A07,mcs90_b09_s60.B07,dal_dal,54,215,3370624,0.754241,0,2830165,0.600635,1863709,1863709,0
mcs90_b09_s60.A08,mcs90_b09_s60.B08,dal_dal,54,222,801072,0.221662,0,64891,0.0165169,457801,457801,0
mcs90_b09_s60.A09,mcs90_b09_s60.B09,dal_dal,54,214,149735610,30.0572,0,149356089,29.9501,94323680,94323680,0
mcs90_b09_s70.A00,mcs90_b09_s70.B00,dal_dal,63,251,5987537,1.28186,0,4822051,0.943914,3691131,3691131,0
mcs90_b09_s70.A01,mcs90_b09_s70.B01,dal_dal,62,243,1059817626,251.29,0,1056405110,250.215,633558233,633558233,0
mcs90_b09_s70.A02,mcs90_b09_s70.B02,dal_dal,62,246,2635144,0.891205,0,294004,0.101164,1552974,1552974,0
mcs90_b09_s70.A03,mcs90_b09_s70.B03,dal_dal,62,249,4148544,1.20528,0,10471,0.00155611,2352527,2352527,0
mcs90_b09_s70.A04,mcs90_b09_s70.B04,dal_dal,62,241,7874722,1.90032,0,4869874,1.02495,4612015,4612015,0
mcs90_b09_s70.A05,mcs90_b09_s70.B05,dal_dal,62,243,181985751,45.1108,0,177814566,43.8298,114584364,114584364,0
mcs90_b09_s70.A06,mcs90_b09_s70.B06,dal_dal,62,245,766228694,141.883,0,762238419,140.751,524142461,524142461,0
mcs90_b09_s70.A07,mcs90_b09_s70.B07,dal_dal,36,86,5981546780,1000.01,1,1408917920,224.712,4072394154,4072394154,0
mcs90_b09_s70.A08,mcs90_b09_s70.B08,dal_dal,62,247,1803240724,340.354,0,1801496669,339.854,1153015707,1153015707,0
mcs90_b09_s70.A09,mcs90_b09_s70.B09,dal_dal,62,246,1226949996,262.744,0,1223957766,261.882,761120181,761120181,0
mcs90_b09_s80.A00,mcs90_b09_s80.B00,dal_dal,72,295,275745545,64.2108,0,271485837,62.965,155922011,155922011,0
mcs90_b09_s80.A01,mcs90_b09_s80.B01,dal_dal,72,288,8189575,4.72076,0,292738,0.148434,4493666,4493666,0
mcs90_b09_s80.A02,mcs90_b09_s80.B02,dal_dal,72,290,22236631,5.13049,0,15699964,3.23307,13943238,13943238,0
mcs90_b09_s80.A03,mcs90_b09_s80.B03,dal_dal,72,294,127117461,32.8466,0,119425199,30.6659,74847791,74847791,0
mcs90_b09_s80.A04,mcs90_b09_s80.B04,dal_dal,72,289,229378318,50.8876,0,223635901,49.2099,129594501,129594501,0
mcs90_b09_s80.A05,mcs90_b09_s80.B05,dal_dal,72,286,382196412,84.7038,0,373262871,82.194,215275392,215275392,0
mcs90_b09_s80.A06,mcs90_b09_s80.B06,dal_dal,72,296,502250991,87.156,0,495352175,85.1466,328990194,328990194,0
mcs90_b09_s80.A07,mcs90_b09_s80.B07,dal_dal,72,288,9547527,2.71566,0,916699,0.214182,5175524,5175524,0
mcs90_b09_s80.A08,mcs90_b09_s80.B08,dal_dal,72,290,233922777,50.2997,0,229819729,49.0821,139478259,139478259,0
mcs90_b09_s80.A09,mcs90_b09_s80.B09,dal_dal,47,136,5067593334,1000.02,1,3218908834,617.021,3343070855,3343070855,0
mcs90_b09_s90.A00,mcs90_b09_s90.B00,dal_dal,50,137,6289925598,1000.02,1,6222590472,987.406,4562353802,4562353802,0
mcs90_b09_s90.A01,mcs90_b09_s90.B01,dal_dal,81,343,22811587,6.69235,0,6505648,1.82592,12412245,12412245,0
mcs90_b09_s90.A02,mcs90_b09_s90.B02,dal_dal,53,133,4699893980,1000.02,1,3184596548,677.374,3015372637,3015372637,0
mcs90_b09_s90.A03,mcs90_b09_s90.B03,dal_dal,80,316,301487886,55.6391,0,257666457,42.742,195866370,195866370,0
mcs90_b09_s90.A04,mcs90_b09_s90.B04,dal_dal,42,86,6651759768,1000.02,1,1300615466,181.144,4590054272,4590054272,0
mcs90_b09_s90.A05,mcs90_b09_s90.B05,dal_dal,80,325,105835550,21.1937,0,75717092,12.3243,67347201,67347201,0
mcs90_b09_s90.A06,mcs90_b09_s90.B06,dal_dal,43,92,5640306858,1000.01,1,9860645,1.5296,3707765558,3707765558,0
mcs90_b09_s90.A07,mcs90_b09_s90.B07,dal_dal,66,218,4195923923,1000.02,1,978019704,223.362,2295275571,2295275571,0
mcs90_b09_s90.A08,mcs90_b09_s90.B08,dal_dal,80,320,77891803,22.4726,0,7698767,1.58201,41900362,41900362,0
mcs90_b09_s90.A09,mcs90_b09_s90.B09,dal_dal,66,214,4414362690,1000.02,1,3425195036,770.165,2502973069,2502973069,0
mcs90_b09m_s100.A00,mcs90_b09m_s100.B00,dal_dal,42,79,6508431002,1000.02,1,32018622,4.43315,4554477108,4554477108,0
mcs90_b09m_s100.A01,mcs90_b09m_s100.B01,dal_dal,41,90,6548520347,1000.01,1,1119461996,159.791,4303769676,4303769676,0
mcs90_b09m_s100.A02,mcs90_b09m_s100.B02,dal_dal,39,60,6291468304,1000.01,1,29529387,4.79178,4517048900,4517048900,0
mcs90_b09m_s100.A03,mcs90_b09m_s100.B03,dal_dal,42,89,6220671922,1000.02,1,2717788,0.392471,4083202574,4083202574,0
mcs90_b09m_s100.A04,mcs90_b09m_s100.B04,dal_dal,41,82,5823005172,1000.02,1,685940273,116.999,3698175357,3698175357,0
mcs90_b09m_s100.A05,mcs90_b09m_s100.B05,dal_dal,43,83,6206029627,1000.02,1,1172922921,177.72,4291239813,4291239813,0
mcs90_b09m_s100.A06,mcs90_b09m_s100.B06,dal_dal,43,87,6269347719,1000.02,1,1208689969,182.954,4062054492,4062054492,0
mcs90_b09m_s100.A07,mcs90_b09m_s100.B07,dal_dal,40,76,5184184640,1000.01,1,489162758,93.6756,3520994866,3520994866,0
mcs90_b09m_s100.A08,mcs90_b09m_s100.B08,dal_dal,42,79,5509558379,1000.02,1,223547050,36.7438,3712069369,3712069369,0
mcs90_b09m_s100.A09,mcs90_b09m_s100.B09,dal_dal,43,92,6134195231,1000.02,1,1401832231,222.345,4178698843,4178698843,0
mcs90_b09m_s15.A00,mcs90_b09m_s15.B00,dal_dal,12,41,1011,0.000247053,0,559,0.00011941,700,700,0
mcs90_b09m_s15.A01,mcs90_b09m_s15.B01,dal_dal,12,35,2060,0.000336066,0,1769,0.000256536,1434,1434,0
mcs90_b09m_s15.A02,mcs90_b09m_s15.B02,dal_dal,12,36,2010,0.000367725,0,1608,0.000266963,1300,1300,0
mcs90_b09m_s15.A03,mcs90_b09m_s15.B03,dal_dal,12,36,1425,0.000269648,0,1266,0.000212451,990,990,0
mcs90_b09m_s15.A04,mcs90_b09m_s15.B04,dal_dal,12,42,1383,0.000274942,0,971,0.000174011,912,912,0
mcs90_b09m_s15.A05,mcs90_b09m_s15.B05,dal_dal,12,34,2164,0.000409826,0,2003,0.000351308,1421,1421,0
mcs90_b09m_s15.A06,mcs90_b09m_s15.B06,dal_dal,12,35,936,0.00020573,0,363,7.18E-05,650,650,0
mcs90_b09m_s15.A07,mcs90_b09m_s15.B07,dal_dal,12,35,1232,0.00025759,0,921,0.000166392,869,869,0
mcs90_b09m_s15.A08,mcs90_b09m_s15.B08,dal_dal,12,45,1914,0.00037208,0,1639,0.000285569,1267,1267,0
mcs90_b09m_s15.A09,mcs90_b09m_s15.B09,dal_dal,12,43,2843,0.000506756,0,2507,0.000413755,1865,1865,0
mcs90_b09m_s20.A00,mcs90_b09m_s20.B00,dal_dal,18,67,52146,0.0104761,0,51994,0.0104089,32422,32422,0
mcs90_b09m_s20.A01,mcs90_b09m_s20.B01,dal_dal,18,67,49594,0.0100071,0,49295,0.00990302,31316,31316,0
mcs90_b09m_s20.A02,mcs90_b09m_s20.B02,dal_dal,18,66,50287,0.0103613,0,50202,0.0103064,31645,31645,0
mcs90_b09m_s20.A03,mcs90_b09m_s20.B03,dal_dal,18,67,3002,0.000655478,0,2516,0.000502898,1876,1876,0
mcs90_b09m_s20.A04,mcs90_b09m_s20.B04,dal_dal,18,70,30448,0.00629781,0,30342,0.00623633,19490,19490,0
mcs90_b09m_s20.A05,mcs90_b09m_s20.B05,dal_dal,18,69,67045,0.0139011,0,66954,0.0138221,41593,41593,0
mcs90_b09m_s20.A06,mcs90_b09m_s20.B06,dal_dal,18,68,1173,0.000555264,0,804,0.000323556,777,777,0
mcs90_b09m_s20.A07,mcs90_b09m_s20.B07,dal_dal,18,76,31552,0.00628684,0,31379,0.00621036,19875,19875,0
mcs90_b09m_s20.A08,mcs90_b09m_s20.B08,dal_dal,18,66,2800,0.000652426,0,2422,0.000521228,1741,1741,0
mcs90_b09m_s20.A09,mcs90_b09m_s20.B09,dal_dal,18,65,58290,0.0118983,0,58264,0.01185,38319,38319,0
mcs90_b09m_s25.A00,mcs90_b09m_s25.B00,dal_dal,22,86,79603,0.0165199,0,77741,0.0160212,48517,48517,0
mcs90_b09m_s25.A01,mcs90_b09m_s25.B01,dal_dal,22,78,870296,0.185293,0,869273,0.184981,536557,536557,0
mcs90_b09m_s25.A02,mcs90_b09m_s25.B02,dal_dal,22,95,324283,0.0663264,0,323385,0.0660646,199061,199061,0
mcs90_b09m_s25.A03,mcs90_b09m_s25.B03,dal_dal,22,85,382804,0.0862282,0,382109,0.085987,240463,240463,0
mcs90_b09m_s25.A04,mcs90_b09m_s25.B04,dal_dal,22,84,121791,0.0480404,0,120798,0.0474852,78452,78452,0
mcs90_b09m_s25.A05,mcs90_b09m_s25.B05,dal_dal,22,81,287295,0.0528697,0,286876,0.0527137,186755,186755,0
mcs90_b09m_s25.A06,mcs90_b09m_s25.B06,dal_dal,22,82,149094,0.0337714,0,147575,0.0333636,95150,95150,0
mcs90_b09m_s25.A07,mcs90_b09m_s25.B07,dal_dal,22,81,128810,0.0289047,0,127950,0.0286408,81727,81727,0
mcs90_b09m_s25.A08,mcs90_b09m_s25.B08,dal_dal,22,88,108509,0.0210178,0,106695,0.0205543,65304,65304,0
mcs90_b09m_s25.A09,mcs90_b09m_s25.B09,dal_dal,22,85,311001,0.0593592,0,309380,0.0589487,190086,190086,0
mcs90_b09m_s30.A00,mcs90_b09m_s30.B00,dal_dal,26,105,253277,0.0576962,0,247227,0.0562167,165163,165163,0
mcs90_b09m_s30.A01,mcs90_b09m_s30.B01,dal_dal,26,98,83237,0.0185115,0,78506,0.0173134,53380,53380,0
mcs90_b09m_s30.A02,mcs90_b09m_s30.B02,dal_dal,26,98,4270602,0.823884,0,4263811,0.82225,2640485,2640485,0
mcs90_b09m_s30.A03,mcs90_b09m_s30.B03,dal_dal,26,101,5627950,1.03716,0,5623097,1.03592,3639364,3639364,0
mcs90_b09m_s30.A04,mcs90_b09m_s30.B04,dal_dal,26,96,871364,0.172744,0,867716,0.17179,549173,549173,0
mcs90_b09m_s30.A05,mcs90_b09m_s30.B05,dal_dal,26,106,196085,0.047025,0,191914,0.0459111,129874,129874,0
mcs90_b09m_s30.A06,mcs90_b09m_s30.B06,dal_dal,26,88,1647511,0.339293,0,1646675,0.339006,1055817,1055817,0
mcs90_b09m_s30.A07,mcs90_b09m_s30.B07,dal_dal,26,89,715643,0.14856,0,712012,0.147636,454265,454265,0
mcs90_b09m_s30.A08,mcs90_b09m_s30.B08,dal_dal,26,91,5181325,0.995978,0,5178930,0.995341,3241629,3241629,0
mcs90_b09m_s30.A09,mcs90_b09m_s30.B09,dal_dal,26,100,830687,0.20261,0,825865,0.201112,531168,531168,0
mcs90_b09m_s35.A00,mcs90_b09m_s35.B00,dal_dal,30,112,41026323,7.8905,0,41015299,7.88769,26034899,26034899,0
mcs90_b09m_s35.A01,mcs90_b09m_s35.B01,dal_dal,30,111,6890764,1.4015,0,6873471,1.39711,4424090,4424090,0
mcs90_b09m_s35.A02,mcs90_b09m_s35.B02,dal_dal,30,113,16694590,3.5116,0,16687199,3.50969,10707747,10707747,0
mcs90_b09m_s35.A03,mcs90_b09m_s35.B03,dal_dal,30,109,7652253,1.51867,0,7635894,1.5146,4847727,4847727,0
mcs90_b09m_s35.A04,mcs90_b09m_s35.B04,dal_dal,30,115,23767791,4.87403,0,23755019,4.8707,14962629,14962629,0
mcs90_b09m_s35.A05,mcs90_b09m_s35.B05,dal_dal,30,113,8246155,1.9231,0,8228246,1.91785,5263518,5263518,0
mcs90_b09m_s35.A06,mcs90_b09m_s35.B06,dal_dal,30,114,5556404,1.11171,0,5541616,1.10777,3656710,3656710,0
mcs90_b09m_s35.A07,mcs90_b09m_s35.B07,dal_dal,30,109,31807309,6.13536,0,31794494,6.13191,20231548,20231548,0
mcs90_b09m_s35.A08,mcs90_b09m_s35.B08,dal_dal,30,116,11922977,2.29976,0,11912348,2.29704,7771271,7771271,0
mcs90_b09m_s35.A09,mcs90_b09m_s35.B09,dal_dal,30,111,5049299,0.928425,0,5034551,0.92472,3226201,3226201,0
mcs90_b09m_s40.A00,mcs90_b09m_s40.B00,dal_dal,36,147,73744420,15.0173,0,73736366,15.0152,46889906,46889906,0
mcs90_b09m_s40.A01,mcs90_b09m_s40.B01,dal_dal,36,141,545375211,102.589,0,545370541,102.588,352998912,352998912,0
mcs90_b09m_s40.A02,mcs90_b09m_s40.B02,dal_dal,36,140,86203953,16.7004,0,86199260,16.6992,55389074,55389074,0
mcs90_b09m_s40.A03,mcs90_b09m_s40.B03,dal_dal,36,144,27293043,5.20243,0,27288786,5.20126,17921317,17921317,0
mcs90_b09m_s40.A04,mcs90_b09m_s40.B04,dal_dal,36,148,116337523,22.3044,0,116333348,22.3033,75104752,75104752,0
mcs90_b09m_s40.A05,mcs90_b09m_s40.B05,dal_dal,36,147,13973877,2.74469,0,13967635,2.74305,8961413,8961413,0
mcs90_b09m_s40.A06,mcs90_b09m_s40.B06,dal_dal,36,153,15703417,6.50105,0,15699011,6.49862,10043334,10043334,0
mcs90_b09m_s40.A07,mcs90_b09m_s40.B07,dal_dal,36,138,200696514,72.11,0,200689469,72.1064,132824123,132824123,0
mcs90_b09m_s40.A08,mcs90_b09m_s40.B08,dal_dal,36,147,42461786,9.00124,0,42457507,9.00008,27617184,27617184,0
mcs90_b09m_s40.A09,mcs90_b09m_s40.B09,dal_dal,36,139,124727954,24.2236,0,124725364,24.2228,81692396,81692396,0
mcs90_b09m_s50.A00,mcs90_b09m_s50.B00,dal_dal,44,179,7278229,1.43036,0,7203148,1.41073,4732059,4732059,0
mcs90_b09m_s50.A01,mcs90_b09m_s50.B01,dal_dal,26,55,5297083265,1000.02,1,3664597710,686.144,3546845394,3546845394,0
mcs90_b09m_s50.A02,mcs90_b09m_s50.B02,dal_dal,44,172,1506624641,278.649,0,1506573897,278.636,960783653,960783653,0
mcs90_b09m_s50.A03,mcs90_b09m_s50.B03,dal_dal,44,173,518870976,95.5062,0,518819443,95.4925,347132093,347132093,0
mcs90_b09m_s50.A04,mcs90_b09m_s50.B04,dal_dal,44,174,3079507585,613.459,0,3079444314,613.442,2060059167,2060059167,0
mcs90_b09m_s50.A05,mcs90_b09m_s50.B05,dal_dal,44,168,971738508,176.44,0,971678028,176.424,652065494,652065494,0
mcs90_b09m_s50.A06,mcs90_b09m_s50.B06,dal_dal,24,61,5380292489,1000.01,1,4016059054,741.505,3575985339,3575985339,0
mcs90_b09m_s50.A07,mcs90_b09m_s50.B07,dal_dal,25,58,5225043318,1000.02,1,834295831,151.498,3453684055,3453684055,0
mcs90_b09m_s50.A08,mcs90_b09m_s50.B08,dal_dal,44,167,1677397991,350.239,0,1677329801,350.22,1109301205,1109301205,0
mcs90_b09m_s50.A09,mcs90_b09m_s50.B09,dal_dal,32,93,5338563108,1000.02,1,5305786359,992.519,3591094164,3591094164,0
mcs90_b09m_s60.A00,mcs90_b09m_s60.B00,dal_dal,35,84,5384642483,1000.02,1,5022723973,921.616,3636949798,3636949798,0
mcs90_b09m_s60.A01,mcs90_b09m_s60.B01,dal_dal,41,125,5234882764,1000.01,1,4953337863,930.09,3556648018,3556648018,0
mcs90_b09m_s60.A02,mcs90_b09m_s60.B02,dal_dal,27,58,5609660156,1000.02,1,90154244,14.5943,3717443999,3717443999,0
mcs90_b09m_s60.A03,mcs90_b09m_s60.B03,dal_dal,35,92,5229954354,1000.01,1,5172599252,986.619,3465720166,3465720166,0
mcs90_b09m_s60.A04,mcs90_b09m_s60.B04,dal_dal,27,60,5922985618,1000.01,1,215858963,35.3703,3936265082,3936265082,0
mcs90_b09m_s60.A05,mcs90_b09m_s60.B05,dal_dal,33,80,5112779343,1000.02,1,3449839056,652.52,3462794723,3462794723,0
mcs90_b09m_s60.A06,mcs90_b09m_s60.B06,dal_dal,33,75,5214764377,1000.02,1,4484204660,845.09,3552788507,3552788507,0
mcs90_b09m_s60.A07,mcs90_b09m_s60.B07,dal_dal,29,60,2959247807,1000.03,1,2932465863,990.31,1970694496,1970694496,0
mcs90_b09m_s60.A08,mcs90_b09m_s60.B08,dal_dal,28,61,5694647095,1000.02,1,119441752,19.1423,3891623666,3891623666,0
mcs90_b09m_s60.A09,mcs90_b09m_s60.B09,dal_dal,29,69,5631526164,1000.02,1,5044978331,891.447,3824168481,3824168481,0
mcs90_b09m_s70.A00,mcs90_b09m_s70.B00,dal_dal,33,72,5945653613,1000.02,1,4692359251,779.192,4141694647,4141694647,0
mcs90_b09m_s70.A01,mcs90_b09m_s70.B01,dal_dal,34,85,5731847645,1000.02,1,3035136796,504.288,3964251760,3964251760,0
mcs90_b09m_s70.A02,mcs90_b09m_s70.B02,dal_dal,31,75,5349144346,1000.01,1,2846351698,529.948,3646507484,3646507484,0
mcs90_b09m_s70.A03,mcs90_b09m_s70.B03,dal_dal,33,69,5484100102,1000.02,1,738022300,126.64,3774337087,3774337087,0
mcs90_b09m_s70.A04,mcs90_b09m_s70.B04,dal_dal,35,76,5251834599,1000.02,1,784710930,132.356,3580889723,3580889723,0
mcs90_b09m_s70.A05,mcs90_b09m_s70.B05,dal_dal,32,67,5657446505,1000.02,1,3940795502,693.62,3937017938,3937017938,0
mcs90_b09m_s70.A06,mcs90_b09m_s70.B06,dal_dal,31,59,6087606677,1000.02,1,3847263267,627.466,4230868626,4230868626,0
mcs90_b09m_s70.A07,mcs90_b09m_s70.B07,dal_dal,32,64,5438824270,1000.01,1,23136858,3.61702,3634527465,3634527465,0
mcs90_b09m_s70.A08,mcs90_b09m_s70.B08,dal_dal,31,61,5943591606,1000.02,1,101193755,16.4216,3977045925,3977045925,0
mcs90_b09m_s70.A09,mcs90_b09m_s70.B09,dal_dal,38,94,5137256484,1000.02,1,4767747824,922.09,3596458231,3596458231,0
mcs90_b09m_s80.A00,mcs90_b09m_s80.B00,dal_dal,40,103,5273933081,1000.01,1,1530011760,259.145,3663500050,3663500050,0
mcs90_b09m_s80.A01,mcs90_b09m_s80.B01,dal_dal,37,73,3011104321,1000.02,1,1691335681,551.603,2125194141,2125194141,0
mcs90_b09m_s80.A02,mcs90_b09m_s80.B02,dal_dal,36,82,5926664587,1000.02,1,968945234,153.635,3950133291,3950133291,0
mcs90_b09m_s80.A03,mcs90_b09m_s80.B03,dal_dal,33,64,6189039171,1000.02,1,428754704,66.0222,4217292802,4217292802,0
mcs90_b09m_s80.A04,mcs90_b09m_s80.B04,dal_dal,34,62,6048865229,1000.01,1,3301263999,532.832,4080004847,4080004847,0
mcs90_b09m_s80.A05,mcs90_b09m_s80.B05,dal_dal,37,84,6109253603,1000.01,1,2876775244,454.212,4171651348,4171651348,0
mcs90_b09m_s80.A06,mcs90_b09m_s80.B06,dal_dal,37,69,5870352544,1000.01,1,1832394867,304.419,4175112220,4175112220,0
mcs90_b09m_s80.A07,mcs90_b09m_s80.B07,dal_dal,37,89,5631601451,1000.02,1,4565029860,799.597,3766824035,3766824035,0
mcs90_b09m_s80.A08,mcs90_b09m_s80.B08,dal_dal,36,71,5756627197,1000.02,1,1692369602,279.071,3893158597,3893158597,0
mcs90_b09m_s80.A09,mcs90_b09m_s80.B09,dal_dal,34,68,6377801721,1000.02,1,1216502662,190.649,4294090551,4294090551,0
mcs90_b09m_s90.A00,mcs90_b09m_s90.B00,dal_dal,39,80,5942835284,1000.01,1,25100375,4.0905,3843932743,3843932743,0
mcs90_b09m_s90.A01,mcs90_b09m_s90.B01,dal_dal,40,78,6163872607,1000.02,1,3853526182,610.72,4193838921,4193838921,0
mcs90_b09m_s90.A02,mcs90_b09m_s90.B02,dal_dal,40,97,5713316617,1000.01,1,342197617,56.1204,3870055613,3870055613,0
mcs90_b09m_s90.A03,mcs90_b09m_s90.B03,dal_dal,39,71,5445216003,1000.02,1,674431974,117.616,3817217838,3817217838,0
mcs90_b09m_s90.A04,mcs90_b09m_s90.B04,dal_dal,38,90,5853343461,1000.01,1,202814596,31.1261,4030901747,4030901747,0
mcs90_b09m_s90.A05,mcs90_b09m_s90.B05,dal_dal,42,89,5588494972,1000.02,1,1352709588,241.247,3697785722,3697785722,0
mcs90_b09m_s90.A06,mcs90_b09m_s90.B06,dal_dal,42,75,6080576633,1000.01,1,5438743095,887.601,4165403048,4165403048,0
mcs90_b09m_s90.A07,mcs90_b09m_s90.B07,dal_dal,41,83,5686322768,1000.01,1,3961141055,684.989,3703334275,3703334275,0
mcs90_b09m_s90.A08,mcs90_b09m_s90.B08,dal_dal,38,83,5749630751,1000.02,1,7557354,1.46438,3736954584,3736954584,0
mcs90_b09m_s90.A09,mcs90_b09m_s90.B09,dal_dal,37,68,6130410927,1000.01,1,450888861,70.116,4008933511,4008933511,0
mcs90_m2D_s10.A00,mcs90_m2D_s10.B00,dal_dal,10,13,77,3.72E-05,0,60,1.31E-05,45,45,0
mcs90_m2D_s10.A01,mcs90_m2D_s10.B01,dal_dal,9,10,377,8.22E-05,0,325,5.03E-05,224,224,0
mcs90_m2D_s10.A02,mcs90_m2D_s10.B02,dal_dal,9,10,139,7.99E-05,0,125,2.80E-05,87,87,0
mcs90_m2D_s10.A03,mcs90_m2D_s10.B03,dal_dal,10,13,110,4.68E-05,0,96,2.11E-05,67,67,0
mcs90_m2D_s10.A04,mcs90_m2D_s10.B04,dal_dal,9,12,92,4.94E-05,0,34,1.32E-05,59,59,0
mcs90_m2D_s10.A05,mcs90_m2D_s10.B05,dal_dal,9,11,33,3.76E-05,0,10,9.23E-06,24,24,0
mcs90_m2D_s10.A06,mcs90_m2D_s10.B06,dal_dal,10,13,62,4.58E-05,0,47,1.62E-05,39,39,0
mcs90_m2D_s10.A07,mcs90_m2D_s10.B07,dal_dal,10,13,151,5.27E-05,0,138,2.75E-05,88,88,0
mcs90_m2D_s10.A08,mcs90_m2D_s10.B08,dal_dal,10,13,136,5.43E-05,0,120,2.26E-05,81,81,0
mcs90_m2D_s10.A09,mcs90_m2D_s10.B09,dal_dal,10,13,76,4.23E-05,0,62,1.64E-05,47,47,0
mcs90_m2D_s100.A00,mcs90_m2D_s100.B00,dal_dal,66,82,6930371145,1000.01,1,570,0.000176626,4676499429,4676499429,0
mcs90_m2D_s100.A01,mcs90_m2D_s100.B01,dal_dal,70,82,10847174701,1000.01,1,8482005828,638.782,7856259369,7856259369,0
mcs90_m2D_s100.A02,mcs90_m2D_s100.B02,dal_dal,73,94,6638287755,1000.02,1,4468587681,663.315,4409363534,4409363534,0
mcs90_m2D_s100.A03,mcs90_m2D_s100.B03,dal_dal,71,110,6694681180,1000.01,1,59656244,7.97801,4228394326,4228394326,0
mcs90_m2D_s100.A04,mcs90_m2D_s100.B04,dal_dal,66,73,6115729606,1000.01,1,27141114,3.77146,4590989899,4590989899,0
mcs90_m2D_s100.A05,mcs90_m2D_s100.B05,dal_dal,69,88,6818068886,1000.02,1,1275938,0.155678,4402300004,4402300004,0
mcs90_m2D_s100.A06,mcs90_m2D_s100.B06,dal_dal,72,92,6873871263,1000.02,1,757994224,103.452,4483080242,4483080242,0
mcs90_m2D_s100.A07,mcs90_m2D_s100.B07,dal_dal,67,82,6844388940,1000.03,1,1518751079,210.899,4450771965,4450771965,0
mcs90_m2D_s100.A08,mcs90_m2D_s100.B08,dal_dal,67,79,6796890127,1000.02,1,21497487,2.77155,4538173022,4538173022,0
mcs90_m2D_s100.A09,mcs90_m2D_s100.B09,dal_dal,67,91,6886428016,1000.02,1,11604006,1.46783,4550840875,4550840875,0
mcs90_m2D_s20.A00,mcs90_m2D_s20.B00,dal_dal,17,24,8550,0.00113368,0,7131,0.000897179,5437,5437,0
mcs90_m2D_s20.A01,mcs90_m2D_s20.B01,dal_dal,17,19,19333,0.00264684,0,17899,0.00241018,12709,12709,0
mcs90_m2D_s20.A02,mcs90_m2D_s20.B02,dal_dal,17,24,24658,0.00315748,0,22007,0.00275887,15544,15544,0
mcs90_m2D_s20.A03,mcs90_m2D_s20.B03,dal_dal,16,22,13197,0.00180426,0,2190,0.000269616,8271,8271,0
mcs90_m2D_s20.A04,mcs90_m2D_s20.B04,dal_dal,16,21,18103,0.00242164,0,4862,0.000608046,11367,11367,0
mcs90_m2D_s20.A05,mcs90_m2D_s20.B05,dal_dal,16,21,21981,0.0028161,0,11667,0.00144576,14006,14006,0
mcs90_m2D_s20.A06,mcs90_m2D_s20.B06,dal_dal,17,24,11177,0.00146473,0,8408,0.0010663,6624,6624,0
mcs90_m2D_s20.A07,mcs90_m2D_s20.B07,dal_dal,16,23,13377,0.00172659,0,2213,0.00028529,8147,8147,0
mcs90_m2D_s20.A08,mcs90_m2D_s20.B08,dal_dal,17,24,9246,0.00121518,0,5731,0.000692303,5473,5473,0
mcs90_m2D_s20.A09,mcs90_m2D_s20.B09,dal_dal,17,22,4957,0.000703969,0,2547,0.000352391,3176,3176,0
mcs90_m2D_s30.A00,mcs90_m2D_s30.B00,dal_dal,26,34,674691,0.0905066,0,666155,0.0891892,420008,420008,0
mcs90_m2D_s30.A01,mcs90_m2D_s30.B01,dal_dal,25,35,923476,0.123306,0,826337,0.109185,578586,578586,0
mcs90_m2D_s30.A02,mcs90_m2D_s30.B02,dal_dal,26,38,793332,0.104796,0,770833,0.101309,515248,515248,0
mcs90_m2D_s30.A03,mcs90_m2D_s30.B03,dal_dal,27,42,543891,0.0724441,0,540051,0.0718194,348582,348582,0
mcs90_m2D_s30.A04,mcs90_m2D_s30.B04,dal_dal,26,39,497606,0.0652063,0,461742,0.0598322,309222,309222,0
mcs90_m2D_s30.A05,mcs90_m2D_s30.B05,dal_dal,25,33,1142888,0.1496,0,1043248,0.135291,742179,742179,0
mcs90_m2D_s30.A06,mcs90_m2D_s30.B06,dal_dal,25,36,726543,0.0991669,0,615318,0.0828317,456453,456453,0
mcs90_m2D_s30.A07,mcs90_m2D_s30.B07,dal_dal,27,40,80549,0.0110393,0,76749,0.0103843,52886,52886,0
mcs90_m2D_s30.A08,mcs90_m2D_s30.B08,dal_dal,27,40,613180,0.0848788,0,610450,0.0844159,389559,389559,0
mcs90_m2D_s30.A09,mcs90_m2D_s30.B09,dal_dal,25,33,1407203,0.193399,0,1328424,0.181467,940410,940410,0
mcs90_m2D_s40.A00,mcs90_m2D_s40.B00,dal_dal,36,54,5851112,0.833599,0,5800933,0.825732,3634423,3634423,0
mcs90_m2D_s40.A01,mcs90_m2D_s40.B01,dal_dal,36,54,741328,0.105593,0,702656,0.0992104,471543,471543,0
mcs90_m2D_s40.A02,mcs90_m2D_s40.B02,dal_dal,36,51,2162837,0.340411,0,2118233,0.33262,1343373,1343373,0
mcs90_m2D_s40.A03,mcs90_m2D_s40.B03,dal_dal,36,53,8446373,1.18465,0,8398041,1.17633,5367569,5367569,0
mcs90_m2D_s40.A04,mcs90_m2D_s40.B04,dal_dal,37,55,9435132,1.25588,0,9426646,1.25447,5885728,5885728,0
mcs90_m2D_s40.A05,mcs90_m2D_s40.B05,dal_dal,37,57,1951057,0.26786,0,1946873,0.267123,1232800,1232800,0
mcs90_m2D_s40.A06,mcs90_m2D_s40.B06,dal_dal,36,55,1564048,0.22587,0,1496561,0.215011,979391,979391,0
mcs90_m2D_s40.A07,mcs90_m2D_s40.B07,dal_dal,36,55,1399449,0.200697,0,1353908,0.193132,871784,871784,0
mcs90_m2D_s40.A08,mcs90_m2D_s40.B08,dal_dal,36,55,2667795,0.411989,0,2617846,0.402703,1611090,1611090,0
mcs90_m2D_s40.A09,mcs90_m2D_s40.B09,dal_dal,36,53,12086430,2.09618,0,12040229,2.08691,7506218,7506218,0
mcs90_m2D_s50.A00,mcs90_m2D_s50.B00,dal_dal,49,82,2175413,0.312135,0,2175069,0.311976,1305918,1305918,0
mcs90_m2D_s50.A01,mcs90_m2D_s50.B01,dal_dal,49,81,296646,0.0428906,0,296192,0.042754,175868,175868,0
mcs90_m2D_s50.A02,mcs90_m2D_s50.B02,dal_dal,49,82,365727,0.0501084,0,365193,0.0499447,220780,220780,0
mcs90_m2D_s50.A03,mcs90_m2D_s50.B03,dal_dal,49,83,35362,0.00568819,0,35073,0.0055794,20387,20387,0
mcs90_m2D_s50.A04,mcs90_m2D_s50.B04,dal_dal,50,85,3905860,0.547924,0,3905784,0.547843,2348340,2348340,0
mcs90_m2D_s50.A05,mcs90_m2D_s50.B05,dal_dal,49,82,674820,0.0983428,0,674613,0.0982315,402044,402044,0
mcs90_m2D_s50.A06,mcs90_m2D_s50.B06,dal_dal,49,81,1017730,0.157727,0,1016760,0.157499,573594,573594,0
mcs90_m2D_s50.A07,mcs90_m2D_s50.B07,dal_dal,49,83,281308,0.039491,0,280507,0.0392938,174801,174801,0
mcs90_m2D_s50.A08,mcs90_m2D_s50.B08,dal_dal,49,81,1768808,0.258049,0,1768152,0.257868,1029873,1029873,0
mcs90_m2D_s50.A09,mcs90_m2D_s50.B09,dal_dal,49,82,1720000,0.259946,0,1718596,0.259603,1011946,1011946,0
mcs90_m2D_s60.A00,mcs90_m2D_s60.B00,dal_dal,46,63,6414227091,1000.02,1,372033348,55.1089,4056506737,4056506737,0
mcs90_m2D_s60.A01,mcs90_m2D_s60.B01,dal_dal,43,50,7075779811,1000.01,1,10810982,1.35598,4740201043,4740201043,0
mcs90_m2D_s60.A02,mcs90_m2D_s60.B02,dal_dal,43,54,6931287741,1000.02,1,438672,0.0548314,4607392522,4607392522,0
mcs90_m2D_s60.A03,mcs90_m2D_s60.B03,dal_dal,43,50,7283906106,1000.02,1,6362731870,869.84,4769710941,4769710941,0
mcs90_m2D_s60.A04,mcs90_m2D_s60.B04,dal_dal,46,64,6902007886,1000.01,1,4377392313,621.081,4362932264,4362932264,0
mcs90_m2D_s60.A05,mcs90_m2D_s60.B05,dal_dal,44,57,6330889647,1000.02,1,4186951477,655.004,4113651531,4113651531,0
mcs90_m2D_s60.A06,mcs90_m2D_s60.B06,dal_dal,44,56,6796558953,1000.02,1,498140643,69.1951,4553649099,4553649099,0
mcs90_m2D_s60.A07,mcs90_m2D_s60.B07,dal_dal,43,53,6857718753,1000.02,1,1180721496,161.302,4524222153,4524222153,0
mcs90_m2D_s60.A08,mcs90_m2D_s60.B08,dal_dal,45,60,6582095177,1000.02,1,346162694,48.8534,4230344062,4230344062,0
mcs90_m2D_s60.A09,mcs90_m2D_s60.B09,dal_dal,45,65,6677098297,1000.02,1,4891632040,724.521,4337867493,4337867493,0
mcs90_m2D_s70.A00,mcs90_m2D_s70.B00,dal_dal,64,103,3312651640,585.766,0,3303901119,584.138,2104207833,2104207833,0
mcs90_m2D_s70.A01,mcs90_m2D_s70.B01,dal_dal,65,107,1021034012,174.018,0,1020698737,173.951,620465374,620465374,0
mcs90_m2D_s70.A02,mcs90_m2D_s70.B02,dal_dal,65,105,3293445701,553.009,0,3292985544,552.916,2046577901,2046577901,0
mcs90_m2D_s70.A03,mcs90_m2D_s70.B03,dal_dal,65,105,49498658,9.05748,0,49170207,8.99015,29738084,29738084,0
mcs90_m2D_s70.A04,mcs90_m2D_s70.B04,dal_dal,57,76,6278227559,1000.01,1,5958829955,945.711,3887480858,3887480858,0
mcs90_m2D_s70.A05,mcs90_m2D_s70.B05,dal_dal,54,71,6264358594,1000.02,1,559829509,83.9114,3796412680,3796412680,0
mcs90_m2D_s70.A06,mcs90_m2D_s70.B06,dal_dal,64,105,4367737538,704.649,0,4365719845,704.259,2697709028,2697709028,0
mcs90_m2D_s70.A07,mcs90_m2D_s70.B07,dal_dal,65,104,5268429746,863.086,0,5268119881,863.027,3298283510,3298283510,0
mcs90_m2D_s70.A08,mcs90_m2D_s70.B08,dal_dal,56,83,6119772043,1000.02,1,5449473845,888.172,3857391080,3857391080,0
mcs90_m2D_s70.A09,mcs90_m2D_s70.B09,dal_dal,53,71,5870426770,1000.02,1,1527680254,248.364,3653357987,3653357987,0
mcs90_m2D_s80.A00,mcs90_m2D_s80.B00,dal_dal,55,60,6047590961,1000.02,1,147926373,22.5334,4019345837,4019345837,0
mcs90_m2D_s80.A01,mcs90_m2D_s80.B01,dal_dal,56,74,5227208342,1000.01,1,439397486,79.8497,3413406080,3413406080,0
mcs90_m2D_s80.A02,mcs90_m2D_s80.B02,dal_dal,59,72,4988178566,1000.02,1,6685279,1.2178,3289299145,3289299145,0
mcs90_m2D_s80.A03,mcs90_m2D_s80.B03,dal_dal,57,69,6796299963,1000.01,1,3689907021,520.287,4385754269,4385754269,0
mcs90_m2D_s80.A04,mcs90_m2D_s80.B04,dal_dal,56,76,6746722283,1000.02,1,581931490,79.7052,4414430502,4414430502,0
mcs90_m2D_s80.A05,mcs90_m2D_s80.B05,dal_dal,56,62,6614477603,1000.01,1,4835474929,724.601,4334317088,4334317088,0
mcs90_m2D_s80.A06,mcs90_m2D_s80.B06,dal_dal,59,79,6334745892,1000.01,1,41947,0.00536839,4094145384,4094145384,0
mcs90_m2D_s80.A07,mcs90_m2D_s80.B07,dal_dal,60,80,6579603438,1000.02,1,1293,0.000218128,4394325679,4394325679,0
mcs90_m2D_s80.A08,mcs90_m2D_s80.B08,dal_dal,57,74,6726213959,1000.02,1,787540472,110.75,4433277309,4433277309,0
mcs90_m2D_s80.A09,mcs90_m2D_s80.B09,dal_dal,56,69,6756702445,1000.01,1,650975677,92.3682,4386239665,4386239665,0
mcs90_m2D_s90.A00,mcs90_m2D_s90.B00,dal_dal,75,115,5264906061,1000.01,1,1596560329,289.547,3304811991,3304811991,0
mcs90_m2D_s90.A01,mcs90_m2D_s90.B01,dal_dal,71,106,5802545750,1000.02,1,17189410,2.40609,3642447943,3642447943,0
mcs90_m2D_s90.A02,mcs90_m2D_s90.B02,dal_dal,70,94,5724391277,1000.02,1,1095741994,161.475,3655844779,3655844779,0
mcs90_m2D_s90.A03,mcs90_m2D_s90.B03,dal_dal,83,135,550449323,117.946,0,537629761,114.854,340884377,340884377,0
mcs90_m2D_s90.A04,mcs90_m2D_s90.B04,dal_dal,71,99,5063255663,1000.02,1,39164158,7.10735,3122547385,3122547385,0
mcs90_m2D_s90.A05,mcs90_m2D_s90.B05,dal_dal,69,94,6466305036,1000.02,1,4442123,0.57522,4104549077,4104549077,0
mcs90_m2D_s90.A06,mcs90_m2D_s90.B06,dal_dal,82,133,1050152331,208.669,0,855668021,168.16,644162515,644162515,0
mcs90_m2D_s90.A07,mcs90_m2D_s90.B07,dal_dal,72,104,5553337869,1000.01,1,2677001469,468.577,3432963167,3432963167,0
mcs90_m2D_s90.A08,mcs90_m2D_s90.B08,dal_dal,69,102,5715015795,1000.02,1,235783074,39.2747,3673175003,3673175003,0
mcs90_m2D_s90.A09,mcs90_m2D_s90.B09,dal_dal,63,80,6923066523,1000.02,1,58166369,7.55261,4435369353,4435369353,0
mcs90_m2Dr2_s10.A00,mcs90_m2Dr2_s10.B00,dal_dal,9,12,243,9.00E-05,0,215,4.38E-05,148,148,0
mcs90_m2Dr2_s10.A01,mcs90_m2Dr2_s10.B01,dal_dal,10,14,136,6.55E-05,0,125,2.83E-05,81,81,0
mcs90_m2Dr2_s10.A02,mcs90_m2Dr2_s10.B02,dal_dal,9,10,520,0.000103025,0,507,7.50E-05,329,329,0
mcs90_m2Dr2_s10.A03,mcs90_m2Dr2_s10.B03,dal_dal,9,11,75,4.35E-05,0,51,1.54E-05,46,46,0
mcs90_m2Dr2_s10.A04,mcs90_m2Dr2_s10.B04,dal_dal,9,12,65,5.02E-05,0,34,1.55E-05,44,44,0
mcs90_m2Dr2_s10.A05,mcs90_m2Dr2_s10.B05,dal_dal,9,12,117,4.53E-05,0,96,1.85E-05,73,73,0
mcs90_m2Dr2_s10.A06,mcs90_m2Dr2_s10.B06,dal_dal,9,13,644,0.000109535,0,631,8.44E-05,395,395,0
mcs90_m2Dr2_s10.A07,mcs90_m2Dr2_s10.B07,dal_dal,9,11,186,5.99E-05,0,174,3.22E-05,113,113,0
mcs90_m2Dr2_s10.A08,mcs90_m2Dr2_s10.B08,dal_dal,9,11,295,6.80E-05,0,277,4.18E-05,183,183,0
mcs90_m2Dr2_s10.A09,mcs90_m2Dr2_s10.B09,dal_dal,10,14,32,3.51E-05,0,11,7.21E-06,22,22,0
mcs90_m2Dr2_s100.A00,mcs90_m2Dr2_s100.B00,dal_dal,64,92,5934547728,1000.02,1,26890434,4.06987,3836683377,3836683377,0
mcs90_m2Dr2_s100.A01,mcs90_m2Dr2_s100.B01,dal_dal,64,89,6735657113,1000.02,1,616049397,84.926,4450925780,4450925780,0
mcs90_m2Dr2_s100.A02,mcs90_m2Dr2_s100.B02,dal_dal,64,80,6825692377,1000.01,1,21290251,2.7305,4536849099,4536849099,0
mcs90_m2Dr2_s100.A03,mcs90_m2Dr2_s100.B03,dal_dal,66,94,6666670500,1000.02,1,4059867758,604.221,4086797767,4086797767,0
mcs90_m2Dr2_s100.A04,mcs90_m2Dr2_s100.B04,dal_dal,63,83,6585287115,1000.02,1,304227410,44.4113,4466773053,4466773053,0
mcs90_m2Dr2_s100.A05,mcs90_m2Dr2_s100.B05,dal_dal,64,81,6790464200,1000.02,1,5741852,0.880055,4722686078,4722686078,0
mcs90_m2Dr2_s100.A06,mcs90_m2Dr2_s100.B06,dal_dal,62,72,7442422990,1000.02,1,3103548477,397.86,5251373771,5251373771,0
mcs90_m2Dr2_s100.A07,mcs90_m2Dr2_s100.B07,dal_dal,64,82,7098058534,1000.01,1,5082179800,707.062,4931801048,4931801048,0
mcs90_m2Dr2_s100.A08,mcs90_m2Dr2_s100.B08,dal_dal,62,82,6415249414,1000.02,1,2358002,0.313963,4212045419,4212045419,0
mcs90_m2Dr2_s100.A09,mcs90_m2Dr2_s100.B09,dal_dal,65,86,6724326389,1000.01,1,41767846,5.19887,4732365848,4732365848,0
mcs90_m2Dr2_s20.A00,mcs90_m2Dr2_s20.B00,dal_dal,17,29,21296,0.00302111,0,20629,0.00288462,14269,14269,0
mcs90_m2Dr2_s20.A01,mcs90_m2Dr2_s20.B01,dal_dal,16,25,47831,0.00620963,0,39793,0.00504211,30254,30254,0
mcs90_m2Dr2_s20.A02,mcs90_m2Dr2_s20.B02,dal_dal,17,28,6144,0.000862464,0,4615,0.000601622,3888,3888,0
mcs90_m2Dr2_s20.A03,mcs90_m2Dr2_s20.B03,dal_dal,16,22,24477,0.00426345,0,19824,0.00338963,15725,15725,0
mcs90_m2Dr2_s20.A04,mcs90_m2Dr2_s20.B04,dal_dal,16,23,31412,0.00528952,0,25030,0.00417152,20274,20274,0
mcs90_m2Dr2_s20.A05,mcs90_m2Dr2_s20.B05,dal_dal,16,23,56279,0.00943077,0,49778,0.0082579,36079,36079,0
mcs90_m2Dr2_s20.A06,mcs90_m2Dr2_s20.B06,dal_dal,16,20,25713,0.00338204,0,16084,0.00200058,16564,16564,0
mcs90_m2Dr2_s20.A07,mcs90_m2Dr2_s20.B07,dal_dal,16,20,20539,0.00294028,0,17106,0.0023765,13508,13508,0
mcs90_m2Dr2_s20.A08,mcs90_m2Dr2_s20.B08,dal_dal,16,25,14118,0.00200394,0,5440,0.000757216,9124,9124,0
mcs90_m2Dr2_s20.A09,mcs90_m2Dr2_s20.B09,dal_dal,16,22,38988,0.00521589,0,34655,0.00456207,25624,25624,0
mcs90_m2Dr2_s30.A00,mcs90_m2Dr2_s30.B00,dal_dal,25,40,1891166,0.246335,0,1858464,0.241343,1194601,1194601,0
mcs90_m2Dr2_s30.A01,mcs90_m2Dr2_s30.B01,dal_dal,26,43,2501412,0.364802,0,2496163,0.363883,1640696,1640696,0
mcs90_m2Dr2_s30.A02,mcs90_m2Dr2_s30.B02,dal_dal,26,45,2091711,0.298142,0,2086506,0.297184,1411138,1411138,0
mcs90_m2Dr2_s30.A03,mcs90_m2Dr2_s30.B03,dal_dal,26,41,2354103,0.356327,0,2347747,0.355168,1480558,1480558,0
mcs90_m2Dr2_s30.A04,mcs90_m2Dr2_s30.B04,dal_dal,25,39,2851588,0.389638,0,2780061,0.378531,1784907,1784907,0
mcs90_m2Dr2_s30.A05,mcs90_m2Dr2_s30.B05,dal_dal,25,38,32651,0.00540535,0,26,2.21E-05,22975,22975,0
mcs90_m2Dr2_s30.A06,mcs90_m2Dr2_s30.B06,dal_dal,26,41,464092,0.0654881,0,445202,0.0625217,301251,301251,0
mcs90_m2Dr2_s30.A07,mcs90_m2Dr2_s30.B07,dal_dal,25,40,3930710,0.545577,0,3857885,0.534541,2502810,2502810,0
mcs90_m2Dr2_s30.A08,mcs90_m2Dr2_s30.B08,dal_dal,25,39,1931862,0.268134,0,1900482,0.26308,1251174,1251174,0
mcs90_m2Dr2_s30.A09,mcs90_m2Dr2_s30.B09,dal_dal,25,38,3155389,0.443953,0,3083224,0.431796,2006807,2006807,0
mcs90_m2Dr2_s40.A00,mcs90_m2Dr2_s40.B00,dal_dal,37,66,29314430,4.65068,0,29307994,4.64918,18624429,18624429,0
mcs90_m2Dr2_s40.A01,mcs90_m2Dr2_s40.B01,dal_dal,36,61,11742522,1.98705,0,11732900,1.98501,7725994,7725994,0
mcs90_m2Dr2_s40.A02,mcs90_m2Dr2_s40.B02,dal_dal,36,57,75794004,10.2844,0,75787245,10.2833,49540347,49540347,0
mcs90_m2Dr2_s40.A03,mcs90_m2Dr2_s40.B03,dal_dal,36,66,198583713,27.7127,0,198571382,27.7106,129735778,129735778,0
mcs90_m2Dr2_s40.A04,mcs90_m2Dr2_s40.B04,dal_dal,36,62,8704939,1.34259,0,8681881,1.3386,5576861,5576861,0
mcs90_m2Dr2_s40.A05,mcs90_m2Dr2_s40.B05,dal_dal,36,60,27411876,4.05967,0,27403443,4.05811,17759657,17759657,0
mcs90_m2Dr2_s40.A06,mcs90_m2Dr2_s40.B06,dal_dal,36,60,127411197,17.9909,0,127396124,17.9882,82132425,82132425,0
mcs90_m2Dr2_s40.A07,mcs90_m2Dr2_s40.B07,dal_dal,36,62,70004527,10.0474,0,69993318,10.0455,45924075,45924075,0
mcs90_m2Dr2_s40.A08,mcs90_m2Dr2_s40.B08,dal_dal,36,59,52420348,8.77707,0,52408517,8.77475,34200798,34200798,0
mcs90_m2Dr2_s40.A09,mcs90_m2Dr2_s40.B09,dal_dal,37,65,1523741,0.237615,0,1513231,0.235476,928520,928520,0
mcs90_m2Dr2_s50.A00,mcs90_m2Dr2_s50.B00,dal_dal,49,89,418645137,73.7864,0,418644935,73.7862,262372600,262372600,0
mcs90_m2Dr2_s50.A01,mcs90_m2Dr2_s50.B01,dal_dal,49,91,30189270,4.10518,0,30189210,4.10509,19416886,19416886,0
mcs90_m2Dr2_s50.A02,mcs90_m2Dr2_s50.B02,dal_dal,49,92,103643831,15.1271,0,103643756,15.127,64698624,64698624,0
mcs90_m2Dr2_s50.A03,mcs90_m2Dr2_s50.B03,dal_dal,49,90,57830045,8.84478,0,57829884,8.84466,37019122,37019122,0
mcs90_m2Dr2_s50.A04,mcs90_m2Dr2_s50.B04,dal_dal,49,90,8141610,1.178,0,8141445,1.17788,5132558,5132558,0
mcs90_m2Dr2_s50.A05,mcs90_m2Dr2_s50.B05,dal_dal,49,91,269030301,38.525,0,269030154,38.5249,170387644,170387644,0
mcs90_m2Dr2_s50.A06,mcs90_m2Dr2_s50.B06,dal_dal,49,89,1335476,0.201497,0,1335025,0.201338,839386,839386,0
mcs90_m2Dr2_s50.A07,mcs90_m2Dr2_s50.B07,dal_dal,49,91,72030261,10.5934,0,72030206,10.5933,45219648,45219648,0
mcs90_m2Dr2_s50.A08,mcs90_m2Dr2_s50.B08,dal_dal,49,92,19303507,2.76065,0,19303249,2.76052,12660820,12660820,0
mcs90_m2Dr2_s50.A09,mcs90_m2Dr2_s50.B09,dal_dal,49,90,22905956,3.32706,0,22905779,3.32659,14338024,14338024,0
mcs90_m2Dr2_s60.A00,mcs90_m2Dr2_s60.B00,dal_dal,41,55,7121706367,1000.02,1,1535172919,206.847,4823165016,4823165016,0
mcs90_m2Dr2_s60.A01,mcs90_m2Dr2_s60.B01,dal_dal,41,51,6748700175,1000.02,1,1641521889,231.075,4472558794,4472558794,0
mcs90_m2Dr2_s60.A02,mcs90_m2Dr2_s60.B02,dal_dal,41,53,6730550519,1000.01,1,10172228,1.2898,4447404087,4447404087,0
mcs90_m2Dr2_s60.A03,mcs90_m2Dr2_s60.B03,dal_dal,40,50,6911358244,1000.02,1,1072622463,150.81,4616414242,4616414242,0
mcs90_m2Dr2_s60.A04,mcs90_m2Dr2_s60.B04,dal_dal,41,51,6893667852,1000.02,1,41802545,5.73085,4604960860,4604960860,0
mcs90_m2Dr2_s60.A05,mcs90_m2Dr2_s60.B05,dal_dal,40,49,7008547162,1000.02,1,187550136,25.3682,4607921229,4607921229,0
mcs90_m2Dr2_s60.A06,mcs90_m2Dr2_s60.B06,dal_dal,40,54,6923458028,1000.02,1,173426089,23.0486,4696694173,4696694173,0
mcs90_m2Dr2_s60.A07,mcs90_m2Dr2_s60.B07,dal_dal,40,56,7006056438,1000.02,1,1479779850,207.002,4702651236,4702651236,0
mcs90_m2Dr2_s60.A08,mcs90_m2Dr2_s60.B08,dal_dal,41,53,7043516171,1000.02,1,222486217,28.592,4702926800,4702926800,0
mcs90_m2Dr2_s60.A09,mcs90_m2Dr2_s60.B09,dal_dal,41,58,6332330739,1000.02,1,1348737608,202.573,4281526336,4281526336,0
mcs90_m2Dr2_s70.A00,mcs90_m2Dr2_s70.B00,dal_dal,46,57,6353431660,1000.02,1,35909887,4.66308,4085016765,4085016765,0
mcs90_m2Dr2_s70.A01,mcs90_m2Dr2_s70.B01,dal_dal,46,65,7311655918,1000.02,1,2663772470,356.18,4895688363,4895688363,0
mcs90_m2Dr2_s70.A02,mcs90_m2Dr2_s70.B02,dal_dal,49,63,6554356546,1000.01,1,124132105,18.8343,4254652753,4254652753,0
mcs90_m2Dr2_s70.A03,mcs90_m2Dr2_s70.B03,dal_dal,46,62,5679427064,1000.02,1,121443107,20.3817,3698033573,3698033573,0
mcs90_m2Dr2_s70.A04,mcs90_m2Dr2_s70.B04,dal_dal,47,61,6869685429,1000.02,1,285186466,40.2594,4408906826,4408906826,0
mcs90_m2Dr2_s70.A05,mcs90_m2Dr2_s70.B05,dal_dal,47,62,6867323556,1000.02,1,234140435,32.1733,4568002884,4568002884,0
mcs90_m2Dr2_s70.A06,mcs90_m2Dr2_s70.B06,dal_dal,48,66,6831159779,1000.01,1,2100726331,301.23,4451612475,4451612475,0
mcs90_m2Dr2_s70.A07,mcs90_m2Dr2_s70.B07,dal_dal,47,62,6909708142,1000.02,1,1816591534,255.668,4575717943,4575717943,0
mcs90_m2Dr2_s70.A08,mcs90_m2Dr2_s70.B08,dal_dal,48,66,6839446095,1000.02,1,6744683362,985.561,4530856020,4530856020,0
mcs90_m2Dr2_s70.A09,mcs90_m2Dr2_s70.B09,dal_dal,46,55,6963099266,1000.01,1,3474130679,488.836,4613345942,4613345942,0
mcs90_m2Dr2_s80.A00,mcs90_m2Dr2_s80.B00,dal_dal,54,81,6915666710,1000.02,1,3619074096,519.589,4753936567,4753936567,0
mcs90_m2Dr2_s80.A01,mcs90_m2Dr2_s80.B01,dal_dal,52,63,6854325945,1000.02,1,1226867057,171.161,4788937497,4788937497,0
mcs90_m2Dr2_s80.A02,mcs90_m2Dr2_s80.B02,dal_dal,51,64,6753133546,1000.02,1,13850947,1.91935,4378860781,4378860781,0
mcs90_m2Dr2_s80.A03,mcs90_m2Dr2_s80.B03,dal_dal,51,75,7053233233,1000.02,1,2424667697,335.634,4738847934,4738847934,0
mcs90_m2Dr2_s80.A04,mcs90_m2Dr2_s80.B04,dal_dal,51,63,7019702696,1000.01,1,118358677,15.64,4824213200,4824213200,0
mcs90_m2Dr2_s80.A05,mcs90_m2Dr2_s80.B05,dal_dal,52,67,6772420766,1000.02,1,4449054584,653.609,4715934959,4715934959,0
mcs90_m2Dr2_s80.A06,mcs90_m2Dr2_s80.B06,dal_dal,52,77,6937602332,1000.02,1,5171940619,738.641,4656999208,4656999208,0
mcs90_m2Dr2_s80.A07,mcs90_m2Dr2_s80.B07,dal_dal,51,69,7279829642,1000.01,1,4487874748,610.014,5149867271,5149867271,0
mcs90_m2Dr2_s80.A08,mcs90_m2Dr2_s80.B08,dal_dal,53,72,3473986362,1000.02,1,2813519998,809.126,2339005749,2339005749,0
mcs90_m2Dr2_s80.A09,mcs90_m2Dr2_s80.B09,dal_dal,52,70,5522493628,1000.01,1,2073132659,369.294,3755396929,3755396929,0
mcs90_m2Dr2_s90.A00,mcs90_m2Dr2_s90.B00,dal_dal,59,81,7002064499,1000.02,1,2646930510,365.579,4594235796,4594235796,0
mcs90_m2Dr2_s90.A01,mcs90_m2Dr2_s90.B01,dal_dal,57,76,7257156529,1000.01,1,3948639412,542.43,4912665229,4912665229,0
mcs90_m2Dr2_s90.A02,mcs90_m2Dr2_s90.B02,dal_dal,58,77,5054157031,1000.02,1,3687682913,733.567,3297420800,3297420800,0
mcs90_m2Dr2_s90.A03,mcs90_m2Dr2_s90.B03,dal_dal,59,75,7381883029,1000.01,1,1743468720,224.312,4954421867,4954421867,0
mcs90_m2Dr2_s90.A04,mcs90_m2Dr2_s90.B04,dal_dal,60,81,6720334916,1000.01,1,7507905,0.980514,4268268717,4268268717,0
mcs90_m2Dr2_s90.A05,mcs90_m2Dr2_s90.B05,dal_dal,59,77,6783389691,1000,1,149756228,19.9412,4553700119,4553700119,0
mcs90_m2Dr2_s90.A06,mcs90_m2Dr2_s90.B06,dal_dal,57,72,6915830583,1000.02,1,1153152016,157.668,4677403157,4677403157,0
mcs90_m2Dr2_s90.A07,mcs90_m2Dr2_s90.B07,dal_dal,56,69,6986717777,1000.01,1,62203044,8.30062,4611212445,4611212445,0
mcs90_m2Dr2_s90.A08,mcs90_m2Dr2_s90.B08,dal_dal,59,81,6666849904,1000.02,1,438836665,62.8833,4389471936,4389471936,0
mcs90_m2Dr2_s90.A09,mcs90_m2Dr2_s90.B09,dal_dal,61,92,4946095465,1000.02,1,808517045,149.941,3312811114,3312811114,0
mcs90_m2Dr4_s10.A00,mcs90_m2Dr4_s10.B00,dal_dal,9,15,108,9.20E-05,0,92,2.36E-05,68,68,0
mcs90_m2Dr4_s10.A01,mcs90_m2Dr4_s10.B01,dal_dal,9,13,261,0.000127832,0,247,8.45E-05,169,169,0
mcs90_m2Dr4_s10.A02,mcs90_m2Dr4_s10.B02,dal_dal,9,15,92,8.01E-05,0,70,3.05E-05,58,58,0
mcs90_m2Dr4_s10.A03,mcs90_m2Dr4_s10.B03,dal_dal,9,14,114,4.96E-05,0,96,2.31E-05,73,73,0
mcs90_m2Dr4_s10.A04,mcs90_m2Dr4_s10.B04,dal_dal,9,13,134,4.31E-05,0,68,1.54E-05,84,84,0
mcs90_m2Dr4_s10.A05,mcs90_m2Dr4_s10.B05,dal_dal,9,14,63,4.10E-05,0,33,1.18E-05,40,40,0
mcs90_m2Dr4_s10.A06,mcs90_m2Dr4_s10.B06,dal_dal,9,14,68,4.65E-05,0,42,1.16E-05,43,43,0
mcs90_m2Dr4_s10.A07,mcs90_m2Dr4_s10.B07,dal_dal,9,13,126,4.97E-05,0,102,2.27E-05,76,76,0
mcs90_m2Dr4_s10.A08,mcs90_m2Dr4_s10.B08,dal_dal,9,13,173,7.36E-05,0,155,3.43E-05,110,110,0
mcs90_m2Dr4_s10.A09,mcs90_m2Dr4_s10.B09,dal_dal,9,14,137,8.86E-05,0,104,4.01E-05,88,88,0
mcs90_m2Dr4_s100.A00,mcs90_m2Dr4_s100.B00,dal_dal,62,95,3524987948,1000.01,1,962352827,262.384,2414967681,2414967681,0
mcs90_m2Dr4_s100.A01,mcs90_m2Dr4_s100.B01,dal_dal,59,88,7029466204,1000.02,1,1726323079,236.608,4729472183,4729472183,0
mcs90_m2Dr4_s100.A02,mcs90_m2Dr4_s100.B02,dal_dal,62,79,6408915480,1000.01,1,55534096,8.42731,4529131137,4529131137,0
mcs90_m2Dr4_s100.A03,mcs90_m2Dr4_s100.B03,dal_dal,60,77,6451853113,1000.02,1,1185782394,179.874,4431358688,4431358688,0
mcs90_m2Dr4_s100.A04,mcs90_m2Dr4_s100.B04,dal_dal,60,84,6574156238,1000.02,1,271458673,37.8699,4608307607,4608307607,0
mcs90_m2Dr4_s100.A05,mcs90_m2Dr4_s100.B05,dal_dal,63,89,6371446432,1000.02,1,124209272,17.888,4171640090,4171640090,0
mcs90_m2Dr4_s100.A06,mcs90_m2Dr4_s100.B06,dal_dal,58,83,6510426349,1000.01,1,24558744,2.27388,5903690401,5903690401,0
mcs90_m2Dr4_s100.A07,mcs90_m2Dr4_s100.B07,dal_dal,61,78,6570770520,1000.01,1,6681924,0.84939,4636437419,4636437419,0
mcs90_m2Dr4_s100.A08,mcs90_m2Dr4_s100.B08,dal_dal,60,87,3359346463,1000.02,1,58604907,16.448,2186251758,2186251758,0
mcs90_m2Dr4_s100.A09,mcs90_m2Dr4_s100.B09,dal_dal,65,98,6317550306,1000.01,1,77315788,11.4264,4111155502,4111155502,0
mcs90_m2Dr4_s20.A00,mcs90_m2Dr4_s20.B00,dal_dal,16,23,35601,0.00453277,0,31914,0.00397499,23161,23161,0
mcs90_m2Dr4_s20.A01,mcs90_m2Dr4_s20.B01,dal_dal,16,27,34493,0.00504988,0,29753,0.00409137,21736,21736,0
mcs90_m2Dr4_s20.A02,mcs90_m2Dr4_s20.B02,dal_dal,16,22,60734,0.00847311,0,55683,0.00769962,39410,39410,0
mcs90_m2Dr4_s20.A03,mcs90_m2Dr4_s20.B03,dal_dal,16,23,74733,0.0105175,0,64898,0.00905096,45607,45607,0
mcs90_m2Dr4_s20.A04,mcs90_m2Dr4_s20.B04,dal_dal,16,22,67746,0.0094376,0,67147,0.00930544,44531,44531,0
mcs90_m2Dr4_s20.A05,mcs90_m2Dr4_s20.B05,dal_dal,16,25,100411,0.0134709,0,97295,0.0129734,63616,63616,0
mcs90_m2Dr4_s20.A06,mcs90_m2Dr4_s20.B06,dal_dal,17,27,88447,0.0121093,0,87497,0.0119371,54049,54049,0
mcs90_m2Dr4_s20.A07,mcs90_m2Dr4_s20.B07,dal_dal,16,21,17577,0.0024457,0,12466,0.00164697,11525,11525,0
mcs90_m2Dr4_s20.A08,mcs90_m2Dr4_s20.B08,dal_dal,16,27,11196,0.00167569,0,5605,0.000796752,7124,7124,0
mcs90_m2Dr4_s20.A09,mcs90_m2Dr4_s20.B09,dal_dal,16,20,63595,0.00826043,0,63102,0.00815508,41431,41431,0
mcs90_m2Dr4_s30.A00,mcs90_m2Dr4_s30.B00,dal_dal,25,44,1568359,0.220045,0,1523465,0.2122,995846,995846,0
mcs90_m2Dr4_s30.A01,mcs90_m2Dr4_s30.B01,dal_dal,25,42,2265668,0.332431,0,2260518,0.331499,1498091,1498091,0
mcs90_m2Dr4_s30.A02,mcs90_m2Dr4_s30.B02,dal_dal,25,44,4996087,0.718232,0,4958937,0.712041,3269299,3269299,0
mcs90_m2Dr4_s30.A03,mcs90_m2Dr4_s30.B03,dal_dal,25,41,1998330,0.280153,0,1972245,0.27559,1320044,1320044,0
mcs90_m2Dr4_s30.A04,mcs90_m2Dr4_s30.B04,dal_dal,25,40,3872960,0.530274,0,3849226,0.526222,2532316,2532316,0
mcs90_m2Dr4_s30.A05,mcs90_m2Dr4_s30.B05,dal_dal,25,35,1286136,0.173035,0,1271014,0.170461,866452,866452,0
mcs90_m2Dr4_s30.A06,mcs90_m2Dr4_s30.B06,dal_dal,25,40,3513352,0.528119,0,3461633,0.518591,2254564,2254564,0
mcs90_m2Dr4_s30.A07,mcs90_m2Dr4_s30.B07,dal_dal,26,46,1054420,0.159907,0,1047284,0.15862,686430,686430,0
mcs90_m2Dr4_s30.A08,mcs90_m2Dr4_s30.B08,dal_dal,26,48,704204,0.101242,0,701359,0.100699,455287,455287,0
mcs90_m2Dr4_s30.A09,mcs90_m2Dr4_s30.B09,dal_dal,25,37,9280310,1.27048,0,9253701,1.26615,5936895,5936895,0
mcs90_m2Dr4_s40.A00,mcs90_m2Dr4_s40.B00,dal_dal,36,70,269511733,39.3143,0,269503209,39.3127,175470931,175470931,0
mcs90_m2Dr4_s40.A01,mcs90_m2Dr4_s40.B01,dal_dal,36,63,4275699,0.715574,0,4269494,0.714355,2794393,2794393,0
mcs90_m2Dr4_s40.A02,mcs90_m2Dr4_s40.B02,dal_dal,36,70,13573919,1.98225,0,13559994,1.97957,8928612,8928612,0
mcs90_m2Dr4_s40.A03,mcs90_m2Dr4_s40.B03,dal_dal,36,66,1231010,0.17839,0,1212289,0.174893,748415,748415,0
mcs90_m2Dr4_s40.A04,mcs90_m2Dr4_s40.B04,dal_dal,36,67,13719437,2.04921,0,13704520,2.04656,8890359,8890359,0
mcs90_m2Dr4_s40.A05,mcs90_m2Dr4_s40.B05,dal_dal,36,70,8520453,1.74752,0,8505516,1.74383,5488489,5488489,0
mcs90_m2Dr4_s40.A06,mcs90_m2Dr4_s40.B06,dal_dal,36,67,74833492,12.1388,0,74819758,12.136,48514991,48514991,0
mcs90_m2Dr4_s40.A07,mcs90_m2Dr4_s40.B07,dal_dal,36,68,4316961,0.676346,0,4296612,0.672778,2818341,2818341,0
mcs90_m2Dr4_s40.A08,mcs90_m2Dr4_s40.B08,dal_dal,36,68,162895646,23.5883,0,162889164,23.587,109622763,109622763,0
mcs90_m2Dr4_s40.A09,mcs90_m2Dr4_s40.B09,dal_dal,36,68,20693609,3.22028,0,20676395,3.21711,13588134,13588134,0
mcs90_m2Dr4_s50.A00,mcs90_m2Dr4_s50.B00,dal_dal,49,103,1155358336,167.692,0,1155358236,167.692,747612324,747612324,0
mcs90_m2Dr4_s50.A01,mcs90_m2Dr4_s50.B01,dal_dal,49,101,64554802,9.24987,0,64554724,9.24978,42288993,42288993,0
mcs90_m2Dr4_s50.A02,mcs90_m2Dr4_s50.B02,dal_dal,49,101,16792818,2.82854,0,16792713,2.82844,10934867,10934867,0
mcs90_m2Dr4_s50.A03,mcs90_m2Dr4_s50.B03,dal_dal,49,98,164088799,23.985,0,164088513,23.9848,102538158,102538158,0
mcs90_m2Dr4_s50.A04,mcs90_m2Dr4_s50.B04,dal_dal,49,100,13404584,2.16389,0,13404360,2.16377,8947131,8947131,0
mcs90_m2Dr4_s50.A05,mcs90_m2Dr4_s50.B05,dal_dal,49,102,84702463,12.1284,0,84702356,12.1283,54790359,54790359,0
mcs90_m2Dr4_s50.A06,mcs90_m2Dr4_s50.B06,dal_dal,49,100,1652340312,259.812,0,1652340241,259.812,1065154100,1065154100,0
mcs90_m2Dr4_s50.A07,mcs90_m2Dr4_s50.B07,dal_dal,49,101,145857216,23.0329,0,145857151,23.0327,94445997,94445997,0
mcs90_m2Dr4_s50.A08,mcs90_m2Dr4_s50.B08,dal_dal,49,100,69659518,10.3739,0,69659308,10.3738,45932199,45932199,0
mcs90_m2Dr4_s50.A09,mcs90_m2Dr4_s50.B09,dal_dal,49,99,708226203,103.141,0,708226101,103.141,464082205,464082205,0
mcs90_m2Dr4_s60.A00,mcs90_m2Dr4_s60.B00,dal_dal,38,48,7124934446,1000.01,1,11854979,1.51389,4888603537,4888603537,0
mcs90_m2Dr4_s60.A01,mcs90_m2Dr4_s60.B01,dal_dal,39,59,6863454603,1000.01,1,664421140,94.6964,4626212496,4626212496,0
mcs90_m2Dr4_s60.A02,mcs90_m2Dr4_s60.B02,dal_dal,46,77,6442909388,1000.02,1,6057899672,933.092,4239096368,4239096368,0
mcs90_m2Dr4_s60.A03,mcs90_m2Dr4_s60.B03,dal_dal,43,73,6060472912,1000.01,1,1026460165,153.819,3987021506,3987021506,0
mcs90_m2Dr4_s60.A04,mcs90_m2Dr4_s60.B04,dal_dal,38,51,5795781598,1000.01,1,89742423,14.3977,3839228465,3839228465,0
mcs90_m2Dr4_s60.A05,mcs90_m2Dr4_s60.B05,dal_dal,46,79,5123987611,1000.01,1,820633320,135.846,3391271891,3391271891,0
mcs90_m2Dr4_s60.A06,mcs90_m2Dr4_s60.B06,dal_dal,38,56,6873212073,1000.02,1,8912375,1.21946,4573941922,4573941922,0
mcs90_m2Dr4_s60.A07,mcs90_m2Dr4_s60.B07,dal_dal,39,54,6488525706,1000.01,1,740815773,104.383,4335577070,4335577070,0
mcs90_m2Dr4_s60.A08,mcs90_m2Dr4_s60.B08,dal_dal,38,57,7001077353,1000.02,1,31406185,4.28119,4580129002,4580129002,0
mcs90_m2Dr4_s60.A09,mcs90_m2Dr4_s60.B09,dal_dal,39,58,6825423259,1000.02,1,1306221927,183.588,4493231530,4493231530,0
mcs90_m2Dr4_s70.A00,mcs90_m2Dr4_s70.B00,dal_dal,45,68,7087771592,1000.03,1,3941782087,541.813,4603685530,4603685530,0
mcs90_m2Dr4_s70.A01,mcs90_m2Dr4_s70.B01,dal_dal,45,62,6574966053,1000.01,1,362909079,50.553,4118697140,4118697140,0
mcs90_m2Dr4_s70.A02,mcs90_m2Dr4_s70.B02,dal_dal,44,64,6600721137,1000.01,1,3871610931,572.689,4196425640,4196425640,0
mcs90_m2Dr4_s70.A03,mcs90_m2Dr4_s70.B03,dal_dal,64,131,1034112539,174.497,0,1033937559,174.459,691153999,691153999,0
mcs90_m2Dr4_s70.A04,mcs90_m2Dr4_s70.B04,dal_dal,46,69,6784972719,1000.01,1,5931121778,869.94,4428698080,4428698080,0
mcs90_m2Dr4_s70.A05,mcs90_m2Dr4_s70.B05,dal_dal,45,68,5979521108,1000.01,1,2144546478,335.357,3828997553,3828997553,0
mcs90_m2Dr4_s70.A06,mcs90_m2Dr4_s70.B06,dal_dal,44,56,6821776862,1000.01,1,61900360,8.4303,4550533922,4550533922,0
mcs90_m2Dr4_s70.A07,mcs90_m2Dr4_s70.B07,dal_dal,46,61,6338499734,1000.02,1,441152217,65.8797,4093949857,4093949857,0
mcs90_m2Dr4_s70.A08,mcs90_m2Dr4_s70.B08,dal_dal,44,62,6801873063,1000.02,1,680077447,92.4349,4396143836,4396143836,0
mcs90_m2Dr4_s70.A09,mcs90_m2Dr4_s70.B09,dal_dal,44,56,7061765321,1000.02,1,1381905327,188.888,4737283559,4737283559,0
mcs90_m2Dr4_s80.A00,mcs90_m2Dr4_s80.B00,dal_dal,49,65,6898900860,1000.02,1,5210034037,742.806,4509331235,4509331235,0
mcs90_m2Dr4_s80.A01,mcs90_m2Dr4_s80.B01,dal_dal,51,73,6619908239,1000.02,1,3892195000,575.593,4573956849,4573956849,0
mcs90_m2Dr4_s80.A02,mcs90_m2Dr4_s80.B02,dal_dal,49,63,6806985320,1000.01,1,359693282,50.1772,4326851191,4326851191,0
mcs90_m2Dr4_s80.A03,mcs90_m2Dr4_s80.B03,dal_dal,50,74,6734856593,1000.02,1,479549214,65.6072,4518026019,4518026019,0
mcs90_m2Dr4_s80.A04,mcs90_m2Dr4_s80.B04,dal_dal,51,71,6779343587,1000.01,1,5215628548,749.24,4494683952,4494683952,0
mcs90_m2Dr4_s80.A05,mcs90_m2Dr4_s80.B05,dal_dal,47,62,7154101663,1000.01,1,4101947482,565.469,4955564742,4955564742,0
mcs90_m2Dr4_s80.A06,mcs90_m2Dr4_s80.B06,dal_dal,52,70,6734428713,1000.02,1,5238281698,769.388,4683947277,4683947277,0
mcs90_m2Dr4_s80.A07,mcs90_m2Dr4_s80.B07,dal_dal,49,70,6740408008,1000.02,1,150421394,20.2261,4640857817,4640857817,0
mcs90_m2Dr4_s80.A08,mcs90_m2Dr4_s80.B08,dal_dal,50,72,7033265792,1000.01,1,313953167,41.6926,4739819700,4739819700,0
mcs90_m2Dr4_s80.A09,mcs90_m2Dr4_s80.B09,dal_dal,50,70,3222144055,1000.01,1,16576816,5.25109,2130439842,2130439842,0
mcs90_m2Dr4_s90.A00,mcs90_m2Dr4_s90.B00,dal_dal,55,76,6834283766,1000.01,1,142014486,19.8949,4301311561,4301311561,0
mcs90_m2Dr4_s90.A01,mcs90_m2Dr4_s90.B01,dal_dal,55,75,6953078079,1000.02,1,5009932217,716.509,4467462941,4467462941,0
mcs90_m2Dr4_s90.A02,mcs90_m2Dr4_s90.B02,dal_dal,55,72,6398399064,1000.01,1,28986556,4.12761,3947542984,3947542984,0
mcs90_m2Dr4_s90.A03,mcs90_m2Dr4_s90.B03,dal_dal,55,73,7162523066,1000.02,1,4613131163,642.867,4846211569,4846211569,0
mcs90_m2Dr4_s90.A04,mcs90_m2Dr4_s90.B04,dal_dal,56,78,7006464947,1000.02,1,2656290508,365.671,4827383019,4827383019,0
mcs90_m2Dr4_s90.A05,mcs90_m2Dr4_s90.B05,dal_dal,57,82,6852645329,1000.02,1,2111724506,287.295,4572542107,4572542107,0
mcs90_m2Dr4_s90.A06,mcs90_m2Dr4_s90.B06,dal_dal,53,74,6816114225,1000.02,1,6646013509,974.365,4790410204,4790410204,0
mcs90_m2Dr4_s90.A07,mcs90_m2Dr4_s90.B07,dal_dal,55,74,6814970364,1000.01,1,74367259,10.5813,4338276378,4338276378,0
mcs90_m2Dr4_s90.A08,mcs90_m2Dr4_s90.B08,dal_dal,54,75,6883183612,1000.02,1,114478909,16.0571,4506890955,4506890955,0
mcs90_m2Dr4_s90.A09,mcs90_m2Dr4_s90.B09,dal_dal,54,81,6909481900,1000.02,1,6284789012,904.929,4241544449,4241544449,0
mcs90_m2Dr6_s10.A00,mcs90_m2Dr6_s10.B00,dal_dal,9,15,50,3.96E-05,0,26,1.15E-05,34,34,0
mcs90_m2Dr6_s10.A01,mcs90_m2Dr6_s10.B01,dal_dal,9,13,115,5.67E-05,0,76,1.93E-05,74,74,0
mcs90_m2Dr6_s10.A02,mcs90_m2Dr6_s10.B02,dal_dal,9,15,79,5.00E-05,0,56,1.77E-05,49,49,0
mcs90_m2Dr6_s10.A03,mcs90_m2Dr6_s10.B03,dal_dal,9,15,363,7.55E-05,0,299,4.42E-05,216,216,0
mcs90_m2Dr6_s10.A04,mcs90_m2Dr6_s10.B04,dal_dal,9,13,59,5.13E-05,0,28,1.37E-05,37,37,0
mcs90_m2Dr6_s10.A05,mcs90_m2Dr6_s10.B05,dal_dal,9,15,217,6.12E-05,0,187,3.06E-05,141,141,0
mcs90_m2Dr6_s10.A06,mcs90_m2Dr6_s10.B06,dal_dal,9,13,173,6.13E-05,0,159,3.01E-05,109,109,0
mcs90_m2Dr6_s10.A07,mcs90_m2Dr6_s10.B07,dal_dal,9,14,160,5.30E-05,0,139,2.62E-05,105,105,0
mcs90_m2Dr6_s10.A08,mcs90_m2Dr6_s10.B08,dal_dal,9,13,123,6.56E-05,0,105,2.51E-05,79,79,0
mcs90_m2Dr6_s10.A09,mcs90_m2Dr6_s10.B09,dal_dal,9,14,240,6.61E-05,0,215,3.67E-05,159,159,0
mcs90_m2Dr6_s100.A00,mcs90_m2Dr6_s100.B00,dal_dal,57,72,3520724244,1000.02,1,1127626505,298.02,2353327742,2353327742,0
mcs90_m2Dr6_s100.A01,mcs90_m2Dr6_s100.B01,dal_dal,59,85,6512002374,1000.01,1,369183518,55.0718,4384557834,4384557834,0
mcs90_m2Dr6_s100.A02,mcs90_m2Dr6_s100.B02,dal_dal,58,79,6519947701,1000.01,1,1208868048,146.822,4160248363,4160248363,0
mcs90_m2Dr6_s100.A03,mcs90_m2Dr6_s100.B03,dal_dal,59,90,6378704430,1000,1,1676162317,234.845,3984331225,3984331225,0
mcs90_m2Dr6_s100.A04,mcs90_m2Dr6_s100.B04,dal_dal,59,85,6631909746,1000.01,1,3039784238,448.233,4453305735,4453305735,0
mcs90_m2Dr6_s100.A05,mcs90_m2Dr6_s100.B05,dal_dal,59,83,6212288054,1000.02,1,360898601,50.9857,3794402692,3794402692,0
mcs90_m2Dr6_s100.A06,mcs90_m2Dr6_s100.B06,dal_dal,58,90,6724555274,1000.02,1,849666015,119.266,4497161169,4497161169,0
mcs90_m2Dr6_s100.A07,mcs90_m2Dr6_s100.B07,dal_dal,59,89,6772830986,1000.01,1,5851106950,859.423,4688746076,4688746076,0
mcs90_m2Dr6_s100.A08,mcs90_m2Dr6_s100.B08,dal_dal,58,96,6559029751,1000.02,1,79100369,11.1209,4333929447,4333929447,0
mcs90_m2Dr6_s100.A09,mcs90_m2Dr6_s100.B09,dal_dal,55,79,7132707585,1000.01,1,6652029444,928.744,5424387400,5424387400,0
mcs90_m2Dr6_s20.A00,mcs90_m2Dr6_s20.B00,dal_dal,16,27,54965,0.00838259,0,52192,0.00788912,36976,36976,0
mcs90_m2Dr6_s20.A01,mcs90_m2Dr6_s20.B01,dal_dal,16,26,77335,0.0102751,0,75406,0.00994331,51067,51067,0
mcs90_m2Dr6_s20.A02,mcs90_m2Dr6_s20.B02,dal_dal,16,25,5975,0.00106083,0,932,0.000167764,4060,4060,0
mcs90_m2Dr6_s20.A03,mcs90_m2Dr6_s20.B03,dal_dal,16,26,35950,0.00544301,0,33262,0.00500382,23273,23273,0
mcs90_m2Dr6_s20.A04,mcs90_m2Dr6_s20.B04,dal_dal,16,29,72298,0.00995881,0,70030,0.00956078,47653,47653,0
mcs90_m2Dr6_s20.A05,mcs90_m2Dr6_s20.B05,dal_dal,16,28,14029,0.00210373,0,9409,0.00134007,9049,9049,0
mcs90_m2Dr6_s20.A06,mcs90_m2Dr6_s20.B06,dal_dal,16,27,12247,0.00192978,0,9200,0.00122357,8293,8293,0
mcs90_m2Dr6_s20.A07,mcs90_m2Dr6_s20.B07,dal_dal,16,30,52968,0.00707107,0,49797,0.00653424,34377,34377,0
mcs90_m2Dr6_s20.A08,mcs90_m2Dr6_s20.B08,dal_dal,16,23,72802,0.0101564,0,71232,0.00987016,47931,47931,0
mcs90_m2Dr6_s20.A09,mcs90_m2Dr6_s20.B09,dal_dal,16,28,42911,0.00935081,0,40450,0.00873789,27968,27968,0
mcs90_m2Dr6_s30.A00,mcs90_m2Dr6_s30.B00,dal_dal,25,50,1717907,0.290224,0,1691668,0.284599,1110781,1110781,0
mcs90_m2Dr6_s30.A01,mcs90_m2Dr6_s30.B01,dal_dal,25,46,1850313,0.273541,0,1830249,0.269932,1184566,1184566,0
mcs90_m2Dr6_s30.A02,mcs90_m2Dr6_s30.B02,dal_dal,25,45,4948680,0.781712,0,4941713,0.780322,3191226,3191226,0
mcs90_m2Dr6_s30.A03,mcs90_m2Dr6_s30.B03,dal_dal,25,45,2930192,0.425896,0,2891166,0.419082,1883682,1883682,0
mcs90_m2Dr6_s30.A04,mcs90_m2Dr6_s30.B04,dal_dal,25,48,2743765,0.427657,0,2726499,0.424562,1779653,1779653,0
mcs90_m2Dr6_s30.A05,mcs90_m2Dr6_s30.B05,dal_dal,25,43,3571331,0.502019,0,3560815,0.500161,2378336,2378336,0
mcs90_m2Dr6_s30.A06,mcs90_m2Dr6_s30.B06,dal_dal,25,43,1986707,0.284083,0,1980911,0.283033,1328675,1328675,0
mcs90_m2Dr6_s30.A07,mcs90_m2Dr6_s30.B07,dal_dal,25,48,7556635,1.15104,0,7521275,1.14472,4898037,4898037,0
mcs90_m2Dr6_s30.A08,mcs90_m2Dr6_s30.B08,dal_dal,25,50,2020062,0.312894,0,1994718,0.30816,1315741,1315741,0
mcs90_m2Dr6_s30.A09,mcs90_m2Dr6_s30.B09,dal_dal,25,43,6735999,1.07054,0,6718114,1.067,4582502,4582502,0
mcs90_m2Dr6_s40.A00,mcs90_m2Dr6_s40.B00,dal_dal,36,72,21011772,3.96633,0,21000477,3.96392,13606965,13606965,0
mcs90_m2Dr6_s40.A01,mcs90_m2Dr6_s40.B01,dal_dal,36,74,143990919,21.3804,0,143969553,21.3761,93354200,93354200,0
mcs90_m2Dr6_s40.A02,mcs90_m2Dr6_s40.B02,dal_dal,36,75,92740096,13.2587,0,92730479,13.2567,60347558,60347558,0
mcs90_m2Dr6_s40.A03,mcs90_m2Dr6_s40.B03,dal_dal,36,72,78945860,11.9977,0,78932664,11.9952,52361791,52361791,0
mcs90_m2Dr6_s40.A04,mcs90_m2Dr6_s40.B04,dal_dal,36,74,34865124,5.34286,0,34851989,5.34023,22527223,22527223,0
mcs90_m2Dr6_s40.A05,mcs90_m2Dr6_s40.B05,dal_dal,36,76,339922,0.0593252,0,325828,0.0566466,221023,221023,0
mcs90_m2Dr6_s40.A06,mcs90_m2Dr6_s40.B06,dal_dal,36,73,322813750,47.5254,0,322802692,47.5233,212286305,212286305,0
mcs90_m2Dr6_s40.A07,mcs90_m2Dr6_s40.B07,dal_dal,36,78,239276566,41.7893,0,239257147,41.7856,155602662,155602662,0
mcs90_m2Dr6_s40.A08,mcs90_m2Dr6_s40.B08,dal_dal,36,74,57803676,8.67688,0,57794513,8.67507,37826153,37826153,0
mcs90_m2Dr6_s40.A09,mcs90_m2Dr6_s40.B09,dal_dal,36,78,270462307,41.6954,0,270452120,41.6934,174965492,174965492,0
mcs90_m2Dr6_s50.A00,mcs90_m2Dr6_s50.B00,dal_dal,49,110,510201242,73.8664,0,510201144,73.8663,335769264,335769264,0
mcs90_m2Dr6_s50.A01,mcs90_m2Dr6_s50.B01,dal_dal,49,106,1737806,0.300879,0,1737750,0.300796,1128307,1128307,0
mcs90_m2Dr6_s50.A02,mcs90_m2Dr6_s50.B02,dal_dal,49,107,1587990253,237.77,0,1587990133,237.77,1042689249,1042689249,0
mcs90_m2Dr6_s50.A03,mcs90_m2Dr6_s50.B03,dal_dal,49,109,502812515,82.079,0,502812412,82.0789,322065012,322065012,0
mcs90_m2Dr6_s50.A04,mcs90_m2Dr6_s50.B04,dal_dal,49,110,271187716,43.5431,0,271187609,43.543,173251367,173251367,0
mcs90_m2Dr6_s50.A05,mcs90_m2Dr6_s50.B05,dal_dal,49,111,78398520,12.9716,0,78398421,12.9715,51546550,51546550,0
mcs90_m2Dr6_s50.A06,mcs90_m2Dr6_s50.B06,dal_dal,49,105,174776972,30.3926,0,174776888,30.3925,113836077,113836077,0
mcs90_m2Dr6_s50.A07,mcs90_m2Dr6_s50.B07,dal_dal,49,105,1916424575,285.098,0,1916424473,285.098,1245833664,1245833664,0
mcs90_m2Dr6_s50.A08,mcs90_m2Dr6_s50.B08,dal_dal,49,109,112746329,17.3869,0,112746101,17.3867,70496935,70496935,0
mcs90_m2Dr6_s50.A09,mcs90_m2Dr6_s50.B09,dal_dal,49,108,177388192,26.9044,0,177388113,26.9043,115016699,115016699,0
mcs90_m2Dr6_s60.A00,mcs90_m2Dr6_s60.B00,dal_dal,37,48,6588066629,1000.01,1,478894441,69.9801,4268909436,4268909436,0
mcs90_m2Dr6_s60.A01,mcs90_m2Dr6_s60.B01,dal_dal,38,51,6435600816,1000.01,1,284940503,42.9665,4245088759,4245088759,0
mcs90_m2Dr6_s60.A02,mcs90_m2Dr6_s60.B02,dal_dal,38,48,5883843040,1000.01,1,2056191882,340.985,3886216882,3886216882,0
mcs90_m2Dr6_s60.A03,mcs90_m2Dr6_s60.B03,dal_dal,41,69,6193145904,1000.01,1,5342963597,844.111,4043228046,4043228046,0
mcs90_m2Dr6_s60.A04,mcs90_m2Dr6_s60.B04,dal_dal,39,62,6574279557,1000.02,1,4243900808,632.819,4387632428,4387632428,0
mcs90_m2Dr6_s60.A05,mcs90_m2Dr6_s60.B05,dal_dal,37,53,6959640700,1000.02,1,1138089455,157.475,4713896781,4713896781,0
mcs90_m2Dr6_s60.A06,mcs90_m2Dr6_s60.B06,dal_dal,37,53,6590843588,1000.01,1,66108207,9.67182,4256837726,4256837726,0
mcs90_m2Dr6_s60.A07,mcs90_m2Dr6_s60.B07,dal_dal,37,56,6771522397,1000.01,1,1564992585,224.609,4544467754,4544467754,0
mcs90_m2Dr6_s60.A08,mcs90_m2Dr6_s60.B08,dal_dal,38,52,6494916949,1000.02,1,227195690,31.4308,4376308010,4376308010,0
mcs90_m2Dr6_s60.A09,mcs90_m2Dr6_s60.B09,dal_dal,38,46,5951709394,1000.02,1,1023293635,163.973,3827009758,3827009758,0
mcs90_m2Dr6_s70.A00,mcs90_m2Dr6_s70.B00,dal_dal,43,64,5842506090,1000.02,1,3697845771,629.355,3724039297,3724039297,0
mcs90_m2Dr6_s70.A01,mcs90_m2Dr6_s70.B01,dal_dal,43,69,6601846889,1000.02,1,6043849104,912.043,4239296939,4239296939,0
mcs90_m2Dr6_s70.A02,mcs90_m2Dr6_s70.B02,dal_dal,42,59,6542371439,1000.02,1,747782861,109.723,4428754320,4428754320,0
mcs90_m2Dr6_s70.A03,mcs90_m2Dr6_s70.B03,dal_dal,43,60,6605891341,1000.01,1,4744766695,708.709,4153702984,4153702984,0
mcs90_m2Dr6_s70.A04,mcs90_m2Dr6_s70.B04,dal_dal,44,69,6459258748,1000.01,1,697706085,105.923,4214107355,4214107355,0
mcs90_m2Dr6_s70.A05,mcs90_m2Dr6_s70.B05,dal_dal,43,53,6538942291,1000.02,1,1931625138,280.535,4261726751,4261726751,0
mcs90_m2Dr6_s70.A06,mcs90_m2Dr6_s70.B06,dal_dal,41,56,6814997914,1000.02,1,5550476,0.75565,4654137751,4654137751,0
mcs90_m2Dr6_s70.A07,mcs90_m2Dr6_s70.B07,dal_dal,43,64,6043849740,1000.02,1,52950621,8.66428,3906301992,3906301992,0
mcs90_m2Dr6_s70.A08,mcs90_m2Dr6_s70.B08,dal_dal,43,57,6740758468,1000.02,1,3675025609,539.807,4459519121,4459519121,0
mcs90_m2Dr6_s70.A09,mcs90_m2Dr6_s70.B09,dal_dal,42,61,6830689642,1000.01,1,389297,0.0480435,4419593626,4419593626,0
mcs90_m2Dr6_s80.A00,mcs90_m2Dr6_s80.B00,dal_dal,48,66,6951701413,1000.01,1,3628006394,512.402,4710928212,4710928212,0
mcs90_m2Dr6_s80.A01,mcs90_m2Dr6_s80.B01,dal_dal,48,73,6283417545,1000.01,1,64224255,9.80765,3940062188,3940062188,0
mcs90_m2Dr6_s80.A02,mcs90_m2Dr6_s80.B02,dal_dal,49,72,6419874253,1000.02,1,43399512,6.3738,4289050223,4289050223,0
mcs90_m2Dr6_s80.A03,mcs90_m2Dr6_s80.B03,dal_dal,47,66,6701455920,1000.02,1,1335671926,188.393,4588261372,4588261372,0
mcs90_m2Dr6_s80.A04,mcs90_m2Dr6_s80.B04,dal_dal,47,64,6847479904,1000.01,1,6856779,0.935254,4715355470,4715355470,0
mcs90_m2Dr6_s80.A05,mcs90_m2Dr6_s80.B05,dal_dal,48,74,5995364280,1000.01,1,90992877,14.829,3739532491,3739532491,0
mcs90_m2Dr6_s80.A06,mcs90_m2Dr6_s80.B06,dal_dal,48,71,6571606933,1000.01,1,349932266,51.3737,4545863773,4545863773,0
mcs90_m2Dr6_s80.A07,mcs90_m2Dr6_s80.B07,dal_dal,47,63,6677108166,1000.02,1,867661592,121.169,4490466235,4490466235,0
mcs90_m2Dr6_s80.A08,mcs90_m2Dr6_s80.B08,dal_dal,49,84,6387730522,1000.02,1,2031154323,308.681,4027984060,4027984060,0
mcs90_m2Dr6_s80.A09,mcs90_m2Dr6_s80.B09,dal_dal,49,67,6741947040,1000.01,1,2260151757,319.338,4368295438,4368295438,0
mcs90_m2Dr6_s90.A00,mcs90_m2Dr6_s90.B00,dal_dal,54,84,6972001639,1000.02,1,78250479,11.1311,4699599325,4699599325,0
mcs90_m2Dr6_s90.A01,mcs90_m2Dr6_s90.B01,dal_dal,54,77,6968293127,1000.01,1,434803250,59.7145,4874394305,4874394305,0
mcs90_m2Dr6_s90.A02,mcs90_m2Dr6_s90.B02,dal_dal,51,81,6155029769,1000.01,1,565382,0.0847611,4207521645,4207521645,0
mcs90_m2Dr6_s90.A03,mcs90_m2Dr6_s90.B03,dal_dal,53,84,6990109235,1000.02,1,2622491,0.313481,4801474123,4801474123,0
mcs90_m2Dr6_s90.A04,mcs90_m2Dr6_s90.B04,dal_dal,53,75,6528251483,1000.01,1,51373691,7.64887,4101868792,4101868792,0
mcs90_m2Dr6_s90.A05,mcs90_m2Dr6_s90.B05,dal_dal,52,81,6922728300,1000.01,1,35315460,4.78563,4672355704,4672355704,0
mcs90_m2Dr6_s90.A06,mcs90_m2Dr6_s90.B06,dal_dal,53,76,6629054268,1000.02,1,5024021107,749.042,4021630927,4021630927,0
mcs90_m2Dr6_s90.A07,mcs90_m2Dr6_s90.B07,dal_dal,53,80,6383869553,1000.02,1,2918389716,451.984,3945968858,3945968858,0
mcs90_m2Dr6_s90.A08,mcs90_m2Dr6_s90.B08,dal_dal,50,65,6560825997,1000.02,1,15627930,2.15803,4149893047,4149893047,0
mcs90_m2Dr6_s90.A09,mcs90_m2Dr6_s90.B09,dal_dal,52,81,6983676530,1000.02,1,5647493,0.683455,4556067416,4556067416,0
mcs90_m3D_s10.A00,mcs90_m3D_s10.B00,dal_dal,9,13,132,5.70E-05,0,49,1.54E-05,85,85,0
mcs90_m3D_s10.A01,mcs90_m3D_s10.B01,dal_dal,8,11,656,0.000107042,0,9,8.55E-06,393,393,0
mcs90_m3D_s10.A02,mcs90_m3D_s10.B02,dal_dal,9,13,261,8.88E-05,0,241,4.47E-05,161,161,0
mcs90_m3D_s10.A03,mcs90_m3D_s10.B03,dal_dal,9,13,182,6.07E-05,0,118,2.81E-05,112,112,0
mcs90_m3D_s10.A04,mcs90_m3D_s10.B04,dal_dal,9,12,100,5.84E-05,0,10,8.24E-06,66,66,0
mcs90_m3D_s10.A05,mcs90_m3D_s10.B05,dal_dal,9,13,215,6.30E-05,0,132,3.12E-05,131,131,0
mcs90_m3D_s10.A06,mcs90_m3D_s10.B06,dal_dal,8,12,690,0.000115774,0,141,2.63E-05,423,423,0
mcs90_m3D_s10.A07,mcs90_m3D_s10.B07,dal_dal,9,12,113,5.68E-05,0,30,1.88E-05,71,71,0
mcs90_m3D_s10.A08,mcs90_m3D_s10.B08,dal_dal,9,12,208,6.04E-05,0,158,3.41E-05,127,127,0
mcs90_m3D_s10.A09,mcs90_m3D_s10.B09,dal_dal,8,10,696,0.000108213,0,28,9.75E-06,418,418,0
mcs90_m3D_s30.A00,mcs90_m3D_s30.B00,dal_dal,27,47,209654,0.0320324,0,199966,0.030298,124725,124725,0
mcs90_m3D_s30.A01,mcs90_m3D_s30.B01,dal_dal,27,48,13810,0.00236309,0,4814,0.000815597,8095,8095,0
mcs90_m3D_s30.A02,mcs90_m3D_s30.B02,dal_dal,27,50,10917,0.00250883,0,1593,0.000356146,6413,6413,0
mcs90_m3D_s30.A03,mcs90_m3D_s30.B03,dal_dal,27,52,44513,0.00698523,0,38445,0.00591161,26162,26162,0
mcs90_m3D_s30.A04,mcs90_m3D_s30.B04,dal_dal,28,54,35486,0.00573033,0,34087,0.00548154,20630,20630,0
mcs90_m3D_s30.A05,mcs90_m3D_s30.B05,dal_dal,27,48,387729,0.0725825,0,385822,0.0721085,234351,234351,0
mcs90_m3D_s30.A06,mcs90_m3D_s30.B06,dal_dal,27,51,27943,0.00474147,0,14032,0.00221675,15950,15950,0
mcs90_m3D_s30.A07,mcs90_m3D_s30.B07,dal_dal,27,48,166224,0.0370686,0,162393,0.0362253,101806,101806,0
mcs90_m3D_s30.A08,mcs90_m3D_s30.B08,dal_dal,28,54,36255,0.00827667,0,34875,0.00784682,20946,20946,0
mcs90_m3D_s30.A09,mcs90_m3D_s30.B09,dal_dal,27,48,11550,0.00199342,0,28,2.58E-05,6947,6947,0
mcs90_m3D_s70.A00,mcs90_m3D_s70.B00,dal_dal,48,81,5909382827,1000.02,1,3762959400,621.372,3695858302,3695858302,0
mcs90_m3D_s70.A01,mcs90_m3D_s70.B01,dal_dal,65,138,365255609,74.2021,0,364926653,74.1255,220518739,220518739,0
mcs90_m3D_s70.A02,mcs90_m3D_s70.B02,dal_dal,64,136,17924871,4.53436,0,15817979,3.93411,10759499,10759499,0
mcs90_m3D_s70.A03,mcs90_m3D_s70.B03,dal_dal,65,138,1481407163,284.392,0,1480932318,284.278,893093744,893093744,0
mcs90_m3D_s70.A04,mcs90_m3D_s70.B04,dal_dal,64,130,241867160,47.8957,0,239856205,47.436,150621268,150621268,0
mcs90_m3D_s70.A05,mcs90_m3D_s70.B05,dal_dal,65,139,180857763,37.3729,0,180413029,37.2637,108906521,108906521,0
mcs90_m3D_s70.A06,mcs90_m3D_s70.B06,dal_dal,65,140,902028369,195.604,0,901651174,195.502,508609548,508609548,0
mcs90_m3D_s70.A07,mcs90_m3D_s70.B07,dal_dal,65,139,996235226,224.922,0,995733508,224.759,607047635,607047635,0
mcs90_m3D_s70.A08,mcs90_m3D_s70.B08,dal_dal,64,140,3568648339,836.744,0,3566114939,835.919,2213536866,2213536866,0
mcs90_m3D_s70.A09,mcs90_m3D_s70.B09,dal_dal,64,136,452954493,92.1194,0,450850248,91.6304,276948968,276948968,0
mcs90_m3D_s80.A00,mcs90_m3D_s80.B00,dal_dal,49,85,6583058997,1000.01,1,13154374,1.84528,4190593592,4190593592,0
mcs90_m3D_s80.A01,mcs90_m3D_s80.B01,dal_dal,52,77,5976372933,1000.02,1,584942242,90.38,3741578792,3741578792,0
mcs90_m3D_s80.A02,mcs90_m3D_s80.B02,dal_dal,54,85,5660048618,1000.01,1,1014719173,171.608,3424668047,3424668047,0
mcs90_m3D_s80.A03,mcs90_m3D_s80.B03,dal_dal,52,76,6230952808,1000.01,1,13017,0.00201074,3952670517,3952670517,0
mcs90_m3D_s80.A04,mcs90_m3D_s80.B04,dal_dal,50,79,6328620646,1000.01,1,2227560820,334.328,4199303432,4199303432,0
mcs90_m3D_s80.A05,mcs90_m3D_s80.B05,dal_dal,49,76,6216651825,1000.01,1,63402818,9.80934,3925509185,3925509185,0
mcs90_m3D_s80.A06,mcs90_m3D_s80.B06,dal_dal,51,82,5755391335,1000.02,1,63247554,10.4148,3649032652,3649032652,0
mcs90_m3D_s80.A07,mcs90_m3D_s80.B07,dal_dal,54,76,5084793115,1000.01,1,438592435,83.1948,3194616008,3194616008,0
mcs90_m3D_s80.A08,mcs90_m3D_s80.B08,dal_dal,49,80,6882941054,1000.01,1,128195999,17.1197,4603978622,4603978622,0
mcs90_m3D_s80.A09,mcs90_m3D_s80.B09,dal_dal,52,84,5946731262,1000.02,1,170304569,27.6091,3853035065,3853035065,0
mcs90_m3Dr2_s10.A00,mcs90_m3Dr2_s10.B00,dal_dal,9,14,84,4.28E-05,0,30,1.00E-05,56,56,0
mcs90_m3Dr2_s10.A01,mcs90_m3Dr2_s10.B01,dal_dal,8,12,215,6.07E-05,0,15,7.20E-06,154,154,0
mcs90_m3Dr2_s10.A02,mcs90_m3Dr2_s10.B02,dal_dal,9,13,155,5.21E-05,0,129,2.46E-05,100,100,0
mcs90_m3Dr2_s10.A03,mcs90_m3Dr2_s10.B03,dal_dal,9,15,122,5.93E-05,0,64,1.99E-05,78,78,0
mcs90_m3Dr2_s10.A04,mcs90_m3Dr2_s10.B04,dal_dal,8,12,234,6.75E-05,0,9,8.17E-06,158,158,0
mcs90_m3Dr2_s10.A05,mcs90_m3Dr2_s10.B05,dal_dal,8,11,660,0.000110186,0,50,1.54E-05,415,415,0
mcs90_m3Dr2_s10.A06,mcs90_m3Dr2_s10.B06,dal_dal,8,11,383,8.00E-05,0,9,8.06E-06,238,238,0
mcs90_m3Dr2_s10.A07,mcs90_m3Dr2_s10.B07,dal_dal,8,11,514,8.82E-05,0,9,6.74E-06,318,318,0
mcs90_m3Dr2_s10.A08,mcs90_m3Dr2_s10.B08,dal_dal,9,12,186,5.59E-05,0,170,2.96E-05,131,131,0
mcs90_m3Dr2_s10.A09,mcs90_m3Dr2_s10.B09,dal_dal,8,11,284,7.53E-05,0,110,2.29E-05,194,194,0
mcs90_m3Dr2_s30.A00,mcs90_m3Dr2_s30.B00,dal_dal,27,52,59980,0.010005,0,57628,0.00955815,36163,36163,0
mcs90_m3Dr2_s30.A01,mcs90_m3Dr2_s30.B01,dal_dal,28,55,160442,0.0245755,0,160062,0.0244667,100903,100903,0
mcs90_m3Dr2_s30.A02,mcs90_m3Dr2_s30.B02,dal_dal,27,56,458149,0.069915,0,451894,0.0688105,281695,281695,0
mcs90_m3Dr2_s30.A03,mcs90_m3Dr2_s30.B03,dal_dal,27,53,389180,0.0636211,0,385937,0.0630075,238318,238318,0
mcs90_m3Dr2_s30.A04,mcs90_m3Dr2_s30.B04,dal_dal,27,54,265416,0.0397353,0,262748,0.039234,164474,164474,0
mcs90_m3Dr2_s30.A05,mcs90_m3Dr2_s30.B05,dal_dal,27,53,140148,0.02373,0,138848,0.0234519,89398,89398,0
mcs90_m3Dr2_s30.A06,mcs90_m3Dr2_s30.B06,dal_dal,27,52,554728,0.0859676,0,553995,0.085786,345096,345096,0
mcs90_m3Dr2_s30.A07,mcs90_m3Dr2_s30.B07,dal_dal,27,57,2032627,0.328553,0,2029061,0.327821,1290484,1290484,0
mcs90_m3Dr2_s30.A08,mcs90_m3Dr2_s30.B08,dal_dal,27,55,698794,0.105848,0,692266,0.104589,422571,422571,0
mcs90_m3Dr2_s30.A09,mcs90_m3Dr2_s30.B09,dal_dal,27,52,376823,0.0571778,0,371922,0.056269,228309,228309,0
mcs90_m3Dr2_s70.A00,mcs90_m3Dr2_s70.B00,dal_dal,42,58,5748081515,1000.02,1,11171342,1.71018,3661071803,3661071803,0
mcs90_m3Dr2_s70.A01,mcs90_m3Dr2_s70.B01,dal_dal,42,63,6476073692,1000.02,1,3637054569,549.314,4222685879,4222685879,0
mcs90_m3Dr2_s70.A02,mcs90_m3Dr2_s70.B02,dal_dal,41,61,6462743968,1000.01,1,2355958420,355.596,4089233196,4089233196,0
mcs90_m3Dr2_s70.A03,mcs90_m3Dr2_s70.B03,dal_dal,43,60,6079728492,1000.02,1,1853731861,282.3,3833910144,3833910144,0
mcs90_m3Dr2_s70.A04,mcs90_m3Dr2_s70.B04,dal_dal,42,67,6425446664,1000.02,1,985118641,149.365,4168226324,4168226324,0
mcs90_m3Dr2_s70.A05,mcs90_m3Dr2_s70.B05,dal_dal,42,67,6503794484,1000.02,1,226427088,34.101,4180367322,4180367322,0
mcs90_m3Dr2_s70.A06,mcs90_m3Dr2_s70.B06,dal_dal,46,78,5923723871,1000.02,1,3809567195,632.599,3721110415,3721110415,0
mcs90_m3Dr2_s70.A07,mcs90_m3Dr2_s70.B07,dal_dal,43,68,6252742628,1000.02,1,193160109,28.605,3970611644,3970611644,0
mcs90_m3Dr2_s70.A08,mcs90_m3Dr2_s70.B08,dal_dal,43,73,6153823750,1000.02,1,1697514942,266.401,3956981282,3956981282,0
mcs90_m3Dr2_s70.A09,mcs90_m3Dr2_s70.B09,dal_dal,42,68,6467660008,1000.02,1,107351919,15.3166,4154038016,4154038016,0
mcs90_m3Dr2_s80.A00,mcs90_m3Dr2_s80.B00,dal_dal,45,77,6334889684,1000.01,1,268547458,36.9093,4005519952,4005519952,0
mcs90_m3Dr2_s80.A01,mcs90_m3Dr2_s80.B01,dal_dal,49,74,5382926269,1000.02,1,4176734595,764.073,3561616963,3561616963,0
mcs90_m3Dr2_s80.A02,mcs90_m3Dr2_s80.B02,dal_dal,46,70,6332240313,1000.02,1,8414707,1.17129,4131545465,4131545465,0
mcs90_m3Dr2_s80.A03,mcs90_m3Dr2_s80.B03,dal_dal,46,67,6834359891,1000.02,1,3808039864,542.2,4462821095,4462821095,0
mcs90_m3Dr2_s80.A04,mcs90_m3Dr2_s80.B04,dal_dal,47,63,5751218920,1000.02,1,2665455536,447.411,3700402183,3700402183,0
mcs90_m3Dr2_s80.A05,mcs90_m3Dr2_s80.B05,dal_dal,47,70,6281830238,1000.02,1,1279896196,193.862,4095531581,4095531581,0
mcs90_m3Dr2_s80.A06,mcs90_m3Dr2_s80.B06,dal_dal,47,64,6569214151,1000.01,1,4643313109,698.762,4281913177,4281913177,0
mcs90_m3Dr2_s80.A07,mcs90_m3Dr2_s80.B07,dal_dal,48,78,6588015754,1000.01,1,2283876981,340.434,4353246634,4353246634,0
mcs90_m3Dr2_s80.A08,mcs90_m3Dr2_s80.B08,dal_dal,48,76,5827554184,1000.02,1,605570513,91.0207,3543385165,3543385165,0
mcs90_m3Dr2_s80.A09,mcs90_m3Dr2_s80.B09,dal_dal,47,72,6642166202,1000.01,1,3651585363,539.787,4404103641,4404103641,0
mcs90_m3Dr4_s10.A00,mcs90_m3Dr4_s10.B00,dal_dal,8,14,311,7.16E-05,0,147,2.72E-05,205,205,0
mcs90_m3Dr4_s10.A01,mcs90_m3Dr4_s10.B01,dal_dal,8,10,302,7.11E-05,0,191,3.47E-05,203,203,0
mcs90_m3Dr4_s10.A02,mcs90_m3Dr4_s10.B02,dal_dal,8,13,272,6.65E-05,0,56,1.43E-05,188,188,0
mcs90_m3Dr4_s10.A03,mcs90_m3Dr4_s10.B03,dal_dal,8,13,158,5.14E-05,0,41,1.24E-05,111,111,0
mcs90_m3Dr4_s10.A04,mcs90_m3Dr4_s10.B04,dal_dal,8,11,312,8.24E-05,0,24,9.68E-06,214,214,0
mcs90_m3Dr4_s10.A05,mcs90_m3Dr4_s10.B05,dal_dal,8,13,276,7.66E-05,0,29,1.24E-05,181,181,0
mcs90_m3Dr4_s10.A06,mcs90_m3Dr4_s10.B06,dal_dal,9,13,402,0.000116006,0,383,7.76E-05,267,267,0
mcs90_m3Dr4_s10.A07,mcs90_m3Dr4_s10.B07,dal_dal,8,13,359,0.000101623,0,151,3.59E-05,236,236,0
mcs90_m3Dr4_s10.A08,mcs90_m3Dr4_s10.B08,dal_dal,8,13,208,6.07E-05,0,113,2.16E-05,138,138,0
mcs90_m3Dr4_s10.A09,mcs90_m3Dr4_s10.B09,dal_dal,8,12,381,7.75E-05,0,141,2.72E-05,252,252,0
mcs90_m3Dr4_s30.A00,mcs90_m3Dr4_s30.B00,dal_dal,27,60,841009,0.134951,0,839490,0.134638,527024,527024,0
mcs90_m3Dr4_s30.A01,mcs90_m3Dr4_s30.B01,dal_dal,27,57,948490,0.146023,0,947190,0.145736,607389,607389,0
mcs90_m3Dr4_s30.A02,mcs90_m3Dr4_s30.B02,dal_dal,27,61,1852339,0.310556,0,1850812,0.310207,1158175,1158175,0
mcs90_m3Dr4_s30.A03,mcs90_m3Dr4_s30.B03,dal_dal,27,59,1068833,0.16541,0,1066138,0.164882,675016,675016,0
mcs90_m3Dr4_s30.A04,mcs90_m3Dr4_s30.B04,dal_dal,27,57,470586,0.0751937,0,469733,0.074993,309942,309942,0
mcs90_m3Dr4_s30.A05,mcs90_m3Dr4_s30.B05,dal_dal,27,57,3927383,0.787154,0,3924304,0.786458,2460120,2460120,0
mcs90_m3Dr4_s30.A06,mcs90_m3Dr4_s30.B06,dal_dal,27,56,2078078,0.405806,0,2076575,0.405409,1249767,1249767,0
mcs90_m3Dr4_s30.A07,mcs90_m3Dr4_s30.B07,dal_dal,27,61,1135243,0.179894,0,1133173,0.179454,696163,696163,0
mcs90_m3Dr4_s30.A08,mcs90_m3Dr4_s30.B08,dal_dal,27,58,1438452,0.219125,0,1436989,0.218797,917742,917742,0
mcs90_m3Dr4_s30.A09,mcs90_m3Dr4_s30.B09,dal_dal,27,62,1999645,0.305327,0,1998886,0.305126,1273435,1273435,0
mcs90_m3Dr4_s70.A00,mcs90_m3Dr4_s70.B00,dal_dal,39,56,5968181357,1000.02,1,402579436,64.1236,3666591336,3666591336,0
mcs90_m3Dr4_s70.A01,mcs90_m3Dr4_s70.B01,dal_dal,42,67,6261843422,1000.02,1,338972789,51.0146,4106274223,4106274223,0
mcs90_m3Dr4_s70.A02,mcs90_m3Dr4_s70.B02,dal_dal,40,60,6200607914,1000.02,1,117518219,17.517,3896302116,3896302116,0
mcs90_m3Dr4_s70.A03,mcs90_m3Dr4_s70.B03,dal_dal,41,64,6222028164,1000.02,1,1524078603,231.785,4110800908,4110800908,0
mcs90_m3Dr4_s70.A04,mcs90_m3Dr4_s70.B04,dal_dal,41,64,5959818494,1000.02,1,1309340858,208.149,3729790179,3729790179,0
mcs90_m3Dr4_s70.A05,mcs90_m3Dr4_s70.B05,dal_dal,40,72,6534172414,1000.02,1,768409782,111.362,4240425941,4240425941,0
mcs90_m3Dr4_s70.A06,mcs90_m3Dr4_s70.B06,dal_dal,41,71,6398672735,1000.01,1,7514178,1.03756,4139428399,4139428399,0
mcs90_m3Dr4_s70.A07,mcs90_m3Dr4_s70.B07,dal_dal,40,63,6312157770,1000.01,1,5501633110,864.61,3934373088,3934373088,0
mcs90_m3Dr4_s70.A08,mcs90_m3Dr4_s70.B08,dal_dal,41,67,6108453289,1000.02,1,1907367958,308.937,3824655723,3824655723,0
mcs90_m3Dr4_s70.A09,mcs90_m3Dr4_s70.B09,dal_dal,42,72,6473212066,1000.01,1,3786543223,573.315,4196252970,4196252970,0
mcs90_m3Dr4_s80.A00,mcs90_m3Dr4_s80.B00,dal_dal,45,69,6294372979,1000.01,1,449109817,69.1311,4021124055,4021124055,0
mcs90_m3Dr4_s80.A01,mcs90_m3Dr4_s80.B01,dal_dal,45,66,6045222147,1000.02,1,239506186,38.2618,3626782422,3626782422,0
mcs90_m3Dr4_s80.A02,mcs90_m3Dr4_s80.B02,dal_dal,45,73,6220945261,1000.01,1,356294,0.0484401,3894492956,3894492956,0
mcs90_m3Dr4_s80.A03,mcs90_m3Dr4_s80.B03,dal_dal,44,75,6221030757,1000.02,1,470432301,72.5079,3991112964,3991112964,0
mcs90_m3Dr4_s80.A04,mcs90_m3Dr4_s80.B04,dal_dal,46,73,5820696863,1000.01,1,35089354,5.81063,3928561285,3928561285,0
mcs90_m3Dr4_s80.A05,mcs90_m3Dr4_s80.B05,dal_dal,45,64,5640561739,1000.02,1,78983493,13.272,3652754647,3652754647,0
mcs90_m3Dr4_s80.A06,mcs90_m3Dr4_s80.B06,dal_dal,44,62,4928602352,1000.02,1,70771839,13.2851,3175328761,3175328761,0
mcs90_m3Dr4_s80.A07,mcs90_m3Dr4_s80.B07,dal_dal,46,71,5999034748,1000.01,1,2261902731,372.293,3746102405,3746102405,0
mcs90_m3Dr4_s80.A08,mcs90_m3Dr4_s80.B08,dal_dal,46,78,5956068260,1000.02,1,2340058914,385.254,3854680598,3854680598,0
mcs90_m3Dr4_s80.A09,mcs90_m3Dr4_s80.B09,dal_dal,47,83,6283575697,1000.02,1,2596683005,404.3,4129078094,4129078094,0
mcs90_m3Dr6_s10.A00,mcs90_m3Dr6_s10.B00,dal_dal,8,11,164,5.43E-05,0,141,2.75E-05,110,110,0
mcs90_m3Dr6_s10.A01,mcs90_m3Dr6_s10.B01,dal_dal,8,14,152,5.32E-05,0,89,1.94E-05,106,106,0
mcs90_m3Dr6_s10.A02,mcs90_m3Dr6_s10.B02,dal_dal,8,12,490,0.000105418,0,361,6.01E-05,322,322,0
mcs90_m3Dr6_s10.A03,mcs90_m3Dr6_s10.B03,dal_dal,8,13,264,6.31E-05,0,72,1.69E-05,172,172,0
mcs90_m3Dr6_s10.A04,mcs90_m3Dr6_s10.B04,dal_dal,8,13,218,0.000114071,0,130,4.56E-05,144,144,0
mcs90_m3Dr6_s10.A05,mcs90_m3Dr6_s10.B05,dal_dal,8,10,233,8.81E-05,0,71,2.24E-05,158,158,0
mcs90_m3Dr6_s10.A06,mcs90_m3Dr6_s10.B06,dal_dal,8,14,179,6.41E-05,0,20,9.43E-06,125,125,0
mcs90_m3Dr6_s10.A07,mcs90_m3Dr6_s10.B07,dal_dal,8,12,481,0.000100481,0,411,6.33E-05,307,307,0
mcs90_m3Dr6_s10.A08,mcs90_m3Dr6_s10.B08,dal_dal,8,13,300,7.32E-05,0,146,2.75E-05,202,202,0
mcs90_m3Dr6_s10.A09,mcs90_m3Dr6_s10.B09,dal_dal,9,16,176,5.84E-05,0,159,3.05E-05,104,104,0
mcs90_m3Dr6_s30.A00,mcs90_m3Dr6_s30.B00,dal_dal,27,61,2919322,0.455035,0,2919151,0.454949,1853218,1853218,0
mcs90_m3Dr6_s30.A01,mcs90_m3Dr6_s30.B01,dal_dal,27,60,1497493,0.230628,0,1497324,0.230552,950872,950872,0
mcs90_m3Dr6_s30.A02,mcs90_m3Dr6_s30.B02,dal_dal,27,61,1194300,0.195578,0,1191368,0.194976,751949,751949,0
mcs90_m3Dr6_s30.A03,mcs90_m3Dr6_s30.B03,dal_dal,27,60,3139783,0.718312,0,3138370,0.717887,2012996,2012996,0
mcs90_m3Dr6_s30.A04,mcs90_m3Dr6_s30.B04,dal_dal,27,61,691308,0.219757,0,690946,0.219537,436629,436629,0
mcs90_m3Dr6_s30.A05,mcs90_m3Dr6_s30.B05,dal_dal,27,64,1495540,0.275349,0,1492988,0.274627,957042,957042,0
mcs90_m3Dr6_s30.A06,mcs90_m3Dr6_s30.B06,dal_dal,27,63,2492051,0.409506,0,2491449,0.409333,1569053,1569053,0
mcs90_m3Dr6_s30.A07,mcs90_m3Dr6_s30.B07,dal_dal,27,61,1278059,0.196572,0,1276161,0.196155,796976,796976,0
mcs90_m3Dr6_s30.A08,mcs90_m3Dr6_s30.B08,dal_dal,27,64,1634475,0.258829,0,1633156,0.258523,1031864,1031864,0
mcs90_m3Dr6_s30.A09,mcs90_m3Dr6_s30.B09,dal_dal,27,63,1500202,0.24558,0,1496693,0.244851,934057,934057,0
mcs90_m3Dr6_s70.A00,mcs90_m3Dr6_s70.B00,dal_dal,38,67,5991447898,1000.02,1,227286145,35.8517,3695494041,3695494041,0
mcs90_m3Dr6_s70.A01,mcs90_m3Dr6_s70.B01,dal_dal,40,72,6287114590,1000.02,1,1052192885,161.799,4041487710,4041487710,0
mcs90_m3Dr6_s70.A02,mcs90_m3Dr6_s70.B02,dal_dal,39,54,6309453693,1000.01,1,3623861722,559.709,4096017687,4096017687,0
mcs90_m3Dr6_s70.A03,mcs90_m3Dr6_s70.B03,dal_dal,64,166,2877589414,548.975,0,2877008887,548.832,1893878247,1893878247,0
mcs90_m3Dr6_s70.A04,mcs90_m3Dr6_s70.B04,dal_dal,40,59,6389224267,1000.01,1,577987391,89.1544,4139264316,4139264316,0
mcs90_m3Dr6_s70.A05,mcs90_m3Dr6_s70.B05,dal_dal,39,61,3291250867,1000.02,1,203638132,58.9152,2166360240,2166360240,0
mcs90_m3Dr6_s70.A06,mcs90_m3Dr6_s70.B06,dal_dal,39,66,6354476218,1000.02,1,342045033,55.6791,4107254101,4107254101,0
mcs90_m3Dr6_s70.A07,mcs90_m3Dr6_s70.B07,dal_dal,39,56,5323167883,1000.02,1,4165770887,770.485,3378720513,3378720513,0
mcs90_m3Dr6_s70.A08,mcs90_m3Dr6_s70.B08,dal_dal,40,63,5851993744,1000.01,1,1557808109,260.187,3852805810,3852805810,0
mcs90_m3Dr6_s70.A09,mcs90_m3Dr6_s70.B09,dal_dal,39,72,6296282786,1000.02,1,56245547,8.63776,4035148870,4035148870,0
mcs90_m3Dr6_s80.A00,mcs90_m3Dr6_s80.B00,dal_dal,44,81,6185354950,1000.01,1,180085217,27.7811,4032965063,4032965063,0
mcs90_m3Dr6_s80.A01,mcs90_m3Dr6_s80.B01,dal_dal,43,67,5949689870,1000.02,1,13020012,1.98937,3827543911,3827543911,0
mcs90_m3Dr6_s80.A02,mcs90_m3Dr6_s80.B02,dal_dal,43,71,6436019962,1000.01,1,138596892,21.8769,4117807090,4117807090,0
mcs90_m3Dr6_s80.A03,mcs90_m3Dr6_s80.B03,dal_dal,43,71,6090816678,1000.02,1,736750447,114.958,3845473573,3845473573,0
mcs90_m3Dr6_s80.A04,mcs90_m3Dr6_s80.B04,dal_dal,45,87,6393857282,1000.02,1,1477267751,222.911,4138342350,4138342350,0
mcs90_m3Dr6_s80.A05,mcs90_m3Dr6_s80.B05,dal_dal,44,61,4621171991,1000.02,1,662263781,136.714,2970173751,2970173751,0
mcs90_m3Dr6_s80.A06,mcs90_m3Dr6_s80.B06,dal_dal,43,64,4689405270,1000.01,1,516159135,110.435,3058016050,3058016050,0
mcs90_m3Dr6_s80.A07,mcs90_m3Dr6_s80.B07,dal_dal,43,72,5728397424,1000.01,1,414092475,70.5403,3509162766,3509162766,0
mcs90_m3Dr6_s80.A08,mcs90_m3Dr6_s80.B08,dal_dal,42,69,6352603477,1000.02,1,384022876,58.585,4142686038,4142686038,0
mcs90_m3Dr6_s80.A09,mcs90_m3Dr6_s80.B09,dal_dal,45,77,2855980275,1000.01,1,53345546,15.8625,1851124169,1851124169,0
mcs90_m4D_s100.A00,mcs90_m4D_s100.B00,dal_dal,51,65,3836025614,1000.02,1,2521838263,633.82,2634863447,2634863447,0
mcs90_m4D_s100.A01,mcs90_m4D_s100.B01,dal_dal,81,155,5926189126,1000.01,1,1224583151,198.576,3659782213,3659782213,0
mcs90_m4D_s100.A02,mcs90_m4D_s100.B02,dal_dal,47,81,7959711150,1000.02,1,1598,0.000305319,6608257577,6608257577,0
mcs90_m4D_s100.A03,mcs90_m4D_s100.B03,dal_dal,73,131,6808513699,1000,1,4198737485,561.214,4824901136,4824901136,0
mcs90_m4D_s100.A04,mcs90_m4D_s100.B04,dal_dal,70,121,7703787218,1000.02,1,3466074667,422.826,5220959857,5220959857,0
mcs90_m4D_s100.A05,mcs90_m4D_s100.B05,dal_dal,71,124,7096908903,1000.02,1,5064706562,706.663,4738559429,4738559429,0
mcs90_m4D_s100.A06,mcs90_m4D_s100.B06,dal_dal,74,133,6422938577,1000.02,1,3262187637,492.481,4692494002,4692494002,0
mcs90_m4D_s100.A07,mcs90_m4D_s100.B07,dal_dal,41,70,7947323691,1000.01,1,117,6.34E-05,6911731712,6911731712,0
mcs90_m4D_s100.A08,mcs90_m4D_s100.B08,dal_dal,65,109,6955160365,1000.01,1,4700025489,627.881,5354682281,5354682281,0
mcs90_m4D_s100.A09,mcs90_m4D_s100.B09,dal_dal,69,118,8375001708,1000.02,1,42708266,5.41574,5123688398,5123688398,0
mcs90_m4D_s20.A00,mcs90_m4D_s20.B00,dal_dal,16,25,14968,0.00159138,0,111,3.16E-05,9428,9428,0
mcs90_m4D_s20.A01,mcs90_m4D_s20.B01,dal_dal,17,29,9795,0.00105525,0,8179,0.000815539,6398,6398,0
mcs90_m4D_s20.A02,mcs90_m4D_s20.B02,dal_dal,17,30,2180,0.000458621,0,56,3.38E-05,1335,1335,0
mcs90_m4D_s20.A03,mcs90_m4D_s20.B03,dal_dal,17,25,2125,0.000349786,0,1120,0.00015979,1368,1368,0
mcs90_m4D_s20.A04,mcs90_m4D_s20.B04,dal_dal,17,27,5729,0.000756724,0,3611,0.000433265,3809,3809,0
mcs90_m4D_s20.A05,mcs90_m4D_s20.B05,dal_dal,17,31,5314,0.000674727,0,4341,0.000523219,3459,3459,0
mcs90_m4D_s20.A06,mcs90_m4D_s20.B06,dal_dal,17,25,9869,0.00102854,0,8596,0.000852722,6413,6413,0
mcs90_m4D_s20.A07,mcs90_m4D_s20.B07,dal_dal,17,26,6473,0.000856464,0,4973,0.000621168,4228,4228,0
mcs90_m4D_s20.A08,mcs90_m4D_s20.B08,dal_dal,17,26,18443,0.00196189,0,16815,0.00171185,11879,11879,0
mcs90_m4D_s20.A09,mcs90_m4D_s20.B09,dal_dal,18,30,770,0.00015971,0,587,9.50E-05,534,534,0
mcs90_m4D_s90.A00,mcs90_m4D_s90.B00,dal_dal,77,164,6157037292,1000.02,1,3450463290,530.931,3779847886,3779847886,0
mcs90_m4D_s90.A01,mcs90_m4D_s90.B01,dal_dal,38,50,7785655245,1000.01,1,1173922903,142.848,5772721399,5772721399,0
mcs90_m4D_s90.A02,mcs90_m4D_s90.B02,dal_dal,69,135,6190911076,1000.01,1,5015238975,809.159,3943303413,3943303413,0
mcs90_m4D_s90.A03,mcs90_m4D_s90.B03,dal_dal,69,136,6274048456,1000.02,1,1063027478,160.323,4129199679,4129199679,0
mcs90_m4D_s90.A04,mcs90_m4D_s90.B04,dal_dal,81,125,2141294357,340.507,0,2088143609,330.406,1318167518,1318167518,0
mcs90_m4D_s90.A05,mcs90_m4D_s90.B05,dal_dal,72,135,6558513841,1000.01,1,616829698,89.0658,4264437972,4264437972,0
mcs90_m4D_s90.A06,mcs90_m4D_s90.B06,dal_dal,40,56,6339631787,1000.02,1,1075291,0.152486,4980050157,4980050157,0
mcs90_m4D_s90.A07,mcs90_m4D_s90.B07,dal_dal,70,139,6586663236,1000.02,1,451017469,63.8204,4063170969,4063170969,0
mcs90_m4D_s90.A08,mcs90_m4D_s90.B08,dal_dal,70,133,6597950138,1000.02,1,4196825402,609.261,4928435453,4928435453,0
mcs90_m4D_s90.A09,mcs90_m4D_s90.B09,dal_dal,72,132,6130726018,1000.02,1,512329204,58.134,4122581614,4122581614,0
mcs90_m4Dr2_s100.A00,mcs90_m4Dr2_s100.B00,dal_dal,68,134,6601143992,1000.02,1,5825841286,873.348,4730123364,4730123364,0
mcs90_m4Dr2_s100.A01,mcs90_m4Dr2_s100.B01,dal_dal,43,63,7579241858,1000.02,1,2599821969,286.389,6106426525,6106426525,0
mcs90_m4Dr2_s100.A02,mcs90_m4Dr2_s100.B02,dal_dal,64,108,7362959444,1000.02,1,6277042358,837.398,5354561935,5354561935,0
mcs90_m4Dr2_s100.A03,mcs90_m4Dr2_s100.B03,dal_dal,62,114,7093600427,1000.02,1,77570288,9.39995,5253780299,5253780299,0
mcs90_m4Dr2_s100.A04,mcs90_m4Dr2_s100.B04,dal_dal,65,113,6810314582,1000.01,1,2439261458,343.545,4757840638,4757840638,0
mcs90_m4Dr2_s100.A05,mcs90_m4Dr2_s100.B05,dal_dal,69,128,6452367301,1000.01,1,6176308928,954.636,4358158408,4358158408,0
mcs90_m4Dr2_s100.A06,mcs90_m4Dr2_s100.B06,dal_dal,38,44,17161594575,1000.01,1,7587567748,422.469,14122457003,14122457003,0
mcs90_m4Dr2_s100.A07,mcs90_m4Dr2_s100.B07,dal_dal,67,122,6453553554,1000.01,1,11388065,1.65028,4675917047,4675917047,0
mcs90_m4Dr2_s100.A08,mcs90_m4Dr2_s100.B08,dal_dal,66,117,7022710678,1000.02,1,3768026443,508.384,4990991409,4990991409,0
mcs90_m4Dr2_s100.A09,mcs90_m4Dr2_s100.B09,dal_dal,64,122,6818299836,1000.01,1,54760175,6.61653,5044859540,5044859540,0
mcs90_m4Dr2_s20.A00,mcs90_m4Dr2_s20.B00,dal_dal,16,29,9769,0.00135893,0,6642,0.000839977,6251,6251,0
mcs90_m4Dr2_s20.A01,mcs90_m4Dr2_s20.B01,dal_dal,16,27,7394,0.00105424,0,2998,0.000414196,4700,4700,0
mcs90_m4Dr2_s20.A02,mcs90_m4Dr2_s20.B02,dal_dal,17,28,18306,0.00219949,0,17022,0.00188051,12659,12659,0
mcs90_m4Dr2_s20.A03,mcs90_m4Dr2_s20.B03,dal_dal,17,27,17661,0.00227384,0,17516,0.00221235,11686,11686,0
mcs90_m4Dr2_s20.A04,mcs90_m4Dr2_s20.B04,dal_dal,16,29,11963,0.0017008,0,8541,0.00116977,7657,7657,0
mcs90_m4Dr2_s20.A05,mcs90_m4Dr2_s20.B05,dal_dal,16,27,25164,0.00318893,0,22475,0.00273912,16648,16648,0
mcs90_m4Dr2_s20.A06,mcs90_m4Dr2_s20.B06,dal_dal,16,26,9753,0.00142001,0,7435,0.00102788,6369,6369,0
mcs90_m4Dr2_s20.A07,mcs90_m4Dr2_s20.B07,dal_dal,17,30,8166,0.00113463,0,7130,0.000935753,5758,5758,0
mcs90_m4Dr2_s20.A08,mcs90_m4Dr2_s20.B08,dal_dal,16,28,9607,0.00127045,0,6083,0.000728753,6486,6486,0
mcs90_m4Dr2_s20.A09,mcs90_m4Dr2_s20.B09,dal_dal,16,27,9806,0.00283548,0,5993,0.00166333,6722,6722,0
mcs90_m4Dr2_s90.A00,mcs90_m4Dr2_s90.B00,dal_dal,58,117,7260910553,1000.01,1,137572414,17.0176,5228108915,5228108915,0
mcs90_m4Dr2_s90.A01,mcs90_m4Dr2_s90.B01,dal_dal,59,110,7126678416,1000.01,1,187758908,22.1581,4744985747,4744985747,0
mcs90_m4Dr2_s90.A02,mcs90_m4Dr2_s90.B02,dal_dal,37,51,8894272504,1000.02,1,885,0.000214093,7790501382,7790501382,0
mcs90_m4Dr2_s90.A03,mcs90_m4Dr2_s90.B03,dal_dal,64,122,7038487334,1000.01,1,2983905836,409.82,4924124882,4924124882,0
mcs90_m4Dr2_s90.A04,mcs90_m4Dr2_s90.B04,dal_dal,57,110,7402050641,1000.01,1,1610742665,215.312,4996754211,4996754211,0
mcs90_m4Dr2_s90.A05,mcs90_m4Dr2_s90.B05,dal_dal,37,42,6598017145,1000.01,1,623199757,67.7517,5207803852,5207803852,0
mcs90_m4Dr2_s90.A06,mcs90_m4Dr2_s90.B06,dal_dal,40,53,6064828908,1000.02,1,394999976,58.8736,4385785308,4385785308,0
mcs90_m4Dr2_s90.A07,mcs90_m4Dr2_s90.B07,dal_dal,61,120,6687199949,1000.02,1,1754551503,242.939,4475362188,4475362188,0
mcs90_m4Dr2_s90.A08,mcs90_m4Dr2_s90.B08,dal_dal,57,99,7523342939,1000.02,1,7512693797,998.508,5130530163,5130530163,0
mcs90_m4Dr2_s90.A09,mcs90_m4Dr2_s90.B09,dal_dal,60,121,7125092422,1000.02,1,6280903858,876.51,4782433884,4782433884,0
mcs90_m4Dr4_s100.A00,mcs90_m4Dr4_s100.B00,dal_dal,57,99,6967678352,1000.02,1,1674451284,226.284,4982164807,4982164807,0
mcs90_m4Dr4_s100.A01,mcs90_m4Dr4_s100.B01,dal_dal,63,110,3507679570,1000.02,1,274890635,74.6654,2325819794,2325819794,0
mcs90_m4Dr4_s100.A02,mcs90_m4Dr4_s100.B02,dal_dal,54,99,11085338911,1000.02,1,6113745823,544.988,7807142118,7807142118,0
mcs90_m4Dr4_s100.A03,mcs90_m4Dr4_s100.B03,dal_dal,62,121,6992214710,1000.02,1,162019099,19.8191,5143435773,5143435773,0
mcs90_m4Dr4_s100.A04,mcs90_m4Dr4_s100.B04,dal_dal,61,114,6219562642,1000.01,1,5308649774,842.62,4537698955,4537698955,0
mcs90_m4Dr4_s100.A05,mcs90_m4Dr4_s100.B05,dal_dal,43,53,10892253473,1000.02,1,257,7.67E-05,9656660364,9656660364,0
mcs90_m4Dr4_s100.A06,mcs90_m4Dr4_s100.B06,dal_dal,43,54,3498760589,1000.02,1,94227543,24.8011,2545524296,2545524296,0
mcs90_m4Dr4_s100.A07,mcs90_m4Dr4_s100.B07,dal_dal,61,109,6583569038,1000.01,1,4742173232,694.588,4601581555,4601581555,0
mcs90_m4Dr4_s100.A08,mcs90_m4Dr4_s100.B08,dal_dal,58,110,7725119315,1000.02,1,4433939562,562.183,5403506373,5403506373,0
mcs90_m4Dr4_s100.A09,mcs90_m4Dr4_s100.B09,dal_dal,48,72,7855639419,1000.01,1,111627522,17.0957,6596910989,6596910989,0
mcs90_m4Dr4_s20.A00,mcs90_m4Dr4_s20.B00,dal_dal,16,30,46019,0.00649299,0,41474,0.00567894,28933,28933,0
mcs90_m4Dr4_s20.A01,mcs90_m4Dr4_s20.B01,dal_dal,17,34,3975,0.000596503,0,3013,0.000394802,2704,2704,0
mcs90_m4Dr4_s20.A02,mcs90_m4Dr4_s20.B02,dal_dal,16,29,24887,0.00375824,0,22602,0.00321531,15608,15608,0
mcs90_m4Dr4_s20.A03,mcs90_m4Dr4_s20.B03,dal_dal,16,25,21339,0.0030399,0,20155,0.00280945,14383,14383,0
mcs90_m4Dr4_s20.A04,mcs90_m4Dr4_s20.B04,dal_dal,17,33,26565,0.0039542,0,26247,0.00386381,17269,17269,0
mcs90_m4Dr4_s20.A05,mcs90_m4Dr4_s20.B05,dal_dal,16,32,20828,0.00287339,0,17556,0.00231812,14085,14085,0
mcs90_m4Dr4_s20.A06,mcs90_m4Dr4_s20.B06,dal_dal,16,25,36127,0.00651734,0,34163,0.00604786,24515,24515,0
mcs90_m4Dr4_s20.A07,mcs90_m4Dr4_s20.B07,dal_dal,16,32,17857,0.00266107,0,14008,0.00201121,11675,11675,0
mcs90_m4Dr4_s20.A08,mcs90_m4Dr4_s20.B08,dal_dal,17,32,85657,0.0112386,0,85487,0.011173,58311,58311,0
mcs90_m4Dr4_s20.A09,mcs90_m4Dr4_s20.B09,dal_dal,17,34,37954,0.00499322,0,37618,0.00490922,25801,25801,0
mcs90_m4Dr4_s90.A00,mcs90_m4Dr4_s90.B00,dal_dal,56,98,6321271956,1000.01,1,55265853,7.39313,4716569861,4716569861,0
mcs90_m4Dr4_s90.A01,mcs90_m4Dr4_s90.B01,dal_dal,55,108,6261829033,1000.02,1,205373756,26.0756,4563916721,4563916721,0
mcs90_m4Dr4_s90.A02,mcs90_m4Dr4_s90.B02,dal_dal,56,108,7914261762,1000.01,1,5809902661,692.57,5635926320,5635926320,0
mcs90_m4Dr4_s90.A03,mcs90_m4Dr4_s90.B03,dal_dal,57,126,5642914986,1000.01,1,3355540,0.545579,3923098337,3923098337,0
mcs90_m4Dr4_s90.A04,mcs90_m4Dr4_s90.B04,dal_dal,62,125,5701113751,1000.02,1,2615094529,417.161,3879659491,3879659491,0
mcs90_m4Dr4_s90.A05,mcs90_m4Dr4_s90.B05,dal_dal,58,125,6689329856,1000.01,1,82637366,10.5545,4643281477,4643281477,0
mcs90_m4Dr4_s90.A06,mcs90_m4Dr4_s90.B06,dal_dal,57,100,6165982135,1000.01,1,28329677,4.33067,4347649501,4347649501,0
mcs90_m4Dr4_s90.A07,mcs90_m4Dr4_s90.B07,dal_dal,56,102,5947079368,1000.02,1,4221061461,704.149,3883006920,3883006920,0
mcs90_m4Dr4_s90.A08,mcs90_m4Dr4_s90.B08,dal_dal,36,56,7886862434,1000.02,1,1010,0.000219231,6654496061,6654496061,0
mcs90_m4Dr4_s90.A09,mcs90_m4Dr4_s90.B09,dal_dal,37,50,6956416242,1000.02,1,62162892,8.11114,4525076460,4525076460,0
mcs90_m4Dr6_s100.A00,mcs90_m4Dr6_s100.B00,dal_dal,41,64,6886502317,1000.01,1,197804600,27.3121,4928638085,4928638085,0
mcs90_m4Dr6_s100.A01,mcs90_m4Dr6_s100.B01,dal_dal,61,116,6669182781,1000.01,1,1313025911,185.607,4459489332,4459489332,0
mcs90_m4Dr6_s100.A02,mcs90_m4Dr6_s100.B02,dal_dal,61,111,6800444028,1000.02,1,5881731440,855.519,4882769405,4882769405,0
mcs90_m4Dr6_s100.A03,mcs90_m4Dr6_s100.B03,dal_dal,48,86,6296360602,1000.01,1,5431,0.00108052,4945778931,4945778931,0
mcs90_m4Dr6_s100.A04,mcs90_m4Dr6_s100.B04,dal_dal,47,71,6640736458,1000.02,1,1214096830,183.189,4411397656,4411397656,0
mcs90_m4Dr6_s100.A05,mcs90_m4Dr6_s100.B05,dal_dal,61,133,6378855630,1000.02,1,3187297003,484.348,4346620554,4346620554,0
mcs90_m4Dr6_s100.A06,mcs90_m4Dr6_s100.B06,dal_dal,56,101,6494853019,1000.01,1,4059072064,649.934,4635522038,4635522038,0
mcs90_m4Dr6_s100.A07,mcs90_m4Dr6_s100.B07,dal_dal,61,113,6067835098,1000.02,1,4937777561,796.143,4397494240,4397494240,0
mcs90_m4Dr6_s100.A08,mcs90_m4Dr6_s100.B08,dal_dal,44,73,11231924312,1000.02,1,375422819,22.0129,10034261167,10034261167,0
mcs90_m4Dr6_s100.A09,mcs90_m4Dr6_s100.B09,dal_dal,44,67,12761159108,1000.02,1,11104314862,748.991,10349433885,10349433885,0
mcs90_m4Dr6_s20.A00,mcs90_m4Dr6_s20.B00,dal_dal,17,31,3266,0.000526018,0,2747,0.000410946,2057,2057,0
mcs90_m4Dr6_s20.A01,mcs90_m4Dr6_s20.B01,dal_dal,16,21,49659,0.0071612,0,48621,0.00697334,32084,32084,0
mcs90_m4Dr6_s20.A02,mcs90_m4Dr6_s20.B02,dal_dal,16,26,52494,0.00764124,0,51235,0.00741323,35488,35488,0
mcs90_m4Dr6_s20.A03,mcs90_m4Dr6_s20.B03,dal_dal,16,28,36167,0.00588073,0,35782,0.00576708,24678,24678,0
mcs90_m4Dr6_s20.A04,mcs90_m4Dr6_s20.B04,dal_dal,17,27,63124,0.00953187,0,62977,0.00945608,42593,42593,0
mcs90_m4Dr6_s20.A05,mcs90_m4Dr6_s20.B05,dal_dal,16,35,17304,0.00257725,0,14983,0.0021539,11601,11601,0
mcs90_m4Dr6_s20.A06,mcs90_m4Dr6_s20.B06,dal_dal,16,28,28560,0.00433501,0,26680,0.00399369,18129,18129,0
mcs90_m4Dr6_s20.A07,mcs90_m4Dr6_s20.B07,dal_dal,16,28,3644,0.000686083,0,1211,0.000206952,2495,2495,0
mcs90_m4Dr6_s20.A08,mcs90_m4Dr6_s20.B08,dal_dal,16,34,16428,0.00274105,0,14300,0.00234446,10828,10828,0
mcs90_m4Dr6_s20.A09,mcs90_m4Dr6_s20.B09,dal_dal,16,30,14771,0.00237549,0,11981,0.00183461,9870,9870,0
mcs90_m4Dr6_s90.A00,mcs90_m4Dr6_s90.B00,dal_dal,53,111,6796418745,1000.02,1,655736582,92.7615,4711169031,4711169031,0
mcs90_m4Dr6_s90.A01,mcs90_m4Dr6_s90.B01,dal_dal,54,102,6970694896,1000.02,1,262333355,37.9953,4553893160,4553893160,0
mcs90_m4Dr6_s90.A02,mcs90_m4Dr6_s90.B02,dal_dal,38,62,5350324494,1000.02,1,92053276,19.1917,4309128712,4309128712,0
mcs90_m4Dr6_s90.A03,mcs90_m4Dr6_s90.B03,dal_dal,38,62,7883742883,1000.02,1,27505,0.00510853,6031171019,6031171019,0
mcs90_m4Dr6_s90.A04,mcs90_m4Dr6_s90.B04,dal_dal,54,114,7113007467,1000.01,1,5631287336,787.787,4894338938,4894338938,0
mcs90_m4Dr6_s90.A05,mcs90_m4Dr6_s90.B05,dal_dal,36,57,7323458618,1000.02,1,45422942,7.43065,6032585543,6032585543,0
mcs90_m4Dr6_s90.A06,mcs90_m4Dr6_s90.B06,dal_dal,33,72,10132046677,1000.01,1,216,6.88E-05,8815714707,8815714707,0
mcs90_m4Dr6_s90.A07,mcs90_m4Dr6_s90.B07,dal_dal,36,67,11005824941,1000,1,2997,0.000419952,9419617530,9419617530,0
mcs90_m4Dr6_s90.A08,mcs90_m4Dr6_s90.B08,dal_dal,39,59,6288529980,1000.02,1,2467665412,367.507,4280925437,4280925437,0
mcs90_m4Dr6_s90.A09,mcs90_m4Dr6_s90.B09,dal_dal,36,57,8360147374,1000.02,1,18841049,2.33647,6695714863,6695714863,0
mcs90_r001_s100.A00,mcs90_r001_s100.B00,dal_dal,67,66,19832665183,1000.02,1,5315446471,265.206,16208356690,16208356690,0
mcs90_r001_s100.A01,mcs90_r001_s100.B01,dal_dal,66,58,12253756105,1000.02,1,1635653,0.0876356,10825314238,10825314238,0
mcs90_r001_s100.A02,mcs90_r001_s100.B02,dal_dal,70,66,12801832550,1000.02,1,11284577680,801.714,11542342999,11542342999,0
mcs90_r001_s100.A03,mcs90_r001_s100.B03,dal_dal,64,65,13639532926,1000.02,1,682,0.000164268,11944916306,11944916306,0
mcs90_r001_s100.A04,mcs90_r001_s100.B04,dal_dal,67,60,12301320325,1000.02,1,17356,0.000988693,10914001859,10914001859,0
mcs90_r001_s100.A05,mcs90_r001_s100.B05,dal_dal,70,60,9394611372,1000.02,1,117389659,7.77859,8705916137,8705916137,0
mcs90_r001_s100.A06,mcs90_r001_s100.B06,dal_dal,70,63,15376977244,1000.02,1,9680607490,646.245,12786412665,12786412665,0
mcs90_r001_s100.A07,mcs90_r001_s100.B07,dal_dal,66,52,9093455551,1000.02,1,7341012944,808.156,8083000816,8083000816,0
mcs90_r001_s100.A08,mcs90_r001_s100.B08,dal_dal,70,65,22466166069,1000.02,1,286345,0.0325965,16849712013,16849712013,0
mcs90_r001_s100.A09,mcs90_r001_s100.B09,dal_dal,69,60,14750518833,1000.02,1,7187750018,477.664,12347146471,12347146471,0
mcs90_r005_s100.A00,mcs90_r005_s100.B00,dal_dal,39,82,4695359709,1000.02,1,262743480,53.4546,2753451253,2753451253,0
mcs90_r005_s100.A01,mcs90_r005_s100.B01,dal_dal,41,96,5190256488,1000.02,1,536597003,100.614,3107306914,3107306914,0
mcs90_r005_s100.A02,mcs90_r005_s100.B02,dal_dal,41,80,5209322643,1000.02,1,254761151,44.1659,3216075447,3216075447,0
mcs90_r005_s100.A03,mcs90_r005_s100.B03,dal_dal,42,90,4940886629,1000.02,1,2751975704,540.823,3055168951,3055168951,0
mcs90_r005_s100.A04,mcs90_r005_s100.B04,dal_dal,42,95,5517373332,1000.02,1,153493248,26.4761,3438523321,3438523321,0
mcs90_r005_s100.A05,mcs90_r005_s100.B05,dal_dal,42,92,5002271512,1000.02,1,3640855801,714.025,2985257381,2985257381,0
mcs90_r005_s100.A06,mcs90_r005_s100.B06,dal_dal,42,93,5220253802,1000.01,1,2176864973,398.265,3281453867,3281453867,0
mcs90_r005_s100.A07,mcs90_r005_s100.B07,dal_dal,41,71,5171342235,1000.02,1,503689084,92.0291,3187961546,3187961546,0
mcs90_r005_s100.A08,mcs90_r005_s100.B08,dal_dal,40,86,5412444652,1000.01,1,70625006,13.075,3334852770,3334852770,0
mcs90_r005_s100.A09,mcs90_r005_s100.B09,dal_dal,41,78,5158097256,1000.02,1,3134994796,605.173,3257595527,3257595527,0
mcs90_r005_s20.A00,mcs90_r005_s20.B00,dal_dal,19,20,252527,0.0160136,0,252454,0.0159701,184512,184512,0
mcs90_r005_s20.A01,mcs90_r005_s20.B01,dal_dal,18,19,3193,0.000298298,0,2766,0.000211668,2239,2239,0
mcs90_r005_s20.A02,mcs90_r005_s20.B02,dal_dal,18,18,1579,0.000234512,0,839,0.000106751,1102,1102,0
mcs90_r005_s20.A03,mcs90_r005_s20.B03,dal_dal,18,18,2995,0.000382794,0,2757,0.000321323,2249,2249,0
mcs90_r005_s20.A04,mcs90_r005_s20.B04,dal_dal,18,18,11625,0.00138025,0,11259,0.00129764,7945,7945,0
mcs90_r005_s20.A05,mcs90_r005_s20.B05,dal_dal,18,17,21489,0.00158724,0,21142,0.00152061,15393,15393,0
mcs90_r005_s20.A06,mcs90_r005_s20.B06,dal_dal,18,17,28700,0.00256404,0,28335,0.00248293,19834,19834,0
mcs90_r005_s20.A07,mcs90_r005_s20.B07,dal_dal,18,19,2536,0.000342197,0,2328,0.000279912,1821,1821,0
mcs90_r005_s20.A08,mcs90_r005_s20.B08,dal_dal,18,16,3742,0.000540527,0,3473,0.000459394,2587,2587,0
mcs90_r005_s20.A09,mcs90_r005_s20.B09,dal_dal,18,18,3591,0.000446553,0,3253,0.00037194,2384,2384,0
mcs90_r005_s25.A00,mcs90_r005_s25.B00,dal_dal,22,26,21017,0.00272908,0,18516,0.00232181,14877,14877,0
mcs90_r005_s25.A01,mcs90_r005_s25.B01,dal_dal,22,25,2157824,0.176551,0,2150931,0.175638,1560823,1560823,0
mcs90_r005_s25.A02,mcs90_r005_s25.B02,dal_dal,22,25,219314,0.0144611,0,216612,0.0140794,162913,162913,0
mcs90_r005_s25.A03,mcs90_r005_s25.B03,dal_dal,22,24,7314,0.00087329,0,5441,0.000569671,4858,4858,0
mcs90_r005_s25.A04,mcs90_r005_s25.B04,dal_dal,22,25,64521,0.00561602,0,61788,0.00526353,48131,48131,0
mcs90_r005_s25.A05,mcs90_r005_s25.B05,dal_dal,22,21,15615,0.00244682,0,11379,0.00148511,10663,10663,0
mcs90_r005_s25.A06,mcs90_r005_s25.B06,dal_dal,23,25,2865,0.00045783,0,2660,0.000384439,1907,1907,0
mcs90_r005_s25.A07,mcs90_r005_s25.B07,dal_dal,22,22,74207,0.00825573,0,65377,0.00711961,52018,52018,0
mcs90_r005_s25.A08,mcs90_r005_s25.B08,dal_dal,22,23,35362,0.00390789,0,31839,0.00321609,24889,24889,0
mcs90_r005_s25.A09,mcs90_r005_s25.B09,dal_dal,22,22,37053,0.00394269,0,35457,0.00367856,26266,26266,0
mcs90_r005_s30.A00,mcs90_r005_s30.B00,dal_dal,27,34,1718655,0.209629,0,1716935,0.209325,1194307,1194307,0
mcs90_r005_s30.A01,mcs90_r005_s30.B01,dal_dal,27,37,133550,0.0166996,0,132450,0.0164913,90370,90370,0
mcs90_r005_s30.A02,mcs90_r005_s30.B02,dal_dal,27,34,235171,0.0291413,0,234681,0.0290154,165018,165018,0
mcs90_r005_s30.A03,mcs90_r005_s30.B03,dal_dal,27,35,1778630,0.217103,0,1775663,0.216581,1223241,1223241,0
mcs90_r005_s30.A04,mcs90_r005_s30.B04,dal_dal,27,38,284254,0.027476,0,281738,0.0270776,194589,194589,0
mcs90_r005_s30.A05,mcs90_r005_s30.B05,dal_dal,27,34,361925,0.0566056,0,358543,0.0559721,239589,239589,0
mcs90_r005_s30.A06,mcs90_r005_s30.B06,dal_dal,27,37,389173,0.0452612,0,386502,0.0447585,270834,270834,0
mcs90_r005_s30.A07,mcs90_r005_s30.B07,dal_dal,27,35,15656,0.00236601,0,13319,0.00191894,11057,11057,0
mcs90_r005_s30.A08,mcs90_r005_s30.B08,dal_dal,27,35,291733,0.0337176,0,289844,0.0333215,217647,217647,0
mcs90_r005_s30.A09,mcs90_r005_s30.B09,dal_dal,27,31,488948,0.0618058,0,485328,0.0612417,339213,339213,0
mcs90_r005_s35.A00,mcs90_r005_s35.B00,dal_dal,31,45,1523828,0.199507,0,1504657,0.196369,1038697,1038697,0
mcs90_r005_s35.A01,mcs90_r005_s35.B01,dal_dal,31,41,769843,0.09946,0,768120,0.0990956,551880,551880,0
mcs90_r005_s35.A02,mcs90_r005_s35.B02,dal_dal,31,43,3518042,0.47164,0,3511078,0.470428,2345901,2345901,0
mcs90_r005_s35.A03,mcs90_r005_s35.B03,dal_dal,31,47,5843183,0.849474,0,5834292,0.847848,4126578,4126578,0
mcs90_r005_s35.A04,mcs90_r005_s35.B04,dal_dal,31,44,843854,0.105105,0,841758,0.104688,605885,605885,0
mcs90_r005_s35.A05,mcs90_r005_s35.B05,dal_dal,31,47,933083,0.166338,0,923424,0.164269,657868,657868,0
mcs90_r005_s35.A06,mcs90_r005_s35.B06,dal_dal,31,43,3070904,0.391734,0,3067534,0.391148,2091800,2091800,0
mcs90_r005_s35.A07,mcs90_r005_s35.B07,dal_dal,31,47,9848561,1.24245,0,9839574,1.24085,6655844,6655844,0
mcs90_r005_s35.A08,mcs90_r005_s35.B08,dal_dal,31,47,3402718,0.521349,0,3396677,0.52025,2366164,2366164,0
mcs90_r005_s35.A09,mcs90_r005_s35.B09,dal_dal,31,49,3509075,0.470439,0,3501909,0.469157,2372846,2372846,0
mcs90_r005_s40.A00,mcs90_r005_s40.B00,dal_dal,36,61,13492429,1.9481,0,13488927,1.94737,9165759,9165759,0
mcs90_r005_s40.A01,mcs90_r005_s40.B01,dal_dal,36,65,9364764,1.32199,0,9362523,1.32149,6579017,6579017,0
mcs90_r005_s40.A02,mcs90_r005_s40.B02,dal_dal,36,60,1660303,0.256922,0,1650543,0.255071,1097471,1097471,0
mcs90_r005_s40.A03,mcs90_r005_s40.B03,dal_dal,36,65,41891742,5.47593,0,41882677,5.47412,29543446,29543446,0
mcs90_r005_s40.A04,mcs90_r005_s40.B04,dal_dal,36,64,39496838,5.29414,0,39482203,5.29135,26872299,26872299,0
mcs90_r005_s40.A05,mcs90_r005_s40.B05,dal_dal,36,61,12945878,2.04243,0,12937455,2.04045,8828715,8828715,0
mcs90_r005_s40.A06,mcs90_r005_s40.B06,dal_dal,36,59,5557899,0.850088,0,5551068,0.848777,3759055,3759055,0
mcs90_r005_s40.A07,mcs90_r005_s40.B07,dal_dal,36,62,4196750,0.617457,0,4192820,0.616656,2769852,2769852,0
mcs90_r005_s40.A08,mcs90_r005_s40.B08,dal_dal,36,65,19102533,2.83936,0,19097115,2.83825,12961842,12961842,0
mcs90_r005_s40.A09,mcs90_r005_s40.B09,dal_dal,36,62,13674153,1.90674,0,13636533,1.90031,9033882,9033882,0
mcs90_r005_s50.A00,mcs90_r005_s50.B00,dal_dal,45,95,1339228971,204.224,0,1339206581,204.219,903880846,903880846,0
mcs90_r005_s50.A01,mcs90_r005_s50.B01,dal_dal,45,92,2925834651,450.771,0,2925803274,450.764,1982357625,1982357625,0
mcs90_r005_s50.A02,mcs90_r005_s50.B02,dal_dal,45,102,124709412,20.2409,0,124650246,20.2285,82174913,82174913,0
mcs90_r005_s50.A03,mcs90_r005_s50.B03,dal_dal,45,102,524265516,84.1656,0,524189281,84.15,355339232,355339232,0
mcs90_r005_s50.A04,mcs90_r005_s50.B04,dal_dal,45,97,641406678,109.13,0,641385786,109.124,430593825,430593825,0
mcs90_r005_s50.A05,mcs90_r005_s50.B05,dal_dal,45,98,201672551,33.9614,0,201653845,33.9572,141022095,141022095,0
mcs90_r005_s50.A06,mcs90_r005_s50.B06,dal_dal,45,101,204890768,32.9797,0,204852937,32.9713,140204064,140204064,0
mcs90_r005_s50.A07,mcs90_r005_s50.B07,dal_dal,45,99,20539268,3.8198,0,20496128,3.80913,13451033,13451033,0
mcs90_r005_s50.A08,mcs90_r005_s50.B08,dal_dal,45,94,2728817662,429.313,0,2728788502,429.307,1765063011,1765063011,0
mcs90_r005_s50.A09,mcs90_r005_s50.B09,dal_dal,45,102,2363740156,355.241,0,2363730469,355.239,1599667302,1599667302,0
mcs90_r005_s60.A00,mcs90_r005_s60.B00,dal_dal,35,57,5756555653,1000.01,1,92092381,15.5826,3717680744,3717680744,0
mcs90_r005_s60.A01,mcs90_r005_s60.B01,dal_dal,35,59,5859206343,1000.01,1,201818893,34.8921,3880195441,3880195441,0
mcs90_r005_s60.A02,mcs90_r005_s60.B02,dal_dal,54,138,689021760,122.107,0,688950062,122.088,463979325,463979325,0
mcs90_r005_s60.A03,mcs90_r005_s60.B03,dal_dal,35,58,6027582606,1000.02,1,414834033,64.2157,4001729627,4001729627,0
mcs90_r005_s60.A04,mcs90_r005_s60.B04,dal_dal,35,68,6148448659,1000.01,1,1887533788,306.029,4093423983,4093423983,0
mcs90_r005_s60.A05,mcs90_r005_s60.B05,dal_dal,35,62,5865334249,1000.01,1,1220986831,208.192,3788792974,3788792974,0
mcs90_r005_s60.A06,mcs90_r005_s60.B06,dal_dal,34,62,5567716881,1000.01,1,23397138,3.89229,3613364200,3613364200,0
mcs90_r005_s60.A07,mcs90_r005_s60.B07,dal_dal,35,59,5823668405,1000.01,1,2487425821,416.773,3730422638,3730422638,0
mcs90_r005_s60.A08,mcs90_r005_s60.B08,dal_dal,35,67,6159889619,1000.01,1,1343948443,218.205,4099926982,4099926982,0
mcs90_r005_s60.A09,mcs90_r005_s60.B09,dal_dal,54,142,656410744,124.479,0,656353040,124.465,439882984,439882984,0
mcs90_r005_s70.A00,mcs90_r005_s70.B00,dal_dal,38,70,5474575593,1000.01,1,488046184,93.0132,3530964640,3530964640,0
mcs90_r005_s70.A01,mcs90_r005_s70.B01,dal_dal,36,62,5750342649,1000.01,1,78991421,13.4322,3596056412,3596056412,0
mcs90_r005_s70.A02,mcs90_r005_s70.B02,dal_dal,38,70,5845532378,1000.02,1,1684565959,285.413,3676270824,3676270824,0
mcs90_r005_s70.A03,mcs90_r005_s70.B03,dal_dal,37,72,5214003348,1000.01,1,765679612,140.914,3258344285,3258344285,0
mcs90_r005_s70.A04,mcs90_r005_s70.B04,dal_dal,37,68,5432005402,1000.02,1,324895097,58.5882,3446714428,3446714428,0
mcs90_r005_s70.A05,mcs90_r005_s70.B05,dal_dal,37,78,5789872186,1000.02,1,1077813341,179.554,3709925545,3709925545,0
mcs90_r005_s70.A06,mcs90_r005_s70.B06,dal_dal,36,75,4390835937,1000.01,1,2070766357,468.34,2756166831,2756166831,0
mcs90_r005_s70.A07,mcs90_r005_s70.B07,dal_dal,36,62,5366764904,1000.01,1,854191715,160.744,3382190165,3382190165,0
mcs90_r005_s70.A08,mcs90_r005_s70.B08,dal_dal,37,74,5406648479,1000.01,1,1045176155,188.692,3429429830,3429429830,0
mcs90_r005_s70.A09,mcs90_r005_s70.B09,dal_dal,39,83,5209679274,1000.02,1,817246664,157.34,3419852066,3419852066,0
mcs90_r005_s80.A00,mcs90_r005_s80.B00,dal_dal,38,70,4985235231,1000.02,1,1220876365,232.622,3179385616,3179385616,0
mcs90_r005_s80.A01,mcs90_r005_s80.B01,dal_dal,37,65,5677106169,1000.01,1,4068327,0.659907,3536745565,3536745565,0
mcs90_r005_s80.A02,mcs90_r005_s80.B02,dal_dal,40,78,5157878868,1000.02,1,447303035,88.0777,3240615521,3240615521,0
mcs90_r005_s80.A03,mcs90_r005_s80.B03,dal_dal,40,81,5667559191,1000.02,1,1187915393,193.976,3662595018,3662595018,0
mcs90_r005_s80.A04,mcs90_r005_s80.B04,dal_dal,40,79,5259449789,1000.01,1,3134598522,600.037,3282354067,3282354067,0
mcs90_r005_s80.A05,mcs90_r005_s80.B05,dal_dal,38,78,5191156152,1000.01,1,813098625,146.992,3235968304,3235968304,0
mcs90_r005_s80.A06,mcs90_r005_s80.B06,dal_dal,39,86,5021274522,1000.01,1,1457069870,287.143,3179778760,3179778760,0
mcs90_r005_s80.A07,mcs90_r005_s80.B07,dal_dal,41,97,5054651358,1000.02,1,2864742752,539.285,3127835934,3127835934,0
mcs90_r005_s80.A08,mcs90_r005_s80.B08,dal_dal,38,81,5949091749,1000.02,1,327984175,51.4178,3851792997,3851792997,0
mcs90_r005_s80.A09,mcs90_r005_s80.B09,dal_dal,39,67,5537128599,1000.01,1,91957716,15.8708,3515869497,3515869497,0
mcs90_r005_s90.A00,mcs90_r005_s90.B00,dal_dal,39,87,4965980191,1000.01,1,3683508146,735.304,3063680961,3063680961,0
mcs90_r005_s90.A01,mcs90_r005_s90.B01,dal_dal,39,74,4633616091,1000.02,1,1986581532,420.578,2909175073,2909175073,0
mcs90_r005_s90.A02,mcs90_r005_s90.B02,dal_dal,40,83,4295313860,1000.01,1,885015573,200.291,2729657430,2729657430,0
mcs90_r005_s90.A03,mcs90_r005_s90.B03,dal_dal,42,84,5018114583,1000.02,1,1600266980,315.006,3148223658,3148223658,0
mcs90_r005_s90.A04,mcs90_r005_s90.B04,dal_dal,39,79,5419642799,1000.01,1,3917631824,713.971,3399473067,3399473067,0
mcs90_r005_s90.A05,mcs90_r005_s90.B05,dal_dal,42,89,5273243328,1000.01,1,3121867418,580.867,3220231862,3220231862,0
mcs90_r005_s90.A06,mcs90_r005_s90.B06,dal_dal,41,90,5092151408,1000.01,1,191585944,32.8709,3191759759,3191759759,0
mcs90_r005_s90.A07,mcs90_r005_s90.B07,dal_dal,40,81,5328667032,1000.01,1,4550225194,847.095,3325830512,3325830512,0
mcs90_r005_s90.A08,mcs90_r005_s90.B08,dal_dal,41,82,5391654877,1000.01,1,485551195,84.1754,3444907657,3444907657,0
mcs90_r005_s90.A09,mcs90_r005_s90.B09,dal_dal,39,82,5065348255,1000.01,1,1297498141,249.965,3081985831,3081985831,0
mcs90_r01_s10.A00,mcs90_r01_s10.B00,dal_dal,9,9,83,4.27E-05,0,53,1.27E-05,58,58,0
mcs90_r01_s10.A01,mcs90_r01_s10.B01,dal_dal,9,6,110,4.18E-05,0,80,1.72E-05,75,75,0
mcs90_r01_s10.A02,mcs90_r01_s10.B02,dal_dal,9,8,98,3.91E-05,0,69,1.45E-05,63,63,0
mcs90_r01_s10.A03,mcs90_r01_s10.B03,dal_dal,9,8,82,3.94E-05,0,63,1.61E-05,56,56,0
mcs90_r01_s10.A04,mcs90_r01_s10.B04,dal_dal,9,8,84,3.74E-05,0,51,1.20E-05,56,56,0
mcs90_r01_s10.A05,mcs90_r01_s10.B05,dal_dal,9,9,88,5.78E-05,0,56,2.01E-05,58,58,0
mcs90_r01_s10.A06,mcs90_r01_s10.B06,dal_dal,9,9,131,5.63E-05,0,102,2.10E-05,92,92,0
mcs90_r01_s10.A07,mcs90_r01_s10.B07,dal_dal,10,10,83,4.19E-05,0,68,1.63E-05,57,57,0
mcs90_r01_s10.A08,mcs90_r01_s10.B08,dal_dal,9,8,208,5.94E-05,0,195,3.10E-05,138,138,0
mcs90_r01_s10.A09,mcs90_r01_s10.B09,dal_dal,9,8,119,4.73E-05,0,101,2.05E-05,80,80,0
mcs90_r01_s100.A00,mcs90_r01_s100.B00,dal_dal,28,82,4399741726,1000.01,1,257937121,56.5622,2607232749,2607232749,0
mcs90_r01_s100.A01,mcs90_r01_s100.B01,dal_dal,28,83,4339570109,1000.01,1,9379845,1.99913,2571222573,2571222573,0
mcs90_r01_s100.A02,mcs90_r01_s100.B02,dal_dal,28,85,4399304467,1000.01,1,450906211,102.707,2609561374,2609561374,0
mcs90_r01_s100.A03,mcs90_r01_s100.B03,dal_dal,28,82,4224939990,1000.01,1,28485597,6.0442,2503711362,2503711362,0
mcs90_r01_s100.A04,mcs90_r01_s100.B04,dal_dal,28,68,4355525096,1000.01,1,37178599,8.08721,2594496314,2594496314,0
mcs90_r01_s100.A05,mcs90_r01_s100.B05,dal_dal,28,86,4106655172,1000.01,1,391975122,89.3969,2384289934,2384289934,0
mcs90_r01_s100.A06,mcs90_r01_s100.B06,dal_dal,28,91,4369035048,1000.02,1,2282690328,508.324,2559236543,2559236543,0
mcs90_r01_s100.A07,mcs90_r01_s100.B07,dal_dal,27,68,4399729663,1000.01,1,138654013,30.2551,2586575864,2586575864,0
mcs90_r01_s100.A08,mcs90_r01_s100.B08,dal_dal,28,75,4288482376,1000.02,1,847176616,190.766,2547114336,2547114336,0
mcs90_r01_s100.A09,mcs90_r01_s100.B09,dal_dal,28,78,4232537817,1000.02,1,6026009,1.3088,2455390733,2455390733,0
mcs90_r01_s15.A00,mcs90_r01_s15.B00,dal_dal,13,15,2074,0.000288556,0,1865,0.000230048,1321,1321,0
mcs90_r01_s15.A01,mcs90_r01_s15.B01,dal_dal,13,14,3374,0.000448568,0,3340,0.000412553,2364,2364,0
mcs90_r01_s15.A02,mcs90_r01_s15.B02,dal_dal,13,13,4545,0.000499891,0,4383,0.000447443,3079,3079,0
mcs90_r01_s15.A03,mcs90_r01_s15.B03,dal_dal,13,15,2478,0.000406182,0,2375,0.000353002,1633,1633,0
mcs90_r01_s15.A04,mcs90_r01_s15.B04,dal_dal,13,18,661,0.000140181,0,447,7.09E-05,466,466,0
mcs90_r01_s15.A05,mcs90_r01_s15.B05,dal_dal,13,17,627,0.000117177,0,462,7.25E-05,417,417,0
mcs90_r01_s15.A06,mcs90_r01_s15.B06,dal_dal,13,16,226,7.09E-05,0,46,1.37E-05,157,157,0
mcs90_r01_s15.A07,mcs90_r01_s15.B07,dal_dal,13,14,2006,0.000274712,0,1817,0.000219239,1398,1398,0
mcs90_r01_s15.A08,mcs90_r01_s15.B08,dal_dal,13,17,1161,0.00019239,0,1046,0.000145049,849,849,0
mcs90_r01_s15.A09,mcs90_r01_s15.B09,dal_dal,13,15,1624,0.000233723,0,1442,0.000177138,1045,1045,0
mcs90_r01_s20.A00,mcs90_r01_s20.B00,dal_dal,18,30,11537,0.00152857,0,11431,0.00147497,8015,8015,0
mcs90_r01_s20.A01,mcs90_r01_s20.B01,dal_dal,18,27,12919,0.00179786,0,12880,0.00175448,8548,8548,0
mcs90_r01_s20.A02,mcs90_r01_s20.B02,dal_dal,18,28,14625,0.00194968,0,14522,0.0018994,9946,9946,0
mcs90_r01_s20.A03,mcs90_r01_s20.B03,dal_dal,18,32,904,0.000374392,0,728,0.000260291,635,635,0
mcs90_r01_s20.A04,mcs90_r01_s20.B04,dal_dal,18,30,6180,0.00120314,0,6012,0.0011427,4019,4019,0
mcs90_r01_s20.A05,mcs90_r01_s20.B05,dal_dal,18,29,18792,0.00345617,0,18721,0.00340413,12369,12369,0
mcs90_r01_s20.A06,mcs90_r01_s20.B06,dal_dal,18,31,23557,0.00445696,0,23495,0.00439903,15365,15365,0
mcs90_r01_s20.A07,mcs90_r01_s20.B07,dal_dal,18,32,2769,0.000478109,0,2638,0.000421534,1909,1909,0
mcs90_r01_s20.A08,mcs90_r01_s20.B08,dal_dal,18,30,21858,0.00391719,0,21735,0.00384626,15072,15072,0
mcs90_r01_s20.A09,mcs90_r01_s20.B09,dal_dal,18,31,4529,0.000720056,0,4470,0.00066292,3028,3028,0
mcs90_r01_s25.A00,mcs90_r01_s25.B00,dal_dal,22,45,257564,0.0397489,0,256535,0.0395262,167269,167269,0
mcs90_r01_s25.A01,mcs90_r01_s25.B01,dal_dal,22,44,157417,0.0248917,0,156636,0.0247213,105415,105415,0
mcs90_r01_s25.A02,mcs90_r01_s25.B02,dal_dal,22,42,32042,0.00505799,0,31354,0.00489052,21273,21273,0
mcs90_r01_s25.A03,mcs90_r01_s25.B03,dal_dal,22,43,363097,0.0545849,0,362165,0.0543786,241555,241555,0
mcs90_r01_s25.A04,mcs90_r01_s25.B04,dal_dal,22,41,377807,0.0598186,0,376318,0.0594944,241717,241717,0
mcs90_r01_s25.A05,mcs90_r01_s25.B05,dal_dal,22,44,49294,0.00762654,0,47556,0.00726769,31802,31802,0
mcs90_r01_s25.A06,mcs90_r01_s25.B06,dal_dal,22,42,196070,0.0290264,0,195285,0.0288567,127443,127443,0
mcs90_r01_s25.A07,mcs90_r01_s25.B07,dal_dal,22,48,207721,0.031745,0,205959,0.031388,135081,135081,0
mcs90_r01_s25.A08,mcs90_r01_s25.B08,dal_dal,22,35,105968,0.0210877,0,105669,0.0209499,69183,69183,0
mcs90_r01_s25.A09,mcs90_r01_s25.B09,dal_dal,22,40,149168,0.02126,0,148627,0.0211084,97089,97089,0
mcs90_r01_s30.A00,mcs90_r01_s30.B00,dal_dal,27,64,746809,0.133374,0,746517,0.133267,488955,488955,0
mcs90_r01_s30.A01,mcs90_r01_s30.B01,dal_dal,27,64,5733819,0.931484,0,5733341,0.931339,3657524,3657524,0
mcs90_r01_s30.A02,mcs90_r01_s30.B02,dal_dal,27,70,178421,0.0301495,0,176916,0.0297931,113927,113927,0
mcs90_r01_s30.A03,mcs90_r01_s30.B03,dal_dal,27,64,942003,0.152085,0,940454,0.151722,606401,606401,0
mcs90_r01_s30.A04,mcs90_r01_s30.B04,dal_dal,27,59,553163,0.0954091,0,552931,0.0953092,355094,355094,0
mcs90_r01_s30.A05,mcs90_r01_s30.B05,dal_dal,27,62,144730,0.02593,0,143926,0.0257208,99046,99046,0
mcs90_r01_s30.A06,mcs90_r01_s30.B06,dal_dal,27,67,21957,0.00393452,0,20574,0.00360084,13923,13923,0
mcs90_r01_s30.A07,mcs90_r01_s30.B07,dal_dal,27,70,18981,0.00332315,0,17738,0.00302378,12080,12080,0
mcs90_r01_s30.A08,mcs90_r01_s30.B08,dal_dal,27,65,1632247,0.251247,0,1630774,0.250901,1067901,1067901,0
mcs90_r01_s30.A09,mcs90_r01_s30.B09,dal_dal,27,66,3448364,0.58477,0,3447933,0.584642,2204536,2204536,0
mcs90_r01_s35.A00,mcs90_r01_s35.B00,dal_dal,31,91,12284696,2.11464,0,12281840,2.11394,7866516,7866516,0
mcs90_r01_s35.A01,mcs90_r01_s35.B01,dal_dal,31,91,4906769,1.15224,0,4899780,1.14984,3203843,3203843,0
mcs90_r01_s35.A02,mcs90_r01_s35.B02,dal_dal,31,89,5257780,1.35508,0,5256431,1.35459,3554613,3554613,0
mcs90_r01_s35.A03,mcs90_r01_s35.B03,dal_dal,31,97,17651387,6.71243,0,17649060,6.71126,11437295,11437295,0
mcs90_r01_s35.A04,mcs90_r01_s35.B04,dal_dal,31,88,5156931,1.84999,0,5150873,1.84727,3312374,3312374,0
mcs90_r01_s35.A05,mcs90_r01_s35.B05,dal_dal,31,83,13117458,4.4553,0,13112492,4.45302,8488657,8488657,0
mcs90_r01_s35.A06,mcs90_r01_s35.B06,dal_dal,31,87,5400276,0.919997,0,5395585,0.918897,3596329,3596329,0
mcs90_r01_s35.A07,mcs90_r01_s35.B07,dal_dal,31,90,18259173,3.43697,0,18255473,3.43609,11690823,11690823,0
mcs90_r01_s35.A08,mcs90_r01_s35.B08,dal_dal,31,92,4032402,0.714511,0,4029438,0.713823,2601195,2601195,0
mcs90_r01_s35.A09,mcs90_r01_s35.B09,dal_dal,31,95,791794,0.140285,0,783685,0.138391,503367,503367,0
mcs90_r01_s40.A00,mcs90_r01_s40.B00,dal_dal,36,123,140136972,24.7978,0,140132544,24.7967,89692884,89692884,0
mcs90_r01_s40.A01,mcs90_r01_s40.B01,dal_dal,36,123,15946324,2.96585,0,15943825,2.96521,10458277,10458277,0
mcs90_r01_s40.A02,mcs90_r01_s40.B02,dal_dal,36,109,12386232,2.22484,0,12383857,2.2242,8120419,8120419,0
mcs90_r01_s40.A03,mcs90_r01_s40.B03,dal_dal,36,114,62654881,14.0971,0,62652889,14.0964,41039626,41039626,0
mcs90_r01_s40.A04,mcs90_r01_s40.B04,dal_dal,36,125,104842446,19.1179,0,104841115,19.1174,68529592,68529592,0
mcs90_r01_s40.A05,mcs90_r01_s40.B05,dal_dal,36,122,26181380,5.21754,0,26177703,5.2166,17025746,17025746,0
mcs90_r01_s40.A06,mcs90_r01_s40.B06,dal_dal,36,121,12273369,2.35691,0,12266438,2.35522,7865231,7865231,0
mcs90_r01_s40.A07,mcs90_r01_s40.B07,dal_dal,36,123,79022746,14.8025,0,79019362,14.8016,50434504,50434504,0
mcs90_r01_s40.A08,mcs90_r01_s40.B08,dal_dal,36,126,13610973,2.54149,0,13608138,2.54074,9081800,9081800,0
mcs90_r01_s40.A09,mcs90_r01_s40.B09,dal_dal,36,120,4317766,0.8586,0,4308553,0.856267,2669705,2669705,0
mcs90_r01_s50.A00,mcs90_r01_s50.B00,dal_dal,45,180,325649736,63.2328,0,325639053,63.2299,206733228,206733228,0
mcs90_r01_s50.A01,mcs90_r01_s50.B01,dal_dal,45,187,1806359768,381.175,0,1806354357,381.174,1138804156,1138804156,0
mcs90_r01_s50.A02,mcs90_r01_s50.B02,dal_dal,45,193,2976002441,603.137,0,2975995570,603.135,1871718991,1871718991,0
mcs90_r01_s50.A03,mcs90_r01_s50.B03,dal_dal,45,189,1149348234,248.711,0,1149334766,248.707,732610220,732610220,0
mcs90_r01_s50.A04,mcs90_r01_s50.B04,dal_dal,45,194,2592701239,508.661,0,2592673610,508.653,1632566902,1632566902,0
mcs90_r01_s50.A05,mcs90_r01_s50.B05,dal_dal,45,187,1378680763,282.364,0,1378671929,282.361,892164975,892164975,0
mcs90_r01_s50.A06,mcs90_r01_s50.B06,dal_dal,45,193,1292808429,286.355,0,1292792653,286.35,813728862,813728862,0
mcs90_r01_s50.A07,mcs90_r01_s50.B07,dal_dal,45,180,250961852,75.4703,0,250951545,75.4663,164776346,164776346,0
mcs90_r01_s50.A08,mcs90_r01_s50.B08,dal_dal,45,193,341472798,97.7735,0,341467262,97.7713,223703107,223703107,0
mcs90_r01_s50.A09,mcs90_r01_s50.B09,dal_dal,45,184,1506012662,620.326,0,1505999288,620.319,954003697,954003697,0
mcs90_r01_s60.A00,mcs90_r01_s60.B00,dal_dal,32,104,1841486028,1000.02,1,1369655483,736.243,1175309976,1175309976,0
mcs90_r01_s60.A01,mcs90_r01_s60.B01,dal_dal,25,50,2232498711,1000.01,1,221196181,97.0733,1356702557,1356702557,0
mcs90_r01_s60.A02,mcs90_r01_s60.B02,dal_dal,25,55,4754648795,1000.02,1,3247883242,672.203,2933881726,2933881726,0
mcs90_r01_s60.A03,mcs90_r01_s60.B03,dal_dal,25,58,4818717795,1000.02,1,2375992745,484.087,2995141480,2995141480,0
mcs90_r01_s60.A04,mcs90_r01_s60.B04,dal_dal,26,60,4912336484,1000.02,1,4134930956,838.31,3129338841,3129338841,0
mcs90_r01_s60.A05,mcs90_r01_s60.B05,dal_dal,26,72,4713348912,1000.02,1,564352387,109.757,2961392574,2961392574,0
mcs90_r01_s60.A06,mcs90_r01_s60.B06,dal_dal,54,271,3789592185,985.15,0,3789547757,985.137,2437289930,2437289930,0
mcs90_r01_s60.A07,mcs90_r01_s60.B07,dal_dal,24,49,4926540271,1000.01,1,112144946,22.3852,3046622736,3046622736,0
mcs90_r01_s60.A08,mcs90_r01_s60.B08,dal_dal,54,275,1164063236,301.143,0,1164006868,301.126,736837168,736837168,0
mcs90_r01_s60.A09,mcs90_r01_s60.B09,dal_dal,25,62,4780101292,1000.01,1,1394283332,287.268,2965806159,2965806159,0
mcs90_r01_s70.A00,mcs90_r01_s70.B00,dal_dal,26,60,3592232121,1000.01,1,1182222247,311.239,2199688273,2199688273,0
mcs90_r01_s70.A01,mcs90_r01_s70.B01,dal_dal,26,67,4850650260,1000.02,1,4317891737,887.968,2987397971,2987397971,0
mcs90_r01_s70.A02,mcs90_r01_s70.B02,dal_dal,26,58,4641784954,1000.01,1,279662714,58.2335,2815647457,2815647457,0
mcs90_r01_s70.A03,mcs90_r01_s70.B03,dal_dal,25,60,4699521856,1000.02,1,58694786,11.8558,2811668616,2811668616,0
mcs90_r01_s70.A04,mcs90_r01_s70.B04,dal_dal,26,65,4633185972,1000.01,1,1124204007,239.363,2852474302,2852474302,0
mcs90_r01_s70.A05,mcs90_r01_s70.B05,dal_dal,25,72,4996270978,1000.02,1,205466458,42.5149,3071131083,3071131083,0
mcs90_r01_s70.A06,mcs90_r01_s70.B06,dal_dal,26,58,4610593622,1000.01,1,2892092417,618.215,2821506081,2821506081,0
mcs90_r01_s70.A07,mcs90_r01_s70.B07,dal_dal,26,72,4572242571,1000.02,1,284718809,60.2577,2762160045,2762160045,0
mcs90_r01_s70.A08,mcs90_r01_s70.B08,dal_dal,25,69,4552426156,1000.02,1,830935060,179.974,2759298824,2759298824,0
mcs90_r01_s70.A09,mcs90_r01_s70.B09,dal_dal,26,70,3437481811,1000.02,1,1711346599,488.219,2119196954,2119196954,0
mcs90_r01_s80.A00,mcs90_r01_s80.B00,dal_dal,27,82,3346631910,1000.01,1,1862333107,547.589,2001296033,2001296033,0
mcs90_r01_s80.A01,mcs90_r01_s80.B01,dal_dal,26,64,4804885308,1000.01,1,1043871512,211.36,2942717530,2942717530,0
mcs90_r01_s80.A02,mcs90_r01_s80.B02,dal_dal,26,66,4465523295,1000.02,1,133806455,27.3208,2662861272,2662861272,0
mcs90_r01_s80.A03,mcs90_r01_s80.B03,dal_dal,26,77,4409493056,1000.02,1,166495126,34.9075,2597081931,2597081931,0
mcs90_r01_s80.A04,mcs90_r01_s80.B04,dal_dal,26,62,4334908406,1000.02,1,77074948,15.7679,2637512245,2637512245,0
mcs90_r01_s80.A05,mcs90_r01_s80.B05,dal_dal,26,68,4252701293,1000.02,1,21650899,4.84578,2548374882,2548374882,0
mcs90_r01_s80.A06,mcs90_r01_s80.B06,dal_dal,28,86,4159564355,1000.02,1,108403751,25.0812,2551285363,2551285363,0
mcs90_r01_s80.A07,mcs90_r01_s80.B07,dal_dal,27,80,4475865700,1000.02,1,1758772559,374.147,2687657031,2687657031,0
mcs90_r01_s80.A08,mcs90_r01_s80.B08,dal_dal,27,81,4384301647,1000.02,1,3243091403,736.572,2601953419,2601953419,0
mcs90_r01_s80.A09,mcs90_r01_s80.B09,dal_dal,27,75,3636987051,1000.01,1,1368863167,368.672,2190916519,2190916519,0
mcs90_r01_s90.A00,mcs90_r01_s90.B00,dal_dal,28,64,3895299381,1000.01,1,325704657,82.1009,2283912901,2283912901,0
mcs90_r01_s90.A01,mcs90_r01_s90.B01,dal_dal,27,66,4186597791,1000.02,1,1351305673,318.019,2457775639,2457775639,0
mcs90_r01_s90.A02,mcs90_r01_s90.B02,dal_dal,28,74,4311150130,1000.02,1,2849886446,643.696,2515925237,2515925237,0
mcs90_r01_s90.A03,mcs90_r01_s90.B03,dal_dal,27,70,4075227176,1000.02,1,1129786447,255.897,2393777251,2393777251,0
mcs90_r01_s90.A04,mcs90_r01_s90.B04,dal_dal,27,68,4293229586,1000.02,1,210823501,45.6329,2538946949,2538946949,0
mcs90_r01_s90.A05,mcs90_r01_s90.B05,dal_dal,28,79,4362248948,1000.02,1,3657280408,831.118,2571877304,2571877304,0
mcs90_r01_s90.A06,mcs90_r01_s90.B06,dal_dal,29,94,4282353575,1000.02,1,1649372936,376.093,2548396285,2548396285,0
mcs90_r01_s90.A07,mcs90_r01_s90.B07,dal_dal,28,73,4380105608,1000.02,1,33684201,7.63405,2599405121,2599405121,0
mcs90_r01_s90.A08,mcs90_r01_s90.B08,dal_dal,27,58,4520002221,1000.01,1,669966182,141.828,2703591266,2703591266,0
mcs90_r01_s90.A09,mcs90_r01_s90.B09,dal_dal,28,97,4409743617,1000.02,1,151445288,32.0332,2623371022,2623371022,0
mcs90_r02_s10.A00,mcs90_r02_s10.B00,dal_dal,9,12,89,3.84E-05,0,69,1.50E-05,61,61,0
mcs90_r02_s10.A01,mcs90_r02_s10.B01,dal_dal,9,12,352,7.91E-05,0,342,5.35E-05,229,229,0
mcs90_r02_s10.A02,mcs90_r02_s10.B02,dal_dal,9,13,135,5.57E-05,0,109,2.21E-05,88,88,0
mcs90_r02_s10.A03,mcs90_r02_s10.B03,dal_dal,9,10,388,8.64E-05,0,379,6.09E-05,241,241,0
mcs90_r02_s10.A04,mcs90_r02_s10.B04,dal_dal,9,12,133,4.33E-05,0,97,1.84E-05,80,80,0
mcs90_r02_s10.A05,mcs90_r02_s10.B05,dal_dal,9,14,115,4.57E-05,0,96,2.21E-05,74,74,0
mcs90_r02_s10.A06,mcs90_r02_s10.B06,dal_dal,9,16,208,7.06E-05,0,173,3.27E-05,136,136,0
mcs90_r02_s10.A07,mcs90_r02_s10.B07,dal_dal,9,13,111,4.35E-05,0,73,1.66E-05,71,71,0
mcs90_r02_s10.A08,mcs90_r02_s10.B08,dal_dal,9,12,71,4.22E-05,0,42,1.36E-05,48,48,0
mcs90_r02_s10.A09,mcs90_r02_s10.B09,dal_dal,9,14,192,5.80E-05,0,178,3.16E-05,120,120,0
mcs90_r02_s100.A00,mcs90_r02_s100.B00,dal_dal,20,69,3609313359,1000.02,1,1552825459,404.795,1924366672,1924366672,0
mcs90_r02_s100.A01,mcs90_r02_s100.B01,dal_dal,22,98,3420031437,1000.01,1,2266844182,631.562,1849113519,1849113519,0
mcs90_r02_s100.A02,mcs90_r02_s100.B02,dal_dal,20,77,3254905181,1000.02,1,343461869,97.965,1733742350,1733742350,0
mcs90_r02_s100.A03,mcs90_r02_s100.B03,dal_dal,19,60,3675928943,1000.01,1,90133215,22.2865,1954643261,1954643261,0
mcs90_r02_s100.A04,mcs90_r02_s100.B04,dal_dal,20,76,3663477654,1000.01,1,2191887826,577.792,1953736135,1953736135,0
mcs90_r02_s100.A05,mcs90_r02_s100.B05,dal_dal,19,79,3841709228,1000.02,1,26620979,6.30558,2053413535,2053413535,0
mcs90_r02_s100.A06,mcs90_r02_s100.B06,dal_dal,20,80,3747044423,1000.01,1,1891127966,485.256,2007279749,2007279749,0
mcs90_r02_s100.A07,mcs90_r02_s100.B07,dal_dal,19,68,3806825315,1000.02,1,6068010,1.41342,2019323856,2019323856,0
mcs90_r02_s100.A08,mcs90_r02_s100.B08,dal_dal,20,65,3718866248,1000.01,1,887901033,228.028,1987402979,1987402979,0
mcs90_r02_s100.A09,mcs90_r02_s100.B09,dal_dal,20,61,3892917031,1000.01,1,3807748695,976.663,2071079682,2071079682,0
mcs90_r02_s15.A00,mcs90_r02_s15.B00,dal_dal,13,29,3607,0.00115632,0,3430,0.001037,2228,2228,0
mcs90_r02_s15.A01,mcs90_r02_s15.B01,dal_dal,13,30,750,0.000327922,0,649,0.00023981,502,502,0
mcs90_r02_s15.A02,mcs90_r02_s15.B02,dal_dal,13,26,339,9.36E-05,0,248,4.94E-05,222,222,0
mcs90_r02_s15.A03,mcs90_r02_s15.B03,dal_dal,13,29,2282,0.000388817,0,2137,0.00033815,1400,1400,0
mcs90_r02_s15.A04,mcs90_r02_s15.B04,dal_dal,13,29,1144,0.000214343,0,1013,0.000167653,749,749,0
mcs90_r02_s15.A05,mcs90_r02_s15.B05,dal_dal,13,28,6581,0.000903047,0,6540,0.000865791,4227,4227,0
mcs90_r02_s15.A06,mcs90_r02_s15.B06,dal_dal,13,31,3502,0.000593081,0,3388,0.000549605,2246,2246,0
mcs90_r02_s15.A07,mcs90_r02_s15.B07,dal_dal,13,28,5531,0.000904719,0,5484,0.00087209,3506,3506,0
mcs90_r02_s15.A08,mcs90_r02_s15.B08,dal_dal,13,27,3935,0.000625,0,3832,0.000573233,2613,2613,0
mcs90_r02_s15.A09,mcs90_r02_s15.B09,dal_dal,13,27,2881,0.000515565,0,2810,0.000479141,1818,1818,0
mcs90_r02_s20.A00,mcs90_r02_s20.B00,dal_dal,18,60,16525,0.00334231,0,16444,0.00329416,10096,10096,0
mcs90_r02_s20.A01,mcs90_r02_s20.B01,dal_dal,18,56,851,0.000229226,0,447,0.000100572,561,561,0
mcs90_r02_s20.A02,mcs90_r02_s20.B02,dal_dal,18,57,26852,0.00513296,0,26744,0.00507484,17462,17462,0
mcs90_r02_s20.A03,mcs90_r02_s20.B03,dal_dal,18,58,40596,0.00755053,0,40481,0.00748806,26552,26552,0
mcs90_r02_s20.A04,mcs90_r02_s20.B04,dal_dal,18,52,16979,0.00331957,0,16868,0.0032617,10787,10787,0
mcs90_r02_s20.A05,mcs90_r02_s20.B05,dal_dal,18,61,78420,0.0285511,0,78106,0.0283533,47973,47973,0
mcs90_r02_s20.A06,mcs90_r02_s20.B06,dal_dal,18,55,33275,0.0128617,0,33096,0.0127238,21418,21418,0
mcs90_r02_s20.A07,mcs90_r02_s20.B07,dal_dal,18,59,38036,0.00750926,0,37920,0.00743544,24266,24266,0
mcs90_r02_s20.A08,mcs90_r02_s20.B08,dal_dal,18,60,28517,0.00582205,0,28437,0.00577226,18276,18276,0
mcs90_r02_s20.A09,mcs90_r02_s20.B09,dal_dal,18,55,30106,0.00605163,0,30009,0.00599972,19365,19365,0
mcs90_r02_s25.A00,mcs90_r02_s25.B00,dal_dal,22,80,778245,0.154452,0,777068,0.15413,476430,476430,0
mcs90_r02_s25.A01,mcs90_r02_s25.B01,dal_dal,22,92,355760,0.0686191,0,355511,0.0685249,229030,229030,0
mcs90_r02_s25.A02,mcs90_r02_s25.B02,dal_dal,22,88,362172,0.0691173,0,360695,0.0687505,218652,218652,0
mcs90_r02_s25.A03,mcs90_r02_s25.B03,dal_dal,22,85,332219,0.0649869,0,331778,0.0648347,204065,204065,0
mcs90_r02_s25.A04,mcs90_r02_s25.B04,dal_dal,22,85,646473,0.128591,0,645600,0.128344,402409,402409,0
mcs90_r02_s25.A05,mcs90_r02_s25.B05,dal_dal,22,80,168898,0.0377818,0,168751,0.0377086,108527,108527,0
mcs90_r02_s25.A06,mcs90_r02_s25.B06,dal_dal,22,80,1049041,0.220469,0,1047980,0.220204,638337,638337,0
mcs90_r02_s25.A07,mcs90_r02_s25.B07,dal_dal,22,85,329474,0.083364,0,328865,0.0831269,201623,201623,0
mcs90_r02_s25.A08,mcs90_r02_s25.B08,dal_dal,22,81,52141,0.0103317,0,51087,0.0100186,32303,32303,0
mcs90_r02_s25.A09,mcs90_r02_s25.B09,dal_dal,22,83,64335,0.0138864,0,63340,0.0136051,39694,39694,0
mcs90_r02_s30.A00,mcs90_r02_s30.B00,dal_dal,27,127,1655875,0.357787,0,1654325,0.357337,1003131,1003131,0
mcs90_r02_s30.A01,mcs90_r02_s30.B01,dal_dal,27,127,455768,0.0977029,0,454454,0.0973192,280135,280135,0
mcs90_r02_s30.A02,mcs90_r02_s30.B02,dal_dal,27,121,742512,0.161609,0,741131,0.161193,457457,457457,0
mcs90_r02_s30.A03,mcs90_r02_s30.B03,dal_dal,27,131,1207743,0.284856,0,1206488,0.284469,761575,761575,0
mcs90_r02_s30.A04,mcs90_r02_s30.B04,dal_dal,27,123,1033200,0.228903,0,1032072,0.228539,654568,654568,0
mcs90_r02_s30.A05,mcs90_r02_s30.B05,dal_dal,27,132,1601933,0.338601,0,1601213,0.338349,972436,972436,0
mcs90_r02_s30.A06,mcs90_r02_s30.B06,dal_dal,27,130,558251,0.130871,0,557385,0.130577,341978,341978,0
mcs90_r02_s30.A07,mcs90_r02_s30.B07,dal_dal,27,129,3075584,0.763589,0,3074131,0.763099,1843346,1843346,0
mcs90_r02_s30.A08,mcs90_r02_s30.B08,dal_dal,27,124,2238845,0.529394,0,2236482,0.528732,1377359,1377359,0
mcs90_r02_s30.A09,mcs90_r02_s30.B09,dal_dal,27,124,655451,0.145775,0,654336,0.145422,395144,395144,0
mcs90_r02_s35.A00,mcs90_r02_s35.B00,dal_dal,31,161,1555858,0.408628,0,1551379,0.407271,972272,972272,0
mcs90_r02_s35.A01,mcs90_r02_s35.B01,dal_dal,31,165,5626039,1.47221,0,5620564,1.47055,3499145,3499145,0
mcs90_r02_s35.A02,mcs90_r02_s35.B02,dal_dal,31,173,17232281,4.30974,0,17229288,4.30878,10614166,10614166,0
mcs90_r02_s35.A03,mcs90_r02_s35.B03,dal_dal,31,173,44495,0.0127536,0,38074,0.010763,29036,29036,0
mcs90_r02_s35.A04,mcs90_r02_s35.B04,dal_dal,31,164,18868008,4.24995,0,18865953,4.24927,11297184,11297184,0
mcs90_r02_s35.A05,mcs90_r02_s35.B05,dal_dal,31,159,10202518,2.65437,0,10200906,2.65382,6411680,6411680,0
mcs90_r02_s35.A06,mcs90_r02_s35.B06,dal_dal,31,159,16613853,4.08015,0,16610059,4.07896,10090760,10090760,0
mcs90_r02_s35.A07,mcs90_r02_s35.B07,dal_dal,31,169,12408090,3.30504,0,12403738,3.30362,7624952,7624952,0
mcs90_r02_s35.A08,mcs90_r02_s35.B08,dal_dal,31,177,33362151,15.5182,0,33355845,15.5143,20026286,20026286,0
mcs90_r02_s35.A09,mcs90_r02_s35.B09,dal_dal,31,167,23718767,11.3013,0,23713405,11.298,14481344,14481344,0
mcs90_r02_s40.A00,mcs90_r02_s40.B00,dal_dal,36,222,53526397,15.2261,0,53522186,15.2247,33131068,33131068,0
mcs90_r02_s40.A01,mcs90_r02_s40.B01,dal_dal,36,230,8353807,2.43999,0,8348505,2.43819,5139630,5139630,0
mcs90_r02_s40.A02,mcs90_r02_s40.B02,dal_dal,36,230,12674068,3.69101,0,12664227,3.68782,7861563,7861563,0
mcs90_r02_s40.A03,mcs90_r02_s40.B03,dal_dal,36,221,45827311,12.9858,0,45823692,12.9846,28080626,28080626,0
mcs90_r02_s40.A04,mcs90_r02_s40.B04,dal_dal,36,225,32134018,8.21489,0,32126001,8.2123,19229019,19229019,0
mcs90_r02_s40.A05,mcs90_r02_s40.B05,dal_dal,36,225,10001996,2.86204,0,9999241,2.86107,6383206,6383206,0
mcs90_r02_s40.A06,mcs90_r02_s40.B06,dal_dal,36,235,87147353,24.4066,0,87143094,24.4052,53032599,53032599,0
mcs90_r02_s40.A07,mcs90_r02_s40.B07,dal_dal,36,243,24515498,7.11431,0,24512372,7.11322,15239718,15239718,0
mcs90_r02_s40.A08,mcs90_r02_s40.B08,dal_dal,36,233,174959278,45.4051,0,174954757,45.4037,103993654,103993654,0
mcs90_r02_s40.A09,mcs90_r02_s40.B09,dal_dal,36,234,40408213,10.2378,0,40402309,10.2358,24321780,24321780,0
mcs90_r02_s50.A00,mcs90_r02_s50.B00,dal_dal,45,359,602205577,191.374,0,602183154,191.366,362013598,362013598,0
mcs90_r02_s50.A01,mcs90_r02_s50.B01,dal_dal,45,362,716319402,252.649,0,716299699,252.64,417029311,417029311,0
mcs90_r02_s50.A02,mcs90_r02_s50.B02,dal_dal,45,366,320134706,97.7548,0,320118803,97.7485,189638925,189638925,0
mcs90_r02_s50.A03,mcs90_r02_s50.B03,dal_dal,45,357,263079969,85.5252,0,263067718,85.5205,162224761,162224761,0
mcs90_r02_s50.A04,mcs90_r02_s50.B04,dal_dal,45,359,26788763,9.32104,0,26775028,9.31579,16552629,16552629,0
mcs90_r02_s50.A05,mcs90_r02_s50.B05,dal_dal,45,350,2601798340,692.598,0,2601768263,692.587,1510980176,1510980176,0
mcs90_r02_s50.A06,mcs90_r02_s50.B06,dal_dal,45,363,461761512,137.752,0,461745684,137.746,274972294,274972294,0
mcs90_r02_s50.A07,mcs90_r02_s50.B07,dal_dal,45,361,918936310,280.226,0,918920588,280.22,557480697,557480697,0
mcs90_r02_s50.A08,mcs90_r02_s50.B08,dal_dal,45,350,2266639135,597.128,0,2266616505,597.12,1345580673,1345580673,0
mcs90_r02_s50.A09,mcs90_r02_s50.B09,dal_dal,45,356,598048627,182.907,0,598037638,182.902,358144595,358144595,0
mcs90_r02_s60.A00,mcs90_r02_s60.B00,dal_dal,21,75,3523264470,1000.01,1,3497766066,990.329,1977382540,1977382540,0
mcs90_r02_s60.A01,mcs90_r02_s60.B01,dal_dal,35,236,3459621848,1000.01,1,3390284919,962.049,1969281650,1969281650,0
mcs90_r02_s60.A02,mcs90_r02_s60.B02,dal_dal,54,504,1670926787,617.635,0,1670880727,617.614,1006619943,1006619943,0
mcs90_r02_s60.A03,mcs90_r02_s60.B03,dal_dal,19,64,3751172511,1000.01,1,1971730726,505.301,2116939304,2116939304,0
mcs90_r02_s60.A04,mcs90_r02_s60.B04,dal_dal,22,101,1838862366,1000.02,1,1716885139,919.226,1039938288,1039938288,0
mcs90_r02_s60.A05,mcs90_r02_s60.B05,dal_dal,21,88,1782985317,1000.02,1,1570879119,867.498,1013324764,1013324764,0
mcs90_r02_s60.A06,mcs90_r02_s60.B06,dal_dal,33,187,2764225762,1000.02,1,1934617206,617.987,1636137612,1636137612,0
mcs90_r02_s60.A07,mcs90_r02_s60.B07,dal_dal,54,522,297210317,127.439,0,297136457,127.408,187111647,187111647,0
mcs90_r02_s60.A08,mcs90_r02_s60.B08,dal_dal,18,55,3840826092,1000.02,1,1985808856,493.846,2164440513,2164440513,0
mcs90_r02_s60.A09,mcs90_r02_s60.B09,dal_dal,18,58,3893454957,1000.02,1,1649478223,401.856,2192188826,2192188826,0
mcs90_r02_s70.A00,mcs90_r02_s70.B00,dal_dal,19,66,3527654198,1000.01,1,631262067,165.721,1946374148,1946374148,0
mcs90_r02_s70.A01,mcs90_r02_s70.B01,dal_dal,23,88,3421327615,1000.01,1,2256608267,589.84,1901013906,1901013906,0
mcs90_r02_s70.A02,mcs90_r02_s70.B02,dal_dal,18,63,3939893414,1000.01,1,23285409,5.3792,2171883588,2171883588,0
mcs90_r02_s70.A03,mcs90_r02_s70.B03,dal_dal,21,89,3417544675,1000.02,1,1754246085,466.926,1884387719,1884387719,0
mcs90_r02_s70.A04,mcs90_r02_s70.B04,dal_dal,26,118,3166761397,1000.01,1,2049180323,559.185,1794602049,1794602049,0
mcs90_r02_s70.A05,mcs90_r02_s70.B05,dal_dal,19,67,3499194194,1000.01,1,2728086591,766.687,1921492104,1921492104,0
mcs90_r02_s70.A06,mcs90_r02_s70.B06,dal_dal,18,65,3888392944,1000.01,1,82266118,19.2121,2148292644,2148292644,0
mcs90_r02_s70.A07,mcs90_r02_s70.B07,dal_dal,18,54,3868534057,1000.02,1,59671140,14.1681,2131347665,2131347665,0
mcs90_r02_s70.A08,mcs90_r02_s70.B08,dal_dal,23,89,3461012138,1000.02,1,2241240000,575.731,1931346326,1931346326,0
mcs90_r02_s70.A09,mcs90_r02_s70.B09,dal_dal,24,102,3425233259,1000.01,1,3271911571,945.242,1933574771,1933574771,0
mcs90_r02_s80.A00,mcs90_r02_s80.B00,dal_dal,19,69,3667134457,1000.01,1,810393222,205.803,1980120210,1980120210,0
mcs90_r02_s80.A01,mcs90_r02_s80.B01,dal_dal,19,76,3836183425,1000.01,1,330103276,79.861,2099629288,2099629288,0
mcs90_r02_s80.A02,mcs90_r02_s80.B02,dal_dal,19,56,3720974491,1000.02,1,1425388779,364.241,2030559825,2030559825,0
mcs90_r02_s80.A03,mcs90_r02_s80.B03,dal_dal,19,65,3694115836,1000.02,1,438250901,108.953,2010081807,2010081807,0
mcs90_r02_s80.A04,mcs90_r02_s80.B04,dal_dal,19,66,3857771306,1000.01,1,3647131811,941.828,2084281618,2084281618,0
mcs90_r02_s80.A05,mcs90_r02_s80.B05,dal_dal,21,74,3426020796,1000.01,1,2733412969,763.515,1866094964,1866094964,0
mcs90_r02_s80.A06,mcs90_r02_s80.B06,dal_dal,19,60,3433258789,1000.01,1,146966408,40.2137,1894464616,1894464616,0
mcs90_r02_s80.A07,mcs90_r02_s80.B07,dal_dal,19,74,3717369386,1000.01,1,558308789,139.889,2043916389,2043916389,0
mcs90_r02_s80.A08,mcs90_r02_s80.B08,dal_dal,19,64,3665937863,1000.01,1,158640305,39.5351,1995577817,1995577817,0
mcs90_r02_s80.A09,mcs90_r02_s80.B09,dal_dal,19,65,3794348636,1000.02,1,1777487855,447.795,2067293192,2067293192,0
mcs90_r02_s90.A00,mcs90_r02_s90.B00,dal_dal,19,70,3836946388,1000.02,1,55549163,13.2076,2052303900,2052303900,0
mcs90_r02_s90.A01,mcs90_r02_s90.B01,dal_dal,19,68,3807770324,1000.01,1,527390952,129.223,2060762179,2060762179,0
mcs90_r02_s90.A02,mcs90_r02_s90.B02,dal_dal,19,65,3785407860,1000.02,1,16728068,3.99243,2022533077,2022533077,0
mcs90_r02_s90.A03,mcs90_r02_s90.B03,dal_dal,20,73,3165943371,1000.02,1,1433438417,438.57,1692462958,1692462958,0
mcs90_r02_s90.A04,mcs90_r02_s90.B04,dal_dal,19,55,3410769663,1000.01,1,10962306,2.54782,1844336362,1844336362,0
mcs90_r02_s90.A05,mcs90_r02_s90.B05,dal_dal,20,64,3275743547,1000.01,1,21980433,5.58837,1766624747,1766624747,0
mcs90_r02_s90.A06,mcs90_r02_s90.B06,dal_dal,19,68,3721864909,1000.02,1,25207136,5.99848,1984714425,1984714425,0
mcs90_r02_s90.A07,mcs90_r02_s90.B07,dal_dal,19,69,3838945837,1000.02,1,58748811,13.934,2066374916,2066374916,0
mcs90_r02_s90.A08,mcs90_r02_s90.B08,dal_dal,19,67,3773673166,1000.02,1,324335216,79.2101,2029449679,2029449679,0
mcs90_r02_s90.A09,mcs90_r02_s90.B09,dal_dal,19,65,3607665553,1000.01,1,161561805,41.3323,1931313537,1931313537,0
