instance_a, instance_b, algo, unified_size, unified_edges, unified_nodes, unified_time, unified_aborted, unified_root_ub, unified_nodes_to_best, unified_time_to_best,unified_cut_branches, unified_bound_pruned, unified_sym_pruned, unified_conflicts,
mcs10_b03_s100.A00,mcs10_b03_s100.B00,dal_rl,72,86,5591466656,1000.01,1,100,721094782,102.214,4252094936,4252094936,0,3210141189,
mcs10_b03_s100.A01,mcs10_b03_s100.B01,dal_rl,71,79,4900745067,1000.02,1,100,1047429861,211.01,3624821366,3624821366,0,2537635409,
mcs10_b03_s100.A02,mcs10_b03_s100.B02,dal_rl,64,67,7255527623,1000.02,1,100,4495828896,604.458,6760437899,6760437899,0,6377451379,
mcs10_b03_s100.A03,mcs10_b03_s100.B03,dal_rl,64,76,10260814473,1000.02,1,100,8170451,0.623788,9156997388,9156997388,0,8067464191,
mcs10_b03_s100.A04,mcs10_b03_s100.B04,dal_rl,63,57,16671021674,1000.01,1,100,33341,0.00301252,13776515262,13776515262,0,10924734338,
mcs10_b03_s100.A05,mcs10_b03_s100.B05,dal_rl,61,68,15057538660,1000.02,1,100,10409,0.000973756,11915759602,11915759602,0,8975352255,
mcs10_b03_s100.A06,mcs10_b03_s100.B06,dal_rl,67,72,8502346742,1000,1,100,2061199,0.403207,6884515564,6884515564,0,5266913542,
mcs10_b03_s100.A07,mcs10_b03_s100.B07,dal_rl,72,85,6953695569,1000,1,100,1217990402,160.691,6069816960,6069816960,0,5296670062,
mcs10_b03_s100.A08,mcs10_b03_s100.B08,dal_rl,69,76,8353735251,1000,1,100,102180041,15.4019,7375643376,7375643376,0,6416628665,
mcs10_b03_s100.A09,mcs10_b03_s100.B09,dal_rl,65,68,16198358558,1000.02,1,100,3944846,0.635296,14160155163,14160155163,0,12125969215,
mcs10_b03_s40.A00,mcs10_b03_s40.B00,dal_rl,31,38,488920664,77.0725,0,40,152227285,23.3619,339653539,339653539,0,226129942,
mcs10_b03_s40.A01,mcs10_b03_s40.B01,dal_rl,31,32,92147983,12.8841,0,40,692135,0.0594234,69211274,69211274,0,52677037,
mcs10_b03_s40.A02,mcs10_b03_s40.B02,dal_rl,31,34,172055982,22.6429,0,40,121340317,15.1607,131554883,131554883,0,101739519,
mcs10_b03_s40.A03,mcs10_b03_s40.B03,dal_rl,31,38,70379154,9.78446,0,40,1939593,0.229876,48803738,48803738,0,33856292,
mcs10_b03_s40.A04,mcs10_b03_s40.B04,dal_rl,31,30,62963069,8.90265,0,40,6508990,0.843562,45330883,45330883,0,33272466,
mcs10_b03_s40.A05,mcs10_b03_s40.B05,dal_rl,31,35,91662615,11.1769,0,40,49561741,5.22197,68589149,68589149,0,50855100,
mcs10_b03_s40.A06,mcs10_b03_s40.B06,dal_rl,31,34,284468115,40.2159,0,40,5128616,0.581685,196508097,196508097,0,135398084,
mcs10_b03_s40.A07,mcs10_b03_s40.B07,dal_rl,30,36,2430389066,328.112,0,40,74337862,9.53876,1675249418,1675249418,0,1149112139,
mcs10_b03_s40.A08,mcs10_b03_s40.B08,dal_rl,31,36,208679208,28.4321,0,40,136149,0.017221,144795082,144795082,0,96544681,
mcs10_b03_s40.A09,mcs10_b03_s40.B09,dal_rl,31,34,74014583,10.2699,0,40,8382128,1.13462,52567619,52567619,0,36425770,
mcs10_b03_s50.A00,mcs10_b03_s50.B00,dal_rl,39,44,6930954618,1000.01,1,50,5885766324,848.119,4922554636,4922554636,0,3329773920,
mcs10_b03_s50.A01,mcs10_b03_s50.B01,dal_rl,40,45,2047436247,342.174,0,50,2033280724,339.847,1464942352,1464942352,0,1042464204,
mcs10_b03_s50.A02,mcs10_b03_s50.B02,dal_rl,37,38,6356810344,1000,1,50,363110393,48.6322,4693883785,4693883785,0,3310405172,
mcs10_b03_s50.A03,mcs10_b03_s50.B03,dal_rl,40,50,5457960034,925.049,0,50,5193215198,878.852,3862182223,3862182223,0,2747672653,
mcs10_b03_s50.A04,mcs10_b03_s50.B04,dal_rl,39,44,7749149060,1000.02,1,50,5231153416,581.623,5866627713,5866627713,0,4388461248,
mcs10_b03_s50.A05,mcs10_b03_s50.B05,dal_rl,39,42,4464926848,696.122,0,50,526604186,74.6384,3111325562,3111325562,0,2063297201,
mcs10_b03_s50.A06,mcs10_b03_s50.B06,dal_rl,38,52,3783669840,1000.02,1,50,1651152642,445.672,2865122437,2865122437,0,2049722264,
mcs10_b03_s50.A07,mcs10_b03_s50.B07,dal_rl,31,36,8893908751,1000.02,1,50,26132,0.00236129,7082132812,7082132812,0,5606644247,
mcs10_b03_s50.A08,mcs10_b03_s50.B08,dal_rl,39,39,3510361480,1000,1,50,1393658463,373.26,2562855068,2562855068,0,1861309948,
mcs10_b03_s50.A09,mcs10_b03_s50.B09,dal_rl,39,38,3322684070,1000,1,50,261507992,61.3847,2436787088,2436787088,0,1846856195,
mcs10_b03_s60.A00,mcs10_b03_s60.B00,dal_rl,38,37,9553283241,1000.02,1,60,1690,0.000465018,8405775290,8405775290,0,7276097202,
mcs10_b03_s60.A01,mcs10_b03_s60.B01,dal_rl,45,49,6954137839,1000,1,60,2654440536,375.14,5001463805,5001463805,0,3486236280,
mcs10_b03_s60.A02,mcs10_b03_s60.B02,dal_rl,45,53,6913320568,1000.02,1,60,1963627946,260.619,5133070298,5133070298,0,3629224090,
mcs10_b03_s60.A03,mcs10_b03_s60.B03,dal_rl,45,52,7029930283,1000,1,60,1575852916,228.836,5021685818,5021685818,0,3412264539,
mcs10_b03_s60.A04,mcs10_b03_s60.B04,dal_rl,46,61,6510425737,1000.02,1,60,3457270266,516.268,4847577661,4847577661,0,3680276433,
mcs10_b03_s60.A05,mcs10_b03_s60.B05,dal_rl,46,57,6783473169,1000.02,1,60,55703422,6.97805,4923538692,4923538692,0,3447262366,
mcs10_b03_s60.A06,mcs10_b03_s60.B06,dal_rl,48,55,6652776279,1000.02,1,60,4123501095,602.743,4800933083,4800933083,0,3375883707,
mcs10_b03_s60.A07,mcs10_b03_s60.B07,dal_rl,46,62,7199049545,1000.02,1,60,4048834873,530.52,5621846194,5621846194,0,4330330896,
mcs10_b03_s60.A08,mcs10_b03_s60.B08,dal_rl,45,50,6628140702,1000.01,1,60,105540699,13.4315,4847524466,4847524466,0,3530808199,
mcs10_b03_s60.A09,mcs10_b03_s60.B09,dal_rl,47,57,6681937702,1000.02,1,60,4280109408,632.02,4767474718,4767474718,0,3341230062,
mcs10_b03_s70.A00,mcs10_b03_s70.B00,dal_rl,52,54,6943363190,1000.02,1,70,4156541857,594.968,4981053817,4981053817,0,3388602801,
mcs10_b03_s70.A01,mcs10_b03_s70.B01,dal_rl,50,49,9519212135,1000.02,1,70,4993607685,595.618,8138124873,8138124873,0,6776812581,
mcs10_b03_s70.A02,mcs10_b03_s70.B02,dal_rl,48,54,11069239325,1000.01,1,70,17903366,1.00791,10069896123,10069896123,0,9083454635,
mcs10_b03_s70.A03,mcs10_b03_s70.B03,dal_rl,46,57,20890063652,1000.02,1,70,494603,0.054396,17356679298,17356679298,0,13833371560,
mcs10_b03_s70.A04,mcs10_b03_s70.B04,dal_rl,51,56,10761570829,1000.02,1,70,1249608426,84.8399,9529896340,9529896340,0,8315780681,
mcs10_b03_s70.A05,mcs10_b03_s70.B05,dal_rl,51,61,7170209071,1000.02,1,70,446968573,60.5324,4976629005,4976629005,0,3161535327,
mcs10_b03_s70.A06,mcs10_b03_s70.B06,dal_rl,51,56,11260752263,1000.02,1,70,10761495761,927.886,9552403290,9552403290,0,7906092231,
mcs10_b03_s70.A07,mcs10_b03_s70.B07,dal_rl,46,57,17967244768,1000,1,70,677606477,38.834,14868423767,14868423767,0,11773521642,
mcs10_b03_s70.A08,mcs10_b03_s70.B08,dal_rl,53,66,6933984068,1000,1,70,2253138223,288.206,5145989532,5145989532,0,3701160964,
mcs10_b03_s70.A09,mcs10_b03_s70.B09,dal_rl,52,62,6508165448,1000,1,70,880441900,127.965,4714168170,4714168170,0,3332836184,
mcs10_b03_s80.A00,mcs10_b03_s80.B00,dal_rl,50,56,18891799625,1000,1,80,2531,0.000435918,14920080302,14920080302,0,10948360696,
mcs10_b03_s80.A01,mcs10_b03_s80.B01,dal_rl,51,53,9310329927,1000.02,1,80,10927587,0.784128,7222378150,7222378150,0,5193488943,
mcs10_b03_s80.A02,mcs10_b03_s80.B02,dal_rl,59,75,6614758122,1000.02,1,80,1034063139,123.495,4747100924,4747100924,0,3299028427,
mcs10_b03_s80.A03,mcs10_b03_s80.B03,dal_rl,61,71,6089596834,1000.02,1,80,4999023200,812.338,4410027727,4410027727,0,3015074788,
mcs10_b03_s80.A04,mcs10_b03_s80.B04,dal_rl,55,65,7230016307,1000.02,1,80,741660648,84.4263,5282215041,5282215041,0,3637576142,
mcs10_b03_s80.A05,mcs10_b03_s80.B05,dal_rl,49,44,18787089677,1000.02,1,80,269496,0.0152057,15491611770,15491611770,0,12467198318,
mcs10_b03_s80.A06,mcs10_b03_s80.B06,dal_rl,58,60,6476641009,1000.01,1,80,4631933020,698.711,4698428209,4698428209,0,3242012868,
mcs10_b03_s80.A07,mcs10_b03_s80.B07,dal_rl,61,72,6721958086,1000.02,1,80,6456127302,953.351,5110140079,5110140079,0,3729461549,
mcs10_b03_s80.A08,mcs10_b03_s80.B08,dal_rl,49,53,17000358924,1000.01,1,80,2120,0.000190827,13680179585,13680179585,0,10672168797,
mcs10_b03_s80.A09,mcs10_b03_s80.B09,dal_rl,51,57,11504934620,1000.02,1,80,11097319286,966.792,10017027003,10017027003,0,8794178351,
mcs10_b03_s90.A00,mcs10_b03_s90.B00,dal_rl,61,72,14740351409,1000.02,1,90,354953626,37.3625,10871800965,10871800965,0,7003630992,
mcs10_b03_s90.A01,mcs10_b03_s90.B01,dal_rl,66,81,8144401921,1000.02,1,90,7335360865,870.236,6623404430,6623404430,0,5207561621,
mcs10_b03_s90.A02,mcs10_b03_s90.B02,dal_rl,66,75,8509954917,1000.02,1,90,5154004570,455.986,6993869132,6993869132,0,5721411698,
mcs10_b03_s90.A03,mcs10_b03_s90.B03,dal_rl,57,66,19975010740,1000.02,1,90,84689146,4.1472,16888161287,16888161287,0,13846321340,
mcs10_b03_s90.A04,mcs10_b03_s90.B04,dal_rl,55,72,16910898528,1000.02,1,90,96715145,5.5069,13999763160,13999763160,0,11333102100,
mcs10_b03_s90.A05,mcs10_b03_s90.B05,dal_rl,67,79,5632948481,1000.02,1,90,285826381,39.256,4051468753,4051468753,0,2839446653,
mcs10_b03_s90.A06,mcs10_b03_s90.B06,dal_rl,61,60,18966754664,1000.02,1,90,1493001,0.216785,16262648920,16262648920,0,13558864868,
mcs10_b03_s90.A07,mcs10_b03_s90.B07,dal_rl,65,77,6151495340,1000.02,1,90,744907081,110.752,4547615021,4547615021,0,3327208892,
mcs10_b03_s90.A08,mcs10_b03_s90.B08,dal_rl,64,73,8192875239,1000.01,1,90,8027643380,978.715,6715010020,6715010020,0,5262172647,
mcs10_b03_s90.A09,mcs10_b03_s90.B09,dal_rl,61,69,9535941927,1000.02,1,90,73634864,8.68379,7731790538,7731790538,0,5927760995,
mcs10_b03m_s100.A00,mcs10_b03m_s100.B00,dal_rl,61,59,19141083806,1000.02,1,100,117,7.7647e-05,15814683513,15814683513,0,12805304714,
mcs10_b03m_s100.A01,mcs10_b03m_s100.B01,dal_rl,66,83,12823157278,1000.02,1,100,1586366,0.215923,11388788088,11388788088,0,9955996097,
mcs10_b03m_s100.A02,mcs10_b03m_s100.B02,dal_rl,63,71,17339192566,1000.01,1,100,212721,0.0114426,13986686318,13986686318,0,10738587462,
mcs10_b03m_s100.A03,mcs10_b03m_s100.B03,dal_rl,62,75,20011730182,1000.02,1,100,223,9.4272e-05,15697767105,15697767105,0,11450158078,
mcs10_b03m_s100.A04,mcs10_b03m_s100.B04,dal_rl,72,76,5957985361,1000.02,1,100,5561980778,914.528,4887891112,4887891112,0,4024677601,
mcs10_b03m_s100.A05,mcs10_b03m_s100.B05,dal_rl,68,84,7093001182,1000.02,1,100,1452907407,210.118,5707324107,5707324107,0,4346787791,
mcs10_b03m_s100.A06,mcs10_b03m_s100.B06,dal_rl,70,78,12966566557,1000.01,1,100,7650200479,578.598,11718197582,11718197582,0,10475382196,
mcs10_b03m_s100.A07,mcs10_b03m_s100.B07,dal_rl,71,86,6447294075,1000.02,1,100,13963831,1.56132,5845615461,5845615461,0,5258490615,
mcs10_b03m_s100.A08,mcs10_b03m_s100.B08,dal_rl,68,75,12392477419,1000.02,1,100,841721625,50.7655,11048238303,11048238303,0,9707421612,
mcs10_b03m_s100.A09,mcs10_b03m_s100.B09,dal_rl,68,89,16102779692,1000.02,1,100,45304111,6.29885,14488756590,14488756590,0,12874971305,
mcs10_b03m_s40.A00,mcs10_b03m_s40.B00,dal_rl,32,29,91138821,14.6603,0,40,89770198,14.4185,64391099,64391099,0,45266188,
mcs10_b03m_s40.A01,mcs10_b03m_s40.B01,dal_rl,31,29,676151637,94.6583,0,40,567718132,77.9645,487870493,487870493,0,334077760,
mcs10_b03m_s40.A02,mcs10_b03m_s40.B02,dal_rl,32,31,28534042,4.68432,0,40,24710232,4.01473,20852485,20852485,0,15796371,
mcs10_b03m_s40.A03,mcs10_b03m_s40.B03,dal_rl,31,38,629770025,96.0648,0,40,247257785,35.5714,443989636,443989636,0,311488248,
mcs10_b03m_s40.A04,mcs10_b03m_s40.B04,dal_rl,32,41,119025088,18.967,0,40,98372517,15.4676,83075354,83075354,0,58093596,
mcs10_b03m_s40.A05,mcs10_b03m_s40.B05,dal_rl,31,32,120327768,17.8363,0,40,89196400,13.1308,83023860,83023860,0,56748562,
mcs10_b03m_s40.A06,mcs10_b03m_s40.B06,dal_rl,31,40,123110849,18.5229,0,40,12026563,1.56584,84037012,84037012,0,57137215,
mcs10_b03m_s40.A07,mcs10_b03m_s40.B07,dal_rl,31,39,491209090,129.502,0,40,213128193,55.048,336070508,336070508,0,225484131,
mcs10_b03m_s40.A08,mcs10_b03m_s40.B08,dal_rl,31,40,241643870,58.6807,0,40,116692200,25.0882,173267024,173267024,0,120655561,
mcs10_b03m_s40.A09,mcs10_b03m_s40.B09,dal_rl,32,39,372576675,98.6973,0,40,352153504,92.9004,273172014,273172014,0,195618453,
mcs10_b03m_s50.A00,mcs10_b03m_s50.B00,dal_rl,39,41,3538588596,1000.01,1,50,919920089,248.355,2569735216,2569735216,0,1829789471,
mcs10_b03m_s50.A01,mcs10_b03m_s50.B01,dal_rl,39,46,3605069818,1000,1,50,2026089645,543.227,2493273525,2493273525,0,1696616407,
mcs10_b03m_s50.A02,mcs10_b03m_s50.B02,dal_rl,36,46,18282569407,1000.02,1,50,18049565732,981.222,15912700922,15912700922,0,13578928501,
mcs10_b03m_s50.A03,mcs10_b03m_s50.B03,dal_rl,37,39,8287032241,1000.01,1,50,7695878826,921.151,6462847625,6462847625,0,4792221462,
mcs10_b03m_s50.A04,mcs10_b03m_s50.B04,dal_rl,39,44,7280294740,1000.02,1,50,4378689845,586.83,5091487434,5091487434,0,3459244665,
mcs10_b03m_s50.A05,mcs10_b03m_s50.B05,dal_rl,39,42,7036446352,1000.01,1,50,3365971678,471.487,5081963102,5081963102,0,3598597858,
mcs10_b03m_s50.A06,mcs10_b03m_s50.B06,dal_rl,40,49,6947529951,1000.01,1,50,4611279267,647.735,4910468416,4910468416,0,3435704061,
mcs10_b03m_s50.A07,mcs10_b03m_s50.B07,dal_rl,40,44,3582965339,539.659,0,50,2103285719,307.483,2611417408,2611417408,0,1917296891,
mcs10_b03m_s50.A08,mcs10_b03m_s50.B08,dal_rl,39,40,7031144113,1000.01,1,50,543297078,73.7126,5090671847,5090671847,0,3579744256,
mcs10_b03m_s50.A09,mcs10_b03m_s50.B09,dal_rl,39,46,7644720610,1000.03,1,50,4518713484,540.791,5788009805,5788009805,0,4274481951,
mcs10_b03m_s60.A00,mcs10_b03m_s60.B00,dal_rl,39,40,17135268569,1000.02,1,60,2285421914,148.03,14788072170,14788072170,0,12657590770,
mcs10_b03m_s60.A01,mcs10_b03m_s60.B01,dal_rl,48,59,7282630167,1000.02,1,60,4348049311,537.143,5269166600,5269166600,0,3816410071,
mcs10_b03m_s60.A02,mcs10_b03m_s60.B02,dal_rl,46,55,8408303705,1000.01,1,60,3901432563,333.283,6431087923,6431087923,0,4930642716,
mcs10_b03m_s60.A03,mcs10_b03m_s60.B03,dal_rl,46,54,6711237470,1000.01,1,60,2502384635,361.811,4775323913,4775323913,0,3334532738,
mcs10_b03m_s60.A04,mcs10_b03m_s60.B04,dal_rl,40,48,16330829696,1000.01,1,60,759431180,38.906,13435213631,13435213631,0,10541120324,
mcs10_b03m_s60.A05,mcs10_b03m_s60.B05,dal_rl,46,55,6911894970,1000.02,1,60,11483459,1.42212,4982824640,4982824640,0,3429083223,
mcs10_b03m_s60.A06,mcs10_b03m_s60.B06,dal_rl,47,64,6456824878,1000.01,1,60,141134563,18.6051,4704811314,4704811314,0,3433511306,
mcs10_b03m_s60.A07,mcs10_b03m_s60.B07,dal_rl,46,45,6802257448,1000.01,1,60,614475151,67.546,4853679369,4853679369,0,3398890502,
mcs10_b03m_s60.A08,mcs10_b03m_s60.B08,dal_rl,43,45,7100964460,1000,1,60,1198766515,165.026,5052788456,5052788456,0,3282099297,
mcs10_b03m_s60.A09,mcs10_b03m_s60.B09,dal_rl,45,55,7271160699,1000.01,1,60,4439737197,575.521,5587857362,5587857362,0,4172456752,
mcs10_b03m_s70.A00,mcs10_b03m_s70.B00,dal_rl,53,65,6833948135,1000.01,1,70,5548341165,805.468,4871987354,4871987354,0,3265837291,
mcs10_b03m_s70.A01,mcs10_b03m_s70.B01,dal_rl,50,61,18544800172,1000.01,1,70,54295,0.006176,15106706259,15106706259,0,11668782939,
mcs10_b03m_s70.A02,mcs10_b03m_s70.B02,dal_rl,52,57,6478461184,1000,1,70,3465959319,526.028,4804830819,4804830819,0,3587188718,
mcs10_b03m_s70.A03,mcs10_b03m_s70.B03,dal_rl,48,53,15262410807,1000.02,1,70,11784849,1.22722,12615936524,12615936524,0,9971339739,
mcs10_b03m_s70.A04,mcs10_b03m_s70.B04,dal_rl,51,63,7809560777,1000.02,1,70,7538990081,959.369,5938066851,5938066851,0,4308707608,
mcs10_b03m_s70.A05,mcs10_b03m_s70.B05,dal_rl,46,55,16011331569,1000.02,1,70,8696637563,561.467,13378060534,13378060534,0,10969254402,
mcs10_b03m_s70.A06,mcs10_b03m_s70.B06,dal_rl,43,48,14818485468,1000.02,1,70,7031628344,471.505,11322609073,11322609073,0,8034678256,
mcs10_b03m_s70.A07,mcs10_b03m_s70.B07,dal_rl,49,58,6828455110,1000.02,1,70,4980636074,702.017,5173718854,5173718854,0,3635105140,
mcs10_b03m_s70.A08,mcs10_b03m_s70.B08,dal_rl,45,46,18229140120,1000.02,1,70,10267390356,538.134,15035632711,15035632711,0,11937644432,
mcs10_b03m_s70.A09,mcs10_b03m_s70.B09,dal_rl,46,52,12085062955,1000.02,1,70,26312067,1.69595,9886377180,9886377180,0,7750691417,
mcs10_b03m_s80.A00,mcs10_b03m_s80.B00,dal_rl,52,53,12896192705,1000.02,1,80,80073139,4.63092,11052915067,11052915067,0,9562120911,
mcs10_b03m_s80.A01,mcs10_b03m_s80.B01,dal_rl,55,71,7848029735,1000.02,1,80,6747344,0.704459,6848288876,6848288876,0,5875644859,
mcs10_b03m_s80.A02,mcs10_b03m_s80.B02,dal_rl,59,65,5705788433,1000.02,1,80,558353121,93.1309,4073030645,4073030645,0,2858507603,
mcs10_b03m_s80.A03,mcs10_b03m_s80.B03,dal_rl,58,69,12651035871,1000.02,1,80,3501029352,235.895,10712038240,10712038240,0,8795068455,
mcs10_b03m_s80.A04,mcs10_b03m_s80.B04,dal_rl,54,66,6331610561,1000.01,1,80,1268955624,178.066,4630668360,4630668360,0,3184000813,
mcs10_b03m_s80.A05,mcs10_b03m_s80.B05,dal_rl,58,64,5813758820,1000.02,1,80,182393720,30.6006,4293320403,4293320403,0,2995894257,
mcs10_b03m_s80.A06,mcs10_b03m_s80.B06,dal_rl,56,62,6871986775,1000.02,1,80,1185097928,159.304,5346288360,5346288360,0,4111595791,
mcs10_b03m_s80.A07,mcs10_b03m_s80.B07,dal_rl,57,62,7131743751,1000.02,1,80,5500821913,760.021,5041921957,5041921957,0,3257731841,
mcs10_b03m_s80.A08,mcs10_b03m_s80.B08,dal_rl,59,68,8935425099,1000.02,1,80,1727795470,253.377,6975275347,6975275347,0,5113212434,
mcs10_b03m_s80.A09,mcs10_b03m_s80.B09,dal_rl,48,58,20071171117,1000.02,1,80,9602762473,478.338,16694407490,16694407490,0,14150423325,
mcs10_b03m_s90.A00,mcs10_b03m_s90.B00,dal_rl,58,62,19175343334,1000.01,1,90,7142195099,362.838,16217944851,16217944851,0,13261605033,
mcs10_b03m_s90.A01,mcs10_b03m_s90.B01,dal_rl,58,70,18473719863,1000.02,1,90,2333,0.000215695,15284609441,15284609441,0,12095499071,
mcs10_b03m_s90.A02,mcs10_b03m_s90.B02,dal_rl,57,77,11058926682,1000.02,1,90,809991,0.0635558,9534257651,9534257651,0,8214885173,
mcs10_b03m_s90.A03,mcs10_b03m_s90.B03,dal_rl,57,68,7783131182,1000.02,1,90,19987353,3.83154,6966521120,6966521120,0,6224621130,
mcs10_b03m_s90.A04,mcs10_b03m_s90.B04,dal_rl,58,65,17419031149,1000.02,1,90,1121306,0.0720762,15106712288,15106712288,0,12871373475,
mcs10_b03m_s90.A05,mcs10_b03m_s90.B05,dal_rl,55,73,14837956937,1000.02,1,90,361885989,21.7035,12243066477,12243066477,0,9852476161,
mcs10_b03m_s90.A06,mcs10_b03m_s90.B06,dal_rl,56,53,13218884477,1000.01,1,90,6326503407,486.839,11069966224,11069966224,0,9076841753,
mcs10_b03m_s90.A07,mcs10_b03m_s90.B07,dal_rl,57,52,20505083127,1000.01,1,90,58,5.952e-05,15450521064,15450521064,0,10395959252,
mcs10_b03m_s90.A08,mcs10_b03m_s90.B08,dal_rl,64,72,8070739048,1000.01,1,90,5289436754,649.804,6702228792,6702228792,0,5403031957,
mcs10_b03m_s90.A09,mcs10_b03m_s90.B09,dal_rl,62,61,3515151450,1000.01,1,90,3208556050,907.052,2796477897,2796477897,0,2173743286,
mcs10_b06_s100.A00,mcs10_b06_s100.B00,dal_rl,54,92,3126069249,1000.02,1,100,169741184,51.6334,2021158932,2021158932,0,1501091553,
mcs10_b06_s100.A01,mcs10_b06_s100.B01,dal_rl,53,88,5856991809,1000.02,1,100,2907792046,481.107,3800973722,3800973722,0,2786258129,
mcs10_b06_s100.A02,mcs10_b06_s100.B02,dal_rl,53,91,5579999426,1000.02,1,100,1792420929,312.362,3376823798,3376823798,0,2221922764,
mcs10_b06_s100.A03,mcs10_b06_s100.B03,dal_rl,54,82,5727340289,1000.01,1,100,1952286255,320.211,3538323772,3538323772,0,2602346839,
mcs10_b06_s100.A04,mcs10_b06_s100.B04,dal_rl,54,91,5975900682,1000.02,1,100,498815836,85.075,3685138077,3685138077,0,2551255497,
mcs10_b06_s100.A05,mcs10_b06_s100.B05,dal_rl,53,82,5933551935,1000.02,1,100,556942599,85.9352,3953128675,3953128675,0,3030794780,
mcs10_b06_s100.A06,mcs10_b06_s100.B06,dal_rl,55,112,5823456003,1000.01,1,100,1687451556,282.488,3610364040,3610364040,0,2823663145,
mcs10_b06_s100.A07,mcs10_b06_s100.B07,dal_rl,56,109,8285505903,1000.02,1,100,5391053616,426.126,6273601223,6273601223,0,4916241375,
mcs10_b06_s100.A08,mcs10_b06_s100.B08,dal_rl,53,96,4484592516,1000.02,1,100,2536065655,547.079,2785910733,2785910733,0,2029184750,
mcs10_b06_s100.A09,mcs10_b06_s100.B09,dal_rl,56,108,4684093249,1000.01,1,100,1361177090,272.997,2946912943,2946912943,0,2190698304,
mcs10_b06_s70.A00,mcs10_b06_s70.B00,dal_rl,40,78,4612950949,1000.02,1,70,654271791,134.141,2879871276,2879871276,0,2164876620,
mcs10_b06_s70.A01,mcs10_b06_s70.B01,dal_rl,40,78,5235069044,1000.02,1,70,3080090160,578.458,3416975100,3416975100,0,2672594703,
mcs10_b06_s70.A02,mcs10_b06_s70.B02,dal_rl,39,64,5817759902,1000.02,1,70,579475871,94.2271,3808600780,3808600780,0,2974280186,
mcs10_b06_s70.A03,mcs10_b06_s70.B03,dal_rl,40,84,5921870652,1000.02,1,70,2022326412,330.023,4020000000,4020000000,0,3048712331,
mcs10_b06_s70.A04,mcs10_b06_s70.B04,dal_rl,38,67,3544105230,1000.02,1,70,1124402796,312.319,2480453483,2480453483,0,1828091790,
mcs10_b06_s70.A05,mcs10_b06_s70.B05,dal_rl,41,64,3180151019,1000.02,1,70,2598393027,809.452,2104815026,2104815026,0,1609208082,
mcs10_b06_s70.A06,mcs10_b06_s70.B06,dal_rl,38,63,6634108015,1000.02,1,70,349568841,50.347,4452927836,4452927836,0,3262547876,
mcs10_b06_s70.A07,mcs10_b06_s70.B07,dal_rl,39,68,6287501480,1000.01,1,70,104417654,15.7244,4216636119,4216636119,0,3114062566,
mcs10_b06_s70.A08,mcs10_b06_s70.B08,dal_rl,38,68,6935242362,1000.01,1,70,477742236,67.7017,4636050738,4636050738,0,3464677530,
mcs10_b06_s70.A09,mcs10_b06_s70.B09,dal_rl,40,77,6086169595,1000.01,1,70,1285922180,205.052,3951946757,3951946757,0,2964175811,
mcs10_b06_s80.A00,mcs10_b06_s80.B00,dal_rl,45,84,5871361736,1000.02,1,80,765139032,121.999,3773222487,3773222487,0,2687666771,
mcs10_b06_s80.A01,mcs10_b06_s80.B01,dal_rl,44,77,6650933729,1000.02,1,80,1936565445,282.808,4458590887,4458590887,0,3308447549,
mcs10_b06_s80.A02,mcs10_b06_s80.B02,dal_rl,46,75,6623637700,1000.02,1,80,2914315741,437.899,4420958387,4420958387,0,3201871988,
mcs10_b06_s80.A03,mcs10_b06_s80.B03,dal_rl,43,63,6200443795,1000.02,1,80,487134831,74.5795,3967569914,3967569914,0,3083256777,
mcs10_b06_s80.A04,mcs10_b06_s80.B04,dal_rl,44,86,6051854066,1000.02,1,80,34419631,4.96669,3878113148,3878113148,0,2676453740,
mcs10_b06_s80.A05,mcs10_b06_s80.B05,dal_rl,43,93,6426323672,1000.02,1,80,91695340,13.5214,4235769423,4235769423,0,3246783922,
mcs10_b06_s80.A06,mcs10_b06_s80.B06,dal_rl,44,81,6265228935,1000.01,1,80,1077525726,163.91,4157326648,4157326648,0,3055991987,
mcs10_b06_s80.A07,mcs10_b06_s80.B07,dal_rl,44,76,6303513455,1000.02,1,80,646431403,101.221,4267135880,4267135880,0,3285630788,
mcs10_b06_s80.A08,mcs10_b06_s80.B08,dal_rl,45,82,6396355365,1000.02,1,80,3123570246,477.7,4230707794,4230707794,0,3199901411,
mcs10_b06_s80.A09,mcs10_b06_s80.B09,dal_rl,44,74,6895687881,1000.02,1,80,3976569581,563.572,4770886181,4770886181,0,3630138233,
mcs10_b06_s90.A00,mcs10_b06_s90.B00,dal_rl,49,90,7330155341,1000.02,1,90,3007318668,406.027,5272905710,5272905710,0,3857539710,
mcs10_b06_s90.A01,mcs10_b06_s90.B01,dal_rl,48,89,6838136201,1000.02,1,90,849310964,110.953,4578942729,4578942729,0,3178085237,
mcs10_b06_s90.A02,mcs10_b06_s90.B02,dal_rl,47,80,6138102905,1000.02,1,90,47358205,7.20014,3911503118,3911503118,0,2965500879,
mcs10_b06_s90.A03,mcs10_b06_s90.B03,dal_rl,50,83,5968255700,1000.02,1,90,810657172,122.555,3989347982,3989347982,0,3026262464,
mcs10_b06_s90.A04,mcs10_b06_s90.B04,dal_rl,48,78,6531224787,1000.02,1,90,4554007632,682.931,4258246250,4258246250,0,2905354800,
mcs10_b06_s90.A05,mcs10_b06_s90.B05,dal_rl,47,78,7276130167,1000.02,1,90,2574771138,223.463,5100174238,5100174238,0,3702359594,
mcs10_b06_s90.A06,mcs10_b06_s90.B06,dal_rl,48,77,6165278565,1000.02,1,90,650986959,101.264,3904854450,3904854450,0,2593348480,
mcs10_b06_s90.A07,mcs10_b06_s90.B07,dal_rl,47,71,6947261671,1000.02,1,90,558138671,78.29,5248290479,5248290479,0,3867352428,
mcs10_b06_s90.A08,mcs10_b06_s90.B08,dal_rl,48,76,5596652646,1000.02,1,90,2865704295,502.25,3403878811,3403878811,0,2454801132,
mcs10_b06_s90.A09,mcs10_b06_s90.B09,dal_rl,51,89,6139504820,1000.02,1,90,5230931259,854.088,4298845173,4298845173,0,3325394267,
mcs10_b06m_s100.A00,mcs10_b06m_s100.B00,dal_rl,55,96,5663870601,1000.02,1,100,395764697,50.3143,3760954874,3760954874,0,2713267926,
mcs10_b06m_s100.A01,mcs10_b06m_s100.B01,dal_rl,54,89,5895884549,1000.02,1,100,3839816605,630.212,3898059027,3898059027,0,2833396746,
mcs10_b06m_s100.A02,mcs10_b06m_s100.B02,dal_rl,55,87,5861415900,1000.02,1,100,3570919943,611.458,3814128074,3814128074,0,2751143080,
mcs10_b06m_s100.A03,mcs10_b06m_s100.B03,dal_rl,53,99,5815402193,1000.02,1,100,10136495,1.3812,3695273735,3695273735,0,2697849694,
mcs10_b06m_s100.A04,mcs10_b06m_s100.B04,dal_rl,53,87,5633119763,1000.02,1,100,102916868,18.2383,3498958101,3498958101,0,2399053620,
mcs10_b06m_s100.A05,mcs10_b06m_s100.B05,dal_rl,55,82,5483607762,1000.02,1,100,1126166566,191.311,3482067638,3482067638,0,2705922975,
mcs10_b06m_s100.A06,mcs10_b06m_s100.B06,dal_rl,56,97,5917220174,1000.02,1,100,839534588,134.025,3937810605,3937810605,0,2832723839,
mcs10_b06m_s100.A07,mcs10_b06m_s100.B07,dal_rl,53,82,5840317748,1000.01,1,100,2636625397,437.335,3722949750,3722949750,0,2577095992,
mcs10_b06m_s100.A08,mcs10_b06m_s100.B08,dal_rl,54,104,6124080538,1000.02,1,100,3506063652,526.897,4049211646,4049211646,0,3006711530,
mcs10_b06m_s100.A09,mcs10_b06m_s100.B09,dal_rl,54,84,5598661049,1000.02,1,100,317154336,54.4285,3538722522,3538722522,0,2519669703,
mcs10_b06m_s70.A00,mcs10_b06m_s70.B00,dal_rl,40,74,5821942520,1000.02,1,70,142578876,23.0702,3761587662,3761587662,0,2780477332,
mcs10_b06m_s70.A01,mcs10_b06m_s70.B01,dal_rl,40,62,5742689683,1000.02,1,70,772575382,129.202,3623741359,3623741359,0,2770563388,
mcs10_b06m_s70.A02,mcs10_b06m_s70.B02,dal_rl,41,73,6123150054,1000.02,1,70,1801930970,284.683,4078183972,4078183972,0,3086687825,
mcs10_b06m_s70.A03,mcs10_b06m_s70.B03,dal_rl,40,78,6207548920,1000.02,1,70,4009861349,620.384,4062390665,4062390665,0,3021114952,
mcs10_b06m_s70.A04,mcs10_b06m_s70.B04,dal_rl,39,73,6340461340,1000.01,1,70,3351882555,512.723,4405985156,4405985156,0,3359208544,
mcs10_b06m_s70.A05,mcs10_b06m_s70.B05,dal_rl,40,59,5862765382,1000.02,1,70,2295089168,380.602,3769737945,3769737945,0,2863882312,
mcs10_b06m_s70.A06,mcs10_b06m_s70.B06,dal_rl,38,58,3008038309,1000.02,1,70,17708899,5.81359,1897141137,1897141137,0,1432423996,
mcs10_b06m_s70.A07,mcs10_b06m_s70.B07,dal_rl,40,56,5660311765,1000.02,1,70,3130606775,536.143,3618363200,3618363200,0,2791600947,
mcs10_b06m_s70.A08,mcs10_b06m_s70.B08,dal_rl,39,72,5435697062,1000.02,1,70,72281169,12.0313,3654345401,3654345401,0,2704617652,
mcs10_b06m_s70.A09,mcs10_b06m_s70.B09,dal_rl,40,67,5893344376,1000.02,1,70,892937111,141.192,3822819733,3822819733,0,2881784189,
mcs10_b06m_s80.A00,mcs10_b06m_s80.B00,dal_rl,44,77,2980363524,1000.01,1,80,1543513438,498.338,1848217917,1848217917,0,1342322649,
mcs10_b06m_s80.A01,mcs10_b06m_s80.B01,dal_rl,44,67,5651144971,1000.01,1,80,39350161,6.94583,3874656540,3874656540,0,2883403644,
mcs10_b06m_s80.A02,mcs10_b06m_s80.B02,dal_rl,43,75,5940666129,1000.01,1,80,1998177977,323.908,3814781653,3814781653,0,2892502157,
mcs10_b06m_s80.A03,mcs10_b06m_s80.B03,dal_rl,44,72,2888372012,1000.01,1,80,75278632,23.4767,1880135617,1880135617,0,1448894646,
mcs10_b06m_s80.A04,mcs10_b06m_s80.B04,dal_rl,45,90,5678736315,1000.01,1,80,1825749926,303.225,3784040386,3784040386,0,2838172283,
mcs10_b06m_s80.A05,mcs10_b06m_s80.B05,dal_rl,44,78,5979256473,1000.01,1,80,5012046639,838.039,3848018455,3848018455,0,2981869096,
mcs10_b06m_s80.A06,mcs10_b06m_s80.B06,dal_rl,42,69,6254492326,1000.02,1,80,538266250,82.8569,4105418995,4105418995,0,2996230388,
mcs10_b06m_s80.A07,mcs10_b06m_s80.B07,dal_rl,43,75,4863747768,1000.02,1,80,168033323,33.7982,3075197005,3075197005,0,2273711234,
mcs10_b06m_s80.A08,mcs10_b06m_s80.B08,dal_rl,45,80,5976234303,1000.02,1,80,884372363,136.873,3819019801,3819019801,0,2766377557,
mcs10_b06m_s80.A09,mcs10_b06m_s80.B09,dal_rl,43,75,5650125209,1000.02,1,80,4280458604,754.1,3622752505,3622752505,0,2764775503,
mcs10_b06m_s90.A00,mcs10_b06m_s90.B00,dal_rl,49,78,6510580344,1000.01,1,90,931787415,139.986,4435785754,4435785754,0,3243627107,
mcs10_b06m_s90.A01,mcs10_b06m_s90.B01,dal_rl,51,89,5249351227,1000.02,1,90,511925461,88.0205,3440237112,3440237112,0,2619328173,
mcs10_b06m_s90.A02,mcs10_b06m_s90.B02,dal_rl,49,98,6379002949,1000.02,1,90,3851276244,589.575,4207772892,4207772892,0,3160507616,
mcs10_b06m_s90.A03,mcs10_b06m_s90.B03,dal_rl,50,102,5137479427,1000.01,1,90,2395057523,453.441,3265790346,3265790346,0,2319670019,
mcs10_b06m_s90.A04,mcs10_b06m_s90.B04,dal_rl,50,88,5232848014,1000.02,1,90,178337221,33.4334,3364832442,3364832442,0,2339566652,
mcs10_b06m_s90.A05,mcs10_b06m_s90.B05,dal_rl,50,78,4792998256,1000.02,1,90,1098289669,206.735,3033826384,3033826384,0,2244191041,
mcs10_b06m_s90.A06,mcs10_b06m_s90.B06,dal_rl,50,88,5231480920,1000.02,1,90,1227907643,222.483,3431610378,3431610378,0,2537889110,
mcs10_b06m_s90.A07,mcs10_b06m_s90.B07,dal_rl,49,98,6510604577,1000.02,1,90,1976413005,289.099,4543501690,4543501690,0,3266175812,
mcs10_b06m_s90.A08,mcs10_b06m_s90.B08,dal_rl,51,89,6360357963,1000.02,1,90,4334512188,671.678,4329245848,4329245848,0,3153921856,
mcs10_b06m_s90.A09,mcs10_b06m_s90.B09,dal_rl,50,93,3388833185,1000.02,1,90,2938414954,854.67,2263851771,2263851771,0,1641684747,
mcs10_b09_s100.A00,mcs10_b09_s100.B00,dal_rl,43,77,2927443247,1000.01,1,100,1522246217,506.851,1761196115,1761196115,0,1323332173,
mcs10_b09_s100.A01,mcs10_b09_s100.B01,dal_rl,43,78,5905754399,1000.02,1,100,845483775,139.239,3704324702,3704324702,0,2844045693,
mcs10_b09_s100.A02,mcs10_b09_s100.B02,dal_rl,43,83,4947444493,1000.01,1,100,1871191840,363.75,2990040610,2990040610,0,2349407631,
mcs10_b09_s100.A03,mcs10_b09_s100.B03,dal_rl,42,84,5409632693,1000.01,1,100,3525552,0.660014,3353807042,3353807042,0,2597616533,
mcs10_b09_s100.A04,mcs10_b09_s100.B04,dal_rl,42,87,5566663750,1000.01,1,100,18514953,3.16422,3433216290,3433216290,0,2647140202,
mcs10_b09_s100.A05,mcs10_b09_s100.B05,dal_rl,43,79,5688758367,1000.01,1,100,424731949,79.1967,3535918345,3535918345,0,2701550214,
mcs10_b09_s100.A06,mcs10_b09_s100.B06,dal_rl,44,91,5410361720,1000,1,100,458397284,80.5336,3419648883,3419648883,0,2680134903,
mcs10_b09_s100.A07,mcs10_b09_s100.B07,dal_rl,44,96,4995351390,1000.02,1,100,367206103,69.122,3167841564,3167841564,0,2518606257,
mcs10_b09_s100.A08,mcs10_b09_s100.B08,dal_rl,44,95,5820841877,1000.02,1,100,398478414,65.397,3760209202,3760209202,0,2968507052,
mcs10_b09_s100.A09,mcs10_b09_s100.B09,dal_rl,43,90,5422619361,1000.02,1,100,4381122700,799.244,3423812704,3423812704,0,2772023048,
mcs10_b09m_s100.A00,mcs10_b09m_s100.B00,dal_rl,43,83,5097812544,1000.02,1,100,3004111543,572.598,3091544040,3091544040,0,2364874013,
mcs10_b09m_s100.A01,mcs10_b09m_s100.B01,dal_rl,43,89,5675686328,1000.02,1,100,657324718,103.458,3597087066,3597087066,0,2725459346,
mcs10_b09m_s100.A02,mcs10_b09m_s100.B02,dal_rl,42,86,5865030985,1000.03,1,100,9560339,1.62283,3724449731,3724449731,0,2837685436,
mcs10_b09m_s100.A03,mcs10_b09m_s100.B03,dal_rl,44,95,5282256453,1000.02,1,100,841801766,151.189,3293232285,3293232285,0,2597647648,
mcs10_b09m_s100.A04,mcs10_b09m_s100.B04,dal_rl,45,102,6342728999,1000.02,1,100,771566141,120.15,4258269704,4258269704,0,3322165618,
mcs10_b09m_s100.A05,mcs10_b09m_s100.B05,dal_rl,43,68,5685616955,1000.02,1,100,542589280,89.3508,3583763483,3583763483,0,2815672297,
mcs10_b09m_s100.A06,mcs10_b09m_s100.B06,dal_rl,45,89,5498956265,1000.02,1,100,442352413,76.5236,3427736673,3427736673,0,2709006396,
mcs10_b09m_s100.A07,mcs10_b09m_s100.B07,dal_rl,45,94,5527807450,1000.02,1,100,2681593381,468.913,3450959872,3450959872,0,2692324136,
mcs10_b09m_s100.A08,mcs10_b09m_s100.B08,dal_rl,44,87,5497928272,1000.02,1,100,738319842,126.365,3513077305,3513077305,0,2723451968,
mcs10_b09m_s100.A09,mcs10_b09m_s100.B09,dal_rl,42,79,5073374068,1000.02,1,100,2811081122,546.715,3144680919,3144680919,0,2440724280,
mcs10_m2D_s100.A00,mcs10_m2D_s100.B00,dal_rl,67,76,6602682740,1000.02,1,100,2171039526,320.116,4258739218,4258739218,0,3032297716,
mcs10_m2D_s100.A01,mcs10_m2D_s100.B01,dal_rl,66,74,6638835658,1000.02,1,100,440294640,56.3083,4560928977,4560928977,0,3239566892,
mcs10_m2D_s100.A02,mcs10_m2D_s100.B02,dal_rl,61,78,19987447604,1000.02,1,100,2112129999,94.3253,15126248922,15126248922,0,10265050397,
mcs10_m2D_s100.A03,mcs10_m2D_s100.B03,dal_rl,63,65,9482739287,1000.02,1,100,4866292995,448.645,8208535092,8208535092,0,6971518277,
mcs10_m2D_s100.A04,mcs10_m2D_s100.B04,dal_rl,69,86,6247581139,1000.02,1,100,594250858,67.298,4526232602,4526232602,0,3144110032,
mcs10_m2D_s100.A05,mcs10_m2D_s100.B05,dal_rl,68,93,12567620071,1000.01,1,100,12211951529,939.545,10972320897,10972320897,0,9574213981,
mcs10_m2D_s100.A06,mcs10_m2D_s100.B06,dal_rl,61,76,8530054926,1000.01,1,100,27180823,2.326,6457714299,6457714299,0,4507682608,
mcs10_m2D_s100.A07,mcs10_m2D_s100.B07,dal_rl,59,72,8273816606,1000.02,1,100,410713880,39.8452,6457245142,6457245142,0,4747132978,
mcs10_m2D_s100.A08,mcs10_m2D_s100.B08,dal_rl,68,85,8015583493,1000.02,1,100,4658526748,372.573,6772372274,6772372274,0,5804381483,
mcs10_m2D_s100.A09,mcs10_m2D_s100.B09,dal_rl,65,75,11719116499,1000.02,1,100,9989619363,754.473,9443767538,9443767538,0,7304121566,
mcs10_m2D_s40.A00,mcs10_m2D_s40.B00,dal_rl,30,32,173450520,25.7897,0,40,66267425,9.47241,120403532,120403532,0,88107134,
mcs10_m2D_s40.A01,mcs10_m2D_s40.B01,dal_rl,30,34,320171203,46.781,0,40,96928353,13.5389,223990192,223990192,0,161885695,
mcs10_m2D_s40.A02,mcs10_m2D_s40.B02,dal_rl,30,38,392085158,61.096,0,40,199865500,30.7005,256762739,256762739,0,172255511,
mcs10_m2D_s40.A03,mcs10_m2D_s40.B03,dal_rl,30,36,308526584,48.8126,0,40,78082398,10.5854,216088647,216088647,0,150646938,
mcs10_m2D_s40.A04,mcs10_m2D_s40.B04,dal_rl,30,38,174864914,24.4337,0,40,35096513,4.34838,121886209,121886209,0,86004844,
mcs10_m2D_s40.A05,mcs10_m2D_s40.B05,dal_rl,30,39,1171951570,169.541,0,40,571385577,80.3324,781667174,781667174,0,539932225,
mcs10_m2D_s40.A06,mcs10_m2D_s40.B06,dal_rl,31,34,353258189,48.308,0,40,340581398,46.4457,236482095,236482095,0,162200886,
mcs10_m2D_s40.A07,mcs10_m2D_s40.B07,dal_rl,30,37,189781342,27.4597,0,40,63649847,8.85086,130616190,130616190,0,94700846,
mcs10_m2D_s40.A08,mcs10_m2D_s40.B08,dal_rl,30,39,418420385,59.3822,0,40,141782926,19.472,294456376,294456376,0,217880878,
mcs10_m2D_s40.A09,mcs10_m2D_s40.B09,dal_rl,30,35,483815939,68.2567,0,40,161312146,22.0118,333822347,333822347,0,236725319,
mcs10_m2D_s50.A00,mcs10_m2D_s50.B00,dal_rl,37,44,6573580821,1000.02,1,50,14554555,1.93604,4663631538,4663631538,0,3459086374,
mcs10_m2D_s50.A01,mcs10_m2D_s50.B01,dal_rl,37,49,3562529010,1000.01,1,50,804440774,210.753,2555689631,2555689631,0,1856039703,
mcs10_m2D_s50.A02,mcs10_m2D_s50.B02,dal_rl,37,46,6717949691,1000.02,1,50,1035972680,145.806,4600550540,4600550540,0,3244892958,
mcs10_m2D_s50.A03,mcs10_m2D_s50.B03,dal_rl,38,49,6847130740,1000.02,1,50,5745509968,831.55,4734237761,4734237761,0,3305372789,
mcs10_m2D_s50.A04,mcs10_m2D_s50.B04,dal_rl,37,48,6770165620,1000.01,1,50,1768179440,249.872,4749735018,4749735018,0,3339582731,
mcs10_m2D_s50.A05,mcs10_m2D_s50.B05,dal_rl,37,49,6569319339,1000.03,1,50,81642440,10.9933,4666991371,4666991371,0,3439381954,
mcs10_m2D_s50.A06,mcs10_m2D_s50.B06,dal_rl,38,52,3589511974,563.605,0,50,45626568,6.60794,2559801302,2559801302,0,1912350329,
mcs10_m2D_s50.A07,mcs10_m2D_s50.B07,dal_rl,37,48,6515629128,1000.02,1,50,4676484022,664.875,5226934338,5226934338,0,4149721280,
mcs10_m2D_s50.A08,mcs10_m2D_s50.B08,dal_rl,37,47,5889651750,1000.02,1,50,336927660,54.52,4239696850,4239696850,0,3028972295,
mcs10_m2D_s50.A09,mcs10_m2D_s50.B09,dal_rl,38,44,6879627794,1000.02,1,50,216161636,28.7085,4694178342,4694178342,0,3079040538,
mcs10_m2D_s60.A00,mcs10_m2D_s60.B00,dal_rl,44,58,6469400602,1000.02,1,60,246224641,33.4488,4506502761,4506502761,0,3152132589,
mcs10_m2D_s60.A01,mcs10_m2D_s60.B01,dal_rl,44,60,6077765903,1000.02,1,60,873941207,132.165,4395584784,4395584784,0,3162051295,
mcs10_m2D_s60.A02,mcs10_m2D_s60.B02,dal_rl,44,57,6849460185,1000.02,1,60,2089805765,308.54,4668695939,4668695939,0,3176546690,
mcs10_m2D_s60.A03,mcs10_m2D_s60.B03,dal_rl,41,51,3556939288,1000.01,1,60,118000349,33.8212,2481266324,2481266324,0,1717380038,
mcs10_m2D_s60.A04,mcs10_m2D_s60.B04,dal_rl,44,56,6820271347,1000.02,1,60,972267753,136.341,4772524411,4772524411,0,3388813595,
mcs10_m2D_s60.A05,mcs10_m2D_s60.B05,dal_rl,43,55,10319424277,1000.02,1,60,10022404237,950.896,8100233717,8100233717,0,6069621905,
mcs10_m2D_s60.A06,mcs10_m2D_s60.B06,dal_rl,43,47,6854997681,1000.02,1,60,5804817223,840.21,4855890288,4855890288,0,3399660268,
mcs10_m2D_s60.A07,mcs10_m2D_s60.B07,dal_rl,42,47,3545682570,1000.02,1,60,8960193,2.14889,2500887877,2500887877,0,1767862815,
mcs10_m2D_s60.A08,mcs10_m2D_s60.B08,dal_rl,44,61,6117093164,1000.02,1,60,14722657,2.12802,4279590586,4279590586,0,3156951866,
mcs10_m2D_s60.A09,mcs10_m2D_s60.B09,dal_rl,44,56,6786540332,1000.01,1,60,3286143338,470.56,4724831661,4724831661,0,3298162322,
mcs10_m2D_s70.A00,mcs10_m2D_s70.B00,dal_rl,49,61,6611298386,1000.02,1,70,38732782,5.41496,4742500752,4742500752,0,3393013329,
mcs10_m2D_s70.A01,mcs10_m2D_s70.B01,dal_rl,40,49,24456543651,1000.02,1,70,5388,0.000762021,18048511769,18048511769,0,11640479745,
mcs10_m2D_s70.A02,mcs10_m2D_s70.B02,dal_rl,48,53,6952464156,1000.01,1,70,1115733259,150.816,4450316916,4450316916,0,3049882175,
mcs10_m2D_s70.A03,mcs10_m2D_s70.B03,dal_rl,42,47,9736414159,1000.01,1,70,5635592690,575.811,7213505648,7213505648,0,4896593856,
mcs10_m2D_s70.A04,mcs10_m2D_s70.B04,dal_rl,50,63,6793492101,1000.01,1,70,4665680896,684.187,4797420321,4797420321,0,3367276691,
mcs10_m2D_s70.A05,mcs10_m2D_s70.B05,dal_rl,49,67,7036087474,1000.01,1,70,1627479782,200.466,5494268799,5494268799,0,4298525321,
mcs10_m2D_s70.A06,mcs10_m2D_s70.B06,dal_rl,49,63,8129669102,1000.02,1,70,4030057147,268.825,6150920578,6150920578,0,4659072226,
mcs10_m2D_s70.A07,mcs10_m2D_s70.B07,dal_rl,50,73,6899664043,1000.01,1,70,3715906265,512.136,4948925967,4948925967,0,3475707607,
mcs10_m2D_s70.A08,mcs10_m2D_s70.B08,dal_rl,51,74,6588394286,1000.01,1,70,5305781247,793.544,4617833654,4617833654,0,3286118737,
mcs10_m2D_s70.A09,mcs10_m2D_s70.B09,dal_rl,48,65,16836853903,1000.01,1,70,1067637750,168.707,13532416989,13532416989,0,10357092305,
mcs10_m2D_s80.A00,mcs10_m2D_s80.B00,dal_rl,55,64,6417244538,1000.02,1,80,1997763233,277.631,4882636142,4882636142,0,3859739856,
mcs10_m2D_s80.A01,mcs10_m2D_s80.B01,dal_rl,51,62,15752958393,1000.02,1,80,13685602516,802.957,13266078690,13266078690,0,10807971226,
mcs10_m2D_s80.A02,mcs10_m2D_s80.B02,dal_rl,56,65,14821015189,1000.02,1,80,24131882,2.82204,13074112712,13074112712,0,11350305606,
mcs10_m2D_s80.A03,mcs10_m2D_s80.B03,dal_rl,49,63,12697482259,1000.02,1,80,134809,0.0114922,9310762984,9310762984,0,5932266854,
mcs10_m2D_s80.A04,mcs10_m2D_s80.B04,dal_rl,56,71,5153138375,1000.01,1,80,813382294,155.64,3609927076,3609927076,0,2374566115,
mcs10_m2D_s80.A05,mcs10_m2D_s80.B05,dal_rl,56,87,5294177795,1000.02,1,80,7728278,1.17394,3870816997,3870816997,0,2892323808,
mcs10_m2D_s80.A06,mcs10_m2D_s80.B06,dal_rl,56,70,5214306416,1000.02,1,80,2585101581,484.967,3854227387,3854227387,0,2870470444,
mcs10_m2D_s80.A07,mcs10_m2D_s80.B07,dal_rl,55,70,8840865360,1000.02,1,80,4902053938,381.786,6718086665,6718086665,0,4960790513,
mcs10_m2D_s80.A08,mcs10_m2D_s80.B08,dal_rl,55,51,6877219185,1000.02,1,80,278946527,38.6046,4705269615,4705269615,0,3314818523,
mcs10_m2D_s80.A09,mcs10_m2D_s80.B09,dal_rl,57,72,3896621428,1000.01,1,80,1738768073,337.906,2781638200,2781638200,0,1972401972,
mcs10_m2D_s90.A00,mcs10_m2D_s90.B00,dal_rl,52,64,8513935427,1000.01,1,90,4227546729,443.337,7162103704,7162103704,0,6010040421,
mcs10_m2D_s90.A01,mcs10_m2D_s90.B01,dal_rl,59,63,6948089606,1000.02,1,90,3094332678,429.182,5222016640,5222016640,0,3958091074,
mcs10_m2D_s90.A02,mcs10_m2D_s90.B02,dal_rl,53,72,20356669894,1000.02,1,90,3493,0.00029262,17208594301,17208594301,0,14327835759,
mcs10_m2D_s90.A03,mcs10_m2D_s90.B03,dal_rl,59,56,8558459914,1000.01,1,90,7687553923,882.998,6688659323,6688659323,0,5008120152,
mcs10_m2D_s90.A04,mcs10_m2D_s90.B04,dal_rl,62,79,6732706707,1000.02,1,90,1178783349,146.196,4978441391,4978441391,0,3637199041,
mcs10_m2D_s90.A05,mcs10_m2D_s90.B05,dal_rl,62,68,7167549000,1000.01,1,90,1543885285,174.433,4725534691,4725534691,0,3346144504,
mcs10_m2D_s90.A06,mcs10_m2D_s90.B06,dal_rl,63,80,6475890124,1000.02,1,90,1745435284,250.573,4669041195,4669041195,0,3465017354,
mcs10_m2D_s90.A07,mcs10_m2D_s90.B07,dal_rl,52,61,17195086294,1000.02,1,90,16100673075,929.246,14208247291,14208247291,0,11539098796,
mcs10_m2D_s90.A08,mcs10_m2D_s90.B08,dal_rl,56,68,17061706404,1000.02,1,90,14671190936,845.795,14358291255,14358291255,0,11956579429,
mcs10_m2D_s90.A09,mcs10_m2D_s90.B09,dal_rl,62,81,7501628673,1000.01,1,90,3318069337,385.168,5594882747,5594882747,0,3866574794,
mcs10_m2Dr2_s100.A00,mcs10_m2Dr2_s100.B00,dal_rl,65,84,7150775138,1000.02,1,100,6646344132,924.563,4989776806,4989776806,0,3495574832,
mcs10_m2Dr2_s100.A01,mcs10_m2Dr2_s100.B01,dal_rl,62,85,14086350891,1000.02,1,100,9505668714,670.036,11675100626,11675100626,0,9263998439,
mcs10_m2Dr2_s100.A02,mcs10_m2Dr2_s100.B02,dal_rl,64,80,6592846525,1000.02,1,100,1833887086,262.331,4502119054,4502119054,0,3215956300,
mcs10_m2Dr2_s100.A03,mcs10_m2Dr2_s100.B03,dal_rl,64,87,6293485664,1000.02,1,100,5366688040,836.823,3868516411,3868516411,0,2605612369,
mcs10_m2Dr2_s100.A04,mcs10_m2Dr2_s100.B04,dal_rl,65,95,7428702661,1000.02,1,100,6091544930,814.824,4803980884,4803980884,0,3249610999,
mcs10_m2Dr2_s100.A05,mcs10_m2Dr2_s100.B05,dal_rl,64,88,11441106236,1000,1,100,7842956319,471.651,9394466027,9394466027,0,7664665956,
mcs10_m2Dr2_s100.A06,mcs10_m2Dr2_s100.B06,dal_rl,59,78,18676134425,1000.02,1,100,58341401,3.07959,16142311841,16142311841,0,13733706741,
mcs10_m2Dr2_s100.A07,mcs10_m2Dr2_s100.B07,dal_rl,56,69,13446216762,1000.02,1,100,474531800,28.2118,11734475839,11734475839,0,10078949331,
mcs10_m2Dr2_s100.A08,mcs10_m2Dr2_s100.B08,dal_rl,66,87,6260555777,1000,1,100,2292930299,349.211,4320543610,4320543610,0,2930651672,
mcs10_m2Dr2_s100.A09,mcs10_m2Dr2_s100.B09,dal_rl,55,64,12646174873,1000.02,1,100,10973088085,869.878,10861195771,10861195771,0,9191640682,
mcs10_m2Dr2_s70.A00,mcs10_m2Dr2_s70.B00,dal_rl,47,59,6193189460,1000.02,1,70,44312371,6.90826,4246301891,4246301891,0,2962022504,
mcs10_m2Dr2_s70.A01,mcs10_m2Dr2_s70.B01,dal_rl,46,65,6353363490,1000.02,1,70,183140081,27.5435,4522206871,4522206871,0,3225085660,
mcs10_m2Dr2_s70.A02,mcs10_m2Dr2_s70.B02,dal_rl,48,67,6506655613,1000.01,1,70,689157719,69.6622,4699697671,4699697671,0,3561639494,
mcs10_m2Dr2_s70.A03,mcs10_m2Dr2_s70.B03,dal_rl,46,61,6621204752,1000.02,1,70,913419694,137.187,4919968966,4919968966,0,3576261739,
mcs10_m2Dr2_s70.A04,mcs10_m2Dr2_s70.B04,dal_rl,48,65,6163014447,1000.02,1,70,3824191786,610.044,4316167795,4316167795,0,3185269449,
mcs10_m2Dr2_s70.A05,mcs10_m2Dr2_s70.B05,dal_rl,47,63,5919391140,1000.01,1,70,488917329,74.5319,4010048298,4010048298,0,2803305435,
mcs10_m2Dr2_s70.A06,mcs10_m2Dr2_s70.B06,dal_rl,48,61,5871497071,1000.01,1,70,231987987,36.0403,4076093178,4076093178,0,2897008843,
mcs10_m2Dr2_s70.A07,mcs10_m2Dr2_s70.B07,dal_rl,48,61,6137260129,1000.01,1,70,3820033323,600.462,4506943360,4506943360,0,3286731852,
mcs10_m2Dr2_s70.A08,mcs10_m2Dr2_s70.B08,dal_rl,48,62,6152456756,1000.01,1,70,4557828510,723.044,4635298679,4635298679,0,3442709219,
mcs10_m2Dr2_s70.A09,mcs10_m2Dr2_s70.B09,dal_rl,49,64,6518834498,1000.02,1,70,1471775658,214.989,4456421532,4456421532,0,3066463454,
mcs10_m2Dr2_s80.A00,mcs10_m2Dr2_s80.B00,dal_rl,54,81,6447358254,1000.02,1,80,2252343604,318.971,4247000647,4247000647,0,3018611267,
mcs10_m2Dr2_s80.A01,mcs10_m2Dr2_s80.B01,dal_rl,53,68,3493692955,1000.01,1,80,141628947,41.0288,2304501126,2304501126,0,1567506111,
mcs10_m2Dr2_s80.A02,mcs10_m2Dr2_s80.B02,dal_rl,52,74,6548110208,1000.02,1,80,1146671334,171.941,4310911743,4310911743,0,2911394023,
mcs10_m2Dr2_s80.A03,mcs10_m2Dr2_s80.B03,dal_rl,54,76,6551632954,1000.01,1,80,2791326456,421.426,4543174649,4543174649,0,3406979898,
mcs10_m2Dr2_s80.A04,mcs10_m2Dr2_s80.B04,dal_rl,52,68,7444004383,1000.02,1,80,2539544337,223,5620752000,5620752000,0,4272318453,
mcs10_m2Dr2_s80.A05,mcs10_m2Dr2_s80.B05,dal_rl,52,74,7009059040,1000.02,1,80,2491120197,317.326,5167139238,5167139238,0,3807563815,
mcs10_m2Dr2_s80.A06,mcs10_m2Dr2_s80.B06,dal_rl,53,70,8817748356,1000.02,1,80,5852749106,543.743,6725277982,6725277982,0,5219315007,
mcs10_m2Dr2_s80.A07,mcs10_m2Dr2_s80.B07,dal_rl,54,72,5785988791,1000.02,1,80,3000413284,503.904,4025848904,4025848904,0,2829774402,
mcs10_m2Dr2_s80.A08,mcs10_m2Dr2_s80.B08,dal_rl,50,56,6029976974,1000.02,1,80,2393466706,385.987,4415090973,4415090973,0,3016856360,
mcs10_m2Dr2_s80.A09,mcs10_m2Dr2_s80.B09,dal_rl,53,82,6897719899,1000.02,1,80,424658039,53.8714,4603004915,4603004915,0,2912458129,
mcs10_m2Dr2_s90.A00,mcs10_m2Dr2_s90.B00,dal_rl,61,81,8262250008,1000.02,1,90,4039564103,325.461,6360664926,6360664926,0,4861476151,
mcs10_m2Dr2_s90.A01,mcs10_m2Dr2_s90.B01,dal_rl,52,60,9105903372,1000.01,1,90,1076652620,108.658,7820264884,7820264884,0,6550445355,
mcs10_m2Dr2_s90.A02,mcs10_m2Dr2_s90.B02,dal_rl,61,87,6393272612,1000.02,1,90,3285913432,492.239,4311825875,4311825875,0,3028326320,
mcs10_m2Dr2_s90.A03,mcs10_m2Dr2_s90.B03,dal_rl,54,83,9818410780,1000.01,1,90,7151893,0.495925,8295283978,8295283978,0,6776673047,
mcs10_m2Dr2_s90.A04,mcs10_m2Dr2_s90.B04,dal_rl,54,74,15452087443,1000.02,1,90,19580066,1.10073,13021374327,13021374327,0,10645167428,
mcs10_m2Dr2_s90.A05,mcs10_m2Dr2_s90.B05,dal_rl,61,84,6924357301,1000.01,1,90,4411377498,619.473,4558483748,4558483748,0,3165858313,
mcs10_m2Dr2_s90.A06,mcs10_m2Dr2_s90.B06,dal_rl,60,75,3386474327,1000.02,1,90,2041338450,592.377,2317975343,2317975343,0,1623646662,
mcs10_m2Dr2_s90.A07,mcs10_m2Dr2_s90.B07,dal_rl,57,68,8650985289,1000.02,1,90,8604949225,992.816,6469246711,6469246711,0,4737793327,
mcs10_m2Dr2_s90.A08,mcs10_m2Dr2_s90.B08,dal_rl,61,85,6662244743,1000.02,1,90,1790375489,264.086,4554122541,4554122541,0,2980111950,
mcs10_m2Dr2_s90.A09,mcs10_m2Dr2_s90.B09,dal_rl,60,80,6156922268,1000.02,1,90,152581958,22.1359,3884172728,3884172728,0,2648700151,
mcs10_m2Dr4_s100.A00,mcs10_m2Dr4_s100.B00,dal_rl,60,92,6691976002,1000.02,1,100,887853341,102.601,5044861975,5044861975,0,3943970302,
mcs10_m2Dr4_s100.A01,mcs10_m2Dr4_s100.B01,dal_rl,62,84,6594901246,1000.01,1,100,1147188676,165.359,4423661445,4423661445,0,3107341532,
mcs10_m2Dr4_s100.A02,mcs10_m2Dr4_s100.B02,dal_rl,61,90,8590983905,1000.02,1,100,5454192959,546.136,5877648169,5877648169,0,4119138289,
mcs10_m2Dr4_s100.A03,mcs10_m2Dr4_s100.B03,dal_rl,61,82,7029323425,1000.02,1,100,6170612123,875.044,5056451731,5056451731,0,3525727604,
mcs10_m2Dr4_s100.A04,mcs10_m2Dr4_s100.B04,dal_rl,56,74,16255264630,1000.02,1,100,3447211967,180.897,13189462280,13189462280,0,10291829002,
mcs10_m2Dr4_s100.A05,mcs10_m2Dr4_s100.B05,dal_rl,55,80,15822961780,1000.01,1,100,4597140415,280.917,13128991305,13128991305,0,10510356957,
mcs10_m2Dr4_s100.A06,mcs10_m2Dr4_s100.B06,dal_rl,60,89,6130254593,1000.02,1,100,221948529,33.0473,4504930764,4504930764,0,3539192204,
mcs10_m2Dr4_s100.A07,mcs10_m2Dr4_s100.B07,dal_rl,64,84,7674056245,1000.02,1,100,2420611462,167.401,5489665863,5489665863,0,4137222029,
mcs10_m2Dr4_s100.A08,mcs10_m2Dr4_s100.B08,dal_rl,62,92,6597272068,1000.02,1,100,1468816185,207.05,4173336853,4173336853,0,2827929317,
mcs10_m2Dr4_s100.A09,mcs10_m2Dr4_s100.B09,dal_rl,58,87,12944889098,1000.02,1,100,1643396737,101.594,11584791268,11584791268,0,10486312764,
mcs10_m2Dr4_s40.A00,mcs10_m2Dr4_s40.B00,dal_rl,29,45,314427411,46.7608,0,40,284196899,41.9504,215914178,215914178,0,162394017,
mcs10_m2Dr4_s40.A01,mcs10_m2Dr4_s40.B01,dal_rl,29,41,834411588,122.031,0,40,587108652,83.993,569522717,569522717,0,418956831,
mcs10_m2Dr4_s40.A02,mcs10_m2Dr4_s40.B02,dal_rl,28,35,1153149119,173.21,0,40,442565710,63.6107,768551505,768551505,0,564914521,
mcs10_m2Dr4_s40.A03,mcs10_m2Dr4_s40.B03,dal_rl,28,45,2204374106,322.375,0,40,771735048,108.58,1470883773,1470883773,0,1062905189,
mcs10_m2Dr4_s40.A04,mcs10_m2Dr4_s40.B04,dal_rl,28,36,2266863479,403.583,0,40,793440771,136.925,1543740759,1543740759,0,1123320060,
mcs10_m2Dr4_s40.A05,mcs10_m2Dr4_s40.B05,dal_rl,28,45,776665788,120.898,0,40,23534196,3.32546,520617339,520617339,0,387108700,
mcs10_m2Dr4_s40.A06,mcs10_m2Dr4_s40.B06,dal_rl,27,39,5537767662,771.495,0,40,342776,0.0439614,3776492445,3776492445,0,2720192219,
mcs10_m2Dr4_s40.A07,mcs10_m2Dr4_s40.B07,dal_rl,28,41,2691935169,391.947,0,40,1782340913,254.13,1793704089,1793704089,0,1310973183,
mcs10_m2Dr4_s40.A08,mcs10_m2Dr4_s40.B08,dal_rl,28,46,422279315,62.1061,0,40,806029,0.100917,293201437,293201437,0,218788517,
mcs10_m2Dr4_s40.A09,mcs10_m2Dr4_s40.B09,dal_rl,28,38,3489205912,520.395,0,40,16716496,2.22774,2379680594,2379680594,0,1782428509,
mcs10_m2Dr4_s50.A00,mcs10_m2Dr4_s50.B00,dal_rl,34,49,6326438824,1000.02,1,50,107415760,15.526,4363484890,4363484890,0,3223119841,
mcs10_m2Dr4_s50.A01,mcs10_m2Dr4_s50.B01,dal_rl,35,50,6620965132,1000.02,1,50,1492878978,206.183,4491818110,4491818110,0,3235886745,
mcs10_m2Dr4_s50.A02,mcs10_m2Dr4_s50.B02,dal_rl,34,53,6882940345,1000.02,1,50,849925579,116.321,4732830114,4732830114,0,3479836487,
mcs10_m2Dr4_s50.A03,mcs10_m2Dr4_s50.B03,dal_rl,34,50,6505477209,1000.01,1,50,1806272317,291.043,4459895964,4459895964,0,3322257890,
mcs10_m2Dr4_s50.A04,mcs10_m2Dr4_s50.B04,dal_rl,35,50,6722897398,1000.01,1,50,2911136111,418.673,4622222849,4622222849,0,3423320020,
mcs10_m2Dr4_s50.A05,mcs10_m2Dr4_s50.B05,dal_rl,34,47,5675704638,1000.01,1,50,35750342,5.94528,3823727166,3823727166,0,2741811614,
mcs10_m2Dr4_s50.A06,mcs10_m2Dr4_s50.B06,dal_rl,34,47,5352754082,1000.01,1,50,196998779,35.6636,3532106808,3532106808,0,2496395285,
mcs10_m2Dr4_s50.A07,mcs10_m2Dr4_s50.B07,dal_rl,34,47,5619138403,1000.02,1,50,2947429200,513.339,3784066216,3784066216,0,2707040301,
mcs10_m2Dr4_s50.A08,mcs10_m2Dr4_s50.B08,dal_rl,34,44,5884327142,1000.01,1,50,34269076,5.25636,4104813886,4104813886,0,2958708367,
mcs10_m2Dr4_s50.A09,mcs10_m2Dr4_s50.B09,dal_rl,34,47,5598703075,1000.02,1,50,781732758,135.037,3717514625,3717514625,0,2665787179,
mcs10_m2Dr4_s60.A00,mcs10_m2Dr4_s60.B00,dal_rl,41,55,6634880863,1000.02,1,60,2573277339,383.372,4513360467,4513360467,0,3109473186,
mcs10_m2Dr4_s60.A01,mcs10_m2Dr4_s60.B01,dal_rl,39,49,6725113053,1000.02,1,60,10483513,1.61212,4508625226,4508625226,0,3165511785,
mcs10_m2Dr4_s60.A02,mcs10_m2Dr4_s60.B02,dal_rl,40,60,3239239633,1000.02,1,60,642618713,189.666,2133647206,2133647206,0,1556598469,
mcs10_m2Dr4_s60.A03,mcs10_m2Dr4_s60.B03,dal_rl,39,44,3285299379,1000.01,1,60,903316889,256.163,2211415572,2211415572,0,1659962223,
mcs10_m2Dr4_s60.A04,mcs10_m2Dr4_s60.B04,dal_rl,39,63,6772480659,1000.01,1,60,406131290,52.5537,4602129480,4602129480,0,3322548726,
mcs10_m2Dr4_s60.A05,mcs10_m2Dr4_s60.B05,dal_rl,40,62,6754574346,1000.01,1,60,4034525476,579.995,4463641227,4463641227,0,3262965974,
mcs10_m2Dr4_s60.A06,mcs10_m2Dr4_s60.B06,dal_rl,40,62,6752005965,1000.02,1,60,5205712487,765.756,4559580126,4559580126,0,3298989378,
mcs10_m2Dr4_s60.A07,mcs10_m2Dr4_s60.B07,dal_rl,41,58,6423328298,1000.02,1,60,56823115,7.77411,4363521058,4363521058,0,3099740664,
mcs10_m2Dr4_s60.A08,mcs10_m2Dr4_s60.B08,dal_rl,40,53,6529846644,1000.01,1,60,565303791,83.5095,4496648601,4496648601,0,3391728710,
mcs10_m2Dr4_s60.A09,mcs10_m2Dr4_s60.B09,dal_rl,41,63,6941501047,1000.02,1,60,6607463907,948.833,5042950327,5042950327,0,3658769751,
mcs10_m2Dr4_s70.A00,mcs10_m2Dr4_s70.B00,dal_rl,47,76,6535169795,1000.02,1,70,1144565945,170.894,4441896257,4441896257,0,3219507322,
mcs10_m2Dr4_s70.A01,mcs10_m2Dr4_s70.B01,dal_rl,45,69,6467913762,1000.01,1,70,1612705698,241.606,4344993279,4344993279,0,3191058038,
mcs10_m2Dr4_s70.A02,mcs10_m2Dr4_s70.B02,dal_rl,45,69,6456078890,1000.02,1,70,1794409528,268.952,4284359720,4284359720,0,3027842875,
mcs10_m2Dr4_s70.A03,mcs10_m2Dr4_s70.B03,dal_rl,45,66,6866323104,1000.01,1,70,22116371,2.54648,4692386341,4692386341,0,3317097082,
mcs10_m2Dr4_s70.A04,mcs10_m2Dr4_s70.B04,dal_rl,45,60,6642765273,1000.01,1,70,1508925671,219.448,4223176410,4223176410,0,3064115858,
mcs10_m2Dr4_s70.A05,mcs10_m2Dr4_s70.B05,dal_rl,43,63,6853797120,1000.02,1,70,587139908,81.755,4799052110,4799052110,0,3526844903,
mcs10_m2Dr4_s70.A06,mcs10_m2Dr4_s70.B06,dal_rl,45,65,6960195863,1000.01,1,70,142831651,19.5762,4754040825,4754040825,0,3322213848,
mcs10_m2Dr4_s70.A07,mcs10_m2Dr4_s70.B07,dal_rl,45,64,7123555594,1000.02,1,70,12483594,1.61377,4866505308,4866505308,0,3247705873,
mcs10_m2Dr4_s70.A08,mcs10_m2Dr4_s70.B08,dal_rl,47,71,6390877290,1000.02,1,70,1219489369,182.369,4487760026,4487760026,0,3238170416,
mcs10_m2Dr4_s70.A09,mcs10_m2Dr4_s70.B09,dal_rl,47,77,6529921096,1000.02,1,70,650488005,85.7519,4477483283,4477483283,0,3223116344,
mcs10_m2Dr4_s80.A00,mcs10_m2Dr4_s80.B00,dal_rl,51,80,6717172432,1000.02,1,80,4065609492,592.951,4472716519,4472716519,0,3087377434,
mcs10_m2Dr4_s80.A01,mcs10_m2Dr4_s80.B01,dal_rl,52,67,6315428082,1000.01,1,80,1283343194,193.399,4283423162,4283423162,0,3014803977,
mcs10_m2Dr4_s80.A02,mcs10_m2Dr4_s80.B02,dal_rl,52,80,6858617744,1000.02,1,80,1525384222,204.959,4538591597,4538591597,0,3051649689,
mcs10_m2Dr4_s80.A03,mcs10_m2Dr4_s80.B03,dal_rl,52,77,6022733914,1000.02,1,80,1017015876,159.419,3926381201,3926381201,0,2776581215,
mcs10_m2Dr4_s80.A04,mcs10_m2Dr4_s80.B04,dal_rl,51,71,12020776033,1000.02,1,80,4803741206,336.931,10302705153,10302705153,0,8630981766,
mcs10_m2Dr4_s80.A05,mcs10_m2Dr4_s80.B05,dal_rl,50,79,6391355300,1000.02,1,80,19962823,2.78236,4319700972,4319700972,0,2972615504,
mcs10_m2Dr4_s80.A06,mcs10_m2Dr4_s80.B06,dal_rl,48,71,6487214811,1000.02,1,80,169627668,26.0909,4361184311,4361184311,0,3102765598,
mcs10_m2Dr4_s80.A07,mcs10_m2Dr4_s80.B07,dal_rl,50,78,6549093187,1000.02,1,80,1760591370,226.754,4442510885,4442510885,0,3065276390,
mcs10_m2Dr4_s80.A08,mcs10_m2Dr4_s80.B08,dal_rl,50,79,8469564695,1000.01,1,80,5763599272,547.875,6585312129,6585312129,0,5263601925,
mcs10_m2Dr4_s80.A09,mcs10_m2Dr4_s80.B09,dal_rl,52,78,5638324207,1000.02,1,80,1867711076,311.589,3558241952,3558241952,0,2495839429,
mcs10_m2Dr4_s90.A00,mcs10_m2Dr4_s90.B00,dal_rl,52,75,17851432847,1000.02,1,90,73974775,4.40484,15180471847,15180471847,0,12509510751,
mcs10_m2Dr4_s90.A01,mcs10_m2Dr4_s90.B01,dal_rl,55,83,10527819995,1000.01,1,90,7631835082,501.365,8150363604,8150363604,0,6170197932,
mcs10_m2Dr4_s90.A02,mcs10_m2Dr4_s90.B02,dal_rl,55,75,6406632497,1000.02,1,90,3798804806,580.031,4173554568,4173554568,0,2867171051,
mcs10_m2Dr4_s90.A03,mcs10_m2Dr4_s90.B03,dal_rl,54,84,5798243003,1000.02,1,90,402118091,67.9468,4278794308,4278794308,0,3298669922,
mcs10_m2Dr4_s90.A04,mcs10_m2Dr4_s90.B04,dal_rl,50,67,8926332063,1000.02,1,90,100395,0.0195387,7317560215,7317560215,0,5751553167,
mcs10_m2Dr4_s90.A05,mcs10_m2Dr4_s90.B05,dal_rl,54,86,6745132931,1000.01,1,90,5474567529,801.276,4442224243,4442224243,0,2943092823,
mcs10_m2Dr4_s90.A06,mcs10_m2Dr4_s90.B06,dal_rl,58,81,6602197419,1000.02,1,90,3367010041,502.965,4377127335,4377127335,0,2906146021,
mcs10_m2Dr4_s90.A07,mcs10_m2Dr4_s90.B07,dal_rl,53,77,15488719434,1000.02,1,90,10468737008,580.093,13191809827,13191809827,0,10897501156,
mcs10_m2Dr4_s90.A08,mcs10_m2Dr4_s90.B08,dal_rl,57,91,6427297126,1000.01,1,90,2460850688,372.575,4157308274,4157308274,0,2899747608,
mcs10_m2Dr4_s90.A09,mcs10_m2Dr4_s90.B09,dal_rl,54,64,7124451088,1000.02,1,90,2988698466,413.545,4795863140,4795863140,0,3275641687,
mcs10_m2Dr6_s100.A00,mcs10_m2Dr6_s100.B00,dal_rl,56,79,5273935029,1000.02,1,100,146314916,26.6268,3497270057,3497270057,0,2594321692,
mcs10_m2Dr6_s100.A01,mcs10_m2Dr6_s100.B01,dal_rl,60,87,5268955318,1000.02,1,100,701602342,118.484,3299926969,3299926969,0,2200275512,
mcs10_m2Dr6_s100.A02,mcs10_m2Dr6_s100.B02,dal_rl,58,85,6675900451,1000.02,1,100,6365131201,951.176,4300252778,4300252778,0,2858172928,
mcs10_m2Dr6_s100.A03,mcs10_m2Dr6_s100.B03,dal_rl,58,84,6181428390,1000.02,1,100,200093358,21.5501,3986040777,3986040777,0,2870440298,
mcs10_m2Dr6_s100.A04,mcs10_m2Dr6_s100.B04,dal_rl,60,80,7093314508,1000.02,1,100,5903321666,822.506,4585145840,4585145840,0,3080613405,
mcs10_m2Dr6_s100.A05,mcs10_m2Dr6_s100.B05,dal_rl,59,102,3537448752,1000.01,1,100,2647868297,735.071,2336757442,2336757442,0,1693628662,
mcs10_m2Dr6_s100.A06,mcs10_m2Dr6_s100.B06,dal_rl,61,93,6045211712,1000.02,1,100,960371662,167.656,3808637690,3808637690,0,2396112123,
mcs10_m2Dr6_s100.A07,mcs10_m2Dr6_s100.B07,dal_rl,59,86,5705257609,1000.01,1,100,3073033866,535.621,3791373281,3791373281,0,2621520601,
mcs10_m2Dr6_s100.A08,mcs10_m2Dr6_s100.B08,dal_rl,59,75,6064399970,1000.02,1,100,135779099,21.4731,3745582202,3745582202,0,2554289275,
mcs10_m2Dr6_s100.A09,mcs10_m2Dr6_s100.B09,dal_rl,60,94,6870944594,1000.02,1,100,1070941722,129.733,4511850165,4511850165,0,3121559942,
mcs10_m2Dr6_s40.A00,mcs10_m2Dr6_s40.B00,dal_rl,27,44,1791341870,550.158,0,40,355416940,105.529,1195517341,1195517341,0,883831323,
mcs10_m2Dr6_s40.A01,mcs10_m2Dr6_s40.B01,dal_rl,27,39,3422364081,543.857,0,40,1521908528,236.784,2286644106,2286644106,0,1719615337,
mcs10_m2Dr6_s40.A02,mcs10_m2Dr6_s40.B02,dal_rl,26,36,7174026851,1000.02,1,40,12875758,1.75208,5027449052,5027449052,0,3676694886,
mcs10_m2Dr6_s40.A03,mcs10_m2Dr6_s40.B03,dal_rl,27,45,2658368959,398.3,0,40,1450782160,212.631,1753102682,1753102682,0,1292099169,
mcs10_m2Dr6_s40.A04,mcs10_m2Dr6_s40.B04,dal_rl,27,35,1676505117,257.378,0,40,616324396,91.8663,1110036224,1110036224,0,826300707,
mcs10_m2Dr6_s40.A05,mcs10_m2Dr6_s40.B05,dal_rl,27,37,1628568228,246.763,0,40,494874675,71.7297,1085781598,1085781598,0,801567217,
mcs10_m2Dr6_s40.A06,mcs10_m2Dr6_s40.B06,dal_rl,27,47,962369377,144.337,0,40,138389682,19.7447,646719327,646719327,0,476084167,
mcs10_m2Dr6_s40.A07,mcs10_m2Dr6_s40.B07,dal_rl,28,47,770087562,116.929,0,40,344273294,50.5597,516665225,516665225,0,386536603,
mcs10_m2Dr6_s40.A08,mcs10_m2Dr6_s40.B08,dal_rl,26,40,6878996277,1000.02,1,40,42762125,5.92555,4535328188,4535328188,0,3323150876,
mcs10_m2Dr6_s40.A09,mcs10_m2Dr6_s40.B09,dal_rl,27,37,1946376463,293.116,0,40,223159661,31.6865,1301075622,1301075622,0,959454375,
mcs10_m2Dr6_s50.A00,mcs10_m2Dr6_s50.B00,dal_rl,33,47,7121578050,1000.01,1,50,5581095123,773.597,4835809709,4835809709,0,3446881571,
mcs10_m2Dr6_s50.A01,mcs10_m2Dr6_s50.B01,dal_rl,34,51,6372834999,1000.02,1,50,1726247460,261.585,4276853666,4276853666,0,3095887787,
mcs10_m2Dr6_s50.A02,mcs10_m2Dr6_s50.B02,dal_rl,33,51,6629860883,1000.01,1,50,2881577706,413.974,4556640714,4556640714,0,3471660408,
mcs10_m2Dr6_s50.A03,mcs10_m2Dr6_s50.B03,dal_rl,34,52,6559714492,1000.01,1,50,89331383,12.0041,4442284128,4442284128,0,3281577423,
mcs10_m2Dr6_s50.A04,mcs10_m2Dr6_s50.B04,dal_rl,34,53,6510810458,1000.01,1,50,2159597712,309.411,4450173503,4450173503,0,3377612722,
mcs10_m2Dr6_s50.A05,mcs10_m2Dr6_s50.B05,dal_rl,33,53,6748158885,1000.01,1,50,5353803658,787.22,4327576270,4327576270,0,2989257282,
mcs10_m2Dr6_s50.A06,mcs10_m2Dr6_s50.B06,dal_rl,33,52,7058567105,1000.01,1,50,5814124041,819.403,4992733264,4992733264,0,3701449033,
mcs10_m2Dr6_s50.A07,mcs10_m2Dr6_s50.B07,dal_rl,33,48,6600229100,1000.01,1,50,105994778,15.1851,4447191764,4447191764,0,3298545486,
mcs10_m2Dr6_s50.A08,mcs10_m2Dr6_s50.B08,dal_rl,34,55,6541019639,1000.01,1,50,1475337404,214.839,4480842118,4480842118,0,3370353734,
mcs10_m2Dr6_s50.A09,mcs10_m2Dr6_s50.B09,dal_rl,33,49,5431915191,1000.02,1,50,2696993883,477.587,3555761385,3555761385,0,2565993992,
mcs10_m2Dr6_s60.A00,mcs10_m2Dr6_s60.B00,dal_rl,39,60,6474689761,1000.01,1,60,5834979075,901.287,4412431914,4412431914,0,3154167603,
mcs10_m2Dr6_s60.A01,mcs10_m2Dr6_s60.B01,dal_rl,39,53,6618524690,1000.01,1,60,5747039632,869.543,4509237180,4509237180,0,3309657351,
mcs10_m2Dr6_s60.A02,mcs10_m2Dr6_s60.B02,dal_rl,38,49,6524926002,1000.01,1,60,12718011,1.82852,4435124057,4435124057,0,3315165063,
mcs10_m2Dr6_s60.A03,mcs10_m2Dr6_s60.B03,dal_rl,38,48,6954944849,1000.02,1,60,1078105472,146.174,4806801536,4806801536,0,3487802596,
mcs10_m2Dr6_s60.A04,mcs10_m2Dr6_s60.B04,dal_rl,39,68,6737916116,1000.02,1,60,497904717,64.9985,4542845416,4542845416,0,3345970590,
mcs10_m2Dr6_s60.A05,mcs10_m2Dr6_s60.B05,dal_rl,38,57,6928666165,1000.02,1,60,3217317657,462.529,4541711561,4541711561,0,3248888199,
mcs10_m2Dr6_s60.A06,mcs10_m2Dr6_s60.B06,dal_rl,38,48,6917142686,1000.02,1,60,490880995,69.0009,4642374833,4642374833,0,3463844692,
mcs10_m2Dr6_s60.A07,mcs10_m2Dr6_s60.B07,dal_rl,38,55,6664521974,1000.02,1,60,295598372,44.4343,4301316005,4301316005,0,3101113782,
mcs10_m2Dr6_s60.A08,mcs10_m2Dr6_s60.B08,dal_rl,39,65,6744411669,1000.02,1,60,743323184,99.8806,4708303788,4708303788,0,3516216124,
mcs10_m2Dr6_s60.A09,mcs10_m2Dr6_s60.B09,dal_rl,37,51,6905918720,1000.02,1,60,276527357,39.0063,4669043379,4669043379,0,3331434639,
mcs10_m2Dr6_s70.A00,mcs10_m2Dr6_s70.B00,dal_rl,44,64,3376156314,1000.02,1,70,486055761,133.795,2298778328,2298778328,0,1639338096,
mcs10_m2Dr6_s70.A01,mcs10_m2Dr6_s70.B01,dal_rl,44,70,6610072971,1000.01,1,70,189205731,27.6952,4581260692,4581260692,0,3416756096,
mcs10_m2Dr6_s70.A02,mcs10_m2Dr6_s70.B02,dal_rl,45,73,5814833196,1000.02,1,70,2332991816,378.838,3727528761,3727528761,0,2784423059,
mcs10_m2Dr6_s70.A03,mcs10_m2Dr6_s70.B03,dal_rl,44,69,6300786829,1000.02,1,70,620009402,96.3876,4353550060,4353550060,0,3317066797,
mcs10_m2Dr6_s70.A04,mcs10_m2Dr6_s70.B04,dal_rl,44,54,6716012615,1000.01,1,70,5038285338,740.671,4805274703,4805274703,0,3676897456,
mcs10_m2Dr6_s70.A05,mcs10_m2Dr6_s70.B05,dal_rl,44,66,6911746977,1000.01,1,70,6873331002,994.288,4774130389,4774130389,0,3483190625,
mcs10_m2Dr6_s70.A06,mcs10_m2Dr6_s70.B06,dal_rl,44,67,6472031993,1000.02,1,70,317678358,43.8519,4238778327,4238778327,0,3158086806,
mcs10_m2Dr6_s70.A07,mcs10_m2Dr6_s70.B07,dal_rl,45,78,5424362022,1000.02,1,70,286141105,47.778,3796880327,3796880327,0,2730475995,
mcs10_m2Dr6_s70.A08,mcs10_m2Dr6_s70.B08,dal_rl,44,61,5260781653,1000.02,1,70,2073920403,401.387,3541899932,3541899932,0,2485694136,
mcs10_m2Dr6_s70.A09,mcs10_m2Dr6_s70.B09,dal_rl,44,71,6724204790,1000.02,1,70,744958753,104.957,4564456887,4564456887,0,3163880623,
mcs10_m2Dr6_s80.A00,mcs10_m2Dr6_s80.B00,dal_rl,48,77,6534805716,1000.02,1,80,603370600,93.3832,4214360094,4214360094,0,3051468442,
mcs10_m2Dr6_s80.A01,mcs10_m2Dr6_s80.B01,dal_rl,50,78,5296844447,1000.02,1,80,1546988763,281.585,3481644883,3481644883,0,2493374810,
mcs10_m2Dr6_s80.A02,mcs10_m2Dr6_s80.B02,dal_rl,49,76,5810254756,1000.01,1,80,3786062703,609.367,4181497644,4181497644,0,3177543687,
mcs10_m2Dr6_s80.A03,mcs10_m2Dr6_s80.B03,dal_rl,48,78,5835754465,1000.02,1,80,203316133,31.6364,3965870457,3965870457,0,2819230225,
mcs10_m2Dr6_s80.A04,mcs10_m2Dr6_s80.B04,dal_rl,49,83,3154394287,1000.01,1,80,675679021,207.615,2149778022,2149778022,0,1547073612,
mcs10_m2Dr6_s80.A05,mcs10_m2Dr6_s80.B05,dal_rl,48,78,3434676831,1000.02,1,80,594566289,167.242,2375097251,2375097251,0,1738863574,
mcs10_m2Dr6_s80.A06,mcs10_m2Dr6_s80.B06,dal_rl,50,70,6731007677,1000.02,1,80,2028178397,282.868,4568236907,4568236907,0,3110138154,
mcs10_m2Dr6_s80.A07,mcs10_m2Dr6_s80.B07,dal_rl,51,78,6698354247,1000.01,1,80,816745081,85.3867,4834121733,4834121733,0,3548152046,
mcs10_m2Dr6_s80.A08,mcs10_m2Dr6_s80.B08,dal_rl,47,71,6742199566,1000.01,1,80,116855693,16.1334,4404808144,4404808144,0,3158912172,
mcs10_m2Dr6_s80.A09,mcs10_m2Dr6_s80.B09,dal_rl,48,61,6280402817,1000.01,1,80,67013500,9.22456,4570496516,4570496516,0,3267671106,
mcs10_m2Dr6_s90.A00,mcs10_m2Dr6_s90.B00,dal_rl,54,90,11334404419,1000.02,1,90,10480644207,858.143,8732374232,8732374232,0,6828206936,
mcs10_m2Dr6_s90.A01,mcs10_m2Dr6_s90.B01,dal_rl,54,75,6486217381,1000,1,90,14209899,1.92781,4357053308,4357053308,0,3090644162,
mcs10_m2Dr6_s90.A02,mcs10_m2Dr6_s90.B02,dal_rl,55,87,7510290778,1000.02,1,90,120394906,14.5699,5566761741,5566761741,0,4226027240,
mcs10_m2Dr6_s90.A03,mcs10_m2Dr6_s90.B03,dal_rl,56,87,6477749544,1000.02,1,90,3762798203,570.079,4579221470,4579221470,0,3468337197,
mcs10_m2Dr6_s90.A04,mcs10_m2Dr6_s90.B04,dal_rl,58,103,6120953384,1000.02,1,90,2110792744,332.733,3861048535,3861048535,0,2810594421,
mcs10_m2Dr6_s90.A05,mcs10_m2Dr6_s90.B05,dal_rl,56,84,6414483652,1000.02,1,90,575140626,87.8484,4505234539,4505234539,0,3222279086,
mcs10_m2Dr6_s90.A06,mcs10_m2Dr6_s90.B06,dal_rl,53,85,6908316412,1000.02,1,90,2220300739,319.32,4507271912,4507271912,0,3165389471,
mcs10_m2Dr6_s90.A07,mcs10_m2Dr6_s90.B07,dal_rl,53,92,6678858785,1000.02,1,90,1385029800,194.828,4462910772,4462910772,0,3219719284,
mcs10_m2Dr6_s90.A08,mcs10_m2Dr6_s90.B08,dal_rl,53,67,8251086470,1000.02,1,90,4690519533,470.068,6266570188,6266570188,0,4761429097,
mcs10_m2Dr6_s90.A09,mcs10_m2Dr6_s90.B09,dal_rl,56,84,6437286951,1000.02,1,90,6108627,0.758871,4495712632,4495712632,0,3282309752,
mcs10_m3D_s100.A00,mcs10_m3D_s100.B00,dal_rl,61,86,6839946681,1000.02,1,100,5077873059,720.665,4708499785,4708499785,0,3158310397,
mcs10_m3D_s100.A01,mcs10_m3D_s100.B01,dal_rl,50,63,12114967555,1000.01,1,100,4250275070,339.881,10057372973,10057372973,0,8287129899,
mcs10_m3D_s100.A02,mcs10_m3D_s100.B02,dal_rl,60,92,6363791802,1000.02,1,100,1393660031,210.406,4133390003,4133390003,0,2802522404,
mcs10_m3D_s100.A03,mcs10_m3D_s100.B03,dal_rl,59,92,6226915332,1000.01,1,100,144453168,16.597,3939738920,3939738920,0,2942544894,
mcs10_m3D_s100.A04,mcs10_m3D_s100.B04,dal_rl,61,92,6628824467,1000,1,100,3664000749,527.989,4567708607,4567708607,0,3246747832,
mcs10_m3D_s100.A05,mcs10_m3D_s100.B05,dal_rl,59,70,7047569747,1000.02,1,100,3196169963,430.42,4615569756,4615569756,0,3357523153,
mcs10_m3D_s100.A06,mcs10_m3D_s100.B06,dal_rl,54,70,12526496608,1000,1,100,4095297518,275.939,9983221336,9983221336,0,7519672546,
mcs10_m3D_s100.A07,mcs10_m3D_s100.B07,dal_rl,60,90,6741506413,1000.02,1,100,3904569858,577.424,4373821520,4373821520,0,3046941740,
mcs10_m3D_s100.A08,mcs10_m3D_s100.B08,dal_rl,62,83,5991273983,1000,1,100,1605693593,218.136,3812299655,3812299655,0,2767936398,
mcs10_m3D_s100.A09,mcs10_m3D_s100.B09,dal_rl,62,97,6661793037,1000.02,1,100,1057797670,103.736,4356360587,4356360587,0,3107048866,
mcs10_m3D_s60.A00,mcs10_m3D_s60.B00,dal_rl,39,59,5656793453,1000.02,1,60,458862037,72.7427,3792130005,3792130005,0,2632299274,
mcs10_m3D_s60.A01,mcs10_m3D_s60.B01,dal_rl,40,60,6187085730,1000.01,1,60,2665614979,406.46,4152065228,4152065228,0,2890481976,
mcs10_m3D_s60.A02,mcs10_m3D_s60.B02,dal_rl,38,54,6845174119,1000.02,1,60,1842739765,145.465,4786808222,4786808222,0,3636855397,
mcs10_m3D_s60.A03,mcs10_m3D_s60.B03,dal_rl,38,48,5957556491,1000.02,1,60,5523508052,925.862,3989195294,3989195294,0,2849833635,
mcs10_m3D_s60.A04,mcs10_m3D_s60.B04,dal_rl,40,58,6319364657,1000.02,1,60,1857677926,291.371,4230767157,4230767157,0,3042235209,
mcs10_m3D_s60.A05,mcs10_m3D_s60.B05,dal_rl,39,58,6450453853,1000.02,1,60,1930252630,287.336,4364119260,4364119260,0,3139209685,
mcs10_m3D_s60.A06,mcs10_m3D_s60.B06,dal_rl,40,63,3493030182,1000.02,1,60,3451812335,988.026,2419932138,2419932138,0,1742188116,
mcs10_m3D_s60.A07,mcs10_m3D_s60.B07,dal_rl,38,66,6585181273,1000.02,1,60,20477463,2.82867,4419838672,4419838672,0,3117417436,
mcs10_m3D_s60.A08,mcs10_m3D_s60.B08,dal_rl,37,50,6746409780,1000.01,1,60,11175310,1.57821,4585944122,4585944122,0,3379781304,
mcs10_m3D_s60.A09,mcs10_m3D_s60.B09,dal_rl,40,66,6470071132,1000.02,1,60,3863257487,576.867,4421608919,4421608919,0,3078905855,
mcs10_m3D_s70.A00,mcs10_m3D_s70.B00,dal_rl,45,59,5988277209,1000.02,1,70,4799182782,797.44,3888056528,3888056528,0,2648571106,
mcs10_m3D_s70.A01,mcs10_m3D_s70.B01,dal_rl,43,62,7242294966,1000.01,1,70,63857236,7.53941,5059384139,5059384139,0,3509750010,
mcs10_m3D_s70.A02,mcs10_m3D_s70.B02,dal_rl,45,63,5583546343,1000.02,1,70,3564608272,623.597,3924918766,3924918766,0,3027562660,
mcs10_m3D_s70.A03,mcs10_m3D_s70.B03,dal_rl,45,70,5525583575,1000.02,1,70,4200911929,749.825,3667033493,3667033493,0,2675070626,
mcs10_m3D_s70.A04,mcs10_m3D_s70.B04,dal_rl,44,61,6451349285,1000.02,1,70,293452007,43.933,4380677211,4380677211,0,3197228976,
mcs10_m3D_s70.A05,mcs10_m3D_s70.B05,dal_rl,44,65,6713040278,1000.01,1,70,1907530571,263.496,4527314238,4527314238,0,3347688965,
mcs10_m3D_s70.A06,mcs10_m3D_s70.B06,dal_rl,43,54,6628758349,1000.02,1,70,788808618,111.459,4428687708,4428687708,0,3178550979,
mcs10_m3D_s70.A07,mcs10_m3D_s70.B07,dal_rl,43,58,3688070533,1000.02,1,70,3228469912,872.949,2557328536,2557328536,0,1743692968,
mcs10_m3D_s70.A08,mcs10_m3D_s70.B08,dal_rl,44,58,6443695224,1000.02,1,70,5583908161,853.985,4127934781,4127934781,0,2949367534,
mcs10_m3D_s70.A09,mcs10_m3D_s70.B09,dal_rl,44,68,6186525142,1000.01,1,70,77559599,11.9699,4371951521,4371951521,0,3238925787,
mcs10_m3D_s80.A00,mcs10_m3D_s80.B00,dal_rl,47,61,6797238491,1000.02,1,80,60888749,7.35363,4433244151,4433244151,0,3061890390,
mcs10_m3D_s80.A01,mcs10_m3D_s80.B01,dal_rl,49,70,6886648413,1000.01,1,80,152383892,19.0247,4496505467,4496505467,0,3248641098,
mcs10_m3D_s80.A02,mcs10_m3D_s80.B02,dal_rl,51,76,6853237830,1000.02,1,80,2973164184,422.141,4768400295,4768400295,0,3436307579,
mcs10_m3D_s80.A03,mcs10_m3D_s80.B03,dal_rl,48,79,6423390408,1000.02,1,80,6166096714,957.355,4304459110,4304459110,0,3056272195,
mcs10_m3D_s80.A04,mcs10_m3D_s80.B04,dal_rl,50,67,6176963192,1000.02,1,80,2179168230,349.9,3916227882,3916227882,0,2768309720,
mcs10_m3D_s80.A05,mcs10_m3D_s80.B05,dal_rl,52,74,6159554029,1000.02,1,80,176036021,25.9347,4128710887,4128710887,0,2912370080,
mcs10_m3D_s80.A06,mcs10_m3D_s80.B06,dal_rl,51,81,6760440717,1000.02,1,80,2870406097,425.761,4756697233,4756697233,0,3454875585,
mcs10_m3D_s80.A07,mcs10_m3D_s80.B07,dal_rl,50,83,6547238973,1000.02,1,80,18612249,2.74331,4251590318,4251590318,0,2921149156,
mcs10_m3D_s80.A08,mcs10_m3D_s80.B08,dal_rl,49,61,7331044118,1000.02,1,80,109501091,13.6525,5009060127,5009060127,0,3411591666,
mcs10_m3D_s80.A09,mcs10_m3D_s80.B09,dal_rl,51,80,9549589600,1000.02,1,80,4069481800,185.908,6830818480,6830818480,0,5039359009,
mcs10_m3D_s90.A00,mcs10_m3D_s90.B00,dal_rl,54,71,7427448253,1000.02,1,90,24233406,2.77981,5644196081,5644196081,0,4137443016,
mcs10_m3D_s90.A01,mcs10_m3D_s90.B01,dal_rl,53,70,7143086523,1000.02,1,90,111639188,10.055,5357276806,5357276806,0,4183350523,
mcs10_m3D_s90.A02,mcs10_m3D_s90.B02,dal_rl,56,87,6437069620,1000.01,1,90,5275626999,815.202,4298032199,4298032199,0,3205947784,
mcs10_m3D_s90.A03,mcs10_m3D_s90.B03,dal_rl,57,80,5131593898,1000.02,1,90,2165898079,412.012,3396892252,3396892252,0,2465146319,
mcs10_m3D_s90.A04,mcs10_m3D_s90.B04,dal_rl,55,70,6545022967,1000.02,1,90,2051217088,299.975,4382896774,4382896774,0,3123067474,
mcs10_m3D_s90.A05,mcs10_m3D_s90.B05,dal_rl,53,74,9024825741,1000.02,1,90,4101942587,322.217,6949931719,6949931719,0,5120123675,
mcs10_m3D_s90.A06,mcs10_m3D_s90.B06,dal_rl,55,89,7094467849,1000.02,1,90,1134784851,80.2631,4719927162,4719927162,0,3553781246,
mcs10_m3D_s90.A07,mcs10_m3D_s90.B07,dal_rl,53,85,7032892892,1000.02,1,90,479430572,58.9192,4706994598,4706994598,0,3407634708,
mcs10_m3D_s90.A08,mcs10_m3D_s90.B08,dal_rl,53,91,7043570872,1000.01,1,90,337059095,44.501,4472466665,4472466665,0,3018306380,
mcs10_m3D_s90.A09,mcs10_m3D_s90.B09,dal_rl,56,78,6588191358,1000.01,1,90,1558117533,241.585,4341785038,4341785038,0,3100984501,
mcs10_m3Dr2_s100.A00,mcs10_m3Dr2_s100.B00,dal_rl,59,86,5875448799,1000.02,1,100,918862633,150.938,3666093455,3666093455,0,2552697344,
mcs10_m3Dr2_s100.A01,mcs10_m3Dr2_s100.B01,dal_rl,56,93,6409838859,1000.02,1,100,1725324260,267.244,3997950894,3997950894,0,2864942935,
mcs10_m3Dr2_s100.A02,mcs10_m3Dr2_s100.B02,dal_rl,58,97,6833810774,1000.01,1,100,2295721500,278.007,4921528235,4921528235,0,3667903892,
mcs10_m3Dr2_s100.A03,mcs10_m3Dr2_s100.B03,dal_rl,55,73,6505394506,1000.02,1,100,1521416255,228.33,4096561164,4096561164,0,2950046561,
mcs10_m3Dr2_s100.A04,mcs10_m3Dr2_s100.B04,dal_rl,57,80,6994674044,1000.02,1,100,1110571585,112.221,4521030005,4521030005,0,3108481519,
mcs10_m3Dr2_s100.A05,mcs10_m3Dr2_s100.B05,dal_rl,56,83,7359856570,1000.01,1,100,233705385,31.5442,4685732517,4685732517,0,3037393973,
mcs10_m3Dr2_s100.A06,mcs10_m3Dr2_s100.B06,dal_rl,59,89,6228245207,1000.01,1,100,620670381,84.1351,3861119784,3861119784,0,2707992345,
mcs10_m3Dr2_s100.A07,mcs10_m3Dr2_s100.B07,dal_rl,57,87,6323207526,1000.02,1,100,1002169231,147.438,4163992309,4163992309,0,3019270471,
mcs10_m3Dr2_s100.A08,mcs10_m3Dr2_s100.B08,dal_rl,55,77,6192684717,1000.02,1,100,32472738,4.9756,3874195569,3874195569,0,2764704535,
mcs10_m3Dr2_s100.A09,mcs10_m3Dr2_s100.B09,dal_rl,58,80,3072023362,1000.01,1,100,2148265436,685.018,1968013461,1968013461,0,1352436447,
mcs10_m3Dr2_s60.A00,mcs10_m3Dr2_s60.B00,dal_rl,37,53,7158614286,1000.02,1,60,6432304084,895.022,4968590200,4968590200,0,3614154178,
mcs10_m3Dr2_s60.A01,mcs10_m3Dr2_s60.B01,dal_rl,38,65,6275127164,1000.02,1,60,316447545,46.6504,4209692130,4209692130,0,3112351262,
mcs10_m3Dr2_s60.A02,mcs10_m3Dr2_s60.B02,dal_rl,39,56,6385768873,1000.02,1,60,744653931,69.4736,4456385782,4456385782,0,3331809771,
mcs10_m3Dr2_s60.A03,mcs10_m3Dr2_s60.B03,dal_rl,37,47,6811477830,1000.02,1,60,2733394371,395.513,4500432355,4500432355,0,3225181004,
mcs10_m3Dr2_s60.A04,mcs10_m3Dr2_s60.B04,dal_rl,37,55,6578156283,1000.02,1,60,37889952,5.50302,4353348589,4353348589,0,3277008401,
mcs10_m3Dr2_s60.A05,mcs10_m3Dr2_s60.B05,dal_rl,38,64,6497142563,1000.01,1,60,200695127,29.4944,4365737181,4365737181,0,3138471794,
mcs10_m3Dr2_s60.A06,mcs10_m3Dr2_s60.B06,dal_rl,38,60,5571361386,1000.02,1,60,1309495603,227.128,3683710699,3683710699,0,2659173909,
mcs10_m3Dr2_s60.A07,mcs10_m3Dr2_s60.B07,dal_rl,37,49,5493776137,1000.01,1,60,637594899,110.897,3681857756,3681857756,0,2656226045,
mcs10_m3Dr2_s60.A08,mcs10_m3Dr2_s60.B08,dal_rl,38,61,5984050789,1000.02,1,60,147265086,22.1497,3931770656,3931770656,0,2992792829,
mcs10_m3Dr2_s60.A09,mcs10_m3Dr2_s60.B09,dal_rl,38,53,6388696190,1000.02,1,60,2374093600,373.197,4234833295,4234833295,0,3094890260,
mcs10_m3Dr2_s70.A00,mcs10_m3Dr2_s70.B00,dal_rl,42,62,5473776621,1000.01,1,70,32461080,5.29552,3651222497,3651222497,0,2623805667,
mcs10_m3Dr2_s70.A01,mcs10_m3Dr2_s70.B01,dal_rl,42,69,5300898312,1000.01,1,70,805037876,148.934,3438203170,3438203170,0,2567709109,
mcs10_m3Dr2_s70.A02,mcs10_m3Dr2_s70.B02,dal_rl,42,65,5601579144,1000.01,1,70,256228819,45.7682,3716042539,3716042539,0,2683136022,
mcs10_m3Dr2_s70.A03,mcs10_m3Dr2_s70.B03,dal_rl,42,59,3307776677,1000.02,1,70,17193613,4.77937,2110570815,2110570815,0,1469686272,
mcs10_m3Dr2_s70.A04,mcs10_m3Dr2_s70.B04,dal_rl,42,74,3191531873,1000.01,1,70,1679574897,520.513,2063422545,2063422545,0,1461766902,
mcs10_m3Dr2_s70.A05,mcs10_m3Dr2_s70.B05,dal_rl,42,61,5967642042,1000.02,1,70,1003146421,162.167,3811064663,3811064663,0,2901749923,
mcs10_m3Dr2_s70.A06,mcs10_m3Dr2_s70.B06,dal_rl,43,71,6727614811,1000.02,1,70,6357743095,945.416,4711511560,4711511560,0,3408730607,
mcs10_m3Dr2_s70.A07,mcs10_m3Dr2_s70.B07,dal_rl,43,64,6370434109,1000.02,1,70,834609144,120.365,4318650138,4318650138,0,3197517881,
mcs10_m3Dr2_s70.A08,mcs10_m3Dr2_s70.B08,dal_rl,42,66,6517557177,1000.02,1,70,193471334,29.0437,4361790770,4361790770,0,3171997289,
mcs10_m3Dr2_s70.A09,mcs10_m3Dr2_s70.B09,dal_rl,42,62,6171192865,1000.02,1,70,2299831,0.332456,3977048136,3977048136,0,2934814188,
mcs10_m3Dr2_s80.A00,mcs10_m3Dr2_s80.B00,dal_rl,46,67,7197658461,1000.01,1,80,1190201458,156.99,4677466098,4677466098,0,3305467348,
mcs10_m3Dr2_s80.A01,mcs10_m3Dr2_s80.B01,dal_rl,48,75,6447418935,1000.01,1,80,958355054,108.784,4126221759,4126221759,0,2964099403,
mcs10_m3Dr2_s80.A02,mcs10_m3Dr2_s80.B02,dal_rl,48,64,7013619506,1000.02,1,80,3424563130,483.325,5190611210,5190611210,0,3826110429,
mcs10_m3Dr2_s80.A03,mcs10_m3Dr2_s80.B03,dal_rl,47,66,6812362255,1000.02,1,80,58451751,8.0055,4636641231,4636641231,0,3329482136,
mcs10_m3Dr2_s80.A04,mcs10_m3Dr2_s80.B04,dal_rl,47,67,6493748510,1000.02,1,80,142837461,20.3312,4181228714,4181228714,0,2910785252,
mcs10_m3Dr2_s80.A05,mcs10_m3Dr2_s80.B05,dal_rl,47,81,6140143022,1000.01,1,80,351229162,52.5168,3935607564,3935607564,0,2952208343,
mcs10_m3Dr2_s80.A06,mcs10_m3Dr2_s80.B06,dal_rl,48,71,6907287640,1000.03,1,80,6501271273,940.075,4743579380,4743579380,0,3412931795,
mcs10_m3Dr2_s80.A07,mcs10_m3Dr2_s80.B07,dal_rl,49,66,6817825920,1000.01,1,80,2196540034,299.473,4584278946,4584278946,0,3348718112,
mcs10_m3Dr2_s80.A08,mcs10_m3Dr2_s80.B08,dal_rl,49,72,6741673164,1000.02,1,80,6131760292,908.981,4484668069,4484668069,0,3228563307,
mcs10_m3Dr2_s80.A09,mcs10_m3Dr2_s80.B09,dal_rl,48,72,6109697707,1000.01,1,80,2580427820,418.939,3937323310,3937323310,0,2832471918,
mcs10_m3Dr2_s90.A00,mcs10_m3Dr2_s90.B00,dal_rl,51,86,6651966106,1000.01,1,90,1066612402,150.941,4228688386,4228688386,0,3119897834,
mcs10_m3Dr2_s90.A01,mcs10_m3Dr2_s90.B01,dal_rl,51,64,6741013386,1000,1,90,18795693,2.81631,4351885994,4351885994,0,2954071593,
mcs10_m3Dr2_s90.A02,mcs10_m3Dr2_s90.B02,dal_rl,53,77,5955214713,1000,1,90,4088325941,679.724,3710029087,3710029087,0,2676766986,
mcs10_m3Dr2_s90.A03,mcs10_m3Dr2_s90.B03,dal_rl,51,86,7562268493,1000,1,90,1383374758,88.0579,5582355660,5582355660,0,4123594072,
mcs10_m3Dr2_s90.A04,mcs10_m3Dr2_s90.B04,dal_rl,52,78,6043045024,1000.02,1,90,1091999399,177.025,3977822470,3977822470,0,2862170629,
mcs10_m3Dr2_s90.A05,mcs10_m3Dr2_s90.B05,dal_rl,52,70,6557340169,1000.02,1,90,3172671515,466.375,4304748572,4304748572,0,3046331132,
mcs10_m3Dr2_s90.A06,mcs10_m3Dr2_s90.B06,dal_rl,47,78,13636962785,1000.02,1,90,935366211,66.3617,12031223040,12031223040,0,10569011995,
mcs10_m3Dr2_s90.A07,mcs10_m3Dr2_s90.B07,dal_rl,52,79,6792294288,1000.02,1,90,476918713,59.6399,4342040996,4342040996,0,3039709517,
mcs10_m3Dr2_s90.A08,mcs10_m3Dr2_s90.B08,dal_rl,54,90,6091452816,1000.02,1,90,5695034345,932.733,3839498101,3839498101,0,2726828984,
mcs10_m3Dr2_s90.A09,mcs10_m3Dr2_s90.B09,dal_rl,54,79,5811401104,1000.02,1,90,2307366425,394.869,3706171252,3706171252,0,2602265262,
mcs10_m3Dr4_s100.A00,mcs10_m3Dr4_s100.B00,dal_rl,58,111,5508620872,1000.02,1,100,1755448245,309.949,3654146710,3654146710,0,2601360513,
mcs10_m3Dr4_s100.A01,mcs10_m3Dr4_s100.B01,dal_rl,55,95,5413209037,1000.03,1,100,2578635829,453.165,3363499254,3363499254,0,2155091270,
mcs10_m3Dr4_s100.A02,mcs10_m3Dr4_s100.B02,dal_rl,57,93,5606991848,1000.02,1,100,641475246,111.722,3933636131,3933636131,0,2781853675,
mcs10_m3Dr4_s100.A03,mcs10_m3Dr4_s100.B03,dal_rl,55,86,5814458355,1000.01,1,100,4997894281,853.921,3686207928,3686207928,0,2718035365,
mcs10_m3Dr4_s100.A04,mcs10_m3Dr4_s100.B04,dal_rl,56,89,5956141347,1000.02,1,100,381624723,56.3509,3699103279,3699103279,0,2541941826,
mcs10_m3Dr4_s100.A05,mcs10_m3Dr4_s100.B05,dal_rl,56,92,3266745099,1000.02,1,100,21943483,6.24125,2148627350,2148627350,0,1536231990,
mcs10_m3Dr4_s100.A06,mcs10_m3Dr4_s100.B06,dal_rl,55,89,6118939998,1000.02,1,100,240002944,34.9654,3809190262,3809190262,0,2671286740,
mcs10_m3Dr4_s100.A07,mcs10_m3Dr4_s100.B07,dal_rl,56,82,6077202771,1000.02,1,100,1650103683,265.269,4007641049,4007641049,0,2908425551,
mcs10_m3Dr4_s100.A08,mcs10_m3Dr4_s100.B08,dal_rl,59,97,6251692347,1000.02,1,100,2896612692,455.413,3927122543,3927122543,0,2829978088,
mcs10_m3Dr4_s100.A09,mcs10_m3Dr4_s100.B09,dal_rl,58,93,5575777004,1000.02,1,100,453250778,78.0387,3529560793,3529560793,0,2526305733,
mcs10_m3Dr4_s60.A00,mcs10_m3Dr4_s60.B00,dal_rl,36,61,6504799655,1000.01,1,60,202595011,28.7132,4224716399,4224716399,0,3140219512,
mcs10_m3Dr4_s60.A01,mcs10_m3Dr4_s60.B01,dal_rl,35,54,6000614402,1000.02,1,60,353523697,62.226,4045237473,4045237473,0,3088571078,
mcs10_m3Dr4_s60.A02,mcs10_m3Dr4_s60.B02,dal_rl,36,63,5980381101,1000.02,1,60,90651105,16.4065,3989900517,3989900517,0,2938953842,
mcs10_m3Dr4_s60.A03,mcs10_m3Dr4_s60.B03,dal_rl,37,60,6238489417,1000.02,1,60,473801285,74.2793,4227387510,4227387510,0,3220180229,
mcs10_m3Dr4_s60.A04,mcs10_m3Dr4_s60.B04,dal_rl,36,60,6669846768,1000.02,1,60,41106647,6.28924,4650886335,4650886335,0,3407837453,
mcs10_m3Dr4_s60.A05,mcs10_m3Dr4_s60.B05,dal_rl,37,56,6616057141,1000.01,1,60,5745834399,863.07,4283937874,4283937874,0,3043547886,
mcs10_m3Dr4_s60.A06,mcs10_m3Dr4_s60.B06,dal_rl,37,67,3231933082,1000.01,1,60,546695638,161.853,2239521048,2239521048,0,1723815940,
mcs10_m3Dr4_s60.A07,mcs10_m3Dr4_s60.B07,dal_rl,38,58,6323460906,1000.01,1,60,4747993199,739.829,4200815747,4200815747,0,2984436263,
mcs10_m3Dr4_s60.A08,mcs10_m3Dr4_s60.B08,dal_rl,36,59,6064226118,1000.02,1,60,347259829,55.9447,3906507740,3906507740,0,2896797017,
mcs10_m3Dr4_s60.A09,mcs10_m3Dr4_s60.B09,dal_rl,36,63,6814702200,1000.02,1,60,1242742610,177.504,4668783604,4668783604,0,3492379962,
mcs10_m3Dr4_s70.A00,mcs10_m3Dr4_s70.B00,dal_rl,43,74,6382449194,1000.01,1,70,3784381535,586.952,4111529296,4111529296,0,3073288531,
mcs10_m3Dr4_s70.A01,mcs10_m3Dr4_s70.B01,dal_rl,42,51,6611549070,1000.01,1,70,204472637,30.1469,4325309483,4325309483,0,3242114603,
mcs10_m3Dr4_s70.A02,mcs10_m3Dr4_s70.B02,dal_rl,41,57,6519227441,1000.02,1,70,1078391863,166.042,4313942692,4313942692,0,3087665215,
mcs10_m3Dr4_s70.A03,mcs10_m3Dr4_s70.B03,dal_rl,41,63,6838920130,1000.02,1,70,3320728725,471.799,4847535327,4847535327,0,3566631148,
mcs10_m3Dr4_s70.A04,mcs10_m3Dr4_s70.B04,dal_rl,41,70,6037652322,1000.01,1,70,2387458109,383.246,3895352532,3895352532,0,2946186688,
mcs10_m3Dr4_s70.A05,mcs10_m3Dr4_s70.B05,dal_rl,41,68,6657164304,1000.02,1,70,2666426068,383.533,4589366298,4589366298,0,3394217685,
mcs10_m3Dr4_s70.A06,mcs10_m3Dr4_s70.B06,dal_rl,42,76,6697189625,1000.02,1,70,2216759301,326.638,4610844044,4610844044,0,3391522632,
mcs10_m3Dr4_s70.A07,mcs10_m3Dr4_s70.B07,dal_rl,42,78,6618754084,1000.02,1,70,59782255,8.59707,4395790206,4395790206,0,3299261265,
mcs10_m3Dr4_s70.A08,mcs10_m3Dr4_s70.B08,dal_rl,40,74,7013020342,1000.01,1,70,2303375,0.308242,4684778219,4684778219,0,3319899154,
mcs10_m3Dr4_s70.A09,mcs10_m3Dr4_s70.B09,dal_rl,41,57,6351133079,1000.01,1,70,1464014194,227.81,4069030675,4069030675,0,3025654780,
mcs10_m3Dr4_s80.A00,mcs10_m3Dr4_s80.B00,dal_rl,47,74,6047932764,1000.02,1,80,1209724930,189.662,3673108341,3673108341,0,2651153274,
mcs10_m3Dr4_s80.A01,mcs10_m3Dr4_s80.B01,dal_rl,44,57,6745633850,1000.02,1,80,540182756,79.8634,4593374591,4593374591,0,3369258103,
mcs10_m3Dr4_s80.A02,mcs10_m3Dr4_s80.B02,dal_rl,46,87,5087655089,1000.02,1,80,776368209,132.534,3204686842,3204686842,0,2316505652,
mcs10_m3Dr4_s80.A03,mcs10_m3Dr4_s80.B03,dal_rl,47,80,6668012273,1000.01,1,80,1312509612,194.253,4454227748,4454227748,0,3293115560,
mcs10_m3Dr4_s80.A04,mcs10_m3Dr4_s80.B04,dal_rl,46,85,6397841422,1000.02,1,80,486704538,75.0397,4157329434,4157329434,0,2982698804,
mcs10_m3Dr4_s80.A05,mcs10_m3Dr4_s80.B05,dal_rl,46,80,6497975449,1000.02,1,80,4049558407,618.459,4299287642,4299287642,0,3145265983,
mcs10_m3Dr4_s80.A06,mcs10_m3Dr4_s80.B06,dal_rl,46,73,6342536827,1000.01,1,80,42166837,6.07956,4169619117,4169619117,0,3063794913,
mcs10_m3Dr4_s80.A07,mcs10_m3Dr4_s80.B07,dal_rl,45,67,6750982897,1000.01,1,80,2022867691,293.52,4447686556,4447686556,0,3190949855,
mcs10_m3Dr4_s80.A08,mcs10_m3Dr4_s80.B08,dal_rl,47,83,6278919408,1000.01,1,80,666345020,100.204,4095168820,4095168820,0,3045024586,
mcs10_m3Dr4_s80.A09,mcs10_m3Dr4_s80.B09,dal_rl,47,78,6213199424,1000.02,1,80,3868575904,602.614,3960717859,3960717859,0,2930764221,
mcs10_m3Dr4_s90.A00,mcs10_m3Dr4_s90.B00,dal_rl,50,92,6554968422,1000.02,1,90,3376596461,504.583,4082677614,4082677614,0,2845325137,
mcs10_m3Dr4_s90.A01,mcs10_m3Dr4_s90.B01,dal_rl,52,87,6210243755,1000.01,1,90,372511289,59.5675,4029654080,4029654080,0,2850809891,
mcs10_m3Dr4_s90.A02,mcs10_m3Dr4_s90.B02,dal_rl,53,96,6435087601,1000.02,1,90,690837069,106.157,4318084380,4318084380,0,3144915117,
mcs10_m3Dr4_s90.A03,mcs10_m3Dr4_s90.B03,dal_rl,51,80,6206943842,1000.01,1,90,80702828,11.8629,3960258626,3960258626,0,2824752378,
mcs10_m3Dr4_s90.A04,mcs10_m3Dr4_s90.B04,dal_rl,51,71,6202072085,1000.02,1,90,630805996,96.8656,4098076587,4098076587,0,3035524119,
mcs10_m3Dr4_s90.A05,mcs10_m3Dr4_s90.B05,dal_rl,50,88,7103198360,1000.01,1,90,2033577778,276.635,4948226642,4948226642,0,3646761549,
mcs10_m3Dr4_s90.A06,mcs10_m3Dr4_s90.B06,dal_rl,50,79,6626050076,1000.01,1,90,1012360065,147.725,4545153794,4545153794,0,3336446008,
mcs10_m3Dr4_s90.A07,mcs10_m3Dr4_s90.B07,dal_rl,52,86,6457081666,1000.01,1,90,3245170348,495.958,4191148892,4191148892,0,3200021472,
mcs10_m3Dr4_s90.A08,mcs10_m3Dr4_s90.B08,dal_rl,51,88,6577571332,1000.01,1,90,56253030,7.40653,4172252526,4172252526,0,2896498190,
mcs10_m3Dr4_s90.A09,mcs10_m3Dr4_s90.B09,dal_rl,53,75,5846859689,1000.02,1,90,803724216,121.37,3762580849,3762580849,0,2793737770,
mcs10_m3Dr6_s100.A00,mcs10_m3Dr6_s100.B00,dal_rl,56,97,7123706635,1000.02,1,100,4117282084,476.394,4844400573,4844400573,0,3665811140,
mcs10_m3Dr6_s100.A01,mcs10_m3Dr6_s100.B01,dal_rl,55,79,6031288389,1000.02,1,100,460967369,76.0233,3695960151,3695960151,0,2646035362,
mcs10_m3Dr6_s100.A02,mcs10_m3Dr6_s100.B02,dal_rl,55,81,6389544895,1000.02,1,100,3697641556,579.068,3999447365,3999447365,0,2935159770,
mcs10_m3Dr6_s100.A03,mcs10_m3Dr6_s100.B03,dal_rl,55,93,5900492641,1000.02,1,100,2006281396,318.682,3637787202,3637787202,0,2715625041,
mcs10_m3Dr6_s100.A04,mcs10_m3Dr6_s100.B04,dal_rl,53,90,2957985837,1000.01,1,100,113998614,33.709,1810781771,1810781771,0,1282914394,
mcs10_m3Dr6_s100.A05,mcs10_m3Dr6_s100.B05,dal_rl,56,103,6267601607,1000.02,1,100,5284109530,828.123,3899861111,3899861111,0,2647250111,
mcs10_m3Dr6_s100.A06,mcs10_m3Dr6_s100.B06,dal_rl,54,87,6122287394,1000.01,1,100,16248206,2.33532,3840659755,3840659755,0,2798861562,
mcs10_m3Dr6_s100.A07,mcs10_m3Dr6_s100.B07,dal_rl,52,81,6414452838,1000.02,1,100,1789047090,260.932,4067965785,4067965785,0,2943560533,
mcs10_m3Dr6_s100.A08,mcs10_m3Dr6_s100.B08,dal_rl,55,93,6641323383,1000.01,1,100,1467967711,204.34,4322980020,4322980020,0,3136161934,
mcs10_m3Dr6_s100.A09,mcs10_m3Dr6_s100.B09,dal_rl,53,85,6525077236,1000.02,1,100,1313912685,194.021,4326728671,4326728671,0,3312313659,
mcs10_m3Dr6_s60.A00,mcs10_m3Dr6_s60.B00,dal_rl,36,69,6627456252,1000.02,1,60,6077921431,915.774,4427169819,4427169819,0,3350667096,
mcs10_m3Dr6_s60.A01,mcs10_m3Dr6_s60.B01,dal_rl,36,68,5302712799,1000.02,1,60,5123417871,964.522,3431625425,3431625425,0,2606521542,
mcs10_m3Dr6_s60.A02,mcs10_m3Dr6_s60.B02,dal_rl,34,52,5356466733,1000.01,1,60,380865784,70.5693,3584285907,3584285907,0,2669516716,
mcs10_m3Dr6_s60.A03,mcs10_m3Dr6_s60.B03,dal_rl,34,53,6272473836,1000.02,1,60,577910851,87.4485,4198878572,4198878572,0,3187492517,
mcs10_m3Dr6_s60.A04,mcs10_m3Dr6_s60.B04,dal_rl,35,54,6054057862,1000.02,1,60,3737351708,603.748,3908524011,3908524011,0,2828324459,
mcs10_m3Dr6_s60.A05,mcs10_m3Dr6_s60.B05,dal_rl,35,51,5295211461,1000.01,1,60,639563463,122.293,3423847632,3423847632,0,2515968386,
mcs10_m3Dr6_s60.A06,mcs10_m3Dr6_s60.B06,dal_rl,35,63,5125649487,1000.02,1,60,248571260,45.6402,3372494879,3372494879,0,2428199810,
mcs10_m3Dr6_s60.A07,mcs10_m3Dr6_s60.B07,dal_rl,37,63,5132464010,1000.01,1,60,2888240706,546.413,3365991328,3365991328,0,2597650905,
mcs10_m3Dr6_s60.A08,mcs10_m3Dr6_s60.B08,dal_rl,34,65,3174272970,1000.01,1,60,32662104,9.52108,2096823954,2096823954,0,1572499853,
mcs10_m3Dr6_s60.A09,mcs10_m3Dr6_s60.B09,dal_rl,35,64,3265004452,1000.01,1,60,558796362,162.847,2172498772,2172498772,0,1602057958,
mcs10_m3Dr6_s70.A00,mcs10_m3Dr6_s70.B00,dal_rl,39,63,5971465288,1000.02,1,70,29027146,4.50752,3705364456,3705364456,0,2627213373,
mcs10_m3Dr6_s70.A01,mcs10_m3Dr6_s70.B01,dal_rl,40,76,6201251783,1000.02,1,70,1101824451,173.335,3979921523,3979921523,0,2951325109,
mcs10_m3Dr6_s70.A02,mcs10_m3Dr6_s70.B02,dal_rl,40,68,6357831664,1000.02,1,70,3718186954,572.666,4231477724,4231477724,0,3219696209,
mcs10_m3Dr6_s70.A03,mcs10_m3Dr6_s70.B03,dal_rl,39,61,6719107067,1000.02,1,70,155806406,22.9717,4375392563,4375392563,0,3141352393,
mcs10_m3Dr6_s70.A04,mcs10_m3Dr6_s70.B04,dal_rl,40,75,6288388324,1000.01,1,70,5214538269,830.333,3942647189,3942647189,0,2823559433,
mcs10_m3Dr6_s70.A05,mcs10_m3Dr6_s70.B05,dal_rl,40,72,5906555301,1000.01,1,70,1045372626,163.316,3841603227,3841603227,0,3004914709,
mcs10_m3Dr6_s70.A06,mcs10_m3Dr6_s70.B06,dal_rl,41,81,6188289010,1000.01,1,70,5592854797,899.481,3966539407,3966539407,0,2960490686,
mcs10_m3Dr6_s70.A07,mcs10_m3Dr6_s70.B07,dal_rl,40,73,5863590249,1000.02,1,70,519110723,87.8363,3624193791,3624193791,0,2710042237,
mcs10_m3Dr6_s70.A08,mcs10_m3Dr6_s70.B08,dal_rl,41,67,6200909421,1000.02,1,70,3684415657,585.399,4235440832,4235440832,0,3264845425,
mcs10_m3Dr6_s70.A09,mcs10_m3Dr6_s70.B09,dal_rl,40,58,5919449919,1000.02,1,70,2920352839,497.133,3683434426,3683434426,0,2738490754,
mcs10_m3Dr6_s80.A00,mcs10_m3Dr6_s80.B00,dal_rl,43,63,5940755354,1000.01,1,80,123112206,19.9674,3639770409,3639770409,0,2707473659,
mcs10_m3Dr6_s80.A01,mcs10_m3Dr6_s80.B01,dal_rl,47,77,6171277615,1000.02,1,80,2901514947,444.373,4000497132,4000497132,0,2955125826,
mcs10_m3Dr6_s80.A02,mcs10_m3Dr6_s80.B02,dal_rl,45,84,5873556658,1000.02,1,80,46026564,7.19083,3678148140,3678148140,0,2712719853,
mcs10_m3Dr6_s80.A03,mcs10_m3Dr6_s80.B03,dal_rl,47,87,6396977407,1000.02,1,80,6299253481,984.693,4143055909,4143055909,0,3020058771,
mcs10_m3Dr6_s80.A04,mcs10_m3Dr6_s80.B04,dal_rl,45,72,5908754710,1000.01,1,80,209908081,31.8618,3699393851,3699393851,0,2718177151,
mcs10_m3Dr6_s80.A05,mcs10_m3Dr6_s80.B05,dal_rl,45,73,5830733714,1000.02,1,80,897060334,150.118,3734063340,3734063340,0,2849591946,
mcs10_m3Dr6_s80.A06,mcs10_m3Dr6_s80.B06,dal_rl,45,81,6527840628,1000,1,80,5053055902,767.221,4381854133,4381854133,0,3254129091,
mcs10_m3Dr6_s80.A07,mcs10_m3Dr6_s80.B07,dal_rl,43,80,6336741787,1000.01,1,80,333112863,50.7333,4124270108,4124270108,0,3024696033,
mcs10_m3Dr6_s80.A08,mcs10_m3Dr6_s80.B08,dal_rl,44,80,5934448279,1000.01,1,80,3627989,0.482551,3757867472,3757867472,0,2825013482,
mcs10_m3Dr6_s80.A09,mcs10_m3Dr6_s80.B09,dal_rl,45,71,5740896389,1000.02,1,80,2041431137,338.209,3616191137,3616191137,0,2578644856,
mcs10_m3Dr6_s90.A00,mcs10_m3Dr6_s90.B00,dal_rl,51,94,5330948456,1000.01,1,90,3204518575,593.235,3330146687,3330146687,0,2498921637,
mcs10_m3Dr6_s90.A01,mcs10_m3Dr6_s90.B01,dal_rl,52,104,5962011328,1000.02,1,90,4490749212,737.026,3760609379,3760609379,0,2702540934,
mcs10_m3Dr6_s90.A02,mcs10_m3Dr6_s90.B02,dal_rl,49,78,6799604907,1000.02,1,90,4455918484,644.859,4318804700,4318804700,0,3057578966,
mcs10_m3Dr6_s90.A03,mcs10_m3Dr6_s90.B03,dal_rl,49,72,5819635056,1000.02,1,90,167189206,28.623,3617971118,3617971118,0,2588645903,
mcs10_m3Dr6_s90.A04,mcs10_m3Dr6_s90.B04,dal_rl,49,86,5774131907,1000.02,1,90,582533536,92.0539,3867733332,3867733332,0,2953254956,
mcs10_m3Dr6_s90.A05,mcs10_m3Dr6_s90.B05,dal_rl,48,70,5535862253,1000.02,1,90,510837869,90.3936,3582377718,3582377718,0,2627210472,
mcs10_m3Dr6_s90.A06,mcs10_m3Dr6_s90.B06,dal_rl,49,92,5557847528,1000.02,1,90,372140522,63.8849,3523677734,3523677734,0,2502393435,
mcs10_m3Dr6_s90.A07,mcs10_m3Dr6_s90.B07,dal_rl,51,83,5836534093,1000.02,1,90,36782623,6.77415,3986030462,3986030462,0,2895577336,
mcs10_m3Dr6_s90.A08,mcs10_m3Dr6_s90.B08,dal_rl,51,94,6968529634,1000.02,1,90,6678413211,955.129,4955476293,4955476293,0,3487171884,
mcs10_m3Dr6_s90.A09,mcs10_m3Dr6_s90.B09,dal_rl,51,92,5953791179,1000.02,1,90,2449188676,388.641,3713105066,3713105066,0,2711049951,
mcs10_m4D_s100.A00,mcs10_m4D_s100.B00,dal_rl,69,83,4256369298,1000.02,1,100,70618389,14.8028,3575915253,3575915253,0,2916110030,
mcs10_m4D_s100.A01,mcs10_m4D_s100.B01,dal_rl,66,73,22902560378,1000.02,1,100,83510,0.0118271,17176928559,17176928559,0,11451296324,
mcs10_m4D_s100.A02,mcs10_m4D_s100.B02,dal_rl,60,80,23225806206,1000.02,1,100,19191869186,808.493,17582104444,17582104444,0,13097811738,
mcs10_m4D_s100.A03,mcs10_m4D_s100.B03,dal_rl,60,68,13477832675,1000.02,1,100,219108044,13.3899,10869726677,10869726677,0,8477894507,
mcs10_m4D_s100.A04,mcs10_m4D_s100.B04,dal_rl,64,80,11789747504,1000.02,1,100,87308483,5.76288,10646393369,10646393369,0,9527166336,
mcs10_m4D_s100.A05,mcs10_m4D_s100.B05,dal_rl,69,76,8674230123,1000.01,1,100,6306421537,690.097,6989289541,6989289541,0,5418294071,
mcs10_m4D_s100.A06,mcs10_m4D_s100.B06,dal_rl,62,85,11704010244,1000.02,1,100,488634383,42.182,9718565040,9718565040,0,7782302061,
mcs10_m4D_s100.A07,mcs10_m4D_s100.B07,dal_rl,69,93,8733689559,1000.02,1,100,7426254934,821.414,7083051440,7083051440,0,5460108623,
mcs10_m4D_s100.A08,mcs10_m4D_s100.B08,dal_rl,59,70,21480390208,1000.02,1,100,11846333553,545.177,17661803851,17661803851,0,14982819973,
mcs10_m4D_s100.A09,mcs10_m4D_s100.B09,dal_rl,63,74,14476156777,1000.01,1,100,22190,0.00327896,12417681298,12417681298,0,10359209852,
mcs10_m4Dr2_s100.A00,mcs10_m4Dr2_s100.B00,dal_rl,57,68,18065203877,1000.02,1,100,2897405645,161.958,15662991598,15662991598,0,13290566090,
mcs10_m4Dr2_s100.A01,mcs10_m4Dr2_s100.B01,dal_rl,70,84,5685681601,1000.01,1,100,4049613033,468.137,4366311617,4366311617,0,3160097130,
mcs10_m4Dr2_s100.A02,mcs10_m4Dr2_s100.B02,dal_rl,62,73,10456236035,1000.02,1,100,7582002266,724.422,8689992610,8689992610,0,6953288738,
mcs10_m4Dr2_s100.A03,mcs10_m4Dr2_s100.B03,dal_rl,67,81,7334558611,1000.02,1,100,6734722299,904.842,5826784604,5826784604,0,4516818409,
mcs10_m4Dr2_s100.A04,mcs10_m4Dr2_s100.B04,dal_rl,71,89,7866855687,1000.02,1,100,7242287763,898.66,5819140428,5819140428,0,4236189531,
mcs10_m4Dr2_s100.A05,mcs10_m4Dr2_s100.B05,dal_rl,61,69,14327066496,1000.01,1,100,1056241,0.0607615,11334807939,11334807939,0,8403689019,
mcs10_m4Dr2_s100.A06,mcs10_m4Dr2_s100.B06,dal_rl,71,94,6169069182,1000.02,1,100,1931321860,298.044,4408336562,4408336562,0,3242594689,
mcs10_m4Dr2_s100.A07,mcs10_m4Dr2_s100.B07,dal_rl,61,94,13980586433,1000.02,1,100,30378734,2.24648,11181669145,11181669145,0,8477489190,
mcs10_m4Dr2_s100.A08,mcs10_m4Dr2_s100.B08,dal_rl,64,89,18225948206,1000.02,1,100,15841170709,877.789,14556512889,14556512889,0,11104814383,
mcs10_m4Dr2_s100.A09,mcs10_m4Dr2_s100.B09,dal_rl,61,72,15542453454,1000.02,1,100,4000384332,271.531,13781824194,13781824194,0,12021194713,
mcs10_m4Dr4_s100.A00,mcs10_m4Dr4_s100.B00,dal_rl,61,84,9130136481,1000.02,1,100,2019072055,237.954,7364806612,7364806612,0,5823401456,
mcs10_m4Dr4_s100.A01,mcs10_m4Dr4_s100.B01,dal_rl,64,79,6688909487,1000.01,1,100,664538281,80.9246,4457015674,4457015674,0,2969150356,
mcs10_m4Dr4_s100.A02,mcs10_m4Dr4_s100.B02,dal_rl,63,83,17494120075,1000.01,1,100,13281884838,696.781,14915962673,14915962673,0,12378115307,
mcs10_m4Dr4_s100.A03,mcs10_m4Dr4_s100.B03,dal_rl,60,68,19376927811,1000.02,1,100,7695787,0.777089,16952362823,16952362823,0,14527970039,
mcs10_m4Dr4_s100.A04,mcs10_m4Dr4_s100.B04,dal_rl,64,80,12703614093,1000.01,1,100,4926523985,402.089,11369476692,11369476692,0,10048018904,
mcs10_m4Dr4_s100.A05,mcs10_m4Dr4_s100.B05,dal_rl,63,82,6719096263,1000.02,1,100,18568689,1.92748,4796880883,4796880883,0,3439250090,
mcs10_m4Dr4_s100.A06,mcs10_m4Dr4_s100.B06,dal_rl,66,86,12652622921,1000.02,1,100,11815812727,879.754,11232948826,11232948826,0,9978574098,
mcs10_m4Dr4_s100.A07,mcs10_m4Dr4_s100.B07,dal_rl,64,82,8314064492,1000.01,1,100,6719381024,709.67,6345238077,6345238077,0,4789598073,
mcs10_m4Dr4_s100.A08,mcs10_m4Dr4_s100.B08,dal_rl,65,87,8038878597,1000.02,1,100,2382621982,185.45,5364888804,5364888804,0,3708348531,
mcs10_m4Dr4_s100.A09,mcs10_m4Dr4_s100.B09,dal_rl,65,98,12233922182,1000.02,1,100,8529551223,587.884,10157941038,10157941038,0,8306262844,
mcs10_m4Dr6_s100.A00,mcs10_m4Dr6_s100.B00,dal_rl,62,101,6773350394,1000.01,1,100,1247762203,178.268,4722764582,4722764582,0,3182232335,
mcs10_m4Dr6_s100.A01,mcs10_m4Dr6_s100.B01,dal_rl,62,85,6525553956,1000.02,1,100,92305246,9.11092,4370438383,4370438383,0,3011295508,
mcs10_m4Dr6_s100.A02,mcs10_m4Dr6_s100.B02,dal_rl,59,85,8181557966,1000.02,1,100,428377383,35.2306,6362655229,6362655229,0,4653632234,
mcs10_m4Dr6_s100.A03,mcs10_m4Dr6_s100.B03,dal_rl,54,85,17400212783,1000.02,1,100,3623222997,181.667,14689615847,14689615847,0,12196653091,
mcs10_m4Dr6_s100.A04,mcs10_m4Dr6_s100.B04,dal_rl,64,88,6276733002,1000.02,1,100,635994213,93.0998,3960483907,3960483907,0,2656394016,
mcs10_m4Dr6_s100.A05,mcs10_m4Dr6_s100.B05,dal_rl,64,91,6516540529,1000.02,1,100,3875889004,553.98,4156982233,4156982233,0,2922158312,
mcs10_m4Dr6_s100.A06,mcs10_m4Dr6_s100.B06,dal_rl,57,92,16102853975,1000.02,1,100,10377828502,544.803,13448447287,13448447287,0,11450098905,
mcs10_m4Dr6_s100.A07,mcs10_m4Dr6_s100.B07,dal_rl,56,89,21148091080,1000.02,1,100,57,6.6871e-05,17515563762,17515563762,0,14517456891,
mcs10_m4Dr6_s100.A08,mcs10_m4Dr6_s100.B08,dal_rl,64,88,16670221886,1000.02,1,100,16129742851,918.05,14073794161,14073794161,0,11559657661,
mcs10_m4Dr6_s100.A09,mcs10_m4Dr6_s100.B09,dal_rl,61,97,10985628657,1000.02,1,100,9072998,0.867555,10109242049,10109242049,0,9242977728,
mcs10_r001_s100.A00,mcs10_r001_s100.B00,dal_rl,73,70,20352415935,1000.02,1,100,7183,0.00118793,17444921822,17444921822,0,14537428179,
mcs10_r001_s100.A01,mcs10_r001_s100.B01,dal_rl,69,59,10560091061,1000.02,1,100,5056541,0.437179,9403700417,9403700417,0,8398119016,
mcs10_r001_s100.A02,mcs10_r001_s100.B02,dal_rl,74,69,10876825947,1000.02,1,100,361317,0.0531992,9485198759,9485198759,0,8095080156,
mcs10_r001_s100.A03,mcs10_r001_s100.B03,dal_rl,69,59,18626522076,1000.02,1,100,4104736229,217.854,16268185141,16268185141,0,13936476343,
mcs10_r001_s100.A04,mcs10_r001_s100.B04,dal_rl,66,58,23732692339,1000.02,1,100,1456,0.000257528,17745267376,17745267376,0,11757841682,
mcs10_r001_s100.A05,mcs10_r001_s100.B05,dal_rl,74,67,8554131829,1000.02,1,100,3618748372,526.14,7478356345,7478356345,0,6414582329,
mcs10_r001_s100.A06,mcs10_r001_s100.B06,dal_rl,70,61,13050438605,1000.01,1,100,3014,0.00043101,11931439623,11931439623,0,10812440245,
mcs10_r001_s100.A07,mcs10_r001_s100.B07,dal_rl,64,61,16090410817,1000.02,1,100,243,8.4928e-05,13477136737,13477136737,0,11066735368,
mcs10_r001_s100.A08,mcs10_r001_s100.B08,dal_rl,63,58,21083995431,1000.01,1,100,287771910,12.9236,17487762530,17487762530,0,15003975766,
mcs10_r001_s100.A09,mcs10_r001_s100.B09,dal_rl,73,69,4950133068,1000.02,1,100,1783627460,379.106,4394336469,4394336469,0,3842304994,
mcs10_r005_s100.A00,mcs10_r005_s100.B00,dal_rl,42,90,5096833807,1000.01,1,100,908368810,173.414,3056808396,3056808396,0,2428528102,
mcs10_r005_s100.A01,mcs10_r005_s100.B01,dal_rl,39,71,4887161899,1000.02,1,100,78867955,15.0856,3031902077,3031902077,0,2441737143,
mcs10_r005_s100.A02,mcs10_r005_s100.B02,dal_rl,41,91,4919692678,1000.02,1,100,302262169,57.209,3016222252,3016222252,0,2511114732,
mcs10_r005_s100.A03,mcs10_r005_s100.B03,dal_rl,40,79,5293118293,1000.02,1,100,197758870,34.6985,3233728301,3233728301,0,2599588931,
mcs10_r005_s100.A04,mcs10_r005_s100.B04,dal_rl,42,85,5282207934,1000.01,1,100,384792959,67.8701,3324251807,3324251807,0,2736058869,
mcs10_r005_s100.A05,mcs10_r005_s100.B05,dal_rl,41,83,5468095621,1000.01,1,100,1478658442,259.567,3428003969,3428003969,0,2724146236,
mcs10_r005_s100.A06,mcs10_r005_s100.B06,dal_rl,40,74,4950504884,1000.01,1,100,2002449448,395.743,2982243681,2982243681,0,2329739707,
mcs10_r005_s100.A07,mcs10_r005_s100.B07,dal_rl,40,87,4596526306,1000.02,1,100,32813729,7.10981,2839910029,2839910029,0,2314259066,
mcs10_r005_s100.A08,mcs10_r005_s100.B08,dal_rl,40,81,4029934892,1000.02,1,100,607416785,145.33,2486922924,2486922924,0,2031870305,
mcs10_r005_s100.A09,mcs10_r005_s100.B09,dal_rl,40,64,5047582844,1000.01,1,100,1995747084,385.082,3066758856,3066758856,0,2402657464,
mcs10_r005_s20.A00,mcs10_r005_s20.B00,dal_rl,17,14,9545,0.000897181,0,20,6767,0.000555606,6799,6799,0,4304,
mcs10_r005_s20.A01,mcs10_r005_s20.B01,dal_rl,17,16,12793,0.0015311,0,20,7410,0.00078048,9931,9931,0,7326,
mcs10_r005_s20.A02,mcs10_r005_s20.B02,dal_rl,17,12,9904,0.00124751,0,20,5442,0.000671555,6976,6976,0,4781,
mcs10_r005_s20.A03,mcs10_r005_s20.B03,dal_rl,17,13,20619,0.0025496,0,20,12576,0.00142517,14994,14994,0,10078,
mcs10_r005_s20.A04,mcs10_r005_s20.B04,dal_rl,17,14,11515,0.00248145,0,20,5856,0.0012286,8328,8328,0,5770,
mcs10_r005_s20.A05,mcs10_r005_s20.B05,dal_rl,16,15,210988,0.0278804,0,20,154057,0.018582,162492,162492,0,122748,
mcs10_r005_s20.A06,mcs10_r005_s20.B06,dal_rl,17,14,18560,0.00190456,0,20,12559,0.00121266,13665,13665,0,9465,
mcs10_r005_s20.A07,mcs10_r005_s20.B07,dal_rl,17,15,15741,0.00154609,0,20,12335,0.00108409,11164,11164,0,7337,
mcs10_r005_s20.A08,mcs10_r005_s20.B08,dal_rl,16,16,191586,0.0172691,0,20,27799,0.00212244,136543,136543,0,88830,
mcs10_r005_s20.A09,mcs10_r005_s20.B09,dal_rl,16,14,229673,0.0215559,0,20,28037,0.00275827,167275,167275,0,115054,
mcs10_r005_s25.A00,mcs10_r005_s25.B00,dal_rl,19,18,3322245,0.29853,0,25,2049421,0.167291,2409576,2409576,0,1697879,
mcs10_r005_s25.A01,mcs10_r005_s25.B01,dal_rl,21,20,73891,0.00774964,0,25,62055,0.00631911,53735,53735,0,38358,
mcs10_r005_s25.A02,mcs10_r005_s25.B02,dal_rl,21,18,238726,0.0244581,0,25,225740,0.0227434,171092,171092,0,112527,
mcs10_r005_s25.A03,mcs10_r005_s25.B03,dal_rl,20,19,897304,0.0998157,0,25,624363,0.068618,601667,601667,0,372900,
mcs10_r005_s25.A04,mcs10_r005_s25.B04,dal_rl,20,16,161909,0.0191744,0,25,23807,0.00245084,106024,106024,0,65213,
mcs10_r005_s25.A05,mcs10_r005_s25.B05,dal_rl,21,20,116494,0.0137274,0,25,90105,0.0104025,78069,78069,0,51149,
mcs10_r005_s25.A06,mcs10_r005_s25.B06,dal_rl,20,19,1061028,0.117525,0,25,758247,0.0826505,744273,744273,0,496395,
mcs10_r005_s25.A07,mcs10_r005_s25.B07,dal_rl,21,20,30927,0.00316871,0,25,20888,0.00190163,22428,22428,0,15826,
mcs10_r005_s25.A08,mcs10_r005_s25.B08,dal_rl,20,18,170959,0.0204584,0,25,28566,0.00299357,112493,112493,0,75036,
mcs10_r005_s25.A09,mcs10_r005_s25.B09,dal_rl,20,23,633798,0.0570349,0,25,437470,0.0364111,451744,451744,0,300422,
mcs10_r005_s30.A00,mcs10_r005_s30.B00,dal_rl,24,32,908449,0.114374,0,30,749188,0.0935062,625451,625451,0,430017,
mcs10_r005_s30.A01,mcs10_r005_s30.B01,dal_rl,23,24,2551167,0.321104,0,30,497822,0.0575947,1692861,1692861,0,1109287,
mcs10_r005_s30.A02,mcs10_r005_s30.B02,dal_rl,23,23,2673847,0.338424,0,30,996278,0.117909,1797289,1797289,0,1203456,
mcs10_r005_s30.A03,mcs10_r005_s30.B03,dal_rl,23,27,6183771,0.698352,0,30,5400006,0.601073,4415695,4415695,0,3053794,
mcs10_r005_s30.A04,mcs10_r005_s30.B04,dal_rl,23,25,4009574,0.494616,0,30,146925,0.01672,2639262,2639262,0,1683682,
mcs10_r005_s30.A05,mcs10_r005_s30.B05,dal_rl,23,25,2721057,0.35776,0,30,113532,0.0115393,1818787,1818787,0,1190365,
mcs10_r005_s30.A06,mcs10_r005_s30.B06,dal_rl,22,20,16484101,1.9303,0,30,602147,0.0577796,11729375,11729375,0,8204346,
mcs10_r005_s30.A07,mcs10_r005_s30.B07,dal_rl,23,27,7112172,0.84847,0,30,2585359,0.261369,4979451,4979451,0,3576718,
mcs10_r005_s30.A08,mcs10_r005_s30.B08,dal_rl,24,35,1410851,0.181959,0,30,1154870,0.146523,948921,948921,0,641469,
mcs10_r005_s30.A09,mcs10_r005_s30.B09,dal_rl,23,29,1695042,0.230741,0,30,112086,0.0130392,1157749,1157749,0,822122,
mcs10_r005_s35.A00,mcs10_r005_s35.B00,dal_rl,26,32,83156888,11.1447,0,35,20316712,2.56101,57772843,57772843,0,41155747,
mcs10_r005_s35.A01,mcs10_r005_s35.B01,dal_rl,26,33,48464524,6.75485,0,35,11842493,1.54926,32777883,32777883,0,23354813,
mcs10_r005_s35.A02,mcs10_r005_s35.B02,dal_rl,26,32,33132959,4.57015,0,35,5131396,0.629659,21689055,21689055,0,14468589,
mcs10_r005_s35.A03,mcs10_r005_s35.B03,dal_rl,25,31,217434309,29.7288,0,35,4780218,0.596484,148434720,148434720,0,108413876,
mcs10_r005_s35.A04,mcs10_r005_s35.B04,dal_rl,26,34,39881297,5.80278,0,35,10585851,1.4631,27070872,27070872,0,19872224,
mcs10_r005_s35.A05,mcs10_r005_s35.B05,dal_rl,27,38,15548304,2.50274,0,35,12720351,2.02367,10665528,10665528,0,7673123,
mcs10_r005_s35.A06,mcs10_r005_s35.B06,dal_rl,26,30,77066607,12.5669,0,35,55284640,8.8472,51129354,51129354,0,36422217,
mcs10_r005_s35.A07,mcs10_r005_s35.B07,dal_rl,25,31,104601415,16.5872,0,35,8251317,1.22199,72898475,72898475,0,53744251,
mcs10_r005_s35.A08,mcs10_r005_s35.B08,dal_rl,26,32,134835567,35.7352,0,35,99148025,25.9395,93981540,93981540,0,67861271,
mcs10_r005_s35.A09,mcs10_r005_s35.B09,dal_rl,26,34,24170168,6.83223,0,35,7182379,1.84865,16398157,16398157,0,11692632,
mcs10_r005_s40.A00,mcs10_r005_s40.B00,dal_rl,28,39,1725872725,259.387,0,40,20551722,2.92777,1149870886,1149870886,0,840208177,
mcs10_r005_s40.A01,mcs10_r005_s40.B01,dal_rl,28,38,2513474946,353.932,0,40,2866647,0.347717,1679683397,1679683397,0,1181926801,
mcs10_r005_s40.A02,mcs10_r005_s40.B02,dal_rl,28,36,2344447659,351.717,0,40,596850664,87.191,1535385576,1535385576,0,1087610559,
mcs10_r005_s40.A03,mcs10_r005_s40.B03,dal_rl,28,43,892034145,129.393,0,40,130869650,18.1187,603894094,603894094,0,434344876,
mcs10_r005_s40.A04,mcs10_r005_s40.B04,dal_rl,28,44,1451379237,258.267,0,40,36746974,6.30601,944839291,944839291,0,685425524,
mcs10_r005_s40.A05,mcs10_r005_s40.B05,dal_rl,28,34,1830465819,300.419,0,40,44092,0.00564379,1215089077,1215089077,0,853120436,
mcs10_r005_s40.A06,mcs10_r005_s40.B06,dal_rl,28,32,1246408927,213.357,0,40,4663447,0.75604,833209941,833209941,0,596209814,
mcs10_r005_s40.A07,mcs10_r005_s40.B07,dal_rl,29,39,1327364333,236.471,0,40,955491000,167.302,897425403,897425403,0,657332124,
mcs10_r005_s40.A08,mcs10_r005_s40.B08,dal_rl,28,43,1875056720,323.198,0,40,18619774,3.10893,1262996698,1262996698,0,884999805,
mcs10_r005_s40.A09,mcs10_r005_s40.B09,dal_rl,28,45,1571754182,275.573,0,40,1093861786,188.273,1073117843,1073117843,0,799272691,
mcs10_r005_s50.A00,mcs10_r005_s50.B00,dal_rl,32,55,5383330499,1000.01,1,50,323617996,55.7496,3675486523,3675486523,0,2736606067,
mcs10_r005_s50.A01,mcs10_r005_s50.B01,dal_rl,32,51,4973195298,1000.02,1,50,83980183,15.7421,3382698344,3382698344,0,2582200452,
mcs10_r005_s50.A02,mcs10_r005_s50.B02,dal_rl,32,56,5141353514,1000.01,1,50,1372193848,258.84,3481712171,3481712171,0,2687141188,
mcs10_r005_s50.A03,mcs10_r005_s50.B03,dal_rl,32,49,6054761552,1000.02,1,50,505293188,80.3896,4006826531,4006826531,0,3064707954,
mcs10_r005_s50.A04,mcs10_r005_s50.B04,dal_rl,32,50,6316216644,1000.02,1,50,5247617059,827.254,4187714260,4187714260,0,3147837722,
mcs10_r005_s50.A05,mcs10_r005_s50.B05,dal_rl,32,47,6291617763,1000.02,1,50,67303320,10.3276,4263588536,4263588536,0,3192113630,
mcs10_r005_s50.A06,mcs10_r005_s50.B06,dal_rl,32,47,5548116039,1000.01,1,50,436981931,74.4927,3761644441,3761644441,0,2809113496,
mcs10_r005_s50.A07,mcs10_r005_s50.B07,dal_rl,32,51,5345382526,1000.02,1,50,25135929,4.62209,3658478203,3658478203,0,2827653455,
mcs10_r005_s50.A08,mcs10_r005_s50.B08,dal_rl,32,48,5245577856,1000,1,50,314649213,57.8421,3538786143,3538786143,0,2701548530,
mcs10_r005_s50.A09,mcs10_r005_s50.B09,dal_rl,32,53,5683582719,1000.02,1,50,5328606642,938.117,3784131391,3784131391,0,2850722148,
mcs10_r005_s60.A00,mcs10_r005_s60.B00,dal_rl,35,66,5577726853,1000.02,1,60,58742092,8.54207,3825717418,3825717418,0,2918320973,
mcs10_r005_s60.A01,mcs10_r005_s60.B01,dal_rl,34,57,5431090323,1000.02,1,60,1426601674,262.761,3536186550,3536186550,0,2676813033,
mcs10_r005_s60.A02,mcs10_r005_s60.B02,dal_rl,34,62,3041753605,1000.02,1,60,57092698,17.7428,1998102657,1998102657,0,1565423479,
mcs10_r005_s60.A03,mcs10_r005_s60.B03,dal_rl,35,70,5109781304,1000.01,1,60,2548867541,479.203,3346631693,3346631693,0,2557636587,
mcs10_r005_s60.A04,mcs10_r005_s60.B04,dal_rl,34,54,4994469051,1000.01,1,60,1964642103,376.455,3157924712,3157924712,0,2435804779,
mcs10_r005_s60.A05,mcs10_r005_s60.B05,dal_rl,35,64,5126788018,1000.01,1,60,3498564390,680.577,3332189270,3332189270,0,2560636186,
mcs10_r005_s60.A06,mcs10_r005_s60.B06,dal_rl,35,64,5636596825,1000.02,1,60,3112039693,543.409,3569618876,3569618876,0,2783532389,
mcs10_r005_s60.A07,mcs10_r005_s60.B07,dal_rl,34,65,3001493724,1000.01,1,60,140712745,42.8061,2003812967,2003812967,0,1526898435,
mcs10_r005_s60.A08,mcs10_r005_s60.B08,dal_rl,35,67,2954938488,1000.02,1,60,22003635,7.01048,1927660930,1927660930,0,1499922308,
mcs10_r005_s60.A09,mcs10_r005_s60.B09,dal_rl,34,62,5822700128,1000.01,1,60,179876813,30.4729,3678514354,3678514354,0,2826639581,
mcs10_r005_s70.A00,mcs10_r005_s70.B00,dal_rl,37,77,5441805619,1000.01,1,70,2051468781,373.637,3406353823,3406353823,0,2669783065,
mcs10_r005_s70.A01,mcs10_r005_s70.B01,dal_rl,36,67,5407546422,1000.01,1,70,46385185,8.24627,3456990192,3456990192,0,2742932826,
mcs10_r005_s70.A02,mcs10_r005_s70.B02,dal_rl,37,57,5787154366,1000.01,1,70,5012715196,862.434,3643502424,3643502424,0,2850857896,
mcs10_r005_s70.A03,mcs10_r005_s70.B03,dal_rl,37,69,5756215958,1000.02,1,70,3905756083,679.871,3593930968,3593930968,0,2718831557,
mcs10_r005_s70.A04,mcs10_r005_s70.B04,dal_rl,35,63,5855695348,1000.02,1,70,596637927,99.3561,3794218333,3794218333,0,2969801318,
mcs10_r005_s70.A05,mcs10_r005_s70.B05,dal_rl,36,69,5781084407,1000.01,1,70,645502538,108.54,3735074077,3735074077,0,2898208376,
mcs10_r005_s70.A06,mcs10_r005_s70.B06,dal_rl,37,75,5792682708,1000.02,1,70,37003055,6.34675,3686326242,3686326242,0,2870289706,
mcs10_r005_s70.A07,mcs10_r005_s70.B07,dal_rl,36,73,5801094513,1000.01,1,70,57627821,9.68279,3647407177,3647407177,0,2819028732,
mcs10_r005_s70.A08,mcs10_r005_s70.B08,dal_rl,37,69,2755781514,1000.01,1,70,1296965088,468.634,1742877772,1742877772,0,1321214373,
mcs10_r005_s70.A09,mcs10_r005_s70.B09,dal_rl,36,52,5929257701,1000.01,1,70,1107059967,181.241,3787322644,3787322644,0,2965814953,
mcs10_r005_s80.A00,mcs10_r005_s80.B00,dal_rl,39,78,5414053739,1000.02,1,80,4600633215,846.847,3392525233,3392525233,0,2670812785,
mcs10_r005_s80.A01,mcs10_r005_s80.B01,dal_rl,37,76,5288494675,1000.01,1,80,290912200,53.2944,3279105681,3279105681,0,2606166260,
mcs10_r005_s80.A02,mcs10_r005_s80.B02,dal_rl,38,62,5436576002,1000.02,1,80,4604530522,837.09,3377487003,3377487003,0,2648238800,
mcs10_r005_s80.A03,mcs10_r005_s80.B03,dal_rl,37,72,5954297642,1000.02,1,80,1559100664,259.253,3882636566,3882636566,0,2976989876,
mcs10_r005_s80.A04,mcs10_r005_s80.B04,dal_rl,37,69,5448556451,1000.01,1,80,1286498834,229.503,3406449456,3406449456,0,2695807242,
mcs10_r005_s80.A05,mcs10_r005_s80.B05,dal_rl,38,80,5610103496,1000.02,1,80,3488028180,619.327,3460152276,3460152276,0,2697914863,
mcs10_r005_s80.A06,mcs10_r005_s80.B06,dal_rl,38,71,4878981480,1000.02,1,80,1613771819,317.073,3106632863,3106632863,0,2439252331,
mcs10_r005_s80.A07,mcs10_r005_s80.B07,dal_rl,37,75,4358463796,1000.02,1,80,1542411604,346.947,2731584660,2731584660,0,2119192983,
mcs10_r005_s80.A08,mcs10_r005_s80.B08,dal_rl,37,70,5806514130,1000.01,1,80,3348576,0.564697,3602081321,3602081321,0,2693483577,
mcs10_r005_s80.A09,mcs10_r005_s80.B09,dal_rl,37,61,6086963696,1000.02,1,80,677663545,108.097,3926489334,3926489334,0,3031724314,
mcs10_r005_s90.A00,mcs10_r005_s90.B00,dal_rl,39,88,4461818502,1000.02,1,90,8984683,1.92692,2751950454,2751950454,0,2195760033,
mcs10_r005_s90.A01,mcs10_r005_s90.B01,dal_rl,39,76,4964519776,1000.02,1,90,2715092654,533.685,3170503917,3170503917,0,2615945585,
mcs10_r005_s90.A02,mcs10_r005_s90.B02,dal_rl,38,81,4346929871,1000.02,1,90,103138108,22.4488,2716714101,2716714101,0,2196520150,
mcs10_r005_s90.A03,mcs10_r005_s90.B03,dal_rl,38,76,5126743279,1000.02,1,90,25999269,4.66847,3161744078,3161744078,0,2576625405,
mcs10_r005_s90.A04,mcs10_r005_s90.B04,dal_rl,39,103,5521872266,1000.02,1,90,8534955,1.42238,3455393282,3455393282,0,2693658071,
mcs10_r005_s90.A05,mcs10_r005_s90.B05,dal_rl,40,84,5540027698,1000.01,1,90,1223752170,217.512,3518361711,3518361711,0,2741252415,
mcs10_r005_s90.A06,mcs10_r005_s90.B06,dal_rl,40,77,5272017371,1000.02,1,90,524864909,94.4432,3221480761,3221480761,0,2466974086,
mcs10_r005_s90.A07,mcs10_r005_s90.B07,dal_rl,40,91,4947161855,1000.02,1,90,317753126,57.923,3023244522,3023244522,0,2435660159,
mcs10_r005_s90.A08,mcs10_r005_s90.B08,dal_rl,41,79,4903068135,1000.01,1,90,31524400,5.76021,3010821606,3010821606,0,2523041464,
mcs10_r005_s90.A09,mcs10_r005_s90.B09,dal_rl,38,80,5306578063,1000.01,1,90,501004982,87.5067,3326296207,3326296207,0,2769738568,
mcs10_r01_s100.A00,mcs10_r01_s100.B00,dal_rl,29,77,3509490969,1000.02,1,100,2652294506,739.156,2040167166,2040167166,0,1820416861,
mcs10_r01_s100.A01,mcs10_r01_s100.B01,dal_rl,29,77,3533835840,1000.01,1,100,342422411,91.3686,2079146826,2079146826,0,1848626279,
mcs10_r01_s100.A02,mcs10_r01_s100.B02,dal_rl,28,78,3483133779,1000.01,1,100,100169898,26.2533,2053479362,2053479362,0,1829531023,
mcs10_r01_s100.A03,mcs10_r01_s100.B03,dal_rl,29,83,4216001853,1000.03,1,100,79119339,17.1167,2494059546,2494059546,0,2245894206,
mcs10_r01_s100.A04,mcs10_r01_s100.B04,dal_rl,29,78,4203296742,1000.02,1,100,114925751,25.6336,2466662695,2466662695,0,2213304008,
mcs10_r01_s100.A05,mcs10_r01_s100.B05,dal_rl,28,85,4351041163,1000.01,1,100,2076734322,465.146,2583148645,2583148645,0,2281970100,
mcs10_r01_s100.A06,mcs10_r01_s100.B06,dal_rl,29,91,4443600897,1000.02,1,100,70341952,14.696,2628872621,2628872621,0,2321718968,
mcs10_r01_s100.A07,mcs10_r01_s100.B07,dal_rl,30,95,4442080974,1000.01,1,100,2379914972,518.003,2648824850,2648824850,0,2349104943,
mcs10_r01_s100.A08,mcs10_r01_s100.B08,dal_rl,29,72,4272641667,1000.01,1,100,442296326,102.258,2511546136,2511546136,0,2239903766,
mcs10_r01_s100.A09,mcs10_r01_s100.B09,dal_rl,29,80,4262692767,1000.01,1,100,2411147436,553.555,2513267295,2513267295,0,2228465812,
mcs10_r01_s20.A00,mcs10_r01_s20.B00,dal_rl,14,25,89638,0.0124891,0,20,15490,0.00207155,55877,55877,0,39030,
mcs10_r01_s20.A01,mcs10_r01_s20.B01,dal_rl,14,20,126293,0.0163921,0,20,31914,0.00388013,82991,82991,0,59809,
mcs10_r01_s20.A02,mcs10_r01_s20.B02,dal_rl,14,18,80981,0.0113343,0,20,4941,0.000673313,52892,52892,0,39349,
mcs10_r01_s20.A03,mcs10_r01_s20.B03,dal_rl,15,23,58719,0.00781974,0,20,49918,0.00662096,37047,37047,0,25278,
mcs10_r01_s20.A04,mcs10_r01_s20.B04,dal_rl,15,20,25931,0.00371602,0,20,10847,0.00147762,17874,17874,0,13450,
mcs10_r01_s20.A05,mcs10_r01_s20.B05,dal_rl,14,17,49765,0.00671023,0,20,3016,0.000377998,34329,34329,0,26194,
mcs10_r01_s20.A06,mcs10_r01_s20.B06,dal_rl,14,21,141472,0.0189181,0,20,39226,0.00490333,91606,91606,0,65501,
mcs10_r01_s20.A07,mcs10_r01_s20.B07,dal_rl,15,22,37543,0.00523763,0,20,30748,0.00421687,25699,25699,0,20150,
mcs10_r01_s20.A08,mcs10_r01_s20.B08,dal_rl,14,18,55026,0.00755278,0,20,16329,0.00208722,35962,35962,0,27235,
mcs10_r01_s20.A09,mcs10_r01_s20.B09,dal_rl,15,23,24592,0.00346038,0,20,17713,0.00244319,16836,16836,0,12694,
mcs10_r01_s25.A00,mcs10_r01_s25.B00,dal_rl,17,33,1462820,0.227245,0,25,942128,0.143731,951869,951869,0,725829,
mcs10_r01_s25.A01,mcs10_r01_s25.B01,dal_rl,16,27,2626313,0.385213,0,25,106820,0.014756,1739169,1739169,0,1336650,
mcs10_r01_s25.A02,mcs10_r01_s25.B02,dal_rl,16,24,2724767,0.396423,0,25,15499,0.00190407,1779703,1779703,0,1350789,
mcs10_r01_s25.A03,mcs10_r01_s25.B03,dal_rl,17,26,1073008,0.159883,0,25,629896,0.0906069,715862,715862,0,550594,
mcs10_r01_s25.A04,mcs10_r01_s25.B04,dal_rl,16,25,2587601,0.376642,0,25,119138,0.0173711,1677289,1677289,0,1290404,
mcs10_r01_s25.A05,mcs10_r01_s25.B05,dal_rl,16,22,2576470,0.364525,0,25,74167,0.010085,1689815,1689815,0,1268697,
mcs10_r01_s25.A06,mcs10_r01_s25.B06,dal_rl,17,29,549799,0.0831921,0,25,240795,0.0352942,362707,362707,0,282939,
mcs10_r01_s25.A07,mcs10_r01_s25.B07,dal_rl,17,30,2032239,0.294438,0,25,1815501,0.260591,1357541,1357541,0,1051393,
mcs10_r01_s25.A08,mcs10_r01_s25.B08,dal_rl,17,23,1162467,0.175259,0,25,683710,0.100848,776511,776511,0,600361,
mcs10_r01_s25.A09,mcs10_r01_s25.B09,dal_rl,16,29,1914814,0.27832,0,25,17906,0.00157136,1241504,1241504,0,929648,
mcs10_r01_s30.A00,mcs10_r01_s30.B00,dal_rl,18,32,55595247,8.68795,0,30,821539,0.121019,35919315,35919315,0,27369012,
mcs10_r01_s30.A01,mcs10_r01_s30.B01,dal_rl,19,40,18229054,2.91528,0,30,8555249,1.34187,11776219,11776219,0,9114898,
mcs10_r01_s30.A02,mcs10_r01_s30.B02,dal_rl,19,37,30173346,4.83123,0,30,16996047,2.61827,19656580,19656580,0,15297470,
mcs10_r01_s30.A03,mcs10_r01_s30.B03,dal_rl,18,27,49303551,7.89045,0,30,6049559,0.916115,32111671,32111671,0,25234352,
mcs10_r01_s30.A04,mcs10_r01_s30.B04,dal_rl,18,32,31106265,4.97758,0,30,140291,0.0205297,20319303,20319303,0,15988587,
mcs10_r01_s30.A05,mcs10_r01_s30.B05,dal_rl,18,26,38252782,6.10885,0,30,217056,0.0337699,25198578,25198578,0,19782071,
mcs10_r01_s30.A06,mcs10_r01_s30.B06,dal_rl,18,32,55740841,9.02417,0,30,603012,0.0913647,35929489,35929489,0,28129700,
mcs10_r01_s30.A07,mcs10_r01_s30.B07,dal_rl,18,31,51278589,7.83299,0,30,3489643,0.497605,33870316,33870316,0,26367457,
mcs10_r01_s30.A08,mcs10_r01_s30.B08,dal_rl,18,34,72452409,11.6968,0,30,12643172,1.95371,46207319,46207319,0,35421857,
mcs10_r01_s30.A09,mcs10_r01_s30.B09,dal_rl,18,26,47503354,7.78062,0,30,2418676,0.386042,30797903,30797903,0,24284497,
mcs10_r01_s35.A00,mcs10_r01_s35.B00,dal_rl,21,39,179441244,30.6816,0,35,31606808,5.14075,119345701,119345701,0,96542657,
mcs10_r01_s35.A01,mcs10_r01_s35.B01,dal_rl,20,38,525064357,90.9955,0,35,86248064,14.4197,343557261,343557261,0,277797362,
mcs10_r01_s35.A02,mcs10_r01_s35.B02,dal_rl,20,39,545393981,92.694,0,35,12421574,1.99603,356731059,356731059,0,286587418,
mcs10_r01_s35.A03,mcs10_r01_s35.B03,dal_rl,20,38,523852022,91.7781,0,35,24686463,3.9787,339858506,339858506,0,273909663,
mcs10_r01_s35.A04,mcs10_r01_s35.B04,dal_rl,20,39,551159686,94.4901,0,35,133079982,21.9553,351838002,351838002,0,278410160,
mcs10_r01_s35.A05,mcs10_r01_s35.B05,dal_rl,20,44,615508568,106.596,0,35,351505385,59.4036,399308338,399308338,0,324520449,
mcs10_r01_s35.A06,mcs10_r01_s35.B06,dal_rl,21,42,680568040,114.255,0,35,596387306,98.7807,443024992,443024992,0,354905245,
mcs10_r01_s35.A07,mcs10_r01_s35.B07,dal_rl,20,44,865126565,147.37,0,35,519072180,86.6038,560236635,560236635,0,452625137,
mcs10_r01_s35.A08,mcs10_r01_s35.B08,dal_rl,20,47,708949468,123.81,0,35,2272308,0.363779,463275191,463275191,0,373936269,
mcs10_r01_s35.A09,mcs10_r01_s35.B09,dal_rl,20,44,631818667,113.1,0,35,4687571,0.786717,409640973,409640973,0,334337958,
mcs10_r01_s40.A00,mcs10_r01_s40.B00,dal_rl,22,43,5333614872,1000.01,1,40,101439477,17.4019,3483741172,3483741172,0,2903438777,
mcs10_r01_s40.A01,mcs10_r01_s40.B01,dal_rl,22,46,3447390372,629.703,0,40,53298984,9.32924,2265865000,2265865000,0,1866424870,
mcs10_r01_s40.A02,mcs10_r01_s40.B02,dal_rl,21,45,5614038803,1000.02,1,40,218501758,37.6138,3583376945,3583376945,0,2897906025,
mcs10_r01_s40.A03,mcs10_r01_s40.B03,dal_rl,21,35,5524777146,1000.02,1,40,1313960,0.22048,3581026199,3581026199,0,2943060366,
mcs10_r01_s40.A04,mcs10_r01_s40.B04,dal_rl,22,41,5326884531,1000.01,1,40,4910389542,918.389,3463332855,3463332855,0,2870545200,
mcs10_r01_s40.A05,mcs10_r01_s40.B05,dal_rl,21,44,5759007436,1000.01,1,40,168854102,27.9941,3690106558,3690106558,0,2984528620,
mcs10_r01_s40.A06,mcs10_r01_s40.B06,dal_rl,22,43,5383416013,1000.02,1,40,2973253610,556.818,3499966830,3499966830,0,2903030808,
mcs10_r01_s40.A07,mcs10_r01_s40.B07,dal_rl,22,46,5513533227,1000.02,1,40,18534627,3.05803,3617404136,3617404136,0,2993349771,
mcs10_r01_s40.A08,mcs10_r01_s40.B08,dal_rl,21,41,5549734554,1000.02,1,40,10457520,1.84022,3581171887,3581171887,0,2940979918,
mcs10_r01_s40.A09,mcs10_r01_s40.B09,dal_rl,22,48,5588839366,1000.01,1,40,1675701194,298.828,3618394940,3618394940,0,2947088281,
mcs10_r01_s50.A00,mcs10_r01_s50.B00,dal_rl,23,49,5067251151,1000.02,1,50,1230875058,234.756,3192020684,3192020684,0,2701955615,
mcs10_r01_s50.A01,mcs10_r01_s50.B01,dal_rl,23,47,5266299646,1000.02,1,50,4570063662,862.069,3294052724,3294052724,0,2763107004,
mcs10_r01_s50.A02,mcs10_r01_s50.B02,dal_rl,24,54,5145336805,1000.01,1,50,217601476,41.5616,3278191898,3278191898,0,2771060382,
mcs10_r01_s50.A03,mcs10_r01_s50.B03,dal_rl,23,53,5439369148,1000.01,1,50,2105343581,380.259,3467305539,3467305539,0,2895227461,
mcs10_r01_s50.A04,mcs10_r01_s50.B04,dal_rl,23,60,5022400089,1000.01,1,50,797616051,154.342,3149779872,3149779872,0,2683992794,
mcs10_r01_s50.A05,mcs10_r01_s50.B05,dal_rl,23,48,5183615730,1000.02,1,50,119100610,22.5545,3325475763,3325475763,0,2689191032,
mcs10_r01_s50.A06,mcs10_r01_s50.B06,dal_rl,23,54,2643949353,1000.02,1,50,2091672176,782.066,1673253502,1673253502,0,1402259427,
mcs10_r01_s50.A07,mcs10_r01_s50.B07,dal_rl,23,47,4999833267,1000.02,1,50,341322928,66.1915,3113742343,3113742343,0,2630654166,
mcs10_r01_s50.A08,mcs10_r01_s50.B08,dal_rl,23,54,4956612395,1000.02,1,50,1305803639,255.249,3106663346,3106663346,0,2628554035,
mcs10_r01_s50.A09,mcs10_r01_s50.B09,dal_rl,23,40,5050335133,1000.02,1,50,1716117655,337.132,3215182847,3215182847,0,2677483731,
mcs10_r01_s60.A00,mcs10_r01_s60.B00,dal_rl,25,56,4760527357,1000.02,1,60,637862275,130.812,2943827558,2943827558,0,2479118144,
mcs10_r01_s60.A01,mcs10_r01_s60.B01,dal_rl,25,58,4966088562,1000.01,1,60,437550369,83.8874,3099522152,3099522152,0,2604111288,
mcs10_r01_s60.A02,mcs10_r01_s60.B02,dal_rl,24,59,4959373412,1000.01,1,60,948757843,185.047,3028376149,3028376149,0,2622952812,
mcs10_r01_s60.A03,mcs10_r01_s60.B03,dal_rl,25,68,5037971658,1000.02,1,60,4172111896,818.831,3154753237,3154753237,0,2702510163,
mcs10_r01_s60.A04,mcs10_r01_s60.B04,dal_rl,25,56,4181640915,1000.02,1,60,275213297,65.2188,2632357011,2632357011,0,2213490611,
mcs10_r01_s60.A05,mcs10_r01_s60.B05,dal_rl,24,58,4158276998,1000.02,1,60,1093433,0.269555,2581960178,2581960178,0,2142199823,
mcs10_r01_s60.A06,mcs10_r01_s60.B06,dal_rl,25,53,4905828242,1000.02,1,60,1463720043,287.9,3052619645,3052619645,0,2570700451,
mcs10_r01_s60.A07,mcs10_r01_s60.B07,dal_rl,25,44,3825705380,1000.02,1,60,745011570,182.38,2410368122,2410368122,0,2051173871,
mcs10_r01_s60.A08,mcs10_r01_s60.B08,dal_rl,24,61,4166876969,1000.02,1,60,27530803,6.20228,2576234668,2576234668,0,2162151670,
mcs10_r01_s60.A09,mcs10_r01_s60.B09,dal_rl,25,56,4249277042,1000.02,1,60,69468297,17.8861,2700010885,2700010885,0,2267149766,
mcs10_r01_s70.A00,mcs10_r01_s70.B00,dal_rl,25,57,4650952061,1000.02,1,70,11842302,2.53397,2833946392,2833946392,0,2385180465,
mcs10_r01_s70.A01,mcs10_r01_s70.B01,dal_rl,26,64,4400199411,1000.02,1,70,240673444,53.502,2682690639,2682690639,0,2351396753,
mcs10_r01_s70.A02,mcs10_r01_s70.B02,dal_rl,26,63,4657891892,1000.01,1,70,1050360289,217.529,2873462851,2873462851,0,2470419175,
mcs10_r01_s70.A03,mcs10_r01_s70.B03,dal_rl,25,59,3830989094,1000.01,1,70,1029992285,259.9,2299599434,2299599434,0,1974938336,
mcs10_r01_s70.A04,mcs10_r01_s70.B04,dal_rl,25,69,3923866435,1000.02,1,70,187011951,44.8934,2360893180,2360893180,0,2054561569,
mcs10_r01_s70.A05,mcs10_r01_s70.B05,dal_rl,27,66,4080294564,1000.02,1,70,3356461906,816.547,2525790478,2525790478,0,2100817548,
mcs10_r01_s70.A06,mcs10_r01_s70.B06,dal_rl,26,72,4325978146,1000.02,1,70,371666552,85.3787,2653443487,2653443487,0,2271512849,
mcs10_r01_s70.A07,mcs10_r01_s70.B07,dal_rl,27,56,3862797983,1000.02,1,70,384953893,90.9453,2320740126,2320740126,0,2073637238,
mcs10_r01_s70.A08,mcs10_r01_s70.B08,dal_rl,26,56,4223570911,1000.01,1,70,554996149,125.147,2600956530,2600956530,0,2266398061,
mcs10_r01_s70.A09,mcs10_r01_s70.B09,dal_rl,26,67,2365619982,1000.02,1,70,91651479,36.0094,1459127277,1459127277,0,1267393553,
mcs10_r01_s80.A00,mcs10_r01_s80.B00,dal_rl,26,65,3902583300,1000.02,1,80,29448309,6.65427,2329022121,2329022121,0,2015023188,
mcs10_r01_s80.A01,mcs10_r01_s80.B01,dal_rl,27,73,3811617970,1000.03,1,80,22870737,5.15926,2282941075,2282941075,0,1946510500,
mcs10_r01_s80.A02,mcs10_r01_s80.B02,dal_rl,26,82,3963461746,1000.01,1,80,34093893,7.36791,2398593956,2398593956,0,2079236793,
mcs10_r01_s80.A03,mcs10_r01_s80.B03,dal_rl,27,77,4403812260,1000.02,1,80,2299314745,510.42,2610916205,2610916205,0,2272308834,
mcs10_r01_s80.A04,mcs10_r01_s80.B04,dal_rl,27,80,2130784355,1000.02,1,80,119964017,48.7519,1275834751,1275834751,0,1137473004,
mcs10_r01_s80.A05,mcs10_r01_s80.B05,dal_rl,27,74,2324095532,1000.02,1,80,262964140,111.073,1388519073,1388519073,0,1197893027,
mcs10_r01_s80.A06,mcs10_r01_s80.B06,dal_rl,27,67,4572511113,1000.02,1,80,161798651,35.9327,2728442656,2728442656,0,2284768745,
mcs10_r01_s80.A07,mcs10_r01_s80.B07,dal_rl,27,62,4458260129,1000.01,1,80,1825908517,398.835,2659742019,2659742019,0,2325474561,
mcs10_r01_s80.A08,mcs10_r01_s80.B08,dal_rl,27,71,4218979728,1000.01,1,80,127651645,27.8124,2511629423,2511629423,0,2117163154,
mcs10_r01_s80.A09,mcs10_r01_s80.B09,dal_rl,27,64,4771257501,1000.01,1,80,1066050442,214.721,2884086295,2884086295,0,2503895150,
mcs10_r01_s90.A00,mcs10_r01_s90.B00,dal_rl,27,75,4455499696,1000.01,1,90,1300429882,285.972,2644892858,2644892858,0,2334338015,
mcs10_r01_s90.A01,mcs10_r01_s90.B01,dal_rl,28,66,4494670171,1000.02,1,90,1643231188,355.505,2676216058,2676216058,0,2345040896,
mcs10_r01_s90.A02,mcs10_r01_s90.B02,dal_rl,28,79,4630243412,1000.01,1,90,94807693,19.457,2751470991,2751470991,0,2407604091,
mcs10_r01_s90.A03,mcs10_r01_s90.B03,dal_rl,28,86,4707639734,1000.01,1,90,4428910886,941.201,2770237713,2770237713,0,2342298672,
mcs10_r01_s90.A04,mcs10_r01_s90.B04,dal_rl,28,91,4495471942,1000.02,1,90,1155330292,244.756,2662770472,2662770472,0,2292022354,
mcs10_r01_s90.A05,mcs10_r01_s90.B05,dal_rl,27,74,2269172889,1000.02,1,90,46228356,19.733,1360298285,1360298285,0,1193038645,
mcs10_r01_s90.A06,mcs10_r01_s90.B06,dal_rl,28,73,4647215843,1000.02,1,90,2487259623,523.723,2775968913,2775968913,0,2437554988,
mcs10_r01_s90.A07,mcs10_r01_s90.B07,dal_rl,29,86,3967416344,1000.02,1,90,223669994,51.1214,2375680475,2375680475,0,2125152414,
mcs10_r01_s90.A08,mcs10_r01_s90.B08,dal_rl,27,75,4247390591,1000.01,1,90,205006772,45.6684,2502761111,2502761111,0,2215047253,
mcs10_r01_s90.A09,mcs10_r01_s90.B09,dal_rl,28,79,4429590020,1000.01,1,90,3139783366,700.737,2626424091,2626424091,0,2303245775,
mcs10_r02_s100.A00,mcs10_r02_s100.B00,dal_rl,20,63,3717633098,1000.01,1,100,362751292,91.4704,1977462497,1977462497,0,1921807680,
mcs10_r02_s100.A01,mcs10_r02_s100.B01,dal_rl,20,88,3704850455,1000.01,1,100,159909044,46.0817,2001331537,2001331537,0,1920359054,
mcs10_r02_s100.A02,mcs10_r02_s100.B02,dal_rl,20,85,3651330183,1000.01,1,100,1118372848,290.634,1953093279,1953093279,0,1859672902,
mcs10_r02_s100.A03,mcs10_r02_s100.B03,dal_rl,21,72,3512288857,1000.01,1,100,73767029,17.8339,1876997747,1876997747,0,1826301228,
mcs10_r02_s100.A04,mcs10_r02_s100.B04,dal_rl,20,79,3754544040,1000.02,1,100,288944684,71.3028,2011778467,2011778467,0,1947428309,
mcs10_r02_s100.A05,mcs10_r02_s100.B05,dal_rl,20,69,3163000962,1000.02,1,100,335533718,101.577,1726852513,1726852513,0,1647828058,
mcs10_r02_s100.A06,mcs10_r02_s100.B06,dal_rl,20,79,3860853326,1000.01,1,100,656782659,163.454,2099063795,2099063795,0,2001466418,
mcs10_r02_s100.A07,mcs10_r02_s100.B07,dal_rl,20,61,3658006193,1000.02,1,100,120992448,29.8484,1951228957,1951228957,0,1888753003,
mcs10_r02_s100.A08,mcs10_r02_s100.B08,dal_rl,20,71,3669572791,1000.01,1,100,348250949,99.3674,1963347477,1963347477,0,1896120327,
mcs10_r02_s100.A09,mcs10_r02_s100.B09,dal_rl,20,91,3668641739,1000.01,1,100,845105433,218.848,1962001730,1962001730,0,1888120740,
mcs10_r02_s20.A00,mcs10_r02_s20.B00,dal_rl,11,21,590432,0.12353,0,20,510,0.000113672,366507,366507,0,302911,
mcs10_r02_s20.A01,mcs10_r02_s20.B01,dal_rl,12,32,200587,0.0363213,0,20,34785,0.00596897,127608,127608,0,103604,
mcs10_r02_s20.A02,mcs10_r02_s20.B02,dal_rl,12,23,118758,0.0212879,0,20,6579,0.00113277,77403,77403,0,62950,
mcs10_r02_s20.A03,mcs10_r02_s20.B03,dal_rl,12,23,318294,0.0547251,0,20,178263,0.0298039,200181,200181,0,165599,
mcs10_r02_s20.A04,mcs10_r02_s20.B04,dal_rl,12,20,470064,0.0818138,0,20,407785,0.0702484,294487,294487,0,238732,
mcs10_r02_s20.A05,mcs10_r02_s20.B05,dal_rl,11,26,520952,0.089028,0,20,29,1.5183e-05,326788,326788,0,267723,
mcs10_r02_s20.A06,mcs10_r02_s20.B06,dal_rl,12,25,316609,0.0562857,0,20,154849,0.0267093,195545,195545,0,161981,
mcs10_r02_s20.A07,mcs10_r02_s20.B07,dal_rl,11,24,339860,0.0571277,0,20,1040,0.000189284,219405,219405,0,174311,
mcs10_r02_s20.A08,mcs10_r02_s20.B08,dal_rl,11,23,406928,0.0837564,0,20,3365,0.000648129,256357,256357,0,209632,
mcs10_r02_s20.A09,mcs10_r02_s20.B09,dal_rl,12,28,200208,0.0439826,0,20,2013,0.000381667,130339,130339,0,109188,
mcs10_r02_s25.A00,mcs10_r02_s25.B00,dal_rl,13,31,4167551,0.997309,0,25,33877,0.00760655,2610889,2610889,0,2233033,
mcs10_r02_s25.A01,mcs10_r02_s25.B01,dal_rl,13,31,4544857,1.00057,0,25,47188,0.00975447,2833003,2833003,0,2351317,
mcs10_r02_s25.A02,mcs10_r02_s25.B02,dal_rl,13,28,5201533,1.01494,0,25,43766,0.00843464,3272637,3272637,0,2788105,
mcs10_r02_s25.A03,mcs10_r02_s25.B03,dal_rl,14,34,1899876,0.389413,0,25,44864,0.00824988,1190432,1190432,0,1017957,
mcs10_r02_s25.A04,mcs10_r02_s25.B04,dal_rl,13,29,5015833,0.94861,0,25,24182,0.00443917,3169278,3169278,0,2662080,
mcs10_r02_s25.A05,mcs10_r02_s25.B05,dal_rl,13,29,4850620,0.944539,0,25,24219,0.00441443,3042684,3042684,0,2615198,
mcs10_r02_s25.A06,mcs10_r02_s25.B06,dal_rl,13,28,5672506,1.0927,0,25,101418,0.0187646,3511847,3511847,0,2981639,
mcs10_r02_s25.A07,mcs10_r02_s25.B07,dal_rl,13,24,8354328,1.63436,0,25,1186187,0.224268,5080550,5080550,0,4257289,
mcs10_r02_s25.A08,mcs10_r02_s25.B08,dal_rl,13,32,3702519,0.724731,0,25,56276,0.0100961,2329739,2329739,0,2021999,
mcs10_r02_s25.A09,mcs10_r02_s25.B09,dal_rl,13,28,5523103,1.04747,0,25,83524,0.014599,3441511,3441511,0,2863443,
mcs10_r02_s30.A00,mcs10_r02_s30.B00,dal_rl,15,40,51153320,10.8527,0,30,17987983,3.71012,31568376,31568376,0,27535373,
mcs10_r02_s30.A01,mcs10_r02_s30.B01,dal_rl,15,46,60964098,12.8769,0,30,28084958,5.63167,37459087,37459087,0,32628252,
mcs10_r02_s30.A02,mcs10_r02_s30.B02,dal_rl,14,40,85836135,17.5111,0,30,535651,0.0987567,53058278,53058278,0,45624360,
mcs10_r02_s30.A03,mcs10_r02_s30.B03,dal_rl,14,26,90714057,18.8469,0,30,1199775,0.22228,55397709,55397709,0,48104100,
mcs10_r02_s30.A04,mcs10_r02_s30.B04,dal_rl,14,35,91503233,23.3556,0,30,68949,0.016526,56263567,56263567,0,48614459,
mcs10_r02_s30.A05,mcs10_r02_s30.B05,dal_rl,15,40,51929853,13.8582,0,30,20579235,5.21118,32126344,32126344,0,27842088,
mcs10_r02_s30.A06,mcs10_r02_s30.B06,dal_rl,14,27,75619302,19.1862,0,30,976148,0.234443,46351011,46351011,0,40998055,
mcs10_r02_s30.A07,mcs10_r02_s30.B07,dal_rl,15,39,38766589,9.18624,0,30,11600431,2.6319,23965244,23965244,0,21197541,
mcs10_r02_s30.A08,mcs10_r02_s30.B08,dal_rl,14,37,93795773,19.5022,0,30,92310,0.0176401,57322815,57322815,0,49698007,
mcs10_r02_s30.A09,mcs10_r02_s30.B09,dal_rl,14,37,96351689,19.877,0,30,4459251,0.848475,58855009,58855009,0,50937954,
mcs10_r02_s35.A00,mcs10_r02_s35.B00,dal_rl,15,45,1098116311,234.774,0,35,1058009,0.208119,674175394,674175394,0,594888577,
mcs10_r02_s35.A01,mcs10_r02_s35.B01,dal_rl,16,35,699821015,157.753,0,35,182731428,39.0738,428439883,428439883,0,381585644,
mcs10_r02_s35.A02,mcs10_r02_s35.B02,dal_rl,15,39,1126836489,245.773,0,35,1116529,0.228577,677592956,677592956,0,599923382,
mcs10_r02_s35.A03,mcs10_r02_s35.B03,dal_rl,15,38,1207990013,271.241,0,35,451596,0.0954619,725891396,725891396,0,651110267,
mcs10_r02_s35.A04,mcs10_r02_s35.B04,dal_rl,15,41,1037859904,282.248,0,35,3769577,0.934217,631300096,631300096,0,561582701,
mcs10_r02_s35.A05,mcs10_r02_s35.B05,dal_rl,15,50,1106891195,300.715,0,35,51140403,13.1582,664504074,664504074,0,595944015,
mcs10_r02_s35.A06,mcs10_r02_s35.B06,dal_rl,15,38,1251975404,282.716,0,35,4403983,1.0012,758964860,758964860,0,673913791,
mcs10_r02_s35.A07,mcs10_r02_s35.B07,dal_rl,15,45,966497633,212.47,0,35,9810865,1.9684,586534092,586534092,0,520020556,
mcs10_r02_s35.A08,mcs10_r02_s35.B08,dal_rl,15,33,1320787193,296.887,0,35,11935937,2.53347,793343891,793343891,0,709033466,
mcs10_r02_s35.A09,mcs10_r02_s35.B09,dal_rl,15,47,1315375732,287.659,0,35,1460869,0.300053,795996023,795996023,0,707339388,
mcs10_r02_s40.A00,mcs10_r02_s40.B00,dal_rl,17,42,4291621833,1000.01,1,40,4027760752,933.991,2568964567,2568964567,0,2321993013,
mcs10_r02_s40.A01,mcs10_r02_s40.B01,dal_rl,17,47,4252851239,1000.01,1,40,2080369220,475.989,2556079349,2556079349,0,2315993274,
mcs10_r02_s40.A02,mcs10_r02_s40.B02,dal_rl,16,43,4311263396,1000,1,40,1286410,0.256823,2580289932,2580289932,0,2343564373,
mcs10_r02_s40.A03,mcs10_r02_s40.B03,dal_rl,16,43,4289694306,1000.01,1,40,425445115,93.34,2517842888,2517842888,0,2297277029,
mcs10_r02_s40.A04,mcs10_r02_s40.B04,dal_rl,16,41,4390312468,1000.02,1,40,487417434,106.532,2607621138,2607621138,0,2360200206,
mcs10_r02_s40.A05,mcs10_r02_s40.B05,dal_rl,16,46,4250129126,1000.01,1,40,142792426,31.8311,2516880950,2516880950,0,2290339507,
mcs10_r02_s40.A06,mcs10_r02_s40.B06,dal_rl,16,44,3791511910,1000.02,1,40,84743589,22.5687,2274386282,2274386282,0,2042739121,
mcs10_r02_s40.A07,mcs10_r02_s40.B07,dal_rl,16,43,4325604783,1000.02,1,40,3311922,0.675257,2587371265,2587371265,0,2338214076,
mcs10_r02_s40.A08,mcs10_r02_s40.B08,dal_rl,16,53,4205102571,1000.02,1,40,116648834,25.7759,2494886412,2494886412,0,2256789029,
mcs10_r02_s40.A09,mcs10_r02_s40.B09,dal_rl,16,42,4468504259,1000.01,1,40,7399180,1.57482,2713926083,2713926083,0,2424897834,
mcs10_r02_s50.A00,mcs10_r02_s50.B00,dal_rl,17,52,4201902547,1000.02,1,50,118142914,26.4563,2463275358,2463275358,0,2264455918,
mcs10_r02_s50.A01,mcs10_r02_s50.B01,dal_rl,17,44,3990942235,1000.02,1,50,107555163,25.0364,2307724724,2307724724,0,2138515285,
mcs10_r02_s50.A02,mcs10_r02_s50.B02,dal_rl,17,47,4082631853,1000.02,1,50,50743975,11.6218,2358743890,2358743890,0,2188458968,
mcs10_r02_s50.A03,mcs10_r02_s50.B03,dal_rl,17,57,4059136567,1000.02,1,50,36663357,8.50849,2349303017,2349303017,0,2166056181,
mcs10_r02_s50.A04,mcs10_r02_s50.B04,dal_rl,18,60,3881383145,1000.02,1,50,730960826,179.69,2257410508,2257410508,0,2104737656,
mcs10_r02_s50.A05,mcs10_r02_s50.B05,dal_rl,17,50,4153796530,1000.01,1,50,323375764,74.1627,2395734445,2395734445,0,2203154049,
mcs10_r02_s50.A06,mcs10_r02_s50.B06,dal_rl,17,53,4155457813,1000.01,1,50,135543743,30.8018,2394997687,2394997687,0,2203595101,
mcs10_r02_s50.A07,mcs10_r02_s50.B07,dal_rl,17,51,4142479432,1000.01,1,50,6084112,1.39657,2407136286,2407136286,0,2209773393,
mcs10_r02_s50.A08,mcs10_r02_s50.B08,dal_rl,17,49,4123559719,1000.02,1,50,138789896,31.9644,2425960448,2425960448,0,2221420955,
mcs10_r02_s50.A09,mcs10_r02_s50.B09,dal_rl,17,58,4080395739,1000.02,1,50,102733101,22.9898,2350677070,2350677070,0,2191831338,
mcs10_r02_s60.A00,mcs10_r02_s60.B00,dal_rl,18,60,3896901807,1000.02,1,60,345738547,83.1637,2204747822,2204747822,0,2069007562,
mcs10_r02_s60.A01,mcs10_r02_s60.B01,dal_rl,18,64,3986057788,1000.02,1,60,595735342,140.909,2256095424,2256095424,0,2119080029,
mcs10_r02_s60.A02,mcs10_r02_s60.B02,dal_rl,18,56,4105123034,1000.01,1,60,14280265,3.28583,2366636782,2366636782,0,2180920563,
mcs10_r02_s60.A03,mcs10_r02_s60.B03,dal_rl,18,56,3466954540,1000.01,1,60,141155948,39.1873,1961598679,1961598679,0,1817025438,
mcs10_r02_s60.A04,mcs10_r02_s60.B04,dal_rl,18,63,3448345580,1000.02,1,60,238700,0.0587831,1959605011,1959605011,0,1827291307,
mcs10_r02_s60.A05,mcs10_r02_s60.B05,dal_rl,18,62,3779621343,1000.01,1,60,363058831,87.8083,2113567985,2113567985,0,1999643575,
mcs10_r02_s60.A06,mcs10_r02_s60.B06,dal_rl,18,64,4166990560,1000.02,1,60,3940408552,941.919,2354596541,2354596541,0,2164831893,
mcs10_r02_s60.A07,mcs10_r02_s60.B07,dal_rl,18,71,3960674317,1000.02,1,60,152410510,36.3896,2226400583,2226400583,0,2088336312,
mcs10_r02_s60.A08,mcs10_r02_s60.B08,dal_rl,18,58,4003334300,1000.01,1,60,1718648844,416.633,2268699848,2268699848,0,2127575062,
mcs10_r02_s60.A09,mcs10_r02_s60.B09,dal_rl,17,52,4114461546,1000.01,1,60,2388956,0.541246,2315222206,2315222206,0,2163382987,
mcs10_r02_s70.A00,mcs10_r02_s70.B00,dal_rl,19,67,3749334693,1000.01,1,70,412009080,102.121,2085701482,2085701482,0,1957392438,
mcs10_r02_s70.A01,mcs10_r02_s70.B01,dal_rl,19,69,3244595259,1000.01,1,70,1638663613,489.368,1786613169,1786613169,0,1695815392,
mcs10_r02_s70.A02,mcs10_r02_s70.B02,dal_rl,18,58,3906340126,1000.02,1,70,61150534,14.2037,2158065609,2158065609,0,2028094872,
mcs10_r02_s70.A03,mcs10_r02_s70.B03,dal_rl,18,64,4108203266,1000.02,1,70,49292656,11.288,2343101807,2343101807,0,2133921879,
mcs10_r02_s70.A04,mcs10_r02_s70.B04,dal_rl,18,59,3955168068,1000.01,1,70,13581249,3.07103,2177372499,2177372499,0,2059776980,
mcs10_r02_s70.A05,mcs10_r02_s70.B05,dal_rl,18,69,2002031344,1000.02,1,70,310185182,144.312,1106228760,1106228760,0,1044856175,
mcs10_r02_s70.A06,mcs10_r02_s70.B06,dal_rl,19,69,3837485608,1000.02,1,70,1632580748,408.011,2133354707,2133354707,0,1974936245,
mcs10_r02_s70.A07,mcs10_r02_s70.B07,dal_rl,19,70,3817361212,1000.02,1,70,1301376127,325.263,2146381095,2146381095,0,1998064198,
mcs10_r02_s70.A08,mcs10_r02_s70.B08,dal_rl,19,62,3749203110,1000.01,1,70,1012039150,256.961,2090328681,2090328681,0,1954648285,
mcs10_r02_s70.A09,mcs10_r02_s70.B09,dal_rl,19,65,3982110572,1000.01,1,70,1668355269,399.743,2224171136,2224171136,0,2084436787,
mcs10_r02_s80.A00,mcs10_r02_s80.B00,dal_rl,19,67,3753417623,1000.01,1,80,222351552,54.3587,2039205247,2039205247,0,1909116213,
mcs10_r02_s80.A01,mcs10_r02_s80.B01,dal_rl,19,49,3644599235,1000.02,1,80,23713227,6.5355,1997233398,1997233398,0,1907895559,
mcs10_r02_s80.A02,mcs10_r02_s80.B02,dal_rl,19,57,3833853122,1000.02,1,80,139448127,33.995,2109898521,2109898521,0,2010660803,
mcs10_r02_s80.A03,mcs10_r02_s80.B03,dal_rl,20,79,3592955699,1000.02,1,80,111583504,29.0245,1983117029,1983117029,0,1905667991,
mcs10_r02_s80.A04,mcs10_r02_s80.B04,dal_rl,19,75,3264627432,1000.02,1,80,35940115,10.1103,1831854282,1831854282,0,1698176819,
mcs10_r02_s80.A05,mcs10_r02_s80.B05,dal_rl,19,63,3724520398,1000.02,1,80,1630448317,420.335,2045821743,2045821743,0,1944894970,
mcs10_r02_s80.A06,mcs10_r02_s80.B06,dal_rl,19,68,3052820718,1000.02,1,80,8832612,2.45331,1674822093,1674822093,0,1599948410,
mcs10_r02_s80.A07,mcs10_r02_s80.B07,dal_rl,19,82,3610254076,1000.02,1,80,48033474,12.419,1981958146,1981958146,0,1883478396,
mcs10_r02_s80.A08,mcs10_r02_s80.B08,dal_rl,19,73,3738613848,1000.01,1,80,146159623,35.6799,2082500408,2082500408,0,1959214652,
mcs10_r02_s80.A09,mcs10_r02_s80.B09,dal_rl,19,75,3662919777,1000.02,1,80,446704244,114.023,2029270927,2029270927,0,1927183210,
mcs10_r02_s90.A00,mcs10_r02_s90.B00,dal_rl,19,66,3753752630,1000.02,1,90,77964907,19.2014,2015399652,2015399652,0,1915599246,
mcs10_r02_s90.A01,mcs10_r02_s90.B01,dal_rl,19,78,3315727697,1000.02,1,90,8060745,2.25682,1785316111,1785316111,0,1695858436,
mcs10_r02_s90.A02,mcs10_r02_s90.B02,dal_rl,20,78,3230507886,1000.02,1,90,41822286,11.8613,1770748364,1770748364,0,1679214201,
mcs10_r02_s90.A03,mcs10_r02_s90.B03,dal_rl,20,93,3240744886,1000.02,1,90,1818603771,542.817,1775339465,1775339465,0,1681553121,
mcs10_r02_s90.A04,mcs10_r02_s90.B04,dal_rl,20,86,3731367864,1000.01,1,90,2281556144,598.243,2028705963,2028705963,0,1937084066,
mcs10_r02_s90.A05,mcs10_r02_s90.B05,dal_rl,19,75,3773109535,1000.02,1,90,1824425,0.423118,2031552344,2031552344,0,1939441930,
mcs10_r02_s90.A06,mcs10_r02_s90.B06,dal_rl,19,68,3668794735,1000.02,1,90,49589733,12.0838,1983096613,1983096613,0,1892450583,
mcs10_r02_s90.A07,mcs10_r02_s90.B07,dal_rl,20,68,3346412420,1000.02,1,90,2487421147,725.932,1791280190,1791280190,0,1726773058,
mcs10_r02_s90.A08,mcs10_r02_s90.B08,dal_rl,19,60,3329438069,1000.02,1,90,28811626,7.66797,1797047146,1797047146,0,1719285353,
mcs10_r02_s90.A09,mcs10_r02_s90.B09,dal_rl,20,67,3319780763,1000.02,1,90,2710845724,807.141,1801387525,1801387525,0,1717733943,
mcs30_b03_s100.A00,mcs30_b03_s100.B00,dal_rl,65,73,9343747890,1000.01,1,100,2985413190,294.414,6928478827,6928478827,0,4513410452,
mcs30_b03_s100.A01,mcs30_b03_s100.B01,dal_rl,73,84,7053012249,1000.01,1,100,6729278736,936.883,5685258609,5685258609,0,4442290560,
mcs30_b03_s100.A02,mcs30_b03_s100.B02,dal_rl,70,83,6245570084,1000,1,100,5606715967,899.324,4776298118,4776298118,0,3431885366,
mcs30_b03_s100.A03,mcs30_b03_s100.B03,dal_rl,63,52,19415244295,1000.02,1,100,17715603924,896.109,15569716382,15569716382,0,11917383305,
mcs30_b03_s100.A04,mcs30_b03_s100.B04,dal_rl,60,75,17155537451,1000.01,1,100,344,0.000113692,13152154757,13152154757,0,9730390999,
mcs30_b03_s100.A05,mcs30_b03_s100.B05,dal_rl,68,78,7029335647,1000.01,1,100,10862229,1.11792,5609776289,5609776289,0,4190352754,
mcs30_b03_s100.A06,mcs30_b03_s100.B06,dal_rl,62,74,9103821330,1000.01,1,100,440239558,46.9697,7996909298,7996909298,0,6889996993,
mcs30_b03_s100.A07,mcs30_b03_s100.B07,dal_rl,68,82,8067979400,1000.02,1,100,2567362363,262.489,6440595502,6440595502,0,4977105390,
mcs30_b03_s100.A08,mcs30_b03_s100.B08,dal_rl,65,79,20865636517,1000.02,1,100,9827826,1.09759,16693280976,16693280976,0,12521125110,
mcs30_b03_s100.A09,mcs30_b03_s100.B09,dal_rl,67,66,8429161379,1000.02,1,100,1779948759,123.125,6720034360,6720034360,0,5082822662,
mcs30_b03_s15.A00,mcs30_b03_s15.B00,dal_rl,11,12,5143,0.000648776,0,15,19,9.605e-06,3660,3660,0,2718,
mcs30_b03_s15.A01,mcs30_b03_s15.B01,dal_rl,12,13,2001,0.000286301,0,15,1656,0.000209825,1367,1367,0,1000,
mcs30_b03_s15.A02,mcs30_b03_s15.B02,dal_rl,11,10,7663,0.000934636,0,15,626,7.4231e-05,5439,5439,0,3855,
mcs30_b03_s15.A03,mcs30_b03_s15.B03,dal_rl,11,13,5619,0.000714557,0,15,261,3.9019e-05,3905,3905,0,2806,
mcs30_b03_s15.A04,mcs30_b03_s15.B04,dal_rl,11,11,3673,0.000484651,0,15,468,6.1493e-05,2406,2406,0,1643,
mcs30_b03_s15.A05,mcs30_b03_s15.B05,dal_rl,11,10,4151,0.000514395,0,15,309,4.5378e-05,2673,2673,0,1778,
mcs30_b03_s15.A06,mcs30_b03_s15.B06,dal_rl,11,17,6785,0.000813826,0,15,1981,0.000206331,4555,4555,0,3212,
mcs30_b03_s15.A07,mcs30_b03_s15.B07,dal_rl,12,12,1820,0.000269045,0,15,594,7.7166e-05,1361,1361,0,1067,
mcs30_b03_s15.A08,mcs30_b03_s15.B08,dal_rl,11,10,6056,0.000718972,0,15,2361,0.000273682,4209,4209,0,3036,
mcs30_b03_s15.A09,mcs30_b03_s15.B09,dal_rl,12,12,1414,0.000216426,0,15,467,5.9941e-05,995,995,0,759,
mcs30_b03_s20.A00,mcs30_b03_s20.B00,dal_rl,15,16,39776,0.00505453,0,20,1809,0.000169485,26499,26499,0,18831,
mcs30_b03_s20.A01,mcs30_b03_s20.B01,dal_rl,15,17,97148,0.0115283,0,20,1800,0.000199181,68890,68890,0,48666,
mcs30_b03_s20.A02,mcs30_b03_s20.B02,dal_rl,15,12,98007,0.0121719,0,20,17128,0.00192716,64077,64077,0,44567,
mcs30_b03_s20.A03,mcs30_b03_s20.B03,dal_rl,15,18,98617,0.0112596,0,20,76689,0.00849456,66298,66298,0,45276,
mcs30_b03_s20.A04,mcs30_b03_s20.B04,dal_rl,15,18,38969,0.00452786,0,20,19273,0.00217757,25629,25629,0,18186,
mcs30_b03_s20.A05,mcs30_b03_s20.B05,dal_rl,15,17,224866,0.019182,0,20,179477,0.014185,165512,165512,0,123649,
mcs30_b03_s20.A06,mcs30_b03_s20.B06,dal_rl,15,19,52252,0.00607103,0,20,32055,0.00317704,37654,37654,0,28169,
mcs30_b03_s20.A07,mcs30_b03_s20.B07,dal_rl,16,14,33463,0.00459624,0,20,30986,0.00421476,23810,23810,0,17773,
mcs30_b03_s20.A08,mcs30_b03_s20.B08,dal_rl,16,20,14172,0.00172988,0,20,5560,0.000569889,9959,9959,0,7140,
mcs30_b03_s20.A09,mcs30_b03_s20.B09,dal_rl,15,17,31408,0.00380289,0,20,5960,0.000623739,21107,21107,0,14800,
mcs30_b03_s25.A00,mcs30_b03_s25.B00,dal_rl,19,18,2245709,0.228502,0,25,1239671,0.110822,1799075,1799075,0,1406556,
mcs30_b03_s25.A01,mcs30_b03_s25.B01,dal_rl,20,22,185011,0.0241695,0,25,116259,0.014384,126544,126544,0,88114,
mcs30_b03_s25.A02,mcs30_b03_s25.B02,dal_rl,19,24,1086048,0.106562,0,25,170268,0.0126089,787931,787931,0,542807,
mcs30_b03_s25.A03,mcs30_b03_s25.B03,dal_rl,20,21,173275,0.0412646,0,25,168090,0.0399689,112743,112743,0,75778,
mcs30_b03_s25.A04,mcs30_b03_s25.B04,dal_rl,20,21,106290,0.0138502,0,25,62615,0.00735113,72488,72488,0,51156,
mcs30_b03_s25.A05,mcs30_b03_s25.B05,dal_rl,19,23,882557,0.0980219,0,25,370085,0.0383058,625645,625645,0,437078,
mcs30_b03_s25.A06,mcs30_b03_s25.B06,dal_rl,19,22,654517,0.0733598,0,25,65436,0.0066906,436780,436780,0,299480,
mcs30_b03_s25.A07,mcs30_b03_s25.B07,dal_rl,19,23,807904,0.0874472,0,25,507429,0.0527801,572681,572681,0,398691,
mcs30_b03_s25.A08,mcs30_b03_s25.B08,dal_rl,19,22,225240,0.0276147,0,25,62618,0.00685226,150489,150489,0,103479,
mcs30_b03_s25.A09,mcs30_b03_s25.B09,dal_rl,19,16,2685815,0.310218,0,25,1682421,0.187647,1937283,1937283,0,1386979,
mcs30_b03_s30.A00,mcs30_b03_s30.B00,dal_rl,23,23,6401428,0.805277,0,30,4202197,0.506915,4494653,4494653,0,3235023,
mcs30_b03_s30.A01,mcs30_b03_s30.B01,dal_rl,23,26,2924115,0.354269,0,30,445007,0.0499518,2050717,2050717,0,1405285,
mcs30_b03_s30.A02,mcs30_b03_s30.B02,dal_rl,23,25,5707216,0.700316,0,30,4320343,0.519325,3827594,3827594,0,2605660,
mcs30_b03_s30.A03,mcs30_b03_s30.B03,dal_rl,24,30,647471,0.0892586,0,30,399333,0.0528841,451723,451723,0,324113,
mcs30_b03_s30.A04,mcs30_b03_s30.B04,dal_rl,24,34,700128,0.092541,0,30,285242,0.0360683,478980,478980,0,346042,
mcs30_b03_s30.A05,mcs30_b03_s30.B05,dal_rl,23,25,2076880,0.460021,0,30,1206016,0.244515,1477948,1477948,0,1043322,
mcs30_b03_s30.A06,mcs30_b03_s30.B06,dal_rl,22,27,31384109,3.80786,0,30,202071,0.0204901,21720268,21720268,0,15086747,
mcs30_b03_s30.A07,mcs30_b03_s30.B07,dal_rl,24,28,773630,0.10342,0,30,584728,0.0759026,527895,527895,0,381910,
mcs30_b03_s30.A08,mcs30_b03_s30.B08,dal_rl,23,31,5435646,0.689946,0,30,2042101,0.251318,3663148,3663148,0,2503427,
mcs30_b03_s30.A09,mcs30_b03_s30.B09,dal_rl,23,29,2606493,0.331199,0,30,1854766,0.231897,1895111,1895111,0,1411848,
mcs30_b03_s35.A00,mcs30_b03_s35.B00,dal_rl,27,31,13935514,1.97547,0,35,1271923,0.161618,9551350,9551350,0,6933388,
mcs30_b03_s35.A01,mcs30_b03_s35.B01,dal_rl,27,32,22873463,2.97829,0,35,9651724,1.17149,15583031,15583031,0,11134163,
mcs30_b03_s35.A02,mcs30_b03_s35.B02,dal_rl,28,34,9236356,1.26453,0,35,4714274,0.611069,6120948,6120948,0,4194233,
mcs30_b03_s35.A03,mcs30_b03_s35.B03,dal_rl,27,34,23299785,3.03334,0,35,705824,0.0838801,16219811,16219811,0,11577529,
mcs30_b03_s35.A04,mcs30_b03_s35.B04,dal_rl,27,30,14689332,1.98882,0,35,5046803,0.634426,10101312,10101312,0,7309005,
mcs30_b03_s35.A05,mcs30_b03_s35.B05,dal_rl,27,30,15240883,2.10489,0,35,70817,0.00845674,10704089,10704089,0,7880635,
mcs30_b03_s35.A06,mcs30_b03_s35.B06,dal_rl,28,29,98292887,11.8557,0,35,97248034,11.7146,68986741,68986741,0,45307299,
mcs30_b03_s35.A07,mcs30_b03_s35.B07,dal_rl,27,28,27574355,7.29679,0,35,7404530,1.83,18122752,18122752,0,12156594,
mcs30_b03_s35.A08,mcs30_b03_s35.B08,dal_rl,27,33,4597016,0.625141,0,35,470541,0.0667901,3157234,3157234,0,2239576,
mcs30_b03_s35.A09,mcs30_b03_s35.B09,dal_rl,27,32,78299428,9.78595,0,35,26419174,3.19655,55552059,55552059,0,38367156,
mcs30_b03_s40.A00,mcs30_b03_s40.B00,dal_rl,31,33,593835449,49.2939,0,40,535593044,40.9936,464557220,464557220,0,349658062,
mcs30_b03_s40.A01,mcs30_b03_s40.B01,dal_rl,31,38,301904492,43.2261,0,40,35185410,4.73932,205607390,205607390,0,144613043,
mcs30_b03_s40.A02,mcs30_b03_s40.B02,dal_rl,31,37,123198765,16.8299,0,40,13729129,1.46645,87650454,87650454,0,61953383,
mcs30_b03_s40.A03,mcs30_b03_s40.B03,dal_rl,31,36,410749307,54.1235,0,40,250598804,31.8404,293709942,293709942,0,208129073,
mcs30_b03_s40.A04,mcs30_b03_s40.B04,dal_rl,31,41,148991307,20.3697,0,40,12409886,1.59906,104141555,104141555,0,73092983,
mcs30_b03_s40.A05,mcs30_b03_s40.B05,dal_rl,31,38,58948519,8.60188,0,40,29071876,4.05941,42022396,42022396,0,30619663,
mcs30_b03_s40.A06,mcs30_b03_s40.B06,dal_rl,31,32,194982456,26.7705,0,40,15080550,1.78559,133385181,133385181,0,92681900,
mcs30_b03_s40.A07,mcs30_b03_s40.B07,dal_rl,31,42,95882666,25.2821,0,40,44683662,10.9956,67837447,67837447,0,48631359,
mcs30_b03_s40.A08,mcs30_b03_s40.B08,dal_rl,31,36,48058300,6.62534,0,40,9529367,1.17627,33951052,33951052,0,25292852,
mcs30_b03_s40.A09,mcs30_b03_s40.B09,dal_rl,31,38,110820257,14.8317,0,40,53614890,6.882,76102220,76102220,0,50995601,
mcs30_b03_s50.A00,mcs30_b03_s50.B00,dal_rl,40,42,3110639173,447.711,0,50,2999851660,430.469,2193618855,2193618855,0,1529762746,
mcs30_b03_s50.A01,mcs30_b03_s50.B01,dal_rl,39,45,6833176916,1000.02,1,50,1768653600,252.252,4728941592,4728941592,0,3201490128,
mcs30_b03_s50.A02,mcs30_b03_s50.B02,dal_rl,39,42,2907917039,428.995,0,50,199305392,27.3556,2110485423,2110485423,0,1572891997,
mcs30_b03_s50.A03,mcs30_b03_s50.B03,dal_rl,39,43,6899256643,1000.02,1,50,507008616,70.133,4979653802,4979653802,0,3644921235,
mcs30_b03_s50.A04,mcs30_b03_s50.B04,dal_rl,39,51,6743687578,1000.02,1,50,182894444,22.0861,4778213382,4778213382,0,3362911216,
mcs30_b03_s50.A05,mcs30_b03_s50.B05,dal_rl,40,41,4299266634,614.63,0,50,3986345711,566.951,3250300515,3250300515,0,2464345778,
mcs30_b03_s50.A06,mcs30_b03_s50.B06,dal_rl,38,39,7144062102,1000.01,1,50,1351417473,164.49,5118382361,5118382361,0,3670972167,
mcs30_b03_s50.A07,mcs30_b03_s50.B07,dal_rl,38,42,6866305151,1000.01,1,50,448566605,59.9672,4853839867,4853839867,0,3396068424,
mcs30_b03_s50.A08,mcs30_b03_s50.B08,dal_rl,38,47,7308015394,1000.02,1,50,482712239,60.7285,5127444959,5127444959,0,3545598304,
mcs30_b03_s50.A09,mcs30_b03_s50.B09,dal_rl,39,44,6818234954,1000.02,1,50,2682255523,383.827,4753512941,4753512941,0,3387834517,
mcs30_b03_s60.A00,mcs30_b03_s60.B00,dal_rl,43,46,8218322166,1000.02,1,60,4948930620,569.924,6371987515,6371987515,0,4612943322,
mcs30_b03_s60.A01,mcs30_b03_s60.B01,dal_rl,38,36,9742068727,1000.02,1,60,393,0.000176756,7339250938,7339250938,0,4936432918,
mcs30_b03_s60.A02,mcs30_b03_s60.B02,dal_rl,45,53,7033420596,1000.02,1,60,3938006429,562.901,5103999120,5103999120,0,3653053274,
mcs30_b03_s60.A03,mcs30_b03_s60.B03,dal_rl,47,56,7145890251,1000.02,1,60,5867162304,804.596,5208413654,5208413654,0,3782937612,
mcs30_b03_s60.A04,mcs30_b03_s60.B04,dal_rl,46,53,6597446415,1000.02,1,60,613486790,85.0688,4693909964,4693909964,0,3328596124,
mcs30_b03_s60.A05,mcs30_b03_s60.B05,dal_rl,46,55,6712682320,1000.02,1,60,401101536,21.3944,4777096722,4777096722,0,3501955809,
mcs30_b03_s60.A06,mcs30_b03_s60.B06,dal_rl,46,52,6423188725,1000.02,1,60,816206596,114.999,4638933083,4638933083,0,3252165522,
mcs30_b03_s60.A07,mcs30_b03_s60.B07,dal_rl,44,43,8429748287,1000.02,1,60,5396375268,569.072,6729490128,6729490128,0,5247833236,
mcs30_b03_s60.A08,mcs30_b03_s60.B08,dal_rl,44,51,6888443531,1000.02,1,60,5598959441,807.556,4993025151,4993025151,0,3532451119,
mcs30_b03_s60.A09,mcs30_b03_s60.B09,dal_rl,44,55,7743375525,1000.01,1,60,854933778,113.155,5590266769,5590266769,0,3882288404,
mcs30_b03_s70.A00,mcs30_b03_s70.B00,dal_rl,52,57,6913073080,1000.02,1,70,1296888721,132.551,5037948915,5037948915,0,3604634135,
mcs30_b03_s70.A01,mcs30_b03_s70.B01,dal_rl,47,51,11445913397,1000.02,1,70,20045442,1.22316,9892421359,9892421359,0,8343548527,
mcs30_b03_s70.A02,mcs30_b03_s70.B02,dal_rl,53,55,6822668287,1000.02,1,70,4381470653,624.323,4845362124,4845362124,0,3357286529,
mcs30_b03_s70.A03,mcs30_b03_s70.B03,dal_rl,51,55,7103601986,1000.02,1,70,3249565933,449.857,5111973858,5111973858,0,3496359833,
mcs30_b03_s70.A04,mcs30_b03_s70.B04,dal_rl,52,70,7280894830,1000.02,1,70,4893953805,645.642,5220111035,5220111035,0,3594512206,
mcs30_b03_s70.A05,mcs30_b03_s70.B05,dal_rl,51,58,7251196530,1000.02,1,70,6430145606,879.166,5404691444,5404691444,0,3977934311,
mcs30_b03_s70.A06,mcs30_b03_s70.B06,dal_rl,47,46,8617505491,1000.02,1,70,450394105,38.0237,7066137426,7066137426,0,5599959294,
mcs30_b03_s70.A07,mcs30_b03_s70.B07,dal_rl,48,48,14750704184,1000.02,1,70,14540732182,970.755,11946876310,11946876310,0,9219600134,
mcs30_b03_s70.A08,mcs30_b03_s70.B08,dal_rl,52,59,7490520376,1000.01,1,70,4388435942,539.305,5518162618,5518162618,0,3824332798,
mcs30_b03_s70.A09,mcs30_b03_s70.B09,dal_rl,40,44,19254855371,1000.02,1,70,3034506176,165.405,15983739087,15983739087,0,13117125217,
mcs30_b03_s80.A00,mcs30_b03_s80.B00,dal_rl,59,64,6999368346,1000.02,1,80,6660384131,942.201,5471722631,5471722631,0,4239969848,
mcs30_b03_s80.A01,mcs30_b03_s80.B01,dal_rl,59,75,16450320665,1000.01,1,80,12757499106,785.29,13899393719,13899393719,0,11367573854,
mcs30_b03_s80.A02,mcs30_b03_s80.B02,dal_rl,57,69,15382525652,1000.02,1,80,2266606760,113.513,13122981954,13122981954,0,10986427369,
mcs30_b03_s80.A03,mcs30_b03_s80.B03,dal_rl,59,69,6439615032,1000.02,1,80,11509256,1.37706,4760550697,4760550697,0,3476429709,
mcs30_b03_s80.A04,mcs30_b03_s80.B04,dal_rl,57,59,8592363092,1000.02,1,80,1396390134,97.2477,6859429021,6859429021,0,5180822761,
mcs30_b03_s80.A05,mcs30_b03_s80.B05,dal_rl,56,69,9428765581,1000.02,1,80,6251124231,593.024,7430656169,7430656169,0,5611889709,
mcs30_b03_s80.A06,mcs30_b03_s80.B06,dal_rl,54,60,19237180072,1000.02,1,80,157439411,12.7708,16166278058,16166278058,0,13126452044,
mcs30_b03_s80.A07,mcs30_b03_s80.B07,dal_rl,56,58,7900350634,1000.02,1,80,8488699,0.95255,6451208291,6451208291,0,5064220383,
mcs30_b03_s80.A08,mcs30_b03_s80.B08,dal_rl,50,60,18889228678,1000.01,1,80,18359,0.00183362,16476728560,16476728560,0,14064228124,
mcs30_b03_s80.A09,mcs30_b03_s80.B09,dal_rl,60,75,6415540323,1000.01,1,80,1250386375,192.528,4725991246,4725991246,0,3409237139,
mcs30_b03_s90.A00,mcs30_b03_s90.B00,dal_rl,59,69,12995339068,1000.01,1,90,1339474,0.124523,10383097148,10383097148,0,7822695541,
mcs30_b03_s90.A01,mcs30_b03_s90.B01,dal_rl,63,65,12197085393,1000.02,1,90,1634496735,143.096,10337963316,10337963316,0,8647787292,
mcs30_b03_s90.A02,mcs30_b03_s90.B02,dal_rl,57,62,12252095653,1000.01,1,90,43578949,2.416,10992076560,10992076560,0,9732068182,
mcs30_b03_s90.A03,mcs30_b03_s90.B03,dal_rl,57,64,13116782117,1000.01,1,90,882,0.00016559,11009303318,11009303318,0,8938998768,
mcs30_b03_s90.A04,mcs30_b03_s90.B04,dal_rl,62,70,9649590860,1000.01,1,90,3107355220,191.603,7963889112,7963889112,0,6324090234,
mcs30_b03_s90.A05,mcs30_b03_s90.B05,dal_rl,57,64,13411591494,1000.01,1,90,1923770250,99.7584,12092604797,12092604797,0,10780189137,
mcs30_b03_s90.A06,mcs30_b03_s90.B06,dal_rl,60,70,13829949586,1000.02,1,90,1321056244,112.485,11679234217,11679234217,0,9621087527,
mcs30_b03_s90.A07,mcs30_b03_s90.B07,dal_rl,65,76,9614142019,1000.02,1,90,9439601297,974.711,7666518120,7666518120,0,5739804709,
mcs30_b03_s90.A08,mcs30_b03_s90.B08,dal_rl,56,60,16670964130,1000.02,1,90,47148,0.0020972,13735148110,13735148110,0,10799332079,
mcs30_b03_s90.A09,mcs30_b03_s90.B09,dal_rl,61,60,16907193452,1000.02,1,90,5393278894,303.547,13806837748,13806837748,0,10824520882,
mcs30_b03m_s100.A00,mcs30_b03m_s100.B00,dal_rl,62,71,17201256174,1000.02,1,100,9333207582,490.56,14083125801,14083125801,0,11994992442,
mcs30_b03m_s100.A01,mcs30_b03m_s100.B01,dal_rl,68,70,14125654854,1000.01,1,100,3992776558,248.461,12233679497,12233679497,0,10361823055,
mcs30_b03m_s100.A02,mcs30_b03m_s100.B02,dal_rl,61,61,18431481220,1000.01,1,100,132611,0.00685354,15507035889,15507035889,0,12991193239,
mcs30_b03m_s100.A03,mcs30_b03m_s100.B03,dal_rl,63,76,11446314192,1000.01,1,100,6951949,0.33029,10453105047,10453105047,0,9459949550,
mcs30_b03m_s100.A04,mcs30_b03m_s100.B04,dal_rl,69,85,12221786315,1000.02,1,100,10682988,1.23258,10590232213,10590232213,0,8959107575,
mcs30_b03m_s100.A05,mcs30_b03m_s100.B05,dal_rl,63,78,15367411301,1000.01,1,100,288787119,15.2419,13462864085,13462864085,0,11650437899,
mcs30_b03m_s100.A06,mcs30_b03m_s100.B06,dal_rl,61,67,21360866034,1000.01,1,100,20746108805,971.776,16222810019,16222810019,0,11192846349,
mcs30_b03m_s100.A07,mcs30_b03m_s100.B07,dal_rl,60,60,23957348711,1000.02,1,100,1719,0.000329426,18048073322,18048073322,0,12138797864,
mcs30_b03m_s100.A08,mcs30_b03m_s100.B08,dal_rl,68,80,8735149416,1000.02,1,100,130430587,14.3742,6968620310,6968620310,0,5240878764,
mcs30_b03m_s100.A09,mcs30_b03m_s100.B09,dal_rl,62,62,9840622386,1000.01,1,100,285827,0.0566989,8489249994,8489249994,0,7137887994,
mcs30_b03m_s15.A00,mcs30_b03m_s15.B00,dal_rl,12,14,1230,0.000186411,0,15,618,7.4101e-05,826,826,0,574,
mcs30_b03m_s15.A01,mcs30_b03m_s15.B01,dal_rl,11,13,3737,0.000524672,0,15,821,0.000127433,2380,2380,0,1553,
mcs30_b03m_s15.A02,mcs30_b03m_s15.B02,dal_rl,11,16,4605,0.000629167,0,15,52,1.5573e-05,3144,3144,0,2218,
mcs30_b03m_s15.A03,mcs30_b03m_s15.B03,dal_rl,12,15,2904,0.00038507,0,15,2486,0.000301885,1998,1998,0,1471,
mcs30_b03m_s15.A04,mcs30_b03m_s15.B04,dal_rl,11,11,9905,0.00114199,0,15,3423,0.000368604,6959,6959,0,4892,
mcs30_b03m_s15.A05,mcs30_b03m_s15.B05,dal_rl,12,10,5573,0.000764194,0,15,5254,0.000685725,3910,3910,0,2817,
mcs30_b03m_s15.A06,mcs30_b03m_s15.B06,dal_rl,11,14,6246,0.000752322,0,15,503,6.9695e-05,4445,4445,0,3245,
mcs30_b03m_s15.A07,mcs30_b03m_s15.B07,dal_rl,11,12,5419,0.000540254,0,15,2992,0.000267884,3805,3805,0,2554,
mcs30_b03m_s15.A08,mcs30_b03m_s15.B08,dal_rl,11,13,4036,0.000487985,0,15,75,1.4581e-05,2650,2650,0,1685,
mcs30_b03m_s15.A09,mcs30_b03m_s15.B09,dal_rl,12,11,4742,0.000612862,0,15,4667,0.000572882,3321,3321,0,2399,
mcs30_b03m_s20.A00,mcs30_b03m_s20.B00,dal_rl,15,16,27357,0.00392103,0,20,3922,0.000389989,19427,19427,0,14419,
mcs30_b03m_s20.A01,mcs30_b03m_s20.B01,dal_rl,15,20,21709,0.00266755,0,20,4601,0.000503958,14244,14244,0,9724,
mcs30_b03m_s20.A02,mcs30_b03m_s20.B02,dal_rl,15,16,63704,0.00606105,0,20,48403,0.00422155,44948,44948,0,30717,
mcs30_b03m_s20.A03,mcs30_b03m_s20.B03,dal_rl,15,18,56760,0.00656069,0,20,29364,0.00317992,38355,38355,0,25713,
mcs30_b03m_s20.A04,mcs30_b03m_s20.B04,dal_rl,15,18,63931,0.00807285,0,20,910,0.000115424,44139,44139,0,32409,
mcs30_b03m_s20.A05,mcs30_b03m_s20.B05,dal_rl,15,18,37111,0.00460671,0,20,2423,0.000265361,25516,25516,0,17922,
mcs30_b03m_s20.A06,mcs30_b03m_s20.B06,dal_rl,15,16,48491,0.00571333,0,20,26855,0.00299173,35922,35922,0,27524,
mcs30_b03m_s20.A07,mcs30_b03m_s20.B07,dal_rl,16,17,12466,0.00153646,0,20,7683,0.000893787,8210,8210,0,5568,
mcs30_b03m_s20.A08,mcs30_b03m_s20.B08,dal_rl,15,18,29781,0.00348373,0,20,40,1.5463e-05,19097,19097,0,12228,
mcs30_b03m_s20.A09,mcs30_b03m_s20.B09,dal_rl,15,21,27397,0.00354413,0,20,1533,0.000201944,19369,19369,0,14716,
mcs30_b03m_s25.A00,mcs30_b03m_s25.B00,dal_rl,20,27,222367,0.0292236,0,25,195831,0.0253769,148103,148103,0,103810,
mcs30_b03m_s25.A01,mcs30_b03m_s25.B01,dal_rl,19,26,323165,0.0402578,0,25,113370,0.01404,227754,227754,0,167574,
mcs30_b03m_s25.A02,mcs30_b03m_s25.B02,dal_rl,19,23,301967,0.0378509,0,25,53088,0.00639081,203036,203036,0,136941,
mcs30_b03m_s25.A03,mcs30_b03m_s25.B03,dal_rl,19,17,494033,0.0586792,0,25,58709,0.00627381,338210,338210,0,225480,
mcs30_b03m_s25.A04,mcs30_b03m_s25.B04,dal_rl,19,21,565865,0.061602,0,25,52508,0.00535923,385741,385741,0,266429,
mcs30_b03m_s25.A05,mcs30_b03m_s25.B05,dal_rl,19,20,544132,0.0604265,0,25,432337,0.0466651,392359,392359,0,297104,
mcs30_b03m_s25.A06,mcs30_b03m_s25.B06,dal_rl,19,19,414279,0.0486792,0,25,302602,0.0348429,292936,292936,0,213852,
mcs30_b03m_s25.A07,mcs30_b03m_s25.B07,dal_rl,19,22,177720,0.0231569,0,25,8259,0.00126537,117774,117774,0,77612,
mcs30_b03m_s25.A08,mcs30_b03m_s25.B08,dal_rl,19,11,1777088,0.178266,0,25,1293551,0.122897,1372506,1372506,0,1032700,
mcs30_b03m_s25.A09,mcs30_b03m_s25.B09,dal_rl,19,19,435634,0.05043,0,25,101246,0.0105434,302290,302290,0,206757,
mcs30_b03m_s30.A00,mcs30_b03m_s30.B00,dal_rl,23,25,1719308,0.209161,0,30,447771,0.0479152,1187098,1187098,0,821954,
mcs30_b03m_s30.A01,mcs30_b03m_s30.B01,dal_rl,23,29,1418935,0.179372,0,30,140857,0.0132147,979114,979114,0,692096,
mcs30_b03m_s30.A02,mcs30_b03m_s30.B02,dal_rl,23,26,691472,0.0924135,0,30,101080,0.0110207,500682,500682,0,366415,
mcs30_b03m_s30.A03,mcs30_b03m_s30.B03,dal_rl,23,24,5464458,0.681616,0,30,108911,0.0106994,3742275,3742275,0,2483763,
mcs30_b03m_s30.A04,mcs30_b03m_s30.B04,dal_rl,23,23,1207077,0.174367,0,30,5169,0.000597452,846159,846159,0,624008,
mcs30_b03m_s30.A05,mcs30_b03m_s30.B05,dal_rl,23,32,786479,0.104051,0,30,64917,0.00801153,539334,539334,0,374787,
mcs30_b03m_s30.A06,mcs30_b03m_s30.B06,dal_rl,23,25,3267854,0.428719,0,30,1100022,0.137848,2256744,2256744,0,1630812,
mcs30_b03m_s30.A07,mcs30_b03m_s30.B07,dal_rl,23,27,3370769,0.402396,0,30,1834075,0.210237,2372099,2372099,0,1638307,
mcs30_b03m_s30.A08,mcs30_b03m_s30.B08,dal_rl,23,29,3087549,0.368743,0,30,491130,0.0560667,2205778,2205778,0,1513521,
mcs30_b03m_s30.A09,mcs30_b03m_s30.B09,dal_rl,23,25,5544604,0.715269,0,30,1652543,0.202659,3638581,3638581,0,2475964,
mcs30_b03m_s35.A00,mcs30_b03m_s35.B00,dal_rl,27,39,15890226,2.08247,0,35,799863,0.0901504,10884869,10884869,0,7714953,
mcs30_b03m_s35.A01,mcs30_b03m_s35.B01,dal_rl,27,27,15057183,1.76982,0,35,8245201,0.894815,10510228,10510228,0,7245500,
mcs30_b03m_s35.A02,mcs30_b03m_s35.B02,dal_rl,28,30,2538501,0.333362,0,35,1369284,0.165973,1759036,1759036,0,1193453,
mcs30_b03m_s35.A03,mcs30_b03m_s35.B03,dal_rl,27,28,23504442,3.27626,0,35,1170114,0.138504,15494137,15494137,0,10693940,
mcs30_b03m_s35.A04,mcs30_b03m_s35.B04,dal_rl,27,30,17706055,2.4263,0,35,1255295,0.149827,12146281,12146281,0,8641858,
mcs30_b03m_s35.A05,mcs30_b03m_s35.B05,dal_rl,27,30,20237909,2.59931,0,35,7806644,0.976826,13632021,13632021,0,8630042,
mcs30_b03m_s35.A06,mcs30_b03m_s35.B06,dal_rl,28,36,59963897,7.30898,0,35,54801885,6.62928,40752178,40752178,0,27643565,
mcs30_b03m_s35.A07,mcs30_b03m_s35.B07,dal_rl,27,30,47712182,6.12086,0,35,1493597,0.166995,32903020,32903020,0,23035290,
mcs30_b03m_s35.A08,mcs30_b03m_s35.B08,dal_rl,27,30,15687785,1.99956,0,35,1129518,0.090169,11373847,11373847,0,8479398,
mcs30_b03m_s35.A09,mcs30_b03m_s35.B09,dal_rl,27,32,63115236,7.83298,0,35,53945632,6.6738,46948344,46948344,0,33999156,
mcs30_b03m_s40.A00,mcs30_b03m_s40.B00,dal_rl,32,40,119621886,14.9226,0,40,107269856,13.1969,85743832,85743832,0,60226139,
mcs30_b03m_s40.A01,mcs30_b03m_s40.B01,dal_rl,31,34,370977327,50.9075,0,40,54322495,7.25934,257280287,257280287,0,180455085,
mcs30_b03m_s40.A02,mcs30_b03m_s40.B02,dal_rl,31,38,921432468,116.311,0,40,722271311,88.2392,665230923,665230923,0,451120233,
mcs30_b03m_s40.A03,mcs30_b03m_s40.B03,dal_rl,32,41,86229285,11.2572,0,40,83155894,10.8107,62281996,62281996,0,44512116,
mcs30_b03m_s40.A04,mcs30_b03m_s40.B04,dal_rl,31,39,149366631,20.4526,0,40,92066662,12.1733,104482750,104482750,0,73263531,
mcs30_b03m_s40.A05,mcs30_b03m_s40.B05,dal_rl,31,42,110017740,14.6733,0,40,49808624,6.42525,74693783,74693783,0,50607869,
mcs30_b03m_s40.A06,mcs30_b03m_s40.B06,dal_rl,31,34,163843208,22.2671,0,40,31710383,4.1508,107807575,107807575,0,70839861,
mcs30_b03m_s40.A07,mcs30_b03m_s40.B07,dal_rl,31,34,55732378,7.81656,0,40,1289398,0.171448,39854584,39854584,0,29363905,
mcs30_b03m_s40.A08,mcs30_b03m_s40.B08,dal_rl,31,41,167707985,23.7093,0,40,6594452,0.849293,120588855,120588855,0,89303633,
mcs30_b03m_s40.A09,mcs30_b03m_s40.B09,dal_rl,31,34,680672908,85.1663,0,40,182511184,21.2606,511811979,511811979,0,353039016,
mcs30_b03m_s50.A00,mcs30_b03m_s50.B00,dal_rl,39,48,6793781320,1000.01,1,50,959416073,139.302,4951748007,4951748007,0,3679643598,
mcs30_b03m_s50.A01,mcs30_b03m_s50.B01,dal_rl,40,51,1559705572,264.08,0,50,895871485,145.023,1092425764,1092425764,0,734000084,
mcs30_b03m_s50.A02,mcs30_b03m_s50.B02,dal_rl,39,49,5531268415,836.796,0,50,2865289041,421.617,4001791333,4001791333,0,2940618614,
mcs30_b03m_s50.A03,mcs30_b03m_s50.B03,dal_rl,39,50,5314439367,788.886,0,50,770320356,103.106,3807921119,3807921119,0,2703849040,
mcs30_b03m_s50.A04,mcs30_b03m_s50.B04,dal_rl,39,50,6992854408,1000.02,1,50,643663200,84.5669,5122643620,5122643620,0,3671958032,
mcs30_b03m_s50.A05,mcs30_b03m_s50.B05,dal_rl,40,47,4562482946,651.581,0,50,3943205621,559.488,3243154440,3243154440,0,2299416212,
mcs30_b03m_s50.A06,mcs30_b03m_s50.B06,dal_rl,38,43,7173464654,1000.02,1,50,516305442,66.9882,5177337560,5177337560,0,3745438528,
mcs30_b03m_s50.A07,mcs30_b03m_s50.B07,dal_rl,38,42,7021899268,1000.02,1,50,710612715,97.5789,5162260428,5162260428,0,3751476942,
mcs30_b03m_s50.A08,mcs30_b03m_s50.B08,dal_rl,38,49,7290763571,1000.01,1,50,1594573170,211.472,5043732654,5043732654,0,3303405635,
mcs30_b03m_s50.A09,mcs30_b03m_s50.B09,dal_rl,39,46,4377229115,641.559,0,50,1695680262,234.773,3242462558,3242462558,0,2378883405,
mcs30_b03m_s60.A00,mcs30_b03m_s60.B00,dal_rl,45,43,6105981430,1000.01,1,60,5282802181,858.483,5085937784,5085937784,0,4136452706,
mcs30_b03m_s60.A01,mcs30_b03m_s60.B01,dal_rl,45,53,6807122257,1000.02,1,60,2028951635,267.061,4889564533,4889564533,0,3407139660,
mcs30_b03m_s60.A02,mcs30_b03m_s60.B02,dal_rl,40,39,20966119469,1000.02,1,60,258625,0.0256971,17488978142,17488978142,0,14013018447,
mcs30_b03m_s60.A03,mcs30_b03m_s60.B03,dal_rl,44,44,6550358716,1000.02,1,60,4705304894,714.371,4763544104,4763544104,0,3434366364,
mcs30_b03m_s60.A04,mcs30_b03m_s60.B04,dal_rl,46,58,6542578261,1000.02,1,60,840135566,103.3,4747081653,4747081653,0,3468584541,
mcs30_b03m_s60.A05,mcs30_b03m_s60.B05,dal_rl,45,53,5943778933,1000.02,1,60,3183127157,508.911,4594140985,4594140985,0,3422066924,
mcs30_b03m_s60.A06,mcs30_b03m_s60.B06,dal_rl,46,52,8761922305,1000.02,1,60,5500176038,405.548,6542332661,6542332661,0,4711607863,
mcs30_b03m_s60.A07,mcs30_b03m_s60.B07,dal_rl,45,50,5723921724,1000.02,1,60,1416890592,248.505,4234408224,4234408224,0,3061689946,
mcs30_b03m_s60.A08,mcs30_b03m_s60.B08,dal_rl,46,43,6692063652,1000.02,1,60,678670941,42.846,4907194969,4907194969,0,3505898992,
mcs30_b03m_s60.A09,mcs30_b03m_s60.B09,dal_rl,46,56,8025137723,1000.01,1,60,5516655576,600.719,6286317658,6286317658,0,4849540132,
mcs30_b03m_s70.A00,mcs30_b03m_s70.B00,dal_rl,45,45,17296259522,1000.01,1,70,10402,0.00102996,14643666505,14643666505,0,11991290012,
mcs30_b03m_s70.A01,mcs30_b03m_s70.B01,dal_rl,51,55,7309188439,1000.02,1,70,266295739,21.2065,6546143121,6546143121,0,5793785355,
mcs30_b03m_s70.A02,mcs30_b03m_s70.B02,dal_rl,52,53,5601939730,1000.02,1,70,2481261917,432.915,4153005147,4153005147,0,3068270620,
mcs30_b03m_s70.A03,mcs30_b03m_s70.B03,dal_rl,51,58,5834831658,1000.02,1,70,4091785228,696.174,4322407019,4322407019,0,3219219220,
mcs30_b03m_s70.A04,mcs30_b03m_s70.B04,dal_rl,44,46,10426219355,1000.02,1,70,2588258,0.241819,8448652951,8448652951,0,6472120717,
mcs30_b03m_s70.A05,mcs30_b03m_s70.B05,dal_rl,46,54,12445208108,1000.02,1,70,6292629630,425.403,10079279747,10079279747,0,7952728915,
mcs30_b03m_s70.A06,mcs30_b03m_s70.B06,dal_rl,52,53,6841898391,1000.02,1,70,33532205,3.86764,4903802059,4903802059,0,3345456568,
mcs30_b03m_s70.A07,mcs30_b03m_s70.B07,dal_rl,49,59,7495787536,1000.02,1,70,596875523,76.7353,5696688823,5696688823,0,4103852917,
mcs30_b03m_s70.A08,mcs30_b03m_s70.B08,dal_rl,50,62,7349834600,1000.02,1,70,3815379868,455.327,5587524406,5587524406,0,3931492711,
mcs30_b03m_s70.A09,mcs30_b03m_s70.B09,dal_rl,50,54,8685625126,1000.02,1,70,7903188829,899.155,7183034261,7183034261,0,5721424966,
mcs30_b03m_s80.A00,mcs30_b03m_s80.B00,dal_rl,59,70,7175549539,1000.02,1,80,3747865733,421.041,5447816695,5447816695,0,4127929509,
mcs30_b03m_s80.A01,mcs30_b03m_s80.B01,dal_rl,57,67,3344974223,1000.02,1,80,24705361,6.7769,2710144496,2710144496,0,2113039923,
mcs30_b03m_s80.A02,mcs30_b03m_s80.B02,dal_rl,52,60,9288543716,1000.01,1,80,66173997,6.48863,7454678090,7454678090,0,5924872507,
mcs30_b03m_s80.A03,mcs30_b03m_s80.B03,dal_rl,52,53,14434637495,1000.02,1,80,83056490,3.96149,13040336844,13040336844,0,11701303434,
mcs30_b03m_s80.A04,mcs30_b03m_s80.B04,dal_rl,51,60,16091122380,1000.02,1,80,7144875,0.370968,13528865969,13528865969,0,11245306785,
mcs30_b03m_s80.A05,mcs30_b03m_s80.B05,dal_rl,53,60,22588897002,1000.02,1,80,20064,0.00249748,17087999301,17087999301,0,11587101411,
mcs30_b03m_s80.A06,mcs30_b03m_s80.B06,dal_rl,61,66,5648557103,1000.02,1,80,4163488326,723.745,3981006183,3981006183,0,2663051329,
mcs30_b03m_s80.A07,mcs30_b03m_s80.B07,dal_rl,55,61,11821770497,1000.02,1,80,9080791127,695.371,9263429375,9263429375,0,6707453645,
mcs30_b03m_s80.A08,mcs30_b03m_s80.B08,dal_rl,59,69,8319093271,1000.02,1,80,4106042432,326.845,6505682685,6505682685,0,5050644485,
mcs30_b03m_s80.A09,mcs30_b03m_s80.B09,dal_rl,53,62,16944234077,1000.02,1,80,514607,0.0467008,12664879004,12664879004,0,8533020659,
mcs30_b03m_s90.A00,mcs30_b03m_s90.B00,dal_rl,58,65,12435220687,1000.02,1,90,459856,0.0265038,9927171374,9927171374,0,7610818168,
mcs30_b03m_s90.A01,mcs30_b03m_s90.B01,dal_rl,60,60,11461648939,1000.01,1,90,1606339521,125.324,9981846231,9981846231,0,8540212099,
mcs30_b03m_s90.A02,mcs30_b03m_s90.B02,dal_rl,68,83,6527198909,1000.01,1,90,5926044420,901.963,5262134525,5262134525,0,4193892160,
mcs30_b03m_s90.A03,mcs30_b03m_s90.B03,dal_rl,65,86,6035187509,1000.01,1,90,1080439159,154.747,4775769000,4775769000,0,3829248714,
mcs30_b03m_s90.A04,mcs30_b03m_s90.B04,dal_rl,64,83,8380253941,1000.02,1,90,452337615,52.1559,7574075565,7574075565,0,6814733429,
mcs30_b03m_s90.A05,mcs30_b03m_s90.B05,dal_rl,60,65,9765358149,1000.02,1,90,868054340,89.7661,8127593048,8127593048,0,6509905078,
mcs30_b03m_s90.A06,mcs30_b03m_s90.B06,dal_rl,63,79,8355085701,1000.02,1,90,4010289891,421.729,6818939259,6818939259,0,5429326506,
mcs30_b03m_s90.A07,mcs30_b03m_s90.B07,dal_rl,61,62,10658392425,1000.02,1,90,329555,0.0413997,9304385688,9304385688,0,7950394861,
mcs30_b03m_s90.A08,mcs30_b03m_s90.B08,dal_rl,60,77,15964446788,1000.02,1,90,10107487484,621.301,14159439886,14159439886,0,12354532255,
mcs30_b03m_s90.A09,mcs30_b03m_s90.B09,dal_rl,61,73,14100713698,1000.02,1,90,6498577,0.773807,12898555226,12898555226,0,11705829384,
mcs30_b06_s100.A00,mcs30_b06_s100.B00,dal_rl,53,85,7214849061,1000.02,1,100,4678327212,642.108,4983497271,4983497271,0,3694170420,
mcs30_b06_s100.A01,mcs30_b06_s100.B01,dal_rl,53,88,6810862854,1000.02,1,100,138688257,20.5971,4489402917,4489402917,0,3336038563,
mcs30_b06_s100.A02,mcs30_b06_s100.B02,dal_rl,50,93,7803703676,1000.01,1,100,758258055,58.3387,5696971357,5696971357,0,4142540185,
mcs30_b06_s100.A03,mcs30_b06_s100.B03,dal_rl,52,87,6514377821,1000.02,1,100,1739121395,256.861,4137144470,4137144470,0,3158502039,
mcs30_b06_s100.A04,mcs30_b06_s100.B04,dal_rl,55,92,5966226541,1000.02,1,100,1173615075,186.103,3740171451,3740171451,0,2659881868,
mcs30_b06_s100.A05,mcs30_b06_s100.B05,dal_rl,54,99,6379090877,1000.02,1,100,5103784925,785.128,4302178189,4302178189,0,3318277348,
mcs30_b06_s100.A06,mcs30_b06_s100.B06,dal_rl,54,84,6467630922,1000.02,1,100,5634216008,863.592,4473659732,4473659732,0,3259090094,
mcs30_b06_s100.A07,mcs30_b06_s100.B07,dal_rl,52,78,6754613278,1000.02,1,100,6736412912,997.442,4596389903,4596389903,0,3432325021,
mcs30_b06_s100.A08,mcs30_b06_s100.B08,dal_rl,58,109,6531633071,1000.01,1,100,3337092276,485.277,4368231082,4368231082,0,3271987187,
mcs30_b06_s100.A09,mcs30_b06_s100.B09,dal_rl,55,91,6397750873,1000.01,1,100,672653991,101.974,4099614635,4099614635,0,3090127546,
mcs30_b06_s25.A00,mcs30_b06_s25.B00,dal_rl,16,28,813836,0.130511,0,25,117736,0.016543,540798,540798,0,442251,
mcs30_b06_s25.A01,mcs30_b06_s25.B01,dal_rl,16,25,913524,0.141425,0,25,272157,0.0385954,598261,598261,0,469788,
mcs30_b06_s25.A02,mcs30_b06_s25.B02,dal_rl,16,35,803747,0.129908,0,25,197068,0.0306323,519898,519898,0,404102,
mcs30_b06_s25.A03,mcs30_b06_s25.B03,dal_rl,16,38,1343239,0.205208,0,25,418458,0.0588151,878875,878875,0,679946,
mcs30_b06_s25.A04,mcs30_b06_s25.B04,dal_rl,16,32,1473938,0.229077,0,25,1027044,0.159383,956173,956173,0,751616,
mcs30_b06_s25.A05,mcs30_b06_s25.B05,dal_rl,16,28,998916,0.163685,0,25,165960,0.0253469,654598,654598,0,518925,
mcs30_b06_s25.A06,mcs30_b06_s25.B06,dal_rl,16,35,1148704,0.177609,0,25,109194,0.0148996,775473,775473,0,612854,
mcs30_b06_s25.A07,mcs30_b06_s25.B07,dal_rl,16,31,1033587,0.16194,0,25,318933,0.0469058,670923,670923,0,520505,
mcs30_b06_s25.A08,mcs30_b06_s25.B08,dal_rl,15,27,2818891,0.411426,0,25,419082,0.0533581,1926132,1926132,0,1566189,
mcs30_b06_s25.A09,mcs30_b06_s25.B09,dal_rl,17,32,672567,0.102911,0,25,565602,0.0849027,450810,450810,0,363551,
mcs30_b06_s30.A00,mcs30_b06_s30.B00,dal_rl,18,26,23894691,3.76133,0,30,139702,0.0195967,16038644,16038644,0,12863555,
mcs30_b06_s30.A01,mcs30_b06_s30.B01,dal_rl,19,38,13904720,2.30698,0,30,9026849,1.45289,9182436,9182436,0,7281339,
mcs30_b06_s30.A02,mcs30_b06_s30.B02,dal_rl,18,29,23023352,3.42247,0,30,7654055,1.04495,15660417,15660417,0,12570619,
mcs30_b06_s30.A03,mcs30_b06_s30.B03,dal_rl,19,39,6952690,1.13544,0,30,1860781,0.291883,4649262,4649262,0,3740977,
mcs30_b06_s30.A04,mcs30_b06_s30.B04,dal_rl,19,37,13427625,2.2457,0,30,478589,0.0739792,8813099,8813099,0,7027189,
mcs30_b06_s30.A05,mcs30_b06_s30.B05,dal_rl,18,28,35453518,5.46134,0,30,1831991,0.257519,23680392,23680392,0,18491673,
mcs30_b06_s30.A06,mcs30_b06_s30.B06,dal_rl,19,22,6326515,1.0548,0,30,570398,0.0912141,4218169,4218169,0,3327324,
mcs30_b06_s30.A07,mcs30_b06_s30.B07,dal_rl,18,34,27381282,4.25043,0,30,647938,0.0932064,18000748,18000748,0,14350373,
mcs30_b06_s30.A08,mcs30_b06_s30.B08,dal_rl,18,34,19429825,3.00726,0,30,172149,0.026238,13252185,13252185,0,10864932,
mcs30_b06_s30.A09,mcs30_b06_s30.B09,dal_rl,19,38,7627560,1.2293,0,30,1798379,0.273185,5211532,5211532,0,4238263,
mcs30_b06_s35.A00,mcs30_b06_s35.B00,dal_rl,21,37,398305316,63.0852,0,35,1319311,0.187325,264171610,264171610,0,203375829,
mcs30_b06_s35.A01,mcs30_b06_s35.B01,dal_rl,21,34,334495165,54.5024,0,35,25699536,3.85402,221672956,221672956,0,171635730,
mcs30_b06_s35.A02,mcs30_b06_s35.B02,dal_rl,22,37,125183693,21.3286,0,35,52383909,8.5155,83253132,83253132,0,66694998,
mcs30_b06_s35.A03,mcs30_b06_s35.B03,dal_rl,21,33,393653797,63.6385,0,35,4079525,0.626013,263043905,263043905,0,207566422,
mcs30_b06_s35.A04,mcs30_b06_s35.B04,dal_rl,22,48,121284101,19.424,0,35,53320295,8.13662,80292739,80292739,0,62094355,
mcs30_b06_s35.A05,mcs30_b06_s35.B05,dal_rl,22,38,756231603,118.558,0,35,676589559,105.089,513361544,513361544,0,411397946,
mcs30_b06_s35.A06,mcs30_b06_s35.B06,dal_rl,21,40,251810002,40.3376,0,35,90515027,14.0357,168906077,168906077,0,133659065,
mcs30_b06_s35.A07,mcs30_b06_s35.B07,dal_rl,22,40,268460747,42.0786,0,35,252970298,39.6261,176915411,176915411,0,136498804,
mcs30_b06_s35.A08,mcs30_b06_s35.B08,dal_rl,22,36,161073601,25.7666,0,35,123115536,19.2883,109100789,109100789,0,86140213,
mcs30_b06_s35.A09,mcs30_b06_s35.B09,dal_rl,21,43,262996473,42.6664,0,35,8356330,1.30324,176781140,176781140,0,140807134,
mcs30_b06_s40.A00,mcs30_b06_s40.B00,dal_rl,25,39,1447645723,241.881,0,40,92814050,14.2241,981916024,981916024,0,787600354,
mcs30_b06_s40.A01,mcs30_b06_s40.B01,dal_rl,24,43,6291042146,1000.02,1,40,1351062154,205.799,4204014539,4204014539,0,3247911765,
mcs30_b06_s40.A02,mcs30_b06_s40.B02,dal_rl,25,48,2784706956,452.833,0,40,1995626566,319.23,1878376717,1878376717,0,1486901828,
mcs30_b06_s40.A03,mcs30_b06_s40.B03,dal_rl,25,45,1021301582,166.114,0,40,322959811,50.7654,689080709,689080709,0,539643645,
mcs30_b06_s40.A04,mcs30_b06_s40.B04,dal_rl,25,55,869194064,146.125,0,40,120489740,19.4266,588553597,588553597,0,472429709,
mcs30_b06_s40.A05,mcs30_b06_s40.B05,dal_rl,24,48,6215739149,1000.02,1,40,438661169,68.0216,4215821828,4215821828,0,3357413908,
mcs30_b06_s40.A06,mcs30_b06_s40.B06,dal_rl,24,41,4078249886,669.762,0,40,1387431565,222.296,2686081546,2686081546,0,2092019876,
mcs30_b06_s40.A07,mcs30_b06_s40.B07,dal_rl,24,41,6321901895,1000.01,1,40,53967452,8.11035,4268225417,4268225417,0,3330091824,
mcs30_b06_s40.A08,mcs30_b06_s40.B08,dal_rl,25,48,1689394062,276.107,0,40,825995237,129.185,1139420721,1139420721,0,904818241,
mcs30_b06_s40.A09,mcs30_b06_s40.B09,dal_rl,25,53,2816940931,471.109,0,40,1996410021,327.408,1888494184,1888494184,0,1516973537,
mcs30_b06_s50.A00,mcs30_b06_s50.B00,dal_rl,29,51,6397097766,1000.02,1,50,82827334,12.327,4246003474,4246003474,0,3284562745,
mcs30_b06_s50.A01,mcs30_b06_s50.B01,dal_rl,30,60,5993241597,1000.01,1,50,75823437,11.3283,4104053230,4104053230,0,3151621502,
mcs30_b06_s50.A02,mcs30_b06_s50.B02,dal_rl,30,53,6365790925,1000.01,1,50,1357446212,202.381,4344214717,4344214717,0,3404747885,
mcs30_b06_s50.A03,mcs30_b06_s50.B03,dal_rl,30,45,6481061342,1000.02,1,50,5299769477,812.23,4374799714,4374799714,0,3373574783,
mcs30_b06_s50.A04,mcs30_b06_s50.B04,dal_rl,30,59,6310284478,1000.02,1,50,350665521,54.1711,4222202064,4222202064,0,3263905821,
mcs30_b06_s50.A05,mcs30_b06_s50.B05,dal_rl,29,49,6256283461,1000.03,1,50,472688472,72.3215,4207236600,4207236600,0,3340413454,
mcs30_b06_s50.A06,mcs30_b06_s50.B06,dal_rl,29,48,6675727849,1000.02,1,50,70387686,10.4037,4587068426,4587068426,0,3539488271,
mcs30_b06_s50.A07,mcs30_b06_s50.B07,dal_rl,30,48,6489010321,1000.02,1,50,1104119997,170.886,4427235144,4427235144,0,3445987829,
mcs30_b06_s50.A08,mcs30_b06_s50.B08,dal_rl,30,55,6533610078,1000,1,50,167544458,23.1696,4386572709,4386572709,0,3366943128,
mcs30_b06_s50.A09,mcs30_b06_s50.B09,dal_rl,30,62,6351779533,1000.02,1,50,2473637316,379.361,4287052656,4287052656,0,3354212911,
mcs30_b06_s60.A00,mcs30_b06_s60.B00,dal_rl,33,50,6691902995,1000.02,1,60,27317604,3.42637,4535034667,4535034667,0,3475399042,
mcs30_b06_s60.A01,mcs30_b06_s60.B01,dal_rl,34,59,6555144545,1000.02,1,60,947825,0.135275,4361785667,4361785667,0,3271769299,
mcs30_b06_s60.A02,mcs30_b06_s60.B02,dal_rl,35,62,6413247106,1000.02,1,60,906944613,143.93,4204267021,4204267021,0,3208830586,
mcs30_b06_s60.A03,mcs30_b06_s60.B03,dal_rl,35,66,6203727361,1000.02,1,60,1671359516,256.717,4107390582,4107390582,0,3191570290,
mcs30_b06_s60.A04,mcs30_b06_s60.B04,dal_rl,34,75,6819018390,1000.01,1,60,40058068,5.40798,4827312911,4827312911,0,3671774040,
mcs30_b06_s60.A05,mcs30_b06_s60.B05,dal_rl,34,50,6631457524,1000.02,1,60,4511065377,668.443,4493862830,4493862830,0,3535452929,
mcs30_b06_s60.A06,mcs30_b06_s60.B06,dal_rl,36,63,6198202776,1000.02,1,60,305016313,47.7747,4218295320,4218295320,0,3295354601,
mcs30_b06_s60.A07,mcs30_b06_s60.B07,dal_rl,33,67,6723250828,1000.02,1,60,259554964,36.7466,4530747724,4530747724,0,3422272829,
mcs30_b06_s60.A08,mcs30_b06_s60.B08,dal_rl,34,56,6476374672,1000.02,1,60,1019004251,149.081,4475473893,4475473893,0,3583952614,
mcs30_b06_s60.A09,mcs30_b06_s60.B09,dal_rl,35,51,6341320664,1000.01,1,60,540473482,79.6406,4332543786,4332543786,0,3426524162,
mcs30_b06_s70.A00,mcs30_b06_s70.B00,dal_rl,40,64,6577112251,1000.02,1,70,1886170989,277.075,4576995389,4576995389,0,3474866953,
mcs30_b06_s70.A01,mcs30_b06_s70.B01,dal_rl,40,66,5051466603,1000.02,1,70,765648182,148.219,3326624340,3326624340,0,2547545215,
mcs30_b06_s70.A02,mcs30_b06_s70.B02,dal_rl,41,78,5911856020,1000.02,1,70,1096496995,181.433,3917897990,3917897990,0,2957070653,
mcs30_b06_s70.A03,mcs30_b06_s70.B03,dal_rl,40,72,6664548976,1000.01,1,70,665022135,91.3738,4485709003,4485709003,0,3343981618,
mcs30_b06_s70.A04,mcs30_b06_s70.B04,dal_rl,41,72,6412709447,1000.02,1,70,6249879279,974.135,4486576636,4486576636,0,3478190919,
mcs30_b06_s70.A05,mcs30_b06_s70.B05,dal_rl,39,63,3290482714,1000.01,1,70,5191608,1.41185,2297379435,2297379435,0,1811706423,
mcs30_b06_s70.A06,mcs30_b06_s70.B06,dal_rl,38,73,5992707530,1000.02,1,70,2256645457,372.157,3859921053,3859921053,0,2920574687,
mcs30_b06_s70.A07,mcs30_b06_s70.B07,dal_rl,39,73,6666785369,1000.01,1,70,696051595,99.1644,4430947248,4430947248,0,3373164627,
mcs30_b06_s70.A08,mcs30_b06_s70.B08,dal_rl,38,73,6627287785,1000.01,1,70,42872981,6.14991,4330157340,4330157340,0,3218052331,
mcs30_b06_s70.A09,mcs30_b06_s70.B09,dal_rl,41,74,6078804429,1000.02,1,70,4164001005,675.726,3951031859,3951031859,0,2971110634,
mcs30_b06_s80.A00,mcs30_b06_s80.B00,dal_rl,45,68,6354294699,1000.02,1,80,770147792,117.43,4140236614,4140236614,0,3110183892,
mcs30_b06_s80.A01,mcs30_b06_s80.B01,dal_rl,46,97,5988724659,1000.01,1,80,2334794687,370.257,3709357304,3709357304,0,2831735229,
mcs30_b06_s80.A02,mcs30_b06_s80.B02,dal_rl,45,78,6652648462,1000.02,1,80,3683128927,534.648,4584872893,4584872893,0,3581589521,
mcs30_b06_s80.A03,mcs30_b06_s80.B03,dal_rl,44,81,6513198738,1000.02,1,80,3247606423,482.041,4331077096,4331077096,0,3408773993,
mcs30_b06_s80.A04,mcs30_b06_s80.B04,dal_rl,44,74,6619524848,1000.02,1,80,1338403466,192.139,4310727335,4310727335,0,3210407825,
mcs30_b06_s80.A05,mcs30_b06_s80.B05,dal_rl,43,63,6911938320,1000.01,1,80,56296800,7.13397,4872822775,4872822775,0,3749084296,
mcs30_b06_s80.A06,mcs30_b06_s80.B06,dal_rl,43,67,6410063441,1000.01,1,80,1173914685,174.053,4232347748,4232347748,0,3329822871,
mcs30_b06_s80.A07,mcs30_b06_s80.B07,dal_rl,44,82,5152962427,1000.02,1,80,2164593648,416.188,3390590042,3390590042,0,2522909470,
mcs30_b06_s80.A08,mcs30_b06_s80.B08,dal_rl,45,79,6144764784,1000.02,1,80,4365502927,699.412,4175478801,4175478801,0,3243949880,
mcs30_b06_s80.A09,mcs30_b06_s80.B09,dal_rl,45,82,6412888844,1000.02,1,80,2870939149,429.69,4271935403,4271935403,0,3261610496,
mcs30_b06_s90.A00,mcs30_b06_s90.B00,dal_rl,49,88,7305410585,1000.01,1,90,5057653292,691.95,5135985940,5135985940,0,3795129855,
mcs30_b06_s90.A01,mcs30_b06_s90.B01,dal_rl,49,80,6384390906,1000.02,1,90,5917242459,925.99,4423551144,4423551144,0,3489133208,
mcs30_b06_s90.A02,mcs30_b06_s90.B02,dal_rl,48,89,5584104686,1000.01,1,90,143399519,25.5815,3778911791,3778911791,0,2983368091,
mcs30_b06_s90.A03,mcs30_b06_s90.B03,dal_rl,48,75,6116294972,1000.02,1,90,2679230302,421.282,4384450975,4384450975,0,3461674115,
mcs30_b06_s90.A04,mcs30_b06_s90.B04,dal_rl,48,90,5380912322,1000.02,1,90,2313097786,419.639,3783474742,3783474742,0,3035968512,
mcs30_b06_s90.A05,mcs30_b06_s90.B05,dal_rl,50,77,6693071544,1000.02,1,90,1619542792,228.908,4637368846,4637368846,0,3541483763,
mcs30_b06_s90.A06,mcs30_b06_s90.B06,dal_rl,51,83,6665157661,1000.02,1,90,4907634455,712.545,4507368920,4507368920,0,3397664599,
mcs30_b06_s90.A07,mcs30_b06_s90.B07,dal_rl,49,76,5979766739,1000.02,1,90,63548877,9.61616,3809917158,3809917158,0,2806166589,
mcs30_b06_s90.A08,mcs30_b06_s90.B08,dal_rl,50,78,5571504209,1000.01,1,90,40281314,6.0401,3840388794,3840388794,0,2903187500,
mcs30_b06_s90.A09,mcs30_b06_s90.B09,dal_rl,47,72,6279885055,1000.01,1,90,5799885223,920.45,4555319052,4555319052,0,3356266957,
mcs30_b06m_s100.A00,mcs30_b06m_s100.B00,dal_rl,54,93,5344316306,1000.02,1,100,4710637293,873.909,3437021791,3437021791,0,2457778949,
mcs30_b06m_s100.A01,mcs30_b06m_s100.B01,dal_rl,57,84,3125855341,1000.01,1,100,230177671,36.2152,2003859779,2003859779,0,1513329091,
mcs30_b06m_s100.A02,mcs30_b06m_s100.B02,dal_rl,53,93,5522705583,1000.01,1,100,720488432,127.065,3442360338,3442360338,0,2632227187,
mcs30_b06m_s100.A03,mcs30_b06m_s100.B03,dal_rl,55,108,6279246406,1000.01,1,100,123461572,10.8633,4104287116,4104287116,0,3145029671,
mcs30_b06m_s100.A04,mcs30_b06m_s100.B04,dal_rl,54,97,6080296249,1000.02,1,100,5019363696,817.696,4283791400,4283791400,0,3095094009,
mcs30_b06m_s100.A05,mcs30_b06m_s100.B05,dal_rl,54,92,5593321419,1000.02,1,100,2665646863,449.463,3510559539,3510559539,0,2464933839,
mcs30_b06m_s100.A06,mcs30_b06m_s100.B06,dal_rl,55,100,5836588184,1000.02,1,100,92609590,15.2357,3860830322,3860830322,0,2844239969,
mcs30_b06m_s100.A07,mcs30_b06m_s100.B07,dal_rl,55,103,6575126353,1000.01,1,100,1497748983,216.141,4433281583,4433281583,0,3237145188,
mcs30_b06m_s100.A08,mcs30_b06m_s100.B08,dal_rl,54,99,6267350556,1000.02,1,100,6221681682,991.978,4133949985,4133949985,0,3002908393,
mcs30_b06m_s100.A09,mcs30_b06m_s100.B09,dal_rl,55,109,6048208010,1000.02,1,100,31253311,2.1649,3970037303,3970037303,0,2930573365,
mcs30_b06m_s25.A00,mcs30_b06m_s25.B00,dal_rl,16,28,1167410,0.198564,0,25,212683,0.0350646,760215,760215,0,606687,
mcs30_b06m_s25.A01,mcs30_b06m_s25.B01,dal_rl,16,29,1912245,0.302867,0,25,1444539,0.229185,1229359,1229359,0,946095,
mcs30_b06m_s25.A02,mcs30_b06m_s25.B02,dal_rl,16,21,2088268,0.624365,0,25,1707883,0.504947,1384237,1384237,0,1089734,
mcs30_b06m_s25.A03,mcs30_b06m_s25.B03,dal_rl,16,26,785988,0.270936,0,25,152217,0.0526746,516319,516319,0,415473,
mcs30_b06m_s25.A04,mcs30_b06m_s25.B04,dal_rl,16,22,952181,0.151991,0,25,420511,0.0655641,615779,615779,0,481641,
mcs30_b06m_s25.A05,mcs30_b06m_s25.B05,dal_rl,16,27,3047255,0.477578,0,25,3033763,0.475484,2021544,2021544,0,1565237,
mcs30_b06m_s25.A06,mcs30_b06m_s25.B06,dal_rl,15,26,2287962,0.358604,0,25,76793,0.0122689,1536466,1536466,0,1223057,
mcs30_b06m_s25.A07,mcs30_b06m_s25.B07,dal_rl,16,34,1314254,0.413751,0,25,567885,0.171881,863411,863411,0,690875,
mcs30_b06m_s25.A08,mcs30_b06m_s25.B08,dal_rl,16,25,1454510,0.449764,0,25,1072291,0.325932,971345,971345,0,761836,
mcs30_b06m_s25.A09,mcs30_b06m_s25.B09,dal_rl,16,31,912716,0.14697,0,25,137936,0.0216445,608370,608370,0,483906,
mcs30_b06m_s30.A00,mcs30_b06m_s30.B00,dal_rl,19,38,17723130,2.86619,0,30,10837439,1.67329,11614832,11614832,0,9072223,
mcs30_b06m_s30.A01,mcs30_b06m_s30.B01,dal_rl,18,29,51296838,8.21478,0,30,3677452,0.546861,33827461,33827461,0,26350156,
mcs30_b06m_s30.A02,mcs30_b06m_s30.B02,dal_rl,19,26,11802774,3.81512,0,30,1671998,0.512271,8047495,8047495,0,6599062,
mcs30_b06m_s30.A03,mcs30_b06m_s30.B03,dal_rl,18,27,36475243,11.5915,0,30,6017666,1.8113,23735575,23735575,0,18732377,
mcs30_b06m_s30.A04,mcs30_b06m_s30.B04,dal_rl,19,33,9013256,1.47058,0,30,4894583,0.788688,5838114,5838114,0,4586325,
mcs30_b06m_s30.A05,mcs30_b06m_s30.B05,dal_rl,19,39,7266235,1.25817,0,30,1265436,0.20504,4745094,4745094,0,3763245,
mcs30_b06m_s30.A06,mcs30_b06m_s30.B06,dal_rl,19,38,15167206,2.55366,0,30,10329911,1.71431,9868276,9868276,0,7906648,
mcs30_b06m_s30.A07,mcs30_b06m_s30.B07,dal_rl,19,36,8812519,2.88888,0,30,1396498,0.443714,5818926,5818926,0,4617872,
mcs30_b06m_s30.A08,mcs30_b06m_s30.B08,dal_rl,19,30,18130967,5.65965,0,30,14521261,4.47005,12059051,12059051,0,9646761,
mcs30_b06m_s30.A09,mcs30_b06m_s30.B09,dal_rl,18,40,23915055,3.88009,0,30,158132,0.0241493,15407539,15407539,0,12044325,
mcs30_b06m_s35.A00,mcs30_b06m_s35.B00,dal_rl,22,30,329082373,53.7426,0,35,285740685,46.3365,218217538,218217538,0,170542376,
mcs30_b06m_s35.A01,mcs30_b06m_s35.B01,dal_rl,21,30,583059176,94.9626,0,35,681417,0.102939,392057517,392057517,0,305921203,
mcs30_b06m_s35.A02,mcs30_b06m_s35.B02,dal_rl,21,45,418694515,137.003,0,35,3439413,1.01663,278739907,278739907,0,219818445,
mcs30_b06m_s35.A03,mcs30_b06m_s35.B03,dal_rl,22,37,89557593,30.0491,0,35,3187505,0.982915,60209806,60209806,0,48452874,
mcs30_b06m_s35.A04,mcs30_b06m_s35.B04,dal_rl,22,36,305875024,47.1683,0,35,290534471,44.6996,203524326,203524326,0,155887308,
mcs30_b06m_s35.A05,mcs30_b06m_s35.B05,dal_rl,21,45,356414384,116.312,0,35,28686355,8.5214,237653610,237653610,0,189384680,
mcs30_b06m_s35.A06,mcs30_b06m_s35.B06,dal_rl,22,37,381003804,59.8046,0,35,358558014,56.0632,249686219,249686219,0,192220485,
mcs30_b06m_s35.A07,mcs30_b06m_s35.B07,dal_rl,21,39,664973481,108.218,0,35,3719495,0.563368,444797348,444797348,0,349850756,
mcs30_b06m_s35.A08,mcs30_b06m_s35.B08,dal_rl,22,37,392217646,72.6036,0,35,390960984,72.3698,262417857,262417857,0,204078819,
mcs30_b06m_s35.A09,mcs30_b06m_s35.B09,dal_rl,21,34,596350896,95.0337,0,35,38985266,5.89052,394268245,394268245,0,309842575,
mcs30_b06m_s40.A00,mcs30_b06m_s40.B00,dal_rl,24,38,4246240999,704.685,0,40,37885493,5.98741,2830850840,2830850840,0,2206182566,
mcs30_b06m_s40.A01,mcs30_b06m_s40.B01,dal_rl,24,37,4909727032,846.213,0,40,984911,0.158946,3216123129,3216123129,0,2480835240,
mcs30_b06m_s40.A02,mcs30_b06m_s40.B02,dal_rl,25,51,2922857017,479.716,0,40,1688572193,269.464,1971512596,1971512596,0,1590268731,
mcs30_b06m_s40.A03,mcs30_b06m_s40.B03,dal_rl,25,45,2389472239,386.371,0,40,1302034005,205.186,1634143495,1634143495,0,1306724592,
mcs30_b06m_s40.A04,mcs30_b06m_s40.B04,dal_rl,25,51,3609099815,592.749,0,40,2219102590,356.253,2424572252,2424572252,0,1942916032,
mcs30_b06m_s40.A05,mcs30_b06m_s40.B05,dal_rl,25,48,3624192125,603.914,0,40,1730813094,281.161,2410820354,2410820354,0,1890645640,
mcs30_b06m_s40.A06,mcs30_b06m_s40.B06,dal_rl,24,46,6050756529,1000.02,1,40,21202984,3.05789,4032033776,4032033776,0,3165486381,
mcs30_b06m_s40.A07,mcs30_b06m_s40.B07,dal_rl,24,45,4247320003,692.768,0,40,141164034,22.1334,2862438135,2862438135,0,2274769429,
mcs30_b06m_s40.A08,mcs30_b06m_s40.B08,dal_rl,24,36,3041346841,1000.02,1,40,219208039,70.0853,2039315696,2039315696,0,1604626260,
mcs30_b06m_s40.A09,mcs30_b06m_s40.B09,dal_rl,25,35,4354355550,703.762,0,40,4108459758,663.769,2907572873,2907572873,0,2278345442,
mcs30_b06m_s50.A00,mcs30_b06m_s50.B00,dal_rl,29,48,6612507794,1000.02,1,50,965234943,142.508,4438052147,4438052147,0,3346251982,
mcs30_b06m_s50.A01,mcs30_b06m_s50.B01,dal_rl,29,46,6186501124,1000.01,1,50,512681183,81.0988,4076715037,4076715037,0,3242606583,
mcs30_b06m_s50.A02,mcs30_b06m_s50.B02,dal_rl,30,54,3202699169,1000.01,1,50,245642311,72.9528,2159984636,2159984636,0,1681033511,
mcs30_b06m_s50.A03,mcs30_b06m_s50.B03,dal_rl,30,55,6145446649,1000.01,1,50,30225232,4.54509,4182260806,4182260806,0,3282596336,
mcs30_b06m_s50.A04,mcs30_b06m_s50.B04,dal_rl,31,68,5905314050,1000.02,1,50,2210514842,359.225,3979645885,3979645885,0,3140773924,
mcs30_b06m_s50.A05,mcs30_b06m_s50.B05,dal_rl,31,54,6012693590,1000.02,1,50,2168004492,359.497,3995787878,3995787878,0,3141735914,
mcs30_b06m_s50.A06,mcs30_b06m_s50.B06,dal_rl,30,52,6040888521,1000.02,1,50,564700398,90.4789,4092043176,4092043176,0,3164083037,
mcs30_b06m_s50.A07,mcs30_b06m_s50.B07,dal_rl,29,53,6459390540,1000.02,1,50,26042334,3.90912,4264091383,4264091383,0,3228308833,
mcs30_b06m_s50.A08,mcs30_b06m_s50.B08,dal_rl,28,53,6945427963,1000.01,1,50,117156136,15.5486,4940147945,4940147945,0,3799532156,
mcs30_b06m_s50.A09,mcs30_b06m_s50.B09,dal_rl,30,61,6418026974,1000.02,1,50,430598358,62.2144,4446418288,4446418288,0,3391956997,
mcs30_b06m_s60.A00,mcs30_b06m_s60.B00,dal_rl,34,63,5494545855,1000.01,1,60,1080827671,194.722,3597241635,3597241635,0,2648802064,
mcs30_b06m_s60.A01,mcs30_b06m_s60.B01,dal_rl,34,58,3299321025,1000.02,1,60,1037902805,310.237,2329604959,2329604959,0,1811843489,
mcs30_b06m_s60.A02,mcs30_b06m_s60.B02,dal_rl,35,73,6335302438,1000.01,1,60,399515155,60.5786,4224519945,4224519945,0,3244761924,
mcs30_b06m_s60.A03,mcs30_b06m_s60.B03,dal_rl,35,65,6224579941,1000.02,1,60,3272736,0.487709,4273026688,4273026688,0,3297338191,
mcs30_b06m_s60.A04,mcs30_b06m_s60.B04,dal_rl,36,65,6137987410,1000.02,1,60,1694986106,278.726,4118598124,4118598124,0,3151029601,
mcs30_b06m_s60.A05,mcs30_b06m_s60.B05,dal_rl,35,73,6380566039,1000.02,1,60,2350493378,347.943,4406418364,4406418364,0,3362902807,
mcs30_b06m_s60.A06,mcs30_b06m_s60.B06,dal_rl,36,69,6283027699,1000.01,1,60,2911703250,458.899,4323941252,4323941252,0,3375775280,
mcs30_b06m_s60.A07,mcs30_b06m_s60.B07,dal_rl,36,66,6414794768,1000.02,1,60,4294133705,658.768,4409387394,4409387394,0,3484264523,
mcs30_b06m_s60.A08,mcs30_b06m_s60.B08,dal_rl,35,63,6363826061,1000.02,1,60,301450399,45.7547,4218600966,4218600966,0,3308935681,
mcs30_b06m_s60.A09,mcs30_b06m_s60.B09,dal_rl,36,65,5982611045,1000.02,1,60,480053610,79.7461,3895711750,3895711750,0,2983886633,
mcs30_b06m_s70.A00,mcs30_b06m_s70.B00,dal_rl,39,73,6190096184,1000.02,1,70,2332869114,367.092,4309018932,4309018932,0,3319919238,
mcs30_b06m_s70.A01,mcs30_b06m_s70.B01,dal_rl,41,73,6320608479,1000.02,1,70,263964328,39.9,4325840201,4325840201,0,3312145177,
mcs30_b06m_s70.A02,mcs30_b06m_s70.B02,dal_rl,39,74,6302181790,1000.02,1,70,718622115,113.309,4271363314,4271363314,0,3298952358,
mcs30_b06m_s70.A03,mcs30_b06m_s70.B03,dal_rl,37,66,6923851000,1000.02,1,70,2041067,0.283329,4803770064,4803770064,0,3600922512,
mcs30_b06m_s70.A04,mcs30_b06m_s70.B04,dal_rl,39,63,6302210288,1000.02,1,70,555547974,86.4453,4250620264,4250620264,0,3351183512,
mcs30_b06m_s70.A05,mcs30_b06m_s70.B05,dal_rl,40,74,6199889334,1000.02,1,70,341250156,53.8112,3957371822,3957371822,0,2940392761,
mcs30_b06m_s70.A06,mcs30_b06m_s70.B06,dal_rl,40,71,6601653020,1000.01,1,70,73275270,10.2597,4341642573,4341642573,0,3311816987,
mcs30_b06m_s70.A07,mcs30_b06m_s70.B07,dal_rl,39,63,6517516916,1000.01,1,70,5692462299,871.585,4135780262,4135780262,0,3039661830,
mcs30_b06m_s70.A08,mcs30_b06m_s70.B08,dal_rl,41,76,6505670511,1000.01,1,70,6260739478,960.639,4443310325,4443310325,0,3392418912,
mcs30_b06m_s70.A09,mcs30_b06m_s70.B09,dal_rl,40,85,6404256771,1000.01,1,70,315843051,48.1295,4305586168,4305586168,0,3247862965,
mcs30_b06m_s80.A00,mcs30_b06m_s80.B00,dal_rl,45,95,6766633103,1000.02,1,80,2522491186,355.448,4552618050,4552618050,0,3412868665,
mcs30_b06m_s80.A01,mcs30_b06m_s80.B01,dal_rl,44,81,6556973493,1000.02,1,80,424646547,64.7536,4268127855,4268127855,0,3308395082,
mcs30_b06m_s80.A02,mcs30_b06m_s80.B02,dal_rl,44,84,6478619527,1000.02,1,80,1866641105,279.608,4376260372,4376260372,0,3330226820,
mcs30_b06m_s80.A03,mcs30_b06m_s80.B03,dal_rl,45,84,6458088627,1000.02,1,80,5380277235,832.023,4176835209,4176835209,0,3140289008,
mcs30_b06m_s80.A04,mcs30_b06m_s80.B04,dal_rl,45,92,6568835725,1000.02,1,80,19754064,2.6734,4233385459,4233385459,0,3184514005,
mcs30_b06m_s80.A05,mcs30_b06m_s80.B05,dal_rl,43,69,6748651907,1000.01,1,80,120523233,16.0893,4476838492,4476838492,0,3200739233,
mcs30_b06m_s80.A06,mcs30_b06m_s80.B06,dal_rl,44,64,6458882501,1000.02,1,80,1497972199,216.639,4293905669,4293905669,0,3094009273,
mcs30_b06m_s80.A07,mcs30_b06m_s80.B07,dal_rl,47,94,6255121446,1000.02,1,80,5242113147,822.501,4063242431,4063242431,0,2954694395,
mcs30_b06m_s80.A08,mcs30_b06m_s80.B08,dal_rl,44,73,6261318404,1000.01,1,80,1371853843,207.509,4062144132,4062144132,0,3036127216,
mcs30_b06m_s80.A09,mcs30_b06m_s80.B09,dal_rl,44,90,6086336254,1000.02,1,80,140795365,21.8345,3977915824,3977915824,0,3044038977,
mcs30_b06m_s90.A00,mcs30_b06m_s90.B00,dal_rl,50,96,6293526340,1000.02,1,90,1090311626,156.886,4083396509,4083396509,0,3080151479,
mcs30_b06m_s90.A01,mcs30_b06m_s90.B01,dal_rl,50,83,6515303293,1000.02,1,90,1596721306,254.371,4168764021,4168764021,0,3178064094,
mcs30_b06m_s90.A02,mcs30_b06m_s90.B02,dal_rl,51,87,6344664021,1000.02,1,90,547865151,82.457,4361100939,4361100939,0,3285085379,
mcs30_b06m_s90.A03,mcs30_b06m_s90.B03,dal_rl,49,88,6016307501,1000.01,1,90,921719966,147.358,3838181752,3838181752,0,2900008264,
mcs30_b06m_s90.A04,mcs30_b06m_s90.B04,dal_rl,50,102,6803698019,1000.01,1,90,5066990082,736.326,4543752193,4543752193,0,3551586536,
mcs30_b06m_s90.A05,mcs30_b06m_s90.B05,dal_rl,49,89,5166655240,1000.01,1,90,46206876,8.71569,3378163897,3378163897,0,2569567617,
mcs30_b06m_s90.A06,mcs30_b06m_s90.B06,dal_rl,48,78,5934772389,1000.02,1,90,279524452,46.4105,3639407900,3639407900,0,2742007758,
mcs30_b06m_s90.A07,mcs30_b06m_s90.B07,dal_rl,49,90,6805876929,1000.02,1,90,356732883,51.5512,4458213774,4458213774,0,3357782999,
mcs30_b06m_s90.A08,mcs30_b06m_s90.B08,dal_rl,48,93,6594292161,1000.02,1,90,412365649,68.1255,4239320242,4239320242,0,3074965044,
mcs30_b06m_s90.A09,mcs30_b06m_s90.B09,dal_rl,51,84,6505482624,1000.01,1,90,3302629081,458.816,4306409668,4306409668,0,3302321752,
mcs30_b09_s100.A00,mcs30_b09_s100.B00,dal_rl,42,86,2802286139,1000.02,1,100,1213751,0.350748,1734341798,1734341798,0,1340088508,
mcs30_b09_s100.A01,mcs30_b09_s100.B01,dal_rl,45,95,5525579465,1000.01,1,100,758321097,126.588,3591323601,3591323601,0,2879593612,
mcs30_b09_s100.A02,mcs30_b09_s100.B02,dal_rl,44,80,5833091110,1000.02,1,100,91053241,14.827,3786002796,3786002796,0,3019960061,
mcs30_b09_s100.A03,mcs30_b09_s100.B03,dal_rl,43,99,5830974399,1000.02,1,100,105148184,16.9474,3654673038,3654673038,0,2924258186,
mcs30_b09_s100.A04,mcs30_b09_s100.B04,dal_rl,44,87,4748033395,1000.02,1,100,638076668,136.445,3119047461,3119047461,0,2385544442,
mcs30_b09_s100.A05,mcs30_b09_s100.B05,dal_rl,43,113,5901059849,1000.01,1,100,1192831404,194.291,3641338250,3641338250,0,2639875491,
mcs30_b09_s100.A06,mcs30_b09_s100.B06,dal_rl,45,93,5326256398,1000.01,1,100,66747507,11.6732,3317140128,3317140128,0,2612722896,
mcs30_b09_s100.A07,mcs30_b09_s100.B07,dal_rl,43,96,5435133834,1000.01,1,100,327755036,54.983,3456858096,3456858096,0,2655565444,
mcs30_b09_s100.A08,mcs30_b09_s100.B08,dal_rl,46,83,5458305641,1000.01,1,100,1495159401,270.448,3329913845,3329913845,0,2613419860,
mcs30_b09_s100.A09,mcs30_b09_s100.B09,dal_rl,46,102,5220126976,1000.01,1,100,170656771,31.9783,3266776331,3266776331,0,2631109269,
mcs30_b09_s35.A00,mcs30_b09_s35.B00,dal_rl,19,46,226523538,42.1971,0,35,23148380,4.19703,148649568,148649568,0,124270290,
mcs30_b09_s35.A01,mcs30_b09_s35.B01,dal_rl,20,51,249386210,44.6229,0,35,34921903,5.73994,165519015,165519015,0,136473203,
mcs30_b09_s35.A02,mcs30_b09_s35.B02,dal_rl,19,51,228121874,43.5106,0,35,23059674,4.30504,147184412,147184412,0,123456133,
mcs30_b09_s35.A03,mcs30_b09_s35.B03,dal_rl,20,46,138504787,25.8942,0,35,60260854,11.0577,90588029,90588029,0,75790021,
mcs30_b09_s35.A04,mcs30_b09_s35.B04,dal_rl,20,44,129513152,23.9701,0,35,95224031,17.2852,85792024,85792024,0,72272263,
mcs30_b09_s35.A05,mcs30_b09_s35.B05,dal_rl,20,49,93904699,17.4947,0,35,25331454,4.40118,63171089,63171089,0,53173252,
mcs30_b09_s35.A06,mcs30_b09_s35.B06,dal_rl,19,47,282620965,49.9873,0,35,3900388,0.670997,189825703,189825703,0,158364719,
mcs30_b09_s35.A07,mcs30_b09_s35.B07,dal_rl,20,56,126085584,23.3183,0,35,33031483,5.56915,81808502,81808502,0,67705648,
mcs30_b09_s35.A08,mcs30_b09_s35.B08,dal_rl,20,41,84303055,16.0377,0,35,10703505,2.02613,55725965,55725965,0,46647871,
mcs30_b09_s35.A09,mcs30_b09_s35.B09,dal_rl,20,48,68236964,12.4804,0,35,14058003,2.32993,46229646,46229646,0,38983816,
mcs30_b09_s40.A00,mcs30_b09_s40.B00,dal_rl,21,44,4230997942,1000.01,1,40,1124098612,257.595,2789027624,2789027624,0,2354723093,
mcs30_b09_s40.A01,mcs30_b09_s40.B01,dal_rl,21,50,3344186005,642.605,0,40,112102145,20.7566,2226306473,2226306473,0,1885542941,
mcs30_b09_s40.A02,mcs30_b09_s40.B02,dal_rl,21,53,4524429499,875.617,0,40,995655948,186.431,2979987743,2979987743,0,2503220417,
mcs30_b09_s40.A03,mcs30_b09_s40.B03,dal_rl,21,38,2910851838,544.661,0,40,592917515,108.676,1907147900,1907147900,0,1596373099,
mcs30_b09_s40.A04,mcs30_b09_s40.B04,dal_rl,21,50,4111411016,780.816,0,40,1298219984,236.577,2722656728,2722656728,0,2304261527,
mcs30_b09_s40.A05,mcs30_b09_s40.B05,dal_rl,21,41,3269678228,608.025,0,40,446705955,78.4079,2176661754,2176661754,0,1846224722,
mcs30_b09_s40.A06,mcs30_b09_s40.B06,dal_rl,21,59,2424556793,448.343,0,40,155465480,25.9027,1638367107,1638367107,0,1385299869,
mcs30_b09_s40.A07,mcs30_b09_s40.B07,dal_rl,21,46,2444767243,469.217,0,40,120372477,22.0428,1608365794,1608365794,0,1344079150,
mcs30_b09_s40.A08,mcs30_b09_s40.B08,dal_rl,21,54,3686517273,684.978,0,40,227774890,38.8797,2444416870,2444416870,0,2038187944,
mcs30_b09_s40.A09,mcs30_b09_s40.B09,dal_rl,21,38,3041657706,590.308,0,40,345019469,65.2265,2026346249,2026346249,0,1704509359,
mcs30_b09_s50.A00,mcs30_b09_s50.B00,dal_rl,25,56,5180410760,1000.02,1,50,1443519106,275.535,3359897982,3359897982,0,2822456261,
mcs30_b09_s50.A01,mcs30_b09_s50.B01,dal_rl,25,50,4680035157,1000.02,1,50,15837184,2.96989,3042772949,3042772949,0,2493331618,
mcs30_b09_s50.A02,mcs30_b09_s50.B02,dal_rl,25,60,4730669750,1000.01,1,50,2202233632,478.236,3114303988,3114303988,0,2526992203,
mcs30_b09_s50.A03,mcs30_b09_s50.B03,dal_rl,24,49,4632454307,1000.02,1,50,1139475578,237.129,2931964362,2931964362,0,2375781174,
mcs30_b09_s50.A04,mcs30_b09_s50.B04,dal_rl,25,53,5318737068,1000.02,1,50,1090391218,197.544,3402069482,3402069482,0,2749141545,
mcs30_b09_s50.A05,mcs30_b09_s50.B05,dal_rl,25,57,5209756219,1000.02,1,50,2991728326,562.056,3477244680,3477244680,0,2902283724,
mcs30_b09_s50.A06,mcs30_b09_s50.B06,dal_rl,25,74,5180880562,1000.01,1,50,50681422,9.00027,3444989464,3444989464,0,2902287217,
mcs30_b09_s50.A07,mcs30_b09_s50.B07,dal_rl,24,52,5436346039,1000.01,1,50,39536425,6.78667,3693121107,3693121107,0,3068840177,
mcs30_b09_s50.A08,mcs30_b09_s50.B08,dal_rl,24,52,5493586598,1000.01,1,50,42461900,7.70014,3586785377,3586785377,0,2880388108,
mcs30_b09_s50.A09,mcs30_b09_s50.B09,dal_rl,25,69,4815762582,1000.02,1,50,420718227,88.4851,3209033423,3209033423,0,2610662142,
mcs30_b09_s60.A00,mcs30_b09_s60.B00,dal_rl,29,67,4897667052,1000.02,1,60,1897669482,385.98,3119067408,3119067408,0,2464771337,
mcs30_b09_s60.A01,mcs30_b09_s60.B01,dal_rl,29,58,4669306500,1000.02,1,60,3336217980,709.34,3020177485,3020177485,0,2494080525,
mcs30_b09_s60.A02,mcs30_b09_s60.B02,dal_rl,29,68,2833034806,1000.02,1,60,2230313720,783.019,1817403937,1817403937,0,1438243472,
mcs30_b09_s60.A03,mcs30_b09_s60.B03,dal_rl,29,73,6083057776,1000.02,1,60,4067251273,647.229,4027696535,4027696535,0,3205492449,
mcs30_b09_s60.A04,mcs30_b09_s60.B04,dal_rl,28,67,4940418613,1000.02,1,60,235265513,51.9147,3243010489,3243010489,0,2679723197,
mcs30_b09_s60.A05,mcs30_b09_s60.B05,dal_rl,29,53,4936984168,1000.02,1,60,106060160,22.7194,3210299069,3210299069,0,2596262127,
mcs30_b09_s60.A06,mcs30_b09_s60.B06,dal_rl,27,66,5035001915,1000.02,1,60,18592406,3.56609,3224808011,3224808011,0,2652426095,
mcs30_b09_s60.A07,mcs30_b09_s60.B07,dal_rl,29,70,5906536572,1000.02,1,60,2367503061,395.102,3866721181,3866721181,0,3065533716,
mcs30_b09_s60.A08,mcs30_b09_s60.B08,dal_rl,29,73,5559756478,1000.02,1,60,1718977542,310.234,3636512583,3636512583,0,2993550390,
mcs30_b09_s60.A09,mcs30_b09_s60.B09,dal_rl,29,64,5252706474,1000.01,1,60,75919159,13.4941,3320507307,3320507307,0,2732152124,
mcs30_b09_s70.A00,mcs30_b09_s70.B00,dal_rl,33,70,5760065992,1000.01,1,70,59307971,10,3892475570,3892475570,0,3079507531,
mcs30_b09_s70.A01,mcs30_b09_s70.B01,dal_rl,33,85,5370583554,1000.02,1,70,220716796,38.1675,3422127486,3422127486,0,2746349457,
mcs30_b09_s70.A02,mcs30_b09_s70.B02,dal_rl,32,73,3061493955,1000.02,1,70,114661937,39.0101,1994604661,1994604661,0,1622778773,
mcs30_b09_s70.A03,mcs30_b09_s70.B03,dal_rl,32,68,5539637332,1000.02,1,70,3516579582,623.564,3470928104,3470928104,0,2849427727,
mcs30_b09_s70.A04,mcs30_b09_s70.B04,dal_rl,34,75,5731752098,1000.01,1,70,486402860,86.5681,3943642192,3943642192,0,3257503761,
mcs30_b09_s70.A05,mcs30_b09_s70.B05,dal_rl,33,59,3002120804,1000.01,1,70,1958383710,629.029,1998792030,1998792030,0,1497587480,
mcs30_b09_s70.A06,mcs30_b09_s70.B06,dal_rl,33,81,5403524670,1000.02,1,70,4607444121,850.903,3501076168,3501076168,0,2753240665,
mcs30_b09_s70.A07,mcs30_b09_s70.B07,dal_rl,32,69,5408139931,1000.01,1,70,259709026,46.552,3454889512,3454889512,0,2820778939,
mcs30_b09_s70.A08,mcs30_b09_s70.B08,dal_rl,32,77,5441072473,1000.02,1,70,1608180682,291.904,3510194024,3510194024,0,2857699215,
mcs30_b09_s70.A09,mcs30_b09_s70.B09,dal_rl,33,87,5291126961,1000.02,1,70,1811534142,333.07,3342384894,3342384894,0,2662742515,
mcs30_b09_s80.A00,mcs30_b09_s80.B00,dal_rl,36,84,5753930617,1000.02,1,80,5437298860,944.758,3587484173,3587484173,0,2841779638,
mcs30_b09_s80.A01,mcs30_b09_s80.B01,dal_rl,39,94,5645805658,1000.02,1,80,189106572,34.6064,3494949570,3494949570,0,2735491816,
mcs30_b09_s80.A02,mcs30_b09_s80.B02,dal_rl,35,80,5328757298,1000.02,1,80,445699335,80.2001,3339168158,3339168158,0,2767030642,
mcs30_b09_s80.A03,mcs30_b09_s80.B03,dal_rl,36,63,4726784691,1000.01,1,80,2905007091,593.869,2871431252,2871431252,0,2095397331,
mcs30_b09_s80.A04,mcs30_b09_s80.B04,dal_rl,37,73,2890398324,1000.02,1,80,32662085,10.6107,1880718689,1880718689,0,1505946217,
mcs30_b09_s80.A05,mcs30_b09_s80.B05,dal_rl,36,77,5208525601,1000.02,1,80,67799098,12.1844,3326711270,3326711270,0,2573358898,
mcs30_b09_s80.A06,mcs30_b09_s80.B06,dal_rl,36,75,5613703860,1000.02,1,80,1223713898,214.079,3615550393,3615550393,0,2908502072,
mcs30_b09_s80.A07,mcs30_b09_s80.B07,dal_rl,37,61,5423577008,1000.02,1,80,1263435123,217.683,3499290136,3499290136,0,2874020193,
mcs30_b09_s80.A08,mcs30_b09_s80.B08,dal_rl,37,84,5619900685,1000.02,1,80,533173044,89.6585,3577369424,3577369424,0,2772571488,
mcs30_b09_s80.A09,mcs30_b09_s80.B09,dal_rl,36,54,5664192870,1000.01,1,80,5294053301,929.697,3548567522,3548567522,0,2826383654,
mcs30_b09_s90.A00,mcs30_b09_s90.B00,dal_rl,40,81,5408134786,1000.02,1,90,2845846664,521.091,3437369966,3437369966,0,2739609313,
mcs30_b09_s90.A01,mcs30_b09_s90.B01,dal_rl,41,99,5407207775,1000.02,1,90,5852293,0.896296,3380942213,3380942213,0,2718855073,
mcs30_b09_s90.A02,mcs30_b09_s90.B02,dal_rl,39,80,5770965262,1000.02,1,90,1613141287,272.479,3596933848,3596933848,0,2717019494,
mcs30_b09_s90.A03,mcs30_b09_s90.B03,dal_rl,42,78,5767330340,1000.02,1,90,1545497555,262.495,3570386692,3570386692,0,2740345212,
mcs30_b09_s90.A04,mcs30_b09_s90.B04,dal_rl,41,79,5592574902,1000.01,1,90,4567740856,818.134,3485450645,3485450645,0,2748038909,
mcs30_b09_s90.A05,mcs30_b09_s90.B05,dal_rl,40,95,5911439545,1000.02,1,90,642777777,110.611,3789860882,3789860882,0,3057365167,
mcs30_b09_s90.A06,mcs30_b09_s90.B06,dal_rl,40,88,5390678684,1000.02,1,90,92636030,15.8907,3414358464,3414358464,0,2773255595,
mcs30_b09_s90.A07,mcs30_b09_s90.B07,dal_rl,40,78,5957693212,1000.02,1,90,5154407534,856.794,3817557276,3817557276,0,3057327751,
mcs30_b09_s90.A08,mcs30_b09_s90.B08,dal_rl,40,74,5608308804,1000.02,1,90,1976630934,345.816,3523993273,3523993273,0,2782621848,
mcs30_b09_s90.A09,mcs30_b09_s90.B09,dal_rl,41,83,5684662474,1000.01,1,90,4490979511,785.139,3567117412,3567117412,0,2836740420,
mcs30_b09m_s100.A00,mcs30_b09m_s100.B00,dal_rl,44,100,6287740411,1000.02,1,100,4070070697,638.135,3958428125,3958428125,0,3027607961,
mcs30_b09m_s100.A01,mcs30_b09m_s100.B01,dal_rl,43,98,5809109680,1000.02,1,100,166793302,28.148,3765418636,3765418636,0,2801415826,
mcs30_b09m_s100.A02,mcs30_b09m_s100.B02,dal_rl,45,106,5408545274,1000.02,1,100,2308478064,411.941,3309051869,3309051869,0,2494307931,
mcs30_b09m_s100.A03,mcs30_b09m_s100.B03,dal_rl,43,75,5617034591,1000.02,1,100,2617797512,449.077,3492452565,3492452565,0,2797102839,
mcs30_b09m_s100.A04,mcs30_b09m_s100.B04,dal_rl,42,94,5822325391,1000.02,1,100,18950290,3.09792,3619274961,3619274961,0,2692075056,
mcs30_b09m_s100.A05,mcs30_b09m_s100.B05,dal_rl,45,100,5247352910,1000.01,1,100,1375926004,259.564,3298474908,3298474908,0,2532467911,
mcs30_b09m_s100.A06,mcs30_b09m_s100.B06,dal_rl,45,102,5815027736,1000.01,1,100,1042917320,170.476,3775906737,3775906737,0,2945240589,
mcs30_b09m_s100.A07,mcs30_b09m_s100.B07,dal_rl,46,102,5671947888,1000.02,1,100,2423939700,419.544,3601503213,3601503213,0,2785555981,
mcs30_b09m_s100.A08,mcs30_b09m_s100.B08,dal_rl,43,78,5419932340,1000.02,1,100,17343102,3.14422,3445493295,3445493295,0,2805647731,
mcs30_b09m_s100.A09,mcs30_b09m_s100.B09,dal_rl,44,85,5550436821,1000.02,1,100,58771117,10.4372,3462218497,3462218497,0,2687638530,
mcs30_b09m_s35.A00,mcs30_b09m_s35.B00,dal_rl,19,35,268409367,49.9845,0,35,106030169,19.5886,175628786,175628786,0,148671765,
mcs30_b09m_s35.A01,mcs30_b09m_s35.B01,dal_rl,19,36,241659823,45.5676,0,35,15714761,2.67335,159560697,159560697,0,134858892,
mcs30_b09m_s35.A02,mcs30_b09m_s35.B02,dal_rl,19,44,382325742,69.2681,0,35,256368636,45.3942,255147430,255147430,0,216331115,
mcs30_b09m_s35.A03,mcs30_b09m_s35.B03,dal_rl,19,43,183142095,33.9681,0,35,37283949,6.67844,121917927,121917927,0,102954397,
mcs30_b09m_s35.A04,mcs30_b09m_s35.B04,dal_rl,18,47,698489097,125.634,0,35,6625052,1.08583,452981802,452981802,0,370655838,
mcs30_b09m_s35.A05,mcs30_b09m_s35.B05,dal_rl,19,48,342109110,61.685,0,35,130240888,22.5122,225622163,225622163,0,189298035,
mcs30_b09m_s35.A06,mcs30_b09m_s35.B06,dal_rl,18,30,630474269,116.059,0,35,25400872,4.52155,414588551,414588551,0,344227547,
mcs30_b09m_s35.A07,mcs30_b09m_s35.B07,dal_rl,19,36,216404467,41.1804,0,35,6462422,1.14841,141485719,141485719,0,119041759,
mcs30_b09m_s35.A08,mcs30_b09m_s35.B08,dal_rl,19,47,221083452,41.6071,0,35,2498749,0.453306,145690843,145690843,0,122441217,
mcs30_b09m_s35.A09,mcs30_b09m_s35.B09,dal_rl,19,39,248027127,46.358,0,35,9914311,1.73256,162304685,162304685,0,134130774,
mcs30_b09m_s40.A00,mcs30_b09m_s40.B00,dal_rl,21,45,5451006254,1000.02,1,40,5058377984,924.15,3528807540,3528807540,0,2913018620,
mcs30_b09m_s40.A01,mcs30_b09m_s40.B01,dal_rl,21,51,4348083268,803.024,0,40,16620244,2.87715,2866176478,2866176478,0,2388795658,
mcs30_b09m_s40.A02,mcs30_b09m_s40.B02,dal_rl,20,55,5340432969,1000.01,1,40,69113055,12.1528,3450522617,3450522617,0,2897327675,
mcs30_b09m_s40.A03,mcs30_b09m_s40.B03,dal_rl,21,50,5323614660,991.972,0,40,2143444836,389.736,3477009679,3477009679,0,2903834773,
mcs30_b09m_s40.A04,mcs30_b09m_s40.B04,dal_rl,21,50,3325960179,632.181,0,40,706796482,128.781,2173459990,2173459990,0,1823793264,
mcs30_b09m_s40.A05,mcs30_b09m_s40.B05,dal_rl,20,48,4676166801,1000.02,1,40,476812,0.0909874,3057919857,3057919857,0,2536214903,
mcs30_b09m_s40.A06,mcs30_b09m_s40.B06,dal_rl,21,44,5193206421,1000.02,1,40,1786979249,330.489,3364203378,3364203378,0,2829681725,
mcs30_b09m_s40.A07,mcs30_b09m_s40.B07,dal_rl,21,42,3896194985,726.029,0,40,53249779,9.48248,2556617446,2556617446,0,2140679691,
mcs30_b09m_s40.A08,mcs30_b09m_s40.B08,dal_rl,21,39,3491991110,658.465,0,40,81577613,14.9933,2306893230,2306893230,0,1926137147,
mcs30_b09m_s40.A09,mcs30_b09m_s40.B09,dal_rl,21,48,5425230472,1000.02,1,40,4066878875,741.387,3508379624,3508379624,0,2917482842,
mcs30_b09m_s50.A00,mcs30_b09m_s50.B00,dal_rl,25,50,5621474962,1000.02,1,50,985241349,170.792,3657538776,3657538776,0,3016854696,
mcs30_b09m_s50.A01,mcs30_b09m_s50.B01,dal_rl,25,48,5803962796,1000.01,1,50,276103692,47.0553,3803983290,3803983290,0,3111986907,
mcs30_b09m_s50.A02,mcs30_b09m_s50.B02,dal_rl,24,51,5764589845,1000.01,1,50,72782997,12.2863,3734967351,3734967351,0,3010061766,
mcs30_b09m_s50.A03,mcs30_b09m_s50.B03,dal_rl,25,52,5559671503,1000.02,1,50,199383620,34.42,3626169813,3626169813,0,3029098901,
mcs30_b09m_s50.A04,mcs30_b09m_s50.B04,dal_rl,25,55,2661538341,1000.02,1,50,58983029,19.6477,1729259890,1729259890,0,1426494594,
mcs30_b09m_s50.A05,mcs30_b09m_s50.B05,dal_rl,24,44,5657519697,1000.02,1,50,448383685,77.0556,3674664797,3674664797,0,3055037076,
mcs30_b09m_s50.A06,mcs30_b09m_s50.B06,dal_rl,24,59,5758382851,1000.02,1,50,23718565,3.92269,3699831761,3699831761,0,2968012884,
mcs30_b09m_s50.A07,mcs30_b09m_s50.B07,dal_rl,25,45,5582933243,1000.02,1,50,2916166278,512.402,3665418263,3665418263,0,2907138509,
mcs30_b09m_s50.A08,mcs30_b09m_s50.B08,dal_rl,25,57,5402524417,1000.02,1,50,3270784082,597.32,3508555904,3508555904,0,2948822098,
mcs30_b09m_s50.A09,mcs30_b09m_s50.B09,dal_rl,24,61,5174578290,1000.02,1,50,1083800345,208.297,3373707993,3373707993,0,2797026904,
mcs30_b09m_s60.A00,mcs30_b09m_s60.B00,dal_rl,28,57,5935483855,1000.02,1,60,1559710057,260.856,3826105202,3826105202,0,3059775394,
mcs30_b09m_s60.A01,mcs30_b09m_s60.B01,dal_rl,29,64,5506381091,1000.02,1,60,2913281106,520.614,3539961423,3539961423,0,2944592660,
mcs30_b09m_s60.A02,mcs30_b09m_s60.B02,dal_rl,30,67,5390325647,1000.02,1,60,572513896,104.778,3497041512,3497041512,0,2834503063,
mcs30_b09m_s60.A03,mcs30_b09m_s60.B03,dal_rl,29,68,5276951481,1000.02,1,60,6114585,1.11108,3374846928,3374846928,0,2802672759,
mcs30_b09m_s60.A04,mcs30_b09m_s60.B04,dal_rl,29,72,5745699294,1000.02,1,60,155908211,25.4122,3732752600,3732752600,0,2939974987,
mcs30_b09m_s60.A05,mcs30_b09m_s60.B05,dal_rl,29,61,5556269042,1000.02,1,60,1001602346,174.265,3614051102,3614051102,0,2940976617,
mcs30_b09m_s60.A06,mcs30_b09m_s60.B06,dal_rl,29,71,5340437089,1000.02,1,60,1163046722,201.742,3420425656,3420425656,0,2811193802,
mcs30_b09m_s60.A07,mcs30_b09m_s60.B07,dal_rl,28,63,5566811418,1000.01,1,60,1081418,0.158159,3640508637,3640508637,0,3001013815,
mcs30_b09m_s60.A08,mcs30_b09m_s60.B08,dal_rl,30,72,5377562810,1000.01,1,60,814657217,143.191,3528036099,3528036099,0,2830147658,
mcs30_b09m_s60.A09,mcs30_b09m_s60.B09,dal_rl,29,55,5460678466,1000.02,1,60,923538470,164.498,3573175056,3573175056,0,2969344481,
mcs30_b09m_s70.A00,mcs30_b09m_s70.B00,dal_rl,33,73,5490392402,1000.01,1,70,1866314093,330.914,3547674938,3547674938,0,2826065179,
mcs30_b09m_s70.A01,mcs30_b09m_s70.B01,dal_rl,33,58,5684373668,1000.01,1,70,9012868,1.50844,3690251771,3690251771,0,2929056236,
mcs30_b09m_s70.A02,mcs30_b09m_s70.B02,dal_rl,32,55,4602146941,1000.02,1,70,410292718,88.2892,2922974082,2922974082,0,2285427378,
mcs30_b09m_s70.A03,mcs30_b09m_s70.B03,dal_rl,33,64,5815098071,1000.02,1,70,209173731,33.7493,3808906430,3808906430,0,2994715675,
mcs30_b09m_s70.A04,mcs30_b09m_s70.B04,dal_rl,33,67,4553098452,1000.02,1,70,703567902,151.337,2916218114,2916218114,0,2333009097,
mcs30_b09m_s70.A05,mcs30_b09m_s70.B05,dal_rl,33,79,4820231730,1000.01,1,70,46457722,9.53868,3105017365,3105017365,0,2436893366,
mcs30_b09m_s70.A06,mcs30_b09m_s70.B06,dal_rl,33,80,4754215838,1000.02,1,70,129821734,26.422,3044199175,3044199175,0,2491149121,
mcs30_b09m_s70.A07,mcs30_b09m_s70.B07,dal_rl,34,73,5607380535,1000.02,1,70,51915405,8.99299,3723159593,3723159593,0,2964697262,
mcs30_b09m_s70.A08,mcs30_b09m_s70.B08,dal_rl,33,68,5356969280,1000.02,1,70,3787414452,703.547,3514062626,3514062626,0,2885891103,
mcs30_b09m_s70.A09,mcs30_b09m_s70.B09,dal_rl,32,71,5306674885,1000.02,1,70,318759156,57.4119,3292468437,3292468437,0,2609518118,
mcs30_b09m_s80.A00,mcs30_b09m_s80.B00,dal_rl,37,71,5274462467,1000.01,1,80,55757358,9.40328,3419388215,3419388215,0,2756574195,
mcs30_b09m_s80.A01,mcs30_b09m_s80.B01,dal_rl,39,83,5542073826,1000.01,1,80,5383625187,969.963,3479381336,3479381336,0,2719831851,
mcs30_b09m_s80.A02,mcs30_b09m_s80.B02,dal_rl,37,86,4951402109,1000.01,1,80,3728066230,744.41,3047690319,3047690319,0,2358584817,
mcs30_b09m_s80.A03,mcs30_b09m_s80.B03,dal_rl,37,82,4833109380,1000.02,1,80,534380399,105.435,3005639335,3005639335,0,2427864147,
mcs30_b09m_s80.A04,mcs30_b09m_s80.B04,dal_rl,37,90,5228533994,1000.02,1,80,50449630,8.63261,3396511342,3396511342,0,2698540123,
mcs30_b09m_s80.A05,mcs30_b09m_s80.B05,dal_rl,36,89,2781858224,1000.02,1,80,67717664,23.3201,1762244990,1762244990,0,1415977115,
mcs30_b09m_s80.A06,mcs30_b09m_s80.B06,dal_rl,36,87,6100066554,1000.02,1,80,4298305465,684.075,3873855695,3873855695,0,3048256284,
mcs30_b09m_s80.A07,mcs30_b09m_s80.B07,dal_rl,36,73,4953969991,1000.02,1,80,456528902,99.0049,3119487503,3119487503,0,2473591740,
mcs30_b09m_s80.A08,mcs30_b09m_s80.B08,dal_rl,36,64,4880151559,1000.02,1,80,3205582987,651.431,3193353074,3193353074,0,2542795028,
mcs30_b09m_s80.A09,mcs30_b09m_s80.B09,dal_rl,38,82,4502216063,1000.02,1,80,625033283,133.17,2866291953,2866291953,0,2333447344,
mcs30_b09m_s90.A00,mcs30_b09m_s90.B00,dal_rl,40,73,5366541813,1000.02,1,90,604801669,111.141,3393376403,3393376403,0,2762624019,
mcs30_b09m_s90.A01,mcs30_b09m_s90.B01,dal_rl,41,95,5205221451,1000.02,1,90,1011989669,181.994,3229633914,3229633914,0,2572107536,
mcs30_b09m_s90.A02,mcs30_b09m_s90.B02,dal_rl,41,72,5863058223,1000.01,1,90,3756001679,627.56,3738098591,3738098591,0,2853645127,
mcs30_b09m_s90.A03,mcs30_b09m_s90.B03,dal_rl,41,90,5128795507,1000,1,90,31171811,5.92808,3237759515,3237759515,0,2608150565,
mcs30_b09m_s90.A04,mcs30_b09m_s90.B04,dal_rl,41,80,5014825644,1000.02,1,90,4649624341,917.728,3006063975,3006063975,0,2294115210,
mcs30_b09m_s90.A05,mcs30_b09m_s90.B05,dal_rl,41,78,2759320175,1000.02,1,90,2657052000,962.124,1684525603,1684525603,0,1228422459,
mcs30_b09m_s90.A06,mcs30_b09m_s90.B06,dal_rl,40,88,5923340322,1000.02,1,90,211245248,33.7331,3739229933,3739229933,0,2900757009,
mcs30_b09m_s90.A07,mcs30_b09m_s90.B07,dal_rl,39,74,5410145069,1000.02,1,90,1173779676,213.022,3312988148,3312988148,0,2649034460,
mcs30_b09m_s90.A08,mcs30_b09m_s90.B08,dal_rl,40,87,2671832590,1000.01,1,90,365771271,127.57,1669030566,1669030566,0,1342606107,
mcs30_b09m_s90.A09,mcs30_b09m_s90.B09,dal_rl,41,76,5608214593,1000.02,1,90,111477585,17.1216,3628290491,3628290491,0,2887474429,
mcs30_m2D_s100.A00,mcs30_m2D_s100.B00,dal_rl,62,77,8241039624,1000.02,1,100,840530365,95.2604,6453236562,6453236562,0,4734667857,
mcs30_m2D_s100.A01,mcs30_m2D_s100.B01,dal_rl,55,61,20075272110,1000.02,1,100,191941,0.00842918,16753738727,16753738727,0,13432206094,
mcs30_m2D_s100.A02,mcs30_m2D_s100.B02,dal_rl,58,66,14797097000,1000.02,1,100,29388410,1.69171,12956252253,12956252253,0,11257821945,
mcs30_m2D_s100.A03,mcs30_m2D_s100.B03,dal_rl,65,90,6430551709,1000.02,1,100,2786038358,417.194,4664136660,4664136660,0,3290785013,
mcs30_m2D_s100.A04,mcs30_m2D_s100.B04,dal_rl,66,83,6809468900,1000.02,1,100,306154225,37.6307,4394414488,4394414488,0,2962976064,
mcs30_m2D_s100.A05,mcs30_m2D_s100.B05,dal_rl,67,74,6810272954,1000.02,1,100,105700927,8.78748,4497969898,4497969898,0,3115809396,
mcs30_m2D_s100.A06,mcs30_m2D_s100.B06,dal_rl,58,68,14640619008,1000.01,1,100,573347254,32.1145,11859224527,11859224527,0,9123459233,
mcs30_m2D_s100.A07,mcs30_m2D_s100.B07,dal_rl,64,86,3338248642,1000.02,1,100,2758780215,830.696,2526417796,2526417796,0,2069002458,
mcs30_m2D_s100.A08,mcs30_m2D_s100.B08,dal_rl,66,93,6461524540,1000.02,1,100,450372321,66.8324,4619254402,4619254402,0,3267950042,
mcs30_m2D_s100.A09,mcs30_m2D_s100.B09,dal_rl,55,74,14288289627,1000.02,1,100,210,8.7302e-05,11956756650,11956756650,0,10295616787,
mcs30_m2D_s30.A00,mcs30_m2D_s30.B00,dal_rl,22,25,6062061,0.795783,0,30,114992,0.0134567,4126993,4126993,0,2880011,
mcs30_m2D_s30.A01,mcs30_m2D_s30.B01,dal_rl,23,31,2011601,0.294574,0,30,277292,0.0382604,1330038,1330038,0,925281,
mcs30_m2D_s30.A02,mcs30_m2D_s30.B02,dal_rl,22,26,9186092,1.15646,0,30,152822,0.0171234,6205990,6205990,0,4318242,
mcs30_m2D_s30.A03,mcs30_m2D_s30.B03,dal_rl,23,31,1825003,0.247221,0,30,1300839,0.168162,1298793,1298793,0,941807,
mcs30_m2D_s30.A04,mcs30_m2D_s30.B04,dal_rl,23,30,7234829,0.937111,0,30,7015818,0.905912,4746883,4746883,0,3301278,
mcs30_m2D_s30.A05,mcs30_m2D_s30.B05,dal_rl,22,24,3574022,0.479182,0,30,226059,0.029902,2405292,2405292,0,1728131,
mcs30_m2D_s30.A06,mcs30_m2D_s30.B06,dal_rl,23,29,4606506,0.601285,0,30,3936846,0.505627,3004283,3004283,0,2000733,
mcs30_m2D_s30.A07,mcs30_m2D_s30.B07,dal_rl,22,32,7099969,0.893322,0,30,302545,0.0369888,5078117,5078117,0,3733740,
mcs30_m2D_s30.A08,mcs30_m2D_s30.B08,dal_rl,22,26,7814018,1.01155,0,30,3070683,0.375375,5276944,5276944,0,3752091,
mcs30_m2D_s30.A09,mcs30_m2D_s30.B09,dal_rl,23,28,4164709,0.575928,0,30,4100298,0.56725,2787333,2787333,0,1973277,
mcs30_m2D_s50.A00,mcs30_m2D_s50.B00,dal_rl,37,50,6587824667,1000.02,1,50,4304266957,625.652,4504291874,4504291874,0,3139398744,
mcs30_m2D_s50.A01,mcs30_m2D_s50.B01,dal_rl,37,50,7116397662,1000.02,1,50,357769298,47.9879,5026353801,5026353801,0,3541076143,
mcs30_m2D_s50.A02,mcs30_m2D_s50.B02,dal_rl,38,44,7147164151,717.633,0,50,4484135476,318.561,5581330949,5581330949,0,4365568146,
mcs30_m2D_s50.A03,mcs30_m2D_s50.B03,dal_rl,38,48,5496421279,837.203,0,50,2664417728,395.087,3785916357,3785916357,0,2728775841,
mcs30_m2D_s50.A04,mcs30_m2D_s50.B04,dal_rl,35,39,7419712753,1000.01,1,50,594644900,74.6937,5223202084,5223202084,0,3629297957,
mcs30_m2D_s50.A05,mcs30_m2D_s50.B05,dal_rl,37,54,6989618736,1000.02,1,50,84607275,10.8429,4817823875,4817823875,0,3363339890,
mcs30_m2D_s50.A06,mcs30_m2D_s50.B06,dal_rl,37,49,6974806713,1000.02,1,50,574122584,75.6581,4716217178,4716217178,0,3256071126,
mcs30_m2D_s50.A07,mcs30_m2D_s50.B07,dal_rl,36,39,7162060787,1000.02,1,50,3229921461,439.692,4886622947,4886622947,0,3414642680,
mcs30_m2D_s50.A08,mcs30_m2D_s50.B08,dal_rl,37,46,6879888917,1000.01,1,50,43445751,5.76467,4818449391,4818449391,0,3396037307,
mcs30_m2D_s50.A09,mcs30_m2D_s50.B09,dal_rl,37,45,6918852193,1000.02,1,50,1931636337,272.077,4830774059,4830774059,0,3455650553,
mcs30_m2D_s60.A00,mcs30_m2D_s60.B00,dal_rl,42,51,7083121012,1000.02,1,60,565893745,78.1649,4928446550,4928446550,0,3561850770,
mcs30_m2D_s60.A01,mcs30_m2D_s60.B01,dal_rl,44,62,6965647587,1000.02,1,60,5410016266,768.953,4770369847,4770369847,0,3173259356,
mcs30_m2D_s60.A02,mcs30_m2D_s60.B02,dal_rl,43,54,6772232511,1000.02,1,60,266852810,34.1503,4754927719,4754927719,0,3480399246,
mcs30_m2D_s60.A03,mcs30_m2D_s60.B03,dal_rl,42,54,7012265739,1000.02,1,60,1315763816,184.373,4797027695,4797027695,0,3320168437,
mcs30_m2D_s60.A04,mcs30_m2D_s60.B04,dal_rl,44,59,7390966502,1000.02,1,60,2354003878,243.236,5153509598,5153509598,0,3656974452,
mcs30_m2D_s60.A05,mcs30_m2D_s60.B05,dal_rl,43,49,6949716623,1000.02,1,60,1091052344,145.864,5068401086,5068401086,0,3595256471,
mcs30_m2D_s60.A06,mcs30_m2D_s60.B06,dal_rl,43,57,7421723529,1000.01,1,60,3261729169,361.33,5541807972,5541807972,0,4249894172,
mcs30_m2D_s60.A07,mcs30_m2D_s60.B07,dal_rl,42,54,7215260742,1000.02,1,60,785977278,82.8951,5231193146,5231193146,0,3748760736,
mcs30_m2D_s60.A08,mcs30_m2D_s60.B08,dal_rl,43,59,8438818237,1000.02,1,60,4175406908,369.583,6622257512,6622257512,0,5160068277,
mcs30_m2D_s60.A09,mcs30_m2D_s60.B09,dal_rl,41,47,23129639110,1000.01,1,60,316366449,25.1733,17582685237,17582685237,0,12042699345,
mcs30_m2D_s70.A00,mcs30_m2D_s70.B00,dal_rl,50,58,6101533436,1000.02,1,70,1922492306,303.799,4270188475,4270188475,0,3065892019,
mcs30_m2D_s70.A01,mcs30_m2D_s70.B01,dal_rl,50,64,6068017444,1000.02,1,70,4743494614,741.408,4551148402,4551148402,0,3357660155,
mcs30_m2D_s70.A02,mcs30_m2D_s70.B02,dal_rl,47,47,6758600651,1000.02,1,70,420700727,51.6642,4995985978,4995985978,0,3763378813,
mcs30_m2D_s70.A03,mcs30_m2D_s70.B03,dal_rl,49,55,6667689864,1000.02,1,70,1287998893,182.779,4695664560,4695664560,0,3436417983,
mcs30_m2D_s70.A04,mcs30_m2D_s70.B04,dal_rl,47,58,7329595179,1000.01,1,70,1518671857,177.722,5398058070,5398058070,0,3916200260,
mcs30_m2D_s70.A05,mcs30_m2D_s70.B05,dal_rl,49,58,7390446351,1000.02,1,70,1689946563,198.662,5298058147,5298058147,0,3948395229,
mcs30_m2D_s70.A06,mcs30_m2D_s70.B06,dal_rl,47,60,7217781677,1000.01,1,70,339483307,46.2634,5017643158,5017643158,0,3507574625,
mcs30_m2D_s70.A07,mcs30_m2D_s70.B07,dal_rl,47,64,13028765255,1000.02,1,70,12558004960,933.153,10327636406,10327636406,0,7716407030,
mcs30_m2D_s70.A08,mcs30_m2D_s70.B08,dal_rl,41,50,18243198664,1000.01,1,70,29525080,1.45584,15806477308,15806477308,0,13622458808,
mcs30_m2D_s70.A09,mcs30_m2D_s70.B09,dal_rl,48,54,6926887839,1000.02,1,70,1129588409,150.073,5047853382,5047853382,0,3509414744,
mcs30_m2D_s80.A00,mcs30_m2D_s80.B00,dal_rl,57,72,7047337685,1000.01,1,80,6052023897,844.753,5182415069,5182415069,0,3783034843,
mcs30_m2D_s80.A01,mcs30_m2D_s80.B01,dal_rl,55,75,9072476787,1000.01,1,80,7208841453,673.578,7162479483,7162479483,0,5573462721,
mcs30_m2D_s80.A02,mcs30_m2D_s80.B02,dal_rl,57,75,6581335149,1000.02,1,80,908705362,126.079,4681539021,4681539021,0,3305119574,
mcs30_m2D_s80.A03,mcs30_m2D_s80.B03,dal_rl,46,60,13473537175,1000.02,1,80,2602509,0.148684,10683172670,10683172670,0,8173507105,
mcs30_m2D_s80.A04,mcs30_m2D_s80.B04,dal_rl,55,63,6978414493,1000.02,1,80,5429938074,758.994,5154195094,5154195094,0,3904160022,
mcs30_m2D_s80.A05,mcs30_m2D_s80.B05,dal_rl,54,65,8882647281,1000.02,1,80,3803878627,268.239,6631820940,6631820940,0,4941936572,
mcs30_m2D_s80.A06,mcs30_m2D_s80.B06,dal_rl,51,62,9169256406,1000.01,1,80,14428528,1.28149,7375675399,7375675399,0,5728331751,
mcs30_m2D_s80.A07,mcs30_m2D_s80.B07,dal_rl,55,71,7168126015,1000.02,1,80,4854286579,644.018,4939349139,4939349139,0,3487049299,
mcs30_m2D_s80.A08,mcs30_m2D_s80.B08,dal_rl,56,74,7674532570,1000.02,1,80,6777356102,851.995,6035548253,6035548253,0,4696841459,
mcs30_m2D_s80.A09,mcs30_m2D_s80.B09,dal_rl,54,76,6364921594,1000.01,1,80,50347562,6.73781,4650254655,4650254655,0,3316674052,
mcs30_m2D_s90.A00,mcs30_m2D_s90.B00,dal_rl,62,82,5522755559,1000.02,1,90,239020611,36.4531,3870505794,3870505794,0,2643485752,
mcs30_m2D_s90.A01,mcs30_m2D_s90.B01,dal_rl,62,84,6917324513,1000.02,1,90,3376743839,479.991,4613919303,4613919303,0,3257346705,
mcs30_m2D_s90.A02,mcs30_m2D_s90.B02,dal_rl,50,69,21449472601,1000.01,1,90,88,5.0566e-05,17027103794,17027103794,0,12841105507,
mcs30_m2D_s90.A03,mcs30_m2D_s90.B03,dal_rl,61,74,6599851793,1000.01,1,90,1433611517,214.364,4637979673,4637979673,0,3419656561,
mcs30_m2D_s90.A04,mcs30_m2D_s90.B04,dal_rl,59,75,9184159263,1000.01,1,90,8710960077,917.835,7522470975,7522470975,0,6008450285,
mcs30_m2D_s90.A05,mcs30_m2D_s90.B05,dal_rl,56,69,11107277193,1000.02,1,90,2920231496,256.237,9446202115,9446202115,0,8051948149,
mcs30_m2D_s90.A06,mcs30_m2D_s90.B06,dal_rl,51,64,20791629132,1000.02,1,90,95,6.1803e-05,16237668106,16237668106,0,12187253991,
mcs30_m2D_s90.A07,mcs30_m2D_s90.B07,dal_rl,62,88,6227173689,1000.02,1,90,2077045270,324.536,4378893489,4378893489,0,3138161848,
mcs30_m2D_s90.A08,mcs30_m2D_s90.B08,dal_rl,62,90,6671988330,1000.02,1,90,3604741989,516.534,4762737123,4762737123,0,3407710814,
mcs30_m2D_s90.A09,mcs30_m2D_s90.B09,dal_rl,61,79,6834810822,1000.02,1,90,802950844,84.5955,5248378674,5248378674,0,4036144347,
mcs30_m2Dr2_s100.A00,mcs30_m2Dr2_s100.B00,dal_rl,66,75,6888667969,1000.02,1,100,6508256630,928.79,4914325135,4914325135,0,3374804981,
mcs30_m2Dr2_s100.A01,mcs30_m2Dr2_s100.B01,dal_rl,58,74,19320273128,1000.02,1,100,17087,0.0022527,16147549329,16147549329,0,12974826346,
mcs30_m2Dr2_s100.A02,mcs30_m2Dr2_s100.B02,dal_rl,64,86,6665548688,1000.01,1,100,2611757632,387.529,4848630998,4848630998,0,3509580709,
mcs30_m2Dr2_s100.A03,mcs30_m2Dr2_s100.B03,dal_rl,65,90,5715418002,1000.02,1,100,858079247,114.762,4151952019,4151952019,0,3063842449,
mcs30_m2Dr2_s100.A04,mcs30_m2Dr2_s100.B04,dal_rl,52,63,14911679763,1000.02,1,100,281997372,15.5651,12737183152,12737183152,0,10649143566,
mcs30_m2Dr2_s100.A05,mcs30_m2Dr2_s100.B05,dal_rl,61,80,20471525554,1000.01,1,100,17638411310,861.06,16270039957,16270039957,0,12069115039,
mcs30_m2Dr2_s100.A06,mcs30_m2Dr2_s100.B06,dal_rl,64,77,6144773345,1000.02,1,100,885535100,110.393,4050194906,4050194906,0,2856101394,
mcs30_m2Dr2_s100.A07,mcs30_m2Dr2_s100.B07,dal_rl,60,68,19120147795,1000.01,1,100,315,0.000113531,15347563891,15347563891,0,11671541539,
mcs30_m2Dr2_s100.A08,mcs30_m2Dr2_s100.B08,dal_rl,63,86,7057136627,1000.01,1,100,1569426703,120.802,5046895336,5046895336,0,3755612514,
mcs30_m2Dr2_s100.A09,mcs30_m2Dr2_s100.B09,dal_rl,64,86,6427215212,1000.02,1,100,71576232,6.09152,5286981988,5286981988,0,4282427187,
mcs30_m2Dr2_s30.A00,mcs30_m2Dr2_s30.B00,dal_rl,22,30,2937729,0.508105,0,30,895986,0.146944,1972367,1972367,0,1446178,
mcs30_m2Dr2_s30.A01,mcs30_m2Dr2_s30.B01,dal_rl,22,26,3774496,0.552729,0,30,639012,0.0915309,2387554,2387554,0,1603776,
mcs30_m2Dr2_s30.A02,mcs30_m2Dr2_s30.B02,dal_rl,23,31,2002553,0.288677,0,30,1998495,0.288036,1337710,1337710,0,969193,
mcs30_m2Dr2_s30.A03,mcs30_m2Dr2_s30.B03,dal_rl,22,31,1554533,0.221615,0,30,214855,0.0297541,1067437,1067437,0,785166,
mcs30_m2Dr2_s30.A04,mcs30_m2Dr2_s30.B04,dal_rl,22,27,10743567,1.45676,0,30,5259610,0.692206,6953995,6953995,0,4862330,
mcs30_m2Dr2_s30.A05,mcs30_m2Dr2_s30.B05,dal_rl,22,24,4851000,0.666928,0,30,3192433,0.428435,3193023,3193023,0,2202473,
mcs30_m2Dr2_s30.A06,mcs30_m2Dr2_s30.B06,dal_rl,22,31,4616053,0.714789,0,30,83506,0.0116391,3053117,3053117,0,2223385,
mcs30_m2Dr2_s30.A07,mcs30_m2Dr2_s30.B07,dal_rl,22,27,3451634,0.522651,0,30,1539002,0.231522,2236199,2236199,0,1568336,
mcs30_m2Dr2_s30.A08,mcs30_m2Dr2_s30.B08,dal_rl,22,28,4784624,0.690998,0,30,3160346,0.43925,3206652,3206652,0,2315586,
mcs30_m2Dr2_s30.A09,mcs30_m2Dr2_s30.B09,dal_rl,22,30,1761479,0.270974,0,30,504836,0.0744936,1195182,1195182,0,874400,
mcs30_m2Dr2_s50.A00,mcs30_m2Dr2_s50.B00,dal_rl,36,60,6015040884,1000.01,1,50,1688796320,271.838,4166451485,4166451485,0,2990064021,
mcs30_m2Dr2_s50.A01,mcs30_m2Dr2_s50.B01,dal_rl,36,51,6061093121,1000,1,50,297237171,45.3707,4198567638,4198567638,0,2948958607,
mcs30_m2Dr2_s50.A02,mcs30_m2Dr2_s50.B02,dal_rl,36,53,6107113473,1000.02,1,50,516046038,76.5288,4279186601,4279186601,0,3161084010,
mcs30_m2Dr2_s50.A03,mcs30_m2Dr2_s50.B03,dal_rl,35,49,5914276091,1000.02,1,50,2825343217,459.855,4101070614,4101070614,0,2952355222,
mcs30_m2Dr2_s50.A04,mcs30_m2Dr2_s50.B04,dal_rl,36,49,6494058869,1000.02,1,50,1175920159,174.74,4594200035,4594200035,0,3395450323,
mcs30_m2Dr2_s50.A05,mcs30_m2Dr2_s50.B05,dal_rl,35,52,6856308694,1000.02,1,50,3549323932,499.867,4740366288,4740366288,0,3383461914,
mcs30_m2Dr2_s50.A06,mcs30_m2Dr2_s50.B06,dal_rl,36,49,5324678977,1000.02,1,50,156563114,26.4273,3568893278,3568893278,0,2582648963,
mcs30_m2Dr2_s50.A07,mcs30_m2Dr2_s50.B07,dal_rl,36,43,5827454779,1000.02,1,50,633301760,101.001,3982659554,3982659554,0,2900089085,
mcs30_m2Dr2_s50.A08,mcs30_m2Dr2_s50.B08,dal_rl,36,49,6015944670,1000.01,1,50,3395663253,538.102,4127604378,4127604378,0,3004806961,
mcs30_m2Dr2_s50.A09,mcs30_m2Dr2_s50.B09,dal_rl,34,45,6417345200,1000.01,1,50,694348195,95.8836,4424899535,4424899535,0,3162582095,
mcs30_m2Dr2_s60.A00,mcs30_m2Dr2_s60.B00,dal_rl,42,64,6144874566,1000.01,1,60,1549014180,238.889,4168826863,4168826863,0,2956701015,
mcs30_m2Dr2_s60.A01,mcs30_m2Dr2_s60.B01,dal_rl,42,57,6531343970,1000.02,1,60,443505433,61.8785,4289560725,4289560725,0,3094211425,
mcs30_m2Dr2_s60.A02,mcs30_m2Dr2_s60.B02,dal_rl,41,59,6630201762,1000.02,1,60,575374505,79.107,4833663703,4833663703,0,3503331549,
mcs30_m2Dr2_s60.A03,mcs30_m2Dr2_s60.B03,dal_rl,40,53,6373808577,1000.02,1,60,65940837,7.72951,4625195549,4625195549,0,3334582338,
mcs30_m2Dr2_s60.A04,mcs30_m2Dr2_s60.B04,dal_rl,41,60,7025794751,1000.02,1,60,679643012,51.831,5209342787,5209342787,0,3843717949,
mcs30_m2Dr2_s60.A05,mcs30_m2Dr2_s60.B05,dal_rl,42,55,5730265775,1000.02,1,60,2119370583,376.122,3886056900,3886056900,0,2676267412,
mcs30_m2Dr2_s60.A06,mcs30_m2Dr2_s60.B06,dal_rl,42,55,5565801708,1000.02,1,60,1419076535,250.378,3889932968,3889932968,0,2872085162,
mcs30_m2Dr2_s60.A07,mcs30_m2Dr2_s60.B07,dal_rl,42,55,5808354611,1000.01,1,60,959394337,158.077,3894289055,3894289055,0,2602272112,
mcs30_m2Dr2_s60.A08,mcs30_m2Dr2_s60.B08,dal_rl,41,60,6783481539,1000.01,1,60,5369175570,780.226,4767199002,4767199002,0,3499098479,
mcs30_m2Dr2_s60.A09,mcs30_m2Dr2_s60.B09,dal_rl,43,58,6707932077,1000.02,1,60,4849815171,705.624,4660464250,4660464250,0,3354316100,
mcs30_m2Dr2_s70.A00,mcs30_m2Dr2_s70.B00,dal_rl,47,70,3326205574,1000.01,1,70,2149605341,632.787,2222368810,2222368810,0,1601963265,
mcs30_m2Dr2_s70.A01,mcs30_m2Dr2_s70.B01,dal_rl,48,69,3342278186,1000.02,1,70,127524540,36.1231,2258706516,2258706516,0,1543992291,
mcs30_m2Dr2_s70.A02,mcs30_m2Dr2_s70.B02,dal_rl,46,59,6019363734,1000.02,1,70,110076528,11.925,4291711653,4291711653,0,3151888831,
mcs30_m2Dr2_s70.A03,mcs30_m2Dr2_s70.B03,dal_rl,48,56,5545749015,1000.02,1,70,19046653,3.22339,3804471747,3804471747,0,2678879108,
mcs30_m2Dr2_s70.A04,mcs30_m2Dr2_s70.B04,dal_rl,47,55,6558140788,1000.02,1,70,245313996,30.6534,4161209700,4161209700,0,2866203698,
mcs30_m2Dr2_s70.A05,mcs30_m2Dr2_s70.B05,dal_rl,49,76,4826759151,1000.01,1,70,4191461686,812.828,3797849740,3797849740,0,2857398832,
mcs30_m2Dr2_s70.A06,mcs30_m2Dr2_s70.B06,dal_rl,46,54,6874541321,1000.02,1,70,1141615242,152.404,4891706122,4891706122,0,3700313313,
mcs30_m2Dr2_s70.A07,mcs30_m2Dr2_s70.B07,dal_rl,48,56,6857745488,1000.01,1,70,2248771815,321.343,4875031520,4875031520,0,3495913460,
mcs30_m2Dr2_s70.A08,mcs30_m2Dr2_s70.B08,dal_rl,48,68,5641497071,1000.02,1,70,269422228,42.3132,3770220216,3770220216,0,2600644731,
mcs30_m2Dr2_s70.A09,mcs30_m2Dr2_s70.B09,dal_rl,47,65,6737114832,1000.02,1,70,937414401,136.42,4578740267,4578740267,0,3247390803,
mcs30_m2Dr2_s80.A00,mcs30_m2Dr2_s80.B00,dal_rl,53,78,7133594433,1000.02,1,80,2325333507,318.266,4749685229,4749685229,0,3267871498,
mcs30_m2Dr2_s80.A01,mcs30_m2Dr2_s80.B01,dal_rl,50,63,9075998852,1000.02,1,80,53771997,4.46689,7617282864,7617282864,0,6206668974,
mcs30_m2Dr2_s80.A02,mcs30_m2Dr2_s80.B02,dal_rl,52,64,7285811844,1000.02,1,80,3005268430,357.753,5234487248,5234487248,0,3703846132,
mcs30_m2Dr2_s80.A03,mcs30_m2Dr2_s80.B03,dal_rl,55,84,6398937896,1000.02,1,80,3748973437,580.799,4369672625,4369672625,0,3199047693,
mcs30_m2Dr2_s80.A04,mcs30_m2Dr2_s80.B04,dal_rl,54,61,6990530448,1000.02,1,80,5933392531,843.557,4919250874,4919250874,0,3279309126,
mcs30_m2Dr2_s80.A05,mcs30_m2Dr2_s80.B05,dal_rl,52,65,6578564963,1000.02,1,80,4272364066,646.137,4480198679,4480198679,0,3295351973,
mcs30_m2Dr2_s80.A06,mcs30_m2Dr2_s80.B06,dal_rl,53,75,7143785452,1000.02,1,80,1478759623,196.218,4674219186,4674219186,0,3259907085,
mcs30_m2Dr2_s80.A07,mcs30_m2Dr2_s80.B07,dal_rl,51,72,6932128794,1000.02,1,80,353826554,47.8294,4560631046,4560631046,0,3173962203,
mcs30_m2Dr2_s80.A08,mcs30_m2Dr2_s80.B08,dal_rl,54,71,6563315832,1000.02,1,80,1095091484,160.927,4478609620,4478609620,0,3105325657,
mcs30_m2Dr2_s80.A09,mcs30_m2Dr2_s80.B09,dal_rl,52,74,6574521577,1000.02,1,80,306223661,44.5709,4575309668,4575309668,0,3154538434,
mcs30_m2Dr2_s90.A00,mcs30_m2Dr2_s90.B00,dal_rl,59,83,12935648573,1000.02,1,90,10609177777,640.226,10991787727,10991787727,0,9346564329,
mcs30_m2Dr2_s90.A01,mcs30_m2Dr2_s90.B01,dal_rl,59,80,7575111110,1000.02,1,90,6889367659,891.315,5918504311,5918504311,0,4656905859,
mcs30_m2Dr2_s90.A02,mcs30_m2Dr2_s90.B02,dal_rl,59,78,6873963983,1000.01,1,90,271448744,20.2515,4580583271,4580583271,0,3219234712,
mcs30_m2Dr2_s90.A03,mcs30_m2Dr2_s90.B03,dal_rl,56,76,14406969354,1000.01,1,90,11753056397,667.131,11713761489,11713761489,0,9226708748,
mcs30_m2Dr2_s90.A04,mcs30_m2Dr2_s90.B04,dal_rl,54,69,18275656931,1000.02,1,90,110723,0.00497992,14834641393,14834641393,0,11393626381,
mcs30_m2Dr2_s90.A05,mcs30_m2Dr2_s90.B05,dal_rl,59,86,6640720646,1000.02,1,90,9557715,1.23084,4568069486,4568069486,0,3233952447,
mcs30_m2Dr2_s90.A06,mcs30_m2Dr2_s90.B06,dal_rl,57,67,9481746531,1000.02,1,90,2867654638,206.127,8040336715,8040336715,0,6687034507,
mcs30_m2Dr2_s90.A07,mcs30_m2Dr2_s90.B07,dal_rl,58,83,5287620410,1000.02,1,90,2310454728,386.818,4010230205,4010230205,0,2876391732,
mcs30_m2Dr2_s90.A08,mcs30_m2Dr2_s90.B08,dal_rl,57,76,7013163712,1000.02,1,90,5642714689,798.676,5056462353,5056462353,0,3804482558,
mcs30_m2Dr2_s90.A09,mcs30_m2Dr2_s90.B09,dal_rl,58,82,11357959554,1000.01,1,90,539055639,43.7359,9632511995,9632511995,0,7947322434,
mcs30_m2Dr4_s100.A00,mcs30_m2Dr4_s100.B00,dal_rl,62,85,6277001388,1000.02,1,100,648648958,102.7,3875263941,3875263941,0,2604417266,
mcs30_m2Dr4_s100.A01,mcs30_m2Dr4_s100.B01,dal_rl,62,83,6719885793,1000.02,1,100,705563733,99.0285,4228349875,4228349875,0,2993823261,
mcs30_m2Dr4_s100.A02,mcs30_m2Dr4_s100.B02,dal_rl,64,89,6764556518,1000.02,1,100,1342449180,189.767,4224007508,4224007508,0,2866474606,
mcs30_m2Dr4_s100.A03,mcs30_m2Dr4_s100.B03,dal_rl,57,84,22971932705,1000.01,1,100,143139558,6.23578,17322741089,17322741089,0,11673558115,
mcs30_m2Dr4_s100.A04,mcs30_m2Dr4_s100.B04,dal_rl,64,79,6572515792,1000.02,1,100,1484135763,195.855,4417036773,4417036773,0,3227179906,
mcs30_m2Dr4_s100.A05,mcs30_m2Dr4_s100.B05,dal_rl,60,96,7379995957,1000.02,1,100,4577486136,628.815,5360781349,5360781349,0,3720417188,
mcs30_m2Dr4_s100.A06,mcs30_m2Dr4_s100.B06,dal_rl,62,92,7453317315,1000.02,1,100,3039426,0.379167,4721729227,4721729227,0,3018685531,
mcs30_m2Dr4_s100.A07,mcs30_m2Dr4_s100.B07,dal_rl,64,94,5647789183,1000.02,1,100,3953995532,682.899,3611704012,3611704012,0,2353517844,
mcs30_m2Dr4_s100.A08,mcs30_m2Dr4_s100.B08,dal_rl,63,98,6083690350,1000.02,1,100,2888513978,453.535,4158131475,4158131475,0,2975465892,
mcs30_m2Dr4_s100.A09,mcs30_m2Dr4_s100.B09,dal_rl,52,69,18498866969,1000.02,1,100,1320587898,71.8002,15682752635,15682752635,0,12919104620,
mcs30_m2Dr4_s30.A00,mcs30_m2Dr4_s30.B00,dal_rl,21,30,13374486,1.80338,0,30,4275394,0.55209,8981048,8981048,0,6586310,
mcs30_m2Dr4_s30.A01,mcs30_m2Dr4_s30.B01,dal_rl,22,28,5897210,1.07758,0,30,5206506,0.944676,3917726,3917726,0,2923123,
mcs30_m2Dr4_s30.A02,mcs30_m2Dr4_s30.B02,dal_rl,21,28,15266586,1.96198,0,30,10966431,1.3715,10206799,10206799,0,7402908,
mcs30_m2Dr4_s30.A03,mcs30_m2Dr4_s30.B03,dal_rl,21,26,9817355,1.40325,0,30,301892,0.0398754,6533971,6533971,0,4772097,
mcs30_m2Dr4_s30.A04,mcs30_m2Dr4_s30.B04,dal_rl,21,31,5455190,0.784497,0,30,1536446,0.200012,3698688,3698688,0,2771484,
mcs30_m2Dr4_s30.A05,mcs30_m2Dr4_s30.B05,dal_rl,21,31,17032143,2.31174,0,30,13729072,1.83088,11527756,11527756,0,8622888,
mcs30_m2Dr4_s30.A06,mcs30_m2Dr4_s30.B06,dal_rl,22,35,2897814,0.418009,0,30,1306079,0.178869,1906534,1906534,0,1423767,
mcs30_m2Dr4_s30.A07,mcs30_m2Dr4_s30.B07,dal_rl,21,28,4427473,0.581197,0,30,2042238,0.266205,3097275,3097275,0,2356559,
mcs30_m2Dr4_s30.A08,mcs30_m2Dr4_s30.B08,dal_rl,21,27,3682293,0.511728,0,30,319505,0.0414789,2446376,2446376,0,1758881,
mcs30_m2Dr4_s30.A09,mcs30_m2Dr4_s30.B09,dal_rl,21,25,20977565,3.72702,0,30,289572,0.0524894,13578862,13578862,0,9595928,
mcs30_m2Dr4_s50.A00,mcs30_m2Dr4_s50.B00,dal_rl,34,49,6740566444,1000.01,1,50,47690462,6.33764,4484696065,4484696065,0,3180534920,
mcs30_m2Dr4_s50.A01,mcs30_m2Dr4_s50.B01,dal_rl,34,50,6988491363,1000.02,1,50,2897314652,404.286,4869796645,4869796645,0,3548418607,
mcs30_m2Dr4_s50.A02,mcs30_m2Dr4_s50.B02,dal_rl,33,52,7104983866,1000.02,1,50,1868118537,266.786,4730773090,4730773090,0,3442670693,
mcs30_m2Dr4_s50.A03,mcs30_m2Dr4_s50.B03,dal_rl,35,53,6748759731,1000.02,1,50,130613097,16.8887,4709360528,4709360528,0,3411752792,
mcs30_m2Dr4_s50.A04,mcs30_m2Dr4_s50.B04,dal_rl,34,51,6746780197,1000.02,1,50,327276374,47.2351,4654131716,4654131716,0,3422888725,
mcs30_m2Dr4_s50.A05,mcs30_m2Dr4_s50.B05,dal_rl,35,53,6709253151,1000.02,1,50,129447157,18.6001,4703360378,4703360378,0,3422773087,
mcs30_m2Dr4_s50.A06,mcs30_m2Dr4_s50.B06,dal_rl,34,45,6571378836,1000.01,1,50,277888583,40.2163,4456113092,4456113092,0,3356429076,
mcs30_m2Dr4_s50.A07,mcs30_m2Dr4_s50.B07,dal_rl,34,51,5288606648,1000.01,1,50,1213036826,220.556,3618998180,3618998180,0,2654676472,
mcs30_m2Dr4_s50.A08,mcs30_m2Dr4_s50.B08,dal_rl,34,44,5415934349,1000.02,1,50,1788547558,318.165,3754318373,3754318373,0,2796501493,
mcs30_m2Dr4_s50.A09,mcs30_m2Dr4_s50.B09,dal_rl,35,54,6736804187,1000.02,1,50,289208953,39.8387,4588639196,4588639196,0,3296769625,
mcs30_m2Dr4_s60.A00,mcs30_m2Dr4_s60.B00,dal_rl,40,64,6892951760,1000.02,1,60,412386135,56.1201,4689527473,4689527473,0,3353862858,
mcs30_m2Dr4_s60.A01,mcs30_m2Dr4_s60.B01,dal_rl,40,61,7249515985,1000.02,1,60,4672114808,631.911,5196189731,5196189731,0,3587331741,
mcs30_m2Dr4_s60.A02,mcs30_m2Dr4_s60.B02,dal_rl,42,70,6510336091,1000.02,1,60,4129049396,616.999,4567835817,4567835817,0,3355947876,
mcs30_m2Dr4_s60.A03,mcs30_m2Dr4_s60.B03,dal_rl,40,64,3417042909,1000.02,1,60,482198865,110.756,2402231638,2402231638,0,1754572426,
mcs30_m2Dr4_s60.A04,mcs30_m2Dr4_s60.B04,dal_rl,40,66,6893438553,1000.01,1,60,1160343674,163.879,4644538701,4644538701,0,3259884331,
mcs30_m2Dr4_s60.A05,mcs30_m2Dr4_s60.B05,dal_rl,40,57,6996983571,1000.02,1,60,6334437782,902.162,4751092124,4751092124,0,3584497667,
mcs30_m2Dr4_s60.A06,mcs30_m2Dr4_s60.B06,dal_rl,40,60,6773169218,1000.01,1,60,204567507,22.3483,4939782918,4939782918,0,3816845938,
mcs30_m2Dr4_s60.A07,mcs30_m2Dr4_s60.B07,dal_rl,40,58,5794370043,1000.01,1,60,67963501,11.3511,3970462810,3970462810,0,2951519967,
mcs30_m2Dr4_s60.A08,mcs30_m2Dr4_s60.B08,dal_rl,41,66,6781648204,1000.01,1,60,986406428,136.354,4819419005,4819419005,0,3552256081,
mcs30_m2Dr4_s60.A09,mcs30_m2Dr4_s60.B09,dal_rl,41,61,6995109266,1000.01,1,60,5535876242,783.97,4856973658,4856973658,0,3460813714,
mcs30_m2Dr4_s70.A00,mcs30_m2Dr4_s70.B00,dal_rl,46,67,5062179237,1000.01,1,70,2574556176,495.08,3404869636,3404869636,0,2446430954,
mcs30_m2Dr4_s70.A01,mcs30_m2Dr4_s70.B01,dal_rl,46,63,6386485059,1000.02,1,70,348264792,53.2486,4417359152,4417359152,0,3000863450,
mcs30_m2Dr4_s70.A02,mcs30_m2Dr4_s70.B02,dal_rl,46,75,5867484344,1000.02,1,70,3277906424,557.012,4066716064,4066716064,0,2845065615,
mcs30_m2Dr4_s70.A03,mcs30_m2Dr4_s70.B03,dal_rl,45,75,5508533158,1000.02,1,70,11533098,2.02939,3658782379,3658782379,0,2484666665,
mcs30_m2Dr4_s70.A04,mcs30_m2Dr4_s70.B04,dal_rl,47,67,5083102340,1000.02,1,70,1988220460,382.541,3381945793,3381945793,0,2427086902,
mcs30_m2Dr4_s70.A05,mcs30_m2Dr4_s70.B05,dal_rl,44,50,6059673211,1000.02,1,70,564686300,83.6559,4200634502,4200634502,0,3081244147,
mcs30_m2Dr4_s70.A06,mcs30_m2Dr4_s70.B06,dal_rl,44,60,6435747029,1000.02,1,70,3676925452,561,4491314013,4491314013,0,3127416492,
mcs30_m2Dr4_s70.A07,mcs30_m2Dr4_s70.B07,dal_rl,46,59,6265687987,1000.02,1,70,224535624,18.6366,4376658788,4376658788,0,3017898684,
mcs30_m2Dr4_s70.A08,mcs30_m2Dr4_s70.B08,dal_rl,46,72,5491090022,1000.02,1,70,1898935871,322.549,3551309315,3551309315,0,2734142306,
mcs30_m2Dr4_s70.A09,mcs30_m2Dr4_s70.B09,dal_rl,45,70,6019901880,1000,1,70,3226963783,513.352,3954823465,3954823465,0,2720065706,
mcs30_m2Dr4_s80.A00,mcs30_m2Dr4_s80.B00,dal_rl,53,70,5510303933,1000.02,1,80,2833241292,504.447,3463801123,3463801123,0,2425931197,
mcs30_m2Dr4_s80.A01,mcs30_m2Dr4_s80.B01,dal_rl,52,76,6702335012,1000.02,1,80,821416984,114.264,4658237355,4658237355,0,3387259264,
mcs30_m2Dr4_s80.A02,mcs30_m2Dr4_s80.B02,dal_rl,52,78,5816026062,1000.02,1,80,2519948325,407.478,3967061437,3967061437,0,2716037418,
mcs30_m2Dr4_s80.A03,mcs30_m2Dr4_s80.B03,dal_rl,52,82,6295803809,1000.01,1,80,2910566789,448.05,4482928235,4482928235,0,3320302493,
mcs30_m2Dr4_s80.A04,mcs30_m2Dr4_s80.B04,dal_rl,49,72,6685520151,1000.01,1,80,1249357921,181.699,4835799064,4835799064,0,3444570203,
mcs30_m2Dr4_s80.A05,mcs30_m2Dr4_s80.B05,dal_rl,48,70,7052533334,1000.02,1,80,346108500,45.7858,5009077201,5009077201,0,3507187885,
mcs30_m2Dr4_s80.A06,mcs30_m2Dr4_s80.B06,dal_rl,49,62,3883765600,1000.01,1,80,488065795,122.591,2570472919,2570472919,0,1756333846,
mcs30_m2Dr4_s80.A07,mcs30_m2Dr4_s80.B07,dal_rl,51,73,3250654593,1000.01,1,80,35546579,10.6588,2067300520,2067300520,0,1436229492,
mcs30_m2Dr4_s80.A08,mcs30_m2Dr4_s80.B08,dal_rl,51,58,6915306826,1000.02,1,80,5858650044,846.809,4743874355,4743874355,0,3302648194,
mcs30_m2Dr4_s80.A09,mcs30_m2Dr4_s80.B09,dal_rl,51,79,6289466937,1000.02,1,80,5242612593,826.631,4216152809,4216152809,0,2969757226,
mcs30_m2Dr4_s90.A00,mcs30_m2Dr4_s90.B00,dal_rl,54,84,7919924295,1000.02,1,90,4623949069,533.783,5823764106,5823764106,0,4323397429,
mcs30_m2Dr4_s90.A01,mcs30_m2Dr4_s90.B01,dal_rl,57,83,4963595096,1000.02,1,90,1767010870,332.04,3247563058,3247563058,0,2410482114,
mcs30_m2Dr4_s90.A02,mcs30_m2Dr4_s90.B02,dal_rl,57,92,5054089943,1000.01,1,90,766056307,137.986,3625741684,3625741684,0,2786272767,
mcs30_m2Dr4_s90.A03,mcs30_m2Dr4_s90.B03,dal_rl,59,90,6004954563,1000.02,1,90,1079152468,173.962,4001905484,4001905484,0,2876264622,
mcs30_m2Dr4_s90.A04,mcs30_m2Dr4_s90.B04,dal_rl,54,75,16978919409,1000.02,1,90,14666066350,837.773,14499708364,14499708364,0,12139635207,
mcs30_m2Dr4_s90.A05,mcs30_m2Dr4_s90.B05,dal_rl,58,84,6479685238,1000.02,1,90,4181175379,633.399,4263561634,4263561634,0,2984167193,
mcs30_m2Dr4_s90.A06,mcs30_m2Dr4_s90.B06,dal_rl,58,85,6352856669,1000.02,1,90,170563717,15.2419,4610180329,4610180329,0,3388072036,
mcs30_m2Dr4_s90.A07,mcs30_m2Dr4_s90.B07,dal_rl,57,69,6204982878,1000.02,1,90,1240638652,204.727,4007256062,4007256062,0,2812528210,
mcs30_m2Dr4_s90.A08,mcs30_m2Dr4_s90.B08,dal_rl,56,86,5361210503,1000.02,1,90,69030038,10.7095,3441247190,3441247190,0,2415280678,
mcs30_m2Dr4_s90.A09,mcs30_m2Dr4_s90.B09,dal_rl,58,80,3139107296,1000.01,1,90,331138778,101.245,2000935329,2000935329,0,1432184072,
mcs30_m2Dr6_s100.A00,mcs30_m2Dr6_s100.B00,dal_rl,50,70,21905755647,1000.02,1,100,12560390687,525.736,17413744066,17413744066,0,12921732567,
mcs30_m2Dr6_s100.A01,mcs30_m2Dr6_s100.B01,dal_rl,57,79,9007908214,1000.02,1,100,3735655446,332.88,7236659251,7236659251,0,5544048521,
mcs30_m2Dr6_s100.A02,mcs30_m2Dr6_s100.B02,dal_rl,61,102,6027828991,1000.02,1,100,1542666791,262.033,4048404149,4048404149,0,2994187290,
mcs30_m2Dr6_s100.A03,mcs30_m2Dr6_s100.B03,dal_rl,59,95,6611342773,1000.02,1,100,81615999,11.3894,4373248344,4373248344,0,3147763599,
mcs30_m2Dr6_s100.A04,mcs30_m2Dr6_s100.B04,dal_rl,60,97,6854395812,1000.02,1,100,456559769,63.0043,4462748316,4462748316,0,3188223008,
mcs30_m2Dr6_s100.A05,mcs30_m2Dr6_s100.B05,dal_rl,62,102,6937182462,1000.02,1,100,4715258003,645.407,4549100475,4549100475,0,3240378611,
mcs30_m2Dr6_s100.A06,mcs30_m2Dr6_s100.B06,dal_rl,54,71,11888340980,1000.02,1,100,1996953770,134.384,9322923835,9322923835,0,7031974513,
mcs30_m2Dr6_s100.A07,mcs30_m2Dr6_s100.B07,dal_rl,55,88,19892355231,1000.02,1,100,205826,0.00996588,16500061987,16500061987,0,13427593142,
mcs30_m2Dr6_s100.A08,mcs30_m2Dr6_s100.B08,dal_rl,60,71,6464222775,1000.02,1,100,4421805774,675.946,4524090565,4524090565,0,3204145706,
mcs30_m2Dr6_s100.A09,mcs30_m2Dr6_s100.B09,dal_rl,59,90,6833036768,1000.01,1,100,28432593,3.26481,4850961498,4850961498,0,3334237888,
mcs30_m2Dr6_s30.A00,mcs30_m2Dr6_s30.B00,dal_rl,21,38,16710308,2.31776,0,30,15559007,2.14488,11283071,11283071,0,8593620,
mcs30_m2Dr6_s30.A01,mcs30_m2Dr6_s30.B01,dal_rl,21,29,13920394,1.92819,0,30,7172514,0.953584,9174871,9174871,0,6626350,
mcs30_m2Dr6_s30.A02,mcs30_m2Dr6_s30.B02,dal_rl,20,33,15180515,2.1249,0,30,948182,0.127299,10173051,10173051,0,7561174,
mcs30_m2Dr6_s30.A03,mcs30_m2Dr6_s30.B03,dal_rl,21,37,9945120,1.43328,0,30,850404,0.113709,6687480,6687480,0,5088844,
mcs30_m2Dr6_s30.A04,mcs30_m2Dr6_s30.B04,dal_rl,20,35,13791385,1.99131,0,30,65662,0.00871592,9061697,9061697,0,6726723,
mcs30_m2Dr6_s30.A05,mcs30_m2Dr6_s30.B05,dal_rl,20,35,12209765,1.72389,0,30,336602,0.0456386,8027698,8027698,0,5862029,
mcs30_m2Dr6_s30.A06,mcs30_m2Dr6_s30.B06,dal_rl,20,24,37971908,5.61185,0,30,310338,0.040582,24987529,24987529,0,18860324,
mcs30_m2Dr6_s30.A07,mcs30_m2Dr6_s30.B07,dal_rl,20,32,14904374,2.1418,0,30,74070,0.00968217,10077494,10077494,0,7625220,
mcs30_m2Dr6_s30.A08,mcs30_m2Dr6_s30.B08,dal_rl,20,35,42503617,6.30712,0,30,3510374,0.489549,27449402,27449402,0,20170311,
mcs30_m2Dr6_s30.A09,mcs30_m2Dr6_s30.B09,dal_rl,21,33,6153369,0.915246,0,30,3637807,0.533789,4043860,4043860,0,3059863,
mcs30_m2Dr6_s50.A00,mcs30_m2Dr6_s50.B00,dal_rl,33,52,6383190060,1000.01,1,50,95532356,13.4157,4327447410,4327447410,0,3240972187,
mcs30_m2Dr6_s50.A01,mcs30_m2Dr6_s50.B01,dal_rl,33,53,6719715683,1000.01,1,50,4977254022,739.856,4616143472,4616143472,0,3372152461,
mcs30_m2Dr6_s50.A02,mcs30_m2Dr6_s50.B02,dal_rl,33,58,6950457055,1000.02,1,50,89129351,12.4135,4812726252,4812726252,0,3560041945,
mcs30_m2Dr6_s50.A03,mcs30_m2Dr6_s50.B03,dal_rl,33,53,6906284925,1000.02,1,50,765600000,109.094,4530410878,4530410878,0,3202310857,
mcs30_m2Dr6_s50.A04,mcs30_m2Dr6_s50.B04,dal_rl,34,56,6602485998,1000.02,1,50,2671245130,387.816,4486643924,4486643924,0,3338207419,
mcs30_m2Dr6_s50.A05,mcs30_m2Dr6_s50.B05,dal_rl,33,50,6539065032,1000.02,1,50,3423708751,524.33,4382195421,4382195421,0,3232971140,
mcs30_m2Dr6_s50.A06,mcs30_m2Dr6_s50.B06,dal_rl,34,65,6430951664,1000.02,1,50,5222798769,806.074,4506634914,4506634914,0,3504835546,
mcs30_m2Dr6_s50.A07,mcs30_m2Dr6_s50.B07,dal_rl,34,53,6488189400,1000.02,1,50,4875497606,741.237,4445372570,4445372570,0,3378115433,
mcs30_m2Dr6_s50.A08,mcs30_m2Dr6_s50.B08,dal_rl,33,52,6621421877,1000.02,1,50,2077589908,297.605,4495341026,4495341026,0,3402895886,
mcs30_m2Dr6_s50.A09,mcs30_m2Dr6_s50.B09,dal_rl,34,42,6326247677,1000.02,1,50,2035188681,308.563,4259212826,4259212826,0,3257318597,
mcs30_m2Dr6_s60.A00,mcs30_m2Dr6_s60.B00,dal_rl,39,64,15661330032,1000.01,1,60,14760271041,865.215,12861699682,12861699682,0,10257814944,
mcs30_m2Dr6_s60.A01,mcs30_m2Dr6_s60.B01,dal_rl,39,67,6674845076,1000.02,1,60,248434935,34.2689,4596870978,4596870978,0,3295797576,
mcs30_m2Dr6_s60.A02,mcs30_m2Dr6_s60.B02,dal_rl,38,61,6815060245,1000.02,1,60,495003055,67.8547,4674598110,4674598110,0,3487322589,
mcs30_m2Dr6_s60.A03,mcs30_m2Dr6_s60.B03,dal_rl,38,50,6334476973,1000.02,1,60,60824608,9.0271,4360426201,4360426201,0,3221608794,
mcs30_m2Dr6_s60.A04,mcs30_m2Dr6_s60.B04,dal_rl,37,59,6361962126,1000.02,1,60,12017488,2.0157,4571270137,4571270137,0,3377970933,
mcs30_m2Dr6_s60.A05,mcs30_m2Dr6_s60.B05,dal_rl,38,67,6478306929,1000.02,1,60,5429439542,831.225,4312241853,4312241853,0,3198109402,
mcs30_m2Dr6_s60.A06,mcs30_m2Dr6_s60.B06,dal_rl,40,55,6272186267,1000.02,1,60,137908146,21.7534,4343145613,4343145613,0,3151616918,
mcs30_m2Dr6_s60.A07,mcs30_m2Dr6_s60.B07,dal_rl,38,61,6803151457,1000.01,1,60,2259726587,323.195,4679099298,4679099298,0,3442382992,
mcs30_m2Dr6_s60.A08,mcs30_m2Dr6_s60.B08,dal_rl,38,57,6739726661,1000.01,1,60,2400410736,345.024,4530392377,4530392377,0,3230683280,
mcs30_m2Dr6_s60.A09,mcs30_m2Dr6_s60.B09,dal_rl,39,63,6627269203,1000.01,1,60,1322384410,193.358,4657219041,4657219041,0,3412055182,
mcs30_m2Dr6_s70.A00,mcs30_m2Dr6_s70.B00,dal_rl,44,68,6888121000,1000.02,1,70,528201802,74.3587,4709038270,4709038270,0,3329995927,
mcs30_m2Dr6_s70.A01,mcs30_m2Dr6_s70.B01,dal_rl,43,64,6745316438,1000.02,1,70,991533571,144.436,4443540203,4443540203,0,3088011522,
mcs30_m2Dr6_s70.A02,mcs30_m2Dr6_s70.B02,dal_rl,43,59,6390265750,1000.01,1,70,625231799,89.9142,4059421215,4059421215,0,2907520597,
mcs30_m2Dr6_s70.A03,mcs30_m2Dr6_s70.B03,dal_rl,44,58,6268124973,1000.02,1,70,1996800459,309.762,3991389426,3991389426,0,2909392645,
mcs30_m2Dr6_s70.A04,mcs30_m2Dr6_s70.B04,dal_rl,43,69,5941798721,1000.01,1,70,3489549052,576.728,4065141612,4065141612,0,2920525869,
mcs30_m2Dr6_s70.A05,mcs30_m2Dr6_s70.B05,dal_rl,43,72,6702281112,1000.02,1,70,6353958662,948.646,4623973966,4623973966,0,3227111936,
mcs30_m2Dr6_s70.A06,mcs30_m2Dr6_s70.B06,dal_rl,43,75,7087603806,1000.01,1,70,1825340634,252.834,4811055401,4811055401,0,3426173633,
mcs30_m2Dr6_s70.A07,mcs30_m2Dr6_s70.B07,dal_rl,43,70,6769082122,1000.02,1,70,727437467,103.352,4647427650,4647427650,0,3315107421,
mcs30_m2Dr6_s70.A08,mcs30_m2Dr6_s70.B08,dal_rl,45,84,6190836356,1000.02,1,70,1479316496,223.855,4279671751,4279671751,0,3177988013,
mcs30_m2Dr6_s70.A09,mcs30_m2Dr6_s70.B09,dal_rl,43,65,6875642304,1000.02,1,70,80984003,11.4753,5017606740,5017606740,0,3793091340,
mcs30_m2Dr6_s80.A00,mcs30_m2Dr6_s80.B00,dal_rl,50,70,6722645360,1000.02,1,80,4360580325,637.681,4570901066,4570901066,0,3306337990,
mcs30_m2Dr6_s80.A01,mcs30_m2Dr6_s80.B01,dal_rl,50,84,6805040645,1000.01,1,80,1299520511,178.584,4481256125,4481256125,0,3134654241,
mcs30_m2Dr6_s80.A02,mcs30_m2Dr6_s80.B02,dal_rl,50,83,6390150612,1000.02,1,80,142896842,19.8439,4201401018,4201401018,0,3099585548,
mcs30_m2Dr6_s80.A03,mcs30_m2Dr6_s80.B03,dal_rl,49,87,6449396744,1000.01,1,80,3514711394,540.342,4089194047,4089194047,0,2929326807,
mcs30_m2Dr6_s80.A04,mcs30_m2Dr6_s80.B04,dal_rl,49,68,6373457966,1000.02,1,80,1322060197,223.657,4318812693,4318812693,0,3193317754,
mcs30_m2Dr6_s80.A05,mcs30_m2Dr6_s80.B05,dal_rl,50,67,5719794442,1000.02,1,80,454772942,76.3835,3802535130,3802535130,0,2750389054,
mcs30_m2Dr6_s80.A06,mcs30_m2Dr6_s80.B06,dal_rl,50,75,6620133413,1000.02,1,80,1455180050,212.838,4660447927,4660447927,0,3502993016,
mcs30_m2Dr6_s80.A07,mcs30_m2Dr6_s80.B07,dal_rl,48,67,6561089910,1000.02,1,80,151378700,22.5408,4201058037,4201058037,0,2940156704,
mcs30_m2Dr6_s80.A08,mcs30_m2Dr6_s80.B08,dal_rl,50,81,6744481213,1000.02,1,80,543723682,48.8076,4564007897,4564007897,0,3389743564,
mcs30_m2Dr6_s80.A09,mcs30_m2Dr6_s80.B09,dal_rl,48,65,6753224727,1000.01,1,80,575340907,77.3392,4594857690,4594857690,0,3523459393,
mcs30_m2Dr6_s90.A00,mcs30_m2Dr6_s90.B00,dal_rl,55,85,3103960716,1000.02,1,90,452264617,133.66,2000037548,2000037548,0,1424939194,
mcs30_m2Dr6_s90.A01,mcs30_m2Dr6_s90.B01,dal_rl,56,77,9426526312,1000.01,1,90,5054229843,341.955,7000316743,7000316743,0,5345486192,
mcs30_m2Dr6_s90.A02,mcs30_m2Dr6_s90.B02,dal_rl,48,65,16332612043,1000.01,1,90,138802897,8.89948,13205947107,13205947107,0,10550060991,
mcs30_m2Dr6_s90.A03,mcs30_m2Dr6_s90.B03,dal_rl,55,95,6593657548,1000.01,1,90,1382345933,171.411,4326941565,4326941565,0,3018468513,
mcs30_m2Dr6_s90.A04,mcs30_m2Dr6_s90.B04,dal_rl,54,75,5939899296,1000.02,1,90,121634326,19.0836,3701152186,3701152186,0,2755819166,
mcs30_m2Dr6_s90.A05,mcs30_m2Dr6_s90.B05,dal_rl,53,69,16495256460,1000.02,1,90,16347722059,977.359,13660118649,13660118649,0,10914140819,
mcs30_m2Dr6_s90.A06,mcs30_m2Dr6_s90.B06,dal_rl,53,74,6973678747,1000.02,1,90,450968047,42.7532,4669264957,4669264957,0,3328562621,
mcs30_m2Dr6_s90.A07,mcs30_m2Dr6_s90.B07,dal_rl,55,80,6370453668,1000.02,1,90,3462330699,536.143,4351396317,4351396317,0,3029819294,
mcs30_m2Dr6_s90.A08,mcs30_m2Dr6_s90.B08,dal_rl,55,83,5386110111,1000.02,1,90,3398909908,620.997,3631264177,3631264177,0,2466578163,
mcs30_m2Dr6_s90.A09,mcs30_m2Dr6_s90.B09,dal_rl,56,83,6038015160,1000.02,1,90,52518979,7.61277,3931933643,3931933643,0,2702967113,
mcs30_m3D_s100.A00,mcs30_m3D_s100.B00,dal_rl,59,82,6065948549,1000.02,1,100,4647955047,756.214,4162158224,4162158224,0,3054627985,
mcs30_m3D_s100.A01,mcs30_m3D_s100.B01,dal_rl,62,90,5577683010,1000.02,1,100,1796907974,304.518,3666447845,3666447845,0,2630885298,
mcs30_m3D_s100.A02,mcs30_m3D_s100.B02,dal_rl,61,107,9380862747,1000.02,1,100,8412097111,838.874,8017340987,8017340987,0,6885592051,
mcs30_m3D_s100.A03,mcs30_m3D_s100.B03,dal_rl,57,82,12856885421,1000.02,1,100,11838597197,880.517,10322784395,10322784395,0,8191689438,
mcs30_m3D_s100.A04,mcs30_m3D_s100.B04,dal_rl,59,79,5914862383,1000,1,100,301083873,37.5864,4020525698,4020525698,0,2909933409,
mcs30_m3D_s100.A05,mcs30_m3D_s100.B05,dal_rl,60,82,5752071582,1000.02,1,100,64047799,11.834,3930522227,3930522227,0,2730768200,
mcs30_m3D_s100.A06,mcs30_m3D_s100.B06,dal_rl,62,85,7136072591,1000.02,1,100,4311998793,490.835,5245227720,5245227720,0,4039740308,
mcs30_m3D_s100.A07,mcs30_m3D_s100.B07,dal_rl,55,86,20062766287,1000.02,1,100,98707238,4.90838,16608956832,16608956832,0,13483748511,
mcs30_m3D_s100.A08,mcs30_m3D_s100.B08,dal_rl,59,91,5996273346,1000.02,1,100,384751003,40.8164,4028887489,4028887489,0,2838125270,
mcs30_m3D_s100.A09,mcs30_m3D_s100.B09,dal_rl,61,84,5455966941,1000,1,100,2464951380,427.736,3508001903,3508001903,0,2455059654,
mcs30_m3D_s25.A00,mcs30_m3D_s25.B00,dal_rl,18,24,1609603,0.237548,0,25,1575095,0.232528,1079571,1079571,0,774895,
mcs30_m3D_s25.A01,mcs30_m3D_s25.B01,dal_rl,18,22,498650,0.0768585,0,25,346512,0.0530385,324371,324371,0,229596,
mcs30_m3D_s25.A02,mcs30_m3D_s25.B02,dal_rl,18,24,614095,0.0849837,0,25,91186,0.011982,406838,406838,0,294501,
mcs30_m3D_s25.A03,mcs30_m3D_s25.B03,dal_rl,18,25,691065,0.109927,0,25,202809,0.0316174,447177,447177,0,318801,
mcs30_m3D_s25.A04,mcs30_m3D_s25.B04,dal_rl,18,23,1238446,0.194025,0,25,505963,0.0755452,797369,797369,0,567124,
mcs30_m3D_s25.A05,mcs30_m3D_s25.B05,dal_rl,17,24,1204317,0.167268,0,25,8821,0.00113476,772120,772120,0,549887,
mcs30_m3D_s25.A06,mcs30_m3D_s25.B06,dal_rl,18,24,2658635,0.404701,0,25,2563489,0.39043,1652991,1652991,0,1109933,
mcs30_m3D_s25.A07,mcs30_m3D_s25.B07,dal_rl,17,24,2471709,0.364409,0,25,353228,0.0485973,1606523,1606523,0,1125169,
mcs30_m3D_s25.A08,mcs30_m3D_s25.B08,dal_rl,18,22,490025,0.0723248,0,25,30139,0.00420414,309956,309956,0,221286,
mcs30_m3D_s25.A09,mcs30_m3D_s25.B09,dal_rl,18,29,823845,0.114244,0,25,606025,0.0820742,535291,535291,0,385674,
mcs30_m3D_s30.A00,mcs30_m3D_s30.B00,dal_rl,21,26,10001659,1.41013,0,30,1278184,0.174437,6608050,6608050,0,4790668,
mcs30_m3D_s30.A01,mcs30_m3D_s30.B01,dal_rl,21,33,11649333,1.6659,0,30,5323115,0.729691,7767687,7767687,0,5565696,
mcs30_m3D_s30.A02,mcs30_m3D_s30.B02,dal_rl,21,27,7082239,1.16573,0,30,217894,0.0335147,4733253,4733253,0,3511637,
mcs30_m3D_s30.A03,mcs30_m3D_s30.B03,dal_rl,21,31,13692850,2.17233,0,30,5087395,0.772472,9073864,9073864,0,6698548,
mcs30_m3D_s30.A04,mcs30_m3D_s30.B04,dal_rl,21,21,12320288,1.73933,0,30,7564410,1.05132,7997175,7997175,0,5764490,
mcs30_m3D_s30.A05,mcs30_m3D_s30.B05,dal_rl,21,33,31465939,4.25049,0,30,21617720,2.83614,20998359,20998359,0,15701770,
mcs30_m3D_s30.A06,mcs30_m3D_s30.B06,dal_rl,21,34,9776369,1.38246,0,30,3284212,0.453241,6515050,6515050,0,4861191,
mcs30_m3D_s30.A07,mcs30_m3D_s30.B07,dal_rl,21,28,9127296,1.34432,0,30,490473,0.0650828,5985917,5985917,0,4432536,
mcs30_m3D_s30.A08,mcs30_m3D_s30.B08,dal_rl,21,36,15754194,2.32545,0,30,2790854,0.38369,10418459,10418459,0,7668488,
mcs30_m3D_s30.A09,mcs30_m3D_s30.B09,dal_rl,21,26,5760583,0.98229,0,30,1012716,0.165009,3842617,3842617,0,2859670,
mcs30_m3D_s40.A00,mcs30_m3D_s40.B00,dal_rl,28,40,1025439915,166.926,0,40,3640361,0.474912,682799664,682799664,0,481172515,
mcs30_m3D_s40.A01,mcs30_m3D_s40.B01,dal_rl,28,43,729855308,111.203,0,40,209086245,30.077,482559462,482559462,0,349719300,
mcs30_m3D_s40.A02,mcs30_m3D_s40.B02,dal_rl,28,42,1933299154,286.965,0,40,959501877,138.097,1280502575,1280502575,0,925915494,
mcs30_m3D_s40.A03,mcs30_m3D_s40.B03,dal_rl,27,36,4370207696,638.044,0,40,710653578,98.829,2884300218,2884300218,0,2064149817,
mcs30_m3D_s40.A04,mcs30_m3D_s40.B04,dal_rl,28,45,1023063792,149.961,0,40,44532146,6.00561,693266500,693266500,0,508649039,
mcs30_m3D_s40.A05,mcs30_m3D_s40.B05,dal_rl,28,45,881993853,150.807,0,40,341133282,56.3119,584587199,584587199,0,421504218,
mcs30_m3D_s40.A06,mcs30_m3D_s40.B06,dal_rl,28,45,1725423908,260.226,0,40,620971810,89.9135,1162074232,1162074232,0,848800511,
mcs30_m3D_s40.A07,mcs30_m3D_s40.B07,dal_rl,29,37,445605871,132.784,0,40,348703131,102.076,310570603,310570603,0,237293044,
mcs30_m3D_s40.A08,mcs30_m3D_s40.B08,dal_rl,28,42,1296784274,384.513,0,40,913471078,265.897,868568644,868568644,0,634428684,
mcs30_m3D_s40.A09,mcs30_m3D_s40.B09,dal_rl,28,35,1497781799,225.135,0,40,1070680322,157.339,1010263613,1010263613,0,745226242,
mcs30_m3D_s70.A00,mcs30_m3D_s70.B00,dal_rl,45,75,6489988595,1000.01,1,70,4910202101,749.772,4345664135,4345664135,0,3186359256,
mcs30_m3D_s70.A01,mcs30_m3D_s70.B01,dal_rl,44,69,6620499911,1000.02,1,70,1206158481,172.038,4408964113,4408964113,0,3263113545,
mcs30_m3D_s70.A02,mcs30_m3D_s70.B02,dal_rl,44,64,6814086017,1000.02,1,70,221407041,32.8696,4488189168,4488189168,0,3064884408,
mcs30_m3D_s70.A03,mcs30_m3D_s70.B03,dal_rl,45,54,6331885745,1000,1,70,5935540406,933.677,4055003562,4055003562,0,2944084580,
mcs30_m3D_s70.A04,mcs30_m3D_s70.B04,dal_rl,45,68,6507825166,1000.02,1,70,5129499339,785.235,4456043963,4456043963,0,3241609156,
mcs30_m3D_s70.A05,mcs30_m3D_s70.B05,dal_rl,45,76,6192539693,1000.02,1,70,463204430,72.1492,4232546845,4232546845,0,3130661537,
mcs30_m3D_s70.A06,mcs30_m3D_s70.B06,dal_rl,44,65,6939565311,1000.02,1,70,5710234232,817.001,4666898797,4666898797,0,3363240526,
mcs30_m3D_s70.A07,mcs30_m3D_s70.B07,dal_rl,45,66,5361911201,1000.02,1,70,274046834,46.4021,3653257949,3653257949,0,2723840720,
mcs30_m3D_s70.A08,mcs30_m3D_s70.B08,dal_rl,43,57,6570091801,1000.01,1,70,643813345,93.0033,4250543113,4250543113,0,3090365807,
mcs30_m3D_s70.A09,mcs30_m3D_s70.B09,dal_rl,45,61,6464011038,1000.02,1,70,18861421,3.3581,4469795396,4469795396,0,3149127386,
mcs30_m3D_s80.A00,mcs30_m3D_s80.B00,dal_rl,50,72,5975145927,1000.02,1,80,866060871,134.993,3944808688,3944808688,0,2818053121,
mcs30_m3D_s80.A01,mcs30_m3D_s80.B01,dal_rl,49,86,6771912852,1000.01,1,80,1749317815,140.231,4869747552,4869747552,0,3671140292,
mcs30_m3D_s80.A02,mcs30_m3D_s80.B02,dal_rl,51,72,3328971602,1000.02,1,80,503068650,145.039,2137922574,2137922574,0,1480680595,
mcs30_m3D_s80.A03,mcs30_m3D_s80.B03,dal_rl,50,72,6765088897,1000.02,1,80,90316425,12.1028,4611730802,4611730802,0,3332157966,
mcs30_m3D_s80.A04,mcs30_m3D_s80.B04,dal_rl,49,70,6251054009,1000.02,1,80,253031087,37.4395,3913355962,3913355962,0,2655848877,
mcs30_m3D_s80.A05,mcs30_m3D_s80.B05,dal_rl,50,83,6621066582,1000.01,1,80,6176339891,927.986,4463415891,4463415891,0,3311136878,
mcs30_m3D_s80.A06,mcs30_m3D_s80.B06,dal_rl,50,75,5835621604,1000.01,1,80,1656368679,269.42,3848787781,3848787781,0,2712227905,
mcs30_m3D_s80.A07,mcs30_m3D_s80.B07,dal_rl,48,71,6708971253,1000.02,1,80,28527740,2.98327,4946379001,4946379001,0,3519662903,
mcs30_m3D_s80.A08,mcs30_m3D_s80.B08,dal_rl,48,60,6495168710,1000.02,1,80,319459897,41.0161,4478059928,4478059928,0,3161219848,
mcs30_m3D_s80.A09,mcs30_m3D_s80.B09,dal_rl,51,78,6032910596,1000.02,1,80,521505385,79.0715,3855008363,3855008363,0,2743482925,
mcs30_m3D_s90.A00,mcs30_m3D_s90.B00,dal_rl,54,80,7857898547,1000.02,1,90,7241991880,906.586,5132798253,5132798253,0,3756949263,
mcs30_m3D_s90.A01,mcs30_m3D_s90.B01,dal_rl,56,90,8761091426,1000.01,1,90,3729513158,248.201,6517987765,6517987765,0,5007675232,
mcs30_m3D_s90.A02,mcs30_m3D_s90.B02,dal_rl,54,78,6742544027,1000.01,1,90,396121231,55.25,4178210433,4178210433,0,2844056689,
mcs30_m3D_s90.A03,mcs30_m3D_s90.B03,dal_rl,53,68,6617260098,1000.02,1,90,50796776,7.58901,4300036914,4300036914,0,2974729123,
mcs30_m3D_s90.A04,mcs30_m3D_s90.B04,dal_rl,54,80,3353729988,1000.01,1,90,208344638,54.9927,2340593594,2340593594,0,1585126391,
mcs30_m3D_s90.A05,mcs30_m3D_s90.B05,dal_rl,55,73,6443426906,1000.02,1,90,3171837979,473.654,4279507885,4279507885,0,3165791189,
mcs30_m3D_s90.A06,mcs30_m3D_s90.B06,dal_rl,56,99,6531066129,1000.02,1,90,255108537,33.99,4438609999,4438609999,0,3162547551,
mcs30_m3D_s90.A07,mcs30_m3D_s90.B07,dal_rl,55,89,6094819524,1000.01,1,90,2437780903,366.472,3996519492,3996519492,0,2897008140,
mcs30_m3D_s90.A08,mcs30_m3D_s90.B08,dal_rl,54,83,6600979040,1000.02,1,90,292795653,38.8296,4217962236,4217962236,0,3031998217,
mcs30_m3D_s90.A09,mcs30_m3D_s90.B09,dal_rl,54,61,6424225213,1000.01,1,90,363009919,48.8944,4571578456,4571578456,0,3417128471,
mcs30_m3Dr2_s100.A00,mcs30_m3Dr2_s100.B00,dal_rl,60,96,6448089050,1000.01,1,100,586990016,87.1151,4054645613,4054645613,0,2750475214,
mcs30_m3Dr2_s100.A01,mcs30_m3Dr2_s100.B01,dal_rl,59,93,6451366280,1000.02,1,100,2247710293,339.867,3948081467,3948081467,0,2711167998,
mcs30_m3Dr2_s100.A02,mcs30_m3Dr2_s100.B02,dal_rl,58,83,6175137889,1000.02,1,100,113518367,14.2446,3888011906,3888011906,0,2502823499,
mcs30_m3Dr2_s100.A03,mcs30_m3Dr2_s100.B03,dal_rl,58,88,6211894451,1000.01,1,100,672391058,101.62,3944622858,3944622858,0,2837976910,
mcs30_m3Dr2_s100.A04,mcs30_m3Dr2_s100.B04,dal_rl,59,86,6280329123,1000.02,1,100,2750362091,424.564,4141578029,4141578029,0,3014679886,
mcs30_m3Dr2_s100.A05,mcs30_m3Dr2_s100.B05,dal_rl,59,100,6432886138,1000.02,1,100,4550545425,696.325,4321731416,4321731416,0,3021320926,
mcs30_m3Dr2_s100.A06,mcs30_m3Dr2_s100.B06,dal_rl,58,96,6636683064,1000.02,1,100,1094668154,137.323,4213516828,4213516828,0,2957979043,
mcs30_m3Dr2_s100.A07,mcs30_m3Dr2_s100.B07,dal_rl,57,75,6157395556,1000.02,1,100,891994938,143.623,3874131826,3874131826,0,2720620972,
mcs30_m3Dr2_s100.A08,mcs30_m3Dr2_s100.B08,dal_rl,56,91,6452668622,1000.02,1,100,270752,0.0263242,3904058689,3904058689,0,2628870976,
mcs30_m3Dr2_s100.A09,mcs30_m3Dr2_s100.B09,dal_rl,57,97,5971792055,1000.02,1,100,121624074,16.9576,3859134730,3859134730,0,2692114904,
mcs30_m3Dr2_s25.A00,mcs30_m3Dr2_s25.B00,dal_rl,17,24,1367175,0.191612,0,25,175974,0.022357,891056,891056,0,654345,
mcs30_m3Dr2_s25.A01,mcs30_m3Dr2_s25.B01,dal_rl,17,24,1516197,0.21929,0,25,768581,0.109388,969914,969914,0,727226,
mcs30_m3Dr2_s25.A02,mcs30_m3Dr2_s25.B02,dal_rl,17,19,2175840,0.30995,0,25,612772,0.0825093,1412797,1412797,0,1051132,
mcs30_m3Dr2_s25.A03,mcs30_m3Dr2_s25.B03,dal_rl,18,30,341457,0.0507002,0,25,151769,0.0222238,219618,219618,0,165881,
mcs30_m3Dr2_s25.A04,mcs30_m3Dr2_s25.B04,dal_rl,17,24,1940850,0.272745,0,25,3382,0.000488527,1242452,1242452,0,899594,
mcs30_m3Dr2_s25.A05,mcs30_m3Dr2_s25.B05,dal_rl,18,29,994007,0.135052,0,25,803372,0.105685,652749,652749,0,474886,
mcs30_m3Dr2_s25.A06,mcs30_m3Dr2_s25.B06,dal_rl,17,30,729166,0.10488,0,25,7992,0.000983606,488161,488161,0,369159,
mcs30_m3Dr2_s25.A07,mcs30_m3Dr2_s25.B07,dal_rl,17,20,1268236,0.181288,0,25,388701,0.055328,811321,811321,0,587665,
mcs30_m3Dr2_s25.A08,mcs30_m3Dr2_s25.B08,dal_rl,17,27,1016336,0.143246,0,25,303732,0.0402612,658862,658862,0,489117,
mcs30_m3Dr2_s25.A09,mcs30_m3Dr2_s25.B09,dal_rl,17,24,1293189,0.174926,0,25,374778,0.0486357,839698,839698,0,612839,
mcs30_m3Dr2_s30.A00,mcs30_m3Dr2_s30.B00,dal_rl,21,38,3637499,0.56742,0,30,133391,0.0189103,2456081,2456081,0,1910050,
mcs30_m3Dr2_s30.A01,mcs30_m3Dr2_s30.B01,dal_rl,21,34,10196201,1.43829,0,30,8463500,1.17564,6631062,6631062,0,4794785,
mcs30_m3Dr2_s30.A02,mcs30_m3Dr2_s30.B02,dal_rl,20,24,33540470,4.62337,0,30,7137215,0.909891,22236742,22236742,0,15998019,
mcs30_m3Dr2_s30.A03,mcs30_m3Dr2_s30.B03,dal_rl,20,34,19375465,2.81649,0,30,970455,0.130555,12958052,12958052,0,9941870,
mcs30_m3Dr2_s30.A04,mcs30_m3Dr2_s30.B04,dal_rl,20,30,18589220,2.67914,0,30,8302970,1.19048,12134269,12134269,0,9069495,
mcs30_m3Dr2_s30.A05,mcs30_m3Dr2_s30.B05,dal_rl,20,27,10545833,1.5441,0,30,1241808,0.170694,7227502,7227502,0,5614934,
mcs30_m3Dr2_s30.A06,mcs30_m3Dr2_s30.B06,dal_rl,21,33,8274541,1.27942,0,30,3435316,0.513798,5365441,5365441,0,4021067,
mcs30_m3Dr2_s30.A07,mcs30_m3Dr2_s30.B07,dal_rl,20,31,15113578,2.11451,0,30,499692,0.0672132,10245028,10245028,0,7691235,
mcs30_m3Dr2_s30.A08,mcs30_m3Dr2_s30.B08,dal_rl,20,33,32073747,4.65076,0,30,2946233,0.404035,20364247,20364247,0,14277004,
mcs30_m3Dr2_s30.A09,mcs30_m3Dr2_s30.B09,dal_rl,20,37,11784799,1.6642,0,30,291248,0.0337084,8010030,8010030,0,6020117,
mcs30_m3Dr2_s40.A00,mcs30_m3Dr2_s40.B00,dal_rl,27,45,3338618628,513.896,0,40,40615179,5.53332,2260188327,2260188327,0,1718007473,
mcs30_m3Dr2_s40.A01,mcs30_m3Dr2_s40.B01,dal_rl,27,42,1545883505,238.314,0,40,3380123,0.493826,1036396132,1036396132,0,777443123,
mcs30_m3Dr2_s40.A02,mcs30_m3Dr2_s40.B02,dal_rl,27,47,893163077,135.904,0,40,33296359,4.71668,600914039,600914039,0,444405827,
mcs30_m3Dr2_s40.A03,mcs30_m3Dr2_s40.B03,dal_rl,27,51,3283010753,1000.01,1,40,1461699110,429.335,2158634749,2158634749,0,1593946081,
mcs30_m3Dr2_s40.A04,mcs30_m3Dr2_s40.B04,dal_rl,27,44,772787462,123.404,0,40,10424614,1.55198,519060382,519060382,0,393671959,
mcs30_m3Dr2_s40.A05,mcs30_m3Dr2_s40.B05,dal_rl,28,50,620377647,96.3348,0,40,475345694,72.5728,415158142,415158142,0,314738576,
mcs30_m3Dr2_s40.A06,mcs30_m3Dr2_s40.B06,dal_rl,27,47,1392062082,215.402,0,40,283601215,41.5826,927154987,927154987,0,689888423,
mcs30_m3Dr2_s40.A07,mcs30_m3Dr2_s40.B07,dal_rl,27,38,1626635417,255.917,0,40,206504399,30.3811,1088361479,1088361479,0,816438623,
mcs30_m3Dr2_s40.A08,mcs30_m3Dr2_s40.B08,dal_rl,27,40,978209072,149.971,0,40,25027575,3.57461,655100351,655100351,0,489635415,
mcs30_m3Dr2_s40.A09,mcs30_m3Dr2_s40.B09,dal_rl,27,40,2146479615,308.147,0,40,1611200382,225.53,1451840133,1451840133,0,1071054282,
mcs30_m3Dr2_s70.A00,mcs30_m3Dr2_s70.B00,dal_rl,42,61,6242493803,1000.02,1,70,126926792,20.1069,3963021274,3963021274,0,2934566778,
mcs30_m3Dr2_s70.A01,mcs30_m3Dr2_s70.B01,dal_rl,43,68,6325532685,1000.02,1,70,6140008924,969.535,3994286151,3994286151,0,2901456021,
mcs30_m3Dr2_s70.A02,mcs30_m3Dr2_s70.B02,dal_rl,41,67,6580111882,1000.02,1,70,804528374,112.594,4220935474,4220935474,0,3146686092,
mcs30_m3Dr2_s70.A03,mcs30_m3Dr2_s70.B03,dal_rl,44,68,6343785502,1000.01,1,70,75858539,11.5547,4143600418,4143600418,0,2991750792,
mcs30_m3Dr2_s70.A04,mcs30_m3Dr2_s70.B04,dal_rl,43,65,5474719978,1000.01,1,70,2270640330,405.708,3570527421,3570527421,0,2512112954,
mcs30_m3Dr2_s70.A05,mcs30_m3Dr2_s70.B05,dal_rl,42,68,6421357890,1000.01,1,70,517722911,76.3736,4215881295,4215881295,0,3037737821,
mcs30_m3Dr2_s70.A06,mcs30_m3Dr2_s70.B06,dal_rl,42,59,6969670044,1000.02,1,70,1895922674,231.284,4411773017,4411773017,0,3099656388,
mcs30_m3Dr2_s70.A07,mcs30_m3Dr2_s70.B07,dal_rl,42,68,5467493526,1000.02,1,70,21949519,4.01276,3490309933,3490309933,0,2491727303,
mcs30_m3Dr2_s70.A08,mcs30_m3Dr2_s70.B08,dal_rl,43,67,6200042076,1000.02,1,70,1254206186,196.456,4139286838,4139286838,0,3021505943,
mcs30_m3Dr2_s70.A09,mcs30_m3Dr2_s70.B09,dal_rl,43,78,6580168367,1000.02,1,70,2321197176,341.818,4501988587,4501988587,0,3310583716,
mcs30_m3Dr2_s80.A00,mcs30_m3Dr2_s80.B00,dal_rl,48,71,6710477528,1000.02,1,80,466865960,64.2852,4384597635,4384597635,0,3204431844,
mcs30_m3Dr2_s80.A01,mcs30_m3Dr2_s80.B01,dal_rl,47,65,6336663735,1000,1,80,109318056,13.9769,4083560731,4083560731,0,2957588921,
mcs30_m3Dr2_s80.A02,mcs30_m3Dr2_s80.B02,dal_rl,47,68,6368028135,1000,1,80,4414080,0.581798,4162663751,4162663751,0,3133571040,
mcs30_m3Dr2_s80.A03,mcs30_m3Dr2_s80.B03,dal_rl,47,77,6735724425,1000.02,1,80,107143918,14.6623,4554779836,4554779836,0,3244339804,
mcs30_m3Dr2_s80.A04,mcs30_m3Dr2_s80.B04,dal_rl,49,64,6341584693,1000.02,1,80,2830866505,439.661,4343716268,4343716268,0,3180388439,
mcs30_m3Dr2_s80.A05,mcs30_m3Dr2_s80.B05,dal_rl,47,71,6570132508,1000.02,1,80,3454735348,514.049,4321615549,4321615549,0,3078578978,
mcs30_m3Dr2_s80.A06,mcs30_m3Dr2_s80.B06,dal_rl,49,77,5899621608,1000.01,1,80,102216066,12.4853,3719816344,3719816344,0,2743001309,
mcs30_m3Dr2_s80.A07,mcs30_m3Dr2_s80.B07,dal_rl,45,67,6657465255,1000.02,1,80,2571312940,372.368,4809447303,4809447303,0,3443154672,
mcs30_m3Dr2_s80.A08,mcs30_m3Dr2_s80.B08,dal_rl,47,68,6637582541,1000.02,1,80,336566678,50.5408,4133714936,4133714936,0,2840737256,
mcs30_m3Dr2_s80.A09,mcs30_m3Dr2_s80.B09,dal_rl,47,72,6919656308,1000.01,1,80,4924363452,696.93,4675738138,4675738138,0,3354544892,
mcs30_m3Dr2_s90.A00,mcs30_m3Dr2_s90.B00,dal_rl,53,85,6612301417,1000.02,1,90,101311668,14.7205,4545244944,4545244944,0,3287646569,
mcs30_m3Dr2_s90.A01,mcs30_m3Dr2_s90.B01,dal_rl,54,98,9241866058,1000.02,1,90,4584428853,311.687,6880163117,6880163117,0,5139670336,
mcs30_m3Dr2_s90.A02,mcs30_m3Dr2_s90.B02,dal_rl,53,92,6445186446,1000.02,1,90,4578109432,701.14,4123533455,4123533455,0,2965345835,
mcs30_m3Dr2_s90.A03,mcs30_m3Dr2_s90.B03,dal_rl,53,86,6826812898,1000.01,1,90,5593699569,815.768,4667135670,4667135670,0,3280364031,
mcs30_m3Dr2_s90.A04,mcs30_m3Dr2_s90.B04,dal_rl,53,89,3317814433,1000.02,1,90,144913838,36.426,2174764670,2174764670,0,1527866056,
mcs30_m3Dr2_s90.A05,mcs30_m3Dr2_s90.B05,dal_rl,53,83,6373625851,1000.01,1,90,4304200,0.494555,3984435723,3984435723,0,2769360783,
mcs30_m3Dr2_s90.A06,mcs30_m3Dr2_s90.B06,dal_rl,54,78,6344993117,1000.02,1,90,3047304302,469.84,3929562031,3929562031,0,2852296800,
mcs30_m3Dr2_s90.A07,mcs30_m3Dr2_s90.B07,dal_rl,54,85,6042820829,1000.02,1,90,4793406167,770.671,3790024315,3790024315,0,2731140288,
mcs30_m3Dr2_s90.A08,mcs30_m3Dr2_s90.B08,dal_rl,56,96,6218116472,1000.02,1,90,3273486312,497.023,4020125246,4020125246,0,2832007573,
mcs30_m3Dr2_s90.A09,mcs30_m3Dr2_s90.B09,dal_rl,54,81,6681711754,1000.02,1,90,451889078,56.1258,4877470000,4877470000,0,3462228524,
mcs30_m3Dr4_s100.A00,mcs30_m3Dr4_s100.B00,dal_rl,57,97,6002593820,1000.01,1,100,4372812416,716.549,3783242543,3783242543,0,2734261671,
mcs30_m3Dr4_s100.A01,mcs30_m3Dr4_s100.B01,dal_rl,57,92,6905262167,1000.02,1,100,2445645707,333.896,4851266288,4851266288,0,3479612174,
mcs30_m3Dr4_s100.A02,mcs30_m3Dr4_s100.B02,dal_rl,56,82,6753519599,1000.02,1,100,1029041163,108.262,4597177231,4597177231,0,3357604780,
mcs30_m3Dr4_s100.A03,mcs30_m3Dr4_s100.B03,dal_rl,55,95,7234722623,1000.01,1,100,590063392,39.1479,4802070648,4802070648,0,3468568946,
mcs30_m3Dr4_s100.A04,mcs30_m3Dr4_s100.B04,dal_rl,56,98,6034883967,1000.02,1,100,1308115706,200.513,3729588909,3729588909,0,2620180136,
mcs30_m3Dr4_s100.A05,mcs30_m3Dr4_s100.B05,dal_rl,54,88,5770425483,1000.02,1,100,4165166836,710.1,3636168889,3636168889,0,2573491053,
mcs30_m3Dr4_s100.A06,mcs30_m3Dr4_s100.B06,dal_rl,58,91,4868505833,1000.01,1,100,1606262215,326.842,3050104748,3050104748,0,2192519287,
mcs30_m3Dr4_s100.A07,mcs30_m3Dr4_s100.B07,dal_rl,56,104,5574406537,1000.02,1,100,3861145630,677.385,3932395297,3932395297,0,2922345354,
mcs30_m3Dr4_s100.A08,mcs30_m3Dr4_s100.B08,dal_rl,57,90,5159976323,1000.01,1,100,5097166628,987.927,3262553982,3262553982,0,2375157625,
mcs30_m3Dr4_s100.A09,mcs30_m3Dr4_s100.B09,dal_rl,57,98,5008641669,1000.02,1,100,1225396581,233.946,3202627677,3202627677,0,2307964370,
mcs30_m3Dr4_s25.A00,mcs30_m3Dr4_s25.B00,dal_rl,17,23,908149,0.137116,0,25,303160,0.0441915,591315,591315,0,452433,
mcs30_m3Dr4_s25.A01,mcs30_m3Dr4_s25.B01,dal_rl,17,23,2864552,0.406127,0,25,2634183,0.372351,1829961,1829961,0,1339328,
mcs30_m3Dr4_s25.A02,mcs30_m3Dr4_s25.B02,dal_rl,17,25,659679,0.101066,0,25,4064,0.000591882,438550,438550,0,340489,
mcs30_m3Dr4_s25.A03,mcs30_m3Dr4_s25.B03,dal_rl,16,26,3005999,0.437279,0,25,77950,0.0115963,1961422,1961422,0,1466401,
mcs30_m3Dr4_s25.A04,mcs30_m3Dr4_s25.B04,dal_rl,17,30,1163675,0.168523,0,25,342994,0.0477209,761772,761772,0,565949,
mcs30_m3Dr4_s25.A05,mcs30_m3Dr4_s25.B05,dal_rl,17,31,976149,0.171281,0,25,595981,0.10251,635641,635641,0,488045,
mcs30_m3Dr4_s25.A06,mcs30_m3Dr4_s25.B06,dal_rl,17,28,905529,0.129479,0,25,216950,0.0298185,613296,613296,0,459225,
mcs30_m3Dr4_s25.A07,mcs30_m3Dr4_s25.B07,dal_rl,17,22,2643792,0.384579,0,25,2475952,0.358744,1704107,1704107,0,1266748,
mcs30_m3Dr4_s25.A08,mcs30_m3Dr4_s25.B08,dal_rl,16,22,1486302,0.214738,0,25,16597,0.00217667,968806,968806,0,717710,
mcs30_m3Dr4_s25.A09,mcs30_m3Dr4_s25.B09,dal_rl,17,29,765895,0.132018,0,25,333190,0.0548811,501465,501465,0,377377,
mcs30_m3Dr4_s30.A00,mcs30_m3Dr4_s30.B00,dal_rl,20,36,10809447,1.6694,0,30,1957421,0.285095,7224834,7224834,0,5431977,
mcs30_m3Dr4_s30.A01,mcs30_m3Dr4_s30.B01,dal_rl,20,33,11798439,1.87979,0,30,4514386,0.687838,7839314,7839314,0,6088895,
mcs30_m3Dr4_s30.A02,mcs30_m3Dr4_s30.B02,dal_rl,20,30,23200965,4.13919,0,30,14669411,2.5863,14848512,14848512,0,11042916,
mcs30_m3Dr4_s30.A03,mcs30_m3Dr4_s30.B03,dal_rl,20,33,17990350,2.7523,0,30,16125364,2.4661,11956820,11956820,0,9234594,
mcs30_m3Dr4_s30.A04,mcs30_m3Dr4_s30.B04,dal_rl,20,28,32855627,5.52709,0,30,29129790,4.86387,21987334,21987334,0,17013040,
mcs30_m3Dr4_s30.A05,mcs30_m3Dr4_s30.B05,dal_rl,19,29,41451426,6.05272,0,30,473565,0.0714749,27253900,27253900,0,19223926,
mcs30_m3Dr4_s30.A06,mcs30_m3Dr4_s30.B06,dal_rl,19,25,23091207,3.71858,0,30,1514483,0.223771,15331595,15331595,0,11823999,
mcs30_m3Dr4_s30.A07,mcs30_m3Dr4_s30.B07,dal_rl,20,32,26520416,4.30575,0,30,16988796,2.76662,17191275,17191275,0,12868794,
mcs30_m3Dr4_s30.A08,mcs30_m3Dr4_s30.B08,dal_rl,20,28,6551536,1.21863,0,30,699882,0.117016,4340204,4340204,0,3354680,
mcs30_m3Dr4_s30.A09,mcs30_m3Dr4_s30.B09,dal_rl,20,31,8742013,1.40991,0,30,1561099,0.23335,5841635,5841635,0,4517089,
mcs30_m3Dr4_s40.A00,mcs30_m3Dr4_s40.B00,dal_rl,26,49,6265415912,1000.02,1,40,3826967708,597.839,4183323711,4183323711,0,3211831607,
mcs30_m3Dr4_s40.A01,mcs30_m3Dr4_s40.B01,dal_rl,26,46,5523417980,848.008,0,40,4554584370,695.206,3663865781,3663865781,0,2783636005,
mcs30_m3Dr4_s40.A02,mcs30_m3Dr4_s40.B02,dal_rl,26,40,2582753128,436.467,0,40,471548522,76.5465,1765487964,1765487964,0,1330715545,
mcs30_m3Dr4_s40.A03,mcs30_m3Dr4_s40.B03,dal_rl,26,39,4165138659,748.678,0,40,2983398145,537.849,2763640146,2763640146,0,2079874886,
mcs30_m3Dr4_s40.A04,mcs30_m3Dr4_s40.B04,dal_rl,25,35,5941800652,1000.02,1,40,7796013,1.2019,3922349861,3922349861,0,2904271061,
mcs30_m3Dr4_s40.A05,mcs30_m3Dr4_s40.B05,dal_rl,26,49,3205207149,559.946,0,40,1578986770,269.24,2142384553,2142384553,0,1634350324,
mcs30_m3Dr4_s40.A06,mcs30_m3Dr4_s40.B06,dal_rl,27,40,1608174990,279.143,0,40,1380089751,234.064,1063997444,1063997444,0,794117281,
mcs30_m3Dr4_s40.A07,mcs30_m3Dr4_s40.B07,dal_rl,27,52,1960025559,386.006,0,40,1617557418,315.645,1310263430,1310263430,0,1027948396,
mcs30_m3Dr4_s40.A08,mcs30_m3Dr4_s40.B08,dal_rl,26,40,5688683135,913.676,0,40,3486958143,549.624,3755889541,3755889541,0,2796550550,
mcs30_m3Dr4_s40.A09,mcs30_m3Dr4_s40.B09,dal_rl,26,41,6805605885,1000.02,1,40,5551959246,809.522,4474107206,4474107206,0,3343121930,
mcs30_m3Dr4_s70.A00,mcs30_m3Dr4_s70.B00,dal_rl,42,82,3371543078,1000.01,1,70,363360072,104.907,2298606560,2298606560,0,1665765475,
mcs30_m3Dr4_s70.A01,mcs30_m3Dr4_s70.B01,dal_rl,42,75,6166995206,1000.01,1,70,1925945960,293.288,3914435285,3914435285,0,2800844778,
mcs30_m3Dr4_s70.A02,mcs30_m3Dr4_s70.B02,dal_rl,42,77,6688239539,1000.02,1,70,1618156392,236.183,4492819322,4492819322,0,3283496633,
mcs30_m3Dr4_s70.A03,mcs30_m3Dr4_s70.B03,dal_rl,40,62,6439951520,1000.01,1,70,3468528122,526.681,4169221108,4169221108,0,3077626334,
mcs30_m3Dr4_s70.A04,mcs30_m3Dr4_s70.B04,dal_rl,41,65,5920845089,1000.02,1,70,551802801,87.0479,3784639449,3784639449,0,2845155873,
mcs30_m3Dr4_s70.A05,mcs30_m3Dr4_s70.B05,dal_rl,42,64,6123255200,1000.02,1,70,3874276715,626.02,3911851410,3911851410,0,2956519350,
mcs30_m3Dr4_s70.A06,mcs30_m3Dr4_s70.B06,dal_rl,43,81,5919472695,1000.01,1,70,5866181566,990.853,3911642322,3911642322,0,2984152454,
mcs30_m3Dr4_s70.A07,mcs30_m3Dr4_s70.B07,dal_rl,42,60,6587581910,1000.01,1,70,4219776217,634.683,4413021211,4413021211,0,2998049077,
mcs30_m3Dr4_s70.A08,mcs30_m3Dr4_s70.B08,dal_rl,41,65,5009839873,1000.02,1,70,43022831,8.31828,3270232487,3270232487,0,2492720491,
mcs30_m3Dr4_s70.A09,mcs30_m3Dr4_s70.B09,dal_rl,42,76,6175982379,1000.02,1,70,732709629,112.505,4074695366,4074695366,0,3099303281,
mcs30_m3Dr4_s80.A00,mcs30_m3Dr4_s80.B00,dal_rl,47,67,6204464112,1000.01,1,80,1553314944,234.862,4081837257,4081837257,0,2959954073,
mcs30_m3Dr4_s80.A01,mcs30_m3Dr4_s80.B01,dal_rl,46,74,6717160188,1000.01,1,80,937154817,83.0838,4426556191,4426556191,0,3289354500,
mcs30_m3Dr4_s80.A02,mcs30_m3Dr4_s80.B02,dal_rl,48,73,5419408906,1000.02,1,80,1941870584,348.557,3536118364,3536118364,0,2675272073,
mcs30_m3Dr4_s80.A03,mcs30_m3Dr4_s80.B03,dal_rl,45,83,3287530253,1000.02,1,80,860485586,249.848,2175214984,2175214984,0,1558935206,
mcs30_m3Dr4_s80.A04,mcs30_m3Dr4_s80.B04,dal_rl,46,70,6359031461,1000.01,1,80,1615953870,249.639,4035974442,4035974442,0,2895280731,
mcs30_m3Dr4_s80.A05,mcs30_m3Dr4_s80.B05,dal_rl,47,71,6183490852,1000.02,1,80,847061441,134.462,3959789803,3959789803,0,2954672250,
mcs30_m3Dr4_s80.A06,mcs30_m3Dr4_s80.B06,dal_rl,46,71,6351077945,1000.02,1,80,1768923223,267.734,4046390374,4046390374,0,2929178030,
mcs30_m3Dr4_s80.A07,mcs30_m3Dr4_s80.B07,dal_rl,46,80,5678747125,1000.02,1,80,925477188,156.619,3692279440,3692279440,0,2719686944,
mcs30_m3Dr4_s80.A08,mcs30_m3Dr4_s80.B08,dal_rl,48,71,5769961685,1000.02,1,80,992094914,169.363,3593623659,3593623659,0,2653419215,
mcs30_m3Dr4_s80.A09,mcs30_m3Dr4_s80.B09,dal_rl,45,73,5798359417,1000.02,1,80,190630026,31.2587,3860195870,3860195870,0,2849270628,
mcs30_m3Dr4_s90.A00,mcs30_m3Dr4_s90.B00,dal_rl,52,82,6637159474,1000.02,1,90,493404163,71.5766,4437013315,4437013315,0,3197850398,
mcs30_m3Dr4_s90.A01,mcs30_m3Dr4_s90.B01,dal_rl,48,61,6988745463,1000.02,1,90,2022348,0.171604,4631217718,4631217718,0,3328244586,
mcs30_m3Dr4_s90.A02,mcs30_m3Dr4_s90.B02,dal_rl,50,85,6523938879,1000.02,1,90,426489571,65.7569,4261803615,4261803615,0,2912575195,
mcs30_m3Dr4_s90.A03,mcs30_m3Dr4_s90.B03,dal_rl,52,100,6137679082,1000.02,1,90,854034786,132.065,3954173426,3954173426,0,2982325164,
mcs30_m3Dr4_s90.A04,mcs30_m3Dr4_s90.B04,dal_rl,52,83,6309322027,1000.01,1,90,701426095,100.747,4146344044,4146344044,0,3140008083,
mcs30_m3Dr4_s90.A05,mcs30_m3Dr4_s90.B05,dal_rl,50,95,5659315919,1000.02,1,90,98491758,15.7191,3588545472,3588545472,0,2533262711,
mcs30_m3Dr4_s90.A06,mcs30_m3Dr4_s90.B06,dal_rl,53,95,3050580295,1000.01,1,90,3037014258,995.575,1932676519,1932676519,0,1406743770,
mcs30_m3Dr4_s90.A07,mcs30_m3Dr4_s90.B07,dal_rl,52,80,6365792568,1000.02,1,90,992282099,150.804,4318412296,4318412296,0,3255001135,
mcs30_m3Dr4_s90.A08,mcs30_m3Dr4_s90.B08,dal_rl,50,80,5754546457,1000.02,1,90,281578566,45.9361,3822595390,3822595390,0,2526935300,
mcs30_m3Dr4_s90.A09,mcs30_m3Dr4_s90.B09,dal_rl,50,76,6035041154,1000.01,1,90,1991217199,320.295,3734400925,3734400925,0,2598468271,
mcs30_m3Dr6_s100.A00,mcs30_m3Dr6_s100.B00,dal_rl,55,104,6664242407,1000.02,1,100,2405246791,361.795,4534978409,4534978409,0,3389528141,
mcs30_m3Dr6_s100.A01,mcs30_m3Dr6_s100.B01,dal_rl,53,81,5344778130,1000.01,1,100,2574689171,462.855,3425868919,3425868919,0,2571970384,
mcs30_m3Dr6_s100.A02,mcs30_m3Dr6_s100.B02,dal_rl,54,96,5973283035,1000.02,1,100,382592664,59.8855,3719664081,3719664081,0,2743341072,
mcs30_m3Dr6_s100.A03,mcs30_m3Dr6_s100.B03,dal_rl,54,96,5190277824,1000.01,1,100,1110764463,197.518,3201797861,3201797861,0,2360057858,
mcs30_m3Dr6_s100.A04,mcs30_m3Dr6_s100.B04,dal_rl,54,97,6163597036,1000.02,1,100,1378793477,216.307,3947256905,3947256905,0,2947124704,
mcs30_m3Dr6_s100.A05,mcs30_m3Dr6_s100.B05,dal_rl,53,86,6497517162,1000.02,1,100,4433200693,657.324,4124391860,4124391860,0,2825533524,
mcs30_m3Dr6_s100.A06,mcs30_m3Dr6_s100.B06,dal_rl,54,102,6371989933,1000.02,1,100,2427646737,376.287,4046310584,4046310584,0,2907237875,
mcs30_m3Dr6_s100.A07,mcs30_m3Dr6_s100.B07,dal_rl,56,94,6362425541,1000.02,1,100,689182034,103.149,4067088289,4067088289,0,2879515936,
mcs30_m3Dr6_s100.A08,mcs30_m3Dr6_s100.B08,dal_rl,53,83,6652794235,1000.02,1,100,1436021673,200.037,4397102885,4397102885,0,3005865359,
mcs30_m3Dr6_s100.A09,mcs30_m3Dr6_s100.B09,dal_rl,53,97,6398230161,1000.02,1,100,364126852,54.0089,4042049508,4042049508,0,2720823717,
mcs30_m3Dr6_s25.A00,mcs30_m3Dr6_s25.B00,dal_rl,16,30,2316819,0.34579,0,25,15719,0.00232535,1468702,1468702,0,1069991,
mcs30_m3Dr6_s25.A01,mcs30_m3Dr6_s25.B01,dal_rl,16,23,3101890,0.470272,0,25,1093919,0.158518,2011665,2011665,0,1510972,
mcs30_m3Dr6_s25.A02,mcs30_m3Dr6_s25.B02,dal_rl,16,22,1371690,0.210991,0,25,189268,0.0275256,902449,902449,0,689728,
mcs30_m3Dr6_s25.A03,mcs30_m3Dr6_s25.B03,dal_rl,16,23,1585916,0.24412,0,25,91837,0.0133761,1033789,1033789,0,770258,
mcs30_m3Dr6_s25.A04,mcs30_m3Dr6_s25.B04,dal_rl,16,27,2057333,0.647537,0,25,393327,0.118394,1320188,1320188,0,1011456,
mcs30_m3Dr6_s25.A05,mcs30_m3Dr6_s25.B05,dal_rl,16,27,1498703,0.226827,0,25,46758,0.00686785,984444,984444,0,759059,
mcs30_m3Dr6_s25.A06,mcs30_m3Dr6_s25.B06,dal_rl,16,28,1397810,0.225146,0,25,77404,0.0114682,930048,930048,0,727498,
mcs30_m3Dr6_s25.A07,mcs30_m3Dr6_s25.B07,dal_rl,16,26,1639280,0.257327,0,25,157520,0.0228082,1066478,1066478,0,820216,
mcs30_m3Dr6_s25.A08,mcs30_m3Dr6_s25.B08,dal_rl,16,23,3504056,0.52555,0,25,579,9.4443e-05,2274455,2274455,0,1730491,
mcs30_m3Dr6_s25.A09,mcs30_m3Dr6_s25.B09,dal_rl,16,24,2130868,0.614294,0,25,45913,0.0135678,1381337,1381337,0,1030049,
mcs30_m3Dr6_s30.A00,mcs30_m3Dr6_s30.B00,dal_rl,20,43,7584050,1.16943,0,30,4136488,0.623488,5026210,5026210,0,3872563,
mcs30_m3Dr6_s30.A01,mcs30_m3Dr6_s30.B01,dal_rl,19,38,39650922,6.11198,0,30,137249,0.0202747,25922342,25922342,0,19417529,
mcs30_m3Dr6_s30.A02,mcs30_m3Dr6_s30.B02,dal_rl,20,29,8765415,1.37655,0,30,8298441,1.29905,5913046,5913046,0,4690354,
mcs30_m3Dr6_s30.A03,mcs30_m3Dr6_s30.B03,dal_rl,19,35,25865673,3.90963,0,30,2548843,0.373048,16975480,16975480,0,12840535,
mcs30_m3Dr6_s30.A04,mcs30_m3Dr6_s30.B04,dal_rl,20,29,17997690,2.74681,0,30,7630722,1.10091,11806081,11806081,0,9112356,
mcs30_m3Dr6_s30.A05,mcs30_m3Dr6_s30.B05,dal_rl,19,28,22639274,3.45649,0,30,1466795,0.212727,14826314,14826314,0,11302261,
mcs30_m3Dr6_s30.A06,mcs30_m3Dr6_s30.B06,dal_rl,19,31,21938901,3.46002,0,30,155591,0.0234695,14063449,14063449,0,10763194,
mcs30_m3Dr6_s30.A07,mcs30_m3Dr6_s30.B07,dal_rl,19,28,32307072,5.01949,0,30,3012353,0.453503,21075703,21075703,0,16256133,
mcs30_m3Dr6_s30.A08,mcs30_m3Dr6_s30.B08,dal_rl,19,31,13566556,4.18856,0,30,381735,0.107205,9226316,9226316,0,7305147,
mcs30_m3Dr6_s30.A09,mcs30_m3Dr6_s30.B09,dal_rl,20,36,16310394,2.49808,0,30,2257146,0.316793,10621780,10621780,0,8132380,
mcs30_m3Dr6_s40.A00,mcs30_m3Dr6_s40.B00,dal_rl,25,38,5686354390,963.406,0,40,64367819,11.6688,3864208080,3864208080,0,2972560700,
mcs30_m3Dr6_s40.A01,mcs30_m3Dr6_s40.B01,dal_rl,25,50,5766506033,947.926,0,40,67528941,10.2411,3817053902,3817053902,0,2974310360,
mcs30_m3Dr6_s40.A02,mcs30_m3Dr6_s40.B02,dal_rl,26,43,1536367331,262.393,0,40,1052529430,175.493,1027991054,1027991054,0,803440811,
mcs30_m3Dr6_s40.A03,mcs30_m3Dr6_s40.B03,dal_rl,25,40,4761757619,754.761,0,40,1162865408,179.925,3168105171,3168105171,0,2413112742,
mcs30_m3Dr6_s40.A04,mcs30_m3Dr6_s40.B04,dal_rl,25,38,6120180874,1000.02,1,40,117012957,18.4512,4010041778,4010041778,0,3059967198,
mcs30_m3Dr6_s40.A05,mcs30_m3Dr6_s40.B05,dal_rl,25,39,3967146793,617.492,0,40,266632567,40.8744,2604176343,2604176343,0,1912111802,
mcs30_m3Dr6_s40.A06,mcs30_m3Dr6_s40.B06,dal_rl,25,44,6582118669,1000.01,1,40,9544753,1.38142,4354029408,4354029408,0,3280172251,
mcs30_m3Dr6_s40.A07,mcs30_m3Dr6_s40.B07,dal_rl,25,42,4242291570,666.858,0,40,629349748,98.129,2784536611,2784536611,0,2072872877,
mcs30_m3Dr6_s40.A08,mcs30_m3Dr6_s40.B08,dal_rl,25,39,3180954040,1000.02,1,40,24079582,6.90255,2107068049,2107068049,0,1608133046,
mcs30_m3Dr6_s40.A09,mcs30_m3Dr6_s40.B09,dal_rl,26,46,1791936453,287.415,0,40,466942533,71.2816,1196764790,1196764790,0,924008803,
mcs30_m3Dr6_s70.A00,mcs30_m3Dr6_s70.B00,dal_rl,40,77,5047322055,1000.01,1,70,1164941638,222.684,3259166206,3259166206,0,2493303935,
mcs30_m3Dr6_s70.A01,mcs30_m3Dr6_s70.B01,dal_rl,40,56,6143116248,1000.02,1,70,1390429329,222.899,3932486566,3932486566,0,2887106642,
mcs30_m3Dr6_s70.A02,mcs30_m3Dr6_s70.B02,dal_rl,39,64,6095313818,1000.02,1,70,98346375,15.2774,3933555760,3933555760,0,2907575280,
mcs30_m3Dr6_s70.A03,mcs30_m3Dr6_s70.B03,dal_rl,39,60,5561599366,1000.02,1,70,3688890761,663.179,3555245914,3555245914,0,2580630918,
mcs30_m3Dr6_s70.A04,mcs30_m3Dr6_s70.B04,dal_rl,40,65,6663366609,1000.02,1,70,1082156715,165.785,4397304570,4397304570,0,3194351789,
mcs30_m3Dr6_s70.A05,mcs30_m3Dr6_s70.B05,dal_rl,40,72,5866710604,1000.02,1,70,25491781,4.03609,3665259914,3665259914,0,2725446811,
mcs30_m3Dr6_s70.A06,mcs30_m3Dr6_s70.B06,dal_rl,40,64,6240735910,1000.01,1,70,4417670842,696.476,4065074765,4065074765,0,3054424736,
mcs30_m3Dr6_s70.A07,mcs30_m3Dr6_s70.B07,dal_rl,38,60,6480378857,1000.02,1,70,2800037,0.434256,4269377886,4269377886,0,3131244838,
mcs30_m3Dr6_s70.A08,mcs30_m3Dr6_s70.B08,dal_rl,40,73,6554927698,1000.02,1,70,1722941645,265.386,4149254839,4149254839,0,2980457561,
mcs30_m3Dr6_s70.A09,mcs30_m3Dr6_s70.B09,dal_rl,41,69,6142163101,1000.02,1,70,2055634572,332.295,3919682013,3919682013,0,2902051090,
mcs30_m3Dr6_s80.A00,mcs30_m3Dr6_s80.B00,dal_rl,45,67,6251534261,1000.01,1,80,4957982561,767.068,4065789012,4065789012,0,2915251288,
mcs30_m3Dr6_s80.A01,mcs30_m3Dr6_s80.B01,dal_rl,43,74,6429610749,1000.01,1,80,1757312734,268.161,4112868039,4112868039,0,3016027896,
mcs30_m3Dr6_s80.A02,mcs30_m3Dr6_s80.B02,dal_rl,46,81,6282678546,1000.01,1,80,45818390,6.53732,4093113271,4093113271,0,2983004978,
mcs30_m3Dr6_s80.A03,mcs30_m3Dr6_s80.B03,dal_rl,46,74,6286940653,1000.02,1,80,971997981,153.138,4370695248,4370695248,0,3152116545,
mcs30_m3Dr6_s80.A04,mcs30_m3Dr6_s80.B04,dal_rl,46,89,6267623016,1000.02,1,80,110637837,15.4653,4229784846,4229784846,0,3117845974,
mcs30_m3Dr6_s80.A05,mcs30_m3Dr6_s80.B05,dal_rl,45,79,6433994708,1000.02,1,80,1572785256,229.143,4141394761,4141394761,0,2933005397,
mcs30_m3Dr6_s80.A06,mcs30_m3Dr6_s80.B06,dal_rl,45,74,6131689320,1000.01,1,80,2050530988,328.776,3834934676,3834934676,0,2807832403,
mcs30_m3Dr6_s80.A07,mcs30_m3Dr6_s80.B07,dal_rl,45,65,6414947723,1000.02,1,80,414094446,63.4286,4064150093,4064150093,0,3024546472,
mcs30_m3Dr6_s80.A08,mcs30_m3Dr6_s80.B08,dal_rl,43,82,6848663516,1000.02,1,80,539693175,74.9382,4646342235,4646342235,0,3417739091,
mcs30_m3Dr6_s80.A09,mcs30_m3Dr6_s80.B09,dal_rl,47,83,6127438986,1000.02,1,80,2309219044,375.793,3964338679,3964338679,0,2985627740,
mcs30_m3Dr6_s90.A00,mcs30_m3Dr6_s90.B00,dal_rl,49,82,3204167952,1000.01,1,90,217461821,54.9026,2057564353,2057564353,0,1469027427,
mcs30_m3Dr6_s90.A01,mcs30_m3Dr6_s90.B01,dal_rl,48,97,6222278413,1000.02,1,90,277315516,44.3939,3962168855,3962168855,0,2734838538,
mcs30_m3Dr6_s90.A02,mcs30_m3Dr6_s90.B02,dal_rl,50,91,6300314831,1000.01,1,90,6083080266,963.576,4054074430,4054074430,0,2985049423,
mcs30_m3Dr6_s90.A03,mcs30_m3Dr6_s90.B03,dal_rl,48,73,16567351173,1000.01,1,90,16521387491,995.014,14243509118,14243509118,0,11934418522,
mcs30_m3Dr6_s90.A04,mcs30_m3Dr6_s90.B04,dal_rl,49,82,6341336296,1000.02,1,90,2720459464,409.687,4311689726,4311689726,0,3193561832,
mcs30_m3Dr6_s90.A05,mcs30_m3Dr6_s90.B05,dal_rl,50,93,5956283194,1000.01,1,90,273119754,38.2856,3811522126,3811522126,0,2839099954,
mcs30_m3Dr6_s90.A06,mcs30_m3Dr6_s90.B06,dal_rl,51,80,6021033504,1000.02,1,90,3060159025,506.062,3775981022,3775981022,0,2683154983,
mcs30_m3Dr6_s90.A07,mcs30_m3Dr6_s90.B07,dal_rl,52,104,5556721060,1000.02,1,90,71312591,10.7011,3499013982,3499013982,0,2563098412,
mcs30_m3Dr6_s90.A08,mcs30_m3Dr6_s90.B08,dal_rl,51,82,6858663923,1000.02,1,90,6499904713,947.275,4504270654,4504270654,0,3174695900,
mcs30_m3Dr6_s90.A09,mcs30_m3Dr6_s90.B09,dal_rl,50,83,5974939384,1000.02,1,90,2870898831,459.686,3726945739,3726945739,0,2520874750,
mcs30_m4D_s50.A00,mcs30_m4D_s50.B00,dal_rl,38,44,6833938635,1000.02,1,50,4635674624,663.46,4962845164,4962845164,0,3664255839,
mcs30_m4D_s50.A01,mcs30_m4D_s50.B01,dal_rl,38,50,6704073005,1000.02,1,50,5690800353,840.881,4860709636,4860709636,0,3625674777,
mcs30_m4D_s50.A02,mcs30_m4D_s50.B02,dal_rl,36,50,6857511910,1000.02,1,50,94954566,12.6059,4934152390,4934152390,0,3540685820,
mcs30_m4D_s50.A03,mcs30_m4D_s50.B03,dal_rl,37,50,6574209421,1000.02,1,50,218734951,30.9747,4782589230,4782589230,0,3452417133,
mcs30_m4D_s50.A04,mcs30_m4D_s50.B04,dal_rl,38,60,4554491255,674.99,0,50,3081769808,452.645,3284655114,3284655114,0,2465231092,
mcs30_m4D_s50.A05,mcs30_m4D_s50.B05,dal_rl,38,58,6705937437,1000.02,1,50,4026404680,588.889,4961490948,4961490948,0,3787168936,
mcs30_m4D_s50.A06,mcs30_m4D_s50.B06,dal_rl,37,55,5403224849,1000.02,1,50,426289781,70.8067,3919109037,3919109037,0,2888562298,
mcs30_m4D_s50.A07,mcs30_m4D_s50.B07,dal_rl,37,44,5730156044,1000.02,1,50,93504503,14.4775,4017569821,4017569821,0,2885981371,
mcs30_m4D_s50.A08,mcs30_m4D_s50.B08,dal_rl,37,48,5965764308,1000.02,1,50,2814468701,445.801,4420816284,4420816284,0,3203299993,
mcs30_m4D_s50.A09,mcs30_m4D_s50.B09,dal_rl,37,52,6088000595,1000.02,1,50,3433319004,545.525,4315200902,4315200902,0,3004538807,
mcs30_m4D_s60.A00,mcs30_m4D_s60.B00,dal_rl,37,52,13386093387,1000.02,1,60,56041999,2.67284,11025238820,11025238820,0,8664384849,
mcs30_m4D_s60.A01,mcs30_m4D_s60.B01,dal_rl,44,59,6862151903,1000.02,1,60,4260111747,599.161,5010122640,5010122640,0,3561511550,
mcs30_m4D_s60.A02,mcs30_m4D_s60.B02,dal_rl,45,64,6067863357,1000.01,1,60,1119064029,179.768,4411001398,4411001398,0,3237214262,
mcs30_m4D_s60.A03,mcs30_m4D_s60.B03,dal_rl,42,51,7245721377,1000.01,1,60,157779613,10.0002,5418735276,5418735276,0,3960519243,
mcs30_m4D_s60.A04,mcs30_m4D_s60.B04,dal_rl,45,62,3392339119,1000.01,1,60,47712065,8.32517,2507436432,2507436432,0,1813837165,
mcs30_m4D_s60.A05,mcs30_m4D_s60.B05,dal_rl,37,53,22511876346,1000.02,1,60,84426787,4.13204,17222402128,17222402128,0,12047984211,
mcs30_m4D_s60.A06,mcs30_m4D_s60.B06,dal_rl,45,59,6553262020,1000.02,1,60,1336216263,192.486,4715586805,4715586805,0,3413393741,
mcs30_m4D_s60.A07,mcs30_m4D_s60.B07,dal_rl,43,58,6976475276,1000.02,1,60,900708571,123.85,5017615959,5017615959,0,3529349594,
mcs30_m4D_s60.A08,mcs30_m4D_s60.B08,dal_rl,45,57,6365221469,1000.02,1,60,943791853,133.71,4551236046,4551236046,0,3296225167,
mcs30_m4D_s60.A09,mcs30_m4D_s60.B09,dal_rl,44,65,6877805546,1000.02,1,60,4093889105,590.838,4917122533,4917122533,0,3472135693,
mcs30_m4D_s70.A00,mcs30_m4D_s70.B00,dal_rl,51,61,6574963616,1000.02,1,70,2560127410,368.761,4758070479,4758070479,0,3390342472,
mcs30_m4D_s70.A01,mcs30_m4D_s70.B01,dal_rl,42,58,15018019061,1000.02,1,70,8109946,0.381149,12335583969,12335583969,0,9933452921,
mcs30_m4D_s70.A02,mcs30_m4D_s70.B02,dal_rl,51,71,7042036328,1000.02,1,70,3100885472,269.078,5267996826,5267996826,0,3849763209,
mcs30_m4D_s70.A03,mcs30_m4D_s70.B03,dal_rl,49,54,6606419912,1000.02,1,70,3000850149,443.634,4748885675,4748885675,0,3293250866,
mcs30_m4D_s70.A04,mcs30_m4D_s70.B04,dal_rl,51,67,6680701417,1000.02,1,70,3280692653,479.641,4816927879,4816927879,0,3293095366,
mcs30_m4D_s70.A05,mcs30_m4D_s70.B05,dal_rl,52,63,6781931058,1000.01,1,70,1598695732,225.573,4968987431,4968987431,0,3477881408,
mcs30_m4D_s70.A06,mcs30_m4D_s70.B06,dal_rl,46,72,16418618294,1000.02,1,70,910,0.000153271,13055466525,13055466525,0,9867258038,
mcs30_m4D_s70.A07,mcs30_m4D_s70.B07,dal_rl,52,62,3502753078,1000.02,1,70,2089352396,566.931,2491305818,2491305818,0,1631166242,
mcs30_m4D_s70.A08,mcs30_m4D_s70.B08,dal_rl,52,70,6121144411,1000.02,1,70,386102629,60.9442,4522222927,4522222927,0,3407965302,
mcs30_m4D_s70.A09,mcs30_m4D_s70.B09,dal_rl,52,60,7149310736,1000.02,1,70,4738583964,655.198,5102140704,5102140704,0,3373681053,
mcs30_m4D_s80.A00,mcs30_m4D_s80.B00,dal_rl,52,62,15445671693,1000.02,1,80,6610495017,423.43,13630375765,13630375765,0,11836109426,
mcs30_m4D_s80.A01,mcs30_m4D_s80.B01,dal_rl,49,65,10487922969,1000.02,1,80,637,0.000141843,8136019205,8136019205,0,6015757270,
mcs30_m4D_s80.A02,mcs30_m4D_s80.B02,dal_rl,47,60,19264813884,1000.02,1,80,474130986,24.4593,14806670493,14806670493,0,11694654915,
mcs30_m4D_s80.A03,mcs30_m4D_s80.B03,dal_rl,55,58,10632143547,1000.02,1,80,97943360,8.22506,8184735275,8184735275,0,5737332361,
mcs30_m4D_s80.A04,mcs30_m4D_s80.B04,dal_rl,55,65,6979802314,1000.02,1,80,1852361069,231.809,5511082766,5511082766,0,4288425257,
mcs30_m4D_s80.A05,mcs30_m4D_s80.B05,dal_rl,47,57,15878618055,1000.02,1,80,7001801507,399.736,13543363038,13543363038,0,11399987682,
mcs30_m4D_s80.A06,mcs30_m4D_s80.B06,dal_rl,60,78,6630393771,1000.01,1,80,1771655715,249.814,4762882081,4762882081,0,3140397914,
mcs30_m4D_s80.A07,mcs30_m4D_s80.B07,dal_rl,53,56,15706796438,1000.01,1,80,553859997,33.8506,13496350200,13496350200,0,11292371212,
mcs30_m4D_s80.A08,mcs30_m4D_s80.B08,dal_rl,57,72,9427148100,1000.02,1,80,6899239340,646.117,7209464097,7209464097,0,5216270902,
mcs30_m4D_s80.A09,mcs30_m4D_s80.B09,dal_rl,52,58,9511273848,1000.02,1,80,1763485410,144.961,7874531616,7874531616,0,6355355540,
mcs30_m4D_s90.A00,mcs30_m4D_s90.B00,dal_rl,56,72,16300598206,1000.02,1,90,4543120932,254.743,14226800992,14226800992,0,12436978852,
mcs30_m4D_s90.A01,mcs30_m4D_s90.B01,dal_rl,55,62,9844036554,1000.02,1,90,1455312332,160.215,8570562376,8570562376,0,7344501676,
mcs30_m4D_s90.A02,mcs30_m4D_s90.B02,dal_rl,61,81,3551833937,1000.02,1,90,1117818232,265.686,2724426253,2724426253,0,1976633639,
mcs30_m4D_s90.A03,mcs30_m4D_s90.B03,dal_rl,59,72,10146650943,1000.01,1,90,1092647044,56.5367,8840416246,8840416246,0,7558808646,
mcs30_m4D_s90.A04,mcs30_m4D_s90.B04,dal_rl,65,94,7291786288,1000.01,1,90,2058208107,238.041,5810202629,5810202629,0,4533790468,
mcs30_m4D_s90.A05,mcs30_m4D_s90.B05,dal_rl,64,78,8812732807,1000.01,1,90,4669928811,434.842,6794837533,6794837533,0,4799916811,
mcs30_m4D_s90.A06,mcs30_m4D_s90.B06,dal_rl,59,82,11604180273,1000.02,1,90,1429808,0.09182,9820679549,9820679549,0,8051144578,
mcs30_m4D_s90.A07,mcs30_m4D_s90.B07,dal_rl,64,78,11629044435,1000.02,1,90,10445910,1.11044,10855189964,10855189964,0,10085265623,
mcs30_m4D_s90.A08,mcs30_m4D_s90.B08,dal_rl,57,66,14919258258,1000.02,1,90,106045509,6.26157,12890775582,12890775582,0,10862292245,
mcs30_m4D_s90.A09,mcs30_m4D_s90.B09,dal_rl,59,72,15839882054,1000.02,1,90,131186,0.0141753,13924847130,13924847130,0,12031996349,
mcs30_m4Dr2_s50.A00,mcs30_m4Dr2_s50.B00,dal_rl,37,51,4894954514,862.521,0,50,880550233,147.674,3364317061,3364317061,0,2398328427,
mcs30_m4Dr2_s50.A01,mcs30_m4Dr2_s50.B01,dal_rl,36,46,6659102606,1000.02,1,50,28383761,4.05561,4801103063,4801103063,0,3633944667,
mcs30_m4Dr2_s50.A02,mcs30_m4Dr2_s50.B02,dal_rl,36,57,6744309456,1000.02,1,50,518266181,74.2728,4670498207,4670498207,0,3358931977,
mcs30_m4Dr2_s50.A03,mcs30_m4Dr2_s50.B03,dal_rl,37,46,6772114584,1000.02,1,50,6374861258,938.99,4712962994,4712962994,0,3478455418,
mcs30_m4Dr2_s50.A04,mcs30_m4Dr2_s50.B04,dal_rl,36,55,7071299038,1000.02,1,50,4261785691,590.235,5037941825,5037941825,0,3741941195,
mcs30_m4Dr2_s50.A05,mcs30_m4Dr2_s50.B05,dal_rl,35,50,6674989026,1000.02,1,50,54720269,6.43382,4804720840,4804720840,0,3660205020,
mcs30_m4Dr2_s50.A06,mcs30_m4Dr2_s50.B06,dal_rl,36,58,6783405800,1000.02,1,50,1118614,0.126881,4723907462,4723907462,0,3421912081,
mcs30_m4Dr2_s50.A07,mcs30_m4Dr2_s50.B07,dal_rl,37,52,6765311792,1000.02,1,50,5016288296,729.935,4720864170,4720864170,0,3402965624,
mcs30_m4Dr2_s50.A08,mcs30_m4Dr2_s50.B08,dal_rl,36,54,6182052977,1000.01,1,50,7262522,0.98173,4248551968,4248551968,0,3028295492,
mcs30_m4Dr2_s50.A09,mcs30_m4Dr2_s50.B09,dal_rl,36,46,7013433548,1000.01,1,50,1317928400,180.283,4934441080,4934441080,0,3523194896,
mcs30_m4Dr2_s60.A00,mcs30_m4Dr2_s60.B00,dal_rl,41,66,7050745966,1000.01,1,60,2910212,0.343619,4882568475,4882568475,0,3317505925,
mcs30_m4Dr2_s60.A01,mcs30_m4Dr2_s60.B01,dal_rl,42,53,7606070984,1000.02,1,60,5099843900,642.31,5514537946,5514537946,0,3985213699,
mcs30_m4Dr2_s60.A02,mcs30_m4Dr2_s60.B02,dal_rl,39,60,4062701169,1000.02,1,60,61545412,13.3685,2975188616,2975188616,0,2042230166,
mcs30_m4Dr2_s60.A03,mcs30_m4Dr2_s60.B03,dal_rl,41,56,5804766354,1000.02,1,60,1013887054,172.112,4187091641,4187091641,0,2932755100,
mcs30_m4Dr2_s60.A04,mcs30_m4Dr2_s60.B04,dal_rl,44,54,7375802869,1000.02,1,60,3369472771,380.84,5459646439,5459646439,0,4066064524,
mcs30_m4Dr2_s60.A05,mcs30_m4Dr2_s60.B05,dal_rl,43,63,6653006710,1000.02,1,60,1295675862,184.751,4540510120,4540510120,0,3167563948,
mcs30_m4Dr2_s60.A06,mcs30_m4Dr2_s60.B06,dal_rl,44,55,6302562058,1000.03,1,60,5475648714,867.503,4352123780,4352123780,0,3039441835,
mcs30_m4Dr2_s60.A07,mcs30_m4Dr2_s60.B07,dal_rl,43,55,7146298097,1000.02,1,60,4776629105,645.654,5048924446,5048924446,0,3489684012,
mcs30_m4Dr2_s60.A08,mcs30_m4Dr2_s60.B08,dal_rl,43,58,6406960839,1000.01,1,60,1818005967,275.524,4420220125,4420220125,0,3071354203,
mcs30_m4Dr2_s60.A09,mcs30_m4Dr2_s60.B09,dal_rl,42,61,6833094779,1000.02,1,60,1009933543,142.514,4823800712,4823800712,0,3495093844,
mcs30_m4Dr2_s70.A00,mcs30_m4Dr2_s70.B00,dal_rl,47,57,7013320825,1000.02,1,70,3122204513,444.163,5021107146,5021107146,0,3581906836,
mcs30_m4Dr2_s70.A01,mcs30_m4Dr2_s70.B01,dal_rl,48,70,8595974598,1000.02,1,70,2786362292,244.163,6407159724,6407159724,0,4834118402,
mcs30_m4Dr2_s70.A02,mcs30_m4Dr2_s70.B02,dal_rl,49,72,6735318133,1000.01,1,70,3147217188,457.719,4735835173,4735835173,0,3434091281,
mcs30_m4Dr2_s70.A03,mcs30_m4Dr2_s70.B03,dal_rl,49,73,14113119375,1000.02,1,70,12890576681,812.362,11740646890,11740646890,0,9534245478,
mcs30_m4Dr2_s70.A04,mcs30_m4Dr2_s70.B04,dal_rl,49,60,6749338864,1000.02,1,70,4320788533,632.192,4696430472,4696430472,0,3189910548,
mcs30_m4Dr2_s70.A05,mcs30_m4Dr2_s70.B05,dal_rl,49,66,8593889489,1000.02,1,70,1038592539,90.8894,6910103048,6910103048,0,5319339492,
mcs30_m4Dr2_s70.A06,mcs30_m4Dr2_s70.B06,dal_rl,48,65,6788166710,1000.02,1,70,4701869712,676.551,4938557284,4938557284,0,3597965612,
mcs30_m4Dr2_s70.A07,mcs30_m4Dr2_s70.B07,dal_rl,49,61,7745441893,1000.02,1,70,4846583729,553.63,6058696153,6058696153,0,4724569035,
mcs30_m4Dr2_s70.A08,mcs30_m4Dr2_s70.B08,dal_rl,47,59,6933296163,1000.02,1,70,75772811,9.32153,4991506945,4991506945,0,3555533958,
mcs30_m4Dr2_s70.A09,mcs30_m4Dr2_s70.B09,dal_rl,42,63,16848856468,1000.01,1,70,298,6.7672e-05,13977375912,13977375912,0,11466259388,
mcs30_m4Dr2_s80.A00,mcs30_m4Dr2_s80.B00,dal_rl,49,64,15770675397,1000.02,1,80,12485484347,657.913,12840097429,12840097429,0,10096166479,
mcs30_m4Dr2_s80.A01,mcs30_m4Dr2_s80.B01,dal_rl,56,78,6568420387,1000.01,1,80,718680596,95.6787,4554857177,4554857177,0,3020284414,
mcs30_m4Dr2_s80.A02,mcs30_m4Dr2_s80.B02,dal_rl,56,76,6692917090,1000.01,1,80,747572557,95.806,4825376584,4825376584,0,3414473699,
mcs30_m4Dr2_s80.A03,mcs30_m4Dr2_s80.B03,dal_rl,55,78,7309921347,1000.02,1,80,1075199397,101.541,5319557902,5319557902,0,3992154636,
mcs30_m4Dr2_s80.A04,mcs30_m4Dr2_s80.B04,dal_rl,45,58,9944278082,1000.02,1,80,96828245,9.25306,7598662200,7598662200,0,5364788503,
mcs30_m4Dr2_s80.A05,mcs30_m4Dr2_s80.B05,dal_rl,55,63,7178520429,1000.02,1,80,781449939,93.812,5335207586,5335207586,0,3944298473,
mcs30_m4Dr2_s80.A06,mcs30_m4Dr2_s80.B06,dal_rl,54,81,6977313333,1000.02,1,80,1470912921,206.059,4908235024,4908235024,0,3395554655,
mcs30_m4Dr2_s80.A07,mcs30_m4Dr2_s80.B07,dal_rl,49,52,11680457386,1000.01,1,80,523472756,32.9392,9520512672,9520512672,0,7485807311,
mcs30_m4Dr2_s80.A08,mcs30_m4Dr2_s80.B08,dal_rl,54,66,6871232543,1000.02,1,80,1155537314,159.792,4957972687,4957972687,0,3567336949,
mcs30_m4Dr2_s80.A09,mcs30_m4Dr2_s80.B09,dal_rl,56,68,6368376968,1000.02,1,80,287855121,25.3291,4571613804,4571613804,0,3422419907,
mcs30_m4Dr2_s90.A00,mcs30_m4Dr2_s90.B00,dal_rl,61,73,8882392023,1000.02,1,90,8772540623,981.893,7304877550,7304877550,0,6024054952,
mcs30_m4Dr2_s90.A01,mcs30_m4Dr2_s90.B01,dal_rl,63,92,6880017721,1000.02,1,90,1692611172,226.906,4893584131,4893584131,0,3438004858,
mcs30_m4Dr2_s90.A02,mcs30_m4Dr2_s90.B02,dal_rl,56,55,12770785865,1000.02,1,90,61831,0.00532473,10252732320,10252732320,0,7804425069,
mcs30_m4Dr2_s90.A03,mcs30_m4Dr2_s90.B03,dal_rl,62,87,6692202432,1000.02,1,90,2804127395,404.471,4619663535,4619663535,0,3312320178,
mcs30_m4Dr2_s90.A04,mcs30_m4Dr2_s90.B04,dal_rl,50,59,16797258242,1000.02,1,90,1043,0.00019237,13635293673,13635293673,0,10535818921,
mcs30_m4Dr2_s90.A05,mcs30_m4Dr2_s90.B05,dal_rl,55,84,11092579063,1000.02,1,90,1403947617,110.262,9002117764,9002117764,0,6935393328,
mcs30_m4Dr2_s90.A06,mcs30_m4Dr2_s90.B06,dal_rl,63,84,6494414798,1000.01,1,90,6084415831,932.469,4670098918,4670098918,0,3320353439,
mcs30_m4Dr2_s90.A07,mcs30_m4Dr2_s90.B07,dal_rl,61,92,7458345203,1000.01,1,90,4030603801,508.889,5547473569,5547473569,0,3886631456,
mcs30_m4Dr2_s90.A08,mcs30_m4Dr2_s90.B08,dal_rl,60,80,7168570211,1000.02,1,90,3374371922,418.577,5483843673,5483843673,0,4113782089,
mcs30_m4Dr2_s90.A09,mcs30_m4Dr2_s90.B09,dal_rl,54,66,17001307764,1000.02,1,90,769,0.00014592,13884171572,13884171572,0,10767035460,
mcs30_m4Dr4_s50.A00,mcs30_m4Dr4_s50.B00,dal_rl,36,48,6251835971,1000.02,1,50,2144038335,328.569,4301691469,4301691469,0,3165207340,
mcs30_m4Dr4_s50.A01,mcs30_m4Dr4_s50.B01,dal_rl,35,58,6399404935,1000.01,1,50,544714155,79.598,4372138991,4372138991,0,3133323886,
mcs30_m4Dr4_s50.A02,mcs30_m4Dr4_s50.B02,dal_rl,35,52,5652789014,1000.03,1,50,353103714,56.7897,3878323501,3878323501,0,2811949528,
mcs30_m4Dr4_s50.A03,mcs30_m4Dr4_s50.B03,dal_rl,35,49,5720406377,1000.02,1,50,2587235735,432.716,4043284851,4043284851,0,3081496056,
mcs30_m4Dr4_s50.A04,mcs30_m4Dr4_s50.B04,dal_rl,35,55,6787030208,1000.02,1,50,178722237,22.3764,4786629967,4786629967,0,3564547132,
mcs30_m4Dr4_s50.A05,mcs30_m4Dr4_s50.B05,dal_rl,36,64,6442592204,1000.02,1,50,5694169687,876.429,4368777342,4368777342,0,3155126629,
mcs30_m4Dr4_s50.A06,mcs30_m4Dr4_s50.B06,dal_rl,35,49,6042508502,1000.02,1,50,1450239910,226.267,4163979920,4163979920,0,3100554762,
mcs30_m4Dr4_s50.A07,mcs30_m4Dr4_s50.B07,dal_rl,34,51,7039198820,1000.02,1,50,1254196223,168.849,4936427013,4936427013,0,3711638150,
mcs30_m4Dr4_s50.A08,mcs30_m4Dr4_s50.B08,dal_rl,34,47,3403861453,1000.02,1,50,376173599,107.96,2237438606,2237438606,0,1589573216,
mcs30_m4Dr4_s50.A09,mcs30_m4Dr4_s50.B09,dal_rl,35,44,6667085474,1000.01,1,50,884415432,124.051,4542344331,4542344331,0,3314901475,
mcs30_m4Dr4_s60.A00,mcs30_m4Dr4_s60.B00,dal_rl,41,55,7258226421,1000.02,1,60,5049140880,685.911,5150647254,5150647254,0,3640997440,
mcs30_m4Dr4_s60.A01,mcs30_m4Dr4_s60.B01,dal_rl,40,58,6658257864,1000.02,1,60,41444355,5.5928,4702813816,4702813816,0,3527516718,
mcs30_m4Dr4_s60.A02,mcs30_m4Dr4_s60.B02,dal_rl,41,54,6380605651,1000.01,1,60,324550804,48.8208,4346961344,4346961344,0,2989263435,
mcs30_m4Dr4_s60.A03,mcs30_m4Dr4_s60.B03,dal_rl,42,53,6703620742,1000.01,1,60,2269671536,328.126,4642207697,4642207697,0,3245049615,
mcs30_m4Dr4_s60.A04,mcs30_m4Dr4_s60.B04,dal_rl,41,62,6572189089,1000.02,1,60,103764491,14.8406,4569242776,4569242776,0,3302131319,
mcs30_m4Dr4_s60.A05,mcs30_m4Dr4_s60.B05,dal_rl,40,61,6602188019,1000.01,1,60,1850206004,279.396,4534590926,4534590926,0,3475455194,
mcs30_m4Dr4_s60.A06,mcs30_m4Dr4_s60.B06,dal_rl,39,50,5516321119,1000.02,1,60,474341258,82.2566,3764227674,3764227674,0,2661302926,
mcs30_m4Dr4_s60.A07,mcs30_m4Dr4_s60.B07,dal_rl,41,53,6979290245,1000.02,1,60,5960616668,845.577,4860915048,4860915048,0,3489643411,
mcs30_m4Dr4_s60.A08,mcs30_m4Dr4_s60.B08,dal_rl,42,63,6763187612,1000.02,1,60,5209910620,761.601,4676629579,4676629579,0,3337363274,
mcs30_m4Dr4_s60.A09,mcs30_m4Dr4_s60.B09,dal_rl,42,53,6485510460,1000.02,1,60,4187651685,635.282,4471941100,4471941100,0,3212375718,
mcs30_m4Dr4_s70.A00,mcs30_m4Dr4_s70.B00,dal_rl,47,80,6003270591,1000.02,1,70,2327115290,376.264,4171298041,4171298041,0,3163325625,
mcs30_m4Dr4_s70.A01,mcs30_m4Dr4_s70.B01,dal_rl,48,86,3249220499,1000.02,1,70,7010486,1.7915,2189833565,2189833565,0,1567884203,
mcs30_m4Dr4_s70.A02,mcs30_m4Dr4_s70.B02,dal_rl,44,65,10085635346,1000.02,1,70,44651390,4.45603,8352119842,8352119842,0,6620155518,
mcs30_m4Dr4_s70.A03,mcs30_m4Dr4_s70.B03,dal_rl,46,75,6891849826,1000.02,1,70,46923943,5.46202,4642579341,4642579341,0,3206109701,
mcs30_m4Dr4_s70.A04,mcs30_m4Dr4_s70.B04,dal_rl,48,88,6492569166,1000.01,1,70,3206771974,484.099,4408064766,4408064766,0,3110884271,
mcs30_m4Dr4_s70.A05,mcs30_m4Dr4_s70.B05,dal_rl,48,78,6568229820,1000.02,1,70,6452910486,982.171,4616309859,4616309859,0,3403604859,
mcs30_m4Dr4_s70.A06,mcs30_m4Dr4_s70.B06,dal_rl,37,59,18159822317,1000.02,1,70,866654459,46.5582,14972451187,14972451187,0,11892645529,
mcs30_m4Dr4_s70.A07,mcs30_m4Dr4_s70.B07,dal_rl,45,63,6706759595,1000.02,1,70,1148215087,165.983,4700569418,4700569418,0,3328464351,
mcs30_m4Dr4_s70.A08,mcs30_m4Dr4_s70.B08,dal_rl,43,66,9961223602,1000.02,1,70,109887784,10.7532,7869050993,7869050993,0,5878819371,
mcs30_m4Dr4_s70.A09,mcs30_m4Dr4_s70.B09,dal_rl,48,75,6719137391,1000.02,1,70,2580148221,362.718,4878322502,4878322502,0,3637054924,
mcs30_m4Dr4_s80.A00,mcs30_m4Dr4_s80.B00,dal_rl,51,65,7218984068,1000.02,1,80,543076990,67.2822,5498887312,5498887312,0,4087413535,
mcs30_m4Dr4_s80.A01,mcs30_m4Dr4_s80.B01,dal_rl,46,72,10265004512,1000.02,1,80,21014838,1.28999,9293441423,9293441423,0,8356803208,
mcs30_m4Dr4_s80.A02,mcs30_m4Dr4_s80.B02,dal_rl,51,75,6988287055,1000.02,1,80,1998657381,273.525,5079932331,5079932331,0,3619718585,
mcs30_m4Dr4_s80.A03,mcs30_m4Dr4_s80.B03,dal_rl,53,68,8083369647,1000.02,1,80,8066628785,997.879,7066393183,7066393183,0,6083100706,
mcs30_m4Dr4_s80.A04,mcs30_m4Dr4_s80.B04,dal_rl,47,58,13391662298,1000.01,1,80,170491920,9.98708,11618106625,11618106625,0,9847482869,
mcs30_m4Dr4_s80.A05,mcs30_m4Dr4_s80.B05,dal_rl,47,63,20626436063,1000.01,1,80,454,0.000115984,15469832395,15469832395,0,10313230527,
mcs30_m4Dr4_s80.A06,mcs30_m4Dr4_s80.B06,dal_rl,54,76,6034404614,1000.01,1,80,108125528,12.6254,4362177369,4362177369,0,3127834428,
mcs30_m4Dr4_s80.A07,mcs30_m4Dr4_s80.B07,dal_rl,52,72,3590928220,1000.01,1,80,12079914,2.41747,2650421739,2650421739,0,1920646255,
mcs30_m4Dr4_s80.A08,mcs30_m4Dr4_s80.B08,dal_rl,54,80,6962694910,1000.02,1,80,1632250939,197.033,4680712629,4680712629,0,3331222056,
mcs30_m4Dr4_s80.A09,mcs30_m4Dr4_s80.B09,dal_rl,53,74,7228679670,1000.02,1,80,339248576,48.2332,4992597990,4992597990,0,3497271459,
mcs30_m4Dr4_s90.A00,mcs30_m4Dr4_s90.B00,dal_rl,59,66,6877831348,1000.02,1,90,1722210085,226.179,4690771877,4690771877,0,3198528244,
mcs30_m4Dr4_s90.A01,mcs30_m4Dr4_s90.B01,dal_rl,57,75,15151790258,1000.02,1,90,6613235986,371.595,12454469208,12454469208,0,10128936357,
mcs30_m4Dr4_s90.A02,mcs30_m4Dr4_s90.B02,dal_rl,54,75,20198871021,1000.02,1,90,1875204679,93.8496,16672214397,16672214397,0,13163531410,
mcs30_m4Dr4_s90.A03,mcs30_m4Dr4_s90.B03,dal_rl,49,70,16330522699,1000.02,1,90,40931943,2.55661,13618553059,13618553059,0,11307832788,
mcs30_m4Dr4_s90.A04,mcs30_m4Dr4_s90.B04,dal_rl,60,85,13868745924,1000.02,1,90,12534476897,776.142,10936114285,10936114285,0,8310060085,
mcs30_m4Dr4_s90.A05,mcs30_m4Dr4_s90.B05,dal_rl,60,88,6736582079,1000.02,1,90,1931027509,290.041,4643195368,4643195368,0,3510705500,
mcs30_m4Dr4_s90.A06,mcs30_m4Dr4_s90.B06,dal_rl,60,92,9811687255,1000.02,1,90,6132426225,435.867,8108188812,8108188812,0,6714840568,
mcs30_m4Dr4_s90.A07,mcs30_m4Dr4_s90.B07,dal_rl,62,85,7089881239,1000.01,1,90,2260056405,289.246,4638074446,4638074446,0,3199272772,
mcs30_m4Dr4_s90.A08,mcs30_m4Dr4_s90.B08,dal_rl,50,77,17300383328,1000.02,1,90,2520418,0.124181,14692813899,14692813899,0,12352301594,
mcs30_m4Dr4_s90.A09,mcs30_m4Dr4_s90.B09,dal_rl,56,83,15379981919,1000.01,1,90,9451371,0.563159,13528824842,13528824842,0,11715684072,
mcs30_m4Dr6_s50.A00,mcs30_m4Dr6_s50.B00,dal_rl,34,53,6543417621,1000.02,1,50,1257929,0.168304,4420810477,4420810477,0,3238732278,
mcs30_m4Dr6_s50.A01,mcs30_m4Dr6_s50.B01,dal_rl,34,48,6585540324,1000.02,1,50,872483211,136.226,4539571509,4539571509,0,3384113356,
mcs30_m4Dr6_s50.A02,mcs30_m4Dr6_s50.B02,dal_rl,34,55,5574891604,1000.03,1,50,188470860,31.3104,3789388560,3789388560,0,2910187302,
mcs30_m4Dr6_s50.A03,mcs30_m4Dr6_s50.B03,dal_rl,34,56,6639716115,1000.01,1,50,1086615028,152.682,4597804372,4597804372,0,3469817895,
mcs30_m4Dr6_s50.A04,mcs30_m4Dr6_s50.B04,dal_rl,33,49,3415718701,1000.01,1,50,27001231,7.29668,2290893971,2290893971,0,1664050512,
mcs30_m4Dr6_s50.A05,mcs30_m4Dr6_s50.B05,dal_rl,34,50,6676327828,1000.02,1,50,2236173711,325.977,4598355953,4598355953,0,3327958158,
mcs30_m4Dr6_s50.A06,mcs30_m4Dr6_s50.B06,dal_rl,34,52,6621718207,1000.02,1,50,1348825820,190.647,4564220981,4564220981,0,3392169766,
mcs30_m4Dr6_s50.A07,mcs30_m4Dr6_s50.B07,dal_rl,33,59,5896528806,1000.02,1,50,1824430468,292.35,4186816363,4186816363,0,3101573190,
mcs30_m4Dr6_s50.A08,mcs30_m4Dr6_s50.B08,dal_rl,33,48,6683190551,1000.02,1,50,34685063,4.54944,4444366835,4444366835,0,3197585362,
mcs30_m4Dr6_s50.A09,mcs30_m4Dr6_s50.B09,dal_rl,34,51,6322308982,1000.01,1,50,3939182,0.555921,4306385801,4306385801,0,3209269719,
mcs30_m4Dr6_s60.A00,mcs30_m4Dr6_s60.B00,dal_rl,40,69,6991977276,1000.02,1,60,3373348991,475.051,4832295929,4832295929,0,3438655387,
mcs30_m4Dr6_s60.A01,mcs30_m4Dr6_s60.B01,dal_rl,41,66,6522297474,1000.02,1,60,5569415292,847.136,4518168613,4518168613,0,3399487894,
mcs30_m4Dr6_s60.A02,mcs30_m4Dr6_s60.B02,dal_rl,40,71,6326759943,1000.01,1,60,617265720,91.7359,4425405734,4425405734,0,3250365059,
mcs30_m4Dr6_s60.A03,mcs30_m4Dr6_s60.B03,dal_rl,40,70,8173323150,1000.02,1,60,2749360405,218.025,6271838125,6271838125,0,4851003166,
mcs30_m4Dr6_s60.A04,mcs30_m4Dr6_s60.B04,dal_rl,40,73,6609290916,1000.01,1,60,4856894965,728.966,4394486058,4394486058,0,3403031641,
mcs30_m4Dr6_s60.A05,mcs30_m4Dr6_s60.B05,dal_rl,41,54,6809235540,1000.02,1,60,2959977464,421.824,4829356152,4829356152,0,3467544609,
mcs30_m4Dr6_s60.A06,mcs30_m4Dr6_s60.B06,dal_rl,39,68,6885273247,1000.01,1,60,89694601,10.4604,4911578191,4911578191,0,3690265727,
mcs30_m4Dr6_s60.A07,mcs30_m4Dr6_s60.B07,dal_rl,41,59,6379281246,1000.02,1,60,2254002903,336.962,4425500439,4425500439,0,3343408347,
mcs30_m4Dr6_s60.A08,mcs30_m4Dr6_s60.B08,dal_rl,41,61,6648866813,1000.02,1,60,2508458832,362.413,4593991632,4593991632,0,3309249832,
mcs30_m4Dr6_s60.A09,mcs30_m4Dr6_s60.B09,dal_rl,39,53,7137242330,1000.02,1,60,5338867204,741.036,4842268572,4842268572,0,3371668996,
mcs30_m4Dr6_s70.A00,mcs30_m4Dr6_s70.B00,dal_rl,46,64,3247739035,1000.01,1,70,1225389110,356.864,2221830067,2221830067,0,1578389615,
mcs30_m4Dr6_s70.A01,mcs30_m4Dr6_s70.B01,dal_rl,45,79,6858897798,1000.02,1,70,387105559,53.6688,4674918406,4674918406,0,3137533172,
mcs30_m4Dr6_s70.A02,mcs30_m4Dr6_s70.B02,dal_rl,45,58,6908635528,1000.01,1,70,2314706065,323.541,4599816715,4599816715,0,3183473912,
mcs30_m4Dr6_s70.A03,mcs30_m4Dr6_s70.B03,dal_rl,45,78,6326350888,1000.02,1,70,3738472732,591.912,4364328336,4364328336,0,3189527829,
mcs30_m4Dr6_s70.A04,mcs30_m4Dr6_s70.B04,dal_rl,45,49,6649896324,1000.02,1,70,870424874,107.743,4623971782,4623971782,0,3273071179,
mcs30_m4Dr6_s70.A05,mcs30_m4Dr6_s70.B05,dal_rl,43,68,7103906780,1000.02,1,70,2049668195,277.236,5019156157,5019156157,0,3555754085,
mcs30_m4Dr6_s70.A06,mcs30_m4Dr6_s70.B06,dal_rl,45,77,6719040399,1000.02,1,70,333069214,43.1402,4663174161,4663174161,0,3249464873,
mcs30_m4Dr6_s70.A07,mcs30_m4Dr6_s70.B07,dal_rl,46,68,6823161752,1000.02,1,70,4192886704,600.368,4728914036,4728914036,0,3394905057,
mcs30_m4Dr6_s70.A08,mcs30_m4Dr6_s70.B08,dal_rl,45,60,6681064649,1000.02,1,70,835155368,62.6867,4833368313,4833368313,0,3544927775,
mcs30_m4Dr6_s70.A09,mcs30_m4Dr6_s70.B09,dal_rl,47,60,6730569008,1000.02,1,70,2093055392,288.445,4682483946,4682483946,0,3349535749,
mcs30_m4Dr6_s80.A00,mcs30_m4Dr6_s80.B00,dal_rl,53,79,6612080445,1000.01,1,80,2208971588,323.415,4559105398,4559105398,0,3219196731,
mcs30_m4Dr6_s80.A01,mcs30_m4Dr6_s80.B01,dal_rl,51,76,6622801376,1000.02,1,80,1026024984,156.244,4374808613,4374808613,0,3042800700,
mcs30_m4Dr6_s80.A02,mcs30_m4Dr6_s80.B02,dal_rl,52,72,6722216022,1000.02,1,80,1741923510,232.002,4612960731,4612960731,0,3358439885,
mcs30_m4Dr6_s80.A03,mcs30_m4Dr6_s80.B03,dal_rl,50,73,7242534725,1000.01,1,80,3947556809,531.389,4824850484,4824850484,0,3576996949,
mcs30_m4Dr6_s80.A04,mcs30_m4Dr6_s80.B04,dal_rl,51,71,7385874945,1000.02,1,80,988583444,107.755,5166221212,5166221212,0,3608391648,
mcs30_m4Dr6_s80.A05,mcs30_m4Dr6_s80.B05,dal_rl,52,70,8853094808,1000.02,1,80,3807678294,217.78,6457880249,6457880249,0,4884167827,
mcs30_m4Dr6_s80.A06,mcs30_m4Dr6_s80.B06,dal_rl,52,83,6900223411,1000.02,1,80,4337538732,614.541,5039319568,5039319568,0,3653336479,
mcs30_m4Dr6_s80.A07,mcs30_m4Dr6_s80.B07,dal_rl,53,98,6527470710,1000.02,1,80,298215946,40.7864,4596181328,4596181328,0,3460028692,
mcs30_m4Dr6_s80.A08,mcs30_m4Dr6_s80.B08,dal_rl,52,82,6209161918,1000.01,1,80,230030155,34.2477,4000937742,4000937742,0,2792869728,
mcs30_m4Dr6_s80.A09,mcs30_m4Dr6_s80.B09,dal_rl,51,68,8686290160,1000.02,1,80,4684229533,345.218,6706911255,6706911255,0,5172334634,
mcs30_m4Dr6_s90.A00,mcs30_m4Dr6_s90.B00,dal_rl,56,103,7999331766,1000.02,1,90,7543973313,925.365,6490720843,6490720843,0,5130919567,
mcs30_m4Dr6_s90.A01,mcs30_m4Dr6_s90.B01,dal_rl,57,88,6867871927,1000.01,1,90,181737191,14.25,4837033220,4837033220,0,3508924509,
mcs30_m4Dr6_s90.A02,mcs30_m4Dr6_s90.B02,dal_rl,48,79,23637104226,1000.02,1,90,11453,0.000578261,17383604891,17383604891,0,12113675808,
mcs30_m4Dr6_s90.A03,mcs30_m4Dr6_s90.B03,dal_rl,56,75,5618480833,1000.02,1,90,1458013167,102.185,4178379628,4178379628,0,3216975356,
mcs30_m4Dr6_s90.A04,mcs30_m4Dr6_s90.B04,dal_rl,57,89,6076384985,1000.02,1,90,3176301654,509.734,4084972506,4084972506,0,2804627680,
mcs30_m4Dr6_s90.A05,mcs30_m4Dr6_s90.B05,dal_rl,58,81,6422532736,1000.02,1,90,404754446,54.1886,4631400536,4631400536,0,3102502243,
mcs30_m4Dr6_s90.A06,mcs30_m4Dr6_s90.B06,dal_rl,58,81,5780922134,1000.01,1,90,1270185346,207.895,3841480015,3841480015,0,2666016302,
mcs30_m4Dr6_s90.A07,mcs30_m4Dr6_s90.B07,dal_rl,59,88,5373514615,1000.01,1,90,1037501676,188.625,3822297937,3822297937,0,2738986239,
mcs30_m4Dr6_s90.A08,mcs30_m4Dr6_s90.B08,dal_rl,48,81,15172924290,1000.02,1,90,11862380838,764.762,12095226582,12095226582,0,9254911410,
mcs30_m4Dr6_s90.A09,mcs30_m4Dr6_s90.B09,dal_rl,56,93,7904678175,1000.01,1,90,7028349723,850.496,6099490438,6099490438,0,4692478403,
mcs30_r001_s100.A00,mcs30_r001_s100.B00,dal_rl,69,68,10388233739,1000.02,1,100,263,9.7527e-05,9044872368,9044872368,0,7823964776,
mcs30_r001_s100.A01,mcs30_r001_s100.B01,dal_rl,67,68,19914595371,1000.01,1,100,104,6.9425e-05,16245205077,16245205077,0,12753301995,
mcs30_r001_s100.A02,mcs30_r001_s100.B02,dal_rl,69,68,5467107928,1000.02,1,100,864718962,102.648,4941348587,4941348587,0,4444544437,
mcs30_r001_s100.A03,mcs30_r001_s100.B03,dal_rl,64,66,21132142511,1000.02,1,100,5401,0.000564122,17548545589,17548545589,0,14314755405,
mcs30_r001_s100.A04,mcs30_r001_s100.B04,dal_rl,73,73,10350753690,1000.02,1,100,41199529,4.66127,8461497036,8461497036,0,6602369224,
mcs30_r001_s100.A05,mcs30_r001_s100.B05,dal_rl,73,75,13008473218,1000.02,1,100,956251937,60.9574,11888833780,11888833780,0,10771472091,
mcs30_r001_s100.A06,mcs30_r001_s100.B06,dal_rl,68,68,9953755662,1000.01,1,100,420139423,39.6043,8302242954,8302242954,0,6650911161,
mcs30_r001_s100.A07,mcs30_r001_s100.B07,dal_rl,61,53,22625974757,1000.02,1,100,16281655969,708.177,17263582952,17263582952,0,11901191670,
mcs30_r001_s100.A08,mcs30_r001_s100.B08,dal_rl,71,73,7238109574,1000.01,1,100,4144423113,563.242,6208761311,6208761311,0,5250864687,
mcs30_r001_s100.A09,mcs30_r001_s100.B09,dal_rl,63,58,22154781730,1000.02,1,100,64,0.000336506,17143656375,17143656375,0,13309591558,
mcs30_r005_s100.A00,mcs30_r005_s100.B00,dal_rl,42,86,4149203365,1000.02,1,100,1237516308,282.729,2578165527,2578165527,0,2065381832,
mcs30_r005_s100.A01,mcs30_r005_s100.B01,dal_rl,42,101,5337479979,1000.02,1,100,2149047298,385.286,3359976592,3359976592,0,2746422730,
mcs30_r005_s100.A02,mcs30_r005_s100.B02,dal_rl,42,94,5126869130,1000.02,1,100,239711452,45.3105,3134578391,3134578391,0,2548365493,
mcs30_r005_s100.A03,mcs30_r005_s100.B03,dal_rl,40,76,4898046140,1000.02,1,100,1510482221,297.91,2920389205,2920389205,0,2338827917,
mcs30_r005_s100.A04,mcs30_r005_s100.B04,dal_rl,41,78,4798782386,1000.02,1,100,107474460,21.9941,3005984520,3005984520,0,2380320791,
mcs30_r005_s100.A05,mcs30_r005_s100.B05,dal_rl,41,88,2520917311,1000.02,1,100,153275033,56.5189,1544328746,1544328746,0,1281430251,
mcs30_r005_s100.A06,mcs30_r005_s100.B06,dal_rl,40,95,5171181500,1000.02,1,100,1647978233,307.805,3208734444,3208734444,0,2639024785,
mcs30_r005_s100.A07,mcs30_r005_s100.B07,dal_rl,42,92,5024292106,1000.02,1,100,4372482168,866.348,3097221769,3097221769,0,2577221799,
mcs30_r005_s100.A08,mcs30_r005_s100.B08,dal_rl,42,75,5528222751,1000.02,1,100,839718234,148.252,3514161340,3514161340,0,2779638890,
mcs30_r005_s100.A09,mcs30_r005_s100.B09,dal_rl,42,95,4971312935,1000.02,1,100,14742794,2.6044,2984671020,2984671020,0,2335162530,
mcs30_r005_s20.A00,mcs30_r005_s20.B00,dal_rl,16,12,30104,0.00346691,0,20,23588,0.00249017,21712,21712,0,15220,
mcs30_r005_s20.A01,mcs30_r005_s20.B01,dal_rl,16,17,19985,0.00216349,0,20,9223,0.000883522,14601,14601,0,10110,
mcs30_r005_s20.A02,mcs30_r005_s20.B02,dal_rl,16,15,11975,0.00126907,0,20,4236,0.000412622,8306,8306,0,5517,
mcs30_r005_s20.A03,mcs30_r005_s20.B03,dal_rl,16,16,72358,0.00853004,0,20,31083,0.00343541,49872,49872,0,31289,
mcs30_r005_s20.A04,mcs30_r005_s20.B04,dal_rl,16,11,65311,0.00701459,0,20,33591,0.00318992,44088,44088,0,29236,
mcs30_r005_s20.A05,mcs30_r005_s20.B05,dal_rl,16,16,57036,0.00431547,0,20,42795,0.00276177,43259,43259,0,32309,
mcs30_r005_s20.A06,mcs30_r005_s20.B06,dal_rl,16,18,30816,0.00389232,0,20,3925,0.00048386,20368,20368,0,13327,
mcs30_r005_s20.A07,mcs30_r005_s20.B07,dal_rl,17,17,29801,0.00270138,0,20,23923,0.00196561,21477,21477,0,14378,
mcs30_r005_s20.A08,mcs30_r005_s20.B08,dal_rl,16,16,30521,0.00309057,0,20,12073,0.00103077,22022,22022,0,15057,
mcs30_r005_s20.A09,mcs30_r005_s20.B09,dal_rl,17,13,14668,0.00178352,0,20,14415,0.00171333,10290,10290,0,7147,
mcs30_r005_s25.A00,mcs30_r005_s25.B00,dal_rl,20,21,291029,0.0330231,0,25,241014,0.0267559,191579,191579,0,117674,
mcs30_r005_s25.A01,mcs30_r005_s25.B01,dal_rl,19,22,785806,0.0892976,0,25,5226,0.00053859,537402,537402,0,358244,
mcs30_r005_s25.A02,mcs30_r005_s25.B02,dal_rl,20,25,178531,0.021133,0,25,162286,0.0191072,126164,126164,0,89716,
mcs30_r005_s25.A03,mcs30_r005_s25.B03,dal_rl,20,22,935990,0.105983,0,25,796706,0.0883983,637118,637118,0,421501,
mcs30_r005_s25.A04,mcs30_r005_s25.B04,dal_rl,20,16,94504,0.012032,0,25,2537,0.000250226,63447,63447,0,42077,
mcs30_r005_s25.A05,mcs30_r005_s25.B05,dal_rl,20,20,109633,0.0138781,0,25,10261,0.00120928,71395,71395,0,47014,
mcs30_r005_s25.A06,mcs30_r005_s25.B06,dal_rl,19,19,7062114,0.757876,0,25,1114376,0.088674,5389532,5389532,0,4026251,
mcs30_r005_s25.A07,mcs30_r005_s25.B07,dal_rl,20,18,267901,0.0322364,0,25,259650,0.0311635,188467,188467,0,128650,
mcs30_r005_s25.A08,mcs30_r005_s25.B08,dal_rl,20,20,911197,0.10044,0,25,640413,0.0674613,659478,659478,0,447523,
mcs30_r005_s25.A09,mcs30_r005_s25.B09,dal_rl,20,24,52129,0.00666597,0,25,23701,0.00288965,35742,35742,0,25261,
mcs30_r005_s30.A00,mcs30_r005_s30.B00,dal_rl,23,30,1709331,0.245312,0,30,967336,0.132105,1179932,1179932,0,822322,
mcs30_r005_s30.A01,mcs30_r005_s30.B01,dal_rl,22,29,8405898,1.19277,0,30,124299,0.0132843,5861460,5861460,0,4185433,
mcs30_r005_s30.A02,mcs30_r005_s30.B02,dal_rl,23,31,1499000,0.408133,0,30,213376,0.0520844,1034493,1034493,0,741628,
mcs30_r005_s30.A03,mcs30_r005_s30.B03,dal_rl,24,33,1462572,0.188558,0,30,1369120,0.17532,993126,993126,0,684864,
mcs30_r005_s30.A04,mcs30_r005_s30.B04,dal_rl,23,26,4082506,0.472215,0,30,3544989,0.402434,2969317,2969317,0,2038461,
mcs30_r005_s30.A05,mcs30_r005_s30.B05,dal_rl,23,31,1854598,0.267844,0,30,1418419,0.201606,1241536,1241536,0,868583,
mcs30_r005_s30.A06,mcs30_r005_s30.B06,dal_rl,23,25,4324181,0.545763,0,30,4170501,0.525646,2989244,2989244,0,2120651,
mcs30_r005_s30.A07,mcs30_r005_s30.B07,dal_rl,22,26,32607489,4.20037,0,30,645526,0.0782079,21857742,21857742,0,14592534,
mcs30_r005_s30.A08,mcs30_r005_s30.B08,dal_rl,23,26,3332090,0.436083,0,30,1624993,0.205794,2224171,2224171,0,1532938,
mcs30_r005_s30.A09,mcs30_r005_s30.B09,dal_rl,23,27,4104455,0.513207,0,30,1452650,0.177667,2701580,2701580,0,1805740,
mcs30_r005_s35.A00,mcs30_r005_s35.B00,dal_rl,26,36,14303992,2.33651,0,35,2336032,0.364405,9594327,9594327,0,6850931,
mcs30_r005_s35.A01,mcs30_r005_s35.B01,dal_rl,25,35,127227229,19.2826,0,35,120466,0.0166081,86050561,86050561,0,61273377,
mcs30_r005_s35.A02,mcs30_r005_s35.B02,dal_rl,26,31,44462312,12.4825,0,35,24028077,6.55021,30236502,30236502,0,22010772,
mcs30_r005_s35.A03,mcs30_r005_s35.B03,dal_rl,26,33,34843932,4.84674,0,35,7881489,1.00799,23951073,23951073,0,18005151,
mcs30_r005_s35.A04,mcs30_r005_s35.B04,dal_rl,26,36,23677604,3.28883,0,35,5084022,0.660607,16316381,16316381,0,12083299,
mcs30_r005_s35.A05,mcs30_r005_s35.B05,dal_rl,25,35,66286438,8.71516,0,35,425403,0.0375187,46183985,46183985,0,33539564,
mcs30_r005_s35.A06,mcs30_r005_s35.B06,dal_rl,25,34,335466415,45.0001,0,35,17202332,2.15723,223320928,223320928,0,156200255,
mcs30_r005_s35.A07,mcs30_r005_s35.B07,dal_rl,26,35,81404963,11.4363,0,35,50714118,6.97998,54309937,54309937,0,38635657,
mcs30_r005_s35.A08,mcs30_r005_s35.B08,dal_rl,26,38,92692639,13.3625,0,35,77679417,11.0695,60835912,60835912,0,42279964,
mcs30_r005_s35.A09,mcs30_r005_s35.B09,dal_rl,26,31,90190414,15.1306,0,35,64280538,10.6282,61335313,61335313,0,44067455,
mcs30_r005_s40.A00,mcs30_r005_s40.B00,dal_rl,28,45,919786448,136.089,0,40,287808189,42.584,617308308,617308308,0,452340176,
mcs30_r005_s40.A01,mcs30_r005_s40.B01,dal_rl,28,47,1003521217,149.58,0,40,187645809,26.5228,678540387,678540387,0,493442732,
mcs30_r005_s40.A02,mcs30_r005_s40.B02,dal_rl,28,41,979759580,147.724,0,40,54503602,7.34865,663311724,663311724,0,493412742,
mcs30_r005_s40.A03,mcs30_r005_s40.B03,dal_rl,28,43,870452129,132.161,0,40,231999665,33.792,585669270,585669270,0,431716965,
mcs30_r005_s40.A04,mcs30_r005_s40.B04,dal_rl,28,39,564695363,87.933,0,40,93423040,13.7748,375057415,375057415,0,274413107,
mcs30_r005_s40.A05,mcs30_r005_s40.B05,dal_rl,28,44,625021987,93.3939,0,40,55040461,7.57236,416990871,416990871,0,305283008,
mcs30_r005_s40.A06,mcs30_r005_s40.B06,dal_rl,28,38,1481437802,226.111,0,40,535027721,78.6648,1004439192,1004439192,0,759494827,
mcs30_r005_s40.A07,mcs30_r005_s40.B07,dal_rl,27,40,6153293819,1000.01,1,40,25171222,3.955,4038957130,4038957130,0,2890382365,
mcs30_r005_s40.A08,mcs30_r005_s40.B08,dal_rl,28,45,963161151,162.57,0,40,476814982,77.8714,649512142,649512142,0,491783505,
mcs30_r005_s40.A09,mcs30_r005_s40.B09,dal_rl,28,33,1850661056,537.636,0,40,1579723013,455.318,1239069472,1239069472,0,885661121,
mcs30_r005_s50.A00,mcs30_r005_s50.B00,dal_rl,32,53,6418061506,1000.01,1,50,4785124425,735.673,4191236884,4191236884,0,3163846280,
mcs30_r005_s50.A01,mcs30_r005_s50.B01,dal_rl,32,44,6136690452,1000.01,1,50,1446682258,225.513,4029097197,4029097197,0,3042916924,
mcs30_r005_s50.A02,mcs30_r005_s50.B02,dal_rl,31,48,6543782052,1000.02,1,50,843331232,126.26,4346712070,4346712070,0,3066225648,
mcs30_r005_s50.A03,mcs30_r005_s50.B03,dal_rl,32,47,5671966843,1000.01,1,50,642716142,105.343,3815924368,3815924368,0,2875646693,
mcs30_r005_s50.A04,mcs30_r005_s50.B04,dal_rl,31,56,6471547992,1000.02,1,50,73790932,11.3051,4243167691,4243167691,0,3170341603,
mcs30_r005_s50.A05,mcs30_r005_s50.B05,dal_rl,31,56,6518079845,1000.02,1,50,524891377,77.2687,4344055460,4344055460,0,3198448925,
mcs30_r005_s50.A06,mcs30_r005_s50.B06,dal_rl,32,53,6501778132,1000.02,1,50,1612682041,240.915,4386324458,4386324458,0,3322976115,
mcs30_r005_s50.A07,mcs30_r005_s50.B07,dal_rl,32,57,5424882102,1000.02,1,50,1893997350,335.327,3595058480,3595058480,0,2648918213,
mcs30_r005_s50.A08,mcs30_r005_s50.B08,dal_rl,32,53,5938809359,1000.02,1,50,100091537,15.6519,3980314934,3980314934,0,3088800228,
mcs30_r005_s50.A09,mcs30_r005_s50.B09,dal_rl,31,50,6130262667,1000.03,1,50,162005249,25.2893,4025471498,4025471498,0,2923733702,
mcs30_r005_s60.A00,mcs30_r005_s60.B00,dal_rl,33,62,6277090955,1000.01,1,60,296398586,46.0941,4068523951,4068523951,0,3232285532,
mcs30_r005_s60.A01,mcs30_r005_s60.B01,dal_rl,33,61,6211215864,1000.02,1,60,20047790,2.91839,3977182365,3977182365,0,3037931040,
mcs30_r005_s60.A02,mcs30_r005_s60.B02,dal_rl,33,50,6349115405,1000.02,1,60,232324351,37.0426,4284225083,4284225083,0,3266904997,
mcs30_r005_s60.A03,mcs30_r005_s60.B03,dal_rl,35,61,6080302702,1000.02,1,60,71002749,11.5064,4076865637,4076865637,0,3227446333,
mcs30_r005_s60.A04,mcs30_r005_s60.B04,dal_rl,35,63,6020596885,1000.02,1,60,853924000,138.334,3871548323,3871548323,0,2965463169,
mcs30_r005_s60.A05,mcs30_r005_s60.B05,dal_rl,35,69,6371602490,1000.02,1,60,2647503688,407.553,4211869839,4211869839,0,3257420701,
mcs30_r005_s60.A06,mcs30_r005_s60.B06,dal_rl,34,64,6124201241,1000.02,1,60,10140913,1.3808,4044742368,4044742368,0,3151162570,
mcs30_r005_s60.A07,mcs30_r005_s60.B07,dal_rl,34,60,6151651706,1000.02,1,60,135990436,21.5179,4011636627,4011636627,0,3066012372,
mcs30_r005_s60.A08,mcs30_r005_s60.B08,dal_rl,33,61,6313957827,1000.01,1,60,13638800,2.12758,4022404237,4022404237,0,3054877726,
mcs30_r005_s60.A09,mcs30_r005_s60.B09,dal_rl,33,47,5954762488,1000.02,1,60,40337989,6.95814,3893651418,3893651418,0,3032616164,
mcs30_r005_s70.A00,mcs30_r005_s70.B00,dal_rl,37,57,4929486780,1000.02,1,70,8883459,1.72555,3084414685,3084414685,0,2420757241,
mcs30_r005_s70.A01,mcs30_r005_s70.B01,dal_rl,37,63,5924723495,1000.02,1,70,2125862077,345.407,3807082401,3807082401,0,2915129615,
mcs30_r005_s70.A02,mcs30_r005_s70.B02,dal_rl,37,61,5586958120,1000.02,1,70,36769364,6.0178,3619161155,3619161155,0,2939634302,
mcs30_r005_s70.A03,mcs30_r005_s70.B03,dal_rl,37,60,5038501594,1000.01,1,70,519340721,99.9037,3185909379,3185909379,0,2502173827,
mcs30_r005_s70.A04,mcs30_r005_s70.B04,dal_rl,36,59,5890336717,1000.02,1,70,1121937296,183.922,3679073289,3679073289,0,2778474873,
mcs30_r005_s70.A05,mcs30_r005_s70.B05,dal_rl,37,62,2846828396,1000.01,1,70,784934558,273.672,1806313413,1806313413,0,1402333652,
mcs30_r005_s70.A06,mcs30_r005_s70.B06,dal_rl,37,68,5775055708,1000.02,1,70,3772896454,647.921,3642476698,3642476698,0,2781790135,
mcs30_r005_s70.A07,mcs30_r005_s70.B07,dal_rl,37,59,5928840262,1000.02,1,70,381099779,61.7762,3715090985,3715090985,0,2896764653,
mcs30_r005_s70.A08,mcs30_r005_s70.B08,dal_rl,36,70,5761914615,1000.02,1,70,317653980,54.4267,3639229027,3639229027,0,2852726883,
mcs30_r005_s70.A09,mcs30_r005_s70.B09,dal_rl,37,61,4811622047,1000.01,1,70,208434917,40.5595,3116855605,3116855605,0,2456758908,
mcs30_r005_s80.A00,mcs30_r005_s80.B00,dal_rl,38,90,5920813069,1000,1,80,266430881,42.6739,3783208632,3783208632,0,2972965388,
mcs30_r005_s80.A01,mcs30_r005_s80.B01,dal_rl,39,80,6005095002,1000,1,80,858803418,135.844,3867544371,3867544371,0,2957483817,
mcs30_r005_s80.A02,mcs30_r005_s80.B02,dal_rl,37,77,5555226519,1000.02,1,80,48535299,8.04325,3489432997,3489432997,0,2653569922,
mcs30_r005_s80.A03,mcs30_r005_s80.B03,dal_rl,39,88,5046667942,1000.02,1,80,2709077337,534.23,3123669889,3123669889,0,2479733501,
mcs30_r005_s80.A04,mcs30_r005_s80.B04,dal_rl,37,72,4665843903,1000.02,1,80,296951074,52.3073,2927392011,2927392011,0,2449210089,
mcs30_r005_s80.A05,mcs30_r005_s80.B05,dal_rl,38,78,6010470080,1000.02,1,80,35358890,5.82938,3747955932,3747955932,0,2825875057,
mcs30_r005_s80.A06,mcs30_r005_s80.B06,dal_rl,39,66,5553259729,1000.02,1,80,567838065,97.0895,3479510707,3479510707,0,2711367995,
mcs30_r005_s80.A07,mcs30_r005_s80.B07,dal_rl,40,83,5807276918,1000.02,1,80,1444826671,244.864,3709516956,3709516956,0,2902732237,
mcs30_r005_s80.A08,mcs30_r005_s80.B08,dal_rl,38,68,5558268255,1000.01,1,80,16094187,2.70848,3473352276,3473352276,0,2734363052,
mcs30_r005_s80.A09,mcs30_r005_s80.B09,dal_rl,38,65,5533276367,1000.02,1,80,2328302025,415.021,3532034642,3532034642,0,2789796324,
mcs30_r005_s90.A00,mcs30_r005_s90.B00,dal_rl,43,83,5295808034,1000.02,1,90,3654337022,674.008,3268098582,3268098582,0,2581823939,
mcs30_r005_s90.A01,mcs30_r005_s90.B01,dal_rl,41,88,5898099006,1000.02,1,90,3043154136,500.139,3829349478,3829349478,0,3032992501,
mcs30_r005_s90.A02,mcs30_r005_s90.B02,dal_rl,40,73,5822349503,1000.02,1,90,5795025328,995.851,3614137240,3614137240,0,2769865457,
mcs30_r005_s90.A03,mcs30_r005_s90.B03,dal_rl,41,78,5199067357,1000.02,1,90,493187769,92.6169,3229993793,3229993793,0,2474653208,
mcs30_r005_s90.A04,mcs30_r005_s90.B04,dal_rl,40,84,5274514798,1000.02,1,90,177647706,31.214,3262220897,3262220897,0,2516419562,
mcs30_r005_s90.A05,mcs30_r005_s90.B05,dal_rl,40,79,5525150054,1000.02,1,90,855032659,146.344,3451255299,3451255299,0,2700039266,
mcs30_r005_s90.A06,mcs30_r005_s90.B06,dal_rl,39,71,4649929163,1000.02,1,90,53900732,10.1733,2921111760,2921111760,0,2438858631,
mcs30_r005_s90.A07,mcs30_r005_s90.B07,dal_rl,39,81,5195697848,1000.02,1,90,88733782,17.239,3287546080,3287546080,0,2575803371,
mcs30_r005_s90.A08,mcs30_r005_s90.B08,dal_rl,41,82,5677528282,1000.02,1,90,3676172090,623.093,3541362813,3541362813,0,2794875420,
mcs30_r005_s90.A09,mcs30_r005_s90.B09,dal_rl,41,97,5738594487,1000.02,1,90,2816135026,484.556,3650093321,3650093321,0,2919705199,
mcs30_r01_s10.A00,mcs30_r01_s10.B00,dal_rl,9,9,166,9.7155e-05,0,10,148,4.8383e-05,114,114,0,69,
mcs30_r01_s10.A01,mcs30_r01_s10.B01,dal_rl,8,7,316,7.1478e-05,0,10,28,1.1357e-05,198,198,0,107,
mcs30_r01_s10.A02,mcs30_r01_s10.B02,dal_rl,8,7,271,5.941e-05,0,10,136,2.0721e-05,180,180,0,122,
mcs30_r01_s10.A03,mcs30_r01_s10.B03,dal_rl,8,7,434,0.000151447,0,10,322,8.0511e-05,316,316,0,221,
mcs30_r01_s10.A04,mcs30_r01_s10.B04,dal_rl,8,8,146,5.4973e-05,0,10,9,8.813e-06,104,104,0,76,
mcs30_r01_s10.A05,mcs30_r01_s10.B05,dal_rl,8,7,541,8.9724e-05,0,10,458,5.5252e-05,399,399,0,292,
mcs30_r01_s10.A06,mcs30_r01_s10.B06,dal_rl,8,9,536,0.000187852,0,10,441,0.000119709,344,344,0,228,
mcs30_r01_s10.A07,mcs30_r01_s10.B07,dal_rl,8,7,430,8.5658e-05,0,10,275,3.5062e-05,277,277,0,166,
mcs30_r01_s10.A08,mcs30_r01_s10.B08,dal_rl,8,6,373,7.4242e-05,0,10,258,3.5954e-05,248,248,0,166,
mcs30_r01_s10.A09,mcs30_r01_s10.B09,dal_rl,7,8,818,0.000106331,0,10,66,1.382e-05,563,563,0,340,
mcs30_r01_s100.A00,mcs30_r01_s100.B00,dal_rl,29,74,4444193394,1000.01,1,100,2049519890,449.288,2654783397,2654783397,0,2293310947,
mcs30_r01_s100.A01,mcs30_r01_s100.B01,dal_rl,29,86,2098048618,1000.02,1,100,95882149,42.9954,1239975858,1239975858,0,1109580700,
mcs30_r01_s100.A02,mcs30_r01_s100.B02,dal_rl,28,69,4265188635,1000.01,1,100,208037247,47.9482,2500970662,2500970662,0,2110461503,
mcs30_r01_s100.A03,mcs30_r01_s100.B03,dal_rl,29,86,4328168120,1000.01,1,100,56708007,12.0402,2543269547,2543269547,0,2252307423,
mcs30_r01_s100.A04,mcs30_r01_s100.B04,dal_rl,28,79,4445786020,1000.02,1,100,265390700,57.105,2586623636,2586623636,0,2292363512,
mcs30_r01_s100.A05,mcs30_r01_s100.B05,dal_rl,29,75,4440833516,1000.02,1,100,471602059,105.054,2629910828,2629910828,0,2306811864,
mcs30_r01_s100.A06,mcs30_r01_s100.B06,dal_rl,28,74,4837375547,1000.02,1,100,123135433,25.0013,2870015490,2870015490,0,2459400095,
mcs30_r01_s100.A07,mcs30_r01_s100.B07,dal_rl,29,86,4433289756,1000.02,1,100,4188895848,940.776,2567115063,2567115063,0,2275202633,
mcs30_r01_s100.A08,mcs30_r01_s100.B08,dal_rl,29,80,4384914553,1000.02,1,100,2429321923,541.07,2574406521,2574406521,0,2274340774,
mcs30_r01_s100.A09,mcs30_r01_s100.B09,dal_rl,30,79,4084226648,1000.01,1,100,2437878981,582.438,2404291597,2404291597,0,2142976090,
mcs30_r01_s15.A00,mcs30_r01_s15.B00,dal_rl,11,14,5928,0.00152542,0,15,376,0.000104316,3916,3916,0,2740,
mcs30_r01_s15.A01,mcs30_r01_s15.B01,dal_rl,11,13,5846,0.00074087,0,15,20,1.0506e-05,3988,3988,0,2881,
mcs30_r01_s15.A02,mcs30_r01_s15.B02,dal_rl,11,11,6333,0.000874621,0,15,358,5.1308e-05,4270,4270,0,2883,
mcs30_r01_s15.A03,mcs30_r01_s15.B03,dal_rl,11,15,10038,0.000938447,0,15,7164,0.000541347,7125,7125,0,5118,
mcs30_r01_s15.A04,mcs30_r01_s15.B04,dal_rl,11,14,3474,0.000500403,0,15,442,6.7502e-05,2516,2516,0,1950,
mcs30_r01_s15.A05,mcs30_r01_s15.B05,dal_rl,11,14,6021,0.000770731,0,15,198,3.3841e-05,3963,3963,0,2805,
mcs30_r01_s15.A06,mcs30_r01_s15.B06,dal_rl,11,16,5009,0.00149467,0,15,60,3.5293e-05,3300,3300,0,2229,
mcs30_r01_s15.A07,mcs30_r01_s15.B07,dal_rl,12,15,1230,0.00019797,0,15,447,6.9124e-05,843,843,0,620,
mcs30_r01_s15.A08,mcs30_r01_s15.B08,dal_rl,11,12,4550,0.000671154,0,15,44,1.4201e-05,3128,3128,0,2232,
mcs30_r01_s15.A09,mcs30_r01_s15.B09,dal_rl,11,12,6513,0.000892528,0,15,607,8.8514e-05,4424,4424,0,3208,
mcs30_r01_s20.A00,mcs30_r01_s20.B00,dal_rl,14,14,108284,0.0164127,0,20,15909,0.00233376,69318,69318,0,51369,
mcs30_r01_s20.A01,mcs30_r01_s20.B01,dal_rl,14,21,69838,0.00950617,0,20,4735,0.000586444,45580,45580,0,33876,
mcs30_r01_s20.A02,mcs30_r01_s20.B02,dal_rl,14,18,52145,0.0155566,0,20,3504,0.00105453,33296,33296,0,24726,
mcs30_r01_s20.A03,mcs30_r01_s20.B03,dal_rl,15,19,64849,0.00915426,0,20,52659,0.00729244,42480,42480,0,31509,
mcs30_r01_s20.A04,mcs30_r01_s20.B04,dal_rl,14,17,97455,0.013439,0,20,56099,0.00746764,62847,62847,0,46822,
mcs30_r01_s20.A05,mcs30_r01_s20.B05,dal_rl,14,16,38616,0.00543432,0,20,9672,0.00124225,24729,24729,0,18145,
mcs30_r01_s20.A06,mcs30_r01_s20.B06,dal_rl,14,18,121371,0.0176972,0,20,11220,0.00160554,78189,78189,0,55729,
mcs30_r01_s20.A07,mcs30_r01_s20.B07,dal_rl,14,20,52626,0.00692452,0,20,721,0.000120101,35641,35641,0,26580,
mcs30_r01_s20.A08,mcs30_r01_s20.B08,dal_rl,14,17,146089,0.0224384,0,20,130332,0.019874,93904,93904,0,69243,
mcs30_r01_s20.A09,mcs30_r01_s20.B09,dal_rl,13,17,201748,0.0501198,0,20,6706,0.00160938,135568,135568,0,98210,
mcs30_r01_s25.A00,mcs30_r01_s25.B00,dal_rl,16,24,3344470,0.565654,0,25,687432,0.11102,2196663,2196663,0,1662203,
mcs30_r01_s25.A01,mcs30_r01_s25.B01,dal_rl,16,30,1800025,0.322418,0,25,292150,0.0495423,1182908,1182908,0,926723,
mcs30_r01_s25.A02,mcs30_r01_s25.B02,dal_rl,17,27,1942870,0.29746,0,25,1940439,0.297077,1236435,1236435,0,923939,
mcs30_r01_s25.A03,mcs30_r01_s25.B03,dal_rl,16,28,2079413,0.335914,0,25,278527,0.0430658,1333954,1333954,0,1023611,
mcs30_r01_s25.A04,mcs30_r01_s25.B04,dal_rl,17,30,1433395,0.220255,0,25,978879,0.147778,920168,920168,0,685704,
mcs30_r01_s25.A05,mcs30_r01_s25.B05,dal_rl,16,23,3756987,0.580342,0,25,373594,0.0542783,2403680,2403680,0,1772157,
mcs30_r01_s25.A06,mcs30_r01_s25.B06,dal_rl,16,26,4055309,0.604414,0,25,350318,0.0510194,2645327,2645327,0,2014651,
mcs30_r01_s25.A07,mcs30_r01_s25.B07,dal_rl,16,28,4020628,0.569058,0,25,1959,0.00031204,2660880,2660880,0,1971795,
mcs30_r01_s25.A08,mcs30_r01_s25.B08,dal_rl,17,29,1315966,0.209726,0,25,779002,0.120983,855223,855223,0,630647,
mcs30_r01_s25.A09,mcs30_r01_s25.B09,dal_rl,16,25,1476621,0.211228,0,25,356,5.981e-05,962332,962332,0,716548,
mcs30_r01_s30.A00,mcs30_r01_s30.B00,dal_rl,18,31,57096908,10.933,0,30,26778,0.00559655,37266967,37266967,0,29263078,
mcs30_r01_s30.A01,mcs30_r01_s30.B01,dal_rl,19,33,46751873,15.4778,0,30,45650514,15.1164,30026490,30026490,0,23332889,
mcs30_r01_s30.A02,mcs30_r01_s30.B02,dal_rl,19,30,33142066,6.48241,0,30,28497614,5.55039,21220563,21220563,0,16661319,
mcs30_r01_s30.A03,mcs30_r01_s30.B03,dal_rl,18,32,43616371,8.52572,0,30,627116,0.116512,28096828,28096828,0,21871651,
mcs30_r01_s30.A04,mcs30_r01_s30.B04,dal_rl,19,35,27787625,4.39564,0,30,14756456,2.24299,18358138,18358138,0,14331023,
mcs30_r01_s30.A05,mcs30_r01_s30.B05,dal_rl,19,26,23223704,4.06504,0,30,12527832,2.1425,14983270,14983270,0,11863922,
mcs30_r01_s30.A06,mcs30_r01_s30.B06,dal_rl,19,36,44880116,7.44743,0,30,34949681,5.69685,28809654,28809654,0,22180747,
mcs30_r01_s30.A07,mcs30_r01_s30.B07,dal_rl,18,34,54972481,8.87901,0,30,3256760,0.511298,35932793,35932793,0,27761881,
mcs30_r01_s30.A08,mcs30_r01_s30.B08,dal_rl,18,27,43395865,6.93674,0,30,574670,0.0881761,28227381,28227381,0,21793792,
mcs30_r01_s30.A09,mcs30_r01_s30.B09,dal_rl,18,36,48396340,8.13326,0,30,1043217,0.162447,31826174,31826174,0,24938920,
mcs30_r01_s35.A00,mcs30_r01_s35.B00,dal_rl,20,32,584485157,124.732,0,35,153989410,31.8835,375734553,375734553,0,299225776,
mcs30_r01_s35.A01,mcs30_r01_s35.B01,dal_rl,21,42,185603808,37.957,0,35,67769222,13.3321,123833390,123833390,0,101796101,
mcs30_r01_s35.A02,mcs30_r01_s35.B02,dal_rl,20,39,615624591,125.308,0,35,71810275,13.9074,399310109,399310109,0,317899029,
mcs30_r01_s35.A03,mcs30_r01_s35.B03,dal_rl,20,35,837211112,175.931,0,35,2718292,0.516873,537203845,537203845,0,432142137,
mcs30_r01_s35.A04,mcs30_r01_s35.B04,dal_rl,20,42,496300121,85.7552,0,35,14969737,2.51622,321556354,321556354,0,255873695,
mcs30_r01_s35.A05,mcs30_r01_s35.B05,dal_rl,20,33,546208281,95.1153,0,35,8612290,1.39351,360762174,360762174,0,290275945,
mcs30_r01_s35.A06,mcs30_r01_s35.B06,dal_rl,20,34,770762898,139.498,0,35,8396496,1.44839,501031910,501031910,0,399836843,
mcs30_r01_s35.A07,mcs30_r01_s35.B07,dal_rl,20,39,445958208,80.7026,0,35,7777564,1.27767,288302385,288302385,0,230042717,
mcs30_r01_s35.A08,mcs30_r01_s35.B08,dal_rl,21,40,357127911,62.5395,0,35,237858675,40.4557,234703149,234703149,0,187927197,
mcs30_r01_s35.A09,mcs30_r01_s35.B09,dal_rl,20,38,957616273,163.365,0,35,121348244,19.9927,618395043,618395043,0,494632188,
mcs30_r01_s40.A00,mcs30_r01_s40.B00,dal_rl,22,51,4717141021,1000.02,1,40,1764796061,359.511,3051882034,3051882034,0,2489957027,
mcs30_r01_s40.A01,mcs30_r01_s40.B01,dal_rl,22,39,2836740359,1000.01,1,40,130433661,43.3156,1868409915,1868409915,0,1513299154,
mcs30_r01_s40.A02,mcs30_r01_s40.B02,dal_rl,23,56,3383983407,630.914,0,40,1556004007,281.599,2232118752,2232118752,0,1818471063,
mcs30_r01_s40.A03,mcs30_r01_s40.B03,dal_rl,21,41,4598125633,1000.01,1,40,112623561,22.7619,2922450152,2922450152,0,2385484272,
mcs30_r01_s40.A04,mcs30_r01_s40.B04,dal_rl,21,44,5202150505,1000.02,1,40,12257533,2.28645,3329988839,3329988839,0,2759807027,
mcs30_r01_s40.A05,mcs30_r01_s40.B05,dal_rl,22,38,5307021352,1000.01,1,40,1358358453,247.919,3435061708,3435061708,0,2809645490,
mcs30_r01_s40.A06,mcs30_r01_s40.B06,dal_rl,21,42,5720490921,1000.01,1,40,7005127,1.23195,3688971486,3688971486,0,2992258947,
mcs30_r01_s40.A07,mcs30_r01_s40.B07,dal_rl,22,41,5594323940,1000.01,1,40,4341315630,769.356,3586241816,3586241816,0,2926855357,
mcs30_r01_s40.A08,mcs30_r01_s40.B08,dal_rl,22,46,5332791958,1000.01,1,40,2368217577,431.447,3454863931,3454863931,0,2847770328,
mcs30_r01_s40.A09,mcs30_r01_s40.B09,dal_rl,22,33,4302894293,1000.02,1,40,2230451383,506.056,2767938828,2767938828,0,2267989523,
mcs30_r01_s50.A00,mcs30_r01_s50.B00,dal_rl,23,50,4386066126,1000.02,1,50,158280646,33.981,2842573579,2842573579,0,2298842924,
mcs30_r01_s50.A01,mcs30_r01_s50.B01,dal_rl,23,54,2568225923,1000.02,1,50,5706594,2.20987,1598887183,1598887183,0,1339714285,
mcs30_r01_s50.A02,mcs30_r01_s50.B02,dal_rl,24,60,4965383137,1000.02,1,50,121625881,24.5933,3175179440,3175179440,0,2664179639,
mcs30_r01_s50.A03,mcs30_r01_s50.B03,dal_rl,24,61,5447841923,1000.02,1,50,2481670020,437.54,3510081647,3510081647,0,2909986639,
mcs30_r01_s50.A04,mcs30_r01_s50.B04,dal_rl,23,56,4390294675,1000.02,1,50,872432,0.180428,2746413575,2746413575,0,2299757440,
mcs30_r01_s50.A05,mcs30_r01_s50.B05,dal_rl,23,42,5423636475,1000.01,1,50,542078924,94.017,3437911209,3437911209,0,2843288781,
mcs30_r01_s50.A06,mcs30_r01_s50.B06,dal_rl,23,48,5152530258,1000.02,1,50,336722982,62.9731,3243593249,3243593249,0,2737252231,
mcs30_r01_s50.A07,mcs30_r01_s50.B07,dal_rl,24,52,5149437997,1000.02,1,50,87572681,15.6672,3286212503,3286212503,0,2745814004,
mcs30_r01_s50.A08,mcs30_r01_s50.B08,dal_rl,24,57,5032675083,1000.02,1,50,857584012,164.074,3291432033,3291432033,0,2776297113,
mcs30_r01_s50.A09,mcs30_r01_s50.B09,dal_rl,23,51,4984098727,1000.02,1,50,302680853,58.4484,3120617886,3120617886,0,2589266698,
mcs30_r01_s60.A00,mcs30_r01_s60.B00,dal_rl,24,49,4629889609,1000.02,1,60,6652633,1.21678,2840270081,2840270081,0,2430285667,
mcs30_r01_s60.A01,mcs30_r01_s60.B01,dal_rl,25,53,4983105918,1000.01,1,60,21922023,4.30757,3078433722,3078433722,0,2602227973,
mcs30_r01_s60.A02,mcs30_r01_s60.B02,dal_rl,25,59,4272347790,1000.02,1,60,585513490,132.392,2692219296,2692219296,0,2249441359,
mcs30_r01_s60.A03,mcs30_r01_s60.B03,dal_rl,24,63,5010550956,1000.01,1,60,8031835,1.55569,3150577638,3150577638,0,2587351192,
mcs30_r01_s60.A04,mcs30_r01_s60.B04,dal_rl,25,62,4654731150,1000.01,1,60,78289775,15.1975,2894012881,2894012881,0,2436148577,
mcs30_r01_s60.A05,mcs30_r01_s60.B05,dal_rl,26,66,4829033156,1000.01,1,60,487229541,99.0364,3048930052,3048930052,0,2587955236,
mcs30_r01_s60.A06,mcs30_r01_s60.B06,dal_rl,26,68,4424601625,1000.02,1,60,2458170418,554.777,2753210312,2753210312,0,2289832767,
mcs30_r01_s60.A07,mcs30_r01_s60.B07,dal_rl,25,61,2474081749,1000.01,1,60,50502349,19.05,1525029422,1525029422,0,1281901837,
mcs30_r01_s60.A08,mcs30_r01_s60.B08,dal_rl,25,63,4898409999,1000.02,1,60,770975246,150.592,3061008883,3061008883,0,2585909297,
mcs30_r01_s60.A09,mcs30_r01_s60.B09,dal_rl,25,54,4988834691,1000.02,1,60,547253676,104.826,3063237453,3063237453,0,2614404792,
mcs30_r01_s70.A00,mcs30_r01_s70.B00,dal_rl,26,70,4897320640,1000.01,1,70,10199621,2.0817,3010158110,3010158110,0,2590237486,
mcs30_r01_s70.A01,mcs30_r01_s70.B01,dal_rl,27,66,4698628080,1000.02,1,70,900085444,185.566,2897466979,2897466979,0,2492781993,
mcs30_r01_s70.A02,mcs30_r01_s70.B02,dal_rl,26,68,4189404639,1000.02,1,70,202638405,49.377,2562464570,2562464570,0,2220540495,
mcs30_r01_s70.A03,mcs30_r01_s70.B03,dal_rl,26,75,3978741357,1000.02,1,70,1473433835,361.627,2448340876,2448340876,0,2104891102,
mcs30_r01_s70.A04,mcs30_r01_s70.B04,dal_rl,27,59,4555877665,1000.02,1,70,4149406588,901.202,2799669188,2799669188,0,2366845636,
mcs30_r01_s70.A05,mcs30_r01_s70.B05,dal_rl,26,73,4572527755,1000.02,1,70,178726550,37.2293,2790415721,2790415721,0,2417557512,
mcs30_r01_s70.A06,mcs30_r01_s70.B06,dal_rl,26,70,4835115422,1000.01,1,70,128739904,25.3893,2912455638,2912455638,0,2478960198,
mcs30_r01_s70.A07,mcs30_r01_s70.B07,dal_rl,26,63,4661778857,1000.01,1,70,597588692,123.703,2851847775,2851847775,0,2469784388,
mcs30_r01_s70.A08,mcs30_r01_s70.B08,dal_rl,27,74,4622186187,1000.02,1,70,386205063,80.4564,2865262137,2865262137,0,2528838439,
mcs30_r01_s70.A09,mcs30_r01_s70.B09,dal_rl,25,67,5190633715,1000.02,1,70,37002132,7.01468,3172731949,3172731949,0,2660488118,
mcs30_r01_s80.A00,mcs30_r01_s80.B00,dal_rl,27,74,3964468922,1000.02,1,80,1550164180,366.357,2379052248,2379052248,0,2059283222,
mcs30_r01_s80.A01,mcs30_r01_s80.B01,dal_rl,27,64,4475395320,1000.02,1,80,776454227,165.091,2675828314,2675828314,0,2366507748,
mcs30_r01_s80.A02,mcs30_r01_s80.B02,dal_rl,27,61,3859565318,1000.02,1,80,799608355,198.018,2298872728,2298872728,0,2009096089,
mcs30_r01_s80.A03,mcs30_r01_s80.B03,dal_rl,27,65,4452658831,1000.02,1,80,1656550238,367.238,2652190020,2652190020,0,2335855310,
mcs30_r01_s80.A04,mcs30_r01_s80.B04,dal_rl,27,87,4422127047,1000.02,1,80,230061224,49.1,2661881487,2661881487,0,2328885809,
mcs30_r01_s80.A05,mcs30_r01_s80.B05,dal_rl,27,74,4525540750,1000.01,1,80,245865635,52.37,2707550285,2707550285,0,2410531604,
mcs30_r01_s80.A06,mcs30_r01_s80.B06,dal_rl,27,64,4862602251,1000.01,1,80,80651628,15.6286,2980119043,2980119043,0,2581391038,
mcs30_r01_s80.A07,mcs30_r01_s80.B07,dal_rl,27,73,4720710691,1000.02,1,80,491178,0.0944696,2798329263,2798329263,0,2392455903,
mcs30_r01_s80.A08,mcs30_r01_s80.B08,dal_rl,27,66,4741446999,1000.01,1,80,464600646,97.1511,2848787330,2848787330,0,2473419242,
mcs30_r01_s80.A09,mcs30_r01_s80.B09,dal_rl,26,64,4437432877,1000.02,1,80,6667620,1.38367,2640430316,2640430316,0,2317231403,
mcs30_r01_s90.A00,mcs30_r01_s90.B00,dal_rl,30,94,4442337645,1000.02,1,90,3928635832,879.159,2638474671,2638474671,0,2322360035,
mcs30_r01_s90.A01,mcs30_r01_s90.B01,dal_rl,27,79,4403288336,1000.02,1,90,670462,0.140469,2576831228,2576831228,0,2287928428,
mcs30_r01_s90.A02,mcs30_r01_s90.B02,dal_rl,28,69,4248972384,1000.02,1,90,130482519,29.913,2565160089,2565160089,0,2268334277,
mcs30_r01_s90.A03,mcs30_r01_s90.B03,dal_rl,28,81,4078486802,1000.01,1,90,868607191,211.452,2469062708,2469062708,0,2150576521,
mcs30_r01_s90.A04,mcs30_r01_s90.B04,dal_rl,28,87,3705178376,1000.01,1,90,437312028,110.024,2199718546,2199718546,0,1914688204,
mcs30_r01_s90.A05,mcs30_r01_s90.B05,dal_rl,27,73,4454919900,1000.01,1,90,1967007522,431.524,2606437561,2606437561,0,2306776422,
mcs30_r01_s90.A06,mcs30_r01_s90.B06,dal_rl,27,62,4536731873,1000.01,1,90,18440738,3.92349,2708422100,2708422100,0,2390568052,
mcs30_r01_s90.A07,mcs30_r01_s90.B07,dal_rl,27,64,4660929600,1000.01,1,90,8782513,1.79075,2766795198,2766795198,0,2382387262,
mcs30_r01_s90.A08,mcs30_r01_s90.B08,dal_rl,27,77,2325710795,1000.01,1,90,53510486,22.4592,1386991460,1386991460,0,1215518220,
mcs30_r01_s90.A09,mcs30_r01_s90.B09,dal_rl,29,83,4593861783,1000.02,1,90,256618827,52.253,2785326790,2785326790,0,2381431271,
mcs30_r02_s10.A00,mcs30_r02_s10.B00,dal_rl,7,11,604,0.000116165,0,10,65,1.4862e-05,402,402,0,304,
mcs30_r02_s10.A01,mcs30_r02_s10.B01,dal_rl,8,12,364,8.0291e-05,0,10,261,4.1733e-05,240,240,0,163,
mcs30_r02_s10.A02,mcs30_r02_s10.B02,dal_rl,8,11,332,7.7677e-05,0,10,281,4.2865e-05,216,216,0,152,
mcs30_r02_s10.A03,mcs30_r02_s10.B03,dal_rl,8,9,652,0.00011911,0,10,641,9.3531e-05,424,424,0,294,
mcs30_r02_s10.A04,mcs30_r02_s10.B04,dal_rl,7,9,514,0.000102224,0,10,8,6.98e-06,342,342,0,251,
mcs30_r02_s10.A05,mcs30_r02_s10.B05,dal_rl,8,13,277,6.7081e-05,0,10,209,3.2889e-05,178,178,0,127,
mcs30_r02_s10.A06,mcs30_r02_s10.B06,dal_rl,7,10,435,0.000111248,0,10,8,8.243e-06,290,290,0,224,
mcs30_r02_s10.A07,mcs30_r02_s10.B07,dal_rl,7,9,680,0.000132931,0,10,143,2.645e-05,443,443,0,328,
mcs30_r02_s10.A08,mcs30_r02_s10.B08,dal_rl,8,12,312,7.0937e-05,0,10,221,3.3671e-05,207,207,0,159,
mcs30_r02_s10.A09,mcs30_r02_s10.B09,dal_rl,7,8,893,0.000134492,0,10,238,3.4772e-05,576,576,0,418,
mcs30_r02_s100.A00,mcs30_r02_s100.B00,dal_rl,20,87,3855442461,1000.02,1,100,1821670185,455.056,2057904437,2057904437,0,1981887635,
mcs30_r02_s100.A01,mcs30_r02_s100.B01,dal_rl,20,72,3975802815,1000.02,1,100,2567343270,625.653,2134795450,2134795450,0,2030940713,
mcs30_r02_s100.A02,mcs30_r02_s100.B02,dal_rl,20,70,2976883326,1000.01,1,100,87650241,26.7038,1609652308,1609652308,0,1513337780,
mcs30_r02_s100.A03,mcs30_r02_s100.B03,dal_rl,20,86,3550357599,1000.02,1,100,157577339,40.8303,1899154462,1899154462,0,1820205627,
mcs30_r02_s100.A04,mcs30_r02_s100.B04,dal_rl,20,67,3836115180,1000.01,1,100,2198768423,549.075,2056651442,2056651442,0,1963009817,
mcs30_r02_s100.A05,mcs30_r02_s100.B05,dal_rl,20,72,3753799464,1000.01,1,100,361612564,89.5896,1997933312,1997933312,0,1930359873,
mcs30_r02_s100.A06,mcs30_r02_s100.B06,dal_rl,20,76,3328198592,1000.01,1,100,403152879,117.672,1825896942,1825896942,0,1742673327,
mcs30_r02_s100.A07,mcs30_r02_s100.B07,dal_rl,20,70,3955395425,1000.02,1,100,3386361954,844.133,2097960446,2097960446,0,2015578806,
mcs30_r02_s100.A08,mcs30_r02_s100.B08,dal_rl,20,67,3736547430,1000.01,1,100,159149186,39.1463,1999774172,1999774172,0,1919496440,
mcs30_r02_s100.A09,mcs30_r02_s100.B09,dal_rl,20,87,3883725041,1000.01,1,100,3388950425,862.15,2075180133,2075180133,0,1984082641,
mcs30_r02_s15.A00,mcs30_r02_s15.B00,dal_rl,10,19,5764,0.000859394,0,15,2978,0.000422175,4037,4037,0,3128,
mcs30_r02_s15.A01,mcs30_r02_s15.B01,dal_rl,10,16,9186,0.00137186,0,15,2089,0.000316436,6136,6136,0,4737,
mcs30_r02_s15.A02,mcs30_r02_s15.B02,dal_rl,10,17,8861,0.00139344,0,15,5858,0.000889129,5861,5861,0,4772,
mcs30_r02_s15.A03,mcs30_r02_s15.B03,dal_rl,10,17,6269,0.0013623,0,15,100,2.4738e-05,4185,4185,0,3243,
mcs30_r02_s15.A04,mcs30_r02_s15.B04,dal_rl,10,14,17933,0.00309955,0,15,11979,0.00215336,11247,11247,0,8824,
mcs30_r02_s15.A05,mcs30_r02_s15.B05,dal_rl,10,19,8172,0.0016506,0,15,166,3.4292e-05,5325,5325,0,4097,
mcs30_r02_s15.A06,mcs30_r02_s15.B06,dal_rl,10,16,12748,0.00197889,0,15,7763,0.001166,8232,8232,0,6458,
mcs30_r02_s15.A07,mcs30_r02_s15.B07,dal_rl,10,19,8028,0.00130459,0,15,2792,0.000444499,5155,5155,0,4122,
mcs30_r02_s15.A08,mcs30_r02_s15.B08,dal_rl,10,18,9362,0.00147949,0,15,1199,0.000178689,5957,5957,0,4679,
mcs30_r02_s15.A09,mcs30_r02_s15.B09,dal_rl,10,17,7099,0.00111533,0,15,1828,0.000271359,4683,4683,0,3753,
mcs30_r02_s20.A00,mcs30_r02_s20.B00,dal_rl,12,24,315869,0.0535524,0,20,188357,0.0305864,198779,198779,0,159445,
mcs30_r02_s20.A01,mcs30_r02_s20.B01,dal_rl,12,29,220192,0.0379706,0,20,97010,0.0159037,142736,142736,0,117338,
mcs30_r02_s20.A02,mcs30_r02_s20.B02,dal_rl,12,27,259166,0.0440124,0,20,220017,0.0368852,165544,165544,0,135413,
mcs30_r02_s20.A03,mcs30_r02_s20.B03,dal_rl,12,25,226581,0.0379513,0,20,116785,0.0186832,145455,145455,0,114699,
mcs30_r02_s20.A04,mcs30_r02_s20.B04,dal_rl,12,20,154863,0.0275139,0,20,63079,0.0109465,100415,100415,0,84368,
mcs30_r02_s20.A05,mcs30_r02_s20.B05,dal_rl,12,22,294548,0.0491722,0,20,228192,0.0378378,183769,183769,0,143540,
mcs30_r02_s20.A06,mcs30_r02_s20.B06,dal_rl,12,30,141766,0.0250433,0,20,13189,0.00229685,94556,94556,0,78636,
mcs30_r02_s20.A07,mcs30_r02_s20.B07,dal_rl,12,27,183671,0.0320716,0,20,19446,0.00317988,118079,118079,0,96468,
mcs30_r02_s20.A08,mcs30_r02_s20.B08,dal_rl,12,23,295746,0.0496725,0,20,229265,0.0382014,186685,186685,0,150534,
mcs30_r02_s20.A09,mcs30_r02_s20.B09,dal_rl,12,24,223482,0.048697,0,20,17928,0.00369141,141141,141141,0,115289,
mcs30_r02_s25.A00,mcs30_r02_s25.B00,dal_rl,14,34,3375965,0.63823,0,25,2909287,0.549219,2095062,2095062,0,1737053,
mcs30_r02_s25.A01,mcs30_r02_s25.B01,dal_rl,13,23,5897222,1.12868,0,25,9147,0.00165924,3658328,3658328,0,3066453,
mcs30_r02_s25.A02,mcs30_r02_s25.B02,dal_rl,13,32,6236245,1.15603,0,25,33116,0.0059436,3928809,3928809,0,3308961,
mcs30_r02_s25.A03,mcs30_r02_s25.B03,dal_rl,13,38,4825744,0.932875,0,25,186355,0.03278,3040842,3040842,0,2592661,
mcs30_r02_s25.A04,mcs30_r02_s25.B04,dal_rl,13,33,5140679,0.977525,0,25,16134,0.00283583,3190677,3190677,0,2700038,
mcs30_r02_s25.A05,mcs30_r02_s25.B05,dal_rl,13,30,4189068,0.782966,0,25,105,2.9244e-05,2648760,2648760,0,2222875,
mcs30_r02_s25.A06,mcs30_r02_s25.B06,dal_rl,13,28,5632345,1.07888,0,25,15956,0.00281131,3531145,3531145,0,2968168,
mcs30_r02_s25.A07,mcs30_r02_s25.B07,dal_rl,13,31,4809474,0.959682,0,25,5767,0.00137291,3010720,3010720,0,2513406,
mcs30_r02_s25.A08,mcs30_r02_s25.B08,dal_rl,13,29,4721142,0.925763,0,25,30025,0.00570857,2956203,2956203,0,2484601,
mcs30_r02_s25.A09,mcs30_r02_s25.B09,dal_rl,13,28,6066265,1.19535,0,25,148308,0.0270085,3770321,3770321,0,3239515,
mcs30_r02_s30.A00,mcs30_r02_s30.B00,dal_rl,14,34,90476686,18.9016,0,30,435735,0.0835757,55548398,55548398,0,48429874,
mcs30_r02_s30.A01,mcs30_r02_s30.B01,dal_rl,15,42,53703745,11.2494,0,30,7798318,1.55404,33111846,33111846,0,28640924,
mcs30_r02_s30.A02,mcs30_r02_s30.B02,dal_rl,15,42,45724867,9.73364,0,30,10085702,1.99148,28645667,28645667,0,24957482,
mcs30_r02_s30.A03,mcs30_r02_s30.B03,dal_rl,14,39,99261550,24.2333,0,30,117744,0.0265241,60942820,60942820,0,52471692,
mcs30_r02_s30.A04,mcs30_r02_s30.B04,dal_rl,15,35,76242599,15.8415,0,30,62538391,12.8404,46567933,46567933,0,40786306,
mcs30_r02_s30.A05,mcs30_r02_s30.B05,dal_rl,14,38,143309158,29.067,0,30,1810975,0.336715,86982358,86982358,0,75461887,
mcs30_r02_s30.A06,mcs30_r02_s30.B06,dal_rl,15,41,56830746,12.0964,0,30,28666614,5.77974,35408354,35408354,0,31115034,
mcs30_r02_s30.A07,mcs30_r02_s30.B07,dal_rl,14,41,85362108,17.5654,0,30,3545962,0.683682,52502423,52502423,0,45492172,
mcs30_r02_s30.A08,mcs30_r02_s30.B08,dal_rl,14,29,107338890,21.9802,0,30,14717,0.00273141,66071301,66071301,0,57518346,
mcs30_r02_s30.A09,mcs30_r02_s30.B09,dal_rl,14,30,112703747,23.1414,0,30,66906,0.0132104,68849182,68849182,0,59997918,
mcs30_r02_s35.A00,mcs30_r02_s35.B00,dal_rl,16,54,612994851,137.839,0,35,237498053,51.8725,372926478,372926478,0,333628319,
mcs30_r02_s35.A01,mcs30_r02_s35.B01,dal_rl,15,34,1166809868,269.455,0,35,365093,0.0780855,704595840,704595840,0,624090947,
mcs30_r02_s35.A02,mcs30_r02_s35.B02,dal_rl,16,46,498518908,111.44,0,35,134790125,28.5691,307049249,307049249,0,271722502,
mcs30_r02_s35.A03,mcs30_r02_s35.B03,dal_rl,15,37,1142548962,247.581,0,35,34423466,7.03696,693157175,693157175,0,614098755,
mcs30_r02_s35.A04,mcs30_r02_s35.B04,dal_rl,16,41,576420097,128.897,0,35,345804316,75.6081,350704121,350704121,0,312712064,
mcs30_r02_s35.A05,mcs30_r02_s35.B05,dal_rl,16,46,866208585,200.844,0,35,553296666,124.124,528000027,528000027,0,466965351,
mcs30_r02_s35.A06,mcs30_r02_s35.B06,dal_rl,16,40,807276920,212.446,0,35,252122767,62.8898,491826672,491826672,0,435145936,
mcs30_r02_s35.A07,mcs30_r02_s35.B07,dal_rl,16,48,569671261,130.335,0,35,216521378,47.423,347572386,347572386,0,310491904,
mcs30_r02_s35.A08,mcs30_r02_s35.B08,dal_rl,15,40,1067838382,232.453,0,35,231844,0.0466452,648638260,648638260,0,572980566,
mcs30_r02_s35.A09,mcs30_r02_s35.B09,dal_rl,16,45,1036111305,224.573,0,35,967028268,209.012,627715842,627715842,0,554133220,
mcs30_r02_s40.A00,mcs30_r02_s40.B00,dal_rl,16,57,4319129140,1000.02,1,40,42940262,9.40878,2582522835,2582522835,0,2331710280,
mcs30_r02_s40.A01,mcs30_r02_s40.B01,dal_rl,17,57,4238621025,1000.02,1,40,2061408458,467.541,2519841412,2519841412,0,2286126021,
mcs30_r02_s40.A02,mcs30_r02_s40.B02,dal_rl,16,45,4424011641,1000.02,1,40,35410515,7.5056,2651538350,2651538350,0,2392191944,
mcs30_r02_s40.A03,mcs30_r02_s40.B03,dal_rl,17,44,2095205230,1000.02,1,40,1085903081,507.289,1254066053,1254066053,0,1136844864,
mcs30_r02_s40.A04,mcs30_r02_s40.B04,dal_rl,16,36,4295396959,1000,1,40,68516272,15.2247,2555939489,2555939489,0,2316345380,
mcs30_r02_s40.A05,mcs30_r02_s40.B05,dal_rl,17,50,4266022962,1000.02,1,40,3074602418,705.5,2541336358,2541336358,0,2307651538,
mcs30_r02_s40.A06,mcs30_r02_s40.B06,dal_rl,16,42,4301506950,1000.02,1,40,10939100,2.43138,2549900766,2549900766,0,2316276327,
mcs30_r02_s40.A07,mcs30_r02_s40.B07,dal_rl,16,37,4294739940,1000,1,40,27866774,6.20701,2567026888,2567026888,0,2330483720,
mcs30_r02_s40.A08,mcs30_r02_s40.B08,dal_rl,17,41,4284322017,1000.02,1,40,1109481931,244.856,2606647007,2606647007,0,2334688672,
mcs30_r02_s40.A09,mcs30_r02_s40.B09,dal_rl,16,48,4406260158,1000.02,1,40,51595227,11.055,2653849297,2653849297,0,2388817572,
mcs30_r02_s50.A00,mcs30_r02_s50.B00,dal_rl,17,45,4108409671,1000.02,1,50,497370567,112.658,2382805903,2382805903,0,2180223213,
mcs30_r02_s50.A01,mcs30_r02_s50.B01,dal_rl,17,56,4033414508,1000.01,1,50,144260550,34.1849,2370292180,2370292180,0,2161949102,
mcs30_r02_s50.A02,mcs30_r02_s50.B02,dal_rl,17,53,4130329678,1000.01,1,50,89067165,20.3398,2370180601,2370180601,0,2201004297,
mcs30_r02_s50.A03,mcs30_r02_s50.B03,dal_rl,17,57,4085839608,1000.02,1,50,8902872,1.99606,2365002098,2365002098,0,2182428885,
mcs30_r02_s50.A04,mcs30_r02_s50.B04,dal_rl,18,59,3860846801,1000.01,1,50,199100404,47.6083,2259628218,2259628218,0,2101527184,
mcs30_r02_s50.A05,mcs30_r02_s50.B05,dal_rl,17,54,3451854262,1000.02,1,50,42139078,11.7736,2042003238,2042003238,0,1846547571,
mcs30_r02_s50.A06,mcs30_r02_s50.B06,dal_rl,17,56,3385186993,1000.02,1,50,58089349,16.1199,1985454749,1985454749,0,1812465358,
mcs30_r02_s50.A07,mcs30_r02_s50.B07,dal_rl,17,67,2123685560,1000.02,1,50,22548581,9.81556,1233455991,1233455991,0,1127054805,
mcs30_r02_s50.A08,mcs30_r02_s50.B08,dal_rl,17,42,3984205114,1000.02,1,50,71964208,16.9643,2313000533,2313000533,0,2135281637,
mcs30_r02_s50.A09,mcs30_r02_s50.B09,dal_rl,17,52,4106808916,1000.01,1,50,123133132,28.0052,2385287795,2385287795,0,2200265078,
mcs30_r02_s60.A00,mcs30_r02_s60.B00,dal_rl,18,59,3742728703,1000.02,1,60,223703016,55.6299,2120281883,2120281883,0,1983223033,
mcs30_r02_s60.A01,mcs30_r02_s60.B01,dal_rl,18,66,3805329204,1000.01,1,60,950646109,242.678,2168627566,2168627566,0,2025150844,
mcs30_r02_s60.A02,mcs30_r02_s60.B02,dal_rl,18,64,3794247204,1000.01,1,60,687915464,171.169,2162976955,2162976955,0,1989256528,
mcs30_r02_s60.A03,mcs30_r02_s60.B03,dal_rl,18,63,3563878846,1000.02,1,60,752081047,215.94,2049356250,2049356250,0,1885477871,
mcs30_r02_s60.A04,mcs30_r02_s60.B04,dal_rl,18,55,4000924190,1000.02,1,60,202615236,48.015,2309831414,2309831414,0,2115299959,
mcs30_r02_s60.A05,mcs30_r02_s60.B05,dal_rl,18,66,4056595548,1000.02,1,60,135445066,31.0646,2343234663,2343234663,0,2167757228,
mcs30_r02_s60.A06,mcs30_r02_s60.B06,dal_rl,18,57,3992661800,1000.02,1,60,1554031949,375.488,2241924890,2241924890,0,2109647265,
mcs30_r02_s60.A07,mcs30_r02_s60.B07,dal_rl,18,55,4115441396,1000.02,1,60,162132961,37.2452,2385587382,2385587382,0,2206162246,
mcs30_r02_s60.A08,mcs30_r02_s60.B08,dal_rl,18,59,3917553298,1000.02,1,60,309980689,74.0727,2235104711,2235104711,0,2069131248,
mcs30_r02_s60.A09,mcs30_r02_s60.B09,dal_rl,18,64,3215477354,1000.02,1,60,150157654,43.7258,1843339791,1843339791,0,1704086835,
mcs30_r02_s70.A00,mcs30_r02_s70.B00,dal_rl,18,61,3321411195,1000.02,1,70,28303772,7.76758,1822074373,1822074373,0,1726826167,
mcs30_r02_s70.A01,mcs30_r02_s70.B01,dal_rl,19,75,1909869045,1000.02,1,70,653775918,321.61,1062452450,1062452450,0,1003906136,
mcs30_r02_s70.A02,mcs30_r02_s70.B02,dal_rl,18,75,3786308829,1000.02,1,70,72309524,17.467,2101247456,2101247456,0,1980846677,
mcs30_r02_s70.A03,mcs30_r02_s70.B03,dal_rl,19,72,3706704853,1000.02,1,70,543439572,136.453,2053585069,2053585069,0,1948114282,
mcs30_r02_s70.A04,mcs30_r02_s70.B04,dal_rl,19,66,3623966808,1000.01,1,70,678151931,190.138,2041262441,2041262441,0,1910983442,
mcs30_r02_s70.A05,mcs30_r02_s70.B05,dal_rl,18,63,3890931051,1000.01,1,70,53223157,12.2455,2152799300,2152799300,0,2033732291,
mcs30_r02_s70.A06,mcs30_r02_s70.B06,dal_rl,18,59,3907601989,1000.01,1,70,4325309,1.00653,2164035250,2164035250,0,2014664944,
mcs30_r02_s70.A07,mcs30_r02_s70.B07,dal_rl,19,76,3973760818,1000.02,1,70,2065394058,499.446,2235738868,2235738868,0,2078349824,
mcs30_r02_s70.A08,mcs30_r02_s70.B08,dal_rl,18,68,3339363228,1000.02,1,70,44353074,12.1806,1834799322,1834799322,0,1711233742,
mcs30_r02_s70.A09,mcs30_r02_s70.B09,dal_rl,19,62,3298049428,1000.01,1,70,171312168,48.5463,1864859159,1864859159,0,1746715822,
mcs30_r02_s80.A00,mcs30_r02_s80.B00,dal_rl,19,58,3733292938,1000.01,1,80,763197136,193.483,2043969872,2043969872,0,1936049781,
mcs30_r02_s80.A01,mcs30_r02_s80.B01,dal_rl,19,69,3716922563,1000.02,1,80,499707772,125.384,2032589631,2032589631,0,1936944314,
mcs30_r02_s80.A02,mcs30_r02_s80.B02,dal_rl,19,74,3155686424,1000.02,1,80,458008505,135.482,1743963670,1743963670,0,1656286638,
mcs30_r02_s80.A03,mcs30_r02_s80.B03,dal_rl,19,58,3812947601,1000.02,1,80,1406926886,338.586,2081756867,2081756867,0,1984277570,
mcs30_r02_s80.A04,mcs30_r02_s80.B04,dal_rl,19,69,3319325243,1000.02,1,80,507910574,141.698,1837992001,1837992001,0,1744300897,
mcs30_r02_s80.A05,mcs30_r02_s80.B05,dal_rl,19,84,3593316468,1000.02,1,80,120359966,31.1189,1961969250,1961969250,0,1874107074,
mcs30_r02_s80.A06,mcs30_r02_s80.B06,dal_rl,20,74,3225354152,1000.02,1,80,903935356,266.998,1782444735,1782444735,0,1698749457,
mcs30_r02_s80.A07,mcs30_r02_s80.B07,dal_rl,19,64,1938850082,1000.02,1,80,1122522,0.516593,1074146542,1074146542,0,1018462297,
mcs30_r02_s80.A08,mcs30_r02_s80.B08,dal_rl,19,78,3921026269,1000.01,1,80,9815506,2.28739,2194338189,2194338189,0,2071314299,
mcs30_r02_s80.A09,mcs30_r02_s80.B09,dal_rl,19,62,3821396411,1000.01,1,80,243533749,58.0711,2113235129,2113235129,0,2006760691,
mcs30_r02_s90.A00,mcs30_r02_s90.B00,dal_rl,19,77,3882286376,1000.01,1,90,15227683,3.52166,2097457948,2097457948,0,2007641471,
mcs30_r02_s90.A01,mcs30_r02_s90.B01,dal_rl,20,74,3884220658,1000.01,1,90,1272148205,308.966,2121339966,2121339966,0,2020340074,
mcs30_r02_s90.A02,mcs30_r02_s90.B02,dal_rl,19,61,3335668644,1000.02,1,90,384412567,108.699,1785644182,1785644182,0,1705711463,
mcs30_r02_s90.A03,mcs30_r02_s90.B03,dal_rl,20,81,3041310510,1000.01,1,90,108500024,33.7906,1653071967,1653071967,0,1582201314,
mcs30_r02_s90.A04,mcs30_r02_s90.B04,dal_rl,20,82,3162066547,1000.02,1,90,896790902,268.175,1722243695,1722243695,0,1640689882,
mcs30_r02_s90.A05,mcs30_r02_s90.B05,dal_rl,20,87,3445374929,1000.02,1,90,448099422,123.769,1860685951,1860685951,0,1774413672,
mcs30_r02_s90.A06,mcs30_r02_s90.B06,dal_rl,20,63,3759073057,1000.01,1,90,441661615,109.654,2037647064,2037647064,0,1954860919,
mcs30_r02_s90.A07,mcs30_r02_s90.B07,dal_rl,20,74,3699643434,1000.02,1,90,144782489,35.9227,2001916192,2001916192,0,1924226653,
mcs30_r02_s90.A08,mcs30_r02_s90.B08,dal_rl,19,66,3871542416,1000.02,1,90,3696173,0.85509,2094890335,2094890335,0,1977822399,
mcs30_r02_s90.A09,mcs30_r02_s90.B09,dal_rl,19,77,3788297080,1000.01,1,90,128618056,31.4269,2044711188,2044711188,0,1936052502,
mcs50_b03_s10.A00,mcs50_b03_s10.B00,dal_rl,8,8,157,6.676e-05,0,10,20,9.655e-06,105,105,0,72,
mcs50_b03_s10.A01,mcs50_b03_s10.B01,dal_rl,9,9,199,8.7712e-05,0,10,178,3.7777e-05,139,139,0,94,
mcs50_b03_s10.A02,mcs50_b03_s10.B02,dal_rl,7,7,827,0.000124488,0,10,99,1.6725e-05,533,533,0,352,
mcs50_b03_s10.A03,mcs50_b03_s10.B03,dal_rl,7,6,434,0.000107302,0,10,85,1.9189e-05,308,308,0,218,
mcs50_b03_s10.A04,mcs50_b03_s10.B04,dal_rl,8,10,213,5.95e-05,0,10,104,1.8899e-05,142,142,0,98,
mcs50_b03_s10.A05,mcs50_b03_s10.B05,dal_rl,7,7,618,0.000123175,0,10,39,1.1127e-05,410,410,0,282,
mcs50_b03_s10.A06,mcs50_b03_s10.B06,dal_rl,7,11,469,0.000101322,0,10,8,6.39e-06,316,316,0,228,
mcs50_b03_s10.A07,mcs50_b03_s10.B07,dal_rl,8,9,360,0.000100593,0,10,263,4.8754e-05,249,249,0,171,
mcs50_b03_s10.A08,mcs50_b03_s10.B08,dal_rl,8,10,151,5.5113e-05,0,10,29,1.2429e-05,107,107,0,72,
mcs50_b03_s10.A09,mcs50_b03_s10.B09,dal_rl,7,9,488,9.5404e-05,0,10,106,1.9319e-05,319,319,0,218,
mcs50_b03_s100.A00,mcs50_b03_s100.B00,dal_rl,64,74,18287272152,1000.01,1,100,238543954,10.7467,15718246937,15718246937,0,13149243447,
mcs50_b03_s100.A01,mcs50_b03_s100.B01,dal_rl,67,64,14662131654,1000.01,1,100,7708985,0.457595,12484785329,12484785329,0,10377634101,
mcs50_b03_s100.A02,mcs50_b03_s100.B02,dal_rl,69,78,8335279644,1000.02,1,100,8316311956,997.241,6670249312,6670249312,0,5056362261,
mcs50_b03_s100.A03,mcs50_b03_s100.B03,dal_rl,58,58,15504620757,1000.02,1,100,54679230,2.68776,12649369473,12649369473,0,10557850704,
mcs50_b03_s100.A04,mcs50_b03_s100.B04,dal_rl,71,79,14640293353,1000.02,1,100,2915938861,196.181,12918087584,12918087584,0,11195983320,
mcs50_b03_s100.A05,mcs50_b03_s100.B05,dal_rl,70,85,6058724981,1000.01,1,100,325020422,48.4584,4590208521,4590208521,0,3416547051,
mcs50_b03_s100.A06,mcs50_b03_s100.B06,dal_rl,72,84,7596474726,1000.02,1,100,7395755644,968.009,5718882852,5718882852,0,4105612796,
mcs50_b03_s100.A07,mcs50_b03_s100.B07,dal_rl,72,73,10123570702,1000.02,1,100,9141171211,851.82,8376437903,8376437903,0,6940283944,
mcs50_b03_s100.A08,mcs50_b03_s100.B08,dal_rl,65,61,10313468772,1000.02,1,100,9747248944,944.138,9355203599,9355203599,0,8437133691,
mcs50_b03_s100.A09,mcs50_b03_s100.B09,dal_rl,72,75,6462992403,1000.02,1,100,4943313291,755.35,4995768306,4995768306,0,3727171088,
mcs50_b03_s15.A00,mcs50_b03_s15.B00,dal_rl,11,13,4510,0.000667485,0,15,289,4.6469e-05,2963,2963,0,1980,
mcs50_b03_s15.A01,mcs50_b03_s15.B01,dal_rl,11,13,3644,0.000488376,0,15,78,1.8007e-05,2427,2427,0,1801,
mcs50_b03_s15.A02,mcs50_b03_s15.B02,dal_rl,13,16,2372,0.000320363,0,15,2322,0.000288265,1576,1576,0,1069,
mcs50_b03_s15.A03,mcs50_b03_s15.B03,dal_rl,12,14,3189,0.000482567,0,15,2373,0.000331729,2203,2203,0,1572,
mcs50_b03_s15.A04,mcs50_b03_s15.B04,dal_rl,11,10,6728,0.000749679,0,15,3358,0.000342646,4708,4708,0,3501,
mcs50_b03_s15.A05,mcs50_b03_s15.B05,dal_rl,12,13,2340,0.000328325,0,15,1513,0.000197578,1599,1599,0,1069,
mcs50_b03_s15.A06,mcs50_b03_s15.B06,dal_rl,11,11,6558,0.000848468,0,15,29,1.2319e-05,4613,4613,0,3437,
mcs50_b03_s15.A07,mcs50_b03_s15.B07,dal_rl,11,11,6709,0.000881018,0,15,2227,0.00023906,4670,4670,0,3296,
mcs50_b03_s15.A08,mcs50_b03_s15.B08,dal_rl,12,12,2424,0.000327814,0,15,2257,0.000273933,1618,1618,0,1150,
mcs50_b03_s15.A09,mcs50_b03_s15.B09,dal_rl,11,13,4578,0.000883444,0,15,614,0.000376459,3160,3160,0,2232,
mcs50_b03_s20.A00,mcs50_b03_s20.B00,dal_rl,15,17,51983,0.0073176,0,20,9913,0.0012917,32129,32129,0,20350,
mcs50_b03_s20.A01,mcs50_b03_s20.B01,dal_rl,15,16,47699,0.00889304,0,20,5358,0.000934316,33893,33893,0,24413,
mcs50_b03_s20.A02,mcs50_b03_s20.B02,dal_rl,14,15,146432,0.0147279,0,20,3617,0.00039877,96338,96338,0,64430,
mcs50_b03_s20.A03,mcs50_b03_s20.B03,dal_rl,16,21,9460,0.00131713,0,20,4229,0.000580627,6318,6318,0,4569,
mcs50_b03_s20.A04,mcs50_b03_s20.B04,dal_rl,15,21,47529,0.00663089,0,20,3286,0.000441846,31407,31407,0,21862,
mcs50_b03_s20.A05,mcs50_b03_s20.B05,dal_rl,16,16,78249,0.00930376,0,20,73133,0.00864403,51215,51215,0,33414,
mcs50_b03_s20.A06,mcs50_b03_s20.B06,dal_rl,16,17,13162,0.00205238,0,20,5420,0.000684562,8184,8184,0,5112,
mcs50_b03_s20.A07,mcs50_b03_s20.B07,dal_rl,15,16,43676,0.00576543,0,20,16812,0.00232789,28337,28337,0,19442,
mcs50_b03_s20.A08,mcs50_b03_s20.B08,dal_rl,16,18,16064,0.00229601,0,20,9604,0.00131122,10443,10443,0,6918,
mcs50_b03_s20.A09,mcs50_b03_s20.B09,dal_rl,16,21,21550,0.00327384,0,20,16726,0.00248375,14091,14091,0,9785,
mcs50_b03_s25.A00,mcs50_b03_s25.B00,dal_rl,19,21,751594,0.0982594,0,25,385480,0.0449988,481810,481810,0,311466,
mcs50_b03_s25.A01,mcs50_b03_s25.B01,dal_rl,19,20,648595,0.0748146,0,25,522812,0.059402,440283,440283,0,300221,
mcs50_b03_s25.A02,mcs50_b03_s25.B02,dal_rl,19,25,408868,0.0496999,0,25,17219,0.00169744,269190,269190,0,181532,
mcs50_b03_s25.A03,mcs50_b03_s25.B03,dal_rl,19,22,427609,0.0565216,0,25,57562,0.00783548,277867,277867,0,180404,
mcs50_b03_s25.A04,mcs50_b03_s25.B04,dal_rl,18,19,2113389,0.2286,0,25,422076,0.0413483,1449557,1449557,0,993393,
mcs50_b03_s25.A05,mcs50_b03_s25.B05,dal_rl,19,18,358560,0.0456416,0,25,152089,0.0175458,245625,245625,0,178978,
mcs50_b03_s25.A06,mcs50_b03_s25.B06,dal_rl,19,25,397622,0.0471883,0,25,171733,0.0194075,263202,263202,0,179876,
mcs50_b03_s25.A07,mcs50_b03_s25.B07,dal_rl,19,26,261944,0.0343122,0,25,37020,0.00442622,170312,170312,0,113386,
mcs50_b03_s25.A08,mcs50_b03_s25.B08,dal_rl,19,18,437601,0.0620736,0,25,189979,0.0255834,285407,285407,0,186660,
mcs50_b03_s25.A09,mcs50_b03_s25.B09,dal_rl,19,20,229476,0.0321321,0,25,34680,0.00493448,157594,157594,0,113792,
mcs50_b03_s30.A00,mcs50_b03_s30.B00,dal_rl,23,28,6254628,0.735463,0,30,4577963,0.522298,4345941,4345941,0,2995691,
mcs50_b03_s30.A01,mcs50_b03_s30.B01,dal_rl,24,28,2163484,0.286554,0,30,2128964,0.281803,1487662,1487662,0,1064015,
mcs50_b03_s30.A02,mcs50_b03_s30.B02,dal_rl,23,26,4974572,0.668449,0,30,3823749,0.508171,3352383,3352383,0,2321697,
mcs50_b03_s30.A03,mcs50_b03_s30.B03,dal_rl,23,28,6842624,0.880072,0,30,1815765,0.228139,4581622,4581622,0,3195754,
mcs50_b03_s30.A04,mcs50_b03_s30.B04,dal_rl,23,27,2282782,0.230202,0,30,1278782,0.103097,1627839,1627839,0,1142978,
mcs50_b03_s30.A05,mcs50_b03_s30.B05,dal_rl,23,29,17057368,1.86034,0,30,16021555,1.73537,12038687,12038687,0,8319347,
mcs50_b03_s30.A06,mcs50_b03_s30.B06,dal_rl,23,23,6682291,0.892156,0,30,1971756,0.256441,4468342,4468342,0,3045634,
mcs50_b03_s30.A07,mcs50_b03_s30.B07,dal_rl,23,27,1624149,0.21881,0,30,443026,0.0554622,1108833,1108833,0,768032,
mcs50_b03_s30.A08,mcs50_b03_s30.B08,dal_rl,23,25,2821708,0.375108,0,30,36136,0.00487254,1814894,1814894,0,1223819,
mcs50_b03_s30.A09,mcs50_b03_s30.B09,dal_rl,23,28,3784358,0.479594,0,30,979032,0.117395,2481384,2481384,0,1664264,
mcs50_b03_s35.A00,mcs50_b03_s35.B00,dal_rl,27,29,16593923,2.03303,0,35,6966286,0.743547,11861899,11861899,0,8465911,
mcs50_b03_s35.A01,mcs50_b03_s35.B01,dal_rl,27,35,64851454,9.33392,0,35,35368343,4.95388,45526891,45526891,0,31194424,
mcs50_b03_s35.A02,mcs50_b03_s35.B02,dal_rl,27,33,39999975,10.6648,0,35,1700624,0.411276,27378656,27378656,0,19455918,
mcs50_b03_s35.A03,mcs50_b03_s35.B03,dal_rl,27,34,20604317,3.50859,0,35,1208149,0.170203,13985010,13985010,0,9790124,
mcs50_b03_s35.A04,mcs50_b03_s35.B04,dal_rl,27,32,59849812,7.78997,0,35,22578374,2.83221,42604897,42604897,0,31039086,
mcs50_b03_s35.A05,mcs50_b03_s35.B05,dal_rl,27,36,15266457,1.99333,0,35,5340719,0.640937,10874292,10874292,0,7798847,
mcs50_b03_s35.A06,mcs50_b03_s35.B06,dal_rl,27,30,11195805,1.42154,0,35,2189523,0.223289,7786642,7786642,0,5426780,
mcs50_b03_s35.A07,mcs50_b03_s35.B07,dal_rl,28,36,14365153,1.92722,0,35,13447850,1.79251,10091722,10091722,0,7114548,
mcs50_b03_s35.A08,mcs50_b03_s35.B08,dal_rl,27,29,96430540,11.3678,0,35,87352625,10.0912,70618307,70618307,0,51090292,
mcs50_b03_s35.A09,mcs50_b03_s35.B09,dal_rl,27,31,101687205,12.4031,0,35,37743709,4.47649,70578209,70578209,0,46654825,
mcs50_b03_s40.A00,mcs50_b03_s40.B00,dal_rl,31,36,298038454,40.7381,0,40,161291658,21.4224,205376206,205376206,0,147858332,
mcs50_b03_s40.A01,mcs50_b03_s40.B01,dal_rl,32,34,477991782,61.0583,0,40,440482945,55.7754,328381797,328381797,0,220570561,
mcs50_b03_s40.A02,mcs50_b03_s40.B02,dal_rl,31,36,775507447,117.522,0,40,741669090,112.559,527300785,527300785,0,363093353,
mcs50_b03_s40.A03,mcs50_b03_s40.B03,dal_rl,31,37,133781541,36.7268,0,40,56219937,14.6296,95267208,95267208,0,68414719,
mcs50_b03_s40.A04,mcs50_b03_s40.B04,dal_rl,31,36,231799203,38.9492,0,40,126324759,20.5695,160684692,160684692,0,114054748,
mcs50_b03_s40.A05,mcs50_b03_s40.B05,dal_rl,32,35,150244286,20.4383,0,40,140943526,19.101,101673665,101673665,0,68994850,
mcs50_b03_s40.A06,mcs50_b03_s40.B06,dal_rl,31,36,179626835,24.7535,0,40,7597331,0.954171,124981472,124981472,0,86812412,
mcs50_b03_s40.A07,mcs50_b03_s40.B07,dal_rl,31,35,384154692,54.845,0,40,14566007,2.0114,262477098,262477098,0,177722664,
mcs50_b03_s40.A08,mcs50_b03_s40.B08,dal_rl,31,39,538183731,75.9745,0,40,354408192,49.323,374027762,374027762,0,262591657,
mcs50_b03_s40.A09,mcs50_b03_s40.B09,dal_rl,31,28,150076246,23.9583,0,40,48068048,7.23019,102954063,102954063,0,69863576,
mcs50_b03_s50.A00,mcs50_b03_s50.B00,dal_rl,38,42,3496308289,1000.02,1,50,111083693,27.9631,2447810914,2447810914,0,1733671894,
mcs50_b03_s50.A01,mcs50_b03_s50.B01,dal_rl,38,40,7197196855,1000.02,1,50,516634008,66.7772,5004951945,5004951945,0,3406635318,
mcs50_b03_s50.A02,mcs50_b03_s50.B02,dal_rl,40,49,3721404188,548.864,0,50,3205917418,470.319,2620967798,2620967798,0,1853651814,
mcs50_b03_s50.A03,mcs50_b03_s50.B03,dal_rl,38,41,7502856257,1000.02,1,50,4695800565,608.422,5260358122,5260358122,0,3652638531,
mcs50_b03_s50.A04,mcs50_b03_s50.B04,dal_rl,39,48,6520712026,1000.02,1,50,1481985360,95.4773,4825610056,4825610056,0,3528200990,
mcs50_b03_s50.A05,mcs50_b03_s50.B05,dal_rl,37,48,7188429161,1000.02,1,50,1208175749,156.805,5104328431,5104328431,0,3643601200,
mcs50_b03_s50.A06,mcs50_b03_s50.B06,dal_rl,38,45,6713820363,1000.02,1,50,121632227,16.4896,4712903071,4712903071,0,3335996488,
mcs50_b03_s50.A07,mcs50_b03_s50.B07,dal_rl,38,42,7240118296,1000.02,1,50,4096186,0.526581,4895778108,4895778108,0,3368046499,
mcs50_b03_s50.A08,mcs50_b03_s50.B08,dal_rl,38,44,7203710975,1000.02,1,50,1952359967,260.16,5023852406,5023852406,0,3459399352,
mcs50_b03_s50.A09,mcs50_b03_s50.B09,dal_rl,38,44,7193888777,1000.02,1,50,3376380350,455.567,4968823189,4968823189,0,3487521309,
mcs50_b03_s60.A00,mcs50_b03_s60.B00,dal_rl,46,48,6995339396,1000.01,1,60,3191365173,443.153,5045117882,5045117882,0,3595894287,
mcs50_b03_s60.A01,mcs50_b03_s60.B01,dal_rl,46,54,5453153516,1000.02,1,60,514779920,87.2546,4004038049,4004038049,0,2959162359,
mcs50_b03_s60.A02,mcs50_b03_s60.B02,dal_rl,44,44,6635938169,1000.02,1,60,593955252,84.8388,4781241363,4781241363,0,3411414653,
mcs50_b03_s60.A03,mcs50_b03_s60.B03,dal_rl,45,51,8504872490,1000.02,1,60,3800114756,316.35,6466539331,6466539331,0,4854933923,
mcs50_b03_s60.A04,mcs50_b03_s60.B04,dal_rl,44,48,6549018145,1000.03,1,60,742390012,104.545,4752542490,4752542490,0,3406283557,
mcs50_b03_s60.A05,mcs50_b03_s60.B05,dal_rl,45,47,6822590516,1000.02,1,60,1563554348,223.005,4754165410,4754165410,0,3238583439,
mcs50_b03_s60.A06,mcs50_b03_s60.B06,dal_rl,46,47,6605067515,1000.02,1,60,6284487301,950.174,4979241255,4979241255,0,3742158498,
mcs50_b03_s60.A07,mcs50_b03_s60.B07,dal_rl,42,44,7351365471,1000.02,1,60,166578951,18.7203,5276045085,5276045085,0,3635621174,
mcs50_b03_s60.A08,mcs50_b03_s60.B08,dal_rl,45,52,6893242718,1000.02,1,60,1651837910,233.267,4950460992,4950460992,0,3515315740,
mcs50_b03_s60.A09,mcs50_b03_s60.B09,dal_rl,45,50,6039493092,1000.02,1,60,462529023,77.8658,4295397994,4295397994,0,2969082776,
mcs50_b03_s70.A00,mcs50_b03_s70.B00,dal_rl,50,58,7146122639,1000.02,1,70,309484238,38.3499,5159300622,5159300622,0,3697866768,
mcs50_b03_s70.A01,mcs50_b03_s70.B01,dal_rl,49,54,7527779543,1000.01,1,70,560601048,68.6565,5487502616,5487502616,0,3839727416,
mcs50_b03_s70.A02,mcs50_b03_s70.B02,dal_rl,46,44,8571723006,1000.02,1,70,5025668639,620.562,6553684313,6553684313,0,4786906063,
mcs50_b03_s70.A03,mcs50_b03_s70.B03,dal_rl,48,48,3578452672,1000.01,1,70,267510239,64.3612,2602173477,2602173477,0,1801564811,
mcs50_b03_s70.A04,mcs50_b03_s70.B04,dal_rl,46,53,14020048425,1000.01,1,70,229957021,14.7582,11411728994,11411728994,0,8803768168,
mcs50_b03_s70.A05,mcs50_b03_s70.B05,dal_rl,49,57,6860881057,1000.02,1,70,1273625950,173.056,4979994451,4979994451,0,3438750884,
mcs50_b03_s70.A06,mcs50_b03_s70.B06,dal_rl,53,56,7770323362,1000.02,1,70,1733518891,124.789,5743093495,5743093495,0,4308123862,
mcs50_b03_s70.A07,mcs50_b03_s70.B07,dal_rl,51,56,6961389410,1000.01,1,70,6506343191,925.281,5110839583,5110839583,0,3633194982,
mcs50_b03_s70.A08,mcs50_b03_s70.B08,dal_rl,43,40,21454880953,1000.02,1,70,48827373,2.08268,17384914275,17384914275,0,13708226486,
mcs50_b03_s70.A09,mcs50_b03_s70.B09,dal_rl,52,59,7448421036,1000.02,1,70,1577200220,207.278,5548431620,5548431620,0,4016826876,
mcs50_b03_s80.A00,mcs50_b03_s80.B00,dal_rl,56,62,7166851646,1000.01,1,80,1411687528,141.949,5312345674,5312345674,0,3772279266,
mcs50_b03_s80.A01,mcs50_b03_s80.B01,dal_rl,53,55,8186661059,1000.01,1,80,639376162,41.0865,6773415965,6773415965,0,5434376214,
mcs50_b03_s80.A02,mcs50_b03_s80.B02,dal_rl,51,54,11231519727,1000.01,1,80,517416455,36.2122,9176647302,9176647302,0,7236422980,
mcs50_b03_s80.A03,mcs50_b03_s80.B03,dal_rl,57,67,7200800792,1000.01,1,80,1706461572,234.602,5169305751,5169305751,0,3628039422,
mcs50_b03_s80.A04,mcs50_b03_s80.B04,dal_rl,51,58,15761580529,1000.02,1,80,2367200176,131.033,13989875368,13989875368,0,12232628416,
mcs50_b03_s80.A05,mcs50_b03_s80.B05,dal_rl,47,48,14115673105,1000.02,1,80,360,8.3516e-05,11577899311,11577899311,0,9431356662,
mcs50_b03_s80.A06,mcs50_b03_s80.B06,dal_rl,56,65,10337494493,1000.02,1,80,9737061781,897.536,8615504605,8615504605,0,7020698307,
mcs50_b03_s80.A07,mcs50_b03_s80.B07,dal_rl,59,62,4310603464,1000.02,1,80,2833791897,562.987,3445895395,3445895395,0,2779387453,
mcs50_b03_s80.A08,mcs50_b03_s80.B08,dal_rl,52,54,18165847820,1000.02,1,80,9586878,0.559153,15954784558,15954784558,0,13743721302,
mcs50_b03_s80.A09,mcs50_b03_s80.B09,dal_rl,58,61,6795840014,1000.01,1,80,5968863377,868.91,4954580322,4954580322,0,3499554462,
mcs50_b03_s90.A00,mcs50_b03_s90.B00,dal_rl,60,77,18673124181,1000.01,1,90,1306803104,103.263,14206637209,14206637209,0,9742100044,
mcs50_b03_s90.A01,mcs50_b03_s90.B01,dal_rl,64,74,7182774632,1000.01,1,90,2805253623,310.27,5986393840,5986393840,0,4926599037,
mcs50_b03_s90.A02,mcs50_b03_s90.B02,dal_rl,63,70,16194273861,1000.01,1,90,23425203,2.10493,14400909523,14400909523,0,12612900256,
mcs50_b03_s90.A03,mcs50_b03_s90.B03,dal_rl,64,72,6408293342,1000.02,1,90,2118331603,326.955,4926999734,4926999734,0,3953849714,
mcs50_b03_s90.A04,mcs50_b03_s90.B04,dal_rl,61,67,9093897080,1000.02,1,90,796192,0.0928358,7967645897,7967645897,0,6928596798,
mcs50_b03_s90.A05,mcs50_b03_s90.B05,dal_rl,64,65,6812141327,1000.01,1,90,1494006423,214.734,5172343525,5172343525,0,4065248938,
mcs50_b03_s90.A06,mcs50_b03_s90.B06,dal_rl,55,57,17720661443,1000.02,1,90,10968208606,605.236,15148861334,15148861334,0,13133375623,
mcs50_b03_s90.A07,mcs50_b03_s90.B07,dal_rl,53,61,18017359041,1000.02,1,90,248,7.3191e-05,15107528291,15107528291,0,12573050355,
mcs50_b03_s90.A08,mcs50_b03_s90.B08,dal_rl,64,78,7723534527,1000.02,1,90,2049667036,239.501,5692201350,5692201350,0,4045549480,
mcs50_b03_s90.A09,mcs50_b03_s90.B09,dal_rl,65,72,7637534887,1000.01,1,90,5667327239,617.792,5866921924,5866921924,0,4320607539,
mcs50_b03m_s10.A00,mcs50_b03m_s10.B00,dal_rl,8,8,160,6.9605e-05,0,10,35,1.5433e-05,116,116,0,86,
mcs50_b03m_s10.A01,mcs50_b03m_s10.B01,dal_rl,8,12,164,9.7987e-05,0,10,48,2.2945e-05,113,113,0,78,
mcs50_b03m_s10.A02,mcs50_b03m_s10.B02,dal_rl,8,9,249,6.8814e-05,0,10,106,2.0451e-05,157,157,0,96,
mcs50_b03m_s10.A03,mcs50_b03m_s10.B03,dal_rl,7,8,601,0.000107812,0,10,27,9.304e-06,408,408,0,280,
mcs50_b03m_s10.A04,mcs50_b03m_s10.B04,dal_rl,7,6,599,0.000108174,0,10,117,1.961e-05,396,396,0,274,
mcs50_b03m_s10.A05,mcs50_b03m_s10.B05,dal_rl,7,8,430,0.000100713,0,10,40,1.364e-05,296,296,0,210,
mcs50_b03m_s10.A06,mcs50_b03m_s10.B06,dal_rl,8,7,601,0.000177286,0,10,584,0.000128562,391,391,0,275,
mcs50_b03m_s10.A07,mcs50_b03m_s10.B07,dal_rl,8,9,246,6.8273e-05,0,10,118,2.4206e-05,160,160,0,95,
mcs50_b03m_s10.A08,mcs50_b03m_s10.B08,dal_rl,7,7,495,9.3922e-05,0,10,38,1.0516e-05,340,340,0,240,
mcs50_b03m_s10.A09,mcs50_b03m_s10.B09,dal_rl,8,8,335,9.2941e-05,0,10,253,4.2414e-05,224,224,0,152,
mcs50_b03m_s100.A00,mcs50_b03m_s100.B00,dal_rl,61,70,15254010285,1000.02,1,100,3379423,0.264717,11886373592,11886373592,0,8917715765,
mcs50_b03m_s100.A01,mcs50_b03m_s100.B01,dal_rl,67,75,3977113096,1000.02,1,100,1623191962,377.2,3270691873,3270691873,0,2605625411,
mcs50_b03m_s100.A02,mcs50_b03m_s100.B02,dal_rl,59,60,17766703396,1000.02,1,100,776279433,39.5431,15003013554,15003013554,0,13016431860,
mcs50_b03m_s100.A03,mcs50_b03m_s100.B03,dal_rl,70,78,6284012886,1000.02,1,100,1395749690,209.223,4805163748,4805163748,0,3741330396,
mcs50_b03m_s100.A04,mcs50_b03m_s100.B04,dal_rl,68,66,9299404077,1000.02,1,100,19014881,1.48652,7372066940,7372066940,0,5490400112,
mcs50_b03m_s100.A05,mcs50_b03m_s100.B05,dal_rl,68,78,16958032224,1000.01,1,100,3401,0.000470021,15323254488,15323254488,0,13688774233,
mcs50_b03m_s100.A06,mcs50_b03m_s100.B06,dal_rl,57,62,10957565716,1000.02,1,100,176,7.1327e-05,9099257467,9099257467,0,7565294414,
mcs50_b03m_s100.A07,mcs50_b03m_s100.B07,dal_rl,64,72,18150386742,1000.02,1,100,4815431442,254.397,15849528872,15849528872,0,13557865876,
mcs50_b03m_s100.A08,mcs50_b03m_s100.B08,dal_rl,70,83,9976668271,1000.02,1,100,7009576770,536.793,8554243403,8554243403,0,7266712608,
mcs50_b03m_s100.A09,mcs50_b03m_s100.B09,dal_rl,67,71,14091945147,1000.02,1,100,2722026653,185.645,11229720980,11229720980,0,8389578226,
mcs50_b03m_s15.A00,mcs50_b03m_s15.B00,dal_rl,11,14,5209,0.00058928,0,15,292,4.0521e-05,3465,3465,0,2374,
mcs50_b03m_s15.A01,mcs50_b03m_s15.B01,dal_rl,12,14,8687,0.00108604,0,15,7842,0.000943147,5790,5790,0,4081,
mcs50_b03m_s15.A02,mcs50_b03m_s15.B02,dal_rl,11,11,8908,0.00111295,0,15,1256,0.000144237,6090,6090,0,4272,
mcs50_b03m_s15.A03,mcs50_b03m_s15.B03,dal_rl,12,14,2214,0.000321676,0,15,1816,0.000234775,1533,1533,0,1061,
mcs50_b03m_s15.A04,mcs50_b03m_s15.B04,dal_rl,12,11,4303,0.000592296,0,15,3551,0.000461068,2815,2815,0,1896,
mcs50_b03m_s15.A05,mcs50_b03m_s15.B05,dal_rl,12,13,3016,0.000399481,0,15,2517,0.000296926,2077,2077,0,1481,
mcs50_b03m_s15.A06,mcs50_b03m_s15.B06,dal_rl,11,9,8237,0.00112798,0,15,24,9.574e-06,5777,5777,0,4347,
mcs50_b03m_s15.A07,mcs50_b03m_s15.B07,dal_rl,12,15,661,0.000134744,0,15,56,2.0221e-05,465,465,0,354,
mcs50_b03m_s15.A08,mcs50_b03m_s15.B08,dal_rl,11,11,5848,0.000950677,0,15,420,7.8038e-05,3643,3643,0,2269,
mcs50_b03m_s15.A09,mcs50_b03m_s15.B09,dal_rl,11,10,4951,0.000727557,0,15,666,0.000105059,3440,3440,0,2469,
mcs50_b03m_s20.A00,mcs50_b03m_s20.B00,dal_rl,16,15,22356,0.00305074,0,20,22138,0.00298076,16324,16324,0,12640,
mcs50_b03m_s20.A01,mcs50_b03m_s20.B01,dal_rl,16,17,12668,0.00153275,0,20,9299,0.00102684,8342,8342,0,5713,
mcs50_b03m_s20.A02,mcs50_b03m_s20.B02,dal_rl,15,21,32381,0.00404404,0,20,487,6.7512e-05,21988,21988,0,15620,
mcs50_b03m_s20.A03,mcs50_b03m_s20.B03,dal_rl,15,16,37288,0.00534931,0,20,18668,0.00254931,24916,24916,0,17457,
mcs50_b03m_s20.A04,mcs50_b03m_s20.B04,dal_rl,15,19,96895,0.0124255,0,20,22420,0.00273418,63711,63711,0,43579,
mcs50_b03m_s20.A05,mcs50_b03m_s20.B05,dal_rl,16,20,4648,0.000688385,0,20,409,5.7967e-05,3207,3207,0,2355,
mcs50_b03m_s20.A06,mcs50_b03m_s20.B06,dal_rl,15,15,34863,0.00884419,0,20,2728,0.000706551,23878,23878,0,16855,
mcs50_b03m_s20.A07,mcs50_b03m_s20.B07,dal_rl,15,18,37730,0.00481481,0,20,3786,0.000415215,26506,26506,0,19328,
mcs50_b03m_s20.A08,mcs50_b03m_s20.B08,dal_rl,16,17,36138,0.00451717,0,20,35699,0.0044322,23104,23104,0,15657,
mcs50_b03m_s20.A09,mcs50_b03m_s20.B09,dal_rl,15,11,957266,0.0524544,0,20,921913,0.0484622,718496,718496,0,525582,
mcs50_b03m_s25.A00,mcs50_b03m_s25.B00,dal_rl,20,26,119087,0.0156855,0,25,68616,0.00874202,79424,79424,0,54927,
mcs50_b03m_s25.A01,mcs50_b03m_s25.B01,dal_rl,19,23,803185,0.114133,0,25,268740,0.0382012,536070,536070,0,363292,
mcs50_b03m_s25.A02,mcs50_b03m_s25.B02,dal_rl,19,17,839407,0.115037,0,25,34078,0.00444363,554143,554143,0,372054,
mcs50_b03m_s25.A03,mcs50_b03m_s25.B03,dal_rl,19,19,211532,0.028292,0,25,10600,0.00142127,138666,138666,0,92127,
mcs50_b03m_s25.A04,mcs50_b03m_s25.B04,dal_rl,19,20,430669,0.0535728,0,25,84313,0.00941542,285464,285464,0,185787,
mcs50_b03m_s25.A05,mcs50_b03m_s25.B05,dal_rl,20,20,106900,0.0146015,0,25,96883,0.0131034,74490,74490,0,53775,
mcs50_b03m_s25.A06,mcs50_b03m_s25.B06,dal_rl,19,21,409690,0.0564147,0,25,161052,0.0198685,284072,284072,0,206827,
mcs50_b03m_s25.A07,mcs50_b03m_s25.B07,dal_rl,20,27,151093,0.0202274,0,25,128177,0.0169811,100424,100424,0,68577,
mcs50_b03m_s25.A08,mcs50_b03m_s25.B08,dal_rl,20,23,82685,0.0105614,0,25,46578,0.00586946,56014,56014,0,38055,
mcs50_b03m_s25.A09,mcs50_b03m_s25.B09,dal_rl,20,22,129717,0.0337432,0,25,85479,0.0216396,83749,83749,0,56728,
mcs50_b03m_s30.A00,mcs50_b03m_s30.B00,dal_rl,24,28,3348687,0.402078,0,30,3230965,0.386727,2230604,2230604,0,1477336,
mcs50_b03m_s30.A01,mcs50_b03m_s30.B01,dal_rl,23,31,3759865,0.573183,0,30,301086,0.0406531,2683497,2683497,0,1898539,
mcs50_b03m_s30.A02,mcs50_b03m_s30.B02,dal_rl,23,26,3403444,0.459538,0,30,1576151,0.20785,2347565,2347565,0,1621904,
mcs50_b03m_s30.A03,mcs50_b03m_s30.B03,dal_rl,23,24,3322096,0.42394,0,30,44427,0.0053084,2272061,2272061,0,1523584,
mcs50_b03m_s30.A04,mcs50_b03m_s30.B04,dal_rl,23,25,11248724,1.43742,0,30,8617521,1.08013,7593844,7593844,0,5160883,
mcs50_b03m_s30.A05,mcs50_b03m_s30.B05,dal_rl,23,23,13979348,1.68633,0,30,13553160,1.63152,10003244,10003244,0,7314391,
mcs50_b03m_s30.A06,mcs50_b03m_s30.B06,dal_rl,23,26,9396721,1.11952,0,30,2307204,0.177703,6916005,6916005,0,4854199,
mcs50_b03m_s30.A07,mcs50_b03m_s30.B07,dal_rl,23,23,3478985,0.462202,0,30,2265133,0.296041,2408697,2408697,0,1732694,
mcs50_b03m_s30.A08,mcs50_b03m_s30.B08,dal_rl,23,25,2338068,0.28595,0,30,304162,0.0302819,1654789,1654789,0,1194680,
mcs50_b03m_s30.A09,mcs50_b03m_s30.B09,dal_rl,23,23,1014457,0.272129,0,30,108895,0.0253351,706915,706915,0,508185,
mcs50_b03m_s35.A00,mcs50_b03m_s35.B00,dal_rl,28,30,5806599,0.773861,0,35,2498650,0.32134,3894595,3894595,0,2698537,
mcs50_b03m_s35.A01,mcs50_b03m_s35.B01,dal_rl,27,29,81741892,10.0947,0,35,2042543,0.204086,56512417,56512417,0,37338852,
mcs50_b03m_s35.A02,mcs50_b03m_s35.B02,dal_rl,27,28,27572955,3.40541,0,35,2984472,0.321008,18818003,18818003,0,12743755,
mcs50_b03m_s35.A03,mcs50_b03m_s35.B03,dal_rl,27,35,30952689,3.84527,0,35,8816064,0.963833,21907431,21907431,0,15392255,
mcs50_b03m_s35.A04,mcs50_b03m_s35.B04,dal_rl,27,31,27452511,4.06762,0,35,12231656,1.66021,19316705,19316705,0,13244118,
mcs50_b03m_s35.A05,mcs50_b03m_s35.B05,dal_rl,28,35,10294435,1.5736,0,35,8813195,1.32939,7058106,7058106,0,4918508,
mcs50_b03m_s35.A06,mcs50_b03m_s35.B06,dal_rl,28,38,9915223,1.37714,0,35,8464600,1.16384,6736484,6736484,0,4694351,
mcs50_b03m_s35.A07,mcs50_b03m_s35.B07,dal_rl,27,29,242460904,31.1933,0,35,231315896,29.6426,171649487,171649487,0,122609496,
mcs50_b03m_s35.A08,mcs50_b03m_s35.B08,dal_rl,27,35,30295742,3.95285,0,35,6292635,0.778802,20711525,20711525,0,14025593,
mcs50_b03m_s35.A09,mcs50_b03m_s35.B09,dal_rl,27,37,21554535,2.79847,0,35,8547123,0.878283,15583666,15583666,0,11386908,
mcs50_b03m_s40.A00,mcs50_b03m_s40.B00,dal_rl,31,30,304826202,42.0609,0,40,273739103,37.5578,219768760,219768760,0,158799251,
mcs50_b03m_s40.A01,mcs50_b03m_s40.B01,dal_rl,31,36,397325285,53.2406,0,40,182926691,23.8436,272146901,272146901,0,187847555,
mcs50_b03m_s40.A02,mcs50_b03m_s40.B02,dal_rl,31,39,284847623,77.0336,0,40,151751933,39.9749,192504821,192504821,0,130490891,
mcs50_b03m_s40.A03,mcs50_b03m_s40.B03,dal_rl,31,38,542377076,72.1751,0,40,14497559,1.79654,373093897,373093897,0,257389269,
mcs50_b03m_s40.A04,mcs50_b03m_s40.B04,dal_rl,31,35,145616951,19.3843,0,40,112408087,14.6701,103311759,103311759,0,76942753,
mcs50_b03m_s40.A05,mcs50_b03m_s40.B05,dal_rl,31,36,215491831,29.0581,0,40,127257385,16.7217,149498370,149498370,0,104756231,
mcs50_b03m_s40.A06,mcs50_b03m_s40.B06,dal_rl,32,37,58537660,8.40858,0,40,55141157,7.95736,43311016,43311016,0,32630437,
mcs50_b03m_s40.A07,mcs50_b03m_s40.B07,dal_rl,30,23,2006586660,297.294,0,40,3243047,0.313658,1442943719,1442943719,0,1045660464,
mcs50_b03m_s40.A08,mcs50_b03m_s40.B08,dal_rl,31,38,240812294,38.7299,0,40,20248654,2.97934,166212468,166212468,0,112729678,
mcs50_b03m_s40.A09,mcs50_b03m_s40.B09,dal_rl,31,36,142183615,22.5646,0,40,1941666,0.281802,99047749,99047749,0,69425997,
mcs50_b03m_s50.A00,mcs50_b03m_s50.B00,dal_rl,37,40,7133006146,1000.01,1,50,6863560266,960.988,5043049853,5043049853,0,3579957161,
mcs50_b03m_s50.A01,mcs50_b03m_s50.B01,dal_rl,40,44,3585109944,528.382,0,50,2624278480,380.009,2546798337,2546798337,0,1899935748,
mcs50_b03m_s50.A02,mcs50_b03m_s50.B02,dal_rl,39,49,6798612857,1000.02,1,50,118586248,16.1899,4667893134,4667893134,0,3274818201,
mcs50_b03m_s50.A03,mcs50_b03m_s50.B03,dal_rl,39,46,4426420140,650.313,0,50,226959546,27.4863,3155331037,3155331037,0,2254993798,
mcs50_b03m_s50.A04,mcs50_b03m_s50.B04,dal_rl,39,47,6967238188,1000.01,1,50,1864954459,257.574,4883516848,4883516848,0,3465772897,
mcs50_b03m_s50.A05,mcs50_b03m_s50.B05,dal_rl,39,42,5920416086,1000.02,1,50,4938722485,827.727,4086287216,4086287216,0,2735342695,
mcs50_b03m_s50.A06,mcs50_b03m_s50.B06,dal_rl,39,46,6603607270,1000,1,50,392089199,62.6873,4630092325,4630092325,0,3260632640,
mcs50_b03m_s50.A07,mcs50_b03m_s50.B07,dal_rl,39,46,6671512448,1000.02,1,50,3252006657,483.788,4583185728,4583185728,0,3171657493,
mcs50_b03m_s50.A08,mcs50_b03m_s50.B08,dal_rl,39,48,6706464053,1000.01,1,50,2439187073,345.463,4746210580,4746210580,0,3348041522,
mcs50_b03m_s50.A09,mcs50_b03m_s50.B09,dal_rl,40,43,6295986935,945.107,0,50,6077249214,910.927,4481287529,4481287529,0,3247942599,
mcs50_b03m_s60.A00,mcs50_b03m_s60.B00,dal_rl,44,53,7570745626,1000.01,1,60,6808539676,871.391,5663967881,5663967881,0,4163581241,
mcs50_b03m_s60.A01,mcs50_b03m_s60.B01,dal_rl,45,53,6840578243,1000.01,1,60,5224309589,764.009,4925974479,4925974479,0,3453095639,
mcs50_b03m_s60.A02,mcs50_b03m_s60.B02,dal_rl,45,56,6094668557,1000.02,1,60,5013965710,818.327,4315692131,4315692131,0,2880433083,
mcs50_b03m_s60.A03,mcs50_b03m_s60.B03,dal_rl,42,50,23225580274,1000.02,1,60,22309952580,944.846,17657259753,17657259753,0,12956888769,
mcs50_b03m_s60.A04,mcs50_b03m_s60.B04,dal_rl,44,50,7138376691,1000.02,1,60,433427962,41.4281,5301797110,5301797110,0,3745867628,
mcs50_b03m_s60.A05,mcs50_b03m_s60.B05,dal_rl,43,53,13023466612,1000.01,1,60,4236394046,272.924,11172059103,11172059103,0,9353749763,
mcs50_b03m_s60.A06,mcs50_b03m_s60.B06,dal_rl,44,56,7148587972,1000.02,1,60,2460709652,331.446,5147221261,5147221261,0,3570885100,
mcs50_b03m_s60.A07,mcs50_b03m_s60.B07,dal_rl,47,47,6542083987,1000.02,1,60,673294229,98.262,4562258437,4562258437,0,3147753167,
mcs50_b03m_s60.A08,mcs50_b03m_s60.B08,dal_rl,45,49,3567826538,1000.01,1,60,1005942742,263.093,2556853848,2556853848,0,1811709763,
mcs50_b03m_s60.A09,mcs50_b03m_s60.B09,dal_rl,47,62,6978278767,1000.02,1,60,6899595957,988.206,5410657391,5410657391,0,4094520218,
mcs50_b03m_s70.A00,mcs50_b03m_s70.B00,dal_rl,50,54,6916040939,1000.02,1,70,982306084,130.508,5111315627,5111315627,0,3693889637,
mcs50_b03m_s70.A01,mcs50_b03m_s70.B01,dal_rl,43,43,20353076339,1000.02,1,70,1240866,0.059829,16102928986,16102928986,0,12277391783,
mcs50_b03m_s70.A02,mcs50_b03m_s70.B02,dal_rl,49,51,7059736858,1000.01,1,70,49037107,4.99965,5098222400,5098222400,0,3538034015,
mcs50_b03m_s70.A03,mcs50_b03m_s70.B03,dal_rl,51,62,7821532625,1000.01,1,70,3311129977,386.038,5936772884,5936772884,0,4289662873,
mcs50_b03m_s70.A04,mcs50_b03m_s70.B04,dal_rl,52,61,7175167241,1000.02,1,70,3282304184,269.574,5680728270,5680728270,0,4432096994,
mcs50_b03m_s70.A05,mcs50_b03m_s70.B05,dal_rl,49,61,9813886153,1000.02,1,70,5660148065,603.567,8098741636,8098741636,0,6441701104,
mcs50_b03m_s70.A06,mcs50_b03m_s70.B06,dal_rl,49,54,7129917898,1000.02,1,70,596125535,57.9142,5168895194,5168895194,0,3547728677,
mcs50_b03m_s70.A07,mcs50_b03m_s70.B07,dal_rl,49,53,15062949095,1000.01,1,70,14921484067,983.385,12449513226,12449513226,0,9906778503,
mcs50_b03m_s70.A08,mcs50_b03m_s70.B08,dal_rl,46,54,11240662967,1000.02,1,70,29471953,1.99805,9437570287,9437570287,0,7663946203,
mcs50_b03m_s70.A09,mcs50_b03m_s70.B09,dal_rl,50,57,11675583559,1000.02,1,70,6148029904,380.16,9673921197,9673921197,0,7702102560,
mcs50_b03m_s80.A00,mcs50_b03m_s80.B00,dal_rl,59,80,6553428099,1000.02,1,80,1055828215,143.421,4945570763,4945570763,0,3583388314,
mcs50_b03m_s80.A01,mcs50_b03m_s80.B01,dal_rl,54,69,18510660275,1000.01,1,80,3601678233,214.438,16109567768,16109567768,0,13920835519,
mcs50_b03m_s80.A02,mcs50_b03m_s80.B02,dal_rl,49,62,21299228867,1000.02,1,80,54,5.3991e-05,16125458365,16125458365,0,11873174861,
mcs50_b03m_s80.A03,mcs50_b03m_s80.B03,dal_rl,49,54,13249898876,1000.02,1,80,1259498268,78.7641,11411110724,11411110724,0,9645061104,
mcs50_b03m_s80.A04,mcs50_b03m_s80.B04,dal_rl,52,51,7100284807,1000.02,1,80,56290525,6.21402,5615814182,5615814182,0,4225994068,
mcs50_b03m_s80.A05,mcs50_b03m_s80.B05,dal_rl,59,68,6783253698,1000.02,1,80,2056354863,285.247,4967557029,4967557029,0,3503977235,
mcs50_b03m_s80.A06,mcs50_b03m_s80.B06,dal_rl,57,59,7030293485,1000.02,1,80,3086328743,434.594,5202815655,5202815655,0,3751612417,
mcs50_b03m_s80.A07,mcs50_b03m_s80.B07,dal_rl,58,70,5922570400,1000.02,1,80,1196713583,184.657,4229277949,4229277949,0,2956231004,
mcs50_b03m_s80.A08,mcs50_b03m_s80.B08,dal_rl,52,60,16589323192,1000.01,1,80,9116,0.00114595,12827664982,12827664982,0,9170933579,
mcs50_b03m_s80.A09,mcs50_b03m_s80.B09,dal_rl,57,62,6028385994,1000.02,1,80,911875355,149.846,4521490035,4521490035,0,3374196252,
mcs50_b03m_s90.A00,mcs50_b03m_s90.B00,dal_rl,55,59,18905781451,1000.02,1,90,12708237468,667.83,16563359271,16563359271,0,14220937060,
mcs50_b03m_s90.A01,mcs50_b03m_s90.B01,dal_rl,60,68,17788219814,1000.02,1,90,2436852573,177.818,14672503669,14672503669,0,11561072729,
mcs50_b03m_s90.A02,mcs50_b03m_s90.B02,dal_rl,67,74,6483852947,1000,1,90,3160661391,475.69,4694710245,4694710245,0,3224760112,
mcs50_b03m_s90.A03,mcs50_b03m_s90.B03,dal_rl,60,73,18890130653,1000.02,1,90,346799,0.0373663,16219410306,16219410306,0,13596790067,
mcs50_b03m_s90.A04,mcs50_b03m_s90.B04,dal_rl,64,70,7177047366,1000.01,1,90,3473893297,560.759,5566569994,5566569994,0,4188900076,
mcs50_b03m_s90.A05,mcs50_b03m_s90.B05,dal_rl,53,60,19842204793,1000.02,1,90,162,6.673e-05,16010661354,16010661354,0,12854726782,
mcs50_b03m_s90.A06,mcs50_b03m_s90.B06,dal_rl,58,59,12309774337,1000.02,1,90,455935615,26.1998,9598443092,9598443092,0,7014640599,
mcs50_b03m_s90.A07,mcs50_b03m_s90.B07,dal_rl,56,58,12181088502,1000.01,1,90,1044,0.000181064,10564113561,10564113561,0,9007770855,
mcs50_b03m_s90.A08,mcs50_b03m_s90.B08,dal_rl,60,73,13420354882,1000.01,1,90,8708303209,681.182,11685883379,11685883379,0,9988960688,
mcs50_b03m_s90.A09,mcs50_b03m_s90.B09,dal_rl,61,71,11702481993,1000.02,1,90,6684195017,631.662,9469704349,9469704349,0,7300882237,
mcs50_b06_s100.A00,mcs50_b06_s100.B00,dal_rl,53,102,6739269026,1000.02,1,100,10936727,1.3838,4533187051,4533187051,0,3688514873,
mcs50_b06_s100.A01,mcs50_b06_s100.B01,dal_rl,53,87,6796278283,1000.02,1,100,3239972289,470.532,5010358163,5010358163,0,3693757305,
mcs50_b06_s100.A02,mcs50_b06_s100.B02,dal_rl,54,87,6949832708,1000.02,1,100,519682104,46.916,4876058344,4876058344,0,3810897004,
mcs50_b06_s100.A03,mcs50_b06_s100.B03,dal_rl,53,88,6884350810,1000.02,1,100,1242859315,151.709,4666020784,4666020784,0,3659042632,
mcs50_b06_s100.A04,mcs50_b06_s100.B04,dal_rl,54,84,7007507865,1000.01,1,100,5314984977,754.069,5053203318,5053203318,0,4046954431,
mcs50_b06_s100.A05,mcs50_b06_s100.B05,dal_rl,52,78,6539312344,1000.01,1,100,1005488667,146.919,4212991083,4212991083,0,3221294202,
mcs50_b06_s100.A06,mcs50_b06_s100.B06,dal_rl,57,117,3119445015,1000.02,1,100,3321599,0.62919,2332574718,2332574718,0,1866982453,
mcs50_b06_s100.A07,mcs50_b06_s100.B07,dal_rl,50,73,7312362293,1000.02,1,100,8210418,0.99557,4711334949,4711334949,0,3531978247,
mcs50_b06_s100.A08,mcs50_b06_s100.B08,dal_rl,55,98,6964336269,1000.01,1,100,4082857399,559.181,4721730353,4721730353,0,3632289536,
mcs50_b06_s100.A09,mcs50_b06_s100.B09,dal_rl,54,94,6730720217,1000.02,1,100,3691427211,529.117,4723445291,4723445291,0,3744395888,
mcs50_b06_s15.A00,mcs50_b06_s15.B00,dal_rl,10,22,5204,0.000830398,0,15,149,3.99e-05,3476,3476,0,2798,
mcs50_b06_s15.A01,mcs50_b06_s15.B01,dal_rl,11,23,1854,0.000333581,0,15,238,5.279e-05,1247,1247,0,937,
mcs50_b06_s15.A02,mcs50_b06_s15.B02,dal_rl,10,18,3019,0.000694985,0,15,150,3.1417e-05,2209,2209,0,1804,
mcs50_b06_s15.A03,mcs50_b06_s15.B03,dal_rl,10,16,5134,0.000755336,0,15,984,0.000114783,3585,3585,0,2874,
mcs50_b06_s15.A04,mcs50_b06_s15.B04,dal_rl,11,21,3323,0.000560796,0,15,2283,0.000360874,2279,2279,0,1870,
mcs50_b06_s15.A05,mcs50_b06_s15.B05,dal_rl,11,25,3327,0.000546642,0,15,1735,0.000277387,2258,2258,0,1866,
mcs50_b06_s15.A06,mcs50_b06_s15.B06,dal_rl,11,26,3663,0.000591639,0,15,1799,0.000248774,2418,2418,0,1871,
mcs50_b06_s15.A07,mcs50_b06_s15.B07,dal_rl,11,25,2807,0.000464889,0,15,507,7.7406e-05,1891,1891,0,1504,
mcs50_b06_s15.A08,mcs50_b06_s15.B08,dal_rl,11,29,1729,0.000320593,0,15,61,1.7225e-05,1204,1204,0,984,
mcs50_b06_s15.A09,mcs50_b06_s15.B09,dal_rl,11,20,3032,0.000493604,0,15,2109,0.000314994,2071,2071,0,1587,
mcs50_b06_s20.A00,mcs50_b06_s20.B00,dal_rl,14,31,37036,0.00605008,0,20,18183,0.00286006,25005,25005,0,19883,
mcs50_b06_s20.A01,mcs50_b06_s20.B01,dal_rl,13,20,85203,0.0146885,0,20,14610,0.00238406,53629,53629,0,43554,
mcs50_b06_s20.A02,mcs50_b06_s20.B02,dal_rl,13,28,95074,0.0158187,0,20,31347,0.00487923,58931,58931,0,47219,
mcs50_b06_s20.A03,mcs50_b06_s20.B03,dal_rl,13,25,46516,0.00789711,0,20,2368,0.000382194,29993,29993,0,24457,
mcs50_b06_s20.A04,mcs50_b06_s20.B04,dal_rl,13,22,60568,0.00925766,0,20,11277,0.00150779,40032,40032,0,31022,
mcs50_b06_s20.A05,mcs50_b06_s20.B05,dal_rl,14,29,24908,0.00420056,0,20,6607,0.000963065,16145,16145,0,13013,
mcs50_b06_s20.A06,mcs50_b06_s20.B06,dal_rl,13,21,76602,0.0131966,0,20,27513,0.00466071,49582,49582,0,39892,
mcs50_b06_s20.A07,mcs50_b06_s20.B07,dal_rl,13,28,60751,0.0102385,0,20,7151,0.00113285,39121,39121,0,31559,
mcs50_b06_s20.A08,mcs50_b06_s20.B08,dal_rl,13,29,69927,0.0118969,0,20,7067,0.00111462,44858,44858,0,35910,
mcs50_b06_s20.A09,mcs50_b06_s20.B09,dal_rl,13,25,68404,0.0115453,0,20,8862,0.00139193,43602,43602,0,34969,
mcs50_b06_s25.A00,mcs50_b06_s25.B00,dal_rl,16,30,960520,0.161238,0,25,277161,0.0441285,614917,614917,0,494996,
mcs50_b06_s25.A01,mcs50_b06_s25.B01,dal_rl,16,30,1010876,0.169612,0,25,485358,0.0798783,645806,645806,0,521669,
mcs50_b06_s25.A02,mcs50_b06_s25.B02,dal_rl,16,35,874141,0.143454,0,25,498161,0.080719,555492,555492,0,451135,
mcs50_b06_s25.A03,mcs50_b06_s25.B03,dal_rl,16,34,4152578,0.675136,0,25,3503089,0.558986,2660627,2660627,0,2128670,
mcs50_b06_s25.A04,mcs50_b06_s25.B04,dal_rl,16,28,1773057,0.286429,0,25,1368461,0.217328,1159273,1159273,0,942068,
mcs50_b06_s25.A05,mcs50_b06_s25.B05,dal_rl,16,39,3208820,0.514258,0,25,3051810,0.486278,2042825,2042825,0,1598093,
mcs50_b06_s25.A06,mcs50_b06_s25.B06,dal_rl,16,34,837549,0.13833,0,25,253365,0.0402955,550969,550969,0,445719,
mcs50_b06_s25.A07,mcs50_b06_s25.B07,dal_rl,16,26,786917,0.129937,0,25,299193,0.0470031,508379,508379,0,410406,
mcs50_b06_s25.A08,mcs50_b06_s25.B08,dal_rl,16,30,2471479,0.388146,0,25,1847357,0.281611,1608879,1608879,0,1274349,
mcs50_b06_s25.A09,mcs50_b06_s25.B09,dal_rl,16,27,598285,0.0980861,0,25,165614,0.0258403,382532,382532,0,304559,
mcs50_b06_s30.A00,mcs50_b06_s30.B00,dal_rl,20,46,3950428,0.672887,0,30,2159698,0.367422,2590811,2590811,0,2116534,
mcs50_b06_s30.A01,mcs50_b06_s30.B01,dal_rl,19,36,9743375,1.55939,0,30,2240518,0.332322,6401428,6401428,0,5099331,
mcs50_b06_s30.A02,mcs50_b06_s30.B02,dal_rl,19,35,8873671,1.47432,0,30,1593187,0.249662,5903419,5903419,0,4824278,
mcs50_b06_s30.A03,mcs50_b06_s30.B03,dal_rl,19,33,7784475,1.3064,0,30,2248285,0.377284,5106405,5106405,0,4112111,
mcs50_b06_s30.A04,mcs50_b06_s30.B04,dal_rl,19,30,23116882,3.65604,0,30,13306787,2.01893,15522208,15522208,0,12482945,
mcs50_b06_s30.A05,mcs50_b06_s30.B05,dal_rl,20,40,12083358,1.88107,0,30,10712648,1.64519,8059144,8059144,0,6456797,
mcs50_b06_s30.A06,mcs50_b06_s30.B06,dal_rl,20,41,4672289,0.753891,0,30,2897569,0.449727,3149503,3149503,0,2578873,
mcs50_b06_s30.A07,mcs50_b06_s30.B07,dal_rl,19,36,6516048,1.10314,0,30,518334,0.081033,4325163,4325163,0,3514705,
mcs50_b06_s30.A08,mcs50_b06_s30.B08,dal_rl,19,31,7367828,1.19995,0,30,1575733,0.241116,4902914,4902914,0,3982173,
mcs50_b06_s30.A09,mcs50_b06_s30.B09,dal_rl,20,39,6607536,1.05836,0,30,4937460,0.764708,4348759,4348759,0,3505807,
mcs50_b06_s35.A00,mcs50_b06_s35.B00,dal_rl,22,42,121463497,19.3588,0,35,26758133,4.07255,82221710,82221710,0,65678101,
mcs50_b06_s35.A01,mcs50_b06_s35.B01,dal_rl,23,43,69082105,11.241,0,35,58719715,9.4536,46634957,46634957,0,37546311,
mcs50_b06_s35.A02,mcs50_b06_s35.B02,dal_rl,23,43,65549733,10.9364,0,35,48438402,8.01632,43509318,43509318,0,35274734,
mcs50_b06_s35.A03,mcs50_b06_s35.B03,dal_rl,22,44,85762025,14.1984,0,35,12777485,1.98522,57539047,57539047,0,46589204,
mcs50_b06_s35.A04,mcs50_b06_s35.B04,dal_rl,22,40,197374032,31.8041,0,35,66332674,10.2778,131507790,131507790,0,104601552,
mcs50_b06_s35.A05,mcs50_b06_s35.B05,dal_rl,22,36,138618147,22.9216,0,35,64359674,10.2753,93001978,93001978,0,75462714,
mcs50_b06_s35.A06,mcs50_b06_s35.B06,dal_rl,23,45,44655121,7.65863,0,35,10819769,1.81981,30018198,30018198,0,24551018,
mcs50_b06_s35.A07,mcs50_b06_s35.B07,dal_rl,23,40,116528572,18.613,0,35,97776179,15.4839,78474314,78474314,0,62718638,
mcs50_b06_s35.A08,mcs50_b06_s35.B08,dal_rl,22,48,96642657,16.065,0,35,23,2.3135e-05,65245341,65245341,0,52841154,
mcs50_b06_s35.A09,mcs50_b06_s35.B09,dal_rl,22,40,259844190,42.5852,0,35,116836149,18.5152,172075569,172075569,0,138546427,
mcs50_b06_s40.A00,mcs50_b06_s40.B00,dal_rl,26,45,410027842,70.2844,0,40,59050509,9.63777,278337394,278337394,0,225701338,
mcs50_b06_s40.A01,mcs50_b06_s40.B01,dal_rl,25,42,1362009972,224.81,0,40,136200572,21.9894,929000640,929000640,0,742943812,
mcs50_b06_s40.A02,mcs50_b06_s40.B02,dal_rl,26,40,3007186346,482.184,0,40,2807138326,448.249,2020851855,2020851855,0,1627141333,
mcs50_b06_s40.A03,mcs50_b06_s40.B03,dal_rl,26,53,839836281,140.228,0,40,455813497,73.7599,572366277,572366277,0,460946782,
mcs50_b06_s40.A04,mcs50_b06_s40.B04,dal_rl,26,56,742276873,125.98,0,40,469723433,78.6469,500962774,500962774,0,408954281,
mcs50_b06_s40.A05,mcs50_b06_s40.B05,dal_rl,26,52,474035923,96.9498,0,40,48893877,8.02172,322904250,322904250,0,263753129,
mcs50_b06_s40.A06,mcs50_b06_s40.B06,dal_rl,27,50,194971580,38.5503,0,40,108846677,20.3445,133204432,133204432,0,107885058,
mcs50_b06_s40.A07,mcs50_b06_s40.B07,dal_rl,26,54,544752682,97.4736,0,40,295474192,51.2553,366339647,366339647,0,294665621,
mcs50_b06_s40.A08,mcs50_b06_s40.B08,dal_rl,25,50,983345958,161.924,0,40,11779380,1.84873,674478145,674478145,0,540103418,
mcs50_b06_s40.A09,mcs50_b06_s40.B09,dal_rl,26,54,659889582,111.387,0,40,317035112,52.7325,446816774,446816774,0,362718870,
mcs50_b06_s50.A00,mcs50_b06_s50.B00,dal_rl,28,57,3231103669,1000.02,1,50,183101606,54.3906,2220470359,2220470359,0,1741459114,
mcs50_b06_s50.A01,mcs50_b06_s50.B01,dal_rl,31,68,6147701856,1000.02,1,50,5527698773,893.852,4220163084,4220163084,0,3368007304,
mcs50_b06_s50.A02,mcs50_b06_s50.B02,dal_rl,31,56,6427572696,1000.02,1,50,3567946721,542.093,4551303855,4551303855,0,3682614768,
mcs50_b06_s50.A03,mcs50_b06_s50.B03,dal_rl,31,59,6190193487,1000.02,1,50,2728772927,427.242,4280276025,4280276025,0,3491253043,
mcs50_b06_s50.A04,mcs50_b06_s50.B04,dal_rl,30,63,6139871459,1000.02,1,50,1268668883,195.755,4236520858,4236520858,0,3323924050,
mcs50_b06_s50.A05,mcs50_b06_s50.B05,dal_rl,29,47,5562402941,1000.02,1,50,218219405,36.6765,3856327019,3856327019,0,2996166362,
mcs50_b06_s50.A06,mcs50_b06_s50.B06,dal_rl,30,57,6575140318,1000.02,1,50,6440824084,978.896,4627368542,4627368542,0,3663571610,
mcs50_b06_s50.A07,mcs50_b06_s50.B07,dal_rl,30,58,6308335990,1000.02,1,50,3127472099,487.999,4369195260,4369195260,0,3558496153,
mcs50_b06_s50.A08,mcs50_b06_s50.B08,dal_rl,29,47,6192801122,1000.02,1,50,323557404,47.7714,4353253018,4353253018,0,3581895238,
mcs50_b06_s50.A09,mcs50_b06_s50.B09,dal_rl,29,49,6104728041,1000.01,1,50,60208827,9.69534,4363593445,4363593445,0,3567826263,
mcs50_b06_s60.A00,mcs50_b06_s60.B00,dal_rl,34,52,6209145560,1000.01,1,60,3794650056,611.172,4271234159,4271234159,0,3361651006,
mcs50_b06_s60.A01,mcs50_b06_s60.B01,dal_rl,35,63,5944107402,1000.01,1,60,14463759,2.16036,4217665318,4217665318,0,3427209250,
mcs50_b06_s60.A02,mcs50_b06_s60.B02,dal_rl,34,55,6276324816,1000.01,1,60,814038245,126.817,4315546900,4315546900,0,3479565363,
mcs50_b06_s60.A03,mcs50_b06_s60.B03,dal_rl,34,68,6258789757,1000.02,1,60,2056360173,314.245,4407772977,4407772977,0,3596955897,
mcs50_b06_s60.A04,mcs50_b06_s60.B04,dal_rl,34,70,6643114145,1000.02,1,60,242737586,33.4325,4735796885,4735796885,0,3791043205,
mcs50_b06_s60.A05,mcs50_b06_s60.B05,dal_rl,35,57,6461417659,1000.01,1,60,4995262857,764.537,4530431753,4530431753,0,3647366110,
mcs50_b06_s60.A06,mcs50_b06_s60.B06,dal_rl,35,65,6470510944,1000.01,1,60,4108439579,621.483,4563022052,4563022052,0,3660103109,
mcs50_b06_s60.A07,mcs50_b06_s60.B07,dal_rl,35,53,5177987940,1000.02,1,60,310016246,62.0972,3561400921,3561400921,0,2830484100,
mcs50_b06_s60.A08,mcs50_b06_s60.B08,dal_rl,35,55,5606126601,1000.01,1,60,1008268203,177.867,3972942175,3972942175,0,3227472790,
mcs50_b06_s60.A09,mcs50_b06_s60.B09,dal_rl,35,55,6203862461,1000.02,1,60,684071259,104.552,4336001286,4336001286,0,3412362741,
mcs50_b06_s70.A00,mcs50_b06_s70.B00,dal_rl,39,69,6447064976,1000.02,1,70,2875943762,446.794,4436758714,4436758714,0,3524843742,
mcs50_b06_s70.A01,mcs50_b06_s70.B01,dal_rl,40,75,6573796634,1000.02,1,70,3394784922,502.327,4361069559,4361069559,0,3443044906,
mcs50_b06_s70.A02,mcs50_b06_s70.B02,dal_rl,42,71,6461430258,1000.01,1,70,88559925,11.6238,4610889251,4610889251,0,3646228582,
mcs50_b06_s70.A03,mcs50_b06_s70.B03,dal_rl,41,68,5206217864,1000.01,1,70,4973291,0.602036,3676329964,3676329964,0,3013522421,
mcs50_b06_s70.A04,mcs50_b06_s70.B04,dal_rl,40,79,3312566371,1000.02,1,70,349768112,99.4374,2407129671,2407129671,0,1972790599,
mcs50_b06_s70.A05,mcs50_b06_s70.B05,dal_rl,37,60,6396407557,1000.01,1,70,9421415,1.14186,4808785640,4808785640,0,3937989458,
mcs50_b06_s70.A06,mcs50_b06_s70.B06,dal_rl,39,64,6136809000,1000.02,1,70,758908859,118.194,4206019755,4206019755,0,3354067139,
mcs50_b06_s70.A07,mcs50_b06_s70.B07,dal_rl,38,63,6572357321,1000.02,1,70,246580463,35.581,4846836890,4846836890,0,3842979762,
mcs50_b06_s70.A08,mcs50_b06_s70.B08,dal_rl,40,80,6198868254,1000.01,1,70,2310552738,359.059,4450879953,4450879953,0,3599128161,
mcs50_b06_s70.A09,mcs50_b06_s70.B09,dal_rl,41,74,6133056312,1000.02,1,70,1424052547,226.882,4276269572,4276269572,0,3406511633,
mcs50_b06_s80.A00,mcs50_b06_s80.B00,dal_rl,44,98,7090195179,1000.02,1,80,5404432327,744.197,5195739846,5195739846,0,4195847245,
mcs50_b06_s80.A01,mcs50_b06_s80.B01,dal_rl,44,81,6742174933,1000.02,1,80,2595877134,375.38,4860139953,4860139953,0,3800504627,
mcs50_b06_s80.A02,mcs50_b06_s80.B02,dal_rl,42,75,6816990295,1000.02,1,80,406905624,54.7459,4981271557,4981271557,0,4020271990,
mcs50_b06_s80.A03,mcs50_b06_s80.B03,dal_rl,44,78,6732373319,1000.01,1,80,2924094,0.371156,5010586166,5010586166,0,4004573687,
mcs50_b06_s80.A04,mcs50_b06_s80.B04,dal_rl,44,70,6841141788,1000.02,1,80,1448376272,210.865,4564279999,4564279999,0,3503390254,
mcs50_b06_s80.A05,mcs50_b06_s80.B05,dal_rl,47,84,5958936007,1000.01,1,80,108123841,17.6039,4228747165,4228747165,0,3420001829,
mcs50_b06_s80.A06,mcs50_b06_s80.B06,dal_rl,47,91,5917831510,1000.01,1,80,66239379,10.4511,4198491788,4198491788,0,3287814328,
mcs50_b06_s80.A07,mcs50_b06_s80.B07,dal_rl,44,75,6487782989,1000.02,1,80,1828648180,265.963,4646881964,4646881964,0,3587939093,
mcs50_b06_s80.A08,mcs50_b06_s80.B08,dal_rl,46,90,6819574146,1000.02,1,80,6546220543,959.037,4874896108,4874896108,0,3664883080,
mcs50_b06_s80.A09,mcs50_b06_s80.B09,dal_rl,45,90,4926887286,1000.01,1,80,1931512,0.324613,3529449681,3529449681,0,2859756099,
mcs50_b06_s90.A00,mcs50_b06_s90.B00,dal_rl,49,90,6789555686,1000.02,1,90,164097930,21.84,4915175372,4915175372,0,4076113602,
mcs50_b06_s90.A01,mcs50_b06_s90.B01,dal_rl,48,81,6493315521,1000.02,1,90,1029381953,154.06,4629817826,4629817826,0,3678006651,
mcs50_b06_s90.A02,mcs50_b06_s90.B02,dal_rl,51,89,6768933988,1000.02,1,90,5239044489,765.771,4896527497,4896527497,0,3915378947,
mcs50_b06_s90.A03,mcs50_b06_s90.B03,dal_rl,49,81,6559729850,1000.01,1,90,2274106333,311.947,4559571861,4559571861,0,3660201410,
mcs50_b06_s90.A04,mcs50_b06_s90.B04,dal_rl,50,78,5644857539,1000.02,1,90,410229860,75.7517,4073939928,4073939928,0,3162267894,
mcs50_b06_s90.A05,mcs50_b06_s90.B05,dal_rl,47,84,6512979214,1000.02,1,90,2534547526,378.506,4985333216,4985333216,0,4059816960,
mcs50_b06_s90.A06,mcs50_b06_s90.B06,dal_rl,49,77,7426446867,1000.02,1,90,1244545216,162.875,5005611300,5005611300,0,3972554046,
mcs50_b06_s90.A07,mcs50_b06_s90.B07,dal_rl,52,92,2926795045,1000.02,1,90,1035834687,341.201,2082403583,2082403583,0,1684264592,
mcs50_b06_s90.A08,mcs50_b06_s90.B08,dal_rl,48,93,6893507413,1000.02,1,90,1923999995,267.584,5118227648,5118227648,0,4021844213,
mcs50_b06_s90.A09,mcs50_b06_s90.B09,dal_rl,52,101,6455585626,1000.01,1,90,130371338,19.1349,4595097333,4595097333,0,3691571557,
mcs50_b06m_s100.A00,mcs50_b06m_s100.B00,dal_rl,53,97,6644484878,1000.02,1,100,131749153,18.2378,4409874206,4409874206,0,3282111568,
mcs50_b06m_s100.A01,mcs50_b06m_s100.B01,dal_rl,52,76,6848330192,1000.02,1,100,237247709,21.9263,5208302382,5208302382,0,4249947412,
mcs50_b06m_s100.A02,mcs50_b06m_s100.B02,dal_rl,53,85,6017667785,1000.02,1,100,1401617694,227.917,3885486585,3885486585,0,3045375132,
mcs50_b06m_s100.A03,mcs50_b06m_s100.B03,dal_rl,52,80,7351029787,1000.02,1,100,996973025,107.368,5520065969,5520065969,0,4144828931,
mcs50_b06m_s100.A04,mcs50_b06m_s100.B04,dal_rl,54,86,6225705953,1000.02,1,100,2094656984,325.958,4030094728,4030094728,0,3020902926,
mcs50_b06m_s100.A05,mcs50_b06m_s100.B05,dal_rl,54,88,6429835625,1000.01,1,100,1728810767,248.106,4288190439,4288190439,0,3201544685,
mcs50_b06m_s100.A06,mcs50_b06m_s100.B06,dal_rl,54,102,6066320109,1000.02,1,100,5340113275,870.162,4266755062,4266755062,0,3365121750,
mcs50_b06m_s100.A07,mcs50_b06m_s100.B07,dal_rl,54,91,7332934504,1000.01,1,100,5228140514,702.625,5090753967,5090753967,0,3972170948,
mcs50_b06m_s100.A08,mcs50_b06m_s100.B08,dal_rl,54,100,6537289026,1000.02,1,100,5305268904,795.905,4154289193,4154289193,0,3144907125,
mcs50_b06m_s100.A09,mcs50_b06m_s100.B09,dal_rl,54,105,6658722407,1000.01,1,100,1653920226,242.653,4584646528,4584646528,0,3489009650,
mcs50_b06m_s15.A00,mcs50_b06m_s15.B00,dal_rl,9,15,18076,0.00259629,0,15,146,2.666e-05,12021,12021,0,9707,
mcs50_b06m_s15.A01,mcs50_b06m_s15.B01,dal_rl,10,19,5729,0.000924964,0,15,718,0.000115364,3846,3846,0,2939,
mcs50_b06m_s15.A02,mcs50_b06m_s15.B02,dal_rl,10,22,5493,0.000898545,0,15,64,1.9169e-05,3726,3726,0,2938,
mcs50_b06m_s15.A03,mcs50_b06m_s15.B03,dal_rl,10,14,7890,0.00150298,0,15,3344,0.000756648,5470,5470,0,4412,
mcs50_b06m_s15.A04,mcs50_b06m_s15.B04,dal_rl,10,16,8214,0.00141822,0,15,6533,0.00113912,5692,5692,0,4213,
mcs50_b06m_s15.A05,mcs50_b06m_s15.B05,dal_rl,10,21,5578,0.000876228,0,15,1021,0.000151298,3857,3857,0,3035,
mcs50_b06m_s15.A06,mcs50_b06m_s15.B06,dal_rl,10,20,8056,0.00130238,0,15,687,0.00010609,5323,5323,0,4185,
mcs50_b06m_s15.A07,mcs50_b06m_s15.B07,dal_rl,10,16,6863,0.00107994,0,15,2047,0.000293623,4560,4560,0,3517,
mcs50_b06m_s15.A08,mcs50_b06m_s15.B08,dal_rl,10,14,5482,0.00082958,0,15,1607,0.000222105,3651,3651,0,2893,
mcs50_b06m_s15.A09,mcs50_b06m_s15.B09,dal_rl,10,20,6687,0.00114931,0,15,541,8.8994e-05,4488,4488,0,3695,
mcs50_b06m_s20.A00,mcs50_b06m_s20.B00,dal_rl,13,25,79538,0.0131027,0,20,16765,0.00283556,52153,52153,0,41747,
mcs50_b06m_s20.A01,mcs50_b06m_s20.B01,dal_rl,13,25,72816,0.0123691,0,20,14774,0.00238965,47739,47739,0,38754,
mcs50_b06m_s20.A02,mcs50_b06m_s20.B02,dal_rl,13,23,191311,0.0304352,0,20,176365,0.027828,126710,126710,0,101940,
mcs50_b06m_s20.A03,mcs50_b06m_s20.B03,dal_rl,12,24,265570,0.0418525,0,20,11964,0.00175601,168163,168163,0,131770,
mcs50_b06m_s20.A04,mcs50_b06m_s20.B04,dal_rl,12,22,207283,0.0320338,0,20,11263,0.00164591,130868,130868,0,100844,
mcs50_b06m_s20.A05,mcs50_b06m_s20.B05,dal_rl,12,22,271876,0.0421538,0,20,1601,0.000250267,173715,173715,0,134829,
mcs50_b06m_s20.A06,mcs50_b06m_s20.B06,dal_rl,13,30,130820,0.021006,0,20,82000,0.0126777,85214,85214,0,68653,
mcs50_b06m_s20.A07,mcs50_b06m_s20.B07,dal_rl,13,23,72669,0.0123247,0,20,29111,0.00490113,45707,45707,0,36835,
mcs50_b06m_s20.A08,mcs50_b06m_s20.B08,dal_rl,13,26,94296,0.0150681,0,20,65693,0.0102095,61377,61377,0,49803,
mcs50_b06m_s20.A09,mcs50_b06m_s20.B09,dal_rl,13,21,89544,0.0146315,0,20,40224,0.00619031,57605,57605,0,46892,
mcs50_b06m_s25.A00,mcs50_b06m_s25.B00,dal_rl,16,25,819154,0.13454,0,25,193976,0.0305367,524883,524883,0,416374,
mcs50_b06m_s25.A01,mcs50_b06m_s25.B01,dal_rl,15,21,3876011,0.582417,0,25,12193,0.00160085,2525840,2525840,0,1994320,
mcs50_b06m_s25.A02,mcs50_b06m_s25.B02,dal_rl,15,32,2065675,0.319196,0,25,1635,0.000233562,1368549,1368549,0,1101505,
mcs50_b06m_s25.A03,mcs50_b06m_s25.B03,dal_rl,16,27,1298131,0.202047,0,25,745213,0.112097,867283,867283,0,694630,
mcs50_b06m_s25.A04,mcs50_b06m_s25.B04,dal_rl,15,19,2809377,0.433773,0,25,47852,0.00709838,1848932,1848932,0,1440813,
mcs50_b06m_s25.A05,mcs50_b06m_s25.B05,dal_rl,15,25,2782270,0.429334,0,25,861684,0.123164,1848944,1848944,0,1444969,
mcs50_b06m_s25.A06,mcs50_b06m_s25.B06,dal_rl,16,23,1409700,0.219933,0,25,1118073,0.171659,936136,936136,0,744318,
mcs50_b06m_s25.A07,mcs50_b06m_s25.B07,dal_rl,15,27,2126652,0.338196,0,25,35464,0.00537957,1388160,1388160,0,1102811,
mcs50_b06m_s25.A08,mcs50_b06m_s25.B08,dal_rl,15,26,2961274,0.452908,0,25,41325,0.00628198,1858704,1858704,0,1400356,
mcs50_b06m_s25.A09,mcs50_b06m_s25.B09,dal_rl,15,21,2160371,0.338673,0,25,41159,0.00601944,1472870,1472870,0,1175931,
mcs50_b06m_s30.A00,mcs50_b06m_s30.B00,dal_rl,18,31,19535547,3.04661,0,30,314344,0.0466162,12977254,12977254,0,10193277,
mcs50_b06m_s30.A01,mcs50_b06m_s30.B01,dal_rl,18,31,29329702,4.64387,0,30,1034100,0.150085,19435204,19435204,0,15224765,
mcs50_b06m_s30.A02,mcs50_b06m_s30.B02,dal_rl,18,27,21192794,3.34256,0,30,1816698,0.275649,13732797,13732797,0,10673737,
mcs50_b06m_s30.A03,mcs50_b06m_s30.B03,dal_rl,18,34,59780181,9.44368,0,30,253322,0.0362175,38989604,38989604,0,30689364,
mcs50_b06m_s30.A04,mcs50_b06m_s30.B04,dal_rl,19,30,38428465,5.86429,0,30,35693701,5.40971,25800299,25800299,0,20554342,
mcs50_b06m_s30.A05,mcs50_b06m_s30.B05,dal_rl,19,38,19236853,3.05243,0,30,16514015,2.59378,12833684,12833684,0,10352438,
mcs50_b06m_s30.A06,mcs50_b06m_s30.B06,dal_rl,19,33,7895126,1.4516,0,30,685134,0.111045,5245474,5245474,0,4229839,
mcs50_b06m_s30.A07,mcs50_b06m_s30.B07,dal_rl,19,27,19446388,3.17267,0,30,16850899,2.73527,12577468,12577468,0,9822340,
mcs50_b06m_s30.A08,mcs50_b06m_s30.B08,dal_rl,19,34,13948890,2.23927,0,30,9014439,1.42356,9322342,9322342,0,7545687,
mcs50_b06m_s30.A09,mcs50_b06m_s30.B09,dal_rl,19,31,7713747,1.21312,0,30,1194376,0.18029,5227472,5227472,0,4176972,
mcs50_b06m_s35.A00,mcs50_b06m_s35.B00,dal_rl,22,36,107976205,17.4954,0,35,3434224,0.499133,71760608,71760608,0,55914778,
mcs50_b06m_s35.A01,mcs50_b06m_s35.B01,dal_rl,22,42,111928321,17.8816,0,35,32293359,4.88847,74173893,74173893,0,57178764,
mcs50_b06m_s35.A02,mcs50_b06m_s35.B02,dal_rl,22,34,192456695,31.7327,0,35,8800659,1.36214,128759482,128759482,0,103466284,
mcs50_b06m_s35.A03,mcs50_b06m_s35.B03,dal_rl,21,41,339071672,53.696,0,35,10186913,1.43086,227664741,227664741,0,179826937,
mcs50_b06m_s35.A04,mcs50_b06m_s35.B04,dal_rl,22,33,401477291,74.055,0,35,393573014,72.5669,269516682,269516682,0,217087023,
mcs50_b06m_s35.A05,mcs50_b06m_s35.B05,dal_rl,22,43,179281095,29.2626,0,35,62029936,9.69298,118806863,118806863,0,92676991,
mcs50_b06m_s35.A06,mcs50_b06m_s35.B06,dal_rl,21,35,487026504,75.6749,0,35,2137730,0.321434,328279549,328279549,0,259385142,
mcs50_b06m_s35.A07,mcs50_b06m_s35.B07,dal_rl,22,46,86270607,14.3241,0,35,14855586,2.31234,57567477,57567477,0,45784072,
mcs50_b06m_s35.A08,mcs50_b06m_s35.B08,dal_rl,22,35,317694986,50.6122,0,35,313006433,49.8703,211852255,211852255,0,166528205,
mcs50_b06m_s35.A09,mcs50_b06m_s35.B09,dal_rl,21,33,526154416,83.2182,0,35,1714072,0.238411,352881960,352881960,0,281925407,
mcs50_b06m_s40.A00,mcs50_b06m_s40.B00,dal_rl,25,46,5070555030,987.107,0,40,3163039952,597.981,3354834681,3354834681,0,2627781220,
mcs50_b06m_s40.A01,mcs50_b06m_s40.B01,dal_rl,25,44,3011575439,1000.02,1,40,935888698,300.677,2014266512,2014266512,0,1606014900,
mcs50_b06m_s40.A02,mcs50_b06m_s40.B02,dal_rl,25,48,1594790438,258.907,0,40,656747188,102.64,1085215443,1085215443,0,856727140,
mcs50_b06m_s40.A03,mcs50_b06m_s40.B03,dal_rl,25,41,2167245906,353.975,0,40,1453917726,232.95,1460013408,1460013408,0,1155343094,
mcs50_b06m_s40.A04,mcs50_b06m_s40.B04,dal_rl,24,30,3383346425,564.641,0,40,14718117,2.28537,2271134440,2271134440,0,1795909021,
mcs50_b06m_s40.A05,mcs50_b06m_s40.B05,dal_rl,25,54,2322737553,395.36,0,40,252417033,40.1801,1600608993,1600608993,0,1285840001,
mcs50_b06m_s40.A06,mcs50_b06m_s40.B06,dal_rl,24,42,5530487272,1000.01,1,40,674194994,104.581,3722052494,3722052494,0,2910795443,
mcs50_b06m_s40.A07,mcs50_b06m_s40.B07,dal_rl,25,43,2001383242,348.344,0,40,887573180,150.901,1344165456,1344165456,0,1080646046,
mcs50_b06m_s40.A08,mcs50_b06m_s40.B08,dal_rl,25,46,1795382451,306.743,0,40,1030615793,172.294,1206937586,1206937586,0,964171669,
mcs50_b06m_s40.A09,mcs50_b06m_s40.B09,dal_rl,24,43,6072120820,969.183,0,40,1654596763,255.22,4044828413,4044828413,0,3170554951,
mcs50_b06m_s50.A00,mcs50_b06m_s50.B00,dal_rl,30,56,6266232685,1000.02,1,50,148309946,22.1908,4192011093,4192011093,0,3258724273,
mcs50_b06m_s50.A01,mcs50_b06m_s50.B01,dal_rl,29,49,6709725356,1000.02,1,50,654942116,92.8795,4535075889,4535075889,0,3513740045,
mcs50_b06m_s50.A02,mcs50_b06m_s50.B02,dal_rl,29,49,6665097605,1000.02,1,50,650989399,97.5371,4574302259,4574302259,0,3542416529,
mcs50_b06m_s50.A03,mcs50_b06m_s50.B03,dal_rl,29,57,6491814930,1000.02,1,50,609927528,90.0214,4350365811,4350365811,0,3332782231,
mcs50_b06m_s50.A04,mcs50_b06m_s50.B04,dal_rl,29,45,6543116905,1000,1,50,488686980,73.818,4399103554,4399103554,0,3404045612,
mcs50_b06m_s50.A05,mcs50_b06m_s50.B05,dal_rl,30,56,6331078002,1000,1,50,349569318,52.7544,4362627287,4362627287,0,3462901500,
mcs50_b06m_s50.A06,mcs50_b06m_s50.B06,dal_rl,29,43,6576507526,1000.02,1,50,250320399,36.7431,4329971929,4329971929,0,3324084994,
mcs50_b06m_s50.A07,mcs50_b06m_s50.B07,dal_rl,29,42,6535579343,1000.01,1,50,1501057113,214.826,4397876099,4397876099,0,3430614530,
mcs50_b06m_s50.A08,mcs50_b06m_s50.B08,dal_rl,29,49,5819142698,1000.02,1,50,326220488,51.1436,4103653130,4103653130,0,3220683553,
mcs50_b06m_s50.A09,mcs50_b06m_s50.B09,dal_rl,29,57,5750018824,1000.02,1,50,1417774269,238.185,3940693006,3940693006,0,3033270798,
mcs50_b06m_s60.A00,mcs50_b06m_s60.B00,dal_rl,34,60,6519744638,1000.02,1,60,1231046044,182.155,4485823891,4485823891,0,3478315619,
mcs50_b06m_s60.A01,mcs50_b06m_s60.B01,dal_rl,34,62,6439585543,1000.02,1,60,2323238122,355.788,4529661715,4529661715,0,3510465298,
mcs50_b06m_s60.A02,mcs50_b06m_s60.B02,dal_rl,35,64,6279784305,1000.02,1,60,297328306,44.805,4303427183,4303427183,0,3373449322,
mcs50_b06m_s60.A03,mcs50_b06m_s60.B03,dal_rl,34,56,6260472586,1000.01,1,60,870175294,137.956,4282838799,4282838799,0,3327354667,
mcs50_b06m_s60.A04,mcs50_b06m_s60.B04,dal_rl,35,60,6137723749,1000.02,1,60,258192052,40.3502,4178680090,4178680090,0,3245716171,
mcs50_b06m_s60.A05,mcs50_b06m_s60.B05,dal_rl,34,65,6515062452,1000.02,1,60,12294264,1.6239,4478703055,4478703055,0,3461343463,
mcs50_b06m_s60.A06,mcs50_b06m_s60.B06,dal_rl,34,64,6474494580,1000.02,1,60,110432454,15.5152,4368035581,4368035581,0,3393654732,
mcs50_b06m_s60.A07,mcs50_b06m_s60.B07,dal_rl,34,62,3479171468,1000.01,1,60,42780714,12.2594,2356381831,2356381831,0,1795210805,
mcs50_b06m_s60.A08,mcs50_b06m_s60.B08,dal_rl,34,67,6267647549,1000.02,1,60,1873277928,284.156,4313319243,4313319243,0,3423311196,
mcs50_b06m_s60.A09,mcs50_b06m_s60.B09,dal_rl,35,65,6408981230,1000.02,1,60,52707172,7.04454,4465480261,4465480261,0,3635116328,
mcs50_b06m_s70.A00,mcs50_b06m_s70.B00,dal_rl,40,60,6392175252,1000.02,1,70,482993434,71.7799,4489098201,4489098201,0,3554583126,
mcs50_b06m_s70.A01,mcs50_b06m_s70.B01,dal_rl,39,59,6396188012,1000.02,1,70,2586287626,394.589,4239371230,4239371230,0,3271592257,
mcs50_b06m_s70.A02,mcs50_b06m_s70.B02,dal_rl,40,59,6198865097,1000.02,1,70,12466724,1.50799,4139320132,4139320132,0,3145538507,
mcs50_b06m_s70.A03,mcs50_b06m_s70.B03,dal_rl,39,70,6607736225,1000.02,1,70,5927225968,892.684,4439177823,4439177823,0,3421043642,
mcs50_b06m_s70.A04,mcs50_b06m_s70.B04,dal_rl,39,63,6706125525,1000.02,1,70,798918149,115.351,4519099847,4519099847,0,3168851803,
mcs50_b06m_s70.A05,mcs50_b06m_s70.B05,dal_rl,39,64,6285078044,1000.02,1,70,901901047,129.411,4135198198,4135198198,0,3298406911,
mcs50_b06m_s70.A06,mcs50_b06m_s70.B06,dal_rl,39,65,6505720614,1000.02,1,70,1533125926,224.571,4544919287,4544919287,0,3489506106,
mcs50_b06m_s70.A07,mcs50_b06m_s70.B07,dal_rl,38,63,6295677116,1000.02,1,70,1081867838,167.716,4203640048,4203640048,0,3239441040,
mcs50_b06m_s70.A08,mcs50_b06m_s70.B08,dal_rl,39,72,6225201010,1000.02,1,70,176098378,27.4909,4152263677,4152263677,0,3210723566,
mcs50_b06m_s70.A09,mcs50_b06m_s70.B09,dal_rl,38,59,3165226053,1000.01,1,70,634863500,197.906,2165794301,2165794301,0,1695105558,
mcs50_b06m_s80.A00,mcs50_b06m_s80.B00,dal_rl,46,78,6553097471,1000.01,1,80,3669000435,545.934,4460846769,4460846769,0,3434841469,
mcs50_b06m_s80.A01,mcs50_b06m_s80.B01,dal_rl,45,83,6679824260,1000.02,1,80,2083753936,296.302,4344444054,4344444054,0,3211132364,
mcs50_b06m_s80.A02,mcs50_b06m_s80.B02,dal_rl,46,83,6325417131,1000.02,1,80,3454477891,529.723,4118918138,4118918138,0,3236513218,
mcs50_b06m_s80.A03,mcs50_b06m_s80.B03,dal_rl,43,65,5328644530,1000.02,1,80,439713097,79.901,3581240553,3581240553,0,2706882730,
mcs50_b06m_s80.A04,mcs50_b06m_s80.B04,dal_rl,46,97,5976430591,1000.01,1,80,1890158031,295.331,3935907482,3935907482,0,3010917556,
mcs50_b06m_s80.A05,mcs50_b06m_s80.B05,dal_rl,43,66,6590469885,1000.02,1,80,209391608,30.2547,4484354681,4484354681,0,3471225345,
mcs50_b06m_s80.A06,mcs50_b06m_s80.B06,dal_rl,45,76,6692712868,1000.02,1,80,2293659723,323.232,4648181318,4648181318,0,3597106339,
mcs50_b06m_s80.A07,mcs50_b06m_s80.B07,dal_rl,44,77,6523438948,1000.02,1,80,4507214602,684.449,4400757640,4400757640,0,3506638212,
mcs50_b06m_s80.A08,mcs50_b06m_s80.B08,dal_rl,45,76,6062455170,1000.01,1,80,2266816908,376.41,4163747722,4163747722,0,3259095313,
mcs50_b06m_s80.A09,mcs50_b06m_s80.B09,dal_rl,44,71,6849423935,1000.01,1,80,114804539,13.5992,4828562844,4828562844,0,3505409902,
mcs50_b06m_s90.A00,mcs50_b06m_s90.B00,dal_rl,50,74,5848908040,1000.02,1,90,579821065,93.7925,3746829566,3746829566,0,2803521992,
mcs50_b06m_s90.A01,mcs50_b06m_s90.B01,dal_rl,50,76,6474874688,1000.02,1,90,1158502445,167.425,4601080049,4601080049,0,3498912631,
mcs50_b06m_s90.A02,mcs50_b06m_s90.B02,dal_rl,48,82,6512864365,1000.02,1,90,4589025456,684.791,4195427290,4195427290,0,3155168977,
mcs50_b06m_s90.A03,mcs50_b06m_s90.B03,dal_rl,49,85,6329131166,1000.02,1,90,1377885333,216.316,4068081306,4068081306,0,3045503454,
mcs50_b06m_s90.A04,mcs50_b06m_s90.B04,dal_rl,45,71,18689459358,1000.02,1,90,59234,0.00593078,16409881808,16409881808,0,14290891020,
mcs50_b06m_s90.A05,mcs50_b06m_s90.B05,dal_rl,48,81,6782870383,1000.02,1,90,352193963,51.4156,4786716187,4786716187,0,3678531978,
mcs50_b06m_s90.A06,mcs50_b06m_s90.B06,dal_rl,49,76,5078667750,1000.01,1,90,2213796881,425.254,3288270177,3288270177,0,2558857253,
mcs50_b06m_s90.A07,mcs50_b06m_s90.B07,dal_rl,49,85,5532954049,1000.02,1,90,3654348892,651.155,3670296204,3670296204,0,2665594705,
mcs50_b06m_s90.A08,mcs50_b06m_s90.B08,dal_rl,49,96,5367015846,1000.02,1,90,756893541,132.971,3604924813,3604924813,0,2633482921,
mcs50_b06m_s90.A09,mcs50_b06m_s90.B09,dal_rl,50,87,6459184051,1000.02,1,90,894056067,123.742,4502267046,4502267046,0,3436517410,
mcs50_b09_s100.A00,mcs50_b09_s100.B00,dal_rl,45,90,5371210836,1000.01,1,100,1880120201,330.899,3461153976,3461153976,0,2875859447,
mcs50_b09_s100.A01,mcs50_b09_s100.B01,dal_rl,42,77,5564224058,1000.02,1,100,261179523,44.5708,3621097302,3621097302,0,2900083349,
mcs50_b09_s100.A02,mcs50_b09_s100.B02,dal_rl,42,77,6080398081,1000.02,1,100,547240220,91.7141,4084414476,4084414476,0,3279747757,
mcs50_b09_s100.A03,mcs50_b09_s100.B03,dal_rl,44,107,6162346782,1000.01,1,100,2354340484,376.063,3935041520,3935041520,0,3184543373,
mcs50_b09_s100.A04,mcs50_b09_s100.B04,dal_rl,43,88,3073343263,1000.02,1,100,1065179068,333.522,1987143393,1987143393,0,1586431893,
mcs50_b09_s100.A05,mcs50_b09_s100.B05,dal_rl,48,113,5288216673,1000.02,1,100,177136288,28.4434,3351103415,3351103415,0,2749257434,
mcs50_b09_s100.A06,mcs50_b09_s100.B06,dal_rl,46,98,5378528403,1000.02,1,100,106723430,18.4522,3598729839,3598729839,0,2991533859,
mcs50_b09_s100.A07,mcs50_b09_s100.B07,dal_rl,43,95,5836050216,1000.02,1,100,1926537307,323.116,3839699259,3839699259,0,3107732634,
mcs50_b09_s100.A08,mcs50_b09_s100.B08,dal_rl,43,93,6076983923,1000.02,1,100,11289736,1.50686,3880061240,3880061240,0,3125519044,
mcs50_b09_s100.A09,mcs50_b09_s100.B09,dal_rl,43,94,5615446894,1000.02,1,100,571767275,98.9346,3741778984,3741778984,0,2924908488,
mcs50_b09_s20.A00,mcs50_b09_s20.B00,dal_rl,14,45,20109,0.00433153,0,20,901,0.000183406,13276,13276,0,10932,
mcs50_b09_s20.A01,mcs50_b09_s20.B01,dal_rl,13,34,36245,0.0066449,0,20,11918,0.00207643,24384,24384,0,19883,
mcs50_b09_s20.A02,mcs50_b09_s20.B02,dal_rl,14,41,12674,0.00232866,0,20,2042,0.000339712,8887,8887,0,7593,
mcs50_b09_s20.A03,mcs50_b09_s20.B03,dal_rl,14,37,19588,0.00356063,0,20,11421,0.00203942,13026,13026,0,10859,
mcs50_b09_s20.A04,mcs50_b09_s20.B04,dal_rl,15,49,7695,0.001483,0,20,1166,0.000206311,5455,5455,0,4723,
mcs50_b09_s20.A05,mcs50_b09_s20.B05,dal_rl,14,44,11292,0.00205537,0,20,4221,0.000713215,7988,7988,0,6808,
mcs50_b09_s20.A06,mcs50_b09_s20.B06,dal_rl,14,35,10409,0.00205998,0,20,4797,0.00076488,7510,7510,0,6305,
mcs50_b09_s20.A07,mcs50_b09_s20.B07,dal_rl,14,48,17967,0.00344742,0,20,9706,0.00168507,11991,11991,0,10033,
mcs50_b09_s20.A08,mcs50_b09_s20.B08,dal_rl,14,46,24289,0.00378136,0,20,18890,0.00277153,16718,16718,0,13900,
mcs50_b09_s20.A09,mcs50_b09_s20.B09,dal_rl,14,36,16641,0.00312057,0,20,5685,0.001016,11151,11151,0,9248,
mcs50_b09_s25.A00,mcs50_b09_s25.B00,dal_rl,15,41,776657,0.154239,0,25,497850,0.0975852,509036,509036,0,417711,
mcs50_b09_s25.A01,mcs50_b09_s25.B01,dal_rl,14,33,1503113,0.286895,0,25,63791,0.0110222,958689,958689,0,813771,
mcs50_b09_s25.A02,mcs50_b09_s25.B02,dal_rl,14,35,1416812,0.255623,0,25,8331,0.00169318,955456,955456,0,793751,
mcs50_b09_s25.A03,mcs50_b09_s25.B03,dal_rl,14,41,1476053,0.285966,0,25,21532,0.00423155,938200,938200,0,785511,
mcs50_b09_s25.A04,mcs50_b09_s25.B04,dal_rl,14,41,1650562,0.309641,0,25,25887,0.00509568,1080907,1080907,0,903278,
mcs50_b09_s25.A05,mcs50_b09_s25.B05,dal_rl,14,38,1481562,0.299782,0,25,91528,0.0176426,961248,961248,0,817543,
mcs50_b09_s25.A06,mcs50_b09_s25.B06,dal_rl,15,33,871308,0.163858,0,25,568234,0.102637,573799,573799,0,476250,
mcs50_b09_s25.A07,mcs50_b09_s25.B07,dal_rl,14,31,1563805,0.289414,0,25,187264,0.0330685,1000979,1000979,0,835979,
mcs50_b09_s25.A08,mcs50_b09_s25.B08,dal_rl,14,47,1435063,0.27165,0,25,389,9.0376e-05,928455,928455,0,779938,
mcs50_b09_s25.A09,mcs50_b09_s25.B09,dal_rl,15,34,716180,0.144962,0,25,240563,0.0479371,469881,469881,0,406427,
mcs50_b09_s30.A00,mcs50_b09_s30.B00,dal_rl,16,42,32051767,6.25626,0,30,9799623,1.80459,20428573,20428573,0,17379487,
mcs50_b09_s30.A01,mcs50_b09_s30.B01,dal_rl,18,39,4580520,0.950358,0,30,1786680,0.352826,2925274,2925274,0,2517211,
mcs50_b09_s30.A02,mcs50_b09_s30.B02,dal_rl,17,44,11494826,2.33052,0,30,3178545,0.614231,7167934,7167934,0,6101048,
mcs50_b09_s30.A03,mcs50_b09_s30.B03,dal_rl,17,38,7063550,1.48504,0,30,505364,0.0926483,4464716,4464716,0,3842174,
mcs50_b09_s30.A04,mcs50_b09_s30.B04,dal_rl,17,43,18956971,3.88096,0,30,8916238,1.74585,12017029,12017029,0,10286094,
mcs50_b09_s30.A05,mcs50_b09_s30.B05,dal_rl,18,52,9098195,1.82734,0,30,4710416,0.860377,5860007,5860007,0,4971371,
mcs50_b09_s30.A06,mcs50_b09_s30.B06,dal_rl,17,57,12250826,2.45772,0,30,2684955,0.506734,7665050,7665050,0,6520966,
mcs50_b09_s30.A07,mcs50_b09_s30.B07,dal_rl,16,33,17767993,3.38377,0,30,1009554,0.181993,11337684,11337684,0,9646040,
mcs50_b09_s30.A08,mcs50_b09_s30.B08,dal_rl,17,35,7958911,1.64858,0,30,1307375,0.262234,5013978,5013978,0,4339743,
mcs50_b09_s30.A09,mcs50_b09_s30.B09,dal_rl,17,38,10718711,2.14446,0,30,1677575,0.316448,6617332,6617332,0,5673035,
mcs50_b09_s35.A00,mcs50_b09_s35.B00,dal_rl,20,42,119818829,24.1569,0,35,91275374,18.051,77469430,77469430,0,66221991,
mcs50_b09_s35.A01,mcs50_b09_s35.B01,dal_rl,21,57,22753126,4.95481,0,35,7092496,1.43992,14737536,14737536,0,12713693,
mcs50_b09_s35.A02,mcs50_b09_s35.B02,dal_rl,19,59,125847726,26.1373,0,35,18509859,3.65591,79798378,79798378,0,67303556,
mcs50_b09_s35.A03,mcs50_b09_s35.B03,dal_rl,19,44,142725388,29.3096,0,35,4526765,0.87168,92528025,92528025,0,79467684,
mcs50_b09_s35.A04,mcs50_b09_s35.B04,dal_rl,20,46,323565697,62.3741,0,35,295888834,56.3525,210821018,210821018,0,178789856,
mcs50_b09_s35.A05,mcs50_b09_s35.B05,dal_rl,19,54,138601822,28.3988,0,35,724384,0.139958,91873027,91873027,0,79144311,
mcs50_b09_s35.A06,mcs50_b09_s35.B06,dal_rl,19,40,183987115,36.6766,0,35,7806075,1.41973,120654852,120654852,0,103655743,
mcs50_b09_s35.A07,mcs50_b09_s35.B07,dal_rl,21,70,28393869,6.31934,0,35,6716564,1.37422,18424129,18424129,0,16016750,
mcs50_b09_s35.A08,mcs50_b09_s35.B08,dal_rl,19,48,166896775,33.7437,0,35,46704998,9.06474,107320519,107320519,0,91791845,
mcs50_b09_s35.A09,mcs50_b09_s35.B09,dal_rl,20,54,54892809,11.5034,0,35,10747700,2.10247,35009252,35009252,0,30293677,
mcs50_b09_s40.A00,mcs50_b09_s40.B00,dal_rl,23,57,450258587,95.8998,0,40,110299148,21.0645,296333579,296333579,0,254823445,
mcs50_b09_s40.A01,mcs50_b09_s40.B01,dal_rl,22,52,1652783990,351.382,0,40,365596589,73.6858,1075973326,1075973326,0,925242672,
mcs50_b09_s40.A02,mcs50_b09_s40.B02,dal_rl,24,55,216761203,49.8594,0,40,142508940,32.134,140232260,140232260,0,122880020,
mcs50_b09_s40.A03,mcs50_b09_s40.B03,dal_rl,23,71,349072792,77.9347,0,40,32193882,6.91459,227588105,227588105,0,196406245,
mcs50_b09_s40.A04,mcs50_b09_s40.B04,dal_rl,23,57,440943345,92.7181,0,40,99060362,18.3471,287129205,287129205,0,247655340,
mcs50_b09_s40.A05,mcs50_b09_s40.B05,dal_rl,23,60,476054082,122.303,0,40,134864218,33.5239,310592738,310592738,0,271078973,
mcs50_b09_s40.A06,mcs50_b09_s40.B06,dal_rl,23,59,321494926,68.438,0,40,25043857,4.59388,209858875,209858875,0,180378552,
mcs50_b09_s40.A07,mcs50_b09_s40.B07,dal_rl,23,68,521229155,110.7,0,40,286267658,57.1435,346414255,346414255,0,297327142,
mcs50_b09_s40.A08,mcs50_b09_s40.B08,dal_rl,24,68,575318782,122.277,0,40,485282876,101.436,392074453,392074453,0,342464406,
mcs50_b09_s40.A09,mcs50_b09_s40.B09,dal_rl,23,65,844155739,179.302,0,40,392332162,78.7061,557428099,557428099,0,481048313,
mcs50_b09_s50.A00,mcs50_b09_s50.B00,dal_rl,24,57,5714042612,1000.01,1,50,212261840,37.2422,3724043126,3724043126,0,3041662857,
mcs50_b09_s50.A01,mcs50_b09_s50.B01,dal_rl,27,49,5010691257,1000.02,1,50,2803288322,531.904,3346748177,3346748177,0,2826952149,
mcs50_b09_s50.A02,mcs50_b09_s50.B02,dal_rl,25,59,4791965394,1000.02,1,50,938396312,189.793,3138643736,3138643736,0,2641727594,
mcs50_b09_s50.A03,mcs50_b09_s50.B03,dal_rl,27,70,4246453497,1000.01,1,50,600529751,134.937,2785783702,2785783702,0,2394497324,
mcs50_b09_s50.A04,mcs50_b09_s50.B04,dal_rl,25,50,5690751005,1000.02,1,50,538189686,90.4133,3727229070,3727229070,0,3088296990,
mcs50_b09_s50.A05,mcs50_b09_s50.B05,dal_rl,26,69,5584227206,1000.02,1,50,4852811785,859.582,3698543222,3698543222,0,3097702040,
mcs50_b09_s50.A06,mcs50_b09_s50.B06,dal_rl,25,57,2778902160,1000.02,1,50,2695260742,968.542,1840550946,1840550946,0,1528436991,
mcs50_b09_s50.A07,mcs50_b09_s50.B07,dal_rl,26,52,5355990050,1000.02,1,50,1063317128,193.373,3577422423,3577422423,0,3017319516,
mcs50_b09_s50.A08,mcs50_b09_s50.B08,dal_rl,26,70,5191245046,1000.02,1,50,2498806425,450.248,3379664236,3379664236,0,2855241931,
mcs50_b09_s50.A09,mcs50_b09_s50.B09,dal_rl,25,62,5543967644,1000.02,1,50,1332850338,233.029,3676572905,3676572905,0,3027272284,
mcs50_b09_s60.A00,mcs50_b09_s60.B00,dal_rl,29,64,5639233953,1000.01,1,60,1073552054,186.578,3729127667,3729127667,0,3120406491,
mcs50_b09_s60.A01,mcs50_b09_s60.B01,dal_rl,28,58,5583056240,1000.01,1,60,11761189,1.86486,3655087905,3655087905,0,3062073627,
mcs50_b09_s60.A02,mcs50_b09_s60.B02,dal_rl,30,61,5544500712,1000.01,1,60,920672905,163.093,3714531035,3714531035,0,3019337084,
mcs50_b09_s60.A03,mcs50_b09_s60.B03,dal_rl,30,59,5323238423,1000.02,1,60,2227829293,398.425,3498839343,3498839343,0,2926894075,
mcs50_b09_s60.A04,mcs50_b09_s60.B04,dal_rl,29,54,5157453233,1000.01,1,60,1295170914,254.286,3346479150,3346479150,0,2804608325,
mcs50_b09_s60.A05,mcs50_b09_s60.B05,dal_rl,29,63,5449273193,1000.02,1,60,3582425582,655.627,3623014665,3623014665,0,2995664731,
mcs50_b09_s60.A06,mcs50_b09_s60.B06,dal_rl,28,56,5327997328,1000.02,1,60,42788201,7.27141,3519854581,3519854581,0,2869443189,
mcs50_b09_s60.A07,mcs50_b09_s60.B07,dal_rl,29,79,5356297979,1000.02,1,60,3428308771,631.537,3496699255,3496699255,0,2970468587,
mcs50_b09_s60.A08,mcs50_b09_s60.B08,dal_rl,28,64,5415681661,1000.01,1,60,2914703465,527.337,3475894645,3475894645,0,2827942038,
mcs50_b09_s60.A09,mcs50_b09_s60.B09,dal_rl,28,51,5647721190,1000.02,1,60,50976344,8.82185,3781658728,3781658728,0,3083200941,
mcs50_b09_s70.A00,mcs50_b09_s70.B00,dal_rl,32,78,5697768286,1000.01,1,70,21743888,3.22194,3640278801,3640278801,0,2997459774,
mcs50_b09_s70.A01,mcs50_b09_s70.B01,dal_rl,32,61,4747541202,1000.02,1,70,2000890624,410.701,3118631193,3118631193,0,2576629973,
mcs50_b09_s70.A02,mcs50_b09_s70.B02,dal_rl,32,70,5707172677,1000.02,1,70,46284275,7.29317,3701659277,3701659277,0,3123939521,
mcs50_b09_s70.A03,mcs50_b09_s70.B03,dal_rl,33,73,5412497741,1000.02,1,70,1708644332,309.074,3481053684,3481053684,0,2868956847,
mcs50_b09_s70.A04,mcs50_b09_s70.B04,dal_rl,32,66,5459691777,1000.02,1,70,1699500796,305.131,3592483320,3592483320,0,2884972042,
mcs50_b09_s70.A05,mcs50_b09_s70.B05,dal_rl,33,68,5567517191,1000.02,1,70,1756451658,313.418,3740996966,3740996966,0,3109040349,
mcs50_b09_s70.A06,mcs50_b09_s70.B06,dal_rl,32,65,4860789354,1000.02,1,70,262157189,49.262,3194152492,3194152492,0,2610042460,
mcs50_b09_s70.A07,mcs50_b09_s70.B07,dal_rl,33,87,5725003989,1000.02,1,70,1746662931,295.649,3764592725,3764592725,0,3070792810,
mcs50_b09_s70.A08,mcs50_b09_s70.B08,dal_rl,33,81,5355105843,1000.01,1,70,3905515,0.710359,3532946141,3532946141,0,2956704925,
mcs50_b09_s70.A09,mcs50_b09_s70.B09,dal_rl,32,60,6067216656,1000.02,1,70,212641665,34.7125,4038164667,4038164667,0,3267048408,
mcs50_b09_s80.A00,mcs50_b09_s80.B00,dal_rl,35,67,5175073157,1000.01,1,80,108281908,20.9198,3335042019,3335042019,0,2626126759,
mcs50_b09_s80.A01,mcs50_b09_s80.B01,dal_rl,35,63,4919266820,1000.02,1,80,84011863,17.2398,3150668827,3150668827,0,2594892723,
mcs50_b09_s80.A02,mcs50_b09_s80.B02,dal_rl,36,81,2557087017,1000.01,1,80,150790202,58.8811,1643115726,1643115726,0,1312183385,
mcs50_b09_s80.A03,mcs50_b09_s80.B03,dal_rl,36,79,6048868630,1000.02,1,80,601387913,96.2166,4039423468,4039423468,0,3227631256,
mcs50_b09_s80.A04,mcs50_b09_s80.B04,dal_rl,37,86,5764313478,1000.02,1,80,1695211998,281.582,3810048336,3810048336,0,3203088760,
mcs50_b09_s80.A05,mcs50_b09_s80.B05,dal_rl,34,58,6318460887,1000.02,1,80,237675461,35.4755,4265434128,4265434128,0,3414613448,
mcs50_b09_s80.A06,mcs50_b09_s80.B06,dal_rl,36,72,5984727451,1000.02,1,80,342000392,56.5709,3962485713,3962485713,0,3217962884,
mcs50_b09_s80.A07,mcs50_b09_s80.B07,dal_rl,35,62,5613940171,1000.01,1,80,2388586627,420.8,3586904418,3586904418,0,2971567552,
mcs50_b09_s80.A08,mcs50_b09_s80.B08,dal_rl,37,78,5889192701,1000.02,1,80,2812578113,470.902,3977266269,3977266269,0,3244173046,
mcs50_b09_s80.A09,mcs50_b09_s80.B09,dal_rl,36,70,5813220747,1000.02,1,80,1844855309,314.68,3601073069,3601073069,0,2853744455,
mcs50_b09_s90.A00,mcs50_b09_s90.B00,dal_rl,38,74,5861906524,1000.02,1,90,127988868,21.7193,3863613663,3863613663,0,3140159578,
mcs50_b09_s90.A01,mcs50_b09_s90.B01,dal_rl,45,102,4735186093,1000.01,1,90,247989,0.0487399,2874777072,2874777072,0,2310376347,
mcs50_b09_s90.A02,mcs50_b09_s90.B02,dal_rl,39,73,5418146664,1000.02,1,90,1820959530,326.712,3460501828,3460501828,0,2697584173,
mcs50_b09_s90.A03,mcs50_b09_s90.B03,dal_rl,41,79,5234164280,1000.02,1,90,210521228,41.0142,3408715580,3408715580,0,2772416293,
mcs50_b09_s90.A04,mcs50_b09_s90.B04,dal_rl,41,80,5959255081,1000.01,1,90,197041882,31.8197,3892111591,3892111591,0,3093043023,
mcs50_b09_s90.A05,mcs50_b09_s90.B05,dal_rl,40,97,5894608048,1000.02,1,90,2813098731,464.78,3941683827,3941683827,0,3158184147,
mcs50_b09_s90.A06,mcs50_b09_s90.B06,dal_rl,39,101,5837727300,1000.02,1,90,90479597,14.7652,3785413373,3785413373,0,3010961232,
mcs50_b09_s90.A07,mcs50_b09_s90.B07,dal_rl,40,86,5824579517,1000.02,1,90,2584728000,434.861,3887337489,3887337489,0,3139363960,
mcs50_b09_s90.A08,mcs50_b09_s90.B08,dal_rl,40,94,5830426046,1000.02,1,90,23755874,4.26879,3771941350,3771941350,0,2950127102,
mcs50_b09_s90.A09,mcs50_b09_s90.B09,dal_rl,41,85,5910668115,1000.02,1,90,3009564230,490.197,3847591918,3847591918,0,3003061180,
mcs50_b09m_s100.A00,mcs50_b09m_s100.B00,dal_rl,45,107,5659702328,1000.02,1,100,1066384963,180.324,3635105252,3635105252,0,2825516845,
mcs50_b09m_s100.A01,mcs50_b09m_s100.B01,dal_rl,44,88,3057356296,1000.02,1,100,365107962,118.787,1934891923,1934891923,0,1516875783,
mcs50_b09m_s100.A02,mcs50_b09m_s100.B02,dal_rl,45,92,6050394873,1000.02,1,100,1115016026,173.338,4030533685,4030533685,0,3202274241,
mcs50_b09m_s100.A03,mcs50_b09m_s100.B03,dal_rl,43,88,6362811412,1000.02,1,100,290137380,44.6603,4106227359,4106227359,0,3262414363,
mcs50_b09m_s100.A04,mcs50_b09m_s100.B04,dal_rl,44,94,5430128879,1000.02,1,100,180428281,30.815,3306963786,3306963786,0,2592194032,
mcs50_b09m_s100.A05,mcs50_b09m_s100.B05,dal_rl,44,88,5496344572,1000.02,1,100,459527220,78.1551,3482512519,3482512519,0,2811949871,
mcs50_b09m_s100.A06,mcs50_b09m_s100.B06,dal_rl,46,109,5733106839,1000.01,1,100,1389393942,224.942,3615019676,3615019676,0,2874980781,
mcs50_b09m_s100.A07,mcs50_b09m_s100.B07,dal_rl,44,76,4929701712,1000.01,1,100,117154736,23.545,3045532371,3045532371,0,2479192617,
mcs50_b09m_s100.A08,mcs50_b09m_s100.B08,dal_rl,46,96,5433350816,1000.02,1,100,5373493437,988.962,3264841601,3264841601,0,2418241976,
mcs50_b09m_s100.A09,mcs50_b09m_s100.B09,dal_rl,45,99,5388029255,1000.02,1,100,2223594626,409.678,3406253989,3406253989,0,2704503605,
mcs50_b09m_s20.A00,mcs50_b09m_s20.B00,dal_rl,12,24,94782,0.0182306,0,20,6351,0.00108364,62502,62502,0,52343,
mcs50_b09m_s20.A01,mcs50_b09m_s20.B01,dal_rl,12,27,70171,0.0127358,0,20,11082,0.00192526,47863,47863,0,40239,
mcs50_b09m_s20.A02,mcs50_b09m_s20.B02,dal_rl,12,29,93306,0.0172708,0,20,3013,0.000545874,63024,63024,0,53766,
mcs50_b09m_s20.A03,mcs50_b09m_s20.B03,dal_rl,12,30,91882,0.0328202,0,20,1224,0.000430867,61431,61431,0,51646,
mcs50_b09m_s20.A04,mcs50_b09m_s20.B04,dal_rl,12,24,85122,0.0153985,0,20,22471,0.00385783,58501,58501,0,49931,
mcs50_b09m_s20.A05,mcs50_b09m_s20.B05,dal_rl,13,30,61626,0.0112211,0,20,28256,0.00489548,41434,41434,0,35670,
mcs50_b09m_s20.A06,mcs50_b09m_s20.B06,dal_rl,12,37,101161,0.0180623,0,20,9344,0.00160998,66569,66569,0,54970,
mcs50_b09m_s20.A07,mcs50_b09m_s20.B07,dal_rl,12,33,79919,0.0159275,0,20,8397,0.00155403,52951,52951,0,44026,
mcs50_b09m_s20.A08,mcs50_b09m_s20.B08,dal_rl,12,29,101029,0.0184846,0,20,24559,0.00444074,65861,65861,0,55432,
mcs50_b09m_s20.A09,mcs50_b09m_s20.B09,dal_rl,12,31,114132,0.0207541,0,20,4745,0.000725767,75231,75231,0,64419,
mcs50_b09m_s25.A00,mcs50_b09m_s25.B00,dal_rl,14,36,1958484,0.738361,0,25,632717,0.231857,1284601,1284601,0,1096283,
mcs50_b09m_s25.A01,mcs50_b09m_s25.B01,dal_rl,14,34,1419681,0.266511,0,25,16927,0.0029601,920881,920881,0,777396,
mcs50_b09m_s25.A02,mcs50_b09m_s25.B02,dal_rl,14,25,1531762,0.283819,0,25,211021,0.0375511,985789,985789,0,836357,
mcs50_b09m_s25.A03,mcs50_b09m_s25.B03,dal_rl,14,35,1793669,0.341578,0,25,37227,0.00646197,1131744,1131744,0,954985,
mcs50_b09m_s25.A04,mcs50_b09m_s25.B04,dal_rl,14,31,2545661,0.477219,0,25,1633150,0.300577,1605138,1605138,0,1374698,
mcs50_b09m_s25.A05,mcs50_b09m_s25.B05,dal_rl,13,26,4390825,0.783355,0,25,23138,0.00389262,2850093,2850093,0,2374242,
mcs50_b09m_s25.A06,mcs50_b09m_s25.B06,dal_rl,15,30,877163,0.170768,0,25,390471,0.073251,591578,591578,0,503942,
mcs50_b09m_s25.A07,mcs50_b09m_s25.B07,dal_rl,14,32,1828876,0.697837,0,25,401315,0.14751,1198297,1198297,0,1007171,
mcs50_b09m_s25.A08,mcs50_b09m_s25.B08,dal_rl,14,25,2084253,0.390976,0,25,483434,0.0862177,1324411,1324411,0,1129984,
mcs50_b09m_s25.A09,mcs50_b09m_s25.B09,dal_rl,14,24,2980473,0.552271,0,25,2212214,0.407469,1877555,1877555,0,1584749,
mcs50_b09m_s30.A00,mcs50_b09m_s30.B00,dal_rl,16,37,33860844,6.40355,0,30,9125677,1.68775,21334322,21334322,0,17850524,
mcs50_b09m_s30.A01,mcs50_b09m_s30.B01,dal_rl,16,32,46803419,10.5894,0,30,16896743,3.61317,29884098,29884098,0,25146886,
mcs50_b09m_s30.A02,mcs50_b09m_s30.B02,dal_rl,17,43,10378250,2.11455,0,30,84477,0.0141323,6819034,6819034,0,5834433,
mcs50_b09m_s30.A03,mcs50_b09m_s30.B03,dal_rl,16,41,30516819,5.83046,0,30,6066380,1.12531,19139003,19139003,0,15825501,
mcs50_b09m_s30.A04,mcs50_b09m_s30.B04,dal_rl,16,36,20517510,3.91258,0,30,425613,0.072269,13431463,13431463,0,11467443,
mcs50_b09m_s30.A05,mcs50_b09m_s30.B05,dal_rl,16,30,25937666,4.72147,0,30,6282010,1.17686,16702153,16702153,0,13931189,
mcs50_b09m_s30.A06,mcs50_b09m_s30.B06,dal_rl,16,31,21998521,4.13862,0,30,1354503,0.245106,14263848,14263848,0,12099392,
mcs50_b09m_s30.A07,mcs50_b09m_s30.B07,dal_rl,16,43,31530283,6.07265,0,30,498949,0.0853779,20504698,20504698,0,17200590,
mcs50_b09m_s30.A08,mcs50_b09m_s30.B08,dal_rl,16,37,30769174,5.94759,0,30,3388663,0.624581,19587099,19587099,0,16369713,
mcs50_b09m_s30.A09,mcs50_b09m_s30.B09,dal_rl,16,42,32926997,6.55615,0,30,1977532,0.370527,20937657,20937657,0,17414978,
mcs50_b09m_s35.A00,mcs50_b09m_s35.B00,dal_rl,19,41,250441594,49.0411,0,35,71041329,13.4494,162994768,162994768,0,136169200,
mcs50_b09m_s35.A01,mcs50_b09m_s35.B01,dal_rl,19,46,215454018,42.517,0,35,34359474,6.3112,141724756,141724756,0,119952369,
mcs50_b09m_s35.A02,mcs50_b09m_s35.B02,dal_rl,18,38,421093464,77.5261,0,35,332782,0.0593889,273854991,273854991,0,228875611,
mcs50_b09m_s35.A03,mcs50_b09m_s35.B03,dal_rl,18,43,712654447,137.576,0,35,54186330,10.0401,469180769,469180769,0,395907114,
mcs50_b09m_s35.A04,mcs50_b09m_s35.B04,dal_rl,19,53,462429422,88.5219,0,35,316539601,59.7484,299272311,299272311,0,253031562,
mcs50_b09m_s35.A05,mcs50_b09m_s35.B05,dal_rl,18,37,712030413,134.314,0,35,2625478,0.431746,456048378,456048378,0,383349375,
mcs50_b09m_s35.A06,mcs50_b09m_s35.B06,dal_rl,19,37,336092260,60.5267,0,35,286067819,50.7004,218793693,218793693,0,181707609,
mcs50_b09m_s35.A07,mcs50_b09m_s35.B07,dal_rl,19,47,192899368,74.1544,0,35,72535924,27.1042,125453214,125453214,0,106507695,
mcs50_b09m_s35.A08,mcs50_b09m_s35.B08,dal_rl,18,45,616416956,113.012,0,35,3937212,0.667968,391960410,391960410,0,321802338,
mcs50_b09m_s35.A09,mcs50_b09m_s35.B09,dal_rl,19,28,220495170,41.9523,0,35,44646591,8.14929,141523895,141523895,0,118690767,
mcs50_b09m_s40.A00,mcs50_b09m_s40.B00,dal_rl,22,61,1326723017,264.419,0,40,591762195,112.981,861666374,861666374,0,731068369,
mcs50_b09m_s40.A01,mcs50_b09m_s40.B01,dal_rl,23,58,575688277,139.108,0,40,225798262,49.9027,372886836,372886836,0,319009893,
mcs50_b09m_s40.A02,mcs50_b09m_s40.B02,dal_rl,22,49,2909549972,580.686,0,40,2243279470,441.514,1904819491,1904819491,0,1606710254,
mcs50_b09m_s40.A03,mcs50_b09m_s40.B03,dal_rl,23,60,715619412,147.431,0,40,352516504,68.5864,460855953,460855953,0,394181016,
mcs50_b09m_s40.A04,mcs50_b09m_s40.B04,dal_rl,22,56,1811864237,353.644,0,40,1059672195,200.69,1212752884,1212752884,0,1038849069,
mcs50_b09m_s40.A05,mcs50_b09m_s40.B05,dal_rl,22,49,4181205802,881.136,0,40,3058543216,634.627,2701543733,2701543733,0,2305739604,
mcs50_b09m_s40.A06,mcs50_b09m_s40.B06,dal_rl,22,61,1571036794,312.846,0,40,635411581,119.209,1025530122,1025530122,0,869847074,
mcs50_b09m_s40.A07,mcs50_b09m_s40.B07,dal_rl,22,59,1734877568,343.897,0,40,1247208626,245.356,1141959137,1141959137,0,968847987,
mcs50_b09m_s40.A08,mcs50_b09m_s40.B08,dal_rl,22,57,2073709559,405.09,0,40,1265848028,242.087,1317548393,1317548393,0,1110029628,
mcs50_b09m_s40.A09,mcs50_b09m_s40.B09,dal_rl,21,47,5270231983,1000.03,1,40,4096709976,768.023,3413791822,3413791822,0,2871203473,
mcs50_b09m_s50.A00,mcs50_b09m_s50.B00,dal_rl,24,49,4442772204,1000.02,1,50,215152149,47.7898,2920359363,2920359363,0,2422362800,
mcs50_b09m_s50.A01,mcs50_b09m_s50.B01,dal_rl,25,60,4582977454,1000.02,1,50,1970501078,408.346,2943944233,2943944233,0,2450930647,
mcs50_b09m_s50.A02,mcs50_b09m_s50.B02,dal_rl,25,51,4636413411,1000.02,1,50,769731634,167.683,3034463944,3034463944,0,2483451627,
mcs50_b09m_s50.A03,mcs50_b09m_s50.B03,dal_rl,26,60,4998479263,1000.02,1,50,2896891031,566.488,3220521926,3220521926,0,2707750921,
mcs50_b09m_s50.A04,mcs50_b09m_s50.B04,dal_rl,26,45,5279636856,1000.02,1,50,2822158905,514.113,3516598948,3516598948,0,2889376604,
mcs50_b09m_s50.A05,mcs50_b09m_s50.B05,dal_rl,25,54,5362897197,1000.02,1,50,1542621985,276.474,3519442096,3519442096,0,2923847680,
mcs50_b09m_s50.A06,mcs50_b09m_s50.B06,dal_rl,26,66,5280773283,1000.02,1,50,939101277,174.903,3483813222,3483813222,0,2901794684,
mcs50_b09m_s50.A07,mcs50_b09m_s50.B07,dal_rl,25,49,5228048073,1000.02,1,50,299964278,53.3423,3482256218,3482256218,0,2836441119,
mcs50_b09m_s50.A08,mcs50_b09m_s50.B08,dal_rl,25,53,5626089279,1000.01,1,50,533921481,92.0151,3630633869,3630633869,0,2959563346,
mcs50_b09m_s50.A09,mcs50_b09m_s50.B09,dal_rl,25,58,5470440780,1000.02,1,50,526620315,91.9842,3503360240,3503360240,0,2892468878,
mcs50_b09m_s60.A00,mcs50_b09m_s60.B00,dal_rl,29,72,2644785127,1000.01,1,60,2393575987,904.592,1702949398,1702949398,0,1419284701,
mcs50_b09m_s60.A01,mcs50_b09m_s60.B01,dal_rl,29,61,5576881995,1000.02,1,60,278445211,47.0034,3682989411,3682989411,0,2903958491,
mcs50_b09m_s60.A02,mcs50_b09m_s60.B02,dal_rl,30,71,5434461199,1000.02,1,60,3560455385,648.444,3596179306,3596179306,0,3074609695,
mcs50_b09m_s60.A03,mcs50_b09m_s60.B03,dal_rl,29,60,5650052516,1000.02,1,60,1061327767,190.694,3766458599,3766458599,0,3089137550,
mcs50_b09m_s60.A04,mcs50_b09m_s60.B04,dal_rl,28,52,2857563271,1000.01,1,60,1360282357,468.356,1897771273,1897771273,0,1558066307,
mcs50_b09m_s60.A05,mcs50_b09m_s60.B05,dal_rl,29,77,5545347788,1000.02,1,60,1295418649,234.546,3687017301,3687017301,0,3015351985,
mcs50_b09m_s60.A06,mcs50_b09m_s60.B06,dal_rl,29,66,5731490046,1000.02,1,60,116220584,18.607,3725821641,3725821641,0,3084436851,
mcs50_b09m_s60.A07,mcs50_b09m_s60.B07,dal_rl,29,77,5511779270,1000.01,1,60,2121141235,377.008,3570997891,3570997891,0,2835099268,
mcs50_b09m_s60.A08,mcs50_b09m_s60.B08,dal_rl,28,61,5543542569,1000.01,1,60,459166365,79.2667,3517362294,3517362294,0,2899935896,
mcs50_b09m_s60.A09,mcs50_b09m_s60.B09,dal_rl,28,56,5612221365,1000.02,1,60,5722689,0.976616,3526623685,3526623685,0,2864266429,
mcs50_b09m_s70.A00,mcs50_b09m_s70.B00,dal_rl,32,60,5637856037,1000.02,1,70,10677105,1.76651,3724926064,3724926064,0,2984782575,
mcs50_b09m_s70.A01,mcs50_b09m_s70.B01,dal_rl,33,84,5342924983,1000.02,1,70,1771088389,322.599,3445552827,3445552827,0,2777222824,
mcs50_b09m_s70.A02,mcs50_b09m_s70.B02,dal_rl,33,87,5535429215,1000.01,1,70,1321102566,236.766,3506858420,3506858420,0,2727010871,
mcs50_b09m_s70.A03,mcs50_b09m_s70.B03,dal_rl,34,74,5933642203,1000.01,1,70,1879981571,306.232,3835306812,3835306812,0,2958228860,
mcs50_b09m_s70.A04,mcs50_b09m_s70.B04,dal_rl,32,64,4896568285,1000.02,1,70,193399014,39.0131,3172513493,3172513493,0,2524284614,
mcs50_b09m_s70.A05,mcs50_b09m_s70.B05,dal_rl,32,66,5609413419,1000.02,1,70,238380,0.0391396,3572617569,3572617569,0,2866681770,
mcs50_b09m_s70.A06,mcs50_b09m_s70.B06,dal_rl,33,76,5824562971,1000.01,1,70,5626607356,964.569,3845494086,3845494086,0,3072902514,
mcs50_b09m_s70.A07,mcs50_b09m_s70.B07,dal_rl,33,66,5342854132,1000.02,1,70,14409995,2.20973,3405247658,3405247658,0,2735808595,
mcs50_b09m_s70.A08,mcs50_b09m_s70.B08,dal_rl,33,68,5631946470,1000.02,1,70,29207608,4.6567,3622262970,3622262970,0,2997335448,
mcs50_b09m_s70.A09,mcs50_b09m_s70.B09,dal_rl,33,71,5633953630,1000.02,1,70,5106550145,913.595,3708245732,3708245732,0,3110190840,
mcs50_b09m_s80.A00,mcs50_b09m_s80.B00,dal_rl,37,77,4697898084,1000.01,1,80,2831873880,594.553,3039939113,3039939113,0,2478051229,
mcs50_b09m_s80.A01,mcs50_b09m_s80.B01,dal_rl,35,71,5084658930,1000.02,1,80,944215328,189.434,3211920716,3211920716,0,2508030034,
mcs50_b09m_s80.A02,mcs50_b09m_s80.B02,dal_rl,37,85,5717924486,1000.01,1,80,698788275,119.625,3659038117,3659038117,0,2886762217,
mcs50_b09m_s80.A03,mcs50_b09m_s80.B03,dal_rl,37,80,5989594003,1000.03,1,80,763931173,115.077,3992703808,3992703808,0,3165427227,
mcs50_b09m_s80.A04,mcs50_b09m_s80.B04,dal_rl,37,88,2927028341,1000.02,1,80,55515860,17.7366,1870973568,1870973568,0,1479866940,
mcs50_b09m_s80.A05,mcs50_b09m_s80.B05,dal_rl,37,83,5633625449,1000.01,1,80,503585285,89.7119,3513716679,3513716679,0,2785489523,
mcs50_b09m_s80.A06,mcs50_b09m_s80.B06,dal_rl,36,61,5821868164,1000.01,1,80,1255823834,208.494,3741217517,3741217517,0,2938685091,
mcs50_b09m_s80.A07,mcs50_b09m_s80.B07,dal_rl,37,81,5503764343,1000.02,1,80,443315707,74.0774,3480157889,3480157889,0,2802148515,
mcs50_b09m_s80.A08,mcs50_b09m_s80.B08,dal_rl,37,76,5429856606,1000.02,1,80,150415026,25.9462,3407427978,3407427978,0,2781865110,
mcs50_b09m_s80.A09,mcs50_b09m_s80.B09,dal_rl,36,88,5892070657,1000.01,1,80,190224321,30.8644,3753921527,3753921527,0,2928081874,
mcs50_b09m_s90.A00,mcs50_b09m_s90.B00,dal_rl,41,87,5510759993,1000.02,1,90,3089155167,542.621,3421931150,3421931150,0,2715845977,
mcs50_b09m_s90.A01,mcs50_b09m_s90.B01,dal_rl,41,76,5923366528,1000.01,1,90,3213667548,536.588,3719974361,3719974361,0,2818397132,
mcs50_b09m_s90.A02,mcs50_b09m_s90.B02,dal_rl,40,93,5689864134,1000.02,1,90,172498572,28.689,3682148412,3682148412,0,2900217517,
mcs50_b09m_s90.A03,mcs50_b09m_s90.B03,dal_rl,40,78,5186193849,1000.02,1,90,3691177436,699.505,3227201801,3227201801,0,2590800241,
mcs50_b09m_s90.A04,mcs50_b09m_s90.B04,dal_rl,39,74,5769513132,1000.02,1,90,2689501400,454.688,3787574688,3787574688,0,2952797422,
mcs50_b09m_s90.A05,mcs50_b09m_s90.B05,dal_rl,40,89,5223768733,1000.02,1,90,300371027,54.2199,3235812203,3235812203,0,2548786900,
mcs50_b09m_s90.A06,mcs50_b09m_s90.B06,dal_rl,40,70,5487824055,1000.02,1,90,3894589630,708.155,3416266483,3416266483,0,2752662568,
mcs50_b09m_s90.A07,mcs50_b09m_s90.B07,dal_rl,39,84,5637751087,1000.02,1,90,1487390921,263.086,3526848771,3526848771,0,2683938629,
mcs50_b09m_s90.A08,mcs50_b09m_s90.B08,dal_rl,40,83,5865132307,1000.01,1,90,9798423,1.47923,3754334645,3754334645,0,2917498589,
mcs50_b09m_s90.A09,mcs50_b09m_s90.B09,dal_rl,42,87,6002476935,1000.01,1,90,464833514,70.905,3873640877,3873640877,0,2972052116,
mcs50_m2D_s10.A00,mcs50_m2D_s10.B00,dal_rl,8,8,270,6.8904e-05,0,10,169,2.9584e-05,177,177,0,118,
mcs50_m2D_s10.A01,mcs50_m2D_s10.B01,dal_rl,8,7,283,6.9835e-05,0,10,139,2.5238e-05,190,190,0,114,
mcs50_m2D_s10.A02,mcs50_m2D_s10.B02,dal_rl,8,9,304,6.5439e-05,0,10,212,3.0687e-05,201,201,0,137,
mcs50_m2D_s10.A03,mcs50_m2D_s10.B03,dal_rl,7,7,918,0.000157247,0,10,228,3.3901e-05,630,630,0,444,
mcs50_m2D_s10.A04,mcs50_m2D_s10.B04,dal_rl,8,8,221,8.8193e-05,0,10,92,2.5979e-05,152,152,0,98,
mcs50_m2D_s10.A05,mcs50_m2D_s10.B05,dal_rl,7,7,799,0.000125169,0,10,211,3.6205e-05,533,533,0,373,
mcs50_m2D_s10.A06,mcs50_m2D_s10.B06,dal_rl,8,9,292,6.8273e-05,0,10,161,2.7822e-05,183,183,0,109,
mcs50_m2D_s10.A07,mcs50_m2D_s10.B07,dal_rl,7,7,674,0.000103857,0,10,19,7.943e-06,443,443,0,310,
mcs50_m2D_s10.A08,mcs50_m2D_s10.B08,dal_rl,7,8,394,8.0932e-05,0,10,8,6.69e-06,267,267,0,187,
mcs50_m2D_s10.A09,mcs50_m2D_s10.B09,dal_rl,8,11,227,5.956e-05,0,10,109,1.9009e-05,152,152,0,91,
mcs50_m2D_s100.A00,mcs50_m2D_s100.B00,dal_rl,62,68,14319064006,1000.02,1,100,58323734,4.32297,12735019322,12735019322,0,11155732668,
mcs50_m2D_s100.A01,mcs50_m2D_s100.B01,dal_rl,68,87,7224119637,1000.03,1,100,6870669283,936.402,5509169043,5509169043,0,3996007515,
mcs50_m2D_s100.A02,mcs50_m2D_s100.B02,dal_rl,61,75,8375728373,1000.01,1,100,1155131431,97.2608,6934605373,6934605373,0,5573273533,
mcs50_m2D_s100.A03,mcs50_m2D_s100.B03,dal_rl,67,85,6779579549,1000.01,1,100,295395345,37.2398,4733047869,4733047869,0,3247811753,
mcs50_m2D_s100.A04,mcs50_m2D_s100.B04,dal_rl,62,82,8544463515,1000,1,100,2794221015,263.352,6815358810,6815358810,0,5219333533,
mcs50_m2D_s100.A05,mcs50_m2D_s100.B05,dal_rl,66,89,7091683006,1000.02,1,100,5635982610,765.543,5114067707,5114067707,0,3551879186,
mcs50_m2D_s100.A06,mcs50_m2D_s100.B06,dal_rl,65,76,6741072002,1000.01,1,100,127861717,12.5201,4892017071,4892017071,0,3512797011,
mcs50_m2D_s100.A07,mcs50_m2D_s100.B07,dal_rl,66,89,14579361128,1000.02,1,100,13674397441,854.118,12682246563,12682246563,0,10962480774,
mcs50_m2D_s100.A08,mcs50_m2D_s100.B08,dal_rl,65,78,17245410016,1000.02,1,100,16179380091,842.283,14246114717,14246114717,0,11318382970,
mcs50_m2D_s100.A09,mcs50_m2D_s100.B09,dal_rl,59,62,9434792774,1000.02,1,100,65254438,4.41404,7710550570,7710550570,0,6098469418,
mcs50_m2D_s20.A00,mcs50_m2D_s20.B00,dal_rl,15,16,41359,0.00549753,0,20,16801,0.00203632,27504,27504,0,19680,
mcs50_m2D_s20.A01,mcs50_m2D_s20.B01,dal_rl,15,15,78116,0.011634,0,20,27767,0.00387304,50834,50834,0,35577,
mcs50_m2D_s20.A02,mcs50_m2D_s20.B02,dal_rl,15,14,80235,0.00955946,0,20,20260,0.00232534,50973,50973,0,33139,
mcs50_m2D_s20.A03,mcs50_m2D_s20.B03,dal_rl,15,17,27544,0.00441685,0,20,312,5.7056e-05,17910,17910,0,12453,
mcs50_m2D_s20.A04,mcs50_m2D_s20.B04,dal_rl,15,18,39709,0.00515527,0,20,17244,0.00222001,25864,25864,0,17823,
mcs50_m2D_s20.A05,mcs50_m2D_s20.B05,dal_rl,15,16,159459,0.0192353,0,20,99951,0.011324,108042,108042,0,75533,
mcs50_m2D_s20.A06,mcs50_m2D_s20.B06,dal_rl,15,15,41570,0.00660967,0,20,529,0.000102234,26128,26128,0,17289,
mcs50_m2D_s20.A07,mcs50_m2D_s20.B07,dal_rl,15,15,45671,0.0122627,0,20,13359,0.00326928,30443,30443,0,22126,
mcs50_m2D_s20.A08,mcs50_m2D_s20.B08,dal_rl,15,20,62803,0.00751166,0,20,48444,0.0056931,43156,43156,0,32004,
mcs50_m2D_s20.A09,mcs50_m2D_s20.B09,dal_rl,16,18,26685,0.00343307,0,20,8887,0.00111035,17143,17143,0,11247,
mcs50_m2D_s30.A00,mcs50_m2D_s30.B00,dal_rl,22,27,5108819,0.668777,0,30,41629,0.00537535,3537213,3537213,0,2562380,
mcs50_m2D_s30.A01,mcs50_m2D_s30.B01,dal_rl,23,32,1834817,0.247983,0,30,602312,0.078401,1230655,1230655,0,875722,
mcs50_m2D_s30.A02,mcs50_m2D_s30.B02,dal_rl,22,28,6260633,0.832469,0,30,68889,0.00921884,4142285,4142285,0,2881401,
mcs50_m2D_s30.A03,mcs50_m2D_s30.B03,dal_rl,23,28,7395360,0.929978,0,30,6395234,0.79228,4959196,4959196,0,3431152,
mcs50_m2D_s30.A04,mcs50_m2D_s30.B04,dal_rl,23,29,2164943,0.284905,0,30,1316111,0.16745,1435600,1435600,0,989601,
mcs50_m2D_s30.A05,mcs50_m2D_s30.B05,dal_rl,22,21,7327393,0.92032,0,30,2878729,0.344148,4914498,4914498,0,3397546,
mcs50_m2D_s30.A06,mcs50_m2D_s30.B06,dal_rl,22,27,8538925,1.11148,0,30,1353518,0.1666,5683400,5683400,0,3929983,
mcs50_m2D_s30.A07,mcs50_m2D_s30.B07,dal_rl,22,27,28517567,4.44961,0,30,219408,0.0362167,19083511,19083511,0,12458086,
mcs50_m2D_s30.A08,mcs50_m2D_s30.B08,dal_rl,22,28,11565240,1.78453,0,30,289271,0.0415965,7819529,7819529,0,5443567,
mcs50_m2D_s30.A09,mcs50_m2D_s30.B09,dal_rl,23,25,3535588,0.94239,0,30,3012871,0.798078,2347400,2347400,0,1624741,
mcs50_m2D_s40.A00,mcs50_m2D_s40.B00,dal_rl,31,37,80135081,11.7971,0,40,41899370,5.96641,54569552,54569552,0,38486898,
mcs50_m2D_s40.A01,mcs50_m2D_s40.B01,dal_rl,30,39,660428457,95.2765,0,40,28133193,3.77755,443357445,443357445,0,301507232,
mcs50_m2D_s40.A02,mcs50_m2D_s40.B02,dal_rl,31,41,25428448,3.79652,0,40,12521246,1.81992,17537329,17537329,0,13078002,
mcs50_m2D_s40.A03,mcs50_m2D_s40.B03,dal_rl,30,40,1430376296,184.838,0,40,1329293676,170.866,963498150,963498150,0,637938781,
mcs50_m2D_s40.A04,mcs50_m2D_s40.B04,dal_rl,30,37,361824585,50.6268,0,40,19470751,2.60116,248945250,248945250,0,175913143,
mcs50_m2D_s40.A05,mcs50_m2D_s40.B05,dal_rl,30,34,412374222,58.2513,0,40,9503872,1.23714,276947006,276947006,0,192413159,
mcs50_m2D_s40.A06,mcs50_m2D_s40.B06,dal_rl,30,36,351873217,49.2767,0,40,10807762,1.41148,242676664,242676664,0,173577872,
mcs50_m2D_s40.A07,mcs50_m2D_s40.B07,dal_rl,30,38,342248962,60.7038,0,40,144974044,25.3166,237481283,237481283,0,173974026,
mcs50_m2D_s40.A08,mcs50_m2D_s40.B08,dal_rl,30,39,729924473,117.58,0,40,624741664,99.8048,499878372,499878372,0,351930222,
mcs50_m2D_s40.A09,mcs50_m2D_s40.B09,dal_rl,30,38,100919341,28.4049,0,40,27610875,7.36566,70215557,70215557,0,51548402,
mcs50_m2D_s50.A00,mcs50_m2D_s50.B00,dal_rl,38,52,6904990067,1000.01,1,50,6812361875,985.709,4788328482,4788328482,0,3450734492,
mcs50_m2D_s50.A01,mcs50_m2D_s50.B01,dal_rl,35,43,7163913120,1000.02,1,50,11993809,1.57243,4863185379,4863185379,0,3347212661,
mcs50_m2D_s50.A02,mcs50_m2D_s50.B02,dal_rl,37,50,6830046235,1000.02,1,50,39158849,5.15548,4598090503,4598090503,0,3214414442,
mcs50_m2D_s50.A03,mcs50_m2D_s50.B03,dal_rl,36,40,7176807048,1000.01,1,50,1201080206,156.639,4983327644,4983327644,0,3552327512,
mcs50_m2D_s50.A04,mcs50_m2D_s50.B04,dal_rl,37,46,7031009530,1000.02,1,50,1907668875,256.873,4839815346,4839815346,0,3376318232,
mcs50_m2D_s50.A05,mcs50_m2D_s50.B05,dal_rl,36,44,7103767706,1000.01,1,50,29758420,3.93289,5000348808,5000348808,0,3589361165,
mcs50_m2D_s50.A06,mcs50_m2D_s50.B06,dal_rl,36,46,7048163364,1000.02,1,50,2343192707,323.728,4900245832,4900245832,0,3488317316,
mcs50_m2D_s50.A07,mcs50_m2D_s50.B07,dal_rl,37,55,6779732451,1000.02,1,50,4243928598,618.696,4638148266,4638148266,0,3246297417,
mcs50_m2D_s50.A08,mcs50_m2D_s50.B08,dal_rl,38,47,6511171861,1000.02,1,50,4505493046,685.125,4466024683,4466024683,0,3200051553,
mcs50_m2D_s50.A09,mcs50_m2D_s50.B09,dal_rl,36,44,6306561811,1000.02,1,50,317499280,50.9878,4385036845,4385036845,0,3104645622,
mcs50_m2D_s60.A00,mcs50_m2D_s60.B00,dal_rl,43,51,5878416456,1000.01,1,60,13464750,2.02679,4161618215,4161618215,0,3043229935,
mcs50_m2D_s60.A01,mcs50_m2D_s60.B01,dal_rl,43,57,3562719642,1000.02,1,60,21487177,2.37853,2476142510,2476142510,0,1741378794,
mcs50_m2D_s60.A02,mcs50_m2D_s60.B02,dal_rl,42,52,6998212012,1000.02,1,60,1598877625,225.623,4925019756,4925019756,0,3482374383,
mcs50_m2D_s60.A03,mcs50_m2D_s60.B03,dal_rl,43,53,6818411204,1000.01,1,60,122588808,10.2873,4734916326,4734916326,0,3424157582,
mcs50_m2D_s60.A04,mcs50_m2D_s60.B04,dal_rl,43,51,6605262990,1000.01,1,60,721745814,102.813,4727853534,4727853534,0,3518946977,
mcs50_m2D_s60.A05,mcs50_m2D_s60.B05,dal_rl,44,59,6665902958,1000.02,1,60,3116621325,455.811,4572695630,4572695630,0,3207931616,
mcs50_m2D_s60.A06,mcs50_m2D_s60.B06,dal_rl,43,59,6982801926,1000.02,1,60,4482279501,633.983,4816220323,4816220323,0,3354972815,
mcs50_m2D_s60.A07,mcs50_m2D_s60.B07,dal_rl,42,47,7162926616,1000.02,1,60,603748311,79.1078,5049650258,5049650258,0,3614214694,
mcs50_m2D_s60.A08,mcs50_m2D_s60.B08,dal_rl,43,57,6897549355,1000.01,1,60,872970837,113.053,4925835861,4925835861,0,3516081947,
mcs50_m2D_s60.A09,mcs50_m2D_s60.B09,dal_rl,44,52,5686415684,1000.02,1,60,2238670228,382.157,4028239545,4028239545,0,2848578834,
mcs50_m2D_s70.A00,mcs50_m2D_s70.B00,dal_rl,49,62,6355176438,1000.02,1,70,3719388585,576.037,4437139008,4437139008,0,3171483776,
mcs50_m2D_s70.A01,mcs50_m2D_s70.B01,dal_rl,49,55,5673573900,1000.02,1,70,34787566,5.14324,3949281586,3949281586,0,2751969233,
mcs50_m2D_s70.A02,mcs50_m2D_s70.B02,dal_rl,49,68,3603185632,1000.02,1,70,2572887840,702.234,2513516887,2513516887,0,1692345341,
mcs50_m2D_s70.A03,mcs50_m2D_s70.B03,dal_rl,49,69,6762391425,1000.02,1,70,2613608735,367.436,4812815087,4812815087,0,3459997704,
mcs50_m2D_s70.A04,mcs50_m2D_s70.B04,dal_rl,48,58,7251472619,1000.02,1,70,7216320831,994.567,5112143485,5112143485,0,3411804192,
mcs50_m2D_s70.A05,mcs50_m2D_s70.B05,dal_rl,50,58,6707441853,1000.01,1,70,7657257,0.937621,4608914246,4608914246,0,3273678991,
mcs50_m2D_s70.A06,mcs50_m2D_s70.B06,dal_rl,48,64,6803515981,1000.02,1,70,19971945,2.62945,4849974087,4849974087,0,3342056258,
mcs50_m2D_s70.A07,mcs50_m2D_s70.B07,dal_rl,51,69,6297602500,1000.01,1,70,736114141,102.053,4423783779,4423783779,0,3225090799,
mcs50_m2D_s70.A08,mcs50_m2D_s70.B08,dal_rl,49,65,8744462324,1000.02,1,70,5771856433,565.329,6436634913,6436634913,0,4626626368,
mcs50_m2D_s70.A09,mcs50_m2D_s70.B09,dal_rl,47,48,6985932269,1000.01,1,70,227822324,29.7149,5029216335,5029216335,0,3556900090,
mcs50_m2D_s80.A00,mcs50_m2D_s80.B00,dal_rl,54,69,6668332823,1000.02,1,80,1538783456,224.924,4866614700,4866614700,0,3469932931,
mcs50_m2D_s80.A01,mcs50_m2D_s80.B01,dal_rl,54,75,7380117016,1000.02,1,80,6241478765,816.939,5790042908,5790042908,0,4389271308,
mcs50_m2D_s80.A02,mcs50_m2D_s80.B02,dal_rl,51,56,6755383682,1000.01,1,80,11298322,1.31889,4824714306,4824714306,0,3332315752,
mcs50_m2D_s80.A03,mcs50_m2D_s80.B03,dal_rl,55,72,6793729612,1000.01,1,80,824012491,112.433,4669299011,4669299011,0,3248839752,
mcs50_m2D_s80.A04,mcs50_m2D_s80.B04,dal_rl,56,72,5594206757,1000.01,1,80,2970951741,482.287,4077162957,4077162957,0,3031234584,
mcs50_m2D_s80.A05,mcs50_m2D_s80.B05,dal_rl,55,70,5434824512,1000.02,1,80,1427018532,260.015,3760087122,3760087122,0,2771830464,
mcs50_m2D_s80.A06,mcs50_m2D_s80.B06,dal_rl,53,68,5754849359,1000.01,1,80,986092043,165.102,4214909808,4214909808,0,3180186051,
mcs50_m2D_s80.A07,mcs50_m2D_s80.B07,dal_rl,55,75,6649811222,1000.02,1,80,26777130,2.98063,4406085382,4406085382,0,2788265847,
mcs50_m2D_s80.A08,mcs50_m2D_s80.B08,dal_rl,55,72,9432624691,1000.02,1,80,5314228515,362.556,7262656219,7262656219,0,5764783507,
mcs50_m2D_s80.A09,mcs50_m2D_s80.B09,dal_rl,50,64,17626220065,1000.02,1,80,646639258,34.9357,15553926280,15553926280,0,13487820293,
mcs50_m2D_s90.A00,mcs50_m2D_s90.B00,dal_rl,60,78,8674564616,1000.02,1,90,7466673362,811.819,7184044583,7184044583,0,5869820317,
mcs50_m2D_s90.A01,mcs50_m2D_s90.B01,dal_rl,57,68,19018345376,1000.02,1,90,2788655613,130.685,16305994175,16305994175,0,13873738672,
mcs50_m2D_s90.A02,mcs50_m2D_s90.B02,dal_rl,61,79,6623013351,1000.02,1,90,1338441530,197.276,4037044628,4037044628,0,2815130326,
mcs50_m2D_s90.A03,mcs50_m2D_s90.B03,dal_rl,60,71,6807409007,1000.01,1,90,2186311064,292.312,4851632423,4851632423,0,3505923398,
mcs50_m2D_s90.A04,mcs50_m2D_s90.B04,dal_rl,58,78,5997889847,1000.02,1,90,1181829419,146.071,4412557009,4412557009,0,3133111534,
mcs50_m2D_s90.A05,mcs50_m2D_s90.B05,dal_rl,58,72,6426246687,1000.02,1,90,3033574454,372.476,4715352378,4715352378,0,3292687973,
mcs50_m2D_s90.A06,mcs50_m2D_s90.B06,dal_rl,59,69,6068205463,1000.01,1,90,2992864843,431.648,4308930014,4308930014,0,3033342902,
mcs50_m2D_s90.A07,mcs50_m2D_s90.B07,dal_rl,59,76,7081229980,1000.02,1,90,6824339700,957.749,5378358342,5378358342,0,3945634508,
mcs50_m2D_s90.A08,mcs50_m2D_s90.B08,dal_rl,59,77,7337648814,1000.01,1,90,1231916509,126.82,5231584700,5231584700,0,3514613199,
mcs50_m2D_s90.A09,mcs50_m2D_s90.B09,dal_rl,60,74,3373618044,1000.02,1,90,375637953,104.284,2393470357,2393470357,0,1719499416,
mcs50_m2Dr2_s100.A00,mcs50_m2Dr2_s100.B00,dal_rl,63,87,3693481733,1000.02,1,100,156322281,38.1199,2496154951,2496154951,0,1710780873,
mcs50_m2Dr2_s100.A01,mcs50_m2Dr2_s100.B01,dal_rl,54,70,22976897054,1000.02,1,100,55,6.0351e-05,16862655569,16862655569,0,12127480991,
mcs50_m2Dr2_s100.A02,mcs50_m2Dr2_s100.B02,dal_rl,60,82,13659818065,1000.02,1,100,40963979,2.49363,11957489620,11957489620,0,10256153990,
mcs50_m2Dr2_s100.A03,mcs50_m2Dr2_s100.B03,dal_rl,64,94,6778388870,1000.02,1,100,2832757661,399.537,4794557915,4794557915,0,3386193427,
mcs50_m2Dr2_s100.A04,mcs50_m2Dr2_s100.B04,dal_rl,63,75,6691860679,1000.02,1,100,5918215942,878.883,4880036192,4880036192,0,3927812875,
mcs50_m2Dr2_s100.A05,mcs50_m2Dr2_s100.B05,dal_rl,61,81,13000965872,1000.02,1,100,10454270694,730.202,10673126577,10673126577,0,8444955026,
mcs50_m2Dr2_s100.A06,mcs50_m2Dr2_s100.B06,dal_rl,61,74,7015172073,1000.02,1,100,6079666576,857.31,5106929240,5106929240,0,3841172735,
mcs50_m2Dr2_s100.A07,mcs50_m2Dr2_s100.B07,dal_rl,65,86,7010837686,1000.01,1,100,100112569,9.29314,4815652467,4815652467,0,3469489835,
mcs50_m2Dr2_s100.A08,mcs50_m2Dr2_s100.B08,dal_rl,63,90,5384595596,1000.02,1,100,196147436,33.7748,3925709734,3925709734,0,2959842233,
mcs50_m2Dr2_s100.A09,mcs50_m2Dr2_s100.B09,dal_rl,65,96,7424903441,1000.02,1,100,5945562771,768.889,5466125213,5466125213,0,3944984879,
mcs50_m2Dr2_s20.A00,mcs50_m2Dr2_s20.B00,dal_rl,15,18,52122,0.00672227,0,20,46888,0.00598762,33168,33168,0,23311,
mcs50_m2Dr2_s20.A01,mcs50_m2Dr2_s20.B01,dal_rl,14,16,184708,0.0217962,0,20,82916,0.0089548,122513,122513,0,87915,
mcs50_m2Dr2_s20.A02,mcs50_m2Dr2_s20.B02,dal_rl,15,21,27517,0.00360035,0,20,15329,0.00200586,19020,19020,0,13876,
mcs50_m2Dr2_s20.A03,mcs50_m2Dr2_s20.B03,dal_rl,15,20,28928,0.00383438,0,20,1796,0.00023234,19281,19281,0,14020,
mcs50_m2Dr2_s20.A04,mcs50_m2Dr2_s20.B04,dal_rl,14,21,113750,0.0141612,0,20,3742,0.000427173,73106,73106,0,51236,
mcs50_m2Dr2_s20.A05,mcs50_m2Dr2_s20.B05,dal_rl,15,19,106182,0.0150193,0,20,86574,0.0119861,68564,68564,0,47138,
mcs50_m2Dr2_s20.A06,mcs50_m2Dr2_s20.B06,dal_rl,15,18,53292,0.00758929,0,20,24647,0.0034364,35893,35893,0,25751,
mcs50_m2Dr2_s20.A07,mcs50_m2Dr2_s20.B07,dal_rl,14,18,210914,0.0255513,0,20,2340,0.000289526,136044,136044,0,93408,
mcs50_m2Dr2_s20.A08,mcs50_m2Dr2_s20.B08,dal_rl,14,17,175939,0.0217888,0,20,3643,0.000444962,113297,113297,0,77999,
mcs50_m2Dr2_s20.A09,mcs50_m2Dr2_s20.B09,dal_rl,15,17,44606,0.011865,0,20,37395,0.00983611,28717,28717,0,19909,
mcs50_m2Dr2_s30.A00,mcs50_m2Dr2_s30.B00,dal_rl,22,30,5635445,0.764703,0,30,3314196,0.436794,3704799,3704799,0,2613992,
mcs50_m2Dr2_s30.A01,mcs50_m2Dr2_s30.B01,dal_rl,22,29,2732822,0.382205,0,30,1599704,0.222214,1920215,1920215,0,1496207,
mcs50_m2Dr2_s30.A02,mcs50_m2Dr2_s30.B02,dal_rl,22,25,11835419,1.53037,0,30,7832936,0.991984,7903018,7903018,0,5471320,
mcs50_m2Dr2_s30.A03,mcs50_m2Dr2_s30.B03,dal_rl,22,36,5459591,0.725958,0,30,4138525,0.54415,3666500,3666500,0,2710346,
mcs50_m2Dr2_s30.A04,mcs50_m2Dr2_s30.B04,dal_rl,22,32,7586021,1.01936,0,30,6071417,0.805306,5071266,5071266,0,3649318,
mcs50_m2Dr2_s30.A05,mcs50_m2Dr2_s30.B05,dal_rl,22,29,15505181,1.90315,0,30,13943016,1.69178,10482535,10482535,0,7327371,
mcs50_m2Dr2_s30.A06,mcs50_m2Dr2_s30.B06,dal_rl,22,31,5216621,0.690675,0,30,700381,0.0865884,3506625,3506625,0,2531997,
mcs50_m2Dr2_s30.A07,mcs50_m2Dr2_s30.B07,dal_rl,21,30,12609456,1.78909,0,30,149359,0.0203342,8351891,8351891,0,6043104,
mcs50_m2Dr2_s30.A08,mcs50_m2Dr2_s30.B08,dal_rl,22,28,16642204,2.36058,0,30,15243301,2.14464,10918940,10918940,0,7902727,
mcs50_m2Dr2_s30.A09,mcs50_m2Dr2_s30.B09,dal_rl,22,28,13692602,1.93146,0,30,10301364,1.43295,9145245,9145245,0,6760387,
mcs50_m2Dr2_s40.A00,mcs50_m2Dr2_s40.B00,dal_rl,29,44,315393125,46.2151,0,40,109501444,15.5248,217261467,217261467,0,163742906,
mcs50_m2Dr2_s40.A01,mcs50_m2Dr2_s40.B01,dal_rl,29,36,1194999937,191.897,0,40,593930985,92.6829,818134180,818134180,0,592869264,
mcs50_m2Dr2_s40.A02,mcs50_m2Dr2_s40.B02,dal_rl,28,35,2295320306,380.87,0,40,26963966,3.3107,1582147286,1582147286,0,1149107314,
mcs50_m2Dr2_s40.A03,mcs50_m2Dr2_s40.B03,dal_rl,29,41,831206376,115.096,0,40,366433443,47.9852,580686727,580686727,0,426346761,
mcs50_m2Dr2_s40.A04,mcs50_m2Dr2_s40.B04,dal_rl,29,36,619143136,87.6152,0,40,324867444,44.5962,425038296,425038296,0,307169882,
mcs50_m2Dr2_s40.A05,mcs50_m2Dr2_s40.B05,dal_rl,29,36,1212912406,341.643,0,40,858807676,238.148,833466439,833466439,0,611264089,
mcs50_m2Dr2_s40.A06,mcs50_m2Dr2_s40.B06,dal_rl,28,40,2762867715,377.509,0,40,1310184706,173.223,1909393761,1909393761,0,1422707147,
mcs50_m2Dr2_s40.A07,mcs50_m2Dr2_s40.B07,dal_rl,29,45,714545836,105.049,0,40,7046900,0.901371,473276442,473276442,0,335914940,
mcs50_m2Dr2_s40.A08,mcs50_m2Dr2_s40.B08,dal_rl,29,40,1189992048,166.898,0,40,446364781,60.0902,825728227,825728227,0,590754155,
mcs50_m2Dr2_s40.A09,mcs50_m2Dr2_s40.B09,dal_rl,28,29,2284125718,327.566,0,40,37272874,5.18623,1543293099,1543293099,0,1071293573,
mcs50_m2Dr2_s50.A00,mcs50_m2Dr2_s50.B00,dal_rl,36,52,6718037576,1000.02,1,50,633636228,88.7153,4578418861,4578418861,0,3287194493,
mcs50_m2Dr2_s50.A01,mcs50_m2Dr2_s50.B01,dal_rl,35,47,5401429436,1000.01,1,50,335318918,53.4397,3767428463,3767428463,0,2746862862,
mcs50_m2Dr2_s50.A02,mcs50_m2Dr2_s50.B02,dal_rl,35,52,6773893310,1000.01,1,50,44864734,6.19032,4659950411,4659950411,0,3353211381,
mcs50_m2Dr2_s50.A03,mcs50_m2Dr2_s50.B03,dal_rl,35,54,6471430924,1000.02,1,50,131275564,19.568,4367084212,4367084212,0,3065251033,
mcs50_m2Dr2_s50.A04,mcs50_m2Dr2_s50.B04,dal_rl,36,46,6410126283,1000.02,1,50,1940146724,291.247,4378279899,4378279899,0,3172885916,
mcs50_m2Dr2_s50.A05,mcs50_m2Dr2_s50.B05,dal_rl,36,42,6539225933,1000.01,1,50,821360222,113.793,4457319807,4457319807,0,3237715091,
mcs50_m2Dr2_s50.A06,mcs50_m2Dr2_s50.B06,dal_rl,35,37,6509576354,1000.02,1,50,149751174,21.535,4450751884,4450751884,0,3185328932,
mcs50_m2Dr2_s50.A07,mcs50_m2Dr2_s50.B07,dal_rl,36,48,6829386326,1000.02,1,50,574861752,80.9072,4725724097,4725724097,0,3402152546,
mcs50_m2Dr2_s50.A08,mcs50_m2Dr2_s50.B08,dal_rl,36,49,6759140089,1000.02,1,50,4213910017,608.555,4533139428,4533139428,0,3291381567,
mcs50_m2Dr2_s50.A09,mcs50_m2Dr2_s50.B09,dal_rl,34,45,7458374836,1000.01,1,50,17539246,1.99765,5183258748,5183258748,0,3601084492,
mcs50_m2Dr2_s60.A00,mcs50_m2Dr2_s60.B00,dal_rl,42,58,6945443970,1000.02,1,60,4745644659,670.732,4783981584,4783981584,0,3436609634,
mcs50_m2Dr2_s60.A01,mcs50_m2Dr2_s60.B01,dal_rl,42,59,5695869076,1000.02,1,60,1970276782,335.158,3867964743,3867964743,0,2679307377,
mcs50_m2Dr2_s60.A02,mcs50_m2Dr2_s60.B02,dal_rl,41,51,5805331869,1000.02,1,60,324004621,50.7598,4020125785,4020125785,0,2847029742,
mcs50_m2Dr2_s60.A03,mcs50_m2Dr2_s60.B03,dal_rl,43,69,6712414111,1000.02,1,60,5841361907,862.992,4797467564,4797467564,0,3547953841,
mcs50_m2Dr2_s60.A04,mcs50_m2Dr2_s60.B04,dal_rl,41,56,6557853687,1000.02,1,60,2843973,0.363213,4388106147,4388106147,0,3076500967,
mcs50_m2Dr2_s60.A05,mcs50_m2Dr2_s60.B05,dal_rl,41,57,6735802079,1000.01,1,60,3106986756,450.512,4593163764,4593163764,0,3227145748,
mcs50_m2Dr2_s60.A06,mcs50_m2Dr2_s60.B06,dal_rl,41,45,6724991739,1000.02,1,60,651619117,92.1198,4589278430,4589278430,0,3356608887,
mcs50_m2Dr2_s60.A07,mcs50_m2Dr2_s60.B07,dal_rl,42,51,6797982104,1000.02,1,60,2938759189,421.403,4713224086,4713224086,0,3406135049,
mcs50_m2Dr2_s60.A08,mcs50_m2Dr2_s60.B08,dal_rl,42,49,6253791027,1000.02,1,60,1136384534,170.656,4414450196,4414450196,0,3316305299,
mcs50_m2Dr2_s60.A09,mcs50_m2Dr2_s60.B09,dal_rl,42,54,6328710344,1000.02,1,60,25929858,3.67841,4262683171,4262683171,0,3100787977,
mcs50_m2Dr2_s70.A00,mcs50_m2Dr2_s70.B00,dal_rl,46,62,7497294696,1000.01,1,70,7049666321,937.133,5399837263,5399837263,0,3984744885,
mcs50_m2Dr2_s70.A01,mcs50_m2Dr2_s70.B01,dal_rl,47,62,6597322649,1000.02,1,70,2830098303,415.781,4440347420,4440347420,0,3156377035,
mcs50_m2Dr2_s70.A02,mcs50_m2Dr2_s70.B02,dal_rl,47,64,6750351276,1000.02,1,70,5709022740,840.989,4543379197,4543379197,0,3228741883,
mcs50_m2Dr2_s70.A03,mcs50_m2Dr2_s70.B03,dal_rl,46,64,7051502585,1000.01,1,70,963784380,100.624,5038069098,5038069098,0,3494333086,
mcs50_m2Dr2_s70.A04,mcs50_m2Dr2_s70.B04,dal_rl,43,51,7598084669,1000.02,1,70,509693265,63.454,6060342003,6060342003,0,4671826605,
mcs50_m2Dr2_s70.A05,mcs50_m2Dr2_s70.B05,dal_rl,47,64,6663102441,1000.02,1,70,1148821577,161.199,4572247174,4572247174,0,3280484399,
mcs50_m2Dr2_s70.A06,mcs50_m2Dr2_s70.B06,dal_rl,48,70,6546886456,1000.02,1,70,639114624,89.2585,4369261690,4369261690,0,3123005056,
mcs50_m2Dr2_s70.A07,mcs50_m2Dr2_s70.B07,dal_rl,46,68,7018680710,1000.01,1,70,1015880590,134.824,5142492225,5142492225,0,3671624951,
mcs50_m2Dr2_s70.A08,mcs50_m2Dr2_s70.B08,dal_rl,48,67,6955148436,1000.01,1,70,6429790999,921.311,4810753145,4810753145,0,3383217845,
mcs50_m2Dr2_s70.A09,mcs50_m2Dr2_s70.B09,dal_rl,48,65,6558530073,1000.01,1,70,1831744070,261.447,4338570581,4338570581,0,3030197091,
mcs50_m2Dr2_s80.A00,mcs50_m2Dr2_s80.B00,dal_rl,54,69,17292024182,1000.02,1,80,17173565210,982.173,14485184821,14485184821,0,11849000539,
mcs50_m2Dr2_s80.A01,mcs50_m2Dr2_s80.B01,dal_rl,54,81,6384148521,1000.02,1,80,1902372368,277.339,4482962565,4482962565,0,3193449724,
mcs50_m2Dr2_s80.A02,mcs50_m2Dr2_s80.B02,dal_rl,45,54,18602953090,1000.02,1,80,9554582395,523.17,14936554500,14936554500,0,12229079257,
mcs50_m2Dr2_s80.A03,mcs50_m2Dr2_s80.B03,dal_rl,51,70,6607396927,1000.02,1,80,263795018,36.981,4327196279,4327196279,0,3047859181,
mcs50_m2Dr2_s80.A04,mcs50_m2Dr2_s80.B04,dal_rl,53,75,6090646511,1000.02,1,80,4965178438,805.272,4097294136,4097294136,0,2892807090,
mcs50_m2Dr2_s80.A05,mcs50_m2Dr2_s80.B05,dal_rl,54,83,5620818859,1000.01,1,80,572671105,75.0392,3887681141,3887681141,0,2757710830,
mcs50_m2Dr2_s80.A06,mcs50_m2Dr2_s80.B06,dal_rl,54,72,3590267463,1000.01,1,80,3220296872,892.798,2410631620,2410631620,0,1479739070,
mcs50_m2Dr2_s80.A07,mcs50_m2Dr2_s80.B07,dal_rl,53,66,6474950482,1000.01,1,80,341286169,45.7214,4501909029,4501909029,0,3252277433,
mcs50_m2Dr2_s80.A08,mcs50_m2Dr2_s80.B08,dal_rl,45,61,8875168101,1000.02,1,80,416626209,41.3251,7125683700,7125683700,0,5760049512,
mcs50_m2Dr2_s80.A09,mcs50_m2Dr2_s80.B09,dal_rl,54,76,6636646901,1000.02,1,80,5595024783,837.904,4349535175,4349535175,0,2965290656,
mcs50_m2Dr2_s90.A00,mcs50_m2Dr2_s90.B00,dal_rl,57,75,6640473943,1000.02,1,90,794778139,115.652,4484357383,4484357383,0,3220805344,
mcs50_m2Dr2_s90.A01,mcs50_m2Dr2_s90.B01,dal_rl,58,77,6422846833,1000.02,1,90,3939873134,597.065,4818027942,4818027942,0,3744754519,
mcs50_m2Dr2_s90.A02,mcs50_m2Dr2_s90.B02,dal_rl,53,75,8197019833,1000.01,1,90,5630113277,654.359,6747325072,6747325072,0,5452828959,
mcs50_m2Dr2_s90.A03,mcs50_m2Dr2_s90.B03,dal_rl,60,76,6486861849,1000.02,1,90,4246768912,641.796,4245758239,4245758239,0,3011794254,
mcs50_m2Dr2_s90.A04,mcs50_m2Dr2_s90.B04,dal_rl,56,77,7081709718,1000.02,1,90,872354373,99.5034,5063829775,5063829775,0,3563769099,
mcs50_m2Dr2_s90.A05,mcs50_m2Dr2_s90.B05,dal_rl,57,81,6215065460,1000.02,1,90,199729666,25.0933,4497443805,4497443805,0,3435924043,
mcs50_m2Dr2_s90.A06,mcs50_m2Dr2_s90.B06,dal_rl,59,80,6115509772,1000.02,1,90,4343898926,705.429,3888762253,3888762253,0,2717704400,
mcs50_m2Dr2_s90.A07,mcs50_m2Dr2_s90.B07,dal_rl,57,76,6447905090,1000.02,1,90,2205758614,291.721,4726492450,4726492450,0,3460144958,
mcs50_m2Dr2_s90.A08,mcs50_m2Dr2_s90.B08,dal_rl,58,82,6572395780,1000.01,1,90,1351062612,192.704,4660387399,4660387399,0,3378942082,
mcs50_m2Dr2_s90.A09,mcs50_m2Dr2_s90.B09,dal_rl,53,63,20966802007,1000.02,1,90,6029785518,267.97,17230157479,17230157479,0,13495142100,
mcs50_m2Dr4_s10.A00,mcs50_m2Dr4_s10.B00,dal_rl,7,9,804,0.000182216,0,10,8,9.104e-06,522,522,0,376,
mcs50_m2Dr4_s10.A01,mcs50_m2Dr4_s10.B01,dal_rl,7,7,730,0.000163627,0,10,64,1.978e-05,479,479,0,339,
mcs50_m2Dr4_s10.A02,mcs50_m2Dr4_s10.B02,dal_rl,8,12,262,8.552e-05,0,10,169,3.5233e-05,170,170,0,109,
mcs50_m2Dr4_s10.A03,mcs50_m2Dr4_s10.B03,dal_rl,8,11,166,0.000105088,0,10,71,3.1968e-05,110,110,0,70,
mcs50_m2Dr4_s10.A04,mcs50_m2Dr4_s10.B04,dal_rl,8,11,470,8.7692e-05,0,10,414,5.5875e-05,304,304,0,214,
mcs50_m2Dr4_s10.A05,mcs50_m2Dr4_s10.B05,dal_rl,7,8,733,0.00011289,0,10,284,3.7907e-05,473,473,0,356,
mcs50_m2Dr4_s10.A06,mcs50_m2Dr4_s10.B06,dal_rl,8,9,267,6.3906e-05,0,10,250,3.7176e-05,169,169,0,104,
mcs50_m2Dr4_s10.A07,mcs50_m2Dr4_s10.B07,dal_rl,8,9,203,5.328e-05,0,10,92,1.6515e-05,137,137,0,87,
mcs50_m2Dr4_s10.A08,mcs50_m2Dr4_s10.B08,dal_rl,7,10,721,0.000251458,0,10,169,2.628e-05,458,458,0,317,
mcs50_m2Dr4_s10.A09,mcs50_m2Dr4_s10.B09,dal_rl,8,10,330,8.4567e-05,0,10,176,3.0165e-05,212,212,0,141,
mcs50_m2Dr4_s100.A00,mcs50_m2Dr4_s100.B00,dal_rl,59,65,5771920514,1000.01,1,100,29654926,4.93341,4078354694,4078354694,0,3029625145,
mcs50_m2Dr4_s100.A01,mcs50_m2Dr4_s100.B01,dal_rl,62,94,3957466477,1000.01,1,100,1421643151,246.731,2958914204,2958914204,0,2159432120,
mcs50_m2Dr4_s100.A02,mcs50_m2Dr4_s100.B02,dal_rl,61,87,8336165534,1000.02,1,100,4578489158,423.361,6080815101,6080815101,0,4487518018,
mcs50_m2Dr4_s100.A03,mcs50_m2Dr4_s100.B03,dal_rl,61,91,7613221794,1000.01,1,100,2908071303,360.726,5291645843,5291645843,0,3849679047,
mcs50_m2Dr4_s100.A04,mcs50_m2Dr4_s100.B04,dal_rl,60,97,7174619344,1000.02,1,100,598685883,82.5611,4827846963,4827846963,0,3454760071,
mcs50_m2Dr4_s100.A05,mcs50_m2Dr4_s100.B05,dal_rl,63,96,6756046495,1000.01,1,100,4099673799,595.155,4242031058,4242031058,0,2834254938,
mcs50_m2Dr4_s100.A06,mcs50_m2Dr4_s100.B06,dal_rl,63,96,6954586522,1000.01,1,100,5968127375,855.117,4918107398,4918107398,0,3429192018,
mcs50_m2Dr4_s100.A07,mcs50_m2Dr4_s100.B07,dal_rl,59,84,6679341412,1000.02,1,100,207844301,24.744,4642960214,4642960214,0,3364921162,
mcs50_m2Dr4_s100.A08,mcs50_m2Dr4_s100.B08,dal_rl,63,88,6450336822,1000.02,1,100,218854013,20.5889,4141418561,4141418561,0,2975916124,
mcs50_m2Dr4_s100.A09,mcs50_m2Dr4_s100.B09,dal_rl,54,73,17321770241,1000.01,1,100,8238995842,467.315,15329401314,15329401314,0,13467820436,
mcs50_m2Dr4_s20.A00,mcs50_m2Dr4_s20.B00,dal_rl,14,16,95925,0.0137328,0,20,3010,0.000397892,62903,62903,0,44953,
mcs50_m2Dr4_s20.A01,mcs50_m2Dr4_s20.B01,dal_rl,14,21,69110,0.00971676,0,20,428,8.0672e-05,44920,44920,0,31589,
mcs50_m2Dr4_s20.A02,mcs50_m2Dr4_s20.B02,dal_rl,14,13,82207,0.0123491,0,20,469,8.5949e-05,53467,53467,0,40118,
mcs50_m2Dr4_s20.A03,mcs50_m2Dr4_s20.B03,dal_rl,14,21,85779,0.0127423,0,20,9299,0.00126579,55438,55438,0,40685,
mcs50_m2Dr4_s20.A04,mcs50_m2Dr4_s20.B04,dal_rl,14,20,84823,0.0118842,0,20,4626,0.000623993,55958,55958,0,39251,
mcs50_m2Dr4_s20.A05,mcs50_m2Dr4_s20.B05,dal_rl,15,19,16657,0.00279237,0,20,7418,0.00111622,11551,11551,0,8879,
mcs50_m2Dr4_s20.A06,mcs50_m2Dr4_s20.B06,dal_rl,14,23,87266,0.0125458,0,20,12857,0.00176648,56870,56870,0,40682,
mcs50_m2Dr4_s20.A07,mcs50_m2Dr4_s20.B07,dal_rl,14,22,68021,0.0096491,0,20,40333,0.00567222,43603,43603,0,31943,
mcs50_m2Dr4_s20.A08,mcs50_m2Dr4_s20.B08,dal_rl,14,19,74348,0.010375,0,20,978,0.000131279,48547,48547,0,34431,
mcs50_m2Dr4_s20.A09,mcs50_m2Dr4_s20.B09,dal_rl,14,18,244526,0.033098,0,20,194288,0.0257727,160174,160174,0,112760,
mcs50_m2Dr4_s30.A00,mcs50_m2Dr4_s30.B00,dal_rl,21,28,5353748,0.784919,0,30,653212,0.0813107,3666140,3666140,0,2735446,
mcs50_m2Dr4_s30.A01,mcs50_m2Dr4_s30.B01,dal_rl,21,28,9660691,1.38462,0,30,2067652,0.27832,6315906,6315906,0,4448265,
mcs50_m2Dr4_s30.A02,mcs50_m2Dr4_s30.B02,dal_rl,21,22,4154748,0.616876,0,30,1126640,0.159811,2820663,2820663,0,2141390,
mcs50_m2Dr4_s30.A03,mcs50_m2Dr4_s30.B03,dal_rl,21,28,11057039,1.5591,0,30,1195712,0.159595,7395943,7395943,0,5420447,
mcs50_m2Dr4_s30.A04,mcs50_m2Dr4_s30.B04,dal_rl,21,32,6631931,0.998674,0,30,1716408,0.247326,4290948,4290948,0,3060098,
mcs50_m2Dr4_s30.A05,mcs50_m2Dr4_s30.B05,dal_rl,21,28,13062973,1.89787,0,30,2692578,0.369946,8663823,8663823,0,6334288,
mcs50_m2Dr4_s30.A06,mcs50_m2Dr4_s30.B06,dal_rl,21,33,4832633,0.709031,0,30,23035,0.00299708,3134258,3134258,0,2267560,
mcs50_m2Dr4_s30.A07,mcs50_m2Dr4_s30.B07,dal_rl,21,32,11238659,1.69119,0,30,5776681,0.849883,7379790,7379790,0,5447962,
mcs50_m2Dr4_s30.A08,mcs50_m2Dr4_s30.B08,dal_rl,21,34,8781393,1.29523,0,30,1942581,0.267796,5844775,5844775,0,4250235,
mcs50_m2Dr4_s30.A09,mcs50_m2Dr4_s30.B09,dal_rl,21,24,8563880,1.2205,0,30,3335737,0.456439,5603101,5603101,0,4053550,
mcs50_m2Dr4_s40.A00,mcs50_m2Dr4_s40.B00,dal_rl,28,36,686664737,126.205,0,40,314910976,56.4522,452123772,452123772,0,322731065,
mcs50_m2Dr4_s40.A01,mcs50_m2Dr4_s40.B01,dal_rl,28,44,1414247805,279.07,0,40,633082356,119.814,939975340,939975340,0,678267856,
mcs50_m2Dr4_s40.A02,mcs50_m2Dr4_s40.B02,dal_rl,28,40,693754993,140.82,0,40,73256777,13.4844,468146872,468146872,0,347385155,
mcs50_m2Dr4_s40.A03,mcs50_m2Dr4_s40.B03,dal_rl,28,36,3736866133,723.005,0,40,3288075869,631.811,2496837007,2496837007,0,1835834931,
mcs50_m2Dr4_s40.A04,mcs50_m2Dr4_s40.B04,dal_rl,28,38,1598668519,285.279,0,40,295322611,52.0662,1049335200,1049335200,0,762609202,
mcs50_m2Dr4_s40.A05,mcs50_m2Dr4_s40.B05,dal_rl,29,46,340631920,61.1106,0,40,133612778,22.7055,234554592,234554592,0,178844380,
mcs50_m2Dr4_s40.A06,mcs50_m2Dr4_s40.B06,dal_rl,28,37,1543857621,236.979,0,40,581044231,86.0013,1034576645,1034576645,0,760845473,
mcs50_m2Dr4_s40.A07,mcs50_m2Dr4_s40.B07,dal_rl,28,43,604266537,94.2488,0,40,14946329,2.17417,415234867,415234867,0,312105555,
mcs50_m2Dr4_s40.A08,mcs50_m2Dr4_s40.B08,dal_rl,29,46,680728411,103.871,0,40,532095946,80.1392,459484832,459484832,0,334661200,
mcs50_m2Dr4_s40.A09,mcs50_m2Dr4_s40.B09,dal_rl,28,43,898953201,143.088,0,40,8253138,1.20147,603077229,603077229,0,447840943,
mcs50_m2Dr4_s50.A00,mcs50_m2Dr4_s50.B00,dal_rl,35,54,6293535072,1000.02,1,50,814777488,121.221,4363773764,4363773764,0,3154502086,
mcs50_m2Dr4_s50.A01,mcs50_m2Dr4_s50.B01,dal_rl,34,45,6390108733,1000.01,1,50,804124880,117.388,4368050472,4368050472,0,3244121835,
mcs50_m2Dr4_s50.A02,mcs50_m2Dr4_s50.B02,dal_rl,34,49,7001975540,1000.02,1,50,1470506601,205.417,4735237289,4735237289,0,3305391969,
mcs50_m2Dr4_s50.A03,mcs50_m2Dr4_s50.B03,dal_rl,35,65,6657577262,1000.02,1,50,960647679,135.31,4515644408,4515644408,0,3307456083,
mcs50_m2Dr4_s50.A04,mcs50_m2Dr4_s50.B04,dal_rl,34,59,6604505574,1000.02,1,50,181855565,25.341,4507669360,4507669360,0,3281964612,
mcs50_m2Dr4_s50.A05,mcs50_m2Dr4_s50.B05,dal_rl,34,44,6718264212,1000.02,1,50,677746330,94.0699,4593044857,4593044857,0,3384058535,
mcs50_m2Dr4_s50.A06,mcs50_m2Dr4_s50.B06,dal_rl,34,50,6311141156,1000.02,1,50,2032312181,291.998,4271429201,4271429201,0,3102996825,
mcs50_m2Dr4_s50.A07,mcs50_m2Dr4_s50.B07,dal_rl,35,50,6672731983,1000.01,1,50,6271263244,934.618,4496968228,4496968228,0,3271496682,
mcs50_m2Dr4_s50.A08,mcs50_m2Dr4_s50.B08,dal_rl,35,59,3261708138,1000.01,1,50,43494095,12.5274,2211872272,2211872272,0,1636730137,
mcs50_m2Dr4_s50.A09,mcs50_m2Dr4_s50.B09,dal_rl,34,53,3508235078,1000.02,1,50,2509820753,709.722,2467775082,2467775082,0,1796597934,
mcs50_m2Dr4_s60.A00,mcs50_m2Dr4_s60.B00,dal_rl,39,50,7028460486,1000.02,1,60,988667163,137.428,4675569644,4675569644,0,3280983278,
mcs50_m2Dr4_s60.A01,mcs50_m2Dr4_s60.B01,dal_rl,39,61,6967171157,1000.02,1,60,119041827,16.6878,4723676064,4723676064,0,3332047802,
mcs50_m2Dr4_s60.A02,mcs50_m2Dr4_s60.B02,dal_rl,41,54,6864955727,1000.02,1,60,612883389,83.0915,4606358766,4606358766,0,3192331326,
mcs50_m2Dr4_s60.A03,mcs50_m2Dr4_s60.B03,dal_rl,40,45,6875297660,1000.02,1,60,1860622023,266.007,4881254893,4881254893,0,3698547180,
mcs50_m2Dr4_s60.A04,mcs50_m2Dr4_s60.B04,dal_rl,40,59,7005175146,1000.02,1,60,95852774,12.8353,4943878028,4943878028,0,3546620467,
mcs50_m2Dr4_s60.A05,mcs50_m2Dr4_s60.B05,dal_rl,40,73,5997986007,1000.02,1,60,103524946,14.4544,4103706583,4103706583,0,2929909732,
mcs50_m2Dr4_s60.A06,mcs50_m2Dr4_s60.B06,dal_rl,40,59,7001300860,1000.02,1,60,6772757043,966.129,4697193510,4697193510,0,3348832220,
mcs50_m2Dr4_s60.A07,mcs50_m2Dr4_s60.B07,dal_rl,40,59,5801785921,1000.01,1,60,402228701,22.2798,4086052142,4086052142,0,2953437188,
mcs50_m2Dr4_s60.A08,mcs50_m2Dr4_s60.B08,dal_rl,41,61,5796135232,1000.02,1,60,564219082,100.538,4004268945,4004268945,0,2903776158,
mcs50_m2Dr4_s60.A09,mcs50_m2Dr4_s60.B09,dal_rl,39,55,6506365863,1000.02,1,60,14125170,2.01313,4345855689,4345855689,0,3165252164,
mcs50_m2Dr4_s70.A00,mcs50_m2Dr4_s70.B00,dal_rl,45,67,6510096690,1000.01,1,70,4529492322,672.82,4642777142,4642777142,0,3387085594,
mcs50_m2Dr4_s70.A01,mcs50_m2Dr4_s70.B01,dal_rl,45,66,6638144782,1000.02,1,70,568712469,77.5851,4795001044,4795001044,0,3454434695,
mcs50_m2Dr4_s70.A02,mcs50_m2Dr4_s70.B02,dal_rl,45,75,5156507058,1000.02,1,70,2294480385,427.439,3503616115,3503616115,0,2616045320,
mcs50_m2Dr4_s70.A03,mcs50_m2Dr4_s70.B03,dal_rl,46,74,4997156492,1000.02,1,70,556323206,107.634,3431532777,3431532777,0,2458308521,
mcs50_m2Dr4_s70.A04,mcs50_m2Dr4_s70.B04,dal_rl,44,65,6382208053,1000.02,1,70,1149466691,170.848,4269391777,4269391777,0,3093728890,
mcs50_m2Dr4_s70.A05,mcs50_m2Dr4_s70.B05,dal_rl,45,57,5964824054,1000.02,1,70,2686062377,436.904,4161686591,4161686591,0,3024069972,
mcs50_m2Dr4_s70.A06,mcs50_m2Dr4_s70.B06,dal_rl,45,64,6685577768,1000.02,1,70,868914608,120.49,4645913319,4645913319,0,3353226495,
mcs50_m2Dr4_s70.A07,mcs50_m2Dr4_s70.B07,dal_rl,47,73,5057787137,1000.02,1,70,2867158691,559.185,3538622595,3538622595,0,2525138998,
mcs50_m2Dr4_s70.A08,mcs50_m2Dr4_s70.B08,dal_rl,45,59,5133665656,1000.02,1,70,189346723,35.5543,3677732347,3677732347,0,2705909738,
mcs50_m2Dr4_s70.A09,mcs50_m2Dr4_s70.B09,dal_rl,46,66,5643415281,1000.02,1,70,661237067,103.075,3702003687,3702003687,0,2615077092,
mcs50_m2Dr4_s80.A00,mcs50_m2Dr4_s80.B00,dal_rl,49,70,6470287771,1000.02,1,80,1733882012,254.92,4365216007,4365216007,0,3124696802,
mcs50_m2Dr4_s80.A01,mcs50_m2Dr4_s80.B01,dal_rl,49,74,7293930508,1000.02,1,80,345505386,43.207,4937997008,4937997008,0,3482474150,
mcs50_m2Dr4_s80.A02,mcs50_m2Dr4_s80.B02,dal_rl,50,60,6672338620,1000.01,1,80,478961779,67.7124,4404673053,4404673053,0,3186094847,
mcs50_m2Dr4_s80.A03,mcs50_m2Dr4_s80.B03,dal_rl,51,59,6738255483,1000.02,1,80,10080862,1.23598,4566525573,4566525573,0,3315556450,
mcs50_m2Dr4_s80.A04,mcs50_m2Dr4_s80.B04,dal_rl,52,81,5548718510,1000.02,1,80,2091343112,336.248,3859477038,3859477038,0,2807068701,
mcs50_m2Dr4_s80.A05,mcs50_m2Dr4_s80.B05,dal_rl,49,74,6968171800,1000.01,1,80,3033358018,409.023,5003755760,5003755760,0,3665047016,
mcs50_m2Dr4_s80.A06,mcs50_m2Dr4_s80.B06,dal_rl,52,67,6220137289,1000.02,1,80,541834716,82.0826,4226546547,4226546547,0,3187529513,
mcs50_m2Dr4_s80.A07,mcs50_m2Dr4_s80.B07,dal_rl,50,79,6976250329,1000.02,1,80,4498528731,638.636,4917342096,4917342096,0,3387617724,
mcs50_m2Dr4_s80.A08,mcs50_m2Dr4_s80.B08,dal_rl,50,81,6648590922,1000.01,1,80,55287586,6.44511,4640650984,4640650984,0,3318896559,
mcs50_m2Dr4_s80.A09,mcs50_m2Dr4_s80.B09,dal_rl,52,75,6059252079,1000.01,1,80,1254284922,204.52,4354956156,4354956156,0,3153363328,
mcs50_m2Dr4_s90.A00,mcs50_m2Dr4_s90.B00,dal_rl,57,84,5395625422,1000.02,1,90,919367210,156.89,3537782552,3537782552,0,2491609995,
mcs50_m2Dr4_s90.A01,mcs50_m2Dr4_s90.B01,dal_rl,56,84,6916763024,1000.01,1,90,2770675820,366.463,5125343789,5125343789,0,3942440069,
mcs50_m2Dr4_s90.A02,mcs50_m2Dr4_s90.B02,dal_rl,60,92,5938446612,1000.01,1,90,87547249,10.159,3955508887,3955508887,0,2943267783,
mcs50_m2Dr4_s90.A03,mcs50_m2Dr4_s90.B03,dal_rl,55,81,6693688422,1000.02,1,90,1574941855,230.298,4533246257,4533246257,0,3292665356,
mcs50_m2Dr4_s90.A04,mcs50_m2Dr4_s90.B04,dal_rl,57,92,7086287226,1000.02,1,90,2620296593,332.875,4716528993,4716528993,0,3234246715,
mcs50_m2Dr4_s90.A05,mcs50_m2Dr4_s90.B05,dal_rl,58,86,6844489290,1000.01,1,90,2582664849,338.51,4914341439,4914341439,0,3599812653,
mcs50_m2Dr4_s90.A06,mcs50_m2Dr4_s90.B06,dal_rl,52,68,17278482804,1000.02,1,90,9498973395,613.144,14995366490,14995366490,0,12714571094,
mcs50_m2Dr4_s90.A07,mcs50_m2Dr4_s90.B07,dal_rl,57,78,6433398155,1000.02,1,90,318565401,45.3904,4321900954,4321900954,0,3043356648,
mcs50_m2Dr4_s90.A08,mcs50_m2Dr4_s90.B08,dal_rl,57,87,6645851013,1000.02,1,90,3256035428,473.5,4639636748,4639636748,0,3435545156,
mcs50_m2Dr4_s90.A09,mcs50_m2Dr4_s90.B09,dal_rl,54,71,6996354955,1000.02,1,90,420451563,56.8799,4924072772,4924072772,0,3522078006,
mcs50_m2Dr6_s10.A00,mcs50_m2Dr6_s10.B00,dal_rl,7,9,565,0.000107993,0,10,220,3.3921e-05,382,382,0,295,
mcs50_m2Dr6_s10.A01,mcs50_m2Dr6_s10.B01,dal_rl,8,10,572,0.000103416,0,10,557,7.7977e-05,368,368,0,265,
mcs50_m2Dr6_s10.A02,mcs50_m2Dr6_s10.B02,dal_rl,7,9,321,6.9696e-05,0,10,59,1.288e-05,219,219,0,160,
mcs50_m2Dr6_s10.A03,mcs50_m2Dr6_s10.B03,dal_rl,7,8,511,9.6175e-05,0,10,18,1.0186e-05,350,350,0,248,
mcs50_m2Dr6_s10.A04,mcs50_m2Dr6_s10.B04,dal_rl,8,12,479,9.4042e-05,0,10,439,6.2995e-05,308,308,0,216,
mcs50_m2Dr6_s10.A05,mcs50_m2Dr6_s10.B05,dal_rl,7,7,589,0.000123115,0,10,8,7.682e-06,379,379,0,259,
mcs50_m2Dr6_s10.A06,mcs50_m2Dr6_s10.B06,dal_rl,7,9,411,0.000357209,0,10,58,1.4792e-05,287,287,0,207,
mcs50_m2Dr6_s10.A07,mcs50_m2Dr6_s10.B07,dal_rl,8,11,346,7.3481e-05,0,10,274,4.1192e-05,224,224,0,144,
mcs50_m2Dr6_s10.A08,mcs50_m2Dr6_s10.B08,dal_rl,7,9,610,0.000120612,0,10,38,1.2659e-05,403,403,0,285,
mcs50_m2Dr6_s10.A09,mcs50_m2Dr6_s10.B09,dal_rl,7,9,1055,0.000163897,0,10,757,9.6896e-05,685,685,0,508,
mcs50_m2Dr6_s100.A00,mcs50_m2Dr6_s100.B00,dal_rl,61,98,6809396671,1000.02,1,100,2920010142,373.112,4578717133,4578717133,0,3162840016,
mcs50_m2Dr6_s100.A01,mcs50_m2Dr6_s100.B01,dal_rl,56,75,11483168667,1000.01,1,100,3758105419,255.573,9292646963,9292646963,0,7222574067,
mcs50_m2Dr6_s100.A02,mcs50_m2Dr6_s100.B02,dal_rl,51,60,14569163158,1000.01,1,100,59057506,2.98593,12460320623,12460320623,0,10572921662,
mcs50_m2Dr6_s100.A03,mcs50_m2Dr6_s100.B03,dal_rl,61,95,8393352737,1000.02,1,100,5976175288,598.404,5789269467,5789269467,0,4113167437,
mcs50_m2Dr6_s100.A04,mcs50_m2Dr6_s100.B04,dal_rl,60,79,7233501089,1000.02,1,100,626637852,47.9153,5280600524,5280600524,0,3752754185,
mcs50_m2Dr6_s100.A05,mcs50_m2Dr6_s100.B05,dal_rl,60,87,6574805672,1000.02,1,100,17918912,1.60221,4167309745,4167309745,0,3063603985,
mcs50_m2Dr6_s100.A06,mcs50_m2Dr6_s100.B06,dal_rl,58,75,6796176237,1000.02,1,100,509543218,75.6803,4366425832,4366425832,0,2906187739,
mcs50_m2Dr6_s100.A07,mcs50_m2Dr6_s100.B07,dal_rl,59,86,7652341951,1000.02,1,100,2469092599,186.556,5554143136,5554143136,0,4371051859,
mcs50_m2Dr6_s100.A08,mcs50_m2Dr6_s100.B08,dal_rl,61,88,9655320196,1000.02,1,100,7247130206,640.838,7858715139,7858715139,0,6328115086,
mcs50_m2Dr6_s100.A09,mcs50_m2Dr6_s100.B09,dal_rl,60,103,6712387603,1000.02,1,100,715228364,100.519,4634109126,4634109126,0,3169232384,
mcs50_m2Dr6_s20.A00,mcs50_m2Dr6_s20.B00,dal_rl,14,20,84994,0.0133287,0,20,55020,0.00840191,56189,56189,0,42967,
mcs50_m2Dr6_s20.A01,mcs50_m2Dr6_s20.B01,dal_rl,14,22,47935,0.0072938,0,20,5598,0.000818732,32663,32663,0,25052,
mcs50_m2Dr6_s20.A02,mcs50_m2Dr6_s20.B02,dal_rl,14,17,61403,0.010168,0,20,6034,0.000939978,40285,40285,0,31010,
mcs50_m2Dr6_s20.A03,mcs50_m2Dr6_s20.B03,dal_rl,14,23,69165,0.0112618,0,20,27350,0.00415465,46256,46256,0,34505,
mcs50_m2Dr6_s20.A04,mcs50_m2Dr6_s20.B04,dal_rl,14,21,52806,0.0154365,0,20,12406,0.00346077,34974,34974,0,26683,
mcs50_m2Dr6_s20.A05,mcs50_m2Dr6_s20.B05,dal_rl,15,24,39739,0.00577675,0,20,33763,0.00484686,25845,25845,0,19588,
mcs50_m2Dr6_s20.A06,mcs50_m2Dr6_s20.B06,dal_rl,14,19,49978,0.00726804,0,20,4736,0.000679975,32665,32665,0,24435,
mcs50_m2Dr6_s20.A07,mcs50_m2Dr6_s20.B07,dal_rl,14,18,159539,0.0237584,0,20,152896,0.0228032,100015,100015,0,71041,
mcs50_m2Dr6_s20.A08,mcs50_m2Dr6_s20.B08,dal_rl,14,17,83173,0.0115938,0,20,24349,0.00332878,52973,52973,0,38894,
mcs50_m2Dr6_s20.A09,mcs50_m2Dr6_s20.B09,dal_rl,13,19,232420,0.0300917,0,20,2579,0.000328064,154353,154353,0,111548,
mcs50_m2Dr6_s30.A00,mcs50_m2Dr6_s30.B00,dal_rl,21,38,18244180,3.11322,0,30,14232983,2.39069,12139299,12139299,0,9263195,
mcs50_m2Dr6_s30.A01,mcs50_m2Dr6_s30.B01,dal_rl,21,29,14961683,2.66996,0,30,14050572,2.50582,9870432,9870432,0,7449142,
mcs50_m2Dr6_s30.A02,mcs50_m2Dr6_s30.B02,dal_rl,20,23,22422841,6.38715,0,30,1341914,0.364167,14811148,14811148,0,10871632,
mcs50_m2Dr6_s30.A03,mcs50_m2Dr6_s30.B03,dal_rl,20,28,21529376,6.22023,0,30,291751,0.0786468,14497033,14497033,0,10993113,
mcs50_m2Dr6_s30.A04,mcs50_m2Dr6_s30.B04,dal_rl,21,30,2611251,0.391939,0,30,577906,0.0847782,1738268,1738268,0,1350678,
mcs50_m2Dr6_s30.A05,mcs50_m2Dr6_s30.B05,dal_rl,20,31,22643222,3.20262,0,30,1601592,0.211748,14354940,14354940,0,9820788,
mcs50_m2Dr6_s30.A06,mcs50_m2Dr6_s30.B06,dal_rl,20,29,11597992,1.77593,0,30,277256,0.0389664,7789227,7789227,0,5878900,
mcs50_m2Dr6_s30.A07,mcs50_m2Dr6_s30.B07,dal_rl,20,29,8646361,1.30584,0,30,245354,0.033354,5791860,5791860,0,4349667,
mcs50_m2Dr6_s30.A08,mcs50_m2Dr6_s30.B08,dal_rl,20,32,30229787,4.20326,0,30,1323650,0.167614,19878102,19878102,0,14509957,
mcs50_m2Dr6_s30.A09,mcs50_m2Dr6_s30.B09,dal_rl,20,33,17727898,2.47771,0,30,2695821,0.354083,11550012,11550012,0,8227343,
mcs50_m2Dr6_s40.A00,mcs50_m2Dr6_s40.B00,dal_rl,28,37,860874554,156.534,0,40,804455514,145.462,584066934,584066934,0,439463608,
mcs50_m2Dr6_s40.A01,mcs50_m2Dr6_s40.B01,dal_rl,27,31,3721203050,656.068,0,40,78386344,13.1642,2434578081,2434578081,0,1765719755,
mcs50_m2Dr6_s40.A02,mcs50_m2Dr6_s40.B02,dal_rl,27,40,1471158244,436.341,0,40,410237,0.11098,1013873555,1013873555,0,754519135,
mcs50_m2Dr6_s40.A03,mcs50_m2Dr6_s40.B03,dal_rl,27,43,1754374910,542.61,0,40,493446353,147.897,1164796169,1164796169,0,866309393,
mcs50_m2Dr6_s40.A04,mcs50_m2Dr6_s40.B04,dal_rl,27,48,2798504982,429.365,0,40,40497964,5.83876,1878318233,1878318233,0,1414209535,
mcs50_m2Dr6_s40.A05,mcs50_m2Dr6_s40.B05,dal_rl,27,42,1287061245,197.714,0,40,345776971,51.3652,860302579,860302579,0,645391895,
mcs50_m2Dr6_s40.A06,mcs50_m2Dr6_s40.B06,dal_rl,27,43,4008793023,604.871,0,40,469413844,67.0535,2638625281,2638625281,0,1938774891,
mcs50_m2Dr6_s40.A07,mcs50_m2Dr6_s40.B07,dal_rl,27,38,2267680007,339.553,0,40,364874139,52.2563,1493138676,1493138676,0,1073385146,
mcs50_m2Dr6_s40.A08,mcs50_m2Dr6_s40.B08,dal_rl,27,48,2866195475,439.128,0,40,1336356091,198.503,1899982863,1899982863,0,1372344162,
mcs50_m2Dr6_s40.A09,mcs50_m2Dr6_s40.B09,dal_rl,27,35,2154108910,337.007,0,40,654060244,97.927,1434086436,1434086436,0,1042215733,
mcs50_m2Dr6_s50.A00,mcs50_m2Dr6_s50.B00,dal_rl,32,52,6828950163,1000.01,1,50,68993246,9.83756,4600780947,4600780947,0,3380876707,
mcs50_m2Dr6_s50.A01,mcs50_m2Dr6_s50.B01,dal_rl,33,52,6476689268,1000.02,1,50,291853062,41.578,4311080575,4311080575,0,3165712372,
mcs50_m2Dr6_s50.A02,mcs50_m2Dr6_s50.B02,dal_rl,33,61,5749465918,1000.01,1,50,1022805180,171.744,3872540434,3872540434,0,2842085691,
mcs50_m2Dr6_s50.A03,mcs50_m2Dr6_s50.B03,dal_rl,32,49,6146549875,1000.01,1,50,147461674,23.3351,4289637654,4289637654,0,3177920856,
mcs50_m2Dr6_s50.A04,mcs50_m2Dr6_s50.B04,dal_rl,32,41,6414594306,1000.02,1,50,1347655,0.19344,4255854213,4255854213,0,3144969738,
mcs50_m2Dr6_s50.A05,mcs50_m2Dr6_s50.B05,dal_rl,32,37,6551761715,1000.02,1,50,1202258,0.163753,4362800196,4362800196,0,3293491843,
mcs50_m2Dr6_s50.A06,mcs50_m2Dr6_s50.B06,dal_rl,33,42,5704352664,1000.02,1,50,2814107367,476.79,3858995117,3858995117,0,2844250116,
mcs50_m2Dr6_s50.A07,mcs50_m2Dr6_s50.B07,dal_rl,33,55,6770756397,1000.01,1,50,1747608740,248.261,4564265353,4564265353,0,3382345067,
mcs50_m2Dr6_s50.A08,mcs50_m2Dr6_s50.B08,dal_rl,33,48,6512122169,1000.01,1,50,206339233,30.8469,4342702466,4342702466,0,3151530212,
mcs50_m2Dr6_s50.A09,mcs50_m2Dr6_s50.B09,dal_rl,34,55,6412997511,1000.01,1,50,2347353805,353.769,4347051820,4347051820,0,3284156813,
mcs50_m2Dr6_s60.A00,mcs50_m2Dr6_s60.B00,dal_rl,38,55,7238958358,1000.01,1,60,2708123462,365.203,4820487120,4820487120,0,3270447250,
mcs50_m2Dr6_s60.A01,mcs50_m2Dr6_s60.B01,dal_rl,38,58,5020383944,1000.02,1,60,201785202,38.6554,3332286848,3332286848,0,2371690927,
mcs50_m2Dr6_s60.A02,mcs50_m2Dr6_s60.B02,dal_rl,39,57,3265377658,1000.02,1,60,1323582322,396.822,2185766032,2185766032,0,1615886722,
mcs50_m2Dr6_s60.A03,mcs50_m2Dr6_s60.B03,dal_rl,39,62,6594849777,1000.01,1,60,2524518213,370.276,4450115887,4450115887,0,3250386517,
mcs50_m2Dr6_s60.A04,mcs50_m2Dr6_s60.B04,dal_rl,38,60,6644332704,1000.01,1,60,213613995,29.6019,4430288725,4430288725,0,3214004857,
mcs50_m2Dr6_s60.A05,mcs50_m2Dr6_s60.B05,dal_rl,37,52,6881761930,1000.02,1,60,3255075430,461.8,4631896549,4631896549,0,3443423423,
mcs50_m2Dr6_s60.A06,mcs50_m2Dr6_s60.B06,dal_rl,38,58,5839038997,1000.02,1,60,509744612,82.681,4067156811,4067156811,0,3050508038,
mcs50_m2Dr6_s60.A07,mcs50_m2Dr6_s60.B07,dal_rl,38,57,6434039921,1000.01,1,60,646891356,95.6585,4085614284,4085614284,0,3015445875,
mcs50_m2Dr6_s60.A08,mcs50_m2Dr6_s60.B08,dal_rl,38,56,6720089903,1000.02,1,60,5980842212,885.425,4469751154,4469751154,0,3171964161,
mcs50_m2Dr6_s60.A09,mcs50_m2Dr6_s60.B09,dal_rl,38,60,6447521625,1000,1,60,29350,0.00337614,4259662882,4259662882,0,3231740738,
mcs50_m2Dr6_s70.A00,mcs50_m2Dr6_s70.B00,dal_rl,43,69,6660906932,1000.01,1,70,513974659,71.1473,4265212275,4265212275,0,3078605112,
mcs50_m2Dr6_s70.A01,mcs50_m2Dr6_s70.B01,dal_rl,46,65,6630566524,1000.02,1,70,5491600941,817.847,4457438920,4457438920,0,3254221349,
mcs50_m2Dr6_s70.A02,mcs50_m2Dr6_s70.B02,dal_rl,46,71,6389876541,1000.01,1,70,4868797884,749.992,4302768637,4302768637,0,3198868267,
mcs50_m2Dr6_s70.A03,mcs50_m2Dr6_s70.B03,dal_rl,45,62,6637065163,1000,1,70,6475175070,974.917,4346888746,4346888746,0,3191676917,
mcs50_m2Dr6_s70.A04,mcs50_m2Dr6_s70.B04,dal_rl,45,74,6615819820,1000.02,1,70,3945458853,584.225,4515610017,4515610017,0,3333863253,
mcs50_m2Dr6_s70.A05,mcs50_m2Dr6_s70.B05,dal_rl,43,69,6791763474,1000.01,1,70,177033044,23.9648,4593169492,4593169492,0,3250372045,
mcs50_m2Dr6_s70.A06,mcs50_m2Dr6_s70.B06,dal_rl,44,71,6952522815,1000.02,1,70,160016174,19.7513,4902143010,4902143010,0,3476574309,
mcs50_m2Dr6_s70.A07,mcs50_m2Dr6_s70.B07,dal_rl,44,62,6514951909,1000.01,1,70,6458600159,990.973,4300694638,4300694638,0,3184851340,
mcs50_m2Dr6_s70.A08,mcs50_m2Dr6_s70.B08,dal_rl,45,75,6679480649,1000.01,1,70,3086639107,421.145,4537397709,4537397709,0,3363306069,
mcs50_m2Dr6_s70.A09,mcs50_m2Dr6_s70.B09,dal_rl,43,59,6981469960,1000.02,1,70,1989903515,276.129,4802851034,4802851034,0,3577111055,
mcs50_m2Dr6_s80.A00,mcs50_m2Dr6_s80.B00,dal_rl,47,70,7494271357,1000.02,1,80,4499930212,587.009,5276611740,5276611740,0,3827169564,
mcs50_m2Dr6_s80.A01,mcs50_m2Dr6_s80.B01,dal_rl,50,74,6497645627,1000,1,80,4863680665,745.019,4594773040,4594773040,0,3519944424,
mcs50_m2Dr6_s80.A02,mcs50_m2Dr6_s80.B02,dal_rl,49,69,6570896340,1000.02,1,80,295573178,43.4415,4568148351,4568148351,0,3430095793,
mcs50_m2Dr6_s80.A03,mcs50_m2Dr6_s80.B03,dal_rl,49,68,6590125616,1000.02,1,80,4553763974,675.583,4309810105,4309810105,0,3071554130,
mcs50_m2Dr6_s80.A04,mcs50_m2Dr6_s80.B04,dal_rl,49,86,7275495923,1000.03,1,80,968081927,111.875,4975020469,4975020469,0,3615043684,
mcs50_m2Dr6_s80.A05,mcs50_m2Dr6_s80.B05,dal_rl,50,81,6393760226,1000.02,1,80,3434591220,519.637,3966170200,3966170200,0,2792732490,
mcs50_m2Dr6_s80.A06,mcs50_m2Dr6_s80.B06,dal_rl,46,66,7401268063,1000.02,1,80,521946925,66.7634,5164505505,5164505505,0,3647884807,
mcs50_m2Dr6_s80.A07,mcs50_m2Dr6_s80.B07,dal_rl,48,66,6615956364,1000.02,1,80,311854954,43.5882,4490500964,4490500964,0,3335272320,
mcs50_m2Dr6_s80.A08,mcs50_m2Dr6_s80.B08,dal_rl,50,82,7219409046,1000.01,1,80,7112736298,984.326,4995770941,4995770941,0,3662060984,
mcs50_m2Dr6_s80.A09,mcs50_m2Dr6_s80.B09,dal_rl,47,68,7893097635,1000.01,1,80,5788226197,695.401,5326174494,5326174494,0,4095416987,
mcs50_m2Dr6_s90.A00,mcs50_m2Dr6_s90.B00,dal_rl,55,92,6805094292,1000.02,1,90,1680780099,235.869,4754725827,4754725827,0,3288585000,
mcs50_m2Dr6_s90.A01,mcs50_m2Dr6_s90.B01,dal_rl,54,78,6706241795,1000.02,1,90,1379275080,197.93,4319310897,4319310897,0,3113078600,
mcs50_m2Dr6_s90.A02,mcs50_m2Dr6_s90.B02,dal_rl,53,80,6120095218,1000.02,1,90,211549509,33.3016,3847825539,3847825539,0,2713973260,
mcs50_m2Dr6_s90.A03,mcs50_m2Dr6_s90.B03,dal_rl,54,78,6451847336,1000.02,1,90,2052989585,297.401,4205210721,4205210721,0,2931069689,
mcs50_m2Dr6_s90.A04,mcs50_m2Dr6_s90.B04,dal_rl,51,75,7024177720,1000.02,1,90,1534094033,224.407,4750234856,4750234856,0,3380587671,
mcs50_m2Dr6_s90.A05,mcs50_m2Dr6_s90.B05,dal_rl,54,80,6768455221,1000.02,1,90,273499799,38.8011,4512673456,4512673456,0,3305278986,
mcs50_m2Dr6_s90.A06,mcs50_m2Dr6_s90.B06,dal_rl,55,86,7621760409,1000.01,1,90,2114803190,190.163,5597417172,5597417172,0,4308346606,
mcs50_m2Dr6_s90.A07,mcs50_m2Dr6_s90.B07,dal_rl,54,81,6901162971,1000.01,1,90,1305780364,180.931,4580469915,4580469915,0,3153743583,
mcs50_m2Dr6_s90.A08,mcs50_m2Dr6_s90.B08,dal_rl,51,76,10569194779,1000.02,1,90,2280815496,189.824,8591580249,8591580249,0,6676621421,
mcs50_m2Dr6_s90.A09,mcs50_m2Dr6_s90.B09,dal_rl,54,83,6743157919,1000,1,90,747025431,104.856,4501967319,4501967319,0,3089790583,
mcs50_m3D_s15.A00,mcs50_m3D_s15.B00,dal_rl,11,15,6755,0.000863716,0,15,4114,0.000506326,4339,4339,0,3069,
mcs50_m3D_s15.A01,mcs50_m3D_s15.B01,dal_rl,11,13,4153,0.000567588,0,15,615,8.6e-05,2710,2710,0,1838,
mcs50_m3D_s15.A02,mcs50_m3D_s15.B02,dal_rl,11,13,6588,0.000898728,0,15,244,6.2865e-05,4366,4366,0,3026,
mcs50_m3D_s15.A03,mcs50_m3D_s15.B03,dal_rl,11,11,5432,0.00072721,0,15,1081,0.000148465,3580,3580,0,2480,
mcs50_m3D_s15.A04,mcs50_m3D_s15.B04,dal_rl,11,15,4908,0.000680148,0,15,1094,0.000142576,3278,3278,0,2263,
mcs50_m3D_s15.A05,mcs50_m3D_s15.B05,dal_rl,11,14,6139,0.000913478,0,15,1486,0.000181526,3980,3980,0,2730,
mcs50_m3D_s15.A06,mcs50_m3D_s15.B06,dal_rl,11,15,5118,0.000700804,0,15,326,5.253e-05,3138,3138,0,2047,
mcs50_m3D_s15.A07,mcs50_m3D_s15.B07,dal_rl,11,13,7780,0.00109828,0,15,168,4.4657e-05,5129,5129,0,3474,
mcs50_m3D_s15.A08,mcs50_m3D_s15.B08,dal_rl,11,15,11658,0.00130645,0,15,7266,0.000751923,7716,7716,0,5479,
mcs50_m3D_s15.A09,mcs50_m3D_s15.B09,dal_rl,11,13,5681,0.000788638,0,15,1216,0.000160685,3843,3843,0,2654,
mcs50_m3D_s20.A00,mcs50_m3D_s20.B00,dal_rl,15,19,76369,0.0105982,0,20,48188,0.00656186,48573,48573,0,33388,
mcs50_m3D_s20.A01,mcs50_m3D_s20.B01,dal_rl,14,16,80130,0.0110256,0,20,7663,0.00115989,53537,53537,0,39290,
mcs50_m3D_s20.A02,mcs50_m3D_s20.B02,dal_rl,14,20,64618,0.00890036,0,20,1783,0.000240626,41971,41971,0,30506,
mcs50_m3D_s20.A03,mcs50_m3D_s20.B03,dal_rl,14,16,54925,0.00749557,0,20,2710,0.000358916,36790,36790,0,26825,
mcs50_m3D_s20.A04,mcs50_m3D_s20.B04,dal_rl,15,21,54455,0.00689788,0,20,39142,0.00472262,36038,36038,0,26303,
mcs50_m3D_s20.A05,mcs50_m3D_s20.B05,dal_rl,14,17,193197,0.0234628,0,20,104537,0.0122068,125086,125086,0,87446,
mcs50_m3D_s20.A06,mcs50_m3D_s20.B06,dal_rl,14,17,99135,0.0142892,0,20,2407,0.000367325,64588,64588,0,46538,
mcs50_m3D_s20.A07,mcs50_m3D_s20.B07,dal_rl,15,18,27684,0.00351637,0,20,14321,0.00177684,18810,18810,0,13885,
mcs50_m3D_s20.A08,mcs50_m3D_s20.B08,dal_rl,14,16,77328,0.0103922,0,20,1629,0.000209106,49946,49946,0,34693,
mcs50_m3D_s20.A09,mcs50_m3D_s20.B09,dal_rl,14,17,175291,0.0222658,0,20,54548,0.00663032,115071,115071,0,80891,
mcs50_m3D_s50.A00,mcs50_m3D_s50.B00,dal_rl,33,46,6581876748,1000.02,1,50,742880094,105.634,4317297053,4317297053,0,3145508005,
mcs50_m3D_s50.A01,mcs50_m3D_s50.B01,dal_rl,33,49,6724332024,1000.01,1,50,512969991,71.5734,4411037824,4411037824,0,3080089021,
mcs50_m3D_s50.A02,mcs50_m3D_s50.B02,dal_rl,33,46,6804214567,1000.01,1,50,2235224065,315.1,4541632738,4541632738,0,3188413164,
mcs50_m3D_s50.A03,mcs50_m3D_s50.B03,dal_rl,33,57,6659602724,1000.01,1,50,117292303,16.8565,4422893402,4422893402,0,3158984896,
mcs50_m3D_s50.A04,mcs50_m3D_s50.B04,dal_rl,33,50,6603448608,1000.01,1,50,217072225,31.677,4400113421,4400113421,0,3244207413,
mcs50_m3D_s50.A05,mcs50_m3D_s50.B05,dal_rl,33,53,6837899829,1000.02,1,50,5457091185,791.716,4498426148,4498426148,0,3190849125,
mcs50_m3D_s50.A06,mcs50_m3D_s50.B06,dal_rl,33,49,6773313637,1000.02,1,50,1454581631,205.95,4498223874,4498223874,0,3187439323,
mcs50_m3D_s50.A07,mcs50_m3D_s50.B07,dal_rl,34,55,6370620688,1000.02,1,50,1236495435,183.021,4170800368,4170800368,0,3007562806,
mcs50_m3D_s50.A08,mcs50_m3D_s50.B08,dal_rl,33,49,6624393195,1000.02,1,50,624421111,88.3898,4350216483,4350216483,0,3100459105,
mcs50_m3D_s50.A09,mcs50_m3D_s50.B09,dal_rl,34,47,6409226812,1000.02,1,50,844785124,123.864,4151873420,4151873420,0,2980581592,
mcs50_m3D_s60.A00,mcs50_m3D_s60.B00,dal_rl,39,53,6732159323,1000.02,1,60,5253674950,768.399,4415136312,4415136312,0,3165690576,
mcs50_m3D_s60.A01,mcs50_m3D_s60.B01,dal_rl,39,65,6824867700,1000.02,1,60,5060759532,735.839,4509436966,4509436966,0,3270210478,
mcs50_m3D_s60.A02,mcs50_m3D_s60.B02,dal_rl,37,51,6935656525,1000.02,1,60,17627225,2.5999,4682931597,4682931597,0,3282342490,
mcs50_m3D_s60.A03,mcs50_m3D_s60.B03,dal_rl,39,58,5320617651,1000.01,1,60,1649657168,296.221,3462335648,3462335648,0,2556956912,
mcs50_m3D_s60.A04,mcs50_m3D_s60.B04,dal_rl,39,70,5511759247,1000.01,1,60,2407404502,402.138,3736523922,3736523922,0,2695806676,
mcs50_m3D_s60.A05,mcs50_m3D_s60.B05,dal_rl,39,66,5517165953,1000.01,1,60,1777270033,300.089,3688300554,3688300554,0,2710345161,
mcs50_m3D_s60.A06,mcs50_m3D_s60.B06,dal_rl,39,52,6604238562,1000.02,1,60,497320295,72.053,4485780940,4485780940,0,3189313599,
mcs50_m3D_s60.A07,mcs50_m3D_s60.B07,dal_rl,39,59,6794067828,1000.02,1,60,3052024932,437.259,4514307237,4514307237,0,3249390581,
mcs50_m3D_s60.A08,mcs50_m3D_s60.B08,dal_rl,38,48,6916009981,1000.02,1,60,3997889099,565.889,4722916476,4722916476,0,3407007192,
mcs50_m3D_s60.A09,mcs50_m3D_s60.B09,dal_rl,39,62,6413048297,1000.02,1,60,629804767,92.8037,4274361143,4274361143,0,2993039550,
mcs50_m3Dr2_s15.A00,mcs50_m3Dr2_s15.B00,dal_rl,11,11,14441,0.00196678,0,15,14240,0.00191136,9017,9017,0,6017,
mcs50_m3Dr2_s15.A01,mcs50_m3Dr2_s15.B01,dal_rl,11,14,10490,0.00143133,0,15,8399,0.00112036,6821,6821,0,5284,
mcs50_m3Dr2_s15.A02,mcs50_m3Dr2_s15.B02,dal_rl,11,18,4834,0.000709819,0,15,2761,0.000378359,3304,3304,0,2463,
mcs50_m3Dr2_s15.A03,mcs50_m3Dr2_s15.B03,dal_rl,11,19,11851,0.00192864,0,15,6794,0.00107547,7732,7732,0,5511,
mcs50_m3Dr2_s15.A04,mcs50_m3Dr2_s15.B04,dal_rl,11,17,5085,0.00076994,0,15,2220,0.000330738,3355,3355,0,2511,
mcs50_m3Dr2_s15.A05,mcs50_m3Dr2_s15.B05,dal_rl,11,19,5064,0.000722569,0,15,3738,0.000502888,3521,3521,0,2685,
mcs50_m3Dr2_s15.A06,mcs50_m3Dr2_s15.B06,dal_rl,11,17,6017,0.000846627,0,15,4655,0.00062308,4032,4032,0,3073,
mcs50_m3Dr2_s15.A07,mcs50_m3Dr2_s15.B07,dal_rl,11,13,13461,0.00357634,0,15,12166,0.00316337,8260,8260,0,5728,
mcs50_m3Dr2_s15.A08,mcs50_m3Dr2_s15.B08,dal_rl,11,14,4008,0.00119601,0,15,553,0.000187963,2608,2608,0,1832,
mcs50_m3Dr2_s15.A09,mcs50_m3Dr2_s15.B09,dal_rl,11,16,3437,0.000553175,0,15,1180,0.000179061,2314,2314,0,1804,
mcs50_m3Dr2_s20.A00,mcs50_m3Dr2_s20.B00,dal_rl,14,16,59582,0.00846527,0,20,34,1.5804e-05,39603,39603,0,30207,
mcs50_m3Dr2_s20.A01,mcs50_m3Dr2_s20.B01,dal_rl,14,17,64745,0.00902288,0,20,7913,0.000927296,43772,43772,0,32084,
mcs50_m3Dr2_s20.A02,mcs50_m3Dr2_s20.B02,dal_rl,14,21,143336,0.0244866,0,20,126678,0.0215544,91040,91040,0,65822,
mcs50_m3Dr2_s20.A03,mcs50_m3Dr2_s20.B03,dal_rl,14,19,93595,0.0128148,0,20,15952,0.00212841,59281,59281,0,41509,
mcs50_m3Dr2_s20.A04,mcs50_m3Dr2_s20.B04,dal_rl,14,19,126763,0.0181686,0,20,19230,0.00276526,81219,81219,0,57825,
mcs50_m3Dr2_s20.A05,mcs50_m3Dr2_s20.B05,dal_rl,14,22,113941,0.0158633,0,20,85838,0.0117885,71146,71146,0,52324,
mcs50_m3Dr2_s20.A06,mcs50_m3Dr2_s20.B06,dal_rl,14,22,75981,0.0104597,0,20,18213,0.00242671,50796,50796,0,37084,
mcs50_m3Dr2_s20.A07,mcs50_m3Dr2_s20.B07,dal_rl,14,16,62542,0.0178255,0,20,15701,0.0042027,40677,40677,0,30977,
mcs50_m3Dr2_s20.A08,mcs50_m3Dr2_s20.B08,dal_rl,14,24,54645,0.0158157,0,20,16610,0.00464458,35729,35729,0,26287,
mcs50_m3Dr2_s20.A09,mcs50_m3Dr2_s20.B09,dal_rl,14,24,68491,0.0105706,0,20,12197,0.00181598,45342,45342,0,34153,
mcs50_m3Dr2_s50.A00,mcs50_m3Dr2_s50.B00,dal_rl,32,52,6680790535,1000.02,1,50,1912662864,266.298,4372751296,4372751296,0,3125362147,
mcs50_m3Dr2_s50.A01,mcs50_m3Dr2_s50.B01,dal_rl,31,43,6668974103,1000.01,1,50,10474879,1.41451,4349473778,4349473778,0,3129955921,
mcs50_m3Dr2_s50.A02,mcs50_m3Dr2_s50.B02,dal_rl,33,47,5186038100,1000.01,1,50,2401319995,456.051,3484818121,3484818121,0,2590906655,
mcs50_m3Dr2_s50.A03,mcs50_m3Dr2_s50.B03,dal_rl,32,57,6748838104,1000.01,1,50,209562799,30.8044,4580121212,4580121212,0,3288712183,
mcs50_m3Dr2_s50.A04,mcs50_m3Dr2_s50.B04,dal_rl,33,44,6473607807,1000.01,1,50,2913501640,439.044,4321360677,4321360677,0,3225320071,
mcs50_m3Dr2_s50.A05,mcs50_m3Dr2_s50.B05,dal_rl,32,42,6634440905,1000.02,1,50,654862306,93.9472,4338445862,4338445862,0,3207275073,
mcs50_m3Dr2_s50.A06,mcs50_m3Dr2_s50.B06,dal_rl,32,51,6502414511,1000.02,1,50,288872041,41.8156,4232005493,4232005493,0,3128911207,
mcs50_m3Dr2_s50.A07,mcs50_m3Dr2_s50.B07,dal_rl,31,42,6565361982,1000.02,1,50,34934279,5.49481,4311437005,4311437005,0,3035447355,
mcs50_m3Dr2_s50.A08,mcs50_m3Dr2_s50.B08,dal_rl,33,59,6078875284,1000.02,1,50,3084271728,467.515,4155476833,4155476833,0,3046425767,
mcs50_m3Dr2_s50.A09,mcs50_m3Dr2_s50.B09,dal_rl,33,58,3099488285,1000.01,1,50,1366176755,424.135,2054024311,2054024311,0,1494863097,
mcs50_m3Dr2_s60.A00,mcs50_m3Dr2_s60.B00,dal_rl,38,51,3268759169,1000.02,1,60,487840691,145.616,2142222559,2142222559,0,1574784565,
mcs50_m3Dr2_s60.A01,mcs50_m3Dr2_s60.B01,dal_rl,39,65,3302028635,1000.02,1,60,328943430,92.4678,2258962253,2258962253,0,1660101796,
mcs50_m3Dr2_s60.A02,mcs50_m3Dr2_s60.B02,dal_rl,38,68,6645873537,1000.02,1,60,180934311,26.0456,4307012359,4307012359,0,3076051172,
mcs50_m3Dr2_s60.A03,mcs50_m3Dr2_s60.B03,dal_rl,37,55,6759667713,1000.01,1,60,318935433,45.2374,4544903041,4544903041,0,3355576324,
mcs50_m3Dr2_s60.A04,mcs50_m3Dr2_s60.B04,dal_rl,38,56,6924086770,1000.01,1,60,6555843520,944.309,4673664303,4673664303,0,3368451494,
mcs50_m3Dr2_s60.A05,mcs50_m3Dr2_s60.B05,dal_rl,38,58,5451483344,1000.01,1,60,5128520513,937.809,3627160774,3627160774,0,2669226070,
mcs50_m3Dr2_s60.A06,mcs50_m3Dr2_s60.B06,dal_rl,38,63,6462081473,1000.02,1,60,2336432781,349.966,4270817563,4270817563,0,3282871417,
mcs50_m3Dr2_s60.A07,mcs50_m3Dr2_s60.B07,dal_rl,38,57,6248790960,1000.02,1,60,142979609,21.9818,4106475389,4106475389,0,3038028263,
mcs50_m3Dr2_s60.A08,mcs50_m3Dr2_s60.B08,dal_rl,38,58,6859764659,1000.01,1,60,1121854411,169.094,4601091983,4601091983,0,3236270916,
mcs50_m3Dr2_s60.A09,mcs50_m3Dr2_s60.B09,dal_rl,38,68,5470394941,1000.01,1,60,446580134,77.8437,3617889804,3617889804,0,2684041148,
mcs50_m3Dr4_s15.A00,mcs50_m3Dr4_s15.B00,dal_rl,10,16,14765,0.00240323,0,15,525,9.4052e-05,9421,9421,0,6585,
mcs50_m3Dr4_s15.A01,mcs50_m3Dr4_s15.B01,dal_rl,11,17,13281,0.00177516,0,15,11978,0.00156436,8500,8500,0,6053,
mcs50_m3Dr4_s15.A02,mcs50_m3Dr4_s15.B02,dal_rl,10,11,11322,0.00165458,0,15,404,6.2755e-05,7574,7574,0,5511,
mcs50_m3Dr4_s15.A03,mcs50_m3Dr4_s15.B03,dal_rl,11,16,5791,0.000843584,0,15,436,7.299e-05,3570,3570,0,2358,
mcs50_m3Dr4_s15.A04,mcs50_m3Dr4_s15.B04,dal_rl,11,13,4195,0.000833498,0,15,470,8.6831e-05,2776,2776,0,2050,
mcs50_m3Dr4_s15.A05,mcs50_m3Dr4_s15.B05,dal_rl,10,16,12038,0.0020057,0,15,223,4.6611e-05,8039,8039,0,6079,
mcs50_m3Dr4_s15.A06,mcs50_m3Dr4_s15.B06,dal_rl,10,12,8880,0.00159078,0,15,1682,0.000285953,5873,5873,0,4480,
mcs50_m3Dr4_s15.A07,mcs50_m3Dr4_s15.B07,dal_rl,11,13,9930,0.00144182,0,15,9134,0.00130267,6295,6295,0,4638,
mcs50_m3Dr4_s15.A08,mcs50_m3Dr4_s15.B08,dal_rl,11,14,5193,0.000751545,0,15,676,0.000104909,3349,3349,0,2210,
mcs50_m3Dr4_s15.A09,mcs50_m3Dr4_s15.B09,dal_rl,10,17,8879,0.00130022,0,15,88,2.2014e-05,5819,5819,0,4228,
mcs50_m3Dr4_s20.A00,mcs50_m3Dr4_s20.B00,dal_rl,13,18,183950,0.0276506,0,20,1373,0.000203017,119786,119786,0,90354,
mcs50_m3Dr4_s20.A01,mcs50_m3Dr4_s20.B01,dal_rl,14,20,76563,0.0144174,0,20,29132,0.00518897,51024,51024,0,39191,
mcs50_m3Dr4_s20.A02,mcs50_m3Dr4_s20.B02,dal_rl,13,15,120513,0.0196597,0,20,1015,0.000140462,80927,80927,0,60670,
mcs50_m3Dr4_s20.A03,mcs50_m3Dr4_s20.B03,dal_rl,13,27,178431,0.0316348,0,20,8421,0.001392,116711,116711,0,90257,
mcs50_m3Dr4_s20.A04,mcs50_m3Dr4_s20.B04,dal_rl,14,21,73606,0.0113363,0,20,30927,0.00456028,47080,47080,0,35684,
mcs50_m3Dr4_s20.A05,mcs50_m3Dr4_s20.B05,dal_rl,14,21,191610,0.0282317,0,20,164720,0.0237371,121268,121268,0,90945,
mcs50_m3Dr4_s20.A06,mcs50_m3Dr4_s20.B06,dal_rl,13,18,165400,0.0240839,0,20,4968,0.000679837,110381,110381,0,85481,
mcs50_m3Dr4_s20.A07,mcs50_m3Dr4_s20.B07,dal_rl,14,17,95046,0.014133,0,20,62872,0.00928023,60023,60023,0,43424,
mcs50_m3Dr4_s20.A08,mcs50_m3Dr4_s20.B08,dal_rl,14,17,80925,0.0150001,0,20,45773,0.00839675,51763,51763,0,39257,
mcs50_m3Dr4_s20.A09,mcs50_m3Dr4_s20.B09,dal_rl,13,23,151371,0.0249174,0,20,84,2.8913e-05,98226,98226,0,71570,
mcs50_m3Dr4_s50.A00,mcs50_m3Dr4_s50.B00,dal_rl,31,50,6391980013,1000.02,1,50,223032077,34.9085,4204974918,4204974918,0,3147445717,
mcs50_m3Dr4_s50.A01,mcs50_m3Dr4_s50.B01,dal_rl,32,61,6170314918,1000.02,1,50,4284286875,688.843,4117137310,4117137310,0,3098105436,
mcs50_m3Dr4_s50.A02,mcs50_m3Dr4_s50.B02,dal_rl,31,48,6041093274,1000.02,1,50,1170650087,188.178,4012404251,4012404251,0,3043145020,
mcs50_m3Dr4_s50.A03,mcs50_m3Dr4_s50.B03,dal_rl,30,43,6457246218,1000.02,1,50,16355924,2.37751,4245484441,4245484441,0,3093322616,
mcs50_m3Dr4_s50.A04,mcs50_m3Dr4_s50.B04,dal_rl,32,60,3076233496,1000.02,1,50,830651879,263.971,2030576686,2030576686,0,1573404107,
mcs50_m3Dr4_s50.A05,mcs50_m3Dr4_s50.B05,dal_rl,31,47,4575644085,1000.02,1,50,144141709,29.677,3054087531,3054087531,0,2334512973,
mcs50_m3Dr4_s50.A06,mcs50_m3Dr4_s50.B06,dal_rl,31,50,6045795889,1000.02,1,50,4250220229,691.559,4134914079,4134914079,0,3223107035,
mcs50_m3Dr4_s50.A07,mcs50_m3Dr4_s50.B07,dal_rl,31,57,5363843559,1000.02,1,50,3725425632,691.971,3535169669,3535169669,0,2669242971,
mcs50_m3Dr4_s50.A08,mcs50_m3Dr4_s50.B08,dal_rl,31,50,5367501365,1000.02,1,50,294988109,53.9653,3556635363,3556635363,0,2648170737,
mcs50_m3Dr4_s50.A09,mcs50_m3Dr4_s50.B09,dal_rl,32,51,6179294876,1000.02,1,50,1488996267,226.93,4120988819,4120988819,0,3117671444,
mcs50_m3Dr4_s60.A00,mcs50_m3Dr4_s60.B00,dal_rl,38,60,6437313084,1000.01,1,60,5657685528,868.716,4164442527,4164442527,0,3080563931,
mcs50_m3Dr4_s60.A01,mcs50_m3Dr4_s60.B01,dal_rl,36,57,6500660822,1000.02,1,60,5161178581,792.269,4317354499,4317354499,0,3134926110,
mcs50_m3Dr4_s60.A02,mcs50_m3Dr4_s60.B02,dal_rl,37,71,6004257805,1000.02,1,60,2149365991,350.993,4026549496,4026549496,0,2901910849,
mcs50_m3Dr4_s60.A03,mcs50_m3Dr4_s60.B03,dal_rl,36,62,4725820675,1000.02,1,60,271952411,58.2942,3119848117,3119848117,0,2266810013,
mcs50_m3Dr4_s60.A04,mcs50_m3Dr4_s60.B04,dal_rl,36,59,4528722462,1000.02,1,60,233808778,46.7931,2892266929,2892266929,0,2199822641,
mcs50_m3Dr4_s60.A05,mcs50_m3Dr4_s60.B05,dal_rl,35,55,5742155898,1000.02,1,60,171729953,32.3683,3745555764,3745555764,0,2737242035,
mcs50_m3Dr4_s60.A06,mcs50_m3Dr4_s60.B06,dal_rl,36,58,6328857273,1000.01,1,60,622881046,94.0745,4093948180,4093948180,0,3051029497,
mcs50_m3Dr4_s60.A07,mcs50_m3Dr4_s60.B07,dal_rl,36,53,5263566150,1000.02,1,60,50606574,8.9956,3539075693,3539075693,0,2513493306,
mcs50_m3Dr4_s60.A08,mcs50_m3Dr4_s60.B08,dal_rl,35,56,6510573624,1000.02,1,60,586590116,89.3491,4334883468,4334883468,0,3263427957,
mcs50_m3Dr4_s60.A09,mcs50_m3Dr4_s60.B09,dal_rl,35,53,5226515186,1000.02,1,60,89419999,14.833,3424184917,3424184917,0,2629861615,
mcs50_m3Dr6_s15.A00,mcs50_m3Dr6_s15.B00,dal_rl,11,16,5257,0.000831055,0,15,4630,0.000696642,3400,3400,0,2679,
mcs50_m3Dr6_s15.A01,mcs50_m3Dr6_s15.B01,dal_rl,11,19,10838,0.00164104,0,15,9913,0.00148071,6810,6810,0,4977,
mcs50_m3Dr6_s15.A02,mcs50_m3Dr6_s15.B02,dal_rl,10,14,6240,0.000917296,0,15,197,3.977e-05,4412,4412,0,3353,
mcs50_m3Dr6_s15.A03,mcs50_m3Dr6_s15.B03,dal_rl,10,16,6512,0.00131945,0,15,240,5.0677e-05,4277,4277,0,3326,
mcs50_m3Dr6_s15.A04,mcs50_m3Dr6_s15.B04,dal_rl,10,14,22234,0.0031733,0,15,1543,0.000224788,13938,13938,0,10047,
mcs50_m3Dr6_s15.A05,mcs50_m3Dr6_s15.B05,dal_rl,10,16,10278,0.00150764,0,15,445,6.7872e-05,6706,6706,0,4930,
mcs50_m3Dr6_s15.A06,mcs50_m3Dr6_s15.B06,dal_rl,10,15,11201,0.00160848,0,15,1961,0.000263869,7281,7281,0,5414,
mcs50_m3Dr6_s15.A07,mcs50_m3Dr6_s15.B07,dal_rl,10,15,14921,0.0023609,0,15,83,2.8233e-05,9452,9452,0,7045,
mcs50_m3Dr6_s15.A08,mcs50_m3Dr6_s15.B08,dal_rl,10,12,7201,0.00108301,0,15,126,2.3656e-05,4814,4814,0,3735,
mcs50_m3Dr6_s15.A09,mcs50_m3Dr6_s15.B09,dal_rl,10,17,7244,0.00100921,0,15,85,2.0781e-05,5020,5020,0,3942,
mcs50_m3Dr6_s20.A00,mcs50_m3Dr6_s20.B00,dal_rl,14,26,56342,0.00947792,0,20,4512,0.000664563,37114,37114,0,28362,
mcs50_m3Dr6_s20.A01,mcs50_m3Dr6_s20.B01,dal_rl,14,21,191185,0.0271516,0,20,151454,0.0210483,122409,122409,0,88932,
mcs50_m3Dr6_s20.A02,mcs50_m3Dr6_s20.B02,dal_rl,14,24,69772,0.0107917,0,20,28963,0.00425717,45293,45293,0,33404,
mcs50_m3Dr6_s20.A03,mcs50_m3Dr6_s20.B03,dal_rl,14,27,94577,0.0146715,0,20,80916,0.0123424,63945,63945,0,51369,
mcs50_m3Dr6_s20.A04,mcs50_m3Dr6_s20.B04,dal_rl,13,20,133076,0.0187553,0,20,14790,0.00201378,87180,87180,0,67137,
mcs50_m3Dr6_s20.A05,mcs50_m3Dr6_s20.B05,dal_rl,13,20,185372,0.0324293,0,20,39548,0.00675062,122047,122047,0,94593,
mcs50_m3Dr6_s20.A06,mcs50_m3Dr6_s20.B06,dal_rl,14,27,44394,0.00883007,0,20,13061,0.00245256,29269,29269,0,23264,
mcs50_m3Dr6_s20.A07,mcs50_m3Dr6_s20.B07,dal_rl,13,24,187158,0.0278268,0,20,6930,0.000969845,118746,118746,0,86689,
mcs50_m3Dr6_s20.A08,mcs50_m3Dr6_s20.B08,dal_rl,13,21,176904,0.0273852,0,20,83513,0.0123276,113009,113009,0,87777,
mcs50_m3Dr6_s20.A09,mcs50_m3Dr6_s20.B09,dal_rl,14,20,86218,0.0132931,0,20,85375,0.0131285,56453,56453,0,43338,
mcs50_m3Dr6_s50.A00,mcs50_m3Dr6_s50.B00,dal_rl,30,47,6406268112,1000.02,1,50,341201869,52.6658,4164182634,4164182634,0,3130119710,
mcs50_m3Dr6_s50.A01,mcs50_m3Dr6_s50.B01,dal_rl,30,51,6203763525,1000.02,1,50,672307091,107.29,4057620599,4057620599,0,3078219629,
mcs50_m3Dr6_s50.A02,mcs50_m3Dr6_s50.B02,dal_rl,30,48,6544823546,1000.02,1,50,88762229,12.2186,4357733693,4357733693,0,3273034985,
mcs50_m3Dr6_s50.A03,mcs50_m3Dr6_s50.B03,dal_rl,31,57,6390695294,1000.02,1,50,3810223740,582.73,4229848448,4229848448,0,3180289494,
mcs50_m3Dr6_s50.A04,mcs50_m3Dr6_s50.B04,dal_rl,29,56,6577718463,1000.01,1,50,56263441,8.82825,4378122553,4378122553,0,3306113845,
mcs50_m3Dr6_s50.A05,mcs50_m3Dr6_s50.B05,dal_rl,30,44,5411490930,1000.02,1,50,123908876,22.0558,3567722174,3567722174,0,2627530373,
mcs50_m3Dr6_s50.A06,mcs50_m3Dr6_s50.B06,dal_rl,30,44,5326387786,1000.02,1,50,344100782,62.3424,3433679194,3433679194,0,2555186170,
mcs50_m3Dr6_s50.A07,mcs50_m3Dr6_s50.B07,dal_rl,30,50,5954439530,1000.02,1,50,802822857,133.628,3905368282,3905368282,0,2981736811,
mcs50_m3Dr6_s50.A08,mcs50_m3Dr6_s50.B08,dal_rl,30,46,6263796452,1000,1,50,14145690,2.2394,4143348288,4143348288,0,3066554366,
mcs50_m3Dr6_s50.A09,mcs50_m3Dr6_s50.B09,dal_rl,30,49,6029263384,1000.01,1,50,3046629006,489.307,3909308290,3909308290,0,3039252302,
mcs50_m3Dr6_s60.A00,mcs50_m3Dr6_s60.B00,dal_rl,35,52,6415723826,1000.01,1,60,1603900801,250.273,4241578322,4241578322,0,3149079306,
mcs50_m3Dr6_s60.A01,mcs50_m3Dr6_s60.B01,dal_rl,36,62,6046238820,1000.01,1,60,947989170,152.505,4026711960,4026711960,0,3087730958,
mcs50_m3Dr6_s60.A02,mcs50_m3Dr6_s60.B02,dal_rl,36,69,6153761034,1000.01,1,60,57832552,9.06947,4122841642,4122841642,0,3156507082,
mcs50_m3Dr6_s60.A03,mcs50_m3Dr6_s60.B03,dal_rl,34,52,6648431673,1000.01,1,60,4523459292,659.768,4258970844,4258970844,0,3239459423,
mcs50_m3Dr6_s60.A04,mcs50_m3Dr6_s60.B04,dal_rl,37,69,6186451367,1000.02,1,60,4033111937,644.067,4154678841,4154678841,0,3210655542,
mcs50_m3Dr6_s60.A05,mcs50_m3Dr6_s60.B05,dal_rl,35,62,6381538860,1000,1,60,13038419,1.8909,4208474245,4208474245,0,3217326853,
mcs50_m3Dr6_s60.A06,mcs50_m3Dr6_s60.B06,dal_rl,35,58,6601265976,1000.01,1,60,1290506726,190.932,4336955569,4336955569,0,3304035450,
mcs50_m3Dr6_s60.A07,mcs50_m3Dr6_s60.B07,dal_rl,35,56,6074172628,1000,1,60,555909544,87.627,3954518512,3954518512,0,3069502000,
mcs50_m3Dr6_s60.A08,mcs50_m3Dr6_s60.B08,dal_rl,35,52,6132191217,1000.02,1,60,302406437,45.82,3922544206,3922544206,0,2994825468,
mcs50_m3Dr6_s60.A09,mcs50_m3Dr6_s60.B09,dal_rl,35,53,6289934061,1000.02,1,60,1439320865,216.175,4084913862,4084913862,0,3041292451,
mcs50_m4D_s30.A00,mcs50_m4D_s30.B00,dal_rl,23,25,1627906,0.215736,0,30,1501639,0.197761,1167581,1167581,0,874887,
mcs50_m4D_s30.A01,mcs50_m4D_s30.B01,dal_rl,22,28,12828764,1.64189,0,30,1894758,0.229798,8686359,8686359,0,6048734,
mcs50_m4D_s30.A02,mcs50_m4D_s30.B02,dal_rl,23,34,1911838,0.227458,0,30,902923,0.102818,1383035,1383035,0,1020307,
mcs50_m4D_s30.A03,mcs50_m4D_s30.B03,dal_rl,22,31,8357749,0.888281,0,30,6809757,0.687783,6654894,6654894,0,5369586,
mcs50_m4D_s30.A04,mcs50_m4D_s30.B04,dal_rl,23,25,4229665,0.527673,0,30,4187716,0.521825,2874759,2874759,0,1988339,
mcs50_m4D_s30.A05,mcs50_m4D_s30.B05,dal_rl,22,30,8943770,1.10923,0,30,2146773,0.244465,6403704,6403704,0,4536610,
mcs50_m4D_s30.A06,mcs50_m4D_s30.B06,dal_rl,22,34,6396498,0.790424,0,30,2808465,0.336717,4501896,4501896,0,3241512,
mcs50_m4D_s30.A07,mcs50_m4D_s30.B07,dal_rl,23,40,2411137,0.309102,0,30,2093167,0.266846,1722000,1722000,0,1301569,
mcs50_m4D_s30.A08,mcs50_m4D_s30.B08,dal_rl,23,30,4444918,0.58027,0,30,4157069,0.542275,3177621,3177621,0,2330034,
mcs50_m4D_s30.A09,mcs50_m4D_s30.B09,dal_rl,22,26,5006598,0.641586,0,30,444604,0.0518972,3514984,3514984,0,2557684,
mcs50_m4D_s35.A00,mcs50_m4D_s35.B00,dal_rl,26,32,28240185,3.66353,0,35,3753919,0.458219,19599267,19599267,0,14194032,
mcs50_m4D_s35.A01,mcs50_m4D_s35.B01,dal_rl,26,39,25736056,3.40292,0,35,9191946,1.15277,18089545,18089545,0,13138398,
mcs50_m4D_s35.A02,mcs50_m4D_s35.B02,dal_rl,27,35,5744380,0.807186,0,35,2842634,0.384774,3987089,3987089,0,2998120,
mcs50_m4D_s35.A03,mcs50_m4D_s35.B03,dal_rl,27,38,21327282,2.53761,0,35,19893235,2.33547,15554024,15554024,0,11190455,
mcs50_m4D_s35.A04,mcs50_m4D_s35.B04,dal_rl,26,35,17367713,2.34857,0,35,2676359,0.342432,12280831,12280831,0,9123865,
mcs50_m4D_s35.A05,mcs50_m4D_s35.B05,dal_rl,26,35,85046315,10.9831,0,35,44425047,5.54171,60532415,60532415,0,44912952,
mcs50_m4D_s35.A06,mcs50_m4D_s35.B06,dal_rl,26,28,42047213,5.15708,0,35,36559516,4.42288,29405883,29405883,0,20607214,
mcs50_m4D_s35.A07,mcs50_m4D_s35.B07,dal_rl,26,34,75937053,9.84337,0,35,24601294,2.99868,54137022,54137022,0,39619705,
mcs50_m4D_s35.A08,mcs50_m4D_s35.B08,dal_rl,26,39,33249426,4.37649,0,35,8194388,1.06002,24184691,24184691,0,18243110,
mcs50_m4D_s35.A09,mcs50_m4D_s35.B09,dal_rl,26,32,109008842,13.9849,0,35,22650688,2.80836,77767328,77767328,0,55877298,
mcs50_m4D_s40.A00,mcs50_m4D_s40.B00,dal_rl,31,33,470287022,59.7504,0,40,442608116,55.8777,349533593,349533593,0,255030105,
mcs50_m4D_s40.A01,mcs50_m4D_s40.B01,dal_rl,30,36,589377205,79.6399,0,40,206399978,26.3438,419233554,419233554,0,302184094,
mcs50_m4D_s40.A02,mcs50_m4D_s40.B02,dal_rl,30,45,1906158194,257.853,0,40,1052734289,139.53,1353072962,1353072962,0,953068044,
mcs50_m4D_s40.A03,mcs50_m4D_s40.B03,dal_rl,30,49,78590064,11.1337,0,40,12741491,1.78029,55355313,55355313,0,40042594,
mcs50_m4D_s40.A04,mcs50_m4D_s40.B04,dal_rl,30,40,204766964,28.8477,0,40,49904199,6.63654,141240452,141240452,0,101086557,
mcs50_m4D_s40.A05,mcs50_m4D_s40.B05,dal_rl,30,40,825360084,111.136,0,40,514323946,68.234,588674955,588674955,0,428840534,
mcs50_m4D_s40.A06,mcs50_m4D_s40.B06,dal_rl,30,41,284702822,37.7729,0,40,169585779,21.9268,205576802,205576802,0,150522078,
mcs50_m4D_s40.A07,mcs50_m4D_s40.B07,dal_rl,30,44,291262659,38.817,0,40,214257227,28.1042,212487392,212487392,0,156869231,
mcs50_m4D_s40.A08,mcs50_m4D_s40.B08,dal_rl,30,34,55935385,7.23298,0,40,14247011,1.19177,41299371,41299371,0,31195863,
mcs50_m4D_s40.A09,mcs50_m4D_s40.B09,dal_rl,30,44,79171535,11.4755,0,40,18716384,2.52448,59349362,59349362,0,46872761,
mcs50_m4Dr2_s30.A00,mcs50_m4Dr2_s30.B00,dal_rl,22,36,8481553,1.13076,0,30,7820638,1.03729,5827384,5827384,0,4306383,
mcs50_m4Dr2_s30.A01,mcs50_m4Dr2_s30.B01,dal_rl,21,35,9440008,1.2381,0,30,2696486,0.326121,6668117,6668117,0,5040176,
mcs50_m4Dr2_s30.A02,mcs50_m4Dr2_s30.B02,dal_rl,21,28,20099788,2.61132,0,30,5433132,0.677018,13853089,13853089,0,10182081,
mcs50_m4Dr2_s30.A03,mcs50_m4Dr2_s30.B03,dal_rl,22,35,2172683,0.287489,0,30,918800,0.116379,1511431,1511431,0,1110866,
mcs50_m4Dr2_s30.A04,mcs50_m4Dr2_s30.B04,dal_rl,21,31,6809520,0.916622,0,30,816283,0.101576,4621776,4621776,0,3422250,
mcs50_m4Dr2_s30.A05,mcs50_m4Dr2_s30.B05,dal_rl,22,32,1718306,0.230043,0,30,216217,0.0241419,1233848,1233848,0,947924,
mcs50_m4Dr2_s30.A06,mcs50_m4Dr2_s30.B06,dal_rl,22,27,5833565,0.796671,0,30,5826580,0.795568,3954340,3954340,0,2806641,
mcs50_m4Dr2_s30.A07,mcs50_m4Dr2_s30.B07,dal_rl,21,29,6345579,0.846472,0,30,61656,0.00618698,4420266,4420266,0,3229670,
mcs50_m4Dr2_s30.A08,mcs50_m4Dr2_s30.B08,dal_rl,22,33,2202118,0.289479,0,30,1177020,0.147832,1464039,1464039,0,1060920,
mcs50_m4Dr2_s30.A09,mcs50_m4Dr2_s30.B09,dal_rl,22,31,3592086,0.491933,0,30,2883756,0.388762,2440813,2440813,0,1768896,
mcs50_m4Dr2_s35.A00,mcs50_m4Dr2_s35.B00,dal_rl,25,27,117161299,16.0768,0,35,8264489,0.985401,79527069,79527069,0,58287353,
mcs50_m4Dr2_s35.A01,mcs50_m4Dr2_s35.B01,dal_rl,25,35,50480719,6.88341,0,35,7013163,0.864996,35893430,35893430,0,26904271,
mcs50_m4Dr2_s35.A02,mcs50_m4Dr2_s35.B02,dal_rl,25,39,48099043,6.63462,0,35,2431539,0.313636,32708523,32708523,0,23217331,
mcs50_m4Dr2_s35.A03,mcs50_m4Dr2_s35.B03,dal_rl,25,44,82941805,10.9554,0,35,43277254,5.5503,60742800,60742800,0,45855648,
mcs50_m4Dr2_s35.A04,mcs50_m4Dr2_s35.B04,dal_rl,25,42,72829921,10.2585,0,35,6445860,0.860686,51586868,51586868,0,39207633,
mcs50_m4Dr2_s35.A05,mcs50_m4Dr2_s35.B05,dal_rl,25,30,59398204,8.28948,0,35,1471449,0.177911,40232225,40232225,0,29476620,
mcs50_m4Dr2_s35.A06,mcs50_m4Dr2_s35.B06,dal_rl,25,37,55785716,7.72404,0,35,2379268,0.299963,38720184,38720184,0,29064329,
mcs50_m4Dr2_s35.A07,mcs50_m4Dr2_s35.B07,dal_rl,25,36,57167222,7.81647,0,35,105028,0.0125044,39524561,39524561,0,29128133,
mcs50_m4Dr2_s35.A08,mcs50_m4Dr2_s35.B08,dal_rl,25,39,46320800,6.29049,0,35,4948090,0.629404,31771066,31771066,0,23049217,
mcs50_m4Dr2_s35.A09,mcs50_m4Dr2_s35.B09,dal_rl,26,28,19320473,2.53859,0,35,16690406,2.16449,13496275,13496275,0,9792456,
mcs50_m4Dr2_s40.A00,mcs50_m4Dr2_s40.B00,dal_rl,29,39,177505961,24.7179,0,40,36195487,4.78954,121470462,121470462,0,86217614,
mcs50_m4Dr2_s40.A01,mcs50_m4Dr2_s40.B01,dal_rl,29,48,399294758,52.9945,0,40,334094428,43.5877,279003137,279003137,0,201988109,
mcs50_m4Dr2_s40.A02,mcs50_m4Dr2_s40.B02,dal_rl,29,49,432186963,60.6963,0,40,23178276,2.9887,309454021,309454021,0,227355204,
mcs50_m4Dr2_s40.A03,mcs50_m4Dr2_s40.B03,dal_rl,29,42,815076637,113.503,0,40,157252283,21.0632,562459954,562459954,0,399709782,
mcs50_m4Dr2_s40.A04,mcs50_m4Dr2_s40.B04,dal_rl,29,49,3130980523,431.033,0,40,3045918970,418.652,2263507015,2263507015,0,1699250136,
mcs50_m4Dr2_s40.A05,mcs50_m4Dr2_s40.B05,dal_rl,29,42,212532384,30.0324,0,40,65876435,9.21606,144391791,144391791,0,102750417,
mcs50_m4Dr2_s40.A06,mcs50_m4Dr2_s40.B06,dal_rl,29,41,898104037,117.485,0,40,841891430,109.926,628393214,628393214,0,447273978,
mcs50_m4Dr2_s40.A07,mcs50_m4Dr2_s40.B07,dal_rl,29,51,141487041,20.8276,0,40,3800330,0.451391,98155486,98155486,0,72271016,
mcs50_m4Dr2_s40.A08,mcs50_m4Dr2_s40.B08,dal_rl,29,42,253853765,36.4544,0,40,42761730,5.8082,176367816,176367816,0,129511284,
mcs50_m4Dr2_s40.A09,mcs50_m4Dr2_s40.B09,dal_rl,28,42,989037770,138.097,0,40,4095613,0.374353,696563642,696563642,0,517151884,
mcs50_m4Dr4_s30.A00,mcs50_m4Dr4_s30.B00,dal_rl,20,27,14783541,1.9876,0,30,170342,0.0218008,10037222,10037222,0,7449149,
mcs50_m4Dr4_s30.A01,mcs50_m4Dr4_s30.B01,dal_rl,21,34,11809696,1.62332,0,30,8666466,1.1668,7931427,7931427,0,5934934,
mcs50_m4Dr4_s30.A02,mcs50_m4Dr4_s30.B02,dal_rl,21,27,3613305,0.52566,0,30,971186,0.134707,2449186,2449186,0,1847389,
mcs50_m4Dr4_s30.A03,mcs50_m4Dr4_s30.B03,dal_rl,21,29,7014621,1.01645,0,30,5659404,0.81298,4866230,4866230,0,3796008,
mcs50_m4Dr4_s30.A04,mcs50_m4Dr4_s30.B04,dal_rl,21,36,4593816,0.668373,0,30,1720881,0.239758,3181932,3181932,0,2480473,
mcs50_m4Dr4_s30.A05,mcs50_m4Dr4_s30.B05,dal_rl,21,31,2491922,0.362449,0,30,91010,0.0106231,1730351,1730351,0,1324724,
mcs50_m4Dr4_s30.A06,mcs50_m4Dr4_s30.B06,dal_rl,21,34,8285446,1.12899,0,30,4558616,0.592271,5598878,5598878,0,4195004,
mcs50_m4Dr4_s30.A07,mcs50_m4Dr4_s30.B07,dal_rl,21,35,18993232,2.52156,0,30,10258140,1.3111,12694738,12694738,0,9080064,
mcs50_m4Dr4_s30.A08,mcs50_m4Dr4_s30.B08,dal_rl,20,30,16204900,2.20645,0,30,454787,0.0566233,10830465,10830465,0,7855393,
mcs50_m4Dr4_s30.A09,mcs50_m4Dr4_s30.B09,dal_rl,20,23,14310850,2.00854,0,30,787944,0.102576,9553123,9553123,0,7011790,
mcs50_m4Dr4_s35.A00,mcs50_m4Dr4_s35.B00,dal_rl,24,35,89838457,12.4507,0,35,15253476,2.0403,60038330,60038330,0,42893490,
mcs50_m4Dr4_s35.A01,mcs50_m4Dr4_s35.B01,dal_rl,24,42,129279354,17.5739,0,35,33743093,4.37957,92205642,92205642,0,69238651,
mcs50_m4Dr4_s35.A02,mcs50_m4Dr4_s35.B02,dal_rl,25,32,79856706,11.0403,0,35,76507041,10.5608,55905336,55905336,0,42670989,
mcs50_m4Dr4_s35.A03,mcs50_m4Dr4_s35.B03,dal_rl,24,41,52637538,7.61349,0,35,1752191,0.240887,35934904,35934904,0,27074945,
mcs50_m4Dr4_s35.A04,mcs50_m4Dr4_s35.B04,dal_rl,24,35,49529597,7.10759,0,35,1132792,0.151954,33181226,33181226,0,24153901,
mcs50_m4Dr4_s35.A05,mcs50_m4Dr4_s35.B05,dal_rl,24,33,71930229,10.1049,0,35,9291746,1.23861,49003331,49003331,0,35790236,
mcs50_m4Dr4_s35.A06,mcs50_m4Dr4_s35.B06,dal_rl,25,27,54476042,7.26457,0,35,41223684,5.40136,38118005,38118005,0,28068404,
mcs50_m4Dr4_s35.A07,mcs50_m4Dr4_s35.B07,dal_rl,25,43,86622729,13.3199,0,35,51143438,7.64234,61464025,61464025,0,46825631,
mcs50_m4Dr4_s35.A08,mcs50_m4Dr4_s35.B08,dal_rl,24,37,202368055,31.7942,0,35,7244835,1.13738,143455986,143455986,0,109952382,
mcs50_m4Dr4_s35.A09,mcs50_m4Dr4_s35.B09,dal_rl,25,44,13982858,2.51808,0,35,4134580,0.719408,9763866,9763866,0,7636402,
mcs50_m4Dr4_s40.A00,mcs50_m4Dr4_s40.B00,dal_rl,28,39,1062122238,157.235,0,40,504475872,72.2924,739172042,739172042,0,554419354,
mcs50_m4Dr4_s40.A01,mcs50_m4Dr4_s40.B01,dal_rl,28,43,205226255,30.9595,0,40,1259762,0.162706,140299673,140299673,0,105342229,
mcs50_m4Dr4_s40.A02,mcs50_m4Dr4_s40.B02,dal_rl,28,46,1338154917,196.055,0,40,492454289,69.4476,924899876,924899876,0,681145911,
mcs50_m4Dr4_s40.A03,mcs50_m4Dr4_s40.B03,dal_rl,28,45,1321305497,193.5,0,40,675676009,95.1491,893823122,893823122,0,644208979,
mcs50_m4Dr4_s40.A04,mcs50_m4Dr4_s40.B04,dal_rl,28,46,549868708,80.3589,0,40,190478561,27.0371,369068530,369068530,0,268022175,
mcs50_m4Dr4_s40.A05,mcs50_m4Dr4_s40.B05,dal_rl,28,49,2755927756,387.448,0,40,1749481967,242.492,1877653476,1877653476,0,1366215110,
mcs50_m4Dr4_s40.A06,mcs50_m4Dr4_s40.B06,dal_rl,28,37,2595810776,353.975,0,40,1736175428,234.369,1796311371,1796311371,0,1278933047,
mcs50_m4Dr4_s40.A07,mcs50_m4Dr4_s40.B07,dal_rl,28,37,592995526,98.0689,0,40,170739871,26.7174,399499698,399499698,0,285756943,
mcs50_m4Dr4_s40.A08,mcs50_m4Dr4_s40.B08,dal_rl,28,49,666747294,93.7713,0,40,275396490,36.9713,466261395,466261395,0,348283332,
mcs50_m4Dr4_s40.A09,mcs50_m4Dr4_s40.B09,dal_rl,28,41,435246944,66.2793,0,40,2855327,0.380251,296336095,296336095,0,221041314,
mcs50_m4Dr6_s30.A00,mcs50_m4Dr6_s30.B00,dal_rl,20,26,6892045,0.992526,0,30,275797,0.0359866,4605150,4605150,0,3493178,
mcs50_m4Dr6_s30.A01,mcs50_m4Dr6_s30.B01,dal_rl,21,26,6091819,0.87835,0,30,1744081,0.232518,4082837,4082837,0,3090513,
mcs50_m4Dr6_s30.A02,mcs50_m4Dr6_s30.B02,dal_rl,20,34,17235771,2.44939,0,30,26938,0.00364603,11798136,11798136,0,9102136,
mcs50_m4Dr6_s30.A03,mcs50_m4Dr6_s30.B03,dal_rl,21,31,6535875,0.883525,0,30,5649762,0.749814,4447365,4447365,0,3214728,
mcs50_m4Dr6_s30.A04,mcs50_m4Dr6_s30.B04,dal_rl,20,25,7708080,1.08047,0,30,1987485,0.266188,5157412,5157412,0,3909576,
mcs50_m4Dr6_s30.A05,mcs50_m4Dr6_s30.B05,dal_rl,20,32,7288242,0.996523,0,30,3308625,0.449382,4984283,4984283,0,3779616,
mcs50_m4Dr6_s30.A06,mcs50_m4Dr6_s30.B06,dal_rl,20,36,12622092,1.76255,0,30,2232182,0.289102,8442662,8442662,0,6230267,
mcs50_m4Dr6_s30.A07,mcs50_m4Dr6_s30.B07,dal_rl,20,36,21460914,3.07125,0,30,1232401,0.158449,14283565,14283565,0,10700387,
mcs50_m4Dr6_s30.A08,mcs50_m4Dr6_s30.B08,dal_rl,20,21,12185185,1.63222,0,30,4153408,0.523554,8259662,8259662,0,6171745,
mcs50_m4Dr6_s30.A09,mcs50_m4Dr6_s30.B09,dal_rl,20,37,8872517,1.3015,0,30,2263543,0.308702,5975021,5975021,0,4560454,
mcs50_m4Dr6_s35.A00,mcs50_m4Dr6_s35.B00,dal_rl,24,39,77126273,10.8745,0,35,52897396,7.25238,52544947,52544947,0,38751623,
mcs50_m4Dr6_s35.A01,mcs50_m4Dr6_s35.B01,dal_rl,24,36,87570953,13.2585,0,35,51111343,7.41767,59152144,59152144,0,45923163,
mcs50_m4Dr6_s35.A02,mcs50_m4Dr6_s35.B02,dal_rl,24,39,92517346,15.6269,0,35,29790476,4.84008,61659611,61659611,0,46431813,
mcs50_m4Dr6_s35.A03,mcs50_m4Dr6_s35.B03,dal_rl,24,43,25550985,4.55612,0,35,5887734,1.02154,17419182,17419182,0,13314067,
mcs50_m4Dr6_s35.A04,mcs50_m4Dr6_s35.B04,dal_rl,24,39,221312375,32.1124,0,35,183481493,26.2415,148050447,148050447,0,108508058,
mcs50_m4Dr6_s35.A05,mcs50_m4Dr6_s35.B05,dal_rl,24,30,47367938,6.82704,0,35,34591710,4.93369,32581268,32581268,0,24732435,
mcs50_m4Dr6_s35.A06,mcs50_m4Dr6_s35.B06,dal_rl,24,29,54465873,8.0946,0,35,46570959,6.86411,36858927,36858927,0,27951189,
mcs50_m4Dr6_s35.A07,mcs50_m4Dr6_s35.B07,dal_rl,24,34,83919606,12.3005,0,35,51188953,7.31924,57202066,57202066,0,43991483,
mcs50_m4Dr6_s35.A08,mcs50_m4Dr6_s35.B08,dal_rl,23,34,91808378,13.1788,0,35,9926113,1.34096,63974620,63974620,0,49000359,
mcs50_m4Dr6_s35.A09,mcs50_m4Dr6_s35.B09,dal_rl,23,43,127328605,18.288,0,35,7592365,1.06567,86669477,86669477,0,65133760,
mcs50_m4Dr6_s40.A00,mcs50_m4Dr6_s40.B00,dal_rl,27,48,1233434898,187.104,0,40,756336806,112.238,842391993,842391993,0,647551196,
mcs50_m4Dr6_s40.A01,mcs50_m4Dr6_s40.B01,dal_rl,27,36,1681283816,238.31,0,40,74787165,9.79803,1157331927,1157331927,0,848888904,
mcs50_m4Dr6_s40.A02,mcs50_m4Dr6_s40.B02,dal_rl,27,42,427655878,65.0398,0,40,3194618,0.436104,293642900,293642900,0,226013516,
mcs50_m4Dr6_s40.A03,mcs50_m4Dr6_s40.B03,dal_rl,28,44,533670959,80.2929,0,40,441783178,65.7741,359867479,359867479,0,266158917,
mcs50_m4Dr6_s40.A04,mcs50_m4Dr6_s40.B04,dal_rl,27,36,491108939,70.9756,0,40,26662308,3.61975,345278188,345278188,0,260735022,
mcs50_m4Dr6_s40.A05,mcs50_m4Dr6_s40.B05,dal_rl,27,46,871357457,135.051,0,40,603337,0.0735011,589248544,589248544,0,450036161,
mcs50_m4Dr6_s40.A06,mcs50_m4Dr6_s40.B06,dal_rl,27,48,602154086,85.3136,0,40,76506389,10.6982,424984063,424984063,0,318965718,
mcs50_m4Dr6_s40.A07,mcs50_m4Dr6_s40.B07,dal_rl,27,40,767841152,114.057,0,40,18409461,2.58369,532733257,532733257,0,405926017,
mcs50_m4Dr6_s40.A08,mcs50_m4Dr6_s40.B08,dal_rl,27,40,1856526156,274.332,0,40,1008296236,142.567,1228741214,1228741214,0,903361243,
mcs50_m4Dr6_s40.A09,mcs50_m4Dr6_s40.B09,dal_rl,28,38,854249412,145.419,0,40,710217792,119.17,590473315,590473315,0,453390586,
mcs50_r001_s100.A00,mcs50_r001_s100.B00,dal_rl,66,57,11341285814,1000.01,1,100,4711173904,376.771,9009406476,9009406476,0,6756541206,
mcs50_r001_s100.A01,mcs50_r001_s100.B01,dal_rl,67,71,10005620104,1000.01,1,100,9066874,0.887323,8976371109,8976371109,0,7977973832,
mcs50_r001_s100.A02,mcs50_r001_s100.B02,dal_rl,62,59,11219436969,1000.02,1,100,7712125153,697.676,9623765471,9623765471,0,8262119810,
mcs50_r001_s100.A03,mcs50_r001_s100.B03,dal_rl,69,56,10597895897,1000.02,1,100,659179,0.0562853,8650044218,8650044218,0,6703612763,
mcs50_r001_s100.A04,mcs50_r001_s100.B04,dal_rl,62,62,19489769820,1000.02,1,100,4686168573,239.517,15858755585,15858755585,0,12451445730,
mcs50_r001_s100.A05,mcs50_r001_s100.B05,dal_rl,70,69,10099040518,1000.01,1,100,4780361385,488.943,8147735760,8147735760,0,6218636662,
mcs50_r001_s100.A06,mcs50_r001_s100.B06,dal_rl,74,81,7898776578,1000.02,1,100,3658743,0.376811,6264252190,6264252190,0,4743170124,
mcs50_r001_s100.A07,mcs50_r001_s100.B07,dal_rl,68,61,15498500836,1000.02,1,100,8017552186,505.988,14125412940,14125412940,0,12758757896,
mcs50_r001_s100.A08,mcs50_r001_s100.B08,dal_rl,65,65,18749751483,1000.02,1,100,2831716470,130.498,15938634481,15938634481,0,13212660372,
mcs50_r001_s100.A09,mcs50_r001_s100.B09,dal_rl,64,54,19152952326,1000.02,1,100,335,9.6526e-05,16108057882,16108057882,0,13192873330,
mcs50_r005_s100.A00,mcs50_r005_s100.B00,dal_rl,42,102,5178203374,1000.01,1,100,2901855906,548.513,3228593555,3228593555,0,2630016506,
mcs50_r005_s100.A01,mcs50_r005_s100.B01,dal_rl,41,76,5289193454,1000.02,1,100,25229505,4.39306,3264015518,3264015518,0,2537880434,
mcs50_r005_s100.A02,mcs50_r005_s100.B02,dal_rl,42,79,5845567255,1000.01,1,100,146928701,25.3814,3707601959,3707601959,0,2966296015,
mcs50_r005_s100.A03,mcs50_r005_s100.B03,dal_rl,40,86,5066736540,1000.02,1,100,640697335,124.298,3044216937,3044216937,0,2304539162,
mcs50_r005_s100.A04,mcs50_r005_s100.B04,dal_rl,42,92,4749214507,1000.02,1,100,868724867,174.711,2911326565,2911326565,0,2382932529,
mcs50_r005_s100.A05,mcs50_r005_s100.B05,dal_rl,41,81,5652200376,1000.02,1,100,4997031,0.774812,3481113764,3481113764,0,2717628270,
mcs50_r005_s100.A06,mcs50_r005_s100.B06,dal_rl,43,84,5723860992,1000.02,1,100,481533732,85.5904,3553312348,3553312348,0,2794023618,
mcs50_r005_s100.A07,mcs50_r005_s100.B07,dal_rl,41,74,5386500717,1000.02,1,100,1197939,0.21416,3325642620,3325642620,0,2584879271,
mcs50_r005_s100.A08,mcs50_r005_s100.B08,dal_rl,41,81,4489300767,1000.02,1,100,588835460,126.915,2811357631,2811357631,0,2313436258,
mcs50_r005_s100.A09,mcs50_r005_s100.B09,dal_rl,42,89,5470908172,1000.02,1,100,762293156,130.958,3441748067,3441748067,0,2660827246,
mcs50_r005_s20.A00,mcs50_r005_s20.B00,dal_rl,16,16,28934,0.00303208,0,20,3614,0.000351681,20012,20012,0,12142,
mcs50_r005_s20.A01,mcs50_r005_s20.B01,dal_rl,16,16,111156,0.0103653,0,20,45731,0.00368709,76887,76887,0,48946,
mcs50_r005_s20.A02,mcs50_r005_s20.B02,dal_rl,16,15,22658,0.00261991,0,20,14638,0.0016638,16039,16039,0,11467,
mcs50_r005_s20.A03,mcs50_r005_s20.B03,dal_rl,16,17,94461,0.00904038,0,20,79265,0.0072524,66703,66703,0,46485,
mcs50_r005_s20.A04,mcs50_r005_s20.B04,dal_rl,16,15,21470,0.00261979,0,20,2513,0.000284135,15132,15132,0,11197,
mcs50_r005_s20.A05,mcs50_r005_s20.B05,dal_rl,16,16,27614,0.00308825,0,20,3462,0.000370203,18312,18312,0,11602,
mcs50_r005_s20.A06,mcs50_r005_s20.B06,dal_rl,16,15,261831,0.0195487,0,20,239317,0.0169031,199696,199696,0,151655,
mcs50_r005_s20.A07,mcs50_r005_s20.B07,dal_rl,16,16,18846,0.00205681,0,20,7678,0.000705404,13043,13043,0,8343,
mcs50_r005_s20.A08,mcs50_r005_s20.B08,dal_rl,16,16,134130,0.012432,0,20,125341,0.0113376,94664,94664,0,62045,
mcs50_r005_s20.A09,mcs50_r005_s20.B09,dal_rl,16,16,24871,0.00272972,0,20,1132,0.000120351,16054,16054,0,9359,
mcs50_r005_s25.A00,mcs50_r005_s25.B00,dal_rl,19,24,417405,0.0493649,0,25,113248,0.0126388,286944,286944,0,205354,
mcs50_r005_s25.A01,mcs50_r005_s25.B01,dal_rl,20,22,362456,0.0423948,0,25,284573,0.0324971,256956,256956,0,179556,
mcs50_r005_s25.A02,mcs50_r005_s25.B02,dal_rl,20,29,121375,0.0153556,0,25,82028,0.00989815,84585,84585,0,61666,
mcs50_r005_s25.A03,mcs50_r005_s25.B03,dal_rl,19,19,381794,0.0462497,0,25,21116,0.00256579,263035,263035,0,187010,
mcs50_r005_s25.A04,mcs50_r005_s25.B04,dal_rl,19,20,352866,0.0391581,0,25,7246,0.000721766,246612,246612,0,164916,
mcs50_r005_s25.A05,mcs50_r005_s25.B05,dal_rl,19,18,1988979,0.217674,0,25,777668,0.0790286,1462948,1462948,0,1072866,
mcs50_r005_s25.A06,mcs50_r005_s25.B06,dal_rl,20,23,235278,0.0293301,0,25,193031,0.0238603,160231,160231,0,112452,
mcs50_r005_s25.A07,mcs50_r005_s25.B07,dal_rl,20,22,170718,0.0220249,0,25,83956,0.0105244,111604,111604,0,73325,
mcs50_r005_s25.A08,mcs50_r005_s25.B08,dal_rl,20,27,1100369,0.0934522,0,25,1069267,0.0895716,766416,766416,0,488946,
mcs50_r005_s25.A09,mcs50_r005_s25.B09,dal_rl,19,18,3004834,0.321689,0,25,2941316,0.314527,2089522,2089522,0,1458367,
mcs50_r005_s30.A00,mcs50_r005_s30.B00,dal_rl,23,23,6456108,0.791974,0,30,5964714,0.726343,4488707,4488707,0,3170706,
mcs50_r005_s30.A01,mcs50_r005_s30.B01,dal_rl,23,32,2191079,0.271803,0,30,1439639,0.172213,1479959,1479959,0,1007980,
mcs50_r005_s30.A02,mcs50_r005_s30.B02,dal_rl,23,23,2426737,0.260143,0,30,1443408,0.141081,1703106,1703106,0,1103821,
mcs50_r005_s30.A03,mcs50_r005_s30.B03,dal_rl,23,23,3759731,0.46987,0,30,1820800,0.216506,2497233,2497233,0,1691767,
mcs50_r005_s30.A04,mcs50_r005_s30.B04,dal_rl,23,26,3207745,0.389083,0,30,937262,0.104097,2221540,2221540,0,1569792,
mcs50_r005_s30.A05,mcs50_r005_s30.B05,dal_rl,23,27,3724660,0.500864,0,30,1566648,0.200436,2495322,2495322,0,1781822,
mcs50_r005_s30.A06,mcs50_r005_s30.B06,dal_rl,22,30,47038392,5.70449,0,30,21400865,2.54657,34204144,34204144,0,24512353,
mcs50_r005_s30.A07,mcs50_r005_s30.B07,dal_rl,23,27,3521609,0.465231,0,30,2005253,0.25718,2434073,2434073,0,1665335,
mcs50_r005_s30.A08,mcs50_r005_s30.B08,dal_rl,23,27,3423039,0.445679,0,30,1975658,0.249329,2324211,2324211,0,1582784,
mcs50_r005_s30.A09,mcs50_r005_s30.B09,dal_rl,22,23,23436955,2.96072,0,30,517822,0.0625467,15330957,15330957,0,10287972,
mcs50_r005_s35.A00,mcs50_r005_s35.B00,dal_rl,26,38,33260350,4.71322,0,35,6194244,0.792479,21769057,21769057,0,14833641,
mcs50_r005_s35.A01,mcs50_r005_s35.B01,dal_rl,26,35,122975046,16.8479,0,35,99766113,13.4989,82305031,82305031,0,57213828,
mcs50_r005_s35.A02,mcs50_r005_s35.B02,dal_rl,25,26,224865444,31.0277,0,35,283300,0.0257294,149050285,149050285,0,102976287,
mcs50_r005_s35.A03,mcs50_r005_s35.B03,dal_rl,26,36,33007381,4.29053,0,35,24173749,3.03011,22878224,22878224,0,16526445,
mcs50_r005_s35.A04,mcs50_r005_s35.B04,dal_rl,26,36,17200409,2.46506,0,35,157553,0.0204699,11660230,11660230,0,8618450,
mcs50_r005_s35.A05,mcs50_r005_s35.B05,dal_rl,26,36,72565891,9.41513,0,35,56007052,7.12624,48658031,48658031,0,33720703,
mcs50_r005_s35.A06,mcs50_r005_s35.B06,dal_rl,25,39,232565408,32.9073,0,35,3391396,0.483851,154723781,154723781,0,108270240,
mcs50_r005_s35.A07,mcs50_r005_s35.B07,dal_rl,26,34,56799046,8.23769,0,35,24673041,3.50556,37254268,37254268,0,25392348,
mcs50_r005_s35.A08,mcs50_r005_s35.B08,dal_rl,26,31,55608880,7.57913,0,35,35358320,4.71074,37643201,37643201,0,26523748,
mcs50_r005_s35.A09,mcs50_r005_s35.B09,dal_rl,25,35,181880645,24.0524,0,35,1534939,0.190167,118632969,118632969,0,77811070,
mcs50_r005_s40.A00,mcs50_r005_s40.B00,dal_rl,28,42,3230736689,470.086,0,40,40440237,5.29317,2252389839,2252389839,0,1677423147,
mcs50_r005_s40.A01,mcs50_r005_s40.B01,dal_rl,29,33,443718314,63.2023,0,40,394140422,55.747,307149119,307149119,0,228125492,
mcs50_r005_s40.A02,mcs50_r005_s40.B02,dal_rl,28,49,3870030972,565.769,0,40,11299850,1.54485,2567106754,2567106754,0,1845636865,
mcs50_r005_s40.A03,mcs50_r005_s40.B03,dal_rl,28,45,1418385009,201.576,0,40,35401946,4.84269,941346368,941346368,0,660446971,
mcs50_r005_s40.A04,mcs50_r005_s40.B04,dal_rl,29,38,344576751,47.9294,0,40,176790722,23.5592,236639095,236639095,0,169646392,
mcs50_r005_s40.A05,mcs50_r005_s40.B05,dal_rl,30,45,165644021,23.1502,0,40,109765597,14.8042,113162196,113162196,0,80402663,
mcs50_r005_s40.A06,mcs50_r005_s40.B06,dal_rl,28,41,3532631070,516.595,0,40,79733977,10.9538,2336062562,2336062562,0,1663872640,
mcs50_r005_s40.A07,mcs50_r005_s40.B07,dal_rl,28,30,2080955251,292.322,0,40,1308633,0.162543,1436515495,1436515495,0,1055869117,
mcs50_r005_s40.A08,mcs50_r005_s40.B08,dal_rl,28,44,1520065709,254.852,0,40,177942919,28.2182,1021581641,1021581641,0,744663220,
mcs50_r005_s40.A09,mcs50_r005_s40.B09,dal_rl,28,45,3361538382,548.741,0,40,291517360,46.8079,2221504047,2221504047,0,1605037314,
mcs50_r005_s50.A00,mcs50_r005_s50.B00,dal_rl,32,54,6239762094,1000.02,1,50,1739620393,274.031,4053062076,4053062076,0,2938402512,
mcs50_r005_s50.A01,mcs50_r005_s50.B01,dal_rl,32,52,6369206714,1000.02,1,50,1130897329,178.547,4241546980,4241546980,0,3145071533,
mcs50_r005_s50.A02,mcs50_r005_s50.B02,dal_rl,32,51,6338086518,1000.03,1,50,552116822,85.2068,4199941279,4199941279,0,3038991040,
mcs50_r005_s50.A03,mcs50_r005_s50.B03,dal_rl,32,52,6596967266,1000.01,1,50,3568341524,523.563,4418451477,4418451477,0,3289806883,
mcs50_r005_s50.A04,mcs50_r005_s50.B04,dal_rl,33,52,6086723149,1000.01,1,50,118234135,18.2866,4186363522,4186363522,0,3219799458,
mcs50_r005_s50.A05,mcs50_r005_s50.B05,dal_rl,33,59,5773796405,1000.02,1,50,906231563,150.137,3817381953,3817381953,0,2856830179,
mcs50_r005_s50.A06,mcs50_r005_s50.B06,dal_rl,32,58,6636807775,1000.02,1,50,67189917,9.60785,4436236893,4436236893,0,3225142898,
mcs50_r005_s50.A07,mcs50_r005_s50.B07,dal_rl,34,64,6305587565,1000.02,1,50,125440095,18.2081,4314367955,4314367955,0,3252519566,
mcs50_r005_s50.A08,mcs50_r005_s50.B08,dal_rl,31,47,6059884920,1000.01,1,50,1089391672,169.24,4114997889,4114997889,0,3084363366,
mcs50_r005_s50.A09,mcs50_r005_s50.B09,dal_rl,32,56,5444339129,1000.02,1,50,7814423,1.28332,3603250765,3603250765,0,2672859830,
mcs50_r005_s60.A00,mcs50_r005_s60.B00,dal_rl,35,57,6156598710,1000.02,1,60,198664779,31.4349,3969354826,3969354826,0,3050201605,
mcs50_r005_s60.A01,mcs50_r005_s60.B01,dal_rl,34,63,6230663462,1000.02,1,60,13045244,1.94686,3955416623,3955416623,0,2896418203,
mcs50_r005_s60.A02,mcs50_r005_s60.B02,dal_rl,35,63,6057176653,1000.02,1,60,1159305572,183.271,3950734034,3950734034,0,3000314526,
mcs50_r005_s60.A03,mcs50_r005_s60.B03,dal_rl,35,68,6455289987,1000.01,1,60,1131646280,180.302,4244354111,4244354111,0,3158470148,
mcs50_r005_s60.A04,mcs50_r005_s60.B04,dal_rl,36,73,5646981461,1000.02,1,60,2287178136,393.357,3621187127,3621187127,0,2916236477,
mcs50_r005_s60.A05,mcs50_r005_s60.B05,dal_rl,33,51,4975545464,1000.02,1,60,7844510,1.56704,3228412769,3228412769,0,2360023887,
mcs50_r005_s60.A06,mcs50_r005_s60.B06,dal_rl,35,65,3179332884,1000.01,1,60,2335193740,731.894,2032156100,2032156100,0,1522809407,
mcs50_r005_s60.A07,mcs50_r005_s60.B07,dal_rl,37,70,5957001960,1000.02,1,60,3794078473,625.514,3902579578,3902579578,0,3071960397,
mcs50_r005_s60.A08,mcs50_r005_s60.B08,dal_rl,35,70,6156307317,1000.02,1,60,72027367,11.9363,4085542638,4085542638,0,3116346376,
mcs50_r005_s60.A09,mcs50_r005_s60.B09,dal_rl,35,57,6407761454,1000.02,1,60,5461978198,844.41,4363090144,4363090144,0,3364530833,
mcs50_r005_s70.A00,mcs50_r005_s70.B00,dal_rl,36,59,5895119510,1000.02,1,70,1301883770,207.061,3725548199,3725548199,0,2844582962,
mcs50_r005_s70.A01,mcs50_r005_s70.B01,dal_rl,39,66,5797939198,1000.02,1,70,1224673804,196.257,3756553949,3756553949,0,2909569372,
mcs50_r005_s70.A02,mcs50_r005_s70.B02,dal_rl,37,67,5642898714,1000.01,1,70,479011804,77.3688,3600552086,3600552086,0,2779230772,
mcs50_r005_s70.A03,mcs50_r005_s70.B03,dal_rl,37,80,5157450827,1000.02,1,70,1155752021,200.147,3398280992,3398280992,0,2576990480,
mcs50_r005_s70.A04,mcs50_r005_s70.B04,dal_rl,37,73,5736988350,1000.01,1,70,2150585631,361.512,3625742394,3625742394,0,2855193543,
mcs50_r005_s70.A05,mcs50_r005_s70.B05,dal_rl,37,76,5845752527,1000.01,1,70,1811100833,304.172,3714220557,3714220557,0,2942782490,
mcs50_r005_s70.A06,mcs50_r005_s70.B06,dal_rl,39,79,5940520226,1000.02,1,70,5251662051,881.022,3807451630,3807451630,0,2896189080,
mcs50_r005_s70.A07,mcs50_r005_s70.B07,dal_rl,37,76,5539714042,1000.02,1,70,807275597,137.137,3468208210,3468208210,0,2717039541,
mcs50_r005_s70.A08,mcs50_r005_s70.B08,dal_rl,37,76,5963386436,1000.02,1,70,1931436503,322.568,3785898582,3785898582,0,2843803492,
mcs50_r005_s70.A09,mcs50_r005_s70.B09,dal_rl,37,77,6522556633,1000.02,1,70,107949181,15.6832,4423863702,4423863702,0,3397680660,
mcs50_r005_s80.A00,mcs50_r005_s80.B00,dal_rl,39,85,5804301806,1000.01,1,80,936454666,149.33,3632811966,3632811966,0,2837829697,
mcs50_r005_s80.A01,mcs50_r005_s80.B01,dal_rl,39,85,5755171963,1000.01,1,80,569472330,96.7236,3658666918,3658666918,0,2868350353,
mcs50_r005_s80.A02,mcs50_r005_s80.B02,dal_rl,39,81,5937267154,1000.01,1,80,96222042,17.4719,3764596243,3764596243,0,2895364461,
mcs50_r005_s80.A03,mcs50_r005_s80.B03,dal_rl,38,81,5469186876,1000.02,1,80,693924409,118.114,3402036605,3402036605,0,2636942299,
mcs50_r005_s80.A04,mcs50_r005_s80.B04,dal_rl,40,78,5867965355,1000.02,1,80,4530677248,773.475,3741996370,3741996370,0,2825457452,
mcs50_r005_s80.A05,mcs50_r005_s80.B05,dal_rl,38,80,5701080598,1000.02,1,80,41448926,6.5911,3544480936,3544480936,0,2773329018,
mcs50_r005_s80.A06,mcs50_r005_s80.B06,dal_rl,39,75,5309296427,1000.01,1,80,521524280,96.6775,3255861363,3255861363,0,2509707852,
mcs50_r005_s80.A07,mcs50_r005_s80.B07,dal_rl,38,77,5458178350,1000.02,1,80,4053115039,732.531,3360376112,3360376112,0,2627928412,
mcs50_r005_s80.A08,mcs50_r005_s80.B08,dal_rl,39,77,6053990465,1000.01,1,80,2226904403,362.105,3879132613,3879132613,0,3027655654,
mcs50_r005_s80.A09,mcs50_r005_s80.B09,dal_rl,39,70,5836037407,1000.01,1,80,22230570,3.72559,3758110876,3758110876,0,2948264106,
mcs50_r005_s90.A00,mcs50_r005_s90.B00,dal_rl,40,88,5657974307,1000,1,90,123160605,21.4244,3523005072,3523005072,0,2783555078,
mcs50_r005_s90.A01,mcs50_r005_s90.B01,dal_rl,40,89,5964958264,1000.01,1,90,852883085,131.973,3787357739,3787357739,0,2915983562,
mcs50_r005_s90.A02,mcs50_r005_s90.B02,dal_rl,39,77,5248530533,1000.02,1,90,505411169,95.9737,3169692785,3169692785,0,2591325040,
mcs50_r005_s90.A03,mcs50_r005_s90.B03,dal_rl,39,83,5371938277,1000.01,1,90,315848808,58.3159,3304483243,3304483243,0,2644618253,
mcs50_r005_s90.A04,mcs50_r005_s90.B04,dal_rl,40,86,5190039636,1000.01,1,90,1006134075,188.616,3181680220,3181680220,0,2564808739,
mcs50_r005_s90.A05,mcs50_r005_s90.B05,dal_rl,40,89,5561553641,1000.01,1,90,209166014,35.8916,3484210135,3484210135,0,2770607071,
mcs50_r005_s90.A06,mcs50_r005_s90.B06,dal_rl,40,83,5384129631,1000.01,1,90,2354156015,429.976,3372746143,3372746143,0,2572874473,
mcs50_r005_s90.A07,mcs50_r005_s90.B07,dal_rl,40,87,5410866754,1000.01,1,90,129346902,22.9351,3312965888,3312965888,0,2641716618,
mcs50_r005_s90.A08,mcs50_r005_s90.B08,dal_rl,42,90,5394381616,1000.01,1,90,4782325127,880.822,3264174450,3264174450,0,2558191764,
mcs50_r005_s90.A09,mcs50_r005_s90.B09,dal_rl,42,89,5782157016,1000.02,1,90,2792658341,500.624,3690475768,3690475768,0,2852732311,
mcs50_r01_s10.A00,mcs50_r01_s10.B00,dal_rl,8,7,718,0.000103026,0,10,662,7.251e-05,452,452,0,289,
mcs50_r01_s10.A01,mcs50_r01_s10.B01,dal_rl,8,8,196,5.1197e-05,0,10,122,2.0671e-05,140,140,0,101,
mcs50_r01_s10.A02,mcs50_r01_s10.B02,dal_rl,8,8,367,6.609e-05,0,10,177,2.6329e-05,245,245,0,161,
mcs50_r01_s10.A03,mcs50_r01_s10.B03,dal_rl,9,9,136,4.1012e-05,0,10,113,1.8287e-05,85,85,0,44,
mcs50_r01_s10.A04,mcs50_r01_s10.B04,dal_rl,8,7,122,4.1082e-05,0,10,9,6.27e-06,83,83,0,55,
mcs50_r01_s10.A05,mcs50_r01_s10.B05,dal_rl,8,7,129,4.7291e-05,0,10,26,9.965e-06,88,88,0,59,
mcs50_r01_s10.A06,mcs50_r01_s10.B06,dal_rl,8,5,273,6.0761e-05,0,10,67,1.5463e-05,171,171,0,93,
mcs50_r01_s10.A07,mcs50_r01_s10.B07,dal_rl,8,8,165,4.8983e-05,0,10,15,8.673e-06,113,113,0,73,
mcs50_r01_s10.A08,mcs50_r01_s10.B08,dal_rl,8,6,196,5.3481e-05,0,10,72,1.5964e-05,140,140,0,83,
mcs50_r01_s10.A09,mcs50_r01_s10.B09,dal_rl,9,9,247,5.4923e-05,0,10,227,3.2028e-05,167,167,0,100,
mcs50_r01_s100.A00,mcs50_r01_s100.B00,dal_rl,28,78,4454360619,1000.01,1,100,575153787,123.308,2651452515,2651452515,0,2313210612,
mcs50_r01_s100.A01,mcs50_r01_s100.B01,dal_rl,29,82,4344741829,1000.02,1,100,211682613,46.0679,2630248470,2630248470,0,2312014700,
mcs50_r01_s100.A02,mcs50_r01_s100.B02,dal_rl,29,84,4311081681,1000.02,1,100,93136882,20.3656,2570300410,2570300410,0,2304843481,
mcs50_r01_s100.A03,mcs50_r01_s100.B03,dal_rl,29,97,4490237698,1000.01,1,100,628913780,132.768,2656002676,2656002676,0,2344170011,
mcs50_r01_s100.A04,mcs50_r01_s100.B04,dal_rl,28,83,4532621107,1000.02,1,100,88861152,19.1352,2687799316,2687799316,0,2322518047,
mcs50_r01_s100.A05,mcs50_r01_s100.B05,dal_rl,28,93,3746708026,1000.01,1,100,14964135,3.49019,2189847947,2189847947,0,1978310158,
mcs50_r01_s100.A06,mcs50_r01_s100.B06,dal_rl,29,73,4128228114,1000.01,1,100,2738436084,645.096,2415234612,2415234612,0,2173286692,
mcs50_r01_s100.A07,mcs50_r01_s100.B07,dal_rl,28,67,4397230769,1000.02,1,100,567431316,122.521,2590555145,2590555145,0,2307265102,
mcs50_r01_s100.A08,mcs50_r01_s100.B08,dal_rl,28,73,4342200415,1000.02,1,100,448415324,101.635,2524606775,2524606775,0,2267487015,
mcs50_r01_s100.A09,mcs50_r01_s100.B09,dal_rl,28,88,3644436145,1000.01,1,100,90274775,24.0032,2125225089,2125225089,0,1889292072,
mcs50_r01_s15.A00,mcs50_r01_s15.B00,dal_rl,12,15,4936,0.000728687,0,15,4419,0.000620372,3102,3102,0,2166,
mcs50_r01_s15.A01,mcs50_r01_s15.B01,dal_rl,12,14,3694,0.000679572,0,15,3511,0.000621344,2409,2409,0,1684,
mcs50_r01_s15.A02,mcs50_r01_s15.B02,dal_rl,11,12,10957,0.00170054,0,15,8676,0.00140278,7507,7507,0,5568,
mcs50_r01_s15.A03,mcs50_r01_s15.B03,dal_rl,12,12,2682,0.000345521,0,15,2416,0.000287995,1737,1737,0,1143,
mcs50_r01_s15.A04,mcs50_r01_s15.B04,dal_rl,11,14,11253,0.00125808,0,15,3484,0.000389127,7238,7238,0,4840,
mcs50_r01_s15.A05,mcs50_r01_s15.B05,dal_rl,12,17,3681,0.000567251,0,15,3055,0.000426838,2540,2540,0,1950,
mcs50_r01_s15.A06,mcs50_r01_s15.B06,dal_rl,11,12,6838,0.00102464,0,15,1818,0.000271653,4483,4483,0,2971,
mcs50_r01_s15.A07,mcs50_r01_s15.B07,dal_rl,11,12,5530,0.000711994,0,15,302,4.8724e-05,3715,3715,0,2678,
mcs50_r01_s15.A08,mcs50_r01_s15.B08,dal_rl,11,15,3671,0.000473854,0,15,327,5.1228e-05,2418,2418,0,1777,
mcs50_r01_s15.A09,mcs50_r01_s15.B09,dal_rl,11,11,5555,0.000680426,0,15,1822,0.000210438,3808,3808,0,2797,
mcs50_r01_s20.A00,mcs50_r01_s20.B00,dal_rl,14,17,90545,0.0115113,0,20,3326,0.000405922,58080,58080,0,39691,
mcs50_r01_s20.A01,mcs50_r01_s20.B01,dal_rl,14,20,95454,0.0121205,0,20,6608,0.000775158,64669,64669,0,47637,
mcs50_r01_s20.A02,mcs50_r01_s20.B02,dal_rl,14,22,77205,0.010508,0,20,7135,0.000818955,50929,50929,0,37774,
mcs50_r01_s20.A03,mcs50_r01_s20.B03,dal_rl,14,11,107765,0.013589,0,20,47856,0.0057617,69934,69934,0,51633,
mcs50_r01_s20.A04,mcs50_r01_s20.B04,dal_rl,14,19,53606,0.0072575,0,20,670,0.000104387,34201,34201,0,24487,
mcs50_r01_s20.A05,mcs50_r01_s20.B05,dal_rl,14,20,94965,0.0130842,0,20,1328,0.000197188,60306,60306,0,40768,
mcs50_r01_s20.A06,mcs50_r01_s20.B06,dal_rl,15,17,96455,0.0121838,0,20,87134,0.0108544,62612,62612,0,45625,
mcs50_r01_s20.A07,mcs50_r01_s20.B07,dal_rl,14,17,142833,0.0179591,0,20,28120,0.00348211,92712,92712,0,64137,
mcs50_r01_s20.A08,mcs50_r01_s20.B08,dal_rl,15,21,91369,0.011519,0,20,66022,0.00802246,62353,62353,0,45180,
mcs50_r01_s20.A09,mcs50_r01_s20.B09,dal_rl,14,19,107283,0.0137539,0,20,6322,0.000775002,69302,69302,0,49082,
mcs50_r01_s25.A00,mcs50_r01_s25.B00,dal_rl,17,31,1745860,0.24158,0,25,849250,0.112539,1173516,1173516,0,883191,
mcs50_r01_s25.A01,mcs50_r01_s25.B01,dal_rl,16,21,2428408,0.330536,0,25,7960,0.000976264,1630353,1630353,0,1235708,
mcs50_r01_s25.A02,mcs50_r01_s25.B02,dal_rl,17,20,458042,0.0680398,0,25,137617,0.0199415,299220,299220,0,224990,
mcs50_r01_s25.A03,mcs50_r01_s25.B03,dal_rl,17,23,1732981,0.245039,0,25,1590595,0.223567,1102336,1102336,0,803656,
mcs50_r01_s25.A04,mcs50_r01_s25.B04,dal_rl,17,27,605387,0.0907138,0,25,28118,0.00354473,406762,406762,0,310253,
mcs50_r01_s25.A05,mcs50_r01_s25.B05,dal_rl,17,24,853502,0.129567,0,25,270082,0.0390912,560309,560309,0,435643,
mcs50_r01_s25.A06,mcs50_r01_s25.B06,dal_rl,17,24,1427817,0.212655,0,25,909836,0.13406,934426,934426,0,719421,
mcs50_r01_s25.A07,mcs50_r01_s25.B07,dal_rl,16,24,3054539,0.437914,0,25,114726,0.0149178,1950562,1950562,0,1435918,
mcs50_r01_s25.A08,mcs50_r01_s25.B08,dal_rl,17,22,1299385,0.19511,0,25,684045,0.0989744,846752,846752,0,646749,
mcs50_r01_s25.A09,mcs50_r01_s25.B09,dal_rl,17,22,1743513,0.326138,0,25,1575045,0.295839,1117468,1117468,0,825563,
mcs50_r01_s30.A00,mcs50_r01_s30.B00,dal_rl,19,37,37865050,7.90622,0,30,22446638,4.54516,24372148,24372148,0,18969321,
mcs50_r01_s30.A01,mcs50_r01_s30.B01,dal_rl,18,30,66569516,10.6427,0,30,2092399,0.331467,43529721,43529721,0,34695518,
mcs50_r01_s30.A02,mcs50_r01_s30.B02,dal_rl,19,36,32453181,5.05387,0,30,20895834,3.1558,21140360,21140360,0,16433079,
mcs50_r01_s30.A03,mcs50_r01_s30.B03,dal_rl,19,38,33417778,5.16307,0,30,23659781,3.56052,21841007,21841007,0,16914412,
mcs50_r01_s30.A04,mcs50_r01_s30.B04,dal_rl,19,38,23091817,3.8042,0,30,282427,0.0431975,15149977,15149977,0,12061624,
mcs50_r01_s30.A05,mcs50_r01_s30.B05,dal_rl,19,36,39696173,6.28394,0,30,23744013,3.668,25141385,25141385,0,19056927,
mcs50_r01_s30.A06,mcs50_r01_s30.B06,dal_rl,19,39,24518201,3.91625,0,30,11667055,1.79277,16102889,16102889,0,12763094,
mcs50_r01_s30.A07,mcs50_r01_s30.B07,dal_rl,19,35,14488745,2.29277,0,30,4934785,0.754465,9380624,9380624,0,7242842,
mcs50_r01_s30.A08,mcs50_r01_s30.B08,dal_rl,19,41,13227147,2.12713,0,30,96138,0.0150482,8756198,8756198,0,6956209,
mcs50_r01_s30.A09,mcs50_r01_s30.B09,dal_rl,19,37,40446635,6.32571,0,30,33131033,5.11457,25817236,25817236,0,19448675,
mcs50_r01_s35.A00,mcs50_r01_s35.B00,dal_rl,20,33,761983571,128.234,0,35,27066547,4.22479,490936842,490936842,0,385603036,
mcs50_r01_s35.A01,mcs50_r01_s35.B01,dal_rl,20,34,1087333567,182.042,0,35,27864090,4.30008,715547013,715547013,0,578394484,
mcs50_r01_s35.A02,mcs50_r01_s35.B02,dal_rl,20,34,995568929,164.269,0,35,76965304,11.7707,644747066,644747066,0,510344207,
mcs50_r01_s35.A03,mcs50_r01_s35.B03,dal_rl,21,37,365740748,60.1557,0,35,241351987,38.6935,241414939,241414939,0,192545612,
mcs50_r01_s35.A04,mcs50_r01_s35.B04,dal_rl,20,37,1028349030,172.841,0,35,9092776,1.45471,668706317,668706317,0,533070333,
mcs50_r01_s35.A05,mcs50_r01_s35.B05,dal_rl,21,38,321359648,52.8968,0,35,291409152,47.8214,214140573,214140573,0,172794677,
mcs50_r01_s35.A06,mcs50_r01_s35.B06,dal_rl,20,38,780660674,129.496,0,35,78806,0.0123634,511190552,511190552,0,402972126,
mcs50_r01_s35.A07,mcs50_r01_s35.B07,dal_rl,20,36,880806419,148.395,0,35,65702867,10.4277,574583699,574583699,0,461968260,
mcs50_r01_s35.A08,mcs50_r01_s35.B08,dal_rl,21,47,334246515,54.5253,0,35,173616512,27.37,221238323,221238323,0,176030934,
mcs50_r01_s35.A09,mcs50_r01_s35.B09,dal_rl,21,42,350986167,61.6559,0,35,225100348,38.8566,229523714,229523714,0,187061127,
mcs50_r01_s40.A00,mcs50_r01_s40.B00,dal_rl,22,49,5339113587,960.25,0,40,2006711625,350.096,3456314671,3456314671,0,2813837526,
mcs50_r01_s40.A01,mcs50_r01_s40.B01,dal_rl,22,47,4597971735,837.605,0,40,280876121,47.8651,3008898414,3008898414,0,2440349065,
mcs50_r01_s40.A02,mcs50_r01_s40.B02,dal_rl,23,54,2561910311,500.262,0,40,679695273,129.055,1690540206,1690540206,0,1382434531,
mcs50_r01_s40.A03,mcs50_r01_s40.B03,dal_rl,22,46,5618536547,1000.02,1,40,5402576176,960.246,3592167380,3592167380,0,2898422526,
mcs50_r01_s40.A04,mcs50_r01_s40.B04,dal_rl,22,51,5513963324,1000.01,1,40,1403870214,244.438,3600538351,3600538351,0,2956066273,
mcs50_r01_s40.A05,mcs50_r01_s40.B05,dal_rl,22,51,4424254350,1000.01,1,40,2310117618,513.789,2867271145,2867271145,0,2331359473,
mcs50_r01_s40.A06,mcs50_r01_s40.B06,dal_rl,22,51,4912037700,872.965,0,40,328766389,54.9717,3202665957,3202665957,0,2552362176,
mcs50_r01_s40.A07,mcs50_r01_s40.B07,dal_rl,22,45,4128917447,753.718,0,40,248857070,43.1999,2718995943,2718995943,0,2228886982,
mcs50_r01_s40.A08,mcs50_r01_s40.B08,dal_rl,23,49,3774431301,699.41,0,40,2500247738,455.011,2458826988,2458826988,0,2029744574,
mcs50_r01_s40.A09,mcs50_r01_s40.B09,dal_rl,22,50,5437746580,1000.02,1,40,112213521,19.3647,3514503594,3514503594,0,2893241261,
mcs50_r01_s50.A00,mcs50_r01_s50.B00,dal_rl,24,54,4567786335,1000.02,1,50,725738461,159.359,2934613814,2934613814,0,2405305861,
mcs50_r01_s50.A01,mcs50_r01_s50.B01,dal_rl,23,53,4302307967,1000.02,1,50,65699824,15.183,2685534525,2685534525,0,2239009302,
mcs50_r01_s50.A02,mcs50_r01_s50.B02,dal_rl,23,47,5229432348,1000.01,1,50,213373716,39.2035,3309347538,3309347538,0,2769295377,
mcs50_r01_s50.A03,mcs50_r01_s50.B03,dal_rl,23,52,5227422900,1000.02,1,50,546339876,100.167,3337417713,3337417713,0,2739395795,
mcs50_r01_s50.A04,mcs50_r01_s50.B04,dal_rl,23,44,5201337174,1000.01,1,50,41678094,7.66134,3338140251,3338140251,0,2804442230,
mcs50_r01_s50.A05,mcs50_r01_s50.B05,dal_rl,23,53,5450261003,1000.01,1,50,3470224,0.62318,3427442594,3427442594,0,2843551605,
mcs50_r01_s50.A06,mcs50_r01_s50.B06,dal_rl,23,50,5164709378,1000.02,1,50,73114692,13.0209,3250598007,3250598007,0,2714941671,
mcs50_r01_s50.A07,mcs50_r01_s50.B07,dal_rl,23,58,5328490036,1000.01,1,50,2238422152,406.902,3321451304,3321451304,0,2774551237,
mcs50_r01_s50.A08,mcs50_r01_s50.B08,dal_rl,25,46,5169214779,1000.02,1,50,1271084495,233.569,3317812434,3317812434,0,2799864321,
mcs50_r01_s50.A09,mcs50_r01_s50.B09,dal_rl,24,59,5326929012,1000.02,1,50,2085551994,379.826,3369671758,3369671758,0,2814466975,
mcs50_r01_s60.A00,mcs50_r01_s60.B00,dal_rl,25,62,4890708852,1000.02,1,60,720745470,144.761,3033273615,3033273615,0,2587416066,
mcs50_r01_s60.A01,mcs50_r01_s60.B01,dal_rl,24,60,4420005215,1000.01,1,60,6995148,1.52097,2730512026,2730512026,0,2293012029,
mcs50_r01_s60.A02,mcs50_r01_s60.B02,dal_rl,24,55,4706290819,1000.02,1,60,455839566,96.2563,2875393911,2875393911,0,2457774142,
mcs50_r01_s60.A03,mcs50_r01_s60.B03,dal_rl,25,64,2458628419,1000.01,1,60,660791868,261.614,1529752302,1529752302,0,1308071446,
mcs50_r01_s60.A04,mcs50_r01_s60.B04,dal_rl,25,65,2329678858,1000.01,1,60,112406647,44.9743,1435206979,1435206979,0,1238652357,
mcs50_r01_s60.A05,mcs50_r01_s60.B05,dal_rl,24,51,2412119447,1000.01,1,60,114187672,44.1977,1475179407,1475179407,0,1261405611,
mcs50_r01_s60.A06,mcs50_r01_s60.B06,dal_rl,24,64,5219180235,1000.01,1,60,2847371,0.502178,3304608048,3304608048,0,2736118303,
mcs50_r01_s60.A07,mcs50_r01_s60.B07,dal_rl,25,61,5014746676,1000,1,60,618173755,122.561,3116766764,3116766764,0,2659416956,
mcs50_r01_s60.A08,mcs50_r01_s60.B08,dal_rl,26,60,5075703257,1000.02,1,60,935960970,177.021,3167654632,3167654632,0,2685275812,
mcs50_r01_s60.A09,mcs50_r01_s60.B09,dal_rl,24,57,4006126914,1000.03,1,60,102717707,25.8459,2449680355,2449680355,0,2072229962,
mcs50_r01_s70.A00,mcs50_r01_s70.B00,dal_rl,26,63,4762835951,1000.02,1,70,1828692584,365.806,2901844570,2901844570,0,2479106749,
mcs50_r01_s70.A01,mcs50_r01_s70.B01,dal_rl,26,77,4944595012,1000.02,1,70,2972530626,593.618,3007621015,3007621015,0,2558631137,
mcs50_r01_s70.A02,mcs50_r01_s70.B02,dal_rl,26,63,4661353006,1000.02,1,70,3337460722,704.083,2805761494,2805761494,0,2344871963,
mcs50_r01_s70.A03,mcs50_r01_s70.B03,dal_rl,26,56,4723667680,1000.01,1,70,772658980,160.997,2870183592,2870183592,0,2452112117,
mcs50_r01_s70.A04,mcs50_r01_s70.B04,dal_rl,26,61,4466217009,1000.01,1,70,604515217,134.387,2689698555,2689698555,0,2360459837,
mcs50_r01_s70.A05,mcs50_r01_s70.B05,dal_rl,25,50,4100917266,1000.02,1,70,540323,0.111939,2505308116,2505308116,0,2144921741,
mcs50_r01_s70.A06,mcs50_r01_s70.B06,dal_rl,25,53,4852699549,1000.02,1,70,15258324,2.98254,2903384064,2903384064,0,2518334611,
mcs50_r01_s70.A07,mcs50_r01_s70.B07,dal_rl,26,66,4527422578,1000.02,1,70,1842586870,392.968,2772572362,2772572362,0,2422866604,
mcs50_r01_s70.A08,mcs50_r01_s70.B08,dal_rl,26,71,4399116583,1000.02,1,70,704309671,156.915,2653333022,2653333022,0,2315889308,
mcs50_r01_s70.A09,mcs50_r01_s70.B09,dal_rl,26,68,4492843709,1000.01,1,70,1138927399,239.83,2723531512,2723531512,0,2367548787,
mcs50_r01_s80.A00,mcs50_r01_s80.B00,dal_rl,26,78,4578711548,1000.02,1,80,3051439048,650.775,2707535495,2707535495,0,2344187468,
mcs50_r01_s80.A01,mcs50_r01_s80.B01,dal_rl,27,62,4488402076,1000.01,1,80,2080787565,445.932,2681398908,2681398908,0,2305783480,
mcs50_r01_s80.A02,mcs50_r01_s80.B02,dal_rl,26,60,4925908552,1000.02,1,80,26997036,5.58856,2982644961,2982644961,0,2523397644,
mcs50_r01_s80.A03,mcs50_r01_s80.B03,dal_rl,27,71,4660155973,1000.02,1,80,3101442174,650.602,2776151202,2776151202,0,2315997535,
mcs50_r01_s80.A04,mcs50_r01_s80.B04,dal_rl,27,75,4536369561,1000.02,1,80,255756322,54.1556,2806070626,2806070626,0,2444514041,
mcs50_r01_s80.A05,mcs50_r01_s80.B05,dal_rl,27,74,4378771603,1000.02,1,80,230397857,51.4671,2646686661,2646686661,0,2306003639,
mcs50_r01_s80.A06,mcs50_r01_s80.B06,dal_rl,27,77,2192338164,1000.02,1,80,292224524,128.764,1322435285,1322435285,0,1162215501,
mcs50_r01_s80.A07,mcs50_r01_s80.B07,dal_rl,26,75,3286352939,1000.01,1,80,1498118848,445.247,1910860573,1910860573,0,1675851962,
mcs50_r01_s80.A08,mcs50_r01_s80.B08,dal_rl,27,78,4358231511,1000.01,1,80,2965881607,670.684,2653217084,2653217084,0,2286874963,
mcs50_r01_s80.A09,mcs50_r01_s80.B09,dal_rl,27,78,4580939354,1000.01,1,80,185797579,40.6621,2770983548,2770983548,0,2374933862,
mcs50_r01_s90.A00,mcs50_r01_s90.B00,dal_rl,27,76,4724870282,1000.01,1,90,667638858,135.654,2823174955,2823174955,0,2431693309,
mcs50_r01_s90.A01,mcs50_r01_s90.B01,dal_rl,28,69,3615448790,1000.02,1,90,3032175224,832.83,2149918535,2149918535,0,1879528312,
mcs50_r01_s90.A02,mcs50_r01_s90.B02,dal_rl,28,83,3765032787,1000.02,1,90,1728607446,447.647,2220909179,2220909179,0,1953749389,
mcs50_r01_s90.A03,mcs50_r01_s90.B03,dal_rl,28,68,4555177871,1000.02,1,90,121742348,25.3185,2771228817,2771228817,0,2440397257,
mcs50_r01_s90.A04,mcs50_r01_s90.B04,dal_rl,27,60,4592773773,1000.02,1,90,26507438,5.53807,2714644018,2714644018,0,2331316626,
mcs50_r01_s90.A05,mcs50_r01_s90.B05,dal_rl,28,84,4410929821,1000.02,1,90,413496613,91.0684,2635954167,2635954167,0,2320061871,
mcs50_r01_s90.A06,mcs50_r01_s90.B06,dal_rl,27,82,4479639923,1000.02,1,90,697601492,145.654,2693454370,2693454370,0,2302859632,
mcs50_r01_s90.A07,mcs50_r01_s90.B07,dal_rl,28,79,4058646166,1000.02,1,90,2054171386,455.14,2381916290,2381916290,0,2122132465,
mcs50_r01_s90.A08,mcs50_r01_s90.B08,dal_rl,28,91,3876299694,1000.02,1,90,1045029554,270.463,2296560873,2296560873,0,2031824326,
mcs50_r01_s90.A09,mcs50_r01_s90.B09,dal_rl,27,66,3841484536,1000.02,1,90,1579968,0.403766,2279188222,2279188222,0,2007648014,
mcs50_r02_s10.A00,mcs50_r02_s10.B00,dal_rl,7,10,645,0.000121554,0,10,237,3.9069e-05,431,431,0,321,
mcs50_r02_s10.A01,mcs50_r02_s10.B01,dal_rl,7,11,901,0.000151339,0,10,375,5.0056e-05,573,573,0,399,
mcs50_r02_s10.A02,mcs50_r02_s10.B02,dal_rl,7,9,536,0.00013904,0,10,9,8.834e-06,380,380,0,291,
mcs50_r02_s10.A03,mcs50_r02_s10.B03,dal_rl,7,8,555,0.000494206,0,10,26,1.326e-05,369,369,0,265,
mcs50_r02_s10.A04,mcs50_r02_s10.B04,dal_rl,8,12,274,7.1127e-05,0,10,137,2.4717e-05,191,191,0,134,
mcs50_r02_s10.A05,mcs50_r02_s10.B05,dal_rl,7,8,422,8.4728e-05,0,10,20,7.621e-06,293,293,0,215,
mcs50_r02_s10.A06,mcs50_r02_s10.B06,dal_rl,7,8,467,0.000107162,0,10,33,1.1738e-05,299,299,0,198,
mcs50_r02_s10.A07,mcs50_r02_s10.B07,dal_rl,7,9,541,9.7948e-05,0,10,34,9.745e-06,352,352,0,247,
mcs50_r02_s10.A08,mcs50_r02_s10.B08,dal_rl,7,10,701,0.000175905,0,10,123,2.9404e-05,450,450,0,299,
mcs50_r02_s10.A09,mcs50_r02_s10.B09,dal_rl,7,8,669,0.000121143,0,10,8,8.593e-06,443,443,0,296,
mcs50_r02_s100.A00,mcs50_r02_s100.B00,dal_rl,20,69,2758561166,1000.02,1,100,29054191,9.53123,1478194215,1478194215,0,1425561526,
mcs50_r02_s100.A01,mcs50_r02_s100.B01,dal_rl,19,74,2842557498,1000.01,1,100,17925545,5.80358,1524810312,1524810312,0,1458303868,
mcs50_r02_s100.A02,mcs50_r02_s100.B02,dal_rl,20,62,3117848543,1000.01,1,100,370302814,112.383,1672313554,1672313554,0,1616433676,
mcs50_r02_s100.A03,mcs50_r02_s100.B03,dal_rl,19,74,3792618937,1000.01,1,100,14908288,3.59568,2031422400,2031422400,0,1939017117,
mcs50_r02_s100.A04,mcs50_r02_s100.B04,dal_rl,19,65,3546940197,1000.02,1,100,4687859,1.2951,1893429538,1893429538,0,1817917462,
mcs50_r02_s100.A05,mcs50_r02_s100.B05,dal_rl,19,63,3879719638,1000.01,1,100,13524847,3.08733,2072864443,2072864443,0,1986403630,
mcs50_r02_s100.A06,mcs50_r02_s100.B06,dal_rl,20,86,2999488579,1000.02,1,100,773543862,243.714,1594194420,1594194420,0,1543834908,
mcs50_r02_s100.A07,mcs50_r02_s100.B07,dal_rl,20,71,3840624300,1000.02,1,100,2118082267,531.062,2065146023,2065146023,0,1988437547,
mcs50_r02_s100.A08,mcs50_r02_s100.B08,dal_rl,20,72,3019896243,1000.03,1,100,942521962,291.153,1631732052,1631732052,0,1558296795,
mcs50_r02_s100.A09,mcs50_r02_s100.B09,dal_rl,20,72,3010219932,1000.02,1,100,151506442,45.515,1616121320,1616121320,0,1558606458,
mcs50_r02_s15.A00,mcs50_r02_s15.B00,dal_rl,10,18,11723,0.00191438,0,15,1704,0.000274955,7566,7566,0,5741,
mcs50_r02_s15.A01,mcs50_r02_s15.B01,dal_rl,10,16,10770,0.00189274,0,15,87,2.2354e-05,7130,7130,0,5502,
mcs50_r02_s15.A02,mcs50_r02_s15.B02,dal_rl,10,20,11481,0.00191103,0,15,6516,0.00105449,7483,7483,0,5746,
mcs50_r02_s15.A03,mcs50_r02_s15.B03,dal_rl,11,19,3274,0.000577883,0,15,1852,0.000301095,2126,2126,0,1638,
mcs50_r02_s15.A04,mcs50_r02_s15.B04,dal_rl,10,14,6734,0.00110015,0,15,1903,0.000301114,4626,4626,0,3468,
mcs50_r02_s15.A05,mcs50_r02_s15.B05,dal_rl,10,17,6808,0.00107217,0,15,992,0.000166931,4547,4547,0,3287,
mcs50_r02_s15.A06,mcs50_r02_s15.B06,dal_rl,10,18,10322,0.00154576,0,15,5463,0.000792237,6576,6576,0,4769,
mcs50_r02_s15.A07,mcs50_r02_s15.B07,dal_rl,10,13,5196,0.00112171,0,15,818,0.00012609,3431,3431,0,2680,
mcs50_r02_s15.A08,mcs50_r02_s15.B08,dal_rl,10,17,10860,0.00182039,0,15,4724,0.000762381,6986,6986,0,5544,
mcs50_r02_s15.A09,mcs50_r02_s15.B09,dal_rl,10,21,9962,0.00161151,0,15,2981,0.000467085,6396,6396,0,4845,
mcs50_r02_s20.A00,mcs50_r02_s20.B00,dal_rl,12,26,237515,0.0461011,0,20,45785,0.00865796,149152,149152,0,121871,
mcs50_r02_s20.A01,mcs50_r02_s20.B01,dal_rl,12,28,346661,0.0609929,0,20,196594,0.0337505,218511,218511,0,182136,
mcs50_r02_s20.A02,mcs50_r02_s20.B02,dal_rl,12,19,332674,0.0598867,0,20,147447,0.0254949,208724,208724,0,169282,
mcs50_r02_s20.A03,mcs50_r02_s20.B03,dal_rl,12,23,466040,0.0802369,0,20,401330,0.0683533,289661,289661,0,237768,
mcs50_r02_s20.A04,mcs50_r02_s20.B04,dal_rl,12,27,222626,0.038919,0,20,111135,0.018745,140129,140129,0,114686,
mcs50_r02_s20.A05,mcs50_r02_s20.B05,dal_rl,12,22,249585,0.0425774,0,20,112517,0.0182508,158597,158597,0,125798,
mcs50_r02_s20.A06,mcs50_r02_s20.B06,dal_rl,12,28,238583,0.0421184,0,20,107031,0.018456,151820,151820,0,123708,
mcs50_r02_s20.A07,mcs50_r02_s20.B07,dal_rl,12,23,263268,0.0452749,0,20,146338,0.0237978,167516,167516,0,137564,
mcs50_r02_s20.A08,mcs50_r02_s20.B08,dal_rl,11,22,397731,0.0657553,0,20,1415,0.000230117,255147,255147,0,209729,
mcs50_r02_s20.A09,mcs50_r02_s20.B09,dal_rl,12,23,237852,0.0431736,0,20,80503,0.0142171,148834,148834,0,119725,
mcs50_r02_s25.A00,mcs50_r02_s25.B00,dal_rl,13,36,5810448,1.14778,0,25,689192,0.127738,3562290,3562290,0,2994934,
mcs50_r02_s25.A01,mcs50_r02_s25.B01,dal_rl,13,23,5518632,1.07745,0,25,724195,0.134601,3444001,3444001,0,2921618,
mcs50_r02_s25.A02,mcs50_r02_s25.B02,dal_rl,13,28,6113351,1.222,0,25,84449,0.0152004,3842084,3842084,0,3267918,
mcs50_r02_s25.A03,mcs50_r02_s25.B03,dal_rl,13,27,8834248,1.75018,0,25,608869,0.11133,5432344,5432344,0,4630109,
mcs50_r02_s25.A04,mcs50_r02_s25.B04,dal_rl,13,28,7412274,1.39917,0,25,146576,0.025885,4577887,4577887,0,3850278,
mcs50_r02_s25.A05,mcs50_r02_s25.B05,dal_rl,14,29,1873951,0.381301,0,25,237296,0.0437456,1202605,1202605,0,1016349,
mcs50_r02_s25.A06,mcs50_r02_s25.B06,dal_rl,13,31,5611426,1.08008,0,25,768094,0.142084,3529158,3529158,0,2990916,
mcs50_r02_s25.A07,mcs50_r02_s25.B07,dal_rl,13,35,5297546,1.01027,0,25,360119,0.0642367,3322442,3322442,0,2783366,
mcs50_r02_s25.A08,mcs50_r02_s25.B08,dal_rl,13,30,5336374,1.00412,0,25,368602,0.0632474,3363959,3363959,0,2818808,
mcs50_r02_s25.A09,mcs50_r02_s25.B09,dal_rl,14,25,6066637,1.14589,0,25,5345475,0.993552,3789250,3789250,0,3181870,
mcs50_r02_s30.A00,mcs50_r02_s30.B00,dal_rl,15,32,61445841,12.749,0,30,47320698,9.61253,37916871,37916871,0,33148495,
mcs50_r02_s30.A01,mcs50_r02_s30.B01,dal_rl,15,46,60322273,12.7976,0,30,30271798,6.28789,37003858,37003858,0,32421258,
mcs50_r02_s30.A02,mcs50_r02_s30.B02,dal_rl,15,40,35798440,7.85705,0,30,1826796,0.374054,22448330,22448330,0,19964708,
mcs50_r02_s30.A03,mcs50_r02_s30.B03,dal_rl,15,53,44272195,9.46684,0,30,13992831,2.84478,27472982,27472982,0,24077857,
mcs50_r02_s30.A04,mcs50_r02_s30.B04,dal_rl,15,46,52704090,11.4601,0,30,10285966,2.15627,32630879,32630879,0,28680925,
mcs50_r02_s30.A05,mcs50_r02_s30.B05,dal_rl,15,35,69602063,14.3571,0,30,34070071,6.75477,42921225,42921225,0,37239333,
mcs50_r02_s30.A06,mcs50_r02_s30.B06,dal_rl,15,40,68353969,14.2126,0,30,34576952,6.81179,42022222,42022222,0,36326708,
mcs50_r02_s30.A07,mcs50_r02_s30.B07,dal_rl,15,40,63224216,14.1221,0,30,34757111,7.48579,39156741,39156741,0,34362145,
mcs50_r02_s30.A08,mcs50_r02_s30.B08,dal_rl,15,33,46153299,10.1139,0,30,14840814,3.1151,28509749,28509749,0,24843674,
mcs50_r02_s30.A09,mcs50_r02_s30.B09,dal_rl,15,38,81609057,17.1272,0,30,64432150,13.3948,49463525,49463525,0,43065555,
mcs50_r02_s35.A00,mcs50_r02_s35.B00,dal_rl,17,46,525485278,125.903,0,35,345170932,80.7371,316684332,316684332,0,285496233,
mcs50_r02_s35.A01,mcs50_r02_s35.B01,dal_rl,17,44,620030083,141.725,0,35,470744837,104.977,374881745,374881745,0,335877245,
mcs50_r02_s35.A02,mcs50_r02_s35.B02,dal_rl,17,41,576708999,127.712,0,35,441311213,94.7411,350968630,350968630,0,311251284,
mcs50_r02_s35.A03,mcs50_r02_s35.B03,dal_rl,17,45,357331213,86.1716,0,35,27269895,5.89287,220660857,220660857,0,199035841,
mcs50_r02_s35.A04,mcs50_r02_s35.B04,dal_rl,17,58,233565343,56.9102,0,35,43507176,9.64454,145282487,145282487,0,131513766,
mcs50_r02_s35.A05,mcs50_r02_s35.B05,dal_rl,17,52,662629717,149.988,0,35,617137621,139.024,402416657,402416657,0,360324644,
mcs50_r02_s35.A06,mcs50_r02_s35.B06,dal_rl,17,54,440965276,103.166,0,35,204085261,44.7547,269476199,269476199,0,243102315,
mcs50_r02_s35.A07,mcs50_r02_s35.B07,dal_rl,17,49,289509567,69.4981,0,35,48442489,10.2209,178972292,178972292,0,161265871,
mcs50_r02_s35.A08,mcs50_r02_s35.B08,dal_rl,17,52,386301323,91.1582,0,35,166788521,37.3905,236755558,236755558,0,214075174,
mcs50_r02_s35.A09,mcs50_r02_s35.B09,dal_rl,17,50,406832701,94.4138,0,35,241824390,54.028,247794856,247794856,0,223204248,
mcs50_r02_s40.A00,mcs50_r02_s40.B00,dal_rl,20,71,2930919613,706.952,0,40,2397016883,559.15,1763422342,1763422342,0,1589615754,
mcs50_r02_s40.A01,mcs50_r02_s40.B01,dal_rl,20,62,1831696300,440.591,0,40,1418028018,324.125,1116327753,1116327753,0,1010955075,
mcs50_r02_s40.A02,mcs50_r02_s40.B02,dal_rl,20,69,4018707954,937.75,0,40,3759255968,864.644,2416422147,2416422147,0,2190537804,
mcs50_r02_s40.A03,mcs50_r02_s40.B03,dal_rl,20,56,4232491556,1000.01,1,40,3985685865,932.472,2520800655,2520800655,0,2272139352,
mcs50_r02_s40.A04,mcs50_r02_s40.B04,dal_rl,20,61,2130236162,513.7,0,40,1733021260,402.677,1280957566,1280957566,0,1163087517,
mcs50_r02_s40.A05,mcs50_r02_s40.B05,dal_rl,20,78,1065360051,295.559,0,40,278216645,66.8972,656358976,656358976,0,607592334,
mcs50_r02_s40.A06,mcs50_r02_s40.B06,dal_rl,20,76,1945054205,493.614,0,40,1389191385,330.057,1183922459,1183922459,0,1074603331,
mcs50_r02_s40.A07,mcs50_r02_s40.B07,dal_rl,20,71,2868293923,722.931,0,40,2365217545,573.335,1735653768,1735653768,0,1571797980,
mcs50_r02_s40.A08,mcs50_r02_s40.B08,dal_rl,18,61,4144099872,1000.02,1,40,3790740037,906.882,2473990310,2473990310,0,2256226866,
mcs50_r02_s40.A09,mcs50_r02_s40.B09,dal_rl,20,63,1458117335,381.553,0,40,729206537,170.22,887326254,887326254,0,820421308,
mcs50_r02_s50.A00,mcs50_r02_s50.B00,dal_rl,17,53,3890715159,1000.02,1,50,1358086,0.304387,2264353717,2264353717,0,2082312880,
mcs50_r02_s50.A01,mcs50_r02_s50.B01,dal_rl,17,48,4102291538,1000.02,1,50,312529167,69.6776,2368605762,2368605762,0,2185911328,
mcs50_r02_s50.A02,mcs50_r02_s50.B02,dal_rl,17,55,3869931147,1000.02,1,50,60766899,15.7644,2237610721,2237610721,0,2041224841,
mcs50_r02_s50.A03,mcs50_r02_s50.B03,dal_rl,17,61,4120036760,1000.01,1,50,674167909,157.28,2375432066,2375432066,0,2197077207,
mcs50_r02_s50.A04,mcs50_r02_s50.B04,dal_rl,17,56,4214882719,1000.02,1,50,34763873,7.60598,2463340324,2463340324,0,2242477432,
mcs50_r02_s50.A05,mcs50_r02_s50.B05,dal_rl,18,76,3900010990,1000.01,1,50,131897345,30.6009,2323612462,2323612462,0,2139399561,
mcs50_r02_s50.A06,mcs50_r02_s50.B06,dal_rl,17,57,4182294541,1000.01,1,50,23289620,5.27192,2437390570,2437390570,0,2232383602,
mcs50_r02_s50.A07,mcs50_r02_s50.B07,dal_rl,18,56,3996005120,1000.01,1,50,444801138,104.189,2364732464,2364732464,0,2185145635,
mcs50_r02_s50.A08,mcs50_r02_s50.B08,dal_rl,18,53,3475296510,1000.01,1,50,407170657,95.4393,2060940977,2060940977,0,1894875876,
mcs50_r02_s50.A09,mcs50_r02_s50.B09,dal_rl,17,49,4183590943,1000.01,1,50,129892041,28.9577,2420735225,2420735225,0,2217439036,
mcs50_r02_s60.A00,mcs50_r02_s60.B00,dal_rl,18,60,4036483636,1000.02,1,60,908192849,210.666,2295650676,2295650676,0,2128888759,
mcs50_r02_s60.A01,mcs50_r02_s60.B01,dal_rl,18,59,3885088312,1000.02,1,60,2798880628,709.671,2175185510,2175185510,0,1986521714,
mcs50_r02_s60.A02,mcs50_r02_s60.B02,dal_rl,18,62,3922358928,1000.02,1,60,2845482302,709.551,2197516109,2197516109,0,2042675116,
mcs50_r02_s60.A03,mcs50_r02_s60.B03,dal_rl,18,54,3951103690,1000.02,1,60,403392751,96.4389,2244142736,2244142736,0,2095449711,
mcs50_r02_s60.A04,mcs50_r02_s60.B04,dal_rl,18,59,3889082010,1000.02,1,60,286414142,68.9903,2225896014,2225896014,0,2074212667,
mcs50_r02_s60.A05,mcs50_r02_s60.B05,dal_rl,18,55,3996849215,1000.02,1,60,301196177,69.6406,2287254533,2287254533,0,2126228628,
mcs50_r02_s60.A06,mcs50_r02_s60.B06,dal_rl,18,56,3850253256,1000.01,1,60,97596883,22.9566,2181531081,2181531081,0,2045876102,
mcs50_r02_s60.A07,mcs50_r02_s60.B07,dal_rl,18,61,3980818963,1000.02,1,60,240579523,56.7466,2268798798,2268798798,0,2119422290,
mcs50_r02_s60.A08,mcs50_r02_s60.B08,dal_rl,18,58,4088640232,1000.02,1,60,555147006,125.788,2330805402,2330805402,0,2156570817,
mcs50_r02_s60.A09,mcs50_r02_s60.B09,dal_rl,18,62,3848848258,1000.02,1,60,80444058,19.5815,2172858825,2172858825,0,2014648170,
mcs50_r02_s70.A00,mcs50_r02_s70.B00,dal_rl,18,54,3845608760,1000.02,1,70,42545907,10.1801,2117092061,2117092061,0,2005732830,
mcs50_r02_s70.A01,mcs50_r02_s70.B01,dal_rl,19,44,3933275762,1000.01,1,70,2142209611,525.003,2184070355,2184070355,0,2057013991,
mcs50_r02_s70.A02,mcs50_r02_s70.B02,dal_rl,18,63,4008239636,1000.01,1,70,20095705,4.64552,2227929273,2227929273,0,2102104035,
mcs50_r02_s70.A03,mcs50_r02_s70.B03,dal_rl,18,64,3958963646,1000.01,1,70,64097347,15.0016,2174611227,2174611227,0,2057839091,
mcs50_r02_s70.A04,mcs50_r02_s70.B04,dal_rl,19,71,3928656978,1000.01,1,70,1995145274,492.068,2192775671,2192775671,0,2068141889,
mcs50_r02_s70.A05,mcs50_r02_s70.B05,dal_rl,19,82,3696923297,1000.02,1,70,233775514,57.8693,2056516612,2056516612,0,1967153013,
mcs50_r02_s70.A06,mcs50_r02_s70.B06,dal_rl,18,63,3906307071,1000.01,1,70,25843683,6.17864,2204861358,2204861358,0,2066428304,
mcs50_r02_s70.A07,mcs50_r02_s70.B07,dal_rl,18,42,3728037694,1000.01,1,70,12861496,3.5404,2045024780,2045024780,0,1940108886,
mcs50_r02_s70.A08,mcs50_r02_s70.B08,dal_rl,19,77,3825904397,1000.01,1,70,2900982103,746.269,2109913946,2109913946,0,2005256944,
mcs50_r02_s70.A09,mcs50_r02_s70.B09,dal_rl,18,56,3805860208,1000.01,1,70,23892134,5.7913,2110002005,2110002005,0,1996220929,
mcs50_r02_s80.A00,mcs50_r02_s80.B00,dal_rl,19,64,3746846573,1000.01,1,80,857153299,216.968,2026099639,2026099639,0,1934665210,
mcs50_r02_s80.A01,mcs50_r02_s80.B01,dal_rl,19,62,4084085158,1000.01,1,80,86957657,19.974,2288091436,2288091436,0,2134267541,
mcs50_r02_s80.A02,mcs50_r02_s80.B02,dal_rl,19,72,3753233041,1000.02,1,80,2856549,0.623665,2076812801,2076812801,0,1960141579,
mcs50_r02_s80.A03,mcs50_r02_s80.B03,dal_rl,18,63,3866572953,1000.02,1,80,3059922,0.713169,2088939057,2088939057,0,1980189182,
mcs50_r02_s80.A04,mcs50_r02_s80.B04,dal_rl,19,68,3846418586,1000.01,1,80,80223500,19.2982,2113550368,2113550368,0,2008978427,
mcs50_r02_s80.A05,mcs50_r02_s80.B05,dal_rl,19,62,3807645939,1000.02,1,80,155883595,38.3159,2086846477,2086846477,0,1992851516,
mcs50_r02_s80.A06,mcs50_r02_s80.B06,dal_rl,19,62,3900202905,1000.01,1,80,9919110,2.22137,2122627403,2122627403,0,2021477920,
mcs50_r02_s80.A07,mcs50_r02_s80.B07,dal_rl,19,60,3310351412,1000.02,1,80,362101844,99.0248,1840127379,1840127379,0,1736362120,
mcs50_r02_s80.A08,mcs50_r02_s80.B08,dal_rl,19,59,3065125725,1000.02,1,80,554476044,161.865,1690504866,1690504866,0,1603555618,
mcs50_r02_s80.A09,mcs50_r02_s80.B09,dal_rl,19,63,2829357596,1000.02,1,80,696953313,233.598,1550301744,1550301744,0,1474766894,
mcs50_r02_s90.A00,mcs50_r02_s90.B00,dal_rl,19,64,1945835998,1000.02,1,90,21526433,10.0936,1055295960,1055295960,0,1007110783,
mcs50_r02_s90.A01,mcs50_r02_s90.B01,dal_rl,21,83,3579349503,1000.02,1,90,425080012,102.408,1964760561,1964760561,0,1886598873,
mcs50_r02_s90.A02,mcs50_r02_s90.B02,dal_rl,20,86,3852382790,1000.01,1,90,2955770748,754.874,2090530997,2090530997,0,1982961310,
mcs50_r02_s90.A03,mcs50_r02_s90.B03,dal_rl,19,70,3848929824,1000.01,1,90,43498198,10.2394,2062756850,2062756850,0,1978308250,
mcs50_r02_s90.A04,mcs50_r02_s90.B04,dal_rl,19,65,3721920390,1000.01,1,90,15919421,3.8966,2008595963,2008595963,0,1911924407,
mcs50_r02_s90.A05,mcs50_r02_s90.B05,dal_rl,20,61,3658984343,1000.01,1,90,1923964524,509.729,1998171050,1998171050,0,1907339892,
mcs50_r02_s90.A06,mcs50_r02_s90.B06,dal_rl,19,54,3751952120,1000.02,1,90,131696151,32.6854,2013015210,2013015210,0,1931873575,
mcs50_r02_s90.A07,mcs50_r02_s90.B07,dal_rl,19,79,3678717856,1000.01,1,90,212392481,52.8035,1981904774,1981904774,0,1901152839,
mcs50_r02_s90.A08,mcs50_r02_s90.B08,dal_rl,19,64,3771622419,1000.02,1,90,381355051,92.3442,2015272326,2015272326,0,1943969714,
mcs50_r02_s90.A09,mcs50_r02_s90.B09,dal_rl,19,63,3238585467,1000.01,1,90,1928287,0.428193,1741262811,1741262811,0,1665072554,
mcs70_b03_s10.A00,mcs70_b03_s10.B00,dal_rl,8,9,243,6.0922e-05,0,10,20,9.805e-06,159,159,0,99,
mcs70_b03_s10.A01,mcs70_b03_s10.B01,dal_rl,8,12,715,0.00011293,0,10,592,6.9686e-05,453,453,0,293,
mcs70_b03_s10.A02,mcs70_b03_s10.B02,dal_rl,7,8,1062,0.000132729,0,10,11,8.794e-06,687,687,0,474,
mcs70_b03_s10.A03,mcs70_b03_s10.B03,dal_rl,8,10,425,7.2249e-05,0,10,187,2.5468e-05,276,276,0,173,
mcs70_b03_s10.A04,mcs70_b03_s10.B04,dal_rl,8,9,222,6.0281e-05,0,10,113,2.04e-05,156,156,0,107,
mcs70_b03_s10.A05,mcs70_b03_s10.B05,dal_rl,9,14,61,3.8328e-05,0,10,15,7.582e-06,44,44,0,25,
mcs70_b03_s10.A06,mcs70_b03_s10.B06,dal_rl,8,10,416,8.8705e-05,0,10,327,4.8394e-05,281,281,0,185,
mcs70_b03_s10.A07,mcs70_b03_s10.B07,dal_rl,8,9,331,7.4252e-05,0,10,147,2.4166e-05,218,218,0,138,
mcs70_b03_s10.A08,mcs70_b03_s10.B08,dal_rl,8,11,352,8.4367e-05,0,10,171,3.1277e-05,233,233,0,149,
mcs70_b03_s10.A09,mcs70_b03_s10.B09,dal_rl,9,13,59,4.0641e-05,0,10,34,1.1698e-05,40,40,0,16,
mcs70_b03_s100.A00,mcs70_b03_s100.B00,dal_rl,72,75,7153969932,1000.01,1,100,570833573,75.7582,4955475722,4955475722,0,3143990200,
mcs70_b03_s100.A01,mcs70_b03_s100.B01,dal_rl,72,81,5813501659,1000.02,1,100,722787341,101.217,4024975362,4024975362,0,2576020630,
mcs70_b03_s100.A02,mcs70_b03_s100.B02,dal_rl,76,85,5666217627,1000.01,1,100,2318582371,354.445,3868860310,3868860310,0,2497564861,
mcs70_b03_s100.A03,mcs70_b03_s100.B03,dal_rl,72,81,6079874548,1000.01,1,100,3943469093,641.778,4199020396,4199020396,0,2647043949,
mcs70_b03_s100.A04,mcs70_b03_s100.B04,dal_rl,73,88,6871982378,1000.02,1,100,3133708007,449.107,4635061324,4635061324,0,2612572759,
mcs70_b03_s100.A05,mcs70_b03_s100.B05,dal_rl,71,81,8084599614,1000.02,1,100,3001110654,194.389,6251179540,6251179540,0,4749389594,
mcs70_b03_s100.A06,mcs70_b03_s100.B06,dal_rl,69,82,6962870318,1000.01,1,100,4570180291,645.091,4994277538,4994277538,0,3397030516,
mcs70_b03_s100.A07,mcs70_b03_s100.B07,dal_rl,72,80,8001076818,1000.01,1,100,4346733488,497.095,5826815393,5826815393,0,3941601715,
mcs70_b03_s100.A08,mcs70_b03_s100.B08,dal_rl,72,85,7004708410,1000.02,1,100,497543438,59.1804,4981718952,4981718952,0,3247573165,
mcs70_b03_s100.A09,mcs70_b03_s100.B09,dal_rl,73,85,5927256874,1000.02,1,100,4754272316,784.73,4364610203,4364610203,0,3086869420,
mcs70_b03_s15.A00,mcs70_b03_s15.B00,dal_rl,13,16,803,0.000149526,0,15,599,9.258e-05,504,504,0,304,
mcs70_b03_s15.A01,mcs70_b03_s15.B01,dal_rl,12,14,6081,0.000757607,0,15,5506,0.000653719,3904,3904,0,2455,
mcs70_b03_s15.A02,mcs70_b03_s15.B02,dal_rl,13,17,2373,0.00034357,0,15,2021,0.000271751,1420,1420,0,817,
mcs70_b03_s15.A03,mcs70_b03_s15.B03,dal_rl,13,14,1543,0.00023856,0,15,1520,0.000204138,1003,1003,0,656,
mcs70_b03_s15.A04,mcs70_b03_s15.B04,dal_rl,12,15,2039,0.000297228,0,15,975,0.000135865,1456,1456,0,1064,
mcs70_b03_s15.A05,mcs70_b03_s15.B05,dal_rl,11,13,8428,0.000962418,0,15,150,2.5649e-05,4975,4975,0,2865,
mcs70_b03_s15.A06,mcs70_b03_s15.B06,dal_rl,13,18,1292,0.000204248,0,15,1187,0.000165459,831,831,0,554,
mcs70_b03_s15.A07,mcs70_b03_s15.B07,dal_rl,13,18,1277,0.000287213,0,15,1194,0.000231518,770,770,0,450,
mcs70_b03_s15.A08,mcs70_b03_s15.B08,dal_rl,12,14,2230,0.000333124,0,15,669,9.1208e-05,1375,1375,0,872,
mcs70_b03_s15.A09,mcs70_b03_s15.B09,dal_rl,13,18,767,0.000153622,0,15,466,7.5564e-05,474,474,0,285,
mcs70_b03_s20.A00,mcs70_b03_s20.B00,dal_rl,16,23,10990,0.00139782,0,20,2795,0.000352852,7452,7452,0,5006,
mcs70_b03_s20.A01,mcs70_b03_s20.B01,dal_rl,16,20,44377,0.00547905,0,20,33414,0.00409524,27855,27855,0,17099,
mcs70_b03_s20.A02,mcs70_b03_s20.B02,dal_rl,17,19,14133,0.00176015,0,20,12914,0.00157687,8615,8615,0,5373,
mcs70_b03_s20.A03,mcs70_b03_s20.B03,dal_rl,17,22,23492,0.0030042,0,20,21276,0.00268389,14461,14461,0,8935,
mcs70_b03_s20.A04,mcs70_b03_s20.B04,dal_rl,16,18,19233,0.00334023,0,20,8051,0.00138675,12349,12349,0,7513,
mcs70_b03_s20.A05,mcs70_b03_s20.B05,dal_rl,16,19,21819,0.00271434,0,20,6780,0.000816624,13604,13604,0,8515,
mcs70_b03_s20.A06,mcs70_b03_s20.B06,dal_rl,16,21,48560,0.00588763,0,20,39431,0.00465743,31506,31506,0,20511,
mcs70_b03_s20.A07,mcs70_b03_s20.B07,dal_rl,17,21,14296,0.00190072,0,20,12547,0.00164578,9491,9491,0,6434,
mcs70_b03_s20.A08,mcs70_b03_s20.B08,dal_rl,16,22,52571,0.00628035,0,20,43043,0.00508589,33951,33951,0,21517,
mcs70_b03_s20.A09,mcs70_b03_s20.B09,dal_rl,16,20,33403,0.0039818,0,20,25535,0.0029575,20860,20860,0,13027,
mcs70_b03_s25.A00,mcs70_b03_s25.B00,dal_rl,20,23,152137,0.0191126,0,25,69207,0.008308,100362,100362,0,67632,
mcs70_b03_s25.A01,mcs70_b03_s25.B01,dal_rl,22,27,16705,0.00281426,0,25,14044,0.00224551,10923,10923,0,6598,
mcs70_b03_s25.A02,mcs70_b03_s25.B02,dal_rl,20,24,74884,0.00979162,0,25,210,4.1133e-05,45819,45819,0,27598,
mcs70_b03_s25.A03,mcs70_b03_s25.B03,dal_rl,20,23,328687,0.0409155,0,25,305883,0.0378363,212130,212130,0,132418,
mcs70_b03_s25.A04,mcs70_b03_s25.B04,dal_rl,20,23,109861,0.0141214,0,25,31400,0.00350174,70289,70289,0,44249,
mcs70_b03_s25.A05,mcs70_b03_s25.B05,dal_rl,21,25,79749,0.0106529,0,25,72952,0.00969821,52084,52084,0,35995,
mcs70_b03_s25.A06,mcs70_b03_s25.B06,dal_rl,21,26,563222,0.0666755,0,25,558370,0.0660401,359307,359307,0,229029,
mcs70_b03_s25.A07,mcs70_b03_s25.B07,dal_rl,20,26,83343,0.01108,0,25,40184,0.00529408,52773,52773,0,35078,
mcs70_b03_s25.A08,mcs70_b03_s25.B08,dal_rl,20,27,167863,0.0211947,0,25,125023,0.0154215,110267,110267,0,73763,
mcs70_b03_s25.A09,mcs70_b03_s25.B09,dal_rl,20,26,282488,0.0352132,0,25,263524,0.0327335,194165,194165,0,136185,
mcs70_b03_s30.A00,mcs70_b03_s30.B00,dal_rl,24,28,1653741,0.209302,0,30,1122386,0.139172,1120703,1120703,0,757574,
mcs70_b03_s30.A01,mcs70_b03_s30.B01,dal_rl,24,30,5153899,0.631099,0,30,4970899,0.607964,3383647,3383647,0,2231632,
mcs70_b03_s30.A02,mcs70_b03_s30.B02,dal_rl,24,25,1853087,0.232045,0,30,1493824,0.185469,1223429,1223429,0,805176,
mcs70_b03_s30.A03,mcs70_b03_s30.B03,dal_rl,24,27,1811380,0.232357,0,30,1089369,0.136005,1225194,1225194,0,839295,
mcs70_b03_s30.A04,mcs70_b03_s30.B04,dal_rl,25,31,923432,0.122357,0,30,856212,0.11353,640511,640511,0,434446,
mcs70_b03_s30.A05,mcs70_b03_s30.B05,dal_rl,25,31,516820,0.0898243,0,30,422773,0.0726127,330756,330756,0,205280,
mcs70_b03_s30.A06,mcs70_b03_s30.B06,dal_rl,24,25,514261,0.0839466,0,30,137855,0.0220241,323613,323613,0,209252,
mcs70_b03_s30.A07,mcs70_b03_s30.B07,dal_rl,25,32,654456,0.10652,0,30,605713,0.0979367,446153,446153,0,306966,
mcs70_b03_s30.A08,mcs70_b03_s30.B08,dal_rl,25,34,87768,0.0119757,0,30,85,3.4662e-05,57988,57988,0,38092,
mcs70_b03_s30.A09,mcs70_b03_s30.B09,dal_rl,24,30,1755765,0.225321,0,30,1572147,0.201322,1186289,1186289,0,800667,
mcs70_b03_s35.A00,mcs70_b03_s35.B00,dal_rl,29,39,5263468,0.699322,0,35,4423521,0.581164,3650504,3650504,0,2593117,
mcs70_b03_s35.A01,mcs70_b03_s35.B01,dal_rl,30,37,497503,0.0664052,0,35,305081,0.039559,329320,329320,0,213438,
mcs70_b03_s35.A02,mcs70_b03_s35.B02,dal_rl,28,33,10576635,1.37362,0,35,2474608,0.309114,7432058,7432058,0,5238578,
mcs70_b03_s35.A03,mcs70_b03_s35.B03,dal_rl,30,37,4471305,0.569956,0,35,4351415,0.553255,3066934,3066934,0,2083907,
mcs70_b03_s35.A04,mcs70_b03_s35.B04,dal_rl,30,38,4363502,0.577876,0,35,4280621,0.566245,2869821,2869821,0,1875305,
mcs70_b03_s35.A05,mcs70_b03_s35.B05,dal_rl,28,33,7423306,0.966188,0,35,567144,0.0699113,5071481,5071481,0,3445147,
mcs70_b03_s35.A06,mcs70_b03_s35.B06,dal_rl,28,29,10763847,1.34044,0,35,1382372,0.165988,7091678,7091678,0,4359113,
mcs70_b03_s35.A07,mcs70_b03_s35.B07,dal_rl,28,33,19275729,2.45126,0,35,9844657,1.21764,12788705,12788705,0,8184634,
mcs70_b03_s35.A08,mcs70_b03_s35.B08,dal_rl,29,36,10068599,1.26778,0,35,9735997,1.22344,6731115,6731115,0,4380889,
mcs70_b03_s35.A09,mcs70_b03_s35.B09,dal_rl,29,34,19329736,2.42914,0,35,18291439,2.28845,13110239,13110239,0,8997377,
mcs70_b03_s40.A00,mcs70_b03_s40.B00,dal_rl,34,42,22821848,2.94323,0,40,22331260,2.87307,14738337,14738337,0,8836284,
mcs70_b03_s40.A01,mcs70_b03_s40.B01,dal_rl,33,42,33912400,4.64677,0,40,24363179,3.31124,22797737,22797737,0,15226980,
mcs70_b03_s40.A02,mcs70_b03_s40.B02,dal_rl,33,43,61859392,8.51414,0,40,49754230,6.81873,41690205,41690205,0,27668433,
mcs70_b03_s40.A03,mcs70_b03_s40.B03,dal_rl,33,42,205645574,30.6306,0,40,200958785,29.8833,140304311,140304311,0,93392323,
mcs70_b03_s40.A04,mcs70_b03_s40.B04,dal_rl,33,39,96597700,12.6095,0,40,88320721,11.4538,64493671,64493671,0,42353066,
mcs70_b03_s40.A05,mcs70_b03_s40.B05,dal_rl,32,38,62566226,8.68983,0,40,172,4.9815e-05,42149776,42149776,0,27922844,
mcs70_b03_s40.A06,mcs70_b03_s40.B06,dal_rl,33,37,26016880,3.66506,0,40,15927902,2.20784,17771852,17771852,0,12146870,
mcs70_b03_s40.A07,mcs70_b03_s40.B07,dal_rl,33,46,72129392,10.0454,0,40,69590997,9.65054,48846505,48846505,0,33199939,
mcs70_b03_s40.A08,mcs70_b03_s40.B08,dal_rl,32,41,166635979,22.8924,0,40,99496355,13.5023,110114207,110114207,0,72654874,
mcs70_b03_s40.A09,mcs70_b03_s40.B09,dal_rl,32,37,227135269,29.8823,0,40,166111328,21.837,150410764,150410764,0,96133594,
mcs70_b03_s50.A00,mcs70_b03_s50.B00,dal_rl,41,52,1612388548,227.617,0,50,503206791,68.8631,1089716412,1089716412,0,717096649,
mcs70_b03_s50.A01,mcs70_b03_s50.B01,dal_rl,40,48,7221797457,1000.02,1,50,6714090801,928.638,4770563951,4770563951,0,3087020242,
mcs70_b03_s50.A02,mcs70_b03_s50.B02,dal_rl,41,55,1161310485,165.635,0,50,66054942,9.16168,770950028,770950028,0,491573635,
mcs70_b03_s50.A03,mcs70_b03_s50.B03,dal_rl,40,51,6821024973,968.045,0,50,2168312823,294.368,4605426149,4605426149,0,2986669586,
mcs70_b03_s50.A04,mcs70_b03_s50.B04,dal_rl,41,52,1630784331,224.47,0,50,1133820557,153.484,1061068418,1061068418,0,646690171,
mcs70_b03_s50.A05,mcs70_b03_s50.B05,dal_rl,38,39,7277822450,1000.01,1,50,33300106,4.10547,5091940748,5091940748,0,3446485428,
mcs70_b03_s50.A06,mcs70_b03_s50.B06,dal_rl,39,46,7262542306,1000.02,1,50,1543659080,204.739,4916359834,4916359834,0,3171069066,
mcs70_b03_s50.A07,mcs70_b03_s50.B07,dal_rl,39,44,7236839376,1000.02,1,50,3621401314,490.014,5019386455,5019386455,0,3476136379,
mcs70_b03_s50.A08,mcs70_b03_s50.B08,dal_rl,40,53,7036983996,1000.02,1,50,3845734519,544.941,4820410937,4820410937,0,3221465031,
mcs70_b03_s50.A09,mcs70_b03_s50.B09,dal_rl,41,43,5059014552,713.201,0,50,4753776815,668.922,3402476865,3402476865,0,2250489344,
mcs70_b03_s60.A00,mcs70_b03_s60.B00,dal_rl,47,53,6970451768,1000.02,1,60,2408850774,337.458,4740410619,4740410619,0,3068377925,
mcs70_b03_s60.A01,mcs70_b03_s60.B01,dal_rl,48,64,6862453080,1000.02,1,60,3655892528,520.151,4679791802,4679791802,0,3002063008,
mcs70_b03_s60.A02,mcs70_b03_s60.B02,dal_rl,46,55,6869669433,1000.02,1,60,232578439,24.6311,4742390840,4742390840,0,3097096230,
mcs70_b03_s60.A03,mcs70_b03_s60.B03,dal_rl,47,55,6959892401,1000.02,1,60,3243514430,458.438,4628779081,4628779081,0,2928220490,
mcs70_b03_s60.A04,mcs70_b03_s60.B04,dal_rl,47,54,6965485584,1000.02,1,60,4415380257,630.705,4726699771,4726699771,0,3121469332,
mcs70_b03_s60.A05,mcs70_b03_s60.B05,dal_rl,44,50,7385185840,1000.01,1,60,715472400,93.4877,5151464034,5151464034,0,3418192015,
mcs70_b03_s60.A06,mcs70_b03_s60.B06,dal_rl,44,50,7486280887,1000.01,1,60,126208123,15.1814,5151717489,5151717489,0,3364036638,
mcs70_b03_s60.A07,mcs70_b03_s60.B07,dal_rl,44,55,7551655016,1000.02,1,60,6293740459,829.599,5409917380,5409917380,0,3757555968,
mcs70_b03_s60.A08,mcs70_b03_s60.B08,dal_rl,46,59,7219019724,1000.02,1,60,4084824598,568.34,4865941285,4865941285,0,2984922951,
mcs70_b03_s60.A09,mcs70_b03_s60.B09,dal_rl,45,51,7173559737,1000.02,1,60,23949424,3.31356,5021321398,5021321398,0,3379545547,
mcs70_b03_s70.A00,mcs70_b03_s70.B00,dal_rl,52,62,6989643294,1000.02,1,70,3559755508,513.074,4869816491,4869816491,0,3259593429,
mcs70_b03_s70.A01,mcs70_b03_s70.B01,dal_rl,52,57,7201739304,1000.02,1,70,1673550961,217.892,5198016180,5198016180,0,3617819177,
mcs70_b03_s70.A02,mcs70_b03_s70.B02,dal_rl,52,54,7196803331,1000.02,1,70,4349440599,597.775,5053201092,5053201092,0,3368074987,
mcs70_b03_s70.A03,mcs70_b03_s70.B03,dal_rl,52,58,6803518336,1000.02,1,70,900230186,130.201,4659352339,4659352339,0,2927059317,
mcs70_b03_s70.A04,mcs70_b03_s70.B04,dal_rl,53,66,7023871329,1000.02,1,70,121234399,15.9705,4844192557,4844192557,0,3170583366,
mcs70_b03_s70.A05,mcs70_b03_s70.B05,dal_rl,52,65,7274086048,1000.02,1,70,4425341923,594.61,4980644319,4980644319,0,3188876334,
mcs70_b03_s70.A06,mcs70_b03_s70.B06,dal_rl,52,58,7094117553,1000.01,1,70,94439536,12.0346,4726094874,4726094874,0,2866128348,
mcs70_b03_s70.A07,mcs70_b03_s70.B07,dal_rl,55,66,6651159594,1000.01,1,70,36448143,5.08552,4671223807,4671223807,0,3201861288,
mcs70_b03_s70.A08,mcs70_b03_s70.B08,dal_rl,54,72,7055395379,1000.01,1,70,2631419415,355.775,5077694708,5077694708,0,3537969697,
mcs70_b03_s70.A09,mcs70_b03_s70.B09,dal_rl,53,65,6978778226,1000.01,1,70,5183002825,740.69,4872640726,4872640726,0,3229922366,
mcs70_b03_s80.A00,mcs70_b03_s80.B00,dal_rl,61,74,6228932737,1000.02,1,80,257564674,32.7768,4617924193,4617924193,0,3419097897,
mcs70_b03_s80.A01,mcs70_b03_s80.B01,dal_rl,61,74,6833858511,1000.01,1,80,1555067946,210.773,4751028589,4751028589,0,3149600804,
mcs70_b03_s80.A02,mcs70_b03_s80.B02,dal_rl,61,71,7155017315,1000.02,1,80,554271263,72.5191,4803313527,4803313527,0,2889491606,
mcs70_b03_s80.A03,mcs70_b03_s80.B03,dal_rl,60,69,6295030248,1000.02,1,80,2291626023,353.825,4365040603,4365040603,0,2919609722,
mcs70_b03_s80.A04,mcs70_b03_s80.B04,dal_rl,59,63,7212563001,1000.02,1,80,3232969,0.385603,5093869152,5093869152,0,3420500871,
mcs70_b03_s80.A05,mcs70_b03_s80.B05,dal_rl,58,69,6659479957,1000.02,1,80,1240447864,159.618,4736890045,4736890045,0,3178326779,
mcs70_b03_s80.A06,mcs70_b03_s80.B06,dal_rl,59,66,6631435413,1000.02,1,80,3061412988,453.759,4510174963,4510174963,0,2966511025,
mcs70_b03_s80.A07,mcs70_b03_s80.B07,dal_rl,61,74,6987669265,1000.02,1,80,2875233591,398.733,4907398476,4907398476,0,3287316546,
mcs70_b03_s80.A08,mcs70_b03_s80.B08,dal_rl,62,71,6830560355,1000.02,1,80,100508101,12.3916,4704148212,4704148212,0,3079783252,
mcs70_b03_s80.A09,mcs70_b03_s80.B09,dal_rl,60,71,5495640033,1000.02,1,80,982993111,153.697,4101328582,4101328582,0,2992689915,
mcs70_b03_s90.A00,mcs70_b03_s90.B00,dal_rl,65,75,7219360749,1000.02,1,90,4431719443,597.602,4959426855,4959426855,0,3217248433,
mcs70_b03_s90.A01,mcs70_b03_s90.B01,dal_rl,65,75,6770778324,1000.02,1,90,657466928,92.5946,4702533087,4702533087,0,3012874642,
mcs70_b03_s90.A02,mcs70_b03_s90.B02,dal_rl,65,81,6775432108,1000.01,1,90,1016934014,123.991,5079437498,5079437498,0,3613591780,
mcs70_b03_s90.A03,mcs70_b03_s90.B03,dal_rl,69,81,6756944165,1000.02,1,90,49957548,6.92752,4795082987,4795082987,0,3275142894,
mcs70_b03_s90.A04,mcs70_b03_s90.B04,dal_rl,65,71,7111092415,1000.02,1,90,5361368,0.61654,5114761485,5114761485,0,3497594683,
mcs70_b03_s90.A05,mcs70_b03_s90.B05,dal_rl,63,65,8445050005,1000.02,1,90,3474401343,308.76,6484547531,6484547531,0,4844358227,
mcs70_b03_s90.A06,mcs70_b03_s90.B06,dal_rl,69,83,6776059426,1000.02,1,90,443587820,62.4128,4487109104,4487109104,0,2611455860,
mcs70_b03_s90.A07,mcs70_b03_s90.B07,dal_rl,69,76,6558029016,1000.02,1,90,4643643302,700.336,4616922767,4616922767,0,3279184232,
mcs70_b03_s90.A08,mcs70_b03_s90.B08,dal_rl,63,66,7315105612,1000.02,1,90,4749729830,647.106,5384575678,5384575678,0,3792593623,
mcs70_b03_s90.A09,mcs70_b03_s90.B09,dal_rl,67,71,5712825277,1000.02,1,90,2349099448,402.495,3951498664,3951498664,0,2541811092,
mcs70_b03m_s10.A00,mcs70_b03m_s10.B00,dal_rl,8,9,141,5.7377e-05,0,10,9,9.755e-06,97,97,0,74,
mcs70_b03m_s10.A01,mcs70_b03m_s10.B01,dal_rl,7,8,769,0.000111258,0,10,408,5.0076e-05,518,518,0,374,
mcs70_b03m_s10.A02,mcs70_b03m_s10.B02,dal_rl,8,12,255,5.7788e-05,0,10,143,2.2965e-05,171,171,0,112,
mcs70_b03m_s10.A03,mcs70_b03m_s10.B03,dal_rl,7,10,589,0.000100111,0,10,55,1.2579e-05,392,392,0,283,
mcs70_b03m_s10.A04,mcs70_b03m_s10.B04,dal_rl,8,9,432,9.5895e-05,0,10,394,6.2414e-05,281,281,0,206,
mcs70_b03m_s10.A05,mcs70_b03m_s10.B05,dal_rl,8,8,433,8.7292e-05,0,10,295,4.3375e-05,283,283,0,187,
mcs70_b03m_s10.A06,mcs70_b03m_s10.B06,dal_rl,8,10,371,0.000177527,0,10,317,0.000101933,245,245,0,162,
mcs70_b03m_s10.A07,mcs70_b03m_s10.B07,dal_rl,7,10,659,0.000215544,0,10,347,9.1678e-05,428,428,0,305,
mcs70_b03m_s10.A08,mcs70_b03m_s10.B08,dal_rl,8,10,298,0.000132158,0,10,205,6.7521e-05,195,195,0,138,
mcs70_b03m_s10.A09,mcs70_b03m_s10.B09,dal_rl,8,11,287,6.8043e-05,0,10,254,3.918e-05,203,203,0,150,
mcs70_b03m_s100.A00,mcs70_b03m_s100.B00,dal_rl,70,76,7398168858,1000.02,1,100,613820112,70.4027,5420401040,5420401040,0,3728133430,
mcs70_b03m_s100.A01,mcs70_b03m_s100.B01,dal_rl,62,68,18525231117,1000.02,1,100,5060218476,262.704,15721337823,15721337823,0,13103586453,
mcs70_b03m_s100.A02,mcs70_b03m_s100.B02,dal_rl,69,74,6278627602,1000.01,1,100,1487602616,224.631,4611741146,4611741146,0,3144697927,
mcs70_b03m_s100.A03,mcs70_b03m_s100.B03,dal_rl,68,76,14742156085,1000.02,1,100,10245283372,708.864,12842933655,12842933655,0,10956985232,
mcs70_b03m_s100.A04,mcs70_b03m_s100.B04,dal_rl,76,92,6407032640,1000.02,1,100,487250034,72.4427,4550525074,4550525074,0,2905204007,
mcs70_b03m_s100.A05,mcs70_b03m_s100.B05,dal_rl,65,73,19029101030,1000.02,1,100,129232116,6.43823,15207986802,15207986802,0,11410576570,
mcs70_b03m_s100.A06,mcs70_b03m_s100.B06,dal_rl,63,70,14849456017,1000.02,1,100,3069127821,181.896,12035293956,12035293956,0,9726954935,
mcs70_b03m_s100.A07,mcs70_b03m_s100.B07,dal_rl,60,60,18240858671,1000.02,1,100,49057049,2.35642,14893020066,14893020066,0,11979037337,
mcs70_b03m_s100.A08,mcs70_b03m_s100.B08,dal_rl,67,71,5644857118,1000.02,1,100,157352910,25.8808,4257726183,4257726183,0,3181346676,
mcs70_b03m_s100.A09,mcs70_b03m_s100.B09,dal_rl,70,76,7659944272,1000.02,1,100,1716736847,219.408,5853574206,5853574206,0,4305958824,
mcs70_b03m_s15.A00,mcs70_b03m_s15.B00,dal_rl,13,17,2234,0.00029214,0,15,2155,0.000256877,1476,1476,0,962,
mcs70_b03m_s15.A01,mcs70_b03m_s15.B01,dal_rl,12,11,2027,0.000297679,0,15,948,0.000130016,1299,1299,0,876,
mcs70_b03m_s15.A02,mcs70_b03m_s15.B02,dal_rl,12,12,1671,0.000254605,0,15,610,8.7242e-05,1061,1061,0,729,
mcs70_b03m_s15.A03,mcs70_b03m_s15.B03,dal_rl,12,14,2018,0.000297039,0,15,1301,0.000163387,1394,1394,0,1015,
mcs70_b03m_s15.A04,mcs70_b03m_s15.B04,dal_rl,12,13,3803,0.000478241,0,15,3773,0.000445732,2453,2453,0,1621,
mcs70_b03m_s15.A05,mcs70_b03m_s15.B05,dal_rl,12,11,2456,0.000679882,0,15,1545,0.000388694,1660,1660,0,1216,
mcs70_b03m_s15.A06,mcs70_b03m_s15.B06,dal_rl,12,15,2313,0.000611138,0,15,777,0.000209965,1531,1531,0,937,
mcs70_b03m_s15.A07,mcs70_b03m_s15.B07,dal_rl,11,12,5136,0.00123909,0,15,49,2.7411e-05,3461,3461,0,2327,
mcs70_b03m_s15.A08,mcs70_b03m_s15.B08,dal_rl,12,14,5208,0.000653876,0,15,3955,0.000478912,3490,3490,0,2547,
mcs70_b03m_s15.A09,mcs70_b03m_s15.B09,dal_rl,12,12,2323,0.000342206,0,15,1776,0.000236136,1507,1507,0,1015,
mcs70_b03m_s20.A00,mcs70_b03m_s20.B00,dal_rl,15,17,62657,0.0076376,0,20,8917,0.0010545,41233,41233,0,28378,
mcs70_b03m_s20.A01,mcs70_b03m_s20.B01,dal_rl,16,20,16247,0.00242199,0,20,5988,0.00100161,10241,10241,0,6871,
mcs70_b03m_s20.A02,mcs70_b03m_s20.B02,dal_rl,15,19,137779,0.0158934,0,20,22089,0.00210863,88625,88625,0,57114,
mcs70_b03m_s20.A03,mcs70_b03m_s20.B03,dal_rl,16,19,37022,0.00406147,0,20,31561,0.00332088,25097,25097,0,16248,
mcs70_b03m_s20.A04,mcs70_b03m_s20.B04,dal_rl,16,17,25292,0.00333031,0,20,16715,0.00210601,17423,17423,0,12587,
mcs70_b03m_s20.A05,mcs70_b03m_s20.B05,dal_rl,16,18,50130,0.0116654,0,20,43977,0.0101415,33249,33249,0,22243,
mcs70_b03m_s20.A06,mcs70_b03m_s20.B06,dal_rl,15,19,65034,0.0147786,0,20,29148,0.00612727,44478,44478,0,31103,
mcs70_b03m_s20.A07,mcs70_b03m_s20.B07,dal_rl,15,20,60576,0.0135251,0,20,20991,0.00461368,40029,40029,0,26232,
mcs70_b03m_s20.A08,mcs70_b03m_s20.B08,dal_rl,16,20,56237,0.00684518,0,20,51023,0.00602647,36351,36351,0,24384,
mcs70_b03m_s20.A09,mcs70_b03m_s20.B09,dal_rl,16,18,40442,0.00460184,0,20,34080,0.00377677,27302,27302,0,19316,
mcs70_b03m_s25.A00,mcs70_b03m_s25.B00,dal_rl,19,20,691049,0.0848843,0,25,20,1.7056e-05,448557,448557,0,298200,
mcs70_b03m_s25.A01,mcs70_b03m_s25.B01,dal_rl,19,20,663426,0.0794451,0,25,290490,0.0339583,445918,445918,0,308898,
mcs70_b03m_s25.A02,mcs70_b03m_s25.B02,dal_rl,19,23,517303,0.0646021,0,25,43358,0.00488265,335875,335875,0,226997,
mcs70_b03m_s25.A03,mcs70_b03m_s25.B03,dal_rl,19,21,763659,0.0934241,0,25,102634,0.0118009,494823,494823,0,327134,
mcs70_b03m_s25.A04,mcs70_b03m_s25.B04,dal_rl,20,20,111450,0.0151418,0,25,43189,0.00583856,76002,76002,0,53127,
mcs70_b03m_s25.A05,mcs70_b03m_s25.B05,dal_rl,19,18,713074,0.087943,0,25,160680,0.0189727,485049,485049,0,327196,
mcs70_b03m_s25.A06,mcs70_b03m_s25.B06,dal_rl,19,21,385492,0.0986236,0,25,166110,0.0419547,260282,260282,0,185675,
mcs70_b03m_s25.A07,mcs70_b03m_s25.B07,dal_rl,19,22,851113,0.206098,0,25,70875,0.0163368,577153,577153,0,399149,
mcs70_b03m_s25.A08,mcs70_b03m_s25.B08,dal_rl,20,23,110690,0.0279172,0,25,35713,0.00817656,73287,73287,0,51108,
mcs70_b03m_s25.A09,mcs70_b03m_s25.B09,dal_rl,19,23,554522,0.0682092,0,25,39632,0.00436239,399260,399260,0,292626,
mcs70_b03m_s30.A00,mcs70_b03m_s30.B00,dal_rl,23,27,5413266,0.648863,0,30,30925,0.00360014,3732803,3732803,0,2584897,
mcs70_b03m_s30.A01,mcs70_b03m_s30.B01,dal_rl,23,26,4505639,0.567667,0,30,2098624,0.255936,3045715,3045715,0,2094044,
mcs70_b03m_s30.A02,mcs70_b03m_s30.B02,dal_rl,23,27,5350399,0.684228,0,30,427121,0.0521009,3376623,3376623,0,2146646,
mcs70_b03m_s30.A03,mcs70_b03m_s30.B03,dal_rl,23,30,8896729,1.02518,0,30,513509,0.0579508,6295776,6295776,0,4364839,
mcs70_b03m_s30.A04,mcs70_b03m_s30.B04,dal_rl,23,24,9485508,1.11515,0,30,4006711,0.457349,6730672,6730672,0,4742636,
mcs70_b03m_s30.A05,mcs70_b03m_s30.B05,dal_rl,23,31,4257819,0.5544,0,30,2831747,0.357859,2848640,2848640,0,1968871,
mcs70_b03m_s30.A06,mcs70_b03m_s30.B06,dal_rl,23,30,7633001,0.939253,0,30,4847133,0.574978,5496393,5496393,0,3938154,
mcs70_b03m_s30.A07,mcs70_b03m_s30.B07,dal_rl,24,30,1722685,0.444166,0,30,1385810,0.351574,1161375,1161375,0,804002,
mcs70_b03m_s30.A08,mcs70_b03m_s30.B08,dal_rl,23,26,5739986,1.44042,0,30,398395,0.0944703,3855073,3855073,0,2581589,
mcs70_b03m_s30.A09,mcs70_b03m_s30.B09,dal_rl,23,32,10668817,2.5449,0,30,8403306,1.95684,7780764,7780764,0,5826253,
mcs70_b03m_s35.A00,mcs70_b03m_s35.B00,dal_rl,27,31,54206424,6.87088,0,35,20267498,2.463,37842264,37842264,0,26528945,
mcs70_b03m_s35.A01,mcs70_b03m_s35.B01,dal_rl,27,30,26453728,3.44274,0,35,14739487,1.86215,17684924,17684924,0,12168802,
mcs70_b03m_s35.A02,mcs70_b03m_s35.B02,dal_rl,27,32,22949587,2.99729,0,35,576551,0.0704075,15191858,15191858,0,10156210,
mcs70_b03m_s35.A03,mcs70_b03m_s35.B03,dal_rl,27,31,20418051,2.66135,0,35,2383265,0.295541,14558866,14558866,0,10409944,
mcs70_b03m_s35.A04,mcs70_b03m_s35.B04,dal_rl,27,32,21558502,2.71284,0,35,4781825,0.51305,15215067,15215067,0,10770119,
mcs70_b03m_s35.A05,mcs70_b03m_s35.B05,dal_rl,28,36,8150400,1.08968,0,35,5647687,0.730769,5453261,5453261,0,3615291,
mcs70_b03m_s35.A06,mcs70_b03m_s35.B06,dal_rl,27,30,43680184,5.61998,0,35,25138072,3.12325,29207770,29207770,0,19132780,
mcs70_b03m_s35.A07,mcs70_b03m_s35.B07,dal_rl,28,31,30297944,7.42193,0,35,25006175,6.06154,20724610,20724610,0,13933124,
mcs70_b03m_s35.A08,mcs70_b03m_s35.B08,dal_rl,27,32,29007885,7.57137,0,35,254799,0.062919,20241866,20241866,0,14119322,
mcs70_b03m_s35.A09,mcs70_b03m_s35.B09,dal_rl,27,26,25333252,6.687,0,35,603163,0.112457,17801878,17801878,0,12692300,
mcs70_b03m_s40.A00,mcs70_b03m_s40.B00,dal_rl,32,36,216046951,27.9252,0,40,198763226,25.475,148433297,148433297,0,99353001,
mcs70_b03m_s40.A01,mcs70_b03m_s40.B01,dal_rl,31,39,176197409,23.8728,0,40,40828160,5.31036,120985203,120985203,0,84074300,
mcs70_b03m_s40.A02,mcs70_b03m_s40.B02,dal_rl,31,37,462741421,59.9308,0,40,4858576,0.555436,327799754,327799754,0,222829231,
mcs70_b03m_s40.A03,mcs70_b03m_s40.B03,dal_rl,32,39,234159325,31.7328,0,40,189713494,25.6128,156281015,156281015,0,104885045,
mcs70_b03m_s40.A04,mcs70_b03m_s40.B04,dal_rl,31,36,402912094,54.7789,0,40,6369322,0.778922,292731797,292731797,0,214280866,
mcs70_b03m_s40.A05,mcs70_b03m_s40.B05,dal_rl,32,40,138483619,18.783,0,40,135120152,18.2995,96369572,96369572,0,67793731,
mcs70_b03m_s40.A06,mcs70_b03m_s40.B06,dal_rl,31,33,363841426,49.0724,0,40,483526,0.0572373,249039478,249039478,0,165219662,
mcs70_b03m_s40.A07,mcs70_b03m_s40.B07,dal_rl,32,41,25801024,3.42183,0,40,14204551,1.82447,17949859,17949859,0,12139361,
mcs70_b03m_s40.A08,mcs70_b03m_s40.B08,dal_rl,32,38,108637311,14.8647,0,40,92506592,12.5183,74381684,74381684,0,52165351,
mcs70_b03m_s40.A09,mcs70_b03m_s40.B09,dal_rl,31,36,940031730,122.927,0,40,63007550,8.08,653978454,653978454,0,441008080,
mcs70_b03m_s50.A00,mcs70_b03m_s50.B00,dal_rl,38,44,7144731456,1000.02,1,50,3576348976,482.83,5152421569,5152421569,0,3580568534,
mcs70_b03m_s50.A01,mcs70_b03m_s50.B01,dal_rl,39,43,6764642720,1000.02,1,50,2452273792,339.989,4722783969,4722783969,0,3237560942,
mcs70_b03m_s50.A02,mcs70_b03m_s50.B02,dal_rl,38,46,6708926543,1000.02,1,50,43945232,5.85203,4715519283,4715519283,0,3246070833,
mcs70_b03m_s50.A03,mcs70_b03m_s50.B03,dal_rl,38,46,6770665579,1000.02,1,50,710752368,103.785,4688457062,4688457062,0,3191377509,
mcs70_b03m_s50.A04,mcs70_b03m_s50.B04,dal_rl,37,39,7022281206,1000.02,1,50,1314774707,180.14,4931337425,4931337425,0,3359223227,
mcs70_b03m_s50.A05,mcs70_b03m_s50.B05,dal_rl,38,43,7464623806,1000.02,1,50,4513346164,597.673,5197923337,5197923337,0,3520881245,
mcs70_b03m_s50.A06,mcs70_b03m_s50.B06,dal_rl,38,44,7391016932,1000.01,1,50,3273202914,423.388,5136867694,5136867694,0,3406372844,
mcs70_b03m_s50.A07,mcs70_b03m_s50.B07,dal_rl,38,46,5376106631,1000.01,1,50,43141771,6.80575,3707387609,3707387609,0,2489735275,
mcs70_b03m_s50.A08,mcs70_b03m_s50.B08,dal_rl,38,38,6697062104,1000.02,1,50,193265771,26.5773,4743129843,4743129843,0,3306282759,
mcs70_b03m_s50.A09,mcs70_b03m_s50.B09,dal_rl,39,47,3416085232,1000.02,1,50,181620025,48.8264,2401277653,2401277653,0,1672159012,
mcs70_b03m_s60.A00,mcs70_b03m_s60.B00,dal_rl,44,50,3706016972,1000.01,1,60,178330490,45.5131,2601920218,2601920218,0,1746897870,
mcs70_b03m_s60.A01,mcs70_b03m_s60.B01,dal_rl,45,53,3788048319,1000.01,1,60,566705010,108.21,2768296297,2768296297,0,1981229705,
mcs70_b03m_s60.A02,mcs70_b03m_s60.B02,dal_rl,45,58,3649705888,1000.01,1,60,720380836,197.264,2640608838,2640608838,0,1799906299,
mcs70_b03m_s60.A03,mcs70_b03m_s60.B03,dal_rl,43,44,7269159939,1000.02,1,60,626245556,74.4738,5294204489,5294204489,0,3714588446,
mcs70_b03m_s60.A04,mcs70_b03m_s60.B04,dal_rl,46,54,7046923465,1000.02,1,60,421104172,56.2327,4996576865,4996576865,0,3488821497,
mcs70_b03m_s60.A05,mcs70_b03m_s60.B05,dal_rl,45,49,7057730988,1000.01,1,60,904649953,124.015,4983595824,4983595824,0,3412003614,
mcs70_b03m_s60.A06,mcs70_b03m_s60.B06,dal_rl,45,56,8671906996,1000.01,1,60,449671928,33.2677,7053109533,7053109533,0,5520920856,
mcs70_b03m_s60.A07,mcs70_b03m_s60.B07,dal_rl,46,57,6977346674,1000.01,1,60,1192114431,161.931,4835351942,4835351942,0,3111397921,
mcs70_b03m_s60.A08,mcs70_b03m_s60.B08,dal_rl,45,53,6902385981,1000.02,1,60,17449999,1.7432,4986402067,4986402067,0,3506844779,
mcs70_b03m_s60.A09,mcs70_b03m_s60.B09,dal_rl,45,48,7302999604,1000.01,1,60,3268165,0.409066,5018751454,5018751454,0,3338531389,
mcs70_b03m_s70.A00,mcs70_b03m_s70.B00,dal_rl,48,53,8395351688,1000.02,1,70,450814968,40.3642,6274000770,6274000770,0,4394709365,
mcs70_b03m_s70.A01,mcs70_b03m_s70.B01,dal_rl,49,51,8608348120,1000.02,1,70,7940186575,901.393,7477042120,7477042120,0,6358351864,
mcs70_b03m_s70.A02,mcs70_b03m_s70.B02,dal_rl,52,55,7304938358,1000.02,1,70,3186233266,381.915,5337380397,5337380397,0,3613446617,
mcs70_b03m_s70.A03,mcs70_b03m_s70.B03,dal_rl,52,55,8672244488,1000.01,1,70,6538974922,679.671,6866604335,6866604335,0,5326028401,
mcs70_b03m_s70.A04,mcs70_b03m_s70.B04,dal_rl,54,69,6959783354,1000.02,1,70,4169081722,583.694,4917229981,4917229981,0,3268392214,
mcs70_b03m_s70.A05,mcs70_b03m_s70.B05,dal_rl,52,58,7167728394,1000.02,1,70,4524391002,610.528,5210086810,5210086810,0,3671193560,
mcs70_b03m_s70.A06,mcs70_b03m_s70.B06,dal_rl,50,59,9437724881,1000.02,1,70,7222088892,688.625,7349645599,7349645599,0,5411876067,
mcs70_b03m_s70.A07,mcs70_b03m_s70.B07,dal_rl,52,56,7189112302,1000.02,1,70,1888113478,251.534,4940572846,4940572846,0,3250538584,
mcs70_b03m_s70.A08,mcs70_b03m_s70.B08,dal_rl,53,63,7385605745,1000.02,1,70,5654124471,755.031,5152538054,5152538054,0,3374936499,
mcs70_b03m_s70.A09,mcs70_b03m_s70.B09,dal_rl,53,57,7055002747,1000.02,1,70,3988683561,550.417,4912157372,4912157372,0,3345129087,
mcs70_b03m_s80.A00,mcs70_b03m_s80.B00,dal_rl,52,51,10858899780,1000.01,1,80,133314087,9.57582,8344873389,8344873389,0,6002092669,
mcs70_b03m_s80.A01,mcs70_b03m_s80.B01,dal_rl,57,68,7672957378,1000.01,1,80,5241234569,649.807,5670628586,5670628586,0,3854893533,
mcs70_b03m_s80.A02,mcs70_b03m_s80.B02,dal_rl,58,63,7069913326,1000.01,1,80,2385347039,321.928,5020824581,5020824581,0,3318593501,
mcs70_b03m_s80.A03,mcs70_b03m_s80.B03,dal_rl,58,64,7196670788,1000.02,1,80,680709969,85.4608,5338731811,5338731811,0,3761565984,
mcs70_b03m_s80.A04,mcs70_b03m_s80.B04,dal_rl,52,53,12000392671,1000.02,1,80,6235130711,471.12,10111581713,10111581713,0,8284586193,
mcs70_b03m_s80.A05,mcs70_b03m_s80.B05,dal_rl,52,59,9526478125,1000.01,1,80,42863668,3.6576,7467155423,7467155423,0,5427223996,
mcs70_b03m_s80.A06,mcs70_b03m_s80.B06,dal_rl,57,64,6490082316,1000.02,1,80,2338441421,302.525,4860065036,4860065036,0,3558524147,
mcs70_b03m_s80.A07,mcs70_b03m_s80.B07,dal_rl,57,59,8510277200,1000.01,1,80,8432878911,989.765,6489064468,6489064468,0,4710895486,
mcs70_b03m_s80.A08,mcs70_b03m_s80.B08,dal_rl,58,63,5436209874,1000.02,1,80,973424893,130.799,4070424015,4070424015,0,2912864162,
mcs70_b03m_s80.A09,mcs70_b03m_s80.B09,dal_rl,57,70,5554206675,1000,1,80,1154372992,189.651,3984073599,3984073599,0,2655649328,
mcs70_b03m_s90.A00,mcs70_b03m_s90.B00,dal_rl,60,63,10822099092,1000.02,1,90,3098419192,320.515,8900020115,8900020115,0,7003554401,
mcs70_b03m_s90.A01,mcs70_b03m_s90.B01,dal_rl,59,64,19968430034,1000.02,1,90,845871,0.0898926,17001831417,17001831417,0,14035270051,
mcs70_b03m_s90.A02,mcs70_b03m_s90.B02,dal_rl,58,72,7709632332,1000.02,1,90,533635137,50.3856,5642167016,5642167016,0,3745144484,
mcs70_b03m_s90.A03,mcs70_b03m_s90.B03,dal_rl,59,59,9866875365,1000.02,1,90,365161822,26.0031,7863822459,7863822459,0,5975808623,
mcs70_b03m_s90.A04,mcs70_b03m_s90.B04,dal_rl,66,72,5872572715,1000.01,1,90,1292464271,182.166,4397391593,4397391593,0,3146681708,
mcs70_b03m_s90.A05,mcs70_b03m_s90.B05,dal_rl,64,64,12101216370,1000.01,1,90,8131849774,453.613,9308719197,9308719197,0,6756966875,
mcs70_b03m_s90.A06,mcs70_b03m_s90.B06,dal_rl,65,70,7136120508,1000.02,1,90,4676207925,649.513,5380408027,5380408027,0,3826462161,
mcs70_b03m_s90.A07,mcs70_b03m_s90.B07,dal_rl,63,72,5861161162,1000.01,1,90,1388691373,238.056,4586244079,4586244079,0,3482213253,
mcs70_b03m_s90.A08,mcs70_b03m_s90.B08,dal_rl,59,58,10531740800,1000.01,1,90,92075005,8.94808,8197391465,8197391465,0,5864179462,
mcs70_b03m_s90.A09,mcs70_b03m_s90.B09,dal_rl,65,72,10009862626,1000.02,1,90,8391712757,745.95,7876030539,7876030539,0,5967925623,
mcs70_b06_s10.A00,mcs70_b06_s10.B00,dal_rl,8,21,110,4.5889e-05,0,10,23,9.875e-06,79,79,0,46,
mcs70_b06_s10.A01,mcs70_b06_s10.B01,dal_rl,9,23,87,4.0271e-05,0,10,60,1.316e-05,60,60,0,22,
mcs70_b06_s10.A02,mcs70_b06_s10.B02,dal_rl,8,19,111,4.4587e-05,0,10,30,8.853e-06,81,81,0,54,
mcs70_b06_s10.A03,mcs70_b06_s10.B03,dal_rl,7,16,412,8.8313e-05,0,10,28,8.933e-06,285,285,0,210,
mcs70_b06_s10.A04,mcs70_b06_s10.B04,dal_rl,9,23,57,3.9339e-05,0,10,34,1.1417e-05,39,39,0,20,
mcs70_b06_s10.A05,mcs70_b06_s10.B05,dal_rl,8,20,135,4.5629e-05,0,10,31,9.145e-06,96,96,0,60,
mcs70_b06_s10.A06,mcs70_b06_s10.B06,dal_rl,8,19,86,4.635e-05,0,10,9,7.071e-06,62,62,0,42,
mcs70_b06_s10.A07,mcs70_b06_s10.B07,dal_rl,8,18,176,5.961e-05,0,10,79,1.8718e-05,123,123,0,79,
mcs70_b06_s10.A08,mcs70_b06_s10.B08,dal_rl,7,14,358,9.1499e-05,0,10,8,6.661e-06,263,263,0,212,
mcs70_b06_s10.A09,mcs70_b06_s10.B09,dal_rl,9,27,100,4.5839e-05,0,10,72,1.4311e-05,70,70,0,22,
mcs70_b06_s100.A00,mcs70_b06_s100.B00,dal_rl,66,141,6051595176,1000.02,1,100,85643646,12.1002,3953290715,3953290715,0,2651228169,
mcs70_b06_s100.A01,mcs70_b06_s100.B01,dal_rl,58,127,6494338802,1000.02,1,100,1931912182,284.201,4757939277,4757939277,0,3838374482,
mcs70_b06_s100.A02,mcs70_b06_s100.B02,dal_rl,55,94,7839596532,1000.02,1,100,1293053345,148.388,5143867569,5143867569,0,3820198998,
mcs70_b06_s100.A03,mcs70_b06_s100.B03,dal_rl,57,103,6452288594,1000.01,1,100,4609394435,719.08,4767934603,4767934603,0,3787912183,
mcs70_b06_s100.A04,mcs70_b06_s100.B04,dal_rl,66,136,4621815528,1000.02,1,100,1201917173,255.666,3096740807,3096740807,0,2180605519,
mcs70_b06_s100.A05,mcs70_b06_s100.B05,dal_rl,57,101,6455259273,1000.02,1,100,650576070,94.9134,4621558077,4621558077,0,3536597910,
mcs70_b06_s100.A06,mcs70_b06_s100.B06,dal_rl,68,139,5624316250,1000.02,1,100,197295058,32.5592,3807115811,3807115811,0,2680593128,
mcs70_b06_s100.A07,mcs70_b06_s100.B07,dal_rl,56,101,6795702918,1000.02,1,100,1188569288,164.714,4698176118,4698176118,0,3855203844,
mcs70_b06_s100.A08,mcs70_b06_s100.B08,dal_rl,66,130,5706631452,1000.02,1,100,143550,0.0194684,3963954445,3963954445,0,2992095377,
mcs70_b06_s100.A09,mcs70_b06_s100.B09,dal_rl,51,84,6851417801,1000.01,1,100,571172404,77.8791,4906446548,4906446548,0,3750041236,
mcs70_b06_s15.A00,mcs70_b06_s15.B00,dal_rl,11,25,3690,0.000665162,0,15,1425,0.000249325,2486,2486,0,1984,
mcs70_b06_s15.A01,mcs70_b06_s15.B01,dal_rl,12,29,1643,0.000328134,0,15,1005,0.000187232,1107,1107,0,873,
mcs70_b06_s15.A02,mcs70_b06_s15.B02,dal_rl,11,16,3896,0.000649146,0,15,3793,0.000601234,2751,2751,0,2189,
mcs70_b06_s15.A03,mcs70_b06_s15.B03,dal_rl,10,19,6864,0.00111865,0,15,1752,0.00028013,4540,4540,0,3528,
mcs70_b06_s15.A04,mcs70_b06_s15.B04,dal_rl,12,32,2791,0.000497216,0,15,2289,0.00039312,1816,1816,0,1350,
mcs70_b06_s15.A05,mcs70_b06_s15.B05,dal_rl,11,25,2260,0.000415445,0,15,415,7.2039e-05,1565,1565,0,1216,
mcs70_b06_s15.A06,mcs70_b06_s15.B06,dal_rl,11,22,6386,0.0010468,0,15,5175,0.000813053,4216,4216,0,3233,
mcs70_b06_s15.A07,mcs70_b06_s15.B07,dal_rl,11,24,4231,0.000735146,0,15,1966,0.000320912,2837,2837,0,2292,
mcs70_b06_s15.A08,mcs70_b06_s15.B08,dal_rl,11,24,4698,0.000779532,0,15,2383,0.000374794,3077,3077,0,2463,
mcs70_b06_s15.A09,mcs70_b06_s15.B09,dal_rl,11,23,1866,0.000344388,0,15,831,0.000138448,1322,1322,0,982,
mcs70_b06_s20.A00,mcs70_b06_s20.B00,dal_rl,16,40,4193,0.000873799,0,20,172,4.8624e-05,2888,2888,0,2303,
mcs70_b06_s20.A01,mcs70_b06_s20.B01,dal_rl,15,32,19320,0.00319848,0,20,6512,0.000945678,12579,12579,0,9249,
mcs70_b06_s20.A02,mcs70_b06_s20.B02,dal_rl,15,33,25371,0.00443662,0,20,18907,0.00329621,16073,16073,0,12345,
mcs70_b06_s20.A03,mcs70_b06_s20.B03,dal_rl,16,39,10038,0.00175966,0,20,6409,0.00107729,6478,6478,0,5019,
mcs70_b06_s20.A04,mcs70_b06_s20.B04,dal_rl,15,30,15782,0.00279582,0,20,5044,0.000864937,10075,10075,0,7715,
mcs70_b06_s20.A05,mcs70_b06_s20.B05,dal_rl,15,35,14890,0.00259339,0,20,5849,0.000986186,9475,9475,0,7031,
mcs70_b06_s20.A06,mcs70_b06_s20.B06,dal_rl,15,32,13115,0.00233722,0,20,983,0.000170417,8516,8516,0,6520,
mcs70_b06_s20.A07,mcs70_b06_s20.B07,dal_rl,15,35,14367,0.00247687,0,20,2640,0.000411109,9251,9251,0,7041,
mcs70_b06_s20.A08,mcs70_b06_s20.B08,dal_rl,14,29,36801,0.0064703,0,20,2458,0.000411761,23441,23441,0,17989,
mcs70_b06_s20.A09,mcs70_b06_s20.B09,dal_rl,15,36,15224,0.0027731,0,20,827,0.00015267,9894,9894,0,7625,
mcs70_b06_s25.A00,mcs70_b06_s25.B00,dal_rl,19,37,364391,0.0558664,0,25,339094,0.0514378,240258,240258,0,184552,
mcs70_b06_s25.A01,mcs70_b06_s25.B01,dal_rl,19,39,197900,0.0315409,0,25,158974,0.0245057,125119,125119,0,94021,
mcs70_b06_s25.A02,mcs70_b06_s25.B02,dal_rl,19,45,176213,0.0286145,0,25,126463,0.0197424,112193,112193,0,84604,
mcs70_b06_s25.A03,mcs70_b06_s25.B03,dal_rl,19,41,192008,0.0304817,0,25,152441,0.0233737,127307,127307,0,100461,
mcs70_b06_s25.A04,mcs70_b06_s25.B04,dal_rl,18,36,93954,0.0164362,0,25,426,8.4567e-05,60031,60031,0,45970,
mcs70_b06_s25.A05,mcs70_b06_s25.B05,dal_rl,18,36,129151,0.022548,0,25,31125,0.00531062,81872,81872,0,63180,
mcs70_b06_s25.A06,mcs70_b06_s25.B06,dal_rl,18,45,192820,0.0319888,0,25,102710,0.016452,119455,119455,0,89680,
mcs70_b06_s25.A07,mcs70_b06_s25.B07,dal_rl,18,45,183327,0.0320153,0,25,28295,0.00496844,112313,112313,0,83440,
mcs70_b06_s25.A08,mcs70_b06_s25.B08,dal_rl,20,49,153771,0.0256092,0,25,143235,0.0235596,102238,102238,0,80229,
mcs70_b06_s25.A09,mcs70_b06_s25.B09,dal_rl,19,42,62147,0.0121316,0,25,36678,0.00728241,40645,40645,0,32251,
mcs70_b06_s30.A00,mcs70_b06_s30.B00,dal_rl,23,52,2246930,0.344358,0,30,2205464,0.337181,1492329,1492329,0,1164333,
mcs70_b06_s30.A01,mcs70_b06_s30.B01,dal_rl,22,47,636345,0.107389,0,30,83319,0.0130946,401932,401932,0,302917,
mcs70_b06_s30.A02,mcs70_b06_s30.B02,dal_rl,22,46,706224,0.119538,0,30,177226,0.0292839,449370,449370,0,339141,
mcs70_b06_s30.A03,mcs70_b06_s30.B03,dal_rl,24,55,249424,0.0419618,0,30,203916,0.0338228,154363,154363,0,110472,
mcs70_b06_s30.A04,mcs70_b06_s30.B04,dal_rl,23,53,484957,0.0815016,0,30,356612,0.0586209,305316,305316,0,228915,
mcs70_b06_s30.A05,mcs70_b06_s30.B05,dal_rl,22,54,625519,0.106309,0,30,30749,0.00464438,383549,383549,0,279603,
mcs70_b06_s30.A06,mcs70_b06_s30.B06,dal_rl,23,51,390751,0.0660803,0,30,299125,0.0496799,270967,270967,0,213602,
mcs70_b06_s30.A07,mcs70_b06_s30.B07,dal_rl,22,51,1342732,0.213894,0,30,890946,0.135841,861184,861184,0,666559,
mcs70_b06_s30.A08,mcs70_b06_s30.B08,dal_rl,22,53,1356427,0.228528,0,30,1036498,0.170122,923029,923029,0,737881,
mcs70_b06_s30.A09,mcs70_b06_s30.B09,dal_rl,22,54,1662128,0.262752,0,30,977110,0.146542,1088789,1088789,0,830097,
mcs70_b06_s35.A00,mcs70_b06_s35.B00,dal_rl,26,57,41964626,6.44835,0,35,39869190,6.07805,28919498,28919498,0,22935527,
mcs70_b06_s35.A01,mcs70_b06_s35.B01,dal_rl,26,67,4039288,0.657217,0,35,1898840,0.298835,2652774,2652774,0,2016061,
mcs70_b06_s35.A02,mcs70_b06_s35.B02,dal_rl,26,56,11562813,1.80488,0,35,10180966,1.55823,7988973,7988973,0,6423093,
mcs70_b06_s35.A03,mcs70_b06_s35.B03,dal_rl,26,59,2009494,0.352073,0,35,67810,0.0110571,1266091,1266091,0,953145,
mcs70_b06_s35.A04,mcs70_b06_s35.B04,dal_rl,26,58,34844288,5.40884,0,35,33408299,5.15432,23656063,23656063,0,18803562,
mcs70_b06_s35.A05,mcs70_b06_s35.B05,dal_rl,26,58,2771115,0.461291,0,35,1137589,0.186505,1808025,1808025,0,1375517,
mcs70_b06_s35.A06,mcs70_b06_s35.B06,dal_rl,26,52,14210996,2.27572,0,35,12605127,1.99331,9604318,9604318,0,7556052,
mcs70_b06_s35.A07,mcs70_b06_s35.B07,dal_rl,26,63,2331803,0.395853,0,35,853271,0.135336,1493888,1493888,0,1114959,
mcs70_b06_s35.A08,mcs70_b06_s35.B08,dal_rl,26,57,2872490,0.471913,0,35,1279741,0.20107,1887399,1887399,0,1444632,
mcs70_b06_s35.A09,mcs70_b06_s35.B09,dal_rl,25,46,5328231,0.909554,0,35,107671,0.0165657,3460305,3460305,0,2705858,
mcs70_b06_s40.A00,mcs70_b06_s40.B00,dal_rl,30,70,33798082,5.44803,0,40,26825005,4.24327,22935130,22935130,0,17802641,
mcs70_b06_s40.A01,mcs70_b06_s40.B01,dal_rl,29,64,126048017,20.4538,0,40,93161895,14.8899,84939000,84939000,0,66105712,
mcs70_b06_s40.A02,mcs70_b06_s40.B02,dal_rl,31,71,2450336,0.446542,0,40,749490,0.130962,1556786,1556786,0,1194970,
mcs70_b06_s40.A03,mcs70_b06_s40.B03,dal_rl,30,59,13289790,2.23752,0,40,3412259,0.50531,8896297,8896297,0,6841031,
mcs70_b06_s40.A04,mcs70_b06_s40.B04,dal_rl,30,70,27443327,4.26428,0,40,18099906,2.62377,18282063,18282063,0,14020036,
mcs70_b06_s40.A05,mcs70_b06_s40.B05,dal_rl,31,69,3394245,0.595395,0,40,535736,0.0882268,2224314,2224314,0,1698455,
mcs70_b06_s40.A06,mcs70_b06_s40.B06,dal_rl,30,69,58766423,9.56868,0,40,50830031,8.17861,40377492,40377492,0,31821851,
mcs70_b06_s40.A07,mcs70_b06_s40.B07,dal_rl,29,63,105022737,16.2339,0,40,75108966,11.1877,72940250,72940250,0,57871587,
mcs70_b06_s40.A08,mcs70_b06_s40.B08,dal_rl,31,70,42060134,6.60443,0,40,40009541,6.23417,29152746,29152746,0,23024320,
mcs70_b06_s40.A09,mcs70_b06_s40.B09,dal_rl,30,73,8704355,1.51595,0,40,3999559,0.68982,5588198,5588198,0,4155058,
mcs70_b06_s50.A00,mcs70_b06_s50.B00,dal_rl,36,87,1820981963,323.55,0,50,328932636,58.0986,1307133588,1307133588,0,1060546126,
mcs70_b06_s50.A01,mcs70_b06_s50.B01,dal_rl,36,84,2918274587,517.833,0,50,780274942,136.186,2041289323,2041289323,0,1661386414,
mcs70_b06_s50.A02,mcs70_b06_s50.B02,dal_rl,37,78,1494942202,272.921,0,50,613598302,110.303,1036044516,1036044516,0,839420199,
mcs70_b06_s50.A03,mcs70_b06_s50.B03,dal_rl,37,77,1109209566,201.052,0,50,716255929,128.717,777217820,777217820,0,624128334,
mcs70_b06_s50.A04,mcs70_b06_s50.B04,dal_rl,31,60,6209231865,1000.02,1,50,387071760,59.2343,4454992150,4454992150,0,3603349340,
mcs70_b06_s50.A05,mcs70_b06_s50.B05,dal_rl,37,82,852887997,152.448,0,50,42631433,6.82103,587968389,587968389,0,465320656,
mcs70_b06_s50.A06,mcs70_b06_s50.B06,dal_rl,33,62,6254999460,1000.03,1,50,2278038368,350.005,4441438524,4441438524,0,3575580738,
mcs70_b06_s50.A07,mcs70_b06_s50.B07,dal_rl,37,81,1668788915,286.103,0,50,842828564,135.396,1159338779,1159338779,0,923065588,
mcs70_b06_s50.A08,mcs70_b06_s50.B08,dal_rl,37,74,1115709388,202.415,0,50,641345851,115.713,775796275,775796275,0,631677986,
mcs70_b06_s50.A09,mcs70_b06_s50.B09,dal_rl,37,81,1078748641,194.778,0,50,457924450,81.3034,761093657,761093657,0,624403911,
mcs70_b06_s60.A00,mcs70_b06_s60.B00,dal_rl,37,70,6710871628,1000.02,1,60,5940633748,879.246,4682528871,4682528871,0,3706967142,
mcs70_b06_s60.A01,mcs70_b06_s60.B01,dal_rl,39,94,6014335152,1000.02,1,60,864549426,135.463,4150965295,4150965295,0,3247740207,
mcs70_b06_s60.A02,mcs70_b06_s60.B02,dal_rl,43,93,5573983821,1000.02,1,60,2510994440,443.708,3785003852,3785003852,0,2962021974,
mcs70_b06_s60.A03,mcs70_b06_s60.B03,dal_rl,35,55,6744654967,1000.02,1,60,882714087,126.478,4731278818,4731278818,0,3700489905,
mcs70_b06_s60.A04,mcs70_b06_s60.B04,dal_rl,45,109,5467658815,1000.02,1,60,3176510682,571.08,3786993377,3786993377,0,2990943828,
mcs70_b06_s60.A05,mcs70_b06_s60.B05,dal_rl,38,74,6050863358,1000.02,1,60,1665398013,267.248,4202018537,4202018537,0,3253223350,
mcs70_b06_s60.A06,mcs70_b06_s60.B06,dal_rl,36,79,6392605556,1000.02,1,60,366502676,50.8884,4512626669,4512626669,0,3526571778,
mcs70_b06_s60.A07,mcs70_b06_s60.B07,dal_rl,34,57,6788431265,1000.02,1,60,984552281,132.434,4742381175,4742381175,0,3746972959,
mcs70_b06_s60.A08,mcs70_b06_s60.B08,dal_rl,37,87,6293968952,1000.01,1,60,1398198504,218.06,4351833304,4351833304,0,3243144743,
mcs70_b06_s60.A09,mcs70_b06_s60.B09,dal_rl,36,63,6210517339,1000.02,1,60,818166601,121.215,4228042001,4228042001,0,3219803548,
mcs70_b06_s70.A00,mcs70_b06_s70.B00,dal_rl,49,108,5352609674,1000.02,1,70,29159408,4.64824,3738394004,3738394004,0,2928943196,
mcs70_b06_s70.A01,mcs70_b06_s70.B01,dal_rl,48,93,5543832983,1000.02,1,70,203002363,30.1497,3792220800,3792220800,0,2922147210,
mcs70_b06_s70.A02,mcs70_b06_s70.B02,dal_rl,40,74,6649308065,1000.02,1,70,12640540,1.48973,4950575105,4950575105,0,3936156721,
mcs70_b06_s70.A03,mcs70_b06_s70.B03,dal_rl,48,97,5626346205,1000.01,1,70,465671342,74.9349,3841773331,3841773331,0,2981090009,
mcs70_b06_s70.A04,mcs70_b06_s70.B04,dal_rl,42,83,6692077045,1000.02,1,70,3110099167,456.212,4601549737,4601549737,0,3573023988,
mcs70_b06_s70.A05,mcs70_b06_s70.B05,dal_rl,44,77,5889610169,1000.01,1,70,1611041104,264.031,4160560999,4160560999,0,3272412216,
mcs70_b06_s70.A06,mcs70_b06_s70.B06,dal_rl,44,81,6183879480,1000.01,1,70,2682619158,413.511,4381740710,4381740710,0,3390520922,
mcs70_b06_s70.A07,mcs70_b06_s70.B07,dal_rl,47,91,5838101116,1000.01,1,70,84079508,13.0841,3921150000,3921150000,0,2954493281,
mcs70_b06_s70.A08,mcs70_b06_s70.B08,dal_rl,45,86,5923728652,1000.01,1,70,3382372,0.516659,3974765269,3974765269,0,2855150786,
mcs70_b06_s70.A09,mcs70_b06_s70.B09,dal_rl,41,68,4673325747,1000.02,1,70,4093377528,872.193,3293728019,3293728019,0,2531127343,
mcs70_b06_s80.A00,mcs70_b06_s80.B00,dal_rl,47,83,5470874103,1000.02,1,80,1378272780,233.689,3870533504,3870533504,0,3040149375,
mcs70_b06_s80.A01,mcs70_b06_s80.B01,dal_rl,46,80,4866153492,1000.01,1,80,714519356,139.677,3756283205,3756283205,0,3121350418,
mcs70_b06_s80.A02,mcs70_b06_s80.B02,dal_rl,46,91,3379092435,1000.01,1,80,291901222,83.2779,2361493635,2361493635,0,1760634753,
mcs70_b06_s80.A03,mcs70_b06_s80.B03,dal_rl,45,84,6774788238,1000.02,1,80,2174228307,309.007,4788936647,4788936647,0,3842520766,
mcs70_b06_s80.A04,mcs70_b06_s80.B04,dal_rl,52,98,4989553179,1000.02,1,80,1098982390,193.364,3477580552,3477580552,0,2615064650,
mcs70_b06_s80.A05,mcs70_b06_s80.B05,dal_rl,49,96,5903021046,1000.02,1,80,1926247406,312.448,4193909156,4193909156,0,3157099398,
mcs70_b06_s80.A06,mcs70_b06_s80.B06,dal_rl,45,76,6420675487,1000.02,1,80,134760424,17.632,4742038269,4742038269,0,3769641687,
mcs70_b06_s80.A07,mcs70_b06_s80.B07,dal_rl,48,89,6259130941,1000.02,1,80,5813282,0.740881,4458240920,4458240920,0,3424139649,
mcs70_b06_s80.A08,mcs70_b06_s80.B08,dal_rl,48,95,5955925928,1000.02,1,80,820130870,126.937,4189854153,4189854153,0,3244364499,
mcs70_b06_s80.A09,mcs70_b06_s80.B09,dal_rl,46,90,6994162470,1000.01,1,80,724903371,90.6207,4979168338,4979168338,0,3903701522,
mcs70_b06_s90.A00,mcs70_b06_s90.B00,dal_rl,58,112,6322410615,1000.03,1,90,121836216,17.3306,4326764032,4326764032,0,3363414758,
mcs70_b06_s90.A01,mcs70_b06_s90.B01,dal_rl,54,101,6934321655,1000.02,1,90,31282612,3.50923,4899050377,4899050377,0,3936881989,
mcs70_b06_s90.A02,mcs70_b06_s90.B02,dal_rl,53,102,5145463416,1000.02,1,90,886532693,164.455,3838149598,3838149598,0,3129895285,
mcs70_b06_s90.A03,mcs70_b06_s90.B03,dal_rl,49,106,5503292251,1000.02,1,90,185818643,23.165,4135818263,4135818263,0,3344576939,
mcs70_b06_s90.A04,mcs70_b06_s90.B04,dal_rl,54,104,6869584157,1000.02,1,90,20756371,2.60473,4601086975,4601086975,0,3582095221,
mcs70_b06_s90.A05,mcs70_b06_s90.B05,dal_rl,53,95,5514948864,1000.02,1,90,2054619809,365.729,3887642623,3887642623,0,2899284309,
mcs70_b06_s90.A06,mcs70_b06_s90.B06,dal_rl,48,75,7195188157,1000.02,1,90,739317520,100.832,5360755571,5360755571,0,4242691529,
mcs70_b06_s90.A07,mcs70_b06_s90.B07,dal_rl,49,87,6157301291,1000.01,1,90,4560875508,738.014,4416069132,4416069132,0,3420309320,
mcs70_b06_s90.A08,mcs70_b06_s90.B08,dal_rl,55,112,5872587655,1000.02,1,90,1553513028,248.098,4259103822,4259103822,0,3335873510,
mcs70_b06_s90.A09,mcs70_b06_s90.B09,dal_rl,51,93,6925614495,1000.01,1,90,741848707,95.7836,4956613627,4956613627,0,3812431343,
mcs70_b06m_s10.A00,mcs70_b06m_s10.B00,dal_rl,8,16,220,7.4933e-05,0,10,173,3.5624e-05,148,148,0,99,
mcs70_b06m_s10.A01,mcs70_b06m_s10.B01,dal_rl,9,22,55,4.0721e-05,0,10,37,1.1097e-05,36,36,0,14,
mcs70_b06m_s10.A02,mcs70_b06m_s10.B02,dal_rl,7,12,442,8.3776e-05,0,10,12,6.69e-06,282,282,0,181,
mcs70_b06m_s10.A03,mcs70_b06m_s10.B03,dal_rl,8,16,110,5.308e-05,0,10,56,1.4251e-05,76,76,0,49,
mcs70_b06m_s10.A04,mcs70_b06m_s10.B04,dal_rl,7,14,508,8.9756e-05,0,10,225,3.0195e-05,331,331,0,234,
mcs70_b06m_s10.A05,mcs70_b06m_s10.B05,dal_rl,8,16,213,6.0562e-05,0,10,155,2.7811e-05,140,140,0,101,
mcs70_b06m_s10.A06,mcs70_b06m_s10.B06,dal_rl,8,15,159,7.1788e-05,0,10,61,1.8758e-05,112,112,0,66,
mcs70_b06m_s10.A07,mcs70_b06m_s10.B07,dal_rl,7,12,598,0.000102935,0,10,122,2.1332e-05,406,406,0,295,
mcs70_b06m_s10.A08,mcs70_b06m_s10.B08,dal_rl,8,16,412,8.4948e-05,0,10,381,5.4121e-05,263,263,0,195,
mcs70_b06m_s10.A09,mcs70_b06m_s10.B09,dal_rl,7,13,460,8.7282e-05,0,10,152,2.646e-05,312,312,0,248,
mcs70_b06m_s100.A00,mcs70_b06m_s100.B00,dal_rl,52,77,6798183329,1000.01,1,100,514570306,77.136,4558142925,4558142925,0,3649179767,
mcs70_b06m_s100.A01,mcs70_b06m_s100.B01,dal_rl,54,114,6590071463,1000.01,1,100,520903334,71.1852,5025844049,5025844049,0,4099572008,
mcs70_b06m_s100.A02,mcs70_b06m_s100.B02,dal_rl,53,86,5276823091,1000.02,1,100,98784607,15.3483,3880862534,3880862534,0,3072766678,
mcs70_b06m_s100.A03,mcs70_b06m_s100.B03,dal_rl,53,84,6926327185,1000.02,1,100,1190919923,165.805,4977018787,4977018787,0,3811111845,
mcs70_b06m_s100.A04,mcs70_b06m_s100.B04,dal_rl,51,84,7211888089,1000.02,1,100,1013797560,140.034,4846860322,4846860322,0,3752134538,
mcs70_b06m_s100.A05,mcs70_b06m_s100.B05,dal_rl,52,83,7415618089,1000.02,1,100,6766152763,908.685,5234202065,5234202065,0,3848240359,
mcs70_b06m_s100.A06,mcs70_b06m_s100.B06,dal_rl,52,98,7209419850,1000.02,1,100,1903769839,255.028,5475127974,5475127974,0,4496077763,
mcs70_b06m_s100.A07,mcs70_b06m_s100.B07,dal_rl,72,161,4076612024,1000.02,1,100,2366,0.000595709,2580791974,2580791974,0,1906233442,
mcs70_b06m_s100.A08,mcs70_b06m_s100.B08,dal_rl,53,90,6951636688,1000.01,1,100,373402632,49.317,4855762369,4855762369,0,3725840238,
mcs70_b06m_s100.A09,mcs70_b06m_s100.B09,dal_rl,53,88,6823439796,1000.02,1,100,3738568975,540.974,5044501325,5044501325,0,3971197798,
mcs70_b06m_s15.A00,mcs70_b06m_s15.B00,dal_rl,10,21,7771,0.00124665,0,15,2334,0.000353703,5305,5305,0,4132,
mcs70_b06m_s15.A01,mcs70_b06m_s15.B01,dal_rl,10,25,6570,0.0011361,0,15,727,0.000117348,4390,4390,0,3540,
mcs70_b06m_s15.A02,mcs70_b06m_s15.B02,dal_rl,10,16,9689,0.00167808,0,15,3803,0.000707238,6342,6342,0,4803,
mcs70_b06m_s15.A03,mcs70_b06m_s15.B03,dal_rl,10,18,10470,0.00159837,0,15,3469,0.00051597,6796,6796,0,5333,
mcs70_b06m_s15.A04,mcs70_b06m_s15.B04,dal_rl,11,25,2813,0.000511753,0,15,555,9.6857e-05,1892,1892,0,1559,
mcs70_b06m_s15.A05,mcs70_b06m_s15.B05,dal_rl,11,22,2728,0.000522599,0,15,527,9.6295e-05,1858,1858,0,1520,
mcs70_b06m_s15.A06,mcs70_b06m_s15.B06,dal_rl,10,20,6664,0.00126432,0,15,2311,0.00053662,4400,4400,0,3524,
mcs70_b06m_s15.A07,mcs70_b06m_s15.B07,dal_rl,11,21,5455,0.00125955,0,15,4091,0.00100112,3572,3572,0,2904,
mcs70_b06m_s15.A08,mcs70_b06m_s15.B08,dal_rl,10,18,8127,0.00128875,0,15,3311,0.000483907,5269,5269,0,4065,
mcs70_b06m_s15.A09,mcs70_b06m_s15.B09,dal_rl,11,16,7400,0.00119571,0,15,7057,0.00111033,4812,4812,0,3636,
mcs70_b06m_s20.A00,mcs70_b06m_s20.B00,dal_rl,14,31,44069,0.00696282,0,20,20299,0.0028417,28799,28799,0,23116,
mcs70_b06m_s20.A01,mcs70_b06m_s20.B01,dal_rl,14,29,52786,0.00904602,0,20,44194,0.00748959,35647,35647,0,29361,
mcs70_b06m_s20.A02,mcs70_b06m_s20.B02,dal_rl,14,27,75307,0.0126819,0,20,55097,0.00893058,47951,47951,0,40275,
mcs70_b06m_s20.A03,mcs70_b06m_s20.B03,dal_rl,14,29,71486,0.0119523,0,20,54854,0.00884345,45300,45300,0,36353,
mcs70_b06m_s20.A04,mcs70_b06m_s20.B04,dal_rl,14,31,76688,0.0128662,0,20,61327,0.0100321,49110,49110,0,39521,
mcs70_b06m_s20.A05,mcs70_b06m_s20.B05,dal_rl,14,26,81400,0.0131264,0,20,74488,0.011913,53744,53744,0,42101,
mcs70_b06m_s20.A06,mcs70_b06m_s20.B06,dal_rl,14,29,79289,0.0134577,0,20,54766,0.00908283,49832,49832,0,40100,
mcs70_b06m_s20.A07,mcs70_b06m_s20.B07,dal_rl,14,27,59192,0.0105304,0,20,38635,0.00663525,37872,37872,0,31251,
mcs70_b06m_s20.A08,mcs70_b06m_s20.B08,dal_rl,15,25,73877,0.0119543,0,20,69418,0.0110709,48549,48549,0,38291,
mcs70_b06m_s20.A09,mcs70_b06m_s20.B09,dal_rl,14,36,80587,0.0124705,0,20,64333,0.00965667,52440,52440,0,41298,
mcs70_b06m_s25.A00,mcs70_b06m_s25.B00,dal_rl,17,33,883932,0.139844,0,25,646255,0.0987579,574278,574278,0,456820,
mcs70_b06m_s25.A01,mcs70_b06m_s25.B01,dal_rl,17,23,342155,0.056616,0,25,114760,0.018048,220519,220519,0,174215,
mcs70_b06m_s25.A02,mcs70_b06m_s25.B02,dal_rl,18,37,138364,0.022696,0,25,70320,0.0104043,89523,89523,0,70706,
mcs70_b06m_s25.A03,mcs70_b06m_s25.B03,dal_rl,18,35,278578,0.0445433,0,25,184227,0.0277057,184048,184048,0,149666,
mcs70_b06m_s25.A04,mcs70_b06m_s25.B04,dal_rl,18,30,1190747,0.183222,0,25,1173976,0.180189,792375,792375,0,640768,
mcs70_b06m_s25.A05,mcs70_b06m_s25.B05,dal_rl,18,35,505145,0.0794674,0,25,422546,0.0641609,323302,323302,0,258729,
mcs70_b06m_s25.A06,mcs70_b06m_s25.B06,dal_rl,17,32,336020,0.05354,0,25,91571,0.0131253,216666,216666,0,170436,
mcs70_b06m_s25.A07,mcs70_b06m_s25.B07,dal_rl,18,35,146862,0.0254027,0,25,58631,0.00921662,99390,99390,0,81142,
mcs70_b06m_s25.A08,mcs70_b06m_s25.B08,dal_rl,17,30,338578,0.0611846,0,25,110303,0.0187168,219373,219373,0,181509,
mcs70_b06m_s25.A09,mcs70_b06m_s25.B09,dal_rl,18,38,522620,0.0855308,0,25,491902,0.0798341,349687,349687,0,284181,
mcs70_b06m_s30.A00,mcs70_b06m_s30.B00,dal_rl,23,46,7092314,1.06733,0,30,7023092,1.05458,4816607,4816607,0,3831803,
mcs70_b06m_s30.A01,mcs70_b06m_s30.B01,dal_rl,21,45,4280403,0.684266,0,30,3578234,0.559232,2788483,2788483,0,2284410,
mcs70_b06m_s30.A02,mcs70_b06m_s30.B02,dal_rl,21,49,2329823,0.357938,0,30,1614789,0.236017,1662617,1662617,0,1398565,
mcs70_b06m_s30.A03,mcs70_b06m_s30.B03,dal_rl,21,43,6098241,0.934334,0,30,5284168,0.786969,4073160,4073160,0,3269557,
mcs70_b06m_s30.A04,mcs70_b06m_s30.B04,dal_rl,21,48,7737349,1.21646,0,30,7233664,1.12562,5273768,5273768,0,4314551,
mcs70_b06m_s30.A05,mcs70_b06m_s30.B05,dal_rl,22,37,863982,0.139925,0,30,597676,0.090283,595129,595129,0,493508,
mcs70_b06m_s30.A06,mcs70_b06m_s30.B06,dal_rl,21,47,1356735,0.226691,0,30,847261,0.133074,920686,920686,0,761173,
mcs70_b06m_s30.A07,mcs70_b06m_s30.B07,dal_rl,21,49,3760666,0.650942,0,30,3019644,0.511171,2497997,2497997,0,2010850,
mcs70_b06m_s30.A08,mcs70_b06m_s30.B08,dal_rl,21,45,12810646,2.04393,0,30,12241832,1.94106,8877232,8877232,0,7219495,
mcs70_b06m_s30.A09,mcs70_b06m_s30.B09,dal_rl,22,51,2484835,0.394613,0,30,2210607,0.345308,1631541,1631541,0,1298832,
mcs70_b06m_s35.A00,mcs70_b06m_s35.B00,dal_rl,26,54,147432526,25.4015,0,35,146292615,25.1485,100984329,100984329,0,80086547,
mcs70_b06m_s35.A01,mcs70_b06m_s35.B01,dal_rl,24,56,21162684,3.59625,0,35,11749181,1.81252,14062382,14062382,0,11376710,
mcs70_b06m_s35.A02,mcs70_b06m_s35.B02,dal_rl,24,47,221703755,34.2708,0,35,213821615,32.8834,150736664,150736664,0,120738847,
mcs70_b06m_s35.A03,mcs70_b06m_s35.B03,dal_rl,25,57,17264147,2.80644,0,35,15737059,2.51107,11701462,11701462,0,9370772,
mcs70_b06m_s35.A04,mcs70_b06m_s35.B04,dal_rl,24,53,26890863,4.37233,0,35,21013317,3.33792,18472341,18472341,0,15277000,
mcs70_b06m_s35.A05,mcs70_b06m_s35.B05,dal_rl,25,57,171959109,27.4404,0,35,170306342,27.1239,115026717,115026717,0,92246241,
mcs70_b06m_s35.A06,mcs70_b06m_s35.B06,dal_rl,25,59,54606346,9.09037,0,35,51916738,8.57313,36554993,36554993,0,29173566,
mcs70_b06m_s35.A07,mcs70_b06m_s35.B07,dal_rl,25,53,133935571,22.1675,0,35,132399657,21.8759,89922353,89922353,0,73369561,
mcs70_b06m_s35.A08,mcs70_b06m_s35.B08,dal_rl,25,48,163903570,26.7127,0,35,163238612,26.5885,108994970,108994970,0,86555681,
mcs70_b06m_s35.A09,mcs70_b06m_s35.B09,dal_rl,24,47,238004284,36.7086,0,35,235325007,36.221,161510421,161510421,0,128896257,
mcs70_b06m_s40.A00,mcs70_b06m_s40.B00,dal_rl,29,67,1658988188,266.906,0,40,1656276701,266.376,1135919460,1135919460,0,917822179,
mcs70_b06m_s40.A01,mcs70_b06m_s40.B01,dal_rl,28,51,1769802473,283.161,0,40,1702506947,270.634,1208486822,1208486822,0,976832668,
mcs70_b06m_s40.A02,mcs70_b06m_s40.B02,dal_rl,30,76,110282170,18.8873,0,40,108102756,18.4697,75436381,75436381,0,61907034,
mcs70_b06m_s40.A03,mcs70_b06m_s40.B03,dal_rl,29,65,447437062,68.5305,0,40,436289109,66.4685,306252570,306252570,0,247816531,
mcs70_b06m_s40.A04,mcs70_b06m_s40.B04,dal_rl,28,66,254298638,43.8618,0,40,224983687,38.3226,169055185,169055185,0,137533384,
mcs70_b06m_s40.A05,mcs70_b06m_s40.B05,dal_rl,28,61,92725837,15.1662,0,40,72791221,11.5061,63147018,63147018,0,50695415,
mcs70_b06m_s40.A06,mcs70_b06m_s40.B06,dal_rl,29,61,354810721,59.4661,0,40,351055331,58.7518,244572447,244572447,0,201278520,
mcs70_b06m_s40.A07,mcs70_b06m_s40.B07,dal_rl,28,57,72418076,11.637,0,40,51479930,7.75279,50795956,50795956,0,41598273,
mcs70_b06m_s40.A08,mcs70_b06m_s40.B08,dal_rl,28,61,744057625,116.787,0,40,714500360,111.433,510821287,510821287,0,411610325,
mcs70_b06m_s40.A09,mcs70_b06m_s40.B09,dal_rl,29,47,269643244,40.6096,0,40,263722924,39.4975,190707925,190707925,0,154200088,
mcs70_b06m_s50.A00,mcs70_b06m_s50.B00,dal_rl,29,49,6638725415,1000.02,1,50,128119375,18.1999,4679621797,4679621797,0,3749825998,
mcs70_b06m_s50.A01,mcs70_b06m_s50.B01,dal_rl,29,66,6581683919,1000.01,1,50,1046085918,153.082,4638262351,4638262351,0,3702914821,
mcs70_b06m_s50.A02,mcs70_b06m_s50.B02,dal_rl,29,57,6516400747,1000.01,1,50,731267476,106.148,4545502465,4545502465,0,3601642672,
mcs70_b06m_s50.A03,mcs70_b06m_s50.B03,dal_rl,29,43,6459296543,1000.01,1,50,109903648,15.2257,4490960607,4490960607,0,3579388470,
mcs70_b06m_s50.A04,mcs70_b06m_s50.B04,dal_rl,29,46,6769914208,1000.02,1,50,305320021,43.5031,4699348133,4699348133,0,3710181151,
mcs70_b06m_s50.A05,mcs70_b06m_s50.B05,dal_rl,30,45,6675961715,1000.01,1,50,3115945493,453.387,4728135425,4728135425,0,3794875578,
mcs70_b06m_s50.A06,mcs70_b06m_s50.B06,dal_rl,30,53,6488480518,1000.02,1,50,3522980745,530.496,4493639234,4493639234,0,3555478145,
mcs70_b06m_s50.A07,mcs70_b06m_s50.B07,dal_rl,29,53,6653637792,1000.02,1,50,4336043964,637.764,4549318469,4549318469,0,3580262250,
mcs70_b06m_s50.A08,mcs70_b06m_s50.B08,dal_rl,30,62,6664548633,1000.01,1,50,2102558650,303.272,4695826224,4695826224,0,3815163257,
mcs70_b06m_s50.A09,mcs70_b06m_s50.B09,dal_rl,30,57,6515014684,1000.02,1,50,6477877413,994.26,4621999181,4621999181,0,3766272479,
mcs70_b06m_s60.A00,mcs70_b06m_s60.B00,dal_rl,34,52,6746260016,1000.01,1,60,4392663080,634.19,4829114851,4829114851,0,3854502110,
mcs70_b06m_s60.A01,mcs70_b06m_s60.B01,dal_rl,33,56,6694038736,1000.01,1,60,411243008,57.6286,4622625056,4622625056,0,3683348077,
mcs70_b06m_s60.A02,mcs70_b06m_s60.B02,dal_rl,33,55,6480584025,1000.02,1,60,1086442857,160.089,4475533413,4475533413,0,3497888329,
mcs70_b06m_s60.A03,mcs70_b06m_s60.B03,dal_rl,33,56,6849430157,1000,1,60,1512245639,213.068,4848658671,4848658671,0,3716031276,
mcs70_b06m_s60.A04,mcs70_b06m_s60.B04,dal_rl,34,57,6700907255,1000.02,1,60,3579939911,534.468,4637063201,4637063201,0,3603520606,
mcs70_b06m_s60.A05,mcs70_b06m_s60.B05,dal_rl,35,54,6635619370,1000.01,1,60,3173740169,462.622,4653189160,4653189160,0,3701383836,
mcs70_b06m_s60.A06,mcs70_b06m_s60.B06,dal_rl,35,60,6560897672,1000.02,1,60,2101284240,304.1,4693328625,4693328625,0,3728152852,
mcs70_b06m_s60.A07,mcs70_b06m_s60.B07,dal_rl,34,52,6253616445,1000.01,1,60,4907981095,785.754,4334930883,4334930883,0,3491749237,
mcs70_b06m_s60.A08,mcs70_b06m_s60.B08,dal_rl,34,58,6665372861,1000.01,1,60,114395860,16.2602,4628760564,4628760564,0,3578796677,
mcs70_b06m_s60.A09,mcs70_b06m_s60.B09,dal_rl,35,58,6541473660,1000.01,1,60,1208131909,174.128,4466591384,4466591384,0,3492179142,
mcs70_b06m_s70.A00,mcs70_b06m_s70.B00,dal_rl,40,63,6565493110,1000.01,1,70,6196561848,942.44,4580782738,4580782738,0,3572140494,
mcs70_b06m_s70.A01,mcs70_b06m_s70.B01,dal_rl,38,67,5867594248,1000.02,1,70,451875054,78.3905,4082682609,4082682609,0,3194188039,
mcs70_b06m_s70.A02,mcs70_b06m_s70.B02,dal_rl,41,71,6492779734,1000.02,1,70,38653112,5.3009,4525177825,4525177825,0,3643623433,
mcs70_b06m_s70.A03,mcs70_b06m_s70.B03,dal_rl,38,57,6439306790,1000.02,1,70,1654964156,256.934,4422988135,4422988135,0,3551915631,
mcs70_b06m_s70.A04,mcs70_b06m_s70.B04,dal_rl,39,70,5731169662,1000.01,1,70,1032626977,184.347,4120617348,4120617348,0,3288007884,
mcs70_b06m_s70.A05,mcs70_b06m_s70.B05,dal_rl,37,62,7431073946,1000.02,1,70,6210968324,830.997,5225663970,5225663970,0,4005597107,
mcs70_b06m_s70.A06,mcs70_b06m_s70.B06,dal_rl,39,65,7022803547,1000.02,1,70,173726878,23.7709,5025124714,5025124714,0,3968150707,
mcs70_b06m_s70.A07,mcs70_b06m_s70.B07,dal_rl,39,72,7037426041,1000.01,1,70,3125488541,432.537,5124761968,5124761968,0,4063952754,
mcs70_b06m_s70.A08,mcs70_b06m_s70.B08,dal_rl,38,69,6794192390,1000.02,1,70,3394064765,492.896,4511477593,4511477593,0,3455338413,
mcs70_b06m_s70.A09,mcs70_b06m_s70.B09,dal_rl,39,69,6547398557,1000.01,1,70,22953591,3.08994,4335694827,4335694827,0,3381419985,
mcs70_b06m_s80.A00,mcs70_b06m_s80.B00,dal_rl,46,78,6144480457,1000.02,1,80,2280139440,365.275,4666158911,4666158911,0,3861824397,
mcs70_b06m_s80.A01,mcs70_b06m_s80.B01,dal_rl,45,78,6610781663,1000.01,1,80,608268480,82.5731,4626820146,4626820146,0,3674253541,
mcs70_b06m_s80.A02,mcs70_b06m_s80.B02,dal_rl,44,66,6924016812,1000.01,1,80,957830983,134.098,4967025727,4967025727,0,3933927189,
mcs70_b06m_s80.A03,mcs70_b06m_s80.B03,dal_rl,43,72,6884916754,1000.02,1,80,2566894692,366.766,5022010438,5022010438,0,3913540083,
mcs70_b06m_s80.A04,mcs70_b06m_s80.B04,dal_rl,45,82,6505470585,1000.02,1,80,679386697,95.527,4634316642,4634316642,0,3628078479,
mcs70_b06m_s80.A05,mcs70_b06m_s80.B05,dal_rl,44,76,6769145066,1000.02,1,80,2688930302,382.341,4711060453,4711060453,0,3695747881,
mcs70_b06m_s80.A06,mcs70_b06m_s80.B06,dal_rl,42,81,7233836839,1000.02,1,80,190323956,25.0834,5341587420,5341587420,0,4314443941,
mcs70_b06m_s80.A07,mcs70_b06m_s80.B07,dal_rl,42,77,6904352562,1000.02,1,80,14670143,2.05635,4683688944,4683688944,0,3495073325,
mcs70_b06m_s80.A08,mcs70_b06m_s80.B08,dal_rl,44,75,7293466799,1000.02,1,80,1370736517,133.197,5352240943,5352240943,0,4182122136,
mcs70_b06m_s80.A09,mcs70_b06m_s80.B09,dal_rl,43,82,6510719877,1000.02,1,80,145653042,23.6106,4769417195,4769417195,0,3942532624,
mcs70_b06m_s90.A00,mcs70_b06m_s90.B00,dal_rl,50,85,6600603191,1000.01,1,90,1695548179,247.22,4373180299,4373180299,0,3351265234,
mcs70_b06m_s90.A01,mcs70_b06m_s90.B01,dal_rl,49,84,6989841589,1000.01,1,90,108680447,14.5548,4997928938,4997928938,0,3953930957,
mcs70_b06m_s90.A02,mcs70_b06m_s90.B02,dal_rl,49,84,6539947393,1000.02,1,90,2944578986,419.805,4384035022,4384035022,0,3466346754,
mcs70_b06m_s90.A03,mcs70_b06m_s90.B03,dal_rl,49,80,6270248452,1000.02,1,90,319250210,47.139,4145845153,4145845153,0,3386635985,
mcs70_b06m_s90.A04,mcs70_b06m_s90.B04,dal_rl,49,78,6397755921,1000.02,1,90,443774224,67.6036,4427245533,4427245533,0,3414030008,
mcs70_b06m_s90.A05,mcs70_b06m_s90.B05,dal_rl,48,78,6670011982,1000.02,1,90,2035086716,285.376,4717733604,4717733604,0,3630382479,
mcs70_b06m_s90.A06,mcs70_b06m_s90.B06,dal_rl,46,74,7272483294,1000.02,1,90,4445529065,591.875,5340732668,5340732668,0,4306299891,
mcs70_b06m_s90.A07,mcs70_b06m_s90.B07,dal_rl,49,85,6573449334,1000.02,1,90,855662044,125.753,4853145913,4853145913,0,3759456515,
mcs70_b06m_s90.A08,mcs70_b06m_s90.B08,dal_rl,47,76,7502978191,1000.02,1,90,758105243,90.1975,4956705975,4956705975,0,3804044532,
mcs70_b06m_s90.A09,mcs70_b06m_s90.B09,dal_rl,45,79,7345428926,1000.02,1,90,2828887577,359.061,5399362391,5399362391,0,4208755757,
mcs70_b09_s100.A00,mcs70_b09_s100.B00,dal_rl,61,169,4229396654,1000.02,1,100,404111363,90.0085,2618678172,2618678172,0,2104774149,
mcs70_b09_s100.A01,mcs70_b09_s100.B01,dal_rl,42,70,5994549699,1000.02,1,100,51074045,5.99702,3938390067,3938390067,0,3279279945,
mcs70_b09_s100.A02,mcs70_b09_s100.B02,dal_rl,46,108,6176285550,1000.02,1,100,1153697019,169.274,4434109220,4434109220,0,3607464026,
mcs70_b09_s100.A03,mcs70_b09_s100.B03,dal_rl,45,97,6444594556,1000.01,1,100,1658229352,245.671,4669200267,4669200267,0,3851498284,
mcs70_b09_s100.A04,mcs70_b09_s100.B04,dal_rl,56,161,4510072232,1000.02,1,100,1324092495,272.433,3038855966,3038855966,0,2490959143,
mcs70_b09_s100.A05,mcs70_b09_s100.B05,dal_rl,64,202,3894640820,1000.02,1,100,682269616,166.141,2217432946,2217432946,0,1616780985,
mcs70_b09_s100.A06,mcs70_b09_s100.B06,dal_rl,48,119,4975009448,1000.02,1,100,865781713,159.084,3376587815,3376587815,0,2892300719,
mcs70_b09_s100.A07,mcs70_b09_s100.B07,dal_rl,44,90,6294519906,1000.02,1,100,9731302,1.43555,4374812558,4374812558,0,3572732386,
mcs70_b09_s100.A08,mcs70_b09_s100.B08,dal_rl,42,79,6541585405,1000.02,1,100,157373152,23.3956,4634878361,4634878361,0,3711745096,
mcs70_b09_s100.A09,mcs70_b09_s100.B09,dal_rl,44,102,6418392592,1000.02,1,100,1613484709,244.802,4493432367,4493432367,0,3758511652,
mcs70_b09_s15.A00,mcs70_b09_s15.B00,dal_rl,12,43,894,0.000166362,0,15,364,6.1653e-05,620,620,0,430,
mcs70_b09_s15.A01,mcs70_b09_s15.B01,dal_rl,11,33,1316,0.000259213,0,15,158,3.6175e-05,910,910,0,651,
mcs70_b09_s15.A02,mcs70_b09_s15.B02,dal_rl,12,41,472,0.000109816,0,15,89,2.2094e-05,338,338,0,251,
mcs70_b09_s15.A03,mcs70_b09_s15.B03,dal_rl,11,32,1948,0.000294043,0,15,111,2.5539e-05,1340,1340,0,1059,
mcs70_b09_s15.A04,mcs70_b09_s15.B04,dal_rl,12,46,540,0.000119791,0,15,218,4.1833e-05,389,389,0,284,
mcs70_b09_s15.A05,mcs70_b09_s15.B05,dal_rl,12,46,1155,0.000200022,0,15,972,0.000148123,759,759,0,534,
mcs70_b09_s15.A06,mcs70_b09_s15.B06,dal_rl,12,38,592,0.000449859,0,15,207,4.3655e-05,435,435,0,348,
mcs70_b09_s15.A07,mcs70_b09_s15.B07,dal_rl,12,41,416,0.000126621,0,15,52,1.7957e-05,297,297,0,210,
mcs70_b09_s15.A08,mcs70_b09_s15.B08,dal_rl,12,41,841,0.000184719,0,15,291,5.8378e-05,568,568,0,384,
mcs70_b09_s15.A09,mcs70_b09_s15.B09,dal_rl,12,37,783,0.000624948,0,15,181,6.7201e-05,546,546,0,380,
mcs70_b09_s20.A00,mcs70_b09_s20.B00,dal_rl,15,49,13848,0.00561353,0,20,8146,0.00318417,9184,9184,0,7652,
mcs70_b09_s20.A01,mcs70_b09_s20.B01,dal_rl,14,42,20938,0.00901684,0,20,793,0.000322785,14123,14123,0,11807,
mcs70_b09_s20.A02,mcs70_b09_s20.B02,dal_rl,14,44,26026,0.0104893,0,20,15074,0.00597554,17569,17569,0,14654,
mcs70_b09_s20.A03,mcs70_b09_s20.B03,dal_rl,14,44,13641,0.00281358,0,20,1515,0.000288425,9310,9310,0,7680,
mcs70_b09_s20.A04,mcs70_b09_s20.B04,dal_rl,14,41,11162,0.00221388,0,20,5069,0.000962041,7819,7819,0,6401,
mcs70_b09_s20.A05,mcs70_b09_s20.B05,dal_rl,14,45,22565,0.00586767,0,20,2993,0.000646646,15244,15244,0,12916,
mcs70_b09_s20.A06,mcs70_b09_s20.B06,dal_rl,14,42,42194,0.0080127,0,20,34152,0.0063804,27958,27958,0,22334,
mcs70_b09_s20.A07,mcs70_b09_s20.B07,dal_rl,15,43,36026,0.00758134,0,20,35457,0.00741724,24095,24095,0,19898,
mcs70_b09_s20.A08,mcs70_b09_s20.B08,dal_rl,15,52,13259,0.00392693,0,20,10170,0.00306141,9087,9087,0,7600,
mcs70_b09_s20.A09,mcs70_b09_s20.B09,dal_rl,15,43,12218,0.00244808,0,20,9553,0.00188853,8113,8113,0,6749,
mcs70_b09_s25.A00,mcs70_b09_s25.B00,dal_rl,17,57,233348,0.0481654,0,25,178788,0.0358157,165444,165444,0,141551,
mcs70_b09_s25.A01,mcs70_b09_s25.B01,dal_rl,17,54,306397,0.0633826,0,25,157435,0.0297364,207321,207321,0,176487,
mcs70_b09_s25.A02,mcs70_b09_s25.B02,dal_rl,17,40,336422,0.0684107,0,25,239880,0.045834,226858,226858,0,196227,
mcs70_b09_s25.A03,mcs70_b09_s25.B03,dal_rl,16,46,466011,0.105675,0,25,13268,0.00264941,301932,301932,0,264745,
mcs70_b09_s25.A04,mcs70_b09_s25.B04,dal_rl,18,66,169346,0.0398504,0,25,78862,0.0178176,110077,110077,0,93548,
mcs70_b09_s25.A05,mcs70_b09_s25.B05,dal_rl,17,53,193382,0.0557463,0,25,16071,0.00392906,129666,129666,0,112059,
mcs70_b09_s25.A06,mcs70_b09_s25.B06,dal_rl,17,54,221177,0.0511919,0,25,39995,0.00791592,147815,147815,0,129302,
mcs70_b09_s25.A07,mcs70_b09_s25.B07,dal_rl,17,41,429235,0.0962026,0,25,384903,0.0856859,286605,286605,0,246463,
mcs70_b09_s25.A08,mcs70_b09_s25.B08,dal_rl,16,40,570721,0.159503,0,25,367782,0.0988173,382550,382550,0,326634,
mcs70_b09_s25.A09,mcs70_b09_s25.B09,dal_rl,17,49,136274,0.0316487,0,25,3858,0.000912215,93110,93110,0,81167,
mcs70_b09_s30.A00,mcs70_b09_s30.B00,dal_rl,21,63,424698,0.104869,0,30,28065,0.00713474,285213,285213,0,250597,
mcs70_b09_s30.A01,mcs70_b09_s30.B01,dal_rl,20,56,1864004,0.420582,0,30,1121440,0.243436,1241245,1241245,0,1074435,
mcs70_b09_s30.A02,mcs70_b09_s30.B02,dal_rl,20,56,3182466,0.667795,0,30,1490642,0.275331,2047748,2047748,0,1726051,
mcs70_b09_s30.A03,mcs70_b09_s30.B03,dal_rl,22,70,1839772,0.389034,0,30,1737070,0.363632,1219718,1219718,0,1055730,
mcs70_b09_s30.A04,mcs70_b09_s30.B04,dal_rl,21,75,565478,0.14074,0,30,162150,0.0371284,367271,367271,0,317415,
mcs70_b09_s30.A05,mcs70_b09_s30.B05,dal_rl,21,65,650929,0.155111,0,30,84845,0.0196521,429290,429290,0,367305,
mcs70_b09_s30.A06,mcs70_b09_s30.B06,dal_rl,21,65,573289,0.137146,0,30,214633,0.0492716,378566,378566,0,332445,
mcs70_b09_s30.A07,mcs70_b09_s30.B07,dal_rl,20,65,1499956,0.337507,0,30,273857,0.0501785,956563,956563,0,814456,
mcs70_b09_s30.A08,mcs70_b09_s30.B08,dal_rl,21,68,608906,0.144734,0,30,135895,0.0309768,392141,392141,0,335272,
mcs70_b09_s30.A09,mcs70_b09_s30.B09,dal_rl,21,75,617957,0.150363,0,30,182751,0.042423,401930,401930,0,349013,
mcs70_b09_s35.A00,mcs70_b09_s35.B00,dal_rl,25,76,2443391,0.582815,0,35,964532,0.216963,1528967,1528967,0,1264305,
mcs70_b09_s35.A01,mcs70_b09_s35.B01,dal_rl,24,81,3698389,1.14962,0,35,64172,0.0166731,2342218,2342218,0,1990396,
mcs70_b09_s35.A02,mcs70_b09_s35.B02,dal_rl,25,78,1750452,0.459823,0,35,55665,0.0140011,1108347,1108347,0,917303,
mcs70_b09_s35.A03,mcs70_b09_s35.B03,dal_rl,25,80,1471213,0.74105,0,35,109714,0.0497672,944868,944868,0,805350,
mcs70_b09_s35.A04,mcs70_b09_s35.B04,dal_rl,25,94,2737199,1.26493,0,35,1734064,0.762965,1729407,1729407,0,1474520,
mcs70_b09_s35.A05,mcs70_b09_s35.B05,dal_rl,24,77,3775427,1.83179,0,35,18004,0.00795332,2515432,2515432,0,2183289,
mcs70_b09_s35.A06,mcs70_b09_s35.B06,dal_rl,25,79,1912931,0.949974,0,35,271399,0.128587,1210177,1210177,0,1014515,
mcs70_b09_s35.A07,mcs70_b09_s35.B07,dal_rl,25,79,4232447,0.876841,0,35,2916893,0.54677,2751433,2751433,0,2341201,
mcs70_b09_s35.A08,mcs70_b09_s35.B08,dal_rl,24,66,3331453,0.789721,0,35,190927,0.037283,2133475,2133475,0,1803849,
mcs70_b09_s35.A09,mcs70_b09_s35.B09,dal_rl,25,86,10014612,2.04432,0,35,8530764,1.67372,6449970,6449970,0,5352165,
mcs70_b09_s40.A00,mcs70_b09_s40.B00,dal_rl,29,99,4635168,1.4595,0,40,1375703,0.376126,2987997,2987997,0,2490691,
mcs70_b09_s40.A01,mcs70_b09_s40.B01,dal_rl,29,96,5096734,1.2914,0,40,793323,0.192286,3206448,3206448,0,2681352,
mcs70_b09_s40.A02,mcs70_b09_s40.B02,dal_rl,29,97,6204828,1.61473,0,40,1810769,0.472755,3932820,3932820,0,3295870,
mcs70_b09_s40.A03,mcs70_b09_s40.B03,dal_rl,29,97,82059093,18.6485,0,40,79911151,18.0984,54326972,54326972,0,47476132,
mcs70_b09_s40.A04,mcs70_b09_s40.B04,dal_rl,29,97,10662579,2.40371,0,40,6550130,1.32012,6850055,6850055,0,5802152,
mcs70_b09_s40.A05,mcs70_b09_s40.B05,dal_rl,29,84,6782639,1.8618,0,40,4850732,1.28686,4348598,4348598,0,3685277,
mcs70_b09_s40.A06,mcs70_b09_s40.B06,dal_rl,29,93,4881694,1.21169,0,40,902089,0.205132,3122813,3122813,0,2627246,
mcs70_b09_s40.A07,mcs70_b09_s40.B07,dal_rl,29,97,9826499,2.09371,0,40,5762906,1.07197,6276476,6276476,0,5280581,
mcs70_b09_s40.A08,mcs70_b09_s40.B08,dal_rl,29,87,45306762,9.21444,0,40,42428868,8.49682,29709727,29709727,0,25350704,
mcs70_b09_s40.A09,mcs70_b09_s40.B09,dal_rl,29,92,220888182,44.9158,0,40,217422016,44.0547,143730314,143730314,0,122323793,
mcs70_b09_s50.A00,mcs70_b09_s50.B00,dal_rl,35,111,2809000286,554.407,0,50,2640046468,512.917,1868003467,1868003467,0,1561313058,
mcs70_b09_s50.A01,mcs70_b09_s50.B01,dal_rl,35,105,369036223,86.8225,0,50,189142179,42.4644,240289878,240289878,0,205670106,
mcs70_b09_s50.A02,mcs70_b09_s50.B02,dal_rl,35,105,1392505507,305.293,0,50,1210064245,259.439,923628495,923628495,0,791699595,
mcs70_b09_s50.A03,mcs70_b09_s50.B03,dal_rl,35,124,247898185,57.5312,0,50,80008359,15.8957,159823034,159823034,0,135593264,
mcs70_b09_s50.A04,mcs70_b09_s50.B04,dal_rl,28,59,3655150518,1000.02,1,50,1691947022,452.262,2436620041,2436620041,0,2083857671,
mcs70_b09_s50.A05,mcs70_b09_s50.B05,dal_rl,35,109,447000642,109.434,0,50,333190608,78.9667,286480822,286480822,0,242773983,
mcs70_b09_s50.A06,mcs70_b09_s50.B06,dal_rl,29,73,2498866863,1000.02,1,50,1476016985,559.422,1665909807,1665909807,0,1420234777,
mcs70_b09_s50.A07,mcs70_b09_s50.B07,dal_rl,35,110,204337169,100.443,0,50,31007390,14.0814,131963898,131963898,0,112525155,
mcs70_b09_s50.A08,mcs70_b09_s50.B08,dal_rl,35,118,200711484,100.854,0,50,4378287,2.18566,127172535,127172535,0,107816196,
mcs70_b09_s50.A09,mcs70_b09_s50.B09,dal_rl,36,120,182142943,88.6603,0,50,89487589,42.2374,115212256,115212256,0,97250533,
mcs70_b09_s60.A00,mcs70_b09_s60.B00,dal_rl,32,81,5384979689,1000.02,1,60,3780997901,676.615,3609841900,3609841900,0,3063214711,
mcs70_b09_s60.A01,mcs70_b09_s60.B01,dal_rl,44,150,4178681583,869.91,0,60,3667947224,742.059,2781931316,2781931316,0,2390497886,
mcs70_b09_s60.A02,mcs70_b09_s60.B02,dal_rl,36,84,5150032594,1000.02,1,60,3909472575,726.416,3494934605,3494934605,0,2985249240,
mcs70_b09_s60.A03,mcs70_b09_s60.B03,dal_rl,44,146,919124990,231.839,0,60,2112497,0.49405,578300139,578300139,0,472755311,
mcs70_b09_s60.A04,mcs70_b09_s60.B04,dal_rl,29,54,5617034424,1000.01,1,60,806104230,137.232,3782074047,3782074047,0,3195791649,
mcs70_b09_s60.A05,mcs70_b09_s60.B05,dal_rl,28,55,5955058638,1000.01,1,60,1864637617,304.595,4061811374,4061811374,0,3433577870,
mcs70_b09_s60.A06,mcs70_b09_s60.B06,dal_rl,31,73,5850830660,1000.02,1,60,5713173105,975.574,3944996881,3944996881,0,3320917235,
mcs70_b09_s60.A07,mcs70_b09_s60.B07,dal_rl,29,68,5831636968,1000.02,1,60,716421107,119.194,3927171327,3927171327,0,3265263055,
mcs70_b09_s60.A08,mcs70_b09_s60.B08,dal_rl,32,71,5171188946,1000.02,1,60,2294871729,440.805,3487891959,3487891959,0,3008762777,
mcs70_b09_s60.A09,mcs70_b09_s60.B09,dal_rl,43,146,1261550572,391.513,0,60,192606482,54.5625,830923340,830923340,0,707443059,
mcs70_b09_s70.A00,mcs70_b09_s70.B00,dal_rl,35,77,4775187122,1000.02,1,70,3340927571,691.212,3173210802,3173210802,0,2677482546,
mcs70_b09_s70.A01,mcs70_b09_s70.B01,dal_rl,36,90,5243674987,1000.02,1,70,1154754980,206.36,3600704693,3600704693,0,3081761553,
mcs70_b09_s70.A02,mcs70_b09_s70.B02,dal_rl,48,145,3897013579,1000.02,1,70,1339529496,337.514,2550506534,2550506534,0,2196370348,
mcs70_b09_s70.A03,mcs70_b09_s70.B03,dal_rl,33,73,5292150730,1000.02,1,70,12410377,2.33772,3592109349,3592109349,0,3033142257,
mcs70_b09_s70.A04,mcs70_b09_s70.B04,dal_rl,33,75,4815518524,1000.02,1,70,2166689887,434.697,3311412365,3311412365,0,2722067110,
mcs70_b09_s70.A05,mcs70_b09_s70.B05,dal_rl,48,158,4399792869,1000.02,1,70,2983206652,650.244,2969810972,2969810972,0,2565935341,
mcs70_b09_s70.A06,mcs70_b09_s70.B06,dal_rl,39,86,4285155270,1000.01,1,70,13716143,3.02719,2927240138,2927240138,0,2517363673,
mcs70_b09_s70.A07,mcs70_b09_s70.B07,dal_rl,36,89,4996397590,1000.02,1,70,779929234,150.417,3416428949,3416428949,0,2955531524,
mcs70_b09_s70.A08,mcs70_b09_s70.B08,dal_rl,33,89,5898895034,1000.02,1,70,5558041089,942.614,3964939613,3964939613,0,3328936958,
mcs70_b09_s70.A09,mcs70_b09_s70.B09,dal_rl,34,72,5385015454,1000.02,1,70,1488265001,258.6,3677819808,3677819808,0,3187995882,
mcs70_b09_s80.A00,mcs70_b09_s80.B00,dal_rl,36,78,6095903539,1000.01,1,80,118172843,18.2822,4249241163,4249241163,0,3466625516,
mcs70_b09_s80.A01,mcs70_b09_s80.B01,dal_rl,36,83,6113385484,1000.02,1,80,2659232129,433.13,4136971467,4136971467,0,3470732916,
mcs70_b09_s80.A02,mcs70_b09_s80.B02,dal_rl,37,66,5829725510,1000.02,1,80,4313999436,726.883,4022264838,4022264838,0,3314073942,
mcs70_b09_s80.A03,mcs70_b09_s80.B03,dal_rl,37,88,5988857556,1000.01,1,80,5835171940,973.23,4146819238,4146819238,0,3619570380,
mcs70_b09_s80.A04,mcs70_b09_s80.B04,dal_rl,37,77,5824442455,1000.01,1,80,1428608579,232.503,3878004083,3878004083,0,3310262587,
mcs70_b09_s80.A05,mcs70_b09_s80.B05,dal_rl,36,81,4613794140,1000.02,1,80,15552578,2.95767,3127821650,3127821650,0,2584671084,
mcs70_b09_s80.A06,mcs70_b09_s80.B06,dal_rl,37,88,4335110955,1000.02,1,80,2710044690,614.168,3119218770,3119218770,0,2629335702,
mcs70_b09_s80.A07,mcs70_b09_s80.B07,dal_rl,35,64,5035259636,1000.01,1,80,2050300863,394.22,3521848620,3521848620,0,2939986351,
mcs70_b09_s80.A08,mcs70_b09_s80.B08,dal_rl,40,84,5024677239,1000.02,1,80,342232325,62.169,3371362213,3371362213,0,2802633559,
mcs70_b09_s80.A09,mcs70_b09_s80.B09,dal_rl,41,103,4972052524,1000.02,1,80,1839328521,356.773,3503807362,3503807362,0,2991691648,
mcs70_b09_s90.A00,mcs70_b09_s90.B00,dal_rl,48,105,4704226499,1000.02,1,90,2039623,0.424378,3140572663,3140572663,0,2684315788,
mcs70_b09_s90.A01,mcs70_b09_s90.B01,dal_rl,40,82,5775655201,1000.02,1,90,170421596,27.8492,3979167390,3979167390,0,3333821379,
mcs70_b09_s90.A02,mcs70_b09_s90.B02,dal_rl,57,163,4086465662,1000.01,1,90,3644551266,889.18,2452001526,2452001526,0,1962205587,
mcs70_b09_s90.A03,mcs70_b09_s90.B03,dal_rl,39,80,5907521939,1000.02,1,90,167925381,26.9842,3983453534,3983453534,0,3254565956,
mcs70_b09_s90.A04,mcs70_b09_s90.B04,dal_rl,42,98,5666514941,1000.02,1,90,1632966006,271.92,3853725165,3853725165,0,3183462611,
mcs70_b09_s90.A05,mcs70_b09_s90.B05,dal_rl,41,94,5692807831,1000.01,1,90,279383350,46.4932,3745063631,3745063631,0,3063833015,
mcs70_b09_s90.A06,mcs70_b09_s90.B06,dal_rl,52,142,2192641007,1000.02,1,90,12413844,5.02294,1338962352,1338962352,0,1084923464,
mcs70_b09_s90.A07,mcs70_b09_s90.B07,dal_rl,39,78,3189723429,1000.01,1,90,416604264,121.033,2289174201,2289174201,0,1923307206,
mcs70_b09_s90.A08,mcs70_b09_s90.B08,dal_rl,41,98,4558447185,1000.03,1,90,10995290,1.87294,3045517299,3045517299,0,2494947491,
mcs70_b09_s90.A09,mcs70_b09_s90.B09,dal_rl,40,86,4555024308,1000.01,1,90,417009015,81.7128,3255544810,3255544810,0,2684196301,
mcs70_b09m_s100.A00,mcs70_b09m_s100.B00,dal_rl,43,81,5164473837,1000.02,1,100,872945003,171.99,3257753271,3257753271,0,2586062634,
mcs70_b09m_s100.A01,mcs70_b09m_s100.B01,dal_rl,46,96,2778493538,1000.02,1,100,441191523,154.649,1775066276,1775066276,0,1434898398,
mcs70_b09m_s100.A02,mcs70_b09m_s100.B02,dal_rl,42,80,5952732556,1000.01,1,100,36750910,6.05869,3936099608,3936099608,0,3067214863,
mcs70_b09m_s100.A03,mcs70_b09m_s100.B03,dal_rl,42,74,4993105511,1000.02,1,100,127562672,24.6025,3267900752,3267900752,0,2659667047,
mcs70_b09m_s100.A04,mcs70_b09m_s100.B04,dal_rl,44,89,6054322396,1000.01,1,100,3358167360,546.354,3845853537,3845853537,0,3081785171,
mcs70_b09m_s100.A05,mcs70_b09m_s100.B05,dal_rl,44,102,5319138608,1000.02,1,100,1824941162,313.764,3402921125,3402921125,0,2700807834,
mcs70_b09m_s100.A06,mcs70_b09m_s100.B06,dal_rl,45,91,5708916644,1000.02,1,100,3875256016,679.607,3739162924,3739162924,0,3034246681,
mcs70_b09m_s100.A07,mcs70_b09m_s100.B07,dal_rl,43,69,5887092934,1000.02,1,100,3359194440,542.739,3998013613,3998013613,0,3176358947,
mcs70_b09m_s100.A08,mcs70_b09m_s100.B08,dal_rl,45,93,5781566191,1000.02,1,100,17192716,2.61793,3800061542,3800061542,0,3017157911,
mcs70_b09m_s100.A09,mcs70_b09m_s100.B09,dal_rl,44,81,5352745667,1000.02,1,100,1276020074,224.723,3419182046,3419182046,0,2786416306,
mcs70_b09m_s15.A00,mcs70_b09m_s15.B00,dal_rl,10,23,2578,0.000479986,0,15,284,5.943e-05,1784,1784,0,1463,
mcs70_b09m_s15.A01,mcs70_b09m_s15.B01,dal_rl,10,23,3000,0.000526043,0,15,427,7.8728e-05,2125,2125,0,1821,
mcs70_b09m_s15.A02,mcs70_b09m_s15.B02,dal_rl,10,25,6521,0.00103051,0,15,3381,0.00049095,4315,4315,0,3441,
mcs70_b09m_s15.A03,mcs70_b09m_s15.B03,dal_rl,11,37,1866,0.00036371,0,15,421,8.0853e-05,1314,1314,0,1073,
mcs70_b09m_s15.A04,mcs70_b09m_s15.B04,dal_rl,11,31,2619,0.000443288,0,15,1892,0.000296227,1796,1796,0,1362,
mcs70_b09m_s15.A05,mcs70_b09m_s15.B05,dal_rl,10,26,3916,0.000607685,0,15,124,2.5409e-05,2680,2680,0,2086,
mcs70_b09m_s15.A06,mcs70_b09m_s15.B06,dal_rl,10,27,4690,0.000785825,0,15,632,9.972e-05,3154,3154,0,2505,
mcs70_b09m_s15.A07,mcs70_b09m_s15.B07,dal_rl,10,28,6429,0.00109558,0,15,1484,0.000253904,4241,4241,0,3467,
mcs70_b09m_s15.A08,mcs70_b09m_s15.B08,dal_rl,11,27,3809,0.000582789,0,15,3634,0.000529948,2601,2601,0,2102,
mcs70_b09m_s15.A09,mcs70_b09m_s15.B09,dal_rl,10,29,3814,0.000659163,0,15,122,2.615e-05,2695,2695,0,2334,
mcs70_b09m_s20.A00,mcs70_b09m_s20.B00,dal_rl,15,45,34433,0.00655978,0,20,28168,0.00517785,22100,22100,0,18652,
mcs70_b09m_s20.A01,mcs70_b09m_s20.B01,dal_rl,14,33,39065,0.00798109,0,20,11520,0.00195796,26167,26167,0,22424,
mcs70_b09m_s20.A02,mcs70_b09m_s20.B02,dal_rl,14,41,26445,0.00538343,0,20,17431,0.00348916,17332,17332,0,14650,
mcs70_b09m_s20.A03,mcs70_b09m_s20.B03,dal_rl,14,35,46697,0.00863237,0,20,43727,0.00800434,30950,30950,0,25204,
mcs70_b09m_s20.A04,mcs70_b09m_s20.B04,dal_rl,14,42,49259,0.0094025,0,20,39828,0.00742126,31345,31345,0,26408,
mcs70_b09m_s20.A05,mcs70_b09m_s20.B05,dal_rl,14,45,28610,0.00598032,0,20,13717,0.00277865,18957,18957,0,16040,
mcs70_b09m_s20.A06,mcs70_b09m_s20.B06,dal_rl,14,45,80409,0.0150975,0,20,68717,0.0126146,51372,51372,0,42985,
mcs70_b09m_s20.A07,mcs70_b09m_s20.B07,dal_rl,14,39,52852,0.0101217,0,20,41931,0.00780731,34610,34610,0,29595,
mcs70_b09m_s20.A08,mcs70_b09m_s20.B08,dal_rl,14,36,29831,0.00618443,0,20,18163,0.00331492,19821,19821,0,16617,
mcs70_b09m_s20.A09,mcs70_b09m_s20.B09,dal_rl,14,44,36206,0.00933219,0,20,23192,0.00553357,24237,24237,0,19749,
mcs70_b09m_s25.A00,mcs70_b09m_s25.B00,dal_rl,16,39,1167413,0.226516,0,25,1012168,0.192302,758293,758293,0,639963,
mcs70_b09m_s25.A01,mcs70_b09m_s25.B01,dal_rl,17,57,992990,0.194021,0,25,888708,0.17005,611558,611558,0,527886,
mcs70_b09m_s25.A02,mcs70_b09m_s25.B02,dal_rl,17,53,319496,0.0679522,0,25,196742,0.0394297,209882,209882,0,182832,
mcs70_b09m_s25.A03,mcs70_b09m_s25.B03,dal_rl,16,43,449497,0.0911189,0,25,306561,0.0590453,305562,305562,0,261075,
mcs70_b09m_s25.A04,mcs70_b09m_s25.B04,dal_rl,16,44,497003,0.100196,0,25,173578,0.030939,318813,318813,0,275200,
mcs70_b09m_s25.A05,mcs70_b09m_s25.B05,dal_rl,16,41,385619,0.082491,0,25,121317,0.0231548,253522,253522,0,222099,
mcs70_b09m_s25.A06,mcs70_b09m_s25.B06,dal_rl,16,37,355650,0.075508,0,25,34919,0.00627841,239215,239215,0,209211,
mcs70_b09m_s25.A07,mcs70_b09m_s25.B07,dal_rl,16,44,410226,0.0882714,0,25,101191,0.0190944,270956,270956,0,238436,
mcs70_b09m_s25.A08,mcs70_b09m_s25.B08,dal_rl,17,53,379336,0.073651,0,25,281607,0.0512275,244771,244771,0,209376,
mcs70_b09m_s25.A09,mcs70_b09m_s25.B09,dal_rl,16,45,819353,0.16114,0,25,537700,0.100289,524058,524058,0,452534,
mcs70_b09m_s30.A00,mcs70_b09m_s30.B00,dal_rl,21,70,5633763,1.1011,0,30,5349253,1.03319,3525461,3525461,0,3040376,
mcs70_b09m_s30.A01,mcs70_b09m_s30.B01,dal_rl,20,51,1096133,0.248753,0,30,208731,0.0388908,727182,727182,0,643573,
mcs70_b09m_s30.A02,mcs70_b09m_s30.B02,dal_rl,21,58,12814323,2.43412,0,30,12477005,2.35313,7997879,7997879,0,6764987,
mcs70_b09m_s30.A03,mcs70_b09m_s30.B03,dal_rl,21,66,1323832,0.293205,0,30,1047467,0.22698,858018,858018,0,764587,
mcs70_b09m_s30.A04,mcs70_b09m_s30.B04,dal_rl,21,64,2123635,0.544161,0,30,1791290,0.440463,1347302,1347302,0,1155423,
mcs70_b09m_s30.A05,mcs70_b09m_s30.B05,dal_rl,20,70,7757339,1.57558,0,30,7018611,1.39443,4832706,4832706,0,4167097,
mcs70_b09m_s30.A06,mcs70_b09m_s30.B06,dal_rl,20,56,14104653,2.70773,0,30,13578363,2.58044,9091198,9091198,0,7701486,
mcs70_b09m_s30.A07,mcs70_b09m_s30.B07,dal_rl,20,58,7216309,1.39342,0,30,6761630,1.29053,4763791,4763791,0,4092963,
mcs70_b09m_s30.A08,mcs70_b09m_s30.B08,dal_rl,20,62,982600,0.21866,0,30,403264,0.0775098,648987,648987,0,573140,
mcs70_b09m_s30.A09,mcs70_b09m_s30.B09,dal_rl,20,64,2812846,0.580389,0,30,2039962,0.398884,1781075,1781075,0,1548375,
mcs70_b09m_s35.A00,mcs70_b09m_s35.B00,dal_rl,24,78,121196497,22.5449,0,35,120193966,22.3014,77013481,77013481,0,65266379,
mcs70_b09m_s35.A01,mcs70_b09m_s35.B01,dal_rl,24,75,63545125,12.6148,0,35,61640094,12.1606,40243174,40243174,0,34569266,
mcs70_b09m_s35.A02,mcs70_b09m_s35.B02,dal_rl,24,74,34150742,6.33911,0,35,32209318,5.86841,21659710,21659710,0,18345102,
mcs70_b09m_s35.A03,mcs70_b09m_s35.B03,dal_rl,24,78,85798972,16.6163,0,35,84307066,16.2502,53958256,53958256,0,46059056,
mcs70_b09m_s35.A04,mcs70_b09m_s35.B04,dal_rl,24,70,138446137,33.5067,0,35,136350064,32.8778,86863837,86863837,0,73444423,
mcs70_b09m_s35.A05,mcs70_b09m_s35.B05,dal_rl,24,85,47361370,9.08744,0,35,45282376,8.55633,29513444,29513444,0,24970387,
mcs70_b09m_s35.A06,mcs70_b09m_s35.B06,dal_rl,24,70,100348436,19.9111,0,35,98426326,19.4283,63728721,63728721,0,55556474,
mcs70_b09m_s35.A07,mcs70_b09m_s35.B07,dal_rl,24,74,39121048,7.44464,0,35,37157369,6.97616,25233753,25233753,0,21196946,
mcs70_b09m_s35.A08,mcs70_b09m_s35.B08,dal_rl,24,89,43007760,8.47264,0,35,41540599,8.11551,27282623,27282623,0,23519496,
mcs70_b09m_s35.A09,mcs70_b09m_s35.B09,dal_rl,24,71,40684536,8.10163,0,35,38994864,7.69713,26233099,26233099,0,22854347,
mcs70_b09m_s40.A00,mcs70_b09m_s40.B00,dal_rl,28,91,335145818,67.1157,0,40,331475015,66.1933,215398424,215398424,0,185904763,
mcs70_b09m_s40.A01,mcs70_b09m_s40.B01,dal_rl,28,74,666456017,128.676,0,40,660265241,127.188,425593340,425593340,0,364676360,
mcs70_b09m_s40.A02,mcs70_b09m_s40.B02,dal_rl,28,82,467094394,94.4942,0,40,461512119,93.1357,304202073,304202073,0,264948748,
mcs70_b09m_s40.A03,mcs70_b09m_s40.B03,dal_rl,28,78,13265434,2.72449,0,40,8516428,1.58012,8655034,8655034,0,7412410,
mcs70_b09m_s40.A04,mcs70_b09m_s40.B04,dal_rl,28,100,1323701543,253.065,0,40,1319628152,252.071,846275594,846275594,0,717087551,
mcs70_b09m_s40.A05,mcs70_b09m_s40.B05,dal_rl,28,88,324226970,63.3302,0,40,319056622,62.0636,208754285,208754285,0,177932171,
mcs70_b09m_s40.A06,mcs70_b09m_s40.B06,dal_rl,28,81,195639720,41.4761,0,40,188850298,39.777,126083746,126083746,0,111426678,
mcs70_b09m_s40.A07,mcs70_b09m_s40.B07,dal_rl,28,81,55071901,10.7859,0,40,48703458,9.23956,35984725,35984725,0,31227973,
mcs70_b09m_s40.A08,mcs70_b09m_s40.B08,dal_rl,28,85,335970725,66.6503,0,40,332955135,65.8806,217094875,217094875,0,181977258,
mcs70_b09m_s40.A09,mcs70_b09m_s40.B09,dal_rl,28,95,321577311,62.9835,0,40,316522629,61.6883,205302570,205302570,0,174888320,
mcs70_b09m_s50.A00,mcs70_b09m_s50.B00,dal_rl,28,71,5067331639,1000.01,1,50,4634172901,903.955,3419894075,3419894075,0,2857696857,
mcs70_b09m_s50.A01,mcs70_b09m_s50.B01,dal_rl,25,52,5822265056,1000.02,1,50,5263066369,898.854,3815098721,3815098721,0,3163968777,
mcs70_b09m_s50.A02,mcs70_b09m_s50.B02,dal_rl,25,56,5475834796,1000.02,1,50,354783747,63.0075,3664541535,3664541535,0,3056767157,
mcs70_b09m_s50.A03,mcs70_b09m_s50.B03,dal_rl,24,42,5648597333,1000.02,1,50,76809318,12.8643,3721792205,3721792205,0,3110607252,
mcs70_b09m_s50.A04,mcs70_b09m_s50.B04,dal_rl,24,53,5476047087,1000.01,1,50,608447342,106.097,3506141908,3506141908,0,2935221388,
mcs70_b09m_s50.A05,mcs70_b09m_s50.B05,dal_rl,26,61,5529805916,1000.02,1,50,4469609432,793.856,3578989967,3578989967,0,2984124687,
mcs70_b09m_s50.A06,mcs70_b09m_s50.B06,dal_rl,24,58,5604832753,1000.02,1,50,81363827,13.2668,3675123254,3675123254,0,3039836218,
mcs70_b09m_s50.A07,mcs70_b09m_s50.B07,dal_rl,25,60,5391371057,1000.01,1,50,2612984167,468.967,3580868445,3580868445,0,2970088739,
mcs70_b09m_s50.A08,mcs70_b09m_s50.B08,dal_rl,28,60,5284534152,1000.02,1,50,4500264548,832.037,3430096589,3430096589,0,2904503705,
mcs70_b09m_s50.A09,mcs70_b09m_s50.B09,dal_rl,34,112,4205127567,814.863,0,50,4143113128,799.853,2831214636,2831214636,0,2435758593,
mcs70_b09m_s60.A00,mcs70_b09m_s60.B00,dal_rl,28,70,5553416178,1000.02,1,60,1601607331,270.775,3708493069,3708493069,0,3004005042,
mcs70_b09m_s60.A01,mcs70_b09m_s60.B01,dal_rl,28,64,5511626188,1000.01,1,60,5177371039,938.876,3471759749,3471759749,0,2867783919,
mcs70_b09m_s60.A02,mcs70_b09m_s60.B02,dal_rl,30,76,5503763003,1000.02,1,60,1783077430,316.152,3680733310,3680733310,0,3105952622,
mcs70_b09m_s60.A03,mcs70_b09m_s60.B03,dal_rl,28,57,5581213279,1000.02,1,60,986949015,169.358,3613789420,3613789420,0,3042231890,
mcs70_b09m_s60.A04,mcs70_b09m_s60.B04,dal_rl,29,58,5891608452,1000.02,1,60,3657601129,604.544,3893565350,3893565350,0,3216869429,
mcs70_b09m_s60.A05,mcs70_b09m_s60.B05,dal_rl,28,59,5695911418,1000.02,1,60,52775712,9.35657,3779359243,3779359243,0,3155902709,
mcs70_b09m_s60.A06,mcs70_b09m_s60.B06,dal_rl,28,58,5909658859,1000.02,1,60,1761822445,296.367,3895075472,3895075472,0,3184819107,
mcs70_b09m_s60.A07,mcs70_b09m_s60.B07,dal_rl,28,53,4352864931,1000.01,1,60,3592940,0.88386,2803071333,2803071333,0,2324926318,
mcs70_b09m_s60.A08,mcs70_b09m_s60.B08,dal_rl,28,60,4780445752,1000.01,1,60,12533016,2.32435,3148093331,3148093331,0,2564568928,
mcs70_b09m_s60.A09,mcs70_b09m_s60.B09,dal_rl,28,54,4600492847,1000.02,1,60,2063076910,428.007,2973398216,2973398216,0,2531925682,
mcs70_b09m_s70.A00,mcs70_b09m_s70.B00,dal_rl,33,81,5778486914,1000.02,1,70,3973581322,653.409,3825739220,3825739220,0,3109071984,
mcs70_b09m_s70.A01,mcs70_b09m_s70.B01,dal_rl,32,60,5861117743,1000.02,1,70,5767921798,983.335,3896338585,3896338585,0,3171359098,
mcs70_b09m_s70.A02,mcs70_b09m_s70.B02,dal_rl,33,74,5684113676,1000.01,1,70,1486740615,255.691,3772901816,3772901816,0,3126381906,
mcs70_b09m_s70.A03,mcs70_b09m_s70.B03,dal_rl,31,73,5832182419,1000.02,1,70,82841847,13.7938,3882441039,3882441039,0,3207322126,
mcs70_b09m_s70.A04,mcs70_b09m_s70.B04,dal_rl,32,70,5481289039,1000.02,1,70,296509182,60.2102,3656340376,3656340376,0,2931242854,
mcs70_b09m_s70.A05,mcs70_b09m_s70.B05,dal_rl,32,70,5338075701,1000.02,1,70,422554349,77.7815,3572335768,3572335768,0,2901797297,
mcs70_b09m_s70.A06,mcs70_b09m_s70.B06,dal_rl,33,64,5525874320,1000.01,1,70,1897813321,333.35,3618728726,3618728726,0,2982032529,
mcs70_b09m_s70.A07,mcs70_b09m_s70.B07,dal_rl,33,74,5519938230,1000.02,1,70,4561208178,822.978,3558863174,3558863174,0,2894953957,
mcs70_b09m_s70.A08,mcs70_b09m_s70.B08,dal_rl,33,72,5685105164,1000.02,1,70,296998883,48.3377,3809101775,3809101775,0,3127185197,
mcs70_b09m_s70.A09,mcs70_b09m_s70.B09,dal_rl,32,68,5968309139,1000.01,1,70,2057574180,335.388,3930555323,3930555323,0,3177556877,
mcs70_b09m_s80.A00,mcs70_b09m_s80.B00,dal_rl,35,70,5748268259,1000,1,80,1148953196,199.681,3654951129,3654951129,0,3027436584,
mcs70_b09m_s80.A01,mcs70_b09m_s80.B01,dal_rl,34,60,5535391690,1000.02,1,80,4332535523,789.38,3593683605,3593683605,0,2919006233,
mcs70_b09m_s80.A02,mcs70_b09m_s80.B02,dal_rl,36,75,5631693332,1000.02,1,80,2962494363,503.711,3619676289,3619676289,0,2909867169,
mcs70_b09m_s80.A03,mcs70_b09m_s80.B03,dal_rl,36,65,5686539012,1000.02,1,80,2553157696,445.413,3754250474,3754250474,0,3194212277,
mcs70_b09m_s80.A04,mcs70_b09m_s80.B04,dal_rl,35,71,5510256823,1000.01,1,80,8481669,1.26305,3607452957,3607452957,0,2815738023,
mcs70_b09m_s80.A05,mcs70_b09m_s80.B05,dal_rl,35,71,5467570085,1000.02,1,80,26982981,5.12504,3727577585,3727577585,0,3011568234,
mcs70_b09m_s80.A06,mcs70_b09m_s80.B06,dal_rl,37,66,5132078854,1000.01,1,80,4422430431,872.05,3450106432,3450106432,0,2824835802,
mcs70_b09m_s80.A07,mcs70_b09m_s80.B07,dal_rl,35,68,5599564757,1000.01,1,80,654239349,113.272,3598029534,3598029534,0,2893601201,
mcs70_b09m_s80.A08,mcs70_b09m_s80.B08,dal_rl,35,73,6394535887,1000.02,1,80,31945495,4.79065,4546024211,4546024211,0,3644405607,
mcs70_b09m_s80.A09,mcs70_b09m_s80.B09,dal_rl,37,74,6065614483,1000.01,1,80,3945701097,644.926,3990683005,3990683005,0,3211491199,
mcs70_b09m_s90.A00,mcs70_b09m_s90.B00,dal_rl,39,79,5285408652,1000.02,1,90,954989411,168.293,3303351378,3303351378,0,2719093149,
mcs70_b09m_s90.A01,mcs70_b09m_s90.B01,dal_rl,39,79,5719473866,1000.02,1,90,54489481,8.83837,3631835709,3631835709,0,3029509870,
mcs70_b09m_s90.A02,mcs70_b09m_s90.B02,dal_rl,38,71,6504973036,1000.02,1,90,38532380,5.62091,4377788574,4377788574,0,3518689849,
mcs70_b09m_s90.A03,mcs70_b09m_s90.B03,dal_rl,40,86,5756867563,1000.02,1,90,2216880838,382.748,3836809039,3836809039,0,3139285058,
mcs70_b09m_s90.A04,mcs70_b09m_s90.B04,dal_rl,40,98,5727450742,1000.02,1,90,197060590,32.1233,3845261148,3845261148,0,3156406000,
mcs70_b09m_s90.A05,mcs70_b09m_s90.B05,dal_rl,42,88,5442040613,1000.01,1,90,306895983,52.2631,3741303243,3741303243,0,3016032205,
mcs70_b09m_s90.A06,mcs70_b09m_s90.B06,dal_rl,39,70,6018280916,1000.02,1,90,4505046028,744.132,3902771347,3902771347,0,3088637371,
mcs70_b09m_s90.A07,mcs70_b09m_s90.B07,dal_rl,40,88,5552549680,1000.02,1,90,1302699374,210.06,3675791844,3675791844,0,3064510245,
mcs70_b09m_s90.A08,mcs70_b09m_s90.B08,dal_rl,39,86,5937110463,1000.02,1,90,1517963538,242.395,3815570363,3815570363,0,3062702736,
mcs70_b09m_s90.A09,mcs70_b09m_s90.B09,dal_rl,39,64,5607458524,1000.02,1,90,13887875,2.80594,3656103653,3656103653,0,2912880538,
mcs70_m2D_s100.A00,mcs70_m2D_s100.B00,dal_rl,68,85,7080705085,1000.02,1,100,624455041,83.2735,5091855295,5091855295,0,3612348509,
mcs70_m2D_s100.A01,mcs70_m2D_s100.B01,dal_rl,63,86,14315642359,1000.02,1,100,1580949075,90.5178,12180731761,12180731761,0,10045821213,
mcs70_m2D_s100.A02,mcs70_m2D_s100.B02,dal_rl,66,88,3793814016,1000.01,1,100,1676259350,435.777,2607156643,2607156643,0,1883361887,
mcs70_m2D_s100.A03,mcs70_m2D_s100.B03,dal_rl,67,83,6512931159,1000.01,1,100,2553018303,383.065,4654738453,4654738453,0,3373225419,
mcs70_m2D_s100.A04,mcs70_m2D_s100.B04,dal_rl,65,80,12923621717,1000.02,1,100,11674742085,834.726,10484158379,10484158379,0,8336585020,
mcs70_m2D_s100.A05,mcs70_m2D_s100.B05,dal_rl,68,83,6805371858,1000.02,1,100,1477914213,205.526,4914262608,4914262608,0,3403481185,
mcs70_m2D_s100.A06,mcs70_m2D_s100.B06,dal_rl,68,83,7059199244,1000.02,1,100,1685071681,172.537,4811199898,4811199898,0,3378864979,
mcs70_m2D_s100.A07,mcs70_m2D_s100.B07,dal_rl,65,79,6882381704,1000.02,1,100,558408844,77.2049,4860315224,4860315224,0,3377414144,
mcs70_m2D_s100.A08,mcs70_m2D_s100.B08,dal_rl,67,88,6815409084,1000.02,1,100,4555706568,631.377,4932388734,4932388734,0,3675108523,
mcs70_m2D_s100.A09,mcs70_m2D_s100.B09,dal_rl,63,80,9179187585,1000.01,1,100,329066094,24.5743,7609628903,7609628903,0,6147657033,
mcs70_m2D_s15.A00,mcs70_m2D_s15.B00,dal_rl,12,11,1988,0.000285519,0,15,740,0.000104567,1255,1255,0,819,
mcs70_m2D_s15.A01,mcs70_m2D_s15.B01,dal_rl,12,14,5075,0.000666033,0,15,4541,0.000568987,3411,3411,0,2309,
mcs70_m2D_s15.A02,mcs70_m2D_s15.B02,dal_rl,12,12,3698,0.00046531,0,15,2508,0.000300712,2462,2462,0,1614,
mcs70_m2D_s15.A03,mcs70_m2D_s15.B03,dal_rl,12,15,1250,0.000210978,0,15,473,7.382e-05,835,835,0,612,
mcs70_m2D_s15.A04,mcs70_m2D_s15.B04,dal_rl,12,14,2545,0.000345551,0,15,1722,0.000221334,1640,1640,0,1131,
mcs70_m2D_s15.A05,mcs70_m2D_s15.B05,dal_rl,12,15,5116,0.000666502,0,15,4245,0.000518528,3307,3307,0,2221,
mcs70_m2D_s15.A06,mcs70_m2D_s15.B06,dal_rl,11,13,4742,0.000597212,0,15,1196,0.000156136,3081,3081,0,2113,
mcs70_m2D_s15.A07,mcs70_m2D_s15.B07,dal_rl,11,12,5657,0.000736964,0,15,243,4.012e-05,3740,3740,0,2645,
mcs70_m2D_s15.A08,mcs70_m2D_s15.B08,dal_rl,12,16,4298,0.000554377,0,15,3885,0.000466223,2906,2906,0,2015,
mcs70_m2D_s15.A09,mcs70_m2D_s15.B09,dal_rl,12,14,2591,0.000412853,0,15,2111,0.000310959,1705,1705,0,1184,
mcs70_m2D_s25.A00,mcs70_m2D_s25.B00,dal_rl,19,21,665702,0.0828096,0,25,486719,0.0590683,440263,440263,0,295394,
mcs70_m2D_s25.A01,mcs70_m2D_s25.B01,dal_rl,20,21,154152,0.0239028,0,25,103700,0.0156545,100018,100018,0,67269,
mcs70_m2D_s25.A02,mcs70_m2D_s25.B02,dal_rl,19,27,460284,0.0610155,0,25,197520,0.0252534,295214,295214,0,195600,
mcs70_m2D_s25.A03,mcs70_m2D_s25.B03,dal_rl,19,28,711819,0.0907351,0,25,585645,0.0737299,467517,467517,0,303982,
mcs70_m2D_s25.A04,mcs70_m2D_s25.B04,dal_rl,19,27,414525,0.0545847,0,25,285116,0.0366468,281320,281320,0,203904,
mcs70_m2D_s25.A05,mcs70_m2D_s25.B05,dal_rl,19,21,411994,0.0520052,0,25,13373,0.00165109,265574,265574,0,176571,
mcs70_m2D_s25.A06,mcs70_m2D_s25.B06,dal_rl,19,24,719047,0.0937516,0,25,248935,0.0309651,461496,461496,0,321233,
mcs70_m2D_s25.A07,mcs70_m2D_s25.B07,dal_rl,19,22,684508,0.0918893,0,25,507216,0.0671935,458892,458892,0,319254,
mcs70_m2D_s25.A08,mcs70_m2D_s25.B08,dal_rl,19,27,449620,0.0585886,0,25,139714,0.0174148,293096,293096,0,198827,
mcs70_m2D_s25.A09,mcs70_m2D_s25.B09,dal_rl,19,25,408844,0.0596211,0,25,62054,0.00752247,271210,271210,0,193881,
mcs70_m2D_s35.A00,mcs70_m2D_s35.B00,dal_rl,28,37,6332656,0.877281,0,35,4437592,0.599736,4279370,4279370,0,2970793,
mcs70_m2D_s35.A01,mcs70_m2D_s35.B01,dal_rl,27,36,62285785,8.36554,0,35,55153422,7.37364,40952005,40952005,0,27216858,
mcs70_m2D_s35.A02,mcs70_m2D_s35.B02,dal_rl,27,36,17675776,2.35247,0,35,9423702,1.18442,11893951,11893951,0,8173866,
mcs70_m2D_s35.A03,mcs70_m2D_s35.B03,dal_rl,27,37,50661729,6.78834,0,35,33289498,4.39592,33529686,33529686,0,23036994,
mcs70_m2D_s35.A04,mcs70_m2D_s35.B04,dal_rl,27,39,17423103,2.33083,0,35,9869190,1.28479,11342246,11342246,0,7422887,
mcs70_m2D_s35.A05,mcs70_m2D_s35.B05,dal_rl,28,35,17840322,2.42759,0,35,14988161,2.01387,11306844,11306844,0,7220291,
mcs70_m2D_s35.A06,mcs70_m2D_s35.B06,dal_rl,26,34,145594807,19.3393,0,35,3000721,0.367547,94438287,94438287,0,61780172,
mcs70_m2D_s35.A07,mcs70_m2D_s35.B07,dal_rl,27,40,31575066,4.30699,0,35,20024679,2.67685,20481306,20481306,0,13659840,
mcs70_m2D_s35.A08,mcs70_m2D_s35.B08,dal_rl,28,39,17111354,2.38924,0,35,14316456,1.97938,10960466,10960466,0,7244569,
mcs70_m2D_s35.A09,mcs70_m2D_s35.B09,dal_rl,27,33,26978616,3.77008,0,35,12261727,1.67585,17732238,17732238,0,12168575,
mcs70_m2D_s40.A00,mcs70_m2D_s40.B00,dal_rl,30,38,587231470,81.2964,0,40,262359773,35.3023,402544074,402544074,0,279114524,
mcs70_m2D_s40.A01,mcs70_m2D_s40.B01,dal_rl,30,41,1944166695,264.583,0,40,1763384870,238.437,1308576807,1308576807,0,881073701,
mcs70_m2D_s40.A02,mcs70_m2D_s40.B02,dal_rl,30,41,494098413,70.4019,0,40,198047098,27.1351,326805141,326805141,0,219075673,
mcs70_m2D_s40.A03,mcs70_m2D_s40.B03,dal_rl,30,36,1068587191,144.184,0,40,972042921,130.685,726480590,726480590,0,497266888,
mcs70_m2D_s40.A04,mcs70_m2D_s40.B04,dal_rl,30,36,374151099,51.903,0,40,35008684,4.51485,249326030,249326030,0,169168428,
mcs70_m2D_s40.A05,mcs70_m2D_s40.B05,dal_rl,30,38,239741689,33.7481,0,40,418622,0.0561081,160404016,160404016,0,109870480,
mcs70_m2D_s40.A06,mcs70_m2D_s40.B06,dal_rl,30,38,1517390555,210.388,0,40,859417067,116.836,1014916337,1014916337,0,713274350,
mcs70_m2D_s40.A07,mcs70_m2D_s40.B07,dal_rl,30,30,353588057,50.608,0,40,19185275,2.4803,238455831,238455831,0,166063958,
mcs70_m2D_s40.A08,mcs70_m2D_s40.B08,dal_rl,30,37,428961647,61.2181,0,40,177530837,24.8678,287287393,287287393,0,198067615,
mcs70_m2D_s40.A09,mcs70_m2D_s40.B09,dal_rl,31,41,325284745,42.7666,0,40,271763463,35.1878,216190543,216190543,0,146702051,
mcs70_m2D_s50.A00,mcs70_m2D_s50.B00,dal_rl,37,46,7056150878,1000.02,1,50,792898699,107.635,4722988666,4722988666,0,3124793527,
mcs70_m2D_s50.A01,mcs70_m2D_s50.B01,dal_rl,36,41,7544825081,1000.02,1,50,7387194977,979.454,5015378860,5015378860,0,3322770232,
mcs70_m2D_s50.A02,mcs70_m2D_s50.B02,dal_rl,37,44,6891254829,1000.02,1,50,230375170,32.3783,4586093608,4586093608,0,3161799679,
mcs70_m2D_s50.A03,mcs70_m2D_s50.B03,dal_rl,38,52,7158984686,1000.02,1,50,5785636791,797.878,4836260981,4836260981,0,3296428086,
mcs70_m2D_s50.A04,mcs70_m2D_s50.B04,dal_rl,37,49,6927867163,1000.02,1,50,2874922742,398.268,4700952823,4700952823,0,3330608982,
mcs70_m2D_s50.A05,mcs70_m2D_s50.B05,dal_rl,37,40,6849622900,1000.02,1,50,1499727,0.191807,4672450310,4672450310,0,3252176728,
mcs70_m2D_s50.A06,mcs70_m2D_s50.B06,dal_rl,40,53,1291826267,189.683,0,50,1043941720,149.792,877434187,877434187,0,613292588,
mcs70_m2D_s50.A07,mcs70_m2D_s50.B07,dal_rl,39,54,5905687294,898.66,0,50,4166817763,627.655,3974242596,3974242596,0,2797122429,
mcs70_m2D_s50.A08,mcs70_m2D_s50.B08,dal_rl,38,51,6853819490,1000.02,1,50,1589894395,220.66,4608296384,4608296384,0,3163573454,
mcs70_m2D_s50.A09,mcs70_m2D_s50.B09,dal_rl,38,47,6865238303,1000.02,1,50,1172883946,158.902,4636696380,4636696380,0,3113151093,
mcs70_m2D_s60.A00,mcs70_m2D_s60.B00,dal_rl,43,54,7008977366,1000.01,1,60,3567584129,501.533,4794970631,4794970631,0,3274362192,
mcs70_m2D_s60.A01,mcs70_m2D_s60.B01,dal_rl,42,46,7180761964,1000.02,1,60,1797512426,243.241,4979496762,4979496762,0,3374573446,
mcs70_m2D_s60.A02,mcs70_m2D_s60.B02,dal_rl,42,49,5912367587,1000.02,1,60,546107945,89.5777,4088293757,4088293757,0,2929038357,
mcs70_m2D_s60.A03,mcs70_m2D_s60.B03,dal_rl,43,52,6816018878,1000.01,1,60,813931479,115.218,4640816894,4640816894,0,3088337588,
mcs70_m2D_s60.A04,mcs70_m2D_s60.B04,dal_rl,42,51,7218662590,1000.02,1,60,509200009,68.158,5042236675,5042236675,0,3390859800,
mcs70_m2D_s60.A05,mcs70_m2D_s60.B05,dal_rl,43,50,7165239196,1000.01,1,60,4547995448,631.894,4951806286,4951806286,0,3387254922,
mcs70_m2D_s60.A06,mcs70_m2D_s60.B06,dal_rl,42,54,7289977235,1000.02,1,60,566311756,75.5079,5113835973,5113835973,0,3519821408,
mcs70_m2D_s60.A07,mcs70_m2D_s60.B07,dal_rl,42,52,6944576998,1000.02,1,60,1328429,0.178814,4881209074,4881209074,0,3453320055,
mcs70_m2D_s60.A08,mcs70_m2D_s60.B08,dal_rl,43,50,6812007287,1000.02,1,60,1682053477,237.805,4550372486,4550372486,0,3102282950,
mcs70_m2D_s60.A09,mcs70_m2D_s60.B09,dal_rl,42,55,7524604346,1000.02,1,60,6168790514,812.402,5178535241,5178535241,0,3462775014,
mcs70_m2D_s70.A00,mcs70_m2D_s70.B00,dal_rl,48,60,6672013858,1000.02,1,70,113818687,15.3352,4497408871,4497408871,0,3030192153,
mcs70_m2D_s70.A01,mcs70_m2D_s70.B01,dal_rl,47,62,7172355160,1000.02,1,70,1843240585,250.899,4880659561,4880659561,0,3311021103,
mcs70_m2D_s70.A02,mcs70_m2D_s70.B02,dal_rl,47,54,7126865674,1000.02,1,70,55246986,7.0368,4953317334,4953317334,0,3398593729,
mcs70_m2D_s70.A03,mcs70_m2D_s70.B03,dal_rl,53,74,6103149516,1000.02,1,70,7216,0.00106681,4134229361,4134229361,0,2839901408,
mcs70_m2D_s70.A04,mcs70_m2D_s70.B04,dal_rl,48,51,7272430303,1000.02,1,70,4669294709,633.089,5088043216,5088043216,0,3446130479,
mcs70_m2D_s70.A05,mcs70_m2D_s70.B05,dal_rl,48,61,6929378618,1000.02,1,70,4295748,0.548049,4826066409,4826066409,0,3369474015,
mcs70_m2D_s70.A06,mcs70_m2D_s70.B06,dal_rl,48,63,7105119379,1000.01,1,70,2319560974,317.201,4849775803,4849775803,0,3268419755,
mcs70_m2D_s70.A07,mcs70_m2D_s70.B07,dal_rl,50,61,6659633840,1000.01,1,70,24219025,3.2488,4478290056,4478290056,0,2998194907,
mcs70_m2D_s70.A08,mcs70_m2D_s70.B08,dal_rl,49,64,6907072467,1000.02,1,70,1938755425,270.742,4734171666,4734171666,0,3218574492,
mcs70_m2D_s70.A09,mcs70_m2D_s70.B09,dal_rl,49,57,6570759900,1000.02,1,70,81282256,11.8149,4522845043,4522845043,0,3089465528,
mcs70_m2D_s80.A00,mcs70_m2D_s80.B00,dal_rl,54,72,6790002869,1000.01,1,80,140058954,19.2514,4830999629,4830999629,0,3388629272,
mcs70_m2D_s80.A01,mcs70_m2D_s80.B01,dal_rl,52,69,7433768778,1000.01,1,80,343937306,45.0688,5447692398,5447692398,0,3892452689,
mcs70_m2D_s80.A02,mcs70_m2D_s80.B02,dal_rl,52,73,7063605346,1000.01,1,80,26776046,3.6192,5014816256,5014816256,0,3411499551,
mcs70_m2D_s80.A03,mcs70_m2D_s80.B03,dal_rl,56,71,6628576400,1000.02,1,80,4799963929,722.937,4535850536,4535850536,0,3142089623,
mcs70_m2D_s80.A04,mcs70_m2D_s80.B04,dal_rl,55,68,6126468274,1000.02,1,80,1906290842,297.724,4073342748,4073342748,0,2843788285,
mcs70_m2D_s80.A05,mcs70_m2D_s80.B05,dal_rl,56,73,6739935630,1000.02,1,80,1723167504,247.629,4691404221,4691404221,0,3393700265,
mcs70_m2D_s80.A06,mcs70_m2D_s80.B06,dal_rl,53,64,7576296302,1000.02,1,80,909060103,93.0925,5354550294,5354550294,0,3703862686,
mcs70_m2D_s80.A07,mcs70_m2D_s80.B07,dal_rl,54,72,7374609483,1000.02,1,80,3754973839,469.486,5181995637,5181995637,0,3406067489,
mcs70_m2D_s80.A08,mcs70_m2D_s80.B08,dal_rl,55,67,7118089933,1000.02,1,80,3676633161,507.122,5039794277,5039794277,0,3494251684,
mcs70_m2D_s80.A09,mcs70_m2D_s80.B09,dal_rl,55,74,6885892360,1000.01,1,80,288894934,34.5616,4853899242,4853899242,0,3528640602,
mcs70_m2D_s90.A00,mcs70_m2D_s90.B00,dal_rl,60,82,6998751037,1000.01,1,90,151559347,20.8691,4779856057,4779856057,0,3106298621,
mcs70_m2D_s90.A01,mcs70_m2D_s90.B01,dal_rl,61,72,6894681717,1000.02,1,90,181700842,19.0603,4826057745,4826057745,0,3389565649,
mcs70_m2D_s90.A02,mcs70_m2D_s90.B02,dal_rl,63,86,6618148120,1000.01,1,90,280,9.6356e-05,4660873866,4660873866,0,3278565909,
mcs70_m2D_s90.A03,mcs70_m2D_s90.B03,dal_rl,59,66,6981418397,1000.02,1,90,41169598,4.4391,4969047376,4969047376,0,3399533189,
mcs70_m2D_s90.A04,mcs70_m2D_s90.B04,dal_rl,63,82,6972794570,1000.02,1,90,3171310066,441.524,4862272578,4862272578,0,3361019123,
mcs70_m2D_s90.A05,mcs70_m2D_s90.B05,dal_rl,62,78,6566360242,1000.01,1,90,1614881193,231.436,4561445189,4561445189,0,3196896168,
mcs70_m2D_s90.A06,mcs70_m2D_s90.B06,dal_rl,59,71,6901997882,1000.01,1,90,70290441,7.77999,5011688573,5011688573,0,3489218072,
mcs70_m2D_s90.A07,mcs70_m2D_s90.B07,dal_rl,64,85,6559350305,1000.01,1,90,739421864,100.579,4667083931,4667083931,0,3185024664,
mcs70_m2D_s90.A08,mcs70_m2D_s90.B08,dal_rl,63,82,7074657425,1000.02,1,90,3389636191,431.38,4869339575,4869339575,0,3273306614,
mcs70_m2D_s90.A09,mcs70_m2D_s90.B09,dal_rl,60,78,6312237618,1000.01,1,90,3554931056,516.33,4707228623,4707228623,0,3401736157,
mcs70_m2Dr2_s100.A00,mcs70_m2Dr2_s100.B00,dal_rl,57,71,19348721779,1000.01,1,100,5369093418,276.697,15866300846,15866300846,0,12383899988,
mcs70_m2Dr2_s100.A01,mcs70_m2Dr2_s100.B01,dal_rl,54,65,20270363956,1000.01,1,100,3351827,0.167347,16523628093,16523628093,0,13015718440,
mcs70_m2Dr2_s100.A02,mcs70_m2Dr2_s100.B02,dal_rl,61,93,8458050173,1000.02,1,100,5406360616,573.031,6666938810,6666938810,0,5075321277,
mcs70_m2Dr2_s100.A03,mcs70_m2Dr2_s100.B03,dal_rl,60,84,9855651660,1000.02,1,100,6649519702,582.744,8198193391,8198193391,0,6611865887,
mcs70_m2Dr2_s100.A04,mcs70_m2Dr2_s100.B04,dal_rl,65,79,6727838169,1000.01,1,100,148889562,18.3919,4731513557,4731513557,0,3328642091,
mcs70_m2Dr2_s100.A05,mcs70_m2Dr2_s100.B05,dal_rl,63,78,5916254384,1000.01,1,100,1685590571,258.21,4288425132,4288425132,0,3070786769,
mcs70_m2Dr2_s100.A06,mcs70_m2Dr2_s100.B06,dal_rl,64,91,5674239831,1000.02,1,100,2740957121,485.667,3966722590,3966722590,0,2891581239,
mcs70_m2Dr2_s100.A07,mcs70_m2Dr2_s100.B07,dal_rl,63,80,5077354805,1000.02,1,100,1174453806,219.971,3838999007,3838999007,0,2807092867,
mcs70_m2Dr2_s100.A08,mcs70_m2Dr2_s100.B08,dal_rl,62,80,3755468804,1000.01,1,100,911341924,189.177,2694855379,2694855379,0,1925014792,
mcs70_m2Dr2_s100.A09,mcs70_m2Dr2_s100.B09,dal_rl,62,75,6761946664,1000.02,1,100,725870981,100.567,4740911423,4740911423,0,3457270853,
mcs70_m2Dr2_s15.A00,mcs70_m2Dr2_s15.B00,dal_rl,12,13,5268,0.000676984,0,15,4841,0.00058709,3462,3462,0,2401,
mcs70_m2Dr2_s15.A01,mcs70_m2Dr2_s15.B01,dal_rl,11,13,7589,0.00100078,0,15,2541,0.00031388,4738,4738,0,3270,
mcs70_m2Dr2_s15.A02,mcs70_m2Dr2_s15.B02,dal_rl,11,12,4176,0.0005437,0,15,1263,0.000166381,2804,2804,0,2072,
mcs70_m2Dr2_s15.A03,mcs70_m2Dr2_s15.B03,dal_rl,11,13,3116,0.00047028,0,15,285,5.0105e-05,2159,2159,0,1654,
mcs70_m2Dr2_s15.A04,mcs70_m2Dr2_s15.B04,dal_rl,11,12,5427,0.000725879,0,15,2196,0.000281352,3406,3406,0,2300,
mcs70_m2Dr2_s15.A05,mcs70_m2Dr2_s15.B05,dal_rl,11,19,4619,0.000740331,0,15,1574,0.000337977,2879,2879,0,1804,
mcs70_m2Dr2_s15.A06,mcs70_m2Dr2_s15.B06,dal_rl,11,14,4234,0.000575584,0,15,55,1.5052e-05,2758,2758,0,2019,
mcs70_m2Dr2_s15.A07,mcs70_m2Dr2_s15.B07,dal_rl,11,11,3641,0.000577031,0,15,349,5.8778e-05,2533,2533,0,1873,
mcs70_m2Dr2_s15.A08,mcs70_m2Dr2_s15.B08,dal_rl,11,17,4590,0.000786317,0,15,1031,0.000170487,3136,3136,0,2268,
mcs70_m2Dr2_s15.A09,mcs70_m2Dr2_s15.B09,dal_rl,11,13,5834,0.000842895,0,15,507,8.0081e-05,3639,3639,0,2407,
mcs70_m2Dr2_s25.A00,mcs70_m2Dr2_s25.B00,dal_rl,18,24,1102431,0.14861,0,25,10712,0.00129638,721618,721618,0,506369,
mcs70_m2Dr2_s25.A01,mcs70_m2Dr2_s25.B01,dal_rl,18,24,1275315,0.17221,0,25,716737,0.0932588,862754,862754,0,634580,
mcs70_m2Dr2_s25.A02,mcs70_m2Dr2_s25.B02,dal_rl,18,19,296673,0.0400651,0,25,18653,0.00263048,197520,197520,0,146106,
mcs70_m2Dr2_s25.A03,mcs70_m2Dr2_s25.B03,dal_rl,18,28,1337361,0.187235,0,25,503454,0.0672109,861534,861534,0,614455,
mcs70_m2Dr2_s25.A04,mcs70_m2Dr2_s25.B04,dal_rl,18,25,2433134,0.296859,0,25,2312852,0.281314,1660065,1660065,0,1192129,
mcs70_m2Dr2_s25.A05,mcs70_m2Dr2_s25.B05,dal_rl,19,25,426863,0.0577911,0,25,337026,0.0455117,279269,279269,0,197905,
mcs70_m2Dr2_s25.A06,mcs70_m2Dr2_s25.B06,dal_rl,19,28,195782,0.0283591,0,25,77575,0.0105334,124886,124886,0,86786,
mcs70_m2Dr2_s25.A07,mcs70_m2Dr2_s25.B07,dal_rl,18,27,558634,0.0813805,0,25,3985,0.000561096,386875,386875,0,283661,
mcs70_m2Dr2_s25.A08,mcs70_m2Dr2_s25.B08,dal_rl,18,18,534206,0.074779,0,25,132432,0.0179419,356001,356001,0,261813,
mcs70_m2Dr2_s25.A09,mcs70_m2Dr2_s25.B09,dal_rl,19,23,1598930,0.199152,0,25,1584329,0.197159,1048156,1048156,0,735482,
mcs70_m2Dr2_s35.A00,mcs70_m2Dr2_s35.B00,dal_rl,26,37,89217956,12.5552,0,35,38938799,5.31224,58215212,58215212,0,40718251,
mcs70_m2Dr2_s35.A01,mcs70_m2Dr2_s35.B01,dal_rl,26,38,85329381,12.0291,0,35,65025402,8.94678,55250558,55250558,0,37809992,
mcs70_m2Dr2_s35.A02,mcs70_m2Dr2_s35.B02,dal_rl,27,40,77480798,10.6349,0,35,74854421,10.238,51084601,51084601,0,36585562,
mcs70_m2Dr2_s35.A03,mcs70_m2Dr2_s35.B03,dal_rl,28,46,21767619,2.98441,0,35,20947521,2.85102,14112946,14112946,0,9727401,
mcs70_m2Dr2_s35.A04,mcs70_m2Dr2_s35.B04,dal_rl,26,36,110610230,15.425,0,35,107543244,14.9558,73481145,73481145,0,52151060,
mcs70_m2Dr2_s35.A05,mcs70_m2Dr2_s35.B05,dal_rl,26,41,21775153,2.98345,0,35,9695772,1.24867,14654760,14654760,0,10456220,
mcs70_m2Dr2_s35.A06,mcs70_m2Dr2_s35.B06,dal_rl,26,30,161645206,21.3679,0,35,152390221,20.0592,110889925,110889925,0,79405773,
mcs70_m2Dr2_s35.A07,mcs70_m2Dr2_s35.B07,dal_rl,27,41,18386006,2.58956,0,35,16645021,2.32474,12117341,12117341,0,8677237,
mcs70_m2Dr2_s35.A08,mcs70_m2Dr2_s35.B08,dal_rl,26,36,73691081,10.4478,0,35,55527198,7.75132,49173458,49173458,0,35586572,
mcs70_m2Dr2_s35.A09,mcs70_m2Dr2_s35.B09,dal_rl,27,37,10200272,1.42021,0,35,7348760,0.990586,7096467,7096467,0,5316572,
mcs70_m2Dr2_s40.A00,mcs70_m2Dr2_s40.B00,dal_rl,28,37,2468862900,333.95,0,40,56656991,7.39758,1699629869,1699629869,0,1198143378,
mcs70_m2Dr2_s40.A01,mcs70_m2Dr2_s40.B01,dal_rl,29,45,531342914,88.1308,0,40,279962191,45.0583,356800494,356800494,0,258717829,
mcs70_m2Dr2_s40.A02,mcs70_m2Dr2_s40.B02,dal_rl,29,42,1554957550,224.963,0,40,1320387389,189.69,1021305137,1021305137,0,702352589,
mcs70_m2Dr2_s40.A03,mcs70_m2Dr2_s40.B03,dal_rl,29,34,259070641,50.3805,0,40,66439046,12.2646,180753365,180753365,0,131840154,
mcs70_m2Dr2_s40.A04,mcs70_m2Dr2_s40.B04,dal_rl,29,49,1013890266,198.223,0,40,34464929,6.49181,697380388,697380388,0,498103044,
mcs70_m2Dr2_s40.A05,mcs70_m2Dr2_s40.B05,dal_rl,29,34,324203602,46.1665,0,40,49048355,6.83258,214506258,214506258,0,145450174,
mcs70_m2Dr2_s40.A06,mcs70_m2Dr2_s40.B06,dal_rl,29,34,1505673837,213.666,0,40,1280097751,179.738,1013991288,1013991288,0,719293397,
mcs70_m2Dr2_s40.A07,mcs70_m2Dr2_s40.B07,dal_rl,29,42,2891231432,398.98,0,40,2153293432,292.047,1970788798,1970788798,0,1416766014,
mcs70_m2Dr2_s40.A08,mcs70_m2Dr2_s40.B08,dal_rl,30,43,283173236,40.4525,0,40,211367077,29.7084,188340700,188340700,0,132920405,
mcs70_m2Dr2_s40.A09,mcs70_m2Dr2_s40.B09,dal_rl,29,34,1321173403,185.766,0,40,538929043,73.8377,893988725,893988725,0,638898567,
mcs70_m2Dr2_s50.A00,mcs70_m2Dr2_s50.B00,dal_rl,35,49,7048195850,1000.02,1,50,22647625,2.94632,4769244354,4769244354,0,3289776111,
mcs70_m2Dr2_s50.A01,mcs70_m2Dr2_s50.B01,dal_rl,35,47,7146772182,1000.02,1,50,2599377799,355.907,4889424561,4889424561,0,3493382622,
mcs70_m2Dr2_s50.A02,mcs70_m2Dr2_s50.B02,dal_rl,35,49,7044444031,1000.02,1,50,372713992,50.6883,4792421302,4792421302,0,3341743741,
mcs70_m2Dr2_s50.A03,mcs70_m2Dr2_s50.B03,dal_rl,36,50,6594978486,1000.02,1,50,3133627290,468.203,4509739813,4509739813,0,3297943653,
mcs70_m2Dr2_s50.A04,mcs70_m2Dr2_s50.B04,dal_rl,34,43,7206194098,1000.02,1,50,469033403,63.3012,4944219686,4944219686,0,3528181725,
mcs70_m2Dr2_s50.A05,mcs70_m2Dr2_s50.B05,dal_rl,35,47,7068233876,1000,1,50,320538688,42.2336,4732635790,4732635790,0,3277102000,
mcs70_m2Dr2_s50.A06,mcs70_m2Dr2_s50.B06,dal_rl,35,40,6720387972,1000.02,1,50,37107120,5.09965,4455607608,4455607608,0,3087217538,
mcs70_m2Dr2_s50.A07,mcs70_m2Dr2_s50.B07,dal_rl,35,52,6994475578,1000.01,1,50,256760374,34.8149,4663228529,4663228529,0,3205473303,
mcs70_m2Dr2_s50.A08,mcs70_m2Dr2_s50.B08,dal_rl,35,45,6990131826,1000.02,1,50,1971376492,273.571,4661991930,4661991930,0,3246710567,
mcs70_m2Dr2_s50.A09,mcs70_m2Dr2_s50.B09,dal_rl,35,41,6945230830,1000.02,1,50,398919674,56.3261,4658752831,4658752831,0,3244918823,
mcs70_m2Dr2_s60.A00,mcs70_m2Dr2_s60.B00,dal_rl,40,57,7208905373,1000.01,1,60,4451450599,614.342,4783472350,4783472350,0,3282786165,
mcs70_m2Dr2_s60.A01,mcs70_m2Dr2_s60.B01,dal_rl,41,51,6772654762,1000.02,1,60,559937262,79.7987,4734016978,4734016978,0,3477055839,
mcs70_m2Dr2_s60.A02,mcs70_m2Dr2_s60.B02,dal_rl,41,56,7217889313,1000.02,1,60,6069006,0.832109,5004910520,5004910520,0,3483242302,
mcs70_m2Dr2_s60.A03,mcs70_m2Dr2_s60.B03,dal_rl,41,52,6961085444,1000.02,1,60,1918187385,263.559,4668267371,4668267371,0,3065011252,
mcs70_m2Dr2_s60.A04,mcs70_m2Dr2_s60.B04,dal_rl,40,54,6986391611,1000.02,1,60,218263056,29.8377,4799052102,4799052102,0,3349913010,
mcs70_m2Dr2_s60.A05,mcs70_m2Dr2_s60.B05,dal_rl,41,56,7058223776,1000.02,1,60,5011050936,699.808,4923960781,4923960781,0,3670938315,
mcs70_m2Dr2_s60.A06,mcs70_m2Dr2_s60.B06,dal_rl,42,51,6797629062,1000.02,1,60,46070010,5.67419,4736068847,4736068847,0,3411971176,
mcs70_m2Dr2_s60.A07,mcs70_m2Dr2_s60.B07,dal_rl,42,51,6691392585,1000.01,1,60,6375666116,951.719,4750084333,4750084333,0,3484514536,
mcs70_m2Dr2_s60.A08,mcs70_m2Dr2_s60.B08,dal_rl,41,52,6954153641,1000.02,1,60,6522375199,936.148,4784999798,4784999798,0,3259126047,
mcs70_m2Dr2_s60.A09,mcs70_m2Dr2_s60.B09,dal_rl,41,61,6479245899,1000.02,1,60,1328541280,194.945,4448180581,4448180581,0,3239928922,
mcs70_m2Dr2_s70.A00,mcs70_m2Dr2_s70.B00,dal_rl,47,69,6814604508,1000.01,1,70,3940076823,566.845,4696153495,4696153495,0,3257576627,
mcs70_m2Dr2_s70.A01,mcs70_m2Dr2_s70.B01,dal_rl,47,65,6913030603,1000.02,1,70,4244551267,601.489,4986171478,4986171478,0,3637684915,
mcs70_m2Dr2_s70.A02,mcs70_m2Dr2_s70.B02,dal_rl,47,60,6749793126,1000.01,1,70,28985661,3.77761,4533651756,4533651756,0,3150397625,
mcs70_m2Dr2_s70.A03,mcs70_m2Dr2_s70.B03,dal_rl,46,61,7238831822,1000.02,1,70,2583087876,344.168,4720814205,4720814205,0,3091327626,
mcs70_m2Dr2_s70.A04,mcs70_m2Dr2_s70.B04,dal_rl,46,55,5068341858,1000.01,1,70,1021073438,198.963,3480726894,3480726894,0,2450773855,
mcs70_m2Dr2_s70.A05,mcs70_m2Dr2_s70.B05,dal_rl,46,63,6276821953,1000.02,1,70,645324598,102.732,4222734903,4222734903,0,2912899034,
mcs70_m2Dr2_s70.A06,mcs70_m2Dr2_s70.B06,dal_rl,45,51,3478262476,1000.02,1,70,145854134,39.6863,2355789393,2355789393,0,1620172242,
mcs70_m2Dr2_s70.A07,mcs70_m2Dr2_s70.B07,dal_rl,47,60,3541275227,1000.01,1,70,477010523,126.038,2427258457,2427258457,0,1724778250,
mcs70_m2Dr2_s70.A08,mcs70_m2Dr2_s70.B08,dal_rl,47,66,6813761705,1000.02,1,70,21280960,2.8583,4633030238,4633030238,0,3324346279,
mcs70_m2Dr2_s70.A09,mcs70_m2Dr2_s70.B09,dal_rl,47,59,5720240970,1000.01,1,70,163375909,25.996,3889429509,3889429509,0,2656104954,
mcs70_m2Dr2_s80.A00,mcs70_m2Dr2_s80.B00,dal_rl,52,73,5422117556,1000.01,1,80,2222057791,395.135,3791215871,3791215871,0,2757881086,
mcs70_m2Dr2_s80.A01,mcs70_m2Dr2_s80.B01,dal_rl,50,75,6440322856,1000.02,1,80,386934165,50.5543,4549531720,4549531720,0,3094999160,
mcs70_m2Dr2_s80.A02,mcs70_m2Dr2_s80.B02,dal_rl,53,70,5261604226,1000.02,1,80,1834040388,351.026,3679905455,3679905455,0,2675898539,
mcs70_m2Dr2_s80.A03,mcs70_m2Dr2_s80.B03,dal_rl,51,71,6053109131,1000.02,1,80,801744941,125.246,4297270217,4297270217,0,3043642771,
mcs70_m2Dr2_s80.A04,mcs70_m2Dr2_s80.B04,dal_rl,52,67,3407895661,1000.02,1,80,735857852,200.924,2463273206,2463273206,0,1766093878,
mcs70_m2Dr2_s80.A05,mcs70_m2Dr2_s80.B05,dal_rl,52,75,5235274559,1000.02,1,80,1545782566,281.986,3506487002,3506487002,0,2411377111,
mcs70_m2Dr2_s80.A06,mcs70_m2Dr2_s80.B06,dal_rl,52,70,6539351983,1000.02,1,80,541926238,73.8906,4780386931,4780386931,0,3720505561,
mcs70_m2Dr2_s80.A07,mcs70_m2Dr2_s80.B07,dal_rl,52,75,7593488305,1000.02,1,80,4223563766,547.97,5682212215,5682212215,0,4143520591,
mcs70_m2Dr2_s80.A08,mcs70_m2Dr2_s80.B08,dal_rl,51,73,6856895636,1000.01,1,80,68314770,10.2003,4820673423,4820673423,0,3461242440,
mcs70_m2Dr2_s80.A09,mcs70_m2Dr2_s80.B09,dal_rl,54,74,6801852366,1000.02,1,80,4539493860,642.028,4621471859,4621471859,0,3335879989,
mcs70_m2Dr2_s90.A00,mcs70_m2Dr2_s90.B00,dal_rl,57,66,6885568602,1000.01,1,90,153249182,20.6844,4905837686,4905837686,0,3476333599,
mcs70_m2Dr2_s90.A01,mcs70_m2Dr2_s90.B01,dal_rl,58,79,7157009850,1000.02,1,90,98285685,12.0822,4964329714,4964329714,0,3567518072,
mcs70_m2Dr2_s90.A02,mcs70_m2Dr2_s90.B02,dal_rl,59,74,6698812541,1000.02,1,90,1214896959,103.742,4584844471,4584844471,0,3301483810,
mcs70_m2Dr2_s90.A03,mcs70_m2Dr2_s90.B03,dal_rl,57,66,6608465467,1000.01,1,90,1219804339,180.227,4682854523,4682854523,0,3266652131,
mcs70_m2Dr2_s90.A04,mcs70_m2Dr2_s90.B04,dal_rl,59,83,7009047519,1000.01,1,90,598423291,82.4158,4731498727,4731498727,0,3222212174,
mcs70_m2Dr2_s90.A05,mcs70_m2Dr2_s90.B05,dal_rl,55,77,7298031732,1000.01,1,90,5174299164,692.807,5182213627,5182213627,0,3844568959,
mcs70_m2Dr2_s90.A06,mcs70_m2Dr2_s90.B06,dal_rl,57,76,6974800182,1000.01,1,90,645509993,89.2546,5046702636,5046702636,0,3713153605,
mcs70_m2Dr2_s90.A07,mcs70_m2Dr2_s90.B07,dal_rl,55,68,5939415073,1000.02,1,90,557775909,88.986,4134844277,4134844277,0,2946993014,
mcs70_m2Dr2_s90.A08,mcs70_m2Dr2_s90.B08,dal_rl,58,87,7124631594,1000.02,1,90,5389888,0.369086,5167405034,5167405034,0,3565555985,
mcs70_m2Dr2_s90.A09,mcs70_m2Dr2_s90.B09,dal_rl,54,58,8080537085,1000.01,1,90,4458898020,507.988,5857899660,5857899660,0,4056393536,
mcs70_m2Dr4_s100.A00,mcs70_m2Dr4_s100.B00,dal_rl,63,87,7593989677,1000.01,1,100,5391496990,653.634,5075043926,5075043926,0,3493141614,
mcs70_m2Dr4_s100.A01,mcs70_m2Dr4_s100.B01,dal_rl,61,81,6721052572,1000.02,1,100,226934643,27.5913,4873919803,4873919803,0,3796610554,
mcs70_m2Dr4_s100.A02,mcs70_m2Dr4_s100.B02,dal_rl,61,76,6901776638,1000.02,1,100,4049558457,596.319,4459704513,4459704513,0,3110659417,
mcs70_m2Dr4_s100.A03,mcs70_m2Dr4_s100.B03,dal_rl,60,85,6818979606,1000.02,1,100,1559489718,215.06,4831266358,4831266358,0,3474236071,
mcs70_m2Dr4_s100.A04,mcs70_m2Dr4_s100.B04,dal_rl,60,78,7978889885,1000.02,1,100,2685024235,236.713,6372209113,6372209113,0,4945140012,
mcs70_m2Dr4_s100.A05,mcs70_m2Dr4_s100.B05,dal_rl,58,86,12291315576,1000.02,1,100,6764729334,660.363,10908831959,10908831959,0,9543594755,
mcs70_m2Dr4_s100.A06,mcs70_m2Dr4_s100.B06,dal_rl,61,86,9944613302,1000.02,1,100,5053255490,360.268,8049734464,8049734464,0,6449841687,
mcs70_m2Dr4_s100.A07,mcs70_m2Dr4_s100.B07,dal_rl,62,92,7106768513,1000.02,1,100,6265183987,874.692,5058674046,5058674046,0,3482794753,
mcs70_m2Dr4_s100.A08,mcs70_m2Dr4_s100.B08,dal_rl,61,85,6862123816,1000.02,1,100,1693867443,248.161,4454401650,4454401650,0,3248015214,
mcs70_m2Dr4_s100.A09,mcs70_m2Dr4_s100.B09,dal_rl,59,86,19517050873,1000.01,1,100,16125256753,776.289,15744517473,15744517473,0,11988525172,
mcs70_m2Dr4_s15.A00,mcs70_m2Dr4_s15.B00,dal_rl,11,14,5933,0.000792348,0,15,2932,0.000367912,3767,3767,0,2681,
mcs70_m2Dr4_s15.A01,mcs70_m2Dr4_s15.B01,dal_rl,12,18,7429,0.000992838,0,15,6989,0.000901782,4588,4588,0,3304,
mcs70_m2Dr4_s15.A02,mcs70_m2Dr4_s15.B02,dal_rl,11,11,4904,0.000738387,0,15,1982,0.000276445,3457,3457,0,2660,
mcs70_m2Dr4_s15.A03,mcs70_m2Dr4_s15.B03,dal_rl,11,11,5650,0.000770105,0,15,4756,0.000614832,3636,3636,0,2702,
mcs70_m2Dr4_s15.A04,mcs70_m2Dr4_s15.B04,dal_rl,11,17,10065,0.00171942,0,15,8374,0.00145887,6363,6363,0,4559,
mcs70_m2Dr4_s15.A05,mcs70_m2Dr4_s15.B05,dal_rl,11,15,4412,0.000991672,0,15,1573,0.000220672,2826,2826,0,1993,
mcs70_m2Dr4_s15.A06,mcs70_m2Dr4_s15.B06,dal_rl,11,11,5354,0.000936685,0,15,3937,0.000640227,3547,3547,0,2681,
mcs70_m2Dr4_s15.A07,mcs70_m2Dr4_s15.B07,dal_rl,11,12,5636,0.000887696,0,15,4050,0.000591578,3704,3704,0,2709,
mcs70_m2Dr4_s15.A08,mcs70_m2Dr4_s15.B08,dal_rl,11,13,7917,0.0010513,0,15,6586,0.000852062,5206,5206,0,4004,
mcs70_m2Dr4_s15.A09,mcs70_m2Dr4_s15.B09,dal_rl,11,13,7775,0.00102311,0,15,3153,0.000409278,4854,4854,0,3296,
mcs70_m2Dr4_s25.A00,mcs70_m2Dr4_s25.B00,dal_rl,18,27,936448,0.146214,0,25,647628,0.099939,612149,612149,0,429527,
mcs70_m2Dr4_s25.A01,mcs70_m2Dr4_s25.B01,dal_rl,18,22,1235036,0.1934,0,25,977721,0.149646,833245,833245,0,624142,
mcs70_m2Dr4_s25.A02,mcs70_m2Dr4_s25.B02,dal_rl,18,26,2212440,0.293942,0,25,2095060,0.277978,1476190,1476190,0,1046096,
mcs70_m2Dr4_s25.A03,mcs70_m2Dr4_s25.B03,dal_rl,17,21,1836583,0.264636,0,25,6772,0.000888522,1154981,1154981,0,818177,
mcs70_m2Dr4_s25.A04,mcs70_m2Dr4_s25.B04,dal_rl,18,31,592882,0.0812476,0,25,309315,0.0412092,382249,382249,0,274144,
mcs70_m2Dr4_s25.A05,mcs70_m2Dr4_s25.B05,dal_rl,18,27,306964,0.0457113,0,25,23395,0.00337463,200666,200666,0,148979,
mcs70_m2Dr4_s25.A06,mcs70_m2Dr4_s25.B06,dal_rl,18,30,986646,0.136696,0,25,390044,0.0510493,642471,642471,0,455346,
mcs70_m2Dr4_s25.A07,mcs70_m2Dr4_s25.B07,dal_rl,18,27,694939,0.0998139,0,25,115786,0.0155153,463078,463078,0,355961,
mcs70_m2Dr4_s25.A08,mcs70_m2Dr4_s25.B08,dal_rl,18,27,847372,0.113607,0,25,676783,0.0894615,577459,577459,0,433563,
mcs70_m2Dr4_s25.A09,mcs70_m2Dr4_s25.B09,dal_rl,18,27,1243272,0.162349,0,25,629957,0.0790668,801328,801328,0,571158,
mcs70_m2Dr4_s35.A00,mcs70_m2Dr4_s35.B00,dal_rl,25,38,146594189,20.99,0,35,128597594,18.2367,97051348,97051348,0,72030320,
mcs70_m2Dr4_s35.A01,mcs70_m2Dr4_s35.B01,dal_rl,27,41,64859619,9.12743,0,35,63967161,8.98125,43508960,43508960,0,32135132,
mcs70_m2Dr4_s35.A02,mcs70_m2Dr4_s35.B02,dal_rl,25,37,140147580,19.0031,0,35,110256582,14.5785,94085256,94085256,0,69587831,
mcs70_m2Dr4_s35.A03,mcs70_m2Dr4_s35.B03,dal_rl,25,35,52571389,7.82303,0,35,4792998,0.643252,34059804,34059804,0,24081935,
mcs70_m2Dr4_s35.A04,mcs70_m2Dr4_s35.B04,dal_rl,26,38,49547953,9.24872,0,35,46316625,8.59266,32711091,32711091,0,24259413,
mcs70_m2Dr4_s35.A05,mcs70_m2Dr4_s35.B05,dal_rl,26,37,101371715,15.7027,0,35,96466714,14.8911,64864836,64864836,0,46744063,
mcs70_m2Dr4_s35.A06,mcs70_m2Dr4_s35.B06,dal_rl,25,38,91439106,13.3023,0,35,43646626,6.17505,59403242,59403242,0,42620531,
mcs70_m2Dr4_s35.A07,mcs70_m2Dr4_s35.B07,dal_rl,25,37,135954499,19.7917,0,35,121869332,17.5309,89031744,89031744,0,63995011,
mcs70_m2Dr4_s35.A08,mcs70_m2Dr4_s35.B08,dal_rl,27,46,49042671,6.68426,0,35,47326022,6.39997,32519460,32519460,0,23618951,
mcs70_m2Dr4_s35.A09,mcs70_m2Dr4_s35.B09,dal_rl,26,35,52865508,7.52591,0,35,48060547,6.76082,35066038,35066038,0,25401232,
mcs70_m2Dr4_s40.A00,mcs70_m2Dr4_s40.B00,dal_rl,28,33,1695967865,253.007,0,40,684611653,99.7586,1114537106,1114537106,0,801938618,
mcs70_m2Dr4_s40.A01,mcs70_m2Dr4_s40.B01,dal_rl,28,39,1028581367,161.286,0,40,337476115,51.5537,664876347,664876347,0,475057542,
mcs70_m2Dr4_s40.A02,mcs70_m2Dr4_s40.B02,dal_rl,28,40,3247020481,483.606,0,40,1649606026,238.052,2177898679,2177898679,0,1625038329,
mcs70_m2Dr4_s40.A03,mcs70_m2Dr4_s40.B03,dal_rl,27,36,6977915242,1000.03,1,40,119050347,15.7599,4705587789,4705587789,0,3517321955,
mcs70_m2Dr4_s40.A04,mcs70_m2Dr4_s40.B04,dal_rl,28,45,4145271261,588.382,0,40,3807143409,538.012,2846045478,2846045478,0,2125919751,
mcs70_m2Dr4_s40.A05,mcs70_m2Dr4_s40.B05,dal_rl,28,39,1767331349,308.85,0,40,1315246235,225.777,1179325507,1179325507,0,848665309,
mcs70_m2Dr4_s40.A06,mcs70_m2Dr4_s40.B06,dal_rl,28,44,3515207951,518.317,0,40,2298953437,334.037,2298899723,2298899723,0,1664192863,
mcs70_m2Dr4_s40.A07,mcs70_m2Dr4_s40.B07,dal_rl,28,46,3023985476,447.831,0,40,968007082,137.212,1994903120,1994903120,0,1435128757,
mcs70_m2Dr4_s40.A08,mcs70_m2Dr4_s40.B08,dal_rl,28,43,2086966717,304.848,0,40,1504819755,216.387,1386779272,1386779272,0,1008754166,
mcs70_m2Dr4_s40.A09,mcs70_m2Dr4_s40.B09,dal_rl,28,42,1565289226,236.76,0,40,493242689,72.282,1049685727,1049685727,0,787590794,
mcs70_m2Dr4_s50.A00,mcs70_m2Dr4_s50.B00,dal_rl,38,67,3811506578,610.565,0,50,2344133713,360.112,2628349799,2628349799,0,2022786442,
mcs70_m2Dr4_s50.A01,mcs70_m2Dr4_s50.B01,dal_rl,33,52,6906520671,1000.02,1,50,711798995,99.1218,4741449567,4741449567,0,3461848535,
mcs70_m2Dr4_s50.A02,mcs70_m2Dr4_s50.B02,dal_rl,39,64,1536720171,218.951,0,50,1376900743,191.122,1013675107,1013675107,0,710606179,
mcs70_m2Dr4_s50.A03,mcs70_m2Dr4_s50.B03,dal_rl,34,53,6901680542,1000.02,1,50,3276955528,464.795,4637164390,4637164390,0,3264974450,
mcs70_m2Dr4_s50.A04,mcs70_m2Dr4_s50.B04,dal_rl,33,42,7051966814,1000.02,1,50,36337347,4.91244,4705297808,4705297808,0,3298546863,
mcs70_m2Dr4_s50.A05,mcs70_m2Dr4_s50.B05,dal_rl,34,49,7052745464,1000.02,1,50,5212634133,731.09,4894816532,4894816532,0,3601433646,
mcs70_m2Dr4_s50.A06,mcs70_m2Dr4_s50.B06,dal_rl,34,45,6714244411,1000.02,1,50,2825015796,405.438,4492163532,4492163532,0,3221046164,
mcs70_m2Dr4_s50.A07,mcs70_m2Dr4_s50.B07,dal_rl,33,48,6870531954,1000.02,1,50,35762229,4.97714,4634304355,4634304355,0,3419587909,
mcs70_m2Dr4_s50.A08,mcs70_m2Dr4_s50.B08,dal_rl,33,41,6954497392,1000.01,1,50,4410833,0.567185,4613251066,4613251066,0,3255937379,
mcs70_m2Dr4_s50.A09,mcs70_m2Dr4_s50.B09,dal_rl,37,54,6878472736,1000.01,1,50,5284910484,746.19,4677029612,4677029612,0,3306744299,
mcs70_m2Dr4_s60.A00,mcs70_m2Dr4_s60.B00,dal_rl,40,64,7087687328,1000.02,1,60,1075022326,143.175,4815968182,4815968182,0,3381247907,
mcs70_m2Dr4_s60.A01,mcs70_m2Dr4_s60.B01,dal_rl,39,55,6756162189,1000.01,1,60,438204843,64.2404,4612258681,4612258681,0,3460752824,
mcs70_m2Dr4_s60.A02,mcs70_m2Dr4_s60.B02,dal_rl,39,59,7274472529,1000.02,1,60,1356453239,184.065,5029308149,5029308149,0,3543055421,
mcs70_m2Dr4_s60.A03,mcs70_m2Dr4_s60.B03,dal_rl,40,56,5372048243,1000.02,1,60,1284093829,231.32,3515894967,3515894967,0,2562646646,
mcs70_m2Dr4_s60.A04,mcs70_m2Dr4_s60.B04,dal_rl,40,58,5946921450,1000.02,1,60,3581844212,583.426,4034991658,4034991658,0,2918629463,
mcs70_m2Dr4_s60.A05,mcs70_m2Dr4_s60.B05,dal_rl,40,55,5926730095,1000.01,1,60,216282283,33.6226,4115866371,4115866371,0,2965400090,
mcs70_m2Dr4_s60.A06,mcs70_m2Dr4_s60.B06,dal_rl,39,56,6340175680,1000.02,1,60,6092534036,959.124,4262501911,4262501911,0,2901390363,
mcs70_m2Dr4_s60.A07,mcs70_m2Dr4_s60.B07,dal_rl,40,68,5593428791,1000.02,1,60,2860503512,505.206,3762048031,3762048031,0,2528673614,
mcs70_m2Dr4_s60.A08,mcs70_m2Dr4_s60.B08,dal_rl,41,59,6508337001,1000.01,1,60,4571112313,695.833,4460568720,4460568720,0,3141239389,
mcs70_m2Dr4_s60.A09,mcs70_m2Dr4_s60.B09,dal_rl,39,53,6410028299,1000.01,1,60,157558312,23.5463,4349473476,4349473476,0,3264121342,
mcs70_m2Dr4_s70.A00,mcs70_m2Dr4_s70.B00,dal_rl,43,49,6687990135,1000.01,1,70,2072338085,301.839,4401519966,4401519966,0,3106461599,
mcs70_m2Dr4_s70.A01,mcs70_m2Dr4_s70.B01,dal_rl,44,57,7087783484,1000.01,1,70,6935678,0.944663,4769417098,4769417098,0,3259288833,
mcs70_m2Dr4_s70.A02,mcs70_m2Dr4_s70.B02,dal_rl,45,64,6787104152,1000.01,1,70,2104795883,299.319,4541612965,4541612965,0,3056701269,
mcs70_m2Dr4_s70.A03,mcs70_m2Dr4_s70.B03,dal_rl,46,74,6745315665,1000.02,1,70,1019132432,147.561,4590145507,4590145507,0,3351220794,
mcs70_m2Dr4_s70.A04,mcs70_m2Dr4_s70.B04,dal_rl,46,72,6685124721,1000.02,1,70,3623712041,516.712,4664179077,4664179077,0,3476231846,
mcs70_m2Dr4_s70.A05,mcs70_m2Dr4_s70.B05,dal_rl,45,70,7059712998,1000.02,1,70,3789157875,523.822,4939955365,4939955365,0,3519793600,
mcs70_m2Dr4_s70.A06,mcs70_m2Dr4_s70.B06,dal_rl,46,66,5926034776,1000.02,1,70,426852897,67.1,4004977553,4004977553,0,2797334339,
mcs70_m2Dr4_s70.A07,mcs70_m2Dr4_s70.B07,dal_rl,45,65,4832047504,1000.02,1,70,628854486,119.672,3397710619,3397710619,0,2584772712,
mcs70_m2Dr4_s70.A08,mcs70_m2Dr4_s70.B08,dal_rl,46,80,6649594605,1000.02,1,70,46319128,5.01724,4429002966,4429002966,0,3095677862,
mcs70_m2Dr4_s70.A09,mcs70_m2Dr4_s70.B09,dal_rl,46,69,6753500090,1000.02,1,70,597705608,83.0836,4655870211,4655870211,0,3362539796,
mcs70_m2Dr4_s80.A00,mcs70_m2Dr4_s80.B00,dal_rl,52,76,6548298618,1000.01,1,80,693359145,97.6926,4485686594,4485686594,0,3306106118,
mcs70_m2Dr4_s80.A01,mcs70_m2Dr4_s80.B01,dal_rl,47,58,3512385006,1000.02,1,80,328158618,91.8207,2474937864,2474937864,0,1716022524,
mcs70_m2Dr4_s80.A02,mcs70_m2Dr4_s80.B02,dal_rl,52,76,5683777606,1000.01,1,80,5345985,0.861245,3814362559,3814362559,0,2735601842,
mcs70_m2Dr4_s80.A03,mcs70_m2Dr4_s80.B03,dal_rl,49,74,6827091173,1000.02,1,80,5048146446,739.734,4605592344,4605592344,0,3242647088,
mcs70_m2Dr4_s80.A04,mcs70_m2Dr4_s80.B04,dal_rl,51,71,6722583375,1000.02,1,80,6137996779,907.159,4836995547,4836995547,0,3706145429,
mcs70_m2Dr4_s80.A05,mcs70_m2Dr4_s80.B05,dal_rl,52,70,6428226967,1000.02,1,80,2843397977,431.257,4419190708,4419190708,0,3310940118,
mcs70_m2Dr4_s80.A06,mcs70_m2Dr4_s80.B06,dal_rl,50,72,6666643993,1000.02,1,80,27952362,3.51985,4481544685,4481544685,0,3181516721,
mcs70_m2Dr4_s80.A07,mcs70_m2Dr4_s80.B07,dal_rl,51,71,6782487761,1000.02,1,80,1315777097,187.085,4560757269,4560757269,0,3225373216,
mcs70_m2Dr4_s80.A08,mcs70_m2Dr4_s80.B08,dal_rl,50,62,6983949413,1000.02,1,80,2292369728,306.76,4811477461,4811477461,0,3568020336,
mcs70_m2Dr4_s80.A09,mcs70_m2Dr4_s80.B09,dal_rl,47,69,7502785222,1000.02,1,80,144396564,19.4579,5197254072,5197254072,0,3771442704,
mcs70_m2Dr4_s90.A00,mcs70_m2Dr4_s90.B00,dal_rl,55,75,6635116924,1000.02,1,90,678106191,94.439,4408889422,4408889422,0,3150828008,
mcs70_m2Dr4_s90.A01,mcs70_m2Dr4_s90.B01,dal_rl,56,76,6881113624,1000.02,1,90,332838861,47.3095,4451726266,4451726266,0,3040619978,
mcs70_m2Dr4_s90.A02,mcs70_m2Dr4_s90.B02,dal_rl,57,90,6875965770,1000.02,1,90,6115645962,887.033,4668207391,4668207391,0,3134374617,
mcs70_m2Dr4_s90.A03,mcs70_m2Dr4_s90.B03,dal_rl,58,87,6642286554,1000.02,1,90,4909729539,734.492,4481272884,4481272884,0,3125357473,
mcs70_m2Dr4_s90.A04,mcs70_m2Dr4_s90.B04,dal_rl,55,73,5671677467,1000.01,1,90,218700821,37.9807,3660535196,3660535196,0,2506149755,
mcs70_m2Dr4_s90.A05,mcs70_m2Dr4_s90.B05,dal_rl,55,78,6637098055,1000.02,1,90,4612439028,691.683,4790729994,4790729994,0,3439270843,
mcs70_m2Dr4_s90.A06,mcs70_m2Dr4_s90.B06,dal_rl,55,74,6461045218,1000.02,1,90,1754142316,262.965,4409008872,4409008872,0,3157852084,
mcs70_m2Dr4_s90.A07,mcs70_m2Dr4_s90.B07,dal_rl,55,82,6278211422,1000.02,1,90,80829131,11.856,4136549244,4136549244,0,3132596816,
mcs70_m2Dr4_s90.A08,mcs70_m2Dr4_s90.B08,dal_rl,55,75,8594941141,1000.02,1,90,3553843802,250.636,6510372668,6510372668,0,4971253705,
mcs70_m2Dr4_s90.A09,mcs70_m2Dr4_s90.B09,dal_rl,58,87,6844944197,1000.02,1,90,5409107046,783.614,4699566126,4699566126,0,3455923074,
mcs70_m2Dr6_s100.A00,mcs70_m2Dr6_s100.B00,dal_rl,59,86,6797011217,1000.01,1,100,9264854,1.087,4213677188,4213677188,0,2817743440,
mcs70_m2Dr6_s100.A01,mcs70_m2Dr6_s100.B01,dal_rl,59,80,5918651818,1000.02,1,100,10129389,1.48881,4059208331,4059208331,0,2913761458,
mcs70_m2Dr6_s100.A02,mcs70_m2Dr6_s100.B02,dal_rl,60,79,6772878121,1000.02,1,100,4337864575,624.433,4556529287,4556529287,0,3272391318,
mcs70_m2Dr6_s100.A03,mcs70_m2Dr6_s100.B03,dal_rl,60,86,6482302653,1000.02,1,100,4388573274,640.328,4403711197,4403711197,0,3054575614,
mcs70_m2Dr6_s100.A04,mcs70_m2Dr6_s100.B04,dal_rl,60,104,6391722526,1000.02,1,100,645808122,82.803,4403900599,4403900599,0,3203179322,
mcs70_m2Dr6_s100.A05,mcs70_m2Dr6_s100.B05,dal_rl,60,90,6603961512,1000.02,1,100,1604187295,186.832,5054171896,5054171896,0,4093482889,
mcs70_m2Dr6_s100.A06,mcs70_m2Dr6_s100.B06,dal_rl,58,85,7751369578,1000.01,1,100,4391810414,504.72,6176034764,6176034764,0,4723107525,
mcs70_m2Dr6_s100.A07,mcs70_m2Dr6_s100.B07,dal_rl,61,96,6042861416,1000.02,1,100,1112675786,176.965,3967191066,3967191066,0,2862860919,
mcs70_m2Dr6_s100.A08,mcs70_m2Dr6_s100.B08,dal_rl,56,76,7495324867,1000.02,1,100,2990417607,300.79,5218962329,5218962329,0,3799988931,
mcs70_m2Dr6_s100.A09,mcs70_m2Dr6_s100.B09,dal_rl,57,77,6630481334,1000.02,1,100,1849630133,273.86,4644167873,4644167873,0,3443572265,
mcs70_m2Dr6_s15.A00,mcs70_m2Dr6_s15.B00,dal_rl,10,14,13532,0.00210093,0,15,163,3.351e-05,8618,8618,0,6148,
mcs70_m2Dr6_s15.A01,mcs70_m2Dr6_s15.B01,dal_rl,11,18,6368,0.000880958,0,15,4201,0.000538292,4265,4265,0,3048,
mcs70_m2Dr6_s15.A02,mcs70_m2Dr6_s15.B02,dal_rl,11,15,6383,0.000974227,0,15,2241,0.000360283,4145,4145,0,3129,
mcs70_m2Dr6_s15.A03,mcs70_m2Dr6_s15.B03,dal_rl,11,20,3779,0.000564061,0,15,404,6.3706e-05,2545,2545,0,1940,
mcs70_m2Dr6_s15.A04,mcs70_m2Dr6_s15.B04,dal_rl,10,14,12768,0.00169286,0,15,19,8.944e-06,8146,8146,0,5757,
mcs70_m2Dr6_s15.A05,mcs70_m2Dr6_s15.B05,dal_rl,11,13,10985,0.00140302,0,15,10603,0.00132322,7002,7002,0,5235,
mcs70_m2Dr6_s15.A06,mcs70_m2Dr6_s15.B06,dal_rl,11,14,4722,0.000780577,0,15,498,9.1227e-05,3154,3154,0,2263,
mcs70_m2Dr6_s15.A07,mcs70_m2Dr6_s15.B07,dal_rl,11,15,4633,0.000653113,0,15,1773,0.000237347,2911,2911,0,2016,
mcs70_m2Dr6_s15.A08,mcs70_m2Dr6_s15.B08,dal_rl,11,16,2512,0.000394424,0,15,277,4.7191e-05,1639,1639,0,1210,
mcs70_m2Dr6_s15.A09,mcs70_m2Dr6_s15.B09,dal_rl,11,15,2318,0.000380292,0,15,16,2.1583e-05,1606,1606,0,1198,
mcs70_m2Dr6_s25.A00,mcs70_m2Dr6_s25.B00,dal_rl,17,25,1366412,0.20184,0,25,72171,0.0100432,886512,886512,0,668481,
mcs70_m2Dr6_s25.A01,mcs70_m2Dr6_s25.B01,dal_rl,18,25,1215116,0.169822,0,25,1166432,0.162205,820799,820799,0,613472,
mcs70_m2Dr6_s25.A02,mcs70_m2Dr6_s25.B02,dal_rl,17,23,1362710,0.185654,0,25,165171,0.0210658,902419,902419,0,672707,
mcs70_m2Dr6_s25.A03,mcs70_m2Dr6_s25.B03,dal_rl,17,24,1752165,0.241881,0,25,436278,0.0569844,1153198,1153198,0,857404,
mcs70_m2Dr6_s25.A04,mcs70_m2Dr6_s25.B04,dal_rl,17,24,919973,0.138056,0,25,65603,0.00954639,595045,595045,0,448601,
mcs70_m2Dr6_s25.A05,mcs70_m2Dr6_s25.B05,dal_rl,17,22,1035265,0.145303,0,25,25427,0.00339999,670171,670171,0,490112,
mcs70_m2Dr6_s25.A06,mcs70_m2Dr6_s25.B06,dal_rl,18,27,829017,0.119153,0,25,691324,0.0971823,556648,556648,0,425262,
mcs70_m2Dr6_s25.A07,mcs70_m2Dr6_s25.B07,dal_rl,17,25,1234731,0.18093,0,25,210038,0.0293474,807920,807920,0,610213,
mcs70_m2Dr6_s25.A08,mcs70_m2Dr6_s25.B08,dal_rl,18,28,547767,0.0772542,0,25,368187,0.0510825,355588,355588,0,261053,
mcs70_m2Dr6_s25.A09,mcs70_m2Dr6_s25.B09,dal_rl,17,23,1168658,0.163067,0,25,67670,0.00883446,765607,765607,0,565421,
mcs70_m2Dr6_s35.A00,mcs70_m2Dr6_s35.B00,dal_rl,25,41,21529381,3.20957,0,35,11069325,1.56943,14119685,14119685,0,10487589,
mcs70_m2Dr6_s35.A01,mcs70_m2Dr6_s35.B01,dal_rl,25,35,256861177,37.2882,0,35,250449827,36.2821,168402838,168402838,0,124332426,
mcs70_m2Dr6_s35.A02,mcs70_m2Dr6_s35.B02,dal_rl,26,44,35474717,5.31847,0,35,31331159,4.61635,23759425,23759425,0,17677750,
mcs70_m2Dr6_s35.A03,mcs70_m2Dr6_s35.B03,dal_rl,26,43,77788709,11.0623,0,35,73302882,10.3235,51334564,51334564,0,38323787,
mcs70_m2Dr6_s35.A04,mcs70_m2Dr6_s35.B04,dal_rl,25,34,213983398,32.3162,0,35,185458838,27.6192,141797096,141797096,0,107575893,
mcs70_m2Dr6_s35.A05,mcs70_m2Dr6_s35.B05,dal_rl,27,48,121391852,17.4232,0,35,120720394,17.3062,80733856,80733856,0,60408083,
mcs70_m2Dr6_s35.A06,mcs70_m2Dr6_s35.B06,dal_rl,25,35,119494460,17.8906,0,35,100709058,14.7613,77134193,77134193,0,57011165,
mcs70_m2Dr6_s35.A07,mcs70_m2Dr6_s35.B07,dal_rl,26,40,75328689,11.6448,0,35,67652887,10.3402,48797655,48797655,0,36202785,
mcs70_m2Dr6_s35.A08,mcs70_m2Dr6_s35.B08,dal_rl,26,44,120246333,17.3472,0,35,116116340,16.6768,80263992,80263992,0,59858310,
mcs70_m2Dr6_s35.A09,mcs70_m2Dr6_s35.B09,dal_rl,26,46,17857523,2.63824,0,35,13189402,1.88393,11887846,11887846,0,9047376,
mcs70_m2Dr6_s40.A00,mcs70_m2Dr6_s40.B00,dal_rl,27,47,2106038245,298.084,0,40,187866072,26.7344,1444890302,1444890302,0,1043783349,
mcs70_m2Dr6_s40.A01,mcs70_m2Dr6_s40.B01,dal_rl,28,46,1260923866,185.061,0,40,838727342,119.237,846163962,846163962,0,620331072,
mcs70_m2Dr6_s40.A02,mcs70_m2Dr6_s40.B02,dal_rl,28,43,924163271,139.187,0,40,838218501,125.355,624919302,624919302,0,472841270,
mcs70_m2Dr6_s40.A03,mcs70_m2Dr6_s40.B03,dal_rl,29,51,973201209,147.255,0,40,915480625,137.453,635211295,635211295,0,472699199,
mcs70_m2Dr6_s40.A04,mcs70_m2Dr6_s40.B04,dal_rl,29,41,887609788,128.674,0,40,819019615,117.359,581505964,581505964,0,422360514,
mcs70_m2Dr6_s40.A05,mcs70_m2Dr6_s40.B05,dal_rl,27,39,1279142227,193.885,0,40,528344715,78.0954,857952180,857952180,0,638517365,
mcs70_m2Dr6_s40.A06,mcs70_m2Dr6_s40.B06,dal_rl,28,48,3278448511,464.264,0,40,2995189713,420.383,2230966020,2230966020,0,1663122364,
mcs70_m2Dr6_s40.A07,mcs70_m2Dr6_s40.B07,dal_rl,28,45,1826472578,277.318,0,40,1356293197,202.356,1217766886,1217766886,0,917290731,
mcs70_m2Dr6_s40.A08,mcs70_m2Dr6_s40.B08,dal_rl,28,48,1151034010,171.866,0,40,980130743,144.748,765972660,765972660,0,569175179,
mcs70_m2Dr6_s40.A09,mcs70_m2Dr6_s40.B09,dal_rl,27,39,3219419147,484.77,0,40,533217994,76.8039,2130815736,2130815736,0,1555059358,
mcs70_m2Dr6_s50.A00,mcs70_m2Dr6_s50.B00,dal_rl,32,51,6822373260,1000.02,1,50,31580710,4.47507,4532482980,4532482980,0,3287752923,
mcs70_m2Dr6_s50.A01,mcs70_m2Dr6_s50.B01,dal_rl,33,47,6581264299,1000.01,1,50,50269418,7.03841,4494654183,4494654183,0,3357520016,
mcs70_m2Dr6_s50.A02,mcs70_m2Dr6_s50.B02,dal_rl,33,50,6753105632,1000.01,1,50,2921340808,417.949,4589385227,4589385227,0,3401300143,
mcs70_m2Dr6_s50.A03,mcs70_m2Dr6_s50.B03,dal_rl,32,40,6427676989,1000.01,1,50,30377444,4.50099,4254600295,4254600295,0,3135265139,
mcs70_m2Dr6_s50.A04,mcs70_m2Dr6_s50.B04,dal_rl,32,52,6738121515,1000.02,1,50,7070103,0.998485,4522454156,4522454156,0,3234430851,
mcs70_m2Dr6_s50.A05,mcs70_m2Dr6_s50.B05,dal_rl,32,45,7001659128,1000.01,1,50,22928968,3.32103,4526867196,4526867196,0,3140041041,
mcs70_m2Dr6_s50.A06,mcs70_m2Dr6_s50.B06,dal_rl,34,58,6457354308,1000.01,1,50,3334240428,499.536,4363379772,4363379772,0,3285121218,
mcs70_m2Dr6_s50.A07,mcs70_m2Dr6_s50.B07,dal_rl,33,51,6654169472,1000.01,1,50,286655256,41.3515,4457280954,4457280954,0,3304083248,
mcs70_m2Dr6_s50.A08,mcs70_m2Dr6_s50.B08,dal_rl,33,41,5493297994,1000.02,1,50,1432413558,247.207,3684263757,3684263757,0,2674777187,
mcs70_m2Dr6_s50.A09,mcs70_m2Dr6_s50.B09,dal_rl,36,61,5844972890,1000.02,1,50,1035544738,163.606,3923131244,3923131244,0,2980289181,
mcs70_m2Dr6_s60.A00,mcs70_m2Dr6_s60.B00,dal_rl,38,60,6473572269,1000.02,1,60,480561033,70.9089,4373616619,4373616619,0,3323203350,
mcs70_m2Dr6_s60.A01,mcs70_m2Dr6_s60.B01,dal_rl,38,46,6578168115,1000.02,1,60,3732304705,564.196,4374122993,4374122993,0,3164870265,
mcs70_m2Dr6_s60.A02,mcs70_m2Dr6_s60.B02,dal_rl,38,62,6883446405,1000.01,1,60,4873815227,696.443,4704178988,4704178988,0,3461110682,
mcs70_m2Dr6_s60.A03,mcs70_m2Dr6_s60.B03,dal_rl,38,53,7029482317,1000.02,1,60,20229836,2.67352,4992209140,4992209140,0,3589689236,
mcs70_m2Dr6_s60.A04,mcs70_m2Dr6_s60.B04,dal_rl,38,64,6728820928,1000.02,1,60,105334970,14.928,4522565510,4522565510,0,3342777451,
mcs70_m2Dr6_s60.A05,mcs70_m2Dr6_s60.B05,dal_rl,36,59,7345304717,1000.02,1,60,414494510,55.6784,5039868613,5039868613,0,3461266840,
mcs70_m2Dr6_s60.A06,mcs70_m2Dr6_s60.B06,dal_rl,39,59,6162211769,1000.02,1,60,342181013,50.9642,4068921799,4068921799,0,3083009397,
mcs70_m2Dr6_s60.A07,mcs70_m2Dr6_s60.B07,dal_rl,39,58,6630332592,1000.02,1,60,1076416718,158.662,4380862948,4380862948,0,3216034497,
mcs70_m2Dr6_s60.A08,mcs70_m2Dr6_s60.B08,dal_rl,39,65,6659569996,1000.01,1,60,863470377,124.294,4627346396,4627346396,0,3424599443,
mcs70_m2Dr6_s60.A09,mcs70_m2Dr6_s60.B09,dal_rl,38,69,6798582715,1000.01,1,60,4373682,0.573693,4568335880,4568335880,0,3293674894,
mcs70_m2Dr6_s70.A00,mcs70_m2Dr6_s70.B00,dal_rl,42,58,6636848814,1000.02,1,70,3829586929,551.02,4241522671,4241522671,0,3048891928,
mcs70_m2Dr6_s70.A01,mcs70_m2Dr6_s70.B01,dal_rl,42,54,6451894887,1000.03,1,70,225000736,33.7245,4159205286,4159205286,0,2817453812,
mcs70_m2Dr6_s70.A02,mcs70_m2Dr6_s70.B02,dal_rl,44,65,6691694861,1000.02,1,70,87679807,12.8055,4484547154,4484547154,0,3020473241,
mcs70_m2Dr6_s70.A03,mcs70_m2Dr6_s70.B03,dal_rl,44,74,6590547509,1000.02,1,70,1021119119,155.697,4565518473,4565518473,0,3346960865,
mcs70_m2Dr6_s70.A04,mcs70_m2Dr6_s70.B04,dal_rl,43,62,6978554096,1000.02,1,70,3552473276,498.325,5040360241,5040360241,0,3801526270,
mcs70_m2Dr6_s70.A05,mcs70_m2Dr6_s70.B05,dal_rl,43,67,6894444011,1000.01,1,70,44729972,5.3603,4780759761,4780759761,0,3391354120,
mcs70_m2Dr6_s70.A06,mcs70_m2Dr6_s70.B06,dal_rl,42,68,7171970514,1000.01,1,70,2112595522,269.87,5087358390,5087358390,0,3967465088,
mcs70_m2Dr6_s70.A07,mcs70_m2Dr6_s70.B07,dal_rl,43,73,6297872244,1000.02,1,70,5136723917,830.136,4349390424,4349390424,0,3050512726,
mcs70_m2Dr6_s70.A08,mcs70_m2Dr6_s70.B08,dal_rl,43,57,6103085658,1000.02,1,70,779576641,120.045,4117332451,4117332451,0,2874584398,
mcs70_m2Dr6_s70.A09,mcs70_m2Dr6_s70.B09,dal_rl,41,65,5911243376,1000.01,1,70,3190148,0.557819,3941207052,3941207052,0,2845037300,
mcs70_m2Dr6_s80.A00,mcs70_m2Dr6_s80.B00,dal_rl,47,77,6519063086,1000.02,1,80,29168245,4.33675,4139434849,4139434849,0,2941355948,
mcs70_m2Dr6_s80.A01,mcs70_m2Dr6_s80.B01,dal_rl,50,88,5645081860,1000.01,1,80,5215496230,916.568,3781150267,3781150267,0,2726717271,
mcs70_m2Dr6_s80.A02,mcs70_m2Dr6_s80.B02,dal_rl,48,76,4874787371,1000.02,1,80,338166727,64.135,3417319818,3417319818,0,2557041568,
mcs70_m2Dr6_s80.A03,mcs70_m2Dr6_s80.B03,dal_rl,48,70,3403661860,1000.02,1,80,3403443636,999.96,2203971560,2203971560,0,1572070076,
mcs70_m2Dr6_s80.A04,mcs70_m2Dr6_s80.B04,dal_rl,51,75,6953950388,1000.02,1,80,1073994454,84.9595,4897318927,4897318927,0,3691111673,
mcs70_m2Dr6_s80.A05,mcs70_m2Dr6_s80.B05,dal_rl,48,58,6847196068,1000.01,1,80,2545840718,358.223,4745180509,4745180509,0,3370024153,
mcs70_m2Dr6_s80.A06,mcs70_m2Dr6_s80.B06,dal_rl,50,71,6072152481,1000.02,1,80,194983261,29.666,3837319869,3837319869,0,2806146958,
mcs70_m2Dr6_s80.A07,mcs70_m2Dr6_s80.B07,dal_rl,48,75,6760114944,1000.02,1,80,83787657,11.9841,5050548350,5050548350,0,3776218328,
mcs70_m2Dr6_s80.A08,mcs70_m2Dr6_s80.B08,dal_rl,48,73,6775108296,1000.01,1,80,84019458,11.6425,4665570897,4665570897,0,3443270317,
mcs70_m2Dr6_s80.A09,mcs70_m2Dr6_s80.B09,dal_rl,49,72,6174108677,1000.01,1,80,2886847476,446.151,3867994078,3867994078,0,2758488249,
mcs70_m2Dr6_s90.A00,mcs70_m2Dr6_s90.B00,dal_rl,52,71,7004126027,1000.03,1,90,5306569,0.525997,5331778966,5331778966,0,4085756026,
mcs70_m2Dr6_s90.A01,mcs70_m2Dr6_s90.B01,dal_rl,52,69,6727088497,1000.02,1,90,15299533,2.16547,4258436019,4258436019,0,2962994167,
mcs70_m2Dr6_s90.A02,mcs70_m2Dr6_s90.B02,dal_rl,53,78,6951901679,1000.01,1,90,5890901552,838.104,4995740884,4995740884,0,3554169492,
mcs70_m2Dr6_s90.A03,mcs70_m2Dr6_s90.B03,dal_rl,54,73,6527338964,1000.02,1,90,2640894063,392.708,4298771531,4298771531,0,2954963213,
mcs70_m2Dr6_s90.A04,mcs70_m2Dr6_s90.B04,dal_rl,54,79,6708686077,1000.02,1,90,3524325471,503.489,4345486380,4345486380,0,3175563306,
mcs70_m2Dr6_s90.A05,mcs70_m2Dr6_s90.B05,dal_rl,53,78,6754666221,1000.01,1,90,78241261,4.23941,4755678925,4755678925,0,3398180284,
mcs70_m2Dr6_s90.A06,mcs70_m2Dr6_s90.B06,dal_rl,56,80,6555086320,1000.02,1,90,4749197492,708.661,4315043659,4315043659,0,3112208557,
mcs70_m2Dr6_s90.A07,mcs70_m2Dr6_s90.B07,dal_rl,54,83,6770442163,1000.01,1,90,5568792589,814.214,4525234231,4525234231,0,3159629608,
mcs70_m2Dr6_s90.A08,mcs70_m2Dr6_s90.B08,dal_rl,53,77,6865199058,1000.01,1,90,27638,0.00399882,4725961623,4725961623,0,3343226186,
mcs70_m2Dr6_s90.A09,mcs70_m2Dr6_s90.B09,dal_rl,52,80,7029866412,1000.02,1,90,2277468813,311.746,4502179392,4502179392,0,3313159394,
mcs70_m3D_s100.A00,mcs70_m3D_s100.B00,dal_rl,59,69,6802988889,1000.02,1,100,506193732,54.1851,4732039744,4732039744,0,3334448250,
mcs70_m3D_s100.A01,mcs70_m3D_s100.B01,dal_rl,60,96,6857601632,1000.02,1,100,52446088,6.39934,4813290633,4813290633,0,3601701353,
mcs70_m3D_s100.A02,mcs70_m3D_s100.B02,dal_rl,61,92,6197813520,1000.02,1,100,3267582489,519.946,4142324290,4142324290,0,3016299577,
mcs70_m3D_s100.A03,mcs70_m3D_s100.B03,dal_rl,60,96,6324795275,1000.02,1,100,1046699598,162.975,4512163009,4512163009,0,3260414251,
mcs70_m3D_s100.A04,mcs70_m3D_s100.B04,dal_rl,59,82,6357422604,1000.02,1,100,246593546,39.9485,4032095736,4032095736,0,2881710384,
mcs70_m3D_s100.A05,mcs70_m3D_s100.B05,dal_rl,58,80,6980439358,1000.02,1,100,131839220,17.5799,4743364850,4743364850,0,3305315484,
mcs70_m3D_s100.A06,mcs70_m3D_s100.B06,dal_rl,57,88,12808684678,1000.02,1,100,10552677522,664.641,10056870386,10056870386,0,7598905223,
mcs70_m3D_s100.A07,mcs70_m3D_s100.B07,dal_rl,58,81,6485459051,1000.01,1,100,656507010,86.4637,4190093895,4190093895,0,3036278143,
mcs70_m3D_s100.A08,mcs70_m3D_s100.B08,dal_rl,63,98,6487326346,1000.01,1,100,1355006370,202.981,4517825469,4517825469,0,3354349894,
mcs70_m3D_s100.A09,mcs70_m3D_s100.B09,dal_rl,59,95,7076274397,1000.02,1,100,3000565815,407.124,4752261558,4752261558,0,3443990439,
mcs70_m3D_s35.A00,mcs70_m3D_s35.B00,dal_rl,28,48,4086075,0.663877,0,35,1766869,0.275514,2460819,2460819,0,1540552,
mcs70_m3D_s35.A01,mcs70_m3D_s35.B01,dal_rl,28,45,2668762,0.440934,0,35,741443,0.10598,1613936,1613936,0,1063623,
mcs70_m3D_s35.A02,mcs70_m3D_s35.B02,dal_rl,29,49,6914813,1.08166,0,35,6624839,1.03215,4336711,4336711,0,3021837,
mcs70_m3D_s35.A03,mcs70_m3D_s35.B03,dal_rl,28,46,1758536,0.291366,0,35,837652,0.13268,1105601,1105601,0,763923,
mcs70_m3D_s35.A04,mcs70_m3D_s35.B04,dal_rl,29,49,3703485,0.580306,0,35,3233466,0.497151,2276661,2276661,0,1554092,
mcs70_m3D_s35.A05,mcs70_m3D_s35.B05,dal_rl,27,42,5756486,0.935476,0,35,1589573,0.247171,3540523,3540523,0,2402382,
mcs70_m3D_s35.A06,mcs70_m3D_s35.B06,dal_rl,27,49,5094063,0.834023,0,35,958179,0.149891,3116126,3116126,0,2030454,
mcs70_m3D_s35.A07,mcs70_m3D_s35.B07,dal_rl,27,46,3577872,0.585027,0,35,34605,0.00464075,2186421,2186421,0,1454994,
mcs70_m3D_s35.A08,mcs70_m3D_s35.B08,dal_rl,29,46,8119064,1.28464,0,35,8028570,1.26892,5201237,5201237,0,3596270,
mcs70_m3D_s35.A09,mcs70_m3D_s35.B09,dal_rl,28,45,7893323,1.53746,0,35,6785818,1.29124,5008793,5008793,0,3438460,
mcs70_m3D_s40.A00,mcs70_m3D_s40.B00,dal_rl,29,41,372851818,60.2025,0,40,202668754,31.1674,238113516,238113516,0,165345207,
mcs70_m3D_s40.A01,mcs70_m3D_s40.B01,dal_rl,30,51,333983647,102.483,0,40,303644158,92.2132,215025480,215025480,0,155598246,
mcs70_m3D_s40.A02,mcs70_m3D_s40.B02,dal_rl,30,43,163243994,51.5485,0,40,136346078,42.4616,104206410,104206410,0,74243177,
mcs70_m3D_s40.A03,mcs70_m3D_s40.B03,dal_rl,29,40,327366518,51.1423,0,40,182061648,27.7029,211967502,211967502,0,151980195,
mcs70_m3D_s40.A04,mcs70_m3D_s40.B04,dal_rl,30,46,79558138,13.2143,0,40,6451428,0.926348,50846512,50846512,0,36553001,
mcs70_m3D_s40.A05,mcs70_m3D_s40.B05,dal_rl,29,47,197500278,31.6294,0,40,288797,0.0464232,127870139,127870139,0,92193006,
mcs70_m3D_s40.A06,mcs70_m3D_s40.B06,dal_rl,31,52,153560664,23.9063,0,40,141637583,21.8566,100267642,100267642,0,73220568,
mcs70_m3D_s40.A07,mcs70_m3D_s40.B07,dal_rl,30,52,82925420,13.5569,0,40,28438856,4.44333,53247883,53247883,0,38151479,
mcs70_m3D_s40.A08,mcs70_m3D_s40.B08,dal_rl,30,48,74906706,12.3502,0,40,43535276,6.96655,47577803,47577803,0,33425443,
mcs70_m3D_s40.A09,mcs70_m3D_s40.B09,dal_rl,30,49,333420786,52.6761,0,40,292077706,45.849,212599950,212599950,0,149266511,
mcs70_m3D_s90.A00,mcs70_m3D_s90.B00,dal_rl,55,77,5139983537,1000.01,1,90,11451964,2.21179,3148985172,3148985172,0,2268673011,
mcs70_m3D_s90.A01,mcs70_m3D_s90.B01,dal_rl,54,77,5726481620,1000.02,1,90,1244781,0.198148,3936910804,3936910804,0,2743210904,
mcs70_m3D_s90.A02,mcs70_m3D_s90.B02,dal_rl,55,73,5367328787,1000.01,1,90,3214736936,586.888,3649233685,3649233685,0,2636150932,
mcs70_m3D_s90.A03,mcs70_m3D_s90.B03,dal_rl,55,83,5264513434,1000.01,1,90,419224830,66.53,3560069891,3560069891,0,2571878626,
mcs70_m3D_s90.A04,mcs70_m3D_s90.B04,dal_rl,54,79,4589094564,1000.01,1,90,29935826,5.03276,2713156652,2713156652,0,1860230024,
mcs70_m3D_s90.A05,mcs70_m3D_s90.B05,dal_rl,55,78,6530055836,1000.02,1,90,374232737,52.8086,4418544336,4418544336,0,3097431433,
mcs70_m3D_s90.A06,mcs70_m3D_s90.B06,dal_rl,54,78,6825761956,1000.02,1,90,6613255,0.438344,4418633768,4418633768,0,3144011589,
mcs70_m3D_s90.A07,mcs70_m3D_s90.B07,dal_rl,55,71,6468200049,1000.01,1,90,411968053,60.241,4178458824,4178458824,0,2948736803,
mcs70_m3D_s90.A08,mcs70_m3D_s90.B08,dal_rl,56,82,6443269943,1000.02,1,90,94886910,13.4968,4329238151,4329238151,0,3048559067,
mcs70_m3D_s90.A09,mcs70_m3D_s90.B09,dal_rl,55,79,6761940973,1000.01,1,90,5692310429,834.499,4599774258,4599774258,0,3295928990,
mcs70_m3Dr2_s100.A00,mcs70_m3Dr2_s100.B00,dal_rl,58,88,6990789631,1000.02,1,100,267814113,32.0065,4747114365,4747114365,0,3244519407,
mcs70_m3Dr2_s100.A01,mcs70_m3Dr2_s100.B01,dal_rl,57,84,6700476515,1000.01,1,100,2344050852,331.236,4314183157,4314183157,0,2954506172,
mcs70_m3Dr2_s100.A02,mcs70_m3Dr2_s100.B02,dal_rl,57,83,5166027970,1000.01,1,100,513747382,90.817,3165201064,3165201064,0,2363049444,
mcs70_m3Dr2_s100.A03,mcs70_m3Dr2_s100.B03,dal_rl,55,83,3419194446,1000.02,1,100,25168280,4.19369,2248152728,2248152728,0,1644040363,
mcs70_m3Dr2_s100.A04,mcs70_m3Dr2_s100.B04,dal_rl,56,93,6877854675,1000.01,1,100,2968129606,411.993,4634133706,4634133706,0,3286756661,
mcs70_m3Dr2_s100.A05,mcs70_m3Dr2_s100.B05,dal_rl,57,90,7684106180,1000.02,1,100,1272271576,75.8833,5581664974,5581664974,0,4107841283,
mcs70_m3Dr2_s100.A06,mcs70_m3Dr2_s100.B06,dal_rl,57,83,6194221963,1000.02,1,100,3214928183,496.211,3829698093,3829698093,0,2665201513,
mcs70_m3Dr2_s100.A07,mcs70_m3Dr2_s100.B07,dal_rl,59,91,6151858364,1000.02,1,100,634568409,102.465,4001607970,4001607970,0,2893601791,
mcs70_m3Dr2_s100.A08,mcs70_m3Dr2_s100.B08,dal_rl,58,87,6605622111,1000.01,1,100,2323705426,330.91,4342012657,4342012657,0,3148286390,
mcs70_m3Dr2_s100.A09,mcs70_m3Dr2_s100.B09,dal_rl,57,90,6331963091,1000.02,1,100,7543410,1.04965,4144040194,4144040194,0,2947120417,
mcs70_m3Dr2_s35.A00,mcs70_m3Dr2_s35.B00,dal_rl,28,58,73233578,22.4349,0,35,72836884,22.2898,47217878,47217878,0,34662535,
mcs70_m3Dr2_s35.A01,mcs70_m3Dr2_s35.B01,dal_rl,28,50,88693611,27.427,0,35,88406385,27.3235,56034279,56034279,0,39877761,
mcs70_m3Dr2_s35.A02,mcs70_m3Dr2_s35.B02,dal_rl,28,50,37310409,11.4613,0,35,36824227,11.2797,23886246,23886246,0,17571908,
mcs70_m3Dr2_s35.A03,mcs70_m3Dr2_s35.B03,dal_rl,28,54,3791548,0.602838,0,35,3245728,0.506507,2394185,2394185,0,1716861,
mcs70_m3Dr2_s35.A04,mcs70_m3Dr2_s35.B04,dal_rl,28,54,37587436,6.06085,0,35,36657872,5.88769,24001408,24001408,0,17636456,
mcs70_m3Dr2_s35.A05,mcs70_m3Dr2_s35.B05,dal_rl,27,46,19315773,4.13451,0,35,16660089,3.49313,12317979,12317979,0,8999559,
mcs70_m3Dr2_s35.A06,mcs70_m3Dr2_s35.B06,dal_rl,27,49,270464641,82.4692,0,35,269525313,82.121,173505242,173505242,0,127473188,
mcs70_m3Dr2_s35.A07,mcs70_m3Dr2_s35.B07,dal_rl,28,55,12557221,2.63779,0,35,11998001,2.49313,8103417,8103417,0,6014289,
mcs70_m3Dr2_s35.A08,mcs70_m3Dr2_s35.B08,dal_rl,27,44,38567569,12.5496,0,35,37245258,12.0646,24981024,24981024,0,18727622,
mcs70_m3Dr2_s35.A09,mcs70_m3Dr2_s35.B09,dal_rl,27,49,133598829,20.3883,0,35,132826620,20.2476,84675298,84675298,0,61409515,
mcs70_m3Dr2_s40.A00,mcs70_m3Dr2_s40.B00,dal_rl,27,41,1532974601,323.937,0,40,8735751,1.6436,1004106643,1004106643,0,733914035,
mcs70_m3Dr2_s40.A01,mcs70_m3Dr2_s40.B01,dal_rl,29,53,548403531,177.515,0,40,477861980,152.611,356866166,356866166,0,268976002,
mcs70_m3Dr2_s40.A02,mcs70_m3Dr2_s40.B02,dal_rl,28,50,4008444712,625.01,0,40,3497355223,539.208,2593263308,2593263308,0,1895872495,
mcs70_m3Dr2_s40.A03,mcs70_m3Dr2_s40.B03,dal_rl,29,52,1106171677,169.347,0,40,1048097427,159.507,718079268,718079268,0,522168053,
mcs70_m3Dr2_s40.A04,mcs70_m3Dr2_s40.B04,dal_rl,29,54,355385541,56.2448,0,40,275238810,42.2988,232530028,232530028,0,171224100,
mcs70_m3Dr2_s40.A05,mcs70_m3Dr2_s40.B05,dal_rl,29,49,474019551,73.3771,0,40,401997332,61.107,311565529,311565529,0,229424192,
mcs70_m3Dr2_s40.A06,mcs70_m3Dr2_s40.B06,dal_rl,27,40,3231224907,486.873,0,40,1615681517,239.131,2121532754,2121532754,0,1551728629,
mcs70_m3Dr2_s40.A07,mcs70_m3Dr2_s40.B07,dal_rl,27,40,1762684207,275.991,0,40,7575166,1.01692,1156648240,1156648240,0,853644095,
mcs70_m3Dr2_s40.A08,mcs70_m3Dr2_s40.B08,dal_rl,29,42,1914234940,293.683,0,40,1896891929,290.667,1263344045,1263344045,0,947992752,
mcs70_m3Dr2_s40.A09,mcs70_m3Dr2_s40.B09,dal_rl,27,46,2343725250,410.669,0,40,1378817826,235.613,1557039331,1557039331,0,1165400639,
mcs70_m3Dr2_s90.A00,mcs70_m3Dr2_s90.B00,dal_rl,52,72,6546393373,1000.01,1,90,26632036,3.96198,4271453463,4271453463,0,2987871571,
mcs70_m3Dr2_s90.A01,mcs70_m3Dr2_s90.B01,dal_rl,53,89,5950161268,1000.02,1,90,5244842563,876.401,3969078533,3969078533,0,2839296885,
mcs70_m3Dr2_s90.A02,mcs70_m3Dr2_s90.B02,dal_rl,52,81,6062198339,1000.02,1,90,56689300,9.52605,3802098981,3802098981,0,2744179745,
mcs70_m3Dr2_s90.A03,mcs70_m3Dr2_s90.B03,dal_rl,55,78,5863228568,1000.01,1,90,89772057,14.8346,3751247603,3751247603,0,2606371538,
mcs70_m3Dr2_s90.A04,mcs70_m3Dr2_s90.B04,dal_rl,50,86,3476333552,1000.02,1,90,660861359,178.821,2247092732,2247092732,0,1635890773,
mcs70_m3Dr2_s90.A05,mcs70_m3Dr2_s90.B05,dal_rl,54,82,6768843765,1000.01,1,90,9479167,1.28794,4510719820,4510719820,0,3189486234,
mcs70_m3Dr2_s90.A06,mcs70_m3Dr2_s90.B06,dal_rl,52,75,6830306010,1000.02,1,90,45170302,5.9809,4388632920,4388632920,0,3071154466,
mcs70_m3Dr2_s90.A07,mcs70_m3Dr2_s90.B07,dal_rl,50,80,6815005040,1000.02,1,90,39516153,4.10856,4655297476,4655297476,0,3335827665,
mcs70_m3Dr2_s90.A08,mcs70_m3Dr2_s90.B08,dal_rl,51,72,6460617606,1000.01,1,90,220425074,31.0945,4178033937,4178033937,0,2968173967,
mcs70_m3Dr2_s90.A09,mcs70_m3Dr2_s90.B09,dal_rl,52,81,6290616285,1000.01,1,90,221004290,31.6806,4138435148,4138435148,0,2947223866,
mcs70_m3Dr4_s100.A00,mcs70_m3Dr4_s100.B00,dal_rl,53,77,3140024105,1000.02,1,100,1347072852,439.831,1990113668,1990113668,0,1336772939,
mcs70_m3Dr4_s100.A01,mcs70_m3Dr4_s100.B01,dal_rl,56,85,6953556816,1000.02,1,100,259497234,26.6476,4624797702,4624797702,0,3352923884,
mcs70_m3Dr4_s100.A02,mcs70_m3Dr4_s100.B02,dal_rl,55,87,6306756309,1000.02,1,100,21863640,2.11079,4011294584,4011294584,0,2900446445,
mcs70_m3Dr4_s100.A03,mcs70_m3Dr4_s100.B03,dal_rl,54,69,7886012194,1000.01,1,100,6897915742,850.383,5950515452,5950515452,0,4538715908,
mcs70_m3Dr4_s100.A04,mcs70_m3Dr4_s100.B04,dal_rl,55,93,6415296755,1000.01,1,100,522552232,77.4605,3904479873,3904479873,0,2749832928,
mcs70_m3Dr4_s100.A05,mcs70_m3Dr4_s100.B05,dal_rl,56,99,5894529101,1000.01,1,100,261465,0.0339061,3583674083,3583674083,0,2688556463,
mcs70_m3Dr4_s100.A06,mcs70_m3Dr4_s100.B06,dal_rl,55,91,6758550511,1000.01,1,100,316299200,33.0008,4361106234,4361106234,0,3114570953,
mcs70_m3Dr4_s100.A07,mcs70_m3Dr4_s100.B07,dal_rl,58,90,6232926939,1000.01,1,100,237893872,32.4941,4138464207,4138464207,0,3025191652,
mcs70_m3Dr4_s100.A08,mcs70_m3Dr4_s100.B08,dal_rl,56,78,6247178574,1000.01,1,100,268821936,38.8636,3903895346,3903895346,0,2887883390,
mcs70_m3Dr4_s100.A09,mcs70_m3Dr4_s100.B09,dal_rl,57,103,6391725611,1000.01,1,100,5122424944,805.783,4051803367,4051803367,0,2948735579,
mcs70_m3Dr4_s35.A00,mcs70_m3Dr4_s35.B00,dal_rl,27,50,138108333,21.1222,0,35,137188470,20.9561,90033381,90033381,0,68642006,
mcs70_m3Dr4_s35.A01,mcs70_m3Dr4_s35.B01,dal_rl,27,55,189951883,28.4016,0,35,188459856,28.1308,121068649,121068649,0,88611637,
mcs70_m3Dr4_s35.A02,mcs70_m3Dr4_s35.B02,dal_rl,29,61,31782900,4.93404,0,35,31694499,4.9173,20519013,20519013,0,15564448,
mcs70_m3Dr4_s35.A03,mcs70_m3Dr4_s35.B03,dal_rl,27,56,132322004,20.7859,0,35,131072080,20.5564,84879019,84879019,0,64287570,
mcs70_m3Dr4_s35.A04,mcs70_m3Dr4_s35.B04,dal_rl,27,55,24421788,3.76344,0,35,23241274,3.55089,15820118,15820118,0,12011492,
mcs70_m3Dr4_s35.A05,mcs70_m3Dr4_s35.B05,dal_rl,27,47,55134485,8.53691,0,35,54215891,8.36708,36159053,36159053,0,27468547,
mcs70_m3Dr4_s35.A06,mcs70_m3Dr4_s35.B06,dal_rl,27,53,2192938,0.400169,0,35,408984,0.0641723,1427962,1427962,0,1114952,
mcs70_m3Dr4_s35.A07,mcs70_m3Dr4_s35.B07,dal_rl,27,51,55026714,8.46962,0,35,54555317,8.38274,35125317,35125317,0,25663304,
mcs70_m3Dr4_s35.A08,mcs70_m3Dr4_s35.B08,dal_rl,28,47,10896615,1.74827,0,35,10755918,1.72104,7239138,7239138,0,5603325,
mcs70_m3Dr4_s35.A09,mcs70_m3Dr4_s35.B09,dal_rl,27,53,33006513,5.3802,0,35,31722180,5.14219,21517642,21517642,0,16445150,
mcs70_m3Dr4_s40.A00,mcs70_m3Dr4_s40.B00,dal_rl,28,55,2054793130,324.294,0,40,1962288047,307.8,1370468362,1370468362,0,1064859475,
mcs70_m3Dr4_s40.A01,mcs70_m3Dr4_s40.B01,dal_rl,28,47,1097062743,177.868,0,40,899267789,142.856,712335843,712335843,0,548852813,
mcs70_m3Dr4_s40.A02,mcs70_m3Dr4_s40.B02,dal_rl,27,45,2708456229,424.616,0,40,2338364301,362.621,1800063671,1800063671,0,1375788921,
mcs70_m3Dr4_s40.A03,mcs70_m3Dr4_s40.B03,dal_rl,28,51,2741014195,424.773,0,40,2672385699,412.938,1809513953,1809513953,0,1377106798,
mcs70_m3Dr4_s40.A04,mcs70_m3Dr4_s40.B04,dal_rl,28,46,700297728,108.561,0,40,544957845,81.8998,454582251,454582251,0,334890804,
mcs70_m3Dr4_s40.A05,mcs70_m3Dr4_s40.B05,dal_rl,28,50,2083100041,324.246,0,40,1960052832,302.774,1383960329,1383960329,0,1059867942,
mcs70_m3Dr4_s40.A06,mcs70_m3Dr4_s40.B06,dal_rl,28,41,2841169592,445.258,0,40,2752674530,429.74,1844329593,1844329593,0,1359541045,
mcs70_m3Dr4_s40.A07,mcs70_m3Dr4_s40.B07,dal_rl,27,45,1560382761,250.338,0,40,922115138,143.926,1025977713,1025977713,0,775446287,
mcs70_m3Dr4_s40.A08,mcs70_m3Dr4_s40.B08,dal_rl,28,48,3553038759,559.345,0,40,3505528393,551.12,2362803065,2362803065,0,1806431449,
mcs70_m3Dr4_s40.A09,mcs70_m3Dr4_s40.B09,dal_rl,29,51,1560758381,247.71,0,40,1511861070,238.744,989730948,989730948,0,739926175,
mcs70_m3Dr4_s90.A00,mcs70_m3Dr4_s90.B00,dal_rl,50,73,6363375279,1000.01,1,90,1569188114,240.254,4109176791,4109176791,0,3035134533,
mcs70_m3Dr4_s90.A01,mcs70_m3Dr4_s90.B01,dal_rl,52,81,6125326547,1000.01,1,90,1792826107,279.815,3932860539,3932860539,0,2820525890,
mcs70_m3Dr4_s90.A02,mcs70_m3Dr4_s90.B02,dal_rl,49,80,6715397339,1000.01,1,90,4850919914,703.715,4426114966,4426114966,0,3303464872,
mcs70_m3Dr4_s90.A03,mcs70_m3Dr4_s90.B03,dal_rl,51,64,5563652905,1000.02,1,90,2636255188,459.049,3628620145,3628620145,0,2660816192,
mcs70_m3Dr4_s90.A04,mcs70_m3Dr4_s90.B04,dal_rl,51,80,4914570652,1000.02,1,90,155634761,28.221,3009756286,3009756286,0,2206473164,
mcs70_m3Dr4_s90.A05,mcs70_m3Dr4_s90.B05,dal_rl,51,87,5647767650,1000.02,1,90,2764591885,462.431,3701210195,3701210195,0,2701970812,
mcs70_m3Dr4_s90.A06,mcs70_m3Dr4_s90.B06,dal_rl,51,86,5134927273,1000.02,1,90,102400725,18.1203,3199088262,3199088262,0,2429803568,
mcs70_m3Dr4_s90.A07,mcs70_m3Dr4_s90.B07,dal_rl,52,87,5235880061,1000.01,1,90,15374559,3.08667,3245809729,3245809729,0,2413201500,
mcs70_m3Dr4_s90.A08,mcs70_m3Dr4_s90.B08,dal_rl,51,79,6296688265,1000.02,1,90,4457622825,702.229,3978705798,3978705798,0,2867132902,
mcs70_m3Dr4_s90.A09,mcs70_m3Dr4_s90.B09,dal_rl,50,77,6238772322,1000.01,1,90,46806867,6.92819,4207969580,4207969580,0,3061072372,
mcs70_m3Dr6_s100.A00,mcs70_m3Dr6_s100.B00,dal_rl,53,83,6644867816,1000.02,1,100,2887749862,330.368,4433417721,4433417721,0,3384156999,
mcs70_m3Dr6_s100.A01,mcs70_m3Dr6_s100.B01,dal_rl,53,81,6520005757,1000.02,1,100,1430347273,213.101,4275956816,4275956816,0,3221305309,
mcs70_m3Dr6_s100.A02,mcs70_m3Dr6_s100.B02,dal_rl,55,93,5614468614,1000.02,1,100,1499441646,257.64,3534024765,3534024765,0,2714293373,
mcs70_m3Dr6_s100.A03,mcs70_m3Dr6_s100.B03,dal_rl,53,101,6964442654,1000.02,1,100,1833295510,188.566,4626947616,4626947616,0,3482276907,
mcs70_m3Dr6_s100.A04,mcs70_m3Dr6_s100.B04,dal_rl,55,89,6469350059,1000.02,1,100,2339506788,353.174,4269172606,4269172606,0,3086683991,
mcs70_m3Dr6_s100.A05,mcs70_m3Dr6_s100.B05,dal_rl,53,79,5980517770,1000.01,1,100,18011262,1.91721,3872377230,3872377230,0,2907780303,
mcs70_m3Dr6_s100.A06,mcs70_m3Dr6_s100.B06,dal_rl,52,90,6289516341,1000.02,1,100,1445374211,223.96,4009878943,4009878943,0,2990068327,
mcs70_m3Dr6_s100.A07,mcs70_m3Dr6_s100.B07,dal_rl,53,94,6394035472,1000.02,1,100,1777005132,266.363,4264549042,4264549042,0,3195030670,
mcs70_m3Dr6_s100.A08,mcs70_m3Dr6_s100.B08,dal_rl,53,91,5404201450,1000.02,1,100,288599092,51.8712,3416409706,3416409706,0,2443042709,
mcs70_m3Dr6_s100.A09,mcs70_m3Dr6_s100.B09,dal_rl,54,69,4531677063,1000.02,1,100,2740365530,591.139,2846817680,2846817680,0,2130208650,
mcs70_m3Dr6_s35.A00,mcs70_m3Dr6_s35.B00,dal_rl,27,55,59630208,13.5203,0,35,58931646,13.3313,38626258,38626258,0,30763217,
mcs70_m3Dr6_s35.A01,mcs70_m3Dr6_s35.B01,dal_rl,27,58,98362649,15.9927,0,35,97953239,15.9141,63700114,63700114,0,49792303,
mcs70_m3Dr6_s35.A02,mcs70_m3Dr6_s35.B02,dal_rl,27,52,47539058,7.66854,0,35,47211393,7.6061,31865324,31865324,0,25248995,
mcs70_m3Dr6_s35.A03,mcs70_m3Dr6_s35.B03,dal_rl,27,57,51249593,7.52559,0,35,50434744,7.37447,33386821,33386821,0,25198664,
mcs70_m3Dr6_s35.A04,mcs70_m3Dr6_s35.B04,dal_rl,27,57,51235207,7.82785,0,35,50394695,7.67172,32858789,32858789,0,24080531,
mcs70_m3Dr6_s35.A05,mcs70_m3Dr6_s35.B05,dal_rl,27,57,91214123,14.8303,0,35,90280146,14.6527,59400670,59400670,0,46703355,
mcs70_m3Dr6_s35.A06,mcs70_m3Dr6_s35.B06,dal_rl,27,57,109500010,23.3063,0,35,108701381,23.0883,70705977,70705977,0,54008095,
mcs70_m3Dr6_s35.A07,mcs70_m3Dr6_s35.B07,dal_rl,27,49,14960221,4.8481,0,35,14254378,4.5807,9880201,9880201,0,7819441,
mcs70_m3Dr6_s35.A08,mcs70_m3Dr6_s35.B08,dal_rl,27,50,34644383,5.49553,0,35,34125142,5.39905,22693591,22693591,0,17389017,
mcs70_m3Dr6_s35.A09,mcs70_m3Dr6_s35.B09,dal_rl,27,58,13609840,2.09582,0,35,13046977,1.98819,8728463,8728463,0,6823125,
mcs70_m3Dr6_s40.A00,mcs70_m3Dr6_s40.B00,dal_rl,28,53,1283048729,206.737,0,40,1242499142,199.229,858875177,858875177,0,668107856,
mcs70_m3Dr6_s40.A01,mcs70_m3Dr6_s40.B01,dal_rl,27,45,1671084087,272.929,0,40,1581511205,256.981,1086204021,1086204021,0,822068452,
mcs70_m3Dr6_s40.A02,mcs70_m3Dr6_s40.B02,dal_rl,29,51,1190020995,192.707,0,40,1183454581,191.445,786072186,786072186,0,609227194,
mcs70_m3Dr6_s40.A03,mcs70_m3Dr6_s40.B03,dal_rl,28,57,2373145945,380.453,0,40,2333474319,373.307,1543218420,1543218420,0,1174224091,
mcs70_m3Dr6_s40.A04,mcs70_m3Dr6_s40.B04,dal_rl,27,50,646244283,114.268,0,40,368860025,63.3234,428732762,428732762,0,331681339,
mcs70_m3Dr6_s40.A05,mcs70_m3Dr6_s40.B05,dal_rl,28,51,245517128,41.9517,0,40,163994112,26.8078,160683171,160683171,0,125347510,
mcs70_m3Dr6_s40.A06,mcs70_m3Dr6_s40.B06,dal_rl,27,47,3792977926,615.179,0,40,3551354836,571.822,2491062966,2491062966,0,1937268182,
mcs70_m3Dr6_s40.A07,mcs70_m3Dr6_s40.B07,dal_rl,28,56,487866753,108.891,0,40,428518560,94.1751,319494008,319494008,0,247063100,
mcs70_m3Dr6_s40.A08,mcs70_m3Dr6_s40.B08,dal_rl,28,45,3056908897,1000.01,1,40,3028993277,989.69,1992165026,1992165026,0,1552035007,
mcs70_m3Dr6_s40.A09,mcs70_m3Dr6_s40.B09,dal_rl,29,62,926057249,152.571,0,40,887159428,145.146,597387168,597387168,0,467831494,
mcs70_m3Dr6_s90.A00,mcs70_m3Dr6_s90.B00,dal_rl,50,77,5783478844,1000.01,1,90,18252737,2.79325,3564770764,3564770764,0,2601811895,
mcs70_m3Dr6_s90.A01,mcs70_m3Dr6_s90.B01,dal_rl,48,81,5571404835,1000.02,1,90,50959406,8.43042,3489693241,3489693241,0,2670796539,
mcs70_m3Dr6_s90.A02,mcs70_m3Dr6_s90.B02,dal_rl,50,87,6129646869,1000.02,1,90,2403691648,378.651,3914834861,3914834861,0,2875443166,
mcs70_m3Dr6_s90.A03,mcs70_m3Dr6_s90.B03,dal_rl,49,70,6461792561,1000.02,1,90,914111242,140.647,4199650805,4199650805,0,3080110898,
mcs70_m3Dr6_s90.A04,mcs70_m3Dr6_s90.B04,dal_rl,48,77,5961304124,1000.02,1,90,3296972625,547.74,3723580551,3723580551,0,2800739526,
mcs70_m3Dr6_s90.A05,mcs70_m3Dr6_s90.B05,dal_rl,46,76,5620269308,1000.02,1,90,246489227,42.171,3492801143,3492801143,0,2544717167,
mcs70_m3Dr6_s90.A06,mcs70_m3Dr6_s90.B06,dal_rl,50,82,5806320832,1000.01,1,90,362865866,63.0457,3613096093,3613096093,0,2716801730,
mcs70_m3Dr6_s90.A07,mcs70_m3Dr6_s90.B07,dal_rl,50,74,6529119025,1000.02,1,90,947174753,136.256,4551739945,4551739945,0,3425758134,
mcs70_m3Dr6_s90.A08,mcs70_m3Dr6_s90.B08,dal_rl,49,83,6445105208,1000.02,1,90,4869950121,743.106,4013674393,4013674393,0,2768163472,
mcs70_m3Dr6_s90.A09,mcs70_m3Dr6_s90.B09,dal_rl,48,79,6247356489,1000.02,1,90,2090152727,324.984,4152953538,4152953538,0,2982804045,
mcs70_m4D_s25.A00,mcs70_m4D_s25.B00,dal_rl,19,27,289545,0.0329301,0,25,175635,0.018773,196634,196634,0,134612,
mcs70_m4D_s25.A01,mcs70_m4D_s25.B01,dal_rl,19,29,232812,0.0266859,0,25,152127,0.0158464,165075,165075,0,119834,
mcs70_m4D_s25.A02,mcs70_m4D_s25.B02,dal_rl,19,29,265984,0.0341975,0,25,172081,0.0213285,196313,196313,0,155128,
mcs70_m4D_s25.A03,mcs70_m4D_s25.B03,dal_rl,19,29,285884,0.0444068,0,25,126555,0.0183473,193815,193815,0,136292,
mcs70_m4D_s25.A04,mcs70_m4D_s25.B04,dal_rl,19,26,248746,0.0304407,0,25,105151,0.012563,172546,172546,0,121675,
mcs70_m4D_s25.A05,mcs70_m4D_s25.B05,dal_rl,19,23,107421,0.0144476,0,25,8210,0.00100892,68790,68790,0,46086,
mcs70_m4D_s25.A06,mcs70_m4D_s25.B06,dal_rl,20,30,118779,0.0141252,0,25,93479,0.0104207,88979,88979,0,67759,
mcs70_m4D_s25.A07,mcs70_m4D_s25.B07,dal_rl,19,27,165860,0.0220069,0,25,58374,0.00725268,113420,113420,0,80836,
mcs70_m4D_s25.A08,mcs70_m4D_s25.B08,dal_rl,20,24,149221,0.0184612,0,25,146955,0.0181213,103567,103567,0,71552,
mcs70_m4D_s25.A09,mcs70_m4D_s25.B09,dal_rl,19,29,104353,0.0141899,0,25,23544,0.0031567,70797,70797,0,50707,
mcs70_m4Dr2_s25.A00,mcs70_m4Dr2_s25.B00,dal_rl,18,23,544864,0.0722495,0,25,120924,0.0151101,388220,388220,0,295765,
mcs70_m4Dr2_s25.A01,mcs70_m4Dr2_s25.B01,dal_rl,18,27,346012,0.0486067,0,25,129364,0.0168599,236683,236683,0,177313,
mcs70_m4Dr2_s25.A02,mcs70_m4Dr2_s25.B02,dal_rl,18,25,728889,0.0899529,0,25,7628,0.00091777,488818,488818,0,344759,
mcs70_m4Dr2_s25.A03,mcs70_m4Dr2_s25.B03,dal_rl,18,29,594103,0.0987994,0,25,114713,0.0162541,395442,395442,0,283342,
mcs70_m4Dr2_s25.A04,mcs70_m4Dr2_s25.B04,dal_rl,18,30,594542,0.0762719,0,25,59519,0.00694124,427691,427691,0,327809,
mcs70_m4Dr2_s25.A05,mcs70_m4Dr2_s25.B05,dal_rl,18,28,335801,0.0492747,0,25,61442,0.0084072,219751,219751,0,156550,
mcs70_m4Dr2_s25.A06,mcs70_m4Dr2_s25.B06,dal_rl,17,22,701232,0.0895581,0,25,87217,0.00918875,484586,484586,0,359599,
mcs70_m4Dr2_s25.A07,mcs70_m4Dr2_s25.B07,dal_rl,18,31,309841,0.0420545,0,25,22323,0.00272945,202984,202984,0,148176,
mcs70_m4Dr2_s25.A08,mcs70_m4Dr2_s25.B08,dal_rl,18,25,579787,0.0715569,0,25,203929,0.0236934,416211,416211,0,321376,
mcs70_m4Dr2_s25.A09,mcs70_m4Dr2_s25.B09,dal_rl,19,29,140177,0.0186005,0,25,91504,0.0116268,92019,92019,0,64282,
mcs70_m4Dr4_s25.A00,mcs70_m4Dr4_s25.B00,dal_rl,18,32,556681,0.0804241,0,25,321235,0.0446782,364236,364236,0,273716,
mcs70_m4Dr4_s25.A01,mcs70_m4Dr4_s25.B01,dal_rl,17,27,489272,0.0690359,0,25,29859,0.00411223,320738,320738,0,238549,
mcs70_m4Dr4_s25.A02,mcs70_m4Dr4_s25.B02,dal_rl,18,29,372453,0.0535808,0,25,311183,0.0443917,239245,239245,0,179809,
mcs70_m4Dr4_s25.A03,mcs70_m4Dr4_s25.B03,dal_rl,18,34,263166,0.0371232,0,25,74688,0.00988241,188845,188845,0,151682,
mcs70_m4Dr4_s25.A04,mcs70_m4Dr4_s25.B04,dal_rl,18,28,638147,0.0827682,0,25,461543,0.0574528,419814,419814,0,304165,
mcs70_m4Dr4_s25.A05,mcs70_m4Dr4_s25.B05,dal_rl,17,23,646965,0.0918054,0,25,21425,0.00255523,459553,459553,0,365670,
mcs70_m4Dr4_s25.A06,mcs70_m4Dr4_s25.B06,dal_rl,17,29,556350,0.0749936,0,25,1064,0.000135613,370507,370507,0,277208,
mcs70_m4Dr4_s25.A07,mcs70_m4Dr4_s25.B07,dal_rl,18,28,872008,0.14936,0,25,760248,0.130253,572115,572115,0,421310,
mcs70_m4Dr4_s25.A08,mcs70_m4Dr4_s25.B08,dal_rl,18,33,102122,0.0143577,0,25,31408,0.00402264,67714,67714,0,48967,
mcs70_m4Dr4_s25.A09,mcs70_m4Dr4_s25.B09,dal_rl,17,36,705813,0.10187,0,25,91027,0.0118643,463782,463782,0,349520,
mcs70_m4Dr6_s25.A00,mcs70_m4Dr6_s25.B00,dal_rl,17,31,532422,0.0819085,0,25,206257,0.030922,344894,344894,0,265556,
mcs70_m4Dr6_s25.A01,mcs70_m4Dr6_s25.B01,dal_rl,17,32,578931,0.0858836,0,25,275425,0.039045,391407,391407,0,308509,
mcs70_m4Dr6_s25.A02,mcs70_m4Dr6_s25.B02,dal_rl,17,32,491239,0.0722283,0,25,155461,0.0208909,324168,324168,0,250244,
mcs70_m4Dr6_s25.A03,mcs70_m4Dr6_s25.B03,dal_rl,17,30,506045,0.0756843,0,25,9037,0.00125222,334737,334737,0,253270,
mcs70_m4Dr6_s25.A04,mcs70_m4Dr6_s25.B04,dal_rl,17,30,550782,0.0762785,0,25,146506,0.0188746,370337,370337,0,282642,
mcs70_m4Dr6_s25.A05,mcs70_m4Dr6_s25.B05,dal_rl,17,27,925765,0.132212,0,25,645167,0.0912666,628290,628290,0,490956,
mcs70_m4Dr6_s25.A06,mcs70_m4Dr6_s25.B06,dal_rl,17,23,790272,0.112517,0,25,356188,0.0483396,523624,523624,0,398724,
mcs70_m4Dr6_s25.A07,mcs70_m4Dr6_s25.B07,dal_rl,17,30,406561,0.0562597,0,25,161187,0.0210897,271364,271364,0,204073,
mcs70_m4Dr6_s25.A08,mcs70_m4Dr6_s25.B08,dal_rl,17,29,988156,0.141978,0,25,144493,0.0194091,648955,648955,0,483452,
mcs70_m4Dr6_s25.A09,mcs70_m4Dr6_s25.B09,dal_rl,17,28,358056,0.0522183,0,25,94924,0.0133954,232737,232737,0,172855,
mcs70_r001_s100.A00,mcs70_r001_s100.B00,dal_rl,69,69,10342329016,1000.01,1,100,33220417,3.25702,8986312308,8986312308,0,7688284773,
mcs70_r001_s100.A01,mcs70_r001_s100.B01,dal_rl,68,68,17249692566,1000.02,1,100,393,0.000101391,13806171375,13806171375,0,10424872118,
mcs70_r001_s100.A02,mcs70_r001_s100.B02,dal_rl,66,58,20669870323,1000.02,1,100,281,9.7275e-05,16500308724,16500308724,0,12722457866,
mcs70_r001_s100.A03,mcs70_r001_s100.B03,dal_rl,73,75,5653563953,1000.01,1,100,2795387087,465.493,4495445712,4495445712,0,3355804146,
mcs70_r001_s100.A04,mcs70_r001_s100.B04,dal_rl,70,75,16029287970,1000.01,1,100,1244787347,67.8198,13662725511,13662725511,0,11296519594,
mcs70_r001_s100.A05,mcs70_r001_s100.B05,dal_rl,75,82,6924640019,1000.01,1,100,448057274,48.8126,5165195996,5165195996,0,3590623207,
mcs70_r001_s100.A06,mcs70_r001_s100.B06,dal_rl,69,71,16488344834,1000.03,1,100,1860815768,99.9251,14377012321,14377012321,0,12288920119,
mcs70_r001_s100.A07,mcs70_r001_s100.B07,dal_rl,72,75,10199211641,1000.02,1,100,8904255980,859.084,7961042085,7961042085,0,5847050737,
mcs70_r001_s100.A08,mcs70_r001_s100.B08,dal_rl,67,63,16330180932,1000.02,1,100,293,9.314e-05,13894465469,13894465469,0,11647778894,
mcs70_r001_s100.A09,mcs70_r001_s100.B09,dal_rl,73,68,12366768661,1000.02,1,100,10023649770,671.997,10212536290,10212536290,0,8167801539,
mcs70_r005_s100.A00,mcs70_r005_s100.B00,dal_rl,41,79,5094724251,1000.01,1,100,27078362,5.07582,3126807836,3126807836,0,2513559340,
mcs70_r005_s100.A01,mcs70_r005_s100.B01,dal_rl,41,99,5540279830,1000.02,1,100,2938004115,510.775,3475145721,3475145721,0,2744299522,
mcs70_r005_s100.A02,mcs70_r005_s100.B02,dal_rl,41,76,4979398730,1000.02,1,100,68097513,13.2602,3115625849,3115625849,0,2394261501,
mcs70_r005_s100.A03,mcs70_r005_s100.B03,dal_rl,43,103,5174529973,1000.01,1,100,2852840581,536.106,3117135089,3117135089,0,2433377365,
mcs70_r005_s100.A04,mcs70_r005_s100.B04,dal_rl,41,87,5330868588,1000.01,1,100,1489475681,271.424,3244373628,3244373628,0,2573596928,
mcs70_r005_s100.A05,mcs70_r005_s100.B05,dal_rl,43,98,5145967816,1000.02,1,100,2240772238,425.215,3107330315,3107330315,0,2479440818,
mcs70_r005_s100.A06,mcs70_r005_s100.B06,dal_rl,42,91,5099435318,1000.01,1,100,3223035828,606.763,3183628147,3183628147,0,2292101992,
mcs70_r005_s100.A07,mcs70_r005_s100.B07,dal_rl,42,91,5354168510,1000.02,1,100,182930625,34.269,3393155408,3393155408,0,2740966541,
mcs70_r005_s100.A08,mcs70_r005_s100.B08,dal_rl,41,83,5327892125,1000.02,1,100,3440226289,623.853,3253932139,3253932139,0,2572788358,
mcs70_r005_s100.A09,mcs70_r005_s100.B09,dal_rl,41,81,5351415675,1000.02,1,100,16303608,2.92062,3209094732,3209094732,0,2546265377,
mcs70_r005_s20.A00,mcs70_r005_s20.B00,dal_rl,16,18,26728,0.00246328,0,20,11347,0.000944183,18381,18381,0,11773,
mcs70_r005_s20.A01,mcs70_r005_s20.B01,dal_rl,16,14,24596,0.00232303,0,20,8614,0.000605356,17913,17913,0,11994,
mcs70_r005_s20.A02,mcs70_r005_s20.B02,dal_rl,16,16,47374,0.0049427,0,20,12347,0.00122234,31025,31025,0,18223,
mcs70_r005_s20.A03,mcs70_r005_s20.B03,dal_rl,16,15,16449,0.00177044,0,20,2685,0.0002324,11525,11525,0,7584,
mcs70_r005_s20.A04,mcs70_r005_s20.B04,dal_rl,16,15,29298,0.00308889,0,20,12711,0.00127483,20380,20380,0,13996,
mcs70_r005_s20.A05,mcs70_r005_s20.B05,dal_rl,16,16,45671,0.0046489,0,20,13804,0.00120012,32498,32498,0,21266,
mcs70_r005_s20.A06,mcs70_r005_s20.B06,dal_rl,17,16,8115,0.000915698,0,20,3725,0.000387563,5424,5424,0,3438,
mcs70_r005_s20.A07,mcs70_r005_s20.B07,dal_rl,16,15,51190,0.00495994,0,20,26133,0.00234082,35910,35910,0,23094,
mcs70_r005_s20.A08,mcs70_r005_s20.B08,dal_rl,16,15,31989,0.00340669,0,20,1922,0.000209366,22419,22419,0,14931,
mcs70_r005_s20.A09,mcs70_r005_s20.B09,dal_rl,16,17,20717,0.00218896,0,20,13598,0.0012788,14880,14880,0,10620,
mcs70_r005_s25.A00,mcs70_r005_s25.B00,dal_rl,21,23,139110,0.0141356,0,25,133323,0.0133231,99361,99361,0,66088,
mcs70_r005_s25.A01,mcs70_r005_s25.B01,dal_rl,20,18,705433,0.0781146,0,25,653032,0.0718065,463218,463218,0,291208,
mcs70_r005_s25.A02,mcs70_r005_s25.B02,dal_rl,21,24,47218,0.00658072,0,25,31978,0.00448258,33328,33328,0,23955,
mcs70_r005_s25.A03,mcs70_r005_s25.B03,dal_rl,20,20,94797,0.0122849,0,25,17722,0.00240451,64532,64532,0,42990,
mcs70_r005_s25.A04,mcs70_r005_s25.B04,dal_rl,20,18,452967,0.0525242,0,25,415218,0.0479055,308194,308194,0,208769,
mcs70_r005_s25.A05,mcs70_r005_s25.B05,dal_rl,20,24,135694,0.0141298,0,25,73191,0.00654578,97528,97528,0,68445,
mcs70_r005_s25.A06,mcs70_r005_s25.B06,dal_rl,20,24,601632,0.0679642,0,25,456269,0.0508934,429539,429539,0,292622,
mcs70_r005_s25.A07,mcs70_r005_s25.B07,dal_rl,20,21,37955,0.00505841,0,25,6447,0.000901316,26086,26086,0,18126,
mcs70_r005_s25.A08,mcs70_r005_s25.B08,dal_rl,20,20,204287,0.0243465,0,25,169396,0.0199611,144943,144943,0,106220,
mcs70_r005_s25.A09,mcs70_r005_s25.B09,dal_rl,19,18,649860,0.0703331,0,25,2998,0.000297839,463766,463766,0,332276,
mcs70_r005_s30.A00,mcs70_r005_s30.B00,dal_rl,24,27,1967792,0.247372,0,30,1791524,0.224589,1379097,1379097,0,995162,
mcs70_r005_s30.A01,mcs70_r005_s30.B01,dal_rl,23,27,8368273,1.0216,0,30,90463,0.0104208,5670743,5670743,0,3752617,
mcs70_r005_s30.A02,mcs70_r005_s30.B02,dal_rl,24,27,990156,0.109269,0,30,243901,0.0224289,665480,665480,0,428955,
mcs70_r005_s30.A03,mcs70_r005_s30.B03,dal_rl,24,28,3937049,0.557798,0,30,3936763,0.557688,2754719,2754719,0,1944050,
mcs70_r005_s30.A04,mcs70_r005_s30.B04,dal_rl,25,32,372906,0.0473726,0,30,183956,0.0222511,246622,246622,0,164006,
mcs70_r005_s30.A05,mcs70_r005_s30.B05,dal_rl,24,32,466003,0.0629496,0,30,45742,0.00509378,338087,338087,0,260006,
mcs70_r005_s30.A06,mcs70_r005_s30.B06,dal_rl,23,27,29076364,3.28633,0,30,304697,0.028039,20156759,20156759,0,13757121,
mcs70_r005_s30.A07,mcs70_r005_s30.B07,dal_rl,24,27,1816970,0.228004,0,30,1118658,0.136955,1257361,1257361,0,891915,
mcs70_r005_s30.A08,mcs70_r005_s30.B08,dal_rl,23,25,5773615,0.68639,0,30,96702,0.00980661,3920580,3920580,0,2587380,
mcs70_r005_s30.A09,mcs70_r005_s30.B09,dal_rl,23,23,4080373,0.501279,0,30,3719,0.000375467,2818027,2818027,0,1974514,
mcs70_r005_s35.A00,mcs70_r005_s35.B00,dal_rl,27,36,10496402,1.41704,0,35,4989832,0.654594,7167335,7167335,0,5050415,
mcs70_r005_s35.A01,mcs70_r005_s35.B01,dal_rl,26,35,18750592,2.46958,0,35,238901,0.028229,12560059,12560059,0,8622598,
mcs70_r005_s35.A02,mcs70_r005_s35.B02,dal_rl,27,41,25591334,3.39275,0,35,21400696,2.81137,17907958,17907958,0,13118895,
mcs70_r005_s35.A03,mcs70_r005_s35.B03,dal_rl,26,28,36029366,4.76048,0,35,544857,0.0485404,24495348,24495348,0,17414381,
mcs70_r005_s35.A04,mcs70_r005_s35.B04,dal_rl,26,30,121756447,15.8591,0,35,89028818,11.4128,80311962,80311962,0,54178293,
mcs70_r005_s35.A05,mcs70_r005_s35.B05,dal_rl,26,38,37101919,4.69128,0,35,10120881,1.19967,25635045,25635045,0,17686657,
mcs70_r005_s35.A06,mcs70_r005_s35.B06,dal_rl,27,35,89683232,8.15052,0,35,88376966,7.96443,75031837,75031837,0,62012304,
mcs70_r005_s35.A07,mcs70_r005_s35.B07,dal_rl,27,33,23087777,3.3114,0,35,15240459,2.13848,15374922,15374922,0,10913247,
mcs70_r005_s35.A08,mcs70_r005_s35.B08,dal_rl,27,35,7597999,1.05018,0,35,2814976,0.346704,5392892,5392892,0,3960133,
mcs70_r005_s35.A09,mcs70_r005_s35.B09,dal_rl,26,37,24900943,3.60911,0,35,511372,0.0689842,16416070,16416070,0,11383211,
mcs70_r005_s40.A00,mcs70_r005_s40.B00,dal_rl,29,37,744934123,103.18,0,40,375055549,49.5256,518723261,518723261,0,366051088,
mcs70_r005_s40.A01,mcs70_r005_s40.B01,dal_rl,29,46,1377972667,194.532,0,40,1180575040,164.822,953434126,953434126,0,701652752,
mcs70_r005_s40.A02,mcs70_r005_s40.B02,dal_rl,29,42,2204532228,322.888,0,40,1994648658,290.465,1448205021,1448205021,0,1016010012,
mcs70_r005_s40.A03,mcs70_r005_s40.B03,dal_rl,29,37,361907930,53.5156,0,40,103945123,14.8965,247000634,247000634,0,180661230,
mcs70_r005_s40.A04,mcs70_r005_s40.B04,dal_rl,29,40,297234210,43.6742,0,40,83040111,11.5584,202445880,202445880,0,145620510,
mcs70_r005_s40.A05,mcs70_r005_s40.B05,dal_rl,30,47,181687385,26.8343,0,40,139658873,20.1488,125578441,125578441,0,95269286,
mcs70_r005_s40.A06,mcs70_r005_s40.B06,dal_rl,29,37,356462393,51.4296,0,40,91228528,12.2949,249443959,249443959,0,184900035,
mcs70_r005_s40.A07,mcs70_r005_s40.B07,dal_rl,29,50,1148485589,165.46,0,40,1035746744,148.426,758973777,758973777,0,529288378,
mcs70_r005_s40.A08,mcs70_r005_s40.B08,dal_rl,29,41,212530876,31.2775,0,40,62666774,8.81979,143042346,143042346,0,104526274,
mcs70_r005_s40.A09,mcs70_r005_s40.B09,dal_rl,29,42,761839388,109.335,0,40,530070950,74.7679,522949429,522949429,0,376852219,
mcs70_r005_s50.A00,mcs70_r005_s50.B00,dal_rl,32,59,6483641172,1000.01,1,50,1067348944,159.567,4333006400,4333006400,0,3232671085,
mcs70_r005_s50.A01,mcs70_r005_s50.B01,dal_rl,32,51,6608003068,1000.01,1,50,28792152,4.35187,4315205328,4315205328,0,3120687177,
mcs70_r005_s50.A02,mcs70_r005_s50.B02,dal_rl,32,51,6745700715,1000.01,1,50,1508381806,213.326,4467824228,4467824228,0,3341438593,
mcs70_r005_s50.A03,mcs70_r005_s50.B03,dal_rl,32,45,6845282542,1000.02,1,50,4008243613,571.649,4576664671,4576664671,0,3352192072,
mcs70_r005_s50.A04,mcs70_r005_s50.B04,dal_rl,33,46,6259264009,1000.01,1,50,1158197813,175.76,4201452318,4201452318,0,3171238671,
mcs70_r005_s50.A05,mcs70_r005_s50.B05,dal_rl,33,55,6368676282,1000.02,1,50,4255960110,659.183,4291783619,4291783619,0,3250795416,
mcs70_r005_s50.A06,mcs70_r005_s50.B06,dal_rl,32,49,6761559294,1000.01,1,50,5791802738,848.313,4409800159,4409800159,0,3177390703,
mcs70_r005_s50.A07,mcs70_r005_s50.B07,dal_rl,33,57,6587789733,1000.01,1,50,1815236853,260.482,4534602258,4534602258,0,3412116122,
mcs70_r005_s50.A08,mcs70_r005_s50.B08,dal_rl,33,59,6159440260,1000.01,1,50,22970339,3.41471,4116912644,4116912644,0,3142661473,
mcs70_r005_s50.A09,mcs70_r005_s50.B09,dal_rl,32,51,6730610125,1000.02,1,50,3963142846,572.933,4549544666,4549544666,0,3405142150,
mcs70_r005_s60.A00,mcs70_r005_s60.B00,dal_rl,34,46,6138018574,1000.01,1,60,4409394966,721.656,3962791399,3962791399,0,3041767789,
mcs70_r005_s60.A01,mcs70_r005_s60.B01,dal_rl,36,65,6440153526,1000.01,1,60,3162363,0.438612,4373651790,4373651790,0,3221521042,
mcs70_r005_s60.A02,mcs70_r005_s60.B02,dal_rl,35,67,5748697345,1000.02,1,60,740036156,115.789,3770221977,3770221977,0,2849217378,
mcs70_r005_s60.A03,mcs70_r005_s60.B03,dal_rl,33,56,5743731287,1000.02,1,60,161751190,23.482,3783021582,3783021582,0,2865823736,
mcs70_r005_s60.A04,mcs70_r005_s60.B04,dal_rl,34,58,5737385635,1000,1,60,44673125,6.41105,3851817505,3851817505,0,2938319147,
mcs70_r005_s60.A05,mcs70_r005_s60.B05,dal_rl,34,55,5725460162,1000.02,1,60,552049004,87.2921,3756679729,3756679729,0,2827913878,
mcs70_r005_s60.A06,mcs70_r005_s60.B06,dal_rl,34,59,6513762353,1000.01,1,60,62520898,8.93568,4176220825,4176220825,0,3146725740,
mcs70_r005_s60.A07,mcs70_r005_s60.B07,dal_rl,36,70,6124843254,1000.02,1,60,2423741800,386.859,4095994156,4095994156,0,3122721567,
mcs70_r005_s60.A08,mcs70_r005_s60.B08,dal_rl,34,50,6210477507,1000.02,1,60,1681646944,263.951,3921336961,3921336961,0,2920536663,
mcs70_r005_s60.A09,mcs70_r005_s60.B09,dal_rl,36,60,6080334305,1000.02,1,60,143494564,21.8266,4035682398,4035682398,0,3140096870,
mcs70_r005_s70.A00,mcs70_r005_s70.B00,dal_rl,37,69,5980680608,1000.02,1,70,5066299042,847.812,3838960825,3838960825,0,2841226122,
mcs70_r005_s70.A01,mcs70_r005_s70.B01,dal_rl,36,62,5940760606,1000.02,1,70,362602011,60.9231,3688930134,3688930134,0,2836540349,
mcs70_r005_s70.A02,mcs70_r005_s70.B02,dal_rl,37,66,5744279394,1000.02,1,70,581625427,93.9215,3731459285,3731459285,0,2870775994,
mcs70_r005_s70.A03,mcs70_r005_s70.B03,dal_rl,36,68,5742558533,1000.02,1,70,4838282619,836.866,3532462352,3532462352,0,2684306335,
mcs70_r005_s70.A04,mcs70_r005_s70.B04,dal_rl,38,76,6063113705,1000.02,1,70,4925934936,806.868,3852464452,3852464452,0,3005352104,
mcs70_r005_s70.A05,mcs70_r005_s70.B05,dal_rl,36,68,5997235727,1000.02,1,70,238704583,37.2827,3691438230,3691438230,0,2705757485,
mcs70_r005_s70.A06,mcs70_r005_s70.B06,dal_rl,36,65,6210953972,1000.01,1,70,138631211,21.5634,4059391012,4059391012,0,3038869010,
mcs70_r005_s70.A07,mcs70_r005_s70.B07,dal_rl,37,56,5869087374,1000.01,1,70,1757279582,282.796,3674594837,3674594837,0,2583166849,
mcs70_r005_s70.A08,mcs70_r005_s70.B08,dal_rl,38,80,5725370401,1000.01,1,70,3902626945,668.602,3694021664,3694021664,0,2918045242,
mcs70_r005_s70.A09,mcs70_r005_s70.B09,dal_rl,37,68,4049560086,1000.02,1,70,191241991,44.829,2613119469,2613119469,0,2079541589,
mcs70_r005_s80.A00,mcs70_r005_s80.B00,dal_rl,40,92,5560943220,1000.01,1,80,107476933,16.8366,3575833643,3575833643,0,2828331329,
mcs70_r005_s80.A01,mcs70_r005_s80.B01,dal_rl,39,73,5153684509,1000.01,1,80,1903681470,373.669,3284414957,3284414957,0,2362467810,
mcs70_r005_s80.A02,mcs70_r005_s80.B02,dal_rl,38,76,4984733142,1000.01,1,80,1375363716,277.986,3151860850,3151860850,0,2359359397,
mcs70_r005_s80.A03,mcs70_r005_s80.B03,dal_rl,39,84,5419690431,1000.02,1,80,109071914,19.3468,3451999636,3451999636,0,2729698066,
mcs70_r005_s80.A04,mcs70_r005_s80.B04,dal_rl,40,83,4939899827,1000,1,80,1429782794,286.276,3120084883,3120084883,0,2564690152,
mcs70_r005_s80.A05,mcs70_r005_s80.B05,dal_rl,39,73,5307466067,1000.02,1,80,4238555016,791.654,3326238542,3326238542,0,2620684210,
mcs70_r005_s80.A06,mcs70_r005_s80.B06,dal_rl,40,79,5484597478,1000.01,1,80,4263793175,768.415,3584436632,3584436632,0,2747611679,
mcs70_r005_s80.A07,mcs70_r005_s80.B07,dal_rl,38,58,5069201405,1000.02,1,80,641967922,120.775,3154541286,3154541286,0,2596116050,
mcs70_r005_s80.A08,mcs70_r005_s80.B08,dal_rl,39,67,5610217892,1000.02,1,80,1504597132,268.28,3548964147,3548964147,0,2767840875,
mcs70_r005_s80.A09,mcs70_r005_s80.B09,dal_rl,39,83,5314108251,1000.02,1,80,3324891295,594.416,3259065949,3259065949,0,2556502964,
mcs70_r005_s90.A00,mcs70_r005_s90.B00,dal_rl,40,79,5729187970,1000.01,1,90,920583607,159.032,3512795236,3512795236,0,2660726844,
mcs70_r005_s90.A01,mcs70_r005_s90.B01,dal_rl,41,94,5201462719,1000.01,1,90,2379451828,435.625,3147132754,3147132754,0,2476359028,
mcs70_r005_s90.A02,mcs70_r005_s90.B02,dal_rl,39,80,3698297590,1000.02,1,90,24765680,6.38854,2261835630,2261835630,0,1805809093,
mcs70_r005_s90.A03,mcs70_r005_s90.B03,dal_rl,40,85,2710817695,1000.02,1,90,7344943,2.49565,1722892634,1722892634,0,1354275760,
mcs70_r005_s90.A04,mcs70_r005_s90.B04,dal_rl,39,90,5565657701,1000.01,1,90,329393059,55.9039,3458310308,3458310308,0,2680758056,
mcs70_r005_s90.A05,mcs70_r005_s90.B05,dal_rl,40,85,5300011557,1000.02,1,90,530427254,93.2529,3253268847,3253268847,0,2578494370,
mcs70_r005_s90.A06,mcs70_r005_s90.B06,dal_rl,39,71,5430342728,1000.02,1,90,4943502508,906.167,3342552070,3342552070,0,2635176658,
mcs70_r005_s90.A07,mcs70_r005_s90.B07,dal_rl,39,72,5098601707,1000.02,1,90,74261229,14.0733,3096964918,3096964918,0,2457905047,
mcs70_r005_s90.A08,mcs70_r005_s90.B08,dal_rl,39,87,5672501654,1000.02,1,90,3956570578,669.567,3511791801,3511791801,0,2791458435,
mcs70_r005_s90.A09,mcs70_r005_s90.B09,dal_rl,40,80,5532047716,1000.02,1,90,518967347,85.4969,3488822843,3488822843,0,2599201121,
mcs70_r01_s10.A00,mcs70_r01_s10.B00,dal_rl,7,5,1312,0.000152589,0,10,8,6.489e-06,850,850,0,476,
mcs70_r01_s10.A01,mcs70_r01_s10.B01,dal_rl,9,8,173,5.4782e-05,0,10,161,2.64e-05,117,117,0,67,
mcs70_r01_s10.A02,mcs70_r01_s10.B02,dal_rl,8,7,274,6.0652e-05,0,10,137,2.0471e-05,169,169,0,82,
mcs70_r01_s10.A03,mcs70_r01_s10.B03,dal_rl,8,7,312,6.4828e-05,0,10,139,2.1132e-05,198,198,0,118,
mcs70_r01_s10.A04,mcs70_r01_s10.B04,dal_rl,8,6,255,5.6234e-05,0,10,179,2.5107e-05,171,171,0,102,
mcs70_r01_s10.A05,mcs70_r01_s10.B05,dal_rl,8,6,235,5.2879e-05,0,10,16,7.221e-06,162,162,0,103,
mcs70_r01_s10.A06,mcs70_r01_s10.B06,dal_rl,8,7,641,9.5593e-05,0,10,559,6.5668e-05,435,435,0,275,
mcs70_r01_s10.A07,mcs70_r01_s10.B07,dal_rl,8,7,421,7.339e-05,0,10,332,3.982e-05,268,268,0,161,
mcs70_r01_s10.A08,mcs70_r01_s10.B08,dal_rl,9,8,115,4.4697e-05,0,10,86,1.6836e-05,72,72,0,34,
mcs70_r01_s10.A09,mcs70_r01_s10.B09,dal_rl,8,7,601,0.000102064,0,10,533,6.0792e-05,412,412,0,303,
mcs70_r01_s100.A00,mcs70_r01_s100.B00,dal_rl,29,86,4286945845,1000.02,1,100,3664386658,849.397,2521086923,2521086923,0,2226003620,
mcs70_r01_s100.A01,mcs70_r01_s100.B01,dal_rl,27,62,4279655452,1000.02,1,100,125224732,28.744,2481487686,2481487686,0,2202583927,
mcs70_r01_s100.A02,mcs70_r01_s100.B02,dal_rl,27,75,4517452742,1000.01,1,100,40810672,8.62707,2649479375,2649479375,0,2353854314,
mcs70_r01_s100.A03,mcs70_r01_s100.B03,dal_rl,29,75,4506363848,1000.01,1,100,1741385109,375.148,2650738225,2650738225,0,2324545778,
mcs70_r01_s100.A04,mcs70_r01_s100.B04,dal_rl,28,90,4285771733,1000.02,1,100,1188890306,263.173,2497264048,2497264048,0,2192156794,
mcs70_r01_s100.A05,mcs70_r01_s100.B05,dal_rl,28,69,4491091800,1000.01,1,100,345525727,71.5486,2618042961,2618042961,0,2337429885,
mcs70_r01_s100.A06,mcs70_r01_s100.B06,dal_rl,28,69,4161379401,1000.02,1,100,75551637,16.993,2449896800,2449896800,0,2159438653,
mcs70_r01_s100.A07,mcs70_r01_s100.B07,dal_rl,28,88,4152181612,1000.01,1,100,292729215,68.3663,2420975996,2420975996,0,2144782488,
mcs70_r01_s100.A08,mcs70_r01_s100.B08,dal_rl,29,91,3888068950,1000.01,1,100,1309013006,323.173,2296245433,2296245433,0,2065555951,
mcs70_r01_s100.A09,mcs70_r01_s100.B09,dal_rl,28,84,4100881561,1000.01,1,100,542238444,125.974,2412993288,2412993288,0,2181313716,
mcs70_r01_s15.A00,mcs70_r01_s15.B00,dal_rl,12,12,1172,0.000205763,0,15,64,1.8528e-05,797,797,0,565,
mcs70_r01_s15.A01,mcs70_r01_s15.B01,dal_rl,11,12,4917,0.000602919,0,15,44,1.1357e-05,3211,3211,0,2256,
mcs70_r01_s15.A02,mcs70_r01_s15.B02,dal_rl,12,14,3456,0.000433264,0,15,2992,0.000348736,2223,2223,0,1468,
mcs70_r01_s15.A03,mcs70_r01_s15.B03,dal_rl,12,11,7162,0.000832256,0,15,6803,0.000746397,4790,4790,0,3251,
mcs70_r01_s15.A04,mcs70_r01_s15.B04,dal_rl,12,12,3557,0.00040702,0,15,2485,0.000250145,2405,2405,0,1635,
mcs70_r01_s15.A05,mcs70_r01_s15.B05,dal_rl,12,13,1926,0.000270094,0,15,968,0.00012054,1274,1274,0,832,
mcs70_r01_s15.A06,mcs70_r01_s15.B06,dal_rl,12,14,3060,0.000427419,0,15,3006,0.0003887,2110,2110,0,1592,
mcs70_r01_s15.A07,mcs70_r01_s15.B07,dal_rl,12,13,2302,0.000323588,0,15,1949,0.000247382,1583,1583,0,1116,
mcs70_r01_s15.A08,mcs70_r01_s15.B08,dal_rl,12,15,2361,0.000335216,0,15,1726,0.000220824,1710,1710,0,1293,
mcs70_r01_s15.A09,mcs70_r01_s15.B09,dal_rl,11,14,6434,0.000761178,0,15,75,1.9149e-05,4640,4640,0,3574,
mcs70_r01_s20.A00,mcs70_r01_s20.B00,dal_rl,14,16,101174,0.0138201,0,20,1402,0.000199309,66288,66288,0,47765,
mcs70_r01_s20.A01,mcs70_r01_s20.B01,dal_rl,15,18,40450,0.00535576,0,20,28582,0.00367071,26323,26323,0,19449,
mcs70_r01_s20.A02,mcs70_r01_s20.B02,dal_rl,15,22,126135,0.0164198,0,20,123940,0.0160865,84088,84088,0,61873,
mcs70_r01_s20.A03,mcs70_r01_s20.B03,dal_rl,15,18,54597,0.00715422,0,20,26049,0.00348911,35739,35739,0,25014,
mcs70_r01_s20.A04,mcs70_r01_s20.B04,dal_rl,14,18,190772,0.0243598,0,20,2677,0.000334381,122674,122674,0,84279,
mcs70_r01_s20.A05,mcs70_r01_s20.B05,dal_rl,15,24,13788,0.0019355,0,20,4466,0.000579318,9143,9143,0,6746,
mcs70_r01_s20.A06,mcs70_r01_s20.B06,dal_rl,14,21,88940,0.0116788,0,20,3718,0.000457188,60497,60497,0,44596,
mcs70_r01_s20.A07,mcs70_r01_s20.B07,dal_rl,14,17,102539,0.014124,0,20,337,5.6365e-05,64307,64307,0,44458,
mcs70_r01_s20.A08,mcs70_r01_s20.B08,dal_rl,14,22,141393,0.01812,0,20,35,1.4833e-05,95683,95683,0,69243,
mcs70_r01_s20.A09,mcs70_r01_s20.B09,dal_rl,15,20,19676,0.00261458,0,20,4096,0.000462779,13561,13561,0,10436,
mcs70_r01_s25.A00,mcs70_r01_s25.B00,dal_rl,17,29,2097005,0.321523,0,25,1260241,0.191833,1340574,1340574,0,1005701,
mcs70_r01_s25.A01,mcs70_r01_s25.B01,dal_rl,17,24,637023,0.0938745,0,25,131550,0.0179647,424405,424405,0,327193,
mcs70_r01_s25.A02,mcs70_r01_s25.B02,dal_rl,17,22,1170265,0.172204,0,25,242166,0.0351327,755142,755142,0,560582,
mcs70_r01_s25.A03,mcs70_r01_s25.B03,dal_rl,17,26,1623440,0.229238,0,25,1069280,0.146971,1080508,1080508,0,833624,
mcs70_r01_s25.A04,mcs70_r01_s25.B04,dal_rl,17,25,940251,0.135422,0,25,199334,0.0241087,608019,608019,0,445561,
mcs70_r01_s25.A05,mcs70_r01_s25.B05,dal_rl,17,27,1531799,0.229981,0,25,1049734,0.155344,995861,995861,0,768535,
mcs70_r01_s25.A06,mcs70_r01_s25.B06,dal_rl,17,28,1393591,0.204804,0,25,655436,0.0930509,918299,918299,0,696339,
mcs70_r01_s25.A07,mcs70_r01_s25.B07,dal_rl,17,30,2297967,0.323504,0,25,1774960,0.245685,1479040,1479040,0,1092196,
mcs70_r01_s25.A08,mcs70_r01_s25.B08,dal_rl,18,31,729746,0.107643,0,25,539552,0.0772319,476570,476570,0,357645,
mcs70_r01_s25.A09,mcs70_r01_s25.B09,dal_rl,17,27,639357,0.0961572,0,25,233993,0.0331054,425357,425357,0,333025,
mcs70_r01_s30.A00,mcs70_r01_s30.B00,dal_rl,21,38,11335759,1.66957,0,30,10957327,1.60318,7584441,7584441,0,5909170,
mcs70_r01_s30.A01,mcs70_r01_s30.B01,dal_rl,22,44,2092074,0.354404,0,30,1694040,0.279381,1348649,1348649,0,1074205,
mcs70_r01_s30.A02,mcs70_r01_s30.B02,dal_rl,21,40,6404030,1.0375,0,30,5754654,0.92124,4199341,4199341,0,3295494,
mcs70_r01_s30.A03,mcs70_r01_s30.B03,dal_rl,21,45,5493671,0.907044,0,30,4219319,0.672426,3601174,3601174,0,2872557,
mcs70_r01_s30.A04,mcs70_r01_s30.B04,dal_rl,21,35,7748367,1.2941,0,30,7384280,1.22646,5082978,5082978,0,4076540,
mcs70_r01_s30.A05,mcs70_r01_s30.B05,dal_rl,21,36,1585416,0.298323,0,30,830885,0.140132,1063565,1063565,0,846495,
mcs70_r01_s30.A06,mcs70_r01_s30.B06,dal_rl,21,46,8300653,1.75918,0,30,7837509,1.64016,5541163,5541163,0,4442955,
mcs70_r01_s30.A07,mcs70_r01_s30.B07,dal_rl,22,50,12625978,2.3936,0,30,12043515,2.26283,8055048,8055048,0,6255741,
mcs70_r01_s30.A08,mcs70_r01_s30.B08,dal_rl,21,38,17375278,2.89434,0,30,16618820,2.74654,11103950,11103950,0,8574093,
mcs70_r01_s30.A09,mcs70_r01_s30.B09,dal_rl,21,43,3020920,0.492729,0,30,1365220,0.205821,1991674,1991674,0,1560680,
mcs70_r01_s35.A00,mcs70_r01_s35.B00,dal_rl,24,54,42933821,7.58774,0,35,36631041,6.31853,28105794,28105794,0,23011403,
mcs70_r01_s35.A01,mcs70_r01_s35.B01,dal_rl,24,57,55633023,12.8191,0,35,51419724,11.7199,35807340,35807340,0,28796238,
mcs70_r01_s35.A02,mcs70_r01_s35.B02,dal_rl,24,59,82844601,18.6136,0,35,77447873,17.266,54640673,54640673,0,43956465,
mcs70_r01_s35.A03,mcs70_r01_s35.B03,dal_rl,24,54,40543792,6.91736,0,35,35136863,5.83556,26522265,26522265,0,21762947,
mcs70_r01_s35.A04,mcs70_r01_s35.B04,dal_rl,24,48,97664357,16.367,0,35,87729956,14.3735,63360332,63360332,0,50894643,
mcs70_r01_s35.A05,mcs70_r01_s35.B05,dal_rl,24,45,171308093,39.9441,0,35,168834836,39.2531,110036965,110036965,0,88693059,
mcs70_r01_s35.A06,mcs70_r01_s35.B06,dal_rl,24,55,48922773,8.48579,0,35,45526027,7.81192,32725798,32725798,0,27021248,
mcs70_r01_s35.A07,mcs70_r01_s35.B07,dal_rl,24,57,163296466,27.0106,0,35,159423742,26.245,106697569,106697569,0,84146134,
mcs70_r01_s35.A08,mcs70_r01_s35.B08,dal_rl,24,51,103336793,18.0851,0,35,101316888,17.6842,68523549,68523549,0,56112166,
mcs70_r01_s35.A09,mcs70_r01_s35.B09,dal_rl,24,56,297942077,51.7219,0,35,293263718,50.7401,193456872,193456872,0,157690035,
mcs70_r01_s40.A00,mcs70_r01_s40.B00,dal_rl,28,72,455915264,80.7914,0,40,446256712,78.6749,294211411,294211411,0,238929883,
mcs70_r01_s40.A01,mcs70_r01_s40.B01,dal_rl,28,75,439061327,84.2563,0,40,430504397,82.313,289229977,289229977,0,243795051,
mcs70_r01_s40.A02,mcs70_r01_s40.B02,dal_rl,28,79,697953458,124.092,0,40,682623127,120.597,448786469,448786469,0,365154162,
mcs70_r01_s40.A03,mcs70_r01_s40.B03,dal_rl,28,77,1421498673,262.514,0,40,1406194516,258.992,915977296,915977296,0,749733451,
mcs70_r01_s40.A04,mcs70_r01_s40.B04,dal_rl,28,72,309887567,59.3423,0,40,295389041,55.9958,199439157,199439157,0,164267352,
mcs70_r01_s40.A05,mcs70_r01_s40.B05,dal_rl,28,67,1354623639,250.727,0,40,1337371816,246.784,870002258,870002258,0,712159284,
mcs70_r01_s40.A06,mcs70_r01_s40.B06,dal_rl,28,66,2129734361,396.562,0,40,2121863933,394.79,1368710885,1368710885,0,1125684078,
mcs70_r01_s40.A07,mcs70_r01_s40.B07,dal_rl,28,72,491146242,93.805,0,40,484592822,92.3177,319218140,319218140,0,268492093,
mcs70_r01_s40.A08,mcs70_r01_s40.B08,dal_rl,28,84,32364616,6.20389,0,40,20366827,3.49557,21194422,21194422,0,17277849,
mcs70_r01_s40.A09,mcs70_r01_s40.B09,dal_rl,28,77,1290189240,237.897,0,40,1280875874,235.745,837237804,837237804,0,692164937,
mcs70_r01_s50.A00,mcs70_r01_s50.B00,dal_rl,28,71,4730636718,1000.02,1,50,2142934751,431.106,3142816394,3142816394,0,2726113012,
mcs70_r01_s50.A01,mcs70_r01_s50.B01,dal_rl,23,60,5389274530,1000.02,1,50,8765647,1.53763,3412765720,3412765720,0,2811499169,
mcs70_r01_s50.A02,mcs70_r01_s50.B02,dal_rl,23,42,5329574699,1000.02,1,50,17970259,3.18516,3377469069,3377469069,0,2811511936,
mcs70_r01_s50.A03,mcs70_r01_s50.B03,dal_rl,23,59,5114644508,1000.01,1,50,192965857,36.8999,3188842977,3188842977,0,2689320229,
mcs70_r01_s50.A04,mcs70_r01_s50.B04,dal_rl,35,113,4306840679,1000.02,1,50,4237409957,981.522,2772853095,2772853095,0,2459712008,
mcs70_r01_s50.A05,mcs70_r01_s50.B05,dal_rl,23,51,5209029494,1000.02,1,50,48225516,9.09657,3276906113,3276906113,0,2733794618,
mcs70_r01_s50.A06,mcs70_r01_s50.B06,dal_rl,24,53,4966887888,1000.02,1,50,2276175018,446.48,3106067128,3106067128,0,2652340547,
mcs70_r01_s50.A07,mcs70_r01_s50.B07,dal_rl,23,48,4523870943,1000.01,1,50,10139041,2.09166,2853898390,2853898390,0,2406194374,
mcs70_r01_s50.A08,mcs70_r01_s50.B08,dal_rl,24,49,2606805031,1000.02,1,50,1777337442,671.319,1676248187,1676248187,0,1398643508,
mcs70_r01_s50.A09,mcs70_r01_s50.B09,dal_rl,23,57,5424074128,1000.01,1,50,101653927,18.2146,3472387766,3472387766,0,2870108228,
mcs70_r01_s60.A00,mcs70_r01_s60.B00,dal_rl,25,57,5337457845,1000.02,1,60,2647139063,480.709,3377932428,3377932428,0,2801559648,
mcs70_r01_s60.A01,mcs70_r01_s60.B01,dal_rl,25,54,4820141324,1000.02,1,60,914786320,183.975,2962740192,2962740192,0,2559241858,
mcs70_r01_s60.A02,mcs70_r01_s60.B02,dal_rl,25,66,5019801566,1000.01,1,60,2617455,0.447554,3156672446,3156672446,0,2646067086,
mcs70_r01_s60.A03,mcs70_r01_s60.B03,dal_rl,25,64,4903282135,1000.03,1,60,1671526602,329.765,2962026173,2962026173,0,2524006312,
mcs70_r01_s60.A04,mcs70_r01_s60.B04,dal_rl,25,63,4957260878,1000.02,1,60,3781482854,755.807,3021430373,3021430373,0,2561662971,
mcs70_r01_s60.A05,mcs70_r01_s60.B05,dal_rl,25,58,5001400287,1000.01,1,60,2500414310,491.983,3074935429,3074935429,0,2621035141,
mcs70_r01_s60.A06,mcs70_r01_s60.B06,dal_rl,25,65,3568090943,1000.01,1,60,72500774,20.6154,2212770257,2212770257,0,1918576077,
mcs70_r01_s60.A07,mcs70_r01_s60.B07,dal_rl,25,57,3566131898,1000.02,1,60,79885803,20.9581,2199308595,2199308595,0,1890885014,
mcs70_r01_s60.A08,mcs70_r01_s60.B08,dal_rl,25,63,4986794704,1000.02,1,60,688505957,133.528,3137284530,3137284530,0,2699844261,
mcs70_r01_s60.A09,mcs70_r01_s60.B09,dal_rl,25,61,4977402242,1000.01,1,60,1488793478,297.653,3110288266,3110288266,0,2669654712,
mcs70_r01_s70.A00,mcs70_r01_s70.B00,dal_rl,26,69,4469655550,1000.01,1,70,1509907326,324.217,2658109320,2658109320,0,2358926667,
mcs70_r01_s70.A01,mcs70_r01_s70.B01,dal_rl,26,67,4794528933,1000.02,1,70,574050176,118.834,2911661723,2911661723,0,2510424652,
mcs70_r01_s70.A02,mcs70_r01_s70.B02,dal_rl,26,61,4596207611,1000.01,1,70,745634523,160.08,2816703185,2816703185,0,2465642756,
mcs70_r01_s70.A03,mcs70_r01_s70.B03,dal_rl,27,70,3823538899,1000.02,1,70,1239516001,310.251,2339681097,2339681097,0,2021143080,
mcs70_r01_s70.A04,mcs70_r01_s70.B04,dal_rl,26,65,3544271732,1000.02,1,70,472690653,134.176,2167203199,2167203199,0,1857919279,
mcs70_r01_s70.A05,mcs70_r01_s70.B05,dal_rl,25,53,4660437571,1000.02,1,70,28222220,6.07627,2808602596,2808602596,0,2377672876,
mcs70_r01_s70.A06,mcs70_r01_s70.B06,dal_rl,26,68,4220563281,1000.02,1,70,144108376,30.1251,2563559174,2563559174,0,2250963672,
mcs70_r01_s70.A07,mcs70_r01_s70.B07,dal_rl,26,55,4717460971,1000.02,1,70,455696109,93.6769,2867096940,2867096940,0,2465313836,
mcs70_r01_s70.A08,mcs70_r01_s70.B08,dal_rl,26,59,4502751369,1000.02,1,70,851076874,179.531,2699190981,2699190981,0,2199775224,
mcs70_r01_s70.A09,mcs70_r01_s70.B09,dal_rl,26,57,4624899114,1000.02,1,70,2356043683,491.508,2836592087,2836592087,0,2456620640,
mcs70_r01_s80.A00,mcs70_r01_s80.B00,dal_rl,28,82,4253410654,1000.02,1,80,797761679,197.742,2571879705,2571879705,0,2206408899,
mcs70_r01_s80.A01,mcs70_r01_s80.B01,dal_rl,27,72,4747561276,1000.01,1,80,3776815781,786.255,2845763100,2845763100,0,2440338341,
mcs70_r01_s80.A02,mcs70_r01_s80.B02,dal_rl,26,58,4834573102,1000.02,1,80,60755962,12.5712,2911538557,2911538557,0,2530997845,
mcs70_r01_s80.A03,mcs70_r01_s80.B03,dal_rl,29,74,4381094127,1000.02,1,80,3691969604,834.349,2636743474,2636743474,0,2334121430,
mcs70_r01_s80.A04,mcs70_r01_s80.B04,dal_rl,28,83,4661707644,1000.02,1,80,2773284196,588.165,2841113473,2841113473,0,2431978844,
mcs70_r01_s80.A05,mcs70_r01_s80.B05,dal_rl,26,65,4254243146,1000.01,1,80,20341920,5.16081,2495491686,2495491686,0,2181254556,
mcs70_r01_s80.A06,mcs70_r01_s80.B06,dal_rl,28,84,4767188593,1000.02,1,80,2762917283,563.543,2879356396,2879356396,0,2461298113,
mcs70_r01_s80.A07,mcs70_r01_s80.B07,dal_rl,27,74,2118783727,1000.02,1,80,341200795,158.392,1253379857,1253379857,0,1084833642,
mcs70_r01_s80.A08,mcs70_r01_s80.B08,dal_rl,27,67,4359895282,1000.01,1,80,210189321,46.265,2604500386,2604500386,0,2309107064,
mcs70_r01_s80.A09,mcs70_r01_s80.B09,dal_rl,27,61,4616989672,1000.01,1,80,2013780615,423.759,2800658758,2800658758,0,2431911572,
mcs70_r01_s90.A00,mcs70_r01_s90.B00,dal_rl,28,67,3855921155,1000.02,1,90,2153421591,530.136,2277996479,2277996479,0,1992020784,
mcs70_r01_s90.A01,mcs70_r01_s90.B01,dal_rl,28,90,4042688152,1000.02,1,90,1226514837,294.023,2352769872,2352769872,0,2055450901,
mcs70_r01_s90.A02,mcs70_r01_s90.B02,dal_rl,27,77,4354876149,1000.01,1,90,588395637,128.643,2547938006,2547938006,0,2263961280,
mcs70_r01_s90.A03,mcs70_r01_s90.B03,dal_rl,26,65,4611582958,1000.02,1,90,5377080,1.09927,2709334232,2709334232,0,2392417822,
mcs70_r01_s90.A04,mcs70_r01_s90.B04,dal_rl,28,77,3797361140,1000.02,1,90,404798359,92.141,2223902041,2223902041,0,1986734935,
mcs70_r01_s90.A05,mcs70_r01_s90.B05,dal_rl,28,77,4327774103,1000.02,1,90,1800935974,403.106,2583613514,2583613514,0,2284210499,
mcs70_r01_s90.A06,mcs70_r01_s90.B06,dal_rl,27,69,2243564237,1000.02,1,90,43179212,18.105,1333400573,1333400573,0,1179781194,
mcs70_r01_s90.A07,mcs70_r01_s90.B07,dal_rl,29,85,4518940038,1000.02,1,90,567695661,124.338,2708301984,2708301984,0,2347436148,
mcs70_r01_s90.A08,mcs70_r01_s90.B08,dal_rl,27,67,4677966685,1000.01,1,90,17185448,3.46217,2792401091,2792401091,0,2441432122,
mcs70_r01_s90.A09,mcs70_r01_s90.B09,dal_rl,29,89,4366990237,1000.02,1,90,1188089709,252.299,2595277806,2595277806,0,2248668806,
mcs70_r02_s10.A00,mcs70_r02_s10.B00,dal_rl,8,10,120,4.9024e-05,0,10,36,1.1947e-05,82,82,0,56,
mcs70_r02_s10.A01,mcs70_r02_s10.B01,dal_rl,8,11,244,6.1943e-05,0,10,86,1.6495e-05,161,161,0,99,
mcs70_r02_s10.A02,mcs70_r02_s10.B02,dal_rl,8,12,332,8.1883e-05,0,10,224,3.5784e-05,212,212,0,139,
mcs70_r02_s10.A03,mcs70_r02_s10.B03,dal_rl,7,7,945,0.000127913,0,10,136,2.1112e-05,609,609,0,418,
mcs70_r02_s10.A04,mcs70_r02_s10.B04,dal_rl,8,12,275,6.0882e-05,0,10,100,1.8738e-05,181,181,0,107,
mcs70_r02_s10.A05,mcs70_r02_s10.B05,dal_rl,7,9,560,9.3491e-05,0,10,8,7.731e-06,371,371,0,255,
mcs70_r02_s10.A06,mcs70_r02_s10.B06,dal_rl,7,11,861,0.000136827,0,10,456,5.7997e-05,557,557,0,403,
mcs70_r02_s10.A07,mcs70_r02_s10.B07,dal_rl,8,10,205,6.2644e-05,0,10,9,6.92e-06,136,136,0,85,
mcs70_r02_s10.A08,mcs70_r02_s10.B08,dal_rl,8,9,216,6.0701e-05,0,10,153,2.625e-05,145,145,0,99,
mcs70_r02_s10.A09,mcs70_r02_s10.B09,dal_rl,7,7,657,0.000108613,0,10,76,1.4932e-05,426,426,0,303,
mcs70_r02_s100.A00,mcs70_r02_s100.B00,dal_rl,20,71,3654753200,1000.02,1,100,1164207493,300.305,1933101947,1933101947,0,1876719789,
mcs70_r02_s100.A01,mcs70_r02_s100.B01,dal_rl,20,76,3679228039,1000.01,1,100,130796039,32.3779,1962453696,1962453696,0,1904354133,
mcs70_r02_s100.A02,mcs70_r02_s100.B02,dal_rl,20,73,3680701572,1000.01,1,100,815482686,209.11,1964262894,1964262894,0,1899772699,
mcs70_r02_s100.A03,mcs70_r02_s100.B03,dal_rl,20,68,3711002519,1000.02,1,100,92045762,22.5898,1984933308,1984933308,0,1917173821,
mcs70_r02_s100.A04,mcs70_r02_s100.B04,dal_rl,20,74,3813343357,1000.02,1,100,493121848,121.514,2068909720,2068909720,0,1982509715,
mcs70_r02_s100.A05,mcs70_r02_s100.B05,dal_rl,19,64,3999266081,1000.02,1,100,3041161,0.649565,2142015197,2142015197,0,2046966733,
mcs70_r02_s100.A06,mcs70_r02_s100.B06,dal_rl,19,66,3930786281,1000.02,1,100,35456720,8.27858,2093093387,2093093387,0,2004594521,
mcs70_r02_s100.A07,mcs70_r02_s100.B07,dal_rl,20,82,3776558359,1000.01,1,100,994013904,247.172,2014508821,2014508821,0,1948126408,
mcs70_r02_s100.A08,mcs70_r02_s100.B08,dal_rl,19,86,3847867808,1000.01,1,100,2876878,0.627339,2042963686,2042963686,0,1961807279,
mcs70_r02_s100.A09,mcs70_r02_s100.B09,dal_rl,20,69,3036915482,1000.02,1,100,1644153184,523.138,1611123247,1611123247,0,1560523649,
mcs70_r02_s15.A00,mcs70_r02_s15.B00,dal_rl,10,15,7468,0.0012579,0,15,197,4.2254e-05,5036,5036,0,3946,
mcs70_r02_s15.A01,mcs70_r02_s15.B01,dal_rl,10,21,10346,0.0017959,0,15,1621,0.000287504,6852,6852,0,5269,
mcs70_r02_s15.A02,mcs70_r02_s15.B02,dal_rl,10,15,9905,0.00235024,0,15,30,1.7126e-05,6574,6574,0,5224,
mcs70_r02_s15.A03,mcs70_r02_s15.B03,dal_rl,10,19,6907,0.00109819,0,15,220,4.3135e-05,4775,4775,0,3749,
mcs70_r02_s15.A04,mcs70_r02_s15.B04,dal_rl,10,17,11773,0.00187708,0,15,165,3.4372e-05,7750,7750,0,5924,
mcs70_r02_s15.A05,mcs70_r02_s15.B05,dal_rl,11,17,6031,0.00101517,0,15,5362,0.000869824,3963,3963,0,3083,
mcs70_r02_s15.A06,mcs70_r02_s15.B06,dal_rl,10,19,6540,0.00129192,0,15,942,0.00016532,4263,4263,0,3360,
mcs70_r02_s15.A07,mcs70_r02_s15.B07,dal_rl,10,18,7059,0.00116182,0,15,846,0.000138208,4598,4598,0,3610,
mcs70_r02_s15.A08,mcs70_r02_s15.B08,dal_rl,10,18,5366,0.000906561,0,15,29,1.0296e-05,3610,3610,0,2864,
mcs70_r02_s15.A09,mcs70_r02_s15.B09,dal_rl,11,19,6238,0.00117048,0,15,4265,0.000764052,4099,4099,0,3281,
mcs70_r02_s20.A00,mcs70_r02_s20.B00,dal_rl,14,36,92056,0.0159602,0,20,74638,0.0123764,59492,59492,0,49354,
mcs70_r02_s20.A01,mcs70_r02_s20.B01,dal_rl,14,31,135041,0.0237748,0,20,124449,0.0218169,84417,84417,0,70544,
mcs70_r02_s20.A02,mcs70_r02_s20.B02,dal_rl,14,33,54622,0.0103415,0,20,19254,0.00348691,35762,35762,0,30000,
mcs70_r02_s20.A03,mcs70_r02_s20.B03,dal_rl,14,33,53479,0.00926486,0,20,46938,0.00797001,35359,35359,0,29555,
mcs70_r02_s20.A04,mcs70_r02_s20.B04,dal_rl,14,32,72314,0.0131243,0,20,40865,0.00703095,46193,46193,0,38536,
mcs70_r02_s20.A05,mcs70_r02_s20.B05,dal_rl,14,38,143119,0.0246068,0,20,131760,0.0223441,89503,89503,0,73557,
mcs70_r02_s20.A06,mcs70_r02_s20.B06,dal_rl,14,31,86874,0.0150123,0,20,71188,0.011913,56340,56340,0,43748,
mcs70_r02_s20.A07,mcs70_r02_s20.B07,dal_rl,14,34,72841,0.0128147,0,20,54281,0.00912809,46004,46004,0,36890,
mcs70_r02_s20.A08,mcs70_r02_s20.B08,dal_rl,14,36,173562,0.029932,0,20,151170,0.0254777,108128,108128,0,88265,
mcs70_r02_s20.A09,mcs70_r02_s20.B09,dal_rl,14,30,127066,0.0222287,0,20,115194,0.0197372,79484,79484,0,65343,
mcs70_r02_s25.A00,mcs70_r02_s25.B00,dal_rl,17,46,1571284,0.297506,0,25,1334778,0.245012,963301,963301,0,819540,
mcs70_r02_s25.A01,mcs70_r02_s25.B01,dal_rl,17,43,266475,0.0590534,0,25,39915,0.00756048,177370,177370,0,156568,
mcs70_r02_s25.A02,mcs70_r02_s25.B02,dal_rl,17,52,872295,0.169034,0,25,759528,0.143237,546993,546993,0,471209,
mcs70_r02_s25.A03,mcs70_r02_s25.B03,dal_rl,17,46,1551356,0.339907,0,25,1392561,0.298516,953599,953599,0,816429,
mcs70_r02_s25.A04,mcs70_r02_s25.B04,dal_rl,17,50,1180432,0.23625,0,25,1065276,0.209978,743393,743393,0,634676,
mcs70_r02_s25.A05,mcs70_r02_s25.B05,dal_rl,17,49,2240865,0.41326,0,25,2130242,0.388346,1390302,1390302,0,1162005,
mcs70_r02_s25.A06,mcs70_r02_s25.B06,dal_rl,17,51,627070,0.132374,0,25,483022,0.0990441,398741,398741,0,347756,
mcs70_r02_s25.A07,mcs70_r02_s25.B07,dal_rl,17,41,2118440,0.426287,0,25,2016570,0.402478,1313894,1313894,0,1148061,
mcs70_r02_s25.A08,mcs70_r02_s25.B08,dal_rl,17,44,1064309,0.200589,0,25,972813,0.179932,683517,683517,0,584672,
mcs70_r02_s25.A09,mcs70_r02_s25.B09,dal_rl,17,51,1111966,0.221102,0,25,929146,0.178801,692803,692803,0,592353,
mcs70_r02_s30.A00,mcs70_r02_s30.B00,dal_rl,21,82,7328646,1.61677,0,30,6918059,1.50701,4456933,4456933,0,3983372,
mcs70_r02_s30.A01,mcs70_r02_s30.B01,dal_rl,21,74,10798385,2.30202,0,30,10405159,2.19634,6537043,6537043,0,5787157,
mcs70_r02_s30.A02,mcs70_r02_s30.B02,dal_rl,21,78,364755,0.0910375,0,30,97384,0.0216981,246341,246341,0,222030,
mcs70_r02_s30.A03,mcs70_r02_s30.B03,dal_rl,21,78,12476644,2.68395,0,30,12283828,2.6346,7625141,7625141,0,6794603,
mcs70_r02_s30.A04,mcs70_r02_s30.B04,dal_rl,21,81,14955291,3.19799,0,30,14540024,3.08652,9067856,9067856,0,8036748,
mcs70_r02_s30.A05,mcs70_r02_s30.B05,dal_rl,21,73,7429196,1.53957,0,30,7130579,1.46007,4566693,4566693,0,3944648,
mcs70_r02_s30.A06,mcs70_r02_s30.B06,dal_rl,21,77,508043,0.130542,0,30,128486,0.0294183,345818,345818,0,311002,
mcs70_r02_s30.A07,mcs70_r02_s30.B07,dal_rl,21,69,732174,0.182899,0,30,224412,0.0479662,480459,480459,0,430751,
mcs70_r02_s30.A08,mcs70_r02_s30.B08,dal_rl,21,75,17745620,4.41654,0,30,17393233,4.30336,10750854,10750854,0,9477858,
mcs70_r02_s30.A09,mcs70_r02_s30.B09,dal_rl,21,82,19042804,4.66662,0,30,18774354,4.58146,11641759,11641759,0,10246123,
mcs70_r02_s35.A00,mcs70_r02_s35.B00,dal_rl,24,97,72342357,19.5804,0,35,71040619,19.1496,43527992,43527992,0,39507435,
mcs70_r02_s35.A01,mcs70_r02_s35.B01,dal_rl,24,96,78961978,23.9798,0,35,77416658,23.3896,48218271,48218271,0,42840384,
mcs70_r02_s35.A02,mcs70_r02_s35.B02,dal_rl,24,103,108008944,29.724,0,35,106829524,29.3314,66036334,66036334,0,59796394,
mcs70_r02_s35.A03,mcs70_r02_s35.B03,dal_rl,24,106,87747817,21.0486,0,35,87045044,20.8455,53751925,53751925,0,48988633,
mcs70_r02_s35.A04,mcs70_r02_s35.B04,dal_rl,24,103,41562305,11.0177,0,35,39745915,10.3316,25408263,25408263,0,22813544,
mcs70_r02_s35.A05,mcs70_r02_s35.B05,dal_rl,24,96,71157400,16.4559,0,35,69507289,15.9458,42629427,42629427,0,37878636,
mcs70_r02_s35.A06,mcs70_r02_s35.B06,dal_rl,24,110,39037055,8.68319,0,35,37698806,8.28843,23844439,23844439,0,21255255,
mcs70_r02_s35.A07,mcs70_r02_s35.B07,dal_rl,24,102,34781972,8.32476,0,35,33014290,7.78547,21154054,21154054,0,19036613,
mcs70_r02_s35.A08,mcs70_r02_s35.B08,dal_rl,24,100,92103013,22.8987,0,35,90664066,22.4791,56400616,56400616,0,51736081,
mcs70_r02_s35.A09,mcs70_r02_s35.B09,dal_rl,24,100,87334247,20.361,0,35,85761677,19.8928,53248736,53248736,0,47947827,
mcs70_r02_s40.A00,mcs70_r02_s40.B00,dal_rl,28,138,149166385,44.345,0,40,146737991,43.5222,92919512,92919512,0,87875739,
mcs70_r02_s40.A01,mcs70_r02_s40.B01,dal_rl,28,128,188940881,50.8442,0,40,185904305,49.8422,115653812,115653812,0,107396395,
mcs70_r02_s40.A02,mcs70_r02_s40.B02,dal_rl,28,146,167428664,40.2078,0,40,162726383,38.6292,98917678,98917678,0,90230753,
mcs70_r02_s40.A03,mcs70_r02_s40.B03,dal_rl,28,133,223367442,64.7206,0,40,220315776,63.714,137243111,137243111,0,128798451,
mcs70_r02_s40.A04,mcs70_r02_s40.B04,dal_rl,28,145,173906234,43.2723,0,40,171128477,42.337,105511161,105511161,0,95901114,
mcs70_r02_s40.A05,mcs70_r02_s40.B05,dal_rl,28,144,306501896,77.6312,0,40,303920551,76.7855,187427488,187427488,0,171084143,
mcs70_r02_s40.A06,mcs70_r02_s40.B06,dal_rl,28,135,397487750,133.07,0,40,394429498,131.68,235869611,235869611,0,216006079,
mcs70_r02_s40.A07,mcs70_r02_s40.B07,dal_rl,28,135,150605622,46.2022,0,40,147124343,44.8882,91703409,91703409,0,85144899,
mcs70_r02_s40.A08,mcs70_r02_s40.B08,dal_rl,28,141,168031022,45.9027,0,40,164940809,44.8824,102908081,102908081,0,95215652,
mcs70_r02_s40.A09,mcs70_r02_s40.B09,dal_rl,28,130,382902456,97.3019,0,40,380176388,96.4258,231722627,231722627,0,211880430,
mcs70_r02_s50.A00,mcs70_r02_s50.B00,dal_rl,35,214,2016189491,663.354,0,50,1991498804,653.95,1237973612,1237973612,0,1183026099,
mcs70_r02_s50.A01,mcs70_r02_s50.B01,dal_rl,19,67,3852530954,1000.01,1,50,3085443158,776.759,2232759693,2232759693,0,2084800729,
mcs70_r02_s50.A02,mcs70_r02_s50.B02,dal_rl,23,86,3585460544,1000.02,1,50,2530878163,646.497,2127947144,2127947144,0,1994016272,
mcs70_r02_s50.A03,mcs70_r02_s50.B03,dal_rl,24,102,3581433897,1000.02,1,50,3364128328,926.06,2120837252,2120837252,0,1982540456,
mcs70_r02_s50.A04,mcs70_r02_s50.B04,dal_rl,22,82,3675916774,1000.02,1,50,3197638674,848.258,2155408935,2155408935,0,2018694082,
mcs70_r02_s50.A05,mcs70_r02_s50.B05,dal_rl,21,82,3667462944,1000.02,1,50,2866025752,749.531,2156083597,2156083597,0,1996959125,
mcs70_r02_s50.A06,mcs70_r02_s50.B06,dal_rl,35,216,2225439434,647,0,50,2210625351,641.21,1368338848,1368338848,0,1274045486,
mcs70_r02_s50.A07,mcs70_r02_s50.B07,dal_rl,35,209,47382177,19.7023,0,50,20722558,7.65685,31177767,31177767,0,29909068,
mcs70_r02_s50.A08,mcs70_r02_s50.B08,dal_rl,25,115,3050816496,1000.01,1,50,2806162272,904.312,1819497269,1819497269,0,1709659598,
mcs70_r02_s50.A09,mcs70_r02_s50.B09,dal_rl,19,68,3537025130,1000.02,1,50,3528495372,997.401,2042450341,2042450341,0,1877856208,
mcs70_r02_s60.A00,mcs70_r02_s60.B00,dal_rl,18,65,1967247941,1000.02,1,60,116872392,55.292,1117237699,1117237699,0,1047586925,
mcs70_r02_s60.A01,mcs70_r02_s60.B01,dal_rl,26,125,2220458688,1000.02,1,60,24660528,7.5912,1336444092,1336444092,0,1300385664,
mcs70_r02_s60.A02,mcs70_r02_s60.B02,dal_rl,18,62,3527239595,1000.01,1,60,241894443,63.8598,2024499373,2024499373,0,1878607281,
mcs70_r02_s60.A03,mcs70_r02_s60.B03,dal_rl,18,60,3890690822,1000.01,1,60,603981455,147.716,2184874279,2184874279,0,2056779740,
mcs70_r02_s60.A04,mcs70_r02_s60.B04,dal_rl,18,59,3870584918,1000.01,1,60,477755005,114.726,2210367729,2210367729,0,2052883165,
mcs70_r02_s60.A05,mcs70_r02_s60.B05,dal_rl,18,68,3971923298,1000.01,1,60,1970555359,477.379,2221102461,2221102461,0,2079073827,
mcs70_r02_s60.A06,mcs70_r02_s60.B06,dal_rl,19,74,3697158153,1000.02,1,60,738743015,186.31,2102794507,2102794507,0,1989474156,
mcs70_r02_s60.A07,mcs70_r02_s60.B07,dal_rl,19,70,3825177077,1000.02,1,60,2599300705,659.435,2158528042,2158528042,0,2035342018,
mcs70_r02_s60.A08,mcs70_r02_s60.B08,dal_rl,18,52,3906653455,1000.02,1,60,795950546,194.238,2205628263,2205628263,0,2050525566,
mcs70_r02_s60.A09,mcs70_r02_s60.B09,dal_rl,18,54,3839333480,1000.02,1,60,116355404,28.279,2155863788,2155863788,0,2044045925,
mcs70_r02_s70.A00,mcs70_r02_s70.B00,dal_rl,18,54,3976335278,1000.01,1,70,22372920,5.14284,2193174618,2193174618,0,2067381571,
mcs70_r02_s70.A01,mcs70_r02_s70.B01,dal_rl,18,61,4015834479,1000.01,1,70,8960718,1.98272,2212405988,2212405988,0,2092809370,
mcs70_r02_s70.A02,mcs70_r02_s70.B02,dal_rl,19,75,3411137374,1000.02,1,70,1913858206,544.62,1876717594,1876717594,0,1776514236,
mcs70_r02_s70.A03,mcs70_r02_s70.B03,dal_rl,19,63,3461280512,1000.02,1,70,3192268260,918.06,1909878955,1909878955,0,1808525818,
mcs70_r02_s70.A04,mcs70_r02_s70.B04,dal_rl,19,57,3688716636,1000.01,1,70,1159375703,298.553,2048155717,2048155717,0,1937533936,
mcs70_r02_s70.A05,mcs70_r02_s70.B05,dal_rl,19,76,3850227263,1000.01,1,70,788502149,192.252,2169155958,2169155958,0,2044737987,
mcs70_r02_s70.A06,mcs70_r02_s70.B06,dal_rl,19,66,3896809256,1000.01,1,70,2133718158,529.005,2153931147,2153931147,0,2040332966,
mcs70_r02_s70.A07,mcs70_r02_s70.B07,dal_rl,18,67,3908945744,1000.01,1,70,5976096,1.36071,2151487480,2151487480,0,2047736868,
mcs70_r02_s70.A08,mcs70_r02_s70.B08,dal_rl,19,65,2802653113,1000.02,1,70,222079759,75.1333,1586414200,1586414200,0,1484151498,
mcs70_r02_s70.A09,mcs70_r02_s70.B09,dal_rl,18,61,3927785532,1000.02,1,70,28443046,6.63764,2158697525,2158697525,0,2033352046,
mcs70_r02_s80.A00,mcs70_r02_s80.B00,dal_rl,20,79,3751686629,1000.02,1,80,2580415341,665.905,2043203250,2043203250,0,1959388140,
mcs70_r02_s80.A01,mcs70_r02_s80.B01,dal_rl,19,77,3860875075,1000.02,1,80,1212436047,297.487,2121641679,2121641679,0,2009140429,
mcs70_r02_s80.A02,mcs70_r02_s80.B02,dal_rl,19,67,2729587282,1000.01,1,80,2764440,0.909298,1482954509,1482954509,0,1421137289,
mcs70_r02_s80.A03,mcs70_r02_s80.B03,dal_rl,19,68,3369283754,1000.01,1,80,980665164,281.948,1842664500,1842664500,0,1748905424,
mcs70_r02_s80.A04,mcs70_r02_s80.B04,dal_rl,19,68,3858614975,1000.01,1,80,482442216,115.753,2106704780,2106704780,0,2006950205,
mcs70_r02_s80.A05,mcs70_r02_s80.B05,dal_rl,20,77,3555678371,1000.01,1,80,685899011,181.082,1953753787,1953753787,0,1878409068,
mcs70_r02_s80.A06,mcs70_r02_s80.B06,dal_rl,18,63,4021573319,1000.01,1,80,1318420,0.295645,2202427036,2202427036,0,2067661160,
mcs70_r02_s80.A07,mcs70_r02_s80.B07,dal_rl,19,71,3829317277,1000.01,1,80,53153599,12.9991,2089548090,2089548090,0,1992120335,
mcs70_r02_s80.A08,mcs70_r02_s80.B08,dal_rl,19,71,3907800840,1000.02,1,80,2152107707,533.056,2127720357,2127720357,0,2024290159,
mcs70_r02_s80.A09,mcs70_r02_s80.B09,dal_rl,19,71,3769281646,1000.02,1,80,51102492,12.3685,2060909979,2060909979,0,1962907005,
mcs70_r02_s90.A00,mcs70_r02_s90.B00,dal_rl,19,69,3668343557,1000.02,1,90,160619712,41.0411,1957696509,1957696509,0,1888862434,
mcs70_r02_s90.A01,mcs70_r02_s90.B01,dal_rl,20,71,3429469265,1000.01,1,90,1258954137,326.707,1847532640,1847532640,0,1774254294,
mcs70_r02_s90.A02,mcs70_r02_s90.B02,dal_rl,19,63,3945979618,1000.02,1,90,28894591,6.56601,2138396556,2138396556,0,2043444750,
mcs70_r02_s90.A03,mcs70_r02_s90.B03,dal_rl,19,65,3782482513,1000.02,1,90,22115850,5.23283,2030764249,2030764249,0,1955265059,
mcs70_r02_s90.A04,mcs70_r02_s90.B04,dal_rl,20,77,3632533441,1000.02,1,90,447576263,112.881,1950571774,1950571774,0,1891446254,
mcs70_r02_s90.A05,mcs70_r02_s90.B05,dal_rl,19,70,3726364397,1000.01,1,90,215735494,53.3463,2000879711,2000879711,0,1900339669,
mcs70_r02_s90.A06,mcs70_r02_s90.B06,dal_rl,19,71,3693423383,1000.01,1,90,81665524,20.0891,1987620072,1987620072,0,1896897571,
mcs70_r02_s90.A07,mcs70_r02_s90.B07,dal_rl,20,74,3569723852,1000.02,1,90,396804625,104.675,1927961822,1927961822,0,1856234305,
mcs70_r02_s90.A08,mcs70_r02_s90.B08,dal_rl,20,72,3843829242,1000.01,1,90,3134784501,803.525,2066425474,2066425474,0,1980878025,
mcs70_r02_s90.A09,mcs70_r02_s90.B09,dal_rl,20,78,3537172903,1000.01,1,90,2356254038,632.07,1919006881,1919006881,0,1838581150,
mcs90_b03_s10.A00,mcs90_b03_s10.B00,dal_rl,9,12,87,4.4748e-05,0,10,42,1.316e-05,55,55,0,21,
mcs90_b03_s10.A01,mcs90_b03_s10.B01,dal_rl,9,13,147,4.659e-05,0,10,98,1.7636e-05,94,94,0,49,
mcs90_b03_s10.A02,mcs90_b03_s10.B02,dal_rl,8,9,621,0.000113511,0,10,182,2.7041e-05,385,385,0,216,
mcs90_b03_s10.A03,mcs90_b03_s10.B03,dal_rl,9,12,247,8.3225e-05,0,10,230,4.5378e-05,162,162,0,98,
mcs90_b03_s10.A04,mcs90_b03_s10.B04,dal_rl,9,14,167,5.2269e-05,0,10,134,2.6049e-05,105,105,0,52,
mcs90_b03_s10.A05,mcs90_b03_s10.B05,dal_rl,9,12,75,4.4758e-05,0,10,56,1.4842e-05,50,50,0,30,
mcs90_b03_s10.A06,mcs90_b03_s10.B06,dal_rl,9,12,203,5.1007e-05,0,10,152,2.4767e-05,127,127,0,70,
mcs90_b03_s10.A07,mcs90_b03_s10.B07,dal_rl,9,13,175,5.333e-05,0,10,93,1.99e-05,107,107,0,48,
mcs90_b03_s10.A08,mcs90_b03_s10.B08,dal_rl,9,12,119,4.2303e-05,0,10,24,8.753e-06,77,77,0,36,
mcs90_b03_s10.A09,mcs90_b03_s10.B09,dal_rl,9,12,150,4.643e-05,0,10,51,1.4793e-05,97,97,0,46,
mcs90_b03_s100.A00,mcs90_b03_s100.B00,dal_rl,90,119,5684479210,1000.02,1,100,5785,0.000906532,3460638537,3460638537,0,1608326140,
mcs90_b03_s100.A01,mcs90_b03_s100.B01,dal_rl,87,115,5847051815,1000.02,1,100,316655741,43.0281,3642128047,3642128047,0,1743968793,
mcs90_b03_s100.A02,mcs90_b03_s100.B02,dal_rl,86,114,5981849548,1000.02,1,100,874642939,136.833,3767565611,3767565611,0,1886593021,
mcs90_b03_s100.A03,mcs90_b03_s100.B03,dal_rl,84,107,5976965845,1000.02,1,100,127194169,19.8901,3696980456,3696980456,0,1789051832,
mcs90_b03_s100.A04,mcs90_b03_s100.B04,dal_rl,85,111,6065534398,1000.02,1,100,637373068,110.351,3755218600,3755218600,0,1733514358,
mcs90_b03_s100.A05,mcs90_b03_s100.B05,dal_rl,86,110,5484434714,1000.01,1,100,1901455421,361.771,3393709981,3393709981,0,1604797495,
mcs90_b03_s100.A06,mcs90_b03_s100.B06,dal_rl,90,124,5572108195,1000.02,1,100,682823110,121.46,3388614708,3388614708,0,1570991762,
mcs90_b03_s100.A07,mcs90_b03_s100.B07,dal_rl,88,118,5749141576,1000.02,1,100,1382930462,233.892,3582356395,3582356395,0,1744840902,
mcs90_b03_s100.A08,mcs90_b03_s100.B08,dal_rl,88,117,5630953701,1000.02,1,100,3797546460,663.905,3644856356,3644856356,0,2033678353,
mcs90_b03_s100.A09,mcs90_b03_s100.B09,dal_rl,91,125,5704540706,1000.02,1,100,4866668918,846.928,3504441737,3504441737,0,1663226355,
mcs90_b03_s15.A00,mcs90_b03_s15.B00,dal_rl,13,16,975,0.000151849,0,15,77,2.0251e-05,581,581,0,292,
mcs90_b03_s15.A01,mcs90_b03_s15.B01,dal_rl,13,17,429,9.3591e-05,0,15,145,3.1027e-05,285,285,0,184,
mcs90_b03_s15.A02,mcs90_b03_s15.B02,dal_rl,13,16,612,0.000118658,0,15,231,4.2564e-05,382,382,0,204,
mcs90_b03_s15.A03,mcs90_b03_s15.B03,dal_rl,13,17,1194,0.000181552,0,15,484,6.5488e-05,740,740,0,393,
mcs90_b03_s15.A04,mcs90_b03_s15.B04,dal_rl,13,18,1370,0.000202935,0,15,664,9.1207e-05,841,841,0,485,
mcs90_b03_s15.A05,mcs90_b03_s15.B05,dal_rl,13,16,945,0.000152849,0,15,275,5.0696e-05,573,573,0,297,
mcs90_b03_s15.A06,mcs90_b03_s15.B06,dal_rl,13,16,749,0.000134081,0,15,82,2.3546e-05,463,463,0,227,
mcs90_b03_s15.A07,mcs90_b03_s15.B07,dal_rl,14,18,1150,0.000190776,0,15,1130,0.000160461,694,694,0,404,
mcs90_b03_s15.A08,mcs90_b03_s15.B08,dal_rl,14,19,457,0.000109064,0,15,427,7.0716e-05,277,277,0,166,
mcs90_b03_s15.A09,mcs90_b03_s15.B09,dal_rl,13,16,708,0.000124637,0,15,47,1.7176e-05,434,434,0,223,
mcs90_b03_s20.A00,mcs90_b03_s20.B00,dal_rl,19,27,2277,0.000324779,0,20,2232,0.000288153,1337,1337,0,593,
mcs90_b03_s20.A01,mcs90_b03_s20.B01,dal_rl,19,28,586,0.000123585,0,20,423,7.1518e-05,342,342,0,135,
mcs90_b03_s20.A02,mcs90_b03_s20.B02,dal_rl,19,27,1296,0.000218588,0,20,1223,0.000174322,744,744,0,318,
mcs90_b03_s20.A03,mcs90_b03_s20.B03,dal_rl,19,27,567,0.000114692,0,20,283,5.4923e-05,335,335,0,129,
mcs90_b03_s20.A04,mcs90_b03_s20.B04,dal_rl,18,24,2000,0.00029209,0,20,201,4.1493e-05,1147,1147,0,462,
mcs90_b03_s20.A05,mcs90_b03_s20.B05,dal_rl,19,26,1071,0.000180532,0,20,1004,0.000137297,588,588,0,229,
mcs90_b03_s20.A06,mcs90_b03_s20.B06,dal_rl,19,29,979,0.000170457,0,20,644,0.00010006,567,567,0,228,
mcs90_b03_s20.A07,mcs90_b03_s20.B07,dal_rl,19,27,345,9.3501e-05,0,20,243,4.9554e-05,219,219,0,107,
mcs90_b03_s20.A08,mcs90_b03_s20.B08,dal_rl,19,27,561,0.000113222,0,20,193,4.1772e-05,330,330,0,120,
mcs90_b03_s20.A09,mcs90_b03_s20.B09,dal_rl,19,27,1995,0.000283028,0,20,1915,0.000246062,1121,1121,0,431,
mcs90_b03_s25.A00,mcs90_b03_s25.B00,dal_rl,23,31,5443,0.000714121,0,25,1652,0.000235994,2998,2998,0,979,
mcs90_b03_s25.A01,mcs90_b03_s25.B01,dal_rl,23,34,1651,0.00026642,0,25,609,0.000103435,992,992,0,508,
mcs90_b03_s25.A02,mcs90_b03_s25.B02,dal_rl,24,34,918,0.000165228,0,25,462,8.2764e-05,533,533,0,186,
mcs90_b03_s25.A03,mcs90_b03_s25.B03,dal_rl,24,36,733,0.000164427,0,25,577,0.000102294,426,426,0,188,
mcs90_b03_s25.A04,mcs90_b03_s25.B04,dal_rl,23,31,5261,0.000707892,0,25,2506,0.000330005,2884,2884,0,1045,
mcs90_b03_s25.A05,mcs90_b03_s25.B05,dal_rl,23,33,3360,0.000457827,0,25,819,0.000133861,1910,1910,0,749,
mcs90_b03_s25.A06,mcs90_b03_s25.B06,dal_rl,23,31,2796,0.000408915,0,25,1151,0.000174983,1564,1564,0,591,
mcs90_b03_s25.A07,mcs90_b03_s25.B07,dal_rl,23,31,5008,0.00066429,0,25,4072,0.00051211,2909,2909,0,1334,
mcs90_b03_s25.A08,mcs90_b03_s25.B08,dal_rl,23,30,2747,0.000589312,0,25,760,0.000171129,1549,1549,0,611,
mcs90_b03_s25.A09,mcs90_b03_s25.B09,dal_rl,24,33,2586,0.000390157,0,25,2344,0.000328675,1472,1472,0,638,
mcs90_b03_s30.A00,mcs90_b03_s30.B00,dal_rl,27,36,13170,0.00178836,0,30,3383,0.00047644,7483,7483,0,3213,
mcs90_b03_s30.A01,mcs90_b03_s30.B01,dal_rl,27,37,13767,0.0018618,0,30,2979,0.000420543,7608,7608,0,2759,
mcs90_b03_s30.A02,mcs90_b03_s30.B02,dal_rl,27,36,24549,0.00335772,0,30,15510,0.00197898,14213,14213,0,6595,
mcs90_b03_s30.A03,mcs90_b03_s30.B03,dal_rl,28,39,6682,0.0010409,0,30,5669,0.000846468,3822,3822,0,1750,
mcs90_b03_s30.A04,mcs90_b03_s30.B04,dal_rl,27,39,12934,0.00179519,0,30,4223,0.000602019,7396,7396,0,3623,
mcs90_b03_s30.A05,mcs90_b03_s30.B05,dal_rl,27,37,7380,0.00107781,0,30,1059,0.000163897,4348,4348,0,1949,
mcs90_b03_s30.A06,mcs90_b03_s30.B06,dal_rl,27,37,23951,0.00320256,0,30,14820,0.00192856,14371,14371,0,6761,
mcs90_b03_s30.A07,mcs90_b03_s30.B07,dal_rl,27,36,14298,0.00201249,0,30,3719,0.000514096,8207,8207,0,3734,
mcs90_b03_s30.A08,mcs90_b03_s30.B08,dal_rl,27,36,19315,0.00352229,0,30,5564,0.0010338,10727,10727,0,4328,
mcs90_b03_s30.A09,mcs90_b03_s30.B09,dal_rl,28,41,17370,0.00228053,0,30,15280,0.00196408,10072,10072,0,4560,
mcs90_b03_s35.A00,mcs90_b03_s35.B00,dal_rl,33,46,163566,0.0211016,0,35,162133,0.0208424,107851,107851,0,64989,
mcs90_b03_s35.A01,mcs90_b03_s35.B01,dal_rl,32,44,154455,0.0194365,0,35,149850,0.0187617,98987,98987,0,58645,
mcs90_b03_s35.A02,mcs90_b03_s35.B02,dal_rl,31,41,89920,0.011869,0,35,4397,0.000616809,50720,50720,0,23016,
mcs90_b03_s35.A03,mcs90_b03_s35.B03,dal_rl,31,40,73309,0.00975393,0,35,2778,0.000417278,41561,41561,0,19117,
mcs90_b03_s35.A04,mcs90_b03_s35.B04,dal_rl,31,42,137041,0.0172741,0,35,50189,0.00606365,79483,79483,0,35382,
mcs90_b03_s35.A05,mcs90_b03_s35.B05,dal_rl,32,43,413629,0.0502827,0,35,399998,0.0483559,255524,255524,0,134051,
mcs90_b03_s35.A06,mcs90_b03_s35.B06,dal_rl,32,45,281309,0.0360251,0,35,267519,0.0340711,183410,183410,0,105017,
mcs90_b03_s35.A07,mcs90_b03_s35.B07,dal_rl,32,43,58820,0.00786543,0,35,48916,0.00651386,35051,35051,0,17085,
mcs90_b03_s35.A08,mcs90_b03_s35.B08,dal_rl,31,42,64795,0.00892921,0,35,32,3.0346e-05,38228,38228,0,18282,
mcs90_b03_s35.A09,mcs90_b03_s35.B09,dal_rl,32,43,45651,0.00638233,0,35,36579,0.00517511,25972,25972,0,11659,
mcs90_b03_s40.A00,mcs90_b03_s40.B00,dal_rl,37,52,88615,0.0124515,0,40,66902,0.00942377,53728,53728,0,25935,
mcs90_b03_s40.A01,mcs90_b03_s40.B01,dal_rl,37,52,68797,0.00929524,0,40,44567,0.0058469,39070,39070,0,13047,
mcs90_b03_s40.A02,mcs90_b03_s40.B02,dal_rl,37,52,113672,0.0164966,0,40,83063,0.0121579,67731,67731,0,31228,
mcs90_b03_s40.A03,mcs90_b03_s40.B03,dal_rl,37,53,822298,0.101928,0,40,807523,0.0999345,505666,505666,0,232662,
mcs90_b03_s40.A04,mcs90_b03_s40.B04,dal_rl,37,52,30832,0.00416227,0,40,12567,0.00154331,17634,17634,0,7289,
mcs90_b03_s40.A05,mcs90_b03_s40.B05,dal_rl,38,56,31860,0.00436891,0,40,24463,0.00313495,17850,17850,0,5466,
mcs90_b03_s40.A06,mcs90_b03_s40.B06,dal_rl,38,53,82161,0.0095681,0,40,80303,0.00928346,50862,50862,0,23043,
mcs90_b03_s40.A07,mcs90_b03_s40.B07,dal_rl,37,53,15924,0.00228295,0,40,821,0.000160892,8898,8898,0,4129,
mcs90_b03_s40.A08,mcs90_b03_s40.B08,dal_rl,37,53,53922,0.00750532,0,40,30434,0.00427328,31548,31548,0,13846,
mcs90_b03_s40.A09,mcs90_b03_s40.B09,dal_rl,37,53,72677,0.00987557,0,40,51718,0.00685548,42737,42737,0,17620,
mcs90_b03_s50.A00,mcs90_b03_s50.B00,dal_rl,45,61,3099625,0.399427,0,50,2071090,0.256145,1819418,1819418,0,752341,
mcs90_b03_s50.A01,mcs90_b03_s50.B01,dal_rl,46,63,139530,0.0199566,0,50,46533,0.00676341,81753,81753,0,35013,
mcs90_b03_s50.A02,mcs90_b03_s50.B02,dal_rl,46,66,2190559,0.282247,0,50,2089969,0.267655,1329006,1329006,0,633241,
mcs90_b03_s50.A03,mcs90_b03_s50.B03,dal_rl,46,64,3664471,0.491727,0,50,3626253,0.486307,2256469,2256469,0,1112141,
mcs90_b03_s50.A04,mcs90_b03_s50.B04,dal_rl,45,64,12989355,2.59135,0,50,12152136,2.42996,8055532,8055532,0,3984664,
mcs90_b03_s50.A05,mcs90_b03_s50.B05,dal_rl,45,60,1679988,0.235144,0,50,160006,0.0207779,994660,994660,0,436927,
mcs90_b03_s50.A06,mcs90_b03_s50.B06,dal_rl,45,62,3078655,0.413044,0,50,1770605,0.225378,1814698,1814698,0,721219,
mcs90_b03_s50.A07,mcs90_b03_s50.B07,dal_rl,46,61,892733,0.169476,0,50,750401,0.141122,523532,523532,0,210403,
mcs90_b03_s50.A08,mcs90_b03_s50.B08,dal_rl,45,60,3633397,1.01569,0,50,2963928,0.795922,2227963,2227963,0,1123559,
mcs90_b03_s50.A09,mcs90_b03_s50.B09,dal_rl,45,62,1455244,0.206218,0,50,356924,0.0506089,887118,887118,0,440398,
mcs90_b03_s60.A00,mcs90_b03_s60.B00,dal_rl,55,75,7286791,0.998983,0,60,5672653,0.757237,4486857,4486857,0,2090416,
mcs90_b03_s60.A01,mcs90_b03_s60.B01,dal_rl,55,75,2464600,0.340901,0,60,1880369,0.253021,1418501,1418501,0,474943,
mcs90_b03_s60.A02,mcs90_b03_s60.B02,dal_rl,56,79,4226249,0.622672,0,60,4059544,0.596376,2747101,2747101,0,1557405,
mcs90_b03_s60.A03,mcs90_b03_s60.B03,dal_rl,57,81,1971392,0.299742,0,60,1946913,0.295813,1242020,1242020,0,642220,
mcs90_b03_s60.A04,mcs90_b03_s60.B04,dal_rl,56,78,709071,0.100147,0,60,448021,0.0604536,404613,404613,0,145300,
mcs90_b03_s60.A05,mcs90_b03_s60.B05,dal_rl,55,75,9122091,1.51246,0,60,6530824,1.02358,5423975,5423975,0,2327442,
mcs90_b03_s60.A06,mcs90_b03_s60.B06,dal_rl,55,75,3340852,0.513752,0,60,392671,0.0568022,2045881,2045881,0,1009704,
mcs90_b03_s60.A07,mcs90_b03_s60.B07,dal_rl,55,78,13684972,1.97029,0,60,10255082,1.44165,8415210,8415210,0,4206699,
mcs90_b03_s60.A08,mcs90_b03_s60.B08,dal_rl,55,77,5760583,0.802322,0,60,1372678,0.185456,3549348,3549348,0,1572886,
mcs90_b03_s60.A09,mcs90_b03_s60.B09,dal_rl,55,75,11466307,1.62981,0,60,8755679,1.19885,6688651,6688651,0,2705714,
mcs90_b03_s70.A00,mcs90_b03_s70.B00,dal_rl,63,85,409823678,61.9796,0,70,214348462,31.3368,244148657,244148657,0,106460609,
mcs90_b03_s70.A01,mcs90_b03_s70.B01,dal_rl,65,89,104474029,15.8207,0,70,103676137,15.6932,61284553,61284553,0,23914810,
mcs90_b03_s70.A02,mcs90_b03_s70.B02,dal_rl,64,88,320694712,46.854,0,70,209137225,30.5212,196022163,196022163,0,91597736,
mcs90_b03_s70.A03,mcs90_b03_s70.B03,dal_rl,65,90,14625629,2.36472,0,70,13011416,2.06978,9505614,9505614,0,5574190,
mcs90_b03_s70.A04,mcs90_b03_s70.B04,dal_rl,65,92,76674632,11.044,0,70,75818232,10.9004,46330743,46330743,0,21230313,
mcs90_b03_s70.A05,mcs90_b03_s70.B05,dal_rl,64,88,105114654,16.0154,0,70,67702795,10.1272,64710651,64710651,0,30210356,
mcs90_b03_s70.A06,mcs90_b03_s70.B06,dal_rl,63,88,546402541,81.1453,0,70,136794468,19.1727,334966222,334966222,0,157280745,
mcs90_b03_s70.A07,mcs90_b03_s70.B07,dal_rl,64,87,84173772,14.322,0,70,60407499,9.76984,55819993,55819993,0,33310257,
mcs90_b03_s70.A08,mcs90_b03_s70.B08,dal_rl,64,87,599824730,92.1349,0,70,560303436,85.26,377445303,377445303,0,202373361,
mcs90_b03_s70.A09,mcs90_b03_s70.B09,dal_rl,64,85,221087669,36.4856,0,70,215234032,35.4116,151593470,151593470,0,98178164,
mcs90_b03_s80.A00,mcs90_b03_s80.B00,dal_rl,73,99,468924468,81.4554,0,80,237454793,39.9843,297115318,297115318,0,153962238,
mcs90_b03_s80.A01,mcs90_b03_s80.B01,dal_rl,74,102,771252304,118.943,0,80,646664264,99.3579,442924071,442924071,0,161297069,
mcs90_b03_s80.A02,mcs90_b03_s80.B02,dal_rl,74,102,103701846,17.6488,0,80,72447566,11.8496,65361451,65361451,0,33043434,
mcs90_b03_s80.A03,mcs90_b03_s80.B03,dal_rl,74,101,223103440,38.1653,0,80,205533064,34.6266,140817297,140817297,0,73219383,
mcs90_b03_s80.A04,mcs90_b03_s80.B04,dal_rl,74,104,3218959366,515.198,0,80,3199805580,511.802,1978490458,1978490458,0,915555420,
mcs90_b03_s80.A05,mcs90_b03_s80.B05,dal_rl,74,105,570636377,90.7006,0,80,501693857,79.3494,361020786,361020786,0,187233716,
mcs90_b03_s80.A06,mcs90_b03_s80.B06,dal_rl,74,102,1948338270,419.753,0,80,1878368836,403.544,1234473092,1234473092,0,670766981,
mcs90_b03_s80.A07,mcs90_b03_s80.B07,dal_rl,74,101,169278109,26.7574,0,80,131797567,20.3073,96980745,96980745,0,34009769,
mcs90_b03_s80.A08,mcs90_b03_s80.B08,dal_rl,74,100,2762495040,448.782,0,80,2708098232,437.405,1779983822,1779983822,0,1041182452,
mcs90_b03_s80.A09,mcs90_b03_s80.B09,dal_rl,74,101,355475005,55.0567,0,80,317036265,48.6357,215048517,215048517,0,95548392,
mcs90_b03_s90.A00,mcs90_b03_s90.B00,dal_rl,82,111,5100856793,1000.02,1,90,1031475398,182.62,3018449925,3018449925,0,1258874467,
mcs90_b03_s90.A01,mcs90_b03_s90.B01,dal_rl,76,98,6145191145,1000.02,1,90,4001564569,659.466,3971877448,3971877448,0,2218925372,
mcs90_b03_s90.A02,mcs90_b03_s90.B02,dal_rl,83,112,3725688475,598.269,0,90,3477354782,550.167,2297388910,2297388910,0,1077145398,
mcs90_b03_s90.A03,mcs90_b03_s90.B03,dal_rl,76,93,6472255613,1000.02,1,90,327441297,46.0995,4102475271,4102475271,0,2149670554,
mcs90_b03_s90.A04,mcs90_b03_s90.B04,dal_rl,81,109,5654371230,1000.02,1,90,82,8.9935e-05,3557284121,3557284121,0,1904988606,
mcs90_b03_s90.A05,mcs90_b03_s90.B05,dal_rl,77,105,6399134945,1000.02,1,90,4509896838,701.404,4060350159,4060350159,0,2070131040,
mcs90_b03_s90.A06,mcs90_b03_s90.B06,dal_rl,82,112,3714620139,881.592,0,90,125297940,29.3633,2241507205,2241507205,0,979900360,
mcs90_b03_s90.A07,mcs90_b03_s90.B07,dal_rl,82,116,2912336248,1000.02,1,90,2522932550,858.285,1855722885,1855722885,0,989830489,
mcs90_b03_s90.A08,mcs90_b03_s90.B08,dal_rl,82,113,5680281043,1000.02,1,90,4916620273,851.385,3541381551,3541381551,0,1760279237,
mcs90_b03_s90.A09,mcs90_b03_s90.B09,dal_rl,83,116,1875253392,309.933,0,90,1808126624,296.57,1151699417,1151699417,0,537893529,
mcs90_b03m_s10.A00,mcs90_b03m_s10.B00,dal_rl,9,14,281,6.7161e-05,0,10,267,4.018e-05,184,184,0,127,
mcs90_b03m_s10.A01,mcs90_b03m_s10.B01,dal_rl,8,9,229,6.1482e-05,0,10,164,2.5818e-05,152,152,0,107,
mcs90_b03m_s10.A02,mcs90_b03m_s10.B02,dal_rl,8,11,273,6.4086e-05,0,10,79,1.4682e-05,180,180,0,122,
mcs90_b03m_s10.A03,mcs90_b03m_s10.B03,dal_rl,8,12,117,4.1382e-05,0,10,23,8.323e-06,83,83,0,61,
mcs90_b03m_s10.A04,mcs90_b03m_s10.B04,dal_rl,8,8,169,6.643e-05,0,10,101,2.4317e-05,111,111,0,72,
mcs90_b03m_s10.A05,mcs90_b03m_s10.B05,dal_rl,9,12,79,3.7817e-05,0,10,44,1.316e-05,49,49,0,22,
mcs90_b03m_s10.A06,mcs90_b03m_s10.B06,dal_rl,8,8,230,5.8448e-05,0,10,83,1.4812e-05,156,156,0,89,
mcs90_b03m_s10.A07,mcs90_b03m_s10.B07,dal_rl,8,10,118,5.0636e-05,0,10,25,9.484e-06,82,82,0,62,
mcs90_b03m_s10.A08,mcs90_b03m_s10.B08,dal_rl,8,8,129,4.9926e-05,0,10,9,8.463e-06,87,87,0,60,
mcs90_b03m_s10.A09,mcs90_b03m_s10.B09,dal_rl,8,7,192,5.1798e-05,0,10,67,1.305e-05,128,128,0,77,
mcs90_b03m_s100.A00,mcs90_b03m_s100.B00,dal_rl,69,69,7594514652,1000.02,1,100,18179978,2.30447,5332213616,5332213616,0,3436559680,
mcs90_b03m_s100.A01,mcs90_b03m_s100.B01,dal_rl,71,83,8856129638,1000.02,1,100,3910138717,358.697,6565960408,6565960408,0,4485223861,
mcs90_b03m_s100.A02,mcs90_b03m_s100.B02,dal_rl,71,79,7519939361,1000.02,1,100,4491087926,587.038,5288659033,5288659033,0,3374029996,
mcs90_b03m_s100.A03,mcs90_b03m_s100.B03,dal_rl,72,84,7032329634,1000.02,1,100,392064429,47.2079,4941300957,4941300957,0,3258607337,
mcs90_b03m_s100.A04,mcs90_b03m_s100.B04,dal_rl,72,79,7372650270,1000.02,1,100,7126335690,964.907,5107430020,5107430020,0,3283864716,
mcs90_b03m_s100.A05,mcs90_b03m_s100.B05,dal_rl,73,80,6664667559,1000.02,1,100,115589030,14.6707,4715011804,4715011804,0,3142292124,
mcs90_b03m_s100.A06,mcs90_b03m_s100.B06,dal_rl,65,76,11754122833,1000.01,1,100,4227836185,359.396,9824085828,9824085828,0,8000648054,
mcs90_b03m_s100.A07,mcs90_b03m_s100.B07,dal_rl,73,83,7087645118,1000.01,1,100,2686697795,356.6,4930146020,4930146020,0,3156739987,
mcs90_b03m_s100.A08,mcs90_b03m_s100.B08,dal_rl,70,78,7840402554,1000.02,1,100,36945630,4.17318,5742865651,5742865651,0,3824988389,
mcs90_b03m_s100.A09,mcs90_b03m_s100.B09,dal_rl,71,78,6485195758,1000.02,1,100,7682307,0.926406,4895983867,4895983867,0,3676104232,
mcs90_b03m_s15.A00,mcs90_b03m_s15.B00,dal_rl,13,18,962,0.000159119,0,15,623,8.5148e-05,586,586,0,307,
mcs90_b03m_s15.A01,mcs90_b03m_s15.B01,dal_rl,13,14,1033,0.000173752,0,15,916,0.000128834,651,651,0,423,
mcs90_b03m_s15.A02,mcs90_b03m_s15.B02,dal_rl,13,16,1649,0.000228104,0,15,1323,0.000157487,1082,1082,0,698,
mcs90_b03m_s15.A03,mcs90_b03m_s15.B03,dal_rl,13,14,2280,0.000297178,0,15,2056,0.000243838,1433,1433,0,875,
mcs90_b03m_s15.A04,mcs90_b03m_s15.B04,dal_rl,13,18,1928,0.000426813,0,15,1809,0.000380113,1263,1263,0,834,
mcs90_b03m_s15.A05,mcs90_b03m_s15.B05,dal_rl,12,16,1447,0.00022602,0,15,589,8.4207e-05,956,956,0,667,
mcs90_b03m_s15.A06,mcs90_b03m_s15.B06,dal_rl,13,16,318,0.000109857,0,15,14,1.4582e-05,217,217,0,140,
mcs90_b03m_s15.A07,mcs90_b03m_s15.B07,dal_rl,13,18,777,0.000145349,0,15,700,0.000103977,513,513,0,357,
mcs90_b03m_s15.A08,mcs90_b03m_s15.B08,dal_rl,13,19,347,8.3065e-05,0,15,212,4.011e-05,232,232,0,161,
mcs90_b03m_s15.A09,mcs90_b03m_s15.B09,dal_rl,13,15,2981,0.000373413,0,15,2690,0.000308476,1812,1812,0,1065,
mcs90_b03m_s20.A00,mcs90_b03m_s20.B00,dal_rl,18,26,7838,0.000984535,0,20,7617,0.000922612,4839,4839,0,3034,
mcs90_b03m_s20.A01,mcs90_b03m_s20.B01,dal_rl,18,21,20774,0.00249628,0,20,20716,0.00245544,13368,13368,0,8573,
mcs90_b03m_s20.A02,mcs90_b03m_s20.B02,dal_rl,18,24,9327,0.00102182,0,20,9119,0.000967285,6209,6209,0,3964,
mcs90_b03m_s20.A03,mcs90_b03m_s20.B03,dal_rl,18,27,11623,0.00141457,0,20,11310,0.00134349,7492,7492,0,4717,
mcs90_b03m_s20.A04,mcs90_b03m_s20.B04,dal_rl,18,23,6482,0.000816638,0,20,5996,0.000726252,4129,4129,0,2641,
mcs90_b03m_s20.A05,mcs90_b03m_s20.B05,dal_rl,18,25,7927,0.00111659,0,20,7662,0.00104475,5036,5036,0,3054,
mcs90_b03m_s20.A06,mcs90_b03m_s20.B06,dal_rl,18,25,17443,0.00209634,0,20,17292,0.00204531,10772,10772,0,6486,
mcs90_b03m_s20.A07,mcs90_b03m_s20.B07,dal_rl,18,24,9117,0.00120487,0,20,8579,0.00109529,5619,5619,0,3479,
mcs90_b03m_s20.A08,mcs90_b03m_s20.B08,dal_rl,18,26,4655,0.000766774,0,20,4366,0.000698691,2902,2902,0,1850,
mcs90_b03m_s20.A09,mcs90_b03m_s20.B09,dal_rl,18,22,12134,0.00143908,0,20,11777,0.0013518,7880,7880,0,4925,
mcs90_b03m_s25.A00,mcs90_b03m_s25.B00,dal_rl,23,31,40308,0.00536315,0,25,40069,0.00529195,27643,27643,0,19070,
mcs90_b03m_s25.A01,mcs90_b03m_s25.B01,dal_rl,22,29,3051,0.000404141,0,25,1645,0.000176697,1945,1945,0,970,
mcs90_b03m_s25.A02,mcs90_b03m_s25.B02,dal_rl,22,31,132850,0.0167428,0,25,130687,0.016417,91655,91655,0,64738,
mcs90_b03m_s25.A03,mcs90_b03m_s25.B03,dal_rl,22,29,93854,0.0117927,0,25,92338,0.0115605,69600,69600,0,52486,
mcs90_b03m_s25.A04,mcs90_b03m_s25.B04,dal_rl,22,29,104583,0.0127247,0,25,103545,0.0125312,69598,69598,0,45942,
mcs90_b03m_s25.A05,mcs90_b03m_s25.B05,dal_rl,22,29,83767,0.0102182,0,25,82536,0.0100232,56070,56070,0,36665,
mcs90_b03m_s25.A06,mcs90_b03m_s25.B06,dal_rl,22,28,112768,0.013031,0,25,111272,0.0127981,76274,76274,0,50598,
mcs90_b03m_s25.A07,mcs90_b03m_s25.B07,dal_rl,23,33,21928,0.00249042,0,25,21427,0.00238036,14991,14991,0,9589,
mcs90_b03m_s25.A08,mcs90_b03m_s25.B08,dal_rl,23,32,1373,0.000243917,0,25,703,0.000114593,888,888,0,550,
mcs90_b03m_s25.A09,mcs90_b03m_s25.B09,dal_rl,22,30,60158,0.00736775,0,25,58761,0.00714848,39284,39284,0,25247,
mcs90_b03m_s30.A00,mcs90_b03m_s30.B00,dal_rl,26,34,1253331,0.147631,0,30,1236342,0.145222,871752,871752,0,597786,
mcs90_b03m_s30.A01,mcs90_b03m_s30.B01,dal_rl,26,36,866617,0.10304,0,30,853261,0.101197,557446,557446,0,332864,
mcs90_b03m_s30.A02,mcs90_b03m_s30.B02,dal_rl,27,35,1129735,0.162787,0,30,1129475,0.162689,748520,748520,0,503570,
mcs90_b03m_s30.A03,mcs90_b03m_s30.B03,dal_rl,27,36,2203688,0.254036,0,30,2200121,0.253503,1424039,1424039,0,913764,
mcs90_b03m_s30.A04,mcs90_b03m_s30.B04,dal_rl,26,34,510636,0.0545782,0,30,502424,0.0534207,336563,336563,0,218277,
mcs90_b03m_s30.A05,mcs90_b03m_s30.B05,dal_rl,26,37,1040012,0.121699,0,30,1032463,0.120651,685289,685289,0,436600,
mcs90_b03m_s30.A06,mcs90_b03m_s30.B06,dal_rl,26,33,3326173,0.391099,0,30,3303580,0.38795,2168186,2168186,0,1309646,
mcs90_b03m_s30.A07,mcs90_b03m_s30.B07,dal_rl,26,36,669684,0.0790603,0,30,659587,0.0776682,441290,441290,0,272884,
mcs90_b03m_s30.A08,mcs90_b03m_s30.B08,dal_rl,26,35,119242,0.013431,0,30,108986,0.0120915,76566,76566,0,44452,
mcs90_b03m_s30.A09,mcs90_b03m_s30.B09,dal_rl,28,40,154409,0.0183971,0,30,154205,0.0183206,106134,106134,0,68660,
mcs90_b03m_s35.A00,mcs90_b03m_s35.B00,dal_rl,30,44,9580660,1.16661,0,35,9500217,1.15517,6403140,6403140,0,4034066,
mcs90_b03m_s35.A01,mcs90_b03m_s35.B01,dal_rl,30,35,13663337,1.58889,0,35,13493166,1.56538,9445025,9445025,0,6381728,
mcs90_b03m_s35.A02,mcs90_b03m_s35.B02,dal_rl,30,38,3988978,0.544271,0,35,3958824,0.540012,2792922,2792922,0,1971105,
mcs90_b03m_s35.A03,mcs90_b03m_s35.B03,dal_rl,30,38,172619,0.0242697,0,35,129941,0.0182471,121432,121432,0,84902,
mcs90_b03m_s35.A04,mcs90_b03m_s35.B04,dal_rl,30,39,5549316,0.704024,0,35,5526762,0.700619,3876111,3876111,0,2579498,
mcs90_b03m_s35.A05,mcs90_b03m_s35.B05,dal_rl,30,38,9913888,1.2058,0,35,9832620,1.19413,6604490,6604490,0,4285117,
mcs90_b03m_s35.A06,mcs90_b03m_s35.B06,dal_rl,32,43,1049382,0.128079,0,35,1046606,0.127651,708190,708190,0,445547,
mcs90_b03m_s35.A07,mcs90_b03m_s35.B07,dal_rl,30,39,1998509,0.23914,0,35,1885550,0.223865,1346166,1346166,0,849315,
mcs90_b03m_s35.A08,mcs90_b03m_s35.B08,dal_rl,30,39,9720685,1.17078,0,35,9568533,1.14806,6390687,6390687,0,4140682,
mcs90_b03m_s35.A09,mcs90_b03m_s35.B09,dal_rl,30,40,3250418,0.38245,0,35,3201169,0.375403,2119449,2119449,0,1270798,
mcs90_b03m_s40.A00,mcs90_b03m_s40.B00,dal_rl,36,50,22352145,2.58869,0,40,22340354,2.58692,14914719,14914719,0,9017367,
mcs90_b03m_s40.A01,mcs90_b03m_s40.B01,dal_rl,37,53,3360273,0.507511,0,40,3357531,0.506939,2185691,2185691,0,1395727,
mcs90_b03m_s40.A02,mcs90_b03m_s40.B02,dal_rl,37,55,1472117,0.206836,0,40,1469424,0.206359,1018785,1018785,0,686143,
mcs90_b03m_s40.A03,mcs90_b03m_s40.B03,dal_rl,36,50,20325956,2.58734,0,40,20316566,2.58577,13631003,13631003,0,8985246,
mcs90_b03m_s40.A04,mcs90_b03m_s40.B04,dal_rl,36,48,2139560,0.25084,0,40,2117715,0.247471,1475485,1475485,0,996751,
mcs90_b03m_s40.A05,mcs90_b03m_s40.B05,dal_rl,36,49,32357547,4.02938,0,40,32347165,4.02781,21606729,21606729,0,13357679,
mcs90_b03m_s40.A06,mcs90_b03m_s40.B06,dal_rl,36,43,72822070,8.99664,0,40,72817261,8.99579,47790966,47790966,0,29304094,
mcs90_b03m_s40.A07,mcs90_b03m_s40.B07,dal_rl,36,46,16904707,2.2469,0,40,16902128,2.24642,11046923,11046923,0,7011088,
mcs90_b03m_s40.A08,mcs90_b03m_s40.B08,dal_rl,36,50,21404861,2.75476,0,40,21388251,2.75213,14909785,14909785,0,10505124,
mcs90_b03m_s40.A09,mcs90_b03m_s40.B09,dal_rl,36,48,77499156,9.91278,0,40,77492725,9.91173,52169471,52169471,0,32904565,
mcs90_b03m_s50.A00,mcs90_b03m_s50.B00,dal_rl,44,55,6155215403,831.557,0,50,6154501390,831.435,4144358095,4144358095,0,2641420040,
mcs90_b03m_s50.A01,mcs90_b03m_s50.B01,dal_rl,44,58,174530387,24.0967,0,50,174429440,24.0809,117536000,117536000,0,73879408,
mcs90_b03m_s50.A02,mcs90_b03m_s50.B02,dal_rl,44,57,832027318,115.573,0,50,829393454,115.135,555627636,555627636,0,367517140,
mcs90_b03m_s50.A03,mcs90_b03m_s50.B03,dal_rl,45,60,401133150,55.4952,0,50,401063549,55.4829,278348915,278348915,0,184229018,
mcs90_b03m_s50.A04,mcs90_b03m_s50.B04,dal_rl,45,62,582381867,82.8847,0,50,582264344,82.8636,397191366,397191366,0,260831734,
mcs90_b03m_s50.A05,mcs90_b03m_s50.B05,dal_rl,44,61,185075766,25.0282,0,50,184951392,25.0072,129448868,129448868,0,87099852,
mcs90_b03m_s50.A06,mcs90_b03m_s50.B06,dal_rl,45,60,3567354933,486.963,0,50,3567156276,486.923,2426930481,2426930481,0,1601611454,
mcs90_b03m_s50.A07,mcs90_b03m_s50.B07,dal_rl,44,54,1085529821,157.538,0,50,1085158038,157.48,732243560,732243560,0,467906646,
mcs90_b03m_s50.A08,mcs90_b03m_s50.B08,dal_rl,44,52,1602418858,221.657,0,50,1602365055,221.649,1082038973,1082038973,0,680799107,
mcs90_b03m_s50.A09,mcs90_b03m_s50.B09,dal_rl,44,54,77191764,10.5421,0,50,76426472,10.4106,52981659,52981659,0,34873597,
mcs90_b03m_s60.A00,mcs90_b03m_s60.B00,dal_rl,54,73,2614071955,399.173,0,60,2613348349,399.042,1762306458,1762306458,0,1132721108,
mcs90_b03m_s60.A01,mcs90_b03m_s60.B01,dal_rl,45,55,7167213741,1000.01,1,60,3322063799,456.875,4749425544,4749425544,0,2930208979,
mcs90_b03m_s60.A02,mcs90_b03m_s60.B02,dal_rl,55,73,1171845322,176.999,0,60,1171686114,176.965,803922613,803922613,0,510812539,
mcs90_b03m_s60.A03,mcs90_b03m_s60.B03,dal_rl,48,61,6884243007,1000,1,60,4106308437,578.414,4672818904,4672818904,0,2945506044,
mcs90_b03m_s60.A04,mcs90_b03m_s60.B04,dal_rl,49,63,6669547973,1000.01,1,60,5571885089,822.993,4487495329,4487495329,0,2773506716,
mcs90_b03m_s60.A05,mcs90_b03m_s60.B05,dal_rl,46,52,7332215312,1000.03,1,60,2166083332,292.443,5039333846,5039333846,0,3179183409,
mcs90_b03m_s60.A06,mcs90_b03m_s60.B06,dal_rl,47,56,7212855517,1000.01,1,60,1468287231,197.258,4849823858,4849823858,0,3005283538,
mcs90_b03m_s60.A07,mcs90_b03m_s60.B07,dal_rl,54,74,3310584973,487.694,0,60,3310142479,487.604,2222386489,2222386489,0,1367372069,
mcs90_b03m_s60.A08,mcs90_b03m_s60.B08,dal_rl,43,46,8180084776,1000.02,1,60,6069392816,733.573,5774544458,5774544458,0,3774402723,
mcs90_b03m_s60.A09,mcs90_b03m_s60.B09,dal_rl,44,55,7634617696,1000.02,1,60,6095898671,800.633,5498550412,5498550412,0,3769390089,
mcs90_b03m_s70.A00,mcs90_b03m_s70.B00,dal_rl,53,64,7074821076,1000.01,1,70,2108517556,289.612,4895803756,4895803756,0,3080094305,
mcs90_b03m_s70.A01,mcs90_b03m_s70.B01,dal_rl,64,91,5490346506,751.988,0,70,5489815560,751.889,3628790199,3628790199,0,2159295264,
mcs90_b03m_s70.A02,mcs90_b03m_s70.B02,dal_rl,52,59,7596827433,1000.02,1,70,6243246402,816.489,5134463402,5134463402,0,3131049803,
mcs90_b03m_s70.A03,mcs90_b03m_s70.B03,dal_rl,54,58,7180415549,1000.01,1,70,4254643331,571.615,4977458870,4977458870,0,3167547785,
mcs90_b03m_s70.A04,mcs90_b03m_s70.B04,dal_rl,54,61,6802908614,1000.02,1,70,904112900,121.141,4724199369,4724199369,0,3052764247,
mcs90_b03m_s70.A05,mcs90_b03m_s70.B05,dal_rl,53,62,7275014540,1000.02,1,70,6748123395,926.936,5071520390,5071520390,0,3193468267,
mcs90_b03m_s70.A06,mcs90_b03m_s70.B06,dal_rl,52,58,7720007002,1000.02,1,70,7591012279,983.513,5348710423,5348710423,0,3386320724,
mcs90_b03m_s70.A07,mcs90_b03m_s70.B07,dal_rl,52,54,6962862023,1000.02,1,70,9586880,1.38305,4879178355,4879178355,0,3152465638,
mcs90_b03m_s70.A08,mcs90_b03m_s70.B08,dal_rl,50,59,7536525086,1000.02,1,70,675109630,81.2336,5263618339,5263618339,0,3367729690,
mcs90_b03m_s70.A09,mcs90_b03m_s70.B09,dal_rl,49,54,7016953420,1000.01,1,70,5394539563,762.975,4505426317,4505426317,0,2725750125,
mcs90_b03m_s80.A00,mcs90_b03m_s80.B00,dal_rl,60,71,6992398354,1000.02,1,80,1313444663,166.619,4941264831,4941264831,0,3209142472,
mcs90_b03m_s80.A01,mcs90_b03m_s80.B01,dal_rl,57,64,7802117135,1000.02,1,80,3091481039,376.542,5604938633,5604938633,0,3679619173,
mcs90_b03m_s80.A02,mcs90_b03m_s80.B02,dal_rl,60,72,7150901910,1000.01,1,80,2882053763,373.654,5136424927,5136424927,0,3426168646,
mcs90_b03m_s80.A03,mcs90_b03m_s80.B03,dal_rl,60,71,7220555001,1000.02,1,80,3765270564,514.678,4957786122,4957786122,0,3065771046,
mcs90_b03m_s80.A04,mcs90_b03m_s80.B04,dal_rl,61,74,6492797977,1000.02,1,80,186199201,25.0721,4335591124,4335591124,0,2424566638,
mcs90_b03m_s80.A05,mcs90_b03m_s80.B05,dal_rl,57,59,3616821129,1000.01,1,80,178099992,48.6165,2491975454,2491975454,0,1560194994,
mcs90_b03m_s80.A06,mcs90_b03m_s80.B06,dal_rl,56,64,7192733104,1000.02,1,80,52566959,6.08713,5040043696,5040043696,0,3214794853,
mcs90_b03m_s80.A07,mcs90_b03m_s80.B07,dal_rl,60,68,7288962971,1000.02,1,80,4364455137,569.492,5219454882,5219454882,0,3421417491,
mcs90_b03m_s80.A08,mcs90_b03m_s80.B08,dal_rl,61,73,7050268160,1000.01,1,80,121355858,15.4439,4685292096,4685292096,0,2616635410,
mcs90_b03m_s80.A09,mcs90_b03m_s80.B09,dal_rl,59,65,7227105167,1000.02,1,80,1472953886,191.2,5073047869,5073047869,0,3288081102,
mcs90_b03m_s90.A00,mcs90_b03m_s90.B00,dal_rl,65,76,7354566998,1000.01,1,90,3781987497,494.405,5155022088,5155022088,0,3306739452,
mcs90_b03m_s90.A01,mcs90_b03m_s90.B01,dal_rl,65,79,7288691927,1000.02,1,90,1236959354,163.105,5037767891,5037767891,0,3169507500,
mcs90_b03m_s90.A02,mcs90_b03m_s90.B02,dal_rl,67,78,7206589132,1000.02,1,90,215870449,27.2609,4768172872,4768172872,0,2537078377,
mcs90_b03m_s90.A03,mcs90_b03m_s90.B03,dal_rl,71,86,5872767944,1000.02,1,90,5394895045,919.675,4120096240,4120096240,0,2652892542,
mcs90_b03m_s90.A04,mcs90_b03m_s90.B04,dal_rl,63,68,7980543524,1000.01,1,90,6993393101,832.038,6052862187,6052862187,0,4360034425,
mcs90_b03m_s90.A05,mcs90_b03m_s90.B05,dal_rl,63,71,5849645585,1000.02,1,90,74866829,12.4662,4148280150,4148280150,0,2713393351,
mcs90_b03m_s90.A06,mcs90_b03m_s90.B06,dal_rl,67,79,7809388400,1000.01,1,90,4879540227,580.315,5647363403,5647363403,0,3783364765,
mcs90_b03m_s90.A07,mcs90_b03m_s90.B07,dal_rl,63,71,7200482836,1000.02,1,90,263974323,29.5794,5969460672,5969460672,0,4754536971,
mcs90_b03m_s90.A08,mcs90_b03m_s90.B08,dal_rl,63,70,8199552247,1000.01,1,90,5178769272,617.642,5787420325,5787420325,0,3847697963,
mcs90_b03m_s90.A09,mcs90_b03m_s90.B09,dal_rl,67,81,7229034533,1000.02,1,90,2810230857,366.688,5205714804,5205714804,0,3407252932,
mcs90_b06_s10.A00,mcs90_b06_s10.B00,dal_rl,9,24,60,3.8338e-05,0,10,10,6.85e-06,41,41,0,22,
mcs90_b06_s10.A01,mcs90_b06_s10.B01,dal_rl,9,23,47,3.2729e-05,0,10,10,8.102e-06,30,30,0,13,
mcs90_b06_s10.A02,mcs90_b06_s10.B02,dal_rl,9,24,65,3.8498e-05,0,10,19,9.834e-06,40,40,0,15,
mcs90_b06_s10.A03,mcs90_b06_s10.B03,dal_rl,9,23,145,6.4888e-05,0,10,126,3.0215e-05,94,94,0,30,
mcs90_b06_s10.A04,mcs90_b06_s10.B04,dal_rl,9,24,87,4.2995e-05,0,10,41,1.1167e-05,58,58,0,30,
mcs90_b06_s10.A05,mcs90_b06_s10.B05,dal_rl,9,23,78,6.1152e-05,0,10,34,1.7256e-05,52,52,0,27,
mcs90_b06_s10.A06,mcs90_b06_s10.B06,dal_rl,9,24,65,5.0606e-05,0,10,10,1.0055e-05,44,44,0,22,
mcs90_b06_s10.A07,mcs90_b06_s10.B07,dal_rl,9,24,44,3.8578e-05,0,10,10,8.994e-06,29,29,0,13,
mcs90_b06_s10.A08,mcs90_b06_s10.B08,dal_rl,9,24,71,4.2564e-05,0,10,10,6.75e-06,43,43,0,14,
mcs90_b06_s10.A09,mcs90_b06_s10.B09,dal_rl,9,23,47,3.7487e-05,0,10,10,8.643e-06,30,30,0,13,
mcs90_b06_s100.A00,mcs90_b06_s100.B00,dal_rl,90,242,944131955,194.476,0,100,86722783,17.4793,570239990,570239990,0,298712398,
mcs90_b06_s100.A01,mcs90_b06_s100.B01,dal_rl,68,146,5277075034,1000.02,1,100,4227573888,779.323,3454638786,3454638786,0,2251348182,
mcs90_b06_s100.A02,mcs90_b06_s100.B02,dal_rl,74,170,5402306946,1000.02,1,100,171512209,27.5859,3485013679,3485013679,0,2243066835,
mcs90_b06_s100.A03,mcs90_b06_s100.B03,dal_rl,90,244,1773017652,434.588,0,100,16182819,3.82359,1107649014,1107649014,0,644727413,
mcs90_b06_s100.A04,mcs90_b06_s100.B04,dal_rl,77,176,6567869384,1000.02,1,100,5929419877,887.643,3994022734,3994022734,0,2030748085,
mcs90_b06_s100.A05,mcs90_b06_s100.B05,dal_rl,91,250,1711887620,328.831,0,100,1672694214,320.158,1077103987,1077103987,0,630618347,
mcs90_b06_s100.A06,mcs90_b06_s100.B06,dal_rl,91,248,2338781317,476.695,0,100,1860267895,379.122,1468320505,1468320505,0,866515523,
mcs90_b06_s100.A07,mcs90_b06_s100.B07,dal_rl,91,249,521734860,109.297,0,100,252234022,52.7026,330589246,330589246,0,204089820,
mcs90_b06_s100.A08,mcs90_b06_s100.B08,dal_rl,91,250,307164629,61.3503,0,100,71803879,14.2876,177494089,177494089,0,82223281,
mcs90_b06_s100.A09,mcs90_b06_s100.B09,dal_rl,91,246,180014307,36.757,0,100,82935392,16.501,108232152,108232152,0,57301923,
mcs90_b06_s15.A00,mcs90_b06_s15.B00,dal_rl,14,39,440,0.000112489,0,15,370,7.4011e-05,291,291,0,192,
mcs90_b06_s15.A01,mcs90_b06_s15.B01,dal_rl,13,33,807,0.00016605,0,15,176,3.8688e-05,524,524,0,316,
mcs90_b06_s15.A02,mcs90_b06_s15.B02,dal_rl,13,35,579,0.00013297,0,15,68,2.1533e-05,398,398,0,264,
mcs90_b06_s15.A03,mcs90_b06_s15.B03,dal_rl,13,33,552,0.000137267,0,15,392,7.1498e-05,372,372,0,249,
mcs90_b06_s15.A04,mcs90_b06_s15.B04,dal_rl,14,39,367,0.000100662,0,15,299,6.3075e-05,239,239,0,137,
mcs90_b06_s15.A05,mcs90_b06_s15.B05,dal_rl,13,32,898,0.000210987,0,15,648,0.000146379,567,567,0,303,
mcs90_b06_s15.A06,mcs90_b06_s15.B06,dal_rl,13,32,910,0.000170867,0,15,149,3.309e-05,588,588,0,335,
mcs90_b06_s15.A07,mcs90_b06_s15.B07,dal_rl,13,36,697,0.000141613,0,15,536,8.6741e-05,476,476,0,308,
mcs90_b06_s15.A08,mcs90_b06_s15.B08,dal_rl,13,37,591,0.000134382,0,15,310,5.8457e-05,416,416,0,312,
mcs90_b06_s15.A09,mcs90_b06_s15.B09,dal_rl,13,32,900,0.000171187,0,15,428,7.4641e-05,601,601,0,392,
mcs90_b06_s20.A00,mcs90_b06_s20.B00,dal_rl,18,50,1137,0.000223755,0,20,146,3.5913e-05,771,771,0,511,
mcs90_b06_s20.A01,mcs90_b06_s20.B01,dal_rl,18,47,794,0.000169675,0,20,156,3.7948e-05,535,535,0,324,
mcs90_b06_s20.A02,mcs90_b06_s20.B02,dal_rl,18,52,1184,0.00022593,0,20,19,1.7766e-05,781,781,0,439,
mcs90_b06_s20.A03,mcs90_b06_s20.B03,dal_rl,18,47,1185,0.000230206,0,20,262,5.7566e-05,765,765,0,472,
mcs90_b06_s20.A04,mcs90_b06_s20.B04,dal_rl,18,54,1026,0.000205329,0,20,19,1.6725e-05,693,693,0,408,
mcs90_b06_s20.A05,mcs90_b06_s20.B05,dal_rl,18,49,1291,0.000248865,0,20,122,3.5072e-05,824,824,0,448,
mcs90_b06_s20.A06,mcs90_b06_s20.B06,dal_rl,18,48,1210,0.000226531,0,20,340,7.1848e-05,810,810,0,534,
mcs90_b06_s20.A07,mcs90_b06_s20.B07,dal_rl,18,47,1291,0.000246832,0,20,232,5.1938e-05,824,824,0,463,
mcs90_b06_s20.A08,mcs90_b06_s20.B08,dal_rl,18,47,2709,0.000451189,0,20,2373,0.000366792,1757,1757,0,1180,
mcs90_b06_s20.A09,mcs90_b06_s20.B09,dal_rl,18,52,1195,0.00024019,0,20,256,5.8337e-05,799,799,0,493,
mcs90_b06_s25.A00,mcs90_b06_s25.B00,dal_rl,22,57,5968,0.00102875,0,25,94,3.1988e-05,3520,3520,0,1854,
mcs90_b06_s25.A01,mcs90_b06_s25.B01,dal_rl,22,58,4859,0.00084116,0,25,23,1.95e-05,3033,3033,0,1905,
mcs90_b06_s25.A02,mcs90_b06_s25.B02,dal_rl,22,57,6627,0.00100254,0,25,6228,0.000898456,4279,4279,0,2731,
mcs90_b06_s25.A03,mcs90_b06_s25.B03,dal_rl,22,57,4930,0.00108672,0,25,403,0.000116065,3086,3086,0,1917,
mcs90_b06_s25.A04,mcs90_b06_s25.B04,dal_rl,23,64,2786,0.00052975,0,25,2513,0.000445934,1761,1761,0,1151,
mcs90_b06_s25.A05,mcs90_b06_s25.B05,dal_rl,23,62,1511,0.000314614,0,25,944,0.000186431,1039,1039,0,740,
mcs90_b06_s25.A06,mcs90_b06_s25.B06,dal_rl,22,59,8136,0.00125269,0,25,4626,0.000628522,5094,5094,0,3130,
mcs90_b06_s25.A07,mcs90_b06_s25.B07,dal_rl,22,56,3193,0.000597416,0,25,361,8.2844e-05,2067,2067,0,1340,
mcs90_b06_s25.A08,mcs90_b06_s25.B08,dal_rl,23,63,2085,0.000412969,0,25,1479,0.000274812,1282,1282,0,683,
mcs90_b06_s25.A09,mcs90_b06_s25.B09,dal_rl,22,61,5896,0.00101514,0,25,23,2.67e-05,3574,3574,0,2034,
mcs90_b06_s30.A00,mcs90_b06_s30.B00,dal_rl,27,77,9264,0.0015334,0,30,1786,0.000275413,5588,5588,0,3059,
mcs90_b06_s30.A01,mcs90_b06_s30.B01,dal_rl,27,79,9819,0.00163472,0,30,1010,0.000184719,5815,5815,0,2930,
mcs90_b06_s30.A02,mcs90_b06_s30.B02,dal_rl,27,72,6952,0.00123597,0,30,97,3.6124e-05,4237,4237,0,2303,
mcs90_b06_s30.A03,mcs90_b06_s30.B03,dal_rl,28,76,7958,0.00118996,0,30,6813,0.000987173,5584,5584,0,4104,
mcs90_b06_s30.A04,mcs90_b06_s30.B04,dal_rl,27,70,8051,0.00139945,0,30,1072,0.000194232,4833,4833,0,2625,
mcs90_b06_s30.A05,mcs90_b06_s30.B05,dal_rl,27,70,118795,0.0168619,0,30,118558,0.0167722,75150,75150,0,49103,
mcs90_b06_s30.A06,mcs90_b06_s30.B06,dal_rl,27,72,5130,0.00112859,0,30,1103,0.000208163,3313,3313,0,2057,
mcs90_b06_s30.A07,mcs90_b06_s30.B07,dal_rl,27,72,7751,0.00128269,0,30,1433,0.0001993,4793,4793,0,2684,
mcs90_b06_s30.A08,mcs90_b06_s30.B08,dal_rl,28,78,7674,0.00211887,0,30,5696,0.00141679,4969,4969,0,3147,
mcs90_b06_s30.A09,mcs90_b06_s30.B09,dal_rl,27,75,12912,0.00203405,0,30,2324,0.000357277,7518,7518,0,3706,
mcs90_b06_s35.A00,mcs90_b06_s35.B00,dal_rl,31,80,32733,0.00573166,0,35,1584,0.00027984,18736,18736,0,9387,
mcs90_b06_s35.A01,mcs90_b06_s35.B01,dal_rl,31,79,40092,0.0069371,0,35,6432,0.0013251,22953,22953,0,11541,
mcs90_b06_s35.A02,mcs90_b06_s35.B02,dal_rl,32,86,7183,0.00134192,0,35,3472,0.000674088,4467,4467,0,2644,
mcs90_b06_s35.A03,mcs90_b06_s35.B03,dal_rl,31,79,146135,0.019727,0,35,116337,0.0145607,89740,89740,0,52386,
mcs90_b06_s35.A04,mcs90_b06_s35.B04,dal_rl,32,84,9925,0.00219947,0,35,6398,0.00155339,5981,5981,0,3648,
mcs90_b06_s35.A05,mcs90_b06_s35.B05,dal_rl,31,82,50675,0.00847792,0,35,5244,0.0010727,28568,28568,0,13549,
mcs90_b06_s35.A06,mcs90_b06_s35.B06,dal_rl,32,86,19230,0.00329505,0,35,13323,0.00228312,10917,10917,0,5322,
mcs90_b06_s35.A07,mcs90_b06_s35.B07,dal_rl,32,85,31054,0.00524911,0,35,28257,0.00472756,18290,18290,0,9587,
mcs90_b06_s35.A08,mcs90_b06_s35.B08,dal_rl,31,80,21832,0.00381792,0,35,46,3.0676e-05,13059,13059,0,7823,
mcs90_b06_s35.A09,mcs90_b06_s35.B09,dal_rl,31,80,289239,0.0421504,0,35,286761,0.0417096,180515,180515,0,119175,
mcs90_b06_s40.A00,mcs90_b06_s40.B00,dal_rl,36,94,40839,0.00675351,0,40,15601,0.00221628,25436,25436,0,15134,
mcs90_b06_s40.A01,mcs90_b06_s40.B01,dal_rl,36,97,43800,0.00743509,0,40,5458,0.000890569,25284,25284,0,12394,
mcs90_b06_s40.A02,mcs90_b06_s40.B02,dal_rl,36,98,28877,0.00516158,0,40,3517,0.000615196,17181,17181,0,8802,
mcs90_b06_s40.A03,mcs90_b06_s40.B03,dal_rl,37,108,25798,0.00426574,0,40,16821,0.00275816,14346,14346,0,6484,
mcs90_b06_s40.A04,mcs90_b06_s40.B04,dal_rl,36,95,25814,0.00461312,0,40,478,0.000122515,14975,14975,0,7829,
mcs90_b06_s40.A05,mcs90_b06_s40.B05,dal_rl,37,104,35612,0.0111206,0,40,31329,0.00949715,22636,22636,0,13080,
mcs90_b06_s40.A06,mcs90_b06_s40.B06,dal_rl,36,98,319139,0.0467401,0,40,277302,0.0392274,207326,207326,0,126152,
mcs90_b06_s40.A07,mcs90_b06_s40.B07,dal_rl,37,102,135108,0.0155082,0,40,129725,0.014497,80559,80559,0,44793,
mcs90_b06_s40.A08,mcs90_b06_s40.B08,dal_rl,36,97,50584,0.00876916,0,40,1910,0.000367843,28298,28298,0,13076,
mcs90_b06_s40.A09,mcs90_b06_s40.B09,dal_rl,37,106,13534,0.0024951,0,40,6305,0.00121293,8017,8017,0,4252,
mcs90_b06_s50.A00,mcs90_b06_s50.B00,dal_rl,45,120,230492,0.0405346,0,50,5116,0.00089099,128020,128020,0,59825,
mcs90_b06_s50.A01,mcs90_b06_s50.B01,dal_rl,45,120,323630,0.052327,0,50,144796,0.0195844,191893,191893,0,108825,
mcs90_b06_s50.A02,mcs90_b06_s50.B02,dal_rl,46,127,129609,0.0208943,0,50,110222,0.0172626,82920,82920,0,53702,
mcs90_b06_s50.A03,mcs90_b06_s50.B03,dal_rl,46,124,33218,0.00622356,0,50,19584,0.00368341,19833,19833,0,10900,
mcs90_b06_s50.A04,mcs90_b06_s50.B04,dal_rl,45,118,9584694,1.44785,0,50,9523975,1.437,6096464,6096464,0,3596496,
mcs90_b06_s50.A05,mcs90_b06_s50.B05,dal_rl,46,125,6542365,1.81983,0,50,6517239,1.81007,4273883,4273883,0,2694513,
mcs90_b06_s50.A06,mcs90_b06_s50.B06,dal_rl,46,122,2549046,0.344486,0,50,2504202,0.33661,1604360,1604360,0,941181,
mcs90_b06_s50.A07,mcs90_b06_s50.B07,dal_rl,46,126,122678,0.0207576,0,50,90925,0.0149675,71707,71707,0,39921,
mcs90_b06_s50.A08,mcs90_b06_s50.B08,dal_rl,46,126,36765,0.00691636,0,50,20180,0.00372937,21666,21666,0,10606,
mcs90_b06_s50.A09,mcs90_b06_s50.B09,dal_rl,45,121,99009,0.0177689,0,50,1113,0.000237866,56001,56001,0,26154,
mcs90_b06_s60.A00,mcs90_b06_s60.B00,dal_rl,55,151,1015128,0.168054,0,60,877090,0.142365,555697,555697,0,200553,
mcs90_b06_s60.A01,mcs90_b06_s60.B01,dal_rl,55,149,60179281,9.36111,0,60,60060687,9.33978,36875313,36875313,0,21386624,
mcs90_b06_s60.A02,mcs90_b06_s60.B02,dal_rl,55,154,8870282,1.33197,0,60,8631445,1.28811,5421948,5421948,0,2883020,
mcs90_b06_s60.A03,mcs90_b06_s60.B03,dal_rl,54,146,3474488,0.487729,0,60,2491405,0.305208,2049257,2049257,0,1097094,
mcs90_b06_s60.A04,mcs90_b06_s60.B04,dal_rl,54,144,2817521,0.461935,0,60,1701974,0.259187,1753875,1753875,0,1031041,
mcs90_b06_s60.A05,mcs90_b06_s60.B05,dal_rl,54,148,7368821,0.977848,0,60,6792362,0.868778,4685213,4685213,0,3085432,
mcs90_b06_s60.A06,mcs90_b06_s60.B06,dal_rl,55,154,72711703,13.3923,0,60,72554570,13.3575,47430633,47430633,0,30303797,
mcs90_b06_s60.A07,mcs90_b06_s60.B07,dal_rl,55,148,16218806,2.43231,0,60,16158758,2.42144,10568674,10568674,0,6654483,
mcs90_b06_s60.A08,mcs90_b06_s60.B08,dal_rl,55,149,338485,0.0612068,0,60,52708,0.00912711,186228,186228,0,80176,
mcs90_b06_s60.A09,mcs90_b06_s60.B09,dal_rl,54,152,1652177,0.294252,0,60,277437,0.0488837,942067,942067,0,447877,
mcs90_b06_s70.A00,mcs90_b06_s70.B00,dal_rl,64,176,6471883,1.09916,0,70,5263388,0.868303,3768507,3768507,0,1898160,
mcs90_b06_s70.A01,mcs90_b06_s70.B01,dal_rl,63,168,10421691,1.90834,0,70,960330,0.171121,6085903,6085903,0,3150926,
mcs90_b06_s70.A02,mcs90_b06_s70.B02,dal_rl,64,176,3765865,0.682268,0,70,2232988,0.391118,2162221,2162221,0,1054258,
mcs90_b06_s70.A03,mcs90_b06_s70.B03,dal_rl,64,178,928552,0.184043,0,70,374680,0.0717,528263,528263,0,252563,
mcs90_b06_s70.A04,mcs90_b06_s70.B04,dal_rl,64,175,207453271,63.6999,0,70,206940320,63.5017,135345647,135345647,0,81984827,
mcs90_b06_s70.A05,mcs90_b06_s70.B05,dal_rl,64,172,8085435,1.20267,0,70,6959959,0.985535,4586138,4586138,0,2164099,
mcs90_b06_s70.A06,mcs90_b06_s70.B06,dal_rl,63,168,9731483,1.81472,0,70,793006,0.137565,5635490,5635490,0,2707799,
mcs90_b06_s70.A07,mcs90_b06_s70.B07,dal_rl,63,173,5676432,1.03221,0,70,212119,0.0371982,3189340,3189340,0,1442657,
mcs90_b06_s70.A08,mcs90_b06_s70.B08,dal_rl,63,172,9266159,1.68864,0,70,795882,0.141721,5333137,5333137,0,2569604,
mcs90_b06_s70.A09,mcs90_b06_s70.B09,dal_rl,64,179,29687317,5.25404,0,70,29042054,5.12265,18721208,18721208,0,11349989,
mcs90_b06_s80.A00,mcs90_b06_s80.B00,dal_rl,72,197,230787969,37.878,0,80,185293658,29.2292,148125951,148125951,0,88998001,
mcs90_b06_s80.A01,mcs90_b06_s80.B01,dal_rl,73,200,3668086070,640.813,0,80,3666805839,640.551,2314344278,2314344278,0,1338075640,
mcs90_b06_s80.A02,mcs90_b06_s80.B02,dal_rl,72,194,31974659,5.98537,0,80,5477733,1.03159,18798824,18798824,0,9471848,
mcs90_b06_s80.A03,mcs90_b06_s80.B03,dal_rl,62,145,5823533185,1000.02,1,80,778226575,123.741,3796486679,3796486679,0,2340668574,
mcs90_b06_s80.A04,mcs90_b06_s80.B04,dal_rl,73,197,66371749,11.7488,0,80,61909867,10.8254,39458551,39458551,0,21597184,
mcs90_b06_s80.A05,mcs90_b06_s80.B05,dal_rl,73,201,17999457,3.93078,0,80,6145859,1.27583,10760902,10760902,0,5663553,
mcs90_b06_s80.A06,mcs90_b06_s80.B06,dal_rl,73,196,219883236,46.0935,0,80,218240915,45.7146,132785940,132785940,0,69259108,
mcs90_b06_s80.A07,mcs90_b06_s80.B07,dal_rl,73,202,14541950,2.70888,0,80,3926689,0.723604,8550041,8550041,0,4360296,
mcs90_b06_s80.A08,mcs90_b06_s80.B08,dal_rl,72,195,640665648,114.053,0,80,611088212,108.533,422756875,422756875,0,286572345,
mcs90_b06_s80.A09,mcs90_b06_s80.B09,dal_rl,73,199,12027975,2.19065,0,80,4134788,0.713162,6840040,6840040,0,3045318,
mcs90_b06_s90.A00,mcs90_b06_s90.B00,dal_rl,81,218,122559668,24.1202,0,90,40119524,7.60962,74783994,74783994,0,41249475,
mcs90_b06_s90.A01,mcs90_b06_s90.B01,dal_rl,82,228,34659762,7.4134,0,90,5664879,1.18887,23683743,23683743,0,16291169,
mcs90_b06_s90.A02,mcs90_b06_s90.B02,dal_rl,82,228,142201773,28.3349,0,90,110586949,21.8868,87014530,87014530,0,47902636,
mcs90_b06_s90.A03,mcs90_b06_s90.B03,dal_rl,82,225,128905005,24.974,0,90,92456273,17.5037,76767999,76767999,0,39516983,
mcs90_b06_s90.A04,mcs90_b06_s90.B04,dal_rl,68,159,6406913289,1000.02,1,90,259398,0.0315624,3948619826,3948619826,0,2734582988,
mcs90_b06_s90.A05,mcs90_b06_s90.B05,dal_rl,82,227,38850343,8.29493,0,90,21086250,4.43142,23086195,23086195,0,12074877,
mcs90_b06_s90.A06,mcs90_b06_s90.B06,dal_rl,82,225,61985787,13.0442,0,90,24758644,5.10981,38380646,38380646,0,22070685,
mcs90_b06_s90.A07,mcs90_b06_s90.B07,dal_rl,81,218,598116540,114.055,0,90,139836438,25.5849,359821664,359821664,0,186416859,
mcs90_b06_s90.A08,mcs90_b06_s90.B08,dal_rl,82,223,382541051,76.7023,0,90,302372951,59.704,240470389,240470389,0,141165075,
mcs90_b06_s90.A09,mcs90_b06_s90.B09,dal_rl,81,214,1658920018,291.568,0,90,1251138014,209.11,1027924882,1027924882,0,580671532,
mcs90_b06m_s10.A00,mcs90_b06m_s10.B00,dal_rl,9,22,121,4.7211e-05,0,10,105,1.999e-05,78,78,0,47,
mcs90_b06m_s10.A01,mcs90_b06m_s10.B01,dal_rl,9,22,229,6.2363e-05,0,10,208,3.2068e-05,152,152,0,104,
mcs90_b06m_s10.A02,mcs90_b06m_s10.B02,dal_rl,9,22,312,9.1208e-05,0,10,292,5.5184e-05,194,194,0,126,
mcs90_b06m_s10.A03,mcs90_b06m_s10.B03,dal_rl,9,20,180,6.3024e-05,0,10,170,3.7176e-05,117,117,0,73,
mcs90_b06m_s10.A04,mcs90_b06m_s10.B04,dal_rl,9,20,117,4.0701e-05,0,10,98,1.8658e-05,78,78,0,43,
mcs90_b06m_s10.A05,mcs90_b06m_s10.B05,dal_rl,9,21,241,6.1773e-05,0,10,230,3.5724e-05,158,158,0,97,
mcs90_b06m_s10.A06,mcs90_b06m_s10.B06,dal_rl,9,22,198,6.0391e-05,0,10,185,3.1407e-05,125,125,0,80,
mcs90_b06m_s10.A07,mcs90_b06m_s10.B07,dal_rl,9,22,119,6.7572e-05,0,10,88,2.5618e-05,80,80,0,50,
mcs90_b06m_s10.A08,mcs90_b06m_s10.B08,dal_rl,9,22,304,6.9815e-05,0,10,295,4.5599e-05,191,191,0,121,
mcs90_b06m_s10.A09,mcs90_b06m_s10.B09,dal_rl,9,22,144,4.6901e-05,0,10,123,2.3114e-05,98,98,0,52,
mcs90_b06m_s100.A00,mcs90_b06m_s100.B00,dal_rl,58,107,6549451384,1000.02,1,100,448033331,62.1898,4906548272,4906548272,0,3929653882,
mcs90_b06m_s100.A01,mcs90_b06m_s100.B01,dal_rl,53,98,7130092890,1000.02,1,100,1140088277,151.502,5260265803,5260265803,0,4066209112,
mcs90_b06m_s100.A02,mcs90_b06m_s100.B02,dal_rl,52,94,6458642255,1000.01,1,100,1082692414,161.058,4630549698,4630549698,0,3552722215,
mcs90_b06m_s100.A03,mcs90_b06m_s100.B03,dal_rl,54,108,6798140742,1000.02,1,100,1535223797,208.403,5064549667,5064549667,0,4031471310,
mcs90_b06m_s100.A04,mcs90_b06m_s100.B04,dal_rl,51,94,6991644187,1000.01,1,100,88531972,8.87984,5221544792,5221544792,0,4147698795,
mcs90_b06m_s100.A05,mcs90_b06m_s100.B05,dal_rl,53,98,8104594691,1000.02,1,100,3129371907,365.743,6071837199,6071837199,0,4865928858,
mcs90_b06m_s100.A06,mcs90_b06m_s100.B06,dal_rl,53,91,6971658987,1000.02,1,100,55156223,6.62624,5181171023,5181171023,0,4120601639,
mcs90_b06m_s100.A07,mcs90_b06m_s100.B07,dal_rl,52,89,7891306589,1000.01,1,100,3022758666,351.473,5820145794,5820145794,0,4482166036,
mcs90_b06m_s100.A08,mcs90_b06m_s100.B08,dal_rl,52,87,7386162714,1000.02,1,100,1319456043,166.473,5269983377,5269983377,0,3906333678,
mcs90_b06m_s100.A09,mcs90_b06m_s100.B09,dal_rl,53,94,3645019516,1000.02,1,100,980367212,255.826,2490221798,2490221798,0,1940249747,
mcs90_b06m_s15.A00,mcs90_b06m_s15.B00,dal_rl,13,32,2234,0.000361334,0,15,1944,0.000284869,1469,1469,0,1171,
mcs90_b06m_s15.A01,mcs90_b06m_s15.B01,dal_rl,13,31,1060,0.000304801,0,15,853,0.000205431,684,684,0,539,
mcs90_b06m_s15.A02,mcs90_b06m_s15.B02,dal_rl,13,34,348,0.000104896,0,15,153,3.6625e-05,254,254,0,215,
mcs90_b06m_s15.A03,mcs90_b06m_s15.B03,dal_rl,13,31,2384,0.000408199,0,15,2211,0.000352856,1467,1467,0,1107,
mcs90_b06m_s15.A04,mcs90_b06m_s15.B04,dal_rl,13,33,1608,0.000306157,0,15,1375,0.000238416,1079,1079,0,870,
mcs90_b06m_s15.A05,mcs90_b06m_s15.B05,dal_rl,13,33,4123,0.000759865,0,15,4009,0.000704409,2594,2594,0,2080,
mcs90_b06m_s15.A06,mcs90_b06m_s15.B06,dal_rl,13,33,4780,0.00112664,0,15,4533,0.00105608,2939,2939,0,2257,
mcs90_b06m_s15.A07,mcs90_b06m_s15.B07,dal_rl,13,29,781,0.000158189,0,15,766,0.000131558,532,532,0,373,
mcs90_b06m_s15.A08,mcs90_b06m_s15.B08,dal_rl,13,32,1365,0.000271079,0,15,1316,0.000232209,889,889,0,623,
mcs90_b06m_s15.A09,mcs90_b06m_s15.B09,dal_rl,13,31,4413,0.000984308,0,15,4364,0.000951859,2771,2771,0,1988,
mcs90_b06m_s20.A00,mcs90_b06m_s20.B00,dal_rl,18,47,38968,0.00617594,0,20,38785,0.00610503,25888,25888,0,20855,
mcs90_b06m_s20.A01,mcs90_b06m_s20.B01,dal_rl,18,49,48970,0.00815308,0,20,48808,0.00809465,31573,31573,0,25945,
mcs90_b06m_s20.A02,mcs90_b06m_s20.B02,dal_rl,18,47,44525,0.00755768,0,20,44257,0.0074746,27795,27795,0,22457,
mcs90_b06m_s20.A03,mcs90_b06m_s20.B03,dal_rl,18,46,15570,0.0026061,0,20,15453,0.0025451,9838,9838,0,7801,
mcs90_b06m_s20.A04,mcs90_b06m_s20.B04,dal_rl,18,51,31082,0.0102967,0,20,30836,0.0101149,19664,19664,0,15953,
mcs90_b06m_s20.A05,mcs90_b06m_s20.B05,dal_rl,18,46,12341,0.00215669,0,20,12234,0.0020942,7708,7708,0,6105,
mcs90_b06m_s20.A06,mcs90_b06m_s20.B06,dal_rl,18,48,31843,0.00540183,0,20,31795,0.00535932,21254,21254,0,17342,
mcs90_b06m_s20.A07,mcs90_b06m_s20.B07,dal_rl,18,43,28121,0.00617133,0,20,27828,0.00604493,17265,17265,0,13276,
mcs90_b06m_s20.A08,mcs90_b06m_s20.B08,dal_rl,18,45,23803,0.00400274,0,20,23646,0.00394418,14676,14676,0,11392,
mcs90_b06m_s20.A09,mcs90_b06m_s20.B09,dal_rl,18,48,48265,0.00795591,0,20,48141,0.00789671,29337,29337,0,23527,
mcs90_b06m_s25.A00,mcs90_b06m_s25.B00,dal_rl,22,62,418425,0.0667099,0,25,417824,0.0665494,268233,268233,0,217983,
mcs90_b06m_s25.A01,mcs90_b06m_s25.B01,dal_rl,22,55,374397,0.0685008,0,25,373726,0.0683109,241903,241903,0,192842,
mcs90_b06m_s25.A02,mcs90_b06m_s25.B02,dal_rl,22,63,116755,0.0187961,0,25,115438,0.0185021,76700,76700,0,63361,
mcs90_b06m_s25.A03,mcs90_b06m_s25.B03,dal_rl,22,58,9520,0.00155963,0,25,7825,0.00119295,6444,6444,0,5190,
mcs90_b06m_s25.A04,mcs90_b06m_s25.B04,dal_rl,22,58,253103,0.0819604,0,25,252433,0.0816242,168800,168800,0,137914,
mcs90_b06m_s25.A05,mcs90_b06m_s25.B05,dal_rl,22,54,383473,0.0668277,0,25,382745,0.0666169,264056,264056,0,211413,
mcs90_b06m_s25.A06,mcs90_b06m_s25.B06,dal_rl,22,57,125689,0.0202854,0,25,124093,0.0199513,81744,81744,0,66947,
mcs90_b06m_s25.A07,mcs90_b06m_s25.B07,dal_rl,22,61,240450,0.0392304,0,25,239551,0.0390184,158027,158027,0,128043,
mcs90_b06m_s25.A08,mcs90_b06m_s25.B08,dal_rl,22,53,90849,0.0188324,0,25,89980,0.0185603,60512,60512,0,48130,
mcs90_b06m_s25.A09,mcs90_b06m_s25.B09,dal_rl,22,61,14033,0.00264338,0,25,13420,0.00248452,9579,9579,0,8012,
mcs90_b06m_s30.A00,mcs90_b06m_s30.B00,dal_rl,27,73,1479143,0.202059,0,30,1477936,0.201792,1014988,1014988,0,795767,
mcs90_b06m_s30.A01,mcs90_b06m_s30.B01,dal_rl,27,70,407551,0.0682812,0,30,406513,0.0680139,284036,284036,0,233554,
mcs90_b06m_s30.A02,mcs90_b06m_s30.B02,dal_rl,27,72,1218918,0.182223,0,30,1217098,0.181837,829923,829923,0,662608,
mcs90_b06m_s30.A03,mcs90_b06m_s30.B03,dal_rl,27,73,14273,0.00237715,0,30,12388,0.00195645,9491,9491,0,7199,
mcs90_b06m_s30.A04,mcs90_b06m_s30.B04,dal_rl,27,71,1026703,0.170018,0,30,1026028,0.169826,671481,671481,0,538810,
mcs90_b06m_s30.A05,mcs90_b06m_s30.B05,dal_rl,27,71,4579871,0.674024,0,30,4577746,0.673562,3039642,3039642,0,2410516,
mcs90_b06m_s30.A06,mcs90_b06m_s30.B06,dal_rl,27,72,187097,0.0319256,0,30,186609,0.0317666,131759,131759,0,110107,
mcs90_b06m_s30.A07,mcs90_b06m_s30.B07,dal_rl,27,71,1348641,0.191249,0,30,1346946,0.190874,919711,919711,0,709824,
mcs90_b06m_s30.A08,mcs90_b06m_s30.B08,dal_rl,27,71,2384663,0.362922,0,30,2383184,0.362575,1623972,1623972,0,1328710,
mcs90_b06m_s30.A09,mcs90_b06m_s30.B09,dal_rl,27,75,1041472,0.162054,0,30,1040362,0.161787,685130,685130,0,545181,
mcs90_b06m_s35.A00,mcs90_b06m_s35.B00,dal_rl,31,75,2360586,0.382283,0,35,2356848,0.381489,1656622,1656622,0,1352971,
mcs90_b06m_s35.A01,mcs90_b06m_s35.B01,dal_rl,32,81,919424,0.154027,0,35,917583,0.153629,645159,645159,0,528074,
mcs90_b06m_s35.A02,mcs90_b06m_s35.B02,dal_rl,31,80,45575767,6.96119,0,35,45572781,6.9605,31041347,31041347,0,24738522,
mcs90_b06m_s35.A03,mcs90_b06m_s35.B03,dal_rl,31,81,3677993,1.09664,0,35,3675630,1.09557,2464615,2464615,0,1960795,
mcs90_b06m_s35.A04,mcs90_b06m_s35.B04,dal_rl,31,83,14416779,2.15836,0,35,14411178,2.15721,9927281,9927281,0,8018637,
mcs90_b06m_s35.A05,mcs90_b06m_s35.B05,dal_rl,31,81,13593311,1.95693,0,35,13587748,1.95576,9540516,9540516,0,7768405,
mcs90_b06m_s35.A06,mcs90_b06m_s35.B06,dal_rl,31,78,8753437,1.29654,0,35,8749856,1.29578,6112500,6112500,0,5028793,
mcs90_b06m_s35.A07,mcs90_b06m_s35.B07,dal_rl,31,80,1251986,0.147083,0,35,1248012,0.146262,816553,816553,0,609800,
mcs90_b06m_s35.A08,mcs90_b06m_s35.B08,dal_rl,31,79,1835706,0.289614,0,35,1829554,0.288323,1250851,1250851,0,982294,
mcs90_b06m_s35.A09,mcs90_b06m_s35.B09,dal_rl,31,85,15099894,2.36205,0,35,15094824,2.36096,10039919,10039919,0,8037052,
mcs90_b06m_s40.A00,mcs90_b06m_s40.B00,dal_rl,36,98,95689231,15.044,0,40,95685694,15.0432,65667789,65667789,0,52558226,
mcs90_b06m_s40.A01,mcs90_b06m_s40.B01,dal_rl,36,100,308460044,45.0055,0,40,308453389,45.0041,208741404,208741404,0,164549951,
mcs90_b06m_s40.A02,mcs90_b06m_s40.B02,dal_rl,36,101,17056378,2.64197,0,40,17050950,2.64077,11376539,11376539,0,8788277,
mcs90_b06m_s40.A03,mcs90_b06m_s40.B03,dal_rl,36,93,222227883,33.9538,0,40,222226693,33.9535,152645150,152645150,0,123476831,
mcs90_b06m_s40.A04,mcs90_b06m_s40.B04,dal_rl,36,95,22162508,3.57004,0,40,22157692,3.56896,15443822,15443822,0,12713501,
mcs90_b06m_s40.A05,mcs90_b06m_s40.B05,dal_rl,36,96,8217807,1.19717,0,40,8213629,1.19624,5541768,5541768,0,4351469,
mcs90_b06m_s40.A06,mcs90_b06m_s40.B06,dal_rl,36,96,11482780,2.37456,0,40,11479320,2.37343,7753624,7753624,0,6089949,
mcs90_b06m_s40.A07,mcs90_b06m_s40.B07,dal_rl,36,96,111215534,20.5142,0,40,111211984,20.5132,75086405,75086405,0,59324088,
mcs90_b06m_s40.A08,mcs90_b06m_s40.B08,dal_rl,36,97,130499312,19.8344,0,40,130493312,19.8331,90005588,90005588,0,70515632,
mcs90_b06m_s40.A09,mcs90_b06m_s40.B09,dal_rl,36,100,151243047,22.7436,0,40,151237316,22.7424,104819151,104819151,0,82974241,
mcs90_b06m_s50.A00,mcs90_b06m_s50.B00,dal_rl,45,122,1103451254,172.76,0,50,1103429591,172.755,779462179,779462179,0,615855281,
mcs90_b06m_s50.A01,mcs90_b06m_s50.B01,dal_rl,45,120,4012845285,633.728,0,50,4012824920,633.724,2772407978,2772407978,0,2211066379,
mcs90_b06m_s50.A02,mcs90_b06m_s50.B02,dal_rl,45,128,1952280284,298.928,0,50,1952263277,298.924,1397261401,1397261401,0,1123612432,
mcs90_b06m_s50.A03,mcs90_b06m_s50.B03,dal_rl,45,118,1609459960,256.651,0,50,1609443817,256.647,1138945310,1138945310,0,918851948,
mcs90_b06m_s50.A04,mcs90_b06m_s50.B04,dal_rl,45,118,831861118,132.748,0,50,831845255,132.744,578513132,578513132,0,459051032,
mcs90_b06m_s50.A05,mcs90_b06m_s50.B05,dal_rl,45,128,594080273,99.1038,0,50,594061900,99.0997,408650716,408650716,0,332453647,
mcs90_b06m_s50.A06,mcs90_b06m_s50.B06,dal_rl,45,126,455665435,73.9281,0,50,455654234,73.9254,312559823,312559823,0,232536862,
mcs90_b06m_s50.A07,mcs90_b06m_s50.B07,dal_rl,45,116,775719217,117.871,0,50,775705946,117.868,533844887,533844887,0,419854355,
mcs90_b06m_s50.A08,mcs90_b06m_s50.B08,dal_rl,45,122,3281360018,649.012,0,50,3281335170,649.006,2285428596,2285428596,0,1809247606,
mcs90_b06m_s50.A09,mcs90_b06m_s50.B09,dal_rl,45,121,1198764223,244.494,0,50,1198730103,244.484,857845114,857845114,0,694958834,
mcs90_b06m_s60.A00,mcs90_b06m_s60.B00,dal_rl,37,74,3430971866,1000.02,1,60,1348676732,368.75,2397168543,2397168543,0,1859016014,
mcs90_b06m_s60.A01,mcs90_b06m_s60.B01,dal_rl,37,72,6103146971,1000.02,1,60,737120369,113.783,4350347871,4350347871,0,3415360772,
mcs90_b06m_s60.A02,mcs90_b06m_s60.B02,dal_rl,36,73,6130624808,1000.01,1,60,4558436304,733.855,4378111810,4378111810,0,3399579882,
mcs90_b06m_s60.A03,mcs90_b06m_s60.B03,dal_rl,33,55,6821257212,1000.01,1,60,385312454,56.1038,4904959845,4904959845,0,3942636230,
mcs90_b06m_s60.A04,mcs90_b06m_s60.B04,dal_rl,54,151,88124198,14.6122,0,60,88081293,14.6021,62826257,62826257,0,49608176,
mcs90_b06m_s60.A05,mcs90_b06m_s60.B05,dal_rl,37,64,5748333716,1000.02,1,60,4587061293,808.616,4107249773,4107249773,0,3193170673,
mcs90_b06m_s60.A06,mcs90_b06m_s60.B06,dal_rl,39,76,6061585093,1000.01,1,60,5124337515,832.599,4289037640,4289037640,0,3418100233,
mcs90_b06m_s60.A07,mcs90_b06m_s60.B07,dal_rl,54,147,2195531106,351.678,0,60,2195512816,351.673,1537549745,1537549745,0,1225113152,
mcs90_b06m_s60.A08,mcs90_b06m_s60.B08,dal_rl,34,61,6927545760,1000.02,1,60,845865593,113.633,4925304134,4925304134,0,3902131315,
mcs90_b06m_s60.A09,mcs90_b06m_s60.B09,dal_rl,32,50,7174967604,1000.02,1,60,212031448,27.0774,5027527425,5027527425,0,3944822624,
mcs90_b06m_s70.A00,mcs90_b06m_s70.B00,dal_rl,39,78,6983134079,1000.02,1,70,9465860,1.10425,4930787335,4930787335,0,3793175230,
mcs90_b06m_s70.A01,mcs90_b06m_s70.B01,dal_rl,42,76,7077853023,1000.02,1,70,2402236451,317.857,5124507053,5124507053,0,3972944766,
mcs90_b06m_s70.A02,mcs90_b06m_s70.B02,dal_rl,38,72,7281971985,1000.01,1,70,30750481,3.69006,5289689559,5289689559,0,4098564923,
mcs90_b06m_s70.A03,mcs90_b06m_s70.B03,dal_rl,44,87,6765921744,1000.02,1,70,6280715739,918.949,4858768901,4858768901,0,3827817668,
mcs90_b06m_s70.A04,mcs90_b06m_s70.B04,dal_rl,41,78,6822321325,1000.02,1,70,3700217055,539.46,5089049538,5089049538,0,4025230131,
mcs90_b06m_s70.A05,mcs90_b06m_s70.B05,dal_rl,63,161,3806216803,551.226,0,70,3805978005,551.17,2509489729,2509489729,0,1948135478,
mcs90_b06m_s70.A06,mcs90_b06m_s70.B06,dal_rl,40,73,8031011085,1000.01,1,70,6572235163,806.244,5993940898,5993940898,0,4758243438,
mcs90_b06m_s70.A07,mcs90_b06m_s70.B07,dal_rl,38,65,6978520670,1000.01,1,70,1583002692,218.695,4987937256,4987937256,0,3855195437,
mcs90_b06m_s70.A08,mcs90_b06m_s70.B08,dal_rl,42,77,6485567180,1000.02,1,70,404659742,58.3623,4550480371,4550480371,0,3418749057,
mcs90_b06m_s70.A09,mcs90_b06m_s70.B09,dal_rl,39,75,7164894731,1000.02,1,70,7108890357,991.914,4934291393,4934291393,0,3692985368,
mcs90_b06m_s80.A00,mcs90_b06m_s80.B00,dal_rl,41,77,6205653445,1000.02,1,80,389321594,55.5347,4472530044,4472530044,0,3375651060,
mcs90_b06m_s80.A01,mcs90_b06m_s80.B01,dal_rl,42,74,7413625149,1000.01,1,80,662068662,83.0335,5428551975,5428551975,0,4236449160,
mcs90_b06m_s80.A02,mcs90_b06m_s80.B02,dal_rl,45,70,7034250953,1000.02,1,80,1685456572,210.032,5317130915,5317130915,0,4196845216,
mcs90_b06m_s80.A03,mcs90_b06m_s80.B03,dal_rl,44,72,6111526805,1000.01,1,80,3582371665,568.728,4301657678,4301657678,0,3332429212,
mcs90_b06m_s80.A04,mcs90_b06m_s80.B04,dal_rl,45,83,6746581197,1000.02,1,80,1223502714,163.91,4913744230,4913744230,0,3842116356,
mcs90_b06m_s80.A05,mcs90_b06m_s80.B05,dal_rl,44,78,7031006321,1000.02,1,80,170280914,23.2977,4687802395,4687802395,0,3661617509,
mcs90_b06m_s80.A06,mcs90_b06m_s80.B06,dal_rl,44,75,6344137658,1000.02,1,80,539162994,79.6496,4587567657,4587567657,0,3629100113,
mcs90_b06m_s80.A07,mcs90_b06m_s80.B07,dal_rl,43,78,7193852172,1000.01,1,80,1980647190,254.875,5385958282,5385958282,0,4318497353,
mcs90_b06m_s80.A08,mcs90_b06m_s80.B08,dal_rl,50,97,6293229502,1000.01,1,80,3661955138,564.439,4537345628,4537345628,0,3506613161,
mcs90_b06m_s80.A09,mcs90_b06m_s80.B09,dal_rl,42,70,7554920837,1000.02,1,80,1455550380,181.52,5449297746,5449297746,0,4270195007,
mcs90_b06m_s90.A00,mcs90_b06m_s90.B00,dal_rl,50,78,7396865078,1000.02,1,90,3974403182,521.78,5306506411,5306506411,0,3901940805,
mcs90_b06m_s90.A01,mcs90_b06m_s90.B01,dal_rl,54,101,5857100721,1000.02,1,90,407161664,61.5636,3916641763,3916641763,0,2993031937,
mcs90_b06m_s90.A02,mcs90_b06m_s90.B02,dal_rl,47,72,7577222155,1000.02,1,90,35318712,3.20427,5578695852,5578695852,0,4470532794,
mcs90_b06m_s90.A03,mcs90_b06m_s90.B03,dal_rl,47,75,7415306265,1000.02,1,90,12181350,1.48315,5327422066,5327422066,0,4075882670,
mcs90_b06m_s90.A04,mcs90_b06m_s90.B04,dal_rl,46,68,8166193494,1000.02,1,90,428587615,54.3813,5830617242,5830617242,0,4792059439,
mcs90_b06m_s90.A05,mcs90_b06m_s90.B05,dal_rl,49,74,3479728103,1000.02,1,90,82788983,18.2222,2547858804,2547858804,0,1970349334,
mcs90_b06m_s90.A06,mcs90_b06m_s90.B06,dal_rl,49,88,7121110159,1000.02,1,90,2083696933,287.096,5194904676,5194904676,0,4061533929,
mcs90_b06m_s90.A07,mcs90_b06m_s90.B07,dal_rl,49,87,7486734606,1000.02,1,90,1130340136,140.824,5444685546,5444685546,0,4138575935,
mcs90_b06m_s90.A08,mcs90_b06m_s90.B08,dal_rl,49,92,7559114779,1000.01,1,90,3458588333,443.139,5448067833,5448067833,0,4224320263,
mcs90_b06m_s90.A09,mcs90_b06m_s90.B09,dal_rl,50,83,5924578861,1000.02,1,90,1649401394,266.958,4084285034,4084285034,0,3163000435,
mcs90_b09_s100.A00,mcs90_b09_s100.B00,dal_rl,54,124,5575210635,1000.02,1,100,298564700,43.8074,3278240324,3278240324,0,1845078491,
mcs90_b09_s100.A01,mcs90_b09_s100.B01,dal_rl,90,367,3360464529,765.867,0,100,3235899080,730.052,1821708406,1821708406,0,725395705,
mcs90_b09_s100.A02,mcs90_b09_s100.B02,dal_rl,73,243,3954119817,1000.02,1,100,1581902155,388.693,2205455734,2205455734,0,1043150697,
mcs90_b09_s100.A03,mcs90_b09_s100.B03,dal_rl,90,366,75523123,22.3882,0,100,761081,0.21311,40068980,40068980,0,17739932,
mcs90_b09_s100.A04,mcs90_b09_s100.B04,dal_rl,47,108,5783419996,1000.01,1,100,102827864,16.3078,4282522599,4282522599,0,3554875008,
mcs90_b09_s100.A05,mcs90_b09_s100.B05,dal_rl,91,371,337443574,72.0671,0,100,321441879,67.2447,184032296,184032296,0,95760177,
mcs90_b09_s100.A06,mcs90_b09_s100.B06,dal_rl,48,101,6673315054,1000.01,1,100,5052829519,745.628,4554270091,4554270091,0,3685659360,
mcs90_b09_s100.A07,mcs90_b09_s100.B07,dal_rl,90,377,369930139,66.9104,0,100,303531212,47.2271,233544232,233544232,0,172669090,
mcs90_b09_s100.A08,mcs90_b09_s100.B08,dal_rl,90,360,93127633,24.7,0,100,36199934,7.68706,52910422,52910422,0,32136101,
mcs90_b09_s100.A09,mcs90_b09_s100.B09,dal_rl,90,367,104940095,29.7932,0,100,13740468,3.47729,55915706,55915706,0,26543346,
mcs90_b09_s15.A00,mcs90_b09_s15.B00,dal_rl,12,46,453,0.000104216,0,15,13,1.1127e-05,329,329,0,264,
mcs90_b09_s15.A01,mcs90_b09_s15.B01,dal_rl,13,47,619,0.000136495,0,15,535,9.3841e-05,394,394,0,274,
mcs90_b09_s15.A02,mcs90_b09_s15.B02,dal_rl,12,41,477,0.000110346,0,15,362,6.1662e-05,312,312,0,206,
mcs90_b09_s15.A03,mcs90_b09_s15.B03,dal_rl,13,53,343,0.000101844,0,15,269,5.291e-05,221,221,0,145,
mcs90_b09_s15.A04,mcs90_b09_s15.B04,dal_rl,12,41,796,0.000176257,0,15,209,4.4508e-05,531,531,0,373,
mcs90_b09_s15.A05,mcs90_b09_s15.B05,dal_rl,12,44,913,0.000210097,0,15,13,1.6635e-05,606,606,0,428,
mcs90_b09_s15.A06,mcs90_b09_s15.B06,dal_rl,13,52,505,0.000129435,0,15,338,7.1428e-05,333,333,0,226,
mcs90_b09_s15.A07,mcs90_b09_s15.B07,dal_rl,13,47,737,0.000197448,0,15,548,0.0001188,477,477,0,325,
mcs90_b09_s15.A08,mcs90_b09_s15.B08,dal_rl,12,39,548,0.000152759,0,15,13,1.6325e-05,375,375,0,267,
mcs90_b09_s15.A09,mcs90_b09_s15.B09,dal_rl,12,45,737,0.000154302,0,15,26,1.327e-05,475,475,0,321,
mcs90_b09_s20.A00,mcs90_b09_s20.B00,dal_rl,18,70,2769,0.00058935,0,20,2351,0.000473155,1851,1851,0,1404,
mcs90_b09_s20.A01,mcs90_b09_s20.B01,dal_rl,18,70,1291,0.000329387,0,20,299,8.6061e-05,962,962,0,726,
mcs90_b09_s20.A02,mcs90_b09_s20.B02,dal_rl,18,76,1240,0.000306241,0,20,377,8.4527e-05,936,936,0,747,
mcs90_b09_s20.A03,mcs90_b09_s20.B03,dal_rl,18,70,686,0.000172029,0,20,169,3.9069e-05,516,516,0,387,
mcs90_b09_s20.A04,mcs90_b09_s20.B04,dal_rl,18,71,2874,0.000634054,0,20,2227,0.000454764,1904,1904,0,1507,
mcs90_b09_s20.A05,mcs90_b09_s20.B05,dal_rl,18,71,1318,0.000316557,0,20,158,4.6519e-05,992,992,0,738,
mcs90_b09_s20.A06,mcs90_b09_s20.B06,dal_rl,18,75,1200,0.000276216,0,20,412,7.4523e-05,921,921,0,701,
mcs90_b09_s20.A07,mcs90_b09_s20.B07,dal_rl,18,72,2154,0.000495185,0,20,1120,0.000258479,1533,1533,0,1219,
mcs90_b09_s20.A08,mcs90_b09_s20.B08,dal_rl,18,71,3447,0.000651221,0,20,3120,0.000552873,2309,2309,0,1701,
mcs90_b09_s20.A09,mcs90_b09_s20.B09,dal_rl,18,72,4155,0.000808307,0,20,3684,0.000672062,2746,2746,0,2270,
mcs90_b09_s25.A00,mcs90_b09_s25.B00,dal_rl,22,81,6332,0.00139899,0,25,3551,0.000726526,4280,4280,0,3490,
mcs90_b09_s25.A01,mcs90_b09_s25.B01,dal_rl,22,87,3807,0.000918985,0,25,1132,0.000269305,2748,2748,0,2254,
mcs90_b09_s25.A02,mcs90_b09_s25.B02,dal_rl,22,83,12545,0.00272704,0,25,10903,0.00232682,8897,8897,0,7311,
mcs90_b09_s25.A03,mcs90_b09_s25.B03,dal_rl,22,83,5865,0.00131604,0,25,3489,0.000760204,4009,4009,0,3192,
mcs90_b09_s25.A04,mcs90_b09_s25.B04,dal_rl,22,90,2255,0.000582556,0,25,23,2.1733e-05,1809,1809,0,1520,
mcs90_b09_s25.A05,mcs90_b09_s25.B05,dal_rl,22,91,5322,0.00123941,0,25,320,9.5543e-05,3688,3688,0,2629,
mcs90_b09_s25.A06,mcs90_b09_s25.B06,dal_rl,22,90,5286,0.00118412,0,25,939,0.000194573,3650,3650,0,2579,
mcs90_b09_s25.A07,mcs90_b09_s25.B07,dal_rl,22,94,4700,0.00112649,0,25,871,0.00023216,3280,3280,0,2448,
mcs90_b09_s25.A08,mcs90_b09_s25.B08,dal_rl,22,84,5017,0.00139558,0,25,1309,0.000295677,3627,3627,0,2828,
mcs90_b09_s25.A09,mcs90_b09_s25.B09,dal_rl,22,86,6559,0.00169214,0,25,1642,0.000373203,4465,4465,0,3315,
mcs90_b09_s30.A00,mcs90_b09_s30.B00,dal_rl,26,105,42553,0.00977169,0,30,31314,0.00668987,26838,26838,0,20611,
mcs90_b09_s30.A01,mcs90_b09_s30.B01,dal_rl,26,107,108655,0.0279648,0,30,96014,0.0242449,70864,70864,0,60249,
mcs90_b09_s30.A02,mcs90_b09_s30.B02,dal_rl,26,107,20722,0.00474307,0,30,10432,0.00204659,14045,14045,0,10678,
mcs90_b09_s30.A03,mcs90_b09_s30.B03,dal_rl,26,97,31337,0.00630856,0,30,21353,0.00387214,20333,20333,0,15079,
mcs90_b09_s30.A04,mcs90_b09_s30.B04,dal_rl,26,104,16543,0.00375597,0,30,6129,0.00120653,10887,10887,0,8519,
mcs90_b09_s30.A05,mcs90_b09_s30.B05,dal_rl,27,112,9620,0.00291149,0,30,8291,0.00253624,6461,6461,0,4681,
mcs90_b09_s30.A06,mcs90_b09_s30.B06,dal_rl,26,99,29205,0.0064893,0,30,15661,0.00299011,19762,19762,0,15530,
mcs90_b09_s30.A07,mcs90_b09_s30.B07,dal_rl,26,106,29871,0.00698304,0,30,16307,0.00341995,19456,19456,0,15465,
mcs90_b09_s30.A08,mcs90_b09_s30.B08,dal_rl,26,101,15834,0.00364256,0,30,4248,0.000782043,10783,10783,0,8669,
mcs90_b09_s30.A09,mcs90_b09_s30.B09,dal_rl,26,101,18784,0.00430882,0,30,7837,0.00161426,11970,11970,0,8848,
mcs90_b09_s35.A00,mcs90_b09_s35.B00,dal_rl,30,111,35551,0.00893329,0,35,267,7.962e-05,23695,23695,0,17546,
mcs90_b09_s35.A01,mcs90_b09_s35.B01,dal_rl,30,118,111171,0.0222432,0,35,76045,0.0136354,71690,71690,0,56362,
mcs90_b09_s35.A02,mcs90_b09_s35.B02,dal_rl,30,115,48969,0.0110243,0,35,20620,0.00390526,32266,32266,0,24999,
mcs90_b09_s35.A03,mcs90_b09_s35.B03,dal_rl,30,116,106295,0.0227596,0,35,62197,0.0116074,66241,66241,0,50419,
mcs90_b09_s35.A04,mcs90_b09_s35.B04,dal_rl,30,114,46078,0.0113967,0,35,22796,0.00540383,29537,29537,0,22617,
mcs90_b09_s35.A05,mcs90_b09_s35.B05,dal_rl,30,113,56408,0.0123475,0,35,26038,0.00480544,37109,37109,0,29621,
mcs90_b09_s35.A06,mcs90_b09_s35.B06,dal_rl,30,111,106961,0.0339197,0,35,68518,0.0198695,69690,69690,0,54214,
mcs90_b09_s35.A07,mcs90_b09_s35.B07,dal_rl,30,115,45728,0.011622,0,35,92,5.0246e-05,30661,30661,0,22818,
mcs90_b09_s35.A08,mcs90_b09_s35.B08,dal_rl,30,114,41017,0.010451,0,35,5902,0.00173167,27051,27051,0,19963,
mcs90_b09_s35.A09,mcs90_b09_s35.B09,dal_rl,30,118,123636,0.0247231,0,35,75920,0.0127944,79219,79219,0,63265,
mcs90_b09_s40.A00,mcs90_b09_s40.B00,dal_rl,36,146,156000,0.0318937,0,40,117937,0.022364,99681,99681,0,79005,
mcs90_b09_s40.A01,mcs90_b09_s40.B01,dal_rl,36,145,561621,0.104962,0,40,532940,0.097687,357238,357238,0,304944,
mcs90_b09_s40.A02,mcs90_b09_s40.B02,dal_rl,36,144,327937,0.0656086,0,40,303149,0.0593154,207552,207552,0,163414,
mcs90_b09_s40.A03,mcs90_b09_s40.B03,dal_rl,36,145,68510,0.0149538,0,40,46126,0.00935774,44524,44524,0,34326,
mcs90_b09_s40.A04,mcs90_b09_s40.B04,dal_rl,36,141,28589,0.00693019,0,40,11349,0.0024958,19142,19142,0,14353,
mcs90_b09_s40.A05,mcs90_b09_s40.B05,dal_rl,37,153,34567,0.00840868,0,40,29335,0.00710245,21153,21153,0,13612,
mcs90_b09_s40.A06,mcs90_b09_s40.B06,dal_rl,36,147,72441,0.0155778,0,40,46326,0.00898456,47302,47302,0,35861,
mcs90_b09_s40.A07,mcs90_b09_s40.B07,dal_rl,36,144,25720,0.00677937,0,40,5198,0.00162051,17145,17145,0,11653,
mcs90_b09_s40.A08,mcs90_b09_s40.B08,dal_rl,36,144,586501,0.110157,0,40,561098,0.104005,372318,372318,0,292401,
mcs90_b09_s40.A09,mcs90_b09_s40.B09,dal_rl,36,144,25358,0.00641555,0,40,7998,0.00205218,16656,16656,0,12072,
mcs90_b09_s50.A00,mcs90_b09_s50.B00,dal_rl,44,170,6681284,1.82703,0,50,6363611,1.70627,4374363,4374363,0,3689866,
mcs90_b09_s50.A01,mcs90_b09_s50.B01,dal_rl,45,181,889037,0.187095,0,50,817090,0.167834,591874,591874,0,499538,
mcs90_b09_s50.A02,mcs90_b09_s50.B02,dal_rl,44,175,7863344,1.57978,0,50,7672056,1.52858,4943990,4943990,0,3780700,
mcs90_b09_s50.A03,mcs90_b09_s50.B03,dal_rl,44,168,197186,0.0525805,0,50,435,0.000142956,122915,122915,0,76566,
mcs90_b09_s50.A04,mcs90_b09_s50.B04,dal_rl,44,172,12922352,2.43052,0,50,12667075,2.36125,8300964,8300964,0,6842324,
mcs90_b09_s50.A05,mcs90_b09_s50.B05,dal_rl,44,176,336197,0.0888912,0,50,36679,0.00887755,200587,200587,0,126166,
mcs90_b09_s50.A06,mcs90_b09_s50.B06,dal_rl,44,173,12483428,2.43459,0,50,12154830,2.34737,7910257,7910257,0,6166303,
mcs90_b09_s50.A07,mcs90_b09_s50.B07,dal_rl,44,170,27436355,5.39765,0,50,27358222,5.37688,18138443,18138443,0,15135887,
mcs90_b09_s50.A08,mcs90_b09_s50.B08,dal_rl,44,177,16798129,3.37215,0,50,16495655,3.2923,10353791,10353791,0,8013100,
mcs90_b09_s50.A09,mcs90_b09_s50.B09,dal_rl,44,179,206851,0.0552643,0,50,5238,0.00180187,126958,126958,0,80884,
mcs90_b09_s60.A00,mcs90_b09_s60.B00,dal_rl,54,217,426056,0.148168,0,60,583,0.000254033,250235,250235,0,147918,
mcs90_b09_s60.A01,mcs90_b09_s60.B01,dal_rl,54,220,8020585,1.54107,0,60,7746633,1.46065,5296977,5296977,0,4295336,
mcs90_b09_s60.A02,mcs90_b09_s60.B02,dal_rl,54,214,104600494,24.8714,0,60,103929690,24.6654,61816073,61816073,0,40624601,
mcs90_b09_s60.A03,mcs90_b09_s60.B03,dal_rl,55,226,255729,0.0695376,0,60,148937,0.0353347,159851,159851,0,110744,
mcs90_b09_s60.A04,mcs90_b09_s60.B04,dal_rl,54,221,227090118,54.3506,0,60,226680777,54.2239,132824485,132824485,0,90777278,
mcs90_b09_s60.A05,mcs90_b09_s60.B05,dal_rl,54,222,17360504,4.03486,0,60,17051157,3.93122,10541806,10541806,0,7278823,
mcs90_b09_s60.A06,mcs90_b09_s60.B06,dal_rl,54,217,41588321,6.6866,0,60,41045859,6.52868,28130052,28130052,0,22598798,
mcs90_b09_s60.A07,mcs90_b09_s60.B07,dal_rl,54,215,4224185,1.07778,0,60,3813549,0.947364,2448173,2448173,0,1500272,
mcs90_b09_s60.A08,mcs90_b09_s60.B08,dal_rl,54,222,628408,0.171597,0,60,33943,0.00813031,361767,361767,0,191658,
mcs90_b09_s60.A09,mcs90_b09_s60.B09,dal_rl,54,214,168091241,33.0758,0,60,167701230,32.9676,106193172,106193172,0,81295116,
mcs90_b09_s70.A00,mcs90_b09_s70.B00,dal_rl,63,250,6392655,1.55789,0,70,5873487,1.38724,3931254,3931254,0,2987921,
mcs90_b09_s70.A01,mcs90_b09_s70.B01,dal_rl,62,243,888777227,188.706,0,70,886778419,188.127,529562697,529562697,0,347665640,
mcs90_b09_s70.A02,mcs90_b09_s70.B02,dal_rl,62,246,1803652,0.50974,0,70,283471,0.0710884,1073191,1073191,0,706797,
mcs90_b09_s70.A03,mcs90_b09_s70.B03,dal_rl,62,249,4102707,1.14702,0,70,10336,0.00141858,2326899,2326899,0,1411848,
mcs90_b09_s70.A04,mcs90_b09_s70.B04,dal_rl,62,241,7408880,1.71056,0,70,4796253,0.969176,4341442,4341442,0,2725755,
mcs90_b09_s70.A05,mcs90_b09_s70.B05,dal_rl,62,243,107595358,22.9786,0,70,105359524,22.3378,66957878,66957878,0,47874884,
mcs90_b09_s70.A06,mcs90_b09_s70.B06,dal_rl,62,245,887288530,158.568,0,70,884256654,157.719,611139056,611139056,0,501238107,
mcs90_b09_s70.A07,mcs90_b09_s70.B07,dal_rl,36,83,6289055019,1000.02,1,70,2282963035,344.123,4300018143,4300018143,0,3483933995,
mcs90_b09_s70.A08,mcs90_b09_s70.B08,dal_rl,62,247,1792895341,336.621,0,70,1790610998,335.97,1147988944,1147988944,0,852876578,
mcs90_b09_s70.A09,mcs90_b09_s70.B09,dal_rl,62,246,809970992,169.36,0,70,808406665,168.908,512677223,512677223,0,374678017,
mcs90_b09_s80.A00,mcs90_b09_s80.B00,dal_rl,72,295,274612085,63.8011,0,80,271019686,62.7531,155182006,155182006,0,84602927,
mcs90_b09_s80.A01,mcs90_b09_s80.B01,dal_rl,72,288,7585024,2.13171,0,80,733680,0.182861,4196513,4196513,0,2212751,
mcs90_b09_s80.A02,mcs90_b09_s80.B02,dal_rl,72,290,23651238,7.23979,0,80,18403588,5.12066,14797007,14797007,0,9720221,
mcs90_b09_s80.A03,mcs90_b09_s80.B03,dal_rl,72,294,58117600,20.1535,0,80,54954455,18.8835,33931898,33931898,0,21198435,
mcs90_b09_s80.A04,mcs90_b09_s80.B04,dal_rl,72,289,217864087,47.3757,0,80,213423878,46.0846,121878799,121878799,0,60307633,
mcs90_b09_s80.A05,mcs90_b09_s80.B05,dal_rl,72,286,428539242,93.4965,0,80,420430101,91.2269,241551793,241551793,0,136261152,
mcs90_b09_s80.A06,mcs90_b09_s80.B06,dal_rl,72,296,458085924,79.256,0,80,453695503,77.9518,301757116,301757116,0,235978299,
mcs90_b09_s80.A07,mcs90_b09_s80.B07,dal_rl,72,288,8417751,2.32137,0,80,1497631,0.36647,4558639,4558639,0,2005434,
mcs90_b09_s80.A08,mcs90_b09_s80.B08,dal_rl,72,290,220261694,46.7142,0,80,217102241,45.7815,132512305,132512305,0,81285076,
mcs90_b09_s80.A09,mcs90_b09_s80.B09,dal_rl,47,139,5207530086,1000.02,1,80,2928204534,541.488,3422951770,3422951770,0,2603042802,
mcs90_b09_s90.A00,mcs90_b09_s90.B00,dal_rl,50,138,6455702187,1000.02,1,90,5966236997,909.218,4670162132,4670162132,0,3799079138,
mcs90_b09_s90.A01,mcs90_b09_s90.B01,dal_rl,81,343,20048123,5.78026,0,90,3579334,0.947115,11056087,11056087,0,5933374,
mcs90_b09_s90.A02,mcs90_b09_s90.B02,dal_rl,53,133,4867418348,1000.01,1,90,3066757629,630.227,3135865209,3135865209,0,2412850182,
mcs90_b09_s90.A03,mcs90_b09_s90.B03,dal_rl,80,316,306390653,53.5517,0,90,272780818,43.7848,200732349,200732349,0,155121131,
mcs90_b09_s90.A04,mcs90_b09_s90.B04,dal_rl,42,82,6959381747,1000.02,1,90,1903255810,259.211,4816626023,4816626023,0,3987175242,
mcs90_b09_s90.A05,mcs90_b09_s90.B05,dal_rl,80,325,95942421,18.8626,0,90,69774502,11.1811,61357358,61357358,0,44680703,
mcs90_b09_s90.A06,mcs90_b09_s90.B06,dal_rl,43,92,5897464293,1000.01,1,90,9657881,1.41192,3887728336,3887728336,0,3238856668,
mcs90_b09_s90.A07,mcs90_b09_s90.B07,dal_rl,66,218,4463589589,1000.01,1,90,881394194,189.96,2449123681,2449123681,0,1163405894,
mcs90_b09_s90.A08,mcs90_b09_s90.B08,dal_rl,80,320,76520210,20.722,0,90,10524211,2.23564,41319061,41319061,0,20955707,
mcs90_b09_s90.A09,mcs90_b09_s90.B09,dal_rl,64,204,4560658019,1000.03,1,90,3925449344,859.214,2492092976,2492092976,0,1220515557,
mcs90_b09m_s100.A00,mcs90_b09m_s100.B00,dal_rl,42,82,6780241831,1000.02,1,100,31543806,4.21544,4780583486,4780583486,0,3880659693,
mcs90_b09m_s100.A01,mcs90_b09m_s100.B01,dal_rl,41,92,6009275166,1000.02,1,100,1300744024,204.318,3959776455,3959776455,0,3236990215,
mcs90_b09m_s100.A02,mcs90_b09m_s100.B02,dal_rl,41,89,6177307816,1000.02,1,100,2996504288,477.104,4328003758,4328003758,0,3481671309,
mcs90_b09m_s100.A03,mcs90_b09m_s100.B03,dal_rl,42,89,6345154120,1000.02,1,100,2725822,0.386635,4190132751,4190132751,0,3427919954,
mcs90_b09m_s100.A04,mcs90_b09m_s100.B04,dal_rl,41,82,5959151048,1000.02,1,100,502017946,85.259,3788205714,3788205714,0,3171352266,
mcs90_b09m_s100.A05,mcs90_b09m_s100.B05,dal_rl,43,83,6401585836,1000.02,1,100,1474784102,218.746,4443200366,4443200366,0,3706927831,
mcs90_b09m_s100.A06,mcs90_b09m_s100.B06,dal_rl,43,87,6400396092,1000.01,1,100,1200732602,178.823,4153504680,4153504680,0,3382027114,
mcs90_b09m_s100.A07,mcs90_b09m_s100.B07,dal_rl,40,81,6528998512,1000.02,1,100,390088970,59.4954,4454869923,4454869923,0,3580476959,
mcs90_b09m_s100.A08,mcs90_b09m_s100.B08,dal_rl,42,79,6202245170,1000.02,1,100,183138943,26.2088,4215329313,4215329313,0,3407898743,
mcs90_b09m_s100.A09,mcs90_b09m_s100.B09,dal_rl,43,92,5613958463,1000.02,1,100,1380748818,277.801,3816719316,3816719316,0,3032934262,
mcs90_b09m_s15.A00,mcs90_b09m_s15.B00,dal_rl,12,41,1117,0.000339563,0,15,777,0.000214724,781,781,0,664,
mcs90_b09m_s15.A01,mcs90_b09m_s15.B01,dal_rl,12,35,1107,0.00019924,0,15,856,0.000120792,790,790,0,603,
mcs90_b09m_s15.A02,mcs90_b09m_s15.B02,dal_rl,12,36,2048,0.00036056,0,15,1748,0.000278648,1341,1341,0,1052,
mcs90_b09m_s15.A03,mcs90_b09m_s15.B03,dal_rl,12,36,1762,0.000297999,0,15,1665,0.000251389,1184,1184,0,880,
mcs90_b09m_s15.A04,mcs90_b09m_s15.B04,dal_rl,12,42,1658,0.000428157,0,15,1272,0.000299903,1093,1093,0,836,
mcs90_b09m_s15.A05,mcs90_b09m_s15.B05,dal_rl,12,34,1903,0.000396339,0,15,1725,0.000327685,1268,1268,0,1005,
mcs90_b09m_s15.A06,mcs90_b09m_s15.B06,dal_rl,12,36,2221,0.00039699,0,15,1920,0.000319332,1442,1442,0,1134,
mcs90_b09m_s15.A07,mcs90_b09m_s15.B07,dal_rl,12,35,1074,0.000208565,0,15,871,0.000148735,749,749,0,577,
mcs90_b09m_s15.A08,mcs90_b09m_s15.B08,dal_rl,12,45,1960,0.000357871,0,15,1769,0.000296768,1286,1286,0,1010,
mcs90_b09m_s15.A09,mcs90_b09m_s15.B09,dal_rl,12,43,4475,0.000822343,0,15,4224,0.000735681,2843,2843,0,2248,
mcs90_b09m_s20.A00,mcs90_b09m_s20.B00,dal_rl,18,67,66972,0.0155897,0,20,66861,0.0155239,41878,41878,0,36198,
mcs90_b09m_s20.A01,mcs90_b09m_s20.B01,dal_rl,18,67,46075,0.0105125,0,20,45797,0.0103914,28695,28695,0,25149,
mcs90_b09m_s20.A02,mcs90_b09m_s20.B02,dal_rl,18,66,12308,0.00276313,0,20,11927,0.00260926,7731,7731,0,6548,
mcs90_b09m_s20.A03,mcs90_b09m_s20.B03,dal_rl,18,67,2894,0.000655097,0,20,2394,0.000493643,1822,1822,0,1471,
mcs90_b09m_s20.A04,mcs90_b09m_s20.B04,dal_rl,18,70,27285,0.00563806,0,20,27209,0.00558237,17235,17235,0,14529,
mcs90_b09m_s20.A05,mcs90_b09m_s20.B05,dal_rl,18,69,35612,0.00671282,0,20,35335,0.00661752,21668,21668,0,18390,
mcs90_b09m_s20.A06,mcs90_b09m_s20.B06,dal_rl,18,68,2683,0.000557667,0,20,2248,0.000430146,1674,1674,0,1386,
mcs90_b09m_s20.A07,mcs90_b09m_s20.B07,dal_rl,18,76,18855,0.00394536,0,20,18766,0.00389437,12209,12209,0,10604,
mcs90_b09m_s20.A08,mcs90_b09m_s20.B08,dal_rl,18,66,2065,0.000435924,0,20,1704,0.000322324,1284,1284,0,1068,
mcs90_b09m_s20.A09,mcs90_b09m_s20.B09,dal_rl,18,65,49744,0.00968098,0,20,49704,0.00963679,32370,32370,0,26881,
mcs90_b09m_s25.A00,mcs90_b09m_s25.B00,dal_rl,22,86,221107,0.0462872,0,25,219922,0.0459686,136357,136357,0,118904,
mcs90_b09m_s25.A01,mcs90_b09m_s25.B01,dal_rl,22,78,467365,0.0931691,0,25,466100,0.0928369,288974,288974,0,253598,
mcs90_b09m_s25.A02,mcs90_b09m_s25.B02,dal_rl,22,95,596986,0.168106,0,25,596128,0.167762,368486,368486,0,322647,
mcs90_b09m_s25.A03,mcs90_b09m_s25.B03,dal_rl,22,85,470073,0.136904,0,25,469336,0.136588,291175,291175,0,254269,
mcs90_b09m_s25.A04,mcs90_b09m_s25.B04,dal_rl,22,84,81964,0.0161363,0,25,80985,0.0158682,54521,54521,0,45667,
mcs90_b09m_s25.A05,mcs90_b09m_s25.B05,dal_rl,22,81,286006,0.0512666,0,25,285925,0.0512029,186447,186447,0,155419,
mcs90_b09m_s25.A06,mcs90_b09m_s25.B06,dal_rl,22,82,133088,0.0284723,0,25,132076,0.0282003,83791,83791,0,74578,
mcs90_b09m_s25.A07,mcs90_b09m_s25.B07,dal_rl,22,81,65374,0.0153201,0,25,63730,0.0148784,42453,42453,0,37862,
mcs90_b09m_s25.A08,mcs90_b09m_s25.B08,dal_rl,22,88,259349,0.0540715,0,25,258430,0.0538123,161425,161425,0,141795,
mcs90_b09m_s25.A09,mcs90_b09m_s25.B09,dal_rl,22,85,281836,0.055511,0,25,281197,0.0553149,176031,176031,0,152380,
mcs90_b09m_s30.A00,mcs90_b09m_s30.B00,dal_rl,26,105,783784,0.173826,0,30,778432,0.172541,505975,505975,0,454805,
mcs90_b09m_s30.A01,mcs90_b09m_s30.B01,dal_rl,26,98,177327,0.0395459,0,30,174510,0.0388158,115870,115870,0,102910,
mcs90_b09m_s30.A02,mcs90_b09m_s30.B02,dal_rl,26,98,2482983,0.468195,0,30,2476746,0.466696,1522867,1522867,0,1294823,
mcs90_b09m_s30.A03,mcs90_b09m_s30.B03,dal_rl,26,101,1947948,0.365005,0,30,1942392,0.363607,1261093,1261093,0,1066947,
mcs90_b09m_s30.A04,mcs90_b09m_s30.B04,dal_rl,26,96,1436045,0.280045,0,30,1432917,0.279266,919830,919830,0,787801,
mcs90_b09m_s30.A05,mcs90_b09m_s30.B05,dal_rl,26,106,36799,0.00793203,0,30,32306,0.0068309,24322,24322,0,21433,
mcs90_b09m_s30.A06,mcs90_b09m_s30.B06,dal_rl,26,88,1431433,0.275787,0,30,1429807,0.27534,927636,927636,0,803821,
mcs90_b09m_s30.A07,mcs90_b09m_s30.B07,dal_rl,26,89,816537,0.172881,0,30,815130,0.172494,528050,528050,0,470180,
mcs90_b09m_s30.A08,mcs90_b09m_s30.B08,dal_rl,26,91,3956944,0.796563,0,30,3954635,0.795966,2524504,2524504,0,2207056,
mcs90_b09m_s30.A09,mcs90_b09m_s30.B09,dal_rl,26,100,769255,0.166357,0,30,765203,0.165345,491202,491202,0,439457,
mcs90_b09m_s35.A00,mcs90_b09m_s35.B00,dal_rl,30,112,15047289,3.28642,0,35,15034812,3.28278,9492073,9492073,0,7943095,
mcs90_b09m_s35.A01,mcs90_b09m_s35.B01,dal_rl,30,111,7947371,1.6291,0,35,7930808,1.62496,5077337,5077337,0,4420710,
mcs90_b09m_s35.A02,mcs90_b09m_s35.B02,dal_rl,30,113,7715810,1.60784,0,35,7698977,1.60368,4900287,4900287,0,4299633,
mcs90_b09m_s35.A03,mcs90_b09m_s35.B03,dal_rl,30,109,8983646,1.84394,0,35,8967521,1.83996,5724527,5724527,0,4998456,
mcs90_b09m_s35.A04,mcs90_b09m_s35.B04,dal_rl,30,115,18379212,4.95327,0,35,18369623,4.94992,11607613,11607613,0,9983340,
mcs90_b09m_s35.A05,mcs90_b09m_s35.B05,dal_rl,30,113,10031415,2.51538,0,35,10012333,2.50939,6323554,6323554,0,5429753,
mcs90_b09m_s35.A06,mcs90_b09m_s35.B06,dal_rl,30,114,6496201,1.29298,0,35,6483366,1.28971,4245071,4245071,0,3706574,
mcs90_b09m_s35.A07,mcs90_b09m_s35.B07,dal_rl,30,109,29274164,5.46142,0,35,29256322,5.45698,18576770,18576770,0,15865418,
mcs90_b09m_s35.A08,mcs90_b09m_s35.B08,dal_rl,30,116,10280594,1.99708,0,35,10271965,1.99492,6597963,6597963,0,5743211,
mcs90_b09m_s35.A09,mcs90_b09m_s35.B09,dal_rl,30,111,7249412,1.38067,0,35,7239877,1.37829,4726551,4726551,0,3973976,
mcs90_b09m_s40.A00,mcs90_b09m_s40.B00,dal_rl,36,147,63479375,12.322,0,40,63473738,12.3206,40509696,40509696,0,34604621,
mcs90_b09m_s40.A01,mcs90_b09m_s40.B01,dal_rl,36,141,105042898,19.3811,0,40,105037673,19.3797,68168331,68168331,0,58154035,
mcs90_b09m_s40.A02,mcs90_b09m_s40.B02,dal_rl,36,140,125827363,24.8002,0,40,125822494,24.7989,81212284,81212284,0,70015815,
mcs90_b09m_s40.A03,mcs90_b09m_s40.B03,dal_rl,36,144,20698605,4.17116,0,40,20693689,4.16986,13638621,13638621,0,11841147,
mcs90_b09m_s40.A04,mcs90_b09m_s40.B04,dal_rl,36,148,55684712,10.6883,0,40,55678260,10.6866,36030682,36030682,0,30784138,
mcs90_b09m_s40.A05,mcs90_b09m_s40.B05,dal_rl,36,147,13002701,2.54312,0,40,12998178,2.54188,8369254,8369254,0,7250946,
mcs90_b09m_s40.A06,mcs90_b09m_s40.B06,dal_rl,36,153,14296043,3.53132,0,40,14291200,3.5297,9108324,9108324,0,7910820,
mcs90_b09m_s40.A07,mcs90_b09m_s40.B07,dal_rl,36,138,94200611,17.7921,0,40,94196251,17.7909,62321115,62321115,0,52025062,
mcs90_b09m_s40.A08,mcs90_b09m_s40.B08,dal_rl,36,147,22132581,4.17253,0,40,22126506,4.17093,14240797,14240797,0,11861868,
mcs90_b09m_s40.A09,mcs90_b09m_s40.B09,dal_rl,36,139,89435960,17.1493,0,40,89432408,17.1483,58773016,58773016,0,50317898,
mcs90_b09m_s50.A00,mcs90_b09m_s50.B00,dal_rl,44,179,6155081,1.20361,0,50,6091136,1.18675,4018373,4018373,0,3456298,
mcs90_b09m_s50.A01,mcs90_b09m_s50.B01,dal_rl,25,62,4799921266,1000.02,1,50,449301127,91.4092,3213338602,3213338602,0,2748450532,
mcs90_b09m_s50.A02,mcs90_b09m_s50.B02,dal_rl,44,172,476984189,99.2421,0,50,476958911,99.2339,306377848,306377848,0,252721648,
mcs90_b09m_s50.A03,mcs90_b09m_s50.B03,dal_rl,44,173,660645108,137.364,0,50,660622000,137.358,442391430,442391430,0,378408367,
mcs90_b09m_s50.A04,mcs90_b09m_s50.B04,dal_rl,44,174,2226933093,477.348,0,50,2226842442,477.319,1486423845,1486423845,0,1275526932,
mcs90_b09m_s50.A05,mcs90_b09m_s50.B05,dal_rl,44,168,589926201,109.505,0,50,589893906,109.497,396891209,396891209,0,331651815,
mcs90_b09m_s50.A06,mcs90_b09m_s50.B06,dal_rl,24,61,5089071869,1000.02,1,50,2152632128,421.106,3403770796,3403770796,0,2884247488,
mcs90_b09m_s50.A07,mcs90_b09m_s50.B07,dal_rl,26,62,4790865591,1000.02,1,50,4700001718,976.919,3158580303,3158580303,0,2733858718,
mcs90_b09m_s50.A08,mcs90_b09m_s50.B08,dal_rl,44,167,2038162464,417.6,0,50,2038108974,417.586,1346199524,1346199524,0,1182462115,
mcs90_b09m_s50.A09,mcs90_b09m_s50.B09,dal_rl,44,179,4040831057,739.188,0,50,4040809243,739.183,2729921066,2729921066,0,2294631632,
mcs90_b09m_s60.A00,mcs90_b09m_s60.B00,dal_rl,36,90,5433542996,1000.02,1,60,5130706313,935.299,3681578155,3681578155,0,3117454921,
mcs90_b09m_s60.A01,mcs90_b09m_s60.B01,dal_rl,54,224,5130869638,924.272,0,60,5130828772,924.26,3485096611,3485096611,0,2921873368,
mcs90_b09m_s60.A02,mcs90_b09m_s60.B02,dal_rl,27,58,4853847346,1000.01,1,60,86001641,15.9439,3227508319,3227508319,0,2680657232,
mcs90_b09m_s60.A03,mcs90_b09m_s60.B03,dal_rl,37,101,5329865838,1000.01,1,60,4180116834,739.187,3562329994,3562329994,0,3038955162,
mcs90_b09m_s60.A04,mcs90_b09m_s60.B04,dal_rl,28,62,6190456076,1000.01,1,60,5657410900,911.446,4132267926,4132267926,0,3373554636,
mcs90_b09m_s60.A05,mcs90_b09m_s60.B05,dal_rl,34,82,5132525485,1000,1,60,4805451894,930.75,3479231302,3479231302,0,2947077105,
mcs90_b09m_s60.A06,mcs90_b09m_s60.B06,dal_rl,33,75,4688625702,1000.02,1,60,4255233159,908.762,3200826574,3200826574,0,2722252462,
mcs90_b09m_s60.A07,mcs90_b09m_s60.B07,dal_rl,29,60,5253623943,1000.02,1,60,2839775177,582.191,3500061104,3500061104,0,2927391131,
mcs90_b09m_s60.A08,mcs90_b09m_s60.B08,dal_rl,28,61,5842295960,1000.02,1,60,128582193,19.9675,4012603134,4012603134,0,3417910244,
mcs90_b09m_s60.A09,mcs90_b09m_s60.B09,dal_rl,29,69,5778299527,1000.01,1,60,4226045662,720.864,3925930351,3925930351,0,3326332289,
mcs90_b09m_s70.A00,mcs90_b09m_s70.B00,dal_rl,33,72,6191224641,1000.02,1,70,4841408163,772.86,4334455200,4334455200,0,3594800481,
mcs90_b09m_s70.A01,mcs90_b09m_s70.B01,dal_rl,37,97,5887134224,1000.02,1,70,5853753766,993.368,4079850743,4079850743,0,3387748216,
mcs90_b09m_s70.A02,mcs90_b09m_s70.B02,dal_rl,31,75,6203272305,1000.02,1,70,2599476532,422.472,4242620185,4242620185,0,3500668086,
mcs90_b09m_s70.A03,mcs90_b09m_s70.B03,dal_rl,35,82,5609161311,1000.02,1,70,5203184136,921.698,3869883224,3869883224,0,3276943896,
mcs90_b09m_s70.A04,mcs90_b09m_s70.B04,dal_rl,35,74,5337488600,1000.02,1,70,427225938,71.3165,3640722670,3640722670,0,3071058296,
mcs90_b09m_s70.A05,mcs90_b09m_s70.B05,dal_rl,32,67,5774721334,1000.01,1,70,3869342444,665.618,4033743485,4033743485,0,3370921791,
mcs90_b09m_s70.A06,mcs90_b09m_s70.B06,dal_rl,31,56,6309019637,1000.02,1,70,5097394596,805.683,4371279029,4371279029,0,3461794930,
mcs90_b09m_s70.A07,mcs90_b09m_s70.B07,dal_rl,32,64,5886330014,1000.02,1,70,21698778,3.12278,3940834209,3940834209,0,3203224639,
mcs90_b09m_s70.A08,mcs90_b09m_s70.B08,dal_rl,31,61,6102046892,1000.01,1,70,116016178,18.33,4084564931,4084564931,0,3394950001,
mcs90_b09m_s70.A09,mcs90_b09m_s70.B09,dal_rl,37,85,4243434375,1000.02,1,70,4136861233,973.642,2980316498,2980316498,0,2563056717,
mcs90_b09m_s80.A00,mcs90_b09m_s80.B00,dal_rl,40,103,2844692514,1000.02,1,80,1554423363,515.477,1989454709,1989454709,0,1626838880,
mcs90_b09m_s80.A01,mcs90_b09m_s80.B01,dal_rl,37,73,5911731592,1000.02,1,80,2072985600,328.864,4100969508,4100969508,0,3437614333,
mcs90_b09m_s80.A02,mcs90_b09m_s80.B02,dal_rl,36,77,6149328593,1000.02,1,80,1584990509,248.997,4099919914,4099919914,0,3455281941,
mcs90_b09m_s80.A03,mcs90_b09m_s80.B03,dal_rl,33,64,6390372404,1000.02,1,80,412454788,61.8383,4383255615,4383255615,0,3564938797,
mcs90_b09m_s80.A04,mcs90_b09m_s80.B04,dal_rl,34,62,6261704837,1000.01,1,80,4073580484,638.909,4212519470,4212519470,0,3498809101,
mcs90_b09m_s80.A05,mcs90_b09m_s80.B05,dal_rl,37,84,6314862074,1000.01,1,80,2993434516,455.233,4323475406,4323475406,0,3620597845,
mcs90_b09m_s80.A06,mcs90_b09m_s80.B06,dal_rl,37,73,6080856864,1000.01,1,80,2627938833,423.998,4353299201,4353299201,0,3646850600,
mcs90_b09m_s80.A07,mcs90_b09m_s80.B07,dal_rl,37,89,4962445976,1000.02,1,80,4154508938,830.261,3314586062,3314586062,0,2695831801,
mcs90_b09m_s80.A08,mcs90_b09m_s80.B08,dal_rl,36,71,5154813722,1000.01,1,80,2041018380,382.818,3500021335,3500021335,0,2943905158,
mcs90_b09m_s80.A09,mcs90_b09m_s80.B09,dal_rl,34,69,6644151265,1000.02,1,80,1199760605,180.458,4481618819,4481618819,0,3541255800,
mcs90_b09m_s90.A00,mcs90_b09m_s90.B00,dal_rl,40,73,6109081887,1000.02,1,90,6104980820,999.488,3973775287,3973775287,0,2999643771,
mcs90_b09m_s90.A01,mcs90_b09m_s90.B01,dal_rl,40,78,6358901207,1000.02,1,90,3683398617,565.724,4336119385,4336119385,0,3623051766,
mcs90_b09m_s90.A02,mcs90_b09m_s90.B02,dal_rl,40,109,6433200987,1000.02,1,90,265391964,38.4666,4358144517,4358144517,0,3428597839,
mcs90_b09m_s90.A03,mcs90_b09m_s90.B03,dal_rl,39,75,6408723451,1000.01,1,90,658865436,98.5922,4528059191,4528059191,0,3685107525,
mcs90_b09m_s90.A04,mcs90_b09m_s90.B04,dal_rl,38,90,5957919995,1000.02,1,90,211594240,31.8572,4117427051,4117427051,0,3446549859,
mcs90_b09m_s90.A05,mcs90_b09m_s90.B05,dal_rl,42,89,5707182693,1000.01,1,90,1117632095,197.297,3791204527,3791204527,0,3071300163,
mcs90_b09m_s90.A06,mcs90_b09m_s90.B06,dal_rl,42,75,6176789642,1000.02,1,90,5615454162,903.608,4252067297,4252067297,0,3502842712,
mcs90_b09m_s90.A07,mcs90_b09m_s90.B07,dal_rl,41,80,5830850036,1000.02,1,90,3818293125,644.968,3809243828,3809243828,0,3098854676,
mcs90_b09m_s90.A08,mcs90_b09m_s90.B08,dal_rl,38,83,6603382202,1000.02,1,90,5088155,0.817375,4276948591,4276948591,0,3470419901,
mcs90_b09m_s90.A09,mcs90_b09m_s90.B09,dal_rl,37,68,6228106671,1000.01,1,90,504008141,77.9716,4078027318,4078027318,0,3329930184,
mcs90_m2D_s10.A00,mcs90_m2D_s10.B00,dal_rl,10,13,77,3.7577e-05,0,10,60,1.4652e-05,45,45,0,12,
mcs90_m2D_s10.A01,mcs90_m2D_s10.B01,dal_rl,9,10,348,9.9801e-05,0,10,285,5.6605e-05,200,200,0,86,
mcs90_m2D_s10.A02,mcs90_m2D_s10.B02,dal_rl,9,12,111,4.9354e-05,0,10,91,1.7166e-05,72,72,0,40,
mcs90_m2D_s10.A03,mcs90_m2D_s10.B03,dal_rl,10,13,102,4.5078e-05,0,10,88,1.8778e-05,64,64,0,24,
mcs90_m2D_s10.A04,mcs90_m2D_s10.B04,dal_rl,9,12,92,4.4617e-05,0,10,34,1.306e-05,59,59,0,26,
mcs90_m2D_s10.A05,mcs90_m2D_s10.B05,dal_rl,9,11,33,4.2354e-05,0,10,10,7.732e-06,24,24,0,14,
mcs90_m2D_s10.A06,mcs90_m2D_s10.B06,dal_rl,10,13,62,3.9199e-05,0,10,47,1.4051e-05,39,39,0,13,
mcs90_m2D_s10.A07,mcs90_m2D_s10.B07,dal_rl,10,13,190,5.0596e-05,0,10,179,2.5308e-05,109,109,0,39,
mcs90_m2D_s10.A08,mcs90_m2D_s10.B08,dal_rl,10,13,136,4.8203e-05,0,10,122,2.2654e-05,81,81,0,31,
mcs90_m2D_s10.A09,mcs90_m2D_s10.B09,dal_rl,10,13,76,4.7222e-05,0,10,62,1.5894e-05,47,47,0,15,
mcs90_m2D_s100.A00,mcs90_m2D_s100.B00,dal_rl,66,82,6834175879,1000.01,1,100,1761,0.000306022,4689301759,4689301759,0,3134421288,
mcs90_m2D_s100.A01,mcs90_m2D_s100.B01,dal_rl,70,82,10980424777,1000.02,1,100,9418265669,735.678,8150366342,8150366342,0,5754417171,
mcs90_m2D_s100.A02,mcs90_m2D_s100.B02,dal_rl,73,94,6431839635,1000.02,1,100,4619855715,708.768,4337938896,4337938896,0,2822386917,
mcs90_m2D_s100.A03,mcs90_m2D_s100.B03,dal_rl,71,110,6546168095,1000.02,1,100,59140679,8.97642,4156507078,4156507078,0,2439955012,
mcs90_m2D_s100.A04,mcs90_m2D_s100.B04,dal_rl,66,75,5883994289,1000.02,1,100,16860616,2.36736,4531247274,4531247274,0,3371518184,
mcs90_m2D_s100.A05,mcs90_m2D_s100.B05,dal_rl,69,88,6346362854,1000.02,1,100,1128552,0.14609,4124810109,4124810109,0,2691680500,
mcs90_m2D_s100.A06,mcs90_m2D_s100.B06,dal_rl,72,92,6411420316,1000.02,1,100,678684672,99.7842,4204194826,4204194826,0,2798164505,
mcs90_m2D_s100.A07,mcs90_m2D_s100.B07,dal_rl,67,83,6992545556,1000.02,1,100,1615902327,217.792,4587489094,4587489094,0,2967789745,
mcs90_m2D_s100.A08,mcs90_m2D_s100.B08,dal_rl,67,76,6089575732,1000.02,1,100,17804485,2.49642,4110507720,4110507720,0,2727430102,
mcs90_m2D_s100.A09,mcs90_m2D_s100.B09,dal_rl,67,91,6844457250,1000.02,1,100,12860388,1.60045,4594794126,4594794126,0,2957604157,
mcs90_m2D_s20.A00,mcs90_m2D_s20.B00,dal_rl,17,24,5105,0.000719731,0,20,3791,0.000514733,3254,3254,0,2092,
mcs90_m2D_s20.A01,mcs90_m2D_s20.B01,dal_rl,17,19,7850,0.00107479,0,20,6392,0.000845222,5276,5276,0,3693,
mcs90_m2D_s20.A02,mcs90_m2D_s20.B02,dal_rl,17,23,15198,0.0018197,0,20,13499,0.00154864,9718,9718,0,5933,
mcs90_m2D_s20.A03,mcs90_m2D_s20.B03,dal_rl,16,22,12433,0.00164537,0,20,2506,0.000297739,7803,7803,0,4974,
mcs90_m2D_s20.A04,mcs90_m2D_s20.B04,dal_rl,16,21,16979,0.00223473,0,20,4032,0.000498832,10682,10682,0,6693,
mcs90_m2D_s20.A05,mcs90_m2D_s20.B05,dal_rl,16,21,18038,0.00228552,0,20,6526,0.00080929,11402,11402,0,6856,
mcs90_m2D_s20.A06,mcs90_m2D_s20.B06,dal_rl,17,24,11326,0.00146817,0,20,8388,0.00104567,6775,6775,0,4052,
mcs90_m2D_s20.A07,mcs90_m2D_s20.B07,dal_rl,16,23,10502,0.00139165,0,20,3328,0.000416377,6395,6395,0,3790,
mcs90_m2D_s20.A08,mcs90_m2D_s20.B08,dal_rl,17,24,9319,0.00119489,0,20,6240,0.000753445,5538,5538,0,3138,
mcs90_m2D_s20.A09,mcs90_m2D_s20.B09,dal_rl,17,22,17985,0.00222558,0,20,16142,0.00195575,11711,11711,0,7729,
mcs90_m2D_s30.A00,mcs90_m2D_s30.B00,dal_rl,26,34,220224,0.0290671,0,30,207536,0.0271152,136015,136015,0,83371,
mcs90_m2D_s30.A01,mcs90_m2D_s30.B01,dal_rl,25,34,291985,0.0393308,0,30,177568,0.0230524,183325,183325,0,114190,
mcs90_m2D_s30.A02,mcs90_m2D_s30.B02,dal_rl,26,38,562256,0.0705109,0,30,541006,0.0673509,368257,368257,0,239213,
mcs90_m2D_s30.A03,mcs90_m2D_s30.B03,dal_rl,27,42,526135,0.0691094,0,30,523197,0.0685418,338716,338716,0,217939,
mcs90_m2D_s30.A04,mcs90_m2D_s30.B04,dal_rl,26,38,699553,0.104069,0,30,672185,0.0994151,436271,436271,0,260391,
mcs90_m2D_s30.A05,mcs90_m2D_s30.B05,dal_rl,25,33,561492,0.148446,0,30,478941,0.123616,372046,372046,0,245009,
mcs90_m2D_s30.A06,mcs90_m2D_s30.B06,dal_rl,25,38,560216,0.0839989,0,30,445696,0.065245,353413,353413,0,209415,
mcs90_m2D_s30.A07,mcs90_m2D_s30.B07,dal_rl,27,40,80540,0.010623,0,30,76543,0.00995185,53452,53452,0,36443,
mcs90_m2D_s30.A08,mcs90_m2D_s30.B08,dal_rl,27,40,419780,0.0697773,0,30,414384,0.068679,267486,267486,0,173075,
mcs90_m2D_s30.A09,mcs90_m2D_s30.B09,dal_rl,25,33,1219259,0.207067,0,30,1145396,0.193591,813215,813215,0,556771,
mcs90_m2D_s40.A00,mcs90_m2D_s40.B00,dal_rl,36,54,2552206,0.349153,0,40,2505752,0.341924,1602645,1602645,0,960858,
mcs90_m2D_s40.A01,mcs90_m2D_s40.B01,dal_rl,36,53,620111,0.0858962,0,40,581367,0.0796152,399359,399359,0,250263,
mcs90_m2D_s40.A02,mcs90_m2D_s40.B02,dal_rl,36,51,2411891,0.363217,0,40,2371363,0.356627,1479866,1479866,0,857425,
mcs90_m2D_s40.A03,mcs90_m2D_s40.B03,dal_rl,36,53,8590103,1.17489,0,40,8541267,1.1667,5484800,5484800,0,3375351,
mcs90_m2D_s40.A04,mcs90_m2D_s40.B04,dal_rl,37,55,9586683,1.23673,0,40,9573525,1.23458,5946533,5946533,0,3410933,
mcs90_m2D_s40.A05,mcs90_m2D_s40.B05,dal_rl,37,57,1203824,0.152431,0,40,1197811,0.151436,767346,767346,0,460568,
mcs90_m2D_s40.A06,mcs90_m2D_s40.B06,dal_rl,36,55,1861264,0.26275,0,40,1792792,0.25186,1163520,1163520,0,684400,
mcs90_m2D_s40.A07,mcs90_m2D_s40.B07,dal_rl,36,55,2151781,0.301915,0,40,2109104,0.295124,1326630,1326630,0,717129,
mcs90_m2D_s40.A08,mcs90_m2D_s40.B08,dal_rl,36,55,1190529,0.161017,0,40,1138948,0.152823,721354,721354,0,411108,
mcs90_m2D_s40.A09,mcs90_m2D_s40.B09,dal_rl,36,53,4877815,0.667598,0,40,4825175,0.658965,2980382,2980382,0,1667004,
mcs90_m2D_s50.A00,mcs90_m2D_s50.B00,dal_rl,49,82,2833826,0.391979,0,50,2833494,0.391856,1730158,1730158,0,836278,
mcs90_m2D_s50.A01,mcs90_m2D_s50.B01,dal_rl,49,81,247171,0.0373616,0,50,246788,0.0372354,147994,147994,0,74058,
mcs90_m2D_s50.A02,mcs90_m2D_s50.B02,dal_rl,49,82,282612,0.037524,0,50,282105,0.037376,169852,169852,0,79658,
mcs90_m2D_s50.A03,mcs90_m2D_s50.B03,dal_rl,49,83,46989,0.00726802,0,50,46690,0.00715524,27800,27800,0,13866,
mcs90_m2D_s50.A04,mcs90_m2D_s50.B04,dal_rl,50,85,4471134,0.633776,0,50,4471042,0.633685,2715283,2715283,0,1447726,
mcs90_m2D_s50.A05,mcs90_m2D_s50.B05,dal_rl,49,82,687147,0.0983907,0,50,686980,0.0982869,408092,408092,0,187955,
mcs90_m2D_s50.A06,mcs90_m2D_s50.B06,dal_rl,49,81,818021,0.12642,0,50,817454,0.126263,469873,469873,0,235339,
mcs90_m2D_s50.A07,mcs90_m2D_s50.B07,dal_rl,49,83,324395,0.043506,0,50,323731,0.0433363,200927,200927,0,104413,
mcs90_m2D_s50.A08,mcs90_m2D_s50.B08,dal_rl,49,81,2048099,0.300439,0,50,2047467,0.300274,1224448,1224448,0,633522,
mcs90_m2D_s50.A09,mcs90_m2D_s50.B09,dal_rl,49,82,1615862,0.23471,0,50,1614601,0.234449,950732,950732,0,499479,
mcs90_m2D_s60.A00,mcs90_m2D_s60.B00,dal_rl,46,63,6506301357,1000.02,1,60,390131616,56.9394,4143046183,4143046183,0,2534787385,
mcs90_m2D_s60.A01,mcs90_m2D_s60.B01,dal_rl,43,50,7226619748,1000.02,1,60,12609739,1.57812,4893433491,4893433491,0,3150268070,
mcs90_m2D_s60.A02,mcs90_m2D_s60.B02,dal_rl,43,57,7067463039,1000.02,1,60,464173,0.0567817,4738013511,4738013511,0,3171885076,
mcs90_m2D_s60.A03,mcs90_m2D_s60.B03,dal_rl,42,52,7522033732,1000.01,1,60,1359518337,170.501,4964917457,4964917457,0,3294265642,
mcs90_m2D_s60.A04,mcs90_m2D_s60.B04,dal_rl,46,64,7030247100,1000.01,1,60,4122673618,570.168,4518205157,4518205157,0,2681517979,
mcs90_m2D_s60.A05,mcs90_m2D_s60.B05,dal_rl,44,57,6582820752,1000.01,1,60,3589568532,529.808,4311483310,4311483310,0,2758433146,
mcs90_m2D_s60.A06,mcs90_m2D_s60.B06,dal_rl,44,56,6898170143,1000.01,1,60,461162487,62.7409,4678588089,4678588089,0,3194947488,
mcs90_m2D_s60.A07,mcs90_m2D_s60.B07,dal_rl,43,53,6015115768,1000.02,1,60,1320269390,205.448,3972272646,3972272646,0,2585864890,
mcs90_m2D_s60.A08,mcs90_m2D_s60.B08,dal_rl,45,60,5704478450,1000.02,1,60,351866378,57.261,3695584628,3695584628,0,2347665621,
mcs90_m2D_s60.A09,mcs90_m2D_s60.B09,dal_rl,45,65,5723689807,1000.02,1,60,3861582520,664.594,3750719419,3750719419,0,2477535899,
mcs90_m2D_s70.A00,mcs90_m2D_s70.B00,dal_rl,64,103,3167018334,656.626,0,70,3160503785,655.144,1975027363,1975027363,0,1186578697,
mcs90_m2D_s70.A01,mcs90_m2D_s70.B01,dal_rl,65,107,1024984134,181.511,0,70,1024647999,181.443,623830459,623830459,0,343048662,
mcs90_m2D_s70.A02,mcs90_m2D_s70.B02,dal_rl,65,105,4107021064,701.889,0,70,4106722037,701.828,2600836359,2600836359,0,1559109113,
mcs90_m2D_s70.A03,mcs90_m2D_s70.B03,dal_rl,65,105,36116357,6.70298,0,70,35512438,6.58098,21954115,21954115,0,12166901,
mcs90_m2D_s70.A04,mcs90_m2D_s70.B04,dal_rl,57,76,6114133443,1000.02,1,70,5963469978,973.266,3826017068,3826017068,0,2228198222,
mcs90_m2D_s70.A05,mcs90_m2D_s70.B05,dal_rl,54,71,5764009866,1000.01,1,70,536682648,95.0371,3523551218,3523551218,0,2008158701,
mcs90_m2D_s70.A06,mcs90_m2D_s70.B06,dal_rl,56,81,3154817893,1000.01,1,70,2412338326,756.313,1956501390,1956501390,0,1056695354,
mcs90_m2D_s70.A07,mcs90_m2D_s70.B07,dal_rl,65,104,4210282076,766.942,0,70,4209923761,766.872,2642224582,2642224582,0,1562803665,
mcs90_m2D_s70.A08,mcs90_m2D_s70.B08,dal_rl,58,87,5877724338,1000.02,1,70,4198317604,706.273,3705305071,3705305071,0,2268258879,
mcs90_m2D_s70.A09,mcs90_m2D_s70.B09,dal_rl,53,71,6681138817,1000.02,1,70,1507457702,215.03,4199911470,4199911470,0,2417788054,
mcs90_m2D_s80.A00,mcs90_m2D_s80.B00,dal_rl,55,59,5600793350,1000.02,1,80,197132118,32.2168,3787376813,3787376813,0,2467662877,
mcs90_m2D_s80.A01,mcs90_m2D_s80.B01,dal_rl,56,74,5482499516,1000.02,1,80,460058332,80.857,3577742565,3577742565,0,2152235485,
mcs90_m2D_s80.A02,mcs90_m2D_s80.B02,dal_rl,59,72,5365193400,1000.01,1,80,5953393,1.02814,3553728064,3553728064,0,2348418363,
mcs90_m2D_s80.A03,mcs90_m2D_s80.B03,dal_rl,57,69,7085037961,1000.02,1,80,3992012829,540.968,4617256001,4617256001,0,2841084532,
mcs90_m2D_s80.A04,mcs90_m2D_s80.B04,dal_rl,56,76,6908350956,1000.02,1,80,595263021,79.4553,4526006276,4526006276,0,2843490259,
mcs90_m2D_s80.A05,mcs90_m2D_s80.B05,dal_rl,56,63,6720548148,1000.02,1,80,4738788158,698.09,4443666934,4443666934,0,2955312427,
mcs90_m2D_s80.A06,mcs90_m2D_s80.B06,dal_rl,59,79,6451729633,1000.02,1,80,42890,0.00571196,4182281411,4182281411,0,2688159140,
mcs90_m2D_s80.A07,mcs90_m2D_s80.B07,dal_rl,60,80,6665498471,1000.01,1,80,1272,0.000204899,4471040393,4471040393,0,2986037460,
mcs90_m2D_s80.A08,mcs90_m2D_s80.B08,dal_rl,57,74,6863519395,1000.02,1,80,847218890,116.775,4584118616,4584118616,0,3023056639,
mcs90_m2D_s80.A09,mcs90_m2D_s80.B09,dal_rl,56,69,6936761372,1000.02,1,80,593828315,81.8053,4517537401,4517537401,0,2916263254,
mcs90_m2D_s90.A00,mcs90_m2D_s90.B00,dal_rl,75,115,5468908675,1000.02,1,90,1412032385,243.429,3421267196,3421267196,0,2036732282,
mcs90_m2D_s90.A01,mcs90_m2D_s90.B01,dal_rl,71,106,5943543629,1000.02,1,90,17793587,2.42802,3805663614,3805663614,0,2330914569,
mcs90_m2D_s90.A02,mcs90_m2D_s90.B02,dal_rl,70,94,5701059580,1000.01,1,90,628481643,89.9434,3685610162,3685610162,0,2208619311,
mcs90_m2D_s90.A03,mcs90_m2D_s90.B03,dal_rl,83,135,718848931,142.502,0,90,689448250,136.206,450942748,450942748,0,258106043,
mcs90_m2D_s90.A04,mcs90_m2D_s90.B04,dal_rl,71,99,5929195596,1000.02,1,90,46323999,7.36666,3686081862,3686081862,0,2086820329,
mcs90_m2D_s90.A05,mcs90_m2D_s90.B05,dal_rl,69,94,6618341320,1000.02,1,90,3647339,0.452413,4272428223,4272428223,0,2600738554,
mcs90_m2D_s90.A06,mcs90_m2D_s90.B06,dal_rl,82,133,778685525,154.673,0,90,644106440,126.596,485636692,485636692,0,283815273,
mcs90_m2D_s90.A07,mcs90_m2D_s90.B07,dal_rl,72,104,5580470525,1000.02,1,90,3190947245,556.856,3532830129,3532830129,0,2051801063,
mcs90_m2D_s90.A08,mcs90_m2D_s90.B08,dal_rl,69,102,5836746684,1000.02,1,90,234423177,38.4504,3778653477,3778653477,0,2246933101,
mcs90_m2D_s90.A09,mcs90_m2D_s90.B09,dal_rl,63,76,7121055558,1000.02,1,90,60293056,7.60828,4581006615,4581006615,0,2819383575,
mcs90_m2Dr2_s10.A00,mcs90_m2Dr2_s10.B00,dal_rl,9,12,110,4.3455e-05,0,10,81,1.5924e-05,65,65,0,32,
mcs90_m2Dr2_s10.A01,mcs90_m2Dr2_s10.B01,dal_rl,10,14,153,5.1919e-05,0,10,141,2.3325e-05,92,92,0,38,
mcs90_m2Dr2_s10.A02,mcs90_m2Dr2_s10.B02,dal_rl,9,10,389,7.5053e-05,0,10,371,4.8613e-05,242,242,0,138,
mcs90_m2Dr2_s10.A03,mcs90_m2Dr2_s10.B03,dal_rl,9,11,75,4.1383e-05,0,10,51,1.2769e-05,46,46,0,23,
mcs90_m2Dr2_s10.A04,mcs90_m2Dr2_s10.B04,dal_rl,9,12,65,4.4017e-05,0,10,34,1.0506e-05,44,44,0,20,
mcs90_m2Dr2_s10.A05,mcs90_m2Dr2_s10.B05,dal_rl,9,12,138,5.1868e-05,0,10,124,2.599e-05,87,87,0,41,
mcs90_m2Dr2_s10.A06,mcs90_m2Dr2_s10.B06,dal_rl,9,13,280,6.9706e-05,0,10,261,3.935e-05,173,173,0,102,
mcs90_m2Dr2_s10.A07,mcs90_m2Dr2_s10.B07,dal_rl,9,11,142,5.0927e-05,0,10,118,2.1502e-05,87,87,0,39,
mcs90_m2Dr2_s10.A08,mcs90_m2Dr2_s10.B08,dal_rl,9,11,289,7.8819e-05,0,10,271,4.1042e-05,179,179,0,96,
mcs90_m2Dr2_s10.A09,mcs90_m2Dr2_s10.B09,dal_rl,10,14,32,3.5393e-05,0,10,11,8.903e-06,22,22,0,7,
mcs90_m2Dr2_s100.A00,mcs90_m2Dr2_s100.B00,dal_rl,64,92,6422917679,1000.02,1,100,52685323,7.29641,4201272071,4201272071,0,2720668097,
mcs90_m2Dr2_s100.A01,mcs90_m2Dr2_s100.B01,dal_rl,64,89,6789351468,1000.02,1,100,720624478,99.2571,4508671046,4508671046,0,3135912544,
mcs90_m2Dr2_s100.A02,mcs90_m2Dr2_s100.B02,dal_rl,64,80,6866816122,1000.02,1,100,28181372,3.55011,4566984280,4566984280,0,3053158688,
mcs90_m2Dr2_s100.A03,mcs90_m2Dr2_s100.B03,dal_rl,66,94,6884560449,1000.02,1,100,3955095649,572.186,4275348299,4275348299,0,2831136942,
mcs90_m2Dr2_s100.A04,mcs90_m2Dr2_s100.B04,dal_rl,63,83,6630415108,1000.02,1,100,263662767,37.5661,4519335222,4519335222,0,3341872015,
mcs90_m2Dr2_s100.A05,mcs90_m2Dr2_s100.B05,dal_rl,64,81,5454955668,1000.02,1,100,4927866,0.755567,3847049477,3847049477,0,2560787188,
mcs90_m2Dr2_s100.A06,mcs90_m2Dr2_s100.B06,dal_rl,62,72,7802935090,1000.02,1,100,3873258460,467.988,5602595621,5602595621,0,3907876317,
mcs90_m2Dr2_s100.A07,mcs90_m2Dr2_s100.B07,dal_rl,64,82,6503890823,1000.02,1,100,5563474641,846.279,4542222523,4542222523,0,3297140461,
mcs90_m2Dr2_s100.A08,mcs90_m2Dr2_s100.B08,dal_rl,62,82,7166046887,1000.01,1,100,2246196,0.249913,4686127970,4686127970,0,3303281602,
mcs90_m2Dr2_s100.A09,mcs90_m2Dr2_s100.B09,dal_rl,65,86,6887839005,1000.02,1,100,35056993,4.05024,4868771183,4868771183,0,3384368630,
mcs90_m2Dr2_s20.A00,mcs90_m2Dr2_s20.B00,dal_rl,17,29,10537,0.00138867,0,20,9229,0.0011443,6934,6934,0,4683,
mcs90_m2Dr2_s20.A01,mcs90_m2Dr2_s20.B01,dal_rl,16,25,37832,0.00516455,0,20,29530,0.00400911,23816,23816,0,16132,
mcs90_m2Dr2_s20.A02,mcs90_m2Dr2_s20.B02,dal_rl,17,28,10887,0.00194978,0,20,10057,0.00136796,6901,6901,0,4637,
mcs90_m2Dr2_s20.A03,mcs90_m2Dr2_s20.B03,dal_rl,16,24,23935,0.00317587,0,20,19885,0.0025909,15411,15411,0,10762,
mcs90_m2Dr2_s20.A04,mcs90_m2Dr2_s20.B04,dal_rl,16,23,32113,0.00414138,0,20,26323,0.0033304,20525,20525,0,14489,
mcs90_m2Dr2_s20.A05,mcs90_m2Dr2_s20.B05,dal_rl,16,23,34272,0.00466404,0,20,29976,0.00400678,22261,22261,0,15482,
mcs90_m2Dr2_s20.A06,mcs90_m2Dr2_s20.B06,dal_rl,16,20,25113,0.00326648,0,20,15613,0.00194625,16293,16293,0,11055,
mcs90_m2Dr2_s20.A07,mcs90_m2Dr2_s20.B07,dal_rl,16,20,29030,0.00410491,0,20,27050,0.0037766,19245,19245,0,13595,
mcs90_m2Dr2_s20.A08,mcs90_m2Dr2_s20.B08,dal_rl,16,25,23076,0.00318716,0,20,19011,0.00258234,15300,15300,0,11286,
mcs90_m2Dr2_s20.A09,mcs90_m2Dr2_s20.B09,dal_rl,16,22,31269,0.00410595,0,20,27575,0.00353274,20854,20854,0,15145,
mcs90_m2Dr2_s30.A00,mcs90_m2Dr2_s30.B00,dal_rl,25,40,1476395,0.18574,0,30,1439116,0.180034,941492,941492,0,639855,
mcs90_m2Dr2_s30.A01,mcs90_m2Dr2_s30.B01,dal_rl,26,43,1751569,0.23788,0,30,1739468,0.235957,1139414,1139414,0,781973,
mcs90_m2Dr2_s30.A02,mcs90_m2Dr2_s30.B02,dal_rl,26,45,2443294,0.319941,0,30,2435230,0.318675,1630226,1630226,0,1143469,
mcs90_m2Dr2_s30.A03,mcs90_m2Dr2_s30.B03,dal_rl,26,41,1473635,0.194259,0,30,1465926,0.19305,929868,929868,0,606881,
mcs90_m2Dr2_s30.A04,mcs90_m2Dr2_s30.B04,dal_rl,25,39,1507760,0.199864,0,30,1447719,0.190531,943010,943010,0,586792,
mcs90_m2Dr2_s30.A05,mcs90_m2Dr2_s30.B05,dal_rl,25,38,33154,0.00535254,0,30,26,2.1282e-05,23486,23486,0,17854,
mcs90_m2Dr2_s30.A06,mcs90_m2Dr2_s30.B06,dal_rl,26,41,506066,0.0732781,0,30,488444,0.0704748,332095,332095,0,234637,
mcs90_m2Dr2_s30.A07,mcs90_m2Dr2_s30.B07,dal_rl,25,40,1445629,0.199197,0,30,1371983,0.18762,923938,923938,0,623328,
mcs90_m2Dr2_s30.A08,mcs90_m2Dr2_s30.B08,dal_rl,25,39,1359965,0.188948,0,30,1333878,0.184834,903978,903978,0,659506,
mcs90_m2Dr2_s30.A09,mcs90_m2Dr2_s30.B09,dal_rl,25,38,3154668,0.82481,0,30,3097176,0.806588,2029758,2029758,0,1330254,
mcs90_m2Dr2_s40.A00,mcs90_m2Dr2_s40.B00,dal_rl,37,66,17227582,2.47697,0,40,17222112,2.47596,11039600,11039600,0,7333543,
mcs90_m2Dr2_s40.A01,mcs90_m2Dr2_s40.B01,dal_rl,36,61,11909842,1.69274,0,40,11901194,1.69125,7895196,7895196,0,5506093,
mcs90_m2Dr2_s40.A02,mcs90_m2Dr2_s40.B02,dal_rl,36,57,107495915,13.8288,0,40,107492964,13.8282,71381566,71381566,0,46681036,
mcs90_m2Dr2_s40.A03,mcs90_m2Dr2_s40.B03,dal_rl,36,66,156139693,21.103,0,40,156126987,21.1009,102310954,102310954,0,69599556,
mcs90_m2Dr2_s40.A04,mcs90_m2Dr2_s40.B04,dal_rl,36,62,13922273,2.1446,0,40,13913753,2.1431,9107205,9107205,0,6255193,
mcs90_m2Dr2_s40.A05,mcs90_m2Dr2_s40.B05,dal_rl,36,60,23490429,3.60544,0,40,23475559,3.60252,15172940,15172940,0,10621375,
mcs90_m2Dr2_s40.A06,mcs90_m2Dr2_s40.B06,dal_rl,36,60,101595867,14.6792,0,40,101587251,14.6775,65327331,65327331,0,43587246,
mcs90_m2Dr2_s40.A07,mcs90_m2Dr2_s40.B07,dal_rl,36,62,66808752,9.37005,0,40,66795882,9.36783,44074612,44074612,0,30561943,
mcs90_m2Dr2_s40.A08,mcs90_m2Dr2_s40.B08,dal_rl,36,59,45686816,6.51355,0,40,45668533,6.51034,29827301,29827301,0,20708306,
mcs90_m2Dr2_s40.A09,mcs90_m2Dr2_s40.B09,dal_rl,37,65,1429016,0.206356,0,40,1419711,0.204601,869915,869915,0,592812,
mcs90_m2Dr2_s50.A00,mcs90_m2Dr2_s50.B00,dal_rl,49,89,438007777,62.5395,0,50,438007601,62.5394,274998475,274998475,0,171787838,
mcs90_m2Dr2_s50.A01,mcs90_m2Dr2_s50.B01,dal_rl,49,91,32757139,4.43762,0,50,32757060,4.43752,20979639,20979639,0,13678295,
mcs90_m2Dr2_s50.A02,mcs90_m2Dr2_s50.B02,dal_rl,49,92,108461642,15.4895,0,50,108461556,15.4894,67769144,67769144,0,41913271,
mcs90_m2Dr2_s50.A03,mcs90_m2Dr2_s50.B03,dal_rl,49,90,55352852,8.12477,0,50,55352727,8.12466,35881748,35881748,0,23073381,
mcs90_m2Dr2_s50.A04,mcs90_m2Dr2_s50.B04,dal_rl,49,90,8965841,1.30123,0,50,8965743,1.30113,5702100,5702100,0,3529641,
mcs90_m2Dr2_s50.A05,mcs90_m2Dr2_s50.B05,dal_rl,49,91,282800515,38.9034,0,50,282800332,38.9033,179988944,179988944,0,115696394,
mcs90_m2Dr2_s50.A06,mcs90_m2Dr2_s50.B06,dal_rl,49,89,1335048,0.2012,0,50,1334981,0.201117,833747,833747,0,506398,
mcs90_m2Dr2_s50.A07,mcs90_m2Dr2_s50.B07,dal_rl,49,91,72266752,10.3782,0,50,72266635,10.3781,45641029,45641029,0,28922678,
mcs90_m2Dr2_s50.A08,mcs90_m2Dr2_s50.B08,dal_rl,49,92,17872521,2.55511,0,50,17872445,2.55501,11822472,11822472,0,8060804,
mcs90_m2Dr2_s50.A09,mcs90_m2Dr2_s50.B09,dal_rl,49,90,20523556,5.89971,0,50,20523408,5.8995,12865481,12865481,0,8183024,
mcs90_m2Dr2_s60.A00,mcs90_m2Dr2_s60.B00,dal_rl,41,55,7223960777,1000.02,1,60,809315186,108.248,4896678063,4896678063,0,3319196360,
mcs90_m2Dr2_s60.A01,mcs90_m2Dr2_s60.B01,dal_rl,41,51,6887449339,1000.02,1,60,1686697043,232.647,4576091506,4576091506,0,3072649961,
mcs90_m2Dr2_s60.A02,mcs90_m2Dr2_s60.B02,dal_rl,41,54,6888640188,1000.02,1,60,10580068,1.29999,4581169882,4581169882,0,3086696904,
mcs90_m2Dr2_s60.A03,mcs90_m2Dr2_s60.B03,dal_rl,40,50,6754355854,1000.02,1,60,1012417625,145.623,4528025544,4528025544,0,3132477581,
mcs90_m2Dr2_s60.A04,mcs90_m2Dr2_s60.B04,dal_rl,41,51,6751994900,1000.02,1,60,40791653,5.62789,4537655073,4537655073,0,3153732718,
mcs90_m2Dr2_s60.A05,mcs90_m2Dr2_s60.B05,dal_rl,40,54,6654569152,1000.02,1,60,222061930,32.0484,4389305550,4389305550,0,3029690353,
mcs90_m2Dr2_s60.A06,mcs90_m2Dr2_s60.B06,dal_rl,40,54,6933837145,1000.02,1,60,165039356,21.6891,4709952954,4709952954,0,3155948855,
mcs90_m2Dr2_s60.A07,mcs90_m2Dr2_s60.B07,dal_rl,40,57,6820394242,1000.02,1,60,2008837671,288.141,4582141755,4582141755,0,3273018808,
mcs90_m2Dr2_s60.A08,mcs90_m2Dr2_s60.B08,dal_rl,41,56,6901544053,1000.02,1,60,278827175,36.6128,4648650725,4648650725,0,3121470654,
mcs90_m2Dr2_s60.A09,mcs90_m2Dr2_s60.B09,dal_rl,41,58,7164760832,1000.02,1,60,1357580819,179.72,4928858507,4928858507,0,3384871728,
mcs90_m2Dr2_s70.A00,mcs90_m2Dr2_s70.B00,dal_rl,47,67,7164183780,1000.02,1,70,5668646217,782.543,4623278736,4623278736,0,3078487221,
mcs90_m2Dr2_s70.A01,mcs90_m2Dr2_s70.B01,dal_rl,46,63,7421353059,1000.01,1,70,2457024931,321.429,4990135322,4990135322,0,3219095108,
mcs90_m2Dr2_s70.A02,mcs90_m2Dr2_s70.B02,dal_rl,49,63,6618024517,1000.02,1,70,115609136,17.4685,4329987922,4329987922,0,2861949830,
mcs90_m2Dr2_s70.A03,mcs90_m2Dr2_s70.B03,dal_rl,46,59,7125909599,1000.02,1,70,126018427,16.9011,4658763242,4658763242,0,3043390128,
mcs90_m2Dr2_s70.A04,mcs90_m2Dr2_s70.B04,dal_rl,47,61,7196647884,1000.02,1,70,169539208,22.6619,4675218219,4675218219,0,2954460582,
mcs90_m2Dr2_s70.A05,mcs90_m2Dr2_s70.B05,dal_rl,47,58,7125865123,1000.02,1,70,177766744,23.7499,4744558106,4744558106,0,3137143437,
mcs90_m2Dr2_s70.A06,mcs90_m2Dr2_s70.B06,dal_rl,48,66,6985983566,1000.01,1,70,2023656550,284.142,4607673927,4607673927,0,2915964029,
mcs90_m2Dr2_s70.A07,mcs90_m2Dr2_s70.B07,dal_rl,47,62,5950867346,1000.02,1,70,1678813436,274.565,3968586947,3968586947,0,2689570683,
mcs90_m2Dr2_s70.A08,mcs90_m2Dr2_s70.B08,dal_rl,48,63,6762843281,1000.01,1,70,5786914338,848.545,4493345053,4493345053,0,3009921724,
mcs90_m2Dr2_s70.A09,mcs90_m2Dr2_s70.B09,dal_rl,46,55,6973937203,1000.02,1,70,3181136937,445.91,4676376936,4676376936,0,3134071023,
mcs90_m2Dr2_s80.A00,mcs90_m2Dr2_s80.B00,dal_rl,54,81,6471804412,1000.01,1,80,3483256944,528.317,4481481329,4481481329,0,3032596872,
mcs90_m2Dr2_s80.A01,mcs90_m2Dr2_s80.B01,dal_rl,52,65,6297731227,1000.02,1,80,902513590,134.79,4432811984,4432811984,0,3259438935,
mcs90_m2Dr2_s80.A02,mcs90_m2Dr2_s80.B02,dal_rl,51,64,6957329142,1000.01,1,80,13928636,1.90006,4542738112,4542738112,0,2928178103,
mcs90_m2Dr2_s80.A03,mcs90_m2Dr2_s80.B03,dal_rl,51,78,3738172573,1000.02,1,80,2958130198,784.727,2579169785,2579169785,0,1731286573,
mcs90_m2Dr2_s80.A04,mcs90_m2Dr2_s80.B04,dal_rl,51,63,6795225184,1000.01,1,80,134440892,18.0752,4716602014,4716602014,0,3189123009,
mcs90_m2Dr2_s80.A05,mcs90_m2Dr2_s80.B05,dal_rl,52,67,5908172105,1000.01,1,80,4600699376,780.077,4145503704,4145503704,0,2868302230,
mcs90_m2Dr2_s80.A06,mcs90_m2Dr2_s80.B06,dal_rl,52,82,6056018206,1000.02,1,80,4809559507,788.376,4085916362,4085916362,0,2851742714,
mcs90_m2Dr2_s80.A07,mcs90_m2Dr2_s80.B07,dal_rl,51,70,7520771699,1000.02,1,80,7171961731,953.582,5388936167,5388936167,0,3775984731,
mcs90_m2Dr2_s80.A08,mcs90_m2Dr2_s80.B08,dal_rl,53,75,7015932535,1000.02,1,80,2483290859,349.264,4768245957,4768245957,0,3204518822,
mcs90_m2Dr2_s80.A09,mcs90_m2Dr2_s80.B09,dal_rl,52,70,6743384439,1000.02,1,80,1949106249,283.193,4607598403,4607598403,0,3235101286,
mcs90_m2Dr2_s90.A00,mcs90_m2Dr2_s90.B00,dal_rl,59,81,7025950075,1000.02,1,90,3294790825,458.621,4637495063,4637495063,0,2984082397,
mcs90_m2Dr2_s90.A01,mcs90_m2Dr2_s90.B01,dal_rl,57,76,7389098947,1000.02,1,90,3353297811,454.663,5034156313,5034156313,0,3333633204,
mcs90_m2Dr2_s90.A02,mcs90_m2Dr2_s90.B02,dal_rl,58,77,5319098787,1000.02,1,90,3419775646,642.955,3482905847,3482905847,0,2242501121,
mcs90_m2Dr2_s90.A03,mcs90_m2Dr2_s90.B03,dal_rl,59,76,7351204350,1000.02,1,90,1699025270,217.205,5009723383,5009723383,0,3398243751,
mcs90_m2Dr2_s90.A04,mcs90_m2Dr2_s90.B04,dal_rl,60,81,6506056844,1000.02,1,90,6874315,0.942973,4155783575,4155783575,0,2836168549,
mcs90_m2Dr2_s90.A05,mcs90_m2Dr2_s90.B05,dal_rl,59,77,3479209222,1000.02,1,90,137931139,35.6421,2350646680,2350646680,0,1545882557,
mcs90_m2Dr2_s90.A06,mcs90_m2Dr2_s90.B06,dal_rl,57,72,7049082526,1000.02,1,90,2182835786,302.673,4840729223,4840729223,0,3190803030,
mcs90_m2Dr2_s90.A07,mcs90_m2Dr2_s90.B07,dal_rl,56,77,7259039101,1000.02,1,90,66029117,8.55625,4832437460,4832437460,0,2971357304,
mcs90_m2Dr2_s90.A08,mcs90_m2Dr2_s90.B08,dal_rl,59,81,6982111720,1000.02,1,90,427205431,57.7198,4623580075,4623580075,0,2864401320,
mcs90_m2Dr2_s90.A09,mcs90_m2Dr2_s90.B09,dal_rl,61,92,6863585273,1000.02,1,90,855078352,115.874,4648332743,4648332743,0,3189764937,
mcs90_m2Dr4_s10.A00,mcs90_m2Dr4_s10.B00,dal_rl,9,15,111,5.0707e-05,0,10,89,2.0231e-05,70,70,0,37,
mcs90_m2Dr4_s10.A01,mcs90_m2Dr4_s10.B01,dal_rl,9,13,174,5.8518e-05,0,10,158,2.8874e-05,111,111,0,67,
mcs90_m2Dr4_s10.A02,mcs90_m2Dr4_s10.B02,dal_rl,9,15,92,4.7682e-05,0,10,70,1.5974e-05,58,58,0,28,
mcs90_m2Dr4_s10.A03,mcs90_m2Dr4_s10.B03,dal_rl,9,14,107,4.4538e-05,0,10,88,1.9059e-05,68,68,0,31,
mcs90_m2Dr4_s10.A04,mcs90_m2Dr4_s10.B04,dal_rl,9,13,107,4.4357e-05,0,10,68,1.4682e-05,68,68,0,34,
mcs90_m2Dr4_s10.A05,mcs90_m2Dr4_s10.B05,dal_rl,9,14,63,4.1312e-05,0,10,33,1.1797e-05,40,40,0,22,
mcs90_m2Dr4_s10.A06,mcs90_m2Dr4_s10.B06,dal_rl,9,14,68,8.0881e-05,0,10,42,3.1357e-05,43,43,0,19,
mcs90_m2Dr4_s10.A07,mcs90_m2Dr4_s10.B07,dal_rl,9,13,157,5.356e-05,0,10,142,2.3615e-05,95,95,0,48,
mcs90_m2Dr4_s10.A08,mcs90_m2Dr4_s10.B08,dal_rl,9,13,171,5.3651e-05,0,10,155,2.6179e-05,111,111,0,69,
mcs90_m2Dr4_s10.A09,mcs90_m2Dr4_s10.B09,dal_rl,9,14,189,5.369e-05,0,10,159,2.5879e-05,118,118,0,70,
mcs90_m2Dr4_s100.A00,mcs90_m2Dr4_s100.B00,dal_rl,62,95,3617632690,1000.02,1,100,1055486342,282.041,2496343503,2496343503,0,1674706934,
mcs90_m2Dr4_s100.A01,mcs90_m2Dr4_s100.B01,dal_rl,59,87,7245838975,1000.01,1,100,2573068468,340.096,4925166480,4925166480,0,3517462595,
mcs90_m2Dr4_s100.A02,mcs90_m2Dr4_s100.B02,dal_rl,62,79,6545621840,1000.02,1,100,48470202,7.34451,4661376745,4661376745,0,3247753464,
mcs90_m2Dr4_s100.A03,mcs90_m2Dr4_s100.B03,dal_rl,60,77,6551114454,1000.01,1,100,1193899845,177.386,4528270112,4528270112,0,3275122315,
mcs90_m2Dr4_s100.A04,mcs90_m2Dr4_s100.B04,dal_rl,60,84,6752349040,1000.01,1,100,366176974,48.6955,4776042872,4776042872,0,3299978499,
mcs90_m2Dr4_s100.A05,mcs90_m2Dr4_s100.B05,dal_rl,63,87,6126115569,1000.02,1,100,131082009,19.6955,4015316385,4015316385,0,2767227582,
mcs90_m2Dr4_s100.A06,mcs90_m2Dr4_s100.B06,dal_rl,58,81,7650445489,1000.01,1,100,13933513,1.12622,6573798271,6573798271,0,5548541382,
mcs90_m2Dr4_s100.A07,mcs90_m2Dr4_s100.B07,dal_rl,61,79,7005958669,1000.01,1,100,6735175,0.777906,5010509724,5010509724,0,3441508725,
mcs90_m2Dr4_s100.A08,mcs90_m2Dr4_s100.B08,dal_rl,60,87,6981780631,1000.02,1,100,52004282,6.78216,4509828173,4509828173,0,3226481232,
mcs90_m2Dr4_s100.A09,mcs90_m2Dr4_s100.B09,dal_rl,65,98,6371773111,1000.01,1,100,81968106,11.9293,4165188869,4165188869,0,3018397327,
mcs90_m2Dr4_s20.A00,mcs90_m2Dr4_s20.B00,dal_rl,16,23,30250,0.0038582,0,20,26634,0.0033074,19567,19567,0,13969,
mcs90_m2Dr4_s20.A01,mcs90_m2Dr4_s20.B01,dal_rl,16,27,20179,0.00443378,0,20,14940,0.00314389,13010,13010,0,9165,
mcs90_m2Dr4_s20.A02,mcs90_m2Dr4_s20.B02,dal_rl,16,24,51635,0.00702917,0,20,46020,0.00618434,33557,33557,0,24678,
mcs90_m2Dr4_s20.A03,mcs90_m2Dr4_s20.B03,dal_rl,16,24,59236,0.0080663,0,20,49269,0.00658653,36146,36146,0,24690,
mcs90_m2Dr4_s20.A04,mcs90_m2Dr4_s20.B04,dal_rl,16,22,62417,0.00846908,0,20,61873,0.0083472,41452,41452,0,30955,
mcs90_m2Dr4_s20.A05,mcs90_m2Dr4_s20.B05,dal_rl,16,25,109630,0.0148227,0,20,108209,0.0145679,69286,69286,0,48771,
mcs90_m2Dr4_s20.A06,mcs90_m2Dr4_s20.B06,dal_rl,17,27,26068,0.00345122,0,20,23934,0.00310832,15737,15737,0,10840,
mcs90_m2Dr4_s20.A07,mcs90_m2Dr4_s20.B07,dal_rl,16,21,62749,0.0092917,0,20,59844,0.00877423,41771,41771,0,30621,
mcs90_m2Dr4_s20.A08,mcs90_m2Dr4_s20.B08,dal_rl,16,27,16686,0.00252645,0,20,13371,0.00197618,10340,10340,0,7200,
mcs90_m2Dr4_s20.A09,mcs90_m2Dr4_s20.B09,dal_rl,16,20,80297,0.0121678,0,20,79486,0.0119958,55144,55144,0,41176,
mcs90_m2Dr4_s30.A00,mcs90_m2Dr4_s30.B00,dal_rl,25,44,1489036,0.206591,0,30,1444854,0.198944,939652,939652,0,666081,
mcs90_m2Dr4_s30.A01,mcs90_m2Dr4_s30.B01,dal_rl,25,42,2530008,0.350954,0,30,2526670,0.350347,1677890,1677890,0,1228307,
mcs90_m2Dr4_s30.A02,mcs90_m2Dr4_s30.B02,dal_rl,25,44,9239291,1.30113,0,30,9198021,1.2943,6048294,6048294,0,4370214,
mcs90_m2Dr4_s30.A03,mcs90_m2Dr4_s30.B03,dal_rl,25,41,1949533,0.258767,0,30,1914357,0.252775,1271577,1271577,0,897088,
mcs90_m2Dr4_s30.A04,mcs90_m2Dr4_s30.B04,dal_rl,25,40,2327171,0.319454,0,30,2307698,0.316131,1531160,1531160,0,1114056,
mcs90_m2Dr4_s30.A05,mcs90_m2Dr4_s30.B05,dal_rl,25,35,2454291,0.336932,0,30,2441338,0.334817,1630332,1630332,0,1208401,
mcs90_m2Dr4_s30.A06,mcs90_m2Dr4_s30.B06,dal_rl,25,40,1371724,0.180601,0,30,1315979,0.171039,892602,892602,0,624963,
mcs90_m2Dr4_s30.A07,mcs90_m2Dr4_s30.B07,dal_rl,26,46,1170934,0.165393,0,30,1163435,0.16408,765840,765840,0,548567,
mcs90_m2Dr4_s30.A08,mcs90_m2Dr4_s30.B08,dal_rl,26,48,588246,0.082251,0,30,582333,0.0811959,385753,385753,0,278672,
mcs90_m2Dr4_s30.A09,mcs90_m2Dr4_s30.B09,dal_rl,25,37,4019458,0.546484,0,30,3999605,0.543217,2581515,2581515,0,1763386,
mcs90_m2Dr4_s40.A00,mcs90_m2Dr4_s40.B00,dal_rl,36,70,148132071,21.0051,0,40,148116055,21.0021,95566871,95566871,0,67933036,
mcs90_m2Dr4_s40.A01,mcs90_m2Dr4_s40.B01,dal_rl,36,63,6065073,1.00979,0,40,6062260,1.00921,3942926,3942926,0,2910135,
mcs90_m2Dr4_s40.A02,mcs90_m2Dr4_s40.B02,dal_rl,36,70,13678666,1.98983,0,40,13667578,1.9877,8995385,8995385,0,6502292,
mcs90_m2Dr4_s40.A03,mcs90_m2Dr4_s40.B03,dal_rl,36,66,1680620,0.232444,0,40,1662589,0.229148,1060001,1060001,0,729240,
mcs90_m2Dr4_s40.A04,mcs90_m2Dr4_s40.B04,dal_rl,36,67,15341940,2.29428,0,40,15327451,2.29152,9964100,9964100,0,7138072,
mcs90_m2Dr4_s40.A05,mcs90_m2Dr4_s40.B05,dal_rl,36,70,10402916,1.56486,0,40,10396969,1.56368,6812306,6812306,0,4731053,
mcs90_m2Dr4_s40.A06,mcs90_m2Dr4_s40.B06,dal_rl,36,67,63004279,9.38552,0,40,62999977,9.38464,40962754,40962754,0,29105464,
mcs90_m2Dr4_s40.A07,mcs90_m2Dr4_s40.B07,dal_rl,36,68,8048247,1.24771,0,40,8035294,1.24541,5238622,5238622,0,3776176,
mcs90_m2Dr4_s40.A08,mcs90_m2Dr4_s40.B08,dal_rl,36,68,143649778,21.411,0,40,143641581,21.4093,96596786,96596786,0,69634110,
mcs90_m2Dr4_s40.A09,mcs90_m2Dr4_s40.B09,dal_rl,36,68,19721214,2.97801,0,40,19709294,2.97582,13024138,13024138,0,9301646,
mcs90_m2Dr4_s50.A00,mcs90_m2Dr4_s50.B00,dal_rl,49,103,1023235373,143.351,0,50,1023235250,143.351,663626995,663626995,0,455959276,
mcs90_m2Dr4_s50.A01,mcs90_m2Dr4_s50.B01,dal_rl,49,101,57862331,8.01638,0,50,57862149,8.01626,38064444,38064444,0,23850012,
mcs90_m2Dr4_s50.A02,mcs90_m2Dr4_s50.B02,dal_rl,49,101,16239604,2.65522,0,50,16239471,2.65511,10587771,10587771,0,7509906,
mcs90_m2Dr4_s50.A03,mcs90_m2Dr4_s50.B03,dal_rl,49,98,163094342,23.6481,0,50,163094266,23.648,102134714,102134714,0,68723331,
mcs90_m2Dr4_s50.A04,mcs90_m2Dr4_s50.B04,dal_rl,49,100,10976326,1.76536,0,50,10976052,1.76522,7324042,7324042,0,5397276,
mcs90_m2Dr4_s50.A05,mcs90_m2Dr4_s50.B05,dal_rl,49,102,97914449,13.5657,0,50,97914368,13.5656,63408147,63408147,0,43149185,
mcs90_m2Dr4_s50.A06,mcs90_m2Dr4_s50.B06,dal_rl,49,100,1627391743,237.403,0,50,1627391630,237.403,1045463753,1045463753,0,712515762,
mcs90_m2Dr4_s50.A07,mcs90_m2Dr4_s50.B07,dal_rl,49,101,135948801,19.955,0,50,135948745,19.9549,88395986,88395986,0,63937918,
mcs90_m2Dr4_s50.A08,mcs90_m2Dr4_s50.B08,dal_rl,49,100,63256952,9.44101,0,50,63256779,9.44088,41838095,41838095,0,29526396,
mcs90_m2Dr4_s50.A09,mcs90_m2Dr4_s50.B09,dal_rl,49,99,658521040,94.3743,0,50,658520844,94.3742,434340306,434340306,0,305473306,
mcs90_m2Dr4_s60.A00,mcs90_m2Dr4_s60.B00,dal_rl,38,48,7242044921,1000.02,1,60,8485317,1.05961,4982267760,4982267760,0,3608562432,
mcs90_m2Dr4_s60.A01,mcs90_m2Dr4_s60.B01,dal_rl,39,59,7043964119,1000.02,1,60,635968020,88.5168,4758626874,4758626874,0,3387729447,
mcs90_m2Dr4_s60.A02,mcs90_m2Dr4_s60.B02,dal_rl,47,78,6448132757,1000.01,1,60,5746542710,877.449,4258388151,4258388151,0,2962301024,
mcs90_m2Dr4_s60.A03,mcs90_m2Dr4_s60.B03,dal_rl,43,73,6212304627,1000.02,1,60,1336677668,196.438,4092838967,4092838967,0,2985983178,
mcs90_m2Dr4_s60.A04,mcs90_m2Dr4_s60.B04,dal_rl,38,51,7347754255,1000.02,1,60,153691621,20.1146,4908567976,4908567976,0,3320943148,
mcs90_m2Dr4_s60.A05,mcs90_m2Dr4_s60.B05,dal_rl,50,92,5706453276,995.922,0,60,5611122829,977.735,3767186796,3767186796,0,2783167850,
mcs90_m2Dr4_s60.A06,mcs90_m2Dr4_s60.B06,dal_rl,38,56,7245447513,1000.02,1,60,8636423,1.11736,4847410593,4847410593,0,3285744924,
mcs90_m2Dr4_s60.A07,mcs90_m2Dr4_s60.B07,dal_rl,39,54,6682166498,1000.02,1,60,865366001,118.787,4477006213,4477006213,0,3171656198,
mcs90_m2Dr4_s60.A08,mcs90_m2Dr4_s60.B08,dal_rl,38,57,7119013553,1000.01,1,60,35011888,4.64115,4660125520,4660125520,0,3240074533,
mcs90_m2Dr4_s60.A09,mcs90_m2Dr4_s60.B09,dal_rl,39,58,5701670820,1000.02,1,60,786938896,133.918,3753500390,3753500390,0,2656523554,
mcs90_m2Dr4_s70.A00,mcs90_m2Dr4_s70.B00,dal_rl,45,68,6973668369,1000.02,1,70,4170685937,583.65,4539886837,4539886837,0,2964486118,
mcs90_m2Dr4_s70.A01,mcs90_m2Dr4_s70.B01,dal_rl,45,62,6753929655,1000.02,1,70,269973576,36.6103,4242745013,4242745013,0,2897343877,
mcs90_m2Dr4_s70.A02,mcs90_m2Dr4_s70.B02,dal_rl,44,64,6765761313,1000.02,1,70,4474456954,647.675,4315792676,4315792676,0,2979094321,
mcs90_m2Dr4_s70.A03,mcs90_m2Dr4_s70.B03,dal_rl,64,131,866968296,163.59,0,70,866650164,163.509,579361339,579361339,0,413029524,
mcs90_m2Dr4_s70.A04,mcs90_m2Dr4_s70.B04,dal_rl,45,65,6806706694,1000.02,1,70,209374972,29.787,4457821925,4457821925,0,3068303000,
mcs90_m2Dr4_s70.A05,mcs90_m2Dr4_s70.B05,dal_rl,45,68,6173723043,1000.02,1,70,2078381971,317.568,3967847169,3967847169,0,2757936393,
mcs90_m2Dr4_s70.A06,mcs90_m2Dr4_s70.B06,dal_rl,44,56,7008464960,1000.02,1,70,52389374,6.94768,4695946725,4695946725,0,3286413590,
mcs90_m2Dr4_s70.A07,mcs90_m2Dr4_s70.B07,dal_rl,46,61,6507505112,1000.02,1,70,431663188,63.2398,4225134953,4225134953,0,2891867283,
mcs90_m2Dr4_s70.A08,mcs90_m2Dr4_s70.B08,dal_rl,44,62,7048933052,1000.02,1,70,655027374,85.2768,4576786501,4576786501,0,3037556256,
mcs90_m2Dr4_s70.A09,mcs90_m2Dr4_s70.B09,dal_rl,44,56,6392816305,1000.02,1,70,1320292955,199.398,4327330676,4327330676,0,2992166000,
mcs90_m2Dr4_s80.A00,mcs90_m2Dr4_s80.B00,dal_rl,49,71,6404307399,1000.02,1,80,6081377380,947.946,4166725215,4166725215,0,3014766992,
mcs90_m2Dr4_s80.A01,mcs90_m2Dr4_s80.B01,dal_rl,51,73,6761204107,1000.01,1,80,3358795907,483.398,4689748510,4689748510,0,3357509025,
mcs90_m2Dr4_s80.A02,mcs90_m2Dr4_s80.B02,dal_rl,49,63,6975888153,1000.02,1,80,374832472,50.8195,4430730138,4430730138,0,3003814161,
mcs90_m2Dr4_s80.A03,mcs90_m2Dr4_s80.B03,dal_rl,50,72,5864537662,1000.02,1,80,687230445,109.201,3958235463,3958235463,0,2735037577,
mcs90_m2Dr4_s80.A04,mcs90_m2Dr4_s80.B04,dal_rl,51,71,5319326330,1000.01,1,80,5239112942,984.146,3573010268,3573010268,0,2416578362,
mcs90_m2Dr4_s80.A05,mcs90_m2Dr4_s80.B05,dal_rl,47,60,7461246078,1000.02,1,80,3246820416,424.638,5207789827,5207789827,0,3887311901,
mcs90_m2Dr4_s80.A06,mcs90_m2Dr4_s80.B06,dal_rl,51,74,6749686812,1000.02,1,80,717080217,105.08,4879719464,4879719464,0,3521643145,
mcs90_m2Dr4_s80.A07,mcs90_m2Dr4_s80.B07,dal_rl,49,70,6833437413,1000.01,1,80,165229009,21.3904,4725694323,4725694323,0,3478971219,
mcs90_m2Dr4_s80.A08,mcs90_m2Dr4_s80.B08,dal_rl,50,72,7257973690,1000.02,1,80,479846188,62.269,4918024726,4918024726,0,3437437215,
mcs90_m2Dr4_s80.A09,mcs90_m2Dr4_s80.B09,dal_rl,50,70,6571680506,1000.02,1,80,9945323,1.46975,4320893718,4320893718,0,3108695620,
mcs90_m2Dr4_s90.A00,mcs90_m2Dr4_s90.B00,dal_rl,55,76,7065820157,1000.01,1,90,191450561,25.7775,4461357019,4461357019,0,2879973059,
mcs90_m2Dr4_s90.A01,mcs90_m2Dr4_s90.B01,dal_rl,54,66,7241487659,1000.02,1,90,776979754,104.798,4648243541,4648243541,0,3106688557,
mcs90_m2Dr4_s90.A02,mcs90_m2Dr4_s90.B02,dal_rl,55,72,6616277248,1000.02,1,90,29520173,4.00814,4094608306,4094608306,0,2925191193,
mcs90_m2Dr4_s90.A03,mcs90_m2Dr4_s90.B03,dal_rl,55,71,7369472320,1000.02,1,90,4971248889,674.472,5018714604,5018714604,0,3502085182,
mcs90_m2Dr4_s90.A04,mcs90_m2Dr4_s90.B04,dal_rl,56,78,7095950490,1000.02,1,90,2362018082,321.278,4940486907,4940486907,0,3454523761,
mcs90_m2Dr4_s90.A05,mcs90_m2Dr4_s90.B05,dal_rl,57,84,6981716249,1000.02,1,90,1994306331,262.803,4676775630,4676775630,0,3132662726,
mcs90_m2Dr4_s90.A06,mcs90_m2Dr4_s90.B06,dal_rl,53,74,7776961378,1000.02,1,90,6528555684,834.669,5497914666,5497914666,0,3831335965,
mcs90_m2Dr4_s90.A07,mcs90_m2Dr4_s90.B07,dal_rl,55,73,7050397830,1000.01,1,90,98739636,13.6284,4539369693,4539369693,0,2885921358,
mcs90_m2Dr4_s90.A08,mcs90_m2Dr4_s90.B08,dal_rl,54,75,7024523448,1000.02,1,90,90911836,12.5255,4622477071,4622477071,0,3229261704,
mcs90_m2Dr4_s90.A09,mcs90_m2Dr4_s90.B09,dal_rl,54,77,7095398154,1000.01,1,90,6255110597,875.831,4365899810,4365899810,0,3107150618,
mcs90_m2Dr6_s10.A00,mcs90_m2Dr6_s10.B00,dal_rl,9,15,50,3.7897e-05,0,10,26,9.354e-06,34,34,0,19,
mcs90_m2Dr6_s10.A01,mcs90_m2Dr6_s10.B01,dal_rl,9,13,140,4.5528e-05,0,10,101,2.0821e-05,90,90,0,51,
mcs90_m2Dr6_s10.A02,mcs90_m2Dr6_s10.B02,dal_rl,9,15,127,4.8563e-05,0,10,113,2.3275e-05,80,80,0,42,
mcs90_m2Dr6_s10.A03,mcs90_m2Dr6_s10.B03,dal_rl,9,15,366,9.6285e-05,0,10,313,5.4262e-05,221,221,0,120,
mcs90_m2Dr6_s10.A04,mcs90_m2Dr6_s10.B04,dal_rl,9,13,59,4.0381e-05,0,10,28,1.1177e-05,37,37,0,18,
mcs90_m2Dr6_s10.A05,mcs90_m2Dr6_s10.B05,dal_rl,9,15,207,6.4036e-05,0,10,177,3.1828e-05,133,133,0,82,
mcs90_m2Dr6_s10.A06,mcs90_m2Dr6_s10.B06,dal_rl,9,13,155,5.8137e-05,0,10,140,3.1628e-05,98,98,0,55,
mcs90_m2Dr6_s10.A07,mcs90_m2Dr6_s10.B07,dal_rl,9,14,159,6.1513e-05,0,10,139,3.27e-05,102,102,0,54,
mcs90_m2Dr6_s10.A08,mcs90_m2Dr6_s10.B08,dal_rl,9,13,168,4.8804e-05,0,10,149,2.5779e-05,108,108,0,59,
mcs90_m2Dr6_s10.A09,mcs90_m2Dr6_s10.B09,dal_rl,9,14,387,7.7818e-05,0,10,373,5.5233e-05,249,249,0,163,
mcs90_m2Dr6_s100.A00,mcs90_m2Dr6_s100.B00,dal_rl,57,70,7223069053,1000.01,1,100,1445201226,158.321,4854454569,4854454569,0,3500212679,
mcs90_m2Dr6_s100.A01,mcs90_m2Dr6_s100.B01,dal_rl,59,85,6822660174,1000.02,1,100,364068049,51.8239,4611844008,4611844008,0,3200434710,
mcs90_m2Dr6_s100.A02,mcs90_m2Dr6_s100.B02,dal_rl,58,79,6672465444,1000.02,1,100,1077751555,115.539,4267146979,4267146979,0,3022179065,
mcs90_m2Dr6_s100.A03,mcs90_m2Dr6_s100.B03,dal_rl,59,90,6517816585,1000.01,1,100,1627810924,222.946,4085477826,4085477826,0,3040850842,
mcs90_m2Dr6_s100.A04,mcs90_m2Dr6_s100.B04,dal_rl,60,79,6765777119,1000.01,1,100,6364656760,939.29,4539186450,4539186450,0,3278592589,
mcs90_m2Dr6_s100.A05,mcs90_m2Dr6_s100.B05,dal_rl,59,87,6367584262,1000.01,1,100,355025421,49.4523,3892324908,3892324908,0,2656862669,
mcs90_m2Dr6_s100.A06,mcs90_m2Dr6_s100.B06,dal_rl,58,90,6868087290,1000.02,1,100,846253476,115.917,4597791117,4597791117,0,3402599942,
mcs90_m2Dr6_s100.A07,mcs90_m2Dr6_s100.B07,dal_rl,58,96,3473044805,1000.01,1,100,1410699297,390.903,2487281827,2487281827,0,1808951459,
mcs90_m2Dr6_s100.A08,mcs90_m2Dr6_s100.B08,dal_rl,58,91,7145195658,1000.01,1,100,74693177,9.57208,4760573608,4760573608,0,3347773992,
mcs90_m2Dr6_s100.A09,mcs90_m2Dr6_s100.B09,dal_rl,53,57,7511411495,1000.02,1,100,130736215,14.8575,5777816634,5777816634,0,4354246431,
mcs90_m2Dr6_s20.A00,mcs90_m2Dr6_s20.B00,dal_rl,16,27,45467,0.00682087,0,20,42768,0.00636913,30502,30502,0,22835,
mcs90_m2Dr6_s20.A01,mcs90_m2Dr6_s20.B01,dal_rl,16,26,26357,0.00357199,0,20,23327,0.00309533,17057,17057,0,12414,
mcs90_m2Dr6_s20.A02,mcs90_m2Dr6_s20.B02,dal_rl,16,25,5633,0.00127367,0,20,922,0.00014671,3803,3803,0,3005,
mcs90_m2Dr6_s20.A03,mcs90_m2Dr6_s20.B03,dal_rl,16,26,16564,0.00243168,0,20,13436,0.00192303,10636,10636,0,7672,
mcs90_m2Dr6_s20.A04,mcs90_m2Dr6_s20.B04,dal_rl,16,29,74459,0.00977964,0,20,71796,0.00933155,48312,48312,0,36091,
mcs90_m2Dr6_s20.A05,mcs90_m2Dr6_s20.B05,dal_rl,16,28,24592,0.00385007,0,20,20858,0.00324578,15767,15767,0,11571,
mcs90_m2Dr6_s20.A06,mcs90_m2Dr6_s20.B06,dal_rl,16,26,31864,0.00436562,0,20,29847,0.00400192,21506,21506,0,16386,
mcs90_m2Dr6_s20.A07,mcs90_m2Dr6_s20.B07,dal_rl,16,30,98791,0.0131597,0,20,97604,0.0129403,64690,64690,0,46964,
mcs90_m2Dr6_s20.A08,mcs90_m2Dr6_s20.B08,dal_rl,16,23,130557,0.017491,0,20,130261,0.0174117,85351,85351,0,64966,
mcs90_m2Dr6_s20.A09,mcs90_m2Dr6_s20.B09,dal_rl,16,28,41170,0.00654534,0,20,38838,0.00612679,26428,26428,0,20695,
mcs90_m2Dr6_s30.A00,mcs90_m2Dr6_s30.B00,dal_rl,25,50,8715501,1.20799,0,30,8693112,1.20413,5675668,5675668,0,4135295,
mcs90_m2Dr6_s30.A01,mcs90_m2Dr6_s30.B01,dal_rl,25,46,951247,0.136753,0,30,927371,0.13254,608153,608153,0,437376,
mcs90_m2Dr6_s30.A02,mcs90_m2Dr6_s30.B02,dal_rl,25,45,8465412,1.2417,0,30,8457352,1.24026,5421922,5421922,0,3972824,
mcs90_m2Dr6_s30.A03,mcs90_m2Dr6_s30.B03,dal_rl,25,45,6333577,0.89783,0,30,6311835,0.893988,4073404,4073404,0,2923875,
mcs90_m2Dr6_s30.A04,mcs90_m2Dr6_s30.B04,dal_rl,25,48,7155155,1.06859,0,30,7148322,1.06735,4630946,4630946,0,3473745,
mcs90_m2Dr6_s30.A05,mcs90_m2Dr6_s30.B05,dal_rl,25,43,1532903,0.211171,0,30,1520333,0.209019,1023667,1023667,0,741543,
mcs90_m2Dr6_s30.A06,mcs90_m2Dr6_s30.B06,dal_rl,25,43,2105823,0.289674,0,30,2094761,0.287867,1406449,1406449,0,1043945,
mcs90_m2Dr6_s30.A07,mcs90_m2Dr6_s30.B07,dal_rl,25,48,4628714,0.678818,0,30,4584136,0.671242,2977248,2977248,0,2206003,
mcs90_m2Dr6_s30.A08,mcs90_m2Dr6_s30.B08,dal_rl,25,50,1590449,0.23568,0,30,1561417,0.230434,1037691,1037691,0,778921,
mcs90_m2Dr6_s30.A09,mcs90_m2Dr6_s30.B09,dal_rl,25,43,3989129,0.545469,0,30,3969402,0.542008,2715500,2715500,0,2068105,
mcs90_m2Dr6_s40.A00,mcs90_m2Dr6_s40.B00,dal_rl,36,72,23568472,3.66142,0,40,23557267,3.65931,15230927,15230927,0,11095278,
mcs90_m2Dr6_s40.A01,mcs90_m2Dr6_s40.B01,dal_rl,36,74,160432011,23.2072,0,40,160416418,23.2042,102667448,102667448,0,72848496,
mcs90_m2Dr6_s40.A02,mcs90_m2Dr6_s40.B02,dal_rl,36,75,64445832,11.6744,0,40,64440938,11.673,42193097,42193097,0,29919232,
mcs90_m2Dr6_s40.A03,mcs90_m2Dr6_s40.B03,dal_rl,36,72,73991857,13.0363,0,40,73982836,13.0342,49180043,49180043,0,35470390,
mcs90_m2Dr6_s40.A04,mcs90_m2Dr6_s40.B04,dal_rl,36,74,39125896,6.75851,0,40,39112092,6.75533,25307667,25307667,0,18226822,
mcs90_m2Dr6_s40.A05,mcs90_m2Dr6_s40.B05,dal_rl,36,76,1190819,0.240808,0,40,1182905,0.238988,779276,779276,0,588638,
mcs90_m2Dr6_s40.A06,mcs90_m2Dr6_s40.B06,dal_rl,36,73,253320576,37.1008,0,40,253311572,37.0991,166423684,166423684,0,121654524,
mcs90_m2Dr6_s40.A07,mcs90_m2Dr6_s40.B07,dal_rl,36,78,179088473,27.6701,0,40,179078447,27.6682,116312430,116312430,0,86190469,
mcs90_m2Dr6_s40.A08,mcs90_m2Dr6_s40.B08,dal_rl,36,74,66430577,9.91135,0,40,66423329,9.90988,43373859,43373859,0,31874991,
mcs90_m2Dr6_s40.A09,mcs90_m2Dr6_s40.B09,dal_rl,36,78,340488299,51.5699,0,40,340476266,51.5676,220874770,220874770,0,164204771,
mcs90_m2Dr6_s50.A00,mcs90_m2Dr6_s50.B00,dal_rl,49,110,459294697,64.307,0,50,459294602,64.3069,304651274,304651274,0,210890929,
mcs90_m2Dr6_s50.A01,mcs90_m2Dr6_s50.B01,dal_rl,49,106,1271441,0.212878,0,50,1271322,0.212777,820080,820080,0,600190,
mcs90_m2Dr6_s50.A02,mcs90_m2Dr6_s50.B02,dal_rl,49,107,1583092822,232.903,0,50,1583092702,232.903,1042574288,1042574288,0,754499964,
mcs90_m2Dr6_s50.A03,mcs90_m2Dr6_s50.B03,dal_rl,49,109,610582031,97.4263,0,50,610581932,97.4262,391860827,391860827,0,277119465,
mcs90_m2Dr6_s50.A04,mcs90_m2Dr6_s50.B04,dal_rl,49,110,266590896,42.2562,0,50,266590828,42.2561,170666807,170666807,0,124444836,
mcs90_m2Dr6_s50.A05,mcs90_m2Dr6_s50.B05,dal_rl,49,111,75853861,11.4493,0,50,75853750,11.4492,49879167,49879167,0,36265222,
mcs90_m2Dr6_s50.A06,mcs90_m2Dr6_s50.B06,dal_rl,49,105,179807885,26.3211,0,50,179807783,26.321,117536690,117536690,0,86137643,
mcs90_m2Dr6_s50.A07,mcs90_m2Dr6_s50.B07,dal_rl,49,105,2384811168,340.928,0,50,2384811071,340.928,1570356207,1570356207,0,1126165716,
mcs90_m2Dr6_s50.A08,mcs90_m2Dr6_s50.B08,dal_rl,49,109,148123738,22.5678,0,50,148123636,22.5677,92972157,92972157,0,66807185,
mcs90_m2Dr6_s50.A09,mcs90_m2Dr6_s50.B09,dal_rl,49,108,161972744,23.6339,0,50,161972621,23.6338,104956240,104956240,0,74117921,
mcs90_m2Dr6_s60.A00,mcs90_m2Dr6_s60.B00,dal_rl,37,48,6741631309,1000.02,1,60,445333261,63.66,4385733490,4385733490,0,3138488600,
mcs90_m2Dr6_s60.A01,mcs90_m2Dr6_s60.B01,dal_rl,38,51,6534435644,1000.02,1,60,280865387,41.3684,4315493357,4315493357,0,3120000682,
mcs90_m2Dr6_s60.A02,mcs90_m2Dr6_s60.B02,dal_rl,38,48,6517606959,1000.02,1,60,1554494277,232.469,4313933003,4313933003,0,3106911897,
mcs90_m2Dr6_s60.A03,mcs90_m2Dr6_s60.B03,dal_rl,41,69,6373127965,1000.02,1,60,5351373515,818.657,4164539300,4164539300,0,3074051790,
mcs90_m2Dr6_s60.A04,mcs90_m2Dr6_s60.B04,dal_rl,39,62,6713260408,1000.01,1,60,3954237586,575.851,4506107564,4506107564,0,3194106875,
mcs90_m2Dr6_s60.A05,mcs90_m2Dr6_s60.B05,dal_rl,37,54,7203564780,1000.02,1,60,629693139,84.8457,4917338503,4917338503,0,3548960585,
mcs90_m2Dr6_s60.A06,mcs90_m2Dr6_s60.B06,dal_rl,37,53,6747432518,1000.02,1,60,23910649,3.45815,4373002814,4373002814,0,3189061406,
mcs90_m2Dr6_s60.A07,mcs90_m2Dr6_s60.B07,dal_rl,37,61,5537020121,1000.01,1,60,1640506041,290.41,3723175139,3723175139,0,2678170911,
mcs90_m2Dr6_s60.A08,mcs90_m2Dr6_s60.B08,dal_rl,38,52,6506124750,1000.01,1,60,226408039,31.3784,4390784353,4390784353,0,3032428748,
mcs90_m2Dr6_s60.A09,mcs90_m2Dr6_s60.B09,dal_rl,38,46,5609832768,1000.02,1,60,882618148,148.43,3618403596,3618403596,0,2533681252,
mcs90_m2Dr6_s70.A00,mcs90_m2Dr6_s70.B00,dal_rl,43,64,5881056303,1000.02,1,70,2268510043,383.974,3746147280,3746147280,0,2623091775,
mcs90_m2Dr6_s70.A01,mcs90_m2Dr6_s70.B01,dal_rl,42,59,5848336688,1000.02,1,70,1101969633,188.215,3762442082,3762442082,0,2583140840,
mcs90_m2Dr6_s70.A02,mcs90_m2Dr6_s70.B02,dal_rl,42,59,5909668654,1000.01,1,70,502445380,82.9468,4017254902,4017254902,0,2902761756,
mcs90_m2Dr6_s70.A03,mcs90_m2Dr6_s70.B03,dal_rl,42,58,6033940515,1000.02,1,70,1402092710,223.147,3821924195,3821924195,0,2570209756,
mcs90_m2Dr6_s70.A04,mcs90_m2Dr6_s70.B04,dal_rl,44,69,5788943229,1000.01,1,70,651607662,109.95,3786115378,3786115378,0,2642748048,
mcs90_m2Dr6_s70.A05,mcs90_m2Dr6_s70.B05,dal_rl,43,59,6372329647,1000.02,1,70,1808864445,270.295,4175464194,4175464194,0,2982118640,
mcs90_m2Dr6_s70.A06,mcs90_m2Dr6_s70.B06,dal_rl,41,57,6915714403,1000.02,1,70,5245428,0.707641,4744817820,4744817820,0,3458638173,
mcs90_m2Dr6_s70.A07,mcs90_m2Dr6_s70.B07,dal_rl,43,65,6879483677,1000.01,1,70,44337150,6.34408,4480848206,4480848206,0,3136362545,
mcs90_m2Dr6_s70.A08,mcs90_m2Dr6_s70.B08,dal_rl,43,57,6699962056,1000.02,1,70,3346110445,492.639,4438741194,4438741194,0,3088498447,
mcs90_m2Dr6_s70.A09,mcs90_m2Dr6_s70.B09,dal_rl,42,61,6341696772,1000.01,1,70,292031,0.0399221,4135986897,4135986897,0,2827311748,
mcs90_m2Dr6_s80.A00,mcs90_m2Dr6_s80.B00,dal_rl,48,66,6432965572,1000.01,1,80,3218834740,490.71,4372657082,4372657082,0,3052599890,
mcs90_m2Dr6_s80.A01,mcs90_m2Dr6_s80.B01,dal_rl,48,73,5756869309,1000.02,1,80,41018793,7.09164,3620558085,3620558085,0,2554404991,
mcs90_m2Dr6_s80.A02,mcs90_m2Dr6_s80.B02,dal_rl,49,74,6867324921,1000.02,1,80,52441523,6.98038,4601609459,4601609459,0,3265283109,
mcs90_m2Dr6_s80.A03,mcs90_m2Dr6_s80.B03,dal_rl,47,67,6938248041,1000.02,1,80,1708976133,233.024,4775395622,4775395622,0,3421840561,
mcs90_m2Dr6_s80.A04,mcs90_m2Dr6_s80.B04,dal_rl,47,64,7056271031,1000.02,1,80,8813430,1.18846,4889689278,4889689278,0,3589893986,
mcs90_m2Dr6_s80.A05,mcs90_m2Dr6_s80.B05,dal_rl,48,74,6172877631,1000.01,1,80,95857079,15.2889,3873700229,3873700229,0,2901272331,
mcs90_m2Dr6_s80.A06,mcs90_m2Dr6_s80.B06,dal_rl,48,71,6777654794,1000.02,1,80,418087016,60.0639,4725375678,4725375678,0,3478644208,
mcs90_m2Dr6_s80.A07,mcs90_m2Dr6_s80.B07,dal_rl,47,63,6868552281,1000.02,1,80,1662066556,228.649,4853719584,4853719584,0,3596781753,
mcs90_m2Dr6_s80.A08,mcs90_m2Dr6_s80.B08,dal_rl,49,76,5496213143,1000.02,1,80,1655312744,290.004,3471622698,3471622698,0,2477306362,
mcs90_m2Dr6_s80.A09,mcs90_m2Dr6_s80.B09,dal_rl,49,67,5803211952,1000.02,1,80,2184610703,353.161,3749524464,3749524464,0,2668746501,
mcs90_m2Dr6_s90.A00,mcs90_m2Dr6_s90.B00,dal_rl,54,82,6025096534,1000.02,1,90,112801760,18.048,4082800027,4082800027,0,2809255566,
mcs90_m2Dr6_s90.A01,mcs90_m2Dr6_s90.B01,dal_rl,54,77,6893976783,1000.02,1,90,420667736,59.046,4801316369,4801316369,0,3269772551,
mcs90_m2Dr6_s90.A02,mcs90_m2Dr6_s90.B02,dal_rl,51,84,6952402667,1000.02,1,90,496782,0.0638014,4729273119,4729273119,0,3407412578,
mcs90_m2Dr6_s90.A03,mcs90_m2Dr6_s90.B03,dal_rl,53,83,7127884202,1000.02,1,90,2745455,0.314403,4905016004,4905016004,0,3364167907,
mcs90_m2Dr6_s90.A04,mcs90_m2Dr6_s90.B04,dal_rl,53,75,6652843139,1000.02,1,90,107671562,15.3589,4198276761,4198276761,0,2974494464,
mcs90_m2Dr6_s90.A05,mcs90_m2Dr6_s90.B05,dal_rl,52,81,6397081530,1000.02,1,90,36901523,5.08444,4336904759,4336904759,0,3130171022,
mcs90_m2Dr6_s90.A06,mcs90_m2Dr6_s90.B06,dal_rl,53,76,5634164330,1000.02,1,90,5333326428,944.347,3415867813,3415867813,0,2334771538,
mcs90_m2Dr6_s90.A07,mcs90_m2Dr6_s90.B07,dal_rl,53,80,5408563877,1000.02,1,90,3268596871,601.892,3331480752,3331480752,0,2238435785,
mcs90_m2Dr6_s90.A08,mcs90_m2Dr6_s90.B08,dal_rl,51,65,5459960793,1000.02,1,90,3692522535,667.357,3454447819,3454447819,0,2426528899,
mcs90_m2Dr6_s90.A09,mcs90_m2Dr6_s90.B09,dal_rl,52,82,7221623485,1000.02,1,90,5217553,0.609938,4754617015,4754617015,0,3107507030,
mcs90_m3D_s10.A00,mcs90_m3D_s10.B00,dal_rl,9,13,136,5.5813e-05,0,10,49,1.2339e-05,87,87,0,41,
mcs90_m3D_s10.A01,mcs90_m3D_s10.B01,dal_rl,8,11,590,8.1572e-05,0,10,9,6.46e-06,357,357,0,167,
mcs90_m3D_s10.A02,mcs90_m3D_s10.B02,dal_rl,9,13,180,4.7722e-05,0,10,161,2.609e-05,119,119,0,66,
mcs90_m3D_s10.A03,mcs90_m3D_s10.B03,dal_rl,9,13,178,5.1668e-05,0,10,129,2.3195e-05,111,111,0,62,
mcs90_m3D_s10.A04,mcs90_m3D_s10.B04,dal_rl,9,12,100,4.3406e-05,0,10,10,7.251e-06,66,66,0,30,
mcs90_m3D_s10.A05,mcs90_m3D_s10.B05,dal_rl,9,14,153,5.1457e-05,0,10,76,1.7106e-05,94,94,0,41,
mcs90_m3D_s10.A06,mcs90_m3D_s10.B06,dal_rl,8,10,488,0.000169825,0,10,68,2.6109e-05,321,321,0,186,
mcs90_m3D_s10.A07,mcs90_m3D_s10.B07,dal_rl,9,12,113,5.0245e-05,0,10,30,1.1748e-05,71,71,0,29,
mcs90_m3D_s10.A08,mcs90_m3D_s10.B08,dal_rl,9,12,301,6.3696e-05,0,10,265,3.4962e-05,181,181,0,87,
mcs90_m3D_s10.A09,mcs90_m3D_s10.B09,dal_rl,8,10,540,0.000293511,0,10,28,9.153e-06,330,330,0,148,
mcs90_m3D_s30.A00,mcs90_m3D_s30.B00,dal_rl,27,47,201011,0.0294924,0,30,190675,0.0277199,119903,119903,0,74998,
mcs90_m3D_s30.A01,mcs90_m3D_s30.B01,dal_rl,27,48,19261,0.00313936,0,30,10662,0.00173334,11110,11110,0,6354,
mcs90_m3D_s30.A02,mcs90_m3D_s30.B02,dal_rl,27,49,17390,0.00288877,0,30,8528,0.00143684,10089,10089,0,5085,
mcs90_m3D_s30.A03,mcs90_m3D_s30.B03,dal_rl,27,52,27325,0.00424427,0,30,22975,0.0035076,15927,15927,0,9313,
mcs90_m3D_s30.A04,mcs90_m3D_s30.B04,dal_rl,28,54,12882,0.00210091,0,30,11315,0.0018425,7416,7416,0,4097,
mcs90_m3D_s30.A05,mcs90_m3D_s30.B05,dal_rl,27,48,475015,0.0681596,0,30,473123,0.0678404,286925,286925,0,172404,
mcs90_m3D_s30.A06,mcs90_m3D_s30.B06,dal_rl,27,51,37704,0.0057052,0,30,25530,0.00386906,21681,21681,0,10831,
mcs90_m3D_s30.A07,mcs90_m3D_s30.B07,dal_rl,27,48,155403,0.02327,0,30,153235,0.0229204,94738,94738,0,60029,
mcs90_m3D_s30.A08,mcs90_m3D_s30.B08,dal_rl,28,54,57319,0.00891475,0,30,56787,0.00878245,33055,33055,0,18995,
mcs90_m3D_s30.A09,mcs90_m3D_s30.B09,dal_rl,27,48,9882,0.00167043,0,30,28,2.5398e-05,5847,5847,0,2755,
mcs90_m3D_s70.A00,mcs90_m3D_s70.B00,dal_rl,48,81,5982608755,1000.02,1,70,3261332687,530.7,3765085721,3765085721,0,2473231901,
mcs90_m3D_s70.A01,mcs90_m3D_s70.B01,dal_rl,65,138,332465347,67.3704,0,70,332069102,67.2814,200849941,200849941,0,127378838,
mcs90_m3D_s70.A02,mcs90_m3D_s70.B02,dal_rl,64,136,12934495,2.87043,0,70,10911825,2.3743,7781459,7781459,0,4752908,
mcs90_m3D_s70.A03,mcs90_m3D_s70.B03,dal_rl,65,138,1663742817,640.766,0,70,1663376469,640.589,1008086228,1008086228,0,642125491,
mcs90_m3D_s70.A04,mcs90_m3D_s70.B04,dal_rl,64,130,227097140,44.5515,0,70,224603068,43.999,142367688,142367688,0,91930389,
mcs90_m3D_s70.A05,mcs90_m3D_s70.B05,dal_rl,65,139,173175419,32.0624,0,70,172903300,31.9973,104743560,104743560,0,68074581,
mcs90_m3D_s70.A06,mcs90_m3D_s70.B06,dal_rl,65,140,597812140,112.252,0,70,597413700,112.156,348482952,348482952,0,234797343,
mcs90_m3D_s70.A07,mcs90_m3D_s70.B07,dal_rl,65,139,1300239909,238.641,0,70,1299811421,238.541,797507048,797507048,0,535391195,
mcs90_m3D_s70.A08,mcs90_m3D_s70.B08,dal_rl,64,140,3592849045,671.871,0,70,3590323717,671.273,2234311492,2234311492,0,1486350219,
mcs90_m3D_s70.A09,mcs90_m3D_s70.B09,dal_rl,64,136,509043566,99.554,0,70,507148824,99.1206,314315498,314315498,0,203060789,
mcs90_m3D_s80.A00,mcs90_m3D_s80.B00,dal_rl,49,85,6709913718,1000.02,1,80,8355996,1.16244,4289624225,4289624225,0,2737944720,
mcs90_m3D_s80.A01,mcs90_m3D_s80.B01,dal_rl,52,76,6044897367,1000.02,1,80,552420245,84.575,3790147109,3790147109,0,2598015171,
mcs90_m3D_s80.A02,mcs90_m3D_s80.B02,dal_rl,54,85,5704521615,1000.01,1,80,977204365,164.949,3465853234,3465853234,0,2260893522,
mcs90_m3D_s80.A03,mcs90_m3D_s80.B03,dal_rl,52,76,6310373014,1000.02,1,80,12294,0.00194777,4027568845,4027568845,0,2729246320,
mcs90_m3D_s80.A04,mcs90_m3D_s80.B04,dal_rl,50,79,6347106481,1000.01,1,80,2567521649,382.55,4290150699,4290150699,0,3100916341,
mcs90_m3D_s80.A05,mcs90_m3D_s80.B05,dal_rl,49,74,6438390397,1000.01,1,80,50278010,7.61511,4081193634,4081193634,0,2853578489,
mcs90_m3D_s80.A06,mcs90_m3D_s80.B06,dal_rl,51,82,6721580992,1000,1,80,62576265,8.62768,4275896757,4275896757,0,2830005137,
mcs90_m3D_s80.A07,mcs90_m3D_s80.B07,dal_rl,54,76,5780487000,1000,1,80,439815205,73.9264,3672294993,3672294993,0,2592928631,
mcs90_m3D_s80.A08,mcs90_m3D_s80.B08,dal_rl,49,80,7012303417,1000.01,1,80,96020565,12.4667,4765115285,4765115285,0,3244378803,
mcs90_m3D_s80.A09,mcs90_m3D_s80.B09,dal_rl,52,84,6036853196,1000.01,1,80,152536455,24.7985,3927370296,3927370296,0,2699061433,
mcs90_m3Dr2_s10.A00,mcs90_m3Dr2_s10.B00,dal_rl,9,14,84,4.1012e-05,0,10,30,9.634e-06,56,56,0,27,
mcs90_m3Dr2_s10.A01,mcs90_m3Dr2_s10.B01,dal_rl,8,12,185,5.8709e-05,0,10,15,9.104e-06,134,134,0,92,
mcs90_m3Dr2_s10.A02,mcs90_m3Dr2_s10.B02,dal_rl,9,13,162,4.9996e-05,0,10,145,2.4256e-05,104,104,0,57,
mcs90_m3Dr2_s10.A03,mcs90_m3Dr2_s10.B03,dal_rl,9,15,233,6.3175e-05,0,10,210,3.5794e-05,151,151,0,84,
mcs90_m3Dr2_s10.A04,mcs90_m3Dr2_s10.B04,dal_rl,8,12,220,5.6435e-05,0,10,9,6.69e-06,149,149,0,100,
mcs90_m3Dr2_s10.A05,mcs90_m3Dr2_s10.B05,dal_rl,8,11,522,9.3411e-05,0,10,50,1.367e-05,347,347,0,218,
mcs90_m3Dr2_s10.A06,mcs90_m3Dr2_s10.B06,dal_rl,8,11,322,6.8292e-05,0,10,9,8.443e-06,208,208,0,99,
mcs90_m3Dr2_s10.A07,mcs90_m3Dr2_s10.B07,dal_rl,8,11,508,8.5519e-05,0,10,9,8.312e-06,312,312,0,150,
mcs90_m3Dr2_s10.A08,mcs90_m3Dr2_s10.B08,dal_rl,9,12,179,5.9069e-05,0,10,158,2.5719e-05,128,128,0,84,
mcs90_m3Dr2_s10.A09,mcs90_m3Dr2_s10.B09,dal_rl,8,12,356,8.637e-05,0,10,156,2.6721e-05,237,237,0,151,
mcs90_m3Dr2_s30.A00,mcs90_m3Dr2_s30.B00,dal_rl,27,52,361248,0.0573802,0,30,360403,0.0571882,224227,224227,0,148518,
mcs90_m3Dr2_s30.A01,mcs90_m3Dr2_s30.B01,dal_rl,28,55,134873,0.0203117,0,30,134760,0.0202437,84072,84072,0,54455,
mcs90_m3Dr2_s30.A02,mcs90_m3Dr2_s30.B02,dal_rl,27,56,1474228,0.228211,0,30,1469602,0.22739,894358,894358,0,623409,
mcs90_m3Dr2_s30.A03,mcs90_m3Dr2_s30.B03,dal_rl,27,53,132184,0.0195281,0,30,129389,0.0185829,82848,82848,0,57214,
mcs90_m3Dr2_s30.A04,mcs90_m3Dr2_s30.B04,dal_rl,27,54,837286,0.127131,0,30,836343,0.126924,512083,512083,0,347232,
mcs90_m3Dr2_s30.A05,mcs90_m3Dr2_s30.B05,dal_rl,27,53,150978,0.0255485,0,30,149663,0.0252592,95221,95221,0,66380,
mcs90_m3Dr2_s30.A06,mcs90_m3Dr2_s30.B06,dal_rl,27,52,688661,0.103774,0,30,688411,0.103679,428500,428500,0,299824,
mcs90_m3Dr2_s30.A07,mcs90_m3Dr2_s30.B07,dal_rl,27,57,2596673,0.382443,0,30,2593288,0.38179,1655546,1655546,0,1170592,
mcs90_m3Dr2_s30.A08,mcs90_m3Dr2_s30.B08,dal_rl,27,55,1554996,0.250566,0,30,1553519,0.250244,934246,934246,0,649763,
mcs90_m3Dr2_s30.A09,mcs90_m3Dr2_s30.B09,dal_rl,27,52,732147,0.109348,0,30,727900,0.108581,445794,445794,0,306292,
mcs90_m3Dr2_s70.A00,mcs90_m3Dr2_s70.B00,dal_rl,42,58,6615749451,1000.02,1,70,43983101,5.90561,4226673322,4226673322,0,2951522194,
mcs90_m3Dr2_s70.A01,mcs90_m3Dr2_s70.B01,dal_rl,42,63,6654439202,1000.02,1,70,3363894779,491.717,4362561826,4362561826,0,3097529924,
mcs90_m3Dr2_s70.A02,mcs90_m3Dr2_s70.B02,dal_rl,41,61,6720149088,1000.01,1,70,2169426623,315.207,4260068884,4260068884,0,2942122070,
mcs90_m3Dr2_s70.A03,mcs90_m3Dr2_s70.B03,dal_rl,43,63,6816071858,1000.02,1,70,1817491392,246.859,4342382061,4342382061,0,2810621369,
mcs90_m3Dr2_s70.A04,mcs90_m3Dr2_s70.B04,dal_rl,42,67,6615347510,1000.01,1,70,632824391,92.7711,4312404228,4312404228,0,2940936493,
mcs90_m3Dr2_s70.A05,mcs90_m3Dr2_s70.B05,dal_rl,42,67,6618649964,1000.02,1,70,222259273,32.7546,4264346426,4264346426,0,2924606926,
mcs90_m3Dr2_s70.A06,mcs90_m3Dr2_s70.B06,dal_rl,46,78,4670625293,1000.02,1,70,3662865547,781.708,2942304596,2942304596,0,2013132128,
mcs90_m3Dr2_s70.A07,mcs90_m3Dr2_s70.B07,dal_rl,43,71,6226406110,1000.02,1,70,186803264,27.9149,3972823644,3972823644,0,2795890737,
mcs90_m3Dr2_s70.A08,mcs90_m3Dr2_s70.B08,dal_rl,43,73,6339412468,1000.01,1,70,1789115355,272.851,4086852619,4086852619,0,2845212528,
mcs90_m3Dr2_s70.A09,mcs90_m3Dr2_s70.B09,dal_rl,42,68,6466144431,1000.02,1,70,92192573,13.5923,4154072362,4154072362,0,2860713073,
mcs90_m3Dr2_s80.A00,mcs90_m3Dr2_s80.B00,dal_rl,45,77,6500796828,1000.01,1,80,269520005,36.1048,4121829330,4121829330,0,2989023479,
mcs90_m3Dr2_s80.A01,mcs90_m3Dr2_s80.B01,dal_rl,49,74,5884461194,1000.01,1,80,3974743369,656.883,3897690267,3897690267,0,2672634555,
mcs90_m3Dr2_s80.A02,mcs90_m3Dr2_s80.B02,dal_rl,46,74,6306864888,1000.02,1,80,8362438,1.1593,4125996821,4125996821,0,2978091832,
mcs90_m3Dr2_s80.A03,mcs90_m3Dr2_s80.B03,dal_rl,46,67,6869494035,1000.02,1,80,1183770216,166,4468209291,4468209291,0,3361575554,
mcs90_m3Dr2_s80.A04,mcs90_m3Dr2_s80.B04,dal_rl,47,63,6366277328,1000.01,1,80,2461261849,372.089,4094577759,4094577759,0,3057098495,
mcs90_m3Dr2_s80.A05,mcs90_m3Dr2_s80.B05,dal_rl,47,70,6465708445,1000.02,1,80,1413961588,208.645,4211728936,4211728936,0,3125855155,
mcs90_m3Dr2_s80.A06,mcs90_m3Dr2_s80.B06,dal_rl,47,64,6730729045,1000.02,1,80,4330984852,634.057,4390446262,4390446262,0,3088462933,
mcs90_m3Dr2_s80.A07,mcs90_m3Dr2_s80.B07,dal_rl,48,78,6707968944,1000.02,1,80,2090939830,306.336,4450444405,4450444405,0,3265097632,
mcs90_m3Dr2_s80.A08,mcs90_m3Dr2_s80.B08,dal_rl,48,76,5968928566,1000.02,1,80,600342981,87.719,3640968407,3640968407,0,2445705427,
mcs90_m3Dr2_s80.A09,mcs90_m3Dr2_s80.B09,dal_rl,47,72,3444231456,1000.01,1,80,3393670492,985.351,2281672528,2281672528,0,1640212465,
mcs90_m3Dr4_s10.A00,mcs90_m3Dr4_s10.B00,dal_rl,8,14,207,6.1062e-05,0,10,112,2.1893e-05,138,138,0,90,
mcs90_m3Dr4_s10.A01,mcs90_m3Dr4_s10.B01,dal_rl,8,10,411,8.1923e-05,0,10,335,4.9164e-05,268,268,0,182,
mcs90_m3Dr4_s10.A02,mcs90_m3Dr4_s10.B02,dal_rl,8,13,236,6.1473e-05,0,10,56,1.3971e-05,165,165,0,120,
mcs90_m3Dr4_s10.A03,mcs90_m3Dr4_s10.B03,dal_rl,8,13,156,5.7196e-05,0,10,41,1.331e-05,110,110,0,72,
mcs90_m3Dr4_s10.A04,mcs90_m3Dr4_s10.B04,dal_rl,8,11,338,8.0752e-05,0,10,24,1.0596e-05,230,230,0,156,
mcs90_m3Dr4_s10.A05,mcs90_m3Dr4_s10.B05,dal_rl,8,13,242,6.8554e-05,0,10,29,1.1778e-05,159,159,0,95,
mcs90_m3Dr4_s10.A06,mcs90_m3Dr4_s10.B06,dal_rl,9,13,357,7.1318e-05,0,10,342,4.9524e-05,230,230,0,137,
mcs90_m3Dr4_s10.A07,mcs90_m3Dr4_s10.B07,dal_rl,8,13,305,7.0125e-05,0,10,150,2.7622e-05,208,208,0,157,
mcs90_m3Dr4_s10.A08,mcs90_m3Dr4_s10.B08,dal_rl,8,12,301,6.9355e-05,0,10,225,3.5844e-05,196,196,0,123,
mcs90_m3Dr4_s10.A09,mcs90_m3Dr4_s10.B09,dal_rl,8,12,362,7.0596e-05,0,10,161,2.7792e-05,240,240,0,147,
mcs90_m3Dr4_s30.A00,mcs90_m3Dr4_s30.B00,dal_rl,27,60,1179840,0.184586,0,30,1179301,0.184435,743812,743812,0,542426,
mcs90_m3Dr4_s30.A01,mcs90_m3Dr4_s30.B01,dal_rl,27,57,1159444,0.177357,0,30,1158156,0.177085,742178,742178,0,560657,
mcs90_m3Dr4_s30.A02,mcs90_m3Dr4_s30.B02,dal_rl,27,61,1689551,0.273349,0,30,1686432,0.272715,1056096,1056096,0,813738,
mcs90_m3Dr4_s30.A03,mcs90_m3Dr4_s30.B03,dal_rl,27,59,1276870,0.196773,0,30,1274473,0.196307,808043,808043,0,590287,
mcs90_m3Dr4_s30.A04,mcs90_m3Dr4_s30.B04,dal_rl,27,57,359949,0.0544425,0,30,359219,0.0542717,233825,233825,0,171902,
mcs90_m3Dr4_s30.A05,mcs90_m3Dr4_s30.B05,dal_rl,27,57,1370888,0.215657,0,30,1368302,0.215157,847530,847530,0,618841,
mcs90_m3Dr4_s30.A06,mcs90_m3Dr4_s30.B06,dal_rl,27,56,3132783,0.483634,0,30,3131169,0.483298,1887032,1887032,0,1364995,
mcs90_m3Dr4_s30.A07,mcs90_m3Dr4_s30.B07,dal_rl,27,61,2272243,0.344971,0,30,2271131,0.344713,1425951,1425951,0,1057178,
mcs90_m3Dr4_s30.A08,mcs90_m3Dr4_s30.B08,dal_rl,27,58,1396117,0.208961,0,30,1394819,0.208679,891703,891703,0,668405,
mcs90_m3Dr4_s30.A09,mcs90_m3Dr4_s30.B09,dal_rl,27,62,1259847,0.190516,0,30,1259131,0.190342,799748,799748,0,595751,
mcs90_m3Dr4_s70.A00,mcs90_m3Dr4_s70.B00,dal_rl,39,56,6152189212,1000.02,1,70,362307832,56.0417,3790864975,3790864975,0,2798259602,
mcs90_m3Dr4_s70.A01,mcs90_m3Dr4_s70.B01,dal_rl,42,67,5336146388,1000.01,1,70,319708034,55.0354,3497546883,3497546883,0,2490954962,
mcs90_m3Dr4_s70.A02,mcs90_m3Dr4_s70.B02,dal_rl,40,60,6238633608,1000.01,1,70,115098488,17.1587,3938402720,3938402720,0,2815154949,
mcs90_m3Dr4_s70.A03,mcs90_m3Dr4_s70.B03,dal_rl,41,64,6482207135,1000.01,1,70,1474298330,213.591,4272964064,4272964064,0,3112622487,
mcs90_m3Dr4_s70.A04,mcs90_m3Dr4_s70.B04,dal_rl,41,64,5797835755,1000.02,1,70,1275772159,214.973,3637206211,3637206211,0,2649397715,
mcs90_m3Dr4_s70.A05,mcs90_m3Dr4_s70.B05,dal_rl,40,72,6291161231,1000.02,1,70,735252264,114.242,4097048247,4097048247,0,2909290452,
mcs90_m3Dr4_s70.A06,mcs90_m3Dr4_s70.B06,dal_rl,41,71,6617754338,1000.01,1,70,6348350,0.855253,4288567778,4288567778,0,3115087211,
mcs90_m3Dr4_s70.A07,mcs90_m3Dr4_s70.B07,dal_rl,40,63,6432542667,1000.02,1,70,5443374332,838.129,4006011030,4006011030,0,2945133052,
mcs90_m3Dr4_s70.A08,mcs90_m3Dr4_s70.B08,dal_rl,41,67,6213266088,1000.02,1,70,1879607481,300.57,3890959996,3890959996,0,2638149454,
mcs90_m3Dr4_s70.A09,mcs90_m3Dr4_s70.B09,dal_rl,42,72,6642889095,1000.02,1,70,3982786128,587.673,4340999719,4340999719,0,3053324312,
mcs90_m3Dr4_s80.A00,mcs90_m3Dr4_s80.B00,dal_rl,45,69,6406773088,1000.02,1,80,528442886,79.8302,4103497607,4103497607,0,2893747896,
mcs90_m3Dr4_s80.A01,mcs90_m3Dr4_s80.B01,dal_rl,45,66,6147059175,1000.02,1,80,223878046,35.4635,3698230693,3698230693,0,2646006234,
mcs90_m3Dr4_s80.A02,mcs90_m3Dr4_s80.B02,dal_rl,45,73,6380069617,1000.02,1,80,449975,0.0598623,4005143343,4005143343,0,2924911789,
mcs90_m3Dr4_s80.A03,mcs90_m3Dr4_s80.B03,dal_rl,44,66,6431550784,1000.01,1,80,436462532,65.8375,4154950354,4154950354,0,3060147608,
mcs90_m3Dr4_s80.A04,mcs90_m3Dr4_s80.B04,dal_rl,46,71,6617566160,1000.01,1,80,36077878,4.9891,4478359597,4478359597,0,3199639614,
mcs90_m3Dr4_s80.A05,mcs90_m3Dr4_s80.B05,dal_rl,45,64,6462843164,1000.01,1,80,78912968,11.4325,4202055629,4202055629,0,3043494947,
mcs90_m3Dr4_s80.A06,mcs90_m3Dr4_s80.B06,dal_rl,44,62,6201292892,1000.02,1,80,69341157,10.3028,4011792375,4011792375,0,2997012912,
mcs90_m3Dr4_s80.A07,mcs90_m3Dr4_s80.B07,dal_rl,46,71,6242891066,1000.02,1,80,2222556511,353.033,3900944614,3900944614,0,2866302791,
mcs90_m3Dr4_s80.A08,mcs90_m3Dr4_s80.B08,dal_rl,46,78,6209633650,1000.02,1,80,2324429625,368.724,4047789234,4047789234,0,2976176383,
mcs90_m3Dr4_s80.A09,mcs90_m3Dr4_s80.B09,dal_rl,47,83,6413260263,1000.02,1,80,2556650759,388.14,4247023515,4247023515,0,3185498144,
mcs90_m3Dr6_s10.A00,mcs90_m3Dr6_s10.B00,dal_rl,8,11,167,5.4242e-05,0,10,146,2.9364e-05,113,113,0,74,
mcs90_m3Dr6_s10.A01,mcs90_m3Dr6_s10.B01,dal_rl,8,14,158,4.8853e-05,0,10,89,1.7707e-05,108,108,0,54,
mcs90_m3Dr6_s10.A02,mcs90_m3Dr6_s10.B02,dal_rl,8,12,328,9.1547e-05,0,10,223,4.0551e-05,221,221,0,155,
mcs90_m3Dr6_s10.A03,mcs90_m3Dr6_s10.B03,dal_rl,8,13,216,7.1548e-05,0,10,72,1.7526e-05,144,144,0,92,
mcs90_m3Dr6_s10.A04,mcs90_m3Dr6_s10.B04,dal_rl,8,13,345,0.000118769,0,10,310,7.3291e-05,229,229,0,158,
mcs90_m3Dr6_s10.A05,mcs90_m3Dr6_s10.B05,dal_rl,8,10,313,8.5659e-05,0,10,169,3.301e-05,207,207,0,134,
mcs90_m3Dr6_s10.A06,mcs90_m3Dr6_s10.B06,dal_rl,8,14,165,5.1478e-05,0,10,20,8.112e-06,115,115,0,83,
mcs90_m3Dr6_s10.A07,mcs90_m3Dr6_s10.B07,dal_rl,8,12,539,9.6155e-05,0,10,503,7.0396e-05,337,337,0,232,
mcs90_m3Dr6_s10.A08,mcs90_m3Dr6_s10.B08,dal_rl,8,13,324,7.1167e-05,0,10,85,1.6725e-05,220,220,0,144,
mcs90_m3Dr6_s10.A09,mcs90_m3Dr6_s10.B09,dal_rl,9,16,182,5.4753e-05,0,10,163,2.8753e-05,112,112,0,61,
mcs90_m3Dr6_s30.A00,mcs90_m3Dr6_s30.B00,dal_rl,27,61,3731894,0.584991,0,30,3731569,0.584884,2374422,2374422,0,1796895,
mcs90_m3Dr6_s30.A01,mcs90_m3Dr6_s30.B01,dal_rl,27,60,1174877,0.185005,0,30,1174169,0.184809,745837,745837,0,554663,
mcs90_m3Dr6_s30.A02,mcs90_m3Dr6_s30.B02,dal_rl,27,61,928882,0.159869,0,30,927044,0.159467,583031,583031,0,448907,
mcs90_m3Dr6_s30.A03,mcs90_m3Dr6_s30.B03,dal_rl,27,60,3729768,0.641481,0,30,3727499,0.641003,2390259,2390259,0,1869045,
mcs90_m3Dr6_s30.A04,mcs90_m3Dr6_s30.B04,dal_rl,27,61,782601,0.128678,0,30,782294,0.12857,499953,499953,0,379708,
mcs90_m3Dr6_s30.A05,mcs90_m3Dr6_s30.B05,dal_rl,27,64,1586304,0.359666,0,30,1584537,0.358962,1019365,1019365,0,768495,
mcs90_m3Dr6_s30.A06,mcs90_m3Dr6_s30.B06,dal_rl,27,63,933609,0.144328,0,30,932649,0.144085,592445,592445,0,428015,
mcs90_m3Dr6_s30.A07,mcs90_m3Dr6_s30.B07,dal_rl,27,61,1077946,0.208314,0,30,1076788,0.208019,672068,672068,0,493030,
mcs90_m3Dr6_s30.A08,mcs90_m3Dr6_s30.B08,dal_rl,27,64,1819608,0.349362,0,30,1818500,0.349046,1169069,1169069,0,888534,
mcs90_m3Dr6_s30.A09,mcs90_m3Dr6_s30.B09,dal_rl,27,63,8553891,1.42927,0,30,8552369,1.42894,5312921,5312921,0,4141051,
mcs90_m3Dr6_s70.A00,mcs90_m3Dr6_s70.B00,dal_rl,38,65,6015730246,1000.02,1,70,113384431,17.7513,3711106758,3711106758,0,2645178941,
mcs90_m3Dr6_s70.A01,mcs90_m3Dr6_s70.B01,dal_rl,40,68,6460626952,1000.01,1,70,828052438,124.597,4175700220,4175700220,0,2973766109,
mcs90_m3Dr6_s70.A02,mcs90_m3Dr6_s70.B02,dal_rl,39,58,6512954879,1000.01,1,70,3960178926,592.472,4227601613,4227601613,0,3066667220,
mcs90_m3Dr6_s70.A03,mcs90_m3Dr6_s70.B03,dal_rl,64,166,2546546321,474.636,0,70,2546088969,474.526,1682292457,1682292457,0,1298508875,
mcs90_m3Dr6_s70.A04,mcs90_m3Dr6_s70.B04,dal_rl,40,59,6566498903,1000.02,1,70,939883453,141.481,4275053923,4275053923,0,3078858875,
mcs90_m3Dr6_s70.A05,mcs90_m3Dr6_s70.B05,dal_rl,39,63,5196695116,1000.02,1,70,222461457,42.6325,3429712085,3429712085,0,2496563256,
mcs90_m3Dr6_s70.A06,mcs90_m3Dr6_s70.B06,dal_rl,39,66,6431239757,1000.02,1,70,345484554,55.3499,4155149631,4155149631,0,3019350540,
mcs90_m3Dr6_s70.A07,mcs90_m3Dr6_s70.B07,dal_rl,39,56,6650193739,1000.02,1,70,3880419234,571.16,4224805269,4224805269,0,3040673748,
mcs90_m3Dr6_s70.A08,mcs90_m3Dr6_s70.B08,dal_rl,41,63,6015911942,1000.01,1,70,5150941270,852.517,3963077289,3963077289,0,3083657099,
mcs90_m3Dr6_s70.A09,mcs90_m3Dr6_s70.B09,dal_rl,39,72,6456716643,1000.02,1,70,53356303,8.06194,4153557363,4153557363,0,3017919223,
mcs90_m3Dr6_s80.A00,mcs90_m3Dr6_s80.B00,dal_rl,44,81,6041964186,1000.02,1,80,206955153,32.391,3971654077,3971654077,0,2998911174,
mcs90_m3Dr6_s80.A01,mcs90_m3Dr6_s80.B01,dal_rl,43,67,5696731385,1000.02,1,80,11857103,1.93844,3670971904,3670971904,0,2657385073,
mcs90_m3Dr6_s80.A02,mcs90_m3Dr6_s80.B02,dal_rl,43,71,3250255334,1000.02,1,80,101799331,31.664,2074950989,2074950989,0,1505091609,
mcs90_m3Dr6_s80.A03,mcs90_m3Dr6_s80.B03,dal_rl,43,71,3107990841,1000.02,1,80,730937447,222.704,1970813803,1970813803,0,1440558706,
mcs90_m3Dr6_s80.A04,mcs90_m3Dr6_s80.B04,dal_rl,45,87,6668960727,1000,1,80,3506504436,515.899,4301727953,4301727953,0,3122089794,
mcs90_m3Dr6_s80.A05,mcs90_m3Dr6_s80.B05,dal_rl,44,61,6494683940,1000.02,1,80,608223573,88.9486,4171263480,4171263480,0,3070954905,
mcs90_m3Dr6_s80.A06,mcs90_m3Dr6_s80.B06,dal_rl,43,56,6505669364,1000.02,1,80,523804226,80.672,4246852787,4246852787,0,3090466864,
mcs90_m3Dr6_s80.A07,mcs90_m3Dr6_s80.B07,dal_rl,43,72,6087805995,1000.02,1,80,471906513,75.4343,3739861619,3739861619,0,2795384280,
mcs90_m3Dr6_s80.A08,mcs90_m3Dr6_s80.B08,dal_rl,42,69,6537012877,1000.01,1,80,355932610,52.5287,4277575343,4277575343,0,3168439365,
mcs90_m3Dr6_s80.A09,mcs90_m3Dr6_s80.B09,dal_rl,45,77,5929860471,1000.02,1,80,71655225,10.1016,3869156522,3869156522,0,2703810006,
mcs90_m4D_s100.A00,mcs90_m4D_s100.B00,dal_rl,51,69,7074157173,1000.01,1,100,3408505932,474.468,5095326841,5095326841,0,3116512586,
mcs90_m4D_s100.A01,mcs90_m4D_s100.B01,dal_rl,81,151,5940619890,1000.03,1,100,955984315,152.764,3709247365,3709247365,0,2086351097,
mcs90_m4D_s100.A02,mcs90_m4D_s100.B02,dal_rl,46,69,12070327613,1000.02,1,100,1274,0.000250337,10631588097,10631588097,0,9863408309,
mcs90_m4D_s100.A03,mcs90_m4D_s100.B03,dal_rl,61,103,10579004025,1000.02,1,100,10375624083,982.067,8699454040,8699454040,0,7029736940,
mcs90_m4D_s100.A04,mcs90_m4D_s100.B04,dal_rl,68,121,8085313660,1000.02,1,100,6402566540,779.166,5732390810,5732390810,0,3715342372,
mcs90_m4D_s100.A05,mcs90_m4D_s100.B05,dal_rl,71,124,7344831713,1000.02,1,100,6114614627,826.069,5051159770,5051159770,0,2969972655,
mcs90_m4D_s100.A06,mcs90_m4D_s100.B06,dal_rl,71,135,3656261902,1000.01,1,100,396531213,102.232,2491034185,2491034185,0,1630751077,
mcs90_m4D_s100.A07,mcs90_m4D_s100.B07,dal_rl,41,70,8575740126,1000.02,1,100,117,5.5654e-05,7320807112,7320807112,0,6547248874,
mcs90_m4D_s100.A08,mcs90_m4D_s100.B08,dal_rl,66,117,6572696896,1000.02,1,100,3539987041,497.032,4751312077,4751312077,0,3148119116,
mcs90_m4D_s100.A09,mcs90_m4D_s100.B09,dal_rl,71,127,7714062541,1000.01,1,100,221902794,27.4273,4610832053,4610832053,0,2201646980,
mcs90_m4D_s20.A00,mcs90_m4D_s20.B00,dal_rl,16,25,11375,0.00129325,0,20,111,2.5168e-05,7283,7283,0,4414,
mcs90_m4D_s20.A01,mcs90_m4D_s20.B01,dal_rl,17,29,8793,0.000940303,0,20,7078,0.000697218,5732,5732,0,3362,
mcs90_m4D_s20.A02,mcs90_m4D_s20.B02,dal_rl,17,30,2080,0.000320291,0,20,56,1.9859e-05,1291,1291,0,740,
mcs90_m4D_s20.A03,mcs90_m4D_s20.B03,dal_rl,17,25,3131,0.000403498,0,20,2165,0.000250708,2025,2025,0,1160,
mcs90_m4D_s20.A04,mcs90_m4D_s20.B04,dal_rl,17,25,5867,0.000721146,0,20,3729,0.000416808,3912,3912,0,2441,
mcs90_m4D_s20.A05,mcs90_m4D_s20.B05,dal_rl,17,31,4518,0.000576609,0,20,4030,0.000471841,2990,2990,0,1814,
mcs90_m4D_s20.A06,mcs90_m4D_s20.B06,dal_rl,17,25,8433,0.00118052,0,20,7933,0.00106804,5528,5528,0,3478,
mcs90_m4D_s20.A07,mcs90_m4D_s20.B07,dal_rl,17,26,5025,0.000682437,0,20,3719,0.000474144,3224,3224,0,1879,
mcs90_m4D_s20.A08,mcs90_m4D_s20.B08,dal_rl,17,26,13629,0.00144921,0,20,12524,0.00128324,8978,8978,0,5281,
mcs90_m4D_s20.A09,mcs90_m4D_s20.B09,dal_rl,18,30,1555,0.000236897,0,20,1402,0.000178569,1014,1014,0,595,
mcs90_m4D_s90.A00,mcs90_m4D_s90.B00,dal_rl,77,159,6311497695,1000.02,1,90,3128516685,463.384,3918560643,3918560643,0,2009423938,
mcs90_m4D_s90.A01,mcs90_m4D_s90.B01,dal_rl,38,50,8798768710,1000.02,1,90,1444146813,156.32,6201299703,6201299703,0,4217983452,
mcs90_m4D_s90.A02,mcs90_m4D_s90.B02,dal_rl,70,136,6774083502,1000.02,1,90,6203086593,917.272,4326450377,4326450377,0,2721346957,
mcs90_m4D_s90.A03,mcs90_m4D_s90.B03,dal_rl,69,145,6366158421,1000.01,1,90,877765057,131.143,4170205052,4170205052,0,2553126027,
mcs90_m4D_s90.A04,mcs90_m4D_s90.B04,dal_rl,81,127,1779607103,278.433,0,90,1703816288,263.546,1109269292,1109269292,0,590357408,
mcs90_m4D_s90.A05,mcs90_m4D_s90.B05,dal_rl,68,128,7958958844,1000.02,1,90,6464964973,811.272,5288359488,5288359488,0,3080331107,
mcs90_m4D_s90.A06,mcs90_m4D_s90.B06,dal_rl,82,129,421288719,78.7756,0,90,419675092,78.442,282245887,282245887,0,175486603,
mcs90_m4D_s90.A07,mcs90_m4D_s90.B07,dal_rl,70,127,7248925466,1000.02,1,90,571424241,69.1838,4431919806,4431919806,0,2264982713,
mcs90_m4D_s90.A08,mcs90_m4D_s90.B08,dal_rl,67,124,5522474480,1000.01,1,90,3090161291,568.613,3856123937,3856123937,0,2608371366,
mcs90_m4D_s90.A09,mcs90_m4D_s90.B09,dal_rl,72,131,5288037545,1000.01,1,90,2131363228,385.978,3649051129,3649051129,0,2337246891,
mcs90_m4Dr2_s100.A00,mcs90_m4Dr2_s100.B00,dal_rl,66,124,6120458560,1000.02,1,100,5912842015,965.002,4480119533,4480119533,0,3179340103,
mcs90_m4Dr2_s100.A01,mcs90_m4Dr2_s100.B01,dal_rl,43,68,7715416529,1000.02,1,100,2171970561,215.665,6239949629,6239949629,0,4993476683,
mcs90_m4Dr2_s100.A02,mcs90_m4Dr2_s100.B02,dal_rl,63,104,6772171941,1000.01,1,100,5445854955,788.386,4917273751,4917273751,0,3403391751,
mcs90_m4Dr2_s100.A03,mcs90_m4Dr2_s100.B03,dal_rl,62,114,7189232365,1000.02,1,100,70431543,8.17137,5415092543,5415092543,0,3997345588,
mcs90_m4Dr2_s100.A04,mcs90_m4Dr2_s100.B04,dal_rl,67,123,6743024334,1000.02,1,100,2812738860,400.469,4714334750,4714334750,0,2994547668,
mcs90_m4Dr2_s100.A05,mcs90_m4Dr2_s100.B05,dal_rl,67,118,6637814471,1000.01,1,100,426999916,56.7315,4565466290,4565466290,0,3116730289,
mcs90_m4Dr2_s100.A06,mcs90_m4Dr2_s100.B06,dal_rl,38,44,18569594082,1000.01,1,100,13869159433,708.009,14861117550,14861117550,0,11154852204,
mcs90_m4Dr2_s100.A07,mcs90_m4Dr2_s100.B07,dal_rl,67,122,6579656406,1000.02,1,100,8452405,1.23104,4769053298,4769053298,0,3406460659,
mcs90_m4Dr2_s100.A08,mcs90_m4Dr2_s100.B08,dal_rl,66,124,7434317728,1000.01,1,100,5460274145,711.761,5299493112,5299493112,0,3610939350,
mcs90_m4Dr2_s100.A09,mcs90_m4Dr2_s100.B09,dal_rl,64,116,7182526587,1000.01,1,100,122787144,15.0208,5389566587,5389566587,0,4006981283,
mcs90_m4Dr2_s20.A00,mcs90_m4Dr2_s20.B00,dal_rl,16,29,10302,0.0014097,0,20,8316,0.00107879,6691,6691,0,4924,
mcs90_m4Dr2_s20.A01,mcs90_m4Dr2_s20.B01,dal_rl,16,27,10613,0.00137671,0,20,7410,0.000932314,6667,6667,0,4439,
mcs90_m4Dr2_s20.A02,mcs90_m4Dr2_s20.B02,dal_rl,17,27,13396,0.0016172,0,20,12548,0.00145421,9790,9790,0,7859,
mcs90_m4Dr2_s20.A03,mcs90_m4Dr2_s20.B03,dal_rl,17,27,7708,0.00106031,0,20,7563,0.00100697,5087,5087,0,3652,
mcs90_m4Dr2_s20.A04,mcs90_m4Dr2_s20.B04,dal_rl,16,29,8067,0.00114248,0,20,4557,0.000614776,5226,5226,0,3613,
mcs90_m4Dr2_s20.A05,mcs90_m4Dr2_s20.B05,dal_rl,16,26,24081,0.00276144,0,20,20442,0.00221192,16058,16058,0,10739,
mcs90_m4Dr2_s20.A06,mcs90_m4Dr2_s20.B06,dal_rl,16,26,15432,0.00207823,0,20,13114,0.00170644,9986,9986,0,7231,
mcs90_m4Dr2_s20.A07,mcs90_m4Dr2_s20.B07,dal_rl,17,30,2538,0.000538744,0,20,1541,0.000295607,1694,1694,0,1187,
mcs90_m4Dr2_s20.A08,mcs90_m4Dr2_s20.B08,dal_rl,16,27,7506,0.0013568,0,20,4594,0.000768161,5150,5150,0,3770,
mcs90_m4Dr2_s20.A09,mcs90_m4Dr2_s20.B09,dal_rl,16,27,12730,0.00177618,0,20,10543,0.00141515,8682,8682,0,6449,
mcs90_m4Dr2_s90.A00,mcs90_m4Dr2_s90.B00,dal_rl,58,117,7238055178,1000.02,1,90,174871367,21.3125,5272062620,5272062620,0,3711317113,
mcs90_m4Dr2_s90.A01,mcs90_m4Dr2_s90.B01,dal_rl,59,110,7310944534,1000.02,1,90,249405694,28.6978,4907123099,4907123099,0,3144322852,
mcs90_m4Dr2_s90.A02,mcs90_m4Dr2_s90.B02,dal_rl,37,51,10940023260,1000.02,1,90,910,0.000206933,9474937131,9474937131,0,8626628306,
mcs90_m4Dr2_s90.A03,mcs90_m4Dr2_s90.B03,dal_rl,63,127,7266737873,1000.02,1,90,1863164556,249.304,5177003338,5177003338,0,3699349543,
mcs90_m4Dr2_s90.A04,mcs90_m4Dr2_s90.B04,dal_rl,57,110,7648106893,1000.02,1,90,2431479455,312.514,5225048704,5225048704,0,3376061955,
mcs90_m4Dr2_s90.A05,mcs90_m4Dr2_s90.B05,dal_rl,36,45,7309332650,1000.02,1,90,1014276,0.132309,5769674503,5769674503,0,4550018418,
mcs90_m4Dr2_s90.A06,mcs90_m4Dr2_s90.B06,dal_rl,40,52,5576419699,1000.01,1,90,485391549,74.1384,4081504647,4081504647,0,2907171961,
mcs90_m4Dr2_s90.A07,mcs90_m4Dr2_s90.B07,dal_rl,61,119,5700455754,1000.02,1,90,1340225837,216.232,3823491623,3823491623,0,2516997721,
mcs90_m4Dr2_s90.A08,mcs90_m4Dr2_s90.B08,dal_rl,57,96,7671200778,1000.01,1,90,3016589046,404.006,5766590775,5766590775,0,4017195937,
mcs90_m4Dr2_s90.A09,mcs90_m4Dr2_s90.B09,dal_rl,60,118,7043795380,1000.02,1,90,5498214377,769.832,4731854409,4731854409,0,2892306021,
mcs90_m4Dr4_s100.A00,mcs90_m4Dr4_s100.B00,dal_rl,58,105,6726214199,1000.01,1,100,5339799093,786.407,4773429697,4773429697,0,3561596273,
mcs90_m4Dr4_s100.A01,mcs90_m4Dr4_s100.B01,dal_rl,63,110,6991343084,1000.01,1,100,307836080,41.4581,4660103906,4660103906,0,2815401861,
mcs90_m4Dr4_s100.A02,mcs90_m4Dr4_s100.B02,dal_rl,54,96,11960218185,1000,1,100,2562747652,189.444,8707286129,8707286129,0,5927306013,
mcs90_m4Dr4_s100.A03,mcs90_m4Dr4_s100.B03,dal_rl,62,118,7070973368,1000.02,1,100,421395736,50.5128,5252399949,5252399949,0,3870405910,
mcs90_m4Dr4_s100.A04,mcs90_m4Dr4_s100.B04,dal_rl,61,114,6668236145,1000.01,1,100,4881358013,717.827,4893631777,4893631777,0,3575798694,
mcs90_m4Dr4_s100.A05,mcs90_m4Dr4_s100.B05,dal_rl,43,53,13124693038,1000.02,1,100,257,7.7066e-05,11583277077,11583277077,0,10409562535,
mcs90_m4Dr4_s100.A06,mcs90_m4Dr4_s100.B06,dal_rl,43,54,7216968429,1000.01,1,100,79106808,9.59164,5258993612,5258993612,0,3819881891,
mcs90_m4Dr4_s100.A07,mcs90_m4Dr4_s100.B07,dal_rl,60,104,5687256788,1000.01,1,100,138292271,23.789,3967301208,3967301208,0,2835962001,
mcs90_m4Dr4_s100.A08,mcs90_m4Dr4_s100.B08,dal_rl,58,110,8097779294,1000.02,1,100,4961072032,595.195,5611820350,5611820350,0,4112102602,
mcs90_m4Dr4_s100.A09,mcs90_m4Dr4_s100.B09,dal_rl,63,123,7890903111,1000.02,1,100,3121421511,349.808,5930642376,5930642376,0,4239779508,
mcs90_m4Dr4_s20.A00,mcs90_m4Dr4_s20.B00,dal_rl,16,30,20958,0.0029181,0,20,15080,0.00197001,13208,13208,0,8573,
mcs90_m4Dr4_s20.A01,mcs90_m4Dr4_s20.B01,dal_rl,17,34,6863,0.000969988,0,20,6207,0.000831509,4531,4531,0,3303,
mcs90_m4Dr4_s20.A02,mcs90_m4Dr4_s20.B02,dal_rl,16,29,10738,0.00157736,0,20,7580,0.00106136,6776,6776,0,4939,
mcs90_m4Dr4_s20.A03,mcs90_m4Dr4_s20.B03,dal_rl,16,25,47331,0.00633286,0,20,46007,0.00598907,31655,31655,0,23950,
mcs90_m4Dr4_s20.A04,mcs90_m4Dr4_s20.B04,dal_rl,17,33,19948,0.0029478,0,20,19258,0.00279973,12881,12881,0,10167,
mcs90_m4Dr4_s20.A05,mcs90_m4Dr4_s20.B05,dal_rl,16,32,20891,0.00281015,0,20,18709,0.00243887,14000,14000,0,10421,
mcs90_m4Dr4_s20.A06,mcs90_m4Dr4_s20.B06,dal_rl,16,25,53587,0.0136062,0,20,52541,0.0132206,36590,36590,0,26824,
mcs90_m4Dr4_s20.A07,mcs90_m4Dr4_s20.B07,dal_rl,16,32,22768,0.00340482,0,20,19679,0.00289025,14647,14647,0,10558,
mcs90_m4Dr4_s20.A08,mcs90_m4Dr4_s20.B08,dal_rl,17,32,73014,0.00917428,0,20,72799,0.00910335,50095,50095,0,38394,
mcs90_m4Dr4_s20.A09,mcs90_m4Dr4_s20.B09,dal_rl,17,34,15090,0.00203014,0,20,14769,0.00193453,10390,10390,0,7737,
mcs90_m4Dr4_s90.A00,mcs90_m4Dr4_s90.B00,dal_rl,56,98,6872717618,1000.01,1,90,119429014,15.715,4938513322,4938513322,0,3453120727,
mcs90_m4Dr4_s90.A01,mcs90_m4Dr4_s90.B01,dal_rl,55,107,6510008067,1000,1,90,212134611,20.7176,4755130291,4755130291,0,3581803757,
mcs90_m4Dr4_s90.A02,mcs90_m4Dr4_s90.B02,dal_rl,56,108,8195171608,1000.02,1,90,5154369251,565.618,5889006339,5889006339,0,4307167141,
mcs90_m4Dr4_s90.A03,mcs90_m4Dr4_s90.B03,dal_rl,57,126,7029058935,1000.02,1,90,4719904,0.563678,4914498992,4914498992,0,3431141072,
mcs90_m4Dr4_s90.A04,mcs90_m4Dr4_s90.B04,dal_rl,62,125,5828910809,1000.02,1,90,2760520562,429.386,3977044648,3977044648,0,2831779710,
mcs90_m4Dr4_s90.A05,mcs90_m4Dr4_s90.B05,dal_rl,58,125,6695975709,1000.01,1,90,93827314,12.0136,4689752455,4689752455,0,3351116735,
mcs90_m4Dr4_s90.A06,mcs90_m4Dr4_s90.B06,dal_rl,57,100,6280166232,1000.01,1,90,15132231,2.31779,4429748776,4429748776,0,3128509635,
mcs90_m4Dr4_s90.A07,mcs90_m4Dr4_s90.B07,dal_rl,56,102,5859204886,1000.02,1,90,3597537812,606.363,3808496903,3808496903,0,2683282122,
mcs90_m4Dr4_s90.A08,mcs90_m4Dr4_s90.B08,dal_rl,36,55,7366000368,1000.01,1,90,1687,0.00037684,6073000025,6073000025,0,5100048766,
mcs90_m4Dr4_s90.A09,mcs90_m4Dr4_s90.B09,dal_rl,38,51,7174163452,1000.01,1,90,561766205,68.6057,5046433823,5046433823,0,3441549697,
mcs90_m4Dr6_s100.A00,mcs90_m4Dr6_s100.B00,dal_rl,41,64,7062214759,1000.02,1,100,182686025,24.0766,5152283893,5152283893,0,3679655788,
mcs90_m4Dr6_s100.A01,mcs90_m4Dr6_s100.B01,dal_rl,60,117,3889512762,1000.02,1,100,373140054,35.194,2677956366,2677956366,0,1886027885,
mcs90_m4Dr6_s100.A02,mcs90_m4Dr6_s100.B02,dal_rl,61,114,6774003183,1000.02,1,100,4127100629,584.712,4903400305,4903400305,0,3636467854,
mcs90_m4Dr6_s100.A03,mcs90_m4Dr6_s100.B03,dal_rl,48,86,7232900227,1000.01,1,100,5125,0.000991442,5721513747,5721513747,0,4241267123,
mcs90_m4Dr6_s100.A04,mcs90_m4Dr6_s100.B04,dal_rl,48,75,6246270783,1000.02,1,100,1928066295,292.738,4865942389,4865942389,0,3541820178,
mcs90_m4Dr6_s100.A05,mcs90_m4Dr6_s100.B05,dal_rl,61,135,6888460579,1000.01,1,100,6301481542,908.228,4703118981,4703118981,0,3351320709,
mcs90_m4Dr6_s100.A06,mcs90_m4Dr6_s100.B06,dal_rl,56,101,7708074370,1000.01,1,100,6378780614,833.515,5438803432,5438803432,0,3778393942,
mcs90_m4Dr6_s100.A07,mcs90_m4Dr6_s100.B07,dal_rl,61,113,7030700501,1000.02,1,100,5306777438,721.08,5167964698,5167964698,0,4003829377,
mcs90_m4Dr6_s100.A08,mcs90_m4Dr6_s100.B08,dal_rl,44,72,13263517959,1000.01,1,100,381737296,23.0475,11468915105,11468915105,0,10220746058,
mcs90_m4Dr6_s100.A09,mcs90_m4Dr6_s100.B09,dal_rl,38,51,16302795522,1000.02,1,100,2155707134,109.749,13752657623,13752657623,0,11299003086,
mcs90_m4Dr6_s20.A00,mcs90_m4Dr6_s20.B00,dal_rl,17,31,2889,0.000548429,0,20,2372,0.000399354,1863,1863,0,1371,
mcs90_m4Dr6_s20.A01,mcs90_m4Dr6_s20.B01,dal_rl,16,21,35828,0.0049168,0,20,34576,0.00470055,23248,23248,0,16305,
mcs90_m4Dr6_s20.A02,mcs90_m4Dr6_s20.B02,dal_rl,16,26,35128,0.00496431,0,20,34707,0.00485262,23596,23596,0,18626,
mcs90_m4Dr6_s20.A03,mcs90_m4Dr6_s20.B03,dal_rl,16,28,42660,0.00635663,0,20,42304,0.00625859,29136,29136,0,23183,
mcs90_m4Dr6_s20.A04,mcs90_m4Dr6_s20.B04,dal_rl,17,27,40778,0.00553912,0,20,40659,0.00548964,27742,27742,0,20861,
mcs90_m4Dr6_s20.A05,mcs90_m4Dr6_s20.B05,dal_rl,16,35,13987,0.00213752,0,20,12153,0.0018062,9185,9185,0,6890,
mcs90_m4Dr6_s20.A06,mcs90_m4Dr6_s20.B06,dal_rl,16,29,29469,0.00435674,0,20,26961,0.00391651,18700,18700,0,14252,
mcs90_m4Dr6_s20.A07,mcs90_m4Dr6_s20.B07,dal_rl,16,28,3400,0.000620333,0,20,963,0.000156455,2334,2334,0,1853,
mcs90_m4Dr6_s20.A08,mcs90_m4Dr6_s20.B08,dal_rl,16,34,45048,0.00703137,0,20,44009,0.00682333,29267,29267,0,22888,
mcs90_m4Dr6_s20.A09,mcs90_m4Dr6_s20.B09,dal_rl,16,30,8863,0.00131682,0,20,6078,0.000840937,5932,5932,0,4364,
mcs90_m4Dr6_s90.A00,mcs90_m4Dr6_s90.B00,dal_rl,53,113,5508893584,1000.01,1,90,1128852259,198.863,3845115394,3845115394,0,2817499135,
mcs90_m4Dr6_s90.A01,mcs90_m4Dr6_s90.B01,dal_rl,54,102,6310641398,1000.01,1,90,183334075,29.4432,4122454354,4122454354,0,2663946194,
mcs90_m4Dr6_s90.A02,mcs90_m4Dr6_s90.B02,dal_rl,38,62,4862684169,1000.01,1,90,89165290,21.014,4049032927,4049032927,0,3310017743,
mcs90_m4Dr6_s90.A03,mcs90_m4Dr6_s90.B03,dal_rl,38,64,8572007811,1000.02,1,90,145104,0.0241957,6157032770,6157032770,0,4216557781,
mcs90_m4Dr6_s90.A04,mcs90_m4Dr6_s90.B04,dal_rl,54,114,7320597567,1000.02,1,90,5918036235,804.385,5083695511,5083695511,0,3429795336,
mcs90_m4Dr6_s90.A05,mcs90_m4Dr6_s90.B05,dal_rl,37,57,6725686531,1000.02,1,90,620987644,60.5695,5393155771,5393155771,0,4372892417,
mcs90_m4Dr6_s90.A06,mcs90_m4Dr6_s90.B06,dal_rl,33,72,11338721972,1000.02,1,90,216,7.3221e-05,9776128097,9776128097,0,8886999075,
mcs90_m4Dr6_s90.A07,mcs90_m4Dr6_s90.B07,dal_rl,36,65,11453830860,1000.02,1,90,3040,0.000447656,9737541935,9737541935,0,8775059465,
mcs90_m4Dr6_s90.A08,mcs90_m4Dr6_s90.B08,dal_rl,39,57,5958673672,1000.01,1,90,3144592420,472.223,4142418142,4142418142,0,2478868286,
mcs90_m4Dr6_s90.A09,mcs90_m4Dr6_s90.B09,dal_rl,36,58,9280181910,1000.02,1,90,48451045,6.05681,6899176662,6899176662,0,5056486581,
mcs90_r001_s100.A00,mcs90_r001_s100.B00,dal_rl,67,65,21423716992,1000.02,1,100,8785933187,409.081,17334597695,17334597695,0,13247631657,
mcs90_r001_s100.A01,mcs90_r001_s100.B01,dal_rl,66,58,15771199227,1000.01,1,100,944936,0.0464994,13989134476,13989134476,0,12207077723,
mcs90_r001_s100.A02,mcs90_r001_s100.B02,dal_rl,68,63,15948843537,1000.02,1,100,226839546,12.4323,13615483291,13615483291,0,11335940512,
mcs90_r001_s100.A03,mcs90_r001_s100.B03,dal_rl,64,65,21046051590,1000.02,1,100,707,0.000147071,17295324920,17295324920,0,13544603954,
mcs90_r001_s100.A04,mcs90_r001_s100.B04,dal_rl,67,60,16791065247,1000.01,1,100,6184,0.000400232,14254059033,14254059033,0,11882161457,
mcs90_r001_s100.A05,mcs90_r001_s100.B05,dal_rl,70,60,15338355735,1000.01,1,100,31355226,1.50382,14092464181,14092464181,0,12893658168,
mcs90_r001_s100.A06,mcs90_r001_s100.B06,dal_rl,69,61,17859777636,1000.02,1,100,1845392209,103.61,13458961275,13458961275,0,9449411831,
mcs90_r001_s100.A07,mcs90_r001_s100.B07,dal_rl,67,54,9919306389,1000.02,1,100,7783081581,781.578,8795287097,8795287097,0,7702367190,
mcs90_r001_s100.A08,mcs90_r001_s100.B08,dal_rl,73,67,8118661132,1000.02,1,100,120069775,15.0085,6641641151,6641641151,0,5173315950,
mcs90_r001_s100.A09,mcs90_r001_s100.B09,dal_rl,69,59,19350308155,1000.02,1,100,7090978756,365.065,16192859939,16192859939,0,13352121375,
mcs90_r005_s100.A00,mcs90_r005_s100.B00,dal_rl,39,81,4777647274,1000.02,1,100,278275136,56.2523,2805224778,2805224778,0,2114715277,
mcs90_r005_s100.A01,mcs90_r005_s100.B01,dal_rl,41,96,4373946032,1000.02,1,100,524405870,117.844,2620628067,2620628067,0,2063401375,
mcs90_r005_s100.A02,mcs90_r005_s100.B02,dal_rl,41,80,4390026462,1000.02,1,100,302241204,63.4026,2713756777,2713756777,0,2180926590,
mcs90_r005_s100.A03,mcs90_r005_s100.B03,dal_rl,42,90,4139225848,1000.02,1,100,2159372407,508.605,2564837029,2564837029,0,2029424200,
mcs90_r005_s100.A04,mcs90_r005_s100.B04,dal_rl,42,95,5628969454,1000.02,1,100,151403592,25.7482,3513048392,3513048392,0,2773849240,
mcs90_r005_s100.A05,mcs90_r005_s100.B05,dal_rl,41,83,5015277748,1000.02,1,100,476393348,92.2043,3000544298,3000544298,0,2416379010,
mcs90_r005_s100.A06,mcs90_r005_s100.B06,dal_rl,42,93,5298411820,1000.01,1,100,2517470568,456.343,3324718187,3324718187,0,2697929116,
mcs90_r005_s100.A07,mcs90_r005_s100.B07,dal_rl,41,71,5251462406,1000.02,1,100,486091197,87.6892,3238532386,3238532386,0,2628623729,
mcs90_r005_s100.A08,mcs90_r005_s100.B08,dal_rl,40,91,5558447778,1000.01,1,100,61289418,11.0638,3430784616,3430784616,0,2700941603,
mcs90_r005_s100.A09,mcs90_r005_s100.B09,dal_rl,41,82,5272894331,1000.02,1,100,3075249006,579.772,3330289257,3330289257,0,2642418903,
mcs90_r005_s20.A00,mcs90_r005_s20.B00,dal_rl,19,20,201234,0.0125458,0,20,201163,0.0125044,142903,142903,0,92889,
mcs90_r005_s20.A01,mcs90_r005_s20.B01,dal_rl,18,19,3299,0.000271919,0,20,2905,0.00019943,2347,2347,0,1677,
mcs90_r005_s20.A02,mcs90_r005_s20.B02,dal_rl,18,17,2177,0.000276086,0,20,975,0.000117036,1510,1510,0,911,
mcs90_r005_s20.A03,mcs90_r005_s20.B03,dal_rl,18,18,4425,0.000538992,0,20,4349,0.000500234,3379,3379,0,2611,
mcs90_r005_s20.A04,mcs90_r005_s20.B04,dal_rl,18,18,9202,0.00108932,0,20,8737,0.00100452,6345,6345,0,4115,
mcs90_r005_s20.A05,mcs90_r005_s20.B05,dal_rl,18,17,26638,0.00215989,0,20,26249,0.00207483,18764,18764,0,11676,
mcs90_r005_s20.A06,mcs90_r005_s20.B06,dal_rl,18,18,24157,0.00227179,0,20,23891,0.00221041,17088,17088,0,11698,
mcs90_r005_s20.A07,mcs90_r005_s20.B07,dal_rl,18,19,2401,0.000323797,0,20,2148,0.00025879,1794,1794,0,1255,
mcs90_r005_s20.A08,mcs90_r005_s20.B08,dal_rl,18,16,3877,0.000443468,0,20,3629,0.000385841,2679,2679,0,1627,
mcs90_r005_s20.A09,mcs90_r005_s20.B09,dal_rl,18,18,3804,0.000463167,0,20,3556,0.000401934,2654,2654,0,1755,
mcs90_r005_s25.A00,mcs90_r005_s25.B00,dal_rl,22,23,15438,0.00199266,0,25,13017,0.00159976,11279,11279,0,8261,
mcs90_r005_s25.A01,mcs90_r005_s25.B01,dal_rl,22,23,3287376,0.248905,0,25,3278350,0.247763,2410775,2410775,0,1568493,
mcs90_r005_s25.A02,mcs90_r005_s25.B02,dal_rl,22,25,139877,0.00915217,0,25,138499,0.0083522,106917,106917,0,75104,
mcs90_r005_s25.A03,mcs90_r005_s25.B03,dal_rl,22,24,10871,0.00180412,0,25,9174,0.00153622,7270,7270,0,4337,
mcs90_r005_s25.A04,mcs90_r005_s25.B04,dal_rl,22,25,56329,0.00477973,0,25,54213,0.004505,40512,40512,0,26305,
mcs90_r005_s25.A05,mcs90_r005_s25.B05,dal_rl,22,22,41355,0.00478106,0,25,39262,0.00451288,28191,28191,0,17973,
mcs90_r005_s25.A06,mcs90_r005_s25.B06,dal_rl,23,25,1170,0.000211049,0,25,904,0.000130507,771,771,0,481,
mcs90_r005_s25.A07,mcs90_r005_s25.B07,dal_rl,22,22,188834,0.0211852,0,25,181443,0.0202914,130447,130447,0,83864,
mcs90_r005_s25.A08,mcs90_r005_s25.B08,dal_rl,22,23,40667,0.00651244,0,25,37462,0.00582368,28504,28504,0,18206,
mcs90_r005_s25.A09,mcs90_r005_s25.B09,dal_rl,22,22,79420,0.00913234,0,25,77905,0.00886324,56672,56672,0,38240,
mcs90_r005_s30.A00,mcs90_r005_s30.B00,dal_rl,27,34,1307153,0.185004,0,30,1304571,0.184528,899624,899624,0,649915,
mcs90_r005_s30.A01,mcs90_r005_s30.B01,dal_rl,27,37,145838,0.0224572,0,30,143840,0.0220689,111161,111161,0,84384,
mcs90_r005_s30.A02,mcs90_r005_s30.B02,dal_rl,27,34,426380,0.0466858,0,30,425411,0.0464865,297251,297251,0,199607,
mcs90_r005_s30.A03,mcs90_r005_s30.B03,dal_rl,27,35,1727231,0.211175,0,30,1724865,0.210725,1188673,1188673,0,806789,
mcs90_r005_s30.A04,mcs90_r005_s30.B04,dal_rl,27,38,317080,0.0308369,0,30,313407,0.030274,230863,230863,0,159853,
mcs90_r005_s30.A05,mcs90_r005_s30.B05,dal_rl,27,34,246917,0.0322916,0,30,245128,0.0319882,165142,165142,0,113949,
mcs90_r005_s30.A06,mcs90_r005_s30.B06,dal_rl,27,38,624139,0.0727411,0,30,623065,0.0725184,438187,438187,0,293990,
mcs90_r005_s30.A07,mcs90_r005_s30.B07,dal_rl,27,35,74696,0.0100171,0,30,73621,0.00982791,51600,51600,0,35286,
mcs90_r005_s30.A08,mcs90_r005_s30.B08,dal_rl,27,35,468118,0.0521734,0,30,466573,0.0518971,338743,338743,0,245247,
mcs90_r005_s30.A09,mcs90_r005_s30.B09,dal_rl,27,31,1220980,0.145823,0,30,1218895,0.145489,896717,896717,0,654442,
mcs90_r005_s35.A00,mcs90_r005_s35.B00,dal_rl,31,45,2065177,0.281175,0,35,2063371,0.280805,1416123,1416123,0,1022697,
mcs90_r005_s35.A01,mcs90_r005_s35.B01,dal_rl,31,41,618111,0.0798181,0,35,616891,0.0795285,454490,454490,0,353604,
mcs90_r005_s35.A02,mcs90_r005_s35.B02,dal_rl,31,43,2858437,0.370332,0,35,2853692,0.369482,1910191,1910191,0,1325887,
mcs90_r005_s35.A03,mcs90_r005_s35.B03,dal_rl,31,47,5408498,0.721548,0,35,5398870,0.719931,3840288,3840288,0,2945993,
mcs90_r005_s35.A04,mcs90_r005_s35.B04,dal_rl,31,44,1400014,0.208261,0,35,1397180,0.207754,987488,987488,0,735433,
mcs90_r005_s35.A05,mcs90_r005_s35.B05,dal_rl,31,47,313646,0.0434303,0,35,302823,0.0416059,222877,222877,0,169033,
mcs90_r005_s35.A06,mcs90_r005_s35.B06,dal_rl,31,43,4805156,0.611823,0,35,4801690,0.611248,3291542,3291542,0,2301850,
mcs90_r005_s35.A07,mcs90_r005_s35.B07,dal_rl,31,47,12263860,1.55278,0,35,12254973,1.55131,8503714,8503714,0,5913962,
mcs90_r005_s35.A08,mcs90_r005_s35.B08,dal_rl,31,47,2457878,0.326369,0,35,2445189,0.324204,1717452,1717452,0,1269953,
mcs90_r005_s35.A09,mcs90_r005_s35.B09,dal_rl,31,49,2160673,0.26901,0,35,2153531,0.267813,1486991,1486991,0,1056985,
mcs90_r005_s40.A00,mcs90_r005_s40.B00,dal_rl,36,61,7160185,1.01599,0,40,7153703,1.01473,4813991,4813991,0,3513720,
mcs90_r005_s40.A01,mcs90_r005_s40.B01,dal_rl,36,65,16250153,2.21001,0,40,16248731,2.20966,11662496,11662496,0,8902534,
mcs90_r005_s40.A02,mcs90_r005_s40.B02,dal_rl,36,60,1647573,0.2518,0,40,1642091,0.250765,1087769,1087769,0,793260,
mcs90_r005_s40.A03,mcs90_r005_s40.B03,dal_rl,36,65,37318341,4.20656,0,40,37308977,4.20473,26875313,26875313,0,20001742,
mcs90_r005_s40.A04,mcs90_r005_s40.B04,dal_rl,36,64,31082148,3.96128,0,40,31078726,3.96058,21204732,21204732,0,14690253,
mcs90_r005_s40.A05,mcs90_r005_s40.B05,dal_rl,36,61,12909903,1.93336,0,40,12907600,1.93281,8770556,8770556,0,6336639,
mcs90_r005_s40.A06,mcs90_r005_s40.B06,dal_rl,36,59,3816467,0.596522,0,40,3809960,0.595165,2543948,2543948,0,1894742,
mcs90_r005_s40.A07,mcs90_r005_s40.B07,dal_rl,36,62,12144603,1.68989,0,40,12140474,1.68895,8106087,8106087,0,5529170,
mcs90_r005_s40.A08,mcs90_r005_s40.B08,dal_rl,36,65,24704899,3.61543,0,40,24699482,3.61437,16699624,16699624,0,11905682,
mcs90_r005_s40.A09,mcs90_r005_s40.B09,dal_rl,36,62,13288401,1.9704,0,40,13276529,1.96794,8770984,8770984,0,6029552,
mcs90_r005_s50.A00,mcs90_r005_s50.B00,dal_rl,45,95,1496163297,262.24,0,50,1496116202,262.229,1015625316,1015625316,0,760362974,
mcs90_r005_s50.A01,mcs90_r005_s50.B01,dal_rl,45,92,2608209619,465.611,0,50,2608183448,465.604,1767886142,1767886142,0,1313952445,
mcs90_r005_s50.A02,mcs90_r005_s50.B02,dal_rl,45,102,114258077,22.3989,0,50,114228225,22.3914,75289857,75289857,0,57449640,
mcs90_r005_s50.A03,mcs90_r005_s50.B03,dal_rl,45,102,516676878,81.9265,0,50,516649323,81.9207,349477561,349477561,0,268679138,
mcs90_r005_s50.A04,mcs90_r005_s50.B04,dal_rl,45,97,402097332,60.4749,0,50,402081902,60.4714,269649415,269649415,0,206374792,
mcs90_r005_s50.A05,mcs90_r005_s50.B05,dal_rl,45,98,287274025,48.1978,0,50,287254308,48.1932,204698334,204698334,0,166104102,
mcs90_r005_s50.A06,mcs90_r005_s50.B06,dal_rl,45,101,264740547,40.7756,0,50,264727875,40.7727,182216707,182216707,0,141665972,
mcs90_r005_s50.A07,mcs90_r005_s50.B07,dal_rl,45,99,23343696,3.68449,0,50,23316110,3.67869,15293406,15293406,0,11585585,
mcs90_r005_s50.A08,mcs90_r005_s50.B08,dal_rl,45,94,2117884338,322.862,0,50,2117847870,322.855,1363563974,1363563974,0,977046229,
mcs90_r005_s50.A09,mcs90_r005_s50.B09,dal_rl,45,102,2516746156,365.997,0,50,2516738736,365.995,1701635789,1701635789,0,1250552036,
mcs90_r005_s60.A00,mcs90_r005_s60.B00,dal_rl,36,66,5854358684,1000.02,1,60,4432643490,754.049,3800315087,3800315087,0,2939650273,
mcs90_r005_s60.A01,mcs90_r005_s60.B01,dal_rl,35,59,6624180075,1000.01,1,60,198663033,29.5488,4402494805,4402494805,0,3271239204,
mcs90_r005_s60.A02,mcs90_r005_s60.B02,dal_rl,54,138,923143990,145.178,0,60,923103275,145.168,620606885,620606885,0,483969939,
mcs90_r005_s60.A03,mcs90_r005_s60.B03,dal_rl,35,58,6188312302,1000.02,1,60,301119909,45.4071,4105091952,4105091952,0,3123944030,
mcs90_r005_s60.A04,mcs90_r005_s60.B04,dal_rl,35,68,6530787906,1000.02,1,60,3655268587,550.441,4363684878,4363684878,0,3223270989,
mcs90_r005_s60.A05,mcs90_r005_s60.B05,dal_rl,35,56,6170256956,1000.02,1,60,1935017989,311.415,3992997332,3992997332,0,3073152259,
mcs90_r005_s60.A06,mcs90_r005_s60.B06,dal_rl,35,59,6405234590,1000.01,1,60,3347104673,512.706,4240576497,4240576497,0,3133552301,
mcs90_r005_s60.A07,mcs90_r005_s60.B07,dal_rl,35,59,5928877845,1000.02,1,60,1932861845,318.962,3815566504,3815566504,0,2961037839,
mcs90_r005_s60.A08,mcs90_r005_s60.B08,dal_rl,36,72,6265731232,1000.02,1,60,5816399132,925.217,4180824781,4180824781,0,3143152272,
mcs90_r005_s60.A09,mcs90_r005_s60.B09,dal_rl,54,142,1451406562,295.317,0,60,1451361288,295.305,967646445,967646445,0,777675687,
mcs90_r005_s70.A00,mcs90_r005_s70.B00,dal_rl,38,70,4387796714,1000.02,1,70,409168912,95.9326,2831236189,2831236189,0,2141127447,
mcs90_r005_s70.A01,mcs90_r005_s70.B01,dal_rl,36,62,5677330722,1000.01,1,70,77994332,13.2925,3531484569,3531484569,0,2687556446,
mcs90_r005_s70.A02,mcs90_r005_s70.B02,dal_rl,38,70,5991550875,1000.02,1,70,1825153075,306.271,3773121377,3773121377,0,2745300168,
mcs90_r005_s70.A03,mcs90_r005_s70.B03,dal_rl,37,65,5536794497,1000.02,1,70,728856697,126.675,3467030509,3467030509,0,2620070283,
mcs90_r005_s70.A04,mcs90_r005_s70.B04,dal_rl,37,68,5587052980,1000.01,1,70,332301905,58.9841,3549904220,3549904220,0,2821489023,
mcs90_r005_s70.A05,mcs90_r005_s70.B05,dal_rl,37,69,5987995380,1000.03,1,70,1129804994,182.834,3842515963,3842515963,0,2829972745,
mcs90_r005_s70.A06,mcs90_r005_s70.B06,dal_rl,36,75,5415381418,1000.01,1,70,2434553652,447.019,3408453937,3408453937,0,2568282590,
mcs90_r005_s70.A07,mcs90_r005_s70.B07,dal_rl,36,70,5604165467,1000.02,1,70,892564259,162.282,3535805574,3535805574,0,2775573643,
mcs90_r005_s70.A08,mcs90_r005_s70.B08,dal_rl,37,74,5500950756,1000.02,1,70,1060048174,190.563,3497978218,3497978218,0,2740491513,
mcs90_r005_s70.A09,mcs90_r005_s70.B09,dal_rl,39,83,5963663136,1000.02,1,70,781630356,130.772,3934368630,3934368630,0,3014362748,
mcs90_r005_s80.A00,mcs90_r005_s80.B00,dal_rl,38,64,5542912474,1000.01,1,80,1406481767,240.69,3541106167,3541106167,0,2797750890,
mcs90_r005_s80.A01,mcs90_r005_s80.B01,dal_rl,38,75,5844582757,1000.01,1,80,5730846064,980.034,3646093649,3646093649,0,2843108572,
mcs90_r005_s80.A02,mcs90_r005_s80.B02,dal_rl,40,78,5193075912,1000.02,1,80,425328923,82.2239,3281415272,3281415272,0,2582748121,
mcs90_r005_s80.A03,mcs90_r005_s80.B03,dal_rl,40,81,5782171455,1000.01,1,80,996366484,160.41,3742584587,3742584587,0,2982208408,
mcs90_r005_s80.A04,mcs90_r005_s80.B04,dal_rl,40,79,5367457967,1000.02,1,80,2133057364,407.113,3359947737,3359947737,0,2749080535,
mcs90_r005_s80.A05,mcs90_r005_s80.B05,dal_rl,38,78,5326381477,1000.02,1,80,1126215519,200.645,3332836755,3332836755,0,2703209373,
mcs90_r005_s80.A06,mcs90_r005_s80.B06,dal_rl,39,86,5767964480,1000.02,1,80,1500112225,258.312,3660420289,3660420289,0,2893842950,
mcs90_r005_s80.A07,mcs90_r005_s80.B07,dal_rl,39,78,2671788908,1000.02,1,80,16036649,5.68539,1643034142,1643034142,0,1310704476,
mcs90_r005_s80.A08,mcs90_r005_s80.B08,dal_rl,38,81,6068491325,1000.02,1,80,292324938,44.5297,3926152983,3926152983,0,3007012301,
mcs90_r005_s80.A09,mcs90_r005_s80.B09,dal_rl,39,67,4510005155,1000.02,1,80,96935469,20.6179,2864494604,2864494604,0,2217632564,
mcs90_r005_s90.A00,mcs90_r005_s90.B00,dal_rl,39,87,5666440407,1000.02,1,90,4122429603,720.269,3505622664,3505622664,0,2801262690,
mcs90_r005_s90.A01,mcs90_r005_s90.B01,dal_rl,39,74,5238439592,1000.02,1,90,2268301962,425.161,3301677756,3301677756,0,2684791868,
mcs90_r005_s90.A02,mcs90_r005_s90.B02,dal_rl,40,83,5309901784,1000.02,1,90,1766270562,318.142,3381442569,3381442569,0,2568144683,
mcs90_r005_s90.A03,mcs90_r005_s90.B03,dal_rl,42,84,5255252493,1000.02,1,90,2434854406,463.692,3297897896,3297897896,0,2633958418,
mcs90_r005_s90.A04,mcs90_r005_s90.B04,dal_rl,39,79,5541471687,1000.02,1,90,2004674012,345.44,3487325776,3487325776,0,2807745433,
mcs90_r005_s90.A05,mcs90_r005_s90.B05,dal_rl,42,104,5364236448,1000.01,1,90,2641834877,480.596,3284075899,3284075899,0,2611094142,
mcs90_r005_s90.A06,mcs90_r005_s90.B06,dal_rl,41,90,5264351434,1000.02,1,90,67673632,11.2396,3306997781,3306997781,0,2730017845,
mcs90_r005_s90.A07,mcs90_r005_s90.B07,dal_rl,40,81,5357924518,1000.01,1,90,3893028355,719.712,3335000243,3335000243,0,2666215404,
mcs90_r005_s90.A08,mcs90_r005_s90.B08,dal_rl,41,82,5634831656,1000.02,1,90,487662590,80.0307,3593885006,3593885006,0,2816390990,
mcs90_r005_s90.A09,mcs90_r005_s90.B09,dal_rl,39,80,5172205014,1000.01,1,90,1271989295,241.576,3157059093,3157059093,0,2478095392,
mcs90_r01_s10.A00,mcs90_r01_s10.B00,dal_rl,9,9,83,4.3335e-05,0,10,53,1.4722e-05,58,58,0,30,
mcs90_r01_s10.A01,mcs90_r01_s10.B01,dal_rl,9,6,152,5.0687e-05,0,10,135,2.4037e-05,105,105,0,58,
mcs90_r01_s10.A02,mcs90_r01_s10.B02,dal_rl,9,8,95,4.6e-05,0,10,64,1.365e-05,62,62,0,28,
mcs90_r01_s10.A03,mcs90_r01_s10.B03,dal_rl,9,8,82,3.7917e-05,0,10,63,1.4673e-05,56,56,0,24,
mcs90_r01_s10.A04,mcs90_r01_s10.B04,dal_rl,9,8,82,4.5007e-05,0,10,50,1.3591e-05,55,55,0,28,
mcs90_r01_s10.A05,mcs90_r01_s10.B05,dal_rl,9,9,96,3.6815e-05,0,10,68,1.3831e-05,63,63,0,36,
mcs90_r01_s10.A06,mcs90_r01_s10.B06,dal_rl,9,9,127,4.1713e-05,0,10,98,1.7656e-05,88,88,0,40,
mcs90_r01_s10.A07,mcs90_r01_s10.B07,dal_rl,10,10,83,4.2814e-05,0,10,68,1.4802e-05,57,57,0,14,
mcs90_r01_s10.A08,mcs90_r01_s10.B08,dal_rl,9,8,157,5.0376e-05,0,10,138,2.4067e-05,102,102,0,50,
mcs90_r01_s10.A09,mcs90_r01_s10.B09,dal_rl,9,8,82,4.0491e-05,0,10,56,1.263e-05,56,56,0,28,
mcs90_r01_s100.A00,mcs90_r01_s100.B00,dal_rl,28,82,4503611433,1000.01,1,100,255468418,55.1698,2671536395,2671536395,0,2356407290,
mcs90_r01_s100.A01,mcs90_r01_s100.B01,dal_rl,28,83,4417832381,1000,1,100,8972068,1.89572,2619341054,2619341054,0,2320364847,
mcs90_r01_s100.A02,mcs90_r01_s100.B02,dal_rl,28,85,4481934610,1000.01,1,100,443067525,100.053,2660135323,2660135323,0,2325975908,
mcs90_r01_s100.A03,mcs90_r01_s100.B03,dal_rl,28,81,4295991919,1000.02,1,100,30489660,6.37985,2546382226,2546382226,0,2270032195,
mcs90_r01_s100.A04,mcs90_r01_s100.B04,dal_rl,28,70,4437669713,1000.02,1,100,45408884,9.63238,2645944501,2645944501,0,2317745572,
mcs90_r01_s100.A05,mcs90_r01_s100.B05,dal_rl,28,86,4175797942,1000.02,1,100,342730241,77.2282,2425631678,2425631678,0,2186211584,
mcs90_r01_s100.A06,mcs90_r01_s100.B06,dal_rl,28,91,4418473480,1000.02,1,100,2240193951,493.589,2589076122,2589076122,0,2310497134,
mcs90_r01_s100.A07,mcs90_r01_s100.B07,dal_rl,27,68,4458163815,1000.02,1,100,227858547,49.2598,2620957640,2620957640,0,2279215299,
mcs90_r01_s100.A08,mcs90_r01_s100.B08,dal_rl,28,75,3820229409,1000.02,1,100,836744077,213.427,2271973757,2271973757,0,2002823388,
mcs90_r01_s100.A09,mcs90_r01_s100.B09,dal_rl,28,78,4338755158,1000.01,1,100,5441471,1.18185,2519081322,2519081322,0,2236407642,
mcs90_r01_s15.A00,mcs90_r01_s15.B00,dal_rl,13,15,1855,0.000260402,0,15,1752,0.000218679,1174,1174,0,760,
mcs90_r01_s15.A01,mcs90_r01_s15.B01,dal_rl,13,14,1861,0.000279863,0,15,1841,0.000242276,1312,1312,0,947,
mcs90_r01_s15.A02,mcs90_r01_s15.B02,dal_rl,13,13,6204,0.000607304,0,15,5963,0.000549957,4057,4057,0,2565,
mcs90_r01_s15.A03,mcs90_r01_s15.B03,dal_rl,13,15,2017,0.000260962,0,15,1871,0.00021904,1341,1341,0,912,
mcs90_r01_s15.A04,mcs90_r01_s15.B04,dal_rl,13,15,557,0.000124066,0,15,372,6.1903e-05,424,424,0,273,
mcs90_r01_s15.A05,mcs90_r01_s15.B05,dal_rl,13,17,1255,0.00017302,0,15,1111,0.000129274,842,842,0,561,
mcs90_r01_s15.A06,mcs90_r01_s15.B06,dal_rl,13,16,219,7.316e-05,0,15,46,1.5974e-05,154,154,0,109,
mcs90_r01_s15.A07,mcs90_r01_s15.B07,dal_rl,13,14,1631,0.000259533,0,15,1366,0.000182987,1146,1146,0,764,
mcs90_r01_s15.A08,mcs90_r01_s15.B08,dal_rl,13,17,1865,0.000255078,0,15,1715,0.000204211,1307,1307,0,939,
mcs90_r01_s15.A09,mcs90_r01_s15.B09,dal_rl,13,15,936,0.000152539,0,15,778,0.000101392,611,611,0,399,
mcs90_r01_s20.A00,mcs90_r01_s20.B00,dal_rl,18,30,13203,0.00188045,0,20,13120,0.00183483,9124,9124,0,6733,
mcs90_r01_s20.A01,mcs90_r01_s20.B01,dal_rl,18,27,12389,0.00171881,0,20,12345,0.00167937,8095,8095,0,5865,
mcs90_r01_s20.A02,mcs90_r01_s20.B02,dal_rl,18,28,22902,0.00350725,0,20,22766,0.00344866,15378,15378,0,11134,
mcs90_r01_s20.A03,mcs90_r01_s20.B03,dal_rl,18,32,1545,0.000297408,0,20,1431,0.000248365,1095,1095,0,877,
mcs90_r01_s20.A04,mcs90_r01_s20.B04,dal_rl,18,30,9727,0.00156591,0,20,9558,0.0015019,6266,6266,0,4602,
mcs90_r01_s20.A05,mcs90_r01_s20.B05,dal_rl,18,29,9393,0.0025198,0,20,9296,0.00243399,6136,6136,0,4214,
mcs90_r01_s20.A06,mcs90_r01_s20.B06,dal_rl,18,31,10359,0.00284473,0,20,10034,0.00268553,6514,6514,0,4702,
mcs90_r01_s20.A07,mcs90_r01_s20.B07,dal_rl,18,32,3608,0.000581645,0,20,3532,0.000539872,2585,2585,0,1991,
mcs90_r01_s20.A08,mcs90_r01_s20.B08,dal_rl,18,30,8653,0.00119826,0,20,8507,0.00114202,5911,5911,0,4354,
mcs90_r01_s20.A09,mcs90_r01_s20.B09,dal_rl,18,31,6749,0.000991271,0,20,6641,0.000945673,4564,4564,0,3311,
mcs90_r01_s25.A00,mcs90_r01_s25.B00,dal_rl,22,45,304017,0.0463365,0,25,303324,0.0461641,200238,200238,0,154445,
mcs90_r01_s25.A01,mcs90_r01_s25.B01,dal_rl,22,44,170340,0.0268671,0,25,170069,0.0267765,113778,113778,0,88709,
mcs90_r01_s25.A02,mcs90_r01_s25.B02,dal_rl,22,42,35035,0.00545151,0,25,34318,0.00528283,23044,23044,0,17947,
mcs90_r01_s25.A03,mcs90_r01_s25.B03,dal_rl,22,43,258260,0.0375649,0,25,257310,0.0373527,169937,169937,0,127314,
mcs90_r01_s25.A04,mcs90_r01_s25.B04,dal_rl,22,41,425256,0.0677133,0,25,424322,0.0675033,277192,277192,0,215392,
mcs90_r01_s25.A05,mcs90_r01_s25.B05,dal_rl,22,44,98318,0.0149975,0,25,96758,0.0146803,63699,63699,0,49056,
mcs90_r01_s25.A06,mcs90_r01_s25.B06,dal_rl,22,42,99214,0.0139353,0,25,98067,0.0136893,64402,64402,0,47314,
mcs90_r01_s25.A07,mcs90_r01_s25.B07,dal_rl,22,48,307053,0.0452659,0,25,305414,0.0449558,196795,196795,0,146971,
mcs90_r01_s25.A08,mcs90_r01_s25.B08,dal_rl,22,35,68841,0.010923,0,25,68273,0.0107723,44999,44999,0,36138,
mcs90_r01_s25.A09,mcs90_r01_s25.B09,dal_rl,22,40,93924,0.0158485,0,25,93590,0.0157199,60918,60918,0,44951,
mcs90_r01_s30.A00,mcs90_r01_s30.B00,dal_rl,27,64,576467,0.106324,0,30,576140,0.106199,375231,375231,0,309888,
mcs90_r01_s30.A01,mcs90_r01_s30.B01,dal_rl,27,64,186491,0.02992,0,30,185845,0.029735,117987,117987,0,85162,
mcs90_r01_s30.A02,mcs90_r01_s30.B02,dal_rl,27,70,270958,0.0485293,0,30,270479,0.0483845,177851,177851,0,146348,
mcs90_r01_s30.A03,mcs90_r01_s30.B03,dal_rl,27,64,1789645,0.301077,0,30,1788805,0.300861,1161402,1161402,0,948145,
mcs90_r01_s30.A04,mcs90_r01_s30.B04,dal_rl,27,59,467694,0.0845091,0,30,467251,0.084352,301162,301162,0,235472,
mcs90_r01_s30.A05,mcs90_r01_s30.B05,dal_rl,27,62,121044,0.0230571,0,30,120118,0.0228134,82243,82243,0,66817,
mcs90_r01_s30.A06,mcs90_r01_s30.B06,dal_rl,27,67,24195,0.00414741,0,30,22811,0.00380344,15379,15379,0,11728,
mcs90_r01_s30.A07,mcs90_r01_s30.B07,dal_rl,27,70,46614,0.0147027,0,30,45301,0.0138567,29490,29490,0,22465,
mcs90_r01_s30.A08,mcs90_r01_s30.B08,dal_rl,27,65,2654159,0.819449,0,30,2653252,0.819,1723669,1723669,0,1306500,
mcs90_r01_s30.A09,mcs90_r01_s30.B09,dal_rl,27,66,2315973,0.385384,0,30,2315722,0.385289,1482037,1482037,0,1153543,
mcs90_r01_s35.A00,mcs90_r01_s35.B00,dal_rl,31,91,7655477,1.2803,0,35,7653674,1.27985,4900176,4900176,0,3872454,
mcs90_r01_s35.A01,mcs90_r01_s35.B01,dal_rl,31,91,6540734,1.14917,0,35,6535648,1.148,4282390,4282390,0,3433093,
mcs90_r01_s35.A02,mcs90_r01_s35.B02,dal_rl,31,89,7924426,1.48786,0,35,7921548,1.48721,5314912,5314912,0,4458702,
mcs90_r01_s35.A03,mcs90_r01_s35.B03,dal_rl,31,97,13972581,2.45372,0,35,13969688,2.45301,8965084,8965084,0,7333155,
mcs90_r01_s35.A04,mcs90_r01_s35.B04,dal_rl,31,88,7773762,1.39733,0,35,7771269,1.39673,5058988,5058988,0,4164347,
mcs90_r01_s35.A05,mcs90_r01_s35.B05,dal_rl,31,83,9782919,1.61751,0,35,9775896,1.616,6297382,6297382,0,5070163,
mcs90_r01_s35.A06,mcs90_r01_s35.B06,dal_rl,31,87,4834849,0.810325,0,35,4831928,0.809629,3206674,3206674,0,2514269,
mcs90_r01_s35.A07,mcs90_r01_s35.B07,dal_rl,31,90,12620577,2.31319,0,35,12616364,2.31222,8076905,8076905,0,6709433,
mcs90_r01_s35.A08,mcs90_r01_s35.B08,dal_rl,31,92,5831624,1.06638,0,35,5829991,1.06596,3791853,3791853,0,3114571,
mcs90_r01_s35.A09,mcs90_r01_s35.B09,dal_rl,31,95,896164,0.159337,0,35,889333,0.157755,570279,570279,0,475768,
mcs90_r01_s40.A00,mcs90_r01_s40.B00,dal_rl,36,123,113204381,20.3684,0,40,113199536,20.3672,72460529,72460529,0,58579267,
mcs90_r01_s40.A01,mcs90_r01_s40.B01,dal_rl,36,123,8574022,1.62258,0,40,8571918,1.62202,5551761,5551761,0,4564696,
mcs90_r01_s40.A02,mcs90_r01_s40.B02,dal_rl,36,109,15541917,2.87232,0,40,15539679,2.87172,10085714,10085714,0,8197635,
mcs90_r01_s40.A03,mcs90_r01_s40.B03,dal_rl,36,114,113265448,21.4182,0,40,113263929,21.4178,74056127,74056127,0,61535578,
mcs90_r01_s40.A04,mcs90_r01_s40.B04,dal_rl,36,125,89275903,16.0429,0,40,89274199,16.0424,58332779,58332779,0,47837076,
mcs90_r01_s40.A05,mcs90_r01_s40.B05,dal_rl,36,122,28627029,5.62391,0,40,28621685,5.62249,18321581,18321581,0,15295738,
mcs90_r01_s40.A06,mcs90_r01_s40.B06,dal_rl,36,121,14250386,2.96113,0,40,14244853,2.95971,9196479,9196479,0,7803243,
mcs90_r01_s40.A07,mcs90_r01_s40.B07,dal_rl,36,123,58746804,11.9062,0,40,58744468,11.9056,37456117,37456117,0,31188981,
mcs90_r01_s40.A08,mcs90_r01_s40.B08,dal_rl,36,126,18782545,3.63841,0,40,18780024,3.63768,12508374,12508374,0,10322687,
mcs90_r01_s40.A09,mcs90_r01_s40.B09,dal_rl,36,120,3659240,0.772059,0,40,3651446,0.770079,2267431,2267431,0,1877909,
mcs90_r01_s50.A00,mcs90_r01_s50.B00,dal_rl,45,180,443022488,103.972,0,50,443016347,103.97,281270321,281270321,0,235471028,
mcs90_r01_s50.A01,mcs90_r01_s50.B01,dal_rl,45,187,2304856937,484.252,0,50,2304852084,484.251,1451033168,1451033168,0,1240719288,
mcs90_r01_s50.A02,mcs90_r01_s50.B02,dal_rl,23,45,5117818698,1000.02,1,50,548911899,103.665,3172192612,3172192612,0,2636493801,
mcs90_r01_s50.A03,mcs90_r01_s50.B03,dal_rl,45,189,1111044036,252.765,0,50,1111026382,252.76,714529419,714529419,0,627598832,
mcs90_r01_s50.A04,mcs90_r01_s50.B04,dal_rl,45,194,2051961329,406.67,0,50,2051948461,406.666,1293801438,1293801438,0,1101703619,
mcs90_r01_s50.A05,mcs90_r01_s50.B05,dal_rl,45,187,1403670759,277.276,0,50,1403661942,277.273,909659070,909659070,0,773298649,
mcs90_r01_s50.A06,mcs90_r01_s50.B06,dal_rl,45,193,1734771903,462.604,0,50,1734755407,462.598,1079960074,1079960074,0,924540708,
mcs90_r01_s50.A07,mcs90_r01_s50.B07,dal_rl,45,180,360257591,78.9664,0,50,360250453,78.9644,236480158,236480158,0,206959930,
mcs90_r01_s50.A08,mcs90_r01_s50.B08,dal_rl,45,193,335161237,71.4899,0,50,335157170,71.4887,220279205,220279205,0,188517050,
mcs90_r01_s50.A09,mcs90_r01_s50.B09,dal_rl,45,184,1222082469,240.736,0,50,1222067970,240.732,777823492,777823492,0,659769193,
mcs90_r01_s60.A00,mcs90_r01_s60.B00,dal_rl,54,268,2684066520,728.816,0,60,2684037624,728.807,1725545963,1725545963,0,1574602356,
mcs90_r01_s60.A01,mcs90_r01_s60.B01,dal_rl,25,52,4389358262,1000.01,1,60,296747966,68.6517,2677449061,2677449061,0,2220422749,
mcs90_r01_s60.A02,mcs90_r01_s60.B02,dal_rl,25,55,4549503532,1000,1,60,3065671446,666.276,2807866204,2807866204,0,2432169269,
mcs90_r01_s60.A03,mcs90_r01_s60.B03,dal_rl,24,56,4827053030,1000.01,1,60,3196390,0.663523,2994846926,2994846926,0,2474355727,
mcs90_r01_s60.A04,mcs90_r01_s60.B04,dal_rl,25,55,2497559080,1000.02,1,60,11239807,4.62748,1584379261,1584379261,0,1355310876,
mcs90_r01_s60.A05,mcs90_r01_s60.B05,dal_rl,26,76,2427829337,1000.01,1,60,460860206,182.752,1526464983,1526464983,0,1309720652,
mcs90_r01_s60.A06,mcs90_r01_s60.B06,dal_rl,54,271,3737790832,976.725,0,60,3737775763,976.72,2404365715,2404365715,0,2193835601,
mcs90_r01_s60.A07,mcs90_r01_s60.B07,dal_rl,25,58,5000009128,1000.02,1,60,4457692484,887.931,3085172326,3085172326,0,2622906810,
mcs90_r01_s60.A08,mcs90_r01_s60.B08,dal_rl,54,275,2998325012,747.501,0,60,2998299365,747.493,1888302065,1888302065,0,1658399771,
mcs90_r01_s60.A09,mcs90_r01_s60.B09,dal_rl,25,62,5009830120,1000.01,1,60,1456339871,287.144,3111417853,3111417853,0,2640247025,
mcs90_r01_s70.A00,mcs90_r01_s70.B00,dal_rl,26,60,4505825405,1000.01,1,70,2245222774,480.954,2762377707,2762377707,0,2384757381,
mcs90_r01_s70.A01,mcs90_r01_s70.B01,dal_rl,26,67,5043815173,1000.02,1,70,4291223243,846.939,3105966173,3105966173,0,2645411827,
mcs90_r01_s70.A02,mcs90_r01_s70.B02,dal_rl,26,67,4764519640,1000.01,1,70,270062764,55.1135,2891697900,2891697900,0,2501168038,
mcs90_r01_s70.A03,mcs90_r01_s70.B03,dal_rl,25,60,4734814814,1000.02,1,70,63458368,12.7366,2834969670,2834969670,0,2462238784,
mcs90_r01_s70.A04,mcs90_r01_s70.B04,dal_rl,26,65,4739791634,1000.01,1,70,1112373120,232.885,2916528995,2916528995,0,2544211454,
mcs90_r01_s70.A05,mcs90_r01_s70.B05,dal_rl,25,72,5096254371,1000.01,1,70,203691327,41.6356,3135695342,3135695342,0,2616405921,
mcs90_r01_s70.A06,mcs90_r01_s70.B06,dal_rl,26,58,4682239860,1000.02,1,70,1980139577,419.259,2871350943,2871350943,0,2503989329,
mcs90_r01_s70.A07,mcs90_r01_s70.B07,dal_rl,26,72,4658411664,1000.02,1,70,248493230,51.9955,2812143149,2812143149,0,2462214694,
mcs90_r01_s70.A08,mcs90_r01_s70.B08,dal_rl,25,69,4551041081,1000.02,1,70,779078352,170.628,2759431008,2759431008,0,2417448206,
mcs90_r01_s70.A09,mcs90_r01_s70.B09,dal_rl,26,62,4793134639,1000.02,1,70,2538010221,524.333,2962012543,2962012543,0,2531763591,
mcs90_r01_s80.A00,mcs90_r01_s80.B00,dal_rl,27,82,4603280954,1000.02,1,80,1869638637,399.555,2761479114,2761479114,0,2413181489,
mcs90_r01_s80.A01,mcs90_r01_s80.B01,dal_rl,26,64,2398968276,1000.01,1,80,1020871658,411.364,1453128403,1453128403,0,1267266861,
mcs90_r01_s80.A02,mcs90_r01_s80.B02,dal_rl,26,66,4521412910,1000.01,1,80,51737603,10.1663,2696032819,2696032819,0,2386025927,
mcs90_r01_s80.A03,mcs90_r01_s80.B03,dal_rl,26,77,4451026340,1000.01,1,80,213840852,44.2093,2618900164,2618900164,0,2323971362,
mcs90_r01_s80.A04,mcs90_r01_s80.B04,dal_rl,26,62,4332443389,1000.01,1,80,80945490,16.3808,2625642107,2625642107,0,2231861320,
mcs90_r01_s80.A05,mcs90_r01_s80.B05,dal_rl,26,70,4181202273,1000.02,1,80,63505503,14.805,2502217879,2502217879,0,2223528577,
mcs90_r01_s80.A06,mcs90_r01_s80.B06,dal_rl,28,86,4437047717,1000.02,1,80,134076970,28.7072,2710194626,2710194626,0,2386656257,
mcs90_r01_s80.A07,mcs90_r01_s80.B07,dal_rl,27,80,4562685783,1000.02,1,80,1892259229,399.575,2737385793,2737385793,0,2361497296,
mcs90_r01_s80.A08,mcs90_r01_s80.B08,dal_rl,27,81,4440430952,1000.02,1,80,3016039970,676.548,2638750845,2638750845,0,2307690101,
mcs90_r01_s80.A09,mcs90_r01_s80.B09,dal_rl,27,75,4519844686,1000.02,1,80,1354729771,293.792,2727722127,2727722127,0,2375195382,
mcs90_r01_s90.A00,mcs90_r01_s90.B00,dal_rl,28,64,4333226875,1000.02,1,90,275370797,62.1612,2540809815,2540809815,0,2283001913,
mcs90_r01_s90.A01,mcs90_r01_s90.B01,dal_rl,27,66,4476983828,1000.02,1,90,2811426647,617.191,2625858085,2625858085,0,2322758345,
mcs90_r01_s90.A02,mcs90_r01_s90.B02,dal_rl,28,74,4369847503,1000.01,1,90,2299135889,509.794,2548948211,2548948211,0,2297472242,
mcs90_r01_s90.A03,mcs90_r01_s90.B03,dal_rl,27,70,4336302189,1000.02,1,90,1104933788,246.634,2550233291,2550233291,0,2254336075,
mcs90_r01_s90.A04,mcs90_r01_s90.B04,dal_rl,27,65,4447704977,1000.02,1,90,294805238,60.6036,2630668796,2630668796,0,2295090792,
mcs90_r01_s90.A05,mcs90_r01_s90.B05,dal_rl,28,79,4437811725,1000.02,1,90,3406710370,758.358,2617898290,2617898290,0,2324246212,
mcs90_r01_s90.A06,mcs90_r01_s90.B06,dal_rl,29,94,4302566468,1000.02,1,90,1458623459,331.364,2562564789,2562564789,0,2276730417,
mcs90_r01_s90.A07,mcs90_r01_s90.B07,dal_rl,28,73,4372549125,1000.02,1,90,33112992,7.71207,2595779520,2595779520,0,2261428394,
mcs90_r01_s90.A08,mcs90_r01_s90.B08,dal_rl,27,58,4364975724,1000.02,1,90,696952915,152.19,2612045830,2612045830,0,2279000774,
mcs90_r01_s90.A09,mcs90_r01_s90.B09,dal_rl,28,96,4450877571,1000.02,1,90,17838710,3.80332,2650008035,2650008035,0,2323825977,
mcs90_r02_s10.A00,mcs90_r02_s10.B00,dal_rl,9,12,89,4.2223e-05,0,10,69,1.4802e-05,61,61,0,36,
mcs90_r02_s10.A01,mcs90_r02_s10.B01,dal_rl,9,12,501,9.4502e-05,0,10,487,6.8803e-05,323,323,0,231,
mcs90_r02_s10.A02,mcs90_r02_s10.B02,dal_rl,9,13,325,6.8673e-05,0,10,308,4.1412e-05,212,212,0,137,
mcs90_r02_s10.A03,mcs90_r02_s10.B03,dal_rl,9,10,350,9.6365e-05,0,10,340,5.7467e-05,218,218,0,130,
mcs90_r02_s10.A04,mcs90_r02_s10.B04,dal_rl,9,12,171,5.4893e-05,0,10,150,2.7682e-05,104,104,0,59,
mcs90_r02_s10.A05,mcs90_r02_s10.B05,dal_rl,9,14,328,7.4161e-05,0,10,314,5.1377e-05,210,210,0,141,
mcs90_r02_s10.A06,mcs90_r02_s10.B06,dal_rl,9,16,353,7.1087e-05,0,10,339,4.8984e-05,225,225,0,149,
mcs90_r02_s10.A07,mcs90_r02_s10.B07,dal_rl,9,13,105,4.701e-05,0,10,73,1.8267e-05,67,67,0,35,
mcs90_r02_s10.A08,mcs90_r02_s10.B08,dal_rl,9,12,71,3.8338e-05,0,10,42,1.327e-05,48,48,0,28,
mcs90_r02_s10.A09,mcs90_r02_s10.B09,dal_rl,9,14,266,6.7532e-05,0,10,255,4.1863e-05,169,169,0,107,
mcs90_r02_s100.A00,mcs90_r02_s100.B00,dal_rl,20,69,3241598105,1000.02,1,100,1615428703,472.503,1726125240,1726125240,0,1638910090,
mcs90_r02_s100.A01,mcs90_r02_s100.B01,dal_rl,22,98,3395961440,1000.01,1,100,2241133002,626.262,1836250486,1836250486,0,1781949641,
mcs90_r02_s100.A02,mcs90_r02_s100.B02,dal_rl,20,77,3503643097,1000.02,1,100,229562670,60.7822,1868527410,1868527410,0,1810399036,
mcs90_r02_s100.A03,mcs90_r02_s100.B03,dal_rl,19,60,3615929717,1000.02,1,100,89439711,22.4631,1920268036,1920268036,0,1857783058,
mcs90_r02_s100.A04,mcs90_r02_s100.B04,dal_rl,20,76,3856163110,1000.02,1,100,3070326396,781.804,2056286448,2056286448,0,1980518244,
mcs90_r02_s100.A05,mcs90_r02_s100.B05,dal_rl,19,79,3904979001,1000.01,1,100,26626541,6.21762,2086740231,2086740231,0,2008397315,
mcs90_r02_s100.A06,mcs90_r02_s100.B06,dal_rl,20,80,3804216812,1000.01,1,100,1982380480,501.632,2036861544,2036861544,0,1963593269,
mcs90_r02_s100.A07,mcs90_r02_s100.B07,dal_rl,19,68,3427078020,1000.01,1,100,6031767,1.6199,1818632338,1818632338,0,1738905577,
mcs90_r02_s100.A08,mcs90_r02_s100.B08,dal_rl,20,73,3411536879,1000.02,1,100,1017308580,294.355,1823670906,1823670906,0,1752293623,
mcs90_r02_s100.A09,mcs90_r02_s100.B09,dal_rl,19,56,3565356726,1000.01,1,100,68113240,17.8396,1895332558,1895332558,0,1822691406,
mcs90_r02_s15.A00,mcs90_r02_s15.B00,dal_rl,13,29,1951,0.000331728,0,15,1809,0.000276896,1210,1210,0,878,
mcs90_r02_s15.A01,mcs90_r02_s15.B01,dal_rl,13,30,1059,0.000256107,0,15,955,0.00019864,714,714,0,547,
mcs90_r02_s15.A02,mcs90_r02_s15.B02,dal_rl,13,26,387,0.000126582,0,15,308,7.277e-05,248,248,0,178,
mcs90_r02_s15.A03,mcs90_r02_s15.B03,dal_rl,13,29,4245,0.000685508,0,15,4140,0.000644236,2637,2637,0,2022,
mcs90_r02_s15.A04,mcs90_r02_s15.B04,dal_rl,13,29,1702,0.000309885,0,15,1622,0.00026676,1109,1109,0,822,
mcs90_r02_s15.A05,mcs90_r02_s15.B05,dal_rl,13,28,3385,0.00047939,0,15,3341,0.000448092,2224,2224,0,1665,
mcs90_r02_s15.A06,mcs90_r02_s15.B06,dal_rl,13,31,2748,0.000478688,0,15,2693,0.000441182,1781,1781,0,1352,
mcs90_r02_s15.A07,mcs90_r02_s15.B07,dal_rl,13,28,2511,0.000422427,0,15,2385,0.000377059,1583,1583,0,1237,
mcs90_r02_s15.A08,mcs90_r02_s15.B08,dal_rl,13,27,3271,0.000511993,0,15,3174,0.000468777,2218,2218,0,1673,
mcs90_r02_s15.A09,mcs90_r02_s15.B09,dal_rl,13,27,1709,0.000319281,0,15,1590,0.000271829,1087,1087,0,824,
mcs90_r02_s20.A00,mcs90_r02_s20.B00,dal_rl,18,60,25164,0.00459757,0,20,25069,0.0045425,15269,15269,0,12084,
mcs90_r02_s20.A01,mcs90_r02_s20.B01,dal_rl,18,56,1600,0.000355616,0,20,1332,0.00026508,980,980,0,779,
mcs90_r02_s20.A02,mcs90_r02_s20.B02,dal_rl,18,57,19133,0.00350615,0,20,18966,0.00343982,12246,12246,0,10250,
mcs90_r02_s20.A03,mcs90_r02_s20.B03,dal_rl,18,58,19645,0.00438741,0,20,19500,0.00429425,12866,12866,0,10722,
mcs90_r02_s20.A04,mcs90_r02_s20.B04,dal_rl,18,52,18751,0.00488292,0,20,18670,0.00481739,12022,12022,0,10187,
mcs90_r02_s20.A05,mcs90_r02_s20.B05,dal_rl,18,61,67281,0.0119197,0,20,67109,0.0118381,41329,41329,0,33711,
mcs90_r02_s20.A06,mcs90_r02_s20.B06,dal_rl,18,55,30052,0.00571549,0,20,29825,0.00562872,19320,19320,0,15772,
mcs90_r02_s20.A07,mcs90_r02_s20.B07,dal_rl,18,59,59259,0.0111224,0,20,59032,0.0110444,37247,37247,0,31531,
mcs90_r02_s20.A08,mcs90_r02_s20.B08,dal_rl,18,60,10654,0.00205587,0,20,10444,0.00198256,6804,6804,0,5706,
mcs90_r02_s20.A09,mcs90_r02_s20.B09,dal_rl,18,55,38757,0.00746513,0,20,38665,0.00741181,24702,24702,0,20290,
mcs90_r02_s25.A00,mcs90_r02_s25.B00,dal_rl,22,80,211996,0.0406363,0,25,210628,0.0402856,129466,129466,0,110302,
mcs90_r02_s25.A01,mcs90_r02_s25.B01,dal_rl,22,92,164138,0.029558,0,25,163454,0.0293514,104586,104586,0,87592,
mcs90_r02_s25.A02,mcs90_r02_s25.B02,dal_rl,22,88,377270,0.0780458,0,25,376597,0.0778619,237029,237029,0,205317,
mcs90_r02_s25.A03,mcs90_r02_s25.B03,dal_rl,22,85,271381,0.0510757,0,25,270527,0.0508318,164547,164547,0,140461,
mcs90_r02_s25.A04,mcs90_r02_s25.B04,dal_rl,22,85,346260,0.0710304,0,25,345331,0.0707659,212678,212678,0,180615,
mcs90_r02_s25.A05,mcs90_r02_s25.B05,dal_rl,22,80,119500,0.0324106,0,25,119176,0.0322757,77425,77425,0,68210,
mcs90_r02_s25.A06,mcs90_r02_s25.B06,dal_rl,22,80,172198,0.047019,0,25,170745,0.0466332,104556,104556,0,89151,
mcs90_r02_s25.A07,mcs90_r02_s25.B07,dal_rl,22,85,226319,0.0586109,0,25,225713,0.0584103,136873,136873,0,119900,
mcs90_r02_s25.A08,mcs90_r02_s25.B08,dal_rl,22,81,124311,0.0376815,0,25,123833,0.0374955,79711,79711,0,68863,
mcs90_r02_s25.A09,mcs90_r02_s25.B09,dal_rl,22,83,72250,0.0178999,0,25,71458,0.0176104,43866,43866,0,38516,
mcs90_r02_s30.A00,mcs90_r02_s30.B00,dal_rl,27,127,2471848,0.626567,0,30,2470203,0.625997,1494206,1494206,0,1314033,
mcs90_r02_s30.A01,mcs90_r02_s30.B01,dal_rl,27,127,988949,0.269159,0,30,987858,0.268749,625157,625157,0,553319,
mcs90_r02_s30.A02,mcs90_r02_s30.B02,dal_rl,27,121,1753554,0.41014,0,30,1752958,0.409924,1104552,1104552,0,975299,
mcs90_r02_s30.A03,mcs90_r02_s30.B03,dal_rl,27,131,1866318,0.45815,0,30,1865709,0.457925,1176991,1176991,0,1052927,
mcs90_r02_s30.A04,mcs90_r02_s30.B04,dal_rl,27,123,754392,0.177827,0,30,753632,0.177567,485275,485275,0,432601,
mcs90_r02_s30.A05,mcs90_r02_s30.B05,dal_rl,27,132,4043594,0.839579,0,30,4042836,0.839322,2435903,2435903,0,2158550,
mcs90_r02_s30.A06,mcs90_r02_s30.B06,dal_rl,27,130,1199921,0.265045,0,30,1199510,0.264883,725323,725323,0,634162,
mcs90_r02_s30.A07,mcs90_r02_s30.B07,dal_rl,27,129,1967199,0.451954,0,30,1965959,0.451572,1203251,1203251,0,1069008,
mcs90_r02_s30.A08,mcs90_r02_s30.B08,dal_rl,27,124,1750608,0.409708,0,30,1749155,0.409276,1092581,1092581,0,981586,
mcs90_r02_s30.A09,mcs90_r02_s30.B09,dal_rl,27,124,1212650,0.322116,0,30,1211422,0.321667,744536,744536,0,652226,
mcs90_r02_s35.A00,mcs90_r02_s35.B00,dal_rl,31,161,917915,0.331913,0,35,912074,0.329755,594778,594778,0,545591,
mcs90_r02_s35.A01,mcs90_r02_s35.B01,dal_rl,31,165,4322372,1.05084,0,35,4316209,1.04905,2627234,2627234,0,2383161,
mcs90_r02_s35.A02,mcs90_r02_s35.B02,dal_rl,31,173,15053490,3.62465,0,35,15049194,3.6233,9203273,9203273,0,8392505,
mcs90_r02_s35.A03,mcs90_r02_s35.B03,dal_rl,31,173,24264,0.00666864,0,35,18605,0.00489763,16047,16047,0,14556,
mcs90_r02_s35.A04,mcs90_r02_s35.B04,dal_rl,31,164,18305259,4.41516,0,35,18302927,4.41441,11198496,11198496,0,9935764,
mcs90_r02_s35.A05,mcs90_r02_s35.B05,dal_rl,31,159,14225621,3.80516,0,35,14223312,3.80442,8927455,8927455,0,8174912,
mcs90_r02_s35.A06,mcs90_r02_s35.B06,dal_rl,31,159,18802237,4.4786,0,35,18798589,4.47746,11348480,11348480,0,10302477,
mcs90_r02_s35.A07,mcs90_r02_s35.B07,dal_rl,31,169,12002952,3.11925,0,35,11996649,3.11732,7309270,7309270,0,6763483,
mcs90_r02_s35.A08,mcs90_r02_s35.B08,dal_rl,31,177,11506945,2.50978,0,35,11499155,2.50744,6823380,6823380,0,6124212,
mcs90_r02_s35.A09,mcs90_r02_s35.B09,dal_rl,31,167,20666302,4.84522,0,35,20663639,4.84439,12695990,12695990,0,11367637,
mcs90_r02_s40.A00,mcs90_r02_s40.B00,dal_rl,36,222,67829094,19.2193,0,40,67823267,19.2174,41635198,41635198,0,38578387,
mcs90_r02_s40.A01,mcs90_r02_s40.B01,dal_rl,36,230,12041025,3.28791,0,40,12036884,3.28649,7282959,7282959,0,6769074,
mcs90_r02_s40.A02,mcs90_r02_s40.B02,dal_rl,36,230,19891717,5.95522,0,40,19885517,5.95322,12495504,12495504,0,11706164,
mcs90_r02_s40.A03,mcs90_r02_s40.B03,dal_rl,36,221,37052874,10.2569,0,40,37048679,10.2556,22596524,22596524,0,21102708,
mcs90_r02_s40.A04,mcs90_r02_s40.B04,dal_rl,36,225,29253224,8.09625,0,40,29248236,8.0946,18055606,18055606,0,16727476,
mcs90_r02_s40.A05,mcs90_r02_s40.B05,dal_rl,36,225,9363558,2.64074,0,40,9361684,2.64006,5886048,5886048,0,5334003,
mcs90_r02_s40.A06,mcs90_r02_s40.B06,dal_rl,36,235,98717680,28.5601,0,40,98711103,28.5579,60220748,60220748,0,56240865,
mcs90_r02_s40.A07,mcs90_r02_s40.B07,dal_rl,36,243,28394917,10.2679,0,40,28393569,10.2673,17947227,17947227,0,16765934,
mcs90_r02_s40.A08,mcs90_r02_s40.B08,dal_rl,36,233,153999057,45.9293,0,40,153990512,45.9257,89990916,89990916,0,82283639,
mcs90_r02_s40.A09,mcs90_r02_s40.B09,dal_rl,36,234,66241817,17.4891,0,40,66236524,17.4874,40017298,40017298,0,36932662,
mcs90_r02_s50.A00,mcs90_r02_s50.B00,dal_rl,45,359,414684601,124.147,0,50,414665707,124.139,245413119,245413119,0,233444458,
mcs90_r02_s50.A01,mcs90_r02_s50.B01,dal_rl,45,362,664206057,189.675,0,50,664193102,189.67,391225814,391225814,0,367021499,
mcs90_r02_s50.A02,mcs90_r02_s50.B02,dal_rl,45,366,428474123,130.123,0,50,428462165,130.118,255112792,255112792,0,241229224,
mcs90_r02_s50.A03,mcs90_r02_s50.B03,dal_rl,45,357,364886798,117.84,0,50,364881923,117.838,226104815,226104815,0,214576980,
mcs90_r02_s50.A04,mcs90_r02_s50.B04,dal_rl,45,359,30780170,11.0123,0,50,30769104,11.0082,19488035,19488035,0,18570891,
mcs90_r02_s50.A05,mcs90_r02_s50.B05,dal_rl,45,350,3024335636,771.69,0,50,3024322831,771.686,1752275994,1752275994,0,1620209105,
mcs90_r02_s50.A06,mcs90_r02_s50.B06,dal_rl,45,363,392464712,119.579,0,50,392444056,119.571,235632058,235632058,0,223211440,
mcs90_r02_s50.A07,mcs90_r02_s50.B07,dal_rl,45,361,1529282348,418.761,0,50,1529263412,418.754,911753996,911753996,0,851535428,
mcs90_r02_s50.A08,mcs90_r02_s50.B08,dal_rl,45,350,2092789899,551.99,0,50,2092764039,551.98,1241185439,1241185439,0,1148132524,
mcs90_r02_s50.A09,mcs90_r02_s50.B09,dal_rl,45,356,623539168,180.159,0,50,623523277,180.153,369087967,369087967,0,349343827,
mcs90_r02_s60.A00,mcs90_r02_s60.B00,dal_rl,24,104,3635974698,1000.02,1,60,3613386732,991.899,2056101969,2056101969,0,1951114638,
mcs90_r02_s60.A01,mcs90_r02_s60.B01,dal_rl,21,77,3380371450,1000.02,1,60,3015301123,868.044,1911862866,1911862866,0,1794782488,
mcs90_r02_s60.A02,mcs90_r02_s60.B02,dal_rl,54,504,900521474,384.154,0,60,900470713,384.122,543630288,543630288,0,520689423,
mcs90_r02_s60.A03,mcs90_r02_s60.B03,dal_rl,22,79,3015425150,1000.01,1,60,1977196576,623.255,1714934319,1714934319,0,1628841818,
mcs90_r02_s60.A04,mcs90_r02_s60.B04,dal_rl,26,129,3281220106,1000.02,1,60,3156250245,945.719,1852768187,1852768187,0,1747852473,
mcs90_r02_s60.A05,mcs90_r02_s60.B05,dal_rl,19,69,3067773663,1000.02,1,60,491817727,145.5,1753159053,1753159053,0,1643096003,
mcs90_r02_s60.A06,mcs90_r02_s60.B06,dal_rl,54,519,1943540671,826.992,0,60,1943491522,826.967,1157581654,1157581654,0,1115370856,
mcs90_r02_s60.A07,mcs90_r02_s60.B07,dal_rl,54,522,740978202,672.073,0,60,740945081,672.044,484751780,484751780,0,472446908,
mcs90_r02_s60.A08,mcs90_r02_s60.B08,dal_rl,17,59,4037991509,1000.01,1,60,2154566,0.462972,2267266055,2267266055,0,2109520359,
mcs90_r02_s60.A09,mcs90_r02_s60.B09,dal_rl,18,55,4066320952,1000.02,1,60,2729118723,654.66,2287480134,2287480134,0,2147847891,
mcs90_r02_s70.A00,mcs90_r02_s70.B00,dal_rl,19,66,3551437806,1000.01,1,70,362828435,89.8938,1959902676,1959902676,0,1870444634,
mcs90_r02_s70.A01,mcs90_r02_s70.B01,dal_rl,18,69,3900382338,1000.02,1,70,164911214,39.5245,2139451064,2139451064,0,2029828074,
mcs90_r02_s70.A02,mcs90_r02_s70.B02,dal_rl,18,63,3996144958,1000.01,1,70,34311675,7.86517,2201344254,2201344254,0,2076307702,
mcs90_r02_s70.A03,mcs90_r02_s70.B03,dal_rl,21,89,3599705387,1000.02,1,70,3048294708,825.982,1974124881,1974124881,0,1894787041,
mcs90_r02_s70.A04,mcs90_r02_s70.B04,dal_rl,26,118,3382482625,1000.02,1,70,2785920662,770.801,1907320014,1907320014,0,1830968877,
mcs90_r02_s70.A05,mcs90_r02_s70.B05,dal_rl,19,62,3150320372,1000.01,1,70,1250514043,376.878,1733087236,1733087236,0,1656925965,
mcs90_r02_s70.A06,mcs90_r02_s70.B06,dal_rl,18,65,3202523218,1000.01,1,70,88463254,25.4701,1770415141,1770415141,0,1670132796,
mcs90_r02_s70.A07,mcs90_r02_s70.B07,dal_rl,18,65,3964641219,1000.01,1,70,73715347,17.1937,2190656511,2190656511,0,2071580384,
mcs90_r02_s70.A08,mcs90_r02_s70.B08,dal_rl,23,89,3111136062,1000.02,1,70,1421621652,358.584,1746732500,1746732500,0,1681781358,
mcs90_r02_s70.A09,mcs90_r02_s70.B09,dal_rl,20,76,3587822690,1000.01,1,70,988210512,251.139,2014806371,2014806371,0,1908820097,
mcs90_r02_s80.A00,mcs90_r02_s80.B00,dal_rl,19,69,3726932535,1000.01,1,80,799678820,199.527,2010059030,2010059030,0,1929404834,
mcs90_r02_s80.A01,mcs90_r02_s80.B01,dal_rl,19,76,3882054481,1000.01,1,80,214596724,51.4347,2125499215,2125499215,0,2021312192,
mcs90_r02_s80.A02,mcs90_r02_s80.B02,dal_rl,19,74,3834263430,1000.02,1,80,2036473316,513.522,2094196816,2094196816,0,1998525321,
mcs90_r02_s80.A03,mcs90_r02_s80.B03,dal_rl,19,57,2985180500,1000.01,1,80,96709581,30.2914,1627617887,1627617887,0,1559082311,
mcs90_r02_s80.A04,mcs90_r02_s80.B04,dal_rl,25,98,2946077885,1000.02,1,80,1372173871,369.855,1616712417,1616712417,0,1568577389,
mcs90_r02_s80.A05,mcs90_r02_s80.B05,dal_rl,21,74,3846347490,1000.02,1,80,3260428087,817.561,2104516324,2104516324,0,1997883465,
mcs90_r02_s80.A06,mcs90_r02_s80.B06,dal_rl,19,60,3865687159,1000.01,1,80,73836908,17.5799,2130746401,2130746401,0,2019563896,
mcs90_r02_s80.A07,mcs90_r02_s80.B07,dal_rl,20,78,3777944555,1000.01,1,80,3375766138,883.931,2074704856,2074704856,0,1981488345,
mcs90_r02_s80.A08,mcs90_r02_s80.B08,dal_rl,19,64,2970025647,1000.01,1,80,234551064,71.2651,1615762728,1615762728,0,1555674507,
mcs90_r02_s80.A09,mcs90_r02_s80.B09,dal_rl,19,72,3425625427,1000.01,1,80,1947690883,550.808,1861152283,1861152283,0,1770905268,
mcs90_r02_s90.A00,mcs90_r02_s90.B00,dal_rl,19,70,3404629649,1000.01,1,90,43186830,11.5823,1818366349,1818366349,0,1750722378,
mcs90_r02_s90.A01,mcs90_r02_s90.B01,dal_rl,19,68,3722982757,1000.01,1,90,475361061,119.782,2014352092,2014352092,0,1923773464,
mcs90_r02_s90.A02,mcs90_r02_s90.B02,dal_rl,19,65,3216753698,1000.02,1,90,16713451,4.66731,1720031421,1720031421,0,1647883768,
mcs90_r02_s90.A03,mcs90_r02_s90.B03,dal_rl,20,73,3093632942,1000.02,1,90,2562560265,816.926,1650666422,1650666422,0,1585107895,
mcs90_r02_s90.A04,mcs90_r02_s90.B04,dal_rl,19,55,3229038405,1000.01,1,90,12810950,3.38335,1744626228,1744626228,0,1670883098,
mcs90_r02_s90.A05,mcs90_r02_s90.B05,dal_rl,20,64,3089515719,1000.01,1,90,67089384,19.4744,1665669224,1665669224,0,1607676510,
mcs90_r02_s90.A06,mcs90_r02_s90.B06,dal_rl,19,68,3264295422,1000.02,1,90,27933353,7.615,1739661719,1739661719,0,1681897253,
mcs90_r02_s90.A07,mcs90_r02_s90.B07,dal_rl,19,71,3876587453,1000.02,1,90,106466264,24.891,2083210148,2083210148,0,2000158451,
mcs90_r02_s90.A08,mcs90_r02_s90.B08,dal_rl,19,67,3859313567,1000.02,1,90,268489826,64.5121,2075551944,2075551944,0,1996033658,
mcs90_r02_s90.A09,mcs90_r02_s90.B09,dal_rl,19,65,3585832476,1000.02,1,90,177440535,42.7362,1919865815,1919865815,0,1847370411,
