instance_a, instance_b, algo, unified_size, unified_edges, unified_nodes, unified_time, unified_aborted, unified_nodes_to_best, unified_time_to_best,unified_cut_branches, unified_bound_pruned, unified_sym_pruned
mcs10_b03_s100.A00,mcs10_b03_s100.B00,dsb_never,62,49,25379127110,1000.02,1,1120695975,44.879,19057157425,19057157425,0
mcs10_b03_s100.A01,mcs10_b03_s100.B01,dsb_never,64,52,16975833421,1000.02,1,5237921372,323.28,14394006571,14394006571,0
mcs10_b03_s100.A02,mcs10_b03_s100.B02,dsb_never,61,46,25149309248,1000.01,1,9512670114,391.655,20172089775,20172089775,0
mcs10_b03_s100.A03,mcs10_b03_s100.B03,dsb_never,63,52,27779476149,1000.01,1,30051623,1.1293,21361615939,21361615939,0
mcs10_b03_s100.A04,mcs10_b03_s100.B04,dsb_never,65,52,32216048037,1000.02,1,5145626594,174.088,24438379315,24438379315,0
mcs10_b03_s100.A05,mcs10_b03_s100.B05,dsb_never,64,51,22395792795,1000.02,1,103589106,3.42511,18904887172,18904887172,0
mcs10_b03_s100.A06,mcs10_b03_s100.B06,dsb_never,73,64,9551118621,1000.02,1,234692989,22.786,6618931728,6618931728,0
mcs10_b03_s100.A07,mcs10_b03_s100.B07,dsb_never,63,47,31947949338,1000.02,1,22389380347,699.08,24048470626,24048470626,0
mcs10_b03_s100.A08,mcs10_b03_s100.B08,dsb_never,59,46,29508359005,1000.02,1,4876464878,161.139,23594325145,23594325145,0
mcs10_b03_s100.A09,mcs10_b03_s100.B09,dsb_never,67,55,10487330845,1000.02,1,2417689392,200.913,8685640917,8685640917,0
mcs10_b03_s40.A00,mcs10_b03_s40.B00,dsb_never,31,27,117353948,11.3042,0,14797705,1.39953,78776245,78776245,0
mcs10_b03_s40.A01,mcs10_b03_s40.B01,dsb_never,31,24,33766439,3.21047,0,1755515,0.153178,25457371,25457371,0
mcs10_b03_s40.A02,mcs10_b03_s40.B02,dsb_never,31,23,388610191,35.1492,0,350674664,31.2806,286452822,286452822,0
mcs10_b03_s40.A03,mcs10_b03_s40.B03,dsb_never,31,24,92973411,9.51443,0,18394885,1.85945,64930089,64930089,0
mcs10_b03_s40.A04,mcs10_b03_s40.B04,dsb_never,31,27,52569623,5.13719,0,260508,0.0197477,38137306,38137306,0
mcs10_b03_s40.A05,mcs10_b03_s40.B05,dsb_never,31,28,60071495,6.12383,0,14245550,1.4081,43274569,43274569,0
mcs10_b03_s40.A06,mcs10_b03_s40.B06,dsb_never,31,25,81141150,7.78776,0,39540055,3.60413,57338226,57338226,0
mcs10_b03_s40.A07,mcs10_b03_s40.B07,dsb_never,30,24,859795038,82.5773,0,8454340,0.758813,616469687,616469687,0
mcs10_b03_s40.A08,mcs10_b03_s40.B08,dsb_never,31,27,87092379,8.2194,0,3306305,0.258463,62124349,62124349,0
mcs10_b03_s40.A09,mcs10_b03_s40.B09,dsb_never,31,28,85920394,8.60234,0,117209,0.00943287,63748410,63748410,0
mcs10_b03_s50.A00,mcs10_b03_s50.B00,dsb_never,39,28,7375280761,752.059,0,2484114344,243.473,5276660451,5276660451,0
mcs10_b03_s50.A01,mcs10_b03_s50.B01,dsb_never,40,29,1594972764,169.231,0,1416224282,149.042,1120077776,1120077776,0
mcs10_b03_s50.A02,mcs10_b03_s50.B02,dsb_never,40,30,3943741320,422.445,0,3590517274,383.093,2929231256,2929231256,0
mcs10_b03_s50.A03,mcs10_b03_s50.B03,dsb_never,40,31,2497210352,260.993,0,2460730686,256.983,1729812000,1729812000,0
mcs10_b03_s50.A04,mcs10_b03_s50.B04,dsb_never,39,32,3042109268,338.589,0,274898404,26.2821,2241448374,2241448374,0
mcs10_b03_s50.A05,mcs10_b03_s50.B05,dsb_never,39,35,2626986971,275.765,0,44915913,3.91487,1822750350,1822750350,0
mcs10_b03_s50.A06,mcs10_b03_s50.B06,dsb_never,39,31,9654268905,1000,1,5266528734,550.637,7112324640,7112324640,0
mcs10_b03_s50.A07,mcs10_b03_s50.B07,dsb_never,39,33,4932932103,505.335,0,718483090,58.4904,3706009646,3706009646,0
mcs10_b03_s50.A08,mcs10_b03_s50.B08,dsb_never,39,30,2725361801,301.018,0,601385797,63.2072,2017763441,2017763441,0
mcs10_b03_s50.A09,mcs10_b03_s50.B09,dsb_never,39,29,3760285322,413.194,0,266443319,27.8314,2756793213,2756793213,0
mcs10_b03_s60.A00,mcs10_b03_s60.B00,dsb_never,47,37,9583965040,1000.01,1,607840866,53.7175,6913550920,6913550920,0
mcs10_b03_s60.A01,mcs10_b03_s60.B01,dsb_never,46,44,9792062017,1000.02,1,3257386483,311.635,7049478092,7049478092,0
mcs10_b03_s60.A02,mcs10_b03_s60.B02,dsb_never,45,34,10203085997,1000.02,1,6641103845,640.227,7265285060,7265285060,0
mcs10_b03_s60.A03,mcs10_b03_s60.B03,dsb_never,46,41,9171138135,1000.02,1,505351850,46.7937,6511590730,6511590730,0
mcs10_b03_s60.A04,mcs10_b03_s60.B04,dsb_never,47,36,15730796290,1000.02,1,15660980511,992.1,12679065714,12679065714,0
mcs10_b03_s60.A05,mcs10_b03_s60.B05,dsb_never,46,35,9392232080,1000,1,356124303,32.3277,6931522811,6931522811,0
mcs10_b03_s60.A06,mcs10_b03_s60.B06,dsb_never,48,35,8906967563,1000.01,1,4642549247,497.708,6354025224,6354025224,0
mcs10_b03_s60.A07,mcs10_b03_s60.B07,dsb_never,47,34,9138435822,1000.02,1,2190207266,208.604,6512238752,6512238752,0
mcs10_b03_s60.A08,mcs10_b03_s60.B08,dsb_never,45,41,10446151004,1000.02,1,159289964,10.0002,7260773916,7260773916,0
mcs10_b03_s60.A09,mcs10_b03_s60.B09,dsb_never,45,35,10793700608,1000.02,1,2944428317,237.913,7216859498,7216859498,0
mcs10_b03_s70.A00,mcs10_b03_s70.B00,dsb_never,49,36,9658401247,1000.02,1,898707890,87.2965,7359638489,7359638489,0
mcs10_b03_s70.A01,mcs10_b03_s70.B01,dsb_never,42,32,27039841371,1000.01,1,627034798,23.0391,21709931108,21709931108,0
mcs10_b03_s70.A02,mcs10_b03_s70.B02,dsb_never,52,39,21494711579,1000.01,1,7090865851,286.595,15962942882,15962942882,0
mcs10_b03_s70.A03,mcs10_b03_s70.B03,dsb_never,50,43,12024218364,1000.01,1,7492454396,607.742,8528006970,8528006970,0
mcs10_b03_s70.A04,mcs10_b03_s70.B04,dsb_never,51,42,11962543923,1000.01,1,4459332636,281.671,8533657606,8533657606,0
mcs10_b03_s70.A05,mcs10_b03_s70.B05,dsb_never,52,39,10037026775,1000.01,1,5608379509,508.059,7111786842,7111786842,0
mcs10_b03_s70.A06,mcs10_b03_s70.B06,dsb_never,51,39,12504615636,1000.02,1,1021425841,41.6264,8476643515,8476643515,0
mcs10_b03_s70.A07,mcs10_b03_s70.B07,dsb_never,54,42,16479351944,1000.02,1,16056876958,954.447,12339843605,12339843605,0
mcs10_b03_s70.A08,mcs10_b03_s70.B08,dsb_never,52,43,17619367524,1000.01,1,261161960,18.5924,14340054442,14340054442,0
mcs10_b03_s70.A09,mcs10_b03_s70.B09,dsb_never,51,41,9731253598,1000.02,1,590182904,57.9552,7203488520,7203488520,0
mcs10_b03_s80.A00,mcs10_b03_s80.B00,dsb_never,50,37,29744301373,1000.02,1,25565796277,871.902,23696379213,23696379213,0
mcs10_b03_s80.A01,mcs10_b03_s80.B01,dsb_never,54,43,24793680513,1000.01,1,6688122757,258.903,20953804950,20953804950,0
mcs10_b03_s80.A02,mcs10_b03_s80.B02,dsb_never,53,38,28944999102,1000.02,1,3981635789,162.275,22782604087,22782604087,0
mcs10_b03_s80.A03,mcs10_b03_s80.B03,dsb_never,57,47,10529448515,1000.02,1,6577435348,607.969,7668702579,7668702579,0
mcs10_b03_s80.A04,mcs10_b03_s80.B04,dsb_never,55,41,13731072497,1000.02,1,2506168664,204.927,11081894312,11081894312,0
mcs10_b03_s80.A05,mcs10_b03_s80.B05,dsb_never,58,47,10498561474,1000.01,1,3777016102,325.406,7396262276,7396262276,0
mcs10_b03_s80.A06,mcs10_b03_s80.B06,dsb_never,58,47,14722541063,1000.01,1,6363490776,264.599,10590643833,10590643833,0
mcs10_b03_s80.A07,mcs10_b03_s80.B07,dsb_never,45,37,32501213057,1000.01,1,23860261,0.755407,24377467414,24377467414,0
mcs10_b03_s80.A08,mcs10_b03_s80.B08,dsb_never,57,46,11722830229,1000.02,1,4524436495,376.496,7876579397,7876579397,0
mcs10_b03_s80.A09,mcs10_b03_s80.B09,dsb_never,53,41,31843263960,1000.02,1,30567,0.00274838,24362412698,24362412698,0
mcs10_b03_s90.A00,mcs10_b03_s90.B00,dsb_never,61,53,26662102675,1000.02,1,38380288,1.16123,22041505985,22041505985,0
mcs10_b03_s90.A01,mcs10_b03_s90.B01,dsb_never,57,43,33179612204,1000.02,1,34104684,1.06333,24684675899,24684675899,0
mcs10_b03_s90.A02,mcs10_b03_s90.B02,dsb_never,57,49,13670524343,1000.01,1,14216,0.00064408,10841403720,10841403720,0
mcs10_b03_s90.A03,mcs10_b03_s90.B03,dsb_never,57,48,32402538992,1000.02,1,72097,0.00471438,24207196403,24207196403,0
mcs10_b03_s90.A04,mcs10_b03_s90.B04,dsb_never,61,49,17468343549,1000.01,1,13713022667,647.276,13329041594,13329041594,0
mcs10_b03_s90.A05,mcs10_b03_s90.B05,dsb_never,65,54,10920495135,1000.01,1,3316882165,189.521,8529776873,8529776873,0
mcs10_b03_s90.A06,mcs10_b03_s90.B06,dsb_never,57,46,22296862749,1000.01,1,11434288376,475.47,18716685067,18716685067,0
mcs10_b03_s90.A07,mcs10_b03_s90.B07,dsb_never,64,48,22823909344,1000.01,1,18877738369,591.724,17306634267,17306634267,0
mcs10_b03_s90.A08,mcs10_b03_s90.B08,dsb_never,64,54,11761850004,1000.02,1,7761991948,661.067,8334614146,8334614146,0
mcs10_b03_s90.A09,mcs10_b03_s90.B09,dsb_never,56,50,28609598094,1000.02,1,85202780,3.51446,23410775846,23410775846,0
mcs10_b03m_s100.A00,mcs10_b03m_s100.B00,dsb_never,61,49,31510748577,1000.02,1,368511,0.0138097,23925305043,23925305043,0
mcs10_b03m_s100.A01,mcs10_b03m_s100.B01,dsb_never,62,44,9065486204,1000.02,1,1649339279,182.866,8280177382,8280177382,0
mcs10_b03m_s100.A02,mcs10_b03m_s100.B02,dsb_never,69,54,32121157665,1000.02,1,76417,0.00580133,24436574738,24436574738,0
mcs10_b03m_s100.A03,mcs10_b03m_s100.B03,dsb_never,59,50,16969133985,1000.02,1,9396728734,552.889,14616326381,14616326381,0
mcs10_b03m_s100.A04,mcs10_b03m_s100.B04,dsb_never,64,54,21544170663,1000.01,1,10848606064,515.212,17940046133,17940046133,0
mcs10_b03m_s100.A05,mcs10_b03m_s100.B05,dsb_never,64,54,31657271351,1000.02,1,405,9.18E-05,24285549946,24285549946,0
mcs10_b03m_s100.A06,mcs10_b03m_s100.B06,dsb_never,70,59,17471531860,1000.02,1,16215116777,877.049,13514531010,13514531010,0
mcs10_b03m_s100.A07,mcs10_b03m_s100.B07,dsb_never,69,54,18610718609,1000.01,1,4115244677,204.484,15399596290,15399596290,0
mcs10_b03m_s100.A08,mcs10_b03m_s100.B08,dsb_never,66,51,31896329100,1000.01,1,289665046,15.5382,23978521025,23978521025,0
mcs10_b03m_s100.A09,mcs10_b03m_s100.B09,dsb_never,67,55,21548708490,1000.02,1,11969024,0.683666,18829702107,18829702107,0
mcs10_b03m_s40.A00,mcs10_b03m_s40.B00,dsb_never,32,28,47935699,4.44563,0,44313020,4.06817,32724429,32724429,0
mcs10_b03m_s40.A01,mcs10_b03m_s40.B01,dsb_never,31,23,316870235,32.5558,0,233652230,24.1235,240501168,240501168,0
mcs10_b03m_s40.A02,mcs10_b03m_s40.B02,dsb_never,32,25,25416408,2.6215,0,23794311,2.4495,18689899,18689899,0
mcs10_b03m_s40.A03,mcs10_b03m_s40.B03,dsb_never,31,26,161388405,15.5288,0,70922578,6.62881,111998587,111998587,0
mcs10_b03m_s40.A04,mcs10_b03m_s40.B04,dsb_never,32,25,44584765,4.25907,0,36634590,3.40491,31978919,31978919,0
mcs10_b03m_s40.A05,mcs10_b03m_s40.B05,dsb_never,31,26,239721842,22.5366,0,211237956,19.6435,170157446,170157446,0
mcs10_b03m_s40.A06,mcs10_b03m_s40.B06,dsb_never,31,28,76001750,7.46888,0,29032820,2.79585,52594971,52594971,0
mcs10_b03m_s40.A07,mcs10_b03m_s40.B07,dsb_never,31,27,101757378,9.99952,0,10134243,0.91098,72053063,72053063,0
mcs10_b03m_s40.A08,mcs10_b03m_s40.B08,dsb_never,31,24,152478836,14.1324,0,26251801,1.89296,111907647,111907647,0
mcs10_b03m_s40.A09,mcs10_b03m_s40.B09,dsb_never,32,26,45096099,4.24177,0,43739257,4.09617,32670828,32670828,0
mcs10_b03m_s50.A00,mcs10_b03m_s50.B00,dsb_never,40,31,2048648432,211.908,0,1794764626,183.639,1495381989,1495381989,0
mcs10_b03m_s50.A01,mcs10_b03m_s50.B01,dsb_never,39,36,8289104527,856.652,0,2277888400,229.531,5909408013,5909408013,0
mcs10_b03m_s50.A02,mcs10_b03m_s50.B02,dsb_never,39,26,6710279781,674.558,0,3522770787,344.093,4849960445,4849960445,0
mcs10_b03m_s50.A03,mcs10_b03m_s50.B03,dsb_never,38,31,9889311958,1000.02,1,790007042,73.6367,7166793731,7166793731,0
mcs10_b03m_s50.A04,mcs10_b03m_s50.B04,dsb_never,39,30,6068192858,611.157,0,4361496319,434.19,4283796524,4283796524,0
mcs10_b03m_s50.A05,mcs10_b03m_s50.B05,dsb_never,39,31,10100249782,1000.01,1,8521019600,830.702,7365791611,7365791611,0
mcs10_b03m_s50.A06,mcs10_b03m_s50.B06,dsb_never,40,35,1904089503,199.02,0,1402952025,144.848,1338576600,1338576600,0
mcs10_b03m_s50.A07,mcs10_b03m_s50.B07,dsb_never,40,31,352350263,38.4238,0,94220060,8.4859,260487389,260487389,0
mcs10_b03m_s50.A08,mcs10_b03m_s50.B08,dsb_never,39,31,7200401095,767.218,0,523404542,50.0341,5265517814,5265517814,0
mcs10_b03m_s50.A09,mcs10_b03m_s50.B09,dsb_never,40,28,4732218178,506.917,0,4725689101,506.208,3471068783,3471068783,0
mcs10_b03m_s60.A00,mcs10_b03m_s60.B00,dsb_never,39,31,30795912501,1000.01,1,364083526,12.6545,23903404173,23903404173,0
mcs10_b03m_s60.A01,mcs10_b03m_s60.B01,dsb_never,47,35,10650151977,1000.01,1,8914433877,793.557,7933652467,7933652467,0
mcs10_b03m_s60.A02,mcs10_b03m_s60.B02,dsb_never,47,42,8821885511,1000.02,1,288427315,26.341,6337397988,6337397988,0
mcs10_b03m_s60.A03,mcs10_b03m_s60.B03,dsb_never,40,32,28784909412,1000.01,1,17893923,0.620179,23163987980,23163987980,0
mcs10_b03m_s60.A04,mcs10_b03m_s60.B04,dsb_never,47,36,9711509128,1000.01,1,5577866475,519.256,7449177428,7449177428,0
mcs10_b03m_s60.A05,mcs10_b03m_s60.B05,dsb_never,44,36,10204319789,1000.02,1,6838620,0.537235,6975717334,6975717334,0
mcs10_b03m_s60.A06,mcs10_b03m_s60.B06,dsb_never,46,35,9242656337,1000.02,1,696104323,67.4702,6779425951,6779425951,0
mcs10_b03m_s60.A07,mcs10_b03m_s60.B07,dsb_never,44,35,9919933366,1000.02,1,1707625454,165.317,6827212091,6827212091,0
mcs10_b03m_s60.A08,mcs10_b03m_s60.B08,dsb_never,46,39,9703314376,1000.01,1,3614444578,351.087,6502334279,6502334279,0
mcs10_b03m_s60.A09,mcs10_b03m_s60.B09,dsb_never,39,30,22632197116,1000,1,567699,0.0207407,19065255348,19065255348,0
mcs10_b03m_s70.A00,mcs10_b03m_s70.B00,dsb_never,46,33,31831611270,1000.01,1,15985703225,487.746,24171450873,24171450873,0
mcs10_b03m_s70.A01,mcs10_b03m_s70.B01,dsb_never,45,40,26551034009,1000.02,1,1725244560,64.9229,22254087690,22254087690,0
mcs10_b03m_s70.A02,mcs10_b03m_s70.B02,dsb_never,51,40,11135348210,1000.02,1,10460992178,927.846,8327437080,8327437080,0
mcs10_b03m_s70.A03,mcs10_b03m_s70.B03,dsb_never,53,42,6634885162,1000.02,1,4780235898,611.108,4880698760,4880698760,0
mcs10_b03m_s70.A04,mcs10_b03m_s70.B04,dsb_never,45,31,8091965035,1000.02,1,1060594866,115.775,6079645632,6079645632,0
mcs10_b03m_s70.A05,mcs10_b03m_s70.B05,dsb_never,51,40,5426214331,1000.02,1,444698114,47.3111,3608506589,3608506589,0
mcs10_b03m_s70.A06,mcs10_b03m_s70.B06,dsb_never,53,44,4646957803,1000.02,1,2461186081,493.07,3306871968,3306871968,0
mcs10_b03m_s70.A07,mcs10_b03m_s70.B07,dsb_never,51,43,5378667092,1000.02,1,3731602501,681.613,3615985233,3615985233,0
mcs10_b03m_s70.A08,mcs10_b03m_s70.B08,dsb_never,51,43,5454778920,1000.02,1,2168839423,329.644,3810299353,3810299353,0
mcs10_b03m_s70.A09,mcs10_b03m_s70.B09,dsb_never,47,39,13751367682,1000.02,1,1479702,0.216112,11584150405,11584150405,0
mcs10_b03m_s80.A00,mcs10_b03m_s80.B00,dsb_never,52,41,15611688630,1000.02,1,2589055194,169.602,12060644920,12060644920,0
mcs10_b03m_s80.A01,mcs10_b03m_s80.B01,dsb_never,49,39,13785748861,1000.02,1,88013195,6.31936,11126295169,11126295169,0
mcs10_b03m_s80.A02,mcs10_b03m_s80.B02,dsb_never,59,46,16711243777,1000,1,11560240155,448.245,12479507330,12479507330,0
mcs10_b03m_s80.A03,mcs10_b03m_s80.B03,dsb_never,52,40,24554717882,1000.02,1,15471658337,601.557,20560490288,20560490288,0
mcs10_b03m_s80.A04,mcs10_b03m_s80.B04,dsb_never,58,48,10975729985,1000.02,1,1842723335,161.433,7306096143,7306096143,0
mcs10_b03m_s80.A05,mcs10_b03m_s80.B05,dsb_never,60,44,14663824127,1000.02,1,11693945734,653.611,11695783905,11695783905,0
mcs10_b03m_s80.A06,mcs10_b03m_s80.B06,dsb_never,50,39,20737307175,1000.02,1,19631123,0.918966,17994951440,17994951440,0
mcs10_b03m_s80.A07,mcs10_b03m_s80.B07,dsb_never,58,45,9364693709,1000.02,1,1274311035,112.476,7184268838,7184268838,0
mcs10_b03m_s80.A08,mcs10_b03m_s80.B08,dsb_never,53,40,10580325494,1000.02,1,66796324,6.04829,7573723664,7573723664,0
mcs10_b03m_s80.A09,mcs10_b03m_s80.B09,dsb_never,57,41,31724843934,1000.02,1,2841694780,88.6135,24289338713,24289338713,0
mcs10_b03m_s90.A00,mcs10_b03m_s90.B00,dsb_never,60,48,27086078137,1000.02,1,17055095504,646.065,22904018044,22904018044,0
mcs10_b03m_s90.A01,mcs10_b03m_s90.B01,dsb_never,58,46,29287889168,1000.02,1,100194770,4.75408,23464269294,23464269294,0
mcs10_b03m_s90.A02,mcs10_b03m_s90.B02,dsb_never,65,53,10449982474,1000.02,1,1326568710,84.3184,7311736505,7311736505,0
mcs10_b03m_s90.A03,mcs10_b03m_s90.B03,dsb_never,67,58,10233978843,1000.02,1,2527735325,236.011,6825488147,6825488147,0
mcs10_b03m_s90.A04,mcs10_b03m_s90.B04,dsb_never,59,47,27331129791,1000.02,1,18384321236,686.353,22739740782,22739740782,0
mcs10_b03m_s90.A05,mcs10_b03m_s90.B05,dsb_never,63,52,9184140577,1000.02,1,5322855296,557.561,7415630073,7415630073,0
mcs10_b03m_s90.A06,mcs10_b03m_s90.B06,dsb_never,66,51,9158491558,1000.01,1,2935386026,249.056,6727664886,6727664886,0
mcs10_b03m_s90.A07,mcs10_b03m_s90.B07,dsb_never,52,42,30471626452,1000.02,1,178843744,5.4449,23986822121,23986822121,0
mcs10_b03m_s90.A08,mcs10_b03m_s90.B08,dsb_never,55,44,27950383318,1000.02,1,43140734,1.4732,23289115239,23289115239,0
mcs10_b03m_s90.A09,mcs10_b03m_s90.B09,dsb_never,60,47,27667885322,1000.02,1,2900633176,142.085,21282003340,21282003340,0
mcs10_b06_s100.A00,mcs10_b06_s100.B00,dsb_never,54,62,7474409013,1000.02,1,2152232447,292.049,4874119397,4874119397,0
mcs10_b06_s100.A01,mcs10_b06_s100.B01,dsb_never,52,59,7348152443,1000.01,1,6537770331,884.618,4568363333,4568363333,0
mcs10_b06_s100.A02,mcs10_b06_s100.B02,dsb_never,56,61,7485461653,1000.02,1,2213343171,286.032,4656833939,4656833939,0
mcs10_b06_s100.A03,mcs10_b06_s100.B03,dsb_never,54,55,8292584130,1000.01,1,6216306174,740.626,5195986925,5195986925,0
mcs10_b06_s100.A04,mcs10_b06_s100.B04,dsb_never,50,54,8498376923,1000.01,1,4306822246,509.004,5403476588,5403476588,0
mcs10_b06_s100.A05,mcs10_b06_s100.B05,dsb_never,54,57,7773149068,1000.02,1,1953088100,250.185,4762896060,4762896060,0
mcs10_b06_s100.A06,mcs10_b06_s100.B06,dsb_never,56,60,8317813899,1000.01,1,1883472301,221.368,5594070059,5594070059,0
mcs10_b06_s100.A07,mcs10_b06_s100.B07,dsb_never,52,55,9749110841,1000.02,1,1222004235,106.123,6488867345,6488867345,0
mcs10_b06_s100.A08,mcs10_b06_s100.B08,dsb_never,51,53,8294185227,1000.02,1,7581871835,909.874,5170887347,5170887347,0
mcs10_b06_s100.A09,mcs10_b06_s100.B09,dsb_never,54,61,9111674229,1000.02,1,3454609683,343.154,5768317842,5768317842,0
mcs10_b06_s70.A00,mcs10_b06_s70.B00,dsb_never,39,46,8093886371,1000.02,1,608369989,74.3959,5024363938,5024363938,0
mcs10_b06_s70.A01,mcs10_b06_s70.B01,dsb_never,38,40,7044127149,1000.01,1,65466053,8.01065,4689683021,4689683021,0
mcs10_b06_s70.A02,mcs10_b06_s70.B02,dsb_never,40,54,7498290620,1000.02,1,682049358,89.7,4752540487,4752540487,0
mcs10_b06_s70.A03,mcs10_b06_s70.B03,dsb_never,38,36,7311119312,1000.01,1,1502687640,196.883,4887266601,4887266601,0
mcs10_b06_s70.A04,mcs10_b06_s70.B04,dsb_never,38,35,7732801655,1000.01,1,708298228,81.2846,5280460890,5280460890,0
mcs10_b06_s70.A05,mcs10_b06_s70.B05,dsb_never,41,41,8115387488,1000.02,1,6199842676,758.043,5176527160,5176527160,0
mcs10_b06_s70.A06,mcs10_b06_s70.B06,dsb_never,37,38,10147822191,1000.02,1,4525360776,433.891,7087066933,7087066933,0
mcs10_b06_s70.A07,mcs10_b06_s70.B07,dsb_never,38,44,8430208529,1000.02,1,4424668988,515.644,5456693730,5456693730,0
mcs10_b06_s70.A08,mcs10_b06_s70.B08,dsb_never,39,45,7753025148,1000.01,1,487647403,62.3535,5069741432,5069741432,0
mcs10_b06_s70.A09,mcs10_b06_s70.B09,dsb_never,40,52,8383026349,1000.02,1,728643518,83.4514,5219946771,5219946771,0
mcs10_b06_s80.A00,mcs10_b06_s80.B00,dsb_never,42,39,8635847798,1000.02,1,930352555,100.022,5367531671,5367531671,0
mcs10_b06_s80.A01,mcs10_b06_s80.B01,dsb_never,44,57,8078736480,1000.02,1,1830196445,219.004,5129174579,5129174579,0
mcs10_b06_s80.A02,mcs10_b06_s80.B02,dsb_never,43,39,8914584950,1000.01,1,3755939640,414.986,5752269420,5752269420,0
mcs10_b06_s80.A03,mcs10_b06_s80.B03,dsb_never,42,39,7645164846,1000.02,1,109692670,13.6329,4879391401,4879391401,0
mcs10_b06_s80.A04,mcs10_b06_s80.B04,dsb_never,45,46,7972294163,1000.02,1,657796084,76.4912,5156649447,5156649447,0
mcs10_b06_s80.A05,mcs10_b06_s80.B05,dsb_never,43,56,7795361358,1000,1,20618956,2.74568,4764751302,4764751302,0
mcs10_b06_s80.A06,mcs10_b06_s80.B06,dsb_never,46,61,7429930240,1000.02,1,1014626429,130.925,4594241526,4594241526,0
mcs10_b06_s80.A07,mcs10_b06_s80.B07,dsb_never,45,58,8001284570,1000.01,1,3178523320,394.93,5074629807,5074629807,0
mcs10_b06_s80.A08,mcs10_b06_s80.B08,dsb_never,42,36,7875019617,1000.02,1,12030104,1.25745,5201613821,5201613821,0
mcs10_b06_s80.A09,mcs10_b06_s80.B09,dsb_never,43,45,8276821239,1000.01,1,4498819,0.305437,5289730991,5289730991,0
mcs10_b06_s90.A00,mcs10_b06_s90.B00,dsb_never,48,50,7732077069,1000.02,1,1566765239,207.67,4981317612,4981317612,0
mcs10_b06_s90.A01,mcs10_b06_s90.B01,dsb_never,46,59,8443283837,1000.01,1,21203950,2.20579,5277488941,5277488941,0
mcs10_b06_s90.A02,mcs10_b06_s90.B02,dsb_never,49,56,8181571859,1000.01,1,5871309160,686.773,5078109238,5078109238,0
mcs10_b06_s90.A03,mcs10_b06_s90.B03,dsb_never,48,52,8322943669,1000.02,1,1218439015,146.678,5387531087,5387531087,0
mcs10_b06_s90.A04,mcs10_b06_s90.B04,dsb_never,48,45,7990255039,1000.02,1,1723900118,214.887,4994621103,4994621103,0
mcs10_b06_s90.A05,mcs10_b06_s90.B05,dsb_never,45,40,8813378026,1000.01,1,6486503720,719.445,5697215554,5697215554,0
mcs10_b06_s90.A06,mcs10_b06_s90.B06,dsb_never,50,52,7388256171,1000.01,1,12958683,1.3532,4647880914,4647880914,0
mcs10_b06_s90.A07,mcs10_b06_s90.B07,dsb_never,47,46,8761443131,1000.01,1,100988405,11.019,5717390728,5717390728,0
mcs10_b06_s90.A08,mcs10_b06_s90.B08,dsb_never,50,66,7928400264,1000.01,1,2608423985,316.469,4833030628,4833030628,0
mcs10_b06_s90.A09,mcs10_b06_s90.B09,dsb_never,49,46,8902406078,1000.02,1,456144259,51.8727,5698356386,5698356386,0
mcs10_b06m_s100.A00,mcs10_b06m_s100.B00,dsb_never,52,51,7579222504,1000.02,1,4756290,0.437135,4873718955,4873718955,0
mcs10_b06m_s100.A01,mcs10_b06m_s100.B01,dsb_never,52,48,8105123091,1000.02,1,702202978,81.5931,5035467041,5035467041,0
mcs10_b06m_s100.A02,mcs10_b06m_s100.B02,dsb_never,51,51,8446106985,1000.02,1,6001602414,699.21,5399972844,5399972844,0
mcs10_b06m_s100.A03,mcs10_b06m_s100.B03,dsb_never,54,51,9184361756,1000.02,1,5205627491,549.112,5973742879,5973742879,0
mcs10_b06m_s100.A04,mcs10_b06m_s100.B04,dsb_never,53,58,7734945447,1000.02,1,6814424262,872.359,4754097505,4754097505,0
mcs10_b06m_s100.A05,mcs10_b06m_s100.B05,dsb_never,52,52,8356057330,1000.02,1,179776151,19.825,5290025123,5290025123,0
mcs10_b06m_s100.A06,mcs10_b06m_s100.B06,dsb_never,54,52,8638812222,1000.02,1,783441936,56.4121,5418559407,5418559407,0
mcs10_b06m_s100.A07,mcs10_b06m_s100.B07,dsb_never,55,57,8155854549,1000.02,1,2227777863,256.031,5148903098,5148903098,0
mcs10_b06m_s100.A08,mcs10_b06m_s100.B08,dsb_never,51,48,9825171154,1000.01,1,3841942782,362.158,6218630073,6218630073,0
mcs10_b06m_s100.A09,mcs10_b06m_s100.B09,dsb_never,53,60,7134458902,1000.02,1,300824198,40.222,4514605330,4514605330,0
mcs10_b06m_s70.A00,mcs10_b06m_s70.B00,dsb_never,40,40,8329257290,1000.02,1,752348821,80.6096,5169871093,5169871093,0
mcs10_b06m_s70.A01,mcs10_b06m_s70.B01,dsb_never,38,31,8561817130,1000.01,1,1890840373,211.619,5725615312,5725615312,0
mcs10_b06m_s70.A02,mcs10_b06m_s70.B02,dsb_never,41,44,7607134094,1000.02,1,186454998,21.6309,4933330351,4933330351,0
mcs10_b06m_s70.A03,mcs10_b06m_s70.B03,dsb_never,39,35,7841701201,1000.02,1,552542778,71.4398,5124296636,5124296636,0
mcs10_b06m_s70.A04,mcs10_b06m_s70.B04,dsb_never,39,38,8242669648,1000.02,1,1729125426,204.94,5494332769,5494332769,0
mcs10_b06m_s70.A05,mcs10_b06m_s70.B05,dsb_never,39,36,8163335233,1000.01,1,3185655233,373.666,5349297144,5349297144,0
mcs10_b06m_s70.A06,mcs10_b06m_s70.B06,dsb_never,40,38,7973458068,1000.02,1,2550464896,319.414,5172160288,5172160288,0
mcs10_b06m_s70.A07,mcs10_b06m_s70.B07,dsb_never,39,35,7966979047,1000.02,1,1215194013,137.731,5117916848,5117916848,0
mcs10_b06m_s70.A08,mcs10_b06m_s70.B08,dsb_never,39,43,8442709039,1000.01,1,1699015459,188.014,5368151694,5368151694,0
mcs10_b06m_s70.A09,mcs10_b06m_s70.B09,dsb_never,38,38,7983438876,1000.02,1,1218054486,155.784,5237421547,5237421547,0
mcs10_b06m_s80.A00,mcs10_b06m_s80.B00,dsb_never,43,48,7763620200,1000.01,1,426936131,53.9502,4834338714,4834338714,0
mcs10_b06m_s80.A01,mcs10_b06m_s80.B01,dsb_never,44,46,8190819293,1000.02,1,7689551022,935.309,5124377995,5124377995,0
mcs10_b06m_s80.A02,mcs10_b06m_s80.B02,dsb_never,45,59,7475180997,1000.01,1,677957297,87.2672,4615644137,4615644137,0
mcs10_b06m_s80.A03,mcs10_b06m_s80.B03,dsb_never,45,49,8083528265,1000.02,1,425179363,51.7142,5297016486,5297016486,0
mcs10_b06m_s80.A04,mcs10_b06m_s80.B04,dsb_never,45,47,8146046382,1000.02,1,5878905472,717.008,5320222818,5320222818,0
mcs10_b06m_s80.A05,mcs10_b06m_s80.B05,dsb_never,42,41,9414360243,1000.01,1,818068055,84.3778,6198240694,6198240694,0
mcs10_b06m_s80.A06,mcs10_b06m_s80.B06,dsb_never,44,44,9021765386,1000.02,1,3835608058,411.408,5798742470,5798742470,0
mcs10_b06m_s80.A07,mcs10_b06m_s80.B07,dsb_never,44,43,8107215508,1000.01,1,5528687648,670.061,5038769966,5038769966,0
mcs10_b06m_s80.A08,mcs10_b06m_s80.B08,dsb_never,42,44,8951852421,1000.01,1,63950722,7.26987,5796778961,5796778961,0
mcs10_b06m_s80.A09,mcs10_b06m_s80.B09,dsb_never,45,45,9072940964,1000.02,1,7552687461,819.78,5878793594,5878793594,0
mcs10_b06m_s90.A00,mcs10_b06m_s90.B00,dsb_never,50,47,7761875716,1000.02,1,6370001539,804.097,4980828334,4980828334,0
mcs10_b06m_s90.A01,mcs10_b06m_s90.B01,dsb_never,49,47,8769790265,1000.01,1,7744100267,875.168,5804077923,5804077923,0
mcs10_b06m_s90.A02,mcs10_b06m_s90.B02,dsb_never,49,57,8115769331,1000.01,1,457204036,55.2544,5228559173,5228559173,0
mcs10_b06m_s90.A03,mcs10_b06m_s90.B03,dsb_never,49,43,8849238633,1000.01,1,8329175151,938.224,5899498348,5899498348,0
mcs10_b06m_s90.A04,mcs10_b06m_s90.B04,dsb_never,47,42,8042044668,1000.01,1,3389545841,411.668,5091402407,5091402407,0
mcs10_b06m_s90.A05,mcs10_b06m_s90.B05,dsb_never,49,53,7700741154,1000.01,1,439062414,52.5104,4685872792,4685872792,0
mcs10_b06m_s90.A06,mcs10_b06m_s90.B06,dsb_never,49,54,8244697121,1000.02,1,88143705,9.96956,5012626106,5012626106,0
mcs10_b06m_s90.A07,mcs10_b06m_s90.B07,dsb_never,47,47,8496129390,1000.01,1,3943278,0.426203,5452367699,5452367699,0
mcs10_b06m_s90.A08,mcs10_b06m_s90.B08,dsb_never,48,50,7592156720,1000.02,1,621327475,81.0792,4703340789,4703340789,0
mcs10_b06m_s90.A09,mcs10_b06m_s90.B09,dsb_never,48,45,8598892182,1000.02,1,696571296,76.0594,5759330811,5759330811,0
mcs10_b09_s100.A00,mcs10_b09_s100.B00,dsb_never,42,51,7455205485,1000.02,1,7454531667,999.924,4484630367,4484630367,0
mcs10_b09_s100.A01,mcs10_b09_s100.B01,dsb_never,43,55,7406832106,1000.01,1,6969230401,937.807,4732314304,4732314304,0
mcs10_b09_s100.A02,mcs10_b09_s100.B02,dsb_never,44,63,8297186033,1000.02,1,4313501184,509.179,5212447575,5212447575,0
mcs10_b09_s100.A03,mcs10_b09_s100.B03,dsb_never,44,50,7216298497,1000.02,1,834717483,105.551,4493927184,4493927184,0
mcs10_b09_s100.A04,mcs10_b09_s100.B04,dsb_never,43,53,7152399885,1000.01,1,1871355443,260.288,4446498087,4446498087,0
mcs10_b09_s100.A05,mcs10_b09_s100.B05,dsb_never,45,63,7177580763,1000.01,1,3949125470,533.378,4457393238,4457393238,0
mcs10_b09_s100.A06,mcs10_b09_s100.B06,dsb_never,44,45,7343382363,1000.02,1,3905934138,527.478,4597682538,4597682538,0
mcs10_b09_s100.A07,mcs10_b09_s100.B07,dsb_never,45,57,6571193479,1000.02,1,2372780463,349.458,4069239854,4069239854,0
mcs10_b09_s100.A08,mcs10_b09_s100.B08,dsb_never,44,65,7159696278,1000.02,1,1458776443,183.671,4561990333,4561990333,0
mcs10_b09_s100.A09,mcs10_b09_s100.B09,dsb_never,44,50,7145778500,1000.02,1,1428017360,191.092,4410498143,4410498143,0
mcs10_b09m_s100.A00,mcs10_b09m_s100.B00,dsb_never,43,54,7215832767,1000.01,1,5384110396,732.756,4497458635,4497458635,0
mcs10_b09m_s100.A01,mcs10_b09m_s100.B01,dsb_never,45,68,6965765160,1000.02,1,319525378,44.4946,4327795158,4327795158,0
mcs10_b09m_s100.A02,mcs10_b09m_s100.B02,dsb_never,43,51,6965788521,1000.02,1,4618767763,653.577,4319529064,4319529064,0
mcs10_b09m_s100.A03,mcs10_b09m_s100.B03,dsb_never,43,45,7262676003,1000.02,1,735453078,100.07,4680812518,4680812518,0
mcs10_b09m_s100.A04,mcs10_b09m_s100.B04,dsb_never,44,60,3370164146,1000.02,1,346372262,98.7872,2101449805,2101449805,0
mcs10_b09m_s100.A05,mcs10_b09m_s100.B05,dsb_never,42,52,4064321593,1000.02,1,9748652,2.71097,2536880595,2536880595,0
mcs10_b09m_s100.A06,mcs10_b09m_s100.B06,dsb_never,43,47,3447769320,1000.02,1,631407320,169.171,2136096019,2136096019,0
mcs10_b09m_s100.A07,mcs10_b09m_s100.B07,dsb_never,46,72,3075560671,1000.01,1,1507893878,468.184,1867587137,1867587137,0
mcs10_b09m_s100.A08,mcs10_b09m_s100.B08,dsb_never,43,49,3798773585,1000.01,1,2749883165,719.995,2381164385,2381164385,0
mcs10_b09m_s100.A09,mcs10_b09m_s100.B09,dsb_never,44,50,3787390401,1000.02,1,1698279995,422.073,2399579464,2399579464,0
mcs10_m2D_s100.A00,mcs10_m2D_s100.B00,dsb_never,62,53,9473819634,1000.02,1,3128513798,324.036,7526581994,7526581994,0
mcs10_m2D_s100.A01,mcs10_m2D_s100.B01,dsb_never,65,55,6295719650,1000.02,1,4830922199,664.012,4991515369,4991515369,0
mcs10_m2D_s100.A02,mcs10_m2D_s100.B02,dsb_never,65,54,5288002305,1000.01,1,507294046,80.9854,3511706315,3511706315,0
mcs10_m2D_s100.A03,mcs10_m2D_s100.B03,dsb_never,67,54,10336884015,1000.01,1,2105517002,167.724,7162174833,7162174833,0
mcs10_m2D_s100.A04,mcs10_m2D_s100.B04,dsb_never,64,58,13027560026,1000.01,1,2440038355,159.916,9326880345,9326880345,0
mcs10_m2D_s100.A05,mcs10_m2D_s100.B05,dsb_never,58,46,25695993527,1000.01,1,18658074767,707.115,19760237111,19760237111,0
mcs10_m2D_s100.A06,mcs10_m2D_s100.B06,dsb_never,65,54,14298194392,1000.02,1,6655015102,265.781,10763615112,10763615112,0
mcs10_m2D_s100.A07,mcs10_m2D_s100.B07,dsb_never,66,59,9651037724,1000.02,1,1266804982,97.0693,6176900227,6176900227,0
mcs10_m2D_s100.A08,mcs10_m2D_s100.B08,dsb_never,67,56,10311037967,1000.02,1,5131201535,487.012,6803222179,6803222179,0
mcs10_m2D_s100.A09,mcs10_m2D_s100.B09,dsb_never,61,51,14092327042,1000.02,1,589778548,22.8284,11362651912,11362651912,0
mcs10_m2D_s40.A00,mcs10_m2D_s40.B00,dsb_never,30,28,149689922,15.4501,0,31712193,3.11116,100922818,100922818,0
mcs10_m2D_s40.A01,mcs10_m2D_s40.B01,dsb_never,30,26,146821605,15.153,0,14295817,1.40775,102188879,102188879,0
mcs10_m2D_s40.A02,mcs10_m2D_s40.B02,dsb_never,30,30,190539842,19.6845,0,50626477,4.91838,124998545,124998545,0
mcs10_m2D_s40.A03,mcs10_m2D_s40.B03,dsb_never,30,26,162897456,16.2925,0,23540031,2.09537,107994655,107994655,0
mcs10_m2D_s40.A04,mcs10_m2D_s40.B04,dsb_never,30,27,75529981,7.56347,0,7166371,0.679611,51330385,51330385,0
mcs10_m2D_s40.A05,mcs10_m2D_s40.B05,dsb_never,30,25,254993240,26.3399,0,152368656,15.4808,173952946,173952946,0
mcs10_m2D_s40.A06,mcs10_m2D_s40.B06,dsb_never,31,28,265457515,25.6227,0,243271572,23.3918,175334032,175334032,0
mcs10_m2D_s40.A07,mcs10_m2D_s40.B07,dsb_never,30,25,177008440,17.9875,0,85715004,8.27737,119535860,119535860,0
mcs10_m2D_s40.A08,mcs10_m2D_s40.B08,dsb_never,30,25,85003812,8.90453,0,1666967,0.149958,61372724,61372724,0
mcs10_m2D_s40.A09,mcs10_m2D_s40.B09,dsb_never,30,29,284741811,28.6686,0,135305896,13.2952,194096713,194096713,0
mcs10_m2D_s50.A00,mcs10_m2D_s50.B00,dsb_never,37,27,9187883615,1000.02,1,2623000596,276.66,6506375849,6506375849,0
mcs10_m2D_s50.A01,mcs10_m2D_s50.B01,dsb_never,38,33,8814539668,1000,1,5064549416,549.087,6319084066,6319084066,0
mcs10_m2D_s50.A02,mcs10_m2D_s50.B02,dsb_never,37,31,8628262545,1000.01,1,957784029,97.5931,5846913636,5846913636,0
mcs10_m2D_s50.A03,mcs10_m2D_s50.B03,dsb_never,38,32,5858609438,712.618,0,1344116997,150.194,4097744591,4097744591,0
mcs10_m2D_s50.A04,mcs10_m2D_s50.B04,dsb_never,38,36,5200378908,630.185,0,695534657,70.5692,3636074249,3636074249,0
mcs10_m2D_s50.A05,mcs10_m2D_s50.B05,dsb_never,37,33,8409896790,1000.01,1,1732902706,197.437,5938755316,5938755316,0
mcs10_m2D_s50.A06,mcs10_m2D_s50.B06,dsb_never,38,31,3912877182,429.572,0,1890131937,202.61,2763696326,2763696326,0
mcs10_m2D_s50.A07,mcs10_m2D_s50.B07,dsb_never,38,30,9319598531,930.591,0,8393486423,827.378,6553953244,6553953244,0
mcs10_m2D_s50.A08,mcs10_m2D_s50.B08,dsb_never,38,33,9697856248,1000.02,1,6606004955,662.241,6935864322,6935864322,0
mcs10_m2D_s50.A09,mcs10_m2D_s50.B09,dsb_never,38,31,9714394530,1000.02,1,7889907116,808.406,6568637998,6568637998,0
mcs10_m2D_s60.A00,mcs10_m2D_s60.B00,dsb_never,43,37,9053084063,1000.01,1,1399566971,146.303,6493568673,6493568673,0
mcs10_m2D_s60.A01,mcs10_m2D_s60.B01,dsb_never,44,41,9351890989,1000.02,1,689086150,68.2477,6474441353,6474441353,0
mcs10_m2D_s60.A02,mcs10_m2D_s60.B02,dsb_never,42,34,9668453115,1000.01,1,3537414714,348.688,6335822104,6335822104,0
mcs10_m2D_s60.A03,mcs10_m2D_s60.B03,dsb_never,40,36,10399023820,1000.01,1,1779623150,158.498,7402318734,7402318734,0
mcs10_m2D_s60.A04,mcs10_m2D_s60.B04,dsb_never,42,40,9949740533,1000.01,1,7292970599,728.27,6459904273,6459904273,0
mcs10_m2D_s60.A05,mcs10_m2D_s60.B05,dsb_never,44,37,9489282383,1000.01,1,1608212548,136.77,7040635543,7040635543,0
mcs10_m2D_s60.A06,mcs10_m2D_s60.B06,dsb_never,43,38,8998466861,1000.01,1,681148695,69.3796,6457176407,6457176407,0
mcs10_m2D_s60.A07,mcs10_m2D_s60.B07,dsb_never,43,36,9300454935,1000.02,1,1447353833,155.019,6221144444,6221144444,0
mcs10_m2D_s60.A08,mcs10_m2D_s60.B08,dsb_never,42,33,10579365088,1000.02,1,1448728476,132.914,7211625401,7211625401,0
mcs10_m2D_s60.A09,mcs10_m2D_s60.B09,dsb_never,41,36,10018882961,1000.02,1,117693181,9.57129,7149000477,7149000477,0
mcs10_m2D_s70.A00,mcs10_m2D_s70.B00,dsb_never,48,36,10941946446,1000.02,1,3004598687,266.426,7743486111,7743486111,0
mcs10_m2D_s70.A01,mcs10_m2D_s70.B01,dsb_never,48,38,10932435367,1000.02,1,4698811076,371.965,7452574212,7452574212,0
mcs10_m2D_s70.A02,mcs10_m2D_s70.B02,dsb_never,50,42,9498983330,1000.02,1,6749411654,690.462,6377373536,6377373536,0
mcs10_m2D_s70.A03,mcs10_m2D_s70.B03,dsb_never,47,41,10179272622,1000.02,1,7953614312,771.714,7139585570,7139585570,0
mcs10_m2D_s70.A04,mcs10_m2D_s70.B04,dsb_never,48,37,9478160400,1000.02,1,139081541,13.3171,6491041507,6491041507,0
mcs10_m2D_s70.A05,mcs10_m2D_s70.B05,dsb_never,48,37,11654829318,1000.01,1,4535681462,267.52,8186856078,8186856078,0
mcs10_m2D_s70.A06,mcs10_m2D_s70.B06,dsb_never,49,37,9422490965,1000.01,1,308913317,32.9752,6497379377,6497379377,0
mcs10_m2D_s70.A07,mcs10_m2D_s70.B07,dsb_never,48,40,8872872031,1000.01,1,8019598181,900.047,5998441477,5998441477,0
mcs10_m2D_s70.A08,mcs10_m2D_s70.B08,dsb_never,49,40,11366838431,1000.02,1,10493204477,894.468,8117897468,8117897468,0
mcs10_m2D_s70.A09,mcs10_m2D_s70.B09,dsb_never,46,34,8422028021,1000.02,1,6567110134,780.466,6831928185,6831928185,0
mcs10_m2D_s80.A00,mcs10_m2D_s80.B00,dsb_never,55,47,9394262503,1000.01,1,1824425424,150.763,6708433819,6708433819,0
mcs10_m2D_s80.A01,mcs10_m2D_s80.B01,dsb_never,53,42,9972686856,1000.01,1,269523267,11.327,7562014097,7562014097,0
mcs10_m2D_s80.A02,mcs10_m2D_s80.B02,dsb_never,54,43,20809137035,1000.01,1,17495116234,683.83,16396616491,16396616491,0
mcs10_m2D_s80.A03,mcs10_m2D_s80.B03,dsb_never,54,43,10536212188,1000.02,1,777979358,72.0116,6727948210,6727948210,0
mcs10_m2D_s80.A04,mcs10_m2D_s80.B04,dsb_never,55,46,9418144472,1000.02,1,1707910122,173.425,6534294300,6534294300,0
mcs10_m2D_s80.A05,mcs10_m2D_s80.B05,dsb_never,42,29,33125942299,1000.02,1,43,3.13E-05,24531360183,24531360183,0
mcs10_m2D_s80.A06,mcs10_m2D_s80.B06,dsb_never,53,48,10878593826,1000.01,1,1012036513,86.3548,6999009769,6999009769,0
mcs10_m2D_s80.A07,mcs10_m2D_s80.B07,dsb_never,54,43,9656978527,1000.01,1,5391065449,541.135,6417148120,6417148120,0
mcs10_m2D_s80.A08,mcs10_m2D_s80.B08,dsb_never,54,46,10248751325,1000.02,1,3195424852,295.517,6867591484,6867591484,0
mcs10_m2D_s80.A09,mcs10_m2D_s80.B09,dsb_never,55,45,10062206765,1000.02,1,1787593819,140.268,6389196331,6389196331,0
mcs10_m2D_s90.A00,mcs10_m2D_s90.B00,dsb_never,59,50,11406122359,1000.02,1,2478256272,142.893,7572484379,7572484379,0
mcs10_m2D_s90.A01,mcs10_m2D_s90.B01,dsb_never,59,53,11374971671,1000.02,1,2838068327,237.137,7970009611,7970009611,0
mcs10_m2D_s90.A02,mcs10_m2D_s90.B02,dsb_never,61,47,9428055385,1000.02,1,1706496504,171.752,6252736665,6252736665,0
mcs10_m2D_s90.A03,mcs10_m2D_s90.B03,dsb_never,60,49,20231860847,1000.02,1,13730234280,486.932,16399817407,16399817407,0
mcs10_m2D_s90.A04,mcs10_m2D_s90.B04,dsb_never,61,55,10462557530,1000.02,1,1460337054,138.494,6726734570,6726734570,0
mcs10_m2D_s90.A05,mcs10_m2D_s90.B05,dsb_never,58,47,25689694063,1000.01,1,19290596684,691.086,20700223858,20700223858,0
mcs10_m2D_s90.A06,mcs10_m2D_s90.B06,dsb_never,54,44,25013716220,1000.02,1,19479273049,744.727,21547071537,21547071537,0
mcs10_m2D_s90.A07,mcs10_m2D_s90.B07,dsb_never,60,48,9356635063,1000.02,1,2392793078,235.619,6922177429,6922177429,0
mcs10_m2D_s90.A08,mcs10_m2D_s90.B08,dsb_never,52,41,30539574626,1000.02,1,295199586,10.1867,23999822725,23999822725,0
mcs10_m2D_s90.A09,mcs10_m2D_s90.B09,dsb_never,58,44,10001176815,1000.02,1,1405369267,102.155,6770054043,6770054043,0
mcs10_m2Dr2_s100.A00,mcs10_m2Dr2_s100.B00,dsb_never,55,47,28885152390,1000.01,1,12138025314,421.767,23153980603,23153980603,0
mcs10_m2Dr2_s100.A01,mcs10_m2Dr2_s100.B01,dsb_never,64,55,9133300363,1000.01,1,3222574855,345.859,5926349375,5926349375,0
mcs10_m2Dr2_s100.A02,mcs10_m2Dr2_s100.B02,dsb_never,60,51,27257016555,1000.02,1,2575647909,81.8448,22567695266,22567695266,0
mcs10_m2Dr2_s100.A03,mcs10_m2Dr2_s100.B03,dsb_never,62,51,8118253061,1000.02,1,163210430,17.3009,5161969331,5161969331,0
mcs10_m2Dr2_s100.A04,mcs10_m2Dr2_s100.B04,dsb_never,62,51,9362691003,1000.01,1,1191831356,80.955,6052422044,6052422044,0
mcs10_m2Dr2_s100.A05,mcs10_m2Dr2_s100.B05,dsb_never,62,57,9789102907,1000.01,1,9604888484,979.685,6255450569,6255450569,0
mcs10_m2Dr2_s100.A06,mcs10_m2Dr2_s100.B06,dsb_never,61,53,11082670813,1000.01,1,333678961,30.0679,7185408892,7185408892,0
mcs10_m2Dr2_s100.A07,mcs10_m2Dr2_s100.B07,dsb_never,64,59,8531791222,1000.02,1,2978105922,317.415,5402471596,5402471596,0
mcs10_m2Dr2_s100.A08,mcs10_m2Dr2_s100.B08,dsb_never,58,48,25003087954,1000.02,1,15532884329,617.375,19771472001,19771472001,0
mcs10_m2Dr2_s100.A09,mcs10_m2Dr2_s100.B09,dsb_never,62,54,8840131507,1000.01,1,3467058221,357.509,5680785407,5680785407,0
mcs10_m2Dr2_s70.A00,mcs10_m2Dr2_s70.B00,dsb_never,46,40,9549782824,1000.02,1,558939480,55.0153,6155341689,6155341689,0
mcs10_m2Dr2_s70.A01,mcs10_m2Dr2_s70.B01,dsb_never,46,42,10218435664,1000.02,1,5988105934,572.288,6700901118,6700901118,0
mcs10_m2Dr2_s70.A02,mcs10_m2Dr2_s70.B02,dsb_never,48,39,9044896958,1000.02,1,4567650339,479.362,6179784460,6179784460,0
mcs10_m2Dr2_s70.A03,mcs10_m2Dr2_s70.B03,dsb_never,48,44,8836665373,1000.02,1,2814854851,302.03,5783395960,5783395960,0
mcs10_m2Dr2_s70.A04,mcs10_m2Dr2_s70.B04,dsb_never,47,44,10000561781,1000.01,1,4624535418,420.685,7589400460,7589400460,0
mcs10_m2Dr2_s70.A05,mcs10_m2Dr2_s70.B05,dsb_never,45,38,26268313101,1000.02,1,26148510282,989.481,21690927183,21690927183,0
mcs10_m2Dr2_s70.A06,mcs10_m2Dr2_s70.B06,dsb_never,47,38,9233529760,1000.02,1,922415701,94.4771,6096242519,6096242519,0
mcs10_m2Dr2_s70.A07,mcs10_m2Dr2_s70.B07,dsb_never,47,43,10395846039,1000.02,1,1929985410,183.807,7174575332,7174575332,0
mcs10_m2Dr2_s70.A08,mcs10_m2Dr2_s70.B08,dsb_never,46,44,9855571028,1000.02,1,5148643881,511.055,6928638552,6928638552,0
mcs10_m2Dr2_s70.A09,mcs10_m2Dr2_s70.B09,dsb_never,46,42,9201577623,1000.02,1,20113544,1.9727,5948625051,5948625051,0
mcs10_m2Dr2_s80.A00,mcs10_m2Dr2_s80.B00,dsb_never,52,49,8883362596,1000.02,1,5880451661,648.288,5943662361,5943662361,0
mcs10_m2Dr2_s80.A01,mcs10_m2Dr2_s80.B01,dsb_never,52,46,9637996302,1000.02,1,1242707759,126.762,6321541773,6321541773,0
mcs10_m2Dr2_s80.A02,mcs10_m2Dr2_s80.B02,dsb_never,53,44,9546008963,1000.02,1,1986758582,157.943,6753688437,6753688437,0
mcs10_m2Dr2_s80.A03,mcs10_m2Dr2_s80.B03,dsb_never,50,46,11011499364,1000.01,1,3487844039,236.819,7596074385,7596074385,0
mcs10_m2Dr2_s80.A04,mcs10_m2Dr2_s80.B04,dsb_never,51,41,13226468200,1000.01,1,6411954811,346.345,10254185139,10254185139,0
mcs10_m2Dr2_s80.A05,mcs10_m2Dr2_s80.B05,dsb_never,50,46,10091171987,1000.01,1,741989623,76.0703,6847751033,6847751033,0
mcs10_m2Dr2_s80.A06,mcs10_m2Dr2_s80.B06,dsb_never,52,46,9341548004,1000.01,1,3762370426,378.492,6148129565,6148129565,0
mcs10_m2Dr2_s80.A07,mcs10_m2Dr2_s80.B07,dsb_never,53,44,9470308648,1000.02,1,5345758340,549.923,6504764104,6504764104,0
mcs10_m2Dr2_s80.A08,mcs10_m2Dr2_s80.B08,dsb_never,53,44,14634679404,1000.02,1,10237759582,443.334,10643686794,10643686794,0
mcs10_m2Dr2_s80.A09,mcs10_m2Dr2_s80.B09,dsb_never,52,49,9881184293,1000.02,1,1983858225,195.001,6385901084,6385901084,0
mcs10_m2Dr2_s90.A00,mcs10_m2Dr2_s90.B00,dsb_never,44,34,29575280616,1000.02,1,9416359163,325.94,23608851479,23608851479,0
mcs10_m2Dr2_s90.A01,mcs10_m2Dr2_s90.B01,dsb_never,58,50,8592937509,1000.02,1,1137435630,115.998,5631225553,5631225553,0
mcs10_m2Dr2_s90.A02,mcs10_m2Dr2_s90.B02,dsb_never,59,55,10299037793,1000.02,1,5760721057,485.732,6962229392,6962229392,0
mcs10_m2Dr2_s90.A03,mcs10_m2Dr2_s90.B03,dsb_never,56,52,10107492329,1000.02,1,905837157,83.8383,6386630491,6386630491,0
mcs10_m2Dr2_s90.A04,mcs10_m2Dr2_s90.B04,dsb_never,57,51,11287732134,1000.02,1,6731115658,563.033,7553175538,7553175538,0
mcs10_m2Dr2_s90.A05,mcs10_m2Dr2_s90.B05,dsb_never,57,51,9876368893,1000.02,1,623408648,48.2521,6174117717,6174117717,0
mcs10_m2Dr2_s90.A06,mcs10_m2Dr2_s90.B06,dsb_never,58,51,9126285247,1000.01,1,1319609576,131.737,5712026487,5712026487,0
mcs10_m2Dr2_s90.A07,mcs10_m2Dr2_s90.B07,dsb_never,55,51,29151773095,1000.02,1,4337309,0.181996,23636994106,23636994106,0
mcs10_m2Dr2_s90.A08,mcs10_m2Dr2_s90.B08,dsb_never,59,48,9091711507,1000.01,1,505043275,51.8462,5909646348,5909646348,0
mcs10_m2Dr2_s90.A09,mcs10_m2Dr2_s90.B09,dsb_never,59,50,9992712894,1000.01,1,2962993389,272.036,6355365472,6355365472,0
mcs10_m2Dr4_s100.A00,mcs10_m2Dr4_s100.B00,dsb_never,62,52,8804803488,1000.01,1,4292963606,453.67,5876984713,5876984713,0
mcs10_m2Dr4_s100.A01,mcs10_m2Dr4_s100.B01,dsb_never,59,54,9633074217,1000.01,1,211882823,19.4275,6693314905,6693314905,0
mcs10_m2Dr4_s100.A02,mcs10_m2Dr4_s100.B02,dsb_never,62,52,11080846145,1000.01,1,6497465844,594.688,7688583794,7688583794,0
mcs10_m2Dr4_s100.A03,mcs10_m2Dr4_s100.B03,dsb_never,61,56,9710147239,1000.01,1,2631171648,218.092,6727912557,6727912557,0
mcs10_m2Dr4_s100.A04,mcs10_m2Dr4_s100.B04,dsb_never,62,58,10149302325,1000.02,1,2551927309,214.192,6978406955,6978406955,0
mcs10_m2Dr4_s100.A05,mcs10_m2Dr4_s100.B05,dsb_never,55,46,25227684907,1000.02,1,204564921,8.53883,19645230440,19645230440,0
mcs10_m2Dr4_s100.A06,mcs10_m2Dr4_s100.B06,dsb_never,62,52,10279655920,1000.02,1,10255887896,996.983,7193139280,7193139280,0
mcs10_m2Dr4_s100.A07,mcs10_m2Dr4_s100.B07,dsb_never,62,53,9369785579,1000.02,1,8185877947,863.99,6234783976,6234783976,0
mcs10_m2Dr4_s100.A08,mcs10_m2Dr4_s100.B08,dsb_never,59,55,10201369761,1000.02,1,445765017,45.5905,6670148427,6670148427,0
mcs10_m2Dr4_s100.A09,mcs10_m2Dr4_s100.B09,dsb_never,52,43,28048171833,1000.01,1,984364,0.0329455,23264275297,23264275297,0
mcs10_m2Dr4_s40.A00,mcs10_m2Dr4_s40.B00,dsb_never,29,25,498590959,54.0573,0,492167712,53.3433,342252710,342252710,0
mcs10_m2Dr4_s40.A01,mcs10_m2Dr4_s40.B01,dsb_never,29,26,475087449,51.1731,0,438610844,46.981,321656567,321656567,0
mcs10_m2Dr4_s40.A02,mcs10_m2Dr4_s40.B02,dsb_never,28,27,2511015299,275.25,0,2486988427,272.494,1677752050,1677752050,0
mcs10_m2Dr4_s40.A03,mcs10_m2Dr4_s40.B03,dsb_never,28,31,475876992,54.0385,0,61271481,6.50538,319978708,319978708,0
mcs10_m2Dr4_s40.A04,mcs10_m2Dr4_s40.B04,dsb_never,28,25,984317212,108.493,0,702379960,77.177,665903805,665903805,0
mcs10_m2Dr4_s40.A05,mcs10_m2Dr4_s40.B05,dsb_never,28,29,476568108,54.6524,0,111005668,11.9808,317721103,317721103,0
mcs10_m2Dr4_s40.A06,mcs10_m2Dr4_s40.B06,dsb_never,27,27,3360870915,352.214,0,226040407,22.8378,2274354088,2274354088,0
mcs10_m2Dr4_s40.A07,mcs10_m2Dr4_s40.B07,dsb_never,28,23,834873402,95.2497,0,184719997,20.1351,555711889,555711889,0
mcs10_m2Dr4_s40.A08,mcs10_m2Dr4_s40.B08,dsb_never,28,26,441949462,47.6064,0,118459935,12.5442,309732282,309732282,0
mcs10_m2Dr4_s40.A09,mcs10_m2Dr4_s40.B09,dsb_never,28,26,610257003,68.5225,0,13684105,1.49076,419581655,419581655,0
mcs10_m2Dr4_s50.A00,mcs10_m2Dr4_s50.B00,dsb_never,35,27,8345736174,1000.02,1,337539143,37.7864,5846346165,5846346165,0
mcs10_m2Dr4_s50.A01,mcs10_m2Dr4_s50.B01,dsb_never,34,32,9102119924,1000.02,1,15971402,1.71963,6450440924,6450440924,0
mcs10_m2Dr4_s50.A02,mcs10_m2Dr4_s50.B02,dsb_never,33,33,9402073741,1000.01,1,913687589,93.9176,6211757761,6211757761,0
mcs10_m2Dr4_s50.A03,mcs10_m2Dr4_s50.B03,dsb_never,34,30,9154283539,1000.02,1,3418648323,367.531,6122353869,6122353869,0
mcs10_m2Dr4_s50.A04,mcs10_m2Dr4_s50.B04,dsb_never,35,31,8806364765,1000.01,1,968167926,110.724,5967243988,5967243988,0
mcs10_m2Dr4_s50.A05,mcs10_m2Dr4_s50.B05,dsb_never,34,29,9039119138,1000.01,1,4839894860,518.746,5940435034,5940435034,0
mcs10_m2Dr4_s50.A06,mcs10_m2Dr4_s50.B06,dsb_never,34,30,8781189124,1000.01,1,2578719360,285.602,5716103689,5716103689,0
mcs10_m2Dr4_s50.A07,mcs10_m2Dr4_s50.B07,dsb_never,34,35,8633681493,1000.01,1,1297024960,144.196,5857734706,5857734706,0
mcs10_m2Dr4_s50.A08,mcs10_m2Dr4_s50.B08,dsb_never,34,32,9321671456,1000.01,1,2816532359,295.78,6224474249,6224474249,0
mcs10_m2Dr4_s50.A09,mcs10_m2Dr4_s50.B09,dsb_never,34,34,9084895926,1000.01,1,7277254313,795.048,6131865802,6131865802,0
mcs10_m2Dr4_s60.A00,mcs10_m2Dr4_s60.B00,dsb_never,40,41,9032942619,1000.02,1,3129556466,347.134,5754640370,5754640370,0
mcs10_m2Dr4_s60.A01,mcs10_m2Dr4_s60.B01,dsb_never,39,35,8944875128,1000.01,1,435562375,46.7965,5869086178,5869086178,0
mcs10_m2Dr4_s60.A02,mcs10_m2Dr4_s60.B02,dsb_never,39,34,4338480979,1000.02,1,143295193,29.2306,2823037145,2823037145,0
mcs10_m2Dr4_s60.A03,mcs10_m2Dr4_s60.B03,dsb_never,40,34,4394010711,1000.02,1,2118410010,464.513,2901092807,2901092807,0
mcs10_m2Dr4_s60.A04,mcs10_m2Dr4_s60.B04,dsb_never,39,38,4265242714,1000.02,1,907551843,207.701,2836046189,2836046189,0
mcs10_m2Dr4_s60.A05,mcs10_m2Dr4_s60.B05,dsb_never,38,32,4573722112,1000.02,1,1960299,0.387383,2929752294,2929752294,0
mcs10_m2Dr4_s60.A06,mcs10_m2Dr4_s60.B06,dsb_never,39,36,4744049111,1000.02,1,2703600439,576.751,3112836881,3112836881,0
mcs10_m2Dr4_s60.A07,mcs10_m2Dr4_s60.B07,dsb_never,40,37,4246451590,1000.02,1,3313090286,768.595,2745830585,2745830585,0
mcs10_m2Dr4_s60.A08,mcs10_m2Dr4_s60.B08,dsb_never,39,38,4611240349,1000.02,1,2791589498,592.756,3090981048,3090981048,0
mcs10_m2Dr4_s60.A09,mcs10_m2Dr4_s60.B09,dsb_never,40,35,4574319792,1000.02,1,1353304148,289.351,3081021056,3081021056,0
mcs10_m2Dr4_s70.A00,mcs10_m2Dr4_s70.B00,dsb_never,47,44,4402528572,1000.02,1,1260908216,275.092,2844263868,2844263868,0
mcs10_m2Dr4_s70.A01,mcs10_m2Dr4_s70.B01,dsb_never,46,42,7914664189,1000.02,1,1701046928,183.269,5368653642,5368653642,0
mcs10_m2Dr4_s70.A02,mcs10_m2Dr4_s70.B02,dsb_never,44,41,8722365958,1000.02,1,4799548404,517.551,5391911108,5391911108,0
mcs10_m2Dr4_s70.A03,mcs10_m2Dr4_s70.B03,dsb_never,45,40,8352464940,1000.02,1,192398700,22.6367,5486371816,5486371816,0
mcs10_m2Dr4_s70.A04,mcs10_m2Dr4_s70.B04,dsb_never,44,38,8819685624,1000.01,1,183392027,18.6753,5828375953,5828375953,0
mcs10_m2Dr4_s70.A05,mcs10_m2Dr4_s70.B05,dsb_never,45,41,12219029374,1000.01,1,7651288294,519.101,8632387958,8632387958,0
mcs10_m2Dr4_s70.A06,mcs10_m2Dr4_s70.B06,dsb_never,44,43,9055607595,1000.02,1,540712116,57.0423,5980293101,5980293101,0
mcs10_m2Dr4_s70.A07,mcs10_m2Dr4_s70.B07,dsb_never,44,38,9307223224,1000.02,1,159531781,16.5589,6116341221,6116341221,0
mcs10_m2Dr4_s70.A08,mcs10_m2Dr4_s70.B08,dsb_never,44,37,9251942378,1000.01,1,3916277414,408.736,6171122420,6171122420,0
mcs10_m2Dr4_s70.A09,mcs10_m2Dr4_s70.B09,dsb_never,44,38,9864459547,1000.02,1,261061911,26.5476,6465628787,6465628787,0
mcs10_m2Dr4_s80.A00,mcs10_m2Dr4_s80.B00,dsb_never,49,46,8859443250,1000.02,1,300665802,22.6702,5646012289,5646012289,0
mcs10_m2Dr4_s80.A01,mcs10_m2Dr4_s80.B01,dsb_never,51,46,10381477289,1000.02,1,9018799886,861.161,6829967163,6829967163,0
mcs10_m2Dr4_s80.A02,mcs10_m2Dr4_s80.B02,dsb_never,49,45,9549706602,1000.02,1,7742699173,809.685,6081023966,6081023966,0
mcs10_m2Dr4_s80.A03,mcs10_m2Dr4_s80.B03,dsb_never,44,38,31324542569,1000.02,1,567672517,18.2499,22970007557,22970007557,0
mcs10_m2Dr4_s80.A04,mcs10_m2Dr4_s80.B04,dsb_never,50,49,10035598330,1000.02,1,2234578155,217.659,6531895600,6531895600,0
mcs10_m2Dr4_s80.A05,mcs10_m2Dr4_s80.B05,dsb_never,48,43,8436015194,1000.02,1,437167769,46.668,5316169990,5316169990,0
mcs10_m2Dr4_s80.A06,mcs10_m2Dr4_s80.B06,dsb_never,50,40,8772776663,1000.01,1,2669424959,294.842,5564882202,5564882202,0
mcs10_m2Dr4_s80.A07,mcs10_m2Dr4_s80.B07,dsb_never,49,44,9194641364,1000.02,1,6268232674,677.114,6276116789,6276116789,0
mcs10_m2Dr4_s80.A08,mcs10_m2Dr4_s80.B08,dsb_never,49,48,9958382719,1000.02,1,187744669,16.0378,6511432768,6511432768,0
mcs10_m2Dr4_s80.A09,mcs10_m2Dr4_s80.B09,dsb_never,51,46,9286226646,1000.01,1,9128309616,982.227,5932832101,5932832101,0
mcs10_m2Dr4_s90.A00,mcs10_m2Dr4_s90.B00,dsb_never,54,49,9843632806,1000.01,1,4990645453,471.46,6927839801,6927839801,0
mcs10_m2Dr4_s90.A01,mcs10_m2Dr4_s90.B01,dsb_never,55,49,8427873668,1000.02,1,4531401269,531.95,5249091342,5249091342,0
mcs10_m2Dr4_s90.A02,mcs10_m2Dr4_s90.B02,dsb_never,54,48,8935214386,1000.01,1,1967661389,208.412,5608238536,5608238536,0
mcs10_m2Dr4_s90.A03,mcs10_m2Dr4_s90.B03,dsb_never,54,52,12054708490,1000.01,1,6503664194,531.632,8221093981,8221093981,0
mcs10_m2Dr4_s90.A04,mcs10_m2Dr4_s90.B04,dsb_never,53,50,10889958656,1000.01,1,193370339,14.3232,7342529715,7342529715,0
mcs10_m2Dr4_s90.A05,mcs10_m2Dr4_s90.B05,dsb_never,54,47,8242984349,1000.01,1,1587061934,174.235,5244071540,5244071540,0
mcs10_m2Dr4_s90.A06,mcs10_m2Dr4_s90.B06,dsb_never,53,49,8032278671,1000.02,1,1224843060,143.307,5329845263,5329845263,0
mcs10_m2Dr4_s90.A07,mcs10_m2Dr4_s90.B07,dsb_never,55,48,9642223000,1000.01,1,262654053,26.6346,6263173428,6263173428,0
mcs10_m2Dr4_s90.A08,mcs10_m2Dr4_s90.B08,dsb_never,56,47,9449581852,1000.02,1,2502364703,259.802,5934329904,5934329904,0
mcs10_m2Dr4_s90.A09,mcs10_m2Dr4_s90.B09,dsb_never,54,50,9776839969,1000.02,1,4475670267,438.958,6535156993,6535156993,0
mcs10_m2Dr6_s100.A00,mcs10_m2Dr6_s100.B00,dsb_never,58,60,8273556646,1000.02,1,1298129069,151.566,5457307848,5457307848,0
mcs10_m2Dr6_s100.A01,mcs10_m2Dr6_s100.B01,dsb_never,56,50,8893647411,1000.02,1,2345095109,253.157,5756716897,5756716897,0
mcs10_m2Dr6_s100.A02,mcs10_m2Dr6_s100.B02,dsb_never,59,57,8121622205,1000.02,1,25406195,2.69722,4938406374,4938406374,0
mcs10_m2Dr6_s100.A03,mcs10_m2Dr6_s100.B03,dsb_never,58,51,7950463012,1000.02,1,331387443,34.8741,5053139607,5053139607,0
mcs10_m2Dr6_s100.A04,mcs10_m2Dr6_s100.B04,dsb_never,59,52,8754464768,1000.02,1,926946844,98.9139,5644217989,5644217989,0
mcs10_m2Dr6_s100.A05,mcs10_m2Dr6_s100.B05,dsb_never,59,52,8586860188,1000.02,1,4622538705,527.98,5577571942,5577571942,0
mcs10_m2Dr6_s100.A06,mcs10_m2Dr6_s100.B06,dsb_never,57,52,8990367701,1000.02,1,7675185907,836.758,5736146277,5736146277,0
mcs10_m2Dr6_s100.A07,mcs10_m2Dr6_s100.B07,dsb_never,57,51,9008460788,1000.01,1,1377478023,143.255,5830007510,5830007510,0
mcs10_m2Dr6_s100.A08,mcs10_m2Dr6_s100.B08,dsb_never,55,55,27185249731,1000.01,1,27149022940,996.311,20542133544,20542133544,0
mcs10_m2Dr6_s100.A09,mcs10_m2Dr6_s100.B09,dsb_never,58,56,8758112336,1000.02,1,1497584743,157.341,5651828409,5651828409,0
mcs10_m2Dr6_s40.A00,mcs10_m2Dr6_s40.B00,dsb_never,27,27,2313642846,258.856,0,1322599862,145.068,1537643273,1537643273,0
mcs10_m2Dr6_s40.A01,mcs10_m2Dr6_s40.B01,dsb_never,27,32,2165553558,252.134,0,533165516,59.6823,1441833884,1441833884,0
mcs10_m2Dr6_s40.A02,mcs10_m2Dr6_s40.B02,dsb_never,26,26,6251927132,652.79,0,449576362,45.4651,4321116517,4321116517,0
mcs10_m2Dr6_s40.A03,mcs10_m2Dr6_s40.B03,dsb_never,27,27,1429128462,168.092,0,319587784,36.3974,952396535,952396535,0
mcs10_m2Dr6_s40.A04,mcs10_m2Dr6_s40.B04,dsb_never,27,25,2638047740,308.918,0,1858509363,216.72,1753066259,1753066259,0
mcs10_m2Dr6_s40.A05,mcs10_m2Dr6_s40.B05,dsb_never,27,23,1057885025,121.978,0,158317491,17.8414,708989163,708989163,0
mcs10_m2Dr6_s40.A06,mcs10_m2Dr6_s40.B06,dsb_never,27,25,698220766,79.9843,0,25637743,2.74472,475642068,475642068,0
mcs10_m2Dr6_s40.A07,mcs10_m2Dr6_s40.B07,dsb_never,28,24,809684739,91.9834,0,760183091,86.2101,560980313,560980313,0
mcs10_m2Dr6_s40.A08,mcs10_m2Dr6_s40.B08,dsb_never,26,26,6904676655,1000.01,1,92251557,14.4106,4545740419,4545740419,0
mcs10_m2Dr6_s40.A09,mcs10_m2Dr6_s40.B09,dsb_never,27,24,889514211,117.515,0,19518309,2.61164,595064921,595064921,0
mcs10_m2Dr6_s50.A00,mcs10_m2Dr6_s50.B00,dsb_never,32,30,7858024388,1000.02,1,3002079173,380.119,5184840536,5184840536,0
mcs10_m2Dr6_s50.A01,mcs10_m2Dr6_s50.B01,dsb_never,32,30,8927333734,1000.02,1,1421281861,155.918,5863762390,5863762390,0
mcs10_m2Dr6_s50.A02,mcs10_m2Dr6_s50.B02,dsb_never,32,31,8824667168,1000.02,1,1172254807,127.669,5768967356,5768967356,0
mcs10_m2Dr6_s50.A03,mcs10_m2Dr6_s50.B03,dsb_never,32,30,9283715856,1000.02,1,4714548748,498.071,6100609820,6100609820,0
mcs10_m2Dr6_s50.A04,mcs10_m2Dr6_s50.B04,dsb_never,34,31,8871890240,1000.02,1,6843853731,758.023,6151932193,6151932193,0
mcs10_m2Dr6_s50.A05,mcs10_m2Dr6_s50.B05,dsb_never,32,35,8988159895,1000,1,5577841507,609.729,5719035463,5719035463,0
mcs10_m2Dr6_s50.A06,mcs10_m2Dr6_s50.B06,dsb_never,33,30,8686107751,1000.02,1,945820611,105.877,5851284166,5851284166,0
mcs10_m2Dr6_s50.A07,mcs10_m2Dr6_s50.B07,dsb_never,33,30,9032456556,1000.02,1,5412212902,585.052,6094439661,6094439661,0
mcs10_m2Dr6_s50.A08,mcs10_m2Dr6_s50.B08,dsb_never,33,28,8754475907,1000.02,1,3921722092,436.352,5890125538,5890125538,0
mcs10_m2Dr6_s50.A09,mcs10_m2Dr6_s50.B09,dsb_never,31,31,8766192029,1000.01,1,4287717,0.443506,5533021260,5533021260,0
mcs10_m2Dr6_s60.A00,mcs10_m2Dr6_s60.B00,dsb_never,38,36,8619303045,1000.02,1,8328666529,961.943,5607135038,5607135038,0
mcs10_m2Dr6_s60.A01,mcs10_m2Dr6_s60.B01,dsb_never,37,31,9117719830,1000.02,1,388512,0.0376613,6027365927,6027365927,0
mcs10_m2Dr6_s60.A02,mcs10_m2Dr6_s60.B02,dsb_never,37,32,9081966910,1000.01,1,161743154,16.4217,5957749364,5957749364,0
mcs10_m2Dr6_s60.A03,mcs10_m2Dr6_s60.B03,dsb_never,38,40,8728712011,1000.02,1,8325258400,951.693,5617795470,5617795470,0
mcs10_m2Dr6_s60.A04,mcs10_m2Dr6_s60.B04,dsb_never,39,34,8830488595,1000.02,1,1890095863,205.145,5967151421,5967151421,0
mcs10_m2Dr6_s60.A05,mcs10_m2Dr6_s60.B05,dsb_never,38,36,8431885706,1000.02,1,329743904,36.5246,5459563231,5459563231,0
mcs10_m2Dr6_s60.A06,mcs10_m2Dr6_s60.B06,dsb_never,37,40,8985773830,1000.02,1,3501442712,373.984,5917912346,5917912346,0
mcs10_m2Dr6_s60.A07,mcs10_m2Dr6_s60.B07,dsb_never,37,30,9049748392,1000.02,1,1905242762,198.603,5849241019,5849241019,0
mcs10_m2Dr6_s60.A08,mcs10_m2Dr6_s60.B08,dsb_never,39,39,9056069449,1000.01,1,5179751692,553.424,5973392649,5973392649,0
mcs10_m2Dr6_s60.A09,mcs10_m2Dr6_s60.B09,dsb_never,38,37,8902779621,1000.02,1,787469537,84.3801,5914981111,5914981111,0
mcs10_m2Dr6_s70.A00,mcs10_m2Dr6_s70.B00,dsb_never,43,41,9001220577,1000.02,1,205708617,21.7297,5783703961,5783703961,0
mcs10_m2Dr6_s70.A01,mcs10_m2Dr6_s70.B01,dsb_never,42,41,9287256104,1000.01,1,7693806527,824.523,6088004202,6088004202,0
mcs10_m2Dr6_s70.A02,mcs10_m2Dr6_s70.B02,dsb_never,42,45,8737819469,1000.01,1,694058807,72.6014,5691786603,5691786603,0
mcs10_m2Dr6_s70.A03,mcs10_m2Dr6_s70.B03,dsb_never,43,43,7955349532,1000.02,1,1838906282,224.731,5297313869,5297313869,0
mcs10_m2Dr6_s70.A04,mcs10_m2Dr6_s70.B04,dsb_never,41,36,8774496675,1000.02,1,1119910440,115.673,5589759337,5589759337,0
mcs10_m2Dr6_s70.A05,mcs10_m2Dr6_s70.B05,dsb_never,42,40,8990027071,1000.01,1,1710146677,186.404,5671172266,5671172266,0
mcs10_m2Dr6_s70.A06,mcs10_m2Dr6_s70.B06,dsb_never,43,37,9253388808,1000.01,1,1124124800,115.125,6106300645,6106300645,0
mcs10_m2Dr6_s70.A07,mcs10_m2Dr6_s70.B07,dsb_never,42,36,8974160960,1000.02,1,3371381557,355.466,5863052367,5863052367,0
mcs10_m2Dr6_s70.A08,mcs10_m2Dr6_s70.B08,dsb_never,43,42,8840088263,1000.02,1,111278135,11.7191,5761421026,5761421026,0
mcs10_m2Dr6_s70.A09,mcs10_m2Dr6_s70.B09,dsb_never,42,40,9204179892,1000.02,1,249466198,24.5434,6142882198,6142882198,0
mcs10_m2Dr6_s80.A00,mcs10_m2Dr6_s80.B00,dsb_never,48,40,9692905014,1000.02,1,6667534770,678.166,5977124050,5977124050,0
mcs10_m2Dr6_s80.A01,mcs10_m2Dr6_s80.B01,dsb_never,48,43,9573273540,1000.02,1,7449057384,777.57,6223615083,6223615083,0
mcs10_m2Dr6_s80.A02,mcs10_m2Dr6_s80.B02,dsb_never,48,48,9316643050,1000.01,1,4507446679,476.213,6076981862,6076981862,0
mcs10_m2Dr6_s80.A03,mcs10_m2Dr6_s80.B03,dsb_never,47,42,8993792825,1000.01,1,1570416644,163.355,5830268137,5830268137,0
mcs10_m2Dr6_s80.A04,mcs10_m2Dr6_s80.B04,dsb_never,50,48,8602325796,1000.01,1,2259452615,254.262,5575893077,5575893077,0
mcs10_m2Dr6_s80.A05,mcs10_m2Dr6_s80.B05,dsb_never,48,39,14892623218,1000.01,1,11540647766,596.007,10611091555,10611091555,0
mcs10_m2Dr6_s80.A06,mcs10_m2Dr6_s80.B06,dsb_never,47,50,8984396243,1000.02,1,3217253549,345.098,5694163464,5694163464,0
mcs10_m2Dr6_s80.A07,mcs10_m2Dr6_s80.B07,dsb_never,48,43,9545868556,1000.01,1,7067547945,723.129,6285842092,6285842092,0
mcs10_m2Dr6_s80.A08,mcs10_m2Dr6_s80.B08,dsb_never,46,43,8512726052,1000.01,1,350061246,39.9157,5285258081,5285258081,0
mcs10_m2Dr6_s80.A09,mcs10_m2Dr6_s80.B09,dsb_never,47,38,8676460800,1000.02,1,433921541,45.1894,5685027474,5685027474,0
mcs10_m2Dr6_s90.A00,mcs10_m2Dr6_s90.B00,dsb_never,56,48,8331287301,1000.02,1,6310954176,752.373,5826054973,5826054973,0
mcs10_m2Dr6_s90.A01,mcs10_m2Dr6_s90.B01,dsb_never,51,46,9794833234,1000.02,1,6907745228,682.316,6791861466,6791861466,0
mcs10_m2Dr6_s90.A02,mcs10_m2Dr6_s90.B02,dsb_never,54,46,9306480528,1000.02,1,26950076,2.7488,6016642794,6016642794,0
mcs10_m2Dr6_s90.A03,mcs10_m2Dr6_s90.B03,dsb_never,54,53,8218006727,1000.01,1,3868559857,455.847,5101022281,5101022281,0
mcs10_m2Dr6_s90.A04,mcs10_m2Dr6_s90.B04,dsb_never,55,53,10123064609,1000.02,1,3871573015,253.574,6877129496,6877129496,0
mcs10_m2Dr6_s90.A05,mcs10_m2Dr6_s90.B05,dsb_never,55,50,8811635977,1000.02,1,734907917,69.4656,5832966032,5832966032,0
mcs10_m2Dr6_s90.A06,mcs10_m2Dr6_s90.B06,dsb_never,51,47,9730433016,1000.02,1,4361988581,436.479,6158770271,6158770271,0
mcs10_m2Dr6_s90.A07,mcs10_m2Dr6_s90.B07,dsb_never,53,50,9374753606,1000.02,1,1635545918,101.167,6244455606,6244455606,0
mcs10_m2Dr6_s90.A08,mcs10_m2Dr6_s90.B08,dsb_never,53,49,8730792118,1000.02,1,382004029,37.0174,5451838148,5451838148,0
mcs10_m2Dr6_s90.A09,mcs10_m2Dr6_s90.B09,dsb_never,50,50,8476043387,1000.02,1,677584592,83.0743,5277596817,5277596817,0
mcs10_m3D_s100.A00,mcs10_m3D_s100.B00,dsb_never,60,54,7612886592,1000.02,1,1524179780,190.69,4627917583,4627917583,0
mcs10_m3D_s100.A01,mcs10_m3D_s100.B01,dsb_never,61,58,9360445656,1000.02,1,3439832590,339.058,6054629968,6054629968,0
mcs10_m3D_s100.A02,mcs10_m3D_s100.B02,dsb_never,57,61,8012715709,1000.03,1,416214476,51.477,4960048345,4960048345,0
mcs10_m3D_s100.A03,mcs10_m3D_s100.B03,dsb_never,58,58,8501477040,1000.02,1,419014476,45.7224,5433901743,5433901743,0
mcs10_m3D_s100.A04,mcs10_m3D_s100.B04,dsb_never,60,52,8683004568,1000.02,1,7141120901,821.826,5538320884,5538320884,0
mcs10_m3D_s100.A05,mcs10_m3D_s100.B05,dsb_never,59,50,8236848697,1000.01,1,100203213,11.3169,5032288369,5032288369,0
mcs10_m3D_s100.A06,mcs10_m3D_s100.B06,dsb_never,59,56,9376346208,1000.02,1,5706078293,591.045,5797802203,5797802203,0
mcs10_m3D_s100.A07,mcs10_m3D_s100.B07,dsb_never,58,56,17910232555,1000.01,1,15204238211,692.255,14931187087,14931187087,0
mcs10_m3D_s100.A08,mcs10_m3D_s100.B08,dsb_never,58,55,8545818798,1000.02,1,43789570,3.29894,5573922071,5573922071,0
mcs10_m3D_s100.A09,mcs10_m3D_s100.B09,dsb_never,58,48,9063350484,1000.02,1,320943577,24.8866,5557680346,5557680346,0
mcs10_m3D_s60.A00,mcs10_m3D_s60.B00,dsb_never,38,35,9047871141,1000.02,1,2652243747,294.79,5859132415,5859132415,0
mcs10_m3D_s60.A01,mcs10_m3D_s60.B01,dsb_never,37,34,9407018071,1000.02,1,193111959,19.4614,6282823745,6282823745,0
mcs10_m3D_s60.A02,mcs10_m3D_s60.B02,dsb_never,39,35,8531703762,1000.02,1,2833175038,316.181,5689729574,5689729574,0
mcs10_m3D_s60.A03,mcs10_m3D_s60.B03,dsb_never,38,39,9291092567,1000.01,1,6682841368,715.798,5961022214,5961022214,0
mcs10_m3D_s60.A04,mcs10_m3D_s60.B04,dsb_never,38,37,8709394361,1000.01,1,907728289,102.769,5621847556,5621847556,0
mcs10_m3D_s60.A05,mcs10_m3D_s60.B05,dsb_never,38,35,9230713297,1000.01,1,103168853,10.6145,6247105834,6247105834,0
mcs10_m3D_s60.A06,mcs10_m3D_s60.B06,dsb_never,38,36,8922369028,1000.02,1,4373892838,466.368,5891529768,5891529768,0
mcs10_m3D_s60.A07,mcs10_m3D_s60.B07,dsb_never,38,35,9011826039,1000.02,1,5222707733,567.688,6001312509,6001312509,0
mcs10_m3D_s60.A08,mcs10_m3D_s60.B08,dsb_never,38,39,8958420064,1000.02,1,32100171,3.32609,5881638543,5881638543,0
mcs10_m3D_s60.A09,mcs10_m3D_s60.B09,dsb_never,38,38,9107667530,1000.02,1,16118104,1.82421,6063376319,6063376319,0
mcs10_m3D_s70.A00,mcs10_m3D_s70.B00,dsb_never,42,47,9270994443,1000.01,1,568747039,58.5893,6068553351,6068553351,0
mcs10_m3D_s70.A01,mcs10_m3D_s70.B01,dsb_never,41,39,9991801373,1000.02,1,147042563,13.9563,6486209680,6486209680,0
mcs10_m3D_s70.A02,mcs10_m3D_s70.B02,dsb_never,43,42,8281018415,1000.01,1,2222003687,258.72,5445595764,5445595764,0
mcs10_m3D_s70.A03,mcs10_m3D_s70.B03,dsb_never,45,43,8388834920,1000.02,1,540435784,59.1869,5722822994,5722822994,0
mcs10_m3D_s70.A04,mcs10_m3D_s70.B04,dsb_never,43,42,9551541171,1000.02,1,1232076479,131.512,6303485620,6303485620,0
mcs10_m3D_s70.A05,mcs10_m3D_s70.B05,dsb_never,42,38,10218868699,1000.02,1,673469853,62.0656,6686579065,6686579065,0
mcs10_m3D_s70.A06,mcs10_m3D_s70.B06,dsb_never,43,41,8992549521,1000.02,1,5186298752,576.551,5951015069,5951015069,0
mcs10_m3D_s70.A07,mcs10_m3D_s70.B07,dsb_never,44,41,9361174989,1000.02,1,1161277492,113.725,6171444643,6171444643,0
mcs10_m3D_s70.A08,mcs10_m3D_s70.B08,dsb_never,44,41,8556477723,1000.01,1,3358555630,368.631,5486919697,5486919697,0
mcs10_m3D_s70.A09,mcs10_m3D_s70.B09,dsb_never,44,42,9400808292,1000.01,1,847516116,82.7804,6471440787,6471440787,0
mcs10_m3D_s80.A00,mcs10_m3D_s80.B00,dsb_never,50,53,8823165500,1000.02,1,4199163082,462.661,5664974412,5664974412,0
mcs10_m3D_s80.A01,mcs10_m3D_s80.B01,dsb_never,48,47,8041693530,1000.02,1,1520324665,183.484,5070558415,5070558415,0
mcs10_m3D_s80.A02,mcs10_m3D_s80.B02,dsb_never,48,51,4155127760,1000.02,1,648275913,148.692,2636914066,2636914066,0
mcs10_m3D_s80.A03,mcs10_m3D_s80.B03,dsb_never,49,45,4414141379,1000.02,1,3844836927,860.856,2813946034,2813946034,0
mcs10_m3D_s80.A04,mcs10_m3D_s80.B04,dsb_never,48,44,4341157068,1000.02,1,1413529662,322.399,2765881552,2765881552,0
mcs10_m3D_s80.A05,mcs10_m3D_s80.B05,dsb_never,49,43,4153731574,1000.02,1,32398507,5.60424,2745270961,2745270961,0
mcs10_m3D_s80.A06,mcs10_m3D_s80.B06,dsb_never,47,42,4590809432,1000.01,1,83700090,17.4479,2993620122,2993620122,0
mcs10_m3D_s80.A07,mcs10_m3D_s80.B07,dsb_never,47,39,4729878320,1000.02,1,2034241071,420.705,3147476900,3147476900,0
mcs10_m3D_s80.A08,mcs10_m3D_s80.B08,dsb_never,48,44,4607426877,1000.02,1,156081065,32.5284,2957802720,2957802720,0
mcs10_m3D_s80.A09,mcs10_m3D_s80.B09,dsb_never,48,47,4105466314,1000.01,1,29645895,7.54843,2731983644,2731983644,0
mcs10_m3D_s90.A00,mcs10_m3D_s90.B00,dsb_never,51,48,6071630637,1000.02,1,3493135228,452.045,4512909325,4512909325,0
mcs10_m3D_s90.A01,mcs10_m3D_s90.B01,dsb_never,55,53,7752943046,1000.02,1,266214100,29.0962,4859084092,4859084092,0
mcs10_m3D_s90.A02,mcs10_m3D_s90.B02,dsb_never,53,51,8155066733,1000.01,1,2369947711,272.822,5209106487,5209106487,0
mcs10_m3D_s90.A03,mcs10_m3D_s90.B03,dsb_never,56,48,8197287875,1000.01,1,4714258445,558.646,5343658607,5343658607,0
mcs10_m3D_s90.A04,mcs10_m3D_s90.B04,dsb_never,54,48,9446559691,1000.01,1,1805464627,179.618,5906560906,5906560906,0
mcs10_m3D_s90.A05,mcs10_m3D_s90.B05,dsb_never,54,49,10908562423,1000.02,1,6648291847,585.876,7104041637,7104041637,0
mcs10_m3D_s90.A06,mcs10_m3D_s90.B06,dsb_never,54,50,8540999659,1000.02,1,175742032,20.9565,5441397191,5441397191,0
mcs10_m3D_s90.A07,mcs10_m3D_s90.B07,dsb_never,53,48,9397841511,1000.01,1,4308838626,437.073,6269655710,6269655710,0
mcs10_m3D_s90.A08,mcs10_m3D_s90.B08,dsb_never,52,48,9220403948,1000.02,1,214535955,22.4207,5875775007,5875775007,0
mcs10_m3D_s90.A09,mcs10_m3D_s90.B09,dsb_never,52,46,8659920109,1000.02,1,156255336,14.7963,5623718759,5623718759,0
mcs10_m3Dr2_s100.A00,mcs10_m3Dr2_s100.B00,dsb_never,57,54,8215961317,1000.02,1,585716733,61.7363,5247490286,5247490286,0
mcs10_m3Dr2_s100.A01,mcs10_m3Dr2_s100.B01,dsb_never,57,55,8068094201,1000.01,1,5489473972,670.574,4891743048,4891743048,0
mcs10_m3Dr2_s100.A02,mcs10_m3Dr2_s100.B02,dsb_never,55,49,8786338868,1000.01,1,2533512219,271.319,5648373194,5648373194,0
mcs10_m3Dr2_s100.A03,mcs10_m3Dr2_s100.B03,dsb_never,55,50,8199529458,1000.02,1,5636163385,679.965,5210000736,5210000736,0
mcs10_m3Dr2_s100.A04,mcs10_m3Dr2_s100.B04,dsb_never,55,51,10960144997,1000.02,1,2565728322,151.225,7188708555,7188708555,0
mcs10_m3Dr2_s100.A05,mcs10_m3Dr2_s100.B05,dsb_never,58,50,8801979723,1000.02,1,696056387,75.0808,5738315905,5738315905,0
mcs10_m3Dr2_s100.A06,mcs10_m3Dr2_s100.B06,dsb_never,57,56,9343915720,1000.02,1,1678757817,165.22,6180695175,6180695175,0
mcs10_m3Dr2_s100.A07,mcs10_m3Dr2_s100.B07,dsb_never,56,55,9614579850,1000.02,1,435365940,41.1933,6362060224,6362060224,0
mcs10_m3Dr2_s100.A08,mcs10_m3Dr2_s100.B08,dsb_never,56,51,8261035035,1000.02,1,1110583283,124.928,5477554774,5477554774,0
mcs10_m3Dr2_s100.A09,mcs10_m3Dr2_s100.B09,dsb_never,55,56,8634894405,1000.02,1,567899563,59.4788,5384820276,5384820276,0
mcs10_m3Dr2_s60.A00,mcs10_m3Dr2_s60.B00,dsb_never,37,37,8213473270,1000.02,1,3592381060,427.723,5223035778,5223035778,0
mcs10_m3Dr2_s60.A01,mcs10_m3Dr2_s60.B01,dsb_never,37,38,9121590408,1000.01,1,443191620,49.6251,5975664761,5975664761,0
mcs10_m3Dr2_s60.A02,mcs10_m3Dr2_s60.B02,dsb_never,38,32,8162684991,1000.01,1,2730223575,326.745,5420812002,5420812002,0
mcs10_m3Dr2_s60.A03,mcs10_m3Dr2_s60.B03,dsb_never,35,33,8252069050,1000.01,1,73197021,8.17608,5314226911,5314226911,0
mcs10_m3Dr2_s60.A04,mcs10_m3Dr2_s60.B04,dsb_never,37,37,8422239386,1000.01,1,805479801,91.2796,5384588158,5384588158,0
mcs10_m3Dr2_s60.A05,mcs10_m3Dr2_s60.B05,dsb_never,37,33,8725367412,1000.02,1,982445911,107.782,5877202977,5877202977,0
mcs10_m3Dr2_s60.A06,mcs10_m3Dr2_s60.B06,dsb_never,37,34,7364605145,1000.02,1,758444182,101.451,4843322861,4843322861,0
mcs10_m3Dr2_s60.A07,mcs10_m3Dr2_s60.B07,dsb_never,36,38,8757345976,1000.01,1,812908047,89.4054,5696196210,5696196210,0
mcs10_m3Dr2_s60.A08,mcs10_m3Dr2_s60.B08,dsb_never,37,37,8361595458,1000.01,1,622030577,75.9348,5493873983,5493873983,0
mcs10_m3Dr2_s60.A09,mcs10_m3Dr2_s60.B09,dsb_never,37,32,8426494579,1000.02,1,5410411397,634.235,5439621811,5439621811,0
mcs10_m3Dr2_s70.A00,mcs10_m3Dr2_s70.B00,dsb_never,43,39,9293509328,1000.02,1,3411787062,363.214,5969169464,5969169464,0
mcs10_m3Dr2_s70.A01,mcs10_m3Dr2_s70.B01,dsb_never,42,38,8715870161,1000.01,1,6320940495,708.791,5600603564,5600603564,0
mcs10_m3Dr2_s70.A02,mcs10_m3Dr2_s70.B02,dsb_never,42,39,8881240998,1000.02,1,1268333845,139.46,5642969798,5642969798,0
mcs10_m3Dr2_s70.A03,mcs10_m3Dr2_s70.B03,dsb_never,43,40,8651412368,1000.02,1,2551224481,285.312,5705512776,5705512776,0
mcs10_m3Dr2_s70.A04,mcs10_m3Dr2_s70.B04,dsb_never,41,38,9060860065,1000.01,1,2125950269,222.094,5816736627,5816736627,0
mcs10_m3Dr2_s70.A05,mcs10_m3Dr2_s70.B05,dsb_never,42,42,8785077678,1000.02,1,907754747,100.699,5564955754,5564955754,0
mcs10_m3Dr2_s70.A06,mcs10_m3Dr2_s70.B06,dsb_never,41,41,7892406946,1000.02,1,5616304336,710.778,5051431128,5051431128,0
mcs10_m3Dr2_s70.A07,mcs10_m3Dr2_s70.B07,dsb_never,42,43,7455840567,1000.02,1,85678195,9.73978,4869769497,4869769497,0
mcs10_m3Dr2_s70.A08,mcs10_m3Dr2_s70.B08,dsb_never,42,38,9136575187,1000.01,1,7573596561,821.409,5893853187,5893853187,0
mcs10_m3Dr2_s70.A09,mcs10_m3Dr2_s70.B09,dsb_never,42,43,8288608737,1000.02,1,3691235411,431.033,5355529619,5355529619,0
mcs10_m3Dr2_s80.A00,mcs10_m3Dr2_s80.B00,dsb_never,46,43,8922057676,1000.02,1,4984472048,547.508,5720773651,5720773651,0
mcs10_m3Dr2_s80.A01,mcs10_m3Dr2_s80.B01,dsb_never,47,45,8401237553,1000.02,1,5905861323,682.898,5292204806,5292204806,0
mcs10_m3Dr2_s80.A02,mcs10_m3Dr2_s80.B02,dsb_never,48,41,9027404624,1000.01,1,5911423619,635.46,5976797433,5976797433,0
mcs10_m3Dr2_s80.A03,mcs10_m3Dr2_s80.B03,dsb_never,46,42,8323917776,1000.02,1,1177416341,130.74,5347770165,5347770165,0
mcs10_m3Dr2_s80.A04,mcs10_m3Dr2_s80.B04,dsb_never,48,49,8171955443,1000.02,1,3136504162,368.145,5004444641,5004444641,0
mcs10_m3Dr2_s80.A05,mcs10_m3Dr2_s80.B05,dsb_never,47,46,8252477250,1000.02,1,1491000946,178.816,5186609767,5186609767,0
mcs10_m3Dr2_s80.A06,mcs10_m3Dr2_s80.B06,dsb_never,46,44,8257897308,1000.02,1,6677199854,806.196,5426718608,5426718608,0
mcs10_m3Dr2_s80.A07,mcs10_m3Dr2_s80.B07,dsb_never,48,48,8727410717,1000.02,1,4811994684,544.65,5498264168,5498264168,0
mcs10_m3Dr2_s80.A08,mcs10_m3Dr2_s80.B08,dsb_never,47,45,9292109417,1000.02,1,125911884,11.8657,6186628130,6186628130,0
mcs10_m3Dr2_s80.A09,mcs10_m3Dr2_s80.B09,dsb_never,47,46,8104733010,1000.02,1,242715582,28.4547,5099239267,5099239267,0
mcs10_m3Dr2_s90.A00,mcs10_m3Dr2_s90.B00,dsb_never,52,53,8524225058,1000.02,1,287099469,30.1322,5514983326,5514983326,0
mcs10_m3Dr2_s90.A01,mcs10_m3Dr2_s90.B01,dsb_never,52,48,8225734852,1000.02,1,3664834369,447.855,5169559512,5169559512,0
mcs10_m3Dr2_s90.A02,mcs10_m3Dr2_s90.B02,dsb_never,52,47,8789458205,1000.02,1,456645407,50.296,5637139299,5637139299,0
mcs10_m3Dr2_s90.A03,mcs10_m3Dr2_s90.B03,dsb_never,51,54,7699255562,1000.02,1,1374253551,171.249,4820620844,4820620844,0
mcs10_m3Dr2_s90.A04,mcs10_m3Dr2_s90.B04,dsb_never,53,49,8033797152,1000.02,1,735630576,87.4085,5099475447,5099475447,0
mcs10_m3Dr2_s90.A05,mcs10_m3Dr2_s90.B05,dsb_never,51,46,8521268758,1000.02,1,3487494888,393.496,5312690472,5312690472,0
mcs10_m3Dr2_s90.A06,mcs10_m3Dr2_s90.B06,dsb_never,52,49,8163833662,1000.02,1,7764746129,950.317,5108403667,5108403667,0
mcs10_m3Dr2_s90.A07,mcs10_m3Dr2_s90.B07,dsb_never,52,50,9248664210,1000.01,1,4528396677,480.879,6048705358,6048705358,0
mcs10_m3Dr2_s90.A08,mcs10_m3Dr2_s90.B08,dsb_never,51,47,9062717086,1000.02,1,4508180432,488.818,6010084879,6010084879,0
mcs10_m3Dr2_s90.A09,mcs10_m3Dr2_s90.B09,dsb_never,51,49,8267845182,1000.02,1,7492338838,915.538,5353687383,5353687383,0
mcs10_m3Dr4_s100.A00,mcs10_m3Dr4_s100.B00,dsb_never,53,47,8921565009,1000.03,1,5151996523,549.512,5584973930,5584973930,0
mcs10_m3Dr4_s100.A01,mcs10_m3Dr4_s100.B01,dsb_never,56,52,8478228398,1000.02,1,6195689002,725.766,5255387592,5255387592,0
mcs10_m3Dr4_s100.A02,mcs10_m3Dr4_s100.B02,dsb_never,54,49,8845185193,1000.02,1,3496988508,306.862,5903991208,5903991208,0
mcs10_m3Dr4_s100.A03,mcs10_m3Dr4_s100.B03,dsb_never,55,51,8810732537,1000.01,1,2541451216,284.953,6224579136,6224579136,0
mcs10_m3Dr4_s100.A04,mcs10_m3Dr4_s100.B04,dsb_never,54,55,7076207235,1000.02,1,907985269,122.294,4375469573,4375469573,0
mcs10_m3Dr4_s100.A05,mcs10_m3Dr4_s100.B05,dsb_never,54,51,8768528478,1000.02,1,2338327564,235.952,5716846053,5716846053,0
mcs10_m3Dr4_s100.A06,mcs10_m3Dr4_s100.B06,dsb_never,52,45,9027701611,1000.02,1,2658309845,231.864,5832964550,5832964550,0
mcs10_m3Dr4_s100.A07,mcs10_m3Dr4_s100.B07,dsb_never,55,53,8124967645,1000.02,1,3663500089,450.918,5141090187,5141090187,0
mcs10_m3Dr4_s100.A08,mcs10_m3Dr4_s100.B08,dsb_never,55,54,8551638923,1000.02,1,4024645606,443.765,5520577491,5520577491,0
mcs10_m3Dr4_s100.A09,mcs10_m3Dr4_s100.B09,dsb_never,56,51,8336181053,1000.02,1,1091688368,122.7,5272055660,5272055660,0
mcs10_m3Dr4_s60.A00,mcs10_m3Dr4_s60.B00,dsb_never,36,35,8089062304,1000.02,1,4168927530,505.848,5149448660,5149448660,0
mcs10_m3Dr4_s60.A01,mcs10_m3Dr4_s60.B01,dsb_never,36,33,8178945181,1000.02,1,6396100992,767.765,5397775373,5397775373,0
mcs10_m3Dr4_s60.A02,mcs10_m3Dr4_s60.B02,dsb_never,35,34,8193997006,1000.02,1,150946099,16.424,5193493411,5193493411,0
mcs10_m3Dr4_s60.A03,mcs10_m3Dr4_s60.B03,dsb_never,36,34,8090597136,1000.02,1,3267710437,398.087,5198011922,5198011922,0
mcs10_m3Dr4_s60.A04,mcs10_m3Dr4_s60.B04,dsb_never,35,31,9163502311,1000.01,1,4245406390,443.368,6140433708,6140433708,0
mcs10_m3Dr4_s60.A05,mcs10_m3Dr4_s60.B05,dsb_never,36,40,8152013632,1000.02,1,1874991185,227.219,5243128143,5243128143,0
mcs10_m3Dr4_s60.A06,mcs10_m3Dr4_s60.B06,dsb_never,35,35,9198099152,1000.02,1,2061606003,214.049,6219570113,6219570113,0
mcs10_m3Dr4_s60.A07,mcs10_m3Dr4_s60.B07,dsb_never,36,35,9015939323,1000.02,1,6373253894,706.422,5890640135,5890640135,0
mcs10_m3Dr4_s60.A08,mcs10_m3Dr4_s60.B08,dsb_never,36,33,8792757119,1000.02,1,2334815007,259.263,5728736731,5728736731,0
mcs10_m3Dr4_s60.A09,mcs10_m3Dr4_s60.B09,dsb_never,36,39,8311052768,1000.01,1,3568512397,402.901,5516936979,5516936979,0
mcs10_m3Dr4_s70.A00,mcs10_m3Dr4_s70.B00,dsb_never,40,39,8896207262,1000.02,1,123937678,13.2446,5920234493,5920234493,0
mcs10_m3Dr4_s70.A01,mcs10_m3Dr4_s70.B01,dsb_never,41,38,7737151059,1000.01,1,1457812452,177.549,5037212994,5037212994,0
mcs10_m3Dr4_s70.A02,mcs10_m3Dr4_s70.B02,dsb_never,39,39,8539542198,1000.01,1,283952184,34.4103,5532699419,5532699419,0
mcs10_m3Dr4_s70.A03,mcs10_m3Dr4_s70.B03,dsb_never,39,36,8691412906,1000.01,1,734333971,78.5855,5658594549,5658594549,0
mcs10_m3Dr4_s70.A04,mcs10_m3Dr4_s70.B04,dsb_never,40,40,8159321858,1000.01,1,3041502326,365.829,5195568326,5195568326,0
mcs10_m3Dr4_s70.A05,mcs10_m3Dr4_s70.B05,dsb_never,40,40,8708541001,1000.02,1,743731992,78.8419,5771545044,5771545044,0
mcs10_m3Dr4_s70.A06,mcs10_m3Dr4_s70.B06,dsb_never,41,41,8167328751,1000.01,1,87574537,10.2363,5409498209,5409498209,0
mcs10_m3Dr4_s70.A07,mcs10_m3Dr4_s70.B07,dsb_never,41,43,7938729122,1000.02,1,108470232,12.4906,5005484071,5005484071,0
mcs10_m3Dr4_s70.A08,mcs10_m3Dr4_s70.B08,dsb_never,40,40,7908870410,1000.02,1,5690394306,724.158,4948736942,4948736942,0
mcs10_m3Dr4_s70.A09,mcs10_m3Dr4_s70.B09,dsb_never,40,40,9032480598,1000.02,1,5484112124,593.617,5744503519,5744503519,0
mcs10_m3Dr4_s80.A00,mcs10_m3Dr4_s80.B00,dsb_never,45,48,7744400180,1000.02,1,1082131755,138.416,4832977733,4832977733,0
mcs10_m3Dr4_s80.A01,mcs10_m3Dr4_s80.B01,dsb_never,46,46,7812574324,1000.01,1,1177449463,141.25,5172271649,5172271649,0
mcs10_m3Dr4_s80.A02,mcs10_m3Dr4_s80.B02,dsb_never,45,41,8539608682,1000.02,1,105182961,11.521,5685597987,5685597987,0
mcs10_m3Dr4_s80.A03,mcs10_m3Dr4_s80.B03,dsb_never,46,45,8148127081,1000.01,1,3357517639,393.465,5244854602,5244854602,0
mcs10_m3Dr4_s80.A04,mcs10_m3Dr4_s80.B04,dsb_never,45,45,8065473640,1000.02,1,7752440126,960.774,5057878812,5057878812,0
mcs10_m3Dr4_s80.A05,mcs10_m3Dr4_s80.B05,dsb_never,45,41,8272007913,1000.02,1,5950476866,726.14,5321031582,5321031582,0
mcs10_m3Dr4_s80.A06,mcs10_m3Dr4_s80.B06,dsb_never,47,47,8541277797,1000.01,1,1922663405,229.07,5543846122,5543846122,0
mcs10_m3Dr4_s80.A07,mcs10_m3Dr4_s80.B07,dsb_never,47,47,7961585032,1000.02,1,17162445,1.83602,5061043435,5061043435,0
mcs10_m3Dr4_s80.A08,mcs10_m3Dr4_s80.B08,dsb_never,47,49,7973410683,1000.02,1,3310000659,394.247,5139893518,5139893518,0
mcs10_m3Dr4_s80.A09,mcs10_m3Dr4_s80.B09,dsb_never,45,46,8210173619,1000.02,1,604229433,71.5438,5252630409,5252630409,0
mcs10_m3Dr4_s90.A00,mcs10_m3Dr4_s90.B00,dsb_never,50,49,7958722215,1000.02,1,1901572544,227.414,5040224689,5040224689,0
mcs10_m3Dr4_s90.A01,mcs10_m3Dr4_s90.B01,dsb_never,51,52,8112838195,1000,1,7458755991,916.789,5100898633,5100898633,0
mcs10_m3Dr4_s90.A02,mcs10_m3Dr4_s90.B02,dsb_never,50,50,7777608151,1000.01,1,389654580,48.3541,4863607976,4863607976,0
mcs10_m3Dr4_s90.A03,mcs10_m3Dr4_s90.B03,dsb_never,51,51,8963521189,1000.02,1,481588128,25.3791,5942975175,5942975175,0
mcs10_m3Dr4_s90.A04,mcs10_m3Dr4_s90.B04,dsb_never,50,48,8054934041,1000.01,1,815213089,95.2528,5110729275,5110729275,0
mcs10_m3Dr4_s90.A05,mcs10_m3Dr4_s90.B05,dsb_never,49,46,8699530437,1000.02,1,20410468,1.98821,5869947370,5869947370,0
mcs10_m3Dr4_s90.A06,mcs10_m3Dr4_s90.B06,dsb_never,52,50,8318431219,1000.01,1,2242047000,239.802,5612539704,5612539704,0
mcs10_m3Dr4_s90.A07,mcs10_m3Dr4_s90.B07,dsb_never,50,50,8288805503,1000.02,1,1994660297,228.754,5220129486,5220129486,0
mcs10_m3Dr4_s90.A08,mcs10_m3Dr4_s90.B08,dsb_never,50,48,7799786414,1000.02,1,170020435,20.454,4851396784,4851396784,0
mcs10_m3Dr4_s90.A09,mcs10_m3Dr4_s90.B09,dsb_never,48,48,8413085689,1000.02,1,121323740,14.2767,5423265294,5423265294,0
mcs10_m3Dr6_s100.A00,mcs10_m3Dr6_s100.B00,dsb_never,54,47,8098075505,1000.02,1,216729987,12.0651,5271697749,5271697749,0
mcs10_m3Dr6_s100.A01,mcs10_m3Dr6_s100.B01,dsb_never,49,47,9671458441,1000.02,1,2936532484,279.843,6275942126,6275942126,0
mcs10_m3Dr6_s100.A02,mcs10_m3Dr6_s100.B02,dsb_never,53,52,8017182570,1000.01,1,5129883,0.383858,5186460542,5186460542,0
mcs10_m3Dr6_s100.A03,mcs10_m3Dr6_s100.B03,dsb_never,51,50,8061362066,1000.01,1,1758476628,215.706,4987328019,4987328019,0
mcs10_m3Dr6_s100.A04,mcs10_m3Dr6_s100.B04,dsb_never,52,56,7716147469,1000.01,1,18402905,2.04089,4750555858,4750555858,0
mcs10_m3Dr6_s100.A05,mcs10_m3Dr6_s100.B05,dsb_never,52,55,8210139630,1000.02,1,8119517616,987.795,5073449177,5073449177,0
mcs10_m3Dr6_s100.A06,mcs10_m3Dr6_s100.B06,dsb_never,51,55,8069702109,1000.02,1,245723183,29.1175,5025658991,5025658991,0
mcs10_m3Dr6_s100.A07,mcs10_m3Dr6_s100.B07,dsb_never,52,55,8126510636,1000.02,1,547977895,57.8866,5184907535,5184907535,0
mcs10_m3Dr6_s100.A08,mcs10_m3Dr6_s100.B08,dsb_never,53,54,13097993393,1000.03,1,12877189187,972.835,9466064335,9466064335,0
mcs10_m3Dr6_s100.A09,mcs10_m3Dr6_s100.B09,dsb_never,55,54,8123890762,1000.02,1,6631882096,816.549,5182046566,5182046566,0
mcs10_m3Dr6_s60.A00,mcs10_m3Dr6_s60.B00,dsb_never,34,40,7862443066,1000.02,1,104905913,12.2073,5019525085,5019525085,0
mcs10_m3Dr6_s60.A01,mcs10_m3Dr6_s60.B01,dsb_never,35,37,8201842472,1000.02,1,10602738,1.30282,5531851838,5531851838,0
mcs10_m3Dr6_s60.A02,mcs10_m3Dr6_s60.B02,dsb_never,34,33,8493153648,1000.02,1,576780946,67.2775,5452854160,5452854160,0
mcs10_m3Dr6_s60.A03,mcs10_m3Dr6_s60.B03,dsb_never,34,37,3893758818,1000.02,1,69967741,18.1489,2519858252,2519858252,0
mcs10_m3Dr6_s60.A04,mcs10_m3Dr6_s60.B04,dsb_never,34,35,4114887468,1000.01,1,3145338026,752.756,2694395449,2694395449,0
mcs10_m3Dr6_s60.A05,mcs10_m3Dr6_s60.B05,dsb_never,34,34,3886573380,1000.02,1,529086644,128.109,2530394632,2530394632,0
mcs10_m3Dr6_s60.A06,mcs10_m3Dr6_s60.B06,dsb_never,34,36,3981681927,1000.01,1,34748694,8.27794,2487941751,2487941751,0
mcs10_m3Dr6_s60.A07,mcs10_m3Dr6_s60.B07,dsb_never,34,35,4190411810,1000.02,1,367544092,85.5297,2746294791,2746294791,0
mcs10_m3Dr6_s60.A08,mcs10_m3Dr6_s60.B08,dsb_never,34,36,4259575733,1000.01,1,1547069382,343.114,2738063890,2738063890,0
mcs10_m3Dr6_s60.A09,mcs10_m3Dr6_s60.B09,dsb_never,35,34,4080849446,1000.01,1,1211841859,283.704,2693366229,2693366229,0
mcs10_m3Dr6_s70.A00,mcs10_m3Dr6_s70.B00,dsb_never,40,44,4062953418,1000.02,1,253505360,57.2758,2602924046,2602924046,0
mcs10_m3Dr6_s70.A01,mcs10_m3Dr6_s70.B01,dsb_never,39,38,4103792684,1000.02,1,2482795148,589.027,2612844810,2612844810,0
mcs10_m3Dr6_s70.A02,mcs10_m3Dr6_s70.B02,dsb_never,40,44,7823634433,1000.02,1,6141429639,781.286,5026963302,5026963302,0
mcs10_m3Dr6_s70.A03,mcs10_m3Dr6_s70.B03,dsb_never,39,40,7441661507,1000.03,1,2769522994,373.704,4576308462,4576308462,0
mcs10_m3Dr6_s70.A04,mcs10_m3Dr6_s70.B04,dsb_never,40,43,7653273376,1000.02,1,567512309,77.3914,4923707923,4923707923,0
mcs10_m3Dr6_s70.A05,mcs10_m3Dr6_s70.B05,dsb_never,40,39,7797686601,1000.01,1,6404527989,821.949,5097227809,5097227809,0
mcs10_m3Dr6_s70.A06,mcs10_m3Dr6_s70.B06,dsb_never,39,41,8109809629,1000.02,1,1418688114,179.651,5184160151,5184160151,0
mcs10_m3Dr6_s70.A07,mcs10_m3Dr6_s70.B07,dsb_never,40,38,8077301118,1000.02,1,647450410,76.297,5168548848,5168548848,0
mcs10_m3Dr6_s70.A08,mcs10_m3Dr6_s70.B08,dsb_never,40,39,8167660218,1000.02,1,679968960,78.4711,5245174978,5245174978,0
mcs10_m3Dr6_s70.A09,mcs10_m3Dr6_s70.B09,dsb_never,39,39,7806018019,1000.02,1,3136931652,392.536,4845981505,4845981505,0
mcs10_m3Dr6_s80.A00,mcs10_m3Dr6_s80.B00,dsb_never,43,47,8325978011,1000.02,1,182025304,20.2168,5314471131,5314471131,0
mcs10_m3Dr6_s80.A01,mcs10_m3Dr6_s80.B01,dsb_never,45,46,7570006926,1000.02,1,158828342,19.7643,4646250711,4646250711,0
mcs10_m3Dr6_s80.A02,mcs10_m3Dr6_s80.B02,dsb_never,41,45,9049062980,1000.02,1,67452480,7.46825,5887217451,5887217451,0
mcs10_m3Dr6_s80.A03,mcs10_m3Dr6_s80.B03,dsb_never,45,43,8357250156,1000.02,1,6929147353,825.239,5156040877,5156040877,0
mcs10_m3Dr6_s80.A04,mcs10_m3Dr6_s80.B04,dsb_never,43,41,8148563025,1000.01,1,7811426200,958.719,5305554808,5305554808,0
mcs10_m3Dr6_s80.A05,mcs10_m3Dr6_s80.B05,dsb_never,44,45,8530864931,1000.01,1,4721612796,553.468,5551966211,5551966211,0
mcs10_m3Dr6_s80.A06,mcs10_m3Dr6_s80.B06,dsb_never,44,44,8650060592,1000.02,1,6750828472,772.831,5683269384,5683269384,0
mcs10_m3Dr6_s80.A07,mcs10_m3Dr6_s80.B07,dsb_never,44,47,8039213988,1000.01,1,577575326,71.6049,4977771019,4977771019,0
mcs10_m3Dr6_s80.A08,mcs10_m3Dr6_s80.B08,dsb_never,43,46,8291693247,1000.02,1,52438841,6.49713,5197887210,5197887210,0
mcs10_m3Dr6_s80.A09,mcs10_m3Dr6_s80.B09,dsb_never,44,47,7988644667,1000.01,1,634103579,74.4671,5123387971,5123387971,0
mcs10_m3Dr6_s90.A00,mcs10_m3Dr6_s90.B00,dsb_never,48,46,8124943030,1000.02,1,4114766374,499.684,5194786828,5194786828,0
mcs10_m3Dr6_s90.A01,mcs10_m3Dr6_s90.B01,dsb_never,47,47,8058579868,1000.02,1,764043507,93.6096,5121032273,5121032273,0
mcs10_m3Dr6_s90.A02,mcs10_m3Dr6_s90.B02,dsb_never,48,50,8326105897,1000.02,1,4348365635,511.492,5391061621,5391061621,0
mcs10_m3Dr6_s90.A03,mcs10_m3Dr6_s90.B03,dsb_never,47,44,8737006125,1000.02,1,6906064561,768.216,5576346956,5576346956,0
mcs10_m3Dr6_s90.A04,mcs10_m3Dr6_s90.B04,dsb_never,47,46,7926577368,1000.02,1,153501548,16.0223,5086214750,5086214750,0
mcs10_m3Dr6_s90.A05,mcs10_m3Dr6_s90.B05,dsb_never,49,45,8300367344,1000.01,1,2172057027,254.851,5256282703,5256282703,0
mcs10_m3Dr6_s90.A06,mcs10_m3Dr6_s90.B06,dsb_never,49,54,6994864909,1000.01,1,3379785320,469.583,4412759582,4412759582,0
mcs10_m3Dr6_s90.A07,mcs10_m3Dr6_s90.B07,dsb_never,49,50,6794726141,1000.02,1,1094650234,155.154,4355137301,4355137301,0
mcs10_m3Dr6_s90.A08,mcs10_m3Dr6_s90.B08,dsb_never,47,43,8198770701,1000.02,1,3605286025,425.185,5274225714,5274225714,0
mcs10_m3Dr6_s90.A09,mcs10_m3Dr6_s90.B09,dsb_never,48,48,7875372123,1000.02,1,1672435268,208.116,4978252398,4978252398,0
mcs10_m4D_s100.A00,mcs10_m4D_s100.B00,dsb_never,63,58,25404707944,1000.02,1,2956438208,124.924,18672827669,18672827669,0
mcs10_m4D_s100.A01,mcs10_m4D_s100.B01,dsb_never,73,69,14163046619,1000.01,1,1012222844,57.9057,10239037740,10239037740,0
mcs10_m4D_s100.A02,mcs10_m4D_s100.B02,dsb_never,65,53,15811427094,1000.01,1,7612318040,511.526,13262521032,13262521032,0
mcs10_m4D_s100.A03,mcs10_m4D_s100.B03,dsb_never,66,58,30209895490,1000.02,1,6672215669,221.012,24176764024,24176764024,0
mcs10_m4D_s100.A04,mcs10_m4D_s100.B04,dsb_never,59,47,29547452278,1000.01,1,165720518,5.17808,23452040335,23452040335,0
mcs10_m4D_s100.A05,mcs10_m4D_s100.B05,dsb_never,72,60,11376281258,1000.02,1,9124688070,748.952,8440612142,8440612142,0
mcs10_m4D_s100.A06,mcs10_m4D_s100.B06,dsb_never,68,62,26384595013,1000.01,1,1948153516,108.022,21253992472,21253992472,0
mcs10_m4D_s100.A07,mcs10_m4D_s100.B07,dsb_never,65,57,10232998821,1000.01,1,5930602876,513.764,8811506613,8811506613,0
mcs10_m4D_s100.A08,mcs10_m4D_s100.B08,dsb_never,62,55,25290093167,1000.02,1,9023304586,309.215,20467229810,20467229810,0
mcs10_m4D_s100.A09,mcs10_m4D_s100.B09,dsb_never,67,61,28868240347,1000.02,1,330949299,11.5715,23113465223,23113465223,0
mcs10_m4Dr2_s100.A00,mcs10_m4Dr2_s100.B00,dsb_never,56,48,29204323719,1000,1,1512964,0.0483861,22768635185,22768635185,0
mcs10_m4Dr2_s100.A01,mcs10_m4Dr2_s100.B01,dsb_never,59,49,19117952786,1000.02,1,11958436589,624.721,16089688782,16089688782,0
mcs10_m4Dr2_s100.A02,mcs10_m4Dr2_s100.B02,dsb_never,66,59,10022491333,1000.02,1,739075645,68.8198,6861049295,6861049295,0
mcs10_m4Dr2_s100.A03,mcs10_m4Dr2_s100.B03,dsb_never,65,57,9754730847,1000.02,1,494108500,45.3512,6833982063,6833982063,0
mcs10_m4Dr2_s100.A04,mcs10_m4Dr2_s100.B04,dsb_never,65,59,28676601115,1000.02,1,2202412110,95.6185,23051265196,23051265196,0
mcs10_m4Dr2_s100.A05,mcs10_m4Dr2_s100.B05,dsb_never,60,51,16306095889,1000.02,1,3215940198,185.673,13322561537,13322561537,0
mcs10_m4Dr2_s100.A06,mcs10_m4Dr2_s100.B06,dsb_never,65,58,9297693817,1000.01,1,9603402,0.475068,6439306471,6439306471,0
mcs10_m4Dr2_s100.A07,mcs10_m4Dr2_s100.B07,dsb_never,60,46,33016888568,1000.02,1,41674747,1.68153,24765315996,24765315996,0
mcs10_m4Dr2_s100.A08,mcs10_m4Dr2_s100.B08,dsb_never,65,56,13641585955,1000.02,1,5828061782,198.521,10645524757,10645524757,0
mcs10_m4Dr2_s100.A09,mcs10_m4Dr2_s100.B09,dsb_never,56,53,32704015778,1000.02,1,2257634035,70.6918,24524860985,24524860985,0
mcs10_m4Dr4_s100.A00,mcs10_m4Dr4_s100.B00,dsb_never,52,43,32827244472,1000.02,1,5478305578,165.253,24580824033,24580824033,0
mcs10_m4Dr4_s100.A01,mcs10_m4Dr4_s100.B01,dsb_never,63,60,10110161687,1000.02,1,551131136,32.1092,6780292651,6780292651,0
mcs10_m4Dr4_s100.A02,mcs10_m4Dr4_s100.B02,dsb_never,54,42,29533502267,1000.02,1,5469952,0.196635,22327267519,22327267519,0
mcs10_m4Dr4_s100.A03,mcs10_m4Dr4_s100.B03,dsb_never,62,49,13898967786,1000.02,1,4131746211,152.146,9989160209,9989160209,0
mcs10_m4Dr4_s100.A04,mcs10_m4Dr4_s100.B04,dsb_never,64,56,20385331516,1000.02,1,16838055944,656.787,15605325482,15605325482,0
mcs10_m4Dr4_s100.A05,mcs10_m4Dr4_s100.B05,dsb_never,62,56,14895074853,1000.02,1,1657177264,80.648,11194826828,11194826828,0
mcs10_m4Dr4_s100.A06,mcs10_m4Dr4_s100.B06,dsb_never,66,56,10714937667,1000.02,1,4232196833,264.286,7433011323,7433011323,0
mcs10_m4Dr4_s100.A07,mcs10_m4Dr4_s100.B07,dsb_never,65,55,31900503150,1000.02,1,31231085370,966.687,23854293601,23854293601,0
mcs10_m4Dr4_s100.A08,mcs10_m4Dr4_s100.B08,dsb_never,64,75,11151539967,1000.02,1,8036278846,709.618,7610680745,7610680745,0
mcs10_m4Dr4_s100.A09,mcs10_m4Dr4_s100.B09,dsb_never,66,70,9689349771,1000.02,1,9191418440,945.083,6211162848,6211162848,0
mcs10_m4Dr6_s100.A00,mcs10_m4Dr6_s100.B00,dsb_never,63,58,8768072670,1000.02,1,1523626246,151.746,6584175680,6584175680,0
mcs10_m4Dr6_s100.A01,mcs10_m4Dr6_s100.B01,dsb_never,61,50,15482714353,1000.01,1,14784085715,937.748,11826526931,11826526931,0
mcs10_m4Dr6_s100.A02,mcs10_m4Dr6_s100.B02,dsb_never,60,52,11082052939,1000.03,1,7189879727,642.721,7096564337,7096564337,0
mcs10_m4Dr6_s100.A03,mcs10_m4Dr6_s100.B03,dsb_never,64,61,8930979034,1000.02,1,431188537,42.1536,5745637985,5745637985,0
mcs10_m4Dr6_s100.A04,mcs10_m4Dr6_s100.B04,dsb_never,59,60,8769886072,1000.02,1,936583896,92.1876,6381963824,6381963824,0
mcs10_m4Dr6_s100.A05,mcs10_m4Dr6_s100.B05,dsb_never,62,58,14953817456,1000.02,1,10945196776,501.735,10961628857,10961628857,0
mcs10_m4Dr6_s100.A06,mcs10_m4Dr6_s100.B06,dsb_never,52,43,29636606245,1000.01,1,2708477702,84.8367,23434110618,23434110618,0
mcs10_m4Dr6_s100.A07,mcs10_m4Dr6_s100.B07,dsb_never,61,55,10522972835,1000.01,1,6444762922,590.768,7206946949,7206946949,0
mcs10_m4Dr6_s100.A08,mcs10_m4Dr6_s100.B08,dsb_never,65,62,8882192872,1000.02,1,6896812367,770.225,5653081117,5653081117,0
mcs10_m4Dr6_s100.A09,mcs10_m4Dr6_s100.B09,dsb_never,63,58,20289582506,1000.02,1,17210994421,618.064,14843099831,14843099831,0
mcs10_r001_s100.A00,mcs10_r001_s100.B00,dsb_never,70,54,11582250791,1000.01,1,1475,0.000157077,10190315982,10190315982,0
mcs10_r001_s100.A01,mcs10_r001_s100.B01,dsb_never,70,52,31783144775,1000.02,1,2220179,0.180454,23838143203,23838143203,0
mcs10_r001_s100.A02,mcs10_r001_s100.B02,dsb_never,76,61,14867114308,1000.02,1,139623816,9.24612,12630883856,12630883856,0
mcs10_r001_s100.A03,mcs10_r001_s100.B03,dsb_never,73,54,25624276089,1000.02,1,7537941273,280.814,22263592602,22263592602,0
mcs10_r001_s100.A04,mcs10_r001_s100.B04,dsb_never,73,52,13639247396,1000.02,1,10181781090,756.596,11835739051,11835739051,0
mcs10_r001_s100.A05,mcs10_r001_s100.B05,dsb_never,69,53,29794107578,1000.02,1,20063198330,635.686,23108331740,23108331740,0
mcs10_r001_s100.A06,mcs10_r001_s100.B06,dsb_never,71,57,26535395298,1000.02,1,339,7.98E-05,22755780749,22755780749,0
mcs10_r001_s100.A07,mcs10_r001_s100.B07,dsb_never,70,51,31091891294,1000.01,1,6107135259,185.852,24277851044,24277851044,0
mcs10_r001_s100.A08,mcs10_r001_s100.B08,dsb_never,74,53,33129452924,1000.01,1,13791259,1.09182,24848962680,24848962680,0
mcs10_r001_s100.A09,mcs10_r001_s100.B09,dsb_never,68,53,27106271926,1000.02,1,163,6.17E-05,23120575404,23120575404,0
mcs10_r005_s100.A00,mcs10_r005_s100.B00,dsb_never,42,55,6455169980,1000.01,1,6182829715,956.851,3894004190,3894004190,0
mcs10_r005_s100.A01,mcs10_r005_s100.B01,dsb_never,41,52,6496862683,1000.02,1,4075700367,608.422,3995479414,3995479414,0
mcs10_r005_s100.A02,mcs10_r005_s100.B02,dsb_never,41,54,6925232505,1000.02,1,6507835110,935.423,4218815416,4218815416,0
mcs10_r005_s100.A03,mcs10_r005_s100.B03,dsb_never,40,52,6426761921,1000.02,1,166389956,24.3701,3957539599,3957539599,0
mcs10_r005_s100.A04,mcs10_r005_s100.B04,dsb_never,40,49,6123886753,1000.01,1,2430934276,387.599,3705352359,3705352359,0
mcs10_r005_s100.A05,mcs10_r005_s100.B05,dsb_never,40,48,6658979933,1000.02,1,1065051530,153.757,4048420630,4048420630,0
mcs10_r005_s100.A06,mcs10_r005_s100.B06,dsb_never,39,49,7018054843,1000.02,1,103275233,14.2296,4319130691,4319130691,0
mcs10_r005_s100.A07,mcs10_r005_s100.B07,dsb_never,40,51,6975282288,1000.01,1,51169360,6.09989,4286669206,4286669206,0
mcs10_r005_s100.A08,mcs10_r005_s100.B08,dsb_never,40,51,6858867624,1000.01,1,5922830285,860.111,4230384436,4230384436,0
mcs10_r005_s100.A09,mcs10_r005_s100.B09,dsb_never,39,51,6305756743,1000.01,1,2358565191,368.595,3905691610,3905691610,0
mcs10_r005_s20.A00,mcs10_r005_s20.B00,dsb_never,17,12,2806,0.000260032,0,1340,0.000117417,1867,1867,0
mcs10_r005_s20.A01,mcs10_r005_s20.B01,dsb_never,17,12,13633,0.000867558,0,13354,0.000810612,9827,9827,0
mcs10_r005_s20.A02,mcs10_r005_s20.B02,dsb_never,17,14,11359,0.00063731,0,8397,0.000401504,7803,7803,0
mcs10_r005_s20.A03,mcs10_r005_s20.B03,dsb_never,17,12,10022,0.000734257,0,8595,0.000595066,6835,6835,0
mcs10_r005_s20.A04,mcs10_r005_s20.B04,dsb_never,17,12,9862,0.000647195,0,5730,0.000353342,6976,6976,0
mcs10_r005_s20.A05,mcs10_r005_s20.B05,dsb_never,16,10,103133,0.00607836,0,40959,0.00203346,80052,80052,0
mcs10_r005_s20.A06,mcs10_r005_s20.B06,dsb_never,17,13,2231,0.000193822,0,292,3.01E-05,1610,1610,0
mcs10_r005_s20.A07,mcs10_r005_s20.B07,dsb_never,17,10,10463,0.000745594,0,9974,0.000673896,7215,7215,0
mcs10_r005_s20.A08,mcs10_r005_s20.B08,dsb_never,16,10,56642,0.00343456,0,8634,0.000493305,40403,40403,0
mcs10_r005_s20.A09,mcs10_r005_s20.B09,dsb_never,16,13,54923,0.00327792,0,23532,0.00123969,37193,37193,0
mcs10_r005_s25.A00,mcs10_r005_s25.B00,dsb_never,19,14,898223,0.0606545,0,169930,0.0101346,642662,642662,0
mcs10_r005_s25.A01,mcs10_r005_s25.B01,dsb_never,21,16,175037,0.01061,0,167548,0.00992633,122290,122290,0
mcs10_r005_s25.A02,mcs10_r005_s25.B02,dsb_never,21,19,101846,0.00972495,0,97560,0.00916115,70168,70168,0
mcs10_r005_s25.A03,mcs10_r005_s25.B03,dsb_never,20,17,195640,0.0145314,0,142347,0.0100447,137713,137713,0
mcs10_r005_s25.A04,mcs10_r005_s25.B04,dsb_never,20,16,93065,0.00816855,0,6352,0.000511921,59408,59408,0
mcs10_r005_s25.A05,mcs10_r005_s25.B05,dsb_never,21,20,14453,0.00121415,0,10195,0.000781046,9856,9856,0
mcs10_r005_s25.A06,mcs10_r005_s25.B06,dsb_never,20,16,100804,0.00729117,0,55906,0.00315216,72002,72002,0
mcs10_r005_s25.A07,mcs10_r005_s25.B07,dsb_never,21,19,300078,0.0174009,0,298434,0.0172073,210636,210636,0
mcs10_r005_s25.A08,mcs10_r005_s25.B08,dsb_never,20,17,120235,0.00936571,0,52593,0.00349143,82010,82010,0
mcs10_r005_s25.A09,mcs10_r005_s25.B09,dsb_never,20,15,419292,0.0271571,0,377411,0.0240332,294927,294927,0
mcs10_r005_s30.A00,mcs10_r005_s30.B00,dsb_never,24,20,1245109,0.110502,0,1112444,0.0975908,875005,875005,0
mcs10_r005_s30.A01,mcs10_r005_s30.B01,dsb_never,23,20,2404403,0.276672,0,919070,0.0891362,1584330,1584330,0
mcs10_r005_s30.A02,mcs10_r005_s30.B02,dsb_never,23,20,3725549,0.341333,0,3115863,0.283716,2557605,2557605,0
mcs10_r005_s30.A03,mcs10_r005_s30.B03,dsb_never,23,20,2500774,0.219594,0,2013053,0.17195,1782335,1782335,0
mcs10_r005_s30.A04,mcs10_r005_s30.B04,dsb_never,23,20,2511332,0.236935,0,335901,0.028761,1748651,1748651,0
mcs10_r005_s30.A05,mcs10_r005_s30.B05,dsb_never,23,22,1749106,0.160713,0,311286,0.0269898,1169550,1169550,0
mcs10_r005_s30.A06,mcs10_r005_s30.B06,dsb_never,22,23,9739023,0.811622,0,907535,0.0610804,6795821,6795821,0
mcs10_r005_s30.A07,mcs10_r005_s30.B07,dsb_never,23,17,2940906,0.268622,0,2408473,0.215046,2011788,2011788,0
mcs10_r005_s30.A08,mcs10_r005_s30.B08,dsb_never,24,19,156063,0.0149878,0,68944,0.00629793,104435,104435,0
mcs10_r005_s30.A09,mcs10_r005_s30.B09,dsb_never,23,19,1404172,0.128367,0,618498,0.0509241,988754,988754,0
mcs10_r005_s35.A00,mcs10_r005_s35.B00,dsb_never,26,22,36809875,3.64189,0,20964024,2.08311,25451753,25451753,0
mcs10_r005_s35.A01,mcs10_r005_s35.B01,dsb_never,26,24,23958940,2.3637,0,5411708,0.494232,16471998,16471998,0
mcs10_r005_s35.A02,mcs10_r005_s35.B02,dsb_never,26,22,42038038,4.25026,0,6883293,0.708171,27774318,27774318,0
mcs10_r005_s35.A03,mcs10_r005_s35.B03,dsb_never,25,26,105373591,10.7163,0,2537201,0.223171,71855327,71855327,0
mcs10_r005_s35.A04,mcs10_r005_s35.B04,dsb_never,26,24,48495159,4.93439,0,33971499,3.37463,33268365,33268365,0
mcs10_r005_s35.A05,mcs10_r005_s35.B05,dsb_never,27,21,10893815,1.07715,0,10189454,1.0052,7147135,7147135,0
mcs10_r005_s35.A06,mcs10_r005_s35.B06,dsb_never,26,19,32374106,3.28728,0,25571332,2.54894,21684140,21684140,0
mcs10_r005_s35.A07,mcs10_r005_s35.B07,dsb_never,25,20,96811343,9.36076,0,14874715,1.33173,67546687,67546687,0
mcs10_r005_s35.A08,mcs10_r005_s35.B08,dsb_never,26,23,13724785,1.4107,0,3127073,0.305519,9469495,9469495,0
mcs10_r005_s35.A09,mcs10_r005_s35.B09,dsb_never,26,22,13113927,1.38044,0,3190778,0.322727,8559033,8559033,0
mcs10_r005_s40.A00,mcs10_r005_s40.B00,dsb_never,28,25,735152951,91.9368,0,25419823,2.57534,494469877,494469877,0
mcs10_r005_s40.A01,mcs10_r005_s40.B01,dsb_never,28,25,910210905,92.1868,0,11013205,1.10703,602584932,602584932,0
mcs10_r005_s40.A02,mcs10_r005_s40.B02,dsb_never,28,25,1639140224,184.399,0,42082796,4.5218,1078017064,1078017064,0
mcs10_r005_s40.A03,mcs10_r005_s40.B03,dsb_never,28,29,655801657,71.4269,0,17312531,1.87002,447586639,447586639,0
mcs10_r005_s40.A04,mcs10_r005_s40.B04,dsb_never,28,28,2216034521,251.245,0,1410230753,157.56,1434915291,1434915291,0
mcs10_r005_s40.A05,mcs10_r005_s40.B05,dsb_never,28,25,1488992682,153.932,0,649111592,67.3727,992029369,992029369,0
mcs10_r005_s40.A06,mcs10_r005_s40.B06,dsb_never,28,28,754481188,84.1314,0,83047594,8.92696,502287024,502287024,0
mcs10_r005_s40.A07,mcs10_r005_s40.B07,dsb_never,29,25,763456409,84.0331,0,704539844,77.3099,521663750,521663750,0
mcs10_r005_s40.A08,mcs10_r005_s40.B08,dsb_never,28,24,696153602,73.75,0,166946425,17.3137,465675671,465675671,0
mcs10_r005_s40.A09,mcs10_r005_s40.B09,dsb_never,28,24,1033090820,114.439,0,731274467,80.4116,719956710,719956710,0
mcs10_r005_s50.A00,mcs10_r005_s50.B00,dsb_never,32,34,8212319035,1000.01,1,841868072,97.5186,5503247085,5503247085,0
mcs10_r005_s50.A01,mcs10_r005_s50.B01,dsb_never,32,33,8567088172,1000.01,1,8014833682,932.485,5837473557,5837473557,0
mcs10_r005_s50.A02,mcs10_r005_s50.B02,dsb_never,31,27,8461302907,1000,1,501928787,58.3197,5705115567,5705115567,0
mcs10_r005_s50.A03,mcs10_r005_s50.B03,dsb_never,31,30,8365562728,1000.01,1,1126494945,129.084,5459685351,5459685351,0
mcs10_r005_s50.A04,mcs10_r005_s50.B04,dsb_never,31,30,8713325583,1000,1,4910287251,547.392,5789369050,5789369050,0
mcs10_r005_s50.A05,mcs10_r005_s50.B05,dsb_never,31,31,8631672810,1000,1,37014320,3.81923,5603054526,5603054526,0
mcs10_r005_s50.A06,mcs10_r005_s50.B06,dsb_never,31,36,8745437150,1000.01,1,1075920519,108.834,5926913049,5926913049,0
mcs10_r005_s50.A07,mcs10_r005_s50.B07,dsb_never,31,27,8800583729,1000.01,1,255971647,26.7179,5816603452,5816603452,0
mcs10_r005_s50.A08,mcs10_r005_s50.B08,dsb_never,32,31,8337633335,1000.01,1,356749883,42.0595,5672870208,5672870208,0
mcs10_r005_s50.A09,mcs10_r005_s50.B09,dsb_never,32,33,8222664735,1000.02,1,1425925942,170.805,5477710357,5477710357,0
mcs10_r005_s60.A00,mcs10_r005_s60.B00,dsb_never,34,37,6855567880,1000.02,1,1816892454,250.443,4468060195,4468060195,0
mcs10_r005_s60.A01,mcs10_r005_s60.B01,dsb_never,33,32,8330157477,1000.01,1,6667506673,798.605,5451171342,5451171342,0
mcs10_r005_s60.A02,mcs10_r005_s60.B02,dsb_never,34,38,8256244601,1000.02,1,6215962092,741.885,5359076645,5359076645,0
mcs10_r005_s60.A03,mcs10_r005_s60.B03,dsb_never,34,34,7738674206,1000.02,1,1469238206,179.473,5042551396,5042551396,0
mcs10_r005_s60.A04,mcs10_r005_s60.B04,dsb_never,34,40,8163800706,1000.01,1,7940971247,970.717,5369622279,5369622279,0
mcs10_r005_s60.A05,mcs10_r005_s60.B05,dsb_never,34,34,7819236754,1000.01,1,1518971344,191.696,5055077145,5055077145,0
mcs10_r005_s60.A06,mcs10_r005_s60.B06,dsb_never,34,34,8149438166,1000.02,1,7425324489,906.773,5232685632,5232685632,0
mcs10_r005_s60.A07,mcs10_r005_s60.B07,dsb_never,33,39,7656314240,1000.01,1,3860451,0.467494,4844259095,4844259095,0
mcs10_r005_s60.A08,mcs10_r005_s60.B08,dsb_never,34,36,7994068864,1000.01,1,2876918295,354.986,5167678338,5167678338,0
mcs10_r005_s60.A09,mcs10_r005_s60.B09,dsb_never,33,34,8040896823,1000.01,1,103599918,12.3442,5188671936,5188671936,0
mcs10_r005_s70.A00,mcs10_r005_s70.B00,dsb_never,34,40,7790332830,1000.02,1,77738942,10.0023,4929868506,4929868506,0
mcs10_r005_s70.A01,mcs10_r005_s70.B01,dsb_never,36,38,7461265501,1000.01,1,895524098,113.28,4827592134,4827592134,0
mcs10_r005_s70.A02,mcs10_r005_s70.B02,dsb_never,37,41,7932368706,1000.01,1,6115864304,762.964,4972779527,4972779527,0
mcs10_r005_s70.A03,mcs10_r005_s70.B03,dsb_never,35,41,7599609728,1000.02,1,14372535,1.61706,4876725532,4876725532,0
mcs10_r005_s70.A04,mcs10_r005_s70.B04,dsb_never,36,39,7850215419,1000.02,1,1269833203,161.74,4966207080,4966207080,0
mcs10_r005_s70.A05,mcs10_r005_s70.B05,dsb_never,36,43,7202318305,1000.02,1,3673191195,501.676,4640558901,4640558901,0
mcs10_r005_s70.A06,mcs10_r005_s70.B06,dsb_never,36,37,8003618600,1000.02,1,2348370666,309.566,5334534910,5334534910,0
mcs10_r005_s70.A07,mcs10_r005_s70.B07,dsb_never,36,37,7465029693,1000.01,1,5792763214,774.769,4723226816,4723226816,0
mcs10_r005_s70.A08,mcs10_r005_s70.B08,dsb_never,35,37,7530976129,1000.02,1,863418597,115.152,4866690982,4866690982,0
mcs10_r005_s70.A09,mcs10_r005_s70.B09,dsb_never,36,39,7598786256,1000.01,1,7583585816,997.845,4877612906,4877612906,0
mcs10_r005_s80.A00,mcs10_r005_s80.B00,dsb_never,37,40,7115454641,1000.02,1,540759294,68.4609,4502352770,4502352770,0
mcs10_r005_s80.A01,mcs10_r005_s80.B01,dsb_never,35,41,6920074776,1000.02,1,645675076,90.9202,4262704195,4262704195,0
mcs10_r005_s80.A02,mcs10_r005_s80.B02,dsb_never,38,45,7186854130,1000.02,1,640604660,88.6822,4482332219,4482332219,0
mcs10_r005_s80.A03,mcs10_r005_s80.B03,dsb_never,36,42,7337757322,1000.02,1,2413018532,312.584,4535976902,4535976902,0
mcs10_r005_s80.A04,mcs10_r005_s80.B04,dsb_never,36,41,7333269525,1000.02,1,7527811,0.870659,4583603472,4583603472,0
mcs10_r005_s80.A05,mcs10_r005_s80.B05,dsb_never,38,44,7032104797,1000.02,1,55671950,7.38628,4482291212,4482291212,0
mcs10_r005_s80.A06,mcs10_r005_s80.B06,dsb_never,37,41,7470169525,1000.01,1,939010142,118.743,4786052474,4786052474,0
mcs10_r005_s80.A07,mcs10_r005_s80.B07,dsb_never,37,39,7038582099,1000.02,1,5445342668,772.713,4369260704,4369260704,0
mcs10_r005_s80.A08,mcs10_r005_s80.B08,dsb_never,38,41,3530257387,1000.02,1,2190661425,601.367,2168390059,2168390059,0
mcs10_r005_s80.A09,mcs10_r005_s80.B09,dsb_never,37,44,3403793763,1000.02,1,175063881,49.809,2191706680,2191706680,0
mcs10_r005_s90.A00,mcs10_r005_s90.B00,dsb_never,39,51,3424286845,1000.01,1,1750423250,505.632,2085199352,2085199352,0
mcs10_r005_s90.A01,mcs10_r005_s90.B01,dsb_never,39,49,3428977907,1000.02,1,240380501,66.6687,2112916554,2112916554,0
mcs10_r005_s90.A02,mcs10_r005_s90.B02,dsb_never,38,51,3430301382,1000.02,1,49662840,14.3737,2123495537,2123495537,0
mcs10_r005_s90.A03,mcs10_r005_s90.B03,dsb_never,38,47,3717441209,1000.01,1,2261315425,593.559,2307608433,2307608433,0
mcs10_r005_s90.A04,mcs10_r005_s90.B04,dsb_never,39,51,3410173354,1000.02,1,559406624,158.795,2081821767,2081821767,0
mcs10_r005_s90.A05,mcs10_r005_s90.B05,dsb_never,38,50,3403462230,1000.01,1,213658727,57.1877,2101543790,2101543790,0
mcs10_r005_s90.A06,mcs10_r005_s90.B06,dsb_never,39,41,3432267894,1000.02,1,3332046372,972.643,2115869075,2115869075,0
mcs10_r005_s90.A07,mcs10_r005_s90.B07,dsb_never,38,43,6166059663,1000.01,1,24568205,4.27329,3885201834,3885201834,0
mcs10_r005_s90.A08,mcs10_r005_s90.B08,dsb_never,39,48,6153250017,1000.02,1,782129731,120.976,3883349685,3883349685,0
mcs10_r005_s90.A09,mcs10_r005_s90.B09,dsb_never,37,44,6382240498,1000.01,1,80280616,12.9481,3933083493,3933083493,0
mcs10_r01_s100.A00,mcs10_r01_s100.B00,dsb_never,28,45,5378215961,1000.01,1,2140434265,385.298,3128848768,3128848768,0
mcs10_r01_s100.A01,mcs10_r01_s100.B01,dsb_never,27,42,5353484763,1000.01,1,424960620,76.3361,3132510360,3132510360,0
mcs10_r01_s100.A02,mcs10_r01_s100.B02,dsb_never,28,39,5350206890,1000.02,1,741760187,130.412,3104644258,3104644258,0
mcs10_r01_s100.A03,mcs10_r01_s100.B03,dsb_never,28,40,5645140492,1000.01,1,4436611459,771.229,3371545200,3371545200,0
mcs10_r01_s100.A04,mcs10_r01_s100.B04,dsb_never,29,44,5558169902,1000.01,1,2313938850,404.096,3276642098,3276642098,0
mcs10_r01_s100.A05,mcs10_r01_s100.B05,dsb_never,28,45,5186522736,1000.01,1,1932311306,357.367,3005604322,3005604322,0
mcs10_r01_s100.A06,mcs10_r01_s100.B06,dsb_never,28,41,5418899683,1000.02,1,224246233,39.4401,3164506372,3164506372,0
mcs10_r01_s100.A07,mcs10_r01_s100.B07,dsb_never,28,41,5482994477,1000.02,1,647117828,111.92,3229075291,3229075291,0
mcs10_r01_s100.A08,mcs10_r01_s100.B08,dsb_never,27,40,5460613372,1000.01,1,499425544,86.3973,3178856159,3178856159,0
mcs10_r01_s100.A09,mcs10_r01_s100.B09,dsb_never,28,45,5462071937,1000.01,1,1597429282,284.033,3221694417,3221694417,0
mcs10_r01_s20.A00,mcs10_r01_s20.B00,dsb_never,14,15,106132,0.0114148,0,29690,0.00309501,66559,66559,0
mcs10_r01_s20.A01,mcs10_r01_s20.B01,dsb_never,14,13,82577,0.00883266,0,26134,0.00258964,52748,52748,0
mcs10_r01_s20.A02,mcs10_r01_s20.B02,dsb_never,14,14,92948,0.0102439,0,19655,0.00206081,59435,59435,0
mcs10_r01_s20.A03,mcs10_r01_s20.B03,dsb_never,15,16,33472,0.00342709,0,27066,0.00273433,20886,20886,0
mcs10_r01_s20.A04,mcs10_r01_s20.B04,dsb_never,15,16,59860,0.00646537,0,58799,0.00631907,38108,38108,0
mcs10_r01_s20.A05,mcs10_r01_s20.B05,dsb_never,14,17,42927,0.00388965,0,675,6.49E-05,27950,27950,0
mcs10_r01_s20.A06,mcs10_r01_s20.B06,dsb_never,14,15,93709,0.0100888,0,12587,0.00131904,59266,59266,0
mcs10_r01_s20.A07,mcs10_r01_s20.B07,dsb_never,15,16,34174,0.00356128,0,26695,0.0027082,21545,21545,0
mcs10_r01_s20.A08,mcs10_r01_s20.B08,dsb_never,14,13,38371,0.00414212,0,1933,0.000202243,25204,25204,0
mcs10_r01_s20.A09,mcs10_r01_s20.B09,dsb_never,15,12,40688,0.00417379,0,40596,0.00414107,26690,26690,0
mcs10_r01_s25.A00,mcs10_r01_s25.B00,dsb_never,17,20,2512641,0.307462,0,2472241,0.302748,1599186,1599186,0
mcs10_r01_s25.A01,mcs10_r01_s25.B01,dsb_never,16,19,1754995,0.205909,0,117237,0.0136813,1137503,1137503,0
mcs10_r01_s25.A02,mcs10_r01_s25.B02,dsb_never,16,19,1855384,0.217949,0,104946,0.0112007,1209834,1209834,0
mcs10_r01_s25.A03,mcs10_r01_s25.B03,dsb_never,17,20,1714684,0.19474,0,1647914,0.187007,1115134,1115134,0
mcs10_r01_s25.A04,mcs10_r01_s25.B04,dsb_never,16,17,2495417,0.287124,0,79555,0.00911098,1648387,1648387,0
mcs10_r01_s25.A05,mcs10_r01_s25.B05,dsb_never,16,20,2532758,0.284212,0,164322,0.0178477,1656508,1656508,0
mcs10_r01_s25.A06,mcs10_r01_s25.B06,dsb_never,17,15,681196,0.0800262,0,418782,0.0481198,447999,447999,0
mcs10_r01_s25.A07,mcs10_r01_s25.B07,dsb_never,17,19,509315,0.0637811,0,46966,0.00537231,332421,332421,0
mcs10_r01_s25.A08,mcs10_r01_s25.B08,dsb_never,17,19,1848595,0.202287,0,1787730,0.19535,1178792,1178792,0
mcs10_r01_s25.A09,mcs10_r01_s25.B09,dsb_never,16,19,1746571,0.206594,0,57403,0.00680595,1128188,1128188,0
mcs10_r01_s30.A00,mcs10_r01_s30.B00,dsb_never,18,25,52431731,6.60914,0,2870296,0.35132,33837847,33837847,0
mcs10_r01_s30.A01,mcs10_r01_s30.B01,dsb_never,19,20,32243259,4.00925,0,29161045,3.61736,20777251,20777251,0
mcs10_r01_s30.A02,mcs10_r01_s30.B02,dsb_never,19,25,24603833,3.21364,0,16927198,2.18203,15706072,15706072,0
mcs10_r01_s30.A03,mcs10_r01_s30.B03,dsb_never,18,20,52304272,6.63077,0,12672030,1.55402,33862194,33862194,0
mcs10_r01_s30.A04,mcs10_r01_s30.B04,dsb_never,18,20,22885066,2.96783,0,321420,0.0398519,15027482,15027482,0
mcs10_r01_s30.A05,mcs10_r01_s30.B05,dsb_never,18,18,43314046,5.8679,0,4614197,0.596325,28285948,28285948,0
mcs10_r01_s30.A06,mcs10_r01_s30.B06,dsb_never,18,22,42201970,5.57012,0,212539,0.027012,27191636,27191636,0
mcs10_r01_s30.A07,mcs10_r01_s30.B07,dsb_never,18,22,28848913,3.47933,0,3654414,0.435776,19077453,19077453,0
mcs10_r01_s30.A08,mcs10_r01_s30.B08,dsb_never,18,23,53361842,6.93532,0,653605,0.0798644,34170493,34170493,0
mcs10_r01_s30.A09,mcs10_r01_s30.B09,dsb_never,18,22,43183279,5.68309,0,76408,0.00980264,27880651,27880651,0
mcs10_r01_s35.A00,mcs10_r01_s35.B00,dsb_never,21,28,300891237,40.0437,0,262707698,34.879,198997015,198997015,0
mcs10_r01_s35.A01,mcs10_r01_s35.B01,dsb_never,20,24,413308707,57.9407,0,64252220,8.87246,269006470,269006470,0
mcs10_r01_s35.A02,mcs10_r01_s35.B02,dsb_never,20,25,491805032,68.0583,0,29834969,3.99033,320898060,320898060,0
mcs10_r01_s35.A03,mcs10_r01_s35.B03,dsb_never,20,27,488126859,69.2384,0,55114988,7.61847,315451186,315451186,0
mcs10_r01_s35.A04,mcs10_r01_s35.B04,dsb_never,20,25,452375277,62.48,0,130317996,17.5268,289683059,289683059,0
mcs10_r01_s35.A05,mcs10_r01_s35.B05,dsb_never,20,22,663249591,92.629,0,489555636,68.4097,428663257,428663257,0
mcs10_r01_s35.A06,mcs10_r01_s35.B06,dsb_never,21,29,214241731,30.5279,0,168667666,23.9912,138559259,138559259,0
mcs10_r01_s35.A07,mcs10_r01_s35.B07,dsb_never,20,25,945494862,129.344,0,758989946,103.621,606294762,606294762,0
mcs10_r01_s35.A08,mcs10_r01_s35.B08,dsb_never,20,23,532957266,73.906,0,79767886,10.8955,345106283,345106283,0
mcs10_r01_s35.A09,mcs10_r01_s35.B09,dsb_never,20,24,705832927,102.014,0,290807079,41.3275,453772578,453772578,0
mcs10_r01_s40.A00,mcs10_r01_s40.B00,dsb_never,22,25,6840077533,1000.02,1,6568746056,959.941,4391107440,4391107440,0
mcs10_r01_s40.A01,mcs10_r01_s40.B01,dsb_never,22,23,3459933974,503.893,0,311652565,43.1993,2289733968,2289733968,0
mcs10_r01_s40.A02,mcs10_r01_s40.B02,dsb_never,21,27,6955720565,1000.02,1,161600167,22.5698,4426114420,4426114420,0
mcs10_r01_s40.A03,mcs10_r01_s40.B03,dsb_never,22,23,6796231733,1000.01,1,6025030438,883.348,4388385755,4388385755,0
mcs10_r01_s40.A04,mcs10_r01_s40.B04,dsb_never,22,26,6689634341,1000.02,1,3678239402,543.055,4366014210,4366014210,0
mcs10_r01_s40.A05,mcs10_r01_s40.B05,dsb_never,21,28,6726405482,1000.02,1,71696231,10.3547,4301434633,4301434633,0
mcs10_r01_s40.A06,mcs10_r01_s40.B06,dsb_never,22,27,3880551489,587.487,0,880596639,131.418,2530506012,2530506012,0
mcs10_r01_s40.A07,mcs10_r01_s40.B07,dsb_never,22,27,4099602921,615.994,0,273235224,39.452,2684196545,2684196545,0
mcs10_r01_s40.A08,mcs10_r01_s40.B08,dsb_never,22,28,5706598161,853.812,0,3517937092,519.16,3687305915,3687305915,0
mcs10_r01_s40.A09,mcs10_r01_s40.B09,dsb_never,22,29,6936179817,1000.02,1,5543071295,796.3,4452939745,4452939745,0
mcs10_r01_s50.A00,mcs10_r01_s50.B00,dsb_never,23,33,6240928765,1000.02,1,1047873431,160.917,3901932508,3901932508,0
mcs10_r01_s50.A01,mcs10_r01_s50.B01,dsb_never,23,29,5354467198,1000.01,1,879816910,146.858,3333389459,3333389459,0
mcs10_r01_s50.A02,mcs10_r01_s50.B02,dsb_never,23,31,6377121469,1000.02,1,26565035,4.12252,4021052206,4021052206,0
mcs10_r01_s50.A03,mcs10_r01_s50.B03,dsb_never,23,36,6288128687,1000.02,1,3355917135,523.969,3904243181,3904243181,0
mcs10_r01_s50.A04,mcs10_r01_s50.B04,dsb_never,22,35,6437006577,1000.02,1,92919789,14.0331,3979586059,3979586059,0
mcs10_r01_s50.A05,mcs10_r01_s50.B05,dsb_never,23,29,6363194305,1000.02,1,259683881,40.7118,4019057382,4019057382,0
mcs10_r01_s50.A06,mcs10_r01_s50.B06,dsb_never,23,30,6277887696,1000.02,1,4459043249,706.976,3889092577,3889092577,0
mcs10_r01_s50.A07,mcs10_r01_s50.B07,dsb_never,23,28,6339734213,1000.01,1,2378157411,364.51,3913304337,3913304337,0
mcs10_r01_s50.A08,mcs10_r01_s50.B08,dsb_never,23,31,4884469271,1000.02,1,211827260,43.4668,3078201525,3078201525,0
mcs10_r01_s50.A09,mcs10_r01_s50.B09,dsb_never,23,35,5564475359,1000.02,1,1535456712,268.819,3466168900,3466168900,0
mcs10_r01_s60.A00,mcs10_r01_s60.B00,dsb_never,24,40,6130167453,1000.02,1,1248715949,205.842,3774097205,3774097205,0
mcs10_r01_s60.A01,mcs10_r01_s60.B01,dsb_never,24,33,6249014418,1000.02,1,177630569,27.8734,3838559146,3838559146,0
mcs10_r01_s60.A02,mcs10_r01_s60.B02,dsb_never,24,29,6081150986,1000.02,1,2152279739,346.039,3709761726,3709761726,0
mcs10_r01_s60.A03,mcs10_r01_s60.B03,dsb_never,24,38,6360517429,1000.02,1,796106813,118.283,3950876106,3950876106,0
mcs10_r01_s60.A04,mcs10_r01_s60.B04,dsb_never,24,31,6087967836,1000.01,1,765411009,121.81,3709967555,3709967555,0
mcs10_r01_s60.A05,mcs10_r01_s60.B05,dsb_never,24,36,6246469396,1000.02,1,22142296,3.34709,3915290911,3915290911,0
mcs10_r01_s60.A06,mcs10_r01_s60.B06,dsb_never,24,37,6256800164,1000.02,1,1044769692,164.648,3791605883,3791605883,0
mcs10_r01_s60.A07,mcs10_r01_s60.B07,dsb_never,25,35,6034341330,1000.02,1,1881508724,298.324,3742976841,3742976841,0
mcs10_r01_s60.A08,mcs10_r01_s60.B08,dsb_never,24,36,6110835154,1000.02,1,849908764,132.92,3709479025,3709479025,0
mcs10_r01_s60.A09,mcs10_r01_s60.B09,dsb_never,25,37,6060338318,1000.01,1,2183180927,358.94,3752756812,3752756812,0
mcs10_r01_s70.A00,mcs10_r01_s70.B00,dsb_never,25,38,5942173644,1000.02,1,29706075,4.64459,3589226097,3589226097,0
mcs10_r01_s70.A01,mcs10_r01_s70.B01,dsb_never,26,34,5880024228,1000.02,1,5077887960,856.951,3581682457,3581682457,0
mcs10_r01_s70.A02,mcs10_r01_s70.B02,dsb_never,25,34,5693106631,1000.02,1,57615913,9.45543,3450406717,3450406717,0
mcs10_r01_s70.A03,mcs10_r01_s70.B03,dsb_never,24,42,6029693224,1000.01,1,64772542,10.5974,3619878641,3619878641,0
mcs10_r01_s70.A04,mcs10_r01_s70.B04,dsb_never,25,35,5765600592,1000.02,1,541337710,88.8782,3475971639,3475971639,0
mcs10_r01_s70.A05,mcs10_r01_s70.B05,dsb_never,26,41,5725115300,1000.01,1,1479991463,248.36,3527597880,3527597880,0
mcs10_r01_s70.A06,mcs10_r01_s70.B06,dsb_never,26,38,5671881643,1000,1,944322153,160.262,3450874445,3450874445,0
mcs10_r01_s70.A07,mcs10_r01_s70.B07,dsb_never,25,37,5977456477,1000.02,1,1037603933,167.992,3566640037,3566640037,0
mcs10_r01_s70.A08,mcs10_r01_s70.B08,dsb_never,25,40,5820236021,1000.02,1,33786933,5.46286,3526495390,3526495390,0
mcs10_r01_s70.A09,mcs10_r01_s70.B09,dsb_never,25,37,6092783575,1000.02,1,1136405646,179.94,3646732811,3646732811,0
mcs10_r01_s80.A00,mcs10_r01_s80.B00,dsb_never,26,42,5395834619,1000.02,1,1513681257,270.466,3163566826,3163566826,0
mcs10_r01_s80.A01,mcs10_r01_s80.B01,dsb_never,26,41,5434254845,1000.01,1,131083630,23.7645,3238261190,3238261190,0
mcs10_r01_s80.A02,mcs10_r01_s80.B02,dsb_never,26,42,5713982278,1000.02,1,1348640080,223.699,3389320304,3389320304,0
mcs10_r01_s80.A03,mcs10_r01_s80.B03,dsb_never,26,37,5633281664,1000.02,1,1795044291,302.735,3345290394,3345290394,0
mcs10_r01_s80.A04,mcs10_r01_s80.B04,dsb_never,27,46,5537774599,1000.02,1,2082983808,359.65,3282521088,3282521088,0
mcs10_r01_s80.A05,mcs10_r01_s80.B05,dsb_never,26,46,5445812239,1000.02,1,161584428,29.2148,3192964038,3192964038,0
mcs10_r01_s80.A06,mcs10_r01_s80.B06,dsb_never,26,39,5590856808,1000.02,1,981026345,164.961,3345620497,3345620497,0
mcs10_r01_s80.A07,mcs10_r01_s80.B07,dsb_never,25,38,5530765965,1000.02,1,146604356,25.5784,3260268088,3260268088,0
mcs10_r01_s80.A08,mcs10_r01_s80.B08,dsb_never,26,42,5482928065,1000.02,1,557445730,98.7038,3260364614,3260364614,0
mcs10_r01_s80.A09,mcs10_r01_s80.B09,dsb_never,26,42,5539730104,1000.02,1,1165758137,199.997,3353362792,3353362792,0
mcs10_r01_s90.A00,mcs10_r01_s90.B00,dsb_never,26,44,5593774433,1000.02,1,168430663,30.056,3263694098,3263694098,0
mcs10_r01_s90.A01,mcs10_r01_s90.B01,dsb_never,26,44,5623583940,1000.01,1,153268778,26.8456,3301169398,3301169398,0
mcs10_r01_s90.A02,mcs10_r01_s90.B02,dsb_never,26,42,5710156443,1000.02,1,6002077,1.00698,3338826148,3338826148,0
mcs10_r01_s90.A03,mcs10_r01_s90.B03,dsb_never,27,38,5075440079,1000.01,1,233951286,43.8782,2955112328,2955112328,0
mcs10_r01_s90.A04,mcs10_r01_s90.B04,dsb_never,27,41,5368923824,1000.02,1,2265452652,411.979,3137041744,3137041744,0
mcs10_r01_s90.A05,mcs10_r01_s90.B05,dsb_never,26,40,4863936674,1000.01,1,91682437,17.5426,2844530850,2844530850,0
mcs10_r01_s90.A06,mcs10_r01_s90.B06,dsb_never,28,36,5404794938,1000.02,1,4360970852,800.005,3151150841,3151150841,0
mcs10_r01_s90.A07,mcs10_r01_s90.B07,dsb_never,28,41,5424808156,1000.02,1,772307602,135.858,3205992005,3205992005,0
mcs10_r01_s90.A08,mcs10_r01_s90.B08,dsb_never,27,36,5779794274,1000.01,1,577082073,97.8878,3454931293,3454931293,0
mcs10_r01_s90.A09,mcs10_r01_s90.B09,dsb_never,28,44,6003173170,1000.02,1,4657696065,768.958,3618874678,3618874678,0
mcs10_r02_s100.A00,mcs10_r02_s100.B00,dsb_never,20,49,4535870030,1000.01,1,3123903890,673.863,2401933522,2401933522,0
mcs10_r02_s100.A01,mcs10_r02_s100.B01,dsb_never,20,51,4489207250,1000.01,1,1752169102,369.247,2359288148,2359288148,0
mcs10_r02_s100.A02,mcs10_r02_s100.B02,dsb_never,20,59,4482064325,1000.02,1,1952967730,415.288,2355721069,2355721069,0
mcs10_r02_s100.A03,mcs10_r02_s100.B03,dsb_never,20,64,4317084613,1000.02,1,341702758,73.5536,2288183868,2288183868,0
mcs10_r02_s100.A04,mcs10_r02_s100.B04,dsb_never,20,61,4323960719,1000.02,1,353174319,74.449,2279061790,2279061790,0
mcs10_r02_s100.A05,mcs10_r02_s100.B05,dsb_never,19,48,4616860692,1000.02,1,16254179,3.12499,2421747803,2421747803,0
mcs10_r02_s100.A06,mcs10_r02_s100.B06,dsb_never,19,61,4644488848,1000.02,1,6140302,1.20111,2440680502,2440680502,0
mcs10_r02_s100.A07,mcs10_r02_s100.B07,dsb_never,19,65,4662802368,1000.01,1,50663107,9.74658,2450239809,2450239809,0
mcs10_r02_s100.A08,mcs10_r02_s100.B08,dsb_never,19,51,4693506850,1000.02,1,24448248,4.78625,2471669770,2471669770,0
mcs10_r02_s100.A09,mcs10_r02_s100.B09,dsb_never,20,48,4423192890,1000.01,1,574922194,120.435,2332082257,2332082257,0
mcs10_r02_s20.A00,mcs10_r02_s20.B00,dsb_never,11,17,537560,0.0775661,0,2386,0.000559563,331039,331039,0
mcs10_r02_s20.A01,mcs10_r02_s20.B01,dsb_never,12,25,214117,0.0321754,0,71614,0.0101032,135221,135221,0
mcs10_r02_s20.A02,mcs10_r02_s20.B02,dsb_never,12,19,126466,0.0194448,0,3576,0.000557917,81184,81184,0
mcs10_r02_s20.A03,mcs10_r02_s20.B03,dsb_never,12,20,278308,0.0414461,0,131050,0.0195845,173107,173107,0
mcs10_r02_s20.A04,mcs10_r02_s20.B04,dsb_never,12,21,322844,0.0490841,0,175776,0.0262792,200849,200849,0
mcs10_r02_s20.A05,mcs10_r02_s20.B05,dsb_never,11,22,544475,0.0794785,0,1981,0.000282374,333899,333899,0
mcs10_r02_s20.A06,mcs10_r02_s20.B06,dsb_never,12,25,392955,0.0581301,0,285009,0.0416567,240004,240004,0
mcs10_r02_s20.A07,mcs10_r02_s20.B07,dsb_never,11,22,417689,0.058384,0,1076,0.000138989,259841,259841,0
mcs10_r02_s20.A08,mcs10_r02_s20.B08,dsb_never,11,24,367352,0.0524121,0,91,2.11E-05,228198,228198,0
mcs10_r02_s20.A09,mcs10_r02_s20.B09,dsb_never,12,19,198269,0.0309779,0,27544,0.00425382,127649,127649,0
mcs10_r02_s25.A00,mcs10_r02_s25.B00,dsb_never,13,30,3839937,0.647521,0,29364,0.00475522,2385690,2385690,0
mcs10_r02_s25.A01,mcs10_r02_s25.B01,dsb_never,13,28,4448244,0.708079,0,1999,0.000309836,2763074,2763074,0
mcs10_r02_s25.A02,mcs10_r02_s25.B02,dsb_never,13,21,6776736,1.08805,0,1712993,0.259082,4194136,4194136,0
mcs10_r02_s25.A03,mcs10_r02_s25.B03,dsb_never,14,25,3165619,0.520916,0,2372599,0.387518,1942202,1942202,0
mcs10_r02_s25.A04,mcs10_r02_s25.B04,dsb_never,13,25,4941532,0.792362,0,412524,0.061805,3040607,3040607,0
mcs10_r02_s25.A05,mcs10_r02_s25.B05,dsb_never,13,28,5057923,0.841458,0,765,0.000141483,3124963,3124963,0
mcs10_r02_s25.A06,mcs10_r02_s25.B06,dsb_never,13,25,5662646,0.925454,0,160050,0.0241583,3468631,3468631,0
mcs10_r02_s25.A07,mcs10_r02_s25.B07,dsb_never,13,26,7900388,1.30289,0,317501,0.0480127,4799153,4799153,0
mcs10_r02_s25.A08,mcs10_r02_s25.B08,dsb_never,13,25,3328879,0.55651,0,169555,0.0245214,2081476,2081476,0
mcs10_r02_s25.A09,mcs10_r02_s25.B09,dsb_never,13,25,5418512,0.874014,0,223792,0.0330751,3332708,3332708,0
mcs10_r02_s30.A00,mcs10_r02_s30.B00,dsb_never,15,27,65595006,11.5828,0,44521084,7.75077,39909731,39909731,0
mcs10_r02_s30.A01,mcs10_r02_s30.B01,dsb_never,15,27,65455967,11.7301,0,44214279,7.83085,39743073,39743073,0
mcs10_r02_s30.A02,mcs10_r02_s30.B02,dsb_never,14,29,77340939,13.2992,0,1560798,0.250478,47455069,47455069,0
mcs10_r02_s30.A03,mcs10_r02_s30.B03,dsb_never,14,28,87684891,15.5009,0,542129,0.0876783,53078924,53078924,0
mcs10_r02_s30.A04,mcs10_r02_s30.B04,dsb_never,14,26,89691631,15.2865,0,1617625,0.254068,54833042,54833042,0
mcs10_r02_s30.A05,mcs10_r02_s30.B05,dsb_never,15,27,69900198,12.4207,0,55176583,9.75316,42424106,42424106,0
mcs10_r02_s30.A06,mcs10_r02_s30.B06,dsb_never,14,29,71686154,12.8755,0,444681,0.0750438,43818576,43818576,0
mcs10_r02_s30.A07,mcs10_r02_s30.B07,dsb_never,15,29,55220705,9.76415,0,46972737,8.23773,33709216,33709216,0
mcs10_r02_s30.A08,mcs10_r02_s30.B08,dsb_never,14,29,92677916,16.2737,0,309128,0.0494777,56197517,56197517,0
mcs10_r02_s30.A09,mcs10_r02_s30.B09,dsb_never,14,27,90828379,15.7129,0,561598,0.0912132,55079919,55079919,0
mcs10_r02_s35.A00,mcs10_r02_s35.B00,dsb_never,15,36,1107617731,199.447,0,1085417,0.183634,673787069,673787069,0
mcs10_r02_s35.A01,mcs10_r02_s35.B01,dsb_never,16,35,967433959,180.803,0,751473867,139.284,582860395,582860395,0
mcs10_r02_s35.A02,mcs10_r02_s35.B02,dsb_never,15,40,1113909043,206.282,0,892624,0.151846,666039082,666039082,0
mcs10_r02_s35.A03,mcs10_r02_s35.B03,dsb_never,15,26,1189936486,228.302,0,7309087,1.32777,714964709,714964709,0
mcs10_r02_s35.A04,mcs10_r02_s35.B04,dsb_never,15,38,1025741033,191.201,0,4472076,0.766441,621483991,621483991,0
mcs10_r02_s35.A05,mcs10_r02_s35.B05,dsb_never,15,32,1061090382,204.594,0,9496474,1.69784,635138903,635138903,0
mcs10_r02_s35.A06,mcs10_r02_s35.B06,dsb_never,15,32,1244258318,230.9,0,6553453,1.13934,754670606,754670606,0
mcs10_r02_s35.A07,mcs10_r02_s35.B07,dsb_never,15,28,920083219,172.136,0,614682,0.108755,557817527,557817527,0
mcs10_r02_s35.A08,mcs10_r02_s35.B08,dsb_never,15,37,1309621451,249.707,0,82232900,14.5596,782324005,782324005,0
mcs10_r02_s35.A09,mcs10_r02_s35.B09,dsb_never,15,32,1290690986,239.103,0,1247511,0.213279,776845216,776845216,0
mcs10_r02_s40.A00,mcs10_r02_s40.B00,dsb_never,17,37,4215768134,1000.02,1,1644519433,380.281,2512228958,2512228958,0
mcs10_r02_s40.A01,mcs10_r02_s40.B01,dsb_never,17,38,4426168423,901.356,0,1293210896,252.251,2657956151,2657956151,0
mcs10_r02_s40.A02,mcs10_r02_s40.B02,dsb_never,16,36,5015249811,1000.01,1,62724903,11.4795,2991989787,2991989787,0
mcs10_r02_s40.A03,mcs10_r02_s40.B03,dsb_never,16,39,4963747751,1000.02,1,115086455,21.4537,2908438894,2908438894,0
mcs10_r02_s40.A04,mcs10_r02_s40.B04,dsb_never,16,35,4993331316,1000.01,1,87262194,16.2162,2941031068,2941031068,0
mcs10_r02_s40.A05,mcs10_r02_s40.B05,dsb_never,16,32,5016029532,1000.01,1,222225730,40.8991,2953118535,2953118535,0
mcs10_r02_s40.A06,mcs10_r02_s40.B06,dsb_never,16,32,5121412110,1000.02,1,5366731,0.963643,3044090152,3044090152,0
mcs10_r02_s40.A07,mcs10_r02_s40.B07,dsb_never,16,36,5037114443,1000.02,1,2391692,0.434028,2998575156,2998575156,0
mcs10_r02_s40.A08,mcs10_r02_s40.B08,dsb_never,16,31,5074459648,1000.02,1,55824916,10.2507,2996422570,2996422570,0
mcs10_r02_s40.A09,mcs10_r02_s40.B09,dsb_never,16,36,4950673570,1000.02,1,2090090,0.389473,2953166840,2953166840,0
mcs10_r02_s50.A00,mcs10_r02_s50.B00,dsb_never,17,31,4862626078,1000.02,1,432289949,82.8653,2774856532,2774856532,0
mcs10_r02_s50.A01,mcs10_r02_s50.B01,dsb_never,17,36,4728906581,1000.02,1,77307232,15.1344,2712451691,2712451691,0
mcs10_r02_s50.A02,mcs10_r02_s50.B02,dsb_never,17,38,4900823576,1000.02,1,360690887,69.1994,2802639352,2802639352,0
mcs10_r02_s50.A03,mcs10_r02_s50.B03,dsb_never,17,42,4848738607,1000.02,1,77777610,15.1089,2801022327,2801022327,0
mcs10_r02_s50.A04,mcs10_r02_s50.B04,dsb_never,17,33,4875742720,1000.02,1,57335896,10.995,2802191407,2802191407,0
mcs10_r02_s50.A05,mcs10_r02_s50.B05,dsb_never,17,46,4866719515,1000.01,1,258322493,49.8915,2794921227,2794921227,0
mcs10_r02_s50.A06,mcs10_r02_s50.B06,dsb_never,17,36,4807873873,1000.01,1,227175863,44.2991,2737204091,2737204091,0
mcs10_r02_s50.A07,mcs10_r02_s50.B07,dsb_never,18,34,4744698276,1000.02,1,1763361657,358.91,2749905914,2749905914,0
mcs10_r02_s50.A08,mcs10_r02_s50.B08,dsb_never,17,40,4871804104,1000.02,1,1253976956,245.477,2782903374,2782903374,0
mcs10_r02_s50.A09,mcs10_r02_s50.B09,dsb_never,17,39,4777384748,1000.02,1,81333301,15.8536,2722438528,2722438528,0
mcs10_r02_s60.A00,mcs10_r02_s60.B00,dsb_never,18,52,4620488450,1000.01,1,289479499,58.4027,2582509698,2582509698,0
mcs10_r02_s60.A01,mcs10_r02_s60.B01,dsb_never,18,41,4614920041,1000.02,1,391876444,78.5263,2561810299,2561810299,0
mcs10_r02_s60.A02,mcs10_r02_s60.B02,dsb_never,18,47,4656264851,1000.02,1,352044974,72.1198,2612271647,2612271647,0
mcs10_r02_s60.A03,mcs10_r02_s60.B03,dsb_never,18,48,4513646440,1000.01,1,844479680,174.533,2515032787,2515032787,0
mcs10_r02_s60.A04,mcs10_r02_s60.B04,dsb_never,18,44,4265230036,1000.01,1,3659601550,850.471,2362072255,2362072255,0
mcs10_r02_s60.A05,mcs10_r02_s60.B05,dsb_never,18,45,4540109421,1000.01,1,788773201,163.481,2527672614,2527672614,0
mcs10_r02_s60.A06,mcs10_r02_s60.B06,dsb_never,18,40,4740669837,1000.01,1,3034852711,621.887,2626323152,2626323152,0
mcs10_r02_s60.A07,mcs10_r02_s60.B07,dsb_never,18,38,4522762142,1000.01,1,154669521,31.7189,2530306954,2530306954,0
mcs10_r02_s60.A08,mcs10_r02_s60.B08,dsb_never,18,53,4664781586,1000.02,1,1278910720,258.855,2596211388,2596211388,0
mcs10_r02_s60.A09,mcs10_r02_s60.B09,dsb_never,18,47,4572313644,1000.02,1,468577770,95.9264,2539349096,2539349096,0
mcs10_r02_s70.A00,mcs10_r02_s70.B00,dsb_never,19,59,4481470359,1000.02,1,1360731694,289.195,2469136799,2469136799,0
mcs10_r02_s70.A01,mcs10_r02_s70.B01,dsb_never,18,49,4651427889,1000.02,1,51684442,10.4847,2532880957,2532880957,0
mcs10_r02_s70.A02,mcs10_r02_s70.B02,dsb_never,19,46,4533435106,1000.02,1,2015199726,425.786,2479585302,2479585302,0
mcs10_r02_s70.A03,mcs10_r02_s70.B03,dsb_never,19,54,4487777499,1000.01,1,1284759229,269.874,2443234432,2443234432,0
mcs10_r02_s70.A04,mcs10_r02_s70.B04,dsb_never,18,45,4673721365,1000.01,1,8400922,1.63813,2560694646,2560694646,0
mcs10_r02_s70.A05,mcs10_r02_s70.B05,dsb_never,18,47,4641953770,1000.02,1,43844521,8.57392,2533711451,2533711451,0
mcs10_r02_s70.A06,mcs10_r02_s70.B06,dsb_never,18,50,4679961253,1000.01,1,10938487,2.13651,2542990314,2542990314,0
mcs10_r02_s70.A07,mcs10_r02_s70.B07,dsb_never,18,43,4638357316,1000.02,1,46550777,9.15627,2538194913,2538194913,0
mcs10_r02_s70.A08,mcs10_r02_s70.B08,dsb_never,18,41,4715823596,1000.03,1,247048899,48.9603,2567253424,2567253424,0
mcs10_r02_s70.A09,mcs10_r02_s70.B09,dsb_never,18,37,4690973985,1000.02,1,2199160,0.425752,2566308784,2566308784,0
mcs10_r02_s80.A00,mcs10_r02_s80.B00,dsb_never,18,52,4791677622,1000.01,1,5919999,1.10401,2569256034,2569256034,0
mcs10_r02_s80.A01,mcs10_r02_s80.B01,dsb_never,19,49,4664548916,1000.02,1,3203723939,669.238,2496097847,2496097847,0
mcs10_r02_s80.A02,mcs10_r02_s80.B02,dsb_never,19,48,4478347281,1000.01,1,145984220,29.0713,2409077909,2409077909,0
mcs10_r02_s80.A03,mcs10_r02_s80.B03,dsb_never,19,46,4538225698,1000.02,1,1271855934,263.275,2440110938,2440110938,0
mcs10_r02_s80.A04,mcs10_r02_s80.B04,dsb_never,19,48,4479779234,1000.01,1,1101060073,230.002,2410563296,2410563296,0
mcs10_r02_s80.A05,mcs10_r02_s80.B05,dsb_never,18,54,4834256200,1000.02,1,70514433,13.7768,2578980665,2578980665,0
mcs10_r02_s80.A06,mcs10_r02_s80.B06,dsb_never,19,52,4445420723,1000.02,1,721143187,151.513,2397331505,2397331505,0
mcs10_r02_s80.A07,mcs10_r02_s80.B07,dsb_never,19,56,4429726114,1000.01,1,810225486,169.744,2380692980,2380692980,0
mcs10_r02_s80.A08,mcs10_r02_s80.B08,dsb_never,19,42,4685734856,1000.02,1,3267350096,681.266,2512123443,2512123443,0
mcs10_r02_s80.A09,mcs10_r02_s80.B09,dsb_never,19,46,4617177975,1000.01,1,1409542935,292.532,2493709035,2493709035,0
mcs10_r02_s90.A00,mcs10_r02_s90.B00,dsb_never,19,59,4623669867,1000.01,1,365505739,73.1705,2474156396,2474156396,0
mcs10_r02_s90.A01,mcs10_r02_s90.B01,dsb_never,19,62,4598541655,1000.01,1,3861538,0.747763,2463957411,2463957411,0
mcs10_r02_s90.A02,mcs10_r02_s90.B02,dsb_never,19,50,2275979563,1000.01,1,72395656,29.2485,1213447719,1213447719,0
mcs10_r02_s90.A03,mcs10_r02_s90.B03,dsb_never,19,46,2274928716,1000.02,1,130068973,52.5782,1211049833,1211049833,0
mcs10_r02_s90.A04,mcs10_r02_s90.B04,dsb_never,20,56,2244616116,1000.01,1,1879030920,826.21,1191515057,1191515057,0
mcs10_r02_s90.A05,mcs10_r02_s90.B05,dsb_never,19,52,2287509071,1000.01,1,162069783,65.0104,1209709019,1209709019,0
mcs10_r02_s90.A06,mcs10_r02_s90.B06,dsb_never,19,52,2273720066,1000.02,1,5254522,2.07485,1206613541,1206613541,0
mcs10_r02_s90.A07,mcs10_r02_s90.B07,dsb_never,19,48,2293501444,1000.01,1,72543573,29.1394,1218936032,1218936032,0
mcs10_r02_s90.A08,mcs10_r02_s90.B08,dsb_never,19,40,2323477856,1000.02,1,805145832,327.298,1226679478,1226679478,0
mcs10_r02_s90.A09,mcs10_r02_s90.B09,dsb_never,19,51,2324002898,1000.02,1,103213189,41.4004,1233334520,1233334520,0
mcs30_b03_s100.A00,mcs30_b03_s100.B00,dsb_never,61,54,12623602605,1000.02,1,62,0.000110565,10794977592,10794977592,0
mcs30_b03_s100.A01,mcs30_b03_s100.B01,dsb_never,62,51,23700972994,1000.02,1,436063939,16.5686,19480549146,19480549146,0
mcs30_b03_s100.A02,mcs30_b03_s100.B02,dsb_never,67,52,13095338967,1000.02,1,4242485891,306.963,10436932564,10436932564,0
mcs30_b03_s100.A03,mcs30_b03_s100.B03,dsb_never,69,54,15521331174,1000.02,1,9649275174,624.383,12537713231,12537713231,0
mcs30_b03_s100.A04,mcs30_b03_s100.B04,dsb_never,61,49,29572956251,1000.01,1,908829731,29.7827,22048014115,22048014115,0
mcs30_b03_s100.A05,mcs30_b03_s100.B05,dsb_never,60,44,30342347826,1000.02,1,26052457174,859.21,24272436396,24272436396,0
mcs30_b03_s100.A06,mcs30_b03_s100.B06,dsb_never,64,52,31809508151,1000.02,1,239824696,8.35918,24369972854,24369972854,0
mcs30_b03_s100.A07,mcs30_b03_s100.B07,dsb_never,68,56,9410200692,1000.02,1,1320977320,65.6014,7238489045,7238489045,0
mcs30_b03_s100.A08,mcs30_b03_s100.B08,dsb_never,66,54,13798389056,1000.01,1,6829668211,445.734,11144060531,11144060531,0
mcs30_b03_s100.A09,mcs30_b03_s100.B09,dsb_never,71,60,10203856996,1000.02,1,3187761254,270.023,7821725789,7821725789,0
mcs30_b03_s15.A00,mcs30_b03_s15.B00,dsb_never,11,9,3260,0.000308042,0,1263,0.000100821,2088,2088,0
mcs30_b03_s15.A01,mcs30_b03_s15.B01,dsb_never,12,12,622,1.00E-04,0,126,2.07E-05,418,418,0
mcs30_b03_s15.A02,mcs30_b03_s15.B02,dsb_never,11,11,3748,0.000326481,0,28,9.70E-06,2500,2500,0
mcs30_b03_s15.A03,mcs30_b03_s15.B03,dsb_never,11,12,3010,0.00030595,0,12,7.66E-06,1901,1901,0
mcs30_b03_s15.A04,mcs30_b03_s15.B04,dsb_never,11,9,4706,0.000421923,0,1536,0.000115704,3125,3125,0
mcs30_b03_s15.A05,mcs30_b03_s15.B05,dsb_never,11,12,3999,0.000375436,0,29,9.27E-06,2564,2564,0
mcs30_b03_s15.A06,mcs30_b03_s15.B06,dsb_never,11,14,3218,0.000348304,0,12,7.73E-06,2071,2071,0
mcs30_b03_s15.A07,mcs30_b03_s15.B07,dsb_never,12,11,4420,0.000318629,0,4216,0.000268424,2898,2898,0
mcs30_b03_s15.A08,mcs30_b03_s15.B08,dsb_never,11,9,2835,0.000288512,0,368,3.77E-05,1816,1816,0
mcs30_b03_s15.A09,mcs30_b03_s15.B09,dsb_never,12,11,3373,0.000299741,0,3144,0.000248463,2126,2126,0
mcs30_b03_s20.A00,mcs30_b03_s20.B00,dsb_never,15,13,18940,0.00162758,0,8712,0.000687876,12721,12721,0
mcs30_b03_s20.A01,mcs30_b03_s20.B01,dsb_never,15,13,26678,0.00235893,0,3795,0.000294755,17953,17953,0
mcs30_b03_s20.A02,mcs30_b03_s20.B02,dsb_never,15,14,36542,0.00360742,0,675,7.75E-05,23462,23462,0
mcs30_b03_s20.A03,mcs30_b03_s20.B03,dsb_never,15,15,24263,0.00220886,0,8219,0.000657902,15535,15535,0
mcs30_b03_s20.A04,mcs30_b03_s20.B04,dsb_never,15,11,35861,0.00295935,0,16569,0.00113351,23698,23698,0
mcs30_b03_s20.A05,mcs30_b03_s20.B05,dsb_never,15,13,55623,0.00384359,0,11558,0.00051299,40049,40049,0
mcs30_b03_s20.A06,mcs30_b03_s20.B06,dsb_never,15,16,12769,0.00125623,0,42,1.41E-05,8269,8269,0
mcs30_b03_s20.A07,mcs30_b03_s20.B07,dsb_never,16,18,22532,0.00198478,0,20587,0.00176078,14758,14758,0
mcs30_b03_s20.A08,mcs30_b03_s20.B08,dsb_never,16,15,13971,0.00118456,0,11745,0.00094111,9148,9148,0
mcs30_b03_s20.A09,mcs30_b03_s20.B09,dsb_never,15,14,23458,0.0026297,0,744,7.73E-05,15604,15604,0
mcs30_b03_s25.A00,mcs30_b03_s25.B00,dsb_never,19,14,136522,0.0106719,0,37204,0.00289531,96315,96315,0
mcs30_b03_s25.A01,mcs30_b03_s25.B01,dsb_never,20,20,44967,0.00461291,0,6862,0.000657314,28616,28616,0
mcs30_b03_s25.A02,mcs30_b03_s25.B02,dsb_never,19,15,445908,0.0416528,0,157513,0.0142012,314564,314564,0
mcs30_b03_s25.A03,mcs30_b03_s25.B03,dsb_never,20,16,162235,0.0135225,0,152475,0.0125942,105126,105126,0
mcs30_b03_s25.A04,mcs30_b03_s25.B04,dsb_never,20,14,35791,0.00344144,0,24350,0.00216102,24069,24069,0
mcs30_b03_s25.A05,mcs30_b03_s25.B05,dsb_never,19,17,272289,0.0239926,0,46083,0.00370341,196741,196741,0
mcs30_b03_s25.A06,mcs30_b03_s25.B06,dsb_never,19,19,229155,0.0178646,0,5212,0.000359113,164404,164404,0
mcs30_b03_s25.A07,mcs30_b03_s25.B07,dsb_never,19,16,228134,0.0177987,0,126329,0.00899277,155924,155924,0
mcs30_b03_s25.A08,mcs30_b03_s25.B08,dsb_never,19,18,367776,0.0307926,0,245536,0.0192065,249497,249497,0
mcs30_b03_s25.A09,mcs30_b03_s25.B09,dsb_never,19,17,152431,0.0130145,0,25222,0.00198901,102820,102820,0
mcs30_b03_s30.A00,mcs30_b03_s30.B00,dsb_never,23,17,968806,0.0882737,0,420632,0.035851,675526,675526,0
mcs30_b03_s30.A01,mcs30_b03_s30.B01,dsb_never,23,21,1528767,0.140821,0,119821,0.00925628,1045916,1045916,0
mcs30_b03_s30.A02,mcs30_b03_s30.B02,dsb_never,23,19,5503667,0.506382,0,4816285,0.441418,3699598,3699598,0
mcs30_b03_s30.A03,mcs30_b03_s30.B03,dsb_never,24,17,1834679,0.144477,0,1813093,0.142371,1259312,1259312,0
mcs30_b03_s30.A04,mcs30_b03_s30.B04,dsb_never,24,21,545797,0.0532853,0,496040,0.047924,370194,370194,0
mcs30_b03_s30.A05,mcs30_b03_s30.B05,dsb_never,23,15,2520791,0.19447,0,2078522,0.154621,1786711,1786711,0
mcs30_b03_s30.A06,mcs30_b03_s30.B06,dsb_never,22,21,10056561,0.880959,0,2755,0.000262162,7161148,7161148,0
mcs30_b03_s30.A07,mcs30_b03_s30.B07,dsb_never,24,19,1623037,0.152577,0,1567221,0.146739,1065186,1065186,0
mcs30_b03_s30.A08,mcs30_b03_s30.B08,dsb_never,23,24,1239692,0.118204,0,318877,0.0295591,848257,848257,0
mcs30_b03_s30.A09,mcs30_b03_s30.B09,dsb_never,23,20,819798,0.0746888,0,67565,0.00492763,577528,577528,0
mcs30_b03_s35.A00,mcs30_b03_s35.B00,dsb_never,27,24,5688526,0.681738,0,328032,0.0357374,3842540,3842540,0
mcs30_b03_s35.A01,mcs30_b03_s35.B01,dsb_never,27,21,12097877,1.09432,0,6868867,0.599573,8134063,8134063,0
mcs30_b03_s35.A02,mcs30_b03_s35.B02,dsb_never,28,23,7802120,0.761646,0,7662389,0.74649,5216700,5216700,0
mcs30_b03_s35.A03,mcs30_b03_s35.B03,dsb_never,27,24,16720398,1.36718,0,11957314,0.905775,11919165,11919165,0
mcs30_b03_s35.A04,mcs30_b03_s35.B04,dsb_never,27,27,6859479,0.68987,0,481068,0.0410754,4746279,4746279,0
mcs30_b03_s35.A05,mcs30_b03_s35.B05,dsb_never,27,23,10364423,0.96692,0,4869921,0.43762,7332267,7332267,0
mcs30_b03_s35.A06,mcs30_b03_s35.B06,dsb_never,28,27,5267922,0.516629,0,4937975,0.484124,3471075,3471075,0
mcs30_b03_s35.A07,mcs30_b03_s35.B07,dsb_never,27,20,10758105,1.0216,0,1470664,0.13325,6975338,6975338,0
mcs30_b03_s35.A08,mcs30_b03_s35.B08,dsb_never,27,22,4293045,0.420088,0,827721,0.0669595,2980136,2980136,0
mcs30_b03_s35.A09,mcs30_b03_s35.B09,dsb_never,27,24,6206820,0.577405,0,506629,0.0404077,4327822,4327822,0
mcs30_b03_s40.A00,mcs30_b03_s40.B00,dsb_never,31,28,151157446,19.5659,0,24429672,2.99004,111902176,111902176,0
mcs30_b03_s40.A01,mcs30_b03_s40.B01,dsb_never,31,27,69468102,7.83008,0,4331480,0.455339,48323618,48323618,0
mcs30_b03_s40.A02,mcs30_b03_s40.B02,dsb_never,31,26,99241244,9.63265,0,52979047,5.08481,70445676,70445676,0
mcs30_b03_s40.A03,mcs30_b03_s40.B03,dsb_never,31,23,100914712,11.6472,0,74476208,8.47269,72906398,72906398,0
mcs30_b03_s40.A04,mcs30_b03_s40.B04,dsb_never,31,25,47348672,4.83222,0,1984432,0.170967,32778694,32778694,0
mcs30_b03_s40.A05,mcs30_b03_s40.B05,dsb_never,31,22,108196108,10.961,0,82098001,8.13324,78417928,78417928,0
mcs30_b03_s40.A06,mcs30_b03_s40.B06,dsb_never,31,27,48455440,4.83469,0,5946879,0.54188,33764337,33764337,0
mcs30_b03_s40.A07,mcs30_b03_s40.B07,dsb_never,31,29,110604773,10.0523,0,78326509,6.77341,76832364,76832364,0
mcs30_b03_s40.A08,mcs30_b03_s40.B08,dsb_never,31,27,52277086,5.28962,0,20135577,1.93041,36717264,36717264,0
mcs30_b03_s40.A09,mcs30_b03_s40.B09,dsb_never,31,25,66751499,6.74309,0,43589239,4.30987,45900305,45900305,0
mcs30_b03_s50.A00,mcs30_b03_s50.B00,dsb_never,40,34,2030359339,215.22,0,1652096314,172.466,1452668157,1452668157,0
mcs30_b03_s50.A01,mcs30_b03_s50.B01,dsb_never,39,31,4409772267,474.783,0,1186856954,124.979,3066254778,3066254778,0
mcs30_b03_s50.A02,mcs30_b03_s50.B02,dsb_never,39,30,2434364933,261.693,0,615246181,61.8329,1760863285,1760863285,0
mcs30_b03_s50.A03,mcs30_b03_s50.B03,dsb_never,39,31,4655573137,438.677,0,2735025758,236.468,3404356189,3404356189,0
mcs30_b03_s50.A04,mcs30_b03_s50.B04,dsb_never,39,34,5415836409,563.161,0,3546999365,360.587,3906128974,3906128974,0
mcs30_b03_s50.A05,mcs30_b03_s50.B05,dsb_never,40,32,3253967446,328.893,0,3231041404,326.362,2409451051,2409451051,0
mcs30_b03_s50.A06,mcs30_b03_s50.B06,dsb_never,38,33,9693395353,1000.02,1,5296098800,526.734,7063859744,7063859744,0
mcs30_b03_s50.A07,mcs30_b03_s50.B07,dsb_never,39,32,7847499208,826.924,0,6507856172,683.61,5552580051,5552580051,0
mcs30_b03_s50.A08,mcs30_b03_s50.B08,dsb_never,39,31,9713339951,1000.02,1,7118143509,726.367,6782432685,6782432685,0
mcs30_b03_s50.A09,mcs30_b03_s50.B09,dsb_never,39,31,4961553388,555.219,0,214923210,21.927,3565986032,3565986032,0
mcs30_b03_s60.A00,mcs30_b03_s60.B00,dsb_never,46,42,9413898581,1000.02,1,1190243092,117.799,6579182499,6579182499,0
mcs30_b03_s60.A01,mcs30_b03_s60.B01,dsb_never,45,40,9584170169,1000.02,1,726479791,69.9311,6521731967,6521731967,0
mcs30_b03_s60.A02,mcs30_b03_s60.B02,dsb_never,46,41,9307637131,1000.02,1,131041733,11.6321,6554413126,6554413126,0
mcs30_b03_s60.A03,mcs30_b03_s60.B03,dsb_never,45,38,9767648279,1000.03,1,99997179,6.82643,7169564961,7169564961,0
mcs30_b03_s60.A04,mcs30_b03_s60.B04,dsb_never,46,35,8826881079,1000.02,1,1323689037,135.204,6607965706,6607965706,0
mcs30_b03_s60.A05,mcs30_b03_s60.B05,dsb_never,45,38,9649805174,1000.02,1,2497026445,244.845,6963236729,6963236729,0
mcs30_b03_s60.A06,mcs30_b03_s60.B06,dsb_never,46,38,8787856938,1000.01,1,2726570524,295.787,6473006381,6473006381,0
mcs30_b03_s60.A07,mcs30_b03_s60.B07,dsb_never,44,34,13047105950,1000.02,1,12129039281,902.545,9862863740,9862863740,0
mcs30_b03_s60.A08,mcs30_b03_s60.B08,dsb_never,46,38,9591791179,1000.02,1,5610980143,562.742,6904405067,6904405067,0
mcs30_b03_s60.A09,mcs30_b03_s60.B09,dsb_never,45,43,9519104187,1000.01,1,134765279,13.7179,6867178194,6867178194,0
mcs30_b03_s70.A00,mcs30_b03_s70.B00,dsb_never,48,39,27904050539,1000.02,1,13442589827,438.837,22319748731,22319748731,0
mcs30_b03_s70.A01,mcs30_b03_s70.B01,dsb_never,50,42,9804584338,1000.02,1,2719005161,237.521,7342908693,7342908693,0
mcs30_b03_s70.A02,mcs30_b03_s70.B02,dsb_never,50,42,9884232055,1000.01,1,1823545228,182.252,7106199297,7106199297,0
mcs30_b03_s70.A03,mcs30_b03_s70.B03,dsb_never,52,42,7167451310,1000.01,1,1348837356,180.751,5418058174,5418058174,0
mcs30_b03_s70.A04,mcs30_b03_s70.B04,dsb_never,45,30,24013245904,1000.02,1,3004895487,105.763,19928534327,19928534327,0
mcs30_b03_s70.A05,mcs30_b03_s70.B05,dsb_never,53,46,9534046036,1000.01,1,3937719650,392.914,6845759058,6845759058,0
mcs30_b03_s70.A06,mcs30_b03_s70.B06,dsb_never,50,39,8139252464,1000.01,1,5258666067,625.255,5869667149,5869667149,0
mcs30_b03_s70.A07,mcs30_b03_s70.B07,dsb_never,53,43,9011334931,1000.02,1,2720491170,287.428,6608164629,6608164629,0
mcs30_b03_s70.A08,mcs30_b03_s70.B08,dsb_never,50,47,10984411968,1000.01,1,5464722748,491.596,7651199013,7651199013,0
mcs30_b03_s70.A09,mcs30_b03_s70.B09,dsb_never,49,41,10849694930,1000.02,1,772484133,65.5042,7625918701,7625918701,0
mcs30_b03_s80.A00,mcs30_b03_s80.B00,dsb_never,55,42,8638004076,1000.02,1,447898742,44.3419,6689363256,6689363256,0
mcs30_b03_s80.A01,mcs30_b03_s80.B01,dsb_never,59,50,11461621687,1000.02,1,8554202182,700.623,8615398750,8615398750,0
mcs30_b03_s80.A02,mcs30_b03_s80.B02,dsb_never,55,43,17218926778,1000.02,1,455248058,23.9342,13175282410,13175282410,0
mcs30_b03_s80.A03,mcs30_b03_s80.B03,dsb_never,50,36,29847779971,1000.02,1,17731482,0.5441,23874934700,23874934700,0
mcs30_b03_s80.A04,mcs30_b03_s80.B04,dsb_never,59,49,17671103239,1000.02,1,16048845730,839.778,13363791881,13363791881,0
mcs30_b03_s80.A05,mcs30_b03_s80.B05,dsb_never,56,43,12341726273,1000.03,1,7750454136,522.138,9872009979,9872009979,0
mcs30_b03_s80.A06,mcs30_b03_s80.B06,dsb_never,45,35,27811961159,1000.02,1,46,3.97E-05,22893104486,22893104486,0
mcs30_b03_s80.A07,mcs30_b03_s80.B07,dsb_never,58,45,9005776200,1000.02,1,6893034608,770.422,6954587329,6954587329,0
mcs30_b03_s80.A08,mcs30_b03_s80.B08,dsb_never,53,42,31895012633,1000.02,1,31362673693,982.743,24358742282,24358742282,0
mcs30_b03_s80.A09,mcs30_b03_s80.B09,dsb_never,51,40,28995035433,1000.02,1,15286191199,504.941,23869161923,23869161923,0
mcs30_b03_s90.A00,mcs30_b03_s90.B00,dsb_never,58,51,28199808715,1000.02,1,687653715,26.0979,23503069615,23503069615,0
mcs30_b03_s90.A01,mcs30_b03_s90.B01,dsb_never,64,52,32045564903,1000.02,1,7494378,0.378795,23967993102,23967993102,0
mcs30_b03_s90.A02,mcs30_b03_s90.B02,dsb_never,58,45,31707463429,1000.02,1,1117777,0.0503991,24200279006,24200279006,0
mcs30_b03_s90.A03,mcs30_b03_s90.B03,dsb_never,65,54,14071068747,1000.01,1,11986293893,779.476,10671729016,10671729016,0
mcs30_b03_s90.A04,mcs30_b03_s90.B04,dsb_never,60,49,15504985926,1000.02,1,8259797622,368.056,12435003664,12435003664,0
mcs30_b03_s90.A05,mcs30_b03_s90.B05,dsb_never,57,41,29188701289,1000.01,1,6473888,0.198493,24173115362,24173115362,0
mcs30_b03_s90.A06,mcs30_b03_s90.B06,dsb_never,65,54,9363759431,1000.01,1,2690803456,272.585,7173237491,7173237491,0
mcs30_b03_s90.A07,mcs30_b03_s90.B07,dsb_never,63,54,10903578158,1000.01,1,1389432226,122.658,8108703841,8108703841,0
mcs30_b03_s90.A08,mcs30_b03_s90.B08,dsb_never,58,42,31216479175,1000.01,1,15293008239,469.665,24125559784,24125559784,0
mcs30_b03_s90.A09,mcs30_b03_s90.B09,dsb_never,63,52,11916709361,1000.02,1,1492153466,119.065,9362764063,9362764063,0
mcs30_b03m_s100.A00,mcs30_b03m_s100.B00,dsb_never,66,58,25940545723,1000.02,1,2247073815,69.2415,22250578156,22250578156,0
mcs30_b03m_s100.A01,mcs30_b03m_s100.B01,dsb_never,63,49,21334289802,1000.02,1,1625221411,66.5954,18793156521,18793156521,0
mcs30_b03m_s100.A02,mcs30_b03m_s100.B02,dsb_never,70,56,11168265293,1000.02,1,4046979604,297.593,9082395591,9082395591,0
mcs30_b03m_s100.A03,mcs30_b03m_s100.B03,dsb_never,64,47,30047309461,1000.02,1,771390,0.0502075,24037861262,24037861262,0
mcs30_b03m_s100.A04,mcs30_b03m_s100.B04,dsb_never,63,52,26693989383,1000.02,1,337710287,11.4422,21794140071,21794140071,0
mcs30_b03m_s100.A05,mcs30_b03m_s100.B05,dsb_never,63,49,27647927215,1000.01,1,11899270282,411.852,21372954451,21372954451,0
mcs30_b03m_s100.A06,mcs30_b03m_s100.B06,dsb_never,66,50,28107053550,1000.01,1,221576,0.0212056,23451196451,23451196451,0
mcs30_b03m_s100.A07,mcs30_b03m_s100.B07,dsb_never,63,50,33156101426,1000.01,1,192,6.35E-05,24669750515,24669750515,0
mcs30_b03m_s100.A08,mcs30_b03m_s100.B08,dsb_never,72,58,18685145945,1000.02,1,14189150090,507.72,13911055774,13911055774,0
mcs30_b03m_s100.A09,mcs30_b03m_s100.B09,dsb_never,71,57,29342752079,1000.02,1,34191989,1.81989,22091163504,22091163504,0
mcs30_b03m_s15.A00,mcs30_b03m_s15.B00,dsb_never,12,9,832,0.00013867,0,457,6.40E-05,557,557,0
mcs30_b03m_s15.A01,mcs30_b03m_s15.B01,dsb_never,11,10,3074,0.000321858,0,102,2.64E-05,1924,1924,0
mcs30_b03m_s15.A02,mcs30_b03m_s15.B02,dsb_never,11,9,3464,0.000348227,0,820,7.43E-05,2274,2274,0
mcs30_b03m_s15.A03,mcs30_b03m_s15.B03,dsb_never,12,11,2880,0.000268226,0,2696,0.00023139,1867,1867,0
mcs30_b03m_s15.A04,mcs30_b03m_s15.B04,dsb_never,11,11,3062,0.000279523,0,59,1.15E-05,2023,2023,0
mcs30_b03m_s15.A05,mcs30_b03m_s15.B05,dsb_never,12,10,1575,0.000175005,0,1397,0.000131168,1054,1054,0
mcs30_b03m_s15.A06,mcs30_b03m_s15.B06,dsb_never,11,11,4267,0.000354647,0,19,8.38E-06,2934,2934,0
mcs30_b03m_s15.A07,mcs30_b03m_s15.B07,dsb_never,11,11,2154,0.000204309,0,321,3.27E-05,1504,1504,0
mcs30_b03m_s15.A08,mcs30_b03m_s15.B08,dsb_never,11,10,3446,0.000341737,0,649,5.89E-05,2286,2286,0
mcs30_b03m_s15.A09,mcs30_b03m_s15.B09,dsb_never,12,12,2364,0.00042933,0,2009,0.000373065,1530,1530,0
mcs30_b03m_s20.A00,mcs30_b03m_s20.B00,dsb_never,15,12,13220,0.00110683,0,2044,0.000146031,8875,8875,0
mcs30_b03m_s20.A01,mcs30_b03m_s20.B01,dsb_never,15,10,34071,0.00254442,0,22721,0.00149006,24186,24186,0
mcs30_b03m_s20.A02,mcs30_b03m_s20.B02,dsb_never,15,13,40203,0.00301833,0,31656,0.00225321,27319,27319,0
mcs30_b03m_s20.A03,mcs30_b03m_s20.B03,dsb_never,15,12,60139,0.00477564,0,49266,0.00377306,38609,38609,0
mcs30_b03m_s20.A04,mcs30_b03m_s20.B04,dsb_never,15,14,29975,0.00272788,0,6305,0.00052191,19319,19319,0
mcs30_b03m_s20.A05,mcs30_b03m_s20.B05,dsb_never,15,13,24390,0.00213158,0,3598,0.000284367,15775,15775,0
mcs30_b03m_s20.A06,mcs30_b03m_s20.B06,dsb_never,15,12,19769,0.00168656,0,6065,0.000430366,13281,13281,0
mcs30_b03m_s20.A07,mcs30_b03m_s20.B07,dsb_never,16,13,18480,0.00155687,0,16985,0.0013825,11831,11831,0
mcs30_b03m_s20.A08,mcs30_b03m_s20.B08,dsb_never,15,15,23332,0.00201018,0,77,1.68E-05,14469,14469,0
mcs30_b03m_s20.A09,mcs30_b03m_s20.B09,dsb_never,15,13,34513,0.00284868,0,17651,0.00138912,22150,22150,0
mcs30_b03m_s25.A00,mcs30_b03m_s25.B00,dsb_never,20,15,68581,0.00646092,0,57212,0.00529052,44832,44832,0
mcs30_b03m_s25.A01,mcs30_b03m_s25.B01,dsb_never,19,15,128269,0.0113752,0,27200,0.00184836,89413,89413,0
mcs30_b03m_s25.A02,mcs30_b03m_s25.B02,dsb_never,19,18,251131,0.019627,0,113280,0.0081437,169534,169534,0
mcs30_b03m_s25.A03,mcs30_b03m_s25.B03,dsb_never,19,13,313998,0.0253111,0,124159,0.00863354,213971,213971,0
mcs30_b03m_s25.A04,mcs30_b03m_s25.B04,dsb_never,19,13,329683,0.0252237,0,228260,0.0167245,233576,233576,0
mcs30_b03m_s25.A05,mcs30_b03m_s25.B05,dsb_never,19,15,127762,0.0102661,0,50879,0.00345216,91203,91203,0
mcs30_b03m_s25.A06,mcs30_b03m_s25.B06,dsb_never,19,16,176109,0.0158523,0,44744,0.00339792,117109,117109,0
mcs30_b03m_s25.A07,mcs30_b03m_s25.B07,dsb_never,19,16,194636,0.0177099,0,12416,0.00091766,130021,130021,0
mcs30_b03m_s25.A08,mcs30_b03m_s25.B08,dsb_never,19,15,1827472,0.0996619,0,1625140,0.084797,1310776,1310776,0
mcs30_b03m_s25.A09,mcs30_b03m_s25.B09,dsb_never,19,18,142445,0.0127628,0,10824,0.000807983,99914,99914,0
mcs30_b03m_s30.A00,mcs30_b03m_s30.B00,dsb_never,23,16,1420948,0.125118,0,833770,0.068269,982392,982392,0
mcs30_b03m_s30.A01,mcs30_b03m_s30.B01,dsb_never,23,19,618986,0.0599419,0,50269,0.00400351,454096,454096,0
mcs30_b03m_s30.A02,mcs30_b03m_s30.B02,dsb_never,23,21,1754985,0.13128,0,835028,0.0416027,1321783,1321783,0
mcs30_b03m_s30.A03,mcs30_b03m_s30.B03,dsb_never,23,18,1755547,0.167372,0,108840,0.00989744,1216625,1216625,0
mcs30_b03m_s30.A04,mcs30_b03m_s30.B04,dsb_never,23,18,1847444,0.165995,0,1200622,0.103663,1244539,1244539,0
mcs30_b03m_s30.A05,mcs30_b03m_s30.B05,dsb_never,23,17,2856799,0.183054,0,2080457,0.108715,1987895,1987895,0
mcs30_b03m_s30.A06,mcs30_b03m_s30.B06,dsb_never,23,18,1609404,0.120666,0,1017386,0.0623432,1188042,1188042,0
mcs30_b03m_s30.A07,mcs30_b03m_s30.B07,dsb_never,23,20,1225264,0.113967,0,74862,0.00579123,854984,854984,0
mcs30_b03m_s30.A08,mcs30_b03m_s30.B08,dsb_never,23,17,1304177,0.107817,0,428372,0.0312847,909839,909839,0
mcs30_b03m_s30.A09,mcs30_b03m_s30.B09,dsb_never,23,18,1384927,0.133723,0,353237,0.0328498,896440,896440,0
mcs30_b03m_s35.A00,mcs30_b03m_s35.B00,dsb_never,27,25,8123462,0.776083,0,2899105,0.266097,5486677,5486677,0
mcs30_b03m_s35.A01,mcs30_b03m_s35.B01,dsb_never,27,25,8630267,0.820659,0,4402808,0.401741,6141900,6141900,0
mcs30_b03m_s35.A02,mcs30_b03m_s35.B02,dsb_never,28,23,2351005,0.22231,0,1775916,0.161355,1590553,1590553,0
mcs30_b03m_s35.A03,mcs30_b03m_s35.B03,dsb_never,27,20,12658516,1.18045,0,5115856,0.456896,8484748,8484748,0
mcs30_b03m_s35.A04,mcs30_b03m_s35.B04,dsb_never,27,23,9762033,0.965004,0,635550,0.0434198,6964462,6964462,0
mcs30_b03m_s35.A05,mcs30_b03m_s35.B05,dsb_never,27,21,33434407,3.16563,0,21266826,1.96807,23828023,23828023,0
mcs30_b03m_s35.A06,mcs30_b03m_s35.B06,dsb_never,28,19,10253897,0.888478,0,9494651,0.813404,6883346,6883346,0
mcs30_b03m_s35.A07,mcs30_b03m_s35.B07,dsb_never,27,22,8471193,0.781436,0,1514246,0.124239,5815957,5815957,0
mcs30_b03m_s35.A08,mcs30_b03m_s35.B08,dsb_never,27,22,11233671,0.96831,0,6787070,0.537954,8192154,8192154,0
mcs30_b03m_s35.A09,mcs30_b03m_s35.B09,dsb_never,27,20,22561851,1.92135,0,19553867,1.64555,15891044,15891044,0
mcs30_b03m_s40.A00,mcs30_b03m_s40.B00,dsb_never,32,25,25520064,2.46457,0,22364562,2.1269,18571625,18571625,0
mcs30_b03m_s40.A01,mcs30_b03m_s40.B01,dsb_never,31,25,168488271,16.1584,0,63177853,5.80911,117621584,117621584,0
mcs30_b03m_s40.A02,mcs30_b03m_s40.B02,dsb_never,31,28,92748499,9.14917,0,5274507,0.446227,66346458,66346458,0
mcs30_b03m_s40.A03,mcs30_b03m_s40.B03,dsb_never,32,26,40223072,3.8774,0,38385292,3.68547,29356123,29356123,0
mcs30_b03m_s40.A04,mcs30_b03m_s40.B04,dsb_never,31,24,97384935,9.21174,0,39540784,3.40408,67885526,67885526,0
mcs30_b03m_s40.A05,mcs30_b03m_s40.B05,dsb_never,31,28,122940276,12.3817,0,26841044,2.45113,85863188,85863188,0
mcs30_b03m_s40.A06,mcs30_b03m_s40.B06,dsb_never,31,26,85168957,8.37878,0,14550297,1.34786,57326375,57326375,0
mcs30_b03m_s40.A07,mcs30_b03m_s40.B07,dsb_never,31,25,157710664,15.3464,0,120606859,11.6478,114620896,114620896,0
mcs30_b03m_s40.A08,mcs30_b03m_s40.B08,dsb_never,31,29,76460135,7.72377,0,15464584,1.4493,55070976,55070976,0
mcs30_b03m_s40.A09,mcs30_b03m_s40.B09,dsb_never,31,23,114212404,9.82224,0,50745530,4.59389,81988480,81988480,0
mcs30_b03m_s50.A00,mcs30_b03m_s50.B00,dsb_never,39,30,3153451972,334.767,0,1073137590,106.982,2349295696,2349295696,0
mcs30_b03m_s50.A01,mcs30_b03m_s50.B01,dsb_never,40,33,6244525859,654.615,0,6029950263,631.598,4463405340,4463405340,0
mcs30_b03m_s50.A02,mcs30_b03m_s50.B02,dsb_never,39,32,4653764910,495.276,0,1520515546,154.662,3344956509,3344956509,0
mcs30_b03m_s50.A03,mcs30_b03m_s50.B03,dsb_never,39,28,6440173149,674.259,0,1549380709,145.139,4667363434,4667363434,0
mcs30_b03m_s50.A04,mcs30_b03m_s50.B04,dsb_never,39,32,6102293248,649.463,0,693280324,71.5098,4379783416,4379783416,0
mcs30_b03m_s50.A05,mcs30_b03m_s50.B05,dsb_never,40,33,2564329001,258.894,0,1860429382,184.921,1827172264,1827172264,0
mcs30_b03m_s50.A06,mcs30_b03m_s50.B06,dsb_never,39,26,5944034799,443.21,0,3579431445,180.819,4530137644,4530137644,0
mcs30_b03m_s50.A07,mcs30_b03m_s50.B07,dsb_never,39,31,7728331669,816.274,0,6782889141,713.367,5676920360,5676920360,0
mcs30_b03m_s50.A08,mcs30_b03m_s50.B08,dsb_never,38,31,9834638515,1000.02,1,1236783115,121.073,6791514857,6791514857,0
mcs30_b03m_s50.A09,mcs30_b03m_s50.B09,dsb_never,39,31,4889475757,504.9,0,2183018356,213.288,3700680214,3700680214,0
mcs30_b03m_s60.A00,mcs30_b03m_s60.B00,dsb_never,45,36,11450283018,1000.02,1,5949510889,429.286,8398544363,8398544363,0
mcs30_b03m_s60.A01,mcs30_b03m_s60.B01,dsb_never,46,37,9310442983,1000.02,1,4814461723,511.502,6415588772,6415588772,0
mcs30_b03m_s60.A02,mcs30_b03m_s60.B02,dsb_never,43,30,29502519612,1000.01,1,4807372410,152.556,22402929133,22402929133,0
mcs30_b03m_s60.A03,mcs30_b03m_s60.B03,dsb_never,45,35,9650179789,1000.02,1,3240004496,324.858,6809972582,6809972582,0
mcs30_b03m_s60.A04,mcs30_b03m_s60.B04,dsb_never,47,38,9125111113,1000.02,1,5855255381,624.817,6518801478,6518801478,0
mcs30_b03m_s60.A05,mcs30_b03m_s60.B05,dsb_never,46,38,8616779346,1000.02,1,3399055697,360.23,5966708575,5966708575,0
mcs30_b03m_s60.A06,mcs30_b03m_s60.B06,dsb_never,46,36,21244694173,1000.03,1,16854602408,545.041,15771800349,15771800349,0
mcs30_b03m_s60.A07,mcs30_b03m_s60.B07,dsb_never,44,35,10435781187,1000.02,1,748939544,61.6975,7571246758,7571246758,0
mcs30_b03m_s60.A08,mcs30_b03m_s60.B08,dsb_never,46,41,9486560289,1000.01,1,2976632502,300.483,6826538173,6826538173,0
mcs30_b03m_s60.A09,mcs30_b03m_s60.B09,dsb_never,44,38,9926611586,1000.01,1,1863283786,168.668,7079023830,7079023830,0
mcs30_b03m_s70.A00,mcs30_b03m_s70.B00,dsb_never,44,34,25738063989,1000.02,1,7315623765,305.789,19907520291,19907520291,0
mcs30_b03m_s70.A01,mcs30_b03m_s70.B01,dsb_never,53,45,9430940423,1000.02,1,6282487348,659.631,6656744309,6656744309,0
mcs30_b03m_s70.A02,mcs30_b03m_s70.B02,dsb_never,54,44,9757352831,1000.01,1,2797262509,264.186,6859460906,6859460906,0
mcs30_b03m_s70.A03,mcs30_b03m_s70.B03,dsb_never,52,44,12853779449,1000.01,1,6713300225,347.968,9897041362,9897041362,0
mcs30_b03m_s70.A04,mcs30_b03m_s70.B04,dsb_never,48,36,25308435338,1000.02,1,454004669,21.2473,21090912092,21090912092,0
mcs30_b03m_s70.A05,mcs30_b03m_s70.B05,dsb_never,50,38,9963440651,1000.02,1,6008416056,595.107,7194710367,7194710367,0
mcs30_b03m_s70.A06,mcs30_b03m_s70.B06,dsb_never,52,44,9340534400,1000.01,1,2719322358,284.61,6482458845,6482458845,0
mcs30_b03m_s70.A07,mcs30_b03m_s70.B07,dsb_never,51,44,10397802031,1000.01,1,7708031066,707.21,7277615751,7277615751,0
mcs30_b03m_s70.A08,mcs30_b03m_s70.B08,dsb_never,52,47,10152648259,1000.01,1,724696301,59.046,7190249995,7190249995,0
mcs30_b03m_s70.A09,mcs30_b03m_s70.B09,dsb_never,52,43,9477323018,1000.02,1,5492653,0.344011,6741826451,6741826451,0
mcs30_b03m_s80.A00,mcs30_b03m_s80.B00,dsb_never,53,41,26341086043,1000.01,1,22037284295,830.542,20074099543,20074099543,0
mcs30_b03m_s80.A01,mcs30_b03m_s80.B01,dsb_never,59,48,12764487037,1000.02,1,7778487504,545.759,9233808735,9233808735,0
mcs30_b03m_s80.A02,mcs30_b03m_s80.B02,dsb_never,60,46,19517840992,1000.01,1,19397190907,987.136,14401539242,14401539242,0
mcs30_b03m_s80.A03,mcs30_b03m_s80.B03,dsb_never,59,50,9368842469,1000.01,1,1418634941,140.537,7005293479,7005293479,0
mcs30_b03m_s80.A04,mcs30_b03m_s80.B04,dsb_never,45,36,24384160026,1000.02,1,24328381,0.996916,20929534304,20929534304,0
mcs30_b03m_s80.A05,mcs30_b03m_s80.B05,dsb_never,57,42,17279118743,1000.02,1,10477462081,353.305,12582511292,12582511292,0
mcs30_b03m_s80.A06,mcs30_b03m_s80.B06,dsb_never,60,46,20512972968,1000.02,1,18892051850,813.984,15853867483,15853867483,0
mcs30_b03m_s80.A07,mcs30_b03m_s80.B07,dsb_never,54,45,27320414140,1000.02,1,20184255886,739.326,19988415558,19988415558,0
mcs30_b03m_s80.A08,mcs30_b03m_s80.B08,dsb_never,58,47,10395923008,1000.02,1,9970171435,957.098,7945292230,7945292230,0
mcs30_b03m_s80.A09,mcs30_b03m_s80.B09,dsb_never,56,45,9686744175,1000.01,1,4460139149,456.143,7276779771,7276779771,0
mcs30_b03m_s90.A00,mcs30_b03m_s90.B00,dsb_never,63,51,9399787890,1000.01,1,1113395802,112.886,6623793883,6623793883,0
mcs30_b03m_s90.A01,mcs30_b03m_s90.B01,dsb_never,63,49,15760525304,1000.02,1,8307270331,269.136,11923394124,11923394124,0
mcs30_b03m_s90.A02,mcs30_b03m_s90.B02,dsb_never,63,53,10171981047,1000.01,1,6024946827,559.916,7731201915,7731201915,0
mcs30_b03m_s90.A03,mcs30_b03m_s90.B03,dsb_never,60,47,31890197389,1000.02,1,707492176,36.8473,24025952710,24025952710,0
mcs30_b03m_s90.A04,mcs30_b03m_s90.B04,dsb_never,57,44,32886213872,1000.02,1,7233,0.000652551,24571074545,24571074545,0
mcs30_b03m_s90.A05,mcs30_b03m_s90.B05,dsb_never,58,44,29017847533,1000.02,1,8151151173,296.056,23165991466,23165991466,0
mcs30_b03m_s90.A06,mcs30_b03m_s90.B06,dsb_never,64,51,18441886167,1000.01,1,3094106486,145.953,14501538873,14501538873,0
mcs30_b03m_s90.A07,mcs30_b03m_s90.B07,dsb_never,65,50,14385716972,1000.01,1,10619689944,597.294,12139555207,12139555207,0
mcs30_b03m_s90.A08,mcs30_b03m_s90.B08,dsb_never,63,52,23343968977,1000.01,1,8323176558,294.214,19012571563,19012571563,0
mcs30_b03m_s90.A09,mcs30_b03m_s90.B09,dsb_never,61,45,26683247300,1000.01,1,20684053028,723.275,21002105610,21002105610,0
mcs30_b06_s100.A00,mcs30_b06_s100.B00,dsb_never,51,57,10911863696,1000.02,1,1542231775,166.424,7308254860,7308254860,0
mcs30_b06_s100.A01,mcs30_b06_s100.B01,dsb_never,57,88,8380840737,1000.01,1,2039154714,252.905,5351327944,5351327944,0
mcs30_b06_s100.A02,mcs30_b06_s100.B02,dsb_never,51,52,10146195337,1000.02,1,836109064,80.8607,6897434407,6897434407,0
mcs30_b06_s100.A03,mcs30_b06_s100.B03,dsb_never,52,49,9012076339,1000.02,1,498813688,50.7778,5716178990,5716178990,0
mcs30_b06_s100.A04,mcs30_b06_s100.B04,dsb_never,53,57,9153271405,1000.02,1,1397861723,146.606,5824321528,5824321528,0
mcs30_b06_s100.A05,mcs30_b06_s100.B05,dsb_never,55,50,8367687206,1000.01,1,5019574359,580.478,5452243796,5452243796,0
mcs30_b06_s100.A06,mcs30_b06_s100.B06,dsb_never,53,56,9480910904,1000.02,1,4410152185,436.295,6372522232,6372522232,0
mcs30_b06_s100.A07,mcs30_b06_s100.B07,dsb_never,52,50,9033021780,1000.01,1,159483750,15.5657,6404930746,6404930746,0
mcs30_b06_s100.A08,mcs30_b06_s100.B08,dsb_never,53,52,8427423535,1000.01,1,6073681625,702.133,5352787254,5352787254,0
mcs30_b06_s100.A09,mcs30_b06_s100.B09,dsb_never,55,55,8930981664,1000.01,1,3047984994,328.274,5594961674,5594961674,0
mcs30_b06_s25.A00,mcs30_b06_s25.B00,dsb_never,16,28,832034,0.101297,0,112035,0.012037,554765,554765,0
mcs30_b06_s25.A01,mcs30_b06_s25.B01,dsb_never,16,30,593187,0.075545,0,32680,0.00362346,390442,390442,0
mcs30_b06_s25.A02,mcs30_b06_s25.B02,dsb_never,16,27,628487,0.0803097,0,9698,0.00114961,402072,402072,0
mcs30_b06_s25.A03,mcs30_b06_s25.B03,dsb_never,16,28,809236,0.103422,0,12533,0.00129473,524198,524198,0
mcs30_b06_s25.A04,mcs30_b06_s25.B04,dsb_never,16,24,1220148,0.14247,0,654066,0.071038,786685,786685,0
mcs30_b06_s25.A05,mcs30_b06_s25.B05,dsb_never,16,30,785731,0.0999947,0,5042,0.000576457,510400,510400,0
mcs30_b06_s25.A06,mcs30_b06_s25.B06,dsb_never,16,22,928717,0.113976,0,523099,0.0626637,600591,600591,0
mcs30_b06_s25.A07,mcs30_b06_s25.B07,dsb_never,16,28,791066,0.100338,0,68,1.72E-05,516877,516877,0
mcs30_b06_s25.A08,mcs30_b06_s25.B08,dsb_never,15,23,2262590,0.244351,0,274432,0.0250066,1558526,1558526,0
mcs30_b06_s25.A09,mcs30_b06_s25.B09,dsb_never,17,24,274092,0.0336631,0,168590,0.0206194,184316,184316,0
mcs30_b06_s30.A00,mcs30_b06_s30.B00,dsb_never,18,17,17256281,2.12112,0,532227,0.0638768,11648319,11648319,0
mcs30_b06_s30.A01,mcs30_b06_s30.B01,dsb_never,19,23,12888360,1.62391,0,8217295,1.00633,8339560,8339560,0
mcs30_b06_s30.A02,mcs30_b06_s30.B02,dsb_never,18,34,11556809,1.40819,0,251476,0.0284053,7884305,7884305,0
mcs30_b06_s30.A03,mcs30_b06_s30.B03,dsb_never,19,33,6150633,0.792814,0,1596558,0.194238,4060106,4060106,0
mcs30_b06_s30.A04,mcs30_b06_s30.B04,dsb_never,19,21,12647255,1.61575,0,10684004,1.36236,8159334,8159334,0
mcs30_b06_s30.A05,mcs30_b06_s30.B05,dsb_never,18,26,24942133,6.11916,0,2558,0.000625765,16527463,16527463,0
mcs30_b06_s30.A06,mcs30_b06_s30.B06,dsb_never,19,24,5243486,1.33772,0,1170026,0.280656,3350240,3350240,0
mcs30_b06_s30.A07,mcs30_b06_s30.B07,dsb_never,18,21,11833129,2.93809,0,349957,0.0825893,8005787,8005787,0
mcs30_b06_s30.A08,mcs30_b06_s30.B08,dsb_never,18,24,17554034,4.29872,0,1109015,0.25824,12083001,12083001,0
mcs30_b06_s30.A09,mcs30_b06_s30.B09,dsb_never,19,35,3252283,0.845478,0,4218,0.00102727,2165266,2165266,0
mcs30_b06_s35.A00,mcs30_b06_s35.B00,dsb_never,21,25,308299584,76.0864,0,9225980,2.23848,206135216,206135216,0
mcs30_b06_s35.A01,mcs30_b06_s35.B01,dsb_never,21,27,302312091,75.4502,0,11381158,2.85339,202901730,202901730,0
mcs30_b06_s35.A02,mcs30_b06_s35.B02,dsb_never,22,21,143212976,37.5734,0,122724583,32.0078,93778701,93778701,0
mcs30_b06_s35.A03,mcs30_b06_s35.B03,dsb_never,21,36,415611105,103.783,0,1656765,0.405896,282266220,282266220,0
mcs30_b06_s35.A04,mcs30_b06_s35.B04,dsb_never,22,23,276336177,39.9136,0,271420974,39.2122,180925757,180925757,0
mcs30_b06_s35.A05,mcs30_b06_s35.B05,dsb_never,22,28,151572685,23.5143,0,93187868,14.6215,102168727,102168727,0
mcs30_b06_s35.A06,mcs30_b06_s35.B06,dsb_never,21,25,192421664,29.3626,0,14348356,2.05306,129995112,129995112,0
mcs30_b06_s35.A07,mcs30_b06_s35.B07,dsb_never,22,24,137286069,17.5537,0,89319360,11.3629,90578598,90578598,0
mcs30_b06_s35.A08,mcs30_b06_s35.B08,dsb_never,22,24,72361051,9.17301,0,34737432,4.25227,48140907,48140907,0
mcs30_b06_s35.A09,mcs30_b06_s35.B09,dsb_never,21,26,203335733,26.0891,0,777142,0.0945105,135876085,135876085,0
mcs30_b06_s40.A00,mcs30_b06_s40.B00,dsb_never,25,27,875050672,110.184,0,361534443,43.6183,609921475,609921475,0
mcs30_b06_s40.A01,mcs30_b06_s40.B01,dsb_never,24,28,7115394626,865.208,0,3639133587,442.151,4719153042,4719153042,0
mcs30_b06_s40.A02,mcs30_b06_s40.B02,dsb_never,25,27,906782698,114.899,0,402309843,50.3574,617305877,617305877,0
mcs30_b06_s40.A03,mcs30_b06_s40.B03,dsb_never,25,34,1248039940,157.418,0,736899616,92.4571,853410631,853410631,0
mcs30_b06_s40.A04,mcs30_b06_s40.B04,dsb_never,25,27,1574864722,200.888,0,1240095761,157.023,1058632303,1058632303,0
mcs30_b06_s40.A05,mcs30_b06_s40.B05,dsb_never,24,28,3425200788,437.004,0,317048606,39.7635,2313361839,2313361839,0
mcs30_b06_s40.A06,mcs30_b06_s40.B06,dsb_never,24,31,2913776462,378.712,0,223916572,28.1607,1919750590,1919750590,0
mcs30_b06_s40.A07,mcs30_b06_s40.B07,dsb_never,24,23,3699388498,451.351,0,62022307,7.48022,2484845554,2484845554,0
mcs30_b06_s40.A08,mcs30_b06_s40.B08,dsb_never,25,31,764675068,96.429,0,430342552,53.2137,519027428,519027428,0
mcs30_b06_s40.A09,mcs30_b06_s40.B09,dsb_never,25,35,1124970418,300.856,0,650370913,173.455,750316906,750316906,0
mcs30_b06_s50.A00,mcs30_b06_s50.B00,dsb_never,29,34,4109954544,1000.02,1,2186090763,514.255,2677652715,2677652715,0
mcs30_b06_s50.A01,mcs30_b06_s50.B01,dsb_never,30,30,3946632038,1000.01,1,1997478952,493.972,2625533388,2625533388,0
mcs30_b06_s50.A02,mcs30_b06_s50.B02,dsb_never,30,31,3709766579,1000.03,1,649771546,169.624,2479185468,2479185468,0
mcs30_b06_s50.A03,mcs30_b06_s50.B03,dsb_never,29,49,4071323385,1000.02,1,575221679,136.362,2667609612,2667609612,0
mcs30_b06_s50.A04,mcs30_b06_s50.B04,dsb_never,29,36,8108147409,1000.01,1,214797057,24.987,5458966178,5458966178,0
mcs30_b06_s50.A05,mcs30_b06_s50.B05,dsb_never,29,37,8012939710,1000.01,1,142800591,16.8561,5443461029,5443461029,0
mcs30_b06_s50.A06,mcs30_b06_s50.B06,dsb_never,30,36,7846162960,1000.02,1,1829558039,222.276,5248019808,5248019808,0
mcs30_b06_s50.A07,mcs30_b06_s50.B07,dsb_never,30,30,7736734395,1000.02,1,44829527,5.13233,5187069403,5187069403,0
mcs30_b06_s50.A08,mcs30_b06_s50.B08,dsb_never,29,37,8094786617,1000.01,1,260395550,30.3149,5294522285,5294522285,0
mcs30_b06_s50.A09,mcs30_b06_s50.B09,dsb_never,30,36,7711827379,1000.01,1,1528324226,197.997,5088494260,5088494260,0
mcs30_b06_s60.A00,mcs30_b06_s60.B00,dsb_never,33,37,8428735566,1000.01,1,1795857740,200.693,5619647696,5619647696,0
mcs30_b06_s60.A01,mcs30_b06_s60.B01,dsb_never,33,47,7740923745,1000.02,1,523933,0.0578206,4875177979,4875177979,0
mcs30_b06_s60.A02,mcs30_b06_s60.B02,dsb_never,33,34,8702677457,1000.01,1,305206784,31.5725,5745093247,5745093247,0
mcs30_b06_s60.A03,mcs30_b06_s60.B03,dsb_never,35,45,7058299004,1000.02,1,3851322512,532.289,4586971393,4586971393,0
mcs30_b06_s60.A04,mcs30_b06_s60.B04,dsb_never,35,52,7434811466,1000.02,1,5103602864,673.553,5139846455,5139846455,0
mcs30_b06_s60.A05,mcs30_b06_s60.B05,dsb_never,31,34,4354489710,1000.01,1,779824963,169.929,2934687862,2934687862,0
mcs30_b06_s60.A06,mcs30_b06_s60.B06,dsb_never,35,54,8192542444,1000.01,1,3740154559,447.98,5434055537,5434055537,0
mcs30_b06_s60.A07,mcs30_b06_s60.B07,dsb_never,34,41,8544608059,1000.02,1,6633531361,763.97,5696796423,5696796423,0
mcs30_b06_s60.A08,mcs30_b06_s60.B08,dsb_never,36,36,7651459604,1000.02,1,1990463672,240.186,5300273647,5300273647,0
mcs30_b06_s60.A09,mcs30_b06_s60.B09,dsb_never,34,62,7259034227,1000.01,1,16061,0.00168221,4836164666,4836164666,0
mcs30_b06_s70.A00,mcs30_b06_s70.B00,dsb_never,40,60,3779312084,1000.01,1,129803287,30.7707,2468309609,2468309609,0
mcs30_b06_s70.A01,mcs30_b06_s70.B01,dsb_never,38,43,4290413958,1000.02,1,73513471,16.1989,2976365115,2976365115,0
mcs30_b06_s70.A02,mcs30_b06_s70.B02,dsb_never,40,48,8065104129,1000.01,1,84915129,9.57776,5313933762,5313933762,0
mcs30_b06_s70.A03,mcs30_b06_s70.B03,dsb_never,41,56,4045673740,1000.02,1,152023839,37.3245,2635166334,2635166334,0
mcs30_b06_s70.A04,mcs30_b06_s70.B04,dsb_never,37,34,8690651591,1000.02,1,1020515809,106.494,6072662799,6072662799,0
mcs30_b06_s70.A05,mcs30_b06_s70.B05,dsb_never,39,46,8280980714,1000.01,1,4141966696,499.059,5386448794,5386448794,0
mcs30_b06_s70.A06,mcs30_b06_s70.B06,dsb_never,39,38,8242902990,1000.01,1,119327242,13.8524,5431155152,5431155152,0
mcs30_b06_s70.A07,mcs30_b06_s70.B07,dsb_never,38,38,8482663235,1000.01,1,358968965,39.0155,5512796294,5512796294,0
mcs30_b06_s70.A08,mcs30_b06_s70.B08,dsb_never,40,50,8303804633,1000.02,1,1942192618,225.919,5632151543,5632151543,0
mcs30_b06_s70.A09,mcs30_b06_s70.B09,dsb_never,39,39,8349118809,1000.02,1,2674026358,309.43,5413383613,5413383613,0
mcs30_b06_s80.A00,mcs30_b06_s80.B00,dsb_never,43,45,8449591693,1000.01,1,6138744129,724.044,5502673420,5502673420,0
mcs30_b06_s80.A01,mcs30_b06_s80.B01,dsb_never,44,45,8148590078,1000.02,1,448956771,49.5767,5371097378,5371097378,0
mcs30_b06_s80.A02,mcs30_b06_s80.B02,dsb_never,47,71,7535511911,1000.02,1,645318334,72.3548,4879689826,4879689826,0
mcs30_b06_s80.A03,mcs30_b06_s80.B03,dsb_never,44,42,8685145839,1000.02,1,3462603991,384.424,5731334962,5731334962,0
mcs30_b06_s80.A04,mcs30_b06_s80.B04,dsb_never,42,45,8611199175,1000.02,1,55873028,6.50032,5518336521,5518336521,0
mcs30_b06_s80.A05,mcs30_b06_s80.B05,dsb_never,43,43,8108837110,1000.01,1,275483966,32.4014,5328470747,5328470747,0
mcs30_b06_s80.A06,mcs30_b06_s80.B06,dsb_never,44,49,8291024564,1000.02,1,5161184719,620.859,5449350991,5449350991,0
mcs30_b06_s80.A07,mcs30_b06_s80.B07,dsb_never,42,46,8867028129,1000.02,1,4165775148,465.353,6081524225,6081524225,0
mcs30_b06_s80.A08,mcs30_b06_s80.B08,dsb_never,45,49,8386594691,1000.01,1,853731412,91.3801,5706432452,5706432452,0
mcs30_b06_s80.A09,mcs30_b06_s80.B09,dsb_never,42,42,9324226288,1000.02,1,8961859843,959.011,6199465526,6199465526,0
mcs30_b06_s90.A00,mcs30_b06_s90.B00,dsb_never,50,80,8441865736,1000.01,1,2968774721,338.329,5467794720,5467794720,0
mcs30_b06_s90.A01,mcs30_b06_s90.B01,dsb_never,47,49,9511496462,1000.02,1,7951912029,819.294,6332604937,6332604937,0
mcs30_b06_s90.A02,mcs30_b06_s90.B02,dsb_never,47,44,11134819139,1000.02,1,9533904599,840.255,7610972869,7610972869,0
mcs30_b06_s90.A03,mcs30_b06_s90.B03,dsb_never,46,48,8744394668,1000.02,1,176363,0.0139829,5677018587,5677018587,0
mcs30_b06_s90.A04,mcs30_b06_s90.B04,dsb_never,46,47,7851533436,1000.01,1,1546501473,187.461,5281678708,5281678708,0
mcs30_b06_s90.A05,mcs30_b06_s90.B05,dsb_never,48,56,8030688820,1000.02,1,10306557,1.34757,5210313872,5210313872,0
mcs30_b06_s90.A06,mcs30_b06_s90.B06,dsb_never,52,73,7629233121,1000.02,1,605356761,79.0871,4893739261,4893739261,0
mcs30_b06_s90.A07,mcs30_b06_s90.B07,dsb_never,48,52,7253173623,1000.02,1,38396345,4.96223,4761063226,4761063226,0
mcs30_b06_s90.A08,mcs30_b06_s90.B08,dsb_never,47,52,9524440162,1000.02,1,389979918,33.2569,6472284376,6472284376,0
mcs30_b06_s90.A09,mcs30_b06_s90.B09,dsb_never,49,51,8312980341,1000.01,1,43946632,4.88823,5179213734,5179213734,0
mcs30_b06m_s100.A00,mcs30_b06m_s100.B00,dsb_never,53,54,8208200662,1000.02,1,1937891593,230.507,5294402094,5294402094,0
mcs30_b06m_s100.A01,mcs30_b06m_s100.B01,dsb_never,53,57,9423097002,1000.01,1,2421258738,224.49,5949453130,5949453130,0
mcs30_b06m_s100.A02,mcs30_b06m_s100.B02,dsb_never,51,50,7932492344,1000.02,1,2967675180,362.047,5149215318,5149215318,0
mcs30_b06m_s100.A03,mcs30_b06m_s100.B03,dsb_never,56,55,8048156280,1000.02,1,1151088259,127.649,5198670101,5198670101,0
mcs30_b06m_s100.A04,mcs30_b06m_s100.B04,dsb_never,53,61,8912025610,1000.01,1,2652334116,281.048,5942720629,5942720629,0
mcs30_b06m_s100.A05,mcs30_b06m_s100.B05,dsb_never,51,53,8876274729,1000.02,1,2325760015,254.308,5903650233,5903650233,0
mcs30_b06m_s100.A06,mcs30_b06m_s100.B06,dsb_never,54,55,8419738513,1000.02,1,6675539862,780.57,5449158766,5449158766,0
mcs30_b06m_s100.A07,mcs30_b06m_s100.B07,dsb_never,55,51,7983056591,1000.01,1,451103006,48.544,5087025002,5087025002,0
mcs30_b06m_s100.A08,mcs30_b06m_s100.B08,dsb_never,53,49,9451069698,1000.02,1,2124232879,203.776,6434190226,6434190226,0
mcs30_b06m_s100.A09,mcs30_b06m_s100.B09,dsb_never,55,55,9300192907,1000.02,1,3944474006,303.474,6517446421,6517446421,0
mcs30_b06m_s25.A00,mcs30_b06m_s25.B00,dsb_never,16,18,1743906,0.221812,0,1248980,0.15607,1103572,1103572,0
mcs30_b06m_s25.A01,mcs30_b06m_s25.B01,dsb_never,16,23,1886193,0.227125,0,1539607,0.185203,1206716,1206716,0
mcs30_b06m_s25.A02,mcs30_b06m_s25.B02,dsb_never,16,23,906489,0.111496,0,261641,0.0308981,589686,589686,0
mcs30_b06m_s25.A03,mcs30_b06m_s25.B03,dsb_never,16,21,766904,0.102289,0,273562,0.0359475,507145,507145,0
mcs30_b06m_s25.A04,mcs30_b06m_s25.B04,dsb_never,16,16,753053,0.097575,0,166832,0.0207912,487303,487303,0
mcs30_b06m_s25.A05,mcs30_b06m_s25.B05,dsb_never,16,17,1624514,0.197888,0,1319059,0.160582,1048752,1048752,0
mcs30_b06m_s25.A06,mcs30_b06m_s25.B06,dsb_never,15,16,1688517,0.204558,0,51350,0.00562459,1131627,1131627,0
mcs30_b06m_s25.A07,mcs30_b06m_s25.B07,dsb_never,16,26,999974,0.127834,0,8907,0.00102112,671198,671198,0
mcs30_b06m_s25.A08,mcs30_b06m_s25.B08,dsb_never,16,15,1222694,0.152273,0,906043,0.112275,788161,788161,0
mcs30_b06m_s25.A09,mcs30_b06m_s25.B09,dsb_never,16,20,2113150,0.257229,0,1968942,0.239077,1376136,1376136,0
mcs30_b06m_s30.A00,mcs30_b06m_s30.B00,dsb_never,19,21,14866087,1.7972,0,13411745,1.6135,9698260,9698260,0
mcs30_b06m_s30.A01,mcs30_b06m_s30.B01,dsb_never,18,24,37454897,4.54631,0,1933711,0.219288,24239641,24239641,0
mcs30_b06m_s30.A02,mcs30_b06m_s30.B02,dsb_never,19,20,6925014,0.84063,0,4122518,0.503441,4734755,4734755,0
mcs30_b06m_s30.A03,mcs30_b06m_s30.B03,dsb_never,18,24,32513315,4.21273,0,1547924,0.19116,21261038,21261038,0
mcs30_b06m_s30.A04,mcs30_b06m_s30.B04,dsb_never,19,24,8358637,1.09065,0,4462249,0.570719,5389411,5389411,0
mcs30_b06m_s30.A05,mcs30_b06m_s30.B05,dsb_never,19,25,11297521,1.43259,0,8068702,1.01033,7393265,7393265,0
mcs30_b06m_s30.A06,mcs30_b06m_s30.B06,dsb_never,19,19,11502925,1.51353,0,6391570,0.822848,7498456,7498456,0
mcs30_b06m_s30.A07,mcs30_b06m_s30.B07,dsb_never,19,20,15219330,1.88579,0,12945611,1.60083,9920902,9920902,0
mcs30_b06m_s30.A08,mcs30_b06m_s30.B08,dsb_never,19,18,17025093,2.01856,0,13019446,1.53698,11369292,11369292,0
mcs30_b06m_s30.A09,mcs30_b06m_s30.B09,dsb_never,18,20,22317532,2.86185,0,858319,0.106073,14509904,14509904,0
mcs30_b06m_s35.A00,mcs30_b06m_s35.B00,dsb_never,22,21,285537971,35.92,0,269034417,33.7667,190164791,190164791,0
mcs30_b06m_s35.A01,mcs30_b06m_s35.B01,dsb_never,21,23,434497048,52.2107,0,11806623,1.35892,290544136,290544136,0
mcs30_b06m_s35.A02,mcs30_b06m_s35.B02,dsb_never,21,28,285209571,36.1572,0,447713,0.0554089,187764826,187764826,0
mcs30_b06m_s35.A03,mcs30_b06m_s35.B03,dsb_never,22,32,92260406,12.0469,0,3544803,0.3991,63445016,63445016,0
mcs30_b06m_s35.A04,mcs30_b06m_s35.B04,dsb_never,22,25,165785258,20.6223,0,110257505,13.6229,108693584,108693584,0
mcs30_b06m_s35.A05,mcs30_b06m_s35.B05,dsb_never,21,26,278741024,36.1205,0,12725055,1.54692,188114592,188114592,0
mcs30_b06m_s35.A06,mcs30_b06m_s35.B06,dsb_never,22,23,366479092,44.589,0,347447321,42.216,239525003,239525003,0
mcs30_b06m_s35.A07,mcs30_b06m_s35.B07,dsb_never,21,23,399237195,48.6858,0,63190,0.0062169,264338845,264338845,0
mcs30_b06m_s35.A08,mcs30_b06m_s35.B08,dsb_never,22,22,150140405,18.4722,0,93887934,11.3088,101340180,101340180,0
mcs30_b06m_s35.A09,mcs30_b06m_s35.B09,dsb_never,21,30,551093749,68.312,0,179622108,21.8825,365387627,365387627,0
mcs30_b06m_s40.A00,mcs30_b06m_s40.B00,dsb_never,24,23,5301709891,675.399,0,1796488405,226.682,3522044006,3522044006,0
mcs30_b06m_s40.A01,mcs30_b06m_s40.B01,dsb_never,24,27,3685668931,462.828,0,38225238,4.55168,2423243008,2423243008,0
mcs30_b06m_s40.A02,mcs30_b06m_s40.B02,dsb_never,25,25,2177662265,279.772,0,1829682028,234.828,1494341588,1494341588,0
mcs30_b06m_s40.A03,mcs30_b06m_s40.B03,dsb_never,25,29,2242756459,286.115,0,1712560821,217.633,1509682280,1509682280,0
mcs30_b06m_s40.A04,mcs30_b06m_s40.B04,dsb_never,25,29,3247323683,418.465,0,2657682082,340.13,2189865384,2189865384,0
mcs30_b06m_s40.A05,mcs30_b06m_s40.B05,dsb_never,25,26,2535339271,319.94,0,1662066549,206.738,1694759010,1694759010,0
mcs30_b06m_s40.A06,mcs30_b06m_s40.B06,dsb_never,24,29,5845423131,730.652,0,405782668,49.5104,3913370502,3913370502,0
mcs30_b06m_s40.A07,mcs30_b06m_s40.B07,dsb_never,24,29,3239349008,415.803,0,20029490,2.34611,2181959477,2181959477,0
mcs30_b06m_s40.A08,mcs30_b06m_s40.B08,dsb_never,24,27,4266907761,529.729,0,668241214,81.4445,2807926374,2807926374,0
mcs30_b06m_s40.A09,mcs30_b06m_s40.B09,dsb_never,25,23,4069222636,513.087,0,3795010212,478.304,2724110426,2724110426,0
mcs30_b06m_s50.A00,mcs30_b06m_s50.B00,dsb_never,29,32,8364646139,1000.01,1,38999801,4.38589,5451814158,5451814158,0
mcs30_b06m_s50.A01,mcs30_b06m_s50.B01,dsb_never,29,31,8371590111,1000.02,1,1235974470,140.494,5548276175,5548276175,0
mcs30_b06m_s50.A02,mcs30_b06m_s50.B02,dsb_never,31,27,8371544740,1000.02,1,7337255780,865.726,5626952525,5626952525,0
mcs30_b06m_s50.A03,mcs30_b06m_s50.B03,dsb_never,30,30,8031751219,1000.01,1,1752104684,210.514,5381408428,5381408428,0
mcs30_b06m_s50.A04,mcs30_b06m_s50.B04,dsb_never,29,29,8154950779,1000.02,1,77019811,9.60046,5434978043,5434978043,0
mcs30_b06m_s50.A05,mcs30_b06m_s50.B05,dsb_never,30,33,7338236728,1000.02,1,245387377,32.9206,5043367317,5043367317,0
mcs30_b06m_s50.A06,mcs30_b06m_s50.B06,dsb_never,30,31,7808690163,1000.01,1,3610397281,455.394,5116392427,5116392427,0
mcs30_b06m_s50.A07,mcs30_b06m_s50.B07,dsb_never,29,30,8117217814,1000.02,1,4720869167,572.02,5281348088,5281348088,0
mcs30_b06m_s50.A08,mcs30_b06m_s50.B08,dsb_never,30,29,8248268484,1000.02,1,192078595,21.8947,5713869206,5713869206,0
mcs30_b06m_s50.A09,mcs30_b06m_s50.B09,dsb_never,30,30,7966050717,1000.02,1,6575379154,818.665,5277332313,5277332313,0
mcs30_b06m_s60.A00,mcs30_b06m_s60.B00,dsb_never,33,36,8071821281,1000.02,1,1287135316,155.555,5176993899,5176993899,0
mcs30_b06m_s60.A01,mcs30_b06m_s60.B01,dsb_never,36,32,8184367768,1000.02,1,5824397189,696.322,5514815371,5514815371,0
mcs30_b06m_s60.A02,mcs30_b06m_s60.B02,dsb_never,34,30,8360695507,1000.02,1,990061924,112.282,5531749526,5531749526,0
mcs30_b06m_s60.A03,mcs30_b06m_s60.B03,dsb_never,34,35,4099705688,1000.01,1,2610306582,630.502,2685990551,2685990551,0
mcs30_b06m_s60.A04,mcs30_b06m_s60.B04,dsb_never,34,37,8883622761,1000.02,1,213986151,21.6142,5939908778,5939908778,0
mcs30_b06m_s60.A05,mcs30_b06m_s60.B05,dsb_never,34,36,8215329177,1000.01,1,523776167,60.6753,5417403374,5417403374,0
mcs30_b06m_s60.A06,mcs30_b06m_s60.B06,dsb_never,34,36,8156421127,1000.02,1,2112558536,262.574,5479561082,5479561082,0
mcs30_b06m_s60.A07,mcs30_b06m_s60.B07,dsb_never,34,37,7989823354,1000.01,1,940106303,114.71,5313179312,5313179312,0
mcs30_b06m_s60.A08,mcs30_b06m_s60.B08,dsb_never,35,35,8858616459,1000.02,1,190718224,20.5163,5980020235,5980020235,0
mcs30_b06m_s60.A09,mcs30_b06m_s60.B09,dsb_never,35,33,8218691896,1000.01,1,2078289379,243.573,5469130102,5469130102,0
mcs30_b06m_s70.A00,mcs30_b06m_s70.B00,dsb_never,38,39,8811008291,1000.02,1,1373167490,148.585,5923545453,5923545453,0
mcs30_b06m_s70.A01,mcs30_b06m_s70.B01,dsb_never,39,36,8815474605,1000.02,1,1776092945,190.33,6045853074,6045853074,0
mcs30_b06m_s70.A02,mcs30_b06m_s70.B02,dsb_never,40,38,8921294473,1000.02,1,554540643,57.6329,6213928434,6213928434,0
mcs30_b06m_s70.A03,mcs30_b06m_s70.B03,dsb_never,39,41,7915045715,1000.01,1,1740242716,208.425,5068411314,5068411314,0
mcs30_b06m_s70.A04,mcs30_b06m_s70.B04,dsb_never,39,39,7944582296,1000.02,1,3357438898,413.532,5120154893,5120154893,0
mcs30_b06m_s70.A05,mcs30_b06m_s70.B05,dsb_never,38,38,8529375407,1000.01,1,77368147,9.00038,5677986826,5677986826,0
mcs30_b06m_s70.A06,mcs30_b06m_s70.B06,dsb_never,40,43,8056335216,1000.02,1,81320384,10.3285,5245019756,5245019756,0
mcs30_b06m_s70.A07,mcs30_b06m_s70.B07,dsb_never,39,38,7286722964,1000.01,1,442692687,59.6231,4718098346,4718098346,0
mcs30_b06m_s70.A08,mcs30_b06m_s70.B08,dsb_never,38,34,8444457405,1000.01,1,4443899126,520.28,5409426051,5409426051,0
mcs30_b06m_s70.A09,mcs30_b06m_s70.B09,dsb_never,40,42,7896247279,1000.01,1,4248619671,525.868,5020378239,5020378239,0
mcs30_b06m_s80.A00,mcs30_b06m_s80.B00,dsb_never,44,45,7847756469,1000.02,1,489936318,59.9398,5012204397,5012204397,0
mcs30_b06m_s80.A01,mcs30_b06m_s80.B01,dsb_never,43,48,8413417193,1000.01,1,7019694909,826.487,5434766117,5434766117,0
mcs30_b06m_s80.A02,mcs30_b06m_s80.B02,dsb_never,43,43,8464447095,1000.01,1,1949180652,222.708,5526050900,5526050900,0
mcs30_b06m_s80.A03,mcs30_b06m_s80.B03,dsb_never,45,42,7514002903,1000.01,1,103030254,12.0127,4811142524,4811142524,0
mcs30_b06m_s80.A04,mcs30_b06m_s80.B04,dsb_never,44,47,8264214252,1000.01,1,4611599542,550.961,5347776001,5347776001,0
mcs30_b06m_s80.A05,mcs30_b06m_s80.B05,dsb_never,43,46,9406934391,1000.02,1,988077925,102.426,5922176121,5922176121,0
mcs30_b06m_s80.A06,mcs30_b06m_s80.B06,dsb_never,43,43,7879621500,1000.02,1,3438437908,422.113,5173490228,5173490228,0
mcs30_b06m_s80.A07,mcs30_b06m_s80.B07,dsb_never,44,49,7953316897,1000.01,1,67969889,7.7059,4906624367,4906624367,0
mcs30_b06m_s80.A08,mcs30_b06m_s80.B08,dsb_never,44,42,8504707797,1000.02,1,90805627,8.64393,5634581478,5634581478,0
mcs30_b06m_s80.A09,mcs30_b06m_s80.B09,dsb_never,43,44,8306735610,1000.01,1,2859379731,344.396,5179077007,5179077007,0
mcs30_b06m_s90.A00,mcs30_b06m_s90.B00,dsb_never,49,46,8243417240,1000.02,1,340407203,37.0523,5512464337,5512464337,0
mcs30_b06m_s90.A01,mcs30_b06m_s90.B01,dsb_never,50,55,7887577549,1000.02,1,2167762651,259.117,4885440577,4885440577,0
mcs30_b06m_s90.A02,mcs30_b06m_s90.B02,dsb_never,50,50,8140191710,1000.01,1,3960901317,461.35,5260984027,5260984027,0
mcs30_b06m_s90.A03,mcs30_b06m_s90.B03,dsb_never,48,44,8735538344,1000.02,1,1645893031,181.52,5676121458,5676121458,0
mcs30_b06m_s90.A04,mcs30_b06m_s90.B04,dsb_never,52,77,7274536613,1000.02,1,25316436,3.52205,4508386379,4508386379,0
mcs30_b06m_s90.A05,mcs30_b06m_s90.B05,dsb_never,48,49,8127590808,1000.02,1,1541741373,174.273,5110972505,5110972505,0
mcs30_b06m_s90.A06,mcs30_b06m_s90.B06,dsb_never,47,47,8137436498,1000.02,1,396351000,45.4764,5312686728,5312686728,0
mcs30_b06m_s90.A07,mcs30_b06m_s90.B07,dsb_never,49,48,8760807606,1000.02,1,5175349678,563.585,5541133328,5541133328,0
mcs30_b06m_s90.A08,mcs30_b06m_s90.B08,dsb_never,48,47,8004695568,1000.01,1,76600798,8.74342,5262110010,5262110010,0
mcs30_b06m_s90.A09,mcs30_b06m_s90.B09,dsb_never,48,52,8598403962,1000.02,1,350284592,28.4243,5456913800,5456913800,0
mcs30_b09_s100.A00,mcs30_b09_s100.B00,dsb_never,45,52,6934102979,1000.01,1,1810468094,241.155,4319622660,4319622660,0
mcs30_b09_s100.A01,mcs30_b09_s100.B01,dsb_never,44,66,6568088566,1000.02,1,2116247686,313.722,4061204375,4061204375,0
mcs30_b09_s100.A02,mcs30_b09_s100.B02,dsb_never,44,49,9124593603,1000.02,1,8727489754,954.944,6041960149,6041960149,0
mcs30_b09_s100.A03,mcs30_b09_s100.B03,dsb_never,42,47,7080842019,1000.01,1,178155317,25.6092,4386664952,4386664952,0
mcs30_b09_s100.A04,mcs30_b09_s100.B04,dsb_never,43,56,7419745219,1000.02,1,3138919518,424.89,4724865071,4724865071,0
mcs30_b09_s100.A05,mcs30_b09_s100.B05,dsb_never,41,48,8287051220,1000.01,1,326305335,33.5544,5193043966,5193043966,0
mcs30_b09_s100.A06,mcs30_b09_s100.B06,dsb_never,43,51,7015161547,1000.02,1,956882585,135.189,4392952279,4392952279,0
mcs30_b09_s100.A07,mcs30_b09_s100.B07,dsb_never,43,51,7765859834,1000.02,1,1801929142,222.738,4886555880,4886555880,0
mcs30_b09_s100.A08,mcs30_b09_s100.B08,dsb_never,44,62,8369505612,1000.02,1,163537254,20.35,5430750543,5430750543,0
mcs30_b09_s100.A09,mcs30_b09_s100.B09,dsb_never,42,49,7735046112,1000.01,1,4256728819,528.098,4969110246,4969110246,0
mcs30_b09_s35.A00,mcs30_b09_s35.B00,dsb_never,19,48,256886159,37.6064,0,1171285,0.144214,168314805,168314805,0
mcs30_b09_s35.A01,mcs30_b09_s35.B01,dsb_never,20,46,161990193,23.5126,0,16897836,2.29615,109721718,109721718,0
mcs30_b09_s35.A02,mcs30_b09_s35.B02,dsb_never,19,55,218650665,33.4111,0,14751949,2.08078,139441804,139441804,0
mcs30_b09_s35.A03,mcs30_b09_s35.B03,dsb_never,20,56,113521875,17.1004,0,1323448,0.178313,74627826,74627826,0
mcs30_b09_s35.A04,mcs30_b09_s35.B04,dsb_never,20,40,81248401,12.4305,0,2527826,0.324256,54149244,54149244,0
mcs30_b09_s35.A05,mcs30_b09_s35.B05,dsb_never,20,54,100755841,14.6443,0,9597747,1.31953,68948055,68948055,0
mcs30_b09_s35.A06,mcs30_b09_s35.B06,dsb_never,19,49,335785265,46.6475,0,9757,0.00132851,226196558,226196558,0
mcs30_b09_s35.A07,mcs30_b09_s35.B07,dsb_never,20,53,127581774,19.3203,0,64000707,9.387,83072438,83072438,0
mcs30_b09_s35.A08,mcs30_b09_s35.B08,dsb_never,20,54,94941119,14.2977,0,128614,0.016319,63017194,63017194,0
mcs30_b09_s35.A09,mcs30_b09_s35.B09,dsb_never,20,53,130977128,17.1471,0,105615,0.0129539,93766445,93766445,0
mcs30_b09_s40.A00,mcs30_b09_s40.B00,dsb_never,21,39,3284706245,495.125,0,9234642,1.22604,2164266982,2164266982,0
mcs30_b09_s40.A01,mcs30_b09_s40.B01,dsb_never,21,33,2245780559,337.254,0,629557696,94.3931,1487620207,1487620207,0
mcs30_b09_s40.A02,mcs30_b09_s40.B02,dsb_never,21,30,2906992225,441.195,0,57722962,8.17287,1936241177,1936241177,0
mcs30_b09_s40.A03,mcs30_b09_s40.B03,dsb_never,21,42,2700252055,411.008,0,109900001,15.9071,1785608609,1785608609,0
mcs30_b09_s40.A04,mcs30_b09_s40.B04,dsb_never,21,34,2585224961,397.761,0,235691814,35.1111,1705720741,1705720741,0
mcs30_b09_s40.A05,mcs30_b09_s40.B05,dsb_never,21,41,2194827020,331.217,0,77029396,10.712,1448248156,1448248156,0
mcs30_b09_s40.A06,mcs30_b09_s40.B06,dsb_never,21,37,2473938600,368.578,0,71460165,10.4872,1683960296,1683960296,0
mcs30_b09_s40.A07,mcs30_b09_s40.B07,dsb_never,21,32,2332254628,354.284,0,85607863,12.551,1524588842,1524588842,0
mcs30_b09_s40.A08,mcs30_b09_s40.B08,dsb_never,21,34,3103189525,462.637,0,65538102,9.23842,2049187334,2049187334,0
mcs30_b09_s40.A09,mcs30_b09_s40.B09,dsb_never,21,32,2561090440,385.592,0,127335909,18.1268,1696957125,1696957125,0
mcs30_b09_s50.A00,mcs30_b09_s50.B00,dsb_never,25,40,6696774381,1000.01,1,258664522,37.2486,4348685261,4348685261,0
mcs30_b09_s50.A01,mcs30_b09_s50.B01,dsb_never,26,41,6841584007,1000.02,1,6594533636,961.399,4407781011,4407781011,0
mcs30_b09_s50.A02,mcs30_b09_s50.B02,dsb_never,25,64,6628220948,1000.01,1,606165480,90.0192,4297645343,4297645343,0
mcs30_b09_s50.A03,mcs30_b09_s50.B03,dsb_never,25,47,5894571485,1000.02,1,4091989173,682.593,3737842964,3737842964,0
mcs30_b09_s50.A04,mcs30_b09_s50.B04,dsb_never,25,53,6706099612,1000.02,1,256245239,37.1929,4335304610,4335304610,0
mcs30_b09_s50.A05,mcs30_b09_s50.B05,dsb_never,24,40,6918422765,1000.02,1,29181293,4.18584,4375681834,4375681834,0
mcs30_b09_s50.A06,mcs30_b09_s50.B06,dsb_never,26,60,6387715014,1000.01,1,3358702035,507.979,4154847039,4154847039,0
mcs30_b09_s50.A07,mcs30_b09_s50.B07,dsb_never,25,36,6654075023,1000.02,1,801040951,116.942,4273254411,4273254411,0
mcs30_b09_s50.A08,mcs30_b09_s50.B08,dsb_never,26,65,6307919229,1000.02,1,1650047766,246.627,4072415212,4072415212,0
mcs30_b09_s50.A09,mcs30_b09_s50.B09,dsb_never,25,36,3343143006,1000.02,1,202567710,58.4084,2166575710,2166575710,0
mcs30_b09_s60.A00,mcs30_b09_s60.B00,dsb_never,29,71,3411074569,1000.02,1,371250290,106.926,2140234764,2140234764,0
mcs30_b09_s60.A01,mcs30_b09_s60.B01,dsb_never,29,41,3451474418,1000.01,1,1143177668,323.003,2244819109,2244819109,0
mcs30_b09_s60.A02,mcs30_b09_s60.B02,dsb_never,29,38,3456629147,1000.01,1,2863545725,818.468,2194456419,2194456419,0
mcs30_b09_s60.A03,mcs30_b09_s60.B03,dsb_never,30,36,6699719517,1000.01,1,405242419,59.5637,4312613682,4312613682,0
mcs30_b09_s60.A04,mcs30_b09_s60.B04,dsb_never,29,31,7026248158,1000.01,1,5847726881,825.409,4403954100,4403954100,0
mcs30_b09_s60.A05,mcs30_b09_s60.B05,dsb_never,29,48,6908611305,1000.01,1,2536626518,359.358,4488123069,4488123069,0
mcs30_b09_s60.A06,mcs30_b09_s60.B06,dsb_never,28,58,6918252231,1000.01,1,19298,0.00243067,4346272255,4346272255,0
mcs30_b09_s60.A07,mcs30_b09_s60.B07,dsb_never,29,54,6886453901,1000.01,1,2511683375,364.535,4409172656,4409172656,0
mcs30_b09_s60.A08,mcs30_b09_s60.B08,dsb_never,29,64,6687832358,1000.02,1,164728192,22.4481,4246278271,4246278271,0
mcs30_b09_s60.A09,mcs30_b09_s60.B09,dsb_never,29,64,6871458021,1000.01,1,1399956846,203.334,4334464140,4334464140,0
mcs30_b09_s70.A00,mcs30_b09_s70.B00,dsb_never,33,44,7387239147,1000.02,1,5682237648,761.679,4688449089,4688449089,0
mcs30_b09_s70.A01,mcs30_b09_s70.B01,dsb_never,32,37,7230965288,1000.02,1,477187171,65.3417,4558505392,4558505392,0
mcs30_b09_s70.A02,mcs30_b09_s70.B02,dsb_never,34,65,6116424100,1000.01,1,4303401458,689.474,3846372598,3846372598,0
mcs30_b09_s70.A03,mcs30_b09_s70.B03,dsb_never,33,38,5999305546,1000.01,1,3477647832,556.901,3839120934,3839120934,0
mcs30_b09_s70.A04,mcs30_b09_s70.B04,dsb_never,33,54,7194685038,1000.02,1,367604248,48.4042,4605426787,4605426787,0
mcs30_b09_s70.A05,mcs30_b09_s70.B05,dsb_never,34,61,3259666368,1000.03,1,733525895,218.229,2096888056,2096888056,0
mcs30_b09_s70.A06,mcs30_b09_s70.B06,dsb_never,33,41,6709947332,1000.02,1,61829958,8.23161,4234435707,4234435707,0
mcs30_b09_s70.A07,mcs30_b09_s70.B07,dsb_never,32,42,6917969238,1000.02,1,1675673,0.224404,4364351310,4364351310,0
mcs30_b09_s70.A08,mcs30_b09_s70.B08,dsb_never,33,41,6950301799,1000.02,1,3446644231,488.829,4431747657,4431747657,0
mcs30_b09_s70.A09,mcs30_b09_s70.B09,dsb_never,33,40,6172931878,1000.01,1,2558109045,395.517,3880371803,3880371803,0
mcs30_b09_s80.A00,mcs30_b09_s80.B00,dsb_never,34,41,3516215577,1000.02,1,333045574,88.5002,2177210752,2177210752,0
mcs30_b09_s80.A01,mcs30_b09_s80.B01,dsb_never,36,53,3503789078,1000.02,1,305885036,83.5253,2215452444,2215452444,0
mcs30_b09_s80.A02,mcs30_b09_s80.B02,dsb_never,37,60,6561946346,1000.02,1,24441878,3.37551,4109706186,4109706186,0
mcs30_b09_s80.A03,mcs30_b09_s80.B03,dsb_never,36,48,3440063678,1000.02,1,158630341,45.0956,2143085460,2143085460,0
mcs30_b09_s80.A04,mcs30_b09_s80.B04,dsb_never,38,63,6982748472,1000.02,1,245481,0.0319016,4436919236,4436919236,0
mcs30_b09_s80.A05,mcs30_b09_s80.B05,dsb_never,36,47,7969604894,1000.01,1,886017753,101.315,5107246176,5107246176,0
mcs30_b09_s80.A06,mcs30_b09_s80.B06,dsb_never,36,49,7200685357,1000.02,1,228392223,30.5082,4433047008,4433047008,0
mcs30_b09_s80.A07,mcs30_b09_s80.B07,dsb_never,37,73,6526422706,1000.02,1,1944721859,289.084,4110306066,4110306066,0
mcs30_b09_s80.A08,mcs30_b09_s80.B08,dsb_never,36,45,7340868255,1000.02,1,952287199,126.978,4591535689,4591535689,0
mcs30_b09_s80.A09,mcs30_b09_s80.B09,dsb_never,36,46,7046089084,1000.01,1,318086868,40.0161,4447485379,4447485379,0
mcs30_b09_s90.A00,mcs30_b09_s90.B00,dsb_never,39,51,7492936883,1000.01,1,40913539,4.63562,4685802373,4685802373,0
mcs30_b09_s90.A01,mcs30_b09_s90.B01,dsb_never,40,54,6889966119,1000.02,1,1462009418,206.23,4301410848,4301410848,0
mcs30_b09_s90.A02,mcs30_b09_s90.B02,dsb_never,41,78,6873014007,1000.01,1,443890907,59.3098,4283830403,4283830403,0
mcs30_b09_s90.A03,mcs30_b09_s90.B03,dsb_never,38,45,7109592237,1000.01,1,55018155,7.82598,4459022815,4459022815,0
mcs30_b09_s90.A04,mcs30_b09_s90.B04,dsb_never,41,79,6730992766,1000.01,1,20790541,3.03177,4136373926,4136373926,0
mcs30_b09_s90.A05,mcs30_b09_s90.B05,dsb_never,41,48,7136830457,1000.02,1,299698035,35.3855,4611865817,4611865817,0
mcs30_b09_s90.A06,mcs30_b09_s90.B06,dsb_never,39,41,6930062627,1000.02,1,901617132,123.391,4434972141,4434972141,0
mcs30_b09_s90.A07,mcs30_b09_s90.B07,dsb_never,41,59,7034475008,1000.01,1,125711389,15.3953,4480512087,4480512087,0
mcs30_b09_s90.A08,mcs30_b09_s90.B08,dsb_never,42,69,6803777968,1000.02,1,2739838578,386.402,4165069318,4165069318,0
mcs30_b09_s90.A09,mcs30_b09_s90.B09,dsb_never,38,48,7928276577,1000.02,1,744048732,89.6074,5057456572,5057456572,0
mcs30_b09m_s100.A00,mcs30_b09m_s100.B00,dsb_never,45,50,7327056249,1000.02,1,1624424435,194.37,4578446822,4578446822,0
mcs30_b09m_s100.A01,mcs30_b09m_s100.B01,dsb_never,42,48,7677608490,1000.01,1,826948585,96.2316,4696614786,4696614786,0
mcs30_b09m_s100.A02,mcs30_b09m_s100.B02,dsb_never,45,54,7076575143,1000.02,1,2589525464,355.386,4402439421,4402439421,0
mcs30_b09m_s100.A03,mcs30_b09m_s100.B03,dsb_never,43,55,7512638618,1000.02,1,2950389609,377.743,4801276764,4801276764,0
mcs30_b09m_s100.A04,mcs30_b09m_s100.B04,dsb_never,45,56,6275674011,1000.02,1,6226628737,992.903,3864567306,3864567306,0
mcs30_b09m_s100.A05,mcs30_b09m_s100.B05,dsb_never,46,61,6035455257,1000.01,1,610077900,99.3276,3754859822,3754859822,0
mcs30_b09m_s100.A06,mcs30_b09m_s100.B06,dsb_never,43,52,6939875405,1000.02,1,1181806894,167.256,4247371024,4247371024,0
mcs30_b09m_s100.A07,mcs30_b09m_s100.B07,dsb_never,44,51,5932054657,1000.01,1,242734375,36.7374,3784474195,3784474195,0
mcs30_b09m_s100.A08,mcs30_b09m_s100.B08,dsb_never,44,54,6692340103,1000.01,1,3900547335,572.815,4168738651,4168738651,0
mcs30_b09m_s100.A09,mcs30_b09m_s100.B09,dsb_never,46,54,7061147578,1000.02,1,154672614,19.4946,4478946102,4478946102,0
mcs30_b09m_s35.A00,mcs30_b09m_s35.B00,dsb_never,19,47,218656318,33.0834,0,29570237,4.31324,144082157,144082157,0
mcs30_b09m_s35.A01,mcs30_b09m_s35.B01,dsb_never,19,31,220662539,34.4858,0,58073140,8.94384,143534282,143534282,0
mcs30_b09m_s35.A02,mcs30_b09m_s35.B02,dsb_never,19,41,175412778,26.8775,0,6441277,0.94248,116428821,116428821,0
mcs30_b09m_s35.A03,mcs30_b09m_s35.B03,dsb_never,19,37,177896566,26.4684,0,47283090,6.82368,117423096,117423096,0
mcs30_b09m_s35.A04,mcs30_b09m_s35.B04,dsb_never,18,31,663589053,98.4132,0,7869464,1.08969,430739574,430739574,0
mcs30_b09m_s35.A05,mcs30_b09m_s35.B05,dsb_never,19,39,249606748,36.9681,0,40674289,5.68009,165525384,165525384,0
mcs30_b09m_s35.A06,mcs30_b09m_s35.B06,dsb_never,18,31,595832573,87.5516,0,190671,0.026878,391876889,391876889,0
mcs30_b09m_s35.A07,mcs30_b09m_s35.B07,dsb_never,19,41,195796386,30.3942,0,9563805,1.37339,127639559,127639559,0
mcs30_b09m_s35.A08,mcs30_b09m_s35.B08,dsb_never,19,32,217296639,32.9726,0,3244839,0.460041,143030190,143030190,0
mcs30_b09m_s35.A09,mcs30_b09m_s35.B09,dsb_never,19,31,229237201,34.7766,0,30083092,4.41458,148687901,148687901,0
mcs30_b09m_s40.A00,mcs30_b09m_s40.B00,dsb_never,21,30,5262787183,804.098,0,2233624199,332.535,3424750000,3424750000,0
mcs30_b09m_s40.A01,mcs30_b09m_s40.B01,dsb_never,21,30,2561707895,387.996,0,44175115,6.53245,1690020651,1690020651,0
mcs30_b09m_s40.A02,mcs30_b09m_s40.B02,dsb_never,20,25,6788968664,1000.01,1,41637887,6.10323,4356930359,4356930359,0
mcs30_b09m_s40.A03,mcs30_b09m_s40.B03,dsb_never,21,35,5058085627,755.659,0,2073161284,301.279,3311886804,3311886804,0
mcs30_b09m_s40.A04,mcs30_b09m_s40.B04,dsb_never,21,35,2891545897,448.363,0,304799962,44.4229,1893506378,1893506378,0
mcs30_b09m_s40.A05,mcs30_b09m_s40.B05,dsb_never,21,29,6800686458,1000.02,1,6755332684,993.167,4429254171,4429254171,0
mcs30_b09m_s40.A06,mcs30_b09m_s40.B06,dsb_never,21,29,3497571072,547.732,0,100508484,15.1441,2279857940,2279857940,0
mcs30_b09m_s40.A07,mcs30_b09m_s40.B07,dsb_never,21,30,3484624760,527.234,0,194302333,27.9749,2291677223,2291677223,0
mcs30_b09m_s40.A08,mcs30_b09m_s40.B08,dsb_never,21,39,3237394206,486.206,0,6920617,1.02949,2131773495,2131773495,0
mcs30_b09m_s40.A09,mcs30_b09m_s40.B09,dsb_never,21,24,6734835599,1000.02,1,5020381585,743.291,4316056587,4316056587,0
mcs30_b09m_s50.A00,mcs30_b09m_s50.B00,dsb_never,25,32,6913515247,1000.02,1,4516494417,644.495,4438303596,4438303596,0
mcs30_b09m_s50.A01,mcs30_b09m_s50.B01,dsb_never,25,37,6855411033,1000.01,1,179754684,25.7778,4437178903,4437178903,0
mcs30_b09m_s50.A02,mcs30_b09m_s50.B02,dsb_never,25,31,6716863519,1000.01,1,879671975,127.321,4292862197,4292862197,0
mcs30_b09m_s50.A03,mcs30_b09m_s50.B03,dsb_never,25,25,6045465645,1000.01,1,730856836,118.292,3943959187,3943959187,0
mcs30_b09m_s50.A04,mcs30_b09m_s50.B04,dsb_never,25,35,6823693056,1000.02,1,364411012,51.3309,4427520877,4427520877,0
mcs30_b09m_s50.A05,mcs30_b09m_s50.B05,dsb_never,24,35,6944064635,1000.02,1,287559394,39.7302,4527954040,4527954040,0
mcs30_b09m_s50.A06,mcs30_b09m_s50.B06,dsb_never,24,31,6904180568,1000.02,1,49840057,6.80866,4449284726,4449284726,0
mcs30_b09m_s50.A07,mcs30_b09m_s50.B07,dsb_never,24,29,6933814755,1000.02,1,192442324,27.3948,4486162613,4486162613,0
mcs30_b09m_s50.A08,mcs30_b09m_s50.B08,dsb_never,25,28,6644079478,1000.01,1,70748873,10.0327,4332372260,4332372260,0
mcs30_b09m_s50.A09,mcs30_b09m_s50.B09,dsb_never,24,35,6674582746,1000.01,1,2744619764,400.589,4190587590,4190587590,0
mcs30_b09m_s60.A00,mcs30_b09m_s60.B00,dsb_never,28,34,7076268418,1000.01,1,2901769348,395.064,4562880845,4562880845,0
mcs30_b09m_s60.A01,mcs30_b09m_s60.B01,dsb_never,29,38,6792871217,1000.01,1,1871558552,267.521,4349496406,4349496406,0
mcs30_b09m_s60.A02,mcs30_b09m_s60.B02,dsb_never,29,41,6746641464,1000.02,1,1785023597,255.195,4294310071,4294310071,0
mcs30_b09m_s60.A03,mcs30_b09m_s60.B03,dsb_never,29,26,3363170755,1000.02,1,404574890,112.702,2123931346,2123931346,0
mcs30_b09m_s60.A04,mcs30_b09m_s60.B04,dsb_never,28,39,7590492361,1000.02,1,19289533,2.33211,4860824814,4860824814,0
mcs30_b09m_s60.A05,mcs30_b09m_s60.B05,dsb_never,29,29,7029592197,1000.02,1,6328384100,898.385,4460938227,4460938227,0
mcs30_b09m_s60.A06,mcs30_b09m_s60.B06,dsb_never,28,43,7138397619,1000.02,1,119191406,16.1769,4512768638,4512768638,0
mcs30_b09m_s60.A07,mcs30_b09m_s60.B07,dsb_never,28,34,7073387765,1000.02,1,1412041911,195.557,4485677779,4485677779,0
mcs30_b09m_s60.A08,mcs30_b09m_s60.B08,dsb_never,29,35,6924988139,1000.02,1,114089233,16.0581,4406800377,4406800377,0
mcs30_b09m_s60.A09,mcs30_b09m_s60.B09,dsb_never,28,38,7110688000,1000.01,1,1439822980,195.263,4611910309,4611910309,0
mcs30_b09m_s70.A00,mcs30_b09m_s70.B00,dsb_never,33,43,7175418863,1000.02,1,844404829,114.233,4478748072,4478748072,0
mcs30_b09m_s70.A01,mcs30_b09m_s70.B01,dsb_never,32,37,7189244553,1000.01,1,2844901761,390.774,4466423228,4466423228,0
mcs30_b09m_s70.A02,mcs30_b09m_s70.B02,dsb_never,32,38,6766641424,1000.01,1,217238405,28.9677,4244127960,4244127960,0
mcs30_b09m_s70.A03,mcs30_b09m_s70.B03,dsb_never,32,34,7116941174,1000.01,1,7223814,0.95391,4554961031,4554961031,0
mcs30_b09m_s70.A04,mcs30_b09m_s70.B04,dsb_never,32,37,6696711461,1000.02,1,1854189557,264.339,4257199108,4257199108,0
mcs30_b09m_s70.A05,mcs30_b09m_s70.B05,dsb_never,33,33,7214054602,1000.02,1,1574336089,205.044,4530685920,4530685920,0
mcs30_b09m_s70.A06,mcs30_b09m_s70.B06,dsb_never,33,36,7348982465,1000.01,1,1360365468,173.285,4745495711,4745495711,0
mcs30_b09m_s70.A07,mcs30_b09m_s70.B07,dsb_never,33,35,7175660093,1000.01,1,3392412048,461.76,4481419336,4481419336,0
mcs30_b09m_s70.A08,mcs30_b09m_s70.B08,dsb_never,33,42,6955025796,1000.02,1,455559720,60.4601,4392516088,4392516088,0
mcs30_b09m_s70.A09,mcs30_b09m_s70.B09,dsb_never,33,40,7045717881,1000.02,1,20480864,2.65557,4487402190,4487402190,0
mcs30_b09m_s80.A00,mcs30_b09m_s80.B00,dsb_never,37,44,7050426767,1000.01,1,159300678,22.9839,4480013184,4480013184,0
mcs30_b09m_s80.A01,mcs30_b09m_s80.B01,dsb_never,36,44,7105111574,1000.02,1,162857976,23.0873,4448683776,4448683776,0
mcs30_b09m_s80.A02,mcs30_b09m_s80.B02,dsb_never,37,39,6955602152,1000.01,1,166881457,23.543,4422983256,4422983256,0
mcs30_b09m_s80.A03,mcs30_b09m_s80.B03,dsb_never,36,43,7350329812,1000.02,1,4651318,0.605716,4797272042,4797272042,0
mcs30_b09m_s80.A04,mcs30_b09m_s80.B04,dsb_never,36,42,6753102865,1000.02,1,726832885,98.0557,4302239263,4302239263,0
mcs30_b09m_s80.A05,mcs30_b09m_s80.B05,dsb_never,36,40,6979850641,1000.01,1,186990309,24.9635,4384505487,4384505487,0
mcs30_b09m_s80.A06,mcs30_b09m_s80.B06,dsb_never,35,39,7536444121,1000.02,1,2260784176,311.901,4648212215,4648212215,0
mcs30_b09m_s80.A07,mcs30_b09m_s80.B07,dsb_never,35,42,8162955544,1000.02,1,6268522825,759.456,5311375049,5311375049,0
mcs30_b09m_s80.A08,mcs30_b09m_s80.B08,dsb_never,36,39,6991856441,1000.02,1,5530155663,789.992,4544943792,4544943792,0
mcs30_b09m_s80.A09,mcs30_b09m_s80.B09,dsb_never,36,46,7093353639,1000.02,1,3030549,0.370623,4493567504,4493567504,0
mcs30_b09m_s90.A00,mcs30_b09m_s90.B00,dsb_never,39,47,6712181703,1000.01,1,377903305,50.7117,4236522465,4236522465,0
mcs30_b09m_s90.A01,mcs30_b09m_s90.B01,dsb_never,41,48,7237798731,1000.02,1,3811042843,510.09,4489524956,4489524956,0
mcs30_b09m_s90.A02,mcs30_b09m_s90.B02,dsb_never,39,42,7126299217,1000.02,1,3302649989,451.045,4506951369,4506951369,0
mcs30_b09m_s90.A03,mcs30_b09m_s90.B03,dsb_never,40,41,7723700731,1000.01,1,6815461481,884.47,4779670922,4779670922,0
mcs30_b09m_s90.A04,mcs30_b09m_s90.B04,dsb_never,38,45,7384767876,1000.01,1,980308969,130.519,4701815688,4701815688,0
mcs30_b09m_s90.A05,mcs30_b09m_s90.B05,dsb_never,41,51,7021689551,1000.01,1,106536502,14.576,4301823167,4301823167,0
mcs30_b09m_s90.A06,mcs30_b09m_s90.B06,dsb_never,41,44,7064010470,1000.01,1,2221914880,308.803,4496121459,4496121459,0
mcs30_b09m_s90.A07,mcs30_b09m_s90.B07,dsb_never,41,43,7643586555,1000.02,1,715137849,92.711,4908833484,4908833484,0
mcs30_b09m_s90.A08,mcs30_b09m_s90.B08,dsb_never,40,41,7261437114,1000.02,1,2519136414,342.565,4707951622,4707951622,0
mcs30_b09m_s90.A09,mcs30_b09m_s90.B09,dsb_never,40,44,7766092643,1000.02,1,175921132,23.0497,4884958578,4884958578,0
mcs30_m2D_s100.A00,mcs30_m2D_s100.B00,dsb_never,66,65,11226464830,1000.02,1,8204504099,735.584,7255980615,7255980615,0
mcs30_m2D_s100.A01,mcs30_m2D_s100.B01,dsb_never,56,46,26962250311,1000.02,1,496305020,16.5286,22499886571,22499886571,0
mcs30_m2D_s100.A02,mcs30_m2D_s100.B02,dsb_never,66,58,10222769862,1000.01,1,6496503965,552.362,7424216257,7424216257,0
mcs30_m2D_s100.A03,mcs30_m2D_s100.B03,dsb_never,63,52,10411720770,1000.02,1,2444520021,207.668,8015055683,8015055683,0
mcs30_m2D_s100.A04,mcs30_m2D_s100.B04,dsb_never,59,53,24038084062,1000.02,1,333654067,12.9097,20382635837,20382635837,0
mcs30_m2D_s100.A05,mcs30_m2D_s100.B05,dsb_never,66,62,9347892614,1000.02,1,6740652774,685.518,7071631396,7071631396,0
mcs30_m2D_s100.A06,mcs30_m2D_s100.B06,dsb_never,65,59,9829737755,1000.02,1,3601092783,343.039,6666775650,6666775650,0
mcs30_m2D_s100.A07,mcs30_m2D_s100.B07,dsb_never,65,55,15118102128,1000.02,1,14320781769,924.934,10778501058,10778501058,0
mcs30_m2D_s100.A08,mcs30_m2D_s100.B08,dsb_never,67,57,9929609933,1000.02,1,5618974300,540.439,6941003031,6941003031,0
mcs30_m2D_s100.A09,mcs30_m2D_s100.B09,dsb_never,58,43,30182750280,1000,1,40333911,1.26495,23761550857,23761550857,0
mcs30_m2D_s30.A00,mcs30_m2D_s30.B00,dsb_never,22,17,5460279,0.518582,0,772146,0.0683106,3716518,3716518,0
mcs30_m2D_s30.A01,mcs30_m2D_s30.B01,dsb_never,23,26,1763462,0.178098,0,429654,0.0400371,1135958,1135958,0
mcs30_m2D_s30.A02,mcs30_m2D_s30.B02,dsb_never,22,16,4954928,0.44566,0,49818,0.00437657,3455184,3455184,0
mcs30_m2D_s30.A03,mcs30_m2D_s30.B03,dsb_never,23,21,700818,0.0682071,0,396881,0.03692,463008,463008,0
mcs30_m2D_s30.A04,mcs30_m2D_s30.B04,dsb_never,23,20,785250,0.0800116,0,465618,0.046305,524418,524418,0
mcs30_m2D_s30.A05,mcs30_m2D_s30.B05,dsb_never,22,21,3790935,0.359007,0,1687885,0.1475,2628998,2628998,0
mcs30_m2D_s30.A06,mcs30_m2D_s30.B06,dsb_never,23,20,1394930,0.134618,0,879302,0.0837138,938615,938615,0
mcs30_m2D_s30.A07,mcs30_m2D_s30.B07,dsb_never,22,16,8547121,0.805225,0,2759449,0.24528,6068634,6068634,0
mcs30_m2D_s30.A08,mcs30_m2D_s30.B08,dsb_never,22,19,4866146,0.473739,0,845651,0.0781444,3183075,3183075,0
mcs30_m2D_s30.A09,mcs30_m2D_s30.B09,dsb_never,23,20,1573307,0.16576,0,960282,0.0976204,1018033,1018033,0
mcs30_m2D_s50.A00,mcs30_m2D_s50.B00,dsb_never,36,35,9894679094,1000.02,1,3715492921,357.749,6791097883,6791097883,0
mcs30_m2D_s50.A01,mcs30_m2D_s50.B01,dsb_never,37,33,9497402702,1000.02,1,396680344,34.1173,6658590760,6658590760,0
mcs30_m2D_s50.A02,mcs30_m2D_s50.B02,dsb_never,38,29,9248860057,1000.01,1,4083070110,428.462,6635132090,6635132090,0
mcs30_m2D_s50.A03,mcs30_m2D_s50.B03,dsb_never,38,31,5178414385,548.29,0,3268689025,328.341,3589338447,3589338447,0
mcs30_m2D_s50.A04,mcs30_m2D_s50.B04,dsb_never,36,32,9982909185,1000.02,1,1631567883,156.99,6723513877,6723513877,0
mcs30_m2D_s50.A05,mcs30_m2D_s50.B05,dsb_never,37,32,9484972374,1000.02,1,7318416811,752.572,6776794801,6776794801,0
mcs30_m2D_s50.A06,mcs30_m2D_s50.B06,dsb_never,36,33,9630573198,1000.02,1,54528384,5.30156,6658525357,6658525357,0
mcs30_m2D_s50.A07,mcs30_m2D_s50.B07,dsb_never,36,32,10081368075,1000.02,1,12354128,1.22147,7018202921,7018202921,0
mcs30_m2D_s50.A08,mcs30_m2D_s50.B08,dsb_never,38,31,4332048259,484.551,0,2644681690,291.672,3050013309,3050013309,0
mcs30_m2D_s50.A09,mcs30_m2D_s50.B09,dsb_never,37,28,9243871979,1000.02,1,1289774091,132.658,6491164690,6491164690,0
mcs30_m2D_s60.A00,mcs30_m2D_s60.B00,dsb_never,43,34,9757938301,1000.02,1,1317188588,128.097,6812376000,6812376000,0
mcs30_m2D_s60.A01,mcs30_m2D_s60.B01,dsb_never,43,34,10086280477,1000.02,1,107879585,9.29102,6960475691,6960475691,0
mcs30_m2D_s60.A02,mcs30_m2D_s60.B02,dsb_never,43,38,8886693732,1000.02,1,1047803916,114.328,6456336235,6456336235,0
mcs30_m2D_s60.A03,mcs30_m2D_s60.B03,dsb_never,43,37,10029835693,1000.02,1,9181953454,912.609,6593834014,6593834014,0
mcs30_m2D_s60.A04,mcs30_m2D_s60.B04,dsb_never,43,37,9432529940,1000.02,1,410216379,39.4304,6212926917,6212926917,0
mcs30_m2D_s60.A05,mcs30_m2D_s60.B05,dsb_never,43,40,9079850913,1000.02,1,446180392,45.8529,6348561238,6348561238,0
mcs30_m2D_s60.A06,mcs30_m2D_s60.B06,dsb_never,44,35,9720522627,1000.01,1,7817334851,794.486,6608006913,6608006913,0
mcs30_m2D_s60.A07,mcs30_m2D_s60.B07,dsb_never,43,38,8723583607,1000.02,1,6865914418,779.299,5680060816,5680060816,0
mcs30_m2D_s60.A08,mcs30_m2D_s60.B08,dsb_never,45,38,9409333991,1000.02,1,9069774485,961.568,6760243542,6760243542,0
mcs30_m2D_s60.A09,mcs30_m2D_s60.B09,dsb_never,39,28,32639595030,1000.02,1,23439881,1.91838,24473175600,24473175600,0
mcs30_m2D_s70.A00,mcs30_m2D_s70.B00,dsb_never,47,44,10326941302,1000.02,1,6103994275,585.438,7334009302,7334009302,0
mcs30_m2D_s70.A01,mcs30_m2D_s70.B01,dsb_never,49,41,8919646081,1000.01,1,5119187965,555.024,6505740566,6505740566,0
mcs30_m2D_s70.A02,mcs30_m2D_s70.B02,dsb_never,48,41,11876064131,1000.01,1,11494000976,961.253,8625728998,8625728998,0
mcs30_m2D_s70.A03,mcs30_m2D_s70.B03,dsb_never,48,38,9534104702,1000.01,1,1588453604,156.721,6278786304,6278786304,0
mcs30_m2D_s70.A04,mcs30_m2D_s70.B04,dsb_never,48,41,9931224950,1000.01,1,8045390106,797.61,6850644072,6850644072,0
mcs30_m2D_s70.A05,mcs30_m2D_s70.B05,dsb_never,49,41,18023350178,1000.02,1,8375692533,572.909,14587422706,14587422706,0
mcs30_m2D_s70.A06,mcs30_m2D_s70.B06,dsb_never,47,41,4753851789,1000.01,1,983320977,190.056,3333106669,3333106669,0
mcs30_m2D_s70.A07,mcs30_m2D_s70.B07,dsb_never,49,39,4747402112,1000.02,1,137702903,17.167,3164813700,3164813700,0
mcs30_m2D_s70.A08,mcs30_m2D_s70.B08,dsb_never,49,44,5983614438,1000.01,1,5097295424,797.561,4291121626,4291121626,0
mcs30_m2D_s70.A09,mcs30_m2D_s70.B09,dsb_never,47,46,5321649140,1000.01,1,1488602485,260.561,3632776536,3632776536,0
mcs30_m2D_s80.A00,mcs30_m2D_s80.B00,dsb_never,52,40,9981938707,1000.02,1,1709757525,159.916,7101247678,7101247678,0
mcs30_m2D_s80.A01,mcs30_m2D_s80.B01,dsb_never,53,41,8828247689,1000.01,1,2979603874,322.073,6609637916,6609637916,0
mcs30_m2D_s80.A02,mcs30_m2D_s80.B02,dsb_never,50,41,27325846637,1000.01,1,6781070145,235.56,21684103901,21684103901,0
mcs30_m2D_s80.A03,mcs30_m2D_s80.B03,dsb_never,54,47,9524652029,1000.02,1,212353204,17.2346,6818292336,6818292336,0
mcs30_m2D_s80.A04,mcs30_m2D_s80.B04,dsb_never,54,47,10441719615,1000.02,1,844707077,76.8945,7295538351,7295538351,0
mcs30_m2D_s80.A05,mcs30_m2D_s80.B05,dsb_never,53,43,19099104015,1000.01,1,16662878147,746.972,14242884212,14242884212,0
mcs30_m2D_s80.A06,mcs30_m2D_s80.B06,dsb_never,51,45,10713894169,1000.01,1,8754778745,820.594,7671847404,7671847404,0
mcs30_m2D_s80.A07,mcs30_m2D_s80.B07,dsb_never,56,49,9352393179,1000.01,1,452237409,27.7715,6422839254,6422839254,0
mcs30_m2D_s80.A08,mcs30_m2D_s80.B08,dsb_never,54,48,9424558853,1000.02,1,4580458818,474.292,6460837358,6460837358,0
mcs30_m2D_s80.A09,mcs30_m2D_s80.B09,dsb_never,56,50,8056709784,1000.01,1,444215278,49.0571,5658422061,5658422061,0
mcs30_m2D_s90.A00,mcs30_m2D_s90.B00,dsb_never,61,57,18648965079,1000.01,1,14743431484,555.664,14062513214,14062513214,0
mcs30_m2D_s90.A01,mcs30_m2D_s90.B01,dsb_never,60,52,10485907229,1000.01,1,8034499597,746.004,7239758019,7239758019,0
mcs30_m2D_s90.A02,mcs30_m2D_s90.B02,dsb_never,52,43,15531694571,1000.02,1,5190436739,333.676,11974644402,11974644402,0
mcs30_m2D_s90.A03,mcs30_m2D_s90.B03,dsb_never,62,51,8955567261,1000.02,1,391507371,33.8845,6061445572,6061445572,0
mcs30_m2D_s90.A04,mcs30_m2D_s90.B04,dsb_never,61,51,8963991983,1000.02,1,888210837,91.7683,5798490032,5798490032,0
mcs30_m2D_s90.A05,mcs30_m2D_s90.B05,dsb_never,58,47,12666821077,1000.02,1,4261455781,138.16,9349444166,9349444166,0
mcs30_m2D_s90.A06,mcs30_m2D_s90.B06,dsb_never,60,51,17183054071,1000.02,1,17044882947,980.353,13804818523,13804818523,0
mcs30_m2D_s90.A07,mcs30_m2D_s90.B07,dsb_never,59,50,4702077177,1000.02,1,2859105026,622.09,3626466813,3626466813,0
mcs30_m2D_s90.A08,mcs30_m2D_s90.B08,dsb_never,60,54,4591079232,1000.02,1,369447527,73.3067,3213143714,3213143714,0
mcs30_m2D_s90.A09,mcs30_m2D_s90.B09,dsb_never,52,41,28977532293,1000.02,1,30907895,1.04073,22641056776,22641056776,0
mcs30_m2Dr2_s100.A00,mcs30_m2Dr2_s100.B00,dsb_never,64,61,4305164496,1000.02,1,249124150,30.151,3134896034,3134896034,0
mcs30_m2Dr2_s100.A01,mcs30_m2Dr2_s100.B01,dsb_never,62,55,8685539082,1000.02,1,7037933753,797.405,5665381704,5665381704,0
mcs30_m2Dr2_s100.A02,mcs30_m2Dr2_s100.B02,dsb_never,65,56,9957313003,1000.02,1,4905771390,455.56,6540639275,6540639275,0
mcs30_m2Dr2_s100.A03,mcs30_m2Dr2_s100.B03,dsb_never,62,56,10261993669,1000.02,1,2282334468,203.634,6852983414,6852983414,0
mcs30_m2Dr2_s100.A04,mcs30_m2Dr2_s100.B04,dsb_never,56,46,32010098811,1000.02,1,15838051,0.535453,23788345023,23788345023,0
mcs30_m2Dr2_s100.A05,mcs30_m2Dr2_s100.B05,dsb_never,61,54,10328238852,1000.01,1,54716692,3.04577,7009429968,7009429968,0
mcs30_m2Dr2_s100.A06,mcs30_m2Dr2_s100.B06,dsb_never,52,44,27621529168,1000.02,1,2032773765,62.6224,22721328129,22721328129,0
mcs30_m2Dr2_s100.A07,mcs30_m2Dr2_s100.B07,dsb_never,61,50,32612360362,1000.02,1,16137678,0.864865,24459227223,24459227223,0
mcs30_m2Dr2_s100.A08,mcs30_m2Dr2_s100.B08,dsb_never,61,56,9460846200,1000.01,1,8014042710,833.597,5863339519,5863339519,0
mcs30_m2Dr2_s100.A09,mcs30_m2Dr2_s100.B09,dsb_never,65,63,20216127566,1000.02,1,19588546993,929.062,15958901997,15958901997,0
mcs30_m2Dr2_s30.A00,mcs30_m2Dr2_s30.B00,dsb_never,22,20,5462883,0.559768,0,4541613,0.460136,3636111,3636111,0
mcs30_m2Dr2_s30.A01,mcs30_m2Dr2_s30.B01,dsb_never,22,21,5758586,0.609822,0,3006028,0.309718,3648708,3648708,0
mcs30_m2Dr2_s30.A02,mcs30_m2Dr2_s30.B02,dsb_never,23,19,3470617,0.334051,0,3455332,0.332443,2318156,2318156,0
mcs30_m2Dr2_s30.A03,mcs30_m2Dr2_s30.B03,dsb_never,22,20,3979677,0.377276,0,3112023,0.290132,2734265,2734265,0
mcs30_m2Dr2_s30.A04,mcs30_m2Dr2_s30.B04,dsb_never,22,20,6054295,0.586979,0,4761221,0.452553,4019528,4019528,0
mcs30_m2Dr2_s30.A05,mcs30_m2Dr2_s30.B05,dsb_never,22,24,2871823,0.302913,0,380926,0.0381104,1929638,1929638,0
mcs30_m2Dr2_s30.A06,mcs30_m2Dr2_s30.B06,dsb_never,22,18,5918599,0.61171,0,4968060,0.507867,3910278,3910278,0
mcs30_m2Dr2_s30.A07,mcs30_m2Dr2_s30.B07,dsb_never,22,23,2832053,0.297565,0,1176775,0.120092,1842569,1842569,0
mcs30_m2Dr2_s30.A08,mcs30_m2Dr2_s30.B08,dsb_never,22,23,4497144,0.444467,0,3381460,0.333472,3010901,3010901,0
mcs30_m2Dr2_s30.A09,mcs30_m2Dr2_s30.B09,dsb_never,22,22,3775834,0.328873,0,2641373,0.211548,2659915,2659915,0
mcs30_m2Dr2_s50.A00,mcs30_m2Dr2_s50.B00,dsb_never,36,30,8649257736,1000.02,1,2344349160,257.116,5951399432,5951399432,0
mcs30_m2Dr2_s50.A01,mcs30_m2Dr2_s50.B01,dsb_never,36,33,7832898659,1000.02,1,1459113392,157.336,5340605588,5340605588,0
mcs30_m2Dr2_s50.A02,mcs30_m2Dr2_s50.B02,dsb_never,36,34,7853349311,1000.02,1,2218648408,263.379,5388745699,5388745699,0
mcs30_m2Dr2_s50.A03,mcs30_m2Dr2_s50.B03,dsb_never,36,29,8859894420,1000.02,1,4171165895,452.874,6166913568,6166913568,0
mcs30_m2Dr2_s50.A04,mcs30_m2Dr2_s50.B04,dsb_never,37,34,7536172665,1000.02,1,4461374137,582.889,5301669767,5301669767,0
mcs30_m2Dr2_s50.A05,mcs30_m2Dr2_s50.B05,dsb_never,35,32,9456672514,1000.02,1,138907235,14.0741,6409900757,6409900757,0
mcs30_m2Dr2_s50.A06,mcs30_m2Dr2_s50.B06,dsb_never,35,30,9292038175,1000.02,1,134759180,13.7928,6355958044,6355958044,0
mcs30_m2Dr2_s50.A07,mcs30_m2Dr2_s50.B07,dsb_never,35,31,9199417993,1000.01,1,329334067,32.2854,6204693753,6204693753,0
mcs30_m2Dr2_s50.A08,mcs30_m2Dr2_s50.B08,dsb_never,36,30,9488452438,1000.02,1,7644116712,797.447,6465481620,6465481620,0
mcs30_m2Dr2_s50.A09,mcs30_m2Dr2_s50.B09,dsb_never,36,34,9046630365,1000.02,1,3697999698,391.62,6116119271,6116119271,0
mcs30_m2Dr2_s60.A00,mcs30_m2Dr2_s60.B00,dsb_never,41,38,9055734630,1000.01,1,263792001,27.4321,6028662124,6028662124,0
mcs30_m2Dr2_s60.A01,mcs30_m2Dr2_s60.B01,dsb_never,41,36,9228899218,1000.02,1,4014591716,429.016,6018443214,6018443214,0
mcs30_m2Dr2_s60.A02,mcs30_m2Dr2_s60.B02,dsb_never,42,38,9473870304,1000,1,4786422125,492.336,6400060013,6400060013,0
mcs30_m2Dr2_s60.A03,mcs30_m2Dr2_s60.B03,dsb_never,40,34,9813229737,1000.02,1,638493543,63.3332,6580759437,6580759437,0
mcs30_m2Dr2_s60.A04,mcs30_m2Dr2_s60.B04,dsb_never,41,42,9280116259,1000.01,1,1223922337,123.092,6349913482,6349913482,0
mcs30_m2Dr2_s60.A05,mcs30_m2Dr2_s60.B05,dsb_never,40,35,9250595708,1000.02,1,364839491,40.4225,6101269190,6101269190,0
mcs30_m2Dr2_s60.A06,mcs30_m2Dr2_s60.B06,dsb_never,41,33,8686999973,1000.01,1,347134149,36.7543,6068061231,6068061231,0
mcs30_m2Dr2_s60.A07,mcs30_m2Dr2_s60.B07,dsb_never,42,38,8855041930,1000.02,1,2899163754,314.401,5796116797,5796116797,0
mcs30_m2Dr2_s60.A08,mcs30_m2Dr2_s60.B08,dsb_never,41,36,9452367399,1000.01,1,3782230363,378.301,6536285181,6536285181,0
mcs30_m2Dr2_s60.A09,mcs30_m2Dr2_s60.B09,dsb_never,42,38,8512721664,1000.02,1,4682910961,543.948,5649080480,5649080480,0
mcs30_m2Dr2_s70.A00,mcs30_m2Dr2_s70.B00,dsb_never,46,36,9509807070,1000.02,1,70492636,7.05504,6083032148,6083032148,0
mcs30_m2Dr2_s70.A01,mcs30_m2Dr2_s70.B01,dsb_never,47,43,9507681609,1000.02,1,8965893433,940.309,6209580998,6209580998,0
mcs30_m2Dr2_s70.A02,mcs30_m2Dr2_s70.B02,dsb_never,45,38,9663035047,1000.02,1,689079833,68.0024,6498617716,6498617716,0
mcs30_m2Dr2_s70.A03,mcs30_m2Dr2_s70.B03,dsb_never,47,44,8748321267,1000.01,1,2128592373,230.736,5593317287,5593317287,0
mcs30_m2Dr2_s70.A04,mcs30_m2Dr2_s70.B04,dsb_never,46,44,8947517399,1000.02,1,5679705419,629.159,5698005177,5698005177,0
mcs30_m2Dr2_s70.A05,mcs30_m2Dr2_s70.B05,dsb_never,47,43,9227907779,1000.01,1,2427279646,254.721,6524325373,6524325373,0
mcs30_m2Dr2_s70.A06,mcs30_m2Dr2_s70.B06,dsb_never,46,41,9815399215,1000.02,1,157672665,15.0183,6585339872,6585339872,0
mcs30_m2Dr2_s70.A07,mcs30_m2Dr2_s70.B07,dsb_never,47,42,9135910521,1000.02,1,68991157,7.18453,6424312399,6424312399,0
mcs30_m2Dr2_s70.A08,mcs30_m2Dr2_s70.B08,dsb_never,47,43,9205114678,1000.02,1,133024858,13.6838,5783788974,5783788974,0
mcs30_m2Dr2_s70.A09,mcs30_m2Dr2_s70.B09,dsb_never,47,42,9920604223,1000.02,1,4691918202,451.839,6586461410,6586461410,0
mcs30_m2Dr2_s80.A00,mcs30_m2Dr2_s80.B00,dsb_never,52,41,9463845701,1000.01,1,824388311,80.8016,6251431652,6251431652,0
mcs30_m2Dr2_s80.A01,mcs30_m2Dr2_s80.B01,dsb_never,53,47,12040877181,1000.02,1,6644623693,445.549,8567817862,8567817862,0
mcs30_m2Dr2_s80.A02,mcs30_m2Dr2_s80.B02,dsb_never,51,45,9416881992,1000.02,1,32207696,2.64933,6068758704,6068758704,0
mcs30_m2Dr2_s80.A03,mcs30_m2Dr2_s80.B03,dsb_never,52,43,5077142344,1000.02,1,916115436,171.787,3317436243,3317436243,0
mcs30_m2Dr2_s80.A04,mcs30_m2Dr2_s80.B04,dsb_never,52,47,9818998915,1000.01,1,5353579134,549.049,6410535878,6410535878,0
mcs30_m2Dr2_s80.A05,mcs30_m2Dr2_s80.B05,dsb_never,53,44,9199130562,1000.01,1,1350983805,140.736,6434496163,6434496163,0
mcs30_m2Dr2_s80.A06,mcs30_m2Dr2_s80.B06,dsb_never,53,46,9130317725,1000.02,1,1009613714,91.9586,6017239939,6017239939,0
mcs30_m2Dr2_s80.A07,mcs30_m2Dr2_s80.B07,dsb_never,52,43,9415101665,1000.02,1,1274502492,121.062,6048561406,6048561406,0
mcs30_m2Dr2_s80.A08,mcs30_m2Dr2_s80.B08,dsb_never,53,44,9039445475,1000.01,1,2824405572,312.087,6035731087,6035731087,0
mcs30_m2Dr2_s80.A09,mcs30_m2Dr2_s80.B09,dsb_never,52,47,10612479741,1000.02,1,1870184421,154.843,6847269065,6847269065,0
mcs30_m2Dr2_s90.A00,mcs30_m2Dr2_s90.B00,dsb_never,58,53,9572294766,1000.02,1,2463321620,174.988,6184603349,6184603349,0
mcs30_m2Dr2_s90.A01,mcs30_m2Dr2_s90.B01,dsb_never,59,53,10087140926,1000.02,1,9128522325,891.647,6835339779,6835339779,0
mcs30_m2Dr2_s90.A02,mcs30_m2Dr2_s90.B02,dsb_never,56,52,11361799708,1000.02,1,8198134411,705.846,7896004025,7896004025,0
mcs30_m2Dr2_s90.A03,mcs30_m2Dr2_s90.B03,dsb_never,57,50,8401265639,1000.01,1,2461490768,276.028,5388674131,5388674131,0
mcs30_m2Dr2_s90.A04,mcs30_m2Dr2_s90.B04,dsb_never,57,53,10116722887,1000.02,1,4024189213,369.484,6518059641,6518059641,0
mcs30_m2Dr2_s90.A05,mcs30_m2Dr2_s90.B05,dsb_never,57,48,9627194898,1000.02,1,8650947816,893.727,6606889321,6606889321,0
mcs30_m2Dr2_s90.A06,mcs30_m2Dr2_s90.B06,dsb_never,59,51,12127926067,1000.02,1,8521773265,607.417,9065279535,9065279535,0
mcs30_m2Dr2_s90.A07,mcs30_m2Dr2_s90.B07,dsb_never,60,54,10152348744,1000.02,1,5377339108,482.232,6813368246,6813368246,0
mcs30_m2Dr2_s90.A08,mcs30_m2Dr2_s90.B08,dsb_never,58,51,10900567977,1000.01,1,6354980926,556.755,7211656218,7211656218,0
mcs30_m2Dr2_s90.A09,mcs30_m2Dr2_s90.B09,dsb_never,58,55,9576263172,1000.02,1,6801352253,684.448,6443629625,6443629625,0
mcs30_m2Dr4_s100.A00,mcs30_m2Dr4_s100.B00,dsb_never,59,57,8490008186,1000.01,1,2819844254,317.39,5249399947,5249399947,0
mcs30_m2Dr4_s100.A01,mcs30_m2Dr4_s100.B01,dsb_never,54,44,28245249795,1000.01,1,10893119237,387.017,20602767631,20602767631,0
mcs30_m2Dr4_s100.A02,mcs30_m2Dr4_s100.B02,dsb_never,62,52,8203644688,1000.02,1,987101106,54.0525,5339667573,5339667573,0
mcs30_m2Dr4_s100.A03,mcs30_m2Dr4_s100.B03,dsb_never,64,59,10191356777,1000.01,1,2828265300,189.348,6590504345,6590504345,0
mcs30_m2Dr4_s100.A04,mcs30_m2Dr4_s100.B04,dsb_never,56,52,32399751447,1000.02,1,3548260724,107.894,24523472900,24523472900,0
mcs30_m2Dr4_s100.A05,mcs30_m2Dr4_s100.B05,dsb_never,62,57,8816880295,1000.02,1,162081792,14.6891,6090575753,6090575753,0
mcs30_m2Dr4_s100.A06,mcs30_m2Dr4_s100.B06,dsb_never,60,56,8300489188,1000.02,1,4256446007,511.202,5180391676,5180391676,0
mcs30_m2Dr4_s100.A07,mcs30_m2Dr4_s100.B07,dsb_never,60,51,10801420488,1000.02,1,4237960261,291.623,7316332453,7316332453,0
mcs30_m2Dr4_s100.A08,mcs30_m2Dr4_s100.B08,dsb_never,60,57,8833947671,1000.02,1,4669563439,530.073,5561825957,5561825957,0
mcs30_m2Dr4_s100.A09,mcs30_m2Dr4_s100.B09,dsb_never,61,58,8895132611,1000.02,1,697253994,58.1532,5611599623,5611599623,0
mcs30_m2Dr4_s30.A00,mcs30_m2Dr4_s30.B00,dsb_never,21,18,8620447,1.03896,0,3746781,0.453184,5660856,5660856,0
mcs30_m2Dr4_s30.A01,mcs30_m2Dr4_s30.B01,dsb_never,22,21,4362843,0.478535,0,3360281,0.368814,2829310,2829310,0
mcs30_m2Dr4_s30.A02,mcs30_m2Dr4_s30.B02,dsb_never,21,21,10626950,1.3283,0,7197014,0.896301,7128081,7128081,0
mcs30_m2Dr4_s30.A03,mcs30_m2Dr4_s30.B03,dsb_never,21,19,7713090,0.83212,0,1029560,0.10718,5074230,5074230,0
mcs30_m2Dr4_s30.A04,mcs30_m2Dr4_s30.B04,dsb_never,21,18,4008122,0.460734,0,1081456,0.121247,2673809,2673809,0
mcs30_m2Dr4_s30.A05,mcs30_m2Dr4_s30.B05,dsb_never,21,21,4655022,0.517456,0,245637,0.0248525,3182528,3182528,0
mcs30_m2Dr4_s30.A06,mcs30_m2Dr4_s30.B06,dsb_never,22,21,5346787,0.698467,0,4986731,0.638282,3496349,3496349,0
mcs30_m2Dr4_s30.A07,mcs30_m2Dr4_s30.B07,dsb_never,21,18,3527812,0.349136,0,1339824,0.128773,2471604,2471604,0
mcs30_m2Dr4_s30.A08,mcs30_m2Dr4_s30.B08,dsb_never,21,22,3673732,0.370992,0,472203,0.0490874,2385193,2385193,0
mcs30_m2Dr4_s30.A09,mcs30_m2Dr4_s30.B09,dsb_never,21,23,11093003,1.22419,0,1362853,0.140087,7183141,7183141,0
mcs30_m2Dr4_s50.A00,mcs30_m2Dr4_s50.B00,dsb_never,35,31,8033556917,1000.01,1,6249560712,760.952,5251500962,5251500962,0
mcs30_m2Dr4_s50.A01,mcs30_m2Dr4_s50.B01,dsb_never,32,28,9498767660,1000.01,1,25862996,2.21974,6213803964,6213803964,0
mcs30_m2Dr4_s50.A02,mcs30_m2Dr4_s50.B02,dsb_never,34,28,9415401635,1000.01,1,6776109627,707.109,6543127345,6543127345,0
mcs30_m2Dr4_s50.A03,mcs30_m2Dr4_s50.B03,dsb_never,35,32,8562555376,1000.02,1,1038723490,109.576,6010037370,6010037370,0
mcs30_m2Dr4_s50.A04,mcs30_m2Dr4_s50.B04,dsb_never,34,32,8788256564,1000.02,1,501925945,55.2654,6058800451,6058800451,0
mcs30_m2Dr4_s50.A05,mcs30_m2Dr4_s50.B05,dsb_never,35,31,9046609667,1000.02,1,142684428,14.9413,6239455413,6239455413,0
mcs30_m2Dr4_s50.A06,mcs30_m2Dr4_s50.B06,dsb_never,34,32,9523652103,1000.01,1,6657703844,692.18,6440824785,6440824785,0
mcs30_m2Dr4_s50.A07,mcs30_m2Dr4_s50.B07,dsb_never,34,33,8880852528,1000.01,1,341522088,35.2864,5987508909,5987508909,0
mcs30_m2Dr4_s50.A08,mcs30_m2Dr4_s50.B08,dsb_never,35,33,8642367977,1000.02,1,7039774285,807.177,6050083484,6050083484,0
mcs30_m2Dr4_s50.A09,mcs30_m2Dr4_s50.B09,dsb_never,34,31,8911770628,1000.02,1,296852256,30.9585,5976803250,5976803250,0
mcs30_m2Dr4_s60.A00,mcs30_m2Dr4_s60.B00,dsb_never,38,36,9457384177,1000.01,1,2326371160,233.728,6016519134,6016519134,0
mcs30_m2Dr4_s60.A01,mcs30_m2Dr4_s60.B01,dsb_never,40,33,9204995694,1000.02,1,2176580235,225.452,6242140867,6242140867,0
mcs30_m2Dr4_s60.A02,mcs30_m2Dr4_s60.B02,dsb_never,40,34,8791133791,1000.01,1,97962761,10.3018,5837568413,5837568413,0
mcs30_m2Dr4_s60.A03,mcs30_m2Dr4_s60.B03,dsb_never,40,37,8781394675,1000.01,1,128890277,6.27318,5984420814,5984420814,0
mcs30_m2Dr4_s60.A04,mcs30_m2Dr4_s60.B04,dsb_never,40,34,9332284581,1000.01,1,5596459590,585.727,6061626537,6061626537,0
mcs30_m2Dr4_s60.A05,mcs30_m2Dr4_s60.B05,dsb_never,40,32,8953958462,1000.02,1,3426434333,358.951,5774597283,5774597283,0
mcs30_m2Dr4_s60.A06,mcs30_m2Dr4_s60.B06,dsb_never,41,34,9295059482,1000.02,1,6541026798,680.023,6148720095,6148720095,0
mcs30_m2Dr4_s60.A07,mcs30_m2Dr4_s60.B07,dsb_never,40,37,9005367431,1000.02,1,7840933470,862.102,6082633332,6082633332,0
mcs30_m2Dr4_s60.A08,mcs30_m2Dr4_s60.B08,dsb_never,41,36,9312705908,1000.02,1,4014149643,439.77,6288138736,6288138736,0
mcs30_m2Dr4_s60.A09,mcs30_m2Dr4_s60.B09,dsb_never,40,40,8273775003,1000,1,42152572,3.99266,5286893125,5286893125,0
mcs30_m2Dr4_s70.A00,mcs30_m2Dr4_s70.B00,dsb_never,46,42,8985423233,1000.02,1,601967695,63.9601,6119389181,6119389181,0
mcs30_m2Dr4_s70.A01,mcs30_m2Dr4_s70.B01,dsb_never,44,41,9046695379,1000,1,394723541,42.7984,5835049832,5835049832,0
mcs30_m2Dr4_s70.A02,mcs30_m2Dr4_s70.B02,dsb_never,45,41,9353115367,1000.02,1,2712836428,259.397,6382547371,6382547371,0
mcs30_m2Dr4_s70.A03,mcs30_m2Dr4_s70.B03,dsb_never,44,41,9138444238,1000.02,1,1612115212,163.332,6019024090,6019024090,0
mcs30_m2Dr4_s70.A04,mcs30_m2Dr4_s70.B04,dsb_never,46,40,9661141797,1000.02,1,4843220526,467.03,6705235744,6705235744,0
mcs30_m2Dr4_s70.A05,mcs30_m2Dr4_s70.B05,dsb_never,45,41,9535853408,1000.02,1,275873521,24.7937,6151571282,6151571282,0
mcs30_m2Dr4_s70.A06,mcs30_m2Dr4_s70.B06,dsb_never,46,39,8319645934,1000.02,1,1602583021,174.137,5362761197,5362761197,0
mcs30_m2Dr4_s70.A07,mcs30_m2Dr4_s70.B07,dsb_never,45,42,9322032897,1000.02,1,751211758,75.3668,6128385258,6128385258,0
mcs30_m2Dr4_s70.A08,mcs30_m2Dr4_s70.B08,dsb_never,44,42,9480684293,1000.02,1,2128045504,223.613,6284290751,6284290751,0
mcs30_m2Dr4_s70.A09,mcs30_m2Dr4_s70.B09,dsb_never,44,44,8779606438,1000.01,1,744713218,75.1674,5666837800,5666837800,0
mcs30_m2Dr4_s80.A00,mcs30_m2Dr4_s80.B00,dsb_never,50,47,8959959213,1000.02,1,779189383,77.2849,6531938901,6531938901,0
mcs30_m2Dr4_s80.A01,mcs30_m2Dr4_s80.B01,dsb_never,52,41,8935899672,1000.02,1,5037500730,550.162,5623821683,5623821683,0
mcs30_m2Dr4_s80.A02,mcs30_m2Dr4_s80.B02,dsb_never,50,46,9312549667,1000.02,1,1659294671,166.698,5939799059,5939799059,0
mcs30_m2Dr4_s80.A03,mcs30_m2Dr4_s80.B03,dsb_never,49,40,9117248634,1000.02,1,5582791279,610.412,5835279927,5835279927,0
mcs30_m2Dr4_s80.A04,mcs30_m2Dr4_s80.B04,dsb_never,50,42,9715392858,1000.02,1,4137820549,414.646,6489324781,6489324781,0
mcs30_m2Dr4_s80.A05,mcs30_m2Dr4_s80.B05,dsb_never,51,43,8168753613,1000.01,1,2584976145,304.565,5404436766,5404436766,0
mcs30_m2Dr4_s80.A06,mcs30_m2Dr4_s80.B06,dsb_never,51,44,9601594023,1000.02,1,584821449,62.2556,6413695291,6413695291,0
mcs30_m2Dr4_s80.A07,mcs30_m2Dr4_s80.B07,dsb_never,50,45,7489869749,1000.02,1,3551330314,458.922,4767663754,4767663754,0
mcs30_m2Dr4_s80.A08,mcs30_m2Dr4_s80.B08,dsb_never,51,47,8438732906,1000.01,1,642513811,73.0969,5398645195,5398645195,0
mcs30_m2Dr4_s80.A09,mcs30_m2Dr4_s80.B09,dsb_never,50,47,8891535822,1000.02,1,3089183625,298.591,5640189849,5640189849,0
mcs30_m2Dr4_s90.A00,mcs30_m2Dr4_s90.B00,dsb_never,56,52,8894608114,1000.01,1,1138353172,119.79,5910012029,5910012029,0
mcs30_m2Dr4_s90.A01,mcs30_m2Dr4_s90.B01,dsb_never,55,47,8765285884,1000.01,1,221267399,24.7445,5627857103,5627857103,0
mcs30_m2Dr4_s90.A02,mcs30_m2Dr4_s90.B02,dsb_never,55,52,8728108140,1000.01,1,6876694106,780.012,5382943169,5382943169,0
mcs30_m2Dr4_s90.A03,mcs30_m2Dr4_s90.B03,dsb_never,57,55,8701148930,1000.02,1,4225791243,486.864,5579472042,5579472042,0
mcs30_m2Dr4_s90.A04,mcs30_m2Dr4_s90.B04,dsb_never,56,49,9688739813,1000.02,1,4536549714,468.783,6170093613,6170093613,0
mcs30_m2Dr4_s90.A05,mcs30_m2Dr4_s90.B05,dsb_never,55,53,8746962045,1000.02,1,660959496,69.2808,5305177401,5305177401,0
mcs30_m2Dr4_s90.A06,mcs30_m2Dr4_s90.B06,dsb_never,55,47,4570124917,1000.02,1,1176519618,230.986,2970602581,2970602581,0
mcs30_m2Dr4_s90.A07,mcs30_m2Dr4_s90.B07,dsb_never,54,49,5415769884,1000.02,1,1395496960,242.683,3532321159,3532321159,0
mcs30_m2Dr4_s90.A08,mcs30_m2Dr4_s90.B08,dsb_never,56,51,4450112318,1000.02,1,1758909353,385.59,2773688728,2773688728,0
mcs30_m2Dr4_s90.A09,mcs30_m2Dr4_s90.B09,dsb_never,52,44,14705853912,1000.02,1,14259497836,969.331,11778851014,11778851014,0
mcs30_m2Dr6_s100.A00,mcs30_m2Dr6_s100.B00,dsb_never,58,52,9861371021,1000.02,1,1009612370,92.0394,6426924521,6426924521,0
mcs30_m2Dr6_s100.A01,mcs30_m2Dr6_s100.B01,dsb_never,58,50,8689276277,1000.02,1,8561309498,984.984,5484117892,5484117892,0
mcs30_m2Dr6_s100.A02,mcs30_m2Dr6_s100.B02,dsb_never,58,54,9303354672,1000.01,1,3645652306,382.228,5838410829,5838410829,0
mcs30_m2Dr6_s100.A03,mcs30_m2Dr6_s100.B03,dsb_never,57,52,9978328277,1000.01,1,440042471,40.5636,6303547757,6303547757,0
mcs30_m2Dr6_s100.A04,mcs30_m2Dr6_s100.B04,dsb_never,59,53,9986636055,1000.02,1,922942989,84.7993,6314013310,6314013310,0
mcs30_m2Dr6_s100.A05,mcs30_m2Dr6_s100.B05,dsb_never,58,53,8904842518,1000.02,1,3241836475,353.705,5821634207,5821634207,0
mcs30_m2Dr6_s100.A06,mcs30_m2Dr6_s100.B06,dsb_never,58,55,10648774229,1000,1,1896881240,93.2207,7198755832,7198755832,0
mcs30_m2Dr6_s100.A07,mcs30_m2Dr6_s100.B07,dsb_never,59,52,20818503555,1000.02,1,17873876451,651.958,15531838668,15531838668,0
mcs30_m2Dr6_s100.A08,mcs30_m2Dr6_s100.B08,dsb_never,59,56,11265858145,1000.01,1,10423912250,910.725,7527019827,7527019827,0
mcs30_m2Dr6_s100.A09,mcs30_m2Dr6_s100.B09,dsb_never,58,55,7336152491,1000.02,1,2246417620,295.495,4566227912,4566227912,0
mcs30_m2Dr6_s30.A00,mcs30_m2Dr6_s30.B00,dsb_never,21,17,3968134,0.540206,0,2451461,0.330558,2646591,2646591,0
mcs30_m2Dr6_s30.A01,mcs30_m2Dr6_s30.B01,dsb_never,21,18,6798051,0.728502,0,5002791,0.530809,4476365,4476365,0
mcs30_m2Dr6_s30.A02,mcs30_m2Dr6_s30.B02,dsb_never,20,23,15919357,3.48606,0,840230,0.182321,10681990,10681990,0
mcs30_m2Dr6_s30.A03,mcs30_m2Dr6_s30.B03,dsb_never,21,20,2105894,0.23628,0,655522,0.0687,1385804,1385804,0
mcs30_m2Dr6_s30.A04,mcs30_m2Dr6_s30.B04,dsb_never,20,20,9037597,1.0235,0,48552,0.00520718,5895296,5895296,0
mcs30_m2Dr6_s30.A05,mcs30_m2Dr6_s30.B05,dsb_never,20,19,11331075,1.2339,0,638673,0.064898,7453973,7453973,0
mcs30_m2Dr6_s30.A06,mcs30_m2Dr6_s30.B06,dsb_never,20,22,12688146,1.69731,0,2187738,0.283165,8322523,8322523,0
mcs30_m2Dr6_s30.A07,mcs30_m2Dr6_s30.B07,dsb_never,20,20,11688596,1.51728,0,1105919,0.152911,7865119,7865119,0
mcs30_m2Dr6_s30.A08,mcs30_m2Dr6_s30.B08,dsb_never,20,21,17858706,2.111,0,1035063,0.119548,11396403,11396403,0
mcs30_m2Dr6_s30.A09,mcs30_m2Dr6_s30.B09,dsb_never,21,23,8026173,0.919683,0,5159793,0.579199,5189660,5189660,0
mcs30_m2Dr6_s50.A00,mcs30_m2Dr6_s50.B00,dsb_never,32,32,8721743621,1000.02,1,444813568,50.0797,5680378597,5680378597,0
mcs30_m2Dr6_s50.A01,mcs30_m2Dr6_s50.B01,dsb_never,33,31,8801739016,1000.02,1,2588403019,276.565,5979830158,5979830158,0
mcs30_m2Dr6_s50.A02,mcs30_m2Dr6_s50.B02,dsb_never,32,32,4497141233,1000.02,1,126923034,27.3027,2948340256,2948340256,0
mcs30_m2Dr6_s50.A03,mcs30_m2Dr6_s50.B03,dsb_never,33,30,4373348854,1000.02,1,1058462820,233.64,2967395786,2967395786,0
mcs30_m2Dr6_s50.A04,mcs30_m2Dr6_s50.B04,dsb_never,33,32,4452416631,1000.02,1,2290320378,503.237,3038612284,3038612284,0
mcs30_m2Dr6_s50.A05,mcs30_m2Dr6_s50.B05,dsb_never,32,35,7997134189,1000.02,1,1453101581,176.604,5264491445,5264491445,0
mcs30_m2Dr6_s50.A06,mcs30_m2Dr6_s50.B06,dsb_never,34,28,7449569790,1000.02,1,1736847103,223.174,5259420341,5259420341,0
mcs30_m2Dr6_s50.A07,mcs30_m2Dr6_s50.B07,dsb_never,34,30,7796928844,1000.02,1,678809092,81.9251,5286003119,5286003119,0
mcs30_m2Dr6_s50.A08,mcs30_m2Dr6_s50.B08,dsb_never,33,28,8434303982,1000.02,1,271948221,31.7348,5645033819,5645033819,0
mcs30_m2Dr6_s50.A09,mcs30_m2Dr6_s50.B09,dsb_never,33,32,8873610778,1000.02,1,194492816,21.8681,5891271364,5891271364,0
mcs30_m2Dr6_s60.A00,mcs30_m2Dr6_s60.B00,dsb_never,38,40,4557252917,1000.02,1,723709278,160.187,3057854061,3057854061,0
mcs30_m2Dr6_s60.A01,mcs30_m2Dr6_s60.B01,dsb_never,39,35,8727709164,1000.02,1,7582443546,863.904,5779316555,5779316555,0
mcs30_m2Dr6_s60.A02,mcs30_m2Dr6_s60.B02,dsb_never,37,34,8921080934,1000.01,1,268602770,27.3304,5822612933,5822612933,0
mcs30_m2Dr6_s60.A03,mcs30_m2Dr6_s60.B03,dsb_never,39,38,8786967876,1000.02,1,3735965572,415.235,5855072688,5855072688,0
mcs30_m2Dr6_s60.A04,mcs30_m2Dr6_s60.B04,dsb_never,38,38,9295775699,1000.02,1,2815845380,294.069,6241803551,6241803551,0
mcs30_m2Dr6_s60.A05,mcs30_m2Dr6_s60.B05,dsb_never,38,35,8649893159,1000.01,1,66027563,7.46981,5795159225,5795159225,0
mcs30_m2Dr6_s60.A06,mcs30_m2Dr6_s60.B06,dsb_never,38,34,8741025957,1000.02,1,1506080658,157.811,6072676248,6072676248,0
mcs30_m2Dr6_s60.A07,mcs30_m2Dr6_s60.B07,dsb_never,38,40,8932203761,1000.02,1,573087324,53.9039,5981770963,5981770963,0
mcs30_m2Dr6_s60.A08,mcs30_m2Dr6_s60.B08,dsb_never,37,33,8834370791,1000.02,1,125857094,13.1929,5702659871,5702659871,0
mcs30_m2Dr6_s60.A09,mcs30_m2Dr6_s60.B09,dsb_never,38,36,8705174909,1000.01,1,1923561606,214.778,5836488158,5836488158,0
mcs30_m2Dr6_s70.A00,mcs30_m2Dr6_s70.B00,dsb_never,44,42,8921627449,1000.02,1,2106887618,226.188,5636587323,5636587323,0
mcs30_m2Dr6_s70.A01,mcs30_m2Dr6_s70.B01,dsb_never,42,38,7526636449,1000.01,1,2462134172,344.523,4807934113,4807934113,0
mcs30_m2Dr6_s70.A02,mcs30_m2Dr6_s70.B02,dsb_never,44,37,8251224720,1000.02,1,6346404537,755.227,5461985318,5461985318,0
mcs30_m2Dr6_s70.A03,mcs30_m2Dr6_s70.B03,dsb_never,43,41,9374988214,1000.01,1,5250087341,541.794,6075550175,6075550175,0
mcs30_m2Dr6_s70.A04,mcs30_m2Dr6_s70.B04,dsb_never,42,40,8195729426,1000.01,1,141630166,15.9015,5453415487,5453415487,0
mcs30_m2Dr6_s70.A05,mcs30_m2Dr6_s70.B05,dsb_never,43,41,9813705442,1000.02,1,6489406031,657.168,6394523373,6394523373,0
mcs30_m2Dr6_s70.A06,mcs30_m2Dr6_s70.B06,dsb_never,43,42,8556073946,1000.02,1,461378610,50.0659,5556746419,5556746419,0
mcs30_m2Dr6_s70.A07,mcs30_m2Dr6_s70.B07,dsb_never,44,40,8972388410,1000.02,1,6038094439,659.025,5954532615,5954532615,0
mcs30_m2Dr6_s70.A08,mcs30_m2Dr6_s70.B08,dsb_never,44,41,9099992743,1000.01,1,2252379083,228.677,6024384961,6024384961,0
mcs30_m2Dr6_s70.A09,mcs30_m2Dr6_s70.B09,dsb_never,41,41,9242351104,1000.01,1,519363620,54.1409,5911936125,5911936125,0
mcs30_m2Dr6_s80.A00,mcs30_m2Dr6_s80.B00,dsb_never,48,46,9095366871,1000.01,1,3305778698,353.737,5829653207,5829653207,0
mcs30_m2Dr6_s80.A01,mcs30_m2Dr6_s80.B01,dsb_never,49,48,8763351053,1000.01,1,132534351,14.7946,5697590613,5697590613,0
mcs30_m2Dr6_s80.A02,mcs30_m2Dr6_s80.B02,dsb_never,49,45,8942158692,1000.02,1,2283374198,254.984,5797867414,5797867414,0
mcs30_m2Dr6_s80.A03,mcs30_m2Dr6_s80.B03,dsb_never,48,46,9074029917,1000.02,1,5327093624,599.793,6177888598,6177888598,0
mcs30_m2Dr6_s80.A04,mcs30_m2Dr6_s80.B04,dsb_never,50,45,9236695557,1000.01,1,2136825034,234.292,6031509008,6031509008,0
mcs30_m2Dr6_s80.A05,mcs30_m2Dr6_s80.B05,dsb_never,48,37,9760493022,1000.01,1,7529630775,760.174,6559871577,6559871577,0
mcs30_m2Dr6_s80.A06,mcs30_m2Dr6_s80.B06,dsb_never,49,45,8538855325,1000.02,1,261154995,25.8024,5256408528,5256408528,0
mcs30_m2Dr6_s80.A07,mcs30_m2Dr6_s80.B07,dsb_never,48,46,8657736560,1000.01,1,671437096,72.9165,5441546167,5441546167,0
mcs30_m2Dr6_s80.A08,mcs30_m2Dr6_s80.B08,dsb_never,49,43,9017219740,1000.02,1,2476826330,260.589,5871227908,5871227908,0
mcs30_m2Dr6_s80.A09,mcs30_m2Dr6_s80.B09,dsb_never,48,47,9131656769,1000.02,1,4188594120,458.031,6058163893,6058163893,0
mcs30_m2Dr6_s90.A00,mcs30_m2Dr6_s90.B00,dsb_never,55,52,10943108154,1000.02,1,6716240353,487.387,7620400782,7620400782,0
mcs30_m2Dr6_s90.A01,mcs30_m2Dr6_s90.B01,dsb_never,52,42,10482357869,1000.02,1,1866184022,108.559,7093080445,7093080445,0
mcs30_m2Dr6_s90.A02,mcs30_m2Dr6_s90.B02,dsb_never,53,50,8065719530,1000.02,1,262616882,29.426,5073086781,5073086781,0
mcs30_m2Dr6_s90.A03,mcs30_m2Dr6_s90.B03,dsb_never,53,49,7073067869,1000.02,1,3971480310,553.167,4399448231,4399448231,0
mcs30_m2Dr6_s90.A04,mcs30_m2Dr6_s90.B04,dsb_never,54,50,8273569476,1000.01,1,4562340323,538.473,5153883526,5153883526,0
mcs30_m2Dr6_s90.A05,mcs30_m2Dr6_s90.B05,dsb_never,52,47,9097641437,1000.01,1,4812607454,534.131,5917430352,5917430352,0
mcs30_m2Dr6_s90.A06,mcs30_m2Dr6_s90.B06,dsb_never,52,53,9500126652,1000.01,1,212280534,20.2532,6679023804,6679023804,0
mcs30_m2Dr6_s90.A07,mcs30_m2Dr6_s90.B07,dsb_never,54,51,8223127718,1000.02,1,6122256963,733.738,5283123032,5283123032,0
mcs30_m2Dr6_s90.A08,mcs30_m2Dr6_s90.B08,dsb_never,53,50,9409650564,1000.02,1,9243892757,981.026,6111211580,6111211580,0
mcs30_m2Dr6_s90.A09,mcs30_m2Dr6_s90.B09,dsb_never,55,56,8394185280,1000.01,1,193704862,20.9756,5223208857,5223208857,0
mcs30_m3D_s100.A00,mcs30_m3D_s100.B00,dsb_never,58,52,9933951620,1000.01,1,4585460541,450.932,6794751118,6794751118,0
mcs30_m3D_s100.A01,mcs30_m3D_s100.B01,dsb_never,58,50,9190742488,1000.01,1,1672812444,192.515,6032175927,6032175927,0
mcs30_m3D_s100.A02,mcs30_m3D_s100.B02,dsb_never,58,48,9289222396,1000.01,1,3372464722,356.269,5974350250,5974350250,0
mcs30_m3D_s100.A03,mcs30_m3D_s100.B03,dsb_never,59,54,3997642229,1000.02,1,2938268740,728.697,2495783173,2495783173,0
mcs30_m3D_s100.A04,mcs30_m3D_s100.B04,dsb_never,57,55,8346893969,1000.01,1,1194031089,139.601,5231079988,5231079988,0
mcs30_m3D_s100.A05,mcs30_m3D_s100.B05,dsb_never,59,55,8368245509,1000.02,1,286591454,34.8999,5358786575,5358786575,0
mcs30_m3D_s100.A06,mcs30_m3D_s100.B06,dsb_never,60,56,8236739636,1000.01,1,2784083620,325.623,5186691167,5186691167,0
mcs30_m3D_s100.A07,mcs30_m3D_s100.B07,dsb_never,59,59,8414734637,1000.01,1,5830110384,675.034,5293377093,5293377093,0
mcs30_m3D_s100.A08,mcs30_m3D_s100.B08,dsb_never,60,66,7585453908,1000.02,1,5748955013,743.696,4683216888,4683216888,0
mcs30_m3D_s100.A09,mcs30_m3D_s100.B09,dsb_never,59,57,8120679453,1000.02,1,578901995,64.6821,5155709747,5155709747,0
mcs30_m3D_s25.A00,mcs30_m3D_s25.B00,dsb_never,18,16,957827,0.0946755,0,955026,0.0943447,610351,610351,0
mcs30_m3D_s25.A01,mcs30_m3D_s25.B01,dsb_never,18,18,263471,0.0277725,0,114431,0.0114459,170445,170445,0
mcs30_m3D_s25.A02,mcs30_m3D_s25.B02,dsb_never,18,17,1201373,0.123165,0,1113280,0.113992,763949,763949,0
mcs30_m3D_s25.A03,mcs30_m3D_s25.B03,dsb_never,18,17,1427609,0.147558,0,1375930,0.141962,918907,918907,0
mcs30_m3D_s25.A04,mcs30_m3D_s25.B04,dsb_never,18,19,837140,0.0918459,0,673499,0.0738618,529516,529516,0
mcs30_m3D_s25.A05,mcs30_m3D_s25.B05,dsb_never,17,17,1225098,0.1321,0,20697,0.0022848,787452,787452,0
mcs30_m3D_s25.A06,mcs30_m3D_s25.B06,dsb_never,18,19,2505818,0.263225,0,2459035,0.258329,1560899,1560899,0
mcs30_m3D_s25.A07,mcs30_m3D_s25.B07,dsb_never,17,16,1591412,0.154667,0,603170,0.0549525,1036679,1036679,0
mcs30_m3D_s25.A08,mcs30_m3D_s25.B08,dsb_never,18,19,588834,0.0653665,0,161368,0.0169978,370003,370003,0
mcs30_m3D_s25.A09,mcs30_m3D_s25.B09,dsb_never,18,20,859430,0.0905463,0,705283,0.0729828,553938,553938,0
mcs30_m3D_s30.A00,mcs30_m3D_s30.B00,dsb_never,21,17,4753715,0.529499,0,435592,0.0458304,3162646,3162646,0
mcs30_m3D_s30.A01,mcs30_m3D_s30.B01,dsb_never,21,20,13876357,1.44839,0,10113986,1.05529,8968637,8968637,0
mcs30_m3D_s30.A02,mcs30_m3D_s30.B02,dsb_never,21,20,6659385,0.717034,0,754702,0.0751252,4404946,4404946,0
mcs30_m3D_s30.A03,mcs30_m3D_s30.B03,dsb_never,21,24,5314765,0.57658,0,816209,0.0851517,3543323,3543323,0
mcs30_m3D_s30.A04,mcs30_m3D_s30.B04,dsb_never,21,19,10479754,1.16498,0,4988687,0.538461,6710901,6710901,0
mcs30_m3D_s30.A05,mcs30_m3D_s30.B05,dsb_never,21,18,16290096,1.66793,0,14286240,1.45295,10930306,10930306,0
mcs30_m3D_s30.A06,mcs30_m3D_s30.B06,dsb_never,21,19,14312625,1.51707,0,12424039,1.30512,9674958,9674958,0
mcs30_m3D_s30.A07,mcs30_m3D_s30.B07,dsb_never,21,18,11303037,1.25043,0,9514428,1.04718,7448752,7448752,0
mcs30_m3D_s30.A08,mcs30_m3D_s30.B08,dsb_never,21,18,4447050,0.497926,0,460459,0.0497243,2916504,2916504,0
mcs30_m3D_s30.A09,mcs30_m3D_s30.B09,dsb_never,21,20,4740550,0.547399,0,800533,0.0897594,3101179,3101179,0
mcs30_m3D_s40.A00,mcs30_m3D_s40.B00,dsb_never,28,25,645816122,66.6463,0,278569418,28.86,436601908,436601908,0
mcs30_m3D_s40.A01,mcs30_m3D_s40.B01,dsb_never,28,27,617710850,71.1053,0,134035667,14.2275,412221114,412221114,0
mcs30_m3D_s40.A02,mcs30_m3D_s40.B02,dsb_never,28,26,1546734184,174.405,0,1134788723,127.175,1031092312,1031092312,0
mcs30_m3D_s40.A03,mcs30_m3D_s40.B03,dsb_never,27,24,3071355282,344.773,0,219049500,23.5982,2025992471,2025992471,0
mcs30_m3D_s40.A04,mcs30_m3D_s40.B04,dsb_never,28,30,544412469,58.747,0,91064403,9.55207,365996796,365996796,0
mcs30_m3D_s40.A05,mcs30_m3D_s40.B05,dsb_never,28,26,402356209,47.0188,0,131773670,14.6776,263633245,263633245,0
mcs30_m3D_s40.A06,mcs30_m3D_s40.B06,dsb_never,28,21,1311941507,141.546,0,961049997,103.284,893547825,893547825,0
mcs30_m3D_s40.A07,mcs30_m3D_s40.B07,dsb_never,29,28,292610043,32.1756,0,267192755,29.2979,199378905,199378905,0
mcs30_m3D_s40.A08,mcs30_m3D_s40.B08,dsb_never,28,27,1640765495,185.989,0,1365010291,153.52,1103031271,1103031271,0
mcs30_m3D_s40.A09,mcs30_m3D_s40.B09,dsb_never,28,26,439818118,49.8584,0,153319747,17.2763,299744493,299744493,0
mcs30_m3D_s70.A00,mcs30_m3D_s70.B00,dsb_never,44,39,8409078747,1000.01,1,2391654442,272.551,5430897566,5430897566,0
mcs30_m3D_s70.A01,mcs30_m3D_s70.B01,dsb_never,42,37,9409615761,1000.02,1,1571694601,161.831,6225692945,6225692945,0
mcs30_m3D_s70.A02,mcs30_m3D_s70.B02,dsb_never,44,48,8314588326,1000.02,1,6139612527,729.652,5094438009,5094438009,0
mcs30_m3D_s70.A03,mcs30_m3D_s70.B03,dsb_never,44,40,8728398486,1000.01,1,1504757552,160.079,5620814332,5620814332,0
mcs30_m3D_s70.A04,mcs30_m3D_s70.B04,dsb_never,43,42,9114989691,1000.01,1,80639800,8.05443,5957880821,5957880821,0
mcs30_m3D_s70.A05,mcs30_m3D_s70.B05,dsb_never,45,41,8392041105,1000.02,1,1965759668,221.507,5394877735,5394877735,0
mcs30_m3D_s70.A06,mcs30_m3D_s70.B06,dsb_never,43,43,8562648779,1000.02,1,11939319,1.36175,5612958610,5612958610,0
mcs30_m3D_s70.A07,mcs30_m3D_s70.B07,dsb_never,44,47,8671178646,1000.02,1,198224872,22.2482,5478409030,5478409030,0
mcs30_m3D_s70.A08,mcs30_m3D_s70.B08,dsb_never,43,41,8806254986,1000.02,1,889738126,95.8772,5697316684,5697316684,0
mcs30_m3D_s70.A09,mcs30_m3D_s70.B09,dsb_never,44,40,8309259699,1000.01,1,1799645891,208.146,5344076616,5344076616,0
mcs30_m3D_s80.A00,mcs30_m3D_s80.B00,dsb_never,47,50,8498271507,1000.01,1,235950259,26.2567,5366467519,5366467519,0
mcs30_m3D_s80.A01,mcs30_m3D_s80.B01,dsb_never,48,43,9377745613,1000.02,1,92241542,10.7005,6041046584,6041046584,0
mcs30_m3D_s80.A02,mcs30_m3D_s80.B02,dsb_never,48,43,9247201136,1000.02,1,4307183413,458.957,5952515995,5952515995,0
mcs30_m3D_s80.A03,mcs30_m3D_s80.B03,dsb_never,50,52,9127208689,1000.02,1,1251298998,116.272,6055614629,6055614629,0
mcs30_m3D_s80.A04,mcs30_m3D_s80.B04,dsb_never,48,46,8801494587,1000.02,1,42104035,4.31674,5443111193,5443111193,0
mcs30_m3D_s80.A05,mcs30_m3D_s80.B05,dsb_never,47,43,8045952637,1000.01,1,394205135,47.9376,5003103207,5003103207,0
mcs30_m3D_s80.A06,mcs30_m3D_s80.B06,dsb_never,47,44,9798884590,1000.02,1,2649522229,275.744,6324976261,6324976261,0
mcs30_m3D_s80.A07,mcs30_m3D_s80.B07,dsb_never,49,44,8757437902,1000.01,1,996076200,106.1,5940814296,5940814296,0
mcs30_m3D_s80.A08,mcs30_m3D_s80.B08,dsb_never,50,47,8259476217,1000.01,1,1182954461,136.044,5178853626,5178853626,0
mcs30_m3D_s80.A09,mcs30_m3D_s80.B09,dsb_never,47,44,7692969289,1000.01,1,332020749,35.7205,4926062899,4926062899,0
mcs30_m3D_s90.A00,mcs30_m3D_s90.B00,dsb_never,53,52,9341191137,1000.02,1,1760682039,184.077,6120811254,6120811254,0
mcs30_m3D_s90.A01,mcs30_m3D_s90.B01,dsb_never,54,49,8815585069,1000.02,1,98383872,9.21141,5835273509,5835273509,0
mcs30_m3D_s90.A02,mcs30_m3D_s90.B02,dsb_never,55,56,9555587382,1000.02,1,4909122008,501.683,6146597288,6146597288,0
mcs30_m3D_s90.A03,mcs30_m3D_s90.B03,dsb_never,53,50,8992847610,1000.02,1,2364533535,240.656,6156572349,6156572349,0
mcs30_m3D_s90.A04,mcs30_m3D_s90.B04,dsb_never,53,46,9107833979,1000.01,1,4948260462,523.764,5833657894,5833657894,0
mcs30_m3D_s90.A05,mcs30_m3D_s90.B05,dsb_never,52,48,8717502781,1000.02,1,633836181,65.6722,5585686275,5585686275,0
mcs30_m3D_s90.A06,mcs30_m3D_s90.B06,dsb_never,55,58,8539568807,1000.01,1,3518161198,395.061,5418712174,5418712174,0
mcs30_m3D_s90.A07,mcs30_m3D_s90.B07,dsb_never,55,51,8831076133,1000.01,1,1710718442,188.529,5489916381,5489916381,0
mcs30_m3D_s90.A08,mcs30_m3D_s90.B08,dsb_never,54,46,9552729610,1000.02,1,6136447380,623.015,6566488828,6566488828,0
mcs30_m3D_s90.A09,mcs30_m3D_s90.B09,dsb_never,53,46,9742332574,1000.01,1,331655107,21.7289,6542789351,6542789351,0
mcs30_m3Dr2_s100.A00,mcs30_m3Dr2_s100.B00,dsb_never,58,56,8054550776,1000.02,1,4123505104,489.354,5059363892,5059363892,0
mcs30_m3Dr2_s100.A01,mcs30_m3Dr2_s100.B01,dsb_never,55,54,8499284641,1000.01,1,177529086,21.2745,5201235738,5201235738,0
mcs30_m3Dr2_s100.A02,mcs30_m3Dr2_s100.B02,dsb_never,55,54,8915186720,1000.01,1,2804550219,299.297,5709808883,5709808883,0
mcs30_m3Dr2_s100.A03,mcs30_m3Dr2_s100.B03,dsb_never,55,55,8938599636,1000.02,1,185183123,18.0033,5810902179,5810902179,0
mcs30_m3Dr2_s100.A04,mcs30_m3Dr2_s100.B04,dsb_never,56,56,8464798941,1000.02,1,3579651875,408.2,5278152503,5278152503,0
mcs30_m3Dr2_s100.A05,mcs30_m3Dr2_s100.B05,dsb_never,54,52,11082763326,1000.02,1,3391790713,137.73,7339244306,7339244306,0
mcs30_m3Dr2_s100.A06,mcs30_m3Dr2_s100.B06,dsb_never,56,54,8236126664,1000.01,1,1113231681,115.462,5079326983,5079326983,0
mcs30_m3Dr2_s100.A07,mcs30_m3Dr2_s100.B07,dsb_never,57,54,8836962805,1000.02,1,6412193531,722.208,5427679097,5427679097,0
mcs30_m3Dr2_s100.A08,mcs30_m3Dr2_s100.B08,dsb_never,54,51,9904922888,1000.02,1,782962795,71.1536,5965474078,5965474078,0
mcs30_m3Dr2_s100.A09,mcs30_m3Dr2_s100.B09,dsb_never,56,52,7954904096,1000.01,1,3136739115,375.449,4983020062,4983020062,0
mcs30_m3Dr2_s25.A00,mcs30_m3Dr2_s25.B00,dsb_never,17,18,506592,0.0551505,0,45859,0.00460062,327243,327243,0
mcs30_m3Dr2_s25.A01,mcs30_m3Dr2_s25.B01,dsb_never,17,19,904380,0.107062,0,43850,0.00502194,584557,584557,0
mcs30_m3Dr2_s25.A02,mcs30_m3Dr2_s25.B02,dsb_never,17,18,1891206,0.205063,0,1301577,0.137992,1232405,1232405,0
mcs30_m3Dr2_s25.A03,mcs30_m3Dr2_s25.B03,dsb_never,18,19,322030,0.0384781,0,146243,0.0169972,207084,207084,0
mcs30_m3Dr2_s25.A04,mcs30_m3Dr2_s25.B04,dsb_never,17,19,1202444,0.134587,0,186614,0.019388,775660,775660,0
mcs30_m3Dr2_s25.A05,mcs30_m3Dr2_s25.B05,dsb_never,18,19,669976,0.0804134,0,644755,0.0774302,430249,430249,0
mcs30_m3Dr2_s25.A06,mcs30_m3Dr2_s25.B06,dsb_never,17,18,747399,0.0770745,0,151717,0.0149996,504256,504256,0
mcs30_m3Dr2_s25.A07,mcs30_m3Dr2_s25.B07,dsb_never,17,20,1086375,0.124299,0,250915,0.0279791,694171,694171,0
mcs30_m3Dr2_s25.A08,mcs30_m3Dr2_s25.B08,dsb_never,17,16,1018041,0.10714,0,431205,0.0429398,651603,651603,0
mcs30_m3Dr2_s25.A09,mcs30_m3Dr2_s25.B09,dsb_never,17,17,1095727,0.116098,0,353312,0.0361445,689753,689753,0
mcs30_m3Dr2_s30.A00,mcs30_m3Dr2_s30.B00,dsb_never,21,21,7267894,0.825973,0,6994769,0.794725,4798100,4798100,0
mcs30_m3Dr2_s30.A01,mcs30_m3Dr2_s30.B01,dsb_never,21,21,9983674,1.11229,0,9488242,1.05662,6494702,6494702,0
mcs30_m3Dr2_s30.A02,mcs30_m3Dr2_s30.B02,dsb_never,20,20,17318815,1.97737,0,276662,0.0308511,11371111,11371111,0
mcs30_m3Dr2_s30.A03,mcs30_m3Dr2_s30.B03,dsb_never,20,20,12066828,1.38079,0,1566854,0.170354,7967807,7967807,0
mcs30_m3Dr2_s30.A04,mcs30_m3Dr2_s30.B04,dsb_never,20,23,11368099,1.3203,0,111361,0.0126918,7429428,7429428,0
mcs30_m3Dr2_s30.A05,mcs30_m3Dr2_s30.B05,dsb_never,20,22,6619907,0.735586,0,121519,0.0126538,4583681,4583681,0
mcs30_m3Dr2_s30.A06,mcs30_m3Dr2_s30.B06,dsb_never,21,22,8919787,1.06306,0,6137069,0.72096,5750434,5750434,0
mcs30_m3Dr2_s30.A07,mcs30_m3Dr2_s30.B07,dsb_never,20,17,12561705,1.32746,0,564687,0.0579302,8663433,8663433,0
mcs30_m3Dr2_s30.A08,mcs30_m3Dr2_s30.B08,dsb_never,20,24,27225837,3.02951,0,580116,0.0612524,17139760,17139760,0
mcs30_m3Dr2_s30.A09,mcs30_m3Dr2_s30.B09,dsb_never,20,21,12605722,1.35216,0,2746919,0.286356,8377135,8377135,0
mcs30_m3Dr2_s40.A00,mcs30_m3Dr2_s40.B00,dsb_never,27,25,796955298,95.4356,0,124960191,14.2888,537124912,537124912,0
mcs30_m3Dr2_s40.A01,mcs30_m3Dr2_s40.B01,dsb_never,27,31,619122582,71.8909,0,15421425,1.66567,422590059,422590059,0
mcs30_m3Dr2_s40.A02,mcs30_m3Dr2_s40.B02,dsb_never,27,22,1657621551,188.565,0,941018300,105.557,1113289923,1113289923,0
mcs30_m3Dr2_s40.A03,mcs30_m3Dr2_s40.B03,dsb_never,27,28,1250444122,147.297,0,669266567,78.468,817566580,817566580,0
mcs30_m3Dr2_s40.A04,mcs30_m3Dr2_s40.B04,dsb_never,27,28,2304314989,261.71,0,1994187675,224.36,1563174058,1563174058,0
mcs30_m3Dr2_s40.A05,mcs30_m3Dr2_s40.B05,dsb_never,28,29,563758250,67.8231,0,522415510,62.6484,385124728,385124728,0
mcs30_m3Dr2_s40.A06,mcs30_m3Dr2_s40.B06,dsb_never,27,23,1614704950,194.405,0,947535913,112.535,1068777998,1068777998,0
mcs30_m3Dr2_s40.A07,mcs30_m3Dr2_s40.B07,dsb_never,27,25,2858306514,322.466,0,1748668829,194.565,1893082530,1893082530,0
mcs30_m3Dr2_s40.A08,mcs30_m3Dr2_s40.B08,dsb_never,27,24,908312571,106.627,0,70535229,8.03034,605104866,605104866,0
mcs30_m3Dr2_s40.A09,mcs30_m3Dr2_s40.B09,dsb_never,27,25,2309748814,250.879,0,2231823166,242.353,1560825855,1560825855,0
mcs30_m3Dr2_s70.A00,mcs30_m3Dr2_s70.B00,dsb_never,41,38,8218877323,1000.01,1,1314524064,152.28,5308259672,5308259672,0
mcs30_m3Dr2_s70.A01,mcs30_m3Dr2_s70.B01,dsb_never,42,45,8465409335,1000.02,1,165956051,17.7863,5523979997,5523979997,0
mcs30_m3Dr2_s70.A02,mcs30_m3Dr2_s70.B02,dsb_never,42,41,8908555924,1000,1,3870411916,417.317,5862586774,5862586774,0
mcs30_m3Dr2_s70.A03,mcs30_m3Dr2_s70.B03,dsb_never,42,41,8183409243,1000,1,418988013,52.0295,5109247922,5109247922,0
mcs30_m3Dr2_s70.A04,mcs30_m3Dr2_s70.B04,dsb_never,42,41,8627490930,1000.02,1,917725057,104.173,5598270886,5598270886,0
mcs30_m3Dr2_s70.A05,mcs30_m3Dr2_s70.B05,dsb_never,42,39,8891145198,1000.02,1,1956625813,220.124,5825631297,5825631297,0
mcs30_m3Dr2_s70.A06,mcs30_m3Dr2_s70.B06,dsb_never,42,37,8969364334,1000.01,1,3710407553,416.652,5894698576,5894698576,0
mcs30_m3Dr2_s70.A07,mcs30_m3Dr2_s70.B07,dsb_never,42,41,8499175076,1000.01,1,1561254493,173.314,5432877522,5432877522,0
mcs30_m3Dr2_s70.A08,mcs30_m3Dr2_s70.B08,dsb_never,41,40,8610769341,1000.01,1,4876772698,564.986,5463837955,5463837955,0
mcs30_m3Dr2_s70.A09,mcs30_m3Dr2_s70.B09,dsb_never,40,41,7387370569,1000.01,1,36195887,4.43684,4674807733,4674807733,0
mcs30_m3Dr2_s80.A00,mcs30_m3Dr2_s80.B00,dsb_never,48,40,8425276696,1000.01,1,2305400481,248.189,5548496425,5548496425,0
mcs30_m3Dr2_s80.A01,mcs30_m3Dr2_s80.B01,dsb_never,46,46,7916713365,1000.02,1,90984399,10.6677,4825323420,4825323420,0
mcs30_m3Dr2_s80.A02,mcs30_m3Dr2_s80.B02,dsb_never,48,52,8434461659,1000.02,1,2126071835,253.773,5454151066,5454151066,0
mcs30_m3Dr2_s80.A03,mcs30_m3Dr2_s80.B03,dsb_never,47,50,8172188405,1000.01,1,1444619326,169.669,5553981029,5553981029,0
mcs30_m3Dr2_s80.A04,mcs30_m3Dr2_s80.B04,dsb_never,47,47,8506948045,1000.01,1,1351242430,148.58,5294101932,5294101932,0
mcs30_m3Dr2_s80.A05,mcs30_m3Dr2_s80.B05,dsb_never,47,43,8783283160,1000.02,1,1900862974,208.816,5695455584,5695455584,0
mcs30_m3Dr2_s80.A06,mcs30_m3Dr2_s80.B06,dsb_never,47,47,8586547219,1000.02,1,3239330158,365.737,5569113058,5569113058,0
mcs30_m3Dr2_s80.A07,mcs30_m3Dr2_s80.B07,dsb_never,48,47,8901866104,1000.02,1,2644577149,297.907,5692006930,5692006930,0
mcs30_m3Dr2_s80.A08,mcs30_m3Dr2_s80.B08,dsb_never,46,41,8517430628,1000.02,1,170408439,19.391,5531796685,5531796685,0
mcs30_m3Dr2_s80.A09,mcs30_m3Dr2_s80.B09,dsb_never,47,45,3785132991,1000.02,1,1222255101,321.389,2344421058,2344421058,0
mcs30_m3Dr2_s90.A00,mcs30_m3Dr2_s90.B00,dsb_never,53,49,5193912767,1000.01,1,2246560349,392.748,3597927680,3597927680,0
mcs30_m3Dr2_s90.A01,mcs30_m3Dr2_s90.B01,dsb_never,51,55,4217118354,1000.02,1,360937983,85.5311,2636995039,2636995039,0
mcs30_m3Dr2_s90.A02,mcs30_m3Dr2_s90.B02,dsb_never,51,51,4366244675,1000.02,1,590951756,128.687,2680086479,2680086479,0
mcs30_m3Dr2_s90.A03,mcs30_m3Dr2_s90.B03,dsb_never,52,49,8454207370,1000.02,1,3525130838,401.349,5262290583,5262290583,0
mcs30_m3Dr2_s90.A04,mcs30_m3Dr2_s90.B04,dsb_never,51,50,8819275640,1000.02,1,28393933,2.54291,5591727927,5591727927,0
mcs30_m3Dr2_s90.A05,mcs30_m3Dr2_s90.B05,dsb_never,54,49,7674779487,1000.02,1,539738326,61.5424,4990300130,4990300130,0
mcs30_m3Dr2_s90.A06,mcs30_m3Dr2_s90.B06,dsb_never,51,45,8654651750,1000.02,1,1320259049,146.701,5513907887,5513907887,0
mcs30_m3Dr2_s90.A07,mcs30_m3Dr2_s90.B07,dsb_never,50,52,9215392732,1000.01,1,1175270979,127.105,6346404572,6346404572,0
mcs30_m3Dr2_s90.A08,mcs30_m3Dr2_s90.B08,dsb_never,53,47,8839965612,1000.02,1,1620421188,160.919,5720914475,5720914475,0
mcs30_m3Dr2_s90.A09,mcs30_m3Dr2_s90.B09,dsb_never,54,49,8188836704,1000.02,1,3366547046,402.313,5170914883,5170914883,0
mcs30_m3Dr4_s100.A00,mcs30_m3Dr4_s100.B00,dsb_never,55,54,8583392249,1000.02,1,8011815244,933.332,5393884351,5393884351,0
mcs30_m3Dr4_s100.A01,mcs30_m3Dr4_s100.B01,dsb_never,55,53,7531298889,1000.02,1,128136653,14.72,4769943110,4769943110,0
mcs30_m3Dr4_s100.A02,mcs30_m3Dr4_s100.B02,dsb_never,56,49,6921587044,1000.02,1,2154798496,308.767,4406076786,4406076786,0
mcs30_m3Dr4_s100.A03,mcs30_m3Dr4_s100.B03,dsb_never,56,59,7519162258,1000.01,1,487864971,60.0355,4648636384,4648636384,0
mcs30_m3Dr4_s100.A04,mcs30_m3Dr4_s100.B04,dsb_never,56,60,7449773562,1000.01,1,1713288487,233.223,4627546705,4627546705,0
mcs30_m3Dr4_s100.A05,mcs30_m3Dr4_s100.B05,dsb_never,54,49,7053547008,1000.01,1,5311804570,740.274,4385116190,4385116190,0
mcs30_m3Dr4_s100.A06,mcs30_m3Dr4_s100.B06,dsb_never,55,52,8395041885,1000.01,1,6458890789,750.133,5277113077,5277113077,0
mcs30_m3Dr4_s100.A07,mcs30_m3Dr4_s100.B07,dsb_never,55,51,8585640632,1000.01,1,3676367228,410.831,5354941402,5354941402,0
mcs30_m3Dr4_s100.A08,mcs30_m3Dr4_s100.B08,dsb_never,53,50,8435773452,1000.02,1,1748116571,203.834,5236520157,5236520157,0
mcs30_m3Dr4_s100.A09,mcs30_m3Dr4_s100.B09,dsb_never,55,51,8316404923,1000.02,1,877232666,102.153,5409108165,5409108165,0
mcs30_m3Dr4_s25.A00,mcs30_m3Dr4_s25.B00,dsb_never,17,18,621924,0.0757441,0,156038,0.0183957,396167,396167,0
mcs30_m3Dr4_s25.A01,mcs30_m3Dr4_s25.B01,dsb_never,17,22,1026482,0.244168,0,312224,0.0729802,662248,662248,0
mcs30_m3Dr4_s25.A02,mcs30_m3Dr4_s25.B02,dsb_never,17,22,1027625,0.246758,0,647605,0.156423,659276,659276,0
mcs30_m3Dr4_s25.A03,mcs30_m3Dr4_s25.B03,dsb_never,16,18,2736925,0.606704,0,205534,0.0446267,1781933,1781933,0
mcs30_m3Dr4_s25.A04,mcs30_m3Dr4_s25.B04,dsb_never,17,17,768589,0.0916438,0,18216,0.00222042,497216,497216,0
mcs30_m3Dr4_s25.A05,mcs30_m3Dr4_s25.B05,dsb_never,17,18,823349,0.19869,0,420644,0.0954743,530354,530354,0
mcs30_m3Dr4_s25.A06,mcs30_m3Dr4_s25.B06,dsb_never,17,21,1042348,0.233117,0,647578,0.142612,667590,667590,0
mcs30_m3Dr4_s25.A07,mcs30_m3Dr4_s25.B07,dsb_never,17,19,2039459,0.47878,0,1844775,0.43208,1287836,1287836,0
mcs30_m3Dr4_s25.A08,mcs30_m3Dr4_s25.B08,dsb_never,16,19,1658947,0.187571,0,159824,0.0171464,1084608,1084608,0
mcs30_m3Dr4_s25.A09,mcs30_m3Dr4_s25.B09,dsb_never,17,16,426766,0.0508307,0,39037,0.00440579,275688,275688,0
mcs30_m3Dr4_s30.A00,mcs30_m3Dr4_s30.B00,dsb_never,20,22,21567231,2.38705,0,18132694,1.98913,14122701,14122701,0
mcs30_m3Dr4_s30.A01,mcs30_m3Dr4_s30.B01,dsb_never,20,20,5887879,0.722001,0,1372992,0.159912,3872121,3872121,0
mcs30_m3Dr4_s30.A02,mcs30_m3Dr4_s30.B02,dsb_never,20,21,12923694,1.5915,0,1508650,0.181258,8317109,8317109,0
mcs30_m3Dr4_s30.A03,mcs30_m3Dr4_s30.B03,dsb_never,20,19,11214115,2.76114,0,7198540,1.76046,7259015,7259015,0
mcs30_m3Dr4_s30.A04,mcs30_m3Dr4_s30.B04,dsb_never,20,20,20764168,4.95725,0,14782535,3.50005,13631277,13631277,0
mcs30_m3Dr4_s30.A05,mcs30_m3Dr4_s30.B05,dsb_never,19,21,32891550,6.94228,0,834706,0.166994,21679803,21679803,0
mcs30_m3Dr4_s30.A06,mcs30_m3Dr4_s30.B06,dsb_never,19,19,24121949,5.54921,0,4848897,1.03967,16001620,16001620,0
mcs30_m3Dr4_s30.A07,mcs30_m3Dr4_s30.B07,dsb_never,20,23,23650924,2.75765,0,15184005,1.77695,15412390,15412390,0
mcs30_m3Dr4_s30.A08,mcs30_m3Dr4_s30.B08,dsb_never,20,22,5885128,0.698562,0,1827012,0.20464,3939756,3939756,0
mcs30_m3Dr4_s30.A09,mcs30_m3Dr4_s30.B09,dsb_never,20,22,10232772,1.23735,0,5135569,0.61814,6700810,6700810,0
mcs30_m3Dr4_s40.A00,mcs30_m3Dr4_s40.B00,dsb_never,26,28,1376367949,168.724,0,7081592,0.791085,931584333,931584333,0
mcs30_m3Dr4_s40.A01,mcs30_m3Dr4_s40.B01,dsb_never,26,27,6148954088,737.274,0,5554840518,664.911,4092228931,4092228931,0
mcs30_m3Dr4_s40.A02,mcs30_m3Dr4_s40.B02,dsb_never,26,26,2185084914,255.657,0,430310823,49.7037,1482611202,1482611202,0
mcs30_m3Dr4_s40.A03,mcs30_m3Dr4_s40.B03,dsb_never,26,25,3962916083,462.888,0,2761620158,321.966,2670267672,2670267672,0
mcs30_m3Dr4_s40.A04,mcs30_m3Dr4_s40.B04,dsb_never,26,29,7007816096,842.429,0,6542470998,785.22,4631244899,4631244899,0
mcs30_m3Dr4_s40.A05,mcs30_m3Dr4_s40.B05,dsb_never,26,25,2623404007,312.579,0,1676679228,199.468,1739266070,1739266070,0
mcs30_m3Dr4_s40.A06,mcs30_m3Dr4_s40.B06,dsb_never,27,26,2767272584,653.453,0,2741367416,647.282,1834435434,1834435434,0
mcs30_m3Dr4_s40.A07,mcs30_m3Dr4_s40.B07,dsb_never,27,28,1683827176,429.455,0,1573265264,400.914,1113207253,1113207253,0
mcs30_m3Dr4_s40.A08,mcs30_m3Dr4_s40.B08,dsb_never,26,29,3543435931,872.836,0,782430989,187.437,2332916667,2332916667,0
mcs30_m3Dr4_s40.A09,mcs30_m3Dr4_s40.B09,dsb_never,26,31,3500062456,849.474,0,422538151,100.585,2302323883,2302323883,0
mcs30_m3Dr4_s70.A00,mcs30_m3Dr4_s70.B00,dsb_never,40,40,8496106218,1000.02,1,1509575482,172.815,5488483645,5488483645,0
mcs30_m3Dr4_s70.A01,mcs30_m3Dr4_s70.B01,dsb_never,39,37,8321299682,1000.01,1,245827890,27.5173,5160177901,5160177901,0
mcs30_m3Dr4_s70.A02,mcs30_m3Dr4_s70.B02,dsb_never,42,41,7782306890,1000.01,1,2858440687,359.951,4966511917,4966511917,0
mcs30_m3Dr4_s70.A03,mcs30_m3Dr4_s70.B03,dsb_never,39,38,8493323946,1000.01,1,5122182453,592.081,5445701003,5445701003,0
mcs30_m3Dr4_s70.A04,mcs30_m3Dr4_s70.B04,dsb_never,41,44,7728341860,1000.02,1,281895609,36.7938,4850900284,4850900284,0
mcs30_m3Dr4_s70.A05,mcs30_m3Dr4_s70.B05,dsb_never,40,39,7940758135,1000.02,1,1445283955,177.133,5110112978,5110112978,0
mcs30_m3Dr4_s70.A06,mcs30_m3Dr4_s70.B06,dsb_never,41,40,8812639344,1000.01,1,4645545832,512.801,5800009826,5800009826,0
mcs30_m3Dr4_s70.A07,mcs30_m3Dr4_s70.B07,dsb_never,41,41,7739805367,1000.01,1,2910262974,361.333,4929713071,4929713071,0
mcs30_m3Dr4_s70.A08,mcs30_m3Dr4_s70.B08,dsb_never,40,37,6299195176,1000.01,1,1691484473,252.989,4065837624,4065837624,0
mcs30_m3Dr4_s70.A09,mcs30_m3Dr4_s70.B09,dsb_never,39,41,7288180357,1000.01,1,3090186528,424.469,4672795903,4672795903,0
mcs30_m3Dr4_s80.A00,mcs30_m3Dr4_s80.B00,dsb_never,45,41,8507281997,1000.01,1,508397925,55.625,5297948561,5297948561,0
mcs30_m3Dr4_s80.A01,mcs30_m3Dr4_s80.B01,dsb_never,46,47,8126734792,1000.01,1,2127000823,248.881,5564471846,5564471846,0
mcs30_m3Dr4_s80.A02,mcs30_m3Dr4_s80.B02,dsb_never,45,45,7908534101,1000.01,1,1173080234,141.194,4986405316,4986405316,0
mcs30_m3Dr4_s80.A03,mcs30_m3Dr4_s80.B03,dsb_never,46,43,8146673411,1000.02,1,381443984,42.7753,5243358590,5243358590,0
mcs30_m3Dr4_s80.A04,mcs30_m3Dr4_s80.B04,dsb_never,45,43,8284956654,1000.02,1,174760981,18.0741,5221469723,5221469723,0
mcs30_m3Dr4_s80.A05,mcs30_m3Dr4_s80.B05,dsb_never,46,42,8141205557,1000.02,1,4191395900,506.448,5035683519,5035683519,0
mcs30_m3Dr4_s80.A06,mcs30_m3Dr4_s80.B06,dsb_never,45,43,8531196451,1000.01,1,1653584418,192.145,5549776710,5549776710,0
mcs30_m3Dr4_s80.A07,mcs30_m3Dr4_s80.B07,dsb_never,45,48,8017726519,1000.02,1,16956103,0.957289,5037970776,5037970776,0
mcs30_m3Dr4_s80.A08,mcs30_m3Dr4_s80.B08,dsb_never,46,44,8359658518,1000.01,1,3216495084,378.31,5312029513,5312029513,0
mcs30_m3Dr4_s80.A09,mcs30_m3Dr4_s80.B09,dsb_never,44,45,8432438286,1000.01,1,231278729,24.584,5296155527,5296155527,0
mcs30_m3Dr4_s90.A00,mcs30_m3Dr4_s90.B00,dsb_never,50,50,7950857286,1000.02,1,5430021589,660.872,5177295862,5177295862,0
mcs30_m3Dr4_s90.A01,mcs30_m3Dr4_s90.B01,dsb_never,48,45,8476882525,1000.02,1,688946536,74.7988,5252772706,5252772706,0
mcs30_m3Dr4_s90.A02,mcs30_m3Dr4_s90.B02,dsb_never,51,48,8867953569,1000.02,1,1180867514,122.802,5682594820,5682594820,0
mcs30_m3Dr4_s90.A03,mcs30_m3Dr4_s90.B03,dsb_never,50,49,8510062363,1000.02,1,3540219910,396.656,5230531517,5230531517,0
mcs30_m3Dr4_s90.A04,mcs30_m3Dr4_s90.B04,dsb_never,49,46,8524040340,1000.01,1,2682193700,300.132,5429044275,5429044275,0
mcs30_m3Dr4_s90.A05,mcs30_m3Dr4_s90.B05,dsb_never,53,51,7923872131,1000.01,1,7007017278,881.416,4891370032,4891370032,0
mcs30_m3Dr4_s90.A06,mcs30_m3Dr4_s90.B06,dsb_never,50,49,8696009994,1000.02,1,3693702736,402.982,5554744253,5554744253,0
mcs30_m3Dr4_s90.A07,mcs30_m3Dr4_s90.B07,dsb_never,51,48,8510101072,1000.02,1,2012514737,229.808,5380768569,5380768569,0
mcs30_m3Dr4_s90.A08,mcs30_m3Dr4_s90.B08,dsb_never,50,49,8490497903,1000.02,1,5844063204,680.859,5325294230,5325294230,0
mcs30_m3Dr4_s90.A09,mcs30_m3Dr4_s90.B09,dsb_never,52,52,8446774404,1000.02,1,2447620439,273.425,5354402495,5354402495,0
mcs30_m3Dr6_s100.A00,mcs30_m3Dr6_s100.B00,dsb_never,52,49,9953906857,1000.02,1,5048557244,496.006,6690603242,6690603242,0
mcs30_m3Dr6_s100.A01,mcs30_m3Dr6_s100.B01,dsb_never,53,50,7920200174,1000.01,1,2811025531,346.096,5045547246,5045547246,0
mcs30_m3Dr6_s100.A02,mcs30_m3Dr6_s100.B02,dsb_never,54,53,6953863939,1000.01,1,3258267079,467.61,4279289105,4279289105,0
mcs30_m3Dr6_s100.A03,mcs30_m3Dr6_s100.B03,dsb_never,52,48,8489521487,1000.02,1,438256714,49.6381,5264680686,5264680686,0
mcs30_m3Dr6_s100.A04,mcs30_m3Dr6_s100.B04,dsb_never,52,49,8846003744,1000.02,1,4306774846,467.749,5495352983,5495352983,0
mcs30_m3Dr6_s100.A05,mcs30_m3Dr6_s100.B05,dsb_never,53,50,8009139725,1000.02,1,1117628657,131.216,4903157607,4903157607,0
mcs30_m3Dr6_s100.A06,mcs30_m3Dr6_s100.B06,dsb_never,54,50,7936202715,1000.01,1,1023344904,111.328,4997765936,4997765936,0
mcs30_m3Dr6_s100.A07,mcs30_m3Dr6_s100.B07,dsb_never,54,56,7449936080,1000.01,1,230586378,28.4822,4732118112,4732118112,0
mcs30_m3Dr6_s100.A08,mcs30_m3Dr6_s100.B08,dsb_never,51,55,8356154535,1000.02,1,40109093,4.63501,5470512938,5470512938,0
mcs30_m3Dr6_s100.A09,mcs30_m3Dr6_s100.B09,dsb_never,51,47,9235708385,1000.01,1,2104656218,215.006,5857360195,5857360195,0
mcs30_m3Dr6_s25.A00,mcs30_m3Dr6_s25.B00,dsb_never,16,18,3062064,0.359622,0,1237575,0.143144,1929676,1929676,0
mcs30_m3Dr6_s25.A01,mcs30_m3Dr6_s25.B01,dsb_never,16,19,1938260,0.223496,0,185473,0.0201741,1242348,1242348,0
mcs30_m3Dr6_s25.A02,mcs30_m3Dr6_s25.B02,dsb_never,16,23,1186593,0.137904,0,106535,0.0125496,773396,773396,0
mcs30_m3Dr6_s25.A03,mcs30_m3Dr6_s25.B03,dsb_never,16,24,1365419,0.336118,0,42489,0.0103884,872708,872708,0
mcs30_m3Dr6_s25.A04,mcs30_m3Dr6_s25.B04,dsb_never,16,18,2178663,0.276176,0,918052,0.113377,1383900,1383900,0
mcs30_m3Dr6_s25.A05,mcs30_m3Dr6_s25.B05,dsb_never,16,20,1486819,0.178126,0,231673,0.0262041,970782,970782,0
mcs30_m3Dr6_s25.A06,mcs30_m3Dr6_s25.B06,dsb_never,16,21,1213698,0.148472,0,148017,0.016656,803578,803578,0
mcs30_m3Dr6_s25.A07,mcs30_m3Dr6_s25.B07,dsb_never,16,22,1398199,0.173704,0,229858,0.0267222,898872,898872,0
mcs30_m3Dr6_s25.A08,mcs30_m3Dr6_s25.B08,dsb_never,16,18,2465885,0.604319,0,23914,0.00608213,1585803,1585803,0
mcs30_m3Dr6_s25.A09,mcs30_m3Dr6_s25.B09,dsb_never,16,20,1936586,0.222293,0,104799,0.011193,1242078,1242078,0
mcs30_m3Dr6_s30.A00,mcs30_m3Dr6_s30.B00,dsb_never,20,21,9065499,1.10197,0,6458528,0.778256,5944506,5944506,0
mcs30_m3Dr6_s30.A01,mcs30_m3Dr6_s30.B01,dsb_never,19,22,32201889,3.74522,0,5971155,0.69795,21036656,21036656,0
mcs30_m3Dr6_s30.A02,mcs30_m3Dr6_s30.B02,dsb_never,20,20,5983200,0.765689,0,5095737,0.650381,3981585,3981585,0
mcs30_m3Dr6_s30.A03,mcs30_m3Dr6_s30.B03,dsb_never,19,22,31354542,3.62888,0,14225122,1.62259,20353113,20353113,0
mcs30_m3Dr6_s30.A04,mcs30_m3Dr6_s30.B04,dsb_never,20,22,21691964,5.18628,0,20434053,4.86725,14256714,14256714,0
mcs30_m3Dr6_s30.A05,mcs30_m3Dr6_s30.B05,dsb_never,19,24,23265001,2.77802,0,1512229,0.17403,15294289,15294289,0
mcs30_m3Dr6_s30.A06,mcs30_m3Dr6_s30.B06,dsb_never,19,22,24756392,3.08219,0,4056749,0.477942,15956595,15956595,0
mcs30_m3Dr6_s30.A07,mcs30_m3Dr6_s30.B07,dsb_never,19,22,29629169,3.72838,0,685617,0.0773107,19214321,19214321,0
mcs30_m3Dr6_s30.A08,mcs30_m3Dr6_s30.B08,dsb_never,19,17,11006783,1.32665,0,1056580,0.12179,7443099,7443099,0
mcs30_m3Dr6_s30.A09,mcs30_m3Dr6_s30.B09,dsb_never,20,19,32114755,3.74277,0,32001574,3.7278,20912603,20912603,0
mcs30_m3Dr6_s40.A00,mcs30_m3Dr6_s40.B00,dsb_never,25,25,3163008077,745.352,0,462468094,106.92,2169447397,2169447397,0
mcs30_m3Dr6_s40.A01,mcs30_m3Dr6_s40.B01,dsb_never,25,26,3791787170,486.473,0,870029026,109.378,2491659846,2491659846,0
mcs30_m3Dr6_s40.A02,mcs30_m3Dr6_s40.B02,dsb_never,26,23,1240109698,157.239,0,1020483507,128.315,831165746,831165746,0
mcs30_m3Dr6_s40.A03,mcs30_m3Dr6_s40.B03,dsb_never,25,30,6324533416,754.745,0,3979105601,472.145,4232513730,4232513730,0
mcs30_m3Dr6_s40.A04,mcs30_m3Dr6_s40.B04,dsb_never,25,30,4102935528,498.811,0,320866758,38.5073,2701745932,2701745932,0
mcs30_m3Dr6_s40.A05,mcs30_m3Dr6_s40.B05,dsb_never,25,29,3702602162,439.506,0,15446913,1.78135,2443569290,2443569290,0
mcs30_m3Dr6_s40.A06,mcs30_m3Dr6_s40.B06,dsb_never,25,25,6712447121,782.774,0,507267153,57.648,4410852797,4410852797,0
mcs30_m3Dr6_s40.A07,mcs30_m3Dr6_s40.B07,dsb_never,25,25,3250168357,401.687,0,235517442,29.1391,2129896849,2129896849,0
mcs30_m3Dr6_s40.A08,mcs30_m3Dr6_s40.B08,dsb_never,25,28,3028483860,368.835,0,724721521,86.6644,2016097988,2016097988,0
mcs30_m3Dr6_s40.A09,mcs30_m3Dr6_s40.B09,dsb_never,26,27,3409126197,407.465,0,3049056171,362.924,2252302655,2252302655,0
mcs30_m3Dr6_s70.A00,mcs30_m3Dr6_s70.B00,dsb_never,38,35,8934184143,1000.02,1,1865655381,202.43,5709291351,5709291351,0
mcs30_m3Dr6_s70.A01,mcs30_m3Dr6_s70.B01,dsb_never,40,38,8082667302,1000.02,1,4366276024,530.112,5373767990,5373767990,0
mcs30_m3Dr6_s70.A02,mcs30_m3Dr6_s70.B02,dsb_never,39,39,8593873230,1000.02,1,6289863827,713.597,5535298931,5535298931,0
mcs30_m3Dr6_s70.A03,mcs30_m3Dr6_s70.B03,dsb_never,39,41,7878635686,1000.01,1,844240288,103.838,5023665676,5023665676,0
mcs30_m3Dr6_s70.A04,mcs30_m3Dr6_s70.B04,dsb_never,40,40,7989959536,1000.02,1,2566707532,301.451,5118428936,5118428936,0
mcs30_m3Dr6_s70.A05,mcs30_m3Dr6_s70.B05,dsb_never,39,41,8722250438,1000.02,1,3625877194,412.301,5451317126,5451317126,0
mcs30_m3Dr6_s70.A06,mcs30_m3Dr6_s70.B06,dsb_never,39,43,8001306959,1000.02,1,340065876,42.6771,5038954227,5038954227,0
mcs30_m3Dr6_s70.A07,mcs30_m3Dr6_s70.B07,dsb_never,39,42,8127562568,1000.02,1,329815621,40.3801,5144220767,5144220767,0
mcs30_m3Dr6_s70.A08,mcs30_m3Dr6_s70.B08,dsb_never,40,39,7811554236,1000.02,1,1497538062,181.133,4895702808,4895702808,0
mcs30_m3Dr6_s70.A09,mcs30_m3Dr6_s70.B09,dsb_never,40,37,7940844996,1000.02,1,4087163975,511.948,5139099848,5139099848,0
mcs30_m3Dr6_s80.A00,mcs30_m3Dr6_s80.B00,dsb_never,44,42,9640173709,1000.02,1,6541782191,665.508,6229375451,6229375451,0
mcs30_m3Dr6_s80.A01,mcs30_m3Dr6_s80.B01,dsb_never,45,41,8862506602,1000.02,1,8644154116,973.265,5799065701,5799065701,0
mcs30_m3Dr6_s80.A02,mcs30_m3Dr6_s80.B02,dsb_never,45,43,8236570316,1000.01,1,280211997,31.4143,5295987044,5295987044,0
mcs30_m3Dr6_s80.A03,mcs30_m3Dr6_s80.B03,dsb_never,45,45,7897294681,1000.02,1,4026682128,500.368,5129377891,5129377891,0
mcs30_m3Dr6_s80.A04,mcs30_m3Dr6_s80.B04,dsb_never,44,48,7991199296,1000.01,1,2685048075,310.805,5077443092,5077443092,0
mcs30_m3Dr6_s80.A05,mcs30_m3Dr6_s80.B05,dsb_never,44,45,7677508264,1000.02,1,2504339016,309.911,4955399042,4955399042,0
mcs30_m3Dr6_s80.A06,mcs30_m3Dr6_s80.B06,dsb_never,45,43,7790486922,1000.02,1,493326485,57.9554,4930272050,4930272050,0
mcs30_m3Dr6_s80.A07,mcs30_m3Dr6_s80.B07,dsb_never,42,44,4000614713,1000.02,1,77850822,17.1502,2671517128,2671517128,0
mcs30_m3Dr6_s80.A08,mcs30_m3Dr6_s80.B08,dsb_never,45,47,8766298740,1000.01,1,92086158,10.375,5809159033,5809159033,0
mcs30_m3Dr6_s80.A09,mcs30_m3Dr6_s80.B09,dsb_never,43,46,8580607112,1000.02,1,2181271786,247.369,5460774612,5460774612,0
mcs30_m3Dr6_s90.A00,mcs30_m3Dr6_s90.B00,dsb_never,49,45,7751727433,1000.02,1,2694691856,332.086,4816597807,4816597807,0
mcs30_m3Dr6_s90.A01,mcs30_m3Dr6_s90.B01,dsb_never,49,49,7679257668,1000.02,1,5281322268,668.836,4797247083,4797247083,0
mcs30_m3Dr6_s90.A02,mcs30_m3Dr6_s90.B02,dsb_never,49,45,7980635649,1000.01,1,269085907,33.381,5002767796,5002767796,0
mcs30_m3Dr6_s90.A03,mcs30_m3Dr6_s90.B03,dsb_never,50,46,8634043057,1000.01,1,8594608487,995.078,5455937705,5455937705,0
mcs30_m3Dr6_s90.A04,mcs30_m3Dr6_s90.B04,dsb_never,49,50,8291002509,1000.02,1,345689455,41.2796,5185305928,5185305928,0
mcs30_m3Dr6_s90.A05,mcs30_m3Dr6_s90.B05,dsb_never,49,49,8480665341,1000.02,1,6520697453,748.783,5407210632,5407210632,0
mcs30_m3Dr6_s90.A06,mcs30_m3Dr6_s90.B06,dsb_never,49,47,7963016798,1000.02,1,766731409,82.9505,5063554830,5063554830,0
mcs30_m3Dr6_s90.A07,mcs30_m3Dr6_s90.B07,dsb_never,49,50,8662666490,1000.01,1,2027292080,214.062,5660242755,5660242755,0
mcs30_m3Dr6_s90.A08,mcs30_m3Dr6_s90.B08,dsb_never,51,47,8601268056,1000.02,1,257320633,16.4463,5536359909,5536359909,0
mcs30_m3Dr6_s90.A09,mcs30_m3Dr6_s90.B09,dsb_never,49,46,7716562779,1000.02,1,3510606190,455.173,4855974596,4855974596,0
mcs30_m4D_s50.A00,mcs30_m4D_s50.B00,dsb_never,38,29,7181500198,797.129,0,1319530541,136.09,5335478396,5335478396,0
mcs30_m4D_s50.A01,mcs30_m4D_s50.B01,dsb_never,38,31,4324275281,489.047,0,2357334433,266.112,3284019413,3284019413,0
mcs30_m4D_s50.A02,mcs30_m4D_s50.B02,dsb_never,37,35,9514381721,1000.01,1,277906957,27.5359,7162261936,7162261936,0
mcs30_m4D_s50.A03,mcs30_m4D_s50.B03,dsb_never,37,27,9804556136,1000.02,1,4981076774,494.429,7044212780,7044212780,0
mcs30_m4D_s50.A04,mcs30_m4D_s50.B04,dsb_never,38,30,5796068704,635.909,0,4342539840,474.04,4206572156,4206572156,0
mcs30_m4D_s50.A05,mcs30_m4D_s50.B05,dsb_never,38,30,6301252396,683.655,0,2767709364,294.35,4629286638,4629286638,0
mcs30_m4D_s50.A06,mcs30_m4D_s50.B06,dsb_never,38,30,9187494308,1000.02,1,8096947064,874.257,6646978151,6646978151,0
mcs30_m4D_s50.A07,mcs30_m4D_s50.B07,dsb_never,37,29,9530204844,1000.01,1,198371597,18.628,6682533711,6682533711,0
mcs30_m4D_s50.A08,mcs30_m4D_s50.B08,dsb_never,39,30,3037009292,323.106,0,2951024967,313.536,2243631124,2243631124,0
mcs30_m4D_s50.A09,mcs30_m4D_s50.B09,dsb_never,38,30,6494533363,667.867,0,4278671554,420.897,4619189717,4619189717,0
mcs30_m4D_s60.A00,mcs30_m4D_s60.B00,dsb_never,43,42,15780677612,1000.01,1,4849343989,174.026,12550637687,12550637687,0
mcs30_m4D_s60.A01,mcs30_m4D_s60.B01,dsb_never,45,36,9577465005,1000.02,1,3146163882,318.124,6552404345,6552404345,0
mcs30_m4D_s60.A02,mcs30_m4D_s60.B02,dsb_never,44,45,9266329261,1000.01,1,99980300,9.79193,6426920304,6426920304,0
mcs30_m4D_s60.A03,mcs30_m4D_s60.B03,dsb_never,45,44,9518607084,1000.02,1,7724518720,804.408,6556319429,6556319429,0
mcs30_m4D_s60.A04,mcs30_m4D_s60.B04,dsb_never,45,39,8697880107,1000.01,1,1796359247,185.808,6561284113,6561284113,0
mcs30_m4D_s60.A05,mcs30_m4D_s60.B05,dsb_never,44,37,4791511029,1000.02,1,806018933,156.59,3306804994,3306804994,0
mcs30_m4D_s60.A06,mcs30_m4D_s60.B06,dsb_never,41,34,21623234486,1000.02,1,21396044069,984.557,17820724306,17820724306,0
mcs30_m4D_s60.A07,mcs30_m4D_s60.B07,dsb_never,44,40,9618323811,1000.01,1,1112855999,104.134,6980930432,6980930432,0
mcs30_m4D_s60.A08,mcs30_m4D_s60.B08,dsb_never,45,43,9128940304,1000.02,1,3884659299,417.878,6193449684,6193449684,0
mcs30_m4D_s60.A09,mcs30_m4D_s60.B09,dsb_never,45,39,9628692632,1000.02,1,2561270134,247.828,6353295404,6353295404,0
mcs30_m4D_s70.A00,mcs30_m4D_s70.B00,dsb_never,53,49,10295667448,1000.01,1,1984988955,167.806,6939639005,6939639005,0
mcs30_m4D_s70.A01,mcs30_m4D_s70.B01,dsb_never,51,49,11204167727,1000.01,1,6269624800,480.527,7883332225,7883332225,0
mcs30_m4D_s70.A02,mcs30_m4D_s70.B02,dsb_never,50,47,10371983576,1000.02,1,369372498,33.3737,6796142384,6796142384,0
mcs30_m4D_s70.A03,mcs30_m4D_s70.B03,dsb_never,49,47,10867841409,1000.02,1,8876397865,788.368,7354187054,7354187054,0
mcs30_m4D_s70.A04,mcs30_m4D_s70.B04,dsb_never,50,39,12139568329,1000.02,1,7607667981,528.201,8501491961,8501491961,0
mcs30_m4D_s70.A05,mcs30_m4D_s70.B05,dsb_never,50,49,10628680067,1000.01,1,1791887762,145.373,7216272558,7216272558,0
mcs30_m4D_s70.A06,mcs30_m4D_s70.B06,dsb_never,50,48,10127851323,1000.01,1,805061666,77.8589,7098109829,7098109829,0
mcs30_m4D_s70.A07,mcs30_m4D_s70.B07,dsb_never,51,39,10661334048,1000.02,1,3699509669,301.486,7397655886,7397655886,0
mcs30_m4D_s70.A08,mcs30_m4D_s70.B08,dsb_never,50,47,18192268936,1000.02,1,13682847512,537.822,13107619019,13107619019,0
mcs30_m4D_s70.A09,mcs30_m4D_s70.B09,dsb_never,49,50,10191490220,1000.02,1,853689098,79.1703,6948806979,6948806979,0
mcs30_m4D_s80.A00,mcs30_m4D_s80.B00,dsb_never,59,52,14009444365,1000.02,1,13160192010,920.738,10435266394,10435266394,0
mcs30_m4D_s80.A01,mcs30_m4D_s80.B01,dsb_never,50,48,15038851267,1000.02,1,16250377,1.09906,12026371566,12026371566,0
mcs30_m4D_s80.A02,mcs30_m4D_s80.B02,dsb_never,47,35,27501218302,1000.01,1,107905057,3.78635,22888704379,22888704379,0
mcs30_m4D_s80.A03,mcs30_m4D_s80.B03,dsb_never,54,48,30206135744,1000.02,1,11175132149,397.173,23284134555,23284134555,0
mcs30_m4D_s80.A04,mcs30_m4D_s80.B04,dsb_never,56,47,21398715175,1000.02,1,7416396105,347.917,16550312148,16550312148,0
mcs30_m4D_s80.A05,mcs30_m4D_s80.B05,dsb_never,56,55,22676591119,1000.02,1,22043321895,930.807,17591011745,17591011745,0
mcs30_m4D_s80.A06,mcs30_m4D_s80.B06,dsb_never,54,47,25297772854,1000.02,1,37345637,2.54503,21279557923,21279557923,0
mcs30_m4D_s80.A07,mcs30_m4D_s80.B07,dsb_never,57,51,10181089425,1000.02,1,1820705957,98.0323,7447859336,7447859336,0
mcs30_m4D_s80.A08,mcs30_m4D_s80.B08,dsb_never,59,46,10280034810,1000.01,1,7559056863,694.509,7595339358,7595339358,0
mcs30_m4D_s80.A09,mcs30_m4D_s80.B09,dsb_never,56,53,11977518761,1000.01,1,4375623652,171.171,9065307936,9065307936,0
mcs30_m4D_s90.A00,mcs30_m4D_s90.B00,dsb_never,63,47,9678685659,1000.02,1,1924512727,87.9716,7550721626,7550721626,0
mcs30_m4D_s90.A01,mcs30_m4D_s90.B01,dsb_never,64,60,9551955860,1000.02,1,1340477632,98.5,6838134637,6838134637,0
mcs30_m4D_s90.A02,mcs30_m4D_s90.B02,dsb_never,61,52,18694844702,1000.01,1,12234392202,420.424,14046520402,14046520402,0
mcs30_m4D_s90.A03,mcs30_m4D_s90.B03,dsb_never,65,58,19246176551,1000.02,1,6456393541,385.021,15591894441,15591894441,0
mcs30_m4D_s90.A04,mcs30_m4D_s90.B04,dsb_never,65,59,17045078958,1000.01,1,14988378109,792.189,13545432766,13545432766,0
mcs30_m4D_s90.A05,mcs30_m4D_s90.B05,dsb_never,62,53,6191393520,1000.02,1,2024203777,145.448,4603016392,4603016392,0
mcs30_m4D_s90.A06,mcs30_m4D_s90.B06,dsb_never,63,60,5442489558,1000.02,1,454092222,67.984,3724916142,3724916142,0
mcs30_m4D_s90.A07,mcs30_m4D_s90.B07,dsb_never,63,56,5050349761,1000.01,1,1930340551,363.226,3430533284,3430533284,0
mcs30_m4D_s90.A08,mcs30_m4D_s90.B08,dsb_never,57,43,16314353179,1000.02,1,17158,0.00275619,12285087396,12285087396,0
mcs30_m4D_s90.A09,mcs30_m4D_s90.B09,dsb_never,61,50,15628568805,1000.01,1,185085297,35.6665,11689992409,11689992409,0
mcs30_m4Dr2_s50.A00,mcs30_m4Dr2_s50.B00,dsb_never,37,35,7171508474,799.75,0,3069931591,328.129,4898401466,4898401466,0
mcs30_m4Dr2_s50.A01,mcs30_m4Dr2_s50.B01,dsb_never,37,33,8956408881,1000.02,1,7366685447,811.055,6372232121,6372232121,0
mcs30_m4Dr2_s50.A02,mcs30_m4Dr2_s50.B02,dsb_never,36,37,9167423090,1000.02,1,85241527,8.22498,6307217824,6307217824,0
mcs30_m4Dr2_s50.A03,mcs30_m4Dr2_s50.B03,dsb_never,37,32,9223117297,1000.02,1,4856591502,503.168,6364631922,6364631922,0
mcs30_m4Dr2_s50.A04,mcs30_m4Dr2_s50.B04,dsb_never,35,29,9441060757,1000.01,1,270333018,26.7075,6513988768,6513988768,0
mcs30_m4Dr2_s50.A05,mcs30_m4Dr2_s50.B05,dsb_never,36,36,8955820786,1000.02,1,257983483,26.8247,6287800131,6287800131,0
mcs30_m4Dr2_s50.A06,mcs30_m4Dr2_s50.B06,dsb_never,36,30,9199707434,1000.02,1,2342233889,242.306,6305258910,6305258910,0
mcs30_m4Dr2_s50.A07,mcs30_m4Dr2_s50.B07,dsb_never,36,32,8886412079,1000.02,1,489972119,49.0691,6454090347,6454090347,0
mcs30_m4Dr2_s50.A08,mcs30_m4Dr2_s50.B08,dsb_never,36,33,8991572367,1000.01,1,774485919,84.1584,6271002209,6271002209,0
mcs30_m4Dr2_s50.A09,mcs30_m4Dr2_s50.B09,dsb_never,36,31,8191742816,1000.01,1,3664583413,436.417,5895087123,5895087123,0
mcs30_m4Dr2_s60.A00,mcs30_m4Dr2_s60.B00,dsb_never,43,35,9419207018,1000.02,1,1218477703,121.303,6229571261,6229571261,0
mcs30_m4Dr2_s60.A01,mcs30_m4Dr2_s60.B01,dsb_never,42,39,8617281620,1000.02,1,5229347106,602.359,5643883308,5643883308,0
mcs30_m4Dr2_s60.A02,mcs30_m4Dr2_s60.B02,dsb_never,41,36,10971028980,1000.02,1,6527330907,502.742,7860136887,7860136887,0
mcs30_m4Dr2_s60.A03,mcs30_m4Dr2_s60.B03,dsb_never,42,34,9619703753,1000.02,1,3981941583,391.866,6353999791,6353999791,0
mcs30_m4Dr2_s60.A04,mcs30_m4Dr2_s60.B04,dsb_never,43,38,9704831886,1000.02,1,9284131060,954.673,6778300034,6778300034,0
mcs30_m4Dr2_s60.A05,mcs30_m4Dr2_s60.B05,dsb_never,43,37,9102751048,1000.02,1,838191113,86.6588,6030495888,6030495888,0
mcs30_m4Dr2_s60.A06,mcs30_m4Dr2_s60.B06,dsb_never,43,40,4638022177,1000.01,1,2901792539,613.748,3124397886,3124397886,0
mcs30_m4Dr2_s60.A07,mcs30_m4Dr2_s60.B07,dsb_never,42,38,9943995514,1000.02,1,607001233,59.9878,6474459721,6474459721,0
mcs30_m4Dr2_s60.A08,mcs30_m4Dr2_s60.B08,dsb_never,42,35,9496615969,1000.01,1,176017070,16.9886,6407762920,6407762920,0
mcs30_m4Dr2_s60.A09,mcs30_m4Dr2_s60.B09,dsb_never,43,38,8461147119,1000.01,1,1247212698,138.731,5593945525,5593945525,0
mcs30_m4Dr2_s70.A00,mcs30_m4Dr2_s70.B00,dsb_never,49,47,9438460887,1000.02,1,3357417261,332.813,6388477248,6388477248,0
mcs30_m4Dr2_s70.A01,mcs30_m4Dr2_s70.B01,dsb_never,49,45,10227307445,1000.02,1,2442629183,233.345,7374268280,7374268280,0
mcs30_m4Dr2_s70.A02,mcs30_m4Dr2_s70.B02,dsb_never,48,44,10089553990,1000.01,1,1548388370,148.743,7005318525,7005318525,0
mcs30_m4Dr2_s70.A03,mcs30_m4Dr2_s70.B03,dsb_never,48,38,10027067481,1000.02,1,5191055053,472.408,7152968577,7152968577,0
mcs30_m4Dr2_s70.A04,mcs30_m4Dr2_s70.B04,dsb_never,49,39,9220019595,1000.02,1,2981381984,318.094,6139373527,6139373527,0
mcs30_m4Dr2_s70.A05,mcs30_m4Dr2_s70.B05,dsb_never,48,42,10514505711,1000.02,1,8947475867,843.909,7087268325,7087268325,0
mcs30_m4Dr2_s70.A06,mcs30_m4Dr2_s70.B06,dsb_never,47,44,10040911108,1000.02,1,3909906205,371.754,6550050710,6550050710,0
mcs30_m4Dr2_s70.A07,mcs30_m4Dr2_s70.B07,dsb_never,49,41,9637525462,1000.02,1,553014801,51.4053,6315907698,6315907698,0
mcs30_m4Dr2_s70.A08,mcs30_m4Dr2_s70.B08,dsb_never,48,41,9513567400,1000.02,1,4002021449,402.239,6315442536,6315442536,0
mcs30_m4Dr2_s70.A09,mcs30_m4Dr2_s70.B09,dsb_never,48,43,8441675231,1000.02,1,3452716295,330.865,6331952769,6331952769,0
mcs30_m4Dr2_s80.A00,mcs30_m4Dr2_s80.B00,dsb_never,57,55,8904658599,1000.02,1,5292178150,594.134,5828066610,5828066610,0
mcs30_m4Dr2_s80.A01,mcs30_m4Dr2_s80.B01,dsb_never,53,45,10539093791,1000.02,1,4650906528,419.05,6967860500,6967860500,0
mcs30_m4Dr2_s80.A02,mcs30_m4Dr2_s80.B02,dsb_never,49,36,27760270920,1000.02,1,316242246,10.6575,20770146626,20770146626,0
mcs30_m4Dr2_s80.A03,mcs30_m4Dr2_s80.B03,dsb_never,55,46,13076085262,1000.02,1,5861754477,207.185,9395780946,9395780946,0
mcs30_m4Dr2_s80.A04,mcs30_m4Dr2_s80.B04,dsb_never,52,46,27165476081,1000.02,1,15381915697,488.948,21207494741,21207494741,0
mcs30_m4Dr2_s80.A05,mcs30_m4Dr2_s80.B05,dsb_never,49,49,31462471117,1000.02,1,115,4.60E-05,24409415205,24409415205,0
mcs30_m4Dr2_s80.A06,mcs30_m4Dr2_s80.B06,dsb_never,53,47,11728523322,1000.02,1,5000910414,401.768,7891928826,7891928826,0
mcs30_m4Dr2_s80.A07,mcs30_m4Dr2_s80.B07,dsb_never,46,40,33145924533,1000.01,1,33124404038,999.235,24653072072,24653072072,0
mcs30_m4Dr2_s80.A08,mcs30_m4Dr2_s80.B08,dsb_never,56,49,8954770912,1000.01,1,7707577614,857.214,6394317146,6394317146,0
mcs30_m4Dr2_s80.A09,mcs30_m4Dr2_s80.B09,dsb_never,53,45,10807442799,1000.01,1,5867828046,497.709,7420352019,7420352019,0
mcs30_m4Dr2_s90.A00,mcs30_m4Dr2_s90.B00,dsb_never,57,54,21967485775,1000.01,1,1462622,0.0768984,17699529966,17699529966,0
mcs30_m4Dr2_s90.A01,mcs30_m4Dr2_s90.B01,dsb_never,63,51,9397944858,1000.02,1,2069168516,204.18,6122834936,6122834936,0
mcs30_m4Dr2_s90.A02,mcs30_m4Dr2_s90.B02,dsb_never,52,44,32798587720,1000.01,1,4771344,0.309544,24599992275,24599992275,0
mcs30_m4Dr2_s90.A03,mcs30_m4Dr2_s90.B03,dsb_never,56,54,30360397723,1000.01,1,17816414194,587.344,23917075842,23917075842,0
mcs30_m4Dr2_s90.A04,mcs30_m4Dr2_s90.B04,dsb_never,60,54,32028165495,1000.01,1,1741669344,60.6685,24135356505,24135356505,0
mcs30_m4Dr2_s90.A05,mcs30_m4Dr2_s90.B05,dsb_never,51,41,30864935720,1000.02,1,4047288,0.12202,24025631740,24025631740,0
mcs30_m4Dr2_s90.A06,mcs30_m4Dr2_s90.B06,dsb_never,61,54,10262419132,1000.02,1,1086565893,99.9766,7055201103,7055201103,0
mcs30_m4Dr2_s90.A07,mcs30_m4Dr2_s90.B07,dsb_never,60,51,29506395813,1000.02,1,6358007810,206.98,23632743552,23632743552,0
mcs30_m4Dr2_s90.A08,mcs30_m4Dr2_s90.B08,dsb_never,54,47,26653919707,1000.02,1,302837,0.00954986,22722557963,22722557963,0
mcs30_m4Dr2_s90.A09,mcs30_m4Dr2_s90.B09,dsb_never,62,55,10369269495,1000.02,1,6504814495,584.362,6726492877,6726492877,0
mcs30_m4Dr4_s50.A00,mcs30_m4Dr4_s50.B00,dsb_never,35,35,9212232633,1000.02,1,403012590,43.7719,6407294516,6407294516,0
mcs30_m4Dr4_s50.A01,mcs30_m4Dr4_s50.B01,dsb_never,35,31,8837216260,1000.02,1,1342218885,139.894,6018789654,6018789654,0
mcs30_m4Dr4_s50.A02,mcs30_m4Dr4_s50.B02,dsb_never,35,33,9129716803,1000.02,1,839517360,87.9686,6302450746,6302450746,0
mcs30_m4Dr4_s50.A03,mcs30_m4Dr4_s50.B03,dsb_never,34,28,9348777578,1000.02,1,2649060084,269.433,6668174232,6668174232,0
mcs30_m4Dr4_s50.A04,mcs30_m4Dr4_s50.B04,dsb_never,35,28,7876912998,1000.02,1,4985072502,626.896,5419257619,5419257619,0
mcs30_m4Dr4_s50.A05,mcs30_m4Dr4_s50.B05,dsb_never,36,34,8911768957,1000.02,1,4224245972,462.853,6140819362,6140819362,0
mcs30_m4Dr4_s50.A06,mcs30_m4Dr4_s50.B06,dsb_never,35,30,9107744820,1000.01,1,6490504676,704.676,6158137666,6158137666,0
mcs30_m4Dr4_s50.A07,mcs30_m4Dr4_s50.B07,dsb_never,34,26,9488593570,1000.01,1,5421198009,554.729,6589077029,6589077029,0
mcs30_m4Dr4_s50.A08,mcs30_m4Dr4_s50.B08,dsb_never,35,32,8994860776,1000.01,1,2638071355,280.809,5961970599,5961970599,0
mcs30_m4Dr4_s50.A09,mcs30_m4Dr4_s50.B09,dsb_never,35,32,8808553268,1000.01,1,1479548458,159.106,5982837759,5982837759,0
mcs30_m4Dr4_s60.A00,mcs30_m4Dr4_s60.B00,dsb_never,39,36,10151300336,1000.02,1,1795617410,162.719,6888113661,6888113661,0
mcs30_m4Dr4_s60.A01,mcs30_m4Dr4_s60.B01,dsb_never,40,42,10021046034,1000.02,1,6409654234,624.005,6685205452,6685205452,0
mcs30_m4Dr4_s60.A02,mcs30_m4Dr4_s60.B02,dsb_never,39,39,10458082540,1000.02,1,346018601,30.8455,6897554815,6897554815,0
mcs30_m4Dr4_s60.A03,mcs30_m4Dr4_s60.B03,dsb_never,40,36,10167200920,1000.02,1,1619736183,163.683,7019696856,7019696856,0
mcs30_m4Dr4_s60.A04,mcs30_m4Dr4_s60.B04,dsb_never,40,35,9251149859,1000.01,1,658893249,66.7469,6169563056,6169563056,0
mcs30_m4Dr4_s60.A05,mcs30_m4Dr4_s60.B05,dsb_never,40,44,9347522550,1000.01,1,9133875069,976.072,6293406248,6293406248,0
mcs30_m4Dr4_s60.A06,mcs30_m4Dr4_s60.B06,dsb_never,40,37,9738153075,1000.02,1,4319496666,423.924,6520126666,6520126666,0
mcs30_m4Dr4_s60.A07,mcs30_m4Dr4_s60.B07,dsb_never,41,41,8948509948,1000.02,1,45022182,4.63971,5895044850,5895044850,0
mcs30_m4Dr4_s60.A08,mcs30_m4Dr4_s60.B08,dsb_never,42,38,9103035073,1000.01,1,7984702712,870.341,5996754250,5996754250,0
mcs30_m4Dr4_s60.A09,mcs30_m4Dr4_s60.B09,dsb_never,41,36,9080852969,1000.02,1,3086208718,331.878,6048097888,6048097888,0
mcs30_m4Dr4_s70.A00,mcs30_m4Dr4_s70.B00,dsb_never,46,41,8966317289,1000.02,1,1520625278,157.449,6306753674,6306753674,0
mcs30_m4Dr4_s70.A01,mcs30_m4Dr4_s70.B01,dsb_never,46,44,9422324248,1000.01,1,1172089527,120.508,6021727818,6021727818,0
mcs30_m4Dr4_s70.A02,mcs30_m4Dr4_s70.B02,dsb_never,47,43,11260223996,1000.01,1,3383703986,127.418,7724395723,7724395723,0
mcs30_m4Dr4_s70.A03,mcs30_m4Dr4_s70.B03,dsb_never,46,43,9193769725,1000.02,1,5518784142,590.072,6319158970,6319158970,0
mcs30_m4Dr4_s70.A04,mcs30_m4Dr4_s70.B04,dsb_never,46,44,10043967954,1000.02,1,8804891750,873.649,6492888675,6492888675,0
mcs30_m4Dr4_s70.A05,mcs30_m4Dr4_s70.B05,dsb_never,45,49,9805238109,1000.02,1,5757008545,579.093,6475870258,6475870258,0
mcs30_m4Dr4_s70.A06,mcs30_m4Dr4_s70.B06,dsb_never,46,41,27212468156,1000.02,1,26977381652,976.4,22680599998,22680599998,0
mcs30_m4Dr4_s70.A07,mcs30_m4Dr4_s70.B07,dsb_never,47,45,9321414078,1000.02,1,1956328976,193.403,6266888218,6266888218,0
mcs30_m4Dr4_s70.A08,mcs30_m4Dr4_s70.B08,dsb_never,46,47,9342914481,1000.01,1,1782325618,181.716,6167782884,6167782884,0
mcs30_m4Dr4_s70.A09,mcs30_m4Dr4_s70.B09,dsb_never,45,40,9649512898,1000.02,1,920757332,93.1386,6777936613,6777936613,0
mcs30_m4Dr4_s80.A00,mcs30_m4Dr4_s80.B00,dsb_never,54,53,9987482116,1000.01,1,1203646135,123.954,6484428471,6484428471,0
mcs30_m4Dr4_s80.A01,mcs30_m4Dr4_s80.B01,dsb_never,53,45,10450932326,1000.02,1,1706699090,158.536,7210377603,7210377603,0
mcs30_m4Dr4_s80.A02,mcs30_m4Dr4_s80.B02,dsb_never,54,54,8810813949,1000.02,1,3504115323,388.103,6154563664,6154563664,0
mcs30_m4Dr4_s80.A03,mcs30_m4Dr4_s80.B03,dsb_never,52,47,5352170169,1000.02,1,44954507,6.33527,3591272976,3591272976,0
mcs30_m4Dr4_s80.A04,mcs30_m4Dr4_s80.B04,dsb_never,53,53,12708983999,1000.02,1,12441477566,974.304,8715359337,8715359337,0
mcs30_m4Dr4_s80.A05,mcs30_m4Dr4_s80.B05,dsb_never,51,50,9755663072,1000.02,1,234605843,22.241,6360790590,6360790590,0
mcs30_m4Dr4_s80.A06,mcs30_m4Dr4_s80.B06,dsb_never,54,45,8608790414,1000.02,1,1603269459,169.442,5440103869,5440103869,0
mcs30_m4Dr4_s80.A07,mcs30_m4Dr4_s80.B07,dsb_never,43,36,32235573333,1000.01,1,74871585,2.28671,24445832209,24445832209,0
mcs30_m4Dr4_s80.A08,mcs30_m4Dr4_s80.B08,dsb_never,53,53,10491659564,1000.01,1,689899211,64.6927,7051557197,7051557197,0
mcs30_m4Dr4_s80.A09,mcs30_m4Dr4_s80.B09,dsb_never,53,50,9194808737,1000.01,1,892897930,85.9528,6272253806,6272253806,0
mcs30_m4Dr4_s90.A00,mcs30_m4Dr4_s90.B00,dsb_never,58,48,9861104473,1000.02,1,8923501658,906.944,6431892040,6431892040,0
mcs30_m4Dr4_s90.A01,mcs30_m4Dr4_s90.B01,dsb_never,56,44,8531476512,1000.02,1,1229398683,115.961,5927794142,5927794142,0
mcs30_m4Dr4_s90.A02,mcs30_m4Dr4_s90.B02,dsb_never,55,47,10549475246,1000.01,1,129653730,10.0655,7149081753,7149081753,0
mcs30_m4Dr4_s90.A03,mcs30_m4Dr4_s90.B03,dsb_never,54,49,28613871603,1000.02,1,4995898752,208.273,23012530897,23012530897,0
mcs30_m4Dr4_s90.A04,mcs30_m4Dr4_s90.B04,dsb_never,57,56,9955580420,1000.01,1,1273872224,73.1856,6773382391,6773382391,0
mcs30_m4Dr4_s90.A05,mcs30_m4Dr4_s90.B05,dsb_never,58,50,9148409345,1000.01,1,300218307,31.7927,6266620830,6266620830,0
mcs30_m4Dr4_s90.A06,mcs30_m4Dr4_s90.B06,dsb_never,59,56,9934944226,1000.02,1,1564202766,113.761,6636046773,6636046773,0
mcs30_m4Dr4_s90.A07,mcs30_m4Dr4_s90.B07,dsb_never,59,53,9490817589,1000.02,1,6578281790,662.268,6289726283,6289726283,0
mcs30_m4Dr4_s90.A08,mcs30_m4Dr4_s90.B08,dsb_never,58,60,12733806791,1000.01,1,9163809554,672.946,9020782394,9020782394,0
mcs30_m4Dr4_s90.A09,mcs30_m4Dr4_s90.B09,dsb_never,52,45,30044472021,1000.02,1,13283748832,440.938,23046592125,23046592125,0
mcs30_m4Dr6_s50.A00,mcs30_m4Dr6_s50.B00,dsb_never,34,32,8642696500,1000.01,1,318279087,35.7095,5841756470,5841756470,0
mcs30_m4Dr6_s50.A01,mcs30_m4Dr6_s50.B01,dsb_never,34,38,8686822639,1000.02,1,1356542282,143.394,6001606372,6001606372,0
mcs30_m4Dr6_s50.A02,mcs30_m4Dr6_s50.B02,dsb_never,34,29,8652597390,1000.01,1,5045065751,565.751,6051578503,6051578503,0
mcs30_m4Dr6_s50.A03,mcs30_m4Dr6_s50.B03,dsb_never,34,33,9171183453,1000.01,1,7666436767,825.908,6188398152,6188398152,0
mcs30_m4Dr6_s50.A04,mcs30_m4Dr6_s50.B04,dsb_never,34,32,8611490227,1000.03,1,4875673240,549.155,5734460765,5734460765,0
mcs30_m4Dr6_s50.A05,mcs30_m4Dr6_s50.B05,dsb_never,34,33,4580448390,1000.02,1,3111830439,663.337,3123778248,3123778248,0
mcs30_m4Dr6_s50.A06,mcs30_m4Dr6_s50.B06,dsb_never,34,29,8507926930,1000.03,1,1213024369,135.316,5737651820,5737651820,0
mcs30_m4Dr6_s50.A07,mcs30_m4Dr6_s50.B07,dsb_never,32,34,9306758538,1000.02,1,171573983,16.4155,6403127224,6403127224,0
mcs30_m4Dr6_s50.A08,mcs30_m4Dr6_s50.B08,dsb_never,33,46,8671696803,1000.01,1,57051639,5.69701,5617021672,5617021672,0
mcs30_m4Dr6_s50.A09,mcs30_m4Dr6_s50.B09,dsb_never,33,33,9074136201,1000.02,1,1244169569,138.843,6156049989,6156049989,0
mcs30_m4Dr6_s60.A00,mcs30_m4Dr6_s60.B00,dsb_never,38,40,9443281102,1000.02,1,38362041,3.48859,6280250879,6280250879,0
mcs30_m4Dr6_s60.A01,mcs30_m4Dr6_s60.B01,dsb_never,40,33,8874650592,1000.02,1,2175093165,233.737,5957296647,5957296647,0
mcs30_m4Dr6_s60.A02,mcs30_m4Dr6_s60.B02,dsb_never,39,40,9456733573,1000.01,1,6285955234,654.299,6252063126,6252063126,0
mcs30_m4Dr6_s60.A03,mcs30_m4Dr6_s60.B03,dsb_never,41,38,8871520119,1000.02,1,3695490884,403.208,6080737937,6080737937,0
mcs30_m4Dr6_s60.A04,mcs30_m4Dr6_s60.B04,dsb_never,39,33,8910677815,1000.01,1,1938788519,206.267,5946925799,5946925799,0
mcs30_m4Dr6_s60.A05,mcs30_m4Dr6_s60.B05,dsb_never,40,38,8911129709,1000.01,1,3066940641,330.628,5936972650,5936972650,0
mcs30_m4Dr6_s60.A06,mcs30_m4Dr6_s60.B06,dsb_never,39,37,9338311368,1000.02,1,2087137810,213.806,6331242681,6331242681,0
mcs30_m4Dr6_s60.A07,mcs30_m4Dr6_s60.B07,dsb_never,39,37,9187980560,1000.02,1,4137189570,438.588,6155996529,6155996529,0
mcs30_m4Dr6_s60.A08,mcs30_m4Dr6_s60.B08,dsb_never,40,41,9121077445,1000.02,1,172298569,17.1056,5928733485,5928733485,0
mcs30_m4Dr6_s60.A09,mcs30_m4Dr6_s60.B09,dsb_never,39,41,9152836775,1000.01,1,2069962334,219.156,6108974064,6108974064,0
mcs30_m4Dr6_s70.A00,mcs30_m4Dr6_s70.B00,dsb_never,43,38,9411729093,1000.01,1,2026187659,211.731,6181776190,6181776190,0
mcs30_m4Dr6_s70.A01,mcs30_m4Dr6_s70.B01,dsb_never,45,44,8797031847,1000.01,1,116362320,12.2289,5672400642,5672400642,0
mcs30_m4Dr6_s70.A02,mcs30_m4Dr6_s70.B02,dsb_never,45,46,4215180339,1000.01,1,1931006521,442.143,2741046208,2741046208,0
mcs30_m4Dr6_s70.A03,mcs30_m4Dr6_s70.B03,dsb_never,46,58,9054890161,1000.02,1,24080010,2.61023,5976417685,5976417685,0
mcs30_m4Dr6_s70.A04,mcs30_m4Dr6_s70.B04,dsb_never,44,45,9547521559,1000.02,1,23419692,1.90188,6365686448,6365686448,0
mcs30_m4Dr6_s70.A05,mcs30_m4Dr6_s70.B05,dsb_never,45,44,8977128871,1000.01,1,3646416216,398.204,6024698697,6024698697,0
mcs30_m4Dr6_s70.A06,mcs30_m4Dr6_s70.B06,dsb_never,43,41,8628205466,1000.01,1,462060698,42.2913,5761850673,5761850673,0
mcs30_m4Dr6_s70.A07,mcs30_m4Dr6_s70.B07,dsb_never,45,44,9128227007,1000.02,1,73058830,6.49019,6007514008,6007514008,0
mcs30_m4Dr6_s70.A08,mcs30_m4Dr6_s70.B08,dsb_never,45,41,9304986519,1000.02,1,4205362370,440.921,6172307916,6172307916,0
mcs30_m4Dr6_s70.A09,mcs30_m4Dr6_s70.B09,dsb_never,45,38,9743983239,1000.02,1,4857420488,495.089,6520975023,6520975023,0
mcs30_m4Dr6_s80.A00,mcs30_m4Dr6_s80.B00,dsb_never,52,44,11688098640,1000.02,1,10658874332,890.564,8062678552,8062678552,0
mcs30_m4Dr6_s80.A01,mcs30_m4Dr6_s80.B01,dsb_never,52,50,8434934248,1000.01,1,1561241444,175.514,5605554295,5605554295,0
mcs30_m4Dr6_s80.A02,mcs30_m4Dr6_s80.B02,dsb_never,51,49,9139591023,1000.01,1,7617565554,829.802,6716422936,6716422936,0
mcs30_m4Dr6_s80.A03,mcs30_m4Dr6_s80.B03,dsb_never,49,49,10550572434,1000.01,1,4590642,0.342762,7043423386,7043423386,0
mcs30_m4Dr6_s80.A04,mcs30_m4Dr6_s80.B04,dsb_never,48,43,9405281645,1000.01,1,6738249551,705.82,7511428579,7511428579,0
mcs30_m4Dr6_s80.A05,mcs30_m4Dr6_s80.B05,dsb_never,49,47,9939860756,1000.02,1,6998874476,687.69,6626371700,6626371700,0
mcs30_m4Dr6_s80.A06,mcs30_m4Dr6_s80.B06,dsb_never,49,49,5119429142,1000.02,1,248692024,39.456,3333738392,3333738392,0
mcs30_m4Dr6_s80.A07,mcs30_m4Dr6_s80.B07,dsb_never,50,45,5052150115,1000.02,1,4653449936,913.282,3431929002,3431929002,0
mcs30_m4Dr6_s80.A08,mcs30_m4Dr6_s80.B08,dsb_never,50,47,4628352810,1000.02,1,3188869269,692.95,2902145451,2902145451,0
mcs30_m4Dr6_s80.A09,mcs30_m4Dr6_s80.B09,dsb_never,49,46,4790127253,1000.02,1,1249910780,226.884,3046076397,3046076397,0
mcs30_m4Dr6_s90.A00,mcs30_m4Dr6_s90.B00,dsb_never,54,51,12696073825,1000.02,1,1691953465,198.012,10028343655,10028343655,0
mcs30_m4Dr6_s90.A01,mcs30_m4Dr6_s90.B01,dsb_never,57,48,12390365008,1000.01,1,11769954687,929.9,8664752460,8664752460,0
mcs30_m4Dr6_s90.A02,mcs30_m4Dr6_s90.B02,dsb_never,55,46,21381374496,1000.01,1,10600089836,546.939,17490301621,17490301621,0
mcs30_m4Dr6_s90.A03,mcs30_m4Dr6_s90.B03,dsb_never,56,52,9276480107,1000.02,1,2770649992,271.796,6319469004,6319469004,0
mcs30_m4Dr6_s90.A04,mcs30_m4Dr6_s90.B04,dsb_never,56,56,9311743753,1000.02,1,2571893725,257.061,5723933947,5723933947,0
mcs30_m4Dr6_s90.A05,mcs30_m4Dr6_s90.B05,dsb_never,55,53,9930458692,1000.01,1,2422308956,238.979,6554289383,6554289383,0
mcs30_m4Dr6_s90.A06,mcs30_m4Dr6_s90.B06,dsb_never,55,49,9964944800,1000.01,1,6036592347,586.445,6433041029,6433041029,0
mcs30_m4Dr6_s90.A07,mcs30_m4Dr6_s90.B07,dsb_never,58,57,8674396334,1000.01,1,7011331197,804.9,5565330992,5565330992,0
mcs30_m4Dr6_s90.A08,mcs30_m4Dr6_s90.B08,dsb_never,57,54,10630809094,1000.01,1,4875724316,407.15,7115466011,7115466011,0
mcs30_m4Dr6_s90.A09,mcs30_m4Dr6_s90.B09,dsb_never,55,51,7960081355,1000.02,1,1527631843,173.852,5577112678,5577112678,0
mcs30_r001_s100.A00,mcs30_r001_s100.B00,dsb_never,65,51,26945253726,1000.02,1,5320888188,200.971,22696551413,22696551413,0
mcs30_r001_s100.A01,mcs30_r001_s100.B01,dsb_never,61,45,29910602615,1000.02,1,62,7.61E-05,21768557143,21768557143,0
mcs30_r001_s100.A02,mcs30_r001_s100.B02,dsb_never,64,49,24239531862,1000.02,1,902,0.000174303,20154523225,20154523225,0
mcs30_r001_s100.A03,mcs30_r001_s100.B03,dsb_never,58,46,29876157882,1000.01,1,70,4.31E-05,23258508506,23258508506,0
mcs30_r001_s100.A04,mcs30_r001_s100.B04,dsb_never,76,60,27708002895,1000.02,1,405044338,35.1903,20948038260,20948038260,0
mcs30_r001_s100.A05,mcs30_r001_s100.B05,dsb_never,68,50,32462630564,1000.02,1,710200,0.0715835,24347027844,24347027844,0
mcs30_r001_s100.A06,mcs30_r001_s100.B06,dsb_never,69,55,26768618781,1000.01,1,167037103,5.33215,22457066031,22457066031,0
mcs30_r001_s100.A07,mcs30_r001_s100.B07,dsb_never,66,51,11647856899,1000.01,1,1543,0.000345417,10309792935,10309792935,0
mcs30_r001_s100.A08,mcs30_r001_s100.B08,dsb_never,60,49,23882924319,1000.02,1,159,6.21E-05,21001342835,21001342835,0
mcs30_r001_s100.A09,mcs30_r001_s100.B09,dsb_never,76,64,18104762175,1000.02,1,1336057533,56.9468,13568034919,13568034919,0
mcs30_r005_s100.A00,mcs30_r005_s100.B00,dsb_never,40,47,6807740603,1000.02,1,986371426,140.294,4169372745,4169372745,0
mcs30_r005_s100.A01,mcs30_r005_s100.B01,dsb_never,42,55,6848631476,1000.02,1,2426090437,344.765,4162314889,4162314889,0
mcs30_r005_s100.A02,mcs30_r005_s100.B02,dsb_never,41,49,6565326975,1000.01,1,1094210911,155.865,3972563108,3972563108,0
mcs30_r005_s100.A03,mcs30_r005_s100.B03,dsb_never,43,51,6262406827,1000.02,1,797867778,111.351,3975388488,3975388488,0
mcs30_r005_s100.A04,mcs30_r005_s100.B04,dsb_never,41,52,6984608364,1000.01,1,899016461,121.587,4302834199,4302834199,0
mcs30_r005_s100.A05,mcs30_r005_s100.B05,dsb_never,40,47,6851111944,1000.01,1,4345509208,619.351,4341554005,4341554005,0
mcs30_r005_s100.A06,mcs30_r005_s100.B06,dsb_never,40,51,6750049363,1000.01,1,915981471,128.333,4098486351,4098486351,0
mcs30_r005_s100.A07,mcs30_r005_s100.B07,dsb_never,41,53,6431495546,1000.01,1,323783697,48.4173,3941240832,3941240832,0
mcs30_r005_s100.A08,mcs30_r005_s100.B08,dsb_never,40,49,6880344505,1000.02,1,460335855,65.185,4273171194,4273171194,0
mcs30_r005_s100.A09,mcs30_r005_s100.B09,dsb_never,41,51,5161051015,1000.02,1,389662137,71.2977,3091338717,3091338717,0
mcs30_r005_s20.A00,mcs30_r005_s20.B00,dsb_never,16,11,13881,0.000915872,0,9024,0.000475849,9615,9615,0
mcs30_r005_s20.A01,mcs30_r005_s20.B01,dsb_never,16,10,51595,0.00268569,0,48146,0.00238037,38317,38317,0
mcs30_r005_s20.A02,mcs30_r005_s20.B02,dsb_never,16,12,17154,0.00123357,0,9525,0.00063606,11853,11853,0
mcs30_r005_s20.A03,mcs30_r005_s20.B03,dsb_never,16,14,45180,0.00288037,0,36223,0.00218532,30587,30587,0
mcs30_r005_s20.A04,mcs30_r005_s20.B04,dsb_never,16,12,26910,0.00217374,0,8508,0.000738234,18508,18508,0
mcs30_r005_s20.A05,mcs30_r005_s20.B05,dsb_never,16,12,11372,0.000740114,0,4076,0.000220672,8698,8698,0
mcs30_r005_s20.A06,mcs30_r005_s20.B06,dsb_never,16,13,8271,0.000698293,0,1222,6.74E-05,5813,5813,0
mcs30_r005_s20.A07,mcs30_r005_s20.B07,dsb_never,17,15,2093,0.000223998,0,1059,9.36E-05,1384,1384,0
mcs30_r005_s20.A08,mcs30_r005_s20.B08,dsb_never,16,13,20981,0.0015056,0,9443,0.000578853,14824,14824,0
mcs30_r005_s20.A09,mcs30_r005_s20.B09,dsb_never,17,16,1003,0.000138398,0,42,1.47E-05,685,685,0
mcs30_r005_s25.A00,mcs30_r005_s25.B00,dsb_never,20,15,155759,0.0128653,0,128709,0.0104601,103450,103450,0
mcs30_r005_s25.A01,mcs30_r005_s25.B01,dsb_never,19,17,394531,0.0317715,0,3279,0.000240722,273674,273674,0
mcs30_r005_s25.A02,mcs30_r005_s25.B02,dsb_never,20,14,79490,0.00678417,0,65564,0.00545303,52693,52693,0
mcs30_r005_s25.A03,mcs30_r005_s25.B03,dsb_never,20,19,83208,0.00707486,0,54037,0.00434873,53452,53452,0
mcs30_r005_s25.A04,mcs30_r005_s25.B04,dsb_never,20,16,69104,0.00605918,0,29262,0.00237705,44031,44031,0
mcs30_r005_s25.A05,mcs30_r005_s25.B05,dsb_never,20,20,173194,0.0153928,0,138595,0.0120616,110018,110018,0
mcs30_r005_s25.A06,mcs30_r005_s25.B06,dsb_never,19,17,323792,0.0245837,0,5058,0.000280511,236247,236247,0
mcs30_r005_s25.A07,mcs30_r005_s25.B07,dsb_never,20,17,31583,0.00354952,0,2117,0.000223237,21673,21673,0
mcs30_r005_s25.A08,mcs30_r005_s25.B08,dsb_never,20,15,204665,0.0148751,0,167660,0.0116706,137762,137762,0
mcs30_r005_s25.A09,mcs30_r005_s25.B09,dsb_never,20,14,88197,0.00696786,0,73777,0.00551526,61631,61631,0
mcs30_r005_s30.A00,mcs30_r005_s30.B00,dsb_never,23,18,7463278,0.643025,0,7347784,0.630935,5110095,5110095,0
mcs30_r005_s30.A01,mcs30_r005_s30.B01,dsb_never,22,22,6459398,0.566492,0,668443,0.0522727,4414669,4414669,0
mcs30_r005_s30.A02,mcs30_r005_s30.B02,dsb_never,23,21,2811333,0.268496,0,2252061,0.213025,1914501,1914501,0
mcs30_r005_s30.A03,mcs30_r005_s30.B03,dsb_never,24,18,715439,0.0676246,0,713371,0.0673875,470458,470458,0
mcs30_r005_s30.A04,mcs30_r005_s30.B04,dsb_never,23,18,2033056,0.172771,0,1865982,0.15654,1399598,1399598,0
mcs30_r005_s30.A05,mcs30_r005_s30.B05,dsb_never,23,16,4674573,0.438958,0,4657511,0.437217,3146500,3146500,0
mcs30_r005_s30.A06,mcs30_r005_s30.B06,dsb_never,23,18,2573657,0.238655,0,2267658,0.207831,1779068,1779068,0
mcs30_r005_s30.A07,mcs30_r005_s30.B07,dsb_never,22,20,12364446,1.1248,0,1735362,0.150075,8104364,8104364,0
mcs30_r005_s30.A08,mcs30_r005_s30.B08,dsb_never,23,20,3088884,0.293577,0,2413663,0.228705,1968677,1968677,0
mcs30_r005_s30.A09,mcs30_r005_s30.B09,dsb_never,23,19,1661559,0.151884,0,1067756,0.0946207,1132415,1132415,0
mcs30_r005_s35.A00,mcs30_r005_s35.B00,dsb_never,26,25,18734510,1.96122,0,9461570,0.931407,12414841,12414841,0
mcs30_r005_s35.A01,mcs30_r005_s35.B01,dsb_never,25,25,132788424,13.2193,0,68222907,6.56909,88821424,88821424,0
mcs30_r005_s35.A02,mcs30_r005_s35.B02,dsb_never,26,22,50098329,5.22658,0,49145671,5.12602,34524190,34524190,0
mcs30_r005_s35.A03,mcs30_r005_s35.B03,dsb_never,26,20,14307082,1.43169,0,10496126,1.02605,9915137,9915137,0
mcs30_r005_s35.A04,mcs30_r005_s35.B04,dsb_never,26,23,50941950,5.98809,0,49419448,5.80592,35271159,35271159,0
mcs30_r005_s35.A05,mcs30_r005_s35.B05,dsb_never,25,23,54437535,5.47101,0,565621,0.0494105,38211795,38211795,0
mcs30_r005_s35.A06,mcs30_r005_s35.B06,dsb_never,25,26,153069976,18.2149,0,6392096,0.668046,102577584,102577584,0
mcs30_r005_s35.A07,mcs30_r005_s35.B07,dsb_never,26,22,15499349,1.62482,0,5461300,0.552476,10343634,10343634,0
mcs30_r005_s35.A08,mcs30_r005_s35.B08,dsb_never,26,27,58803973,5.86482,0,53327437,5.26898,39844351,39844351,0
mcs30_r005_s35.A09,mcs30_r005_s35.B09,dsb_never,26,22,35334868,3.48254,0,32132396,3.1498,23964311,23964311,0
mcs30_r005_s40.A00,mcs30_r005_s40.B00,dsb_never,28,27,880192662,98.9387,0,396910349,43.9542,589295427,589295427,0
mcs30_r005_s40.A01,mcs30_r005_s40.B01,dsb_never,28,27,893001757,99.8296,0,257451097,28.4889,594786163,594786163,0
mcs30_r005_s40.A02,mcs30_r005_s40.B02,dsb_never,28,27,590075109,66.6578,0,73017061,7.89061,400871202,400871202,0
mcs30_r005_s40.A03,mcs30_r005_s40.B03,dsb_never,28,29,716293560,81.6357,0,342115642,38.4908,473509085,473509085,0
mcs30_r005_s40.A04,mcs30_r005_s40.B04,dsb_never,28,28,500123882,60.2118,0,222510913,25.9518,338482361,338482361,0
mcs30_r005_s40.A05,mcs30_r005_s40.B05,dsb_never,28,26,785560582,88.0728,0,206013111,22.2534,522723114,522723114,0
mcs30_r005_s40.A06,mcs30_r005_s40.B06,dsb_never,28,26,1443831993,188.23,0,1157777810,149.57,974893475,974893475,0
mcs30_r005_s40.A07,mcs30_r005_s40.B07,dsb_never,27,28,3778772860,414.624,0,25801864,2.69798,2492923917,2492923917,0
mcs30_r005_s40.A08,mcs30_r005_s40.B08,dsb_never,28,26,489942690,54.9539,0,171629996,19.0242,327344416,327344416,0
mcs30_r005_s40.A09,mcs30_r005_s40.B09,dsb_never,28,23,2032817891,223.956,0,2032695800,223.942,1353136973,1353136973,0
mcs30_r005_s50.A00,mcs30_r005_s50.B00,dsb_never,31,32,8349651922,1000.01,1,1457056103,166.479,5390892163,5390892163,0
mcs30_r005_s50.A01,mcs30_r005_s50.B01,dsb_never,31,30,8367299106,1000.02,1,47080569,5.66203,5515133750,5515133750,0
mcs30_r005_s50.A02,mcs30_r005_s50.B02,dsb_never,31,32,8340651950,1000.02,1,5808059911,690.011,5460462615,5460462615,0
mcs30_r005_s50.A03,mcs30_r005_s50.B03,dsb_never,33,31,8198231547,1000.02,1,2611312607,308.269,5529170172,5529170172,0
mcs30_r005_s50.A04,mcs30_r005_s50.B04,dsb_never,30,33,9126109365,1000.01,1,17713328,1.77543,6235628839,6235628839,0
mcs30_r005_s50.A05,mcs30_r005_s50.B05,dsb_never,31,27,8208150001,1000.02,1,1326071883,151.473,5341537490,5341537490,0
mcs30_r005_s50.A06,mcs30_r005_s50.B06,dsb_never,32,34,8468461460,1000.02,1,698856378,81.6794,5611960979,5611960979,0
mcs30_r005_s50.A07,mcs30_r005_s50.B07,dsb_never,30,34,8677768180,1000.02,1,15017999,1.58566,5739354707,5739354707,0
mcs30_r005_s50.A08,mcs30_r005_s50.B08,dsb_never,32,33,8191422174,1000.02,1,1818872947,216.878,5529563110,5529563110,0
mcs30_r005_s50.A09,mcs30_r005_s50.B09,dsb_never,30,32,8720773976,1000.02,1,185435939,20.6057,5807428192,5807428192,0
mcs30_r005_s60.A00,mcs30_r005_s60.B00,dsb_never,34,38,7832003991,1000.02,1,701780544,85.1275,5059437650,5059437650,0
mcs30_r005_s60.A01,mcs30_r005_s60.B01,dsb_never,35,35,7375278633,1000.01,1,2054344272,272.043,4787757640,4787757640,0
mcs30_r005_s60.A02,mcs30_r005_s60.B02,dsb_never,34,34,7784562082,1000.02,1,29568545,3.46612,5090828900,5090828900,0
mcs30_r005_s60.A03,mcs30_r005_s60.B03,dsb_never,34,32,8318160865,1000.02,1,4126340101,475.056,5530449895,5530449895,0
mcs30_r005_s60.A04,mcs30_r005_s60.B04,dsb_never,34,33,7152073487,1000.01,1,1146182349,155.265,4589742465,4589742465,0
mcs30_r005_s60.A05,mcs30_r005_s60.B05,dsb_never,34,35,8555464768,1000.02,1,739268301,85.8116,5640174524,5640174524,0
mcs30_r005_s60.A06,mcs30_r005_s60.B06,dsb_never,33,36,8132073476,1000.01,1,5950974547,732.492,5234640917,5234640917,0
mcs30_r005_s60.A07,mcs30_r005_s60.B07,dsb_never,34,35,7322181914,1000.02,1,992688984,125.719,4724676728,4724676728,0
mcs30_r005_s60.A08,mcs30_r005_s60.B08,dsb_never,33,33,8009635372,1000.01,1,206900168,26.0837,5158548760,5158548760,0
mcs30_r005_s60.A09,mcs30_r005_s60.B09,dsb_never,34,32,8269313670,1000.02,1,1718801179,201.584,5588560398,5588560398,0
mcs30_r005_s70.A00,mcs30_r005_s70.B00,dsb_never,36,40,7667744845,1000.02,1,15899725,1.95412,4943429213,4943429213,0
mcs30_r005_s70.A01,mcs30_r005_s70.B01,dsb_never,36,41,7794998605,1000.01,1,3085571277,386.823,5005786545,5005786545,0
mcs30_r005_s70.A02,mcs30_r005_s70.B02,dsb_never,37,40,7577749670,1000.01,1,2106006560,269.002,4969546500,4969546500,0
mcs30_r005_s70.A03,mcs30_r005_s70.B03,dsb_never,37,44,7705872773,1000.02,1,201498785,22.5831,4998752063,4998752063,0
mcs30_r005_s70.A04,mcs30_r005_s70.B04,dsb_never,37,42,6868547610,1000.02,1,4600051575,676.25,4440214291,4440214291,0
mcs30_r005_s70.A05,mcs30_r005_s70.B05,dsb_never,36,38,7017721529,1000.01,1,32148156,4.26413,4438531504,4438531504,0
mcs30_r005_s70.A06,mcs30_r005_s70.B06,dsb_never,36,40,7725312229,1000.02,1,7246492768,935.861,4862000836,4862000836,0
mcs30_r005_s70.A07,mcs30_r005_s70.B07,dsb_never,35,41,7635639945,1000.01,1,23800840,2.91257,4990220856,4990220856,0
mcs30_r005_s70.A08,mcs30_r005_s70.B08,dsb_never,37,40,7923511173,1000.02,1,3057414044,352.955,5048212481,5048212481,0
mcs30_r005_s70.A09,mcs30_r005_s70.B09,dsb_never,35,39,7404934890,1000.01,1,322818161,42.6363,4791662147,4791662147,0
mcs30_r005_s80.A00,mcs30_r005_s80.B00,dsb_never,37,45,7159246889,1000.01,1,3573471217,479.566,4539840042,4539840042,0
mcs30_r005_s80.A01,mcs30_r005_s80.B01,dsb_never,38,45,7394637996,1000.02,1,1195851203,161.729,4766850065,4766850065,0
mcs30_r005_s80.A02,mcs30_r005_s80.B02,dsb_never,38,43,6819652931,1000.02,1,2823256991,411.69,4324891398,4324891398,0
mcs30_r005_s80.A03,mcs30_r005_s80.B03,dsb_never,37,39,6718938740,1000.02,1,1509609887,238.559,4114928957,4114928957,0
mcs30_r005_s80.A04,mcs30_r005_s80.B04,dsb_never,37,41,7984340492,1000.02,1,152586121,20.3927,5055562947,5055562947,0
mcs30_r005_s80.A05,mcs30_r005_s80.B05,dsb_never,37,42,7414403266,1000.01,1,508794103,63.8138,4711611793,4711611793,0
mcs30_r005_s80.A06,mcs30_r005_s80.B06,dsb_never,37,47,7055571975,1000.01,1,72563563,9.80251,4403386459,4403386459,0
mcs30_r005_s80.A07,mcs30_r005_s80.B07,dsb_never,38,44,7632977653,1000.01,1,5084340098,648.931,4836062967,4836062967,0
mcs30_r005_s80.A08,mcs30_r005_s80.B08,dsb_never,37,40,7228873321,1000.02,1,1064780256,149.181,4497233510,4497233510,0
mcs30_r005_s80.A09,mcs30_r005_s80.B09,dsb_never,37,41,6678566843,1000.02,1,84158695,12.3612,4231077769,4231077769,0
mcs30_r005_s90.A00,mcs30_r005_s90.B00,dsb_never,41,48,6681988861,1000.02,1,354386147,50.1359,4262967348,4262967348,0
mcs30_r005_s90.A01,mcs30_r005_s90.B01,dsb_never,41,48,7170670591,1000.01,1,395145532,52.7757,4584715566,4584715566,0
mcs30_r005_s90.A02,mcs30_r005_s90.B02,dsb_never,40,44,7452608809,1000.02,1,3368704274,458.291,4806535194,4806535194,0
mcs30_r005_s90.A03,mcs30_r005_s90.B03,dsb_never,40,48,7614200944,1000.02,1,580124707,73.5706,4843823371,4843823371,0
mcs30_r005_s90.A04,mcs30_r005_s90.B04,dsb_never,39,48,7488807356,1000.02,1,3672894757,448.99,4894428665,4894428665,0
mcs30_r005_s90.A05,mcs30_r005_s90.B05,dsb_never,39,43,6899063618,1000.01,1,473583442,69.2103,4325135221,4325135221,0
mcs30_r005_s90.A06,mcs30_r005_s90.B06,dsb_never,39,49,7041623259,1000.02,1,10390475,1.26863,4371994005,4371994005,0
mcs30_r005_s90.A07,mcs30_r005_s90.B07,dsb_never,37,46,7141304528,1000.02,1,27354748,3.54091,4545696407,4545696407,0
mcs30_r005_s90.A08,mcs30_r005_s90.B08,dsb_never,41,47,6636268555,1000.02,1,1082724996,159.324,4176992858,4176992858,0
mcs30_r005_s90.A09,mcs30_r005_s90.B09,dsb_never,39,50,6793186440,1000.02,1,226596389,30.0278,4136745360,4136745360,0
mcs30_r01_s10.A00,mcs30_r01_s10.B00,dsb_never,9,9,86,3.80E-05,0,62,1.15E-05,58,58,0
mcs30_r01_s10.A01,mcs30_r01_s10.B01,dsb_never,8,7,274,5.29E-05,0,9,6.69E-06,174,174,0
mcs30_r01_s10.A02,mcs30_r01_s10.B02,dsb_never,8,6,99,7.67E-05,0,25,1.54E-05,71,71,0
mcs30_r01_s10.A03,mcs30_r01_s10.B03,dsb_never,8,5,246,4.90E-05,0,189,2.16E-05,167,167,0
mcs30_r01_s10.A04,mcs30_r01_s10.B04,dsb_never,8,7,145,4.35E-05,0,9,7.83E-06,100,100,0
mcs30_r01_s10.A05,mcs30_r01_s10.B05,dsb_never,8,8,87,3.60E-05,0,9,6.52E-06,62,62,0
mcs30_r01_s10.A06,mcs30_r01_s10.B06,dsb_never,8,6,340,5.01E-05,0,211,2.33E-05,217,217,0
mcs30_r01_s10.A07,mcs30_r01_s10.B07,dsb_never,8,7,161,4.65E-05,0,14,7.05E-06,111,111,0
mcs30_r01_s10.A08,mcs30_r01_s10.B08,dsb_never,8,8,121,4.29E-05,0,44,1.18E-05,80,80,0
mcs30_r01_s10.A09,mcs30_r01_s10.B09,dsb_never,7,5,739,7.58E-05,0,42,9.33E-06,501,501,0
mcs30_r01_s100.A00,mcs30_r01_s100.B00,dsb_never,27,46,2904117072,1000.01,1,3803210,1.09146,1700797444,1700797444,0
mcs30_r01_s100.A01,mcs30_r01_s100.B01,dsb_never,28,49,5513801535,1000.02,1,218833651,36.5505,3177188943,3177188943,0
mcs30_r01_s100.A02,mcs30_r01_s100.B02,dsb_never,27,46,5458037341,1000.01,1,26357236,4.52369,3134844132,3134844132,0
mcs30_r01_s100.A03,mcs30_r01_s100.B03,dsb_never,28,37,5641449420,1000.01,1,1775789541,308.025,3372509239,3372509239,0
mcs30_r01_s100.A04,mcs30_r01_s100.B04,dsb_never,27,45,5700881331,1000.01,1,109251231,17.8427,3353289461,3353289461,0
mcs30_r01_s100.A05,mcs30_r01_s100.B05,dsb_never,28,45,5365506655,1000.01,1,60029614,10.0267,3082080812,3082080812,0
mcs30_r01_s100.A06,mcs30_r01_s100.B06,dsb_never,28,47,5750571934,1000.01,1,370686067,59.3497,3345168160,3345168160,0
mcs30_r01_s100.A07,mcs30_r01_s100.B07,dsb_never,28,48,5335425352,1000.01,1,315210958,55.4153,3105160198,3105160198,0
mcs30_r01_s100.A08,mcs30_r01_s100.B08,dsb_never,28,45,5399827298,1000.01,1,864184634,151.005,3135812864,3135812864,0
mcs30_r01_s100.A09,mcs30_r01_s100.B09,dsb_never,28,50,5543232231,1000.01,1,399225420,71.0712,3242569426,3242569426,0
mcs30_r01_s15.A00,mcs30_r01_s15.B00,dsb_never,11,11,5014,0.000505565,0,489,5.50E-05,3181,3181,0
mcs30_r01_s15.A01,mcs30_r01_s15.B01,dsb_never,11,9,7146,0.00064698,0,1747,0.000146702,4465,4465,0
mcs30_r01_s15.A02,mcs30_r01_s15.B02,dsb_never,11,10,4170,0.000421287,0,914,8.34E-05,2661,2661,0
mcs30_r01_s15.A03,mcs30_r01_s15.B03,dsb_never,11,9,4963,0.000420473,0,3508,0.000256576,3220,3220,0
mcs30_r01_s15.A04,mcs30_r01_s15.B04,dsb_never,11,10,5145,0.000473812,0,2875,0.000261663,3445,3445,0
mcs30_r01_s15.A05,mcs30_r01_s15.B05,dsb_never,11,11,6381,0.00063277,0,2041,0.000184357,4074,4074,0
mcs30_r01_s15.A06,mcs30_r01_s15.B06,dsb_never,11,13,3483,0.000366562,0,62,1.26E-05,2225,2225,0
mcs30_r01_s15.A07,mcs30_r01_s15.B07,dsb_never,12,11,1921,0.000197025,0,1309,0.000107261,1267,1267,0
mcs30_r01_s15.A08,mcs30_r01_s15.B08,dsb_never,11,11,6227,0.000596992,0,2725,0.000239071,3950,3950,0
mcs30_r01_s15.A09,mcs30_r01_s15.B09,dsb_never,11,11,5050,0.000504332,0,1458,0.000149375,3157,3157,0
mcs30_r01_s20.A00,mcs30_r01_s20.B00,dsb_never,14,15,119925,0.012958,0,35984,0.00369733,76856,76856,0
mcs30_r01_s20.A01,mcs30_r01_s20.B01,dsb_never,14,15,52500,0.00563425,0,11582,0.00123305,34118,34118,0
mcs30_r01_s20.A02,mcs30_r01_s20.B02,dsb_never,14,15,48749,0.00573809,0,4357,0.000467227,30986,30986,0
mcs30_r01_s20.A03,mcs30_r01_s20.B03,dsb_never,15,16,66562,0.00805501,0,66227,0.00798573,42206,42206,0
mcs30_r01_s20.A04,mcs30_r01_s20.B04,dsb_never,14,14,64202,0.00703418,0,17728,0.00193436,41303,41303,0
mcs30_r01_s20.A05,mcs30_r01_s20.B05,dsb_never,14,14,42099,0.00457195,0,14100,0.00147034,26461,26461,0
mcs30_r01_s20.A06,mcs30_r01_s20.B06,dsb_never,14,16,75177,0.00849844,0,18867,0.00187152,48216,48216,0
mcs30_r01_s20.A07,mcs30_r01_s20.B07,dsb_never,14,15,49777,0.00524046,0,7102,0.000750159,32494,32494,0
mcs30_r01_s20.A08,mcs30_r01_s20.B08,dsb_never,14,15,145803,0.0153226,0,125587,0.0129905,93173,93173,0
mcs30_r01_s20.A09,mcs30_r01_s20.B09,dsb_never,13,16,161590,0.0152556,0,2076,0.000244178,106974,106974,0
mcs30_r01_s25.A00,mcs30_r01_s25.B00,dsb_never,16,16,1995530,0.225896,0,181642,0.0202059,1293879,1293879,0
mcs30_r01_s25.A01,mcs30_r01_s25.B01,dsb_never,16,15,1335361,0.163907,0,295528,0.0350184,861277,861277,0
mcs30_r01_s25.A02,mcs30_r01_s25.B02,dsb_never,17,17,1944485,0.233295,0,1921936,0.230665,1236899,1236899,0
mcs30_r01_s25.A03,mcs30_r01_s25.B03,dsb_never,16,18,3152049,0.367505,0,2086401,0.241901,2065412,2065412,0
mcs30_r01_s25.A04,mcs30_r01_s25.B04,dsb_never,17,24,872983,0.10169,0,377346,0.0429892,554487,554487,0
mcs30_r01_s25.A05,mcs30_r01_s25.B05,dsb_never,16,22,3318713,0.39205,0,23248,0.00260403,2103523,2103523,0
mcs30_r01_s25.A06,mcs30_r01_s25.B06,dsb_never,16,21,2875649,0.347237,0,74420,0.00840216,1859694,1859694,0
mcs30_r01_s25.A07,mcs30_r01_s25.B07,dsb_never,16,19,2128670,0.225326,0,77067,0.00806595,1393317,1393317,0
mcs30_r01_s25.A08,mcs30_r01_s25.B08,dsb_never,17,16,2461454,0.290533,0,2396730,0.283222,1562966,1562966,0
mcs30_r01_s25.A09,mcs30_r01_s25.B09,dsb_never,16,17,1346821,0.151562,0,75746,0.00822972,870563,870563,0
mcs30_r01_s30.A00,mcs30_r01_s30.B00,dsb_never,18,21,33911357,4.28011,0,1816183,0.224569,22281134,22281134,0
mcs30_r01_s30.A01,mcs30_r01_s30.B01,dsb_never,19,22,44449075,5.88806,0,43488775,5.763,28353988,28353988,0
mcs30_r01_s30.A02,mcs30_r01_s30.B02,dsb_never,19,24,12633393,1.69327,0,1416470,0.179978,8161790,8161790,0
mcs30_r01_s30.A03,mcs30_r01_s30.B03,dsb_never,18,24,40046461,5.24749,0,8039126,1.03939,25604695,25604695,0
mcs30_r01_s30.A04,mcs30_r01_s30.B04,dsb_never,19,19,23820045,2.8948,0,17626138,2.10827,15575725,15575725,0
mcs30_r01_s30.A05,mcs30_r01_s30.B05,dsb_never,19,20,43538881,6.51576,0,41736799,6.21261,28104751,28104751,0
mcs30_r01_s30.A06,mcs30_r01_s30.B06,dsb_never,19,23,33631553,4.29899,0,29495113,3.76432,21316119,21316119,0
mcs30_r01_s30.A07,mcs30_r01_s30.B07,dsb_never,18,23,39411567,4.91599,0,162694,0.0207576,25534985,25534985,0
mcs30_r01_s30.A08,mcs30_r01_s30.B08,dsb_never,18,24,39430532,5.10549,0,435648,0.0552131,25477252,25477252,0
mcs30_r01_s30.A09,mcs30_r01_s30.B09,dsb_never,18,19,43038854,5.40932,0,855747,0.107261,28357100,28357100,0
mcs30_r01_s35.A00,mcs30_r01_s35.B00,dsb_never,20,21,902969834,123.789,0,728281366,99.5501,579650786,579650786,0
mcs30_r01_s35.A01,mcs30_r01_s35.B01,dsb_never,21,22,349629416,46.4918,0,331303923,44.0024,232486035,232486035,0
mcs30_r01_s35.A02,mcs30_r01_s35.B02,dsb_never,20,23,476512722,65.0792,0,27026187,3.52626,309813067,309813067,0
mcs30_r01_s35.A03,mcs30_r01_s35.B03,dsb_never,20,29,896433353,127.813,0,128420063,17.9203,569668317,569668317,0
mcs30_r01_s35.A04,mcs30_r01_s35.B04,dsb_never,20,25,467151458,66.0101,0,6733614,0.906869,302955334,302955334,0
mcs30_r01_s35.A05,mcs30_r01_s35.B05,dsb_never,20,27,290049761,38.8175,0,18212781,2.35674,190654457,190654457,0
mcs30_r01_s35.A06,mcs30_r01_s35.B06,dsb_never,20,24,564743759,78.5909,0,39032647,5.15323,363645509,363645509,0
mcs30_r01_s35.A07,mcs30_r01_s35.B07,dsb_never,20,24,451103310,62.6695,0,61108325,8.41393,290521715,290521715,0
mcs30_r01_s35.A08,mcs30_r01_s35.B08,dsb_never,21,26,274203833,37.3506,0,182849430,24.8216,178973835,178973835,0
mcs30_r01_s35.A09,mcs30_r01_s35.B09,dsb_never,20,27,1078849958,148.267,0,419856429,56.2379,689553135,689553135,0
mcs30_r01_s40.A00,mcs30_r01_s40.B00,dsb_never,22,25,5930701996,1000.01,1,3896171288,653.793,3789776088,3789776088,0
mcs30_r01_s40.A01,mcs30_r01_s40.B01,dsb_never,22,24,2862495917,407.378,0,94466171,13.1847,1880633323,1880633323,0
mcs30_r01_s40.A02,mcs30_r01_s40.B02,dsb_never,23,25,4459245637,621.817,0,4419872800,616.625,2943942377,2943942377,0
mcs30_r01_s40.A03,mcs30_r01_s40.B03,dsb_never,21,34,6822597830,1000.01,1,91637972,13.2463,4325505857,4325505857,0
mcs30_r01_s40.A04,mcs30_r01_s40.B04,dsb_never,21,31,6816335422,1000.02,1,717720,0.0990297,4395691146,4395691146,0
mcs30_r01_s40.A05,mcs30_r01_s40.B05,dsb_never,22,28,3345007748,1000.02,1,105941544,29.6617,2139529962,2139529962,0
mcs30_r01_s40.A06,mcs30_r01_s40.B06,dsb_never,21,24,6749498740,1000.01,1,155951770,22.198,4326846759,4326846759,0
mcs30_r01_s40.A07,mcs30_r01_s40.B07,dsb_never,21,30,6556411294,1000.01,1,446587773,63.8722,4164630131,4164630131,0
mcs30_r01_s40.A08,mcs30_r01_s40.B08,dsb_never,22,27,5556125956,846.484,0,1279904696,190.558,3600972370,3600972370,0
mcs30_r01_s40.A09,mcs30_r01_s40.B09,dsb_never,22,29,6684515711,1000.02,1,6065600508,903.871,4279274339,4279274339,0
mcs30_r01_s50.A00,mcs30_r01_s50.B00,dsb_never,23,29,6486507048,1000.01,1,167689381,26.3006,4081426511,4081426511,0
mcs30_r01_s50.A01,mcs30_r01_s50.B01,dsb_never,23,31,6486338803,1000.02,1,5890751942,905.493,4031460176,4031460176,0
mcs30_r01_s50.A02,mcs30_r01_s50.B02,dsb_never,23,30,6277407742,1000.02,1,214119697,32.3305,3945692635,3945692635,0
mcs30_r01_s50.A03,mcs30_r01_s50.B03,dsb_never,23,33,6358774323,1000.02,1,618765869,93.282,4055309934,4055309934,0
mcs30_r01_s50.A04,mcs30_r01_s50.B04,dsb_never,23,33,6427989731,1000.03,1,620705623,93.9556,4017392533,4017392533,0
mcs30_r01_s50.A05,mcs30_r01_s50.B05,dsb_never,23,31,6381180929,1000.01,1,87340954,12.9972,3985547847,3985547847,0
mcs30_r01_s50.A06,mcs30_r01_s50.B06,dsb_never,23,27,6497360072,1000.01,1,1235892934,182.94,4053548263,4053548263,0
mcs30_r01_s50.A07,mcs30_r01_s50.B07,dsb_never,23,29,6498109576,1000.01,1,30664219,4.55198,4070664456,4070664456,0
mcs30_r01_s50.A08,mcs30_r01_s50.B08,dsb_never,24,30,6413717957,1000.01,1,3972163789,619.307,4054342281,4054342281,0
mcs30_r01_s50.A09,mcs30_r01_s50.B09,dsb_never,23,30,6390782168,1000.01,1,1034939479,157.355,3967831868,3967831868,0
mcs30_r01_s60.A00,mcs30_r01_s60.B00,dsb_never,24,35,6139309257,1000.02,1,384198425,59.1107,3752969590,3752969590,0
mcs30_r01_s60.A01,mcs30_r01_s60.B01,dsb_never,24,29,6314554924,1000.02,1,1321065834,204.303,3884572582,3884572582,0
mcs30_r01_s60.A02,mcs30_r01_s60.B02,dsb_never,24,29,6103708056,1000.02,1,186279181,28.9799,3711602044,3711602044,0
mcs30_r01_s60.A03,mcs30_r01_s60.B03,dsb_never,25,37,5964017417,1000.01,1,228104454,37.0373,3691744902,3691744902,0
mcs30_r01_s60.A04,mcs30_r01_s60.B04,dsb_never,24,32,6178171946,1000.01,1,353583517,56.0221,3800951852,3800951852,0
mcs30_r01_s60.A05,mcs30_r01_s60.B05,dsb_never,25,31,6178560156,1000.01,1,166830018,25.6169,3866383973,3866383973,0
mcs30_r01_s60.A06,mcs30_r01_s60.B06,dsb_never,24,32,6338810144,1000.02,1,519323957,80.0612,3919271030,3919271030,0
mcs30_r01_s60.A07,mcs30_r01_s60.B07,dsb_never,25,32,5975971677,1000.02,1,320162233,51.6199,3692645720,3692645720,0
mcs30_r01_s60.A08,mcs30_r01_s60.B08,dsb_never,24,35,6376391068,1000.02,1,4879321,0.694323,3924089182,3924089182,0
mcs30_r01_s60.A09,mcs30_r01_s60.B09,dsb_never,25,41,6351842128,1000.02,1,4550665862,706.041,3967472173,3967472173,0
mcs30_r01_s70.A00,mcs30_r01_s70.B00,dsb_never,26,42,5852752372,1000.02,1,159468372,25.4931,3517138935,3517138935,0
mcs30_r01_s70.A01,mcs30_r01_s70.B01,dsb_never,25,37,5937919641,1000.02,1,730311,0.118882,3551543123,3551543123,0
mcs30_r01_s70.A02,mcs30_r01_s70.B02,dsb_never,25,34,6163057207,1000.03,1,13704747,2.14589,3777360355,3777360355,0
mcs30_r01_s70.A03,mcs30_r01_s70.B03,dsb_never,25,38,6026937268,1000.01,1,788906605,123.921,3630996046,3630996046,0
mcs30_r01_s70.A04,mcs30_r01_s70.B04,dsb_never,26,33,5901598025,1000.01,1,1661290775,273.577,3551893808,3551893808,0
mcs30_r01_s70.A05,mcs30_r01_s70.B05,dsb_never,26,29,2906031187,1000.02,1,1016025164,328.845,1774403244,1774403244,0
mcs30_r01_s70.A06,mcs30_r01_s70.B06,dsb_never,25,37,5832108280,1000.02,1,391099232,63.7937,3518931325,3518931325,0
mcs30_r01_s70.A07,mcs30_r01_s70.B07,dsb_never,25,36,6197566942,1000.02,1,141139099,22.006,3700169053,3700169053,0
mcs30_r01_s70.A08,mcs30_r01_s70.B08,dsb_never,27,36,5645518342,1000.02,1,1962471942,337.127,3428932187,3428932187,0
mcs30_r01_s70.A09,mcs30_r01_s70.B09,dsb_never,25,40,5289419911,1000.02,1,12063782,2.2413,3201314436,3201314436,0
mcs30_r01_s80.A00,mcs30_r01_s80.B00,dsb_never,27,44,5657786588,1000.02,1,699391465,118.061,3400387638,3400387638,0
mcs30_r01_s80.A01,mcs30_r01_s80.B01,dsb_never,26,40,5916332101,1000.02,1,345381332,58.4374,3569093912,3569093912,0
mcs30_r01_s80.A02,mcs30_r01_s80.B02,dsb_never,27,36,5894651869,1000.01,1,5679154014,960.15,3538919755,3538919755,0
mcs30_r01_s80.A03,mcs30_r01_s80.B03,dsb_never,26,41,5781275918,1000.03,1,9362685,1.53972,3396717163,3396717163,0
mcs30_r01_s80.A04,mcs30_r01_s80.B04,dsb_never,26,38,5557286873,1000.01,1,626982075,108.763,3299909427,3299909427,0
mcs30_r01_s80.A05,mcs30_r01_s80.B05,dsb_never,26,37,5834896866,1000.02,1,111192446,19.1496,3431124601,3431124601,0
mcs30_r01_s80.A06,mcs30_r01_s80.B06,dsb_never,26,40,5731069250,1000.02,1,661740059,111.659,3426012781,3426012781,0
mcs30_r01_s80.A07,mcs30_r01_s80.B07,dsb_never,27,35,5888279071,1000.01,1,2383121985,389.159,3506059779,3506059779,0
mcs30_r01_s80.A08,mcs30_r01_s80.B08,dsb_never,26,39,5862284635,1000.02,1,1488921810,252.677,3512482183,3512482183,0
mcs30_r01_s80.A09,mcs30_r01_s80.B09,dsb_never,26,33,2873277360,1000.02,1,1503201730,512.037,1687940269,1687940269,0
mcs30_r01_s90.A00,mcs30_r01_s90.B00,dsb_never,27,39,2914067779,1000.02,1,170901692,54.8864,1730573454,1730573454,0
mcs30_r01_s90.A01,mcs30_r01_s90.B01,dsb_never,27,45,2778537144,1000.02,1,169130364,59.188,1631914033,1631914033,0
mcs30_r01_s90.A02,mcs30_r01_s90.B02,dsb_never,28,46,2829803021,1000.02,1,242421297,84.0257,1692643683,1692643683,0
mcs30_r01_s90.A03,mcs30_r01_s90.B03,dsb_never,27,40,2764759072,1000.02,1,979891775,341.495,1601891904,1601891904,0
mcs30_r01_s90.A04,mcs30_r01_s90.B04,dsb_never,26,42,5695017531,1000.02,1,1098614391,189.287,3319481214,3319481214,0
mcs30_r01_s90.A05,mcs30_r01_s90.B05,dsb_never,27,39,5356096763,1000.01,1,883276843,156.986,3223973982,3223973982,0
mcs30_r01_s90.A06,mcs30_r01_s90.B06,dsb_never,28,36,5589733412,1000.02,1,3057733576,545.383,3289974788,3289974788,0
mcs30_r01_s90.A07,mcs30_r01_s90.B07,dsb_never,28,38,5475916923,1000.01,1,540428809,91.3269,3212032931,3212032931,0
mcs30_r01_s90.A08,mcs30_r01_s90.B08,dsb_never,27,52,5597822889,1000.01,1,2709432731,479.827,3278953893,3278953893,0
mcs30_r01_s90.A09,mcs30_r01_s90.B09,dsb_never,26,41,5402315626,1000.02,1,17374763,3.08642,3194144575,3194144575,0
mcs30_r02_s10.A00,mcs30_r02_s10.B00,dsb_never,7,8,418,6.60E-05,0,19,7.06E-06,279,279,0
mcs30_r02_s10.A01,mcs30_r02_s10.B01,dsb_never,8,10,403,7.25E-05,0,258,3.31E-05,263,263,0
mcs30_r02_s10.A02,mcs30_r02_s10.B02,dsb_never,8,11,235,5.28E-05,0,208,2.83E-05,157,157,0
mcs30_r02_s10.A03,mcs30_r02_s10.B03,dsb_never,8,10,688,9.76E-05,0,671,7.87E-05,441,441,0
mcs30_r02_s10.A04,mcs30_r02_s10.B04,dsb_never,7,9,499,0.000115134,0,24,1.28E-05,328,328,0
mcs30_r02_s10.A05,mcs30_r02_s10.B05,dsb_never,8,10,342,6.23E-05,0,306,3.60E-05,219,219,0
mcs30_r02_s10.A06,mcs30_r02_s10.B06,dsb_never,7,8,393,6.55E-05,0,69,1.25E-05,270,270,0
mcs30_r02_s10.A07,mcs30_r02_s10.B07,dsb_never,7,9,680,9.51E-05,0,130,1.82E-05,450,450,0
mcs30_r02_s10.A08,mcs30_r02_s10.B08,dsb_never,8,11,123,8.25E-05,0,28,3.87E-05,87,87,0
mcs30_r02_s10.A09,mcs30_r02_s10.B09,dsb_never,7,9,884,0.000175225,0,114,2.85E-05,586,586,0
mcs30_r02_s100.A00,mcs30_r02_s100.B00,dsb_never,19,56,4142103339,1000.01,1,1256308,0.275379,2182403744,2182403744,0
mcs30_r02_s100.A01,mcs30_r02_s100.B01,dsb_never,19,47,4685876715,1000.02,1,12125367,2.31408,2467303538,2467303538,0
mcs30_r02_s100.A02,mcs30_r02_s100.B02,dsb_never,20,60,4704668025,1000.01,1,3105965512,641.046,2485227668,2485227668,0
mcs30_r02_s100.A03,mcs30_r02_s100.B03,dsb_never,20,57,4573917559,1000.01,1,2614566481,553.498,2416741347,2416741347,0
mcs30_r02_s100.A04,mcs30_r02_s100.B04,dsb_never,20,55,4371100616,1000.02,1,58566560,11.8568,2316979753,2316979753,0
mcs30_r02_s100.A05,mcs30_r02_s100.B05,dsb_never,20,53,4719035396,1000.02,1,4226022422,887.995,2482520836,2482520836,0
mcs30_r02_s100.A06,mcs30_r02_s100.B06,dsb_never,20,64,4591613482,1000.02,1,3159577492,671.368,2415033577,2415033577,0
mcs30_r02_s100.A07,mcs30_r02_s100.B07,dsb_never,20,61,4323103873,1000.02,1,534887804,113.771,2282260851,2282260851,0
mcs30_r02_s100.A08,mcs30_r02_s100.B08,dsb_never,19,55,2349857073,1000.02,1,1747212,0.643015,1241251925,1241251925,0
mcs30_r02_s100.A09,mcs30_r02_s100.B09,dsb_never,20,64,4687264099,1000.01,1,4632003854,987.38,2456902678,2456902678,0
mcs30_r02_s15.A00,mcs30_r02_s15.B00,dsb_never,10,15,8094,0.00111225,0,4129,0.000530278,5435,5435,0
mcs30_r02_s15.A01,mcs30_r02_s15.B01,dsb_never,10,15,8686,0.00109644,0,1618,0.000189136,5537,5537,0
mcs30_r02_s15.A02,mcs30_r02_s15.B02,dsb_never,10,18,10793,0.00134405,0,7558,0.000900911,6862,6862,0
mcs30_r02_s15.A03,mcs30_r02_s15.B03,dsb_never,10,15,6901,0.000866803,0,1640,0.000198369,4404,4404,0
mcs30_r02_s15.A04,mcs30_r02_s15.B04,dsb_never,10,14,11012,0.0014599,0,536,7.24E-05,7110,7110,0
mcs30_r02_s15.A05,mcs30_r02_s15.B05,dsb_never,10,17,9605,0.0014455,0,1418,0.0001717,6099,6099,0
mcs30_r02_s15.A06,mcs30_r02_s15.B06,dsb_never,10,16,6336,0.00110318,0,611,7.86E-05,4213,4213,0
mcs30_r02_s15.A07,mcs30_r02_s15.B07,dsb_never,10,14,8383,0.00114449,0,2689,0.000333654,5467,5467,0
mcs30_r02_s15.A08,mcs30_r02_s15.B08,dsb_never,10,16,8923,0.00117497,0,797,9.99E-05,5768,5768,0
mcs30_r02_s15.A09,mcs30_r02_s15.B09,dsb_never,10,15,11663,0.0014509,0,8413,0.00101678,7442,7442,0
mcs30_r02_s20.A00,mcs30_r02_s20.B00,dsb_never,12,22,261018,0.0386193,0,99827,0.014171,159889,159889,0
mcs30_r02_s20.A01,mcs30_r02_s20.B01,dsb_never,12,21,220036,0.036065,0,115839,0.0186627,137932,137932,0
mcs30_r02_s20.A02,mcs30_r02_s20.B02,dsb_never,12,19,125670,0.0217257,0,5591,0.000921261,80847,80847,0
mcs30_r02_s20.A03,mcs30_r02_s20.B03,dsb_never,12,26,165277,0.0244807,0,18096,0.00248222,104643,104643,0
mcs30_r02_s20.A04,mcs30_r02_s20.B04,dsb_never,12,18,135995,0.0202764,0,55669,0.00795649,86602,86602,0
mcs30_r02_s20.A05,mcs30_r02_s20.B05,dsb_never,12,21,362427,0.050899,0,314828,0.0439471,224247,224247,0
mcs30_r02_s20.A06,mcs30_r02_s20.B06,dsb_never,12,23,148555,0.0225769,0,11078,0.00148073,95892,95892,0
mcs30_r02_s20.A07,mcs30_r02_s20.B07,dsb_never,12,17,195589,0.0290572,0,46651,0.00626584,123134,123134,0
mcs30_r02_s20.A08,mcs30_r02_s20.B08,dsb_never,12,19,160660,0.0236,0,46704,0.00649724,101841,101841,0
mcs30_r02_s20.A09,mcs30_r02_s20.B09,dsb_never,12,23,213663,0.0315137,0,21173,0.0028605,133744,133744,0
mcs30_r02_s25.A00,mcs30_r02_s25.B00,dsb_never,14,25,3083061,0.489591,0,2513502,0.397162,1900479,1900479,0
mcs30_r02_s25.A01,mcs30_r02_s25.B01,dsb_never,13,23,6883723,1.1047,0,608138,0.092005,4219271,4219271,0
mcs30_r02_s25.A02,mcs30_r02_s25.B02,dsb_never,13,22,6399688,1.00788,0,26612,0.00384988,3908848,3908848,0
mcs30_r02_s25.A03,mcs30_r02_s25.B03,dsb_never,13,25,5846654,1.11887,0,1020785,0.19358,3610478,3610478,0
mcs30_r02_s25.A04,mcs30_r02_s25.B04,dsb_never,13,29,5071672,0.980397,0,152066,0.0315069,3127114,3127114,0
mcs30_r02_s25.A05,mcs30_r02_s25.B05,dsb_never,13,22,4304614,0.671099,0,204367,0.0290707,2679787,2679787,0
mcs30_r02_s25.A06,mcs30_r02_s25.B06,dsb_never,13,29,5532605,0.900837,0,334475,0.0504193,3416515,3416515,0
mcs30_r02_s25.A07,mcs30_r02_s25.B07,dsb_never,13,25,4453532,0.710471,0,73977,0.0113043,2764938,2764938,0
mcs30_r02_s25.A08,mcs30_r02_s25.B08,dsb_never,13,26,4620504,0.744975,0,42469,0.00663384,2867351,2867351,0
mcs30_r02_s25.A09,mcs30_r02_s25.B09,dsb_never,13,18,6076120,0.999966,0,362453,0.0546473,3746646,3746646,0
mcs30_r02_s30.A00,mcs30_r02_s30.B00,dsb_never,14,30,87611029,15.2839,0,339572,0.0548769,53556318,53556318,0
mcs30_r02_s30.A01,mcs30_r02_s30.B01,dsb_never,15,26,61675987,10.6412,0,31646391,5.39867,37435129,37435129,0
mcs30_r02_s30.A02,mcs30_r02_s30.B02,dsb_never,15,33,40793297,7.46244,0,8493943,1.48266,25162806,25162806,0
mcs30_r02_s30.A03,mcs30_r02_s30.B03,dsb_never,14,27,97937060,21.1684,0,1212315,0.256194,59468115,59468115,0
mcs30_r02_s30.A04,mcs30_r02_s30.B04,dsb_never,15,30,69823224,14.8073,0,54131970,11.3558,42423110,42423110,0
mcs30_r02_s30.A05,mcs30_r02_s30.B05,dsb_never,14,29,138048700,28.1208,0,3113815,0.601244,83411779,83411779,0
mcs30_r02_s30.A06,mcs30_r02_s30.B06,dsb_never,15,28,58721385,10.8588,0,33293404,6.02625,35663731,35663731,0
mcs30_r02_s30.A07,mcs30_r02_s30.B07,dsb_never,14,27,81397931,14.3313,0,694710,0.114593,49700170,49700170,0
mcs30_r02_s30.A08,mcs30_r02_s30.B08,dsb_never,14,26,101454770,17.9697,0,19485,0.00299574,61759505,61759505,0
mcs30_r02_s30.A09,mcs30_r02_s30.B09,dsb_never,14,29,111823805,19.4208,0,2542303,0.407258,67908282,67908282,0
mcs30_r02_s35.A00,mcs30_r02_s35.B00,dsb_never,16,36,495898309,96.3347,0,55571865,10.1536,302517369,302517369,0
mcs30_r02_s35.A01,mcs30_r02_s35.B01,dsb_never,15,33,1117219512,206.799,0,32082127,5.52652,671291477,671291477,0
mcs30_r02_s35.A02,mcs30_r02_s35.B02,dsb_never,16,30,428258432,81.1773,0,29585003,5.15901,262080702,262080702,0
mcs30_r02_s35.A03,mcs30_r02_s35.B03,dsb_never,15,37,1097490935,201.743,0,4276591,0.722637,663352915,663352915,0
mcs30_r02_s35.A04,mcs30_r02_s35.B04,dsb_never,16,29,558407077,106.65,0,350183358,65.9252,338221261,338221261,0
mcs30_r02_s35.A05,mcs30_r02_s35.B05,dsb_never,16,31,772003574,147.946,0,407905169,76.2093,464317494,464317494,0
mcs30_r02_s35.A06,mcs30_r02_s35.B06,dsb_never,16,36,639445041,154.035,0,15178418,3.56907,388109082,388109082,0
mcs30_r02_s35.A07,mcs30_r02_s35.B07,dsb_never,16,38,503844263,108.156,0,113118250,24.5621,304511364,304511364,0
mcs30_r02_s35.A08,mcs30_r02_s35.B08,dsb_never,15,34,1030878772,217.921,0,1358979,0.290584,622611973,622611973,0
mcs30_r02_s35.A09,mcs30_r02_s35.B09,dsb_never,16,31,882843846,164.426,0,704780433,130.572,530104273,530104273,0
mcs30_r02_s40.A00,mcs30_r02_s40.B00,dsb_never,16,33,5050924412,1000.02,1,30735690,5.68095,2975092123,2975092123,0
mcs30_r02_s40.A01,mcs30_r02_s40.B01,dsb_never,17,35,5090557342,1000.01,1,4867341804,953.727,2990320061,2990320061,0
mcs30_r02_s40.A02,mcs30_r02_s40.B02,dsb_never,16,32,5045947766,1000.02,1,108098861,19.7219,2984820081,2984820081,0
mcs30_r02_s40.A03,mcs30_r02_s40.B03,dsb_never,16,29,5156649018,1000.01,1,48669459,8.88654,3056638944,3056638944,0
mcs30_r02_s40.A04,mcs30_r02_s40.B04,dsb_never,16,34,5030115439,1000.02,1,56077821,10.3688,2979207311,2979207311,0
mcs30_r02_s40.A05,mcs30_r02_s40.B05,dsb_never,17,34,4854989207,1000.01,1,864311735,170.395,2927462438,2927462438,0
mcs30_r02_s40.A06,mcs30_r02_s40.B06,dsb_never,16,38,5063111076,1000.02,1,11670713,2.14568,3000439322,3000439322,0
mcs30_r02_s40.A07,mcs30_r02_s40.B07,dsb_never,16,40,5015103043,1000.01,1,2550175,0.472868,2981141529,2981141529,0
mcs30_r02_s40.A08,mcs30_r02_s40.B08,dsb_never,16,34,5204194068,1000.02,1,24956994,4.51999,3103563696,3103563696,0
mcs30_r02_s40.A09,mcs30_r02_s40.B09,dsb_never,16,32,5068664027,1000.02,1,242609327,44.747,3003985502,3003985502,0
mcs30_r02_s50.A00,mcs30_r02_s50.B00,dsb_never,17,34,4802163791,1000.01,1,558484522,110.857,2750077979,2750077979,0
mcs30_r02_s50.A01,mcs30_r02_s50.B01,dsb_never,17,46,4831493742,1000.01,1,546304085,105.227,2770805905,2770805905,0
mcs30_r02_s50.A02,mcs30_r02_s50.B02,dsb_never,17,35,4866375864,1000.02,1,15823294,3.07761,2806790646,2806790646,0
mcs30_r02_s50.A03,mcs30_r02_s50.B03,dsb_never,17,40,4859103637,1000.01,1,325332350,62.6009,2771067404,2771067404,0
mcs30_r02_s50.A04,mcs30_r02_s50.B04,dsb_never,17,39,4859709418,1000.02,1,119808461,23.3475,2809848324,2809848324,0
mcs30_r02_s50.A05,mcs30_r02_s50.B05,dsb_never,17,47,4881861223,1000.02,1,148942187,28.5304,2820660936,2820660936,0
mcs30_r02_s50.A06,mcs30_r02_s50.B06,dsb_never,17,40,4928139303,1000.01,1,24317798,4.59275,2865423475,2865423475,0
mcs30_r02_s50.A07,mcs30_r02_s50.B07,dsb_never,18,38,4635744607,1000.02,1,717788558,149.862,2672463235,2672463235,0
mcs30_r02_s50.A08,mcs30_r02_s50.B08,dsb_never,17,38,4289034219,1000.01,1,19145796,4.26432,2491289632,2491289632,0
mcs30_r02_s50.A09,mcs30_r02_s50.B09,dsb_never,17,40,4883365022,1000.02,1,377251278,72.7384,2802225672,2802225672,0
mcs30_r02_s60.A00,mcs30_r02_s60.B00,dsb_never,18,40,4620836048,1000.02,1,791501064,161.526,2577396012,2577396012,0
mcs30_r02_s60.A01,mcs30_r02_s60.B01,dsb_never,18,37,4732056369,1000.01,1,268888372,53.0271,2655648211,2655648211,0
mcs30_r02_s60.A02,mcs30_r02_s60.B02,dsb_never,17,47,4954600917,1000.01,1,32454596,6.12875,2761569683,2761569683,0
mcs30_r02_s60.A03,mcs30_r02_s60.B03,dsb_never,18,39,4668812811,1000.02,1,1773755827,362.531,2589538095,2589538095,0
mcs30_r02_s60.A04,mcs30_r02_s60.B04,dsb_never,18,44,4589590111,1000.02,1,101928671,20.2108,2571288250,2571288250,0
mcs30_r02_s60.A05,mcs30_r02_s60.B05,dsb_never,18,40,4602347472,1000.01,1,90120502,18.0285,2590947795,2590947795,0
mcs30_r02_s60.A06,mcs30_r02_s60.B06,dsb_never,18,42,4702452429,1000.01,1,2310525476,474.14,2609419837,2609419837,0
mcs30_r02_s60.A07,mcs30_r02_s60.B07,dsb_never,18,42,4658163512,1000.02,1,297288688,58.8759,2606782575,2606782575,0
mcs30_r02_s60.A08,mcs30_r02_s60.B08,dsb_never,18,41,4706893816,1000.02,1,1091448282,216.242,2625188537,2625188537,0
mcs30_r02_s60.A09,mcs30_r02_s60.B09,dsb_never,18,49,4618864643,1000.01,1,1669002341,341.131,2596928634,2596928634,0
mcs30_r02_s70.A00,mcs30_r02_s70.B00,dsb_never,18,51,4626792915,1000.02,1,14332143,2.79519,2520954179,2520954179,0
mcs30_r02_s70.A01,mcs30_r02_s70.B01,dsb_never,19,52,3811205907,1000.02,1,1101834462,272.32,2092603535,2092603535,0
mcs30_r02_s70.A02,mcs30_r02_s70.B02,dsb_never,18,55,4138481926,1000.01,1,94421598,22.462,2293473435,2293473435,0
mcs30_r02_s70.A03,mcs30_r02_s70.B03,dsb_never,18,47,4664778738,1000.01,1,15028844,2.95312,2545874440,2545874440,0
mcs30_r02_s70.A04,mcs30_r02_s70.B04,dsb_never,18,44,4693865561,1000.02,1,88201027,17.8317,2577959890,2577959890,0
mcs30_r02_s70.A05,mcs30_r02_s70.B05,dsb_never,18,42,4621129887,1000.02,1,7014102,1.34524,2523571965,2523571965,0
mcs30_r02_s70.A06,mcs30_r02_s70.B06,dsb_never,18,45,4766548913,1000.02,1,139642726,27.2962,2600972941,2600972941,0
mcs30_r02_s70.A07,mcs30_r02_s70.B07,dsb_never,18,46,4579943088,1000.02,1,60104644,12.0761,2504987947,2504987947,0
mcs30_r02_s70.A08,mcs30_r02_s70.B08,dsb_never,19,49,4298824524,1000.02,1,570938855,122.502,2378632153,2378632153,0
mcs30_r02_s70.A09,mcs30_r02_s70.B09,dsb_never,19,53,3929260270,1000.02,1,2073243445,488.936,2137758729,2137758729,0
mcs30_r02_s80.A00,mcs30_r02_s80.B00,dsb_never,18,34,4706455004,1000.01,1,5804577,1.09605,2540137440,2540137440,0
mcs30_r02_s80.A01,mcs30_r02_s80.B01,dsb_never,19,60,4578311607,1000.02,1,2308471016,484.524,2462562761,2462562761,0
mcs30_r02_s80.A02,mcs30_r02_s80.B02,dsb_never,19,49,4546159029,1000.01,1,1101918954,228.721,2444840072,2444840072,0
mcs30_r02_s80.A03,mcs30_r02_s80.B03,dsb_never,19,50,4608689391,1000.02,1,1238777739,250.841,2472197004,2472197004,0
mcs30_r02_s80.A04,mcs30_r02_s80.B04,dsb_never,19,40,4403400898,1000.01,1,55973736,11.3472,2369114934,2369114934,0
mcs30_r02_s80.A05,mcs30_r02_s80.B05,dsb_never,19,45,4607629973,1000.01,1,1576702097,323.98,2476632199,2476632199,0
mcs30_r02_s80.A06,mcs30_r02_s80.B06,dsb_never,20,58,4246095621,1000.01,1,865042110,179.548,2297537004,2297537004,0
mcs30_r02_s80.A07,mcs30_r02_s80.B07,dsb_never,19,56,3915414636,1000.02,1,781490222,181.544,2112690947,2112690947,0
mcs30_r02_s80.A08,mcs30_r02_s80.B08,dsb_never,19,39,4539780857,1000.02,1,519289167,105.354,2438894416,2438894416,0
mcs30_r02_s80.A09,mcs30_r02_s80.B09,dsb_never,19,47,4516728018,1000.02,1,557555847,114.353,2433827041,2433827041,0
mcs30_r02_s90.A00,mcs30_r02_s90.B00,dsb_never,19,47,4625712835,1000.02,1,10637463,1.98984,2467302742,2467302742,0
mcs30_r02_s90.A01,mcs30_r02_s90.B01,dsb_never,19,45,4616715884,1000.01,1,41744658,8.16911,2470691791,2470691791,0
mcs30_r02_s90.A02,mcs30_r02_s90.B02,dsb_never,20,58,4260227839,1000.02,1,951660015,210.349,2268535306,2268535306,0
mcs30_r02_s90.A03,mcs30_r02_s90.B03,dsb_never,19,45,4542201747,1000.01,1,69638238,14.0634,2415245301,2415245301,0
mcs30_r02_s90.A04,mcs30_r02_s90.B04,dsb_never,19,56,4614174412,1000.02,1,1034869,0.17226,2462166824,2462166824,0
mcs30_r02_s90.A05,mcs30_r02_s90.B05,dsb_never,19,53,4556081526,1000.01,1,5692296,1.04232,2442951334,2442951334,0
mcs30_r02_s90.A06,mcs30_r02_s90.B06,dsb_never,19,45,4600920665,1000.02,1,21146029,4.05937,2455112350,2455112350,0
mcs30_r02_s90.A07,mcs30_r02_s90.B07,dsb_never,19,56,4656842801,1000.01,1,4525014,0.884056,2482120725,2482120725,0
mcs30_r02_s90.A08,mcs30_r02_s90.B08,dsb_never,19,48,4540006790,1000.02,1,22615708,4.43417,2436778784,2436778784,0
mcs30_r02_s90.A09,mcs30_r02_s90.B09,dsb_never,19,51,4653302305,1000.02,1,71789551,14.1267,2478639267,2478639267,0
mcs50_b03_s10.A00,mcs50_b03_s10.B00,dsb_never,8,10,141,5.05E-05,0,25,2.12E-05,99,99,0
mcs50_b03_s10.A01,mcs50_b03_s10.B01,dsb_never,9,11,36,3.30E-05,0,14,8.69E-06,26,26,0
mcs50_b03_s10.A02,mcs50_b03_s10.B02,dsb_never,7,9,662,7.40E-05,0,8,7.31E-06,446,446,0
mcs50_b03_s10.A03,mcs50_b03_s10.B03,dsb_never,7,10,316,5.74E-05,0,79,1.19E-05,223,223,0
mcs50_b03_s10.A04,mcs50_b03_s10.B04,dsb_never,8,9,132,4.30E-05,0,45,1.04E-05,90,90,0
mcs50_b03_s10.A05,mcs50_b03_s10.B05,dsb_never,7,7,515,7.83E-05,0,18,7.19E-06,350,350,0
mcs50_b03_s10.A06,mcs50_b03_s10.B06,dsb_never,7,8,322,5.42E-05,0,8,5.75E-06,230,230,0
mcs50_b03_s10.A07,mcs50_b03_s10.B07,dsb_never,8,5,506,6.41E-05,0,488,4.55E-05,318,318,0
mcs50_b03_s10.A08,mcs50_b03_s10.B08,dsb_never,8,8,135,4.44E-05,0,46,1.04E-05,95,95,0
mcs50_b03_s10.A09,mcs50_b03_s10.B09,dsb_never,7,7,378,6.67E-05,0,14,6.98E-06,248,248,0
mcs50_b03_s100.A00,mcs50_b03_s100.B00,dsb_never,68,62,22248130137,1000.02,1,1950054914,83.3753,17783025742,17783025742,0
mcs50_b03_s100.A01,mcs50_b03_s100.B01,dsb_never,68,57,14179298658,1000.01,1,1872417602,92.2205,11117197449,11117197449,0
mcs50_b03_s100.A02,mcs50_b03_s100.B02,dsb_never,69,56,16521487151,1000.01,1,6219574187,381.966,13960430350,13960430350,0
mcs50_b03_s100.A03,mcs50_b03_s100.B03,dsb_never,65,53,9799394128,1000.02,1,1755688334,166.864,7297064313,7297064313,0
mcs50_b03_s100.A04,mcs50_b03_s100.B04,dsb_never,75,76,8498955633,1000.01,1,2248548012,255.237,6331319185,6331319185,0
mcs50_b03_s100.A05,mcs50_b03_s100.B05,dsb_never,68,57,9033650216,1000.02,1,406415924,41.5708,6703924090,6703924090,0
mcs50_b03_s100.A06,mcs50_b03_s100.B06,dsb_never,68,57,9797836994,1000.01,1,7253111954,723.591,7415202345,7415202345,0
mcs50_b03_s100.A07,mcs50_b03_s100.B07,dsb_never,69,56,9754072178,1000.01,1,9722296171,996.749,7069394000,7069394000,0
mcs50_b03_s100.A08,mcs50_b03_s100.B08,dsb_never,69,55,9406495444,1000.01,1,7596739379,800.467,7180294213,7180294213,0
mcs50_b03_s100.A09,mcs50_b03_s100.B09,dsb_never,68,54,5730164658,1000.02,1,2522516081,275.245,4534885397,4534885397,0
mcs50_b03_s15.A00,mcs50_b03_s15.B00,dsb_never,11,11,4326,0.000446571,0,23,7.04E-06,2735,2735,0
mcs50_b03_s15.A01,mcs50_b03_s15.B01,dsb_never,11,11,3882,0.00037349,0,135,2.03E-05,2510,2510,0
mcs50_b03_s15.A02,mcs50_b03_s15.B02,dsb_never,13,15,516,9.13E-05,0,433,5.49E-05,350,350,0
mcs50_b03_s15.A03,mcs50_b03_s15.B03,dsb_never,12,12,1705,0.000209475,0,683,7.17E-05,1141,1141,0
mcs50_b03_s15.A04,mcs50_b03_s15.B04,dsb_never,11,9,8933,0.000600359,0,8001,0.0005071,5998,5998,0
mcs50_b03_s15.A05,mcs50_b03_s15.B05,dsb_never,12,14,1468,0.000162366,0,556,4.91E-05,918,918,0
mcs50_b03_s15.A06,mcs50_b03_s15.B06,dsb_never,11,9,5166,0.000449387,0,1167,7.84E-05,3357,3357,0
mcs50_b03_s15.A07,mcs50_b03_s15.B07,dsb_never,11,13,4258,0.000412151,0,67,1.21E-05,2685,2685,0
mcs50_b03_s15.A08,mcs50_b03_s15.B08,dsb_never,12,10,2463,0.000244097,0,2311,0.000197768,1675,1675,0
mcs50_b03_s15.A09,mcs50_b03_s15.B09,dsb_never,11,13,4833,0.000425579,0,1226,8.86E-05,3216,3216,0
mcs50_b03_s20.A00,mcs50_b03_s20.B00,dsb_never,15,15,43898,0.00415329,0,569,5.75E-05,26530,26530,0
mcs50_b03_s20.A01,mcs50_b03_s20.B01,dsb_never,15,12,35028,0.00331055,0,8624,0.000798901,22714,22714,0
mcs50_b03_s20.A02,mcs50_b03_s20.B02,dsb_never,14,13,139073,0.00992848,0,5473,0.000333653,93150,93150,0
mcs50_b03_s20.A03,mcs50_b03_s20.B03,dsb_never,16,18,25791,0.00247002,0,23209,0.00219149,16728,16728,0
mcs50_b03_s20.A04,mcs50_b03_s20.B04,dsb_never,15,17,51407,0.00489181,0,14038,0.00120586,32198,32198,0
mcs50_b03_s20.A05,mcs50_b03_s20.B05,dsb_never,16,14,38217,0.00376051,0,35368,0.00346397,24245,24245,0
mcs50_b03_s20.A06,mcs50_b03_s20.B06,dsb_never,16,22,8786,0.000924275,0,3008,0.000292969,5556,5556,0
mcs50_b03_s20.A07,mcs50_b03_s20.B07,dsb_never,15,20,38400,0.00333646,0,18082,0.00135583,24777,24777,0
mcs50_b03_s20.A08,mcs50_b03_s20.B08,dsb_never,16,17,13014,0.00134005,0,4905,0.000459522,8000,8000,0
mcs50_b03_s20.A09,mcs50_b03_s20.B09,dsb_never,16,19,22901,0.00229043,0,15390,0.00146569,14499,14499,0
mcs50_b03_s25.A00,mcs50_b03_s25.B00,dsb_never,19,22,278774,0.026716,0,10969,0.000738472,175780,175780,0
mcs50_b03_s25.A01,mcs50_b03_s25.B01,dsb_never,19,25,174538,0.0153452,0,3582,0.000321974,112836,112836,0
mcs50_b03_s25.A02,mcs50_b03_s25.B02,dsb_never,19,16,293256,0.0272505,0,16252,0.00142831,202361,202361,0
mcs50_b03_s25.A03,mcs50_b03_s25.B03,dsb_never,19,18,368752,0.0341479,0,50897,0.00425497,235321,235321,0
mcs50_b03_s25.A04,mcs50_b03_s25.B04,dsb_never,18,15,1430737,0.119996,0,45637,0.00294068,972844,972844,0
mcs50_b03_s25.A05,mcs50_b03_s25.B05,dsb_never,19,13,169612,0.0158686,0,26092,0.00205607,116938,116938,0
mcs50_b03_s25.A06,mcs50_b03_s25.B06,dsb_never,19,20,215318,0.0201767,0,89216,0.00784349,141478,141478,0
mcs50_b03_s25.A07,mcs50_b03_s25.B07,dsb_never,19,16,256769,0.0235934,0,48725,0.00431558,166500,166500,0
mcs50_b03_s25.A08,mcs50_b03_s25.B08,dsb_never,19,18,280346,0.0269187,0,46090,0.0043312,182756,182756,0
mcs50_b03_s25.A09,mcs50_b03_s25.B09,dsb_never,19,14,209652,0.0194485,0,85976,0.00731445,140866,140866,0
mcs50_b03_s30.A00,mcs50_b03_s30.B00,dsb_never,23,22,2431483,0.227077,0,1612508,0.149734,1692241,1692241,0
mcs50_b03_s30.A01,mcs50_b03_s30.B01,dsb_never,24,25,644251,0.0614186,0,537696,0.0501823,433459,433459,0
mcs50_b03_s30.A02,mcs50_b03_s30.B02,dsb_never,23,21,2223891,0.207482,0,859345,0.0721528,1497720,1497720,0
mcs50_b03_s30.A03,mcs50_b03_s30.B03,dsb_never,23,20,2707218,0.247506,0,1098263,0.0979497,1835094,1835094,0
mcs50_b03_s30.A04,mcs50_b03_s30.B04,dsb_never,23,23,811440,0.0813253,0,1162,0.000115273,574207,574207,0
mcs50_b03_s30.A05,mcs50_b03_s30.B05,dsb_never,23,22,1582209,0.132639,0,146057,0.00906376,1114723,1114723,0
mcs50_b03_s30.A06,mcs50_b03_s30.B06,dsb_never,23,18,2373784,0.228589,0,891322,0.0826134,1570048,1570048,0
mcs50_b03_s30.A07,mcs50_b03_s30.B07,dsb_never,23,19,1559743,0.143964,0,660155,0.0569123,1076819,1076819,0
mcs50_b03_s30.A08,mcs50_b03_s30.B08,dsb_never,23,20,1422171,0.141694,0,197074,0.0182895,952461,952461,0
mcs50_b03_s30.A09,mcs50_b03_s30.B09,dsb_never,23,21,2899036,0.280827,0,869415,0.0792893,1945502,1945502,0
mcs50_b03_s35.A00,mcs50_b03_s35.B00,dsb_never,27,26,9169272,0.878686,0,473607,0.0332113,6409987,6409987,0
mcs50_b03_s35.A01,mcs50_b03_s35.B01,dsb_never,27,24,32338404,2.92232,0,19585509,1.68145,23142403,23142403,0
mcs50_b03_s35.A02,mcs50_b03_s35.B02,dsb_never,27,25,31065586,2.93835,0,22010632,2.03051,22037369,22037369,0
mcs50_b03_s35.A03,mcs50_b03_s35.B03,dsb_never,27,22,12958049,1.24847,0,3239049,0.293252,9082305,9082305,0
mcs50_b03_s35.A04,mcs50_b03_s35.B04,dsb_never,27,24,14580298,1.34126,0,2706620,0.205989,10566492,10566492,0
mcs50_b03_s35.A05,mcs50_b03_s35.B05,dsb_never,27,22,21296296,2.03768,0,13643935,1.29648,15489383,15489383,0
mcs50_b03_s35.A06,mcs50_b03_s35.B06,dsb_never,27,25,21248521,1.8959,0,15586453,1.34433,14846421,14846421,0
mcs50_b03_s35.A07,mcs50_b03_s35.B07,dsb_never,28,23,9759353,1.15285,0,9511330,1.1165,7057673,7057673,0
mcs50_b03_s35.A08,mcs50_b03_s35.B08,dsb_never,27,16,129695724,11.3311,0,126680778,11.0376,94473622,94473622,0
mcs50_b03_s35.A09,mcs50_b03_s35.B09,dsb_never,27,27,36832568,3.12123,0,23195821,1.85823,25475173,25475173,0
mcs50_b03_s40.A00,mcs50_b03_s40.B00,dsb_never,31,30,253723653,25.1741,0,168065754,16.4016,176023762,176023762,0
mcs50_b03_s40.A01,mcs50_b03_s40.B01,dsb_never,32,30,95272353,9.59044,0,89824830,9.03333,64607203,64607203,0
mcs50_b03_s40.A02,mcs50_b03_s40.B02,dsb_never,31,25,640068381,62.1869,0,590305569,57.2604,448634753,448634753,0
mcs50_b03_s40.A03,mcs50_b03_s40.B03,dsb_never,31,26,145299977,14.3802,0,49127216,4.36711,107280662,107280662,0
mcs50_b03_s40.A04,mcs50_b03_s40.B04,dsb_never,31,25,280365283,27.9112,0,220841129,21.925,201603684,201603684,0
mcs50_b03_s40.A05,mcs50_b03_s40.B05,dsb_never,32,28,164813700,16.612,0,161314130,16.2428,113923656,113923656,0
mcs50_b03_s40.A06,mcs50_b03_s40.B06,dsb_never,31,26,222908896,22.3747,0,83072343,8.00853,153399133,153399133,0
mcs50_b03_s40.A07,mcs50_b03_s40.B07,dsb_never,31,27,175670163,17.372,0,58360601,5.6006,124819668,124819668,0
mcs50_b03_s40.A08,mcs50_b03_s40.B08,dsb_never,31,29,211393677,21.0164,0,98871795,9.45956,148519052,148519052,0
mcs50_b03_s40.A09,mcs50_b03_s40.B09,dsb_never,31,27,242765315,46.9728,0,64997482,12.0911,166217696,166217696,0
mcs50_b03_s50.A00,mcs50_b03_s50.B00,dsb_never,39,34,9554717314,1000.01,1,7877171156,818.367,6791618266,6791618266,0
mcs50_b03_s50.A01,mcs50_b03_s50.B01,dsb_never,38,36,9849797782,1000.02,1,2179071223,209.647,7048583755,7048583755,0
mcs50_b03_s50.A02,mcs50_b03_s50.B02,dsb_never,40,35,6766132918,847.355,0,6638083584,829.827,4758014978,4758014978,0
mcs50_b03_s50.A03,mcs50_b03_s50.B03,dsb_never,37,29,10688499761,1000.02,1,2350493678,218.997,7237274194,7237274194,0
mcs50_b03_s50.A04,mcs50_b03_s50.B04,dsb_never,37,36,9812997225,1000.02,1,249553320,22.2552,7142766905,7142766905,0
mcs50_b03_s50.A05,mcs50_b03_s50.B05,dsb_never,36,30,10589960434,1000.02,1,107737090,9.59934,7656239176,7656239176,0
mcs50_b03_s50.A06,mcs50_b03_s50.B06,dsb_never,38,34,9481902645,1000.02,1,1255750625,125.608,6714437083,6714437083,0
mcs50_b03_s50.A07,mcs50_b03_s50.B07,dsb_never,39,37,9403126207,1000.02,1,688438304,68.666,6973932779,6973932779,0
mcs50_b03_s50.A08,mcs50_b03_s50.B08,dsb_never,39,45,8856919417,947.919,0,1314868299,133.753,6060477749,6060477749,0
mcs50_b03_s50.A09,mcs50_b03_s50.B09,dsb_never,38,36,10000760571,1000.02,1,4356043156,425.595,7002858598,7002858598,0
mcs50_b03_s60.A00,mcs50_b03_s60.B00,dsb_never,44,41,9912126750,1000.02,1,4777167,0.444779,7089061286,7089061286,0
mcs50_b03_s60.A01,mcs50_b03_s60.B01,dsb_never,44,40,9505369945,1000.02,1,130382157,12.3137,6872617778,6872617778,0
mcs50_b03_s60.A02,mcs50_b03_s60.B02,dsb_never,45,42,9363074928,1000.01,1,6933452396,730.612,6775343267,6775343267,0
mcs50_b03_s60.A03,mcs50_b03_s60.B03,dsb_never,43,38,10222668869,1000.02,1,3480866616,325.846,7034558067,7034558067,0
mcs50_b03_s60.A04,mcs50_b03_s60.B04,dsb_never,44,37,9896679117,1000.01,1,1079454656,102.638,7307059110,7307059110,0
mcs50_b03_s60.A05,mcs50_b03_s60.B05,dsb_never,45,41,9855774375,1000.02,1,6869364595,685.135,6790509878,6790509878,0
mcs50_b03_s60.A06,mcs50_b03_s60.B06,dsb_never,46,35,9344917970,1000.02,1,1449362070,144.02,6747858569,6747858569,0
mcs50_b03_s60.A07,mcs50_b03_s60.B07,dsb_never,45,40,9666463787,1000.01,1,911148790,90.8242,6754283581,6754283581,0
mcs50_b03_s60.A08,mcs50_b03_s60.B08,dsb_never,44,33,9437373716,1000.02,1,386841856,38.0448,6453527236,6453527236,0
mcs50_b03_s60.A09,mcs50_b03_s60.B09,dsb_never,45,41,9696142568,1000.01,1,4398524564,455.219,6890541636,6890541636,0
mcs50_b03_s70.A00,mcs50_b03_s70.B00,dsb_never,49,42,10548538011,1000.01,1,2286304900,166.273,7691151722,7691151722,0
mcs50_b03_s70.A01,mcs50_b03_s70.B01,dsb_never,49,42,10537417440,1000.02,1,2486013417,221.22,7604559212,7604559212,0
mcs50_b03_s70.A02,mcs50_b03_s70.B02,dsb_never,47,40,22840194812,1000.01,1,22548870403,987.622,19899400775,19899400775,0
mcs50_b03_s70.A03,mcs50_b03_s70.B03,dsb_never,52,46,9431150279,1000.01,1,356962641,34.3896,6726907373,6726907373,0
mcs50_b03_s70.A04,mcs50_b03_s70.B04,dsb_never,50,47,4746236222,1000.02,1,18040348,3.76057,3334566876,3334566876,0
mcs50_b03_s70.A05,mcs50_b03_s70.B05,dsb_never,51,45,9913287906,1000.02,1,8436045909,851.782,7019585613,7019585613,0
mcs50_b03_s70.A06,mcs50_b03_s70.B06,dsb_never,52,44,9377877316,1000.01,1,1971769527,194.181,6681505508,6681505508,0
mcs50_b03_s70.A07,mcs50_b03_s70.B07,dsb_never,53,47,9179028534,1000.02,1,1327336650,131.332,6533844539,6533844539,0
mcs50_b03_s70.A08,mcs50_b03_s70.B08,dsb_never,51,44,9193604269,1000.01,1,3280773489,349.392,6900252983,6900252983,0
mcs50_b03_s70.A09,mcs50_b03_s70.B09,dsb_never,52,51,9185173008,1000.01,1,2963229241,320.553,6588050568,6588050568,0
mcs50_b03_s80.A00,mcs50_b03_s80.B00,dsb_never,58,51,13928742757,1000.02,1,13090016293,901.879,11043326931,11043326931,0
mcs50_b03_s80.A01,mcs50_b03_s80.B01,dsb_never,60,52,9754609427,1000.02,1,5429619069,542.171,7055029554,7055029554,0
mcs50_b03_s80.A02,mcs50_b03_s80.B02,dsb_never,55,44,21544763603,1000.02,1,2412345252,80.8574,18090297828,18090297828,0
mcs50_b03_s80.A03,mcs50_b03_s80.B03,dsb_never,59,52,9265536168,1000.02,1,329476840,24.4025,6623929886,6623929886,0
mcs50_b03_s80.A04,mcs50_b03_s80.B04,dsb_never,59,68,8990652545,1000.01,1,10969059,0.877976,6601085854,6601085854,0
mcs50_b03_s80.A05,mcs50_b03_s80.B05,dsb_never,54,43,31932611495,1000.02,1,31237000365,974.331,24201652706,24201652706,0
mcs50_b03_s80.A06,mcs50_b03_s80.B06,dsb_never,58,47,9975633859,1000.01,1,5874584375,566.958,7459137443,7459137443,0
mcs50_b03_s80.A07,mcs50_b03_s80.B07,dsb_never,57,48,9935959479,1000.01,1,799753623,77.1199,7561520022,7561520022,0
mcs50_b03_s80.A08,mcs50_b03_s80.B08,dsb_never,58,59,4867949773,1000.02,1,2139437,0.322723,3387090627,3387090627,0
mcs50_b03_s80.A09,mcs50_b03_s80.B09,dsb_never,60,60,9305518982,1000.02,1,25257080,2.1305,6657808111,6657808111,0
mcs50_b03_s90.A00,mcs50_b03_s90.B00,dsb_never,60,56,13178512305,1000.02,1,2290848966,151.729,10649725617,10649725617,0
mcs50_b03_s90.A01,mcs50_b03_s90.B01,dsb_never,65,53,8267222393,1000.02,1,644670119,67.4177,6639550731,6639550731,0
mcs50_b03_s90.A02,mcs50_b03_s90.B02,dsb_never,66,57,9808414521,1000.02,1,4502368215,307.613,7345376423,7345376423,0
mcs50_b03_s90.A03,mcs50_b03_s90.B03,dsb_never,63,52,9433508633,1000.01,1,612175743,42.4118,6885476715,6885476715,0
mcs50_b03_s90.A04,mcs50_b03_s90.B04,dsb_never,68,54,9121970480,1000.02,1,1854402874,192.367,6549465537,6549465537,0
mcs50_b03_s90.A05,mcs50_b03_s90.B05,dsb_never,62,53,9736116450,1000.02,1,5246140931,532.418,7330859323,7330859323,0
mcs50_b03_s90.A06,mcs50_b03_s90.B06,dsb_never,65,61,9538477445,1000.01,1,1041252152,95.8417,6860781074,6860781074,0
mcs50_b03_s90.A07,mcs50_b03_s90.B07,dsb_never,64,63,20092528733,1000.02,1,6101993940,231.54,17045778183,17045778183,0
mcs50_b03_s90.A08,mcs50_b03_s90.B08,dsb_never,64,56,10324919965,1000.02,1,6636738610,636.313,7365667232,7365667232,0
mcs50_b03_s90.A09,mcs50_b03_s90.B09,dsb_never,63,58,14433633134,1000.02,1,8015964710,290.334,11587969561,11587969561,0
mcs50_b03m_s10.A00,mcs50_b03m_s10.B00,dsb_never,8,9,286,5.62E-05,0,198,2.22E-05,185,185,0
mcs50_b03m_s10.A01,mcs50_b03m_s10.B01,dsb_never,8,8,66,3.92E-05,0,9,8.71E-06,47,47,0
mcs50_b03m_s10.A02,mcs50_b03m_s10.B02,dsb_never,8,7,328,0.000121882,0,289,7.17E-05,215,215,0
mcs50_b03m_s10.A03,mcs50_b03m_s10.B03,dsb_never,7,7,255,9.85E-05,0,8,1.19E-05,173,173,0
mcs50_b03m_s10.A04,mcs50_b03m_s10.B04,dsb_never,7,6,389,0.00012055,0,34,1.93E-05,265,265,0
mcs50_b03m_s10.A05,mcs50_b03m_s10.B05,dsb_never,7,6,260,9.91E-05,0,29,1.88E-05,180,180,0
mcs50_b03m_s10.A06,mcs50_b03m_s10.B06,dsb_never,8,6,515,0.000146469,0,493,9.66E-05,345,345,0
mcs50_b03m_s10.A07,mcs50_b03m_s10.B07,dsb_never,8,7,84,3.86E-05,0,9,8.49E-06,61,61,0
mcs50_b03m_s10.A08,mcs50_b03m_s10.B08,dsb_never,7,5,481,6.43E-05,0,59,1.16E-05,318,318,0
mcs50_b03m_s10.A09,mcs50_b03m_s10.B09,dsb_never,8,7,117,3.68E-05,0,67,1.43E-05,79,79,0
mcs50_b03m_s100.A00,mcs50_b03m_s100.B00,dsb_never,71,56,9409781282,1000.02,1,1100308865,59.4234,7480939863,7480939863,0
mcs50_b03m_s100.A01,mcs50_b03m_s100.B01,dsb_never,68,56,11163163042,1000.02,1,1559069879,56.9837,8321205567,8321205567,0
mcs50_b03m_s100.A02,mcs50_b03m_s100.B02,dsb_never,69,53,18859698538,1000.02,1,16725671077,742.917,15515763228,15515763228,0
mcs50_b03m_s100.A03,mcs50_b03m_s100.B03,dsb_never,65,50,22622464677,1000.02,1,1030088038,48.0797,18741139227,18741139227,0
mcs50_b03m_s100.A04,mcs50_b03m_s100.B04,dsb_never,69,56,10064169826,1000.01,1,976704500,62.8678,7069626973,7069626973,0
mcs50_b03m_s100.A05,mcs50_b03m_s100.B05,dsb_never,60,50,26749485207,1000.02,1,79480,0.00267483,22322894027,22322894027,0
mcs50_b03m_s100.A06,mcs50_b03m_s100.B06,dsb_never,66,55,29462940390,1000.01,1,30291829,2.34075,21419880712,21419880712,0
mcs50_b03m_s100.A07,mcs50_b03m_s100.B07,dsb_never,61,51,30466076667,1000.01,1,255,6.43E-05,23331418763,23331418763,0
mcs50_b03m_s100.A08,mcs50_b03m_s100.B08,dsb_never,69,54,5788252075,1000.01,1,4535356334,731.536,4818581342,4818581342,0
mcs50_b03m_s100.A09,mcs50_b03m_s100.B09,dsb_never,61,45,15095047113,1000.02,1,62,8.76E-05,11280825601,11280825601,0
mcs50_b03m_s15.A00,mcs50_b03m_s15.B00,dsb_never,11,11,4223,0.000685885,0,394,7.77E-05,2850,2850,0
mcs50_b03m_s15.A01,mcs50_b03m_s15.B01,dsb_never,12,12,822,0.000225107,0,162,4.37E-05,572,572,0
mcs50_b03m_s15.A02,mcs50_b03m_s15.B02,dsb_never,11,10,3981,0.000841017,0,352,7.32E-05,2542,2542,0
mcs50_b03m_s15.A03,mcs50_b03m_s15.B03,dsb_never,12,9,1588,0.000366157,0,1408,0.000276713,1080,1080,0
mcs50_b03m_s15.A04,mcs50_b03m_s15.B04,dsb_never,12,13,1656,0.000391976,0,164,4.72E-05,1075,1075,0
mcs50_b03m_s15.A05,mcs50_b03m_s15.B05,dsb_never,12,9,1382,0.000336543,0,1134,0.000232638,918,918,0
mcs50_b03m_s15.A06,mcs50_b03m_s15.B06,dsb_never,11,9,4104,0.00042375,0,806,7.42E-05,2689,2689,0
mcs50_b03m_s15.A07,mcs50_b03m_s15.B07,dsb_never,12,12,1087,0.00014594,0,627,6.94E-05,739,739,0
mcs50_b03m_s15.A08,mcs50_b03m_s15.B08,dsb_never,11,11,5360,0.000516218,0,54,1.22E-05,3278,3278,0
mcs50_b03m_s15.A09,mcs50_b03m_s15.B09,dsb_never,11,10,2024,0.000230848,0,96,2.21E-05,1385,1385,0
mcs50_b03m_s20.A00,mcs50_b03m_s20.B00,dsb_never,16,11,37011,0.00253584,0,35282,0.00234516,27840,27840,0
mcs50_b03m_s20.A01,mcs50_b03m_s20.B01,dsb_never,16,16,8843,0.000880061,0,6222,0.000607142,5680,5680,0
mcs50_b03m_s20.A02,mcs50_b03m_s20.B02,dsb_never,15,12,25614,0.0023757,0,695,7.00E-05,17405,17405,0
mcs50_b03m_s20.A03,mcs50_b03m_s20.B03,dsb_never,15,16,30857,0.00291552,0,13200,0.00111138,20346,20346,0
mcs50_b03m_s20.A04,mcs50_b03m_s20.B04,dsb_never,15,14,33275,0.00309402,0,707,7.28E-05,21475,21475,0
mcs50_b03m_s20.A05,mcs50_b03m_s20.B05,dsb_never,16,14,17964,0.00328754,0,14707,0.00251605,12488,12488,0
mcs50_b03m_s20.A06,mcs50_b03m_s20.B06,dsb_never,15,11,29345,0.00518505,0,11028,0.00174428,19501,19501,0
mcs50_b03m_s20.A07,mcs50_b03m_s20.B07,dsb_never,15,19,22747,0.00426023,0,5488,0.000918403,14902,14902,0
mcs50_b03m_s20.A08,mcs50_b03m_s20.B08,dsb_never,16,16,7138,0.00161282,0,342,9.59E-05,4626,4626,0
mcs50_b03m_s20.A09,mcs50_b03m_s20.B09,dsb_never,15,14,62274,0.00459043,0,52957,0.00376957,43408,43408,0
mcs50_b03m_s25.A00,mcs50_b03m_s25.B00,dsb_never,20,18,26323,0.00272858,0,11845,0.00120601,17426,17426,0
mcs50_b03m_s25.A01,mcs50_b03m_s25.B01,dsb_never,19,16,211238,0.0196272,0,34854,0.00280093,146882,146882,0
mcs50_b03m_s25.A02,mcs50_b03m_s25.B02,dsb_never,19,16,211856,0.0200477,0,22315,0.00183756,140693,140693,0
mcs50_b03m_s25.A03,mcs50_b03m_s25.B03,dsb_never,19,21,181739,0.0175807,0,731,8.76E-05,116057,116057,0
mcs50_b03m_s25.A04,mcs50_b03m_s25.B04,dsb_never,19,16,395063,0.0346435,0,104213,0.00844406,252328,252328,0
mcs50_b03m_s25.A05,mcs50_b03m_s25.B05,dsb_never,20,19,76041,0.00720776,0,64176,0.0059081,50986,50986,0
mcs50_b03m_s25.A06,mcs50_b03m_s25.B06,dsb_never,19,13,682946,0.0582796,0,656813,0.0558679,483244,483244,0
mcs50_b03m_s25.A07,mcs50_b03m_s25.B07,dsb_never,20,17,190270,0.018125,0,183754,0.0174215,125408,125408,0
mcs50_b03m_s25.A08,mcs50_b03m_s25.B08,dsb_never,20,20,96451,0.0171648,0,72023,0.0124598,62734,62734,0
mcs50_b03m_s25.A09,mcs50_b03m_s25.B09,dsb_never,20,17,280322,0.0264849,0,278077,0.0262438,179883,179883,0
mcs50_b03m_s30.A00,mcs50_b03m_s30.B00,dsb_never,24,19,1231923,0.109663,0,1087500,0.0957138,799957,799957,0
mcs50_b03m_s30.A01,mcs50_b03m_s30.B01,dsb_never,23,22,7425870,0.633017,0,4752749,0.399873,4935790,4935790,0
mcs50_b03m_s30.A02,mcs50_b03m_s30.B02,dsb_never,23,22,1605025,0.149064,0,228383,0.0178507,1082910,1082910,0
mcs50_b03m_s30.A03,mcs50_b03m_s30.B03,dsb_never,23,20,2175459,0.202221,0,148353,0.012246,1535047,1535047,0
mcs50_b03m_s30.A04,mcs50_b03m_s30.B04,dsb_never,23,19,3784631,0.360948,0,3387173,0.321759,2562961,2562961,0
mcs50_b03m_s30.A05,mcs50_b03m_s30.B05,dsb_never,23,18,1028389,0.0934495,0,427625,0.0362177,713460,713460,0
mcs50_b03m_s30.A06,mcs50_b03m_s30.B06,dsb_never,23,24,1766321,0.140669,0,515430,0.0381486,1309404,1309404,0
mcs50_b03m_s30.A07,mcs50_b03m_s30.B07,dsb_never,23,21,2954550,0.278772,0,1908720,0.173964,2051712,2051712,0
mcs50_b03m_s30.A08,mcs50_b03m_s30.B08,dsb_never,23,24,1028659,0.198857,0,74632,0.0125153,709225,709225,0
mcs50_b03m_s30.A09,mcs50_b03m_s30.B09,dsb_never,23,19,790535,0.148461,0,118794,0.0216382,521240,521240,0
mcs50_b03m_s35.A00,mcs50_b03m_s35.B00,dsb_never,28,26,7539793,1.4173,0,6899147,1.28559,5226191,5226191,0
mcs50_b03m_s35.A01,mcs50_b03m_s35.B01,dsb_never,27,24,25993879,4.84199,0,2122968,0.33568,18420960,18420960,0
mcs50_b03m_s35.A02,mcs50_b03m_s35.B02,dsb_never,27,19,24032305,2.53061,0,15361353,1.53937,16865685,16865685,0
mcs50_b03m_s35.A03,mcs50_b03m_s35.B03,dsb_never,27,22,45605753,3.95583,0,37412294,3.18825,31957934,31957934,0
mcs50_b03m_s35.A04,mcs50_b03m_s35.B04,dsb_never,27,24,11769354,1.08578,0,2101135,0.161545,8179399,8179399,0
mcs50_b03m_s35.A05,mcs50_b03m_s35.B05,dsb_never,28,25,20362666,1.90507,0,20330426,1.90172,13986296,13986296,0
mcs50_b03m_s35.A06,mcs50_b03m_s35.B06,dsb_never,28,22,7717072,0.713241,0,6618711,0.602401,4993032,4993032,0
mcs50_b03m_s35.A07,mcs50_b03m_s35.B07,dsb_never,27,22,32957528,2.96571,0,27567798,2.4621,22972307,22972307,0
mcs50_b03m_s35.A08,mcs50_b03m_s35.B08,dsb_never,27,25,16211446,1.55191,0,7024677,0.667564,10959460,10959460,0
mcs50_b03m_s35.A09,mcs50_b03m_s35.B09,dsb_never,27,19,23726715,1.96115,0,9757772,0.696967,17712076,17712076,0
mcs50_b03m_s40.A00,mcs50_b03m_s40.B00,dsb_never,31,26,121307848,11.4939,0,76915091,7.03756,86864759,86864759,0
mcs50_b03m_s40.A01,mcs50_b03m_s40.B01,dsb_never,31,29,120339435,23.3363,0,11319701,1.83392,82061204,82061204,0
mcs50_b03m_s40.A02,mcs50_b03m_s40.B02,dsb_never,31,25,240275605,46.4767,0,186282446,35.8475,160240679,160240679,0
mcs50_b03m_s40.A03,mcs50_b03m_s40.B03,dsb_never,31,27,305298160,57.7605,0,151318027,27.1907,207630934,207630934,0
mcs50_b03m_s40.A04,mcs50_b03m_s40.B04,dsb_never,31,24,70950353,13.8595,0,36244729,6.63804,49999697,49999697,0
mcs50_b03m_s40.A05,mcs50_b03m_s40.B05,dsb_never,31,28,43780184,5.24651,0,6870723,0.740005,30011385,30011385,0
mcs50_b03m_s40.A06,mcs50_b03m_s40.B06,dsb_never,32,30,66031991,6.80816,0,61435715,6.33042,49048190,49048190,0
mcs50_b03m_s40.A07,mcs50_b03m_s40.B07,dsb_never,30,26,2020278416,186.974,0,24236522,2.06099,1447038116,1447038116,0
mcs50_b03m_s40.A08,mcs50_b03m_s40.B08,dsb_never,31,27,250227416,23.9635,0,158587099,14.8592,169808759,169808759,0
mcs50_b03m_s40.A09,mcs50_b03m_s40.B09,dsb_never,31,29,151735212,15.0826,0,88072345,8.62874,104291618,104291618,0
mcs50_b03m_s50.A00,mcs50_b03m_s50.B00,dsb_never,39,30,9605387008,1000.01,1,7661089253,786.059,6984036173,6984036173,0
mcs50_b03m_s50.A01,mcs50_b03m_s50.B01,dsb_never,40,34,4928220825,534.954,0,4798773635,520.23,3643439882,3643439882,0
mcs50_b03m_s50.A02,mcs50_b03m_s50.B02,dsb_never,39,34,5497196370,587.706,0,2059844791,206.111,3881883867,3881883867,0
mcs50_b03m_s50.A03,mcs50_b03m_s50.B03,dsb_never,39,31,6598442765,787.362,0,2878489844,329.729,4712174647,4712174647,0
mcs50_b03m_s50.A04,mcs50_b03m_s50.B04,dsb_never,39,31,9246198188,1000.01,1,2395411110,241.109,6632006342,6632006342,0
mcs50_b03m_s50.A05,mcs50_b03m_s50.B05,dsb_never,39,31,8460050386,869.357,0,3284443499,334.018,6021419536,6021419536,0
mcs50_b03m_s50.A06,mcs50_b03m_s50.B06,dsb_never,39,34,9559067667,1000.02,1,1117307353,112.999,6715292547,6715292547,0
mcs50_b03m_s50.A07,mcs50_b03m_s50.B07,dsb_never,38,32,4746161325,1000.02,1,784952378,156.878,3357135984,3357135984,0
mcs50_b03m_s50.A08,mcs50_b03m_s50.B08,dsb_never,39,31,4527891496,1000.01,1,1144438320,257.214,3310447562,3310447562,0
mcs50_b03m_s50.A09,mcs50_b03m_s50.B09,dsb_never,40,31,5502545745,573.3,0,5429765097,565.591,3968452289,3968452289,0
mcs50_b03m_s60.A00,mcs50_b03m_s60.B00,dsb_never,45,33,13354486427,1000.01,1,6125210846,273.912,9961804928,9961804928,0
mcs50_b03m_s60.A01,mcs50_b03m_s60.B01,dsb_never,45,44,9063293916,1000.02,1,133886919,12.315,6511245363,6511245363,0
mcs50_b03m_s60.A02,mcs50_b03m_s60.B02,dsb_never,45,36,9895604663,1000.02,1,9173526565,925.001,7165942199,7165942199,0
mcs50_b03m_s60.A03,mcs50_b03m_s60.B03,dsb_never,46,36,9391199618,1000.02,1,860212317,88.133,6764272963,6764272963,0
mcs50_b03m_s60.A04,mcs50_b03m_s60.B04,dsb_never,46,40,4878979971,1000.02,1,3091371668,616.314,3470705453,3470705453,0
mcs50_b03m_s60.A05,mcs50_b03m_s60.B05,dsb_never,47,34,4573696344,1000.02,1,3055122158,638.997,3342796009,3342796009,0
mcs50_b03m_s60.A06,mcs50_b03m_s60.B06,dsb_never,45,36,9451918171,1000.02,1,276555603,16.1468,6957511518,6957511518,0
mcs50_b03m_s60.A07,mcs50_b03m_s60.B07,dsb_never,45,40,9469318993,1000.02,1,293657391,24.7778,6924333467,6924333467,0
mcs50_b03m_s60.A08,mcs50_b03m_s60.B08,dsb_never,45,31,12554413393,1000.01,1,10691307952,800.931,9638918406,9638918406,0
mcs50_b03m_s60.A09,mcs50_b03m_s60.B09,dsb_never,45,37,9951169519,1000.02,1,2505335409,219.256,7005281932,7005281932,0
mcs50_b03m_s70.A00,mcs50_b03m_s70.B00,dsb_never,50,40,10026007744,1000.02,1,3384762663,279.125,7875110914,7875110914,0
mcs50_b03m_s70.A01,mcs50_b03m_s70.B01,dsb_never,51,45,12601851142,1000.02,1,6126822415,305.58,9538681195,9538681195,0
mcs50_b03m_s70.A02,mcs50_b03m_s70.B02,dsb_never,51,43,9223735792,1000.02,1,4106294227,435.177,6653393696,6653393696,0
mcs50_b03m_s70.A03,mcs50_b03m_s70.B03,dsb_never,52,43,9704465066,1000.01,1,9212543281,944.513,7137488322,7137488322,0
mcs50_b03m_s70.A04,mcs50_b03m_s70.B04,dsb_never,52,44,10385390397,1000.01,1,388126144,34.0606,6901892120,6901892120,0
mcs50_b03m_s70.A05,mcs50_b03m_s70.B05,dsb_never,54,43,9198507716,1000.01,1,2692870610,266.951,6323405341,6323405341,0
mcs50_b03m_s70.A06,mcs50_b03m_s70.B06,dsb_never,51,44,10084079122,1000.01,1,4056616111,324.072,7424461027,7424461027,0
mcs50_b03m_s70.A07,mcs50_b03m_s70.B07,dsb_never,52,41,10257761887,1000.02,1,6796689126,618.101,7458358992,7458358992,0
mcs50_b03m_s70.A08,mcs50_b03m_s70.B08,dsb_never,52,43,10006036464,1000.01,1,2981100522,249.704,7050353997,7050353997,0
mcs50_b03m_s70.A09,mcs50_b03m_s70.B09,dsb_never,52,43,9820004921,1000.02,1,7491111518,759.865,7035804290,7035804290,0
mcs50_b03m_s80.A00,mcs50_b03m_s80.B00,dsb_never,58,50,11911118125,1000.02,1,9983603452,770.498,8749448025,8749448025,0
mcs50_b03m_s80.A01,mcs50_b03m_s80.B01,dsb_never,59,51,12424257450,1000.01,1,6743216387,438.234,8801224729,8801224729,0
mcs50_b03m_s80.A02,mcs50_b03m_s80.B02,dsb_never,58,49,9125003200,1000.02,1,3521891418,370.273,6677861612,6677861612,0
mcs50_b03m_s80.A03,mcs50_b03m_s80.B03,dsb_never,58,46,12207589948,1000.01,1,10054553928,778.435,9398667505,9398667505,0
mcs50_b03m_s80.A04,mcs50_b03m_s80.B04,dsb_never,59,48,11617052989,1000.02,1,8979576117,729.57,8007319742,8007319742,0
mcs50_b03m_s80.A05,mcs50_b03m_s80.B05,dsb_never,58,45,9208304656,1000.01,1,847835664,77.3994,6825542814,6825542814,0
mcs50_b03m_s80.A06,mcs50_b03m_s80.B06,dsb_never,59,51,11598539586,1000.02,1,5366519359,349.527,8569846236,8569846236,0
mcs50_b03m_s80.A07,mcs50_b03m_s80.B07,dsb_never,59,53,11172840726,1000.02,1,4573569162,384.63,7663138179,7663138179,0
mcs50_b03m_s80.A08,mcs50_b03m_s80.B08,dsb_never,58,49,10239219361,1000.01,1,3876271323,363.858,7295027726,7295027726,0
mcs50_b03m_s80.A09,mcs50_b03m_s80.B09,dsb_never,59,50,9669712909,1000.02,1,473805576,44.9351,6540477854,6540477854,0
mcs50_b03m_s90.A00,mcs50_b03m_s90.B00,dsb_never,62,49,9849618987,1000.02,1,593459158,53.9851,7645970212,7645970212,0
mcs50_b03m_s90.A01,mcs50_b03m_s90.B01,dsb_never,64,52,12550940228,1000.02,1,2566813612,240.253,9629587331,9629587331,0
mcs50_b03m_s90.A02,mcs50_b03m_s90.B02,dsb_never,58,44,25445135341,1000.02,1,11261069142,434.342,20734074619,20734074619,0
mcs50_b03m_s90.A03,mcs50_b03m_s90.B03,dsb_never,57,46,25925463506,1000.02,1,205,7.53E-05,20456874791,20456874791,0
mcs50_b03m_s90.A04,mcs50_b03m_s90.B04,dsb_never,64,49,8264992438,1000.02,1,665312314,66.1345,6118207623,6118207623,0
mcs50_b03m_s90.A05,mcs50_b03m_s90.B05,dsb_never,57,43,31342268750,1000.02,1,29144393023,919.807,24119116685,24119116685,0
mcs50_b03m_s90.A06,mcs50_b03m_s90.B06,dsb_never,53,37,21240702687,1000.02,1,13563792965,619.071,18890946195,18890946195,0
mcs50_b03m_s90.A07,mcs50_b03m_s90.B07,dsb_never,60,50,29179923776,1000.02,1,12760181369,442.931,23636347915,23636347915,0
mcs50_b03m_s90.A08,mcs50_b03m_s90.B08,dsb_never,65,54,11008390212,1000.01,1,1733510450,163.161,7191150552,7191150552,0
mcs50_b03m_s90.A09,mcs50_b03m_s90.B09,dsb_never,67,54,12953238663,1000.01,1,9482290124,607.716,9735397025,9735397025,0
mcs50_b06_s100.A00,mcs50_b06_s100.B00,dsb_never,58,125,8010547774,1000.02,1,3064036594,374.104,5755569238,5755569238,0
mcs50_b06_s100.A01,mcs50_b06_s100.B01,dsb_never,59,105,8617939390,1000.02,1,5967726282,684.479,6033304454,6033304454,0
mcs50_b06_s100.A02,mcs50_b06_s100.B02,dsb_never,51,53,7049774616,1000.01,1,709659348,109.875,5224482389,5224482389,0
mcs50_b06_s100.A03,mcs50_b06_s100.B03,dsb_never,53,54,9418807961,1000.01,1,755743047,70.3124,6477829429,6477829429,0
mcs50_b06_s100.A04,mcs50_b06_s100.B04,dsb_never,52,64,9163302244,1000.02,1,3700731188,400.106,6836483509,6836483509,0
mcs50_b06_s100.A05,mcs50_b06_s100.B05,dsb_never,56,86,8376079569,1000.02,1,2528373282,287.987,6116009506,6116009506,0
mcs50_b06_s100.A06,mcs50_b06_s100.B06,dsb_never,56,72,8411626136,1000.01,1,407309129,44.841,6290283482,6290283482,0
mcs50_b06_s100.A07,mcs50_b06_s100.B07,dsb_never,53,65,9221126676,1000.02,1,2598987398,268.438,6828392665,6828392665,0
mcs50_b06_s100.A08,mcs50_b06_s100.B08,dsb_never,56,83,8806881757,1000.02,1,514722490,53.1016,6220375530,6220375530,0
mcs50_b06_s100.A09,mcs50_b06_s100.B09,dsb_never,57,94,8237481917,1000.02,1,145016513,14.9667,5847824692,5847824692,0
mcs50_b06_s15.A00,mcs50_b06_s15.B00,dsb_never,10,21,5201,0.000689591,0,340,4.47E-05,3410,3410,0
mcs50_b06_s15.A01,mcs50_b06_s15.B01,dsb_never,11,22,2487,0.000319351,0,134,2.15E-05,1634,1634,0
mcs50_b06_s15.A02,mcs50_b06_s15.B02,dsb_never,10,19,7276,0.000879764,0,181,2.95E-05,4763,4763,0
mcs50_b06_s15.A03,mcs50_b06_s15.B03,dsb_never,10,20,5053,0.000873019,0,74,1.98E-05,3312,3312,0
mcs50_b06_s15.A04,mcs50_b06_s15.B04,dsb_never,11,24,1904,0.000269616,0,418,5.21E-05,1333,1333,0
mcs50_b06_s15.A05,mcs50_b06_s15.B05,dsb_never,11,27,1807,0.000238088,0,443,5.55E-05,1208,1208,0
mcs50_b06_s15.A06,mcs50_b06_s15.B06,dsb_never,11,28,2009,0.00029126,0,332,4.48E-05,1364,1364,0
mcs50_b06_s15.A07,mcs50_b06_s15.B07,dsb_never,11,24,2367,0.000306571,0,364,4.97E-05,1577,1577,0
mcs50_b06_s15.A08,mcs50_b06_s15.B08,dsb_never,11,29,2274,0.000294773,0,1146,0.00012662,1494,1494,0
mcs50_b06_s15.A09,mcs50_b06_s15.B09,dsb_never,11,27,2077,0.000263176,0,86,1.58E-05,1424,1424,0
mcs50_b06_s20.A00,mcs50_b06_s20.B00,dsb_never,14,28,26471,0.0040061,0,994,0.000134673,17246,17246,0
mcs50_b06_s20.A01,mcs50_b06_s20.B01,dsb_never,13,26,101287,0.0143431,0,45110,0.00609363,62663,62663,0
mcs50_b06_s20.A02,mcs50_b06_s20.B02,dsb_never,13,28,85515,0.0122093,0,17750,0.00227504,52772,52772,0
mcs50_b06_s20.A03,mcs50_b06_s20.B03,dsb_never,13,33,42703,0.00637951,0,486,6.35E-05,27541,27541,0
mcs50_b06_s20.A04,mcs50_b06_s20.B04,dsb_never,13,34,38626,0.00489072,0,33,1.43E-05,24487,24487,0
mcs50_b06_s20.A05,mcs50_b06_s20.B05,dsb_never,14,30,16777,0.00245475,0,940,0.000120171,11361,11361,0
mcs50_b06_s20.A06,mcs50_b06_s20.B06,dsb_never,13,29,56876,0.00825058,0,1121,0.000161853,36146,36146,0
mcs50_b06_s20.A07,mcs50_b06_s20.B07,dsb_never,13,33,70887,0.00971166,0,8693,0.00113266,44686,44686,0
mcs50_b06_s20.A08,mcs50_b06_s20.B08,dsb_never,13,29,66821,0.00942811,0,7007,0.000936094,42397,42397,0
mcs50_b06_s20.A09,mcs50_b06_s20.B09,dsb_never,13,34,74094,0.0104353,0,3254,0.000464057,45756,45756,0
mcs50_b06_s25.A00,mcs50_b06_s25.B00,dsb_never,16,35,908802,0.126262,0,278986,0.0382461,577790,577790,0
mcs50_b06_s25.A01,mcs50_b06_s25.B01,dsb_never,16,35,677651,0.0939731,0,7351,0.000945632,432389,432389,0
mcs50_b06_s25.A02,mcs50_b06_s25.B02,dsb_never,16,24,857004,0.138622,0,498232,0.0909762,544622,544622,0
mcs50_b06_s25.A03,mcs50_b06_s25.B03,dsb_never,16,31,771990,0.11227,0,3786,0.000438661,485618,485618,0
mcs50_b06_s25.A04,mcs50_b06_s25.B04,dsb_never,16,36,746599,0.104613,0,19822,0.00263877,480722,480722,0
mcs50_b06_s25.A05,mcs50_b06_s25.B05,dsb_never,16,43,844711,0.118443,0,224709,0.0305267,527944,527944,0
mcs50_b06_s25.A06,mcs50_b06_s25.B06,dsb_never,16,32,653028,0.0873298,0,118061,0.015272,422982,422982,0
mcs50_b06_s25.A07,mcs50_b06_s25.B07,dsb_never,16,29,777083,0.104808,0,377291,0.0502507,496238,496238,0
mcs50_b06_s25.A08,mcs50_b06_s25.B08,dsb_never,16,42,804310,0.109199,0,130232,0.0167266,508945,508945,0
mcs50_b06_s25.A09,mcs50_b06_s25.B09,dsb_never,16,42,435211,0.0593787,0,910,0.000122483,274973,274973,0
mcs50_b06_s30.A00,mcs50_b06_s30.B00,dsb_never,20,38,3175641,0.435374,0,818345,0.107435,2094952,2094952,0
mcs50_b06_s30.A01,mcs50_b06_s30.B01,dsb_never,19,40,7612763,1.00728,0,658021,0.0845908,4966186,4966186,0
mcs50_b06_s30.A02,mcs50_b06_s30.B02,dsb_never,19,51,4903011,0.656165,0,44496,0.00537626,3201757,3201757,0
mcs50_b06_s30.A03,mcs50_b06_s30.B03,dsb_never,19,49,7410055,1.00916,0,2043070,0.279543,4810036,4810036,0
mcs50_b06_s30.A04,mcs50_b06_s30.B04,dsb_never,19,48,8092889,1.06937,0,1518376,0.192138,5349554,5349554,0
mcs50_b06_s30.A05,mcs50_b06_s30.B05,dsb_never,20,45,3417551,0.457085,0,1150020,0.151442,2240879,2240879,0
mcs50_b06_s30.A06,mcs50_b06_s30.B06,dsb_never,20,39,2523893,0.336857,0,644999,0.0781861,1656665,1656665,0
mcs50_b06_s30.A07,mcs50_b06_s30.B07,dsb_never,19,48,6496338,0.891367,0,543922,0.0718668,4277445,4277445,0
mcs50_b06_s30.A08,mcs50_b06_s30.B08,dsb_never,19,34,5945166,0.848991,0,297222,0.0394701,3935981,3935981,0
mcs50_b06_s30.A09,mcs50_b06_s30.B09,dsb_never,20,45,1853857,0.260911,0,137555,0.018843,1234278,1234278,0
mcs50_b06_s35.A00,mcs50_b06_s35.B00,dsb_never,22,39,85450474,10.8539,0,1290905,0.159876,56836067,56836067,0
mcs50_b06_s35.A01,mcs50_b06_s35.B01,dsb_never,23,55,41082640,5.27702,0,25353489,3.18169,27545216,27545216,0
mcs50_b06_s35.A02,mcs50_b06_s35.B02,dsb_never,23,54,44771351,5.89118,0,19725704,2.50309,29526450,29526450,0
mcs50_b06_s35.A03,mcs50_b06_s35.B03,dsb_never,22,43,68436478,8.99371,0,3592300,0.459182,46071391,46071391,0
mcs50_b06_s35.A04,mcs50_b06_s35.B04,dsb_never,22,47,99679848,15.4953,0,23449282,3.64698,66623938,66623938,0
mcs50_b06_s35.A05,mcs50_b06_s35.B05,dsb_never,22,59,93145509,12.3857,0,31323049,3.96004,62507491,62507491,0
mcs50_b06_s35.A06,mcs50_b06_s35.B06,dsb_never,23,41,75561776,10.2135,0,70173592,9.48424,49956242,49956242,0
mcs50_b06_s35.A07,mcs50_b06_s35.B07,dsb_never,23,53,44549316,5.92252,0,13853904,1.82464,29740374,29740374,0
mcs50_b06_s35.A08,mcs50_b06_s35.B08,dsb_never,22,41,102840556,13.1186,0,39809647,4.9401,67513593,67513593,0
mcs50_b06_s35.A09,mcs50_b06_s35.B09,dsb_never,22,55,104285302,13.8596,0,377072,0.0449635,69956726,69956726,0
mcs50_b06_s40.A00,mcs50_b06_s40.B00,dsb_never,26,55,433818571,57.5175,0,118853206,14.7622,296104082,296104082,0
mcs50_b06_s40.A01,mcs50_b06_s40.B01,dsb_never,25,54,1483348700,189.705,0,186957998,22.4427,1018930875,1018930875,0
mcs50_b06_s40.A02,mcs50_b06_s40.B02,dsb_never,26,48,342339153,46.7144,0,28588889,3.76346,231339340,231339340,0
mcs50_b06_s40.A03,mcs50_b06_s40.B03,dsb_never,26,52,471363381,62.5908,0,151615272,19.5006,319132059,319132059,0
mcs50_b06_s40.A04,mcs50_b06_s40.B04,dsb_never,26,51,500763506,68.0279,0,213834023,28.5619,336355605,336355605,0
mcs50_b06_s40.A05,mcs50_b06_s40.B05,dsb_never,26,55,431575214,56.8527,0,28749794,3.24129,294146095,294146095,0
mcs50_b06_s40.A06,mcs50_b06_s40.B06,dsb_never,27,62,152226149,20.4391,0,68010766,8.78907,103583918,103583918,0
mcs50_b06_s40.A07,mcs50_b06_s40.B07,dsb_never,26,47,358823695,49.3356,0,89354001,11.798,239374860,239374860,0
mcs50_b06_s40.A08,mcs50_b06_s40.B08,dsb_never,25,66,867960469,132.858,0,134545158,20.3615,596859046,596859046,0
mcs50_b06_s40.A09,mcs50_b06_s40.B09,dsb_never,26,56,746864994,99.0316,0,374753888,48.4216,508300730,508300730,0
mcs50_b06_s50.A00,mcs50_b06_s50.B00,dsb_never,31,75,7720025670,1000.02,1,1968627725,238.124,5275277918,5275277918,0
mcs50_b06_s50.A01,mcs50_b06_s50.B01,dsb_never,31,59,7776705822,1000.02,1,1302471541,163.871,5332602101,5332602101,0
mcs50_b06_s50.A02,mcs50_b06_s50.B02,dsb_never,31,58,7761694953,1000.01,1,803464321,96.5905,5747731121,5747731121,0
mcs50_b06_s50.A03,mcs50_b06_s50.B03,dsb_never,31,69,7898422724,1000.02,1,1730872731,193.42,5482518491,5482518491,0
mcs50_b06_s50.A04,mcs50_b06_s50.B04,dsb_never,31,56,7834737617,1000.02,1,6552026686,830.879,5396581986,5396581986,0
mcs50_b06_s50.A05,mcs50_b06_s50.B05,dsb_never,29,37,8241092519,1000.02,1,280765280,32.9723,5695424646,5695424646,0
mcs50_b06_s50.A06,mcs50_b06_s50.B06,dsb_never,30,35,8168538984,1000.01,1,3264738111,394.148,5669074994,5669074994,0
mcs50_b06_s50.A07,mcs50_b06_s50.B07,dsb_never,32,76,7496064995,1000.02,1,6247265501,831.03,5219296064,5219296064,0
mcs50_b06_s50.A08,mcs50_b06_s50.B08,dsb_never,31,66,7495983098,1000.02,1,1047,0.000156916,5354339029,5354339029,0
mcs50_b06_s50.A09,mcs50_b06_s50.B09,dsb_never,31,70,7782774626,1000.02,1,374868963,41.3424,5566007644,5566007644,0
mcs50_b06_s60.A00,mcs50_b06_s60.B00,dsb_never,35,65,7953229459,1000.01,1,62963296,7.53704,5541034617,5541034617,0
mcs50_b06_s60.A01,mcs50_b06_s60.B01,dsb_never,35,35,8116552192,1000.01,1,3052942002,354.843,5720150182,5720150182,0
mcs50_b06_s60.A02,mcs50_b06_s60.B02,dsb_never,34,39,8746550074,1000.02,1,36473468,3.95473,5980487944,5980487944,0
mcs50_b06_s60.A03,mcs50_b06_s60.B03,dsb_never,35,56,8358584805,1000.01,1,6179012224,727.597,5950028298,5950028298,0
mcs50_b06_s60.A04,mcs50_b06_s60.B04,dsb_never,35,58,8817272830,1000.02,1,591089861,64.0609,6397299119,6397299119,0
mcs50_b06_s60.A05,mcs50_b06_s60.B05,dsb_never,37,64,3866055029,1000.02,1,993790459,245.418,2728926189,2728926189,0
mcs50_b06_s60.A06,mcs50_b06_s60.B06,dsb_never,35,55,7886054721,1000.02,1,579005219,66.0186,5534286394,5534286394,0
mcs50_b06_s60.A07,mcs50_b06_s60.B07,dsb_never,34,47,9045962988,1000.02,1,4939778563,533.789,6344443685,6344443685,0
mcs50_b06_s60.A08,mcs50_b06_s60.B08,dsb_never,35,35,8082342587,1000.02,1,1382452025,156.975,5667650560,5667650560,0
mcs50_b06_s60.A09,mcs50_b06_s60.B09,dsb_never,37,63,7638788659,1000.02,1,91214091,10.8717,5185032684,5185032684,0
mcs50_b06_s70.A00,mcs50_b06_s70.B00,dsb_never,41,63,7389175343,1000.02,1,2926884700,384.513,5189599366,5189599366,0
mcs50_b06_s70.A01,mcs50_b06_s70.B01,dsb_never,40,54,8062977307,1000.01,1,4847002,0.460137,5845665111,5845665111,0
mcs50_b06_s70.A02,mcs50_b06_s70.B02,dsb_never,43,76,7571745074,1000.01,1,4124659,0.469343,5406748571,5406748571,0
mcs50_b06_s70.A03,mcs50_b06_s70.B03,dsb_never,40,48,7765962968,1000.02,1,2221812710,261.28,5369845434,5369845434,0
mcs50_b06_s70.A04,mcs50_b06_s70.B04,dsb_never,41,88,8196864083,1000.02,1,128803,0.0149142,5822547672,5822547672,0
mcs50_b06_s70.A05,mcs50_b06_s70.B05,dsb_never,42,99,7523695174,1000.02,1,31384944,3.965,5235285973,5235285973,0
mcs50_b06_s70.A06,mcs50_b06_s70.B06,dsb_never,38,50,8837916938,1000.01,1,479007921,47.8226,6071941378,6071941378,0
mcs50_b06_s70.A07,mcs50_b06_s70.B07,dsb_never,38,49,8739732090,1000.02,1,45854179,4.88315,6072305949,6072305949,0
mcs50_b06_s70.A08,mcs50_b06_s70.B08,dsb_never,39,47,8508666249,1000.02,1,137034233,15.5888,5995744905,5995744905,0
mcs50_b06_s70.A09,mcs50_b06_s70.B09,dsb_never,38,43,8757750382,1000.01,1,2368922495,259.5,6341354107,6341354107,0
mcs50_b06_s80.A00,mcs50_b06_s80.B00,dsb_never,47,61,8061666210,1000.01,1,2334717943,276.586,5557760753,5557760753,0
mcs50_b06_s80.A01,mcs50_b06_s80.B01,dsb_never,48,119,7792621018,1000.02,1,90001801,11.7195,5378630482,5378630482,0
mcs50_b06_s80.A02,mcs50_b06_s80.B02,dsb_never,45,54,8420313775,1000.02,1,1496198575,159.539,5525647216,5525647216,0
mcs50_b06_s80.A03,mcs50_b06_s80.B03,dsb_never,47,66,8409763593,1000.02,1,1219177352,127.391,5727456846,5727456846,0
mcs50_b06_s80.A04,mcs50_b06_s80.B04,dsb_never,45,62,8499820533,1000.02,1,3783369345,431.12,5879105179,5879105179,0
mcs50_b06_s80.A05,mcs50_b06_s80.B05,dsb_never,44,55,8733060594,1000.01,1,204509357,21.4449,6289775846,6289775846,0
mcs50_b06_s80.A06,mcs50_b06_s80.B06,dsb_never,46,103,8457656540,1000.02,1,759952521,90.1526,5953793316,5953793316,0
mcs50_b06_s80.A07,mcs50_b06_s80.B07,dsb_never,44,58,9276106966,1000.01,1,5238946752,552.244,6629129817,6629129817,0
mcs50_b06_s80.A08,mcs50_b06_s80.B08,dsb_never,48,89,7824875234,1000.02,1,1284674690,157.124,5471696336,5471696336,0
mcs50_b06_s80.A09,mcs50_b06_s80.B09,dsb_never,47,77,8207030094,1000.02,1,11637895,1.15294,5722255098,5722255098,0
mcs50_b06_s90.A00,mcs50_b06_s90.B00,dsb_never,52,79,8164431326,1000.01,1,1925597293,225.808,5944186659,5944186659,0
mcs50_b06_s90.A01,mcs50_b06_s90.B01,dsb_never,48,71,8528158215,1000.01,1,405979621,43.3934,6043096628,6043096628,0
mcs50_b06_s90.A02,mcs50_b06_s90.B02,dsb_never,48,61,8809892740,1000.02,1,903395290,100.249,6110077386,6110077386,0
mcs50_b06_s90.A03,mcs50_b06_s90.B03,dsb_never,47,44,9651512650,1000.02,1,7239204151,738.143,6321619063,6321619063,0
mcs50_b06_s90.A04,mcs50_b06_s90.B04,dsb_never,48,60,9425073986,1000.02,1,692891424,72.3464,6175676831,6175676831,0
mcs50_b06_s90.A05,mcs50_b06_s90.B05,dsb_never,50,60,9011525848,1000.01,1,6013809889,655.575,5695173802,5695173802,0
mcs50_b06_s90.A06,mcs50_b06_s90.B06,dsb_never,49,66,8475037840,1000.02,1,6280447610,724.803,6291984729,6291984729,0
mcs50_b06_s90.A07,mcs50_b06_s90.B07,dsb_never,50,70,8922097398,1000.01,1,6801098403,748.629,6774216851,6774216851,0
mcs50_b06_s90.A08,mcs50_b06_s90.B08,dsb_never,48,49,9642865333,1000.02,1,4648416060,487.162,6251809857,6251809857,0
mcs50_b06_s90.A09,mcs50_b06_s90.B09,dsb_never,54,117,7985603484,1000.02,1,458952,0.060119,5478287504,5478287504,0
mcs50_b06m_s100.A00,mcs50_b06m_s100.B00,dsb_never,53,56,7742486278,1000.02,1,1857173708,238.031,5027827371,5027827371,0
mcs50_b06m_s100.A01,mcs50_b06m_s100.B01,dsb_never,52,50,4417626039,1000.02,1,2464313405,541.723,3065187365,3065187365,0
mcs50_b06m_s100.A02,mcs50_b06m_s100.B02,dsb_never,52,51,9943205620,1000.01,1,5040170298,486.625,7371081595,7371081595,0
mcs50_b06m_s100.A03,mcs50_b06m_s100.B03,dsb_never,49,45,10465620078,1000.02,1,61332899,4.73604,7737285450,7737285450,0
mcs50_b06m_s100.A04,mcs50_b06m_s100.B04,dsb_never,53,56,8465688111,1000.02,1,6422121468,737.247,5395500768,5395500768,0
mcs50_b06m_s100.A05,mcs50_b06m_s100.B05,dsb_never,50,48,8911592974,1000.01,1,271389854,26.8581,5620240666,5620240666,0
mcs50_b06m_s100.A06,mcs50_b06m_s100.B06,dsb_never,51,49,8498260484,1000.01,1,1309366244,145.218,5593954848,5593954848,0
mcs50_b06m_s100.A07,mcs50_b06m_s100.B07,dsb_never,50,54,9698186668,1000.02,1,1778500659,169.778,6423510778,6423510778,0
mcs50_b06m_s100.A08,mcs50_b06m_s100.B08,dsb_never,53,53,8166409538,1000.02,1,739017329,87.2007,5296989339,5296989339,0
mcs50_b06m_s100.A09,mcs50_b06m_s100.B09,dsb_never,53,53,9058443055,1000.01,1,3813276482,409.199,6045981862,6045981862,0
mcs50_b06m_s15.A00,mcs50_b06m_s15.B00,dsb_never,9,15,17471,0.00200872,0,778,8.29E-05,11227,11227,0
mcs50_b06m_s15.A01,mcs50_b06m_s15.B01,dsb_never,10,23,5518,0.000719732,0,333,4.20E-05,3618,3618,0
mcs50_b06m_s15.A02,mcs50_b06m_s15.B02,dsb_never,10,18,2980,0.000458422,0,59,1.62E-05,2032,2032,0
mcs50_b06m_s15.A03,mcs50_b06m_s15.B03,dsb_never,10,22,6194,0.000845892,0,100,1.60E-05,4195,4195,0
mcs50_b06m_s15.A04,mcs50_b06m_s15.B04,dsb_never,10,17,7699,0.000942236,0,654,7.25E-05,5065,5065,0
mcs50_b06m_s15.A05,mcs50_b06m_s15.B05,dsb_never,10,14,11021,0.00134669,0,8130,0.000959712,7045,7045,0
mcs50_b06m_s15.A06,mcs50_b06m_s15.B06,dsb_never,10,14,6378,0.00126194,0,358,6.79E-05,4205,4205,0
mcs50_b06m_s15.A07,mcs50_b06m_s15.B07,dsb_never,10,16,5103,0.000657759,0,310,4.09E-05,3433,3433,0
mcs50_b06m_s15.A08,mcs50_b06m_s15.B08,dsb_never,10,14,4500,0.000733212,0,526,6.46E-05,3006,3006,0
mcs50_b06m_s15.A09,mcs50_b06m_s15.B09,dsb_never,10,18,9465,0.0011472,0,5128,0.000617278,6051,6051,0
mcs50_b06m_s20.A00,mcs50_b06m_s20.B00,dsb_never,13,18,74247,0.0145863,0,7220,0.001397,46966,46966,0
mcs50_b06m_s20.A01,mcs50_b06m_s20.B01,dsb_never,13,17,172210,0.0229805,0,164972,0.0219778,107956,107956,0
mcs50_b06m_s20.A02,mcs50_b06m_s20.B02,dsb_never,13,17,112902,0.0312773,0,79012,0.0215189,70792,70792,0
mcs50_b06m_s20.A03,mcs50_b06m_s20.B03,dsb_never,12,21,267210,0.0350786,0,2462,0.000316436,164750,164750,0
mcs50_b06m_s20.A04,mcs50_b06m_s20.B04,dsb_never,12,19,210910,0.0260433,0,14517,0.00163063,131273,131273,0
mcs50_b06m_s20.A05,mcs50_b06m_s20.B05,dsb_never,12,19,251663,0.0321182,0,801,0.000111929,155526,155526,0
mcs50_b06m_s20.A06,mcs50_b06m_s20.B06,dsb_never,13,15,181293,0.0228234,0,170898,0.0215111,114068,114068,0
mcs50_b06m_s20.A07,mcs50_b06m_s20.B07,dsb_never,13,23,79472,0.0110403,0,35992,0.0049538,49599,49599,0
mcs50_b06m_s20.A08,mcs50_b06m_s20.B08,dsb_never,13,19,61606,0.00840015,0,21606,0.00265774,39748,39748,0
mcs50_b06m_s20.A09,mcs50_b06m_s20.B09,dsb_never,13,15,144461,0.0189743,0,135471,0.0177417,90694,90694,0
mcs50_b06m_s25.A00,mcs50_b06m_s25.B00,dsb_never,16,18,1515343,0.248589,0,1359775,0.219323,956501,956501,0
mcs50_b06m_s25.A01,mcs50_b06m_s25.B01,dsb_never,15,16,2609655,0.312936,0,79610,0.00921761,1700437,1700437,0
mcs50_b06m_s25.A02,mcs50_b06m_s25.B02,dsb_never,15,25,1286811,0.160895,0,49702,0.00608588,840631,840631,0
mcs50_b06m_s25.A03,mcs50_b06m_s25.B03,dsb_never,16,18,929931,0.124607,0,460513,0.0603575,605902,605902,0
mcs50_b06m_s25.A04,mcs50_b06m_s25.B04,dsb_never,15,24,2557060,0.315291,0,37282,0.00454751,1647665,1647665,0
mcs50_b06m_s25.A05,mcs50_b06m_s25.B05,dsb_never,15,21,1967670,0.241283,0,518864,0.062813,1252319,1252319,0
mcs50_b06m_s25.A06,mcs50_b06m_s25.B06,dsb_never,16,21,827990,0.107329,0,515871,0.0665539,523719,523719,0
mcs50_b06m_s25.A07,mcs50_b06m_s25.B07,dsb_never,15,18,1706898,0.219488,0,4051,0.000462367,1099382,1099382,0
mcs50_b06m_s25.A08,mcs50_b06m_s25.B08,dsb_never,15,30,2689600,0.333907,0,2325,0.000268544,1681738,1681738,0
mcs50_b06m_s25.A09,mcs50_b06m_s25.B09,dsb_never,15,19,1867873,0.224845,0,49153,0.00586525,1257916,1257916,0
mcs50_b06m_s30.A00,mcs50_b06m_s30.B00,dsb_never,18,21,17214275,2.13939,0,125682,0.0161108,11190970,11190970,0
mcs50_b06m_s30.A01,mcs50_b06m_s30.B01,dsb_never,18,42,21779000,2.77235,0,2591783,0.326154,14243377,14243377,0
mcs50_b06m_s30.A02,mcs50_b06m_s30.B02,dsb_never,18,23,18675996,2.33441,0,2512977,0.298648,12075613,12075613,0
mcs50_b06m_s30.A03,mcs50_b06m_s30.B03,dsb_never,18,45,27343293,3.4025,0,507558,0.0622258,17706661,17706661,0
mcs50_b06m_s30.A04,mcs50_b06m_s30.B04,dsb_never,19,45,7374310,0.941079,0,1184383,0.139699,4856765,4856765,0
mcs50_b06m_s30.A05,mcs50_b06m_s30.B05,dsb_never,19,24,12829547,1.63254,0,11816614,1.50099,8519046,8519046,0
mcs50_b06m_s30.A06,mcs50_b06m_s30.B06,dsb_never,19,20,7155846,0.918567,0,2573912,0.316343,4771788,4771788,0
mcs50_b06m_s30.A07,mcs50_b06m_s30.B07,dsb_never,19,22,16622364,2.11654,0,13125447,1.65434,10753091,10753091,0
mcs50_b06m_s30.A08,mcs50_b06m_s30.B08,dsb_never,19,40,7272526,1.9361,0,84587,0.0191229,4813923,4813923,0
mcs50_b06m_s30.A09,mcs50_b06m_s30.B09,dsb_never,19,21,7221884,1.82503,0,1428222,0.361824,4846239,4846239,0
mcs50_b06m_s35.A00,mcs50_b06m_s35.B00,dsb_never,22,24,151346878,38.3026,0,89375408,22.4456,99167125,99167125,0
mcs50_b06m_s35.A01,mcs50_b06m_s35.B01,dsb_never,22,23,98513620,12.4913,0,30752175,3.84337,65532958,65532958,0
mcs50_b06m_s35.A02,mcs50_b06m_s35.B02,dsb_never,22,26,118342406,15.632,0,12955521,1.59487,79001787,79001787,0
mcs50_b06m_s35.A03,mcs50_b06m_s35.B03,dsb_never,21,24,307292999,37.6144,0,44316013,5.24392,208322287,208322287,0
mcs50_b06m_s35.A04,mcs50_b06m_s35.B04,dsb_never,22,24,357065808,45.1203,0,344363324,43.4567,241797753,241797753,0
mcs50_b06m_s35.A05,mcs50_b06m_s35.B05,dsb_never,22,26,171706636,21.6679,0,77807321,9.73425,113856778,113856778,0
mcs50_b06m_s35.A06,mcs50_b06m_s35.B06,dsb_never,21,48,241389987,29.6919,0,18026273,2.1261,162354464,162354464,0
mcs50_b06m_s35.A07,mcs50_b06m_s35.B07,dsb_never,22,47,78861143,12.3588,0,22296146,3.42834,52199951,52199951,0
mcs50_b06m_s35.A08,mcs50_b06m_s35.B08,dsb_never,22,24,189078567,28.2723,0,156980034,23.2657,124847757,124847757,0
mcs50_b06m_s35.A09,mcs50_b06m_s35.B09,dsb_never,21,23,370654013,46.5287,0,4113565,0.507825,252212672,252212672,0
mcs50_b06m_s40.A00,mcs50_b06m_s40.B00,dsb_never,25,28,979264308,130.1,0,74573878,9.49385,645030562,645030562,0
mcs50_b06m_s40.A01,mcs50_b06m_s40.B01,dsb_never,25,31,3215674843,407.97,0,3017157867,381.715,2149642648,2149642648,0
mcs50_b06m_s40.A02,mcs50_b06m_s40.B02,dsb_never,25,32,875787783,114.552,0,154673436,19.4796,594869683,594869683,0
mcs50_b06m_s40.A03,mcs50_b06m_s40.B03,dsb_never,25,24,1614552702,205.868,0,1041086822,131.191,1089171517,1089171517,0
mcs50_b06m_s40.A04,mcs50_b06m_s40.B04,dsb_never,24,30,2926791047,368.625,0,102269865,12.4441,1972179065,1972179065,0
mcs50_b06m_s40.A05,mcs50_b06m_s40.B05,dsb_never,25,50,839807377,107.695,0,5919528,0.697097,576926611,576926611,0
mcs50_b06m_s40.A06,mcs50_b06m_s40.B06,dsb_never,24,44,4873627278,607.848,0,204362820,24.7752,3313189054,3313189054,0
mcs50_b06m_s40.A07,mcs50_b06m_s40.B07,dsb_never,25,32,1253400061,194.213,0,274717585,40.8098,834882023,834882023,0
mcs50_b06m_s40.A08,mcs50_b06m_s40.B08,dsb_never,25,62,1680736772,214.022,0,1076532216,135.544,1147041036,1147041036,0
mcs50_b06m_s40.A09,mcs50_b06m_s40.B09,dsb_never,24,26,3548919275,909.537,0,70120900,17.7574,2372482438,2372482438,0
mcs50_b06m_s50.A00,mcs50_b06m_s50.B00,dsb_never,29,39,4122322025,1000.01,1,2393278247,569.348,2652154003,2652154003,0
mcs50_b06m_s50.A01,mcs50_b06m_s50.B01,dsb_never,30,26,7969020448,1000.02,1,2501328414,305.557,5330945586,5330945586,0
mcs50_b06m_s50.A02,mcs50_b06m_s50.B02,dsb_never,29,64,7959923598,1000.01,1,3978,0.000438089,5245620180,5245620180,0
mcs50_b06m_s50.A03,mcs50_b06m_s50.B03,dsb_never,31,70,8325409239,1000.01,1,7970496969,951.72,5610645693,5610645693,0
mcs50_b06m_s50.A04,mcs50_b06m_s50.B04,dsb_never,30,68,8080417976,1000.02,1,56046304,6.30295,5356253906,5356253906,0
mcs50_b06m_s50.A05,mcs50_b06m_s50.B05,dsb_never,30,33,7939507549,1000.01,1,1071852367,128.038,5403288496,5403288496,0
mcs50_b06m_s50.A06,mcs50_b06m_s50.B06,dsb_never,30,36,7803116989,1000.01,1,2171077011,266.344,5105716138,5105716138,0
mcs50_b06m_s50.A07,mcs50_b06m_s50.B07,dsb_never,29,36,8278593627,1000.01,1,2532720664,292.895,5475877766,5475877766,0
mcs50_b06m_s50.A08,mcs50_b06m_s50.B08,dsb_never,29,36,8263173610,1000.01,1,465621763,54.9823,5606694064,5606694064,0
mcs50_b06m_s50.A09,mcs50_b06m_s50.B09,dsb_never,30,59,8019809213,1000.02,1,1903515339,221.963,5488276048,5488276048,0
mcs50_b06m_s60.A00,mcs50_b06m_s60.B00,dsb_never,34,38,8857149988,1000.02,1,155110860,16.3157,5900461799,5900461799,0
mcs50_b06m_s60.A01,mcs50_b06m_s60.B01,dsb_never,34,35,8400212030,1000.02,1,3835652271,452.411,5705757930,5705757930,0
mcs50_b06m_s60.A02,mcs50_b06m_s60.B02,dsb_never,34,39,8458612942,1000.01,1,142486688,15.9725,5622859043,5622859043,0
mcs50_b06m_s60.A03,mcs50_b06m_s60.B03,dsb_never,34,40,7232688265,1000.02,1,772311059,103.024,4847053502,4847053502,0
mcs50_b06m_s60.A04,mcs50_b06m_s60.B04,dsb_never,34,37,8532799604,1000.02,1,463394385,52.0393,5565721080,5565721080,0
mcs50_b06m_s60.A05,mcs50_b06m_s60.B05,dsb_never,33,34,4223762277,1000.01,1,297813916,67.4758,2726984236,2726984236,0
mcs50_b06m_s60.A06,mcs50_b06m_s60.B06,dsb_never,34,37,8436289364,1000.02,1,1193428987,133.901,5807724472,5807724472,0
mcs50_b06m_s60.A07,mcs50_b06m_s60.B07,dsb_never,34,36,8098466683,1000.02,1,252376227,30.1843,5255638474,5255638474,0
mcs50_b06m_s60.A08,mcs50_b06m_s60.B08,dsb_never,34,39,8775926606,1000.01,1,6647814290,745.38,6082010039,6082010039,0
mcs50_b06m_s60.A09,mcs50_b06m_s60.B09,dsb_never,34,30,8168186819,1000.02,1,419257936,49.5798,5396035289,5396035289,0
mcs50_b06m_s70.A00,mcs50_b06m_s70.B00,dsb_never,38,36,8098082692,1000.02,1,248301546,28.027,5443951408,5443951408,0
mcs50_b06m_s70.A01,mcs50_b06m_s70.B01,dsb_never,38,42,8808301243,1000.02,1,1000471879,111.904,5709663536,5709663536,0
mcs50_b06m_s70.A02,mcs50_b06m_s70.B02,dsb_never,39,38,8267521907,1000.02,1,1491148028,183.603,5481837225,5481837225,0
mcs50_b06m_s70.A03,mcs50_b06m_s70.B03,dsb_never,42,56,7587525220,1000.01,1,5017292684,659.345,4930940584,4930940584,0
mcs50_b06m_s70.A04,mcs50_b06m_s70.B04,dsb_never,39,49,4438794936,1000.02,1,849101353,176.507,2951548883,2951548883,0
mcs50_b06m_s70.A05,mcs50_b06m_s70.B05,dsb_never,39,41,4390169255,1000.03,1,925658218,199.013,3024518201,3024518201,0
mcs50_b06m_s70.A06,mcs50_b06m_s70.B06,dsb_never,39,40,8112055092,1000.02,1,1950908406,234.722,5323273029,5323273029,0
mcs50_b06m_s70.A07,mcs50_b06m_s70.B07,dsb_never,39,41,7974646116,1000.02,1,1131103135,131.519,5204225579,5204225579,0
mcs50_b06m_s70.A08,mcs50_b06m_s70.B08,dsb_never,39,43,8382014859,1000.02,1,79756599,8.91202,5415131542,5415131542,0
mcs50_b06m_s70.A09,mcs50_b06m_s70.B09,dsb_never,39,41,8544288528,1000.01,1,18727455,1.86603,5796153605,5796153605,0
mcs50_b06m_s80.A00,mcs50_b06m_s80.B00,dsb_never,43,45,4539681934,1000.02,1,29744391,6.25041,2895946947,2895946947,0
mcs50_b06m_s80.A01,mcs50_b06m_s80.B01,dsb_never,43,46,4298634115,1000.01,1,753149371,162.17,2872326923,2872326923,0
mcs50_b06m_s80.A02,mcs50_b06m_s80.B02,dsb_never,43,43,8302462236,1000.01,1,2822466153,320.82,5816987601,5816987601,0
mcs50_b06m_s80.A03,mcs50_b06m_s80.B03,dsb_never,48,124,6834367183,1000.01,1,6553,0.000675728,4177212559,4177212559,0
mcs50_b06m_s80.A04,mcs50_b06m_s80.B04,dsb_never,43,42,9230228112,1000.02,1,1062170676,113.084,6119548632,6119548632,0
mcs50_b06m_s80.A05,mcs50_b06m_s80.B05,dsb_never,45,44,8180425900,1000.01,1,480048465,56.708,5308930012,5308930012,0
mcs50_b06m_s80.A06,mcs50_b06m_s80.B06,dsb_never,44,46,8609067851,1000.03,1,7075334471,824.61,5912178899,5912178899,0
mcs50_b06m_s80.A07,mcs50_b06m_s80.B07,dsb_never,45,44,8276694056,1000.02,1,5533579306,657.229,5382383658,5382383658,0
mcs50_b06m_s80.A08,mcs50_b06m_s80.B08,dsb_never,44,53,8020786152,1000.01,1,4232858046,539.325,5235557277,5235557277,0
mcs50_b06m_s80.A09,mcs50_b06m_s80.B09,dsb_never,47,54,7806931811,1000.02,1,147786777,18.0437,5015731872,5015731872,0
mcs50_b06m_s90.A00,mcs50_b06m_s90.B00,dsb_never,49,57,7739586482,1000.02,1,407784566,50.7507,5023409660,5023409660,0
mcs50_b06m_s90.A01,mcs50_b06m_s90.B01,dsb_never,49,48,8181079740,1000.01,1,3536387680,424.122,5193583431,5193583431,0
mcs50_b06m_s90.A02,mcs50_b06m_s90.B02,dsb_never,47,52,9181035252,1000.02,1,9081249220,988.683,5921238916,5921238916,0
mcs50_b06m_s90.A03,mcs50_b06m_s90.B03,dsb_never,55,81,7234825236,1000.02,1,3464499934,461.712,4715845997,4715845997,0
mcs50_b06m_s90.A04,mcs50_b06m_s90.B04,dsb_never,48,47,8646646498,1000.02,1,1906986487,206.982,5819038534,5819038534,0
mcs50_b06m_s90.A05,mcs50_b06m_s90.B05,dsb_never,49,52,8546371801,1000.02,1,265470001,27.9337,5860130153,5860130153,0
mcs50_b06m_s90.A06,mcs50_b06m_s90.B06,dsb_never,48,50,7451791330,1000.02,1,4928160065,650.994,4794627828,4794627828,0
mcs50_b06m_s90.A07,mcs50_b06m_s90.B07,dsb_never,47,45,7276000397,1000.01,1,2482291385,331.797,4533122425,4533122425,0
mcs50_b06m_s90.A08,mcs50_b06m_s90.B08,dsb_never,51,50,8612706060,1000.01,1,5117268467,601.836,5782145408,5782145408,0
mcs50_b06m_s90.A09,mcs50_b06m_s90.B09,dsb_never,50,50,8278752902,1000.01,1,1466937970,159.082,5463415333,5463415333,0
mcs50_b09_s100.A00,mcs50_b09_s100.B00,dsb_never,52,155,5653438191,1000.02,1,94693053,15.3212,3200595199,3200595199,0
mcs50_b09_s100.A01,mcs50_b09_s100.B01,dsb_never,55,213,5149113847,1000.01,1,87212,0.0131475,2745723321,2745723321,0
mcs50_b09_s100.A02,mcs50_b09_s100.B02,dsb_never,56,213,5004839902,1000.01,1,934,0.000208865,2824908566,2824908566,0
mcs50_b09_s100.A03,mcs50_b09_s100.B03,dsb_never,44,69,7678611558,1000.01,1,1427425421,166.779,5192380798,5192380798,0
mcs50_b09_s100.A04,mcs50_b09_s100.B04,dsb_never,44,64,7533477732,1000.01,1,6265942840,822.537,4786399702,4786399702,0
mcs50_b09_s100.A05,mcs50_b09_s100.B05,dsb_never,46,91,7304861507,1000.02,1,1433584368,193.082,4492992895,4492992895,0
mcs50_b09_s100.A06,mcs50_b09_s100.B06,dsb_never,44,59,7633282628,1000.02,1,3218942303,416.997,4943599703,4943599703,0
mcs50_b09_s100.A07,mcs50_b09_s100.B07,dsb_never,48,118,5458211390,1000.01,1,2483201812,443.881,3302585655,3302585655,0
mcs50_b09_s100.A08,mcs50_b09_s100.B08,dsb_never,44,52,8308849473,1000.01,1,810263176,92.9481,5528405960,5528405960,0
mcs50_b09_s100.A09,mcs50_b09_s100.B09,dsb_never,46,77,6995360273,1000.02,1,381827091,50.4095,4559657457,4559657457,0
mcs50_b09_s20.A00,mcs50_b09_s20.B00,dsb_never,14,48,21941,0.00332501,0,2241,0.000317108,14559,14559,0
mcs50_b09_s20.A01,mcs50_b09_s20.B01,dsb_never,13,56,38558,0.00549149,0,1398,0.000181514,25547,25547,0
mcs50_b09_s20.A02,mcs50_b09_s20.B02,dsb_never,14,54,23274,0.00416188,0,271,5.45E-05,15180,15180,0
mcs50_b09_s20.A03,mcs50_b09_s20.B03,dsb_never,14,59,27041,0.00539454,0,14038,0.0026421,17513,17513,0
mcs50_b09_s20.A04,mcs50_b09_s20.B04,dsb_never,15,49,5531,0.000826099,0,1192,0.000179612,3852,3852,0
mcs50_b09_s20.A05,mcs50_b09_s20.B05,dsb_never,14,47,25207,0.00339715,0,18631,0.00243037,17122,17122,0
mcs50_b09_s20.A06,mcs50_b09_s20.B06,dsb_never,14,49,17088,0.0024903,0,985,0.000127351,11668,11668,0
mcs50_b09_s20.A07,mcs50_b09_s20.B07,dsb_never,14,50,12084,0.00178678,0,2311,0.000321174,8274,8274,0
mcs50_b09_s20.A08,mcs50_b09_s20.B08,dsb_never,14,53,18518,0.00254371,0,3164,0.00043095,12413,12413,0
mcs50_b09_s20.A09,mcs50_b09_s20.B09,dsb_never,14,46,14634,0.00212567,0,918,0.000127933,9701,9701,0
mcs50_b09_s25.A00,mcs50_b09_s25.B00,dsb_never,15,38,670132,0.109654,0,291380,0.0460131,428576,428576,0
mcs50_b09_s25.A01,mcs50_b09_s25.B01,dsb_never,14,36,1369774,0.223876,0,16977,0.00258685,860603,860603,0
mcs50_b09_s25.A02,mcs50_b09_s25.B02,dsb_never,14,50,1293231,0.243909,0,77,1.94E-05,820573,820573,0
mcs50_b09_s25.A03,mcs50_b09_s25.B03,dsb_never,14,34,1500037,0.235548,0,4149,0.000564914,934907,934907,0
mcs50_b09_s25.A04,mcs50_b09_s25.B04,dsb_never,14,36,1411677,0.216538,0,1590,0.00020634,886888,886888,0
mcs50_b09_s25.A05,mcs50_b09_s25.B05,dsb_never,14,56,1564159,0.247918,0,15,1.06E-05,977414,977414,0
mcs50_b09_s25.A06,mcs50_b09_s25.B06,dsb_never,15,50,523023,0.0863794,0,12911,0.00181901,334761,334761,0
mcs50_b09_s25.A07,mcs50_b09_s25.B07,dsb_never,14,57,1403208,0.215191,0,3367,0.000473284,877786,877786,0
mcs50_b09_s25.A08,mcs50_b09_s25.B08,dsb_never,14,42,1155116,0.176157,0,36511,0.00530497,744107,744107,0
mcs50_b09_s25.A09,mcs50_b09_s25.B09,dsb_never,15,44,493337,0.0813708,0,23610,0.0036303,319825,319825,0
mcs50_b09_s30.A00,mcs50_b09_s30.B00,dsb_never,16,66,20806292,4.03891,0,1012825,0.190254,12948787,12948787,0
mcs50_b09_s30.A01,mcs50_b09_s30.B01,dsb_never,18,61,4945329,1.01323,0,2445431,0.50517,3096670,3096670,0
mcs50_b09_s30.A02,mcs50_b09_s30.B02,dsb_never,17,52,9922563,1.65094,0,691135,0.108011,6168944,6168944,0
mcs50_b09_s30.A03,mcs50_b09_s30.B03,dsb_never,17,66,6608684,1.14682,0,283524,0.0466104,4145271,4145271,0
mcs50_b09_s30.A04,mcs50_b09_s30.B04,dsb_never,17,46,14729690,2.52438,0,7636462,1.28826,9062215,9062215,0
mcs50_b09_s30.A05,mcs50_b09_s30.B05,dsb_never,18,70,6177964,1.07287,0,2969489,0.499955,3816379,3816379,0
mcs50_b09_s30.A06,mcs50_b09_s30.B06,dsb_never,17,69,10016813,1.68334,0,506914,0.0804211,6254200,6254200,0
mcs50_b09_s30.A07,mcs50_b09_s30.B07,dsb_never,16,50,15625132,2.49631,0,728442,0.108567,9764985,9764985,0
mcs50_b09_s30.A08,mcs50_b09_s30.B08,dsb_never,17,59,6925768,1.20003,0,4590,0.000697269,4326662,4326662,0
mcs50_b09_s30.A09,mcs50_b09_s30.B09,dsb_never,17,67,10078085,1.67617,0,1504626,0.238969,6131069,6131069,0
mcs50_b09_s35.A00,mcs50_b09_s35.B00,dsb_never,20,79,59351792,10.0448,0,20141719,3.29025,37557343,37557343,0
mcs50_b09_s35.A01,mcs50_b09_s35.B01,dsb_never,21,63,32310487,7.46003,0,22092025,5.0496,20656499,20656499,0
mcs50_b09_s35.A02,mcs50_b09_s35.B02,dsb_never,19,77,102559060,19.0193,0,257291,0.0428652,64833880,64833880,0
mcs50_b09_s35.A03,mcs50_b09_s35.B03,dsb_never,19,75,127471337,25.6188,0,463055,0.0857679,81376890,81376890,0
mcs50_b09_s35.A04,mcs50_b09_s35.B04,dsb_never,20,54,57155760,9.67971,0,9121623,1.44432,36641832,36641832,0
mcs50_b09_s35.A05,mcs50_b09_s35.B05,dsb_never,19,22,78298813,12.6203,0,8874150,1.37269,50635181,50635181,0
mcs50_b09_s35.A06,mcs50_b09_s35.B06,dsb_never,19,49,122954385,20.073,0,2961281,0.459846,78195753,78195753,0
mcs50_b09_s35.A07,mcs50_b09_s35.B07,dsb_never,21,71,23805223,4.25995,0,2260585,0.367496,15198244,15198244,0
mcs50_b09_s35.A08,mcs50_b09_s35.B08,dsb_never,19,54,114241543,18.7151,0,13313304,2.13622,72521197,72521197,0
mcs50_b09_s35.A09,mcs50_b09_s35.B09,dsb_never,20,79,52141594,8.92217,0,9177879,1.4973,33028498,33028498,0
mcs50_b09_s40.A00,mcs50_b09_s40.B00,dsb_never,23,93,303631321,53.5823,0,643951,0.104368,197081750,197081750,0
mcs50_b09_s40.A01,mcs50_b09_s40.B01,dsb_never,22,85,945318395,161.749,0,28854566,4.62517,606307319,606307319,0
mcs50_b09_s40.A02,mcs50_b09_s40.B02,dsb_never,24,87,187134704,33.9605,0,83139378,14.4588,119765050,119765050,0
mcs50_b09_s40.A03,mcs50_b09_s40.B03,dsb_never,23,70,344965205,60.2945,0,61950385,10.5346,223808631,223808631,0
mcs50_b09_s40.A04,mcs50_b09_s40.B04,dsb_never,23,72,346067369,60.957,0,11635303,1.97267,223593178,223593178,0
mcs50_b09_s40.A05,mcs50_b09_s40.B05,dsb_never,23,64,395895381,70.0797,0,26315356,4.42617,257452594,257452594,0
mcs50_b09_s40.A06,mcs50_b09_s40.B06,dsb_never,23,94,273764475,47.8659,0,2483992,0.395373,178539996,178539996,0
mcs50_b09_s40.A07,mcs50_b09_s40.B07,dsb_never,23,95,229655911,53.7234,0,35815395,8.66481,148688580,148688580,0
mcs50_b09_s40.A08,mcs50_b09_s40.B08,dsb_never,24,80,165836359,29.9842,0,40040659,6.99754,107197774,107197774,0
mcs50_b09_s40.A09,mcs50_b09_s40.B09,dsb_never,23,93,337273201,66.833,0,10712677,2.0912,218208287,218208287,0
mcs50_b09_s50.A00,mcs50_b09_s50.B00,dsb_never,27,67,5383137634,1000.01,1,3144680652,575.949,3489565270,3489565270,0
mcs50_b09_s50.A01,mcs50_b09_s50.B01,dsb_never,27,80,5917036351,1000.01,1,86288317,13.7044,3866280484,3866280484,0
mcs50_b09_s50.A02,mcs50_b09_s50.B02,dsb_never,28,104,5759723955,1000.02,1,1974505781,331.34,3754644973,3754644973,0
mcs50_b09_s50.A03,mcs50_b09_s50.B03,dsb_never,27,104,5916675704,1000.02,1,1336383924,214.35,3848353213,3848353213,0
mcs50_b09_s50.A04,mcs50_b09_s50.B04,dsb_never,27,88,5950800512,1000.01,1,173031025,25.3389,3860116592,3860116592,0
mcs50_b09_s50.A05,mcs50_b09_s50.B05,dsb_never,30,96,5392104445,1000.02,1,365226137,63.9702,3589290936,3589290936,0
mcs50_b09_s50.A06,mcs50_b09_s50.B06,dsb_never,28,105,5837201219,1000.02,1,3369603379,557.859,3794815016,3794815016,0
mcs50_b09_s50.A07,mcs50_b09_s50.B07,dsb_never,27,94,6276287793,1000.01,1,949707160,148.785,4129727605,4129727605,0
mcs50_b09_s50.A08,mcs50_b09_s50.B08,dsb_never,28,106,5866749714,1000.02,1,3813930098,635.933,3801127650,3801127650,0
mcs50_b09_s50.A09,mcs50_b09_s50.B09,dsb_never,29,115,5724999708,1000.02,1,3177963225,533.7,3721695580,3721695580,0
mcs50_b09_s60.A00,mcs50_b09_s60.B00,dsb_never,27,33,7383824409,1000.01,1,820871977,109.92,4832163543,4832163543,0
mcs50_b09_s60.A01,mcs50_b09_s60.B01,dsb_never,28,40,6741674709,1000.01,1,9440973,1.21376,4427851111,4427851111,0
mcs50_b09_s60.A02,mcs50_b09_s60.B02,dsb_never,33,123,5893590968,1000.02,1,1549912101,237.819,3816797760,3816797760,0
mcs50_b09_s60.A03,mcs50_b09_s60.B03,dsb_never,31,73,6894793132,1000.01,1,4701378022,643.779,4517789498,4517789498,0
mcs50_b09_s60.A04,mcs50_b09_s60.B04,dsb_never,31,128,6123567474,1000.01,1,46136466,7.27561,3972075469,3972075469,0
mcs50_b09_s60.A05,mcs50_b09_s60.B05,dsb_never,33,128,5069358726,1000.01,1,4904830482,958.92,3304535898,3304535898,0
mcs50_b09_s60.A06,mcs50_b09_s60.B06,dsb_never,33,117,5995477140,1000.01,1,4016101240,650.28,3870545428,3870545428,0
mcs50_b09_s60.A07,mcs50_b09_s60.B07,dsb_never,28,37,7138101410,1000.02,1,1376561571,185.8,4617618889,4617618889,0
mcs50_b09_s60.A08,mcs50_b09_s60.B08,dsb_never,31,105,6035822634,1000.02,1,344744639,54.1487,3911302585,3911302585,0
mcs50_b09_s60.A09,mcs50_b09_s60.B09,dsb_never,33,119,5274589546,1000.01,1,2334431599,428.233,3437843751,3437843751,0
mcs50_b09_s70.A00,mcs50_b09_s70.B00,dsb_never,32,51,7157559388,1000.02,1,2910633483,384.479,4635316744,4635316744,0
mcs50_b09_s70.A01,mcs50_b09_s70.B01,dsb_never,34,50,6909727794,1000.02,1,3964530376,561.348,4484023846,4484023846,0
mcs50_b09_s70.A02,mcs50_b09_s70.B02,dsb_never,31,39,7193235537,1000.02,1,1021962175,142.738,4555274317,4555274317,0
mcs50_b09_s70.A03,mcs50_b09_s70.B03,dsb_never,31,37,7517342278,1000.02,1,914445946,120.386,4850288785,4850288785,0
mcs50_b09_s70.A04,mcs50_b09_s70.B04,dsb_never,33,58,6650371416,1000.02,1,97188638,15.2947,4327649576,4327649576,0
mcs50_b09_s70.A05,mcs50_b09_s70.B05,dsb_never,32,33,7248404629,1000.02,1,2100718953,276.784,4730416927,4730416927,0
mcs50_b09_s70.A06,mcs50_b09_s70.B06,dsb_never,31,36,7770144105,1000.02,1,871202785,109.7,5168321645,5168321645,0
mcs50_b09_s70.A07,mcs50_b09_s70.B07,dsb_never,38,157,5619378207,1000.01,1,39,4.68E-05,3507284990,3507284990,0
mcs50_b09_s70.A08,mcs50_b09_s70.B08,dsb_never,33,70,7196291083,1000.02,1,3289746273,433.04,4674207215,4674207215,0
mcs50_b09_s70.A09,mcs50_b09_s70.B09,dsb_never,31,39,7195354768,1000.01,1,175093778,21.5131,4763974300,4763974300,0
mcs50_b09_s80.A00,mcs50_b09_s80.B00,dsb_never,35,48,8082784468,1000.02,1,27672544,3.11748,5191928913,5191928913,0
mcs50_b09_s80.A01,mcs50_b09_s80.B01,dsb_never,38,102,6579141674,1000.02,1,83120971,12.5856,4175331216,4175331216,0
mcs50_b09_s80.A02,mcs50_b09_s80.B02,dsb_never,38,99,6690569780,1000.02,1,4391687670,651.625,4368226487,4368226487,0
mcs50_b09_s80.A03,mcs50_b09_s80.B03,dsb_never,38,88,6746067127,1000.02,1,54149,0.00723333,4463730093,4463730093,0
mcs50_b09_s80.A04,mcs50_b09_s80.B04,dsb_never,41,120,6063236990,1000.02,1,4239837,0.651107,3888692762,3888692762,0
mcs50_b09_s80.A05,mcs50_b09_s80.B05,dsb_never,40,100,6474249414,1000.02,1,14551417,2.25059,4315214638,4315214638,0
mcs50_b09_s80.A06,mcs50_b09_s80.B06,dsb_never,40,103,3094573845,1000.02,1,528035617,171.64,1954307877,1954307877,0
mcs50_b09_s80.A07,mcs50_b09_s80.B07,dsb_never,35,45,7890418100,1000.02,1,349937434,41.4409,5203900525,5203900525,0
mcs50_b09_s80.A08,mcs50_b09_s80.B08,dsb_never,39,102,6857818259,1000.01,1,14058495,2.23955,4522137749,4522137749,0
mcs50_b09_s80.A09,mcs50_b09_s80.B09,dsb_never,38,120,6888143479,1000.02,1,26514944,3.88554,4536456017,4536456017,0
mcs50_b09_s90.A00,mcs50_b09_s90.B00,dsb_never,40,58,7566581221,1000.01,1,1443760879,179.582,4801353718,4801353718,0
mcs50_b09_s90.A01,mcs50_b09_s90.B01,dsb_never,39,47,6575697739,1000.02,1,4248275438,631.709,4225618247,4225618247,0
mcs50_b09_s90.A02,mcs50_b09_s90.B02,dsb_never,39,45,7137457980,1000.01,1,1492187640,197.436,4540818327,4540818327,0
mcs50_b09_s90.A03,mcs50_b09_s90.B03,dsb_never,50,157,5431120800,1000.01,1,3956813463,727.572,3360097509,3360097509,0
mcs50_b09_s90.A04,mcs50_b09_s90.B04,dsb_never,39,50,7869565285,1000.02,1,1796223785,220.17,5104239499,5104239499,0
mcs50_b09_s90.A05,mcs50_b09_s90.B05,dsb_never,39,43,6308581966,1000.01,1,1436579752,222.209,4087527148,4087527148,0
mcs50_b09_s90.A06,mcs50_b09_s90.B06,dsb_never,39,45,7208702931,1000.02,1,3500230807,477.929,4663911305,4663911305,0
mcs50_b09_s90.A07,mcs50_b09_s90.B07,dsb_never,41,48,8273747499,1000.02,1,5658454362,650.044,5591348077,5591348077,0
mcs50_b09_s90.A08,mcs50_b09_s90.B08,dsb_never,39,57,7009749023,1000.01,1,303810025,40.5676,4433552475,4433552475,0
mcs50_b09_s90.A09,mcs50_b09_s90.B09,dsb_never,49,195,5406701740,1000.02,1,334,9.83E-05,2975326294,2975326294,0
mcs50_b09m_s100.A00,mcs50_b09m_s100.B00,dsb_never,43,53,7301614216,1000.01,1,199173895,25.5296,4517876386,4517876386,0
mcs50_b09m_s100.A01,mcs50_b09m_s100.B01,dsb_never,45,46,8543038227,1000.02,1,3475481006,388.847,5461041798,5461041798,0
mcs50_b09m_s100.A02,mcs50_b09m_s100.B02,dsb_never,44,54,7570396307,1000.01,1,886617362,115.638,4826457959,4826457959,0
mcs50_b09m_s100.A03,mcs50_b09m_s100.B03,dsb_never,43,51,7655471933,1000.02,1,2582521562,325.129,4878692040,4878692040,0
mcs50_b09m_s100.A04,mcs50_b09m_s100.B04,dsb_never,45,52,8036894147,1000,1,5796467431,711.863,5072562466,5072562466,0
mcs50_b09m_s100.A05,mcs50_b09m_s100.B05,dsb_never,44,57,7081408184,1000,1,418793504,57.5896,4503796512,4503796512,0
mcs50_b09m_s100.A06,mcs50_b09m_s100.B06,dsb_never,44,49,7139331897,1000.02,1,28640273,3.91139,4448924251,4448924251,0
mcs50_b09m_s100.A07,mcs50_b09m_s100.B07,dsb_never,43,52,7245700262,1000.01,1,35347877,4.94923,4524461471,4524461471,0
mcs50_b09m_s100.A08,mcs50_b09m_s100.B08,dsb_never,44,56,7617205490,1000.02,1,737325972,94.3722,4834517705,4834517705,0
mcs50_b09m_s100.A09,mcs50_b09m_s100.B09,dsb_never,44,45,8178445508,1000.01,1,1002231163,108.704,5196981227,5196981227,0
mcs50_b09m_s20.A00,mcs50_b09m_s20.B00,dsb_never,12,38,83365,0.0125949,0,9324,0.00118812,54369,54369,0
mcs50_b09m_s20.A01,mcs50_b09m_s20.B01,dsb_never,12,29,73117,0.0111494,0,254,4.11E-05,48510,48510,0
mcs50_b09m_s20.A02,mcs50_b09m_s20.B02,dsb_never,12,31,115772,0.0171411,0,18246,0.00242822,75112,75112,0
mcs50_b09m_s20.A03,mcs50_b09m_s20.B03,dsb_never,12,27,110759,0.0156241,0,6474,0.00083592,71928,71928,0
mcs50_b09m_s20.A04,mcs50_b09m_s20.B04,dsb_never,12,29,91640,0.014233,0,5340,0.000851802,60490,60490,0
mcs50_b09m_s20.A05,mcs50_b09m_s20.B05,dsb_never,13,38,46376,0.00676792,0,13212,0.00186249,30194,30194,0
mcs50_b09m_s20.A06,mcs50_b09m_s20.B06,dsb_never,12,32,128226,0.0188942,0,5060,0.000658892,82031,82031,0
mcs50_b09m_s20.A07,mcs50_b09m_s20.B07,dsb_never,12,30,99412,0.0153767,0,6290,0.00101012,63727,63727,0
mcs50_b09m_s20.A08,mcs50_b09m_s20.B08,dsb_never,12,42,96951,0.0144822,0,3553,0.000465035,62560,62560,0
mcs50_b09m_s20.A09,mcs50_b09m_s20.B09,dsb_never,12,23,84680,0.0121903,0,4799,0.000658702,55601,55601,0
mcs50_b09m_s25.A00,mcs50_b09m_s25.B00,dsb_never,14,30,1654390,0.52005,0,99305,0.0293163,1046871,1046871,0
mcs50_b09m_s25.A01,mcs50_b09m_s25.B01,dsb_never,14,35,1329641,0.207322,0,20203,0.00308061,862418,862418,0
mcs50_b09m_s25.A02,mcs50_b09m_s25.B02,dsb_never,14,26,1473233,0.227713,0,301023,0.0426592,941517,941517,0
mcs50_b09m_s25.A03,mcs50_b09m_s25.B03,dsb_never,14,21,1665366,0.265795,0,8313,0.00117741,1049509,1049509,0
mcs50_b09m_s25.A04,mcs50_b09m_s25.B04,dsb_never,14,25,1655400,0.268236,0,47870,0.0074008,1044471,1044471,0
mcs50_b09m_s25.A05,mcs50_b09m_s25.B05,dsb_never,13,24,4143137,0.609055,0,3598,0.000513464,2612421,2612421,0
mcs50_b09m_s25.A06,mcs50_b09m_s25.B06,dsb_never,15,35,735901,0.124797,0,83957,0.012524,475330,475330,0
mcs50_b09m_s25.A07,mcs50_b09m_s25.B07,dsb_never,14,25,1559934,0.25053,0,48090,0.00711755,988528,988528,0
mcs50_b09m_s25.A08,mcs50_b09m_s25.B08,dsb_never,14,23,2413272,0.364775,0,1132104,0.164307,1513842,1513842,0
mcs50_b09m_s25.A09,mcs50_b09m_s25.B09,dsb_never,14,30,1798232,0.286496,0,130331,0.018936,1123580,1123580,0
mcs50_b09m_s30.A00,mcs50_b09m_s30.B00,dsb_never,16,29,28267259,4.38893,0,2519354,0.374593,17759254,17759254,0
mcs50_b09m_s30.A01,mcs50_b09m_s30.B01,dsb_never,16,27,24241936,3.84847,0,1118778,0.168992,15049034,15049034,0
mcs50_b09m_s30.A02,mcs50_b09m_s30.B02,dsb_never,17,62,8589379,1.38581,0,21909,0.00320435,5495002,5495002,0
mcs50_b09m_s30.A03,mcs50_b09m_s30.B03,dsb_never,16,50,25541442,3.9306,0,180461,0.0256683,15918677,15918677,0
mcs50_b09m_s30.A04,mcs50_b09m_s30.B04,dsb_never,16,38,16805261,2.56914,0,174422,0.0260598,10677105,10677105,0
mcs50_b09m_s30.A05,mcs50_b09m_s30.B05,dsb_never,16,23,23826451,7.18961,0,5222177,1.58965,15234247,15234247,0
mcs50_b09m_s30.A06,mcs50_b09m_s30.B06,dsb_never,16,28,19733554,3.06034,0,1754233,0.26508,12690370,12690370,0
mcs50_b09m_s30.A07,mcs50_b09m_s30.B07,dsb_never,16,28,24876380,3.74329,0,1856221,0.263867,15868379,15868379,0
mcs50_b09m_s30.A08,mcs50_b09m_s30.B08,dsb_never,16,61,28793656,4.45789,0,2764882,0.407662,18104072,18104072,0
mcs50_b09m_s30.A09,mcs50_b09m_s30.B09,dsb_never,16,22,26171018,4.07693,0,451696,0.0694645,16312428,16312428,0
mcs50_b09m_s35.A00,mcs50_b09m_s35.B00,dsb_never,19,25,524376046,75.7839,0,519589963,75.0991,339251325,339251325,0
mcs50_b09m_s35.A01,mcs50_b09m_s35.B01,dsb_never,19,69,113705984,17.8279,0,68839,0.00849646,73701263,73701263,0
mcs50_b09m_s35.A02,mcs50_b09m_s35.B02,dsb_never,18,60,371278931,55.8659,0,840181,0.123822,237929889,237929889,0
mcs50_b09m_s35.A03,mcs50_b09m_s35.B03,dsb_never,18,72,486469605,72.5278,0,10883371,1.53489,313687533,313687533,0
mcs50_b09m_s35.A04,mcs50_b09m_s35.B04,dsb_never,19,70,190926316,30.3635,0,15342051,2.32714,120745107,120745107,0
mcs50_b09m_s35.A05,mcs50_b09m_s35.B05,dsb_never,18,26,374121972,113.278,0,27532091,7.89936,239008124,239008124,0
mcs50_b09m_s35.A06,mcs50_b09m_s35.B06,dsb_never,19,56,102579247,16.201,0,8821429,1.33658,66415073,66415073,0
mcs50_b09m_s35.A07,mcs50_b09m_s35.B07,dsb_never,19,70,154597202,24.1571,0,20536624,2.93185,100157091,100157091,0
mcs50_b09m_s35.A08,mcs50_b09m_s35.B08,dsb_never,18,26,451462026,68.12,0,2600617,0.362854,284615670,284615670,0
mcs50_b09m_s35.A09,mcs50_b09m_s35.B09,dsb_never,19,64,191240138,30.0477,0,13401295,1.86532,121799771,121799771,0
mcs50_b09m_s40.A00,mcs50_b09m_s40.B00,dsb_never,22,81,979303471,159.69,0,411079759,66.3732,628692720,628692720,0
mcs50_b09m_s40.A01,mcs50_b09m_s40.B01,dsb_never,23,90,414158082,67.9115,0,119599406,17.7603,267277753,267277753,0
mcs50_b09m_s40.A02,mcs50_b09m_s40.B02,dsb_never,22,69,952041009,154.124,0,6841744,1.05081,623627593,623627593,0
mcs50_b09m_s40.A03,mcs50_b09m_s40.B03,dsb_never,23,91,349524526,61.2682,0,24,2.15E-05,225688067,225688067,0
mcs50_b09m_s40.A04,mcs50_b09m_s40.B04,dsb_never,22,89,843657304,137.431,0,152802882,23.0657,557285104,557285104,0
mcs50_b09m_s40.A05,mcs50_b09m_s40.B05,dsb_never,22,88,1352725382,228.615,0,5309637,0.717298,861888388,861888388,0
mcs50_b09m_s40.A06,mcs50_b09m_s40.B06,dsb_never,22,82,950194356,150.957,0,100368351,14.262,623988466,623988466,0
mcs50_b09m_s40.A07,mcs50_b09m_s40.B07,dsb_never,22,71,1068999904,168.426,0,425348954,66.0187,700474537,700474537,0
mcs50_b09m_s40.A08,mcs50_b09m_s40.B08,dsb_never,22,67,1456826802,234.233,0,594927230,90.95,930437281,930437281,0
mcs50_b09m_s40.A09,mcs50_b09m_s40.B09,dsb_never,21,87,3207813573,511.779,0,512515133,76.5765,2070832895,2070832895,0
mcs50_b09m_s50.A00,mcs50_b09m_s50.B00,dsb_never,25,32,6778816103,1000.02,1,1998743964,281.596,4374851417,4374851417,0
mcs50_b09m_s50.A01,mcs50_b09m_s50.B01,dsb_never,25,30,6460314499,1000.02,1,36860774,5.24153,4120779306,4120779306,0
mcs50_b09m_s50.A02,mcs50_b09m_s50.B02,dsb_never,25,33,6736804683,1000.01,1,2162769183,313.138,4353757827,4353757827,0
mcs50_b09m_s50.A03,mcs50_b09m_s50.B03,dsb_never,25,28,6603683996,1000.01,1,217502151,32.5835,4238751200,4238751200,0
mcs50_b09m_s50.A04,mcs50_b09m_s50.B04,dsb_never,25,32,7155655522,1000.01,1,5834279469,810.848,4664297744,4664297744,0
mcs50_b09m_s50.A05,mcs50_b09m_s50.B05,dsb_never,25,32,6887132672,1000.02,1,2163690103,312.199,4500239625,4500239625,0
mcs50_b09m_s50.A06,mcs50_b09m_s50.B06,dsb_never,24,36,7187663720,1000.02,1,180420608,24.9775,4670080473,4670080473,0
mcs50_b09m_s50.A07,mcs50_b09m_s50.B07,dsb_never,24,30,7094751140,1000.02,1,396049358,53.3467,4547288089,4547288089,0
mcs50_b09m_s50.A08,mcs50_b09m_s50.B08,dsb_never,25,35,6675506688,1000.02,1,2505797287,365.88,4270082709,4270082709,0
mcs50_b09m_s50.A09,mcs50_b09m_s50.B09,dsb_never,24,30,6843887428,1000.01,1,150558695,21.6628,4339395100,4339395100,0
mcs50_b09m_s60.A00,mcs50_b09m_s60.B00,dsb_never,28,31,3437605626,1000.01,1,136907939,38.8247,2228470340,2228470340,0
mcs50_b09m_s60.A01,mcs50_b09m_s60.B01,dsb_never,33,102,5816473883,1000.01,1,62252506,10.2628,3835131339,3835131339,0
mcs50_b09m_s60.A02,mcs50_b09m_s60.B02,dsb_never,34,124,5796542168,1000.02,1,415583240,64.1478,3852145397,3852145397,0
mcs50_b09m_s60.A03,mcs50_b09m_s60.B03,dsb_never,28,35,7156697555,1000.02,1,3600076577,493.746,4587175290,4587175290,0
mcs50_b09m_s60.A04,mcs50_b09m_s60.B04,dsb_never,28,38,3538908873,1000.02,1,51209165,13.6985,2244817785,2244817785,0
mcs50_b09m_s60.A05,mcs50_b09m_s60.B05,dsb_never,29,40,6789706060,1000.01,1,1680132856,232.239,4380766685,4380766685,0
mcs50_b09m_s60.A06,mcs50_b09m_s60.B06,dsb_never,28,36,7166990323,1000.02,1,2322120396,319.524,4588082057,4588082057,0
mcs50_b09m_s60.A07,mcs50_b09m_s60.B07,dsb_never,27,28,7187415536,1000.02,1,23683440,3.31674,4655085937,4655085937,0
mcs50_b09m_s60.A08,mcs50_b09m_s60.B08,dsb_never,28,39,7020652448,1000.02,1,2598881806,364.305,4432638250,4432638250,0
mcs50_b09m_s60.A09,mcs50_b09m_s60.B09,dsb_never,28,34,3407925416,1000.02,1,180152247,48.2518,2141062550,2141062550,0
mcs50_b09m_s70.A00,mcs50_b09m_s70.B00,dsb_never,33,36,7487052410,1000.02,1,3084215383,394.952,4892162659,4892162659,0
mcs50_b09m_s70.A01,mcs50_b09m_s70.B01,dsb_never,32,37,6919404724,1000.02,1,3566513,0.463296,4488189296,4488189296,0
mcs50_b09m_s70.A02,mcs50_b09m_s70.B02,dsb_never,32,42,6839593071,1000.01,1,57787403,8.47758,4390658576,4390658576,0
mcs50_b09m_s70.A03,mcs50_b09m_s70.B03,dsb_never,33,37,7152709666,1000.01,1,1850184891,254.541,4491285739,4491285739,0
mcs50_b09m_s70.A04,mcs50_b09m_s70.B04,dsb_never,31,41,6850259117,1000.02,1,132049148,18.1973,4344416294,4344416294,0
mcs50_b09m_s70.A05,mcs50_b09m_s70.B05,dsb_never,32,36,7187204894,1000.01,1,113903778,14.1567,4662760087,4662760087,0
mcs50_b09m_s70.A06,mcs50_b09m_s70.B06,dsb_never,32,38,6991158762,1000.02,1,18660144,2.70143,4409605141,4409605141,0
mcs50_b09m_s70.A07,mcs50_b09m_s70.B07,dsb_never,31,40,7063091950,1000.02,1,21697414,2.8123,4534397119,4534397119,0
mcs50_b09m_s70.A08,mcs50_b09m_s70.B08,dsb_never,32,31,6931323050,1000.02,1,54703181,7.40829,4388093977,4388093977,0
mcs50_b09m_s70.A09,mcs50_b09m_s70.B09,dsb_never,32,43,7349499657,1000.02,1,36629325,5.19517,4813602705,4813602705,0
mcs50_b09m_s80.A00,mcs50_b09m_s80.B00,dsb_never,37,44,7391715213,1000.02,1,4785681609,638.958,4733679854,4733679854,0
mcs50_b09m_s80.A01,mcs50_b09m_s80.B01,dsb_never,36,38,7536385345,1000.02,1,5996454917,789.701,4771979172,4771979172,0
mcs50_b09m_s80.A02,mcs50_b09m_s80.B02,dsb_never,38,47,6294579739,1000.02,1,2950838142,445.216,4048301979,4048301979,0
mcs50_b09m_s80.A03,mcs50_b09m_s80.B03,dsb_never,35,46,7258981219,1000.01,1,11413873,1.55419,4502965246,4502965246,0
mcs50_b09m_s80.A04,mcs50_b09m_s80.B04,dsb_never,35,44,7522149351,1000.02,1,2946375,0.350993,4721517168,4721517168,0
mcs50_b09m_s80.A05,mcs50_b09m_s80.B05,dsb_never,36,46,3887727965,1000.02,1,817366916,191.231,2472246209,2472246209,0
mcs50_b09m_s80.A06,mcs50_b09m_s80.B06,dsb_never,36,41,7046325788,1000.01,1,399072200,53.3562,4451831320,4451831320,0
mcs50_b09m_s80.A07,mcs50_b09m_s80.B07,dsb_never,37,40,7111497591,1000.01,1,595191195,77.9447,4592903252,4592903252,0
mcs50_b09m_s80.A08,mcs50_b09m_s80.B08,dsb_never,36,42,7345329351,1000.01,1,73254,0.00541843,4715954013,4715954013,0
mcs50_b09m_s80.A09,mcs50_b09m_s80.B09,dsb_never,36,45,6369488062,1000.02,1,451751423,67.8785,4000423300,4000423300,0
mcs50_b09m_s90.A00,mcs50_b09m_s90.B00,dsb_never,40,45,7759810910,1000.02,1,1812710186,218.63,5125449430,5125449430,0
mcs50_b09m_s90.A01,mcs50_b09m_s90.B01,dsb_never,41,49,7383462936,1000.01,1,1060807200,130.205,4825114411,4825114411,0
mcs50_b09m_s90.A02,mcs50_b09m_s90.B02,dsb_never,40,53,7231799873,1000.02,1,1814302125,252.967,4367924278,4367924278,0
mcs50_b09m_s90.A03,mcs50_b09m_s90.B03,dsb_never,38,46,7589643503,1000.02,1,109682349,13.5334,4912497230,4912497230,0
mcs50_b09m_s90.A04,mcs50_b09m_s90.B04,dsb_never,40,47,8107893730,1000.02,1,799628511,97.0217,5195860279,5195860279,0
mcs50_b09m_s90.A05,mcs50_b09m_s90.B05,dsb_never,39,54,7045994015,1000.02,1,1400474132,192.749,4359863047,4359863047,0
mcs50_b09m_s90.A06,mcs50_b09m_s90.B06,dsb_never,39,49,3795888242,1000.02,1,1226145674,312.662,2381024426,2381024426,0
mcs50_b09m_s90.A07,mcs50_b09m_s90.B07,dsb_never,40,49,3693328764,1000.02,1,14837220,3.44488,2279572747,2279572747,0
mcs50_b09m_s90.A08,mcs50_b09m_s90.B08,dsb_never,41,42,7494831863,1000.01,1,7245715318,964.146,4808375965,4808375965,0
mcs50_b09m_s90.A09,mcs50_b09m_s90.B09,dsb_never,41,47,7019535981,1000.02,1,1008321516,136.608,4491450104,4491450104,0
mcs50_m2D_s10.A00,mcs50_m2D_s10.B00,dsb_never,8,8,150,4.08E-05,0,45,9.43E-06,97,97,0
mcs50_m2D_s10.A01,mcs50_m2D_s10.B01,dsb_never,8,8,224,5.46E-05,0,37,9.31E-06,148,148,0
mcs50_m2D_s10.A02,mcs50_m2D_s10.B02,dsb_never,8,5,423,0.000117166,0,405,7.93E-05,272,272,0
mcs50_m2D_s10.A03,mcs50_m2D_s10.B03,dsb_never,7,4,719,0.0001742,0,260,6.19E-05,468,468,0
mcs50_m2D_s10.A04,mcs50_m2D_s10.B04,dsb_never,8,7,285,5.94E-05,0,209,2.66E-05,183,183,0
mcs50_m2D_s10.A05,mcs50_m2D_s10.B05,dsb_never,7,7,434,6.83E-05,0,36,9.51E-06,281,281,0
mcs50_m2D_s10.A06,mcs50_m2D_s10.B06,dsb_never,8,7,407,0.000203134,0,348,0.000156674,253,253,0
mcs50_m2D_s10.A07,mcs50_m2D_s10.B07,dsb_never,7,7,706,0.000172187,0,88,2.52E-05,477,477,0
mcs50_m2D_s10.A08,mcs50_m2D_s10.B08,dsb_never,7,7,375,6.14E-05,0,15,7.58E-06,254,254,0
mcs50_m2D_s10.A09,mcs50_m2D_s10.B09,dsb_never,8,6,166,4.73E-05,0,136,2.02E-05,111,111,0
mcs50_m2D_s100.A00,mcs50_m2D_s100.B00,dsb_never,66,60,10574970854,1000.01,1,2331226263,195.51,6462735250,6462735250,0
mcs50_m2D_s100.A01,mcs50_m2D_s100.B01,dsb_never,67,61,9523645634,1000.02,1,5925397641,602.344,6039274611,6039274611,0
mcs50_m2D_s100.A02,mcs50_m2D_s100.B02,dsb_never,65,59,29521151605,1000.02,1,13201680979,443.894,23330349338,23330349338,0
mcs50_m2D_s100.A03,mcs50_m2D_s100.B03,dsb_never,60,49,29011492209,1000.01,1,25131602447,869.974,23588756728,23588756728,0
mcs50_m2D_s100.A04,mcs50_m2D_s100.B04,dsb_never,64,61,11189662344,1000.02,1,422304379,36.972,7532201561,7532201561,0
mcs50_m2D_s100.A05,mcs50_m2D_s100.B05,dsb_never,62,53,26176678722,1000.01,1,22894440946,870.402,21315166672,21315166672,0
mcs50_m2D_s100.A06,mcs50_m2D_s100.B06,dsb_never,62,46,20166736379,1000.02,1,7674600490,432.525,17747879403,17747879403,0
mcs50_m2D_s100.A07,mcs50_m2D_s100.B07,dsb_never,67,55,8932454037,1000.02,1,350419299,23.8202,6506072401,6506072401,0
mcs50_m2D_s100.A08,mcs50_m2D_s100.B08,dsb_never,67,56,4755696529,1000.02,1,4537570404,947.347,3635242140,3635242140,0
mcs50_m2D_s100.A09,mcs50_m2D_s100.B09,dsb_never,66,52,4886831835,1000,1,1653473086,305.615,3547863135,3547863135,0
mcs50_m2D_s20.A00,mcs50_m2D_s20.B00,dsb_never,15,14,24282,0.00245525,0,1111,0.000109775,15709,15709,0
mcs50_m2D_s20.A01,mcs50_m2D_s20.B01,dsb_never,15,13,38597,0.00370077,0,25101,0.00236341,24405,24405,0
mcs50_m2D_s20.A02,mcs50_m2D_s20.B02,dsb_never,15,15,46277,0.00454244,0,9242,0.000873598,28836,28836,0
mcs50_m2D_s20.A03,mcs50_m2D_s20.B03,dsb_never,15,13,88009,0.00775036,0,77779,0.00675762,57690,57690,0
mcs50_m2D_s20.A04,mcs50_m2D_s20.B04,dsb_never,15,14,22157,0.00213077,0,2788,0.000265277,14450,14450,0
mcs50_m2D_s20.A05,mcs50_m2D_s20.B05,dsb_never,15,11,119495,0.0100449,0,116182,0.00971433,78254,78254,0
mcs50_m2D_s20.A06,mcs50_m2D_s20.B06,dsb_never,15,14,40265,0.00508177,0,678,9.94E-05,25004,25004,0
mcs50_m2D_s20.A07,mcs50_m2D_s20.B07,dsb_never,15,18,24364,0.00369281,0,303,6.63E-05,15639,15639,0
mcs50_m2D_s20.A08,mcs50_m2D_s20.B08,dsb_never,15,17,87358,0.00705676,0,81094,0.00643639,59543,59543,0
mcs50_m2D_s20.A09,mcs50_m2D_s20.B09,dsb_never,16,17,22563,0.00229468,0,15470,0.00155949,13775,13775,0
mcs50_m2D_s30.A00,mcs50_m2D_s30.B00,dsb_never,22,19,6418794,0.619873,0,1216931,0.109493,4469709,4469709,0
mcs50_m2D_s30.A01,mcs50_m2D_s30.B01,dsb_never,23,22,1021167,0.106709,0,193926,0.0192674,665778,665778,0
mcs50_m2D_s30.A02,mcs50_m2D_s30.B02,dsb_never,22,25,6151827,0.611865,0,206819,0.0209287,4022063,4022063,0
mcs50_m2D_s30.A03,mcs50_m2D_s30.B03,dsb_never,23,19,6890422,0.655603,0,6808674,0.647381,4776842,4776842,0
mcs50_m2D_s30.A04,mcs50_m2D_s30.B04,dsb_never,23,24,1245039,0.130594,0,767626,0.079029,777215,777215,0
mcs50_m2D_s30.A05,mcs50_m2D_s30.B05,dsb_never,22,19,6498829,0.600807,0,1903541,0.164013,4364301,4364301,0
mcs50_m2D_s30.A06,mcs50_m2D_s30.B06,dsb_never,22,19,8325015,0.798843,0,684386,0.0594617,5597711,5597711,0
mcs50_m2D_s30.A07,mcs50_m2D_s30.B07,dsb_never,22,20,10289690,0.854574,0,777718,0.0615668,6853386,6853386,0
mcs50_m2D_s30.A08,mcs50_m2D_s30.B08,dsb_never,22,23,5858715,0.557812,0,39456,0.00342459,3853676,3853676,0
mcs50_m2D_s30.A09,mcs50_m2D_s30.B09,dsb_never,23,19,1624099,0.156371,0,1061780,0.0981742,1064651,1064651,0
mcs50_m2D_s40.A00,mcs50_m2D_s40.B00,dsb_never,31,25,166781935,16.3535,0,166649916,16.3398,113859350,113859350,0
mcs50_m2D_s40.A01,mcs50_m2D_s40.B01,dsb_never,30,27,685066449,66.9345,0,487119606,47.5928,456454862,456454862,0
mcs50_m2D_s40.A02,mcs50_m2D_s40.B02,dsb_never,31,23,58259071,6.15163,0,49254619,5.16659,39216236,39216236,0
mcs50_m2D_s40.A03,mcs50_m2D_s40.B03,dsb_never,30,23,698214146,66.539,0,600090503,56.8846,481124052,481124052,0
mcs50_m2D_s40.A04,mcs50_m2D_s40.B04,dsb_never,30,24,980520557,95.2612,0,914763192,88.6015,678403248,678403248,0
mcs50_m2D_s40.A05,mcs50_m2D_s40.B05,dsb_never,30,28,380562408,37.6697,0,265153042,25.7316,257573996,257573996,0
mcs50_m2D_s40.A06,mcs50_m2D_s40.B06,dsb_never,30,26,255631695,26.8183,0,135107305,13.8924,181117378,181117378,0
mcs50_m2D_s40.A07,mcs50_m2D_s40.B07,dsb_never,30,27,152289377,17.1069,0,48934579,5.38621,103640805,103640805,0
mcs50_m2D_s40.A08,mcs50_m2D_s40.B08,dsb_never,30,23,180837834,19.7059,0,81641418,9.39123,123710530,123710530,0
mcs50_m2D_s40.A09,mcs50_m2D_s40.B09,dsb_never,30,27,153526350,15.5879,0,94519595,9.35162,108624474,108624474,0
mcs50_m2D_s50.A00,mcs50_m2D_s50.B00,dsb_never,38,41,7961588403,884.566,0,3286648331,357.949,5576139882,5576139882,0
mcs50_m2D_s50.A01,mcs50_m2D_s50.B01,dsb_never,36,36,9736900182,1000.02,1,2011115947,196.841,6544180104,6544180104,0
mcs50_m2D_s50.A02,mcs50_m2D_s50.B02,dsb_never,37,35,9168737027,1000.02,1,553446420,55.3225,6197199413,6197199413,0
mcs50_m2D_s50.A03,mcs50_m2D_s50.B03,dsb_never,36,32,9782124859,1000.02,1,522922642,50.0269,6523382014,6523382014,0
mcs50_m2D_s50.A04,mcs50_m2D_s50.B04,dsb_never,37,28,9375177983,1000.02,1,3864009548,395.342,6435759633,6435759633,0
mcs50_m2D_s50.A05,mcs50_m2D_s50.B05,dsb_never,36,30,9464265501,1000.02,1,157035614,15.6734,6607855983,6607855983,0
mcs50_m2D_s50.A06,mcs50_m2D_s50.B06,dsb_never,36,35,9566938971,1000.01,1,2462818603,250.601,6616864637,6616864637,0
mcs50_m2D_s50.A07,mcs50_m2D_s50.B07,dsb_never,36,32,8903753875,1000.02,1,122241580,11.1114,6323221674,6323221674,0
mcs50_m2D_s50.A08,mcs50_m2D_s50.B08,dsb_never,38,31,7987931128,1000.02,1,5424721462,673.096,5545711641,5545711641,0
mcs50_m2D_s50.A09,mcs50_m2D_s50.B09,dsb_never,37,31,9235908301,1000.02,1,2434381509,255.286,6404103606,6404103606,0
mcs50_m2D_s60.A00,mcs50_m2D_s60.B00,dsb_never,42,36,9575211573,1000.01,1,72467530,6.93838,6602111909,6602111909,0
mcs50_m2D_s60.A01,mcs50_m2D_s60.B01,dsb_never,42,37,9669287869,1000.02,1,2482346167,249.415,6440785480,6440785480,0
mcs50_m2D_s60.A02,mcs50_m2D_s60.B02,dsb_never,41,40,11063375414,1000.02,1,7072284845,662.596,7777714065,7777714065,0
mcs50_m2D_s60.A03,mcs50_m2D_s60.B03,dsb_never,41,38,9820283901,1000.02,1,1945451,0.100181,6848385667,6848385667,0
mcs50_m2D_s60.A04,mcs50_m2D_s60.B04,dsb_never,43,36,9705639612,1000.02,1,8672766964,886.936,6830276241,6830276241,0
mcs50_m2D_s60.A05,mcs50_m2D_s60.B05,dsb_never,42,35,9377210092,1000.01,1,2317982929,234.352,6709345182,6709345182,0
mcs50_m2D_s60.A06,mcs50_m2D_s60.B06,dsb_never,43,37,9307640770,1000.02,1,1450734189,150.882,6047229983,6047229983,0
mcs50_m2D_s60.A07,mcs50_m2D_s60.B07,dsb_never,43,35,9605899250,1000.01,1,95450694,8.61319,6689291190,6689291190,0
mcs50_m2D_s60.A08,mcs50_m2D_s60.B08,dsb_never,43,40,9285642627,1000.02,1,862852679,91.1319,6252722780,6252722780,0
mcs50_m2D_s60.A09,mcs50_m2D_s60.B09,dsb_never,44,38,8744729947,1000.01,1,1185806027,119.718,6291652950,6291652950,0
mcs50_m2D_s70.A00,mcs50_m2D_s70.B00,dsb_never,48,43,9854220264,1000.02,1,3109403539,293.188,6746872471,6746872471,0
mcs50_m2D_s70.A01,mcs50_m2D_s70.B01,dsb_never,48,44,9421190749,1000.01,1,28333976,2.72741,6676467217,6676467217,0
mcs50_m2D_s70.A02,mcs50_m2D_s70.B02,dsb_never,48,42,7830876401,1000.02,1,275584990,31.1399,5477005229,5477005229,0
mcs50_m2D_s70.A03,mcs50_m2D_s70.B03,dsb_never,49,43,9190912872,1000.02,1,3530641401,369.578,6568579706,6568579706,0
mcs50_m2D_s70.A04,mcs50_m2D_s70.B04,dsb_never,47,39,10244004243,1000.02,1,244225282,23.5763,6989286697,6989286697,0
mcs50_m2D_s70.A05,mcs50_m2D_s70.B05,dsb_never,46,37,10049050131,1000.02,1,5126015243,497.551,6834145504,6834145504,0
mcs50_m2D_s70.A06,mcs50_m2D_s70.B06,dsb_never,48,45,9478529287,1000.02,1,26989311,2.31463,6520479329,6520479329,0
mcs50_m2D_s70.A07,mcs50_m2D_s70.B07,dsb_never,50,48,9065863685,1000.01,1,1260389837,127.7,6241267518,6241267518,0
mcs50_m2D_s70.A08,mcs50_m2D_s70.B08,dsb_never,49,44,9126725047,1000.01,1,101242482,9.91824,6221246034,6221246034,0
mcs50_m2D_s70.A09,mcs50_m2D_s70.B09,dsb_never,49,48,9288536444,1000.02,1,976335131,101.696,6589790388,6589790388,0
mcs50_m2D_s80.A00,mcs50_m2D_s80.B00,dsb_never,50,39,29484227471,1000.02,1,7062722,0.425908,24733982869,24733982869,0
mcs50_m2D_s80.A01,mcs50_m2D_s80.B01,dsb_never,54,45,9821588746,1000.01,1,1375483214,134.127,6619131563,6619131563,0
mcs50_m2D_s80.A02,mcs50_m2D_s80.B02,dsb_never,52,49,14918575274,1000.02,1,66125252,3.78459,11887775698,11887775698,0
mcs50_m2D_s80.A03,mcs50_m2D_s80.B03,dsb_never,54,52,12171363456,1000.02,1,10378329766,812.817,8459028054,8459028054,0
mcs50_m2D_s80.A04,mcs50_m2D_s80.B04,dsb_never,54,46,8859386278,1000.01,1,8543890,0.561333,6293515269,6293515269,0
mcs50_m2D_s80.A05,mcs50_m2D_s80.B05,dsb_never,54,45,10572696398,1000.01,1,8783701958,800.931,7651847108,7651847108,0
mcs50_m2D_s80.A06,mcs50_m2D_s80.B06,dsb_never,56,47,9018138261,1000.01,1,3063412847,323.534,5831762657,5831762657,0
mcs50_m2D_s80.A07,mcs50_m2D_s80.B07,dsb_never,53,41,9799013090,1000.02,1,288705839,26.1947,6676429222,6676429222,0
mcs50_m2D_s80.A08,mcs50_m2D_s80.B08,dsb_never,55,48,9547360944,1000.01,1,869004689,74.419,6537507712,6537507712,0
mcs50_m2D_s80.A09,mcs50_m2D_s80.B09,dsb_never,54,47,9292956007,1000.02,1,3766128296,392.259,6751661868,6751661868,0
mcs50_m2D_s90.A00,mcs50_m2D_s90.B00,dsb_never,58,48,10185404735,1000.02,1,411421280,33.4708,7492844979,7492844979,0
mcs50_m2D_s90.A01,mcs50_m2D_s90.B01,dsb_never,60,52,8789065279,1000.02,1,6424393612,723.268,5598524455,5598524455,0
mcs50_m2D_s90.A02,mcs50_m2D_s90.B02,dsb_never,58,55,8649990789,1000.02,1,159344057,15.9651,5738161707,5738161707,0
mcs50_m2D_s90.A03,mcs50_m2D_s90.B03,dsb_never,62,62,9658124534,1000.02,1,8054094756,810.037,7442972805,7442972805,0
mcs50_m2D_s90.A04,mcs50_m2D_s90.B04,dsb_never,58,48,9677315795,1000.01,1,1443214554,145.158,6976833184,6976833184,0
mcs50_m2D_s90.A05,mcs50_m2D_s90.B05,dsb_never,61,54,9106935774,1000.02,1,321018196,28.2667,7061230997,7061230997,0
mcs50_m2D_s90.A06,mcs50_m2D_s90.B06,dsb_never,60,62,10652682665,1000.01,1,5249441211,454.275,8096920473,8096920473,0
mcs50_m2D_s90.A07,mcs50_m2D_s90.B07,dsb_never,62,53,9449706403,1000.01,1,2873688334,284.259,6407432523,6407432523,0
mcs50_m2D_s90.A08,mcs50_m2D_s90.B08,dsb_never,59,56,9983690078,1000.02,1,2964266486,302.245,6790953037,6790953037,0
mcs50_m2D_s90.A09,mcs50_m2D_s90.B09,dsb_never,62,60,8725727097,1000.01,1,86771119,3.62507,6190253205,6190253205,0
mcs50_m2Dr2_s100.A00,mcs50_m2Dr2_s100.B00,dsb_never,60,51,9593768165,1000.01,1,1144817250,115.534,6761434433,6761434433,0
mcs50_m2Dr2_s100.A01,mcs50_m2Dr2_s100.B01,dsb_never,62,53,9300352837,1000.02,1,2029112908,201.14,5943513523,5943513523,0
mcs50_m2Dr2_s100.A02,mcs50_m2Dr2_s100.B02,dsb_never,63,58,10118420099,1000.02,1,5781700660,539.629,7242497517,7242497517,0
mcs50_m2Dr2_s100.A03,mcs50_m2Dr2_s100.B03,dsb_never,63,58,10157141662,1000.02,1,8647943012,841.703,7132103145,7132103145,0
mcs50_m2Dr2_s100.A04,mcs50_m2Dr2_s100.B04,dsb_never,57,50,29542313677,1000.02,1,13639590,0.45607,23642781114,23642781114,0
mcs50_m2Dr2_s100.A05,mcs50_m2Dr2_s100.B05,dsb_never,63,56,15679087034,1000.02,1,12891245724,693.834,11742636116,11742636116,0
mcs50_m2Dr2_s100.A06,mcs50_m2Dr2_s100.B06,dsb_never,63,57,12858082224,1000.02,1,11839661415,891.338,9438753956,9438753956,0
mcs50_m2Dr2_s100.A07,mcs50_m2Dr2_s100.B07,dsb_never,60,50,29652482636,1000.02,1,948484658,32.4182,23033994128,23033994128,0
mcs50_m2Dr2_s100.A08,mcs50_m2Dr2_s100.B08,dsb_never,63,51,9068587721,1000.01,1,317417288,23.6912,6633261190,6633261190,0
mcs50_m2Dr2_s100.A09,mcs50_m2Dr2_s100.B09,dsb_never,60,54,5528358375,1000.01,1,946524230,152.65,3566910899,3566910899,0
mcs50_m2Dr2_s20.A00,mcs50_m2Dr2_s20.B00,dsb_never,15,18,15788,0.00171104,0,2655,0.000278949,10099,10099,0
mcs50_m2Dr2_s20.A01,mcs50_m2Dr2_s20.B01,dsb_never,14,14,84737,0.00807182,0,27652,0.00233784,54738,54738,0
mcs50_m2Dr2_s20.A02,mcs50_m2Dr2_s20.B02,dsb_never,15,14,35389,0.00316243,0,31783,0.00278367,22835,22835,0
mcs50_m2Dr2_s20.A03,mcs50_m2Dr2_s20.B03,dsb_never,15,14,27782,0.00290257,0,9242,0.000938261,17791,17791,0
mcs50_m2Dr2_s20.A04,mcs50_m2Dr2_s20.B04,dsb_never,14,14,98336,0.00933609,0,8089,0.000795145,62277,62277,0
mcs50_m2Dr2_s20.A05,mcs50_m2Dr2_s20.B05,dsb_never,15,16,34597,0.0033944,0,16505,0.00156237,21985,21985,0
mcs50_m2Dr2_s20.A06,mcs50_m2Dr2_s20.B06,dsb_never,15,16,85384,0.00837723,0,72268,0.00709773,53071,53071,0
mcs50_m2Dr2_s20.A07,mcs50_m2Dr2_s20.B07,dsb_never,14,12,91840,0.00869969,0,1066,0.000117026,58624,58624,0
mcs50_m2Dr2_s20.A08,mcs50_m2Dr2_s20.B08,dsb_never,14,14,110954,0.0106357,0,830,7.64E-05,72863,72863,0
mcs50_m2Dr2_s20.A09,mcs50_m2Dr2_s20.B09,dsb_never,15,16,28759,0.00291813,0,18439,0.00179407,18346,18346,0
mcs50_m2Dr2_s30.A00,mcs50_m2Dr2_s30.B00,dsb_never,22,19,5067076,0.524927,0,3144346,0.324488,3307425,3307425,0
mcs50_m2Dr2_s30.A01,mcs50_m2Dr2_s30.B01,dsb_never,22,17,6431546,0.597247,0,5992320,0.551996,4444961,4444961,0
mcs50_m2Dr2_s30.A02,mcs50_m2Dr2_s30.B02,dsb_never,22,21,5166487,0.525133,0,3143207,0.31924,3347397,3347397,0
mcs50_m2Dr2_s30.A03,mcs50_m2Dr2_s30.B03,dsb_never,22,24,2028426,0.217674,0,79912,0.00854021,1380740,1380740,0
mcs50_m2Dr2_s30.A04,mcs50_m2Dr2_s30.B04,dsb_never,22,21,7405284,0.75943,0,6724138,0.686136,4946583,4946583,0
mcs50_m2Dr2_s30.A05,mcs50_m2Dr2_s30.B05,dsb_never,22,17,13215054,1.20152,0,12796413,1.16122,9432132,9432132,0
mcs50_m2Dr2_s30.A06,mcs50_m2Dr2_s30.B06,dsb_never,22,19,8544172,0.976393,0,8172833,0.939843,5807279,5807279,0
mcs50_m2Dr2_s30.A07,mcs50_m2Dr2_s30.B07,dsb_never,21,19,10370156,1.04889,0,560127,0.0539877,6916906,6916906,0
mcs50_m2Dr2_s30.A08,mcs50_m2Dr2_s30.B08,dsb_never,22,21,3616087,0.369214,0,2044812,0.198172,2417738,2417738,0
mcs50_m2Dr2_s30.A09,mcs50_m2Dr2_s30.B09,dsb_never,22,26,5454957,0.554413,0,4502496,0.451731,3747463,3747463,0
mcs50_m2Dr2_s40.A00,mcs50_m2Dr2_s40.B00,dsb_never,29,29,232125255,26.0145,0,28693182,2.94994,160565403,160565403,0
mcs50_m2Dr2_s40.A01,mcs50_m2Dr2_s40.B01,dsb_never,29,24,199622651,21.709,0,50914945,5.31675,134588832,134588832,0
mcs50_m2Dr2_s40.A02,mcs50_m2Dr2_s40.B02,dsb_never,28,23,1877262427,191.927,0,10280059,1.01326,1291975131,1291975131,0
mcs50_m2Dr2_s40.A03,mcs50_m2Dr2_s40.B03,dsb_never,29,23,956223541,115.415,0,941690765,113.528,678106904,678106904,0
mcs50_m2Dr2_s40.A04,mcs50_m2Dr2_s40.B04,dsb_never,29,25,558909614,58.8261,0,286339903,29.6308,375474796,375474796,0
mcs50_m2Dr2_s40.A05,mcs50_m2Dr2_s40.B05,dsb_never,29,27,1002996218,103.422,0,924946033,95.0545,701386425,701386425,0
mcs50_m2Dr2_s40.A06,mcs50_m2Dr2_s40.B06,dsb_never,28,24,1230207062,125.904,0,401473645,40.4215,860368063,860368063,0
mcs50_m2Dr2_s40.A07,mcs50_m2Dr2_s40.B07,dsb_never,29,25,253191845,27.254,0,45121618,4.51671,171025858,171025858,0
mcs50_m2Dr2_s40.A08,mcs50_m2Dr2_s40.B08,dsb_never,29,27,829668394,82.3476,0,659475803,64.7442,573506717,573506717,0
mcs50_m2Dr2_s40.A09,mcs50_m2Dr2_s40.B09,dsb_never,28,26,2070524282,211.374,0,4450462,0.40901,1393716680,1393716680,0
mcs50_m2Dr2_s50.A00,mcs50_m2Dr2_s50.B00,dsb_never,36,47,7759273101,1000.01,1,3071792644,383.216,5204222818,5204222818,0
mcs50_m2Dr2_s50.A01,mcs50_m2Dr2_s50.B01,dsb_never,35,37,9323301854,1000.02,1,176222222,18.3767,6375678692,6375678692,0
mcs50_m2Dr2_s50.A02,mcs50_m2Dr2_s50.B02,dsb_never,35,29,9503244407,1000.01,1,4067269577,415.443,6390624667,6390624667,0
mcs50_m2Dr2_s50.A03,mcs50_m2Dr2_s50.B03,dsb_never,36,31,9312211398,1000.02,1,9057461908,970.96,6304242225,6304242225,0
mcs50_m2Dr2_s50.A04,mcs50_m2Dr2_s50.B04,dsb_never,35,32,9547241908,1000.01,1,4720043305,481.959,6339682061,6339682061,0
mcs50_m2Dr2_s50.A05,mcs50_m2Dr2_s50.B05,dsb_never,35,30,9043158040,1000.01,1,1731610859,178.673,6203382564,6203382564,0
mcs50_m2Dr2_s50.A06,mcs50_m2Dr2_s50.B06,dsb_never,35,30,8951125896,1000.02,1,354611485,37.5437,6140459785,6140459785,0
mcs50_m2Dr2_s50.A07,mcs50_m2Dr2_s50.B07,dsb_never,35,38,9445333764,1000.02,1,1768493920,175.413,6381307266,6381307266,0
mcs50_m2Dr2_s50.A08,mcs50_m2Dr2_s50.B08,dsb_never,36,35,9167042404,1000.02,1,3926936457,403.425,6135842933,6135842933,0
mcs50_m2Dr2_s50.A09,mcs50_m2Dr2_s50.B09,dsb_never,35,26,9448534783,1000.02,1,6230078012,644.692,6563882123,6563882123,0
mcs50_m2Dr2_s60.A00,mcs50_m2Dr2_s60.B00,dsb_never,42,35,9024086634,1000.02,1,3421642164,364.961,6193286188,6193286188,0
mcs50_m2Dr2_s60.A01,mcs50_m2Dr2_s60.B01,dsb_never,42,35,9838927568,1000.02,1,5972794367,579.991,6508718723,6508718723,0
mcs50_m2Dr2_s60.A02,mcs50_m2Dr2_s60.B02,dsb_never,41,34,8020525648,1000.01,1,1999836678,237.359,5669782379,5669782379,0
mcs50_m2Dr2_s60.A03,mcs50_m2Dr2_s60.B03,dsb_never,41,36,9449178660,1000.01,1,862631754,85.1654,6230946887,6230946887,0
mcs50_m2Dr2_s60.A04,mcs50_m2Dr2_s60.B04,dsb_never,41,39,9467668396,1000.01,1,7519159597,787.645,6084490308,6084490308,0
mcs50_m2Dr2_s60.A05,mcs50_m2Dr2_s60.B05,dsb_never,40,37,10196387299,1000.02,1,479683907,20.762,6734299488,6734299488,0
mcs50_m2Dr2_s60.A06,mcs50_m2Dr2_s60.B06,dsb_never,40,38,9638752629,1000.02,1,174395313,17.6037,6491965477,6491965477,0
mcs50_m2Dr2_s60.A07,mcs50_m2Dr2_s60.B07,dsb_never,42,39,9354549451,1000.01,1,7599540624,806.754,6089515056,6089515056,0
mcs50_m2Dr2_s60.A08,mcs50_m2Dr2_s60.B08,dsb_never,41,34,9062927193,1000.01,1,2667552973,285.699,6387060131,6387060131,0
mcs50_m2Dr2_s60.A09,mcs50_m2Dr2_s60.B09,dsb_never,42,38,9144369508,1000.01,1,8750813010,954.342,6215185726,6215185726,0
mcs50_m2Dr2_s70.A00,mcs50_m2Dr2_s70.B00,dsb_never,47,38,10606609222,1000.02,1,8412643232,778.328,7457719646,7457719646,0
mcs50_m2Dr2_s70.A01,mcs50_m2Dr2_s70.B01,dsb_never,46,43,9704499844,1000.02,1,1009806155,100.951,6666403923,6666403923,0
mcs50_m2Dr2_s70.A02,mcs50_m2Dr2_s70.B02,dsb_never,46,38,9542679878,1000.01,1,528669849,50.0401,6242089704,6242089704,0
mcs50_m2Dr2_s70.A03,mcs50_m2Dr2_s70.B03,dsb_never,46,39,9695906671,1000.02,1,2292825724,232.198,6669475363,6669475363,0
mcs50_m2Dr2_s70.A04,mcs50_m2Dr2_s70.B04,dsb_never,47,43,8705989597,1000.01,1,360996491,39.4614,6038587748,6038587748,0
mcs50_m2Dr2_s70.A05,mcs50_m2Dr2_s70.B05,dsb_never,46,43,9457076436,1000.02,1,6071201677,632.787,6589621630,6589621630,0
mcs50_m2Dr2_s70.A06,mcs50_m2Dr2_s70.B06,dsb_never,46,41,9847233393,1000.01,1,8300910192,838.005,6360072950,6360072950,0
mcs50_m2Dr2_s70.A07,mcs50_m2Dr2_s70.B07,dsb_never,45,40,9738096811,1000.02,1,7560710726,770.723,6595559012,6595559012,0
mcs50_m2Dr2_s70.A08,mcs50_m2Dr2_s70.B08,dsb_never,46,41,10048844942,1000.02,1,2634028993,255.205,6886341152,6886341152,0
mcs50_m2Dr2_s70.A09,mcs50_m2Dr2_s70.B09,dsb_never,47,42,8899270776,1000.02,1,3417908643,371.876,6081385394,6081385394,0
mcs50_m2Dr2_s80.A00,mcs50_m2Dr2_s80.B00,dsb_never,53,49,9390783188,1000.02,1,283904401,30.7972,5900743166,5900743166,0
mcs50_m2Dr2_s80.A01,mcs50_m2Dr2_s80.B01,dsb_never,48,41,16335499952,1000.02,1,12559009877,688.61,12864119912,12864119912,0
mcs50_m2Dr2_s80.A02,mcs50_m2Dr2_s80.B02,dsb_never,52,45,9057889149,1000.02,1,375361445,36.6349,5991308402,5991308402,0
mcs50_m2Dr2_s80.A03,mcs50_m2Dr2_s80.B03,dsb_never,50,43,7060223283,1000.02,1,4618556088,495.468,5199454757,5199454757,0
mcs50_m2Dr2_s80.A04,mcs50_m2Dr2_s80.B04,dsb_never,52,48,9793061551,1000.02,1,1229562533,116.317,6475674109,6475674109,0
mcs50_m2Dr2_s80.A05,mcs50_m2Dr2_s80.B05,dsb_never,53,46,9893965208,1000.01,1,2837149002,258.527,7001098979,7001098979,0
mcs50_m2Dr2_s80.A06,mcs50_m2Dr2_s80.B06,dsb_never,52,41,9139122726,1000.01,1,137112953,7.06779,6343330536,6343330536,0
mcs50_m2Dr2_s80.A07,mcs50_m2Dr2_s80.B07,dsb_never,52,45,4979381594,1000.02,1,3339707472,655.463,3167759890,3167759890,0
mcs50_m2Dr2_s80.A08,mcs50_m2Dr2_s80.B08,dsb_never,49,42,10666662954,1000.02,1,740102513,57.8377,7545523005,7545523005,0
mcs50_m2Dr2_s80.A09,mcs50_m2Dr2_s80.B09,dsb_never,52,46,9467801725,1000.02,1,1561772713,96.7166,6963847845,6963847845,0
mcs50_m2Dr2_s90.A00,mcs50_m2Dr2_s90.B00,dsb_never,57,49,8900779481,1000.01,1,5682233134,630.516,5886215238,5886215238,0
mcs50_m2Dr2_s90.A01,mcs50_m2Dr2_s90.B01,dsb_never,58,52,9162397414,1000.02,1,1911569346,203.783,6450803791,6450803791,0
mcs50_m2Dr2_s90.A02,mcs50_m2Dr2_s90.B02,dsb_never,58,54,4711698251,1000.02,1,2328324034,493.577,3146397170,3146397170,0
mcs50_m2Dr2_s90.A03,mcs50_m2Dr2_s90.B03,dsb_never,56,50,9620426346,1000.02,1,505450069,46.6241,5890863086,5890863086,0
mcs50_m2Dr2_s90.A04,mcs50_m2Dr2_s90.B04,dsb_never,59,56,9580097753,1000.02,1,1851316895,176.126,6205333887,6205333887,0
mcs50_m2Dr2_s90.A05,mcs50_m2Dr2_s90.B05,dsb_never,59,58,9751850153,1000.02,1,7613126176,736.072,6323776360,6323776360,0
mcs50_m2Dr2_s90.A06,mcs50_m2Dr2_s90.B06,dsb_never,57,50,12893575280,1000.02,1,8001717251,449.043,9463578880,9463578880,0
mcs50_m2Dr2_s90.A07,mcs50_m2Dr2_s90.B07,dsb_never,58,55,9137756959,1000.01,1,2200826477,229.821,6483848846,6483848846,0
mcs50_m2Dr2_s90.A08,mcs50_m2Dr2_s90.B08,dsb_never,56,50,9668585008,1000.02,1,4067610168,388.702,6162827568,6162827568,0
mcs50_m2Dr2_s90.A09,mcs50_m2Dr2_s90.B09,dsb_never,58,52,10759054750,1000.02,1,4903235692,413.346,7312493893,7312493893,0
mcs50_m2Dr4_s10.A00,mcs50_m2Dr4_s10.B00,dsb_never,7,9,882,0.000109184,0,34,1.11E-05,570,570,0
mcs50_m2Dr4_s10.A01,mcs50_m2Dr4_s10.B01,dsb_never,7,8,539,8.59E-05,0,8,6.83E-06,364,364,0
mcs50_m2Dr4_s10.A02,mcs50_m2Dr4_s10.B02,dsb_never,8,10,132,3.75E-05,0,75,1.47E-05,88,88,0
mcs50_m2Dr4_s10.A03,mcs50_m2Dr4_s10.B03,dsb_never,8,10,158,3.97E-05,0,52,1.14E-05,112,112,0
mcs50_m2Dr4_s10.A04,mcs50_m2Dr4_s10.B04,dsb_never,8,12,127,4.42E-05,0,9,6.79E-06,93,93,0
mcs50_m2Dr4_s10.A05,mcs50_m2Dr4_s10.B05,dsb_never,7,6,468,7.23E-05,0,51,1.04E-05,307,307,0
mcs50_m2Dr4_s10.A06,mcs50_m2Dr4_s10.B06,dsb_never,8,12,85,4.32E-05,0,45,1.25E-05,60,60,0
mcs50_m2Dr4_s10.A07,mcs50_m2Dr4_s10.B07,dsb_never,8,9,408,0.000227244,0,368,4.50E-05,271,271,0
mcs50_m2Dr4_s10.A08,mcs50_m2Dr4_s10.B08,dsb_never,7,7,656,0.000190735,0,156,4.30E-05,419,419,0
mcs50_m2Dr4_s10.A09,mcs50_m2Dr4_s10.B09,dsb_never,8,10,456,7.00E-05,0,310,3.66E-05,288,288,0
mcs50_m2Dr4_s100.A00,mcs50_m2Dr4_s100.B00,dsb_never,58,50,9709474303,1000.02,1,7537450738,759.441,6382091591,6382091591,0
mcs50_m2Dr4_s100.A01,mcs50_m2Dr4_s100.B01,dsb_never,62,57,9175901292,1000.02,1,7683569544,841.668,5890495093,5890495093,0
mcs50_m2Dr4_s100.A02,mcs50_m2Dr4_s100.B02,dsb_never,61,54,8683226986,1000.02,1,2251924590,254.239,5515755186,5515755186,0
mcs50_m2Dr4_s100.A03,mcs50_m2Dr4_s100.B03,dsb_never,60,52,9223982758,1000,1,107406933,10.1431,5853521389,5853521389,0
mcs50_m2Dr4_s100.A04,mcs50_m2Dr4_s100.B04,dsb_never,60,54,8570997341,1000.01,1,291932285,32.4345,5346526982,5346526982,0
mcs50_m2Dr4_s100.A05,mcs50_m2Dr4_s100.B05,dsb_never,61,54,8493392109,1000.02,1,1209676829,132.307,5373640674,5373640674,0
mcs50_m2Dr4_s100.A06,mcs50_m2Dr4_s100.B06,dsb_never,59,52,26129170441,1000.02,1,20896843507,743.854,20157758856,20157758856,0
mcs50_m2Dr4_s100.A07,mcs50_m2Dr4_s100.B07,dsb_never,58,50,8572450344,1000.01,1,298903604,33.172,5360965293,5360965293,0
mcs50_m2Dr4_s100.A08,mcs50_m2Dr4_s100.B08,dsb_never,59,53,8528896789,1000.02,1,2227305256,252.92,5349433936,5349433936,0
mcs50_m2Dr4_s100.A09,mcs50_m2Dr4_s100.B09,dsb_never,57,48,25247079360,1000.02,1,300350634,9.82954,19400563659,19400563659,0
mcs50_m2Dr4_s20.A00,mcs50_m2Dr4_s20.B00,dsb_never,14,17,74489,0.0158243,0,11381,0.00242297,46613,46613,0
mcs50_m2Dr4_s20.A01,mcs50_m2Dr4_s20.B01,dsb_never,14,12,63899,0.00646318,0,7197,0.000749946,40842,40842,0
mcs50_m2Dr4_s20.A02,mcs50_m2Dr4_s20.B02,dsb_never,14,14,85413,0.00928911,0,14386,0.00150762,55751,55751,0
mcs50_m2Dr4_s20.A03,mcs50_m2Dr4_s20.B03,dsb_never,14,13,90355,0.0199161,0,36712,0.00767314,57208,57208,0
mcs50_m2Dr4_s20.A04,mcs50_m2Dr4_s20.B04,dsb_never,14,13,69064,0.00684519,0,16949,0.00168178,44192,44192,0
mcs50_m2Dr4_s20.A05,mcs50_m2Dr4_s20.B05,dsb_never,15,14,17360,0.00193185,0,8436,0.000901177,11276,11276,0
mcs50_m2Dr4_s20.A06,mcs50_m2Dr4_s20.B06,dsb_never,14,17,50760,0.00541895,0,925,0.000100982,32242,32242,0
mcs50_m2Dr4_s20.A07,mcs50_m2Dr4_s20.B07,dsb_never,14,15,73740,0.00737098,0,45944,0.00449791,47382,47382,0
mcs50_m2Dr4_s20.A08,mcs50_m2Dr4_s20.B08,dsb_never,14,13,66159,0.0138667,0,8080,0.00181466,42519,42519,0
mcs50_m2Dr4_s20.A09,mcs50_m2Dr4_s20.B09,dsb_never,14,18,75486,0.00809588,0,1815,0.000195094,48223,48223,0
mcs50_m2Dr4_s30.A00,mcs50_m2Dr4_s30.B00,dsb_never,21,19,3110084,0.330118,0,109167,0.0106409,2148920,2148920,0
mcs50_m2Dr4_s30.A01,mcs50_m2Dr4_s30.B01,dsb_never,21,18,4846680,0.503605,0,911400,0.0928297,3118322,3118322,0
mcs50_m2Dr4_s30.A02,mcs50_m2Dr4_s30.B02,dsb_never,21,21,3780447,0.414095,0,1147808,0.119562,2540617,2540617,0
mcs50_m2Dr4_s30.A03,mcs50_m2Dr4_s30.B03,dsb_never,21,20,6715083,0.739988,0,49468,0.00492562,4360745,4360745,0
mcs50_m2Dr4_s30.A04,mcs50_m2Dr4_s30.B04,dsb_never,21,31,6279637,0.690541,0,1187141,0.12274,4077108,4077108,0
mcs50_m2Dr4_s30.A05,mcs50_m2Dr4_s30.B05,dsb_never,21,20,18343799,3.80296,0,15962638,3.29607,12383929,12383929,0
mcs50_m2Dr4_s30.A06,mcs50_m2Dr4_s30.B06,dsb_never,21,22,4869123,0.547868,0,509292,0.0555046,3149562,3149562,0
mcs50_m2Dr4_s30.A07,mcs50_m2Dr4_s30.B07,dsb_never,21,22,20864405,2.19782,0,17477412,1.81503,13788426,13788426,0
mcs50_m2Dr4_s30.A08,mcs50_m2Dr4_s30.B08,dsb_never,21,23,6823910,0.733417,0,1062113,0.102909,4471190,4471190,0
mcs50_m2Dr4_s30.A09,mcs50_m2Dr4_s30.B09,dsb_never,21,21,8566030,0.955187,0,3965927,0.432969,5573152,5573152,0
mcs50_m2Dr4_s40.A00,mcs50_m2Dr4_s40.B00,dsb_never,28,29,1182559801,126.975,0,807163593,85.2694,791549246,791549246,0
mcs50_m2Dr4_s40.A01,mcs50_m2Dr4_s40.B01,dsb_never,28,25,615855089,69.6349,0,258404879,28.8067,402231300,402231300,0
mcs50_m2Dr4_s40.A02,mcs50_m2Dr4_s40.B02,dsb_never,28,22,388577700,44.2042,0,92661653,9.91867,262172543,262172543,0
mcs50_m2Dr4_s40.A03,mcs50_m2Dr4_s40.B03,dsb_never,28,28,673759619,74.7857,0,355733766,38.7849,455383858,455383858,0
mcs50_m2Dr4_s40.A04,mcs50_m2Dr4_s40.B04,dsb_never,28,38,840938812,96.1302,0,477898903,55.492,553043466,553043466,0
mcs50_m2Dr4_s40.A05,mcs50_m2Dr4_s40.B05,dsb_never,29,29,665852287,74.4198,0,653896262,72.997,456012802,456012802,0
mcs50_m2Dr4_s40.A06,mcs50_m2Dr4_s40.B06,dsb_never,28,26,1214426607,131.547,0,947405587,101.914,819558610,819558610,0
mcs50_m2Dr4_s40.A07,mcs50_m2Dr4_s40.B07,dsb_never,28,26,451502349,99.3074,0,111226517,22.907,316287572,316287572,0
mcs50_m2Dr4_s40.A08,mcs50_m2Dr4_s40.B08,dsb_never,29,26,539704234,115.979,0,513277328,110.124,367789673,367789673,0
mcs50_m2Dr4_s40.A09,mcs50_m2Dr4_s40.B09,dsb_never,28,27,746405392,165.427,0,330250366,71.1373,498998727,498998727,0
mcs50_m2Dr4_s50.A00,mcs50_m2Dr4_s50.B00,dsb_never,35,32,8591481384,1000.02,1,1136469583,117.603,5941850885,5941850885,0
mcs50_m2Dr4_s50.A01,mcs50_m2Dr4_s50.B01,dsb_never,34,30,8821956991,1000.01,1,1475668772,152.7,5934157279,5934157279,0
mcs50_m2Dr4_s50.A02,mcs50_m2Dr4_s50.B02,dsb_never,35,33,9110556553,1000.01,1,8120820911,884.582,6016204197,6016204197,0
mcs50_m2Dr4_s50.A03,mcs50_m2Dr4_s50.B03,dsb_never,34,32,9020481144,1000.02,1,1655701472,176.88,6145864049,6145864049,0
mcs50_m2Dr4_s50.A04,mcs50_m2Dr4_s50.B04,dsb_never,35,49,8717282116,1000.01,1,7633216393,872.649,5819819809,5819819809,0
mcs50_m2Dr4_s50.A05,mcs50_m2Dr4_s50.B05,dsb_never,34,28,9293926857,1000.02,1,5121641346,546.586,6431786193,6431786193,0
mcs50_m2Dr4_s50.A06,mcs50_m2Dr4_s50.B06,dsb_never,33,28,9254425855,1000.02,1,132153342,13.4236,6549290508,6549290508,0
mcs50_m2Dr4_s50.A07,mcs50_m2Dr4_s50.B07,dsb_never,34,30,9108498758,1000.01,1,455381519,48.399,6023576971,6023576971,0
mcs50_m2Dr4_s50.A08,mcs50_m2Dr4_s50.B08,dsb_never,34,30,9011620565,1000.02,1,183763526,18.3463,6072292970,6072292970,0
mcs50_m2Dr4_s50.A09,mcs50_m2Dr4_s50.B09,dsb_never,35,31,8623492985,1000.02,1,2572328712,285.614,5887536494,5887536494,0
mcs50_m2Dr4_s60.A00,mcs50_m2Dr4_s60.B00,dsb_never,38,36,9344124042,1000.01,1,203016561,19.9791,6214553105,6214553105,0
mcs50_m2Dr4_s60.A01,mcs50_m2Dr4_s60.B01,dsb_never,40,35,9253236476,1000.02,1,5343238661,557.984,6112544338,6112544338,0
mcs50_m2Dr4_s60.A02,mcs50_m2Dr4_s60.B02,dsb_never,39,33,9163454972,1000.01,1,1753955631,185.82,6088064941,6088064941,0
mcs50_m2Dr4_s60.A03,mcs50_m2Dr4_s60.B03,dsb_never,40,34,4843942696,1000.02,1,1319548663,260.912,3351587010,3351587010,0
mcs50_m2Dr4_s60.A04,mcs50_m2Dr4_s60.B04,dsb_never,40,36,4619340809,1000.02,1,3773252272,812.543,3033026739,3033026739,0
mcs50_m2Dr4_s60.A05,mcs50_m2Dr4_s60.B05,dsb_never,40,36,9158271739,1000.01,1,3930777471,421.778,6196266287,6196266287,0
mcs50_m2Dr4_s60.A06,mcs50_m2Dr4_s60.B06,dsb_never,40,37,8371938881,1000.01,1,3140500419,360.264,5329393321,5329393321,0
mcs50_m2Dr4_s60.A07,mcs50_m2Dr4_s60.B07,dsb_never,33,27,26324499459,1000.02,1,364824993,11.817,21904074515,21904074515,0
mcs50_m2Dr4_s60.A08,mcs50_m2Dr4_s60.B08,dsb_never,39,41,9344441477,1000.02,1,2099313186,225.014,6120313257,6120313257,0
mcs50_m2Dr4_s60.A09,mcs50_m2Dr4_s60.B09,dsb_never,39,34,8859761748,1000.02,1,2181527349,236.208,5847559296,5847559296,0
mcs50_m2Dr4_s70.A00,mcs50_m2Dr4_s70.B00,dsb_never,44,45,11111180919,1000.02,1,10539972007,941.819,6966384666,6966384666,0
mcs50_m2Dr4_s70.A01,mcs50_m2Dr4_s70.B01,dsb_never,44,39,9233281733,1000.01,1,1872642226,200.808,6366278415,6366278415,0
mcs50_m2Dr4_s70.A02,mcs50_m2Dr4_s70.B02,dsb_never,43,37,9297281065,1000.02,1,68220961,6.62701,6342622294,6342622294,0
mcs50_m2Dr4_s70.A03,mcs50_m2Dr4_s70.B03,dsb_never,44,38,9810017760,1000.02,1,648286046,63.4604,6934767579,6934767579,0
mcs50_m2Dr4_s70.A04,mcs50_m2Dr4_s70.B04,dsb_never,46,39,9158684688,1000.02,1,3740390194,392.332,6040966948,6040966948,0
mcs50_m2Dr4_s70.A05,mcs50_m2Dr4_s70.B05,dsb_never,44,41,8031120706,1000.01,1,37436616,4.12135,5444424478,5444424478,0
mcs50_m2Dr4_s70.A06,mcs50_m2Dr4_s70.B06,dsb_never,46,46,7859138618,1000.01,1,2504102614,314.343,5446929786,5446929786,0
mcs50_m2Dr4_s70.A07,mcs50_m2Dr4_s70.B07,dsb_never,45,41,9745622685,1000.01,1,197442199,8.93577,6496971399,6496971399,0
mcs50_m2Dr4_s70.A08,mcs50_m2Dr4_s70.B08,dsb_never,45,43,9033775380,1000.02,1,68618556,7.23335,5814669971,5814669971,0
mcs50_m2Dr4_s70.A09,mcs50_m2Dr4_s70.B09,dsb_never,45,41,8704365411,1000.02,1,8661812538,994.724,5709015032,5709015032,0
mcs50_m2Dr4_s80.A00,mcs50_m2Dr4_s80.B00,dsb_never,48,43,9569158068,1000.02,1,553689523,54.4417,6289252489,6289252489,0
mcs50_m2Dr4_s80.A01,mcs50_m2Dr4_s80.B01,dsb_never,49,43,4450888046,1000.02,1,1044742,0.206849,2799559376,2799559376,0
mcs50_m2Dr4_s80.A02,mcs50_m2Dr4_s80.B02,dsb_never,49,38,4906782038,1000.02,1,3539029667,701.681,3281565769,3281565769,0
mcs50_m2Dr4_s80.A03,mcs50_m2Dr4_s80.B03,dsb_never,50,49,9598728569,1000.02,1,431447247,38.3864,6380805346,6380805346,0
mcs50_m2Dr4_s80.A04,mcs50_m2Dr4_s80.B04,dsb_never,50,45,9544869635,1000.02,1,5418802357,522.724,6536869937,6536869937,0
mcs50_m2Dr4_s80.A05,mcs50_m2Dr4_s80.B05,dsb_never,48,46,9958902966,1000.01,1,465865864,45.1518,6796657149,6796657149,0
mcs50_m2Dr4_s80.A06,mcs50_m2Dr4_s80.B06,dsb_never,49,42,9952602328,1000.02,1,4659027912,447.32,6743362387,6743362387,0
mcs50_m2Dr4_s80.A07,mcs50_m2Dr4_s80.B07,dsb_never,49,44,9412585201,1000.02,1,7138343350,745.234,6099850737,6099850737,0
mcs50_m2Dr4_s80.A08,mcs50_m2Dr4_s80.B08,dsb_never,52,47,9248505599,1000.01,1,2045285431,186.985,6052533194,6052533194,0
mcs50_m2Dr4_s80.A09,mcs50_m2Dr4_s80.B09,dsb_never,50,43,10021262180,1000.01,1,4530954178,408.903,6684074682,6684074682,0
mcs50_m2Dr4_s90.A00,mcs50_m2Dr4_s90.B00,dsb_never,53,48,9480513834,1000.02,1,6862630055,717.592,6023013655,6023013655,0
mcs50_m2Dr4_s90.A01,mcs50_m2Dr4_s90.B01,dsb_never,55,50,10178770476,1000.02,1,5978836794,559.927,6814889819,6814889819,0
mcs50_m2Dr4_s90.A02,mcs50_m2Dr4_s90.B02,dsb_never,56,52,9141604398,1000.02,1,847700610,89.6267,6550964816,6550964816,0
mcs50_m2Dr4_s90.A03,mcs50_m2Dr4_s90.B03,dsb_never,56,56,4588462458,1000.02,1,3930090233,856.771,3083020266,3083020266,0
mcs50_m2Dr4_s90.A04,mcs50_m2Dr4_s90.B04,dsb_never,54,49,10119889682,1000.02,1,215003549,16.5429,6593750062,6593750062,0
mcs50_m2Dr4_s90.A05,mcs50_m2Dr4_s90.B05,dsb_never,55,53,11724385346,1000.01,1,35852738,3.59575,8138895203,8138895203,0
mcs50_m2Dr4_s90.A06,mcs50_m2Dr4_s90.B06,dsb_never,55,51,8715556390,1000.01,1,851873820,88.5264,5591313818,5591313818,0
mcs50_m2Dr4_s90.A07,mcs50_m2Dr4_s90.B07,dsb_never,53,54,8327681246,1000.02,1,265830393,29.4984,5343641963,5343641963,0
mcs50_m2Dr4_s90.A08,mcs50_m2Dr4_s90.B08,dsb_never,55,43,9348374021,1000.01,1,4934350530,525.006,6462475467,6462475467,0
mcs50_m2Dr4_s90.A09,mcs50_m2Dr4_s90.B09,dsb_never,56,46,9611252348,1000.01,1,4034487897,415.326,6234474521,6234474521,0
mcs50_m2Dr6_s10.A00,mcs50_m2Dr6_s10.B00,dsb_never,7,6,595,8.40E-05,0,324,3.14E-05,401,401,0
mcs50_m2Dr6_s10.A01,mcs50_m2Dr6_s10.B01,dsb_never,8,8,394,7.40E-05,0,377,4.88E-05,277,277,0
mcs50_m2Dr6_s10.A02,mcs50_m2Dr6_s10.B02,dsb_never,7,11,163,4.83E-05,0,18,9.15E-06,121,121,0
mcs50_m2Dr6_s10.A03,mcs50_m2Dr6_s10.B03,dsb_never,7,9,465,7.55E-05,0,11,8.76E-06,306,306,0
mcs50_m2Dr6_s10.A04,mcs50_m2Dr6_s10.B04,dsb_never,8,9,252,5.90E-05,0,122,2.23E-05,165,165,0
mcs50_m2Dr6_s10.A05,mcs50_m2Dr6_s10.B05,dsb_never,7,8,670,0.000104788,0,14,1.32E-05,425,425,0
mcs50_m2Dr6_s10.A06,mcs50_m2Dr6_s10.B06,dsb_never,7,12,537,8.39E-05,0,33,9.65E-06,350,350,0
mcs50_m2Dr6_s10.A07,mcs50_m2Dr6_s10.B07,dsb_never,8,8,209,5.21E-05,0,152,2.15E-05,141,141,0
mcs50_m2Dr6_s10.A08,mcs50_m2Dr6_s10.B08,dsb_never,7,8,700,9.90E-05,0,118,2.02E-05,453,453,0
mcs50_m2Dr6_s10.A09,mcs50_m2Dr6_s10.B09,dsb_never,7,8,667,8.50E-05,0,367,3.16E-05,417,417,0
mcs50_m2Dr6_s100.A00,mcs50_m2Dr6_s100.B00,dsb_never,59,56,9184987208,1000.02,1,2047080563,221.51,5854435254,5854435254,0
mcs50_m2Dr6_s100.A01,mcs50_m2Dr6_s100.B01,dsb_never,56,50,9867319616,1000.01,1,1020912187,45.3642,6602324190,6602324190,0
mcs50_m2Dr6_s100.A02,mcs50_m2Dr6_s100.B02,dsb_never,58,52,8203290543,1000.02,1,2254611662,256.326,5069003322,5069003322,0
mcs50_m2Dr6_s100.A03,mcs50_m2Dr6_s100.B03,dsb_never,54,48,27722583349,1000.02,1,9090498877,320.528,22303094684,22303094684,0
mcs50_m2Dr6_s100.A04,mcs50_m2Dr6_s100.B04,dsb_never,55,48,8693473614,1000.01,1,470426221,50.3975,5688333444,5688333444,0
mcs50_m2Dr6_s100.A05,mcs50_m2Dr6_s100.B05,dsb_never,56,57,28418657101,1000.01,1,13165353011,468.373,22682192638,22682192638,0
mcs50_m2Dr6_s100.A06,mcs50_m2Dr6_s100.B06,dsb_never,57,51,9566323231,1000.02,1,6552539529,670.74,6024569894,6024569894,0
mcs50_m2Dr6_s100.A07,mcs50_m2Dr6_s100.B07,dsb_never,56,55,16346497911,1000.02,1,13608910550,721.442,12233202146,12233202146,0
mcs50_m2Dr6_s100.A08,mcs50_m2Dr6_s100.B08,dsb_never,57,48,8530030104,1000.01,1,4946310572,573.176,5553947527,5553947527,0
mcs50_m2Dr6_s100.A09,mcs50_m2Dr6_s100.B09,dsb_never,58,53,8076620620,1000.02,1,5714050292,679.691,5323097949,5323097949,0
mcs50_m2Dr6_s20.A00,mcs50_m2Dr6_s20.B00,dsb_never,14,15,59874,0.00664969,0,33860,0.00356628,38474,38474,0
mcs50_m2Dr6_s20.A01,mcs50_m2Dr6_s20.B01,dsb_never,14,15,50662,0.00560938,0,17390,0.00169614,32193,32193,0
mcs50_m2Dr6_s20.A02,mcs50_m2Dr6_s20.B02,dsb_never,14,20,52679,0.00572176,0,9614,0.000999195,33776,33776,0
mcs50_m2Dr6_s20.A03,mcs50_m2Dr6_s20.B03,dsb_never,14,15,53304,0.00586713,0,12269,0.00132067,33292,33292,0
mcs50_m2Dr6_s20.A04,mcs50_m2Dr6_s20.B04,dsb_never,14,18,115500,0.0126956,0,107975,0.0118302,74789,74789,0
mcs50_m2Dr6_s20.A05,mcs50_m2Dr6_s20.B05,dsb_never,15,20,31062,0.00383292,0,25063,0.00311252,19589,19589,0
mcs50_m2Dr6_s20.A06,mcs50_m2Dr6_s20.B06,dsb_never,14,14,54157,0.00604284,0,19040,0.00206428,34157,34157,0
mcs50_m2Dr6_s20.A07,mcs50_m2Dr6_s20.B07,dsb_never,14,15,133670,0.0149889,0,119959,0.0133762,83812,83812,0
mcs50_m2Dr6_s20.A08,mcs50_m2Dr6_s20.B08,dsb_never,14,15,88297,0.00974033,0,45647,0.00486581,55999,55999,0
mcs50_m2Dr6_s20.A09,mcs50_m2Dr6_s20.B09,dsb_never,13,19,179984,0.019594,0,5308,0.000538614,115623,115623,0
mcs50_m2Dr6_s30.A00,mcs50_m2Dr6_s30.B00,dsb_never,21,22,9610726,1.08898,0,4267099,0.460331,6249690,6249690,0
mcs50_m2Dr6_s30.A01,mcs50_m2Dr6_s30.B01,dsb_never,21,21,9195138,1.10856,0,6918175,0.832562,5964118,5964118,0
mcs50_m2Dr6_s30.A02,mcs50_m2Dr6_s30.B02,dsb_never,20,23,15854263,1.73446,0,997801,0.101633,10351427,10351427,0
mcs50_m2Dr6_s30.A03,mcs50_m2Dr6_s30.B03,dsb_never,20,20,19638938,2.16976,0,1026286,0.11011,13082817,13082817,0
mcs50_m2Dr6_s30.A04,mcs50_m2Dr6_s30.B04,dsb_never,21,19,6591046,0.728357,0,5939807,0.652065,4466888,4466888,0
mcs50_m2Dr6_s30.A05,mcs50_m2Dr6_s30.B05,dsb_never,20,20,20905166,2.70486,0,731039,0.0921956,13276351,13276351,0
mcs50_m2Dr6_s30.A06,mcs50_m2Dr6_s30.B06,dsb_never,20,24,11231231,1.27251,0,174023,0.0192271,7559767,7559767,0
mcs50_m2Dr6_s30.A07,mcs50_m2Dr6_s30.B07,dsb_never,20,20,8760098,0.978528,0,150055,0.0162562,5938642,5938642,0
mcs50_m2Dr6_s30.A08,mcs50_m2Dr6_s30.B08,dsb_never,20,17,18983417,2.07151,0,1245591,0.121973,12636031,12636031,0
mcs50_m2Dr6_s30.A09,mcs50_m2Dr6_s30.B09,dsb_never,20,22,13425627,1.49788,0,541321,0.0570626,8578396,8578396,0
mcs50_m2Dr6_s40.A00,mcs50_m2Dr6_s40.B00,dsb_never,28,24,641994210,71.425,0,632956751,70.3938,439029381,439029381,0
mcs50_m2Dr6_s40.A01,mcs50_m2Dr6_s40.B01,dsb_never,27,26,1460324808,197.707,0,199753765,26.4817,948830038,948830038,0
mcs50_m2Dr6_s40.A02,mcs50_m2Dr6_s40.B02,dsb_never,27,28,911721000,101.961,0,327438600,34.9574,623436815,623436815,0
mcs50_m2Dr6_s40.A03,mcs50_m2Dr6_s40.B03,dsb_never,27,27,3178434754,367.614,0,2601423847,300.255,2102986167,2102986167,0
mcs50_m2Dr6_s40.A04,mcs50_m2Dr6_s40.B04,dsb_never,27,27,1543635642,179.066,0,342662411,39.3974,1029823142,1029823142,0
mcs50_m2Dr6_s40.A05,mcs50_m2Dr6_s40.B05,dsb_never,27,22,1062854441,122.758,0,439081907,49.1303,712391502,712391502,0
mcs50_m2Dr6_s40.A06,mcs50_m2Dr6_s40.B06,dsb_never,27,25,2419110061,271.179,0,1268691065,138.374,1588045021,1588045021,0
mcs50_m2Dr6_s40.A07,mcs50_m2Dr6_s40.B07,dsb_never,27,26,1888174062,208.732,0,297008226,31.8485,1253302526,1253302526,0
mcs50_m2Dr6_s40.A08,mcs50_m2Dr6_s40.B08,dsb_never,27,26,1066004679,125.15,0,179486991,20.3356,708833494,708833494,0
mcs50_m2Dr6_s40.A09,mcs50_m2Dr6_s40.B09,dsb_never,27,27,1474766074,169.741,0,569279756,66.4259,974467126,974467126,0
mcs50_m2Dr6_s50.A00,mcs50_m2Dr6_s50.B00,dsb_never,32,30,9329023070,1000.01,1,1737061964,187.689,6364803290,6364803290,0
mcs50_m2Dr6_s50.A01,mcs50_m2Dr6_s50.B01,dsb_never,32,31,8900712291,1000.01,1,6157114623,679.342,5836364067,5836364067,0
mcs50_m2Dr6_s50.A02,mcs50_m2Dr6_s50.B02,dsb_never,32,31,8838611644,1000.01,1,773346272,88.9189,5873162799,5873162799,0
mcs50_m2Dr6_s50.A03,mcs50_m2Dr6_s50.B03,dsb_never,33,29,8739193694,1000.01,1,1838567210,207.996,5883434781,5883434781,0
mcs50_m2Dr6_s50.A04,mcs50_m2Dr6_s50.B04,dsb_never,33,36,8458085668,1000.02,1,5254658014,612.242,5529071374,5529071374,0
mcs50_m2Dr6_s50.A05,mcs50_m2Dr6_s50.B05,dsb_never,32,29,8616327581,1000.01,1,827886896,92.3039,5844561863,5844561863,0
mcs50_m2Dr6_s50.A06,mcs50_m2Dr6_s50.B06,dsb_never,33,31,8830535223,1000.02,1,440415921,49.1034,6011760483,6011760483,0
mcs50_m2Dr6_s50.A07,mcs50_m2Dr6_s50.B07,dsb_never,34,31,8595451372,1000.02,1,4315854570,480.411,5812793121,5812793121,0
mcs50_m2Dr6_s50.A08,mcs50_m2Dr6_s50.B08,dsb_never,32,30,8639509147,1000.02,1,179221077,21.839,5697157871,5697157871,0
mcs50_m2Dr6_s50.A09,mcs50_m2Dr6_s50.B09,dsb_never,33,32,4301018319,1000.02,1,866756863,198.896,2797949653,2797949653,0
mcs50_m2Dr6_s60.A00,mcs50_m2Dr6_s60.B00,dsb_never,37,45,8893753363,1000.02,1,8238878,0.773838,5588579761,5588579761,0
mcs50_m2Dr6_s60.A01,mcs50_m2Dr6_s60.B01,dsb_never,38,30,8941960419,1000.02,1,797556794,84.4754,5698076858,5698076858,0
mcs50_m2Dr6_s60.A02,mcs50_m2Dr6_s60.B02,dsb_never,38,31,8578754220,1000.02,1,4784888280,547.024,5625833484,5625833484,0
mcs50_m2Dr6_s60.A03,mcs50_m2Dr6_s60.B03,dsb_never,39,36,8679119477,1000.02,1,3762641317,414.915,5684877970,5684877970,0
mcs50_m2Dr6_s60.A04,mcs50_m2Dr6_s60.B04,dsb_never,38,38,8586873686,1000.02,1,7800436277,910.147,5674194057,5674194057,0
mcs50_m2Dr6_s60.A05,mcs50_m2Dr6_s60.B05,dsb_never,38,34,8701183863,1000.01,1,4934175595,543.078,5699076938,5699076938,0
mcs50_m2Dr6_s60.A06,mcs50_m2Dr6_s60.B06,dsb_never,37,39,9133560912,1000.02,1,271240928,27.316,6215706193,6215706193,0
mcs50_m2Dr6_s60.A07,mcs50_m2Dr6_s60.B07,dsb_never,38,39,8576958009,1000.01,1,1485255101,158.692,5522663679,5522663679,0
mcs50_m2Dr6_s60.A08,mcs50_m2Dr6_s60.B08,dsb_never,37,36,8296301610,1000.02,1,13343763,1.39571,5472369388,5472369388,0
mcs50_m2Dr6_s60.A09,mcs50_m2Dr6_s60.B09,dsb_never,38,34,7421360888,1000.01,1,565019217,76.1152,4954662882,4954662882,0
mcs50_m2Dr6_s70.A00,mcs50_m2Dr6_s70.B00,dsb_never,46,77,7466790913,1000.01,1,723097,0.0972535,4796258707,4796258707,0
mcs50_m2Dr6_s70.A01,mcs50_m2Dr6_s70.B01,dsb_never,43,37,9155658140,1000.01,1,224926278,22.2024,6408439977,6408439977,0
mcs50_m2Dr6_s70.A02,mcs50_m2Dr6_s70.B02,dsb_never,44,38,8522937684,1000.02,1,88187936,8.7471,5701564095,5701564095,0
mcs50_m2Dr6_s70.A03,mcs50_m2Dr6_s70.B03,dsb_never,43,42,9117463940,1000.01,1,3104314607,325.202,5919418377,5919418377,0
mcs50_m2Dr6_s70.A04,mcs50_m2Dr6_s70.B04,dsb_never,43,35,8614762121,1000.02,1,2891840040,318.795,5839629109,5839629109,0
mcs50_m2Dr6_s70.A05,mcs50_m2Dr6_s70.B05,dsb_never,42,38,9947295092,1000.01,1,6973683696,679.47,6988724088,6988724088,0
mcs50_m2Dr6_s70.A06,mcs50_m2Dr6_s70.B06,dsb_never,43,40,8489827233,1000.01,1,107284220,11.6582,5588369986,5588369986,0
mcs50_m2Dr6_s70.A07,mcs50_m2Dr6_s70.B07,dsb_never,42,37,7674595834,1000.02,1,283604837,34.344,5026977294,5026977294,0
mcs50_m2Dr6_s70.A08,mcs50_m2Dr6_s70.B08,dsb_never,44,38,8251402517,1000.02,1,172648392,19.1654,5325944223,5325944223,0
mcs50_m2Dr6_s70.A09,mcs50_m2Dr6_s70.B09,dsb_never,44,39,8828446822,1000.01,1,3455441139,386.229,5923344233,5923344233,0
mcs50_m2Dr6_s80.A00,mcs50_m2Dr6_s80.B00,dsb_never,48,44,10407368369,1000.02,1,3025673443,172.709,7114307873,7114307873,0
mcs50_m2Dr6_s80.A01,mcs50_m2Dr6_s80.B01,dsb_never,48,42,9007342567,1000.01,1,5999567698,648.518,6129899035,6129899035,0
mcs50_m2Dr6_s80.A02,mcs50_m2Dr6_s80.B02,dsb_never,42,31,32332567751,1000.02,1,91457,0.00649225,24456657672,24456657672,0
mcs50_m2Dr6_s80.A03,mcs50_m2Dr6_s80.B03,dsb_never,46,45,9097452253,1000.01,1,520038794,57.4025,5961450970,5961450970,0
mcs50_m2Dr6_s80.A04,mcs50_m2Dr6_s80.B04,dsb_never,50,45,9725393271,1000.02,1,3413258640,214.627,6676618871,6676618871,0
mcs50_m2Dr6_s80.A05,mcs50_m2Dr6_s80.B05,dsb_never,48,45,8936568107,1000.02,1,682566686,69.5643,5659593255,5659593255,0
mcs50_m2Dr6_s80.A06,mcs50_m2Dr6_s80.B06,dsb_never,47,44,8883373385,1000.01,1,52610986,5.59242,5722154704,5722154704,0
mcs50_m2Dr6_s80.A07,mcs50_m2Dr6_s80.B07,dsb_never,46,40,10933067679,1000.01,1,10851738057,992.235,7543989914,7543989914,0
mcs50_m2Dr6_s80.A08,mcs50_m2Dr6_s80.B08,dsb_never,49,47,8355794974,1000.02,1,4853996325,558.881,5422906202,5422906202,0
mcs50_m2Dr6_s80.A09,mcs50_m2Dr6_s80.B09,dsb_never,48,45,9600182689,1000.02,1,44059994,4.40049,6301575353,6301575353,0
mcs50_m2Dr6_s90.A00,mcs50_m2Dr6_s90.B00,dsb_never,55,53,9277300464,1000.02,1,6737470392,707.145,5914530489,5914530489,0
mcs50_m2Dr6_s90.A01,mcs50_m2Dr6_s90.B01,dsb_never,52,50,9957375045,1000.02,1,34378148,2.35279,7415774947,7415774947,0
mcs50_m2Dr6_s90.A02,mcs50_m2Dr6_s90.B02,dsb_never,52,49,8460574786,1000.01,1,492548759,50.6935,5447081885,5447081885,0
mcs50_m2Dr6_s90.A03,mcs50_m2Dr6_s90.B03,dsb_never,53,47,9696479626,1000.02,1,881149628,80.9592,6253968690,6253968690,0
mcs50_m2Dr6_s90.A04,mcs50_m2Dr6_s90.B04,dsb_never,54,49,8908577553,1000.02,1,187295883,20.5851,5726552713,5726552713,0
mcs50_m2Dr6_s90.A05,mcs50_m2Dr6_s90.B05,dsb_never,52,51,9768202809,1000.01,1,49005456,4.61379,6907715637,6907715637,0
mcs50_m2Dr6_s90.A06,mcs50_m2Dr6_s90.B06,dsb_never,51,41,8927596825,1000.02,1,94621421,6.96581,5852372021,5852372021,0
mcs50_m2Dr6_s90.A07,mcs50_m2Dr6_s90.B07,dsb_never,53,47,8742584184,1000.01,1,6264880436,696.063,5537714396,5537714396,0
mcs50_m2Dr6_s90.A08,mcs50_m2Dr6_s90.B08,dsb_never,54,52,8072714546,1000.01,1,1764258221,208.905,5094917162,5094917162,0
mcs50_m2Dr6_s90.A09,mcs50_m2Dr6_s90.B09,dsb_never,52,48,8261792775,1000.01,1,1124093618,133.717,5001066967,5001066967,0
mcs50_m3D_s15.A00,mcs50_m3D_s15.B00,dsb_never,11,16,3774,0.000399205,0,63,1.40E-05,2374,2374,0
mcs50_m3D_s15.A01,mcs50_m3D_s15.B01,dsb_never,11,16,4060,0.000401204,0,435,4.62E-05,2516,2516,0
mcs50_m3D_s15.A02,mcs50_m3D_s15.B02,dsb_never,11,13,8972,0.000927875,0,3018,0.00029272,5764,5764,0
mcs50_m3D_s15.A03,mcs50_m3D_s15.B03,dsb_never,11,15,4869,0.000530097,0,422,5.47E-05,3080,3080,0
mcs50_m3D_s15.A04,mcs50_m3D_s15.B04,dsb_never,11,12,3660,0.000419681,0,179,2.40E-05,2395,2395,0
mcs50_m3D_s15.A05,mcs50_m3D_s15.B05,dsb_never,11,15,9072,0.000900694,0,4091,0.000385834,5615,5615,0
mcs50_m3D_s15.A06,mcs50_m3D_s15.B06,dsb_never,11,15,4893,0.000527389,0,12,7.34E-06,3054,3054,0
mcs50_m3D_s15.A07,mcs50_m3D_s15.B07,dsb_never,11,15,8111,0.00189728,0,12,1.48E-05,4992,4992,0
mcs50_m3D_s15.A08,mcs50_m3D_s15.B08,dsb_never,11,15,2048,0.000228543,0,26,9.10E-06,1316,1316,0
mcs50_m3D_s15.A09,mcs50_m3D_s15.B09,dsb_never,11,14,8053,0.000876407,0,2734,0.000285369,4985,4985,0
mcs50_m3D_s20.A00,mcs50_m3D_s20.B00,dsb_never,15,15,92650,0.0100912,0,91068,0.00990906,55838,55838,0
mcs50_m3D_s20.A01,mcs50_m3D_s20.B01,dsb_never,14,16,71130,0.00744674,0,3170,0.000284327,45615,45615,0
mcs50_m3D_s20.A02,mcs50_m3D_s20.B02,dsb_never,14,15,61235,0.00624699,0,2729,0.000243197,39828,39828,0
mcs50_m3D_s20.A03,mcs50_m3D_s20.B03,dsb_never,14,15,58194,0.0062708,0,122,2.63E-05,38237,38237,0
mcs50_m3D_s20.A04,mcs50_m3D_s20.B04,dsb_never,15,18,43326,0.00485367,0,32989,0.00369889,27381,27381,0
mcs50_m3D_s20.A05,mcs50_m3D_s20.B05,dsb_never,14,16,100126,0.0100087,0,31034,0.00306094,62501,62501,0
mcs50_m3D_s20.A06,mcs50_m3D_s20.B06,dsb_never,14,13,102089,0.0116115,0,2488,0.000271151,64896,64896,0
mcs50_m3D_s20.A07,mcs50_m3D_s20.B07,dsb_never,15,18,34373,0.00669432,0,26661,0.00502613,22634,22634,0
mcs50_m3D_s20.A08,mcs50_m3D_s20.B08,dsb_never,14,15,64654,0.00720062,0,968,0.000120311,40675,40675,0
mcs50_m3D_s20.A09,mcs50_m3D_s20.B09,dsb_never,14,16,87657,0.00927078,0,395,4.95E-05,55909,55909,0
mcs50_m3D_s50.A00,mcs50_m3D_s50.B00,dsb_never,33,31,8507924121,1000.01,1,316120252,35.5893,5471721741,5471721741,0
mcs50_m3D_s50.A01,mcs50_m3D_s50.B01,dsb_never,33,33,8492356337,1000.02,1,168568086,18.2157,5508862825,5508862825,0
mcs50_m3D_s50.A02,mcs50_m3D_s50.B02,dsb_never,33,38,8417264650,1000.02,1,2581068769,298.985,5340910272,5340910272,0
mcs50_m3D_s50.A03,mcs50_m3D_s50.B03,dsb_never,33,30,8653176909,1000.01,1,2539295715,285.728,5995635693,5995635693,0
mcs50_m3D_s50.A04,mcs50_m3D_s50.B04,dsb_never,33,47,8807323896,1000.02,1,585680,0.0718853,5850367692,5850367692,0
mcs50_m3D_s50.A05,mcs50_m3D_s50.B05,dsb_never,32,30,9060024977,1000.01,1,1899684629,196.619,5892726421,5892726421,0
mcs50_m3D_s50.A06,mcs50_m3D_s50.B06,dsb_never,33,43,8667713741,1000.01,1,2877381597,325.739,5690576914,5690576914,0
mcs50_m3D_s50.A07,mcs50_m3D_s50.B07,dsb_never,34,50,8730493976,1000.02,1,8376114630,955.831,5701507308,5701507308,0
mcs50_m3D_s50.A08,mcs50_m3D_s50.B08,dsb_never,33,38,8671053591,1000.02,1,42920424,5.1614,5692916696,5692916696,0
mcs50_m3D_s50.A09,mcs50_m3D_s50.B09,dsb_never,32,33,4385328375,1000.02,1,232396275,50.6113,2830833019,2830833019,0
mcs50_m3D_s60.A00,mcs50_m3D_s60.B00,dsb_never,38,38,4014170674,1000.02,1,400944212,92.5619,2569912450,2569912450,0
mcs50_m3D_s60.A01,mcs50_m3D_s60.B01,dsb_never,38,45,8691376084,1000.02,1,2227269827,253.535,5620650221,5620650221,0
mcs50_m3D_s60.A02,mcs50_m3D_s60.B02,dsb_never,38,37,8424891872,1000.02,1,208733684,24.5665,5386912528,5386912528,0
mcs50_m3D_s60.A03,mcs50_m3D_s60.B03,dsb_never,37,36,8966218959,1000.01,1,1008878482,109.574,5802997418,5802997418,0
mcs50_m3D_s60.A04,mcs50_m3D_s60.B04,dsb_never,38,40,8638014528,1000.02,1,145992499,15.8345,5649000338,5649000338,0
mcs50_m3D_s60.A05,mcs50_m3D_s60.B05,dsb_never,39,47,8336218853,1000.02,1,1776447352,203.161,5325990305,5325990305,0
mcs50_m3D_s60.A06,mcs50_m3D_s60.B06,dsb_never,39,34,8695035117,1000.01,1,716593304,82.133,5737029644,5737029644,0
mcs50_m3D_s60.A07,mcs50_m3D_s60.B07,dsb_never,38,41,8368406016,1000.02,1,27416266,3.09836,5354237542,5354237542,0
mcs50_m3D_s60.A08,mcs50_m3D_s60.B08,dsb_never,38,36,4339425246,1000.02,1,455743094,102.977,2789804163,2789804163,0
mcs50_m3D_s60.A09,mcs50_m3D_s60.B09,dsb_never,39,41,8473496644,1000.02,1,1023070553,119.707,5405214576,5405214576,0
mcs50_m3Dr2_s15.A00,mcs50_m3Dr2_s15.B00,dsb_never,11,11,14309,0.00157619,0,14243,0.00154939,8996,8996,0
mcs50_m3Dr2_s15.A01,mcs50_m3Dr2_s15.B01,dsb_never,11,17,6127,0.00107933,0,2525,0.0006587,3991,3991,0
mcs50_m3Dr2_s15.A02,mcs50_m3Dr2_s15.B02,dsb_never,11,15,2764,0.000354633,0,239,3.18E-05,1881,1881,0
mcs50_m3Dr2_s15.A03,mcs50_m3Dr2_s15.B03,dsb_never,11,15,6964,0.00119528,0,960,0.000181134,4486,4486,0
mcs50_m3Dr2_s15.A04,mcs50_m3Dr2_s15.B04,dsb_never,11,14,5334,0.000665522,0,3096,0.000377489,3404,3404,0
mcs50_m3Dr2_s15.A05,mcs50_m3Dr2_s15.B05,dsb_never,11,13,5590,0.000592797,0,1514,0.000132331,3588,3588,0
mcs50_m3Dr2_s15.A06,mcs50_m3Dr2_s15.B06,dsb_never,11,12,7245,0.000820643,0,6010,0.000664288,4626,4626,0
mcs50_m3Dr2_s15.A07,mcs50_m3Dr2_s15.B07,dsb_never,11,14,5673,0.000655935,0,2003,0.000225869,3596,3596,0
mcs50_m3Dr2_s15.A08,mcs50_m3Dr2_s15.B08,dsb_never,11,14,5017,0.000881315,0,558,6.55E-05,3174,3174,0
mcs50_m3Dr2_s15.A09,mcs50_m3Dr2_s15.B09,dsb_never,11,13,5690,0.00094483,0,4583,0.000794674,3658,3658,0
mcs50_m3Dr2_s20.A00,mcs50_m3Dr2_s20.B00,dsb_never,14,14,87625,0.00987138,0,45568,0.00503678,55501,55501,0
mcs50_m3Dr2_s20.A01,mcs50_m3Dr2_s20.B01,dsb_never,14,18,52652,0.00582934,0,13258,0.00147479,34310,34310,0
mcs50_m3Dr2_s20.A02,mcs50_m3Dr2_s20.B02,dsb_never,14,14,138826,0.0151173,0,118669,0.0129774,88145,88145,0
mcs50_m3Dr2_s20.A03,mcs50_m3Dr2_s20.B03,dsb_never,14,15,95018,0.0103276,0,6015,0.000634473,59272,59272,0
mcs50_m3Dr2_s20.A04,mcs50_m3Dr2_s20.B04,dsb_never,14,17,120511,0.0140691,0,34981,0.00411316,74606,74606,0
mcs50_m3Dr2_s20.A05,mcs50_m3Dr2_s20.B05,dsb_never,14,13,72611,0.00811245,0,36027,0.00369917,45211,45211,0
mcs50_m3Dr2_s20.A06,mcs50_m3Dr2_s20.B06,dsb_never,14,15,41264,0.00458848,0,7447,0.000793528,26517,26517,0
mcs50_m3Dr2_s20.A07,mcs50_m3Dr2_s20.B07,dsb_never,14,16,82649,0.00899996,0,45184,0.00481348,52413,52413,0
mcs50_m3Dr2_s20.A08,mcs50_m3Dr2_s20.B08,dsb_never,14,17,39657,0.00455441,0,561,7.18E-05,25674,25674,0
mcs50_m3Dr2_s20.A09,mcs50_m3Dr2_s20.B09,dsb_never,14,14,58880,0.00689644,0,5565,0.000578519,38212,38212,0
mcs50_m3Dr2_s50.A00,mcs50_m3Dr2_s50.B00,dsb_never,32,54,8358364421,1000.02,1,9720714,1.19786,5426150740,5426150740,0
mcs50_m3Dr2_s50.A01,mcs50_m3Dr2_s50.B01,dsb_never,31,33,8488873319,1000.01,1,788138060,89.8478,5398752740,5398752740,0
mcs50_m3Dr2_s50.A02,mcs50_m3Dr2_s50.B02,dsb_never,32,33,8819339286,1000.01,1,4037255622,459.691,5919638038,5919638038,0
mcs50_m3Dr2_s50.A03,mcs50_m3Dr2_s50.B03,dsb_never,32,30,8339680956,1000.01,1,1152506881,130.61,5500524394,5500524394,0
mcs50_m3Dr2_s50.A04,mcs50_m3Dr2_s50.B04,dsb_never,32,29,8622344579,1000.01,1,993291344,113.425,5623921773,5623921773,0
mcs50_m3Dr2_s50.A05,mcs50_m3Dr2_s50.B05,dsb_never,31,34,8595294262,1000.02,1,1308568918,144.058,5662342338,5662342338,0
mcs50_m3Dr2_s50.A06,mcs50_m3Dr2_s50.B06,dsb_never,32,31,7447797102,1000.01,1,575336065,77.2667,4949008530,4949008530,0
mcs50_m3Dr2_s50.A07,mcs50_m3Dr2_s50.B07,dsb_never,32,31,8311755326,1000.02,1,292770383,34.3675,5489660910,5489660910,0
mcs50_m3Dr2_s50.A08,mcs50_m3Dr2_s50.B08,dsb_never,33,29,8514731779,1000.02,1,2039481508,228.235,5778307501,5778307501,0
mcs50_m3Dr2_s50.A09,mcs50_m3Dr2_s50.B09,dsb_never,32,29,8661961500,1000.02,1,1486829302,170.13,5805299870,5805299870,0
mcs50_m3Dr2_s60.A00,mcs50_m3Dr2_s60.B00,dsb_never,37,36,8278810784,1000.02,1,46411078,5.26325,5328957351,5328957351,0
mcs50_m3Dr2_s60.A01,mcs50_m3Dr2_s60.B01,dsb_never,37,32,8858861215,1000.01,1,8854562024,999.512,5827532258,5827532258,0
mcs50_m3Dr2_s60.A02,mcs50_m3Dr2_s60.B02,dsb_never,37,39,8591244874,1000.01,1,691656066,78.2053,5661921709,5661921709,0
mcs50_m3Dr2_s60.A03,mcs50_m3Dr2_s60.B03,dsb_never,37,33,8719064236,1000.02,1,3313620807,367.791,5801476735,5801476735,0
mcs50_m3Dr2_s60.A04,mcs50_m3Dr2_s60.B04,dsb_never,37,38,8284679456,1000.02,1,550658925,62.7614,5328288403,5328288403,0
mcs50_m3Dr2_s60.A05,mcs50_m3Dr2_s60.B05,dsb_never,37,37,8709502303,1000.02,1,5997312172,680.43,5579957369,5579957369,0
mcs50_m3Dr2_s60.A06,mcs50_m3Dr2_s60.B06,dsb_never,37,33,8957126349,1000.02,1,690596199,72.9645,5736429231,5736429231,0
mcs50_m3Dr2_s60.A07,mcs50_m3Dr2_s60.B07,dsb_never,37,39,8494619986,1000.01,1,762374003,86.7822,5370720376,5370720376,0
mcs50_m3Dr2_s60.A08,mcs50_m3Dr2_s60.B08,dsb_never,37,40,8400226769,1000.01,1,2983115650,351.056,5408920366,5408920366,0
mcs50_m3Dr2_s60.A09,mcs50_m3Dr2_s60.B09,dsb_never,37,33,8658378383,1000.01,1,1749325482,188.462,5613950815,5613950815,0
mcs50_m3Dr4_s15.A00,mcs50_m3Dr4_s15.B00,dsb_never,10,14,13180,0.00146037,0,11,6.20E-06,8384,8384,0
mcs50_m3Dr4_s15.A01,mcs50_m3Dr4_s15.B01,dsb_never,11,12,5151,0.000608558,0,1446,0.00016616,3361,3361,0
mcs50_m3Dr4_s15.A02,mcs50_m3Dr4_s15.B02,dsb_never,10,14,9699,0.00126868,0,265,3.27E-05,6183,6183,0
mcs50_m3Dr4_s15.A03,mcs50_m3Dr4_s15.B03,dsb_never,11,16,6245,0.000687954,0,4330,0.000462155,3954,3954,0
mcs50_m3Dr4_s15.A04,mcs50_m3Dr4_s15.B04,dsb_never,11,15,9824,0.00107135,0,8296,0.000866706,6039,6039,0
mcs50_m3Dr4_s15.A05,mcs50_m3Dr4_s15.B05,dsb_never,10,16,16184,0.00177957,0,11,1.66E-05,10406,10406,0
mcs50_m3Dr4_s15.A06,mcs50_m3Dr4_s15.B06,dsb_never,10,15,7159,0.00174688,0,31,1.66E-05,4594,4594,0
mcs50_m3Dr4_s15.A07,mcs50_m3Dr4_s15.B07,dsb_never,11,17,7052,0.00165838,0,5526,0.00126771,4401,4401,0
mcs50_m3Dr4_s15.A08,mcs50_m3Dr4_s15.B08,dsb_never,11,14,10703,0.00114667,0,8305,0.000872603,6592,6592,0
mcs50_m3Dr4_s15.A09,mcs50_m3Dr4_s15.B09,dsb_never,10,14,8771,0.00101897,0,186,2.79E-05,5658,5658,0
mcs50_m3Dr4_s20.A00,mcs50_m3Dr4_s20.B00,dsb_never,13,19,155908,0.0182228,0,6353,0.000705783,99207,99207,0
mcs50_m3Dr4_s20.A01,mcs50_m3Dr4_s20.B01,dsb_never,14,18,55217,0.00693743,0,20549,0.00242323,35491,35491,0
mcs50_m3Dr4_s20.A02,mcs50_m3Dr4_s20.B02,dsb_never,13,15,107717,0.0116445,0,25348,0.00249196,71377,71377,0
mcs50_m3Dr4_s20.A03,mcs50_m3Dr4_s20.B03,dsb_never,13,15,123930,0.0145801,0,9676,0.00108136,78695,78695,0
mcs50_m3Dr4_s20.A04,mcs50_m3Dr4_s20.B04,dsb_never,14,13,55964,0.00672301,0,13520,0.0015513,35583,35583,0
mcs50_m3Dr4_s20.A05,mcs50_m3Dr4_s20.B05,dsb_never,14,18,70499,0.00858082,0,23597,0.00284357,44897,44897,0
mcs50_m3Dr4_s20.A06,mcs50_m3Dr4_s20.B06,dsb_never,13,12,135569,0.0152904,0,22876,0.00225505,88202,88202,0
mcs50_m3Dr4_s20.A07,mcs50_m3Dr4_s20.B07,dsb_never,14,19,113409,0.0126977,0,92240,0.0102363,70616,70616,0
mcs50_m3Dr4_s20.A08,mcs50_m3Dr4_s20.B08,dsb_never,14,15,136477,0.0152844,0,119471,0.0133157,85436,85436,0
mcs50_m3Dr4_s20.A09,mcs50_m3Dr4_s20.B09,dsb_never,13,17,154237,0.0161391,0,35,1.28E-05,99259,99259,0
mcs50_m3Dr4_s50.A00,mcs50_m3Dr4_s50.B00,dsb_never,31,30,4067496588,1000.02,1,196954594,46.94,2685380670,2685380670,0
mcs50_m3Dr4_s50.A01,mcs50_m3Dr4_s50.B01,dsb_never,31,34,4015316404,1000.02,1,447994702,112.275,2641090731,2641090731,0
mcs50_m3Dr4_s50.A02,mcs50_m3Dr4_s50.B02,dsb_never,31,31,8312822277,1000.02,1,3584366775,419.731,5474973612,5474973612,0
mcs50_m3Dr4_s50.A03,mcs50_m3Dr4_s50.B03,dsb_never,31,32,8135049722,1000.02,1,569898346,71.9671,5404954698,5404954698,0
mcs50_m3Dr4_s50.A04,mcs50_m3Dr4_s50.B04,dsb_never,32,31,8111074986,1000.01,1,5739543423,696.553,5487223701,5487223701,0
mcs50_m3Dr4_s50.A05,mcs50_m3Dr4_s50.B05,dsb_never,31,28,8276408721,1000.01,1,7633138800,919.684,5354949303,5354949303,0
mcs50_m3Dr4_s50.A06,mcs50_m3Dr4_s50.B06,dsb_never,31,30,8257511813,1000.02,1,2409345984,276.299,5441908038,5441908038,0
mcs50_m3Dr4_s50.A07,mcs50_m3Dr4_s50.B07,dsb_never,31,35,8113271517,1000.02,1,4392612422,532.822,5272597822,5272597822,0
mcs50_m3Dr4_s50.A08,mcs50_m3Dr4_s50.B08,dsb_never,30,31,8249599219,1000.02,1,270142736,30.9737,5397735876,5397735876,0
mcs50_m3Dr4_s50.A09,mcs50_m3Dr4_s50.B09,dsb_never,31,33,8675157672,1000.02,1,1346737723,153.413,5706097024,5706097024,0
mcs50_m3Dr4_s60.A00,mcs50_m3Dr4_s60.B00,dsb_never,36,35,8396284012,1000.01,1,1098235856,126.078,5408783099,5408783099,0
mcs50_m3Dr4_s60.A01,mcs50_m3Dr4_s60.B01,dsb_never,36,35,7884671297,1000.02,1,1080889021,132.087,5020101806,5020101806,0
mcs50_m3Dr4_s60.A02,mcs50_m3Dr4_s60.B02,dsb_never,36,40,7888818039,1000.01,1,3940252337,483.761,5140642820,5140642820,0
mcs50_m3Dr4_s60.A03,mcs50_m3Dr4_s60.B03,dsb_never,36,38,8065160067,1000.01,1,1589027770,185.917,5128835881,5128835881,0
mcs50_m3Dr4_s60.A04,mcs50_m3Dr4_s60.B04,dsb_never,37,38,7903247551,1000.01,1,1813683366,226.951,5081460855,5081460855,0
mcs50_m3Dr4_s60.A05,mcs50_m3Dr4_s60.B05,dsb_never,36,39,8305666365,1000.01,1,3121860678,365.625,5333981827,5333981827,0
mcs50_m3Dr4_s60.A06,mcs50_m3Dr4_s60.B06,dsb_never,36,33,7554447583,1000.02,1,4833371160,632.79,4849029691,4849029691,0
mcs50_m3Dr4_s60.A07,mcs50_m3Dr4_s60.B07,dsb_never,36,37,7125684051,1000.02,1,362450786,45.7478,4600575205,4600575205,0
mcs50_m3Dr4_s60.A08,mcs50_m3Dr4_s60.B08,dsb_never,36,38,8197703332,1000.01,1,1403084747,161.443,5270416053,5270416053,0
mcs50_m3Dr4_s60.A09,mcs50_m3Dr4_s60.B09,dsb_never,35,36,8577179405,1000.01,1,7571163884,880.381,5581486509,5581486509,0
mcs50_m3Dr6_s15.A00,mcs50_m3Dr6_s15.B00,dsb_never,11,15,3239,0.000435105,0,2450,0.000306933,2113,2113,0
mcs50_m3Dr6_s15.A01,mcs50_m3Dr6_s15.B01,dsb_never,11,17,4441,0.000548005,0,1412,0.000164187,2974,2974,0
mcs50_m3Dr6_s15.A02,mcs50_m3Dr6_s15.B02,dsb_never,10,13,7374,0.00100525,0,370,4.77E-05,4709,4709,0
mcs50_m3Dr6_s15.A03,mcs50_m3Dr6_s15.B03,dsb_never,10,11,6406,0.000762576,0,875,9.43E-05,4143,4143,0
mcs50_m3Dr6_s15.A04,mcs50_m3Dr6_s15.B04,dsb_never,10,13,25552,0.0059589,0,1754,0.000386258,15481,15481,0
mcs50_m3Dr6_s15.A05,mcs50_m3Dr6_s15.B05,dsb_never,10,15,11904,0.00283882,0,11,1.44E-05,7814,7814,0
mcs50_m3Dr6_s15.A06,mcs50_m3Dr6_s15.B06,dsb_never,10,12,10278,0.00119991,0,940,0.000110505,6451,6451,0
mcs50_m3Dr6_s15.A07,mcs50_m3Dr6_s15.B07,dsb_never,10,14,17751,0.00214542,0,1175,0.000138657,11160,11160,0
mcs50_m3Dr6_s15.A08,mcs50_m3Dr6_s15.B08,dsb_never,10,14,7529,0.000919448,0,1150,0.000135713,4888,4888,0
mcs50_m3Dr6_s15.A09,mcs50_m3Dr6_s15.B09,dsb_never,10,15,5901,0.000689973,0,302,3.69E-05,3945,3945,0
mcs50_m3Dr6_s20.A00,mcs50_m3Dr6_s20.B00,dsb_never,14,16,128130,0.0156584,0,110933,0.0136012,80719,80719,0
mcs50_m3Dr6_s20.A01,mcs50_m3Dr6_s20.B01,dsb_never,14,18,101153,0.012176,0,53367,0.00649987,63046,63046,0
mcs50_m3Dr6_s20.A02,mcs50_m3Dr6_s20.B02,dsb_never,14,17,143143,0.0170406,0,129345,0.0153534,89930,89930,0
mcs50_m3Dr6_s20.A03,mcs50_m3Dr6_s20.B03,dsb_never,14,15,79327,0.00953882,0,64522,0.00759105,50648,50648,0
mcs50_m3Dr6_s20.A04,mcs50_m3Dr6_s20.B04,dsb_never,13,15,151686,0.0176698,0,37427,0.00406459,96496,96496,0
mcs50_m3Dr6_s20.A05,mcs50_m3Dr6_s20.B05,dsb_never,13,18,92909,0.0112146,0,9245,0.00107023,59508,59508,0
mcs50_m3Dr6_s20.A06,mcs50_m3Dr6_s20.B06,dsb_never,14,19,55741,0.0069454,0,26424,0.00311374,36109,36109,0
mcs50_m3Dr6_s20.A07,mcs50_m3Dr6_s20.B07,dsb_never,13,18,201454,0.0226128,0,31173,0.00327991,126087,126087,0
mcs50_m3Dr6_s20.A08,mcs50_m3Dr6_s20.B08,dsb_never,13,18,133908,0.0165355,0,37297,0.00441617,85958,85958,0
mcs50_m3Dr6_s20.A09,mcs50_m3Dr6_s20.B09,dsb_never,14,14,160193,0.037288,0,155822,0.0361608,101773,101773,0
mcs50_m3Dr6_s50.A00,mcs50_m3Dr6_s50.B00,dsb_never,30,31,3881057773,1000.02,1,1798726269,453.19,2511813359,2511813359,0
mcs50_m3Dr6_s50.A01,mcs50_m3Dr6_s50.B01,dsb_never,29,30,7930575663,1000.02,1,869014366,108.963,5176396795,5176396795,0
mcs50_m3Dr6_s50.A02,mcs50_m3Dr6_s50.B02,dsb_never,31,68,7757672223,1000.01,1,33,3.27E-05,5087200239,5087200239,0
mcs50_m3Dr6_s50.A03,mcs50_m3Dr6_s50.B03,dsb_never,30,46,7892137669,1000.01,1,62935264,7.97807,5169918945,5169918945,0
mcs50_m3Dr6_s50.A04,mcs50_m3Dr6_s50.B04,dsb_never,30,28,8300789090,1000.02,1,642341257,73.4799,5525384871,5525384871,0
mcs50_m3Dr6_s50.A05,mcs50_m3Dr6_s50.B05,dsb_never,30,65,8164997832,1000.01,1,42,3.40E-05,5307650954,5307650954,0
mcs50_m3Dr6_s50.A06,mcs50_m3Dr6_s50.B06,dsb_never,30,61,7700287537,1000.01,1,1249,0.00012655,4963352036,4963352036,0
mcs50_m3Dr6_s50.A07,mcs50_m3Dr6_s50.B07,dsb_never,31,28,7816297719,1000.02,1,1461405602,174.83,5143650476,5143650476,0
mcs50_m3Dr6_s50.A08,mcs50_m3Dr6_s50.B08,dsb_never,30,32,8131735427,1000.02,1,993970422,119.802,5266772472,5266772472,0
mcs50_m3Dr6_s50.A09,mcs50_m3Dr6_s50.B09,dsb_never,29,28,8422916641,1000.01,1,142315426,16.8831,5637629321,5637629321,0
mcs50_m3Dr6_s60.A00,mcs50_m3Dr6_s60.B00,dsb_never,34,34,8216329953,1000.02,1,80717013,10.5639,5333062652,5333062652,0
mcs50_m3Dr6_s60.A01,mcs50_m3Dr6_s60.B01,dsb_never,35,35,8309732971,1000.01,1,309910627,32.9964,5458616057,5458616057,0
mcs50_m3Dr6_s60.A02,mcs50_m3Dr6_s60.B02,dsb_never,35,37,7896398558,1000.02,1,1990581526,246.099,5146694435,5146694435,0
mcs50_m3Dr6_s60.A03,mcs50_m3Dr6_s60.B03,dsb_never,35,35,8275706549,1000.02,1,7825923752,943.666,5269250930,5269250930,0
mcs50_m3Dr6_s60.A04,mcs50_m3Dr6_s60.B04,dsb_never,35,36,4212461564,1000.02,1,1398824166,338.456,2799019663,2799019663,0
mcs50_m3Dr6_s60.A05,mcs50_m3Dr6_s60.B05,dsb_never,34,32,8687499520,1000.01,1,239309796,25.5175,5602706123,5602706123,0
mcs50_m3Dr6_s60.A06,mcs50_m3Dr6_s60.B06,dsb_never,35,33,4095293789,1000.02,1,79408363,18.1266,2674855629,2674855629,0
mcs50_m3Dr6_s60.A07,mcs50_m3Dr6_s60.B07,dsb_never,34,33,8536677699,1000.02,1,66461472,7.63505,5679336795,5679336795,0
mcs50_m3Dr6_s60.A08,mcs50_m3Dr6_s60.B08,dsb_never,34,35,6909465179,1000.01,1,1045882306,142.823,4446731271,4446731271,0
mcs50_m3Dr6_s60.A09,mcs50_m3Dr6_s60.B09,dsb_never,35,37,7875550820,1000.02,1,194638844,23.7744,4989856693,4989856693,0
mcs50_m4D_s30.A00,mcs50_m4D_s30.B00,dsb_never,23,21,870974,0.0841016,0,479183,0.0436333,619176,619176,0
mcs50_m4D_s30.A01,mcs50_m4D_s30.B01,dsb_never,22,33,2788346,0.272909,0,133119,0.011092,1981422,1981422,0
mcs50_m4D_s30.A02,mcs50_m4D_s30.B02,dsb_never,23,25,791178,0.0685605,0,293644,0.0245489,555873,555873,0
mcs50_m4D_s30.A03,mcs50_m4D_s30.B03,dsb_never,22,30,1654424,0.192902,0,115851,0.00813887,1195497,1195497,0
mcs50_m4D_s30.A04,mcs50_m4D_s30.B04,dsb_never,23,20,2618769,0.236303,0,2588676,0.233178,1790527,1790527,0
mcs50_m4D_s30.A05,mcs50_m4D_s30.B05,dsb_never,22,24,4096544,0.351082,0,1846525,0.16594,2905685,2905685,0
mcs50_m4D_s30.A06,mcs50_m4D_s30.B06,dsb_never,22,20,3897250,0.344194,0,885793,0.0718583,2743895,2743895,0
mcs50_m4D_s30.A07,mcs50_m4D_s30.B07,dsb_never,23,26,1777477,0.155043,0,1451494,0.123096,1294910,1294910,0
mcs50_m4D_s30.A08,mcs50_m4D_s30.B08,dsb_never,23,21,3205864,0.288848,0,3066950,0.275044,2209138,2209138,0
mcs50_m4D_s30.A09,mcs50_m4D_s30.B09,dsb_never,22,28,1937221,0.177755,0,90607,0.00860019,1350243,1350243,0
mcs50_m4D_s35.A00,mcs50_m4D_s35.B00,dsb_never,26,35,30499515,2.9021,0,2606090,0.229298,20906479,20906479,0
mcs50_m4D_s35.A01,mcs50_m4D_s35.B01,dsb_never,26,23,52689433,4.50389,0,38868353,3.21601,37197970,37197970,0
mcs50_m4D_s35.A02,mcs50_m4D_s35.B02,dsb_never,27,24,5076297,0.495274,0,4142176,0.396689,3406284,3406284,0
mcs50_m4D_s35.A03,mcs50_m4D_s35.B03,dsb_never,27,39,1295054,0.134107,0,71142,0.00722176,863568,863568,0
mcs50_m4D_s35.A04,mcs50_m4D_s35.B04,dsb_never,26,25,29211247,2.80518,0,18960987,1.78511,20826045,20826045,0
mcs50_m4D_s35.A05,mcs50_m4D_s35.B05,dsb_never,26,22,18586670,1.72898,0,7492973,0.675437,13251371,13251371,0
mcs50_m4D_s35.A06,mcs50_m4D_s35.B06,dsb_never,26,27,8733401,0.798784,0,1340998,0.0934332,6102245,6102245,0
mcs50_m4D_s35.A07,mcs50_m4D_s35.B07,dsb_never,26,23,37261863,3.47399,0,12329458,1.10444,27083149,27083149,0
mcs50_m4D_s35.A08,mcs50_m4D_s35.B08,dsb_never,26,27,33644702,3.21383,0,8389601,0.753564,24434656,24434656,0
mcs50_m4D_s35.A09,mcs50_m4D_s35.B09,dsb_never,26,22,37089935,3.29564,0,20098590,1.73986,26965743,26965743,0
mcs50_m4D_s40.A00,mcs50_m4D_s40.B00,dsb_never,31,29,67688321,6.28681,0,50719057,4.53715,48176324,48176324,0
mcs50_m4D_s40.A01,mcs50_m4D_s40.B01,dsb_never,30,26,211979780,21.2286,0,157776895,15.9172,153389446,153389446,0
mcs50_m4D_s40.A02,mcs50_m4D_s40.B02,dsb_never,30,25,294684626,28.1148,0,218959487,20.4794,206654805,206654805,0
mcs50_m4D_s40.A03,mcs50_m4D_s40.B03,dsb_never,30,22,271748038,28.5198,0,236325174,24.7079,199643126,199643126,0
mcs50_m4D_s40.A04,mcs50_m4D_s40.B04,dsb_never,30,30,380433510,38.0766,0,290775387,28.9212,267702363,267702363,0
mcs50_m4D_s40.A05,mcs50_m4D_s40.B05,dsb_never,30,25,93988258,9.37954,0,31126581,2.92379,68926021,68926021,0
mcs50_m4D_s40.A06,mcs50_m4D_s40.B06,dsb_never,30,29,189527474,20.8994,0,90500581,8.64753,141456304,141456304,0
mcs50_m4D_s40.A07,mcs50_m4D_s40.B07,dsb_never,30,24,1011165030,98.4535,0,832218712,79.1128,744294474,744294474,0
mcs50_m4D_s40.A08,mcs50_m4D_s40.B08,dsb_never,30,24,277347932,26.3722,0,259564166,24.4759,198522212,198522212,0
mcs50_m4D_s40.A09,mcs50_m4D_s40.B09,dsb_never,30,20,72726813,7.75404,0,17301973,1.61278,53645570,53645570,0
mcs50_m4Dr2_s30.A00,mcs50_m4Dr2_s30.B00,dsb_never,22,24,4804447,0.45591,0,4332429,0.407665,3310780,3310780,0
mcs50_m4Dr2_s30.A01,mcs50_m4Dr2_s30.B01,dsb_never,21,35,5852475,0.557371,0,381294,0.0345988,4162071,4162071,0
mcs50_m4Dr2_s30.A02,mcs50_m4Dr2_s30.B02,dsb_never,21,23,4992044,0.486742,0,257742,0.0249434,3455048,3455048,0
mcs50_m4Dr2_s30.A03,mcs50_m4Dr2_s30.B03,dsb_never,22,25,2725804,0.272644,0,2495448,0.250314,1858468,1858468,0
mcs50_m4Dr2_s30.A04,mcs50_m4Dr2_s30.B04,dsb_never,21,27,3683863,0.372224,0,417769,0.0424433,2572220,2572220,0
mcs50_m4Dr2_s30.A05,mcs50_m4Dr2_s30.B05,dsb_never,22,35,1057027,0.134062,0,34627,0.00402254,738571,738571,0
mcs50_m4Dr2_s30.A06,mcs50_m4Dr2_s30.B06,dsb_never,22,24,1491501,0.158128,0,1073218,0.1133,986467,986467,0
mcs50_m4Dr2_s30.A07,mcs50_m4Dr2_s30.B07,dsb_never,21,32,6561782,0.646298,0,464649,0.0407229,4574002,4574002,0
mcs50_m4Dr2_s30.A08,mcs50_m4Dr2_s30.B08,dsb_never,22,22,3895726,0.384719,0,3580947,0.351468,2676142,2676142,0
mcs50_m4Dr2_s30.A09,mcs50_m4Dr2_s30.B09,dsb_never,22,18,2819886,0.288404,0,2702830,0.275917,1843422,1843422,0
mcs50_m4Dr2_s35.A00,mcs50_m4Dr2_s35.B00,dsb_never,25,29,42012228,4.31858,0,825899,0.0663959,29014939,29014939,0
mcs50_m4Dr2_s35.A01,mcs50_m4Dr2_s35.B01,dsb_never,25,28,49059268,4.99404,0,556793,0.0517462,34428517,34428517,0
mcs50_m4Dr2_s35.A02,mcs50_m4Dr2_s35.B02,dsb_never,25,26,37560879,3.84735,0,12982084,1.26819,25130824,25130824,0
mcs50_m4Dr2_s35.A03,mcs50_m4Dr2_s35.B03,dsb_never,25,21,129266143,12.8115,0,126963816,12.5802,96954603,96954603,0
mcs50_m4Dr2_s35.A04,mcs50_m4Dr2_s35.B04,dsb_never,25,20,33425829,3.37103,0,17490527,1.68973,23779452,23779452,0
mcs50_m4Dr2_s35.A05,mcs50_m4Dr2_s35.B05,dsb_never,25,22,29793849,3.01192,0,4820756,0.458338,20566349,20566349,0
mcs50_m4Dr2_s35.A06,mcs50_m4Dr2_s35.B06,dsb_never,25,20,28599585,2.93601,0,2388506,0.22772,20492350,20492350,0
mcs50_m4Dr2_s35.A07,mcs50_m4Dr2_s35.B07,dsb_never,25,22,30540747,3.674,0,3367230,0.410887,21280670,21280670,0
mcs50_m4Dr2_s35.A08,mcs50_m4Dr2_s35.B08,dsb_never,25,23,47739031,4.84758,0,30836913,3.06338,33355772,33355772,0
mcs50_m4Dr2_s35.A09,mcs50_m4Dr2_s35.B09,dsb_never,26,25,19853315,1.91822,0,15985760,1.54031,13645937,13645937,0
mcs50_m4Dr2_s40.A00,mcs50_m4Dr2_s40.B00,dsb_never,29,23,247436457,25.5482,0,68997976,6.81514,172611239,172611239,0
mcs50_m4Dr2_s40.A01,mcs50_m4Dr2_s40.B01,dsb_never,29,25,401614503,42.0733,0,361135956,37.678,294307714,294307714,0
mcs50_m4Dr2_s40.A02,mcs50_m4Dr2_s40.B02,dsb_never,29,28,584602235,55.7914,0,446898392,42.3862,408961591,408961591,0
mcs50_m4Dr2_s40.A03,mcs50_m4Dr2_s40.B03,dsb_never,29,26,236111079,24.4616,0,43042376,4.20479,163713397,163713397,0
mcs50_m4Dr2_s40.A04,mcs50_m4Dr2_s40.B04,dsb_never,29,26,281106909,29.6666,0,165204870,16.7846,206619954,206619954,0
mcs50_m4Dr2_s40.A05,mcs50_m4Dr2_s40.B05,dsb_never,29,27,210521073,22.5025,0,28193332,2.88277,143539876,143539876,0
mcs50_m4Dr2_s40.A06,mcs50_m4Dr2_s40.B06,dsb_never,29,32,893700628,89.4921,0,844508753,84.4207,606691673,606691673,0
mcs50_m4Dr2_s40.A07,mcs50_m4Dr2_s40.B07,dsb_never,29,26,87080859,11.7797,0,37045245,4.83585,60434493,60434493,0
mcs50_m4Dr2_s40.A08,mcs50_m4Dr2_s40.B08,dsb_never,29,35,128088883,13.533,0,3384560,0.336965,89160777,89160777,0
mcs50_m4Dr2_s40.A09,mcs50_m4Dr2_s40.B09,dsb_never,28,24,814405745,78.6875,0,23776176,2.15899,581352262,581352262,0
mcs50_m4Dr4_s30.A00,mcs50_m4Dr4_s30.B00,dsb_never,20,18,12080248,1.20093,0,355541,0.0332778,8145209,8145209,0
mcs50_m4Dr4_s30.A01,mcs50_m4Dr4_s30.B01,dsb_never,21,20,6684873,0.709357,0,5564128,0.587043,4567281,4567281,0
mcs50_m4Dr4_s30.A02,mcs50_m4Dr4_s30.B02,dsb_never,21,27,5411646,0.602349,0,4012500,0.448617,3564954,3564954,0
mcs50_m4Dr4_s30.A03,mcs50_m4Dr4_s30.B03,dsb_never,21,22,8397861,0.894344,0,7478240,0.783909,5617385,5617385,0
mcs50_m4Dr4_s30.A04,mcs50_m4Dr4_s30.B04,dsb_never,21,29,1956330,0.226984,0,11499,0.00118102,1318692,1318692,0
mcs50_m4Dr4_s30.A05,mcs50_m4Dr4_s30.B05,dsb_never,21,27,1772445,0.203743,0,78298,0.00862562,1186191,1186191,0
mcs50_m4Dr4_s30.A06,mcs50_m4Dr4_s30.B06,dsb_never,21,24,1913458,0.209125,0,207330,0.0217461,1281299,1281299,0
mcs50_m4Dr4_s30.A07,mcs50_m4Dr4_s30.B07,dsb_never,21,22,5687051,0.578455,0,1493090,0.152678,3859248,3859248,0
mcs50_m4Dr4_s30.A08,mcs50_m4Dr4_s30.B08,dsb_never,20,20,17374956,1.78874,0,1772202,0.180784,11532086,11532086,0
mcs50_m4Dr4_s30.A09,mcs50_m4Dr4_s30.B09,dsb_never,20,37,12062652,1.2791,0,100811,0.0106988,8017874,8017874,0
mcs50_m4Dr4_s35.A00,mcs50_m4Dr4_s35.B00,dsb_never,24,24,83062015,8.63884,0,21396721,2.16928,55472158,55472158,0
mcs50_m4Dr4_s35.A01,mcs50_m4Dr4_s35.B01,dsb_never,24,28,45132819,4.86569,0,707246,0.0638576,32149044,32149044,0
mcs50_m4Dr4_s35.A02,mcs50_m4Dr4_s35.B02,dsb_never,25,21,27256414,2.8832,0,22254043,2.3216,19102348,19102348,0
mcs50_m4Dr4_s35.A03,mcs50_m4Dr4_s35.B03,dsb_never,24,24,41989316,4.50801,0,1736893,0.176883,28686460,28686460,0
mcs50_m4Dr4_s35.A04,mcs50_m4Dr4_s35.B04,dsb_never,24,22,35477779,3.80952,0,2278588,0.224663,23847105,23847105,0
mcs50_m4Dr4_s35.A05,mcs50_m4Dr4_s35.B05,dsb_never,24,25,89633901,9.5003,0,21422244,2.24161,61136680,61136680,0
mcs50_m4Dr4_s35.A06,mcs50_m4Dr4_s35.B06,dsb_never,25,25,52223151,5.33265,0,45820794,4.66403,35601354,35601354,0
mcs50_m4Dr4_s35.A07,mcs50_m4Dr4_s35.B07,dsb_never,25,22,41350634,5.59838,0,36979808,4.9116,29799470,29799470,0
mcs50_m4Dr4_s35.A08,mcs50_m4Dr4_s35.B08,dsb_never,24,30,79037295,7.90576,0,2166099,0.143816,57112443,57112443,0
mcs50_m4Dr4_s35.A09,mcs50_m4Dr4_s35.B09,dsb_never,25,26,25027481,2.83525,0,21323752,2.39448,17154377,17154377,0
mcs50_m4Dr4_s40.A00,mcs50_m4Dr4_s40.B00,dsb_never,28,24,302924012,32.1993,0,101563423,10.8517,209377821,209377821,0
mcs50_m4Dr4_s40.A01,mcs50_m4Dr4_s40.B01,dsb_never,28,24,163933423,18.3367,0,10237918,1.06762,111487772,111487772,0
mcs50_m4Dr4_s40.A02,mcs50_m4Dr4_s40.B02,dsb_never,28,24,551838965,58.5349,0,215973225,22.3524,384882807,384882807,0
mcs50_m4Dr4_s40.A03,mcs50_m4Dr4_s40.B03,dsb_never,28,29,539852580,58.6343,0,283991505,29.7465,367155438,367155438,0
mcs50_m4Dr4_s40.A04,mcs50_m4Dr4_s40.B04,dsb_never,28,27,511914096,54.6194,0,286866168,29.453,347983136,347983136,0
mcs50_m4Dr4_s40.A05,mcs50_m4Dr4_s40.B05,dsb_never,28,28,534298250,58.0337,0,134161000,14.401,370444348,370444348,0
mcs50_m4Dr4_s40.A06,mcs50_m4Dr4_s40.B06,dsb_never,28,24,1567042447,163.389,0,318529678,31.3672,1109328512,1109328512,0
mcs50_m4Dr4_s40.A07,mcs50_m4Dr4_s40.B07,dsb_never,28,23,785529832,97.6374,0,514478549,63.2011,530207569,530207569,0
mcs50_m4Dr4_s40.A08,mcs50_m4Dr4_s40.B08,dsb_never,28,29,620606113,66.4429,0,490698088,51.9613,435863907,435863907,0
mcs50_m4Dr4_s40.A09,mcs50_m4Dr4_s40.B09,dsb_never,28,26,587347947,64.1045,0,249054338,26.9837,395038496,395038496,0
mcs50_m4Dr6_s30.A00,mcs50_m4Dr6_s30.B00,dsb_never,20,30,6665204,0.722518,0,108077,0.0114699,4496930,4496930,0
mcs50_m4Dr6_s30.A01,mcs50_m4Dr6_s30.B01,dsb_never,21,35,2344905,0.26139,0,5407,0.000638383,1587451,1587451,0
mcs50_m4Dr6_s30.A02,mcs50_m4Dr6_s30.B02,dsb_never,20,29,10058516,1.05693,0,35938,0.00366553,6918277,6918277,0
mcs50_m4Dr6_s30.A03,mcs50_m4Dr6_s30.B03,dsb_never,21,22,3679238,0.382204,0,2204214,0.226199,2436922,2436922,0
mcs50_m4Dr6_s30.A04,mcs50_m4Dr6_s30.B04,dsb_never,20,30,6675524,1.47561,0,2467353,0.540058,4508391,4508391,0
mcs50_m4Dr6_s30.A05,mcs50_m4Dr6_s30.B05,dsb_never,20,21,9685271,0.993054,0,5607131,0.564013,6622984,6622984,0
mcs50_m4Dr6_s30.A06,mcs50_m4Dr6_s30.B06,dsb_never,20,21,12895737,1.36013,0,3917642,0.388405,8531161,8531161,0
mcs50_m4Dr6_s30.A07,mcs50_m4Dr6_s30.B07,dsb_never,20,31,8847790,0.991386,0,275086,0.0300262,5833553,5833553,0
mcs50_m4Dr6_s30.A08,mcs50_m4Dr6_s30.B08,dsb_never,20,20,5310022,0.546051,0,66358,0.00727785,3686379,3686379,0
mcs50_m4Dr6_s30.A09,mcs50_m4Dr6_s30.B09,dsb_never,20,19,6970476,0.810557,0,2466454,0.276953,4701841,4701841,0
mcs50_m4Dr6_s35.A00,mcs50_m4Dr6_s35.B00,dsb_never,24,22,28723191,3.27453,0,3354021,0.354892,19467720,19467720,0
mcs50_m4Dr6_s35.A01,mcs50_m4Dr6_s35.B01,dsb_never,24,24,48565513,5.75202,0,42361400,5.00107,32399228,32399228,0
mcs50_m4Dr6_s35.A02,mcs50_m4Dr6_s35.B02,dsb_never,24,23,44784361,5.04526,0,26778536,2.93596,29525724,29525724,0
mcs50_m4Dr6_s35.A03,mcs50_m4Dr6_s35.B03,dsb_never,24,26,20266430,2.30109,0,879152,0.0976511,13751046,13751046,0
mcs50_m4Dr6_s35.A04,mcs50_m4Dr6_s35.B04,dsb_never,24,22,100408562,10.952,0,90690662,9.90758,67137444,67137444,0
mcs50_m4Dr6_s35.A05,mcs50_m4Dr6_s35.B05,dsb_never,24,21,56761382,6.21203,0,50316650,5.50401,38996139,38996139,0
mcs50_m4Dr6_s35.A06,mcs50_m4Dr6_s35.B06,dsb_never,24,20,53637736,6.08194,0,49559133,5.6067,36051801,36051801,0
mcs50_m4Dr6_s35.A07,mcs50_m4Dr6_s35.B07,dsb_never,24,23,25915223,2.93703,0,6136977,0.683278,17468246,17468246,0
mcs50_m4Dr6_s35.A08,mcs50_m4Dr6_s35.B08,dsb_never,23,20,128328744,13.6702,0,42144923,4.31422,92247248,92247248,0
mcs50_m4Dr6_s35.A09,mcs50_m4Dr6_s35.B09,dsb_never,23,29,95798085,10.6616,0,37324,0.00367073,65791957,65791957,0
mcs50_m4Dr6_s40.A00,mcs50_m4Dr6_s40.B00,dsb_never,27,29,1036833017,116.246,0,679836648,74.7685,699050143,699050143,0
mcs50_m4Dr6_s40.A01,mcs50_m4Dr6_s40.B01,dsb_never,27,29,1087322809,115.749,0,72751922,7.75965,751435963,751435963,0
mcs50_m4Dr6_s40.A02,mcs50_m4Dr6_s40.B02,dsb_never,27,24,455698217,106.601,0,118170730,27.0978,311087784,311087784,0
mcs50_m4Dr6_s40.A03,mcs50_m4Dr6_s40.B03,dsb_never,28,24,274333639,30.9939,0,190557744,21.1107,183384395,183384395,0
mcs50_m4Dr6_s40.A04,mcs50_m4Dr6_s40.B04,dsb_never,27,30,374637464,40.9225,0,4405403,0.443627,262610520,262610520,0
mcs50_m4Dr6_s40.A05,mcs50_m4Dr6_s40.B05,dsb_never,27,25,924890132,104.907,0,281448115,31.5374,618368146,618368146,0
mcs50_m4Dr6_s40.A06,mcs50_m4Dr6_s40.B06,dsb_never,27,26,713048120,76.4326,0,98706964,10.3907,509391330,509391330,0
mcs50_m4Dr6_s40.A07,mcs50_m4Dr6_s40.B07,dsb_never,27,26,415907425,46.6163,0,8640562,0.926022,292843913,292843913,0
mcs50_m4Dr6_s40.A08,mcs50_m4Dr6_s40.B08,dsb_never,27,28,1349733904,150.828,0,732226315,81.3513,891457779,891457779,0
mcs50_m4Dr6_s40.A09,mcs50_m4Dr6_s40.B09,dsb_never,28,29,1012035061,110.979,0,1006474880,110.319,702753602,702753602,0
mcs50_r001_s100.A00,mcs50_r001_s100.B00,dsb_never,74,59,12085378807,1000.02,1,276335491,13.0508,9256848649,9256848649,0
mcs50_r001_s100.A01,mcs50_r001_s100.B01,dsb_never,65,46,32702944798,1000.02,1,1045485610,32.1309,24428729990,24428729990,0
mcs50_r001_s100.A02,mcs50_r001_s100.B02,dsb_never,69,53,18739107215,1000.02,1,868226816,43.1888,14235465745,14235465745,0
mcs50_r001_s100.A03,mcs50_r001_s100.B03,dsb_never,74,59,12602359930,1000.02,1,6271864262,322.738,9713150127,9713150127,0
mcs50_r001_s100.A04,mcs50_r001_s100.B04,dsb_never,70,53,28358320224,1000.02,1,1426853,0.148434,23632416984,23632416984,0
mcs50_r001_s100.A05,mcs50_r001_s100.B05,dsb_never,67,49,32772553058,1000.02,1,62689470,3.57607,24588414681,24588414681,0
mcs50_r001_s100.A06,mcs50_r001_s100.B06,dsb_never,68,54,23993178363,1000.01,1,360610638,27.3608,20298959744,20298959744,0
mcs50_r001_s100.A07,mcs50_r001_s100.B07,dsb_never,66,48,29915412584,1000.02,1,78162,0.00552457,22557498190,22557498190,0
mcs50_r001_s100.A08,mcs50_r001_s100.B08,dsb_never,74,63,15452343236,1000.02,1,9715394504,332.484,12026524240,12026524240,0
mcs50_r001_s100.A09,mcs50_r001_s100.B09,dsb_never,69,56,30830241538,1000.02,1,15902437,0.760841,23315317546,23315317546,0
mcs50_r005_s100.A00,mcs50_r005_s100.B00,dsb_never,39,49,6460548825,1000.02,1,191905680,28.6344,4032750038,4032750038,0
mcs50_r005_s100.A01,mcs50_r005_s100.B01,dsb_never,41,52,6638118148,1000.01,1,38812662,5.42292,4090379996,4090379996,0
mcs50_r005_s100.A02,mcs50_r005_s100.B02,dsb_never,41,56,6557516118,1000.02,1,695414105,98.3813,4041537340,4041537340,0
mcs50_r005_s100.A03,mcs50_r005_s100.B03,dsb_never,40,50,7135732016,1000.02,1,691209530,99.6205,4380460358,4380460358,0
mcs50_r005_s100.A04,mcs50_r005_s100.B04,dsb_never,41,50,6637423010,1000.02,1,3667441787,547.237,3950497080,3950497080,0
mcs50_r005_s100.A05,mcs50_r005_s100.B05,dsb_never,39,50,6820969676,1000.02,1,181811552,26.0389,4162079893,4162079893,0
mcs50_r005_s100.A06,mcs50_r005_s100.B06,dsb_never,40,51,6721286865,1000.02,1,63452163,8.85167,4172815992,4172815992,0
mcs50_r005_s100.A07,mcs50_r005_s100.B07,dsb_never,42,56,6596008998,1000.02,1,2756386332,411.162,4141011632,4141011632,0
mcs50_r005_s100.A08,mcs50_r005_s100.B08,dsb_never,41,50,6791281015,1000.02,1,35372870,4.79925,4310951282,4310951282,0
mcs50_r005_s100.A09,mcs50_r005_s100.B09,dsb_never,42,49,7008365439,1000.02,1,2006027324,276.088,4338933469,4338933469,0
mcs50_r005_s20.A00,mcs50_r005_s20.B00,dsb_never,16,16,11938,0.000909197,0,404,4.73E-05,8047,8047,0
mcs50_r005_s20.A01,mcs50_r005_s20.B01,dsb_never,16,13,19904,0.00200127,0,3279,0.000491219,12958,12958,0
mcs50_r005_s20.A02,mcs50_r005_s20.B02,dsb_never,16,14,21511,0.00171896,0,16241,0.00123278,14800,14800,0
mcs50_r005_s20.A03,mcs50_r005_s20.B03,dsb_never,16,15,12219,0.00123483,0,220,3.34E-05,8052,8052,0
mcs50_r005_s20.A04,mcs50_r005_s20.B04,dsb_never,16,14,6499,0.000635455,0,333,3.67E-05,4187,4187,0
mcs50_r005_s20.A05,mcs50_r005_s20.B05,dsb_never,16,15,13607,0.00117229,0,5963,0.000473954,8636,8636,0
mcs50_r005_s20.A06,mcs50_r005_s20.B06,dsb_never,16,13,14505,0.00117077,0,6407,0.000476815,9780,9780,0
mcs50_r005_s20.A07,mcs50_r005_s20.B07,dsb_never,16,15,13083,0.00124276,0,153,2.80E-05,9179,9179,0
mcs50_r005_s20.A08,mcs50_r005_s20.B08,dsb_never,16,14,13637,0.0012254,0,8973,0.000701808,9865,9865,0
mcs50_r005_s20.A09,mcs50_r005_s20.B09,dsb_never,16,15,15377,0.00127728,0,272,3.12E-05,9699,9699,0
mcs50_r005_s25.A00,mcs50_r005_s25.B00,dsb_never,19,16,305598,0.0254601,0,172663,0.0134453,209406,209406,0
mcs50_r005_s25.A01,mcs50_r005_s25.B01,dsb_never,20,14,136255,0.010764,0,121504,0.00945996,92294,92294,0
mcs50_r005_s25.A02,mcs50_r005_s25.B02,dsb_never,20,14,173231,0.0143686,0,164393,0.0134128,119514,119514,0
mcs50_r005_s25.A03,mcs50_r005_s25.B03,dsb_never,19,15,300057,0.0267452,0,63410,0.00512202,206898,206898,0
mcs50_r005_s25.A04,mcs50_r005_s25.B04,dsb_never,19,15,374171,0.0540696,0,48971,0.0059282,259289,259289,0
mcs50_r005_s25.A05,mcs50_r005_s25.B05,dsb_never,19,18,1155779,0.0776831,0,49464,0.00317903,793260,793260,0
mcs50_r005_s25.A06,mcs50_r005_s25.B06,dsb_never,20,18,211214,0.0184991,0,188394,0.016373,140181,140181,0
mcs50_r005_s25.A07,mcs50_r005_s25.B07,dsb_never,20,20,76732,0.00727096,0,23755,0.0022471,49668,49668,0
mcs50_r005_s25.A08,mcs50_r005_s25.B08,dsb_never,20,13,79148,0.0069202,0,69907,0.00605055,52525,52525,0
mcs50_r005_s25.A09,mcs50_r005_s25.B09,dsb_never,19,15,1114077,0.080281,0,974790,0.0684904,807546,807546,0
mcs50_r005_s30.A00,mcs50_r005_s30.B00,dsb_never,23,21,5180069,0.50196,0,4635290,0.446829,3463203,3463203,0
mcs50_r005_s30.A01,mcs50_r005_s30.B01,dsb_never,23,18,1026183,0.0969632,0,200370,0.0173268,701798,701798,0
mcs50_r005_s30.A02,mcs50_r005_s30.B02,dsb_never,23,19,1286558,0.112279,0,718481,0.0610497,879577,879577,0
mcs50_r005_s30.A03,mcs50_r005_s30.B03,dsb_never,23,21,1228406,0.122943,0,450078,0.0382177,824981,824981,0
mcs50_r005_s30.A04,mcs50_r005_s30.B04,dsb_never,23,19,2664651,0.275417,0,1299473,0.129138,1854132,1854132,0
mcs50_r005_s30.A05,mcs50_r005_s30.B05,dsb_never,23,19,2323470,0.227607,0,1532067,0.145275,1559780,1559780,0
mcs50_r005_s30.A06,mcs50_r005_s30.B06,dsb_never,22,18,8674216,0.588582,0,5654934,0.334261,6517115,6517115,0
mcs50_r005_s30.A07,mcs50_r005_s30.B07,dsb_never,23,20,1229098,0.117198,0,172995,0.0149116,835244,835244,0
mcs50_r005_s30.A08,mcs50_r005_s30.B08,dsb_never,23,20,1457196,0.13298,0,676964,0.0622871,946998,946998,0
mcs50_r005_s30.A09,mcs50_r005_s30.B09,dsb_never,22,21,10740981,0.971772,0,1157396,0.102414,7002301,7002301,0
mcs50_r005_s35.A00,mcs50_r005_s35.B00,dsb_never,26,23,32687991,6.58495,0,26102754,5.21151,21449358,21449358,0
mcs50_r005_s35.A01,mcs50_r005_s35.B01,dsb_never,26,24,23854515,2.4367,0,15958116,1.60526,16263020,16263020,0
mcs50_r005_s35.A02,mcs50_r005_s35.B02,dsb_never,25,19,84566861,8.23903,0,6702643,0.632328,56382434,56382434,0
mcs50_r005_s35.A03,mcs50_r005_s35.B03,dsb_never,26,23,12377043,1.39943,0,5807540,0.622882,8604557,8604557,0
mcs50_r005_s35.A04,mcs50_r005_s35.B04,dsb_never,26,25,9930886,1.26992,0,896437,0.0969123,6777926,6777926,0
mcs50_r005_s35.A05,mcs50_r005_s35.B05,dsb_never,26,25,29777637,3.00886,0,16943560,1.65299,19723809,19723809,0
mcs50_r005_s35.A06,mcs50_r005_s35.B06,dsb_never,25,24,133014575,13.6603,0,442982,0.0428285,87505417,87505417,0
mcs50_r005_s35.A07,mcs50_r005_s35.B07,dsb_never,26,23,52869518,5.25175,0,43598722,4.31498,34472351,34472351,0
mcs50_r005_s35.A08,mcs50_r005_s35.B08,dsb_never,26,25,29407723,2.80161,0,18669541,1.69733,19944437,19944437,0
mcs50_r005_s35.A09,mcs50_r005_s35.B09,dsb_never,25,23,122653935,12.1815,0,6035175,0.558959,79817118,79817118,0
mcs50_r005_s40.A00,mcs50_r005_s40.B00,dsb_never,28,23,1474866660,150.682,0,190967341,20.3911,1029296899,1029296899,0
mcs50_r005_s40.A01,mcs50_r005_s40.B01,dsb_never,29,24,837964321,177.849,0,798963565,169.371,588742024,588742024,0
mcs50_r005_s40.A02,mcs50_r005_s40.B02,dsb_never,28,28,1156965064,127.062,0,321638872,34.2628,770825821,770825821,0
mcs50_r005_s40.A03,mcs50_r005_s40.B03,dsb_never,28,27,1799130901,191.438,0,432093183,44.2494,1195430021,1195430021,0
mcs50_r005_s40.A04,mcs50_r005_s40.B04,dsb_never,29,27,152246178,15.9379,0,69203300,7.16839,103251467,103251467,0
mcs50_r005_s40.A05,mcs50_r005_s40.B05,dsb_never,30,26,274132180,27.1484,0,268420821,26.4867,187185509,187185509,0
mcs50_r005_s40.A06,mcs50_r005_s40.B06,dsb_never,28,26,1561894825,170.379,0,49755716,4.94901,1036812386,1036812386,0
mcs50_r005_s40.A07,mcs50_r005_s40.B07,dsb_never,28,23,1073185339,112.072,0,17499378,1.63661,744951531,744951531,0
mcs50_r005_s40.A08,mcs50_r005_s40.B08,dsb_never,28,26,965557907,106.443,0,19746250,2.13821,647327324,647327324,0
mcs50_r005_s40.A09,mcs50_r005_s40.B09,dsb_never,28,27,1008681385,111.928,0,53652700,5.81248,668917856,668917856,0
mcs50_r005_s50.A00,mcs50_r005_s50.B00,dsb_never,32,31,8582669198,1000.01,1,5948828802,686.047,5513706646,5513706646,0
mcs50_r005_s50.A01,mcs50_r005_s50.B01,dsb_never,32,31,8466815778,1000.01,1,2446170841,280.117,5635624051,5635624051,0
mcs50_r005_s50.A02,mcs50_r005_s50.B02,dsb_never,32,32,6837926914,1000.02,1,841404988,106.339,4459615735,4459615735,0
mcs50_r005_s50.A03,mcs50_r005_s50.B03,dsb_never,32,31,7888251958,1000.02,1,1998622993,246.18,5185895244,5185895244,0
mcs50_r005_s50.A04,mcs50_r005_s50.B04,dsb_never,33,29,6821117484,1000.02,1,2254945494,317.324,4538712742,4538712742,0
mcs50_r005_s50.A05,mcs50_r005_s50.B05,dsb_never,33,33,7042562455,1000.02,1,1684496785,226.729,4711088698,4711088698,0
mcs50_r005_s50.A06,mcs50_r005_s50.B06,dsb_never,32,32,8630762103,1000.02,1,2735318212,315.279,5681889054,5681889054,0
mcs50_r005_s50.A07,mcs50_r005_s50.B07,dsb_never,32,30,8596394572,1000.01,1,3604251033,404.278,5737837453,5737837453,0
mcs50_r005_s50.A08,mcs50_r005_s50.B08,dsb_never,32,30,8924239751,1000.02,1,7139160389,790.469,6018377408,6018377408,0
mcs50_r005_s50.A09,mcs50_r005_s50.B09,dsb_never,32,32,8601761166,1000.02,1,7135594206,824.131,5633987595,5633987595,0
mcs50_r005_s60.A00,mcs50_r005_s60.B00,dsb_never,34,37,8441165303,1000.02,1,6590118231,771.171,5556725909,5556725909,0
mcs50_r005_s60.A01,mcs50_r005_s60.B01,dsb_never,34,35,8083029776,1000.02,1,2065814294,247.133,5143149628,5143149628,0
mcs50_r005_s60.A02,mcs50_r005_s60.B02,dsb_never,34,28,8133794437,1000.01,1,410330410,49.7347,5232660112,5232660112,0
mcs50_r005_s60.A03,mcs50_r005_s60.B03,dsb_never,35,37,8378490773,1000.02,1,6543307669,762.891,5516415337,5516415337,0
mcs50_r005_s60.A04,mcs50_r005_s60.B04,dsb_never,35,40,8233090918,1000.01,1,7074004004,849.012,5278173891,5278173891,0
mcs50_r005_s60.A05,mcs50_r005_s60.B05,dsb_never,34,32,8369723140,1000.01,1,1937641131,220.969,5557676845,5557676845,0
mcs50_r005_s60.A06,mcs50_r005_s60.B06,dsb_never,34,34,8715075264,1000.02,1,870074212,92.0737,5704550396,5704550396,0
mcs50_r005_s60.A07,mcs50_r005_s60.B07,dsb_never,34,35,8196635471,1000.02,1,2285051926,275.653,5479485298,5479485298,0
mcs50_r005_s60.A08,mcs50_r005_s60.B08,dsb_never,34,38,7533098604,1000.02,1,888783417,111.789,4839473225,4839473225,0
mcs50_r005_s60.A09,mcs50_r005_s60.B09,dsb_never,33,35,8131055828,1000.02,1,162379100,18.29,5301280478,5301280478,0
mcs50_r005_s70.A00,mcs50_r005_s70.B00,dsb_never,35,43,7818662110,1000.02,1,2991407289,367.31,4992604950,4992604950,0
mcs50_r005_s70.A01,mcs50_r005_s70.B01,dsb_never,35,46,7493394837,1000.02,1,31989540,3.94327,4751634738,4751634738,0
mcs50_r005_s70.A02,mcs50_r005_s70.B02,dsb_never,34,39,7982726734,1000.01,1,122565944,15.5108,4971899964,4971899964,0
mcs50_r005_s70.A03,mcs50_r005_s70.B03,dsb_never,37,34,7433101755,1000.01,1,6325445142,847.624,4859964809,4859964809,0
mcs50_r005_s70.A04,mcs50_r005_s70.B04,dsb_never,36,41,7363381927,1000.01,1,2590237630,343.566,4695560486,4695560486,0
mcs50_r005_s70.A05,mcs50_r005_s70.B05,dsb_never,36,39,7709395096,1000.02,1,5086033851,652.182,4982668804,4982668804,0
mcs50_r005_s70.A06,mcs50_r005_s70.B06,dsb_never,36,38,7927327020,1000.01,1,4004572,0.438366,5024095133,5024095133,0
mcs50_r005_s70.A07,mcs50_r005_s70.B07,dsb_never,36,39,7483575522,1000.02,1,1183451497,156.036,4765203485,4765203485,0
mcs50_r005_s70.A08,mcs50_r005_s70.B08,dsb_never,36,37,7748230872,1000.02,1,215054994,25.997,5043900313,5043900313,0
mcs50_r005_s70.A09,mcs50_r005_s70.B09,dsb_never,36,39,7746479363,1000.01,1,7623880947,983.282,5049157447,5049157447,0
mcs50_r005_s80.A00,mcs50_r005_s80.B00,dsb_never,38,50,7230581608,1000.02,1,694991937,98.3519,4502232965,4502232965,0
mcs50_r005_s80.A01,mcs50_r005_s80.B01,dsb_never,37,41,6999823645,1000.01,1,445490539,59.5497,4405450819,4405450819,0
mcs50_r005_s80.A02,mcs50_r005_s80.B02,dsb_never,38,39,7144433532,1000.02,1,1506722520,199.851,4475462991,4475462991,0
mcs50_r005_s80.A03,mcs50_r005_s80.B03,dsb_never,37,45,7338302282,1000.02,1,240109788,30.7738,4553704487,4553704487,0
mcs50_r005_s80.A04,mcs50_r005_s80.B04,dsb_never,38,44,6906714471,1000.02,1,4280118608,622.166,4304627328,4304627328,0
mcs50_r005_s80.A05,mcs50_r005_s80.B05,dsb_never,38,47,7037326539,1000.02,1,3784904896,516.407,4325442439,4325442439,0
mcs50_r005_s80.A06,mcs50_r005_s80.B06,dsb_never,36,43,7498330762,1000.01,1,652989334,81.2404,4807531200,4807531200,0
mcs50_r005_s80.A07,mcs50_r005_s80.B07,dsb_never,37,42,7322422620,1000.01,1,135342826,18.8822,4599802813,4599802813,0
mcs50_r005_s80.A08,mcs50_r005_s80.B08,dsb_never,37,46,7819746488,1000.01,1,55919861,6.32234,4999772806,4999772806,0
mcs50_r005_s80.A09,mcs50_r005_s80.B09,dsb_never,40,41,6983086237,1000.01,1,3977092560,541.501,4525195814,4525195814,0
mcs50_r005_s90.A00,mcs50_r005_s90.B00,dsb_never,39,46,6566997184,1000.02,1,2267983746,334.225,4095142869,4095142869,0
mcs50_r005_s90.A01,mcs50_r005_s90.B01,dsb_never,39,43,7313661141,1000.01,1,1844143322,250.732,4583292132,4583292132,0
mcs50_r005_s90.A02,mcs50_r005_s90.B02,dsb_never,39,53,3299546568,1000.02,1,3023717719,911.469,1981065112,1981065112,0
mcs50_r005_s90.A03,mcs50_r005_s90.B03,dsb_never,38,50,6995837597,1000.01,1,229183397,30.2602,4347416751,4347416751,0
mcs50_r005_s90.A04,mcs50_r005_s90.B04,dsb_never,39,45,6770882365,1000.02,1,214963601,29.9138,4095776877,4095776877,0
mcs50_r005_s90.A05,mcs50_r005_s90.B05,dsb_never,40,49,7216477761,1000.01,1,2867523091,388.312,4498847911,4498847911,0
mcs50_r005_s90.A06,mcs50_r005_s90.B06,dsb_never,39,48,7209227404,1000.02,1,1186825,0.145715,4509823242,4509823242,0
mcs50_r005_s90.A07,mcs50_r005_s90.B07,dsb_never,39,46,6610300583,1000.02,1,512009,0.0665324,4008012094,4008012094,0
mcs50_r005_s90.A08,mcs50_r005_s90.B08,dsb_never,39,47,6830470470,1000.02,1,740153283,98.4601,4167648961,4167648961,0
mcs50_r005_s90.A09,mcs50_r005_s90.B09,dsb_never,41,52,6932717270,1000.01,1,94550816,12.5328,4438929834,4438929834,0
mcs50_r01_s10.A00,mcs50_r01_s10.B00,dsb_never,8,7,450,5.82E-05,0,313,2.79E-05,279,279,0
mcs50_r01_s10.A01,mcs50_r01_s10.B01,dsb_never,8,5,125,4.45E-05,0,49,1.28E-05,92,92,0
mcs50_r01_s10.A02,mcs50_r01_s10.B02,dsb_never,8,7,199,3.93E-05,0,9,6.33E-06,136,136,0
mcs50_r01_s10.A03,mcs50_r01_s10.B03,dsb_never,9,8,76,7.12E-05,0,58,2.65E-05,47,47,0
mcs50_r01_s10.A04,mcs50_r01_s10.B04,dsb_never,8,7,166,7.63E-05,0,9,1.24E-05,110,110,0
mcs50_r01_s10.A05,mcs50_r01_s10.B05,dsb_never,8,7,95,3.94E-05,0,9,8.01E-06,67,67,0
mcs50_r01_s10.A06,mcs50_r01_s10.B06,dsb_never,8,8,218,9.80E-05,0,18,1.85E-05,136,136,0
mcs50_r01_s10.A07,mcs50_r01_s10.B07,dsb_never,8,6,191,8.70E-05,0,55,2.13E-05,127,127,0
mcs50_r01_s10.A08,mcs50_r01_s10.B08,dsb_never,8,8,127,4.54E-05,0,9,8.45E-06,88,88,0
mcs50_r01_s10.A09,mcs50_r01_s10.B09,dsb_never,9,10,34,4.22E-05,0,10,1.47E-05,25,25,0
mcs50_r01_s100.A00,mcs50_r01_s100.B00,dsb_never,27,42,5406901368,1000.02,1,3561045198,650.952,3159045586,3159045586,0
mcs50_r01_s100.A01,mcs50_r01_s100.B01,dsb_never,28,48,5311048214,1000.02,1,1047958858,184.242,3093968864,3093968864,0
mcs50_r01_s100.A02,mcs50_r01_s100.B02,dsb_never,27,48,5650668282,1000.01,1,7757551,1.33228,3264010734,3264010734,0
mcs50_r01_s100.A03,mcs50_r01_s100.B03,dsb_never,29,43,5525798980,1000.02,1,2089836438,346.911,3239908334,3239908334,0
mcs50_r01_s100.A04,mcs50_r01_s100.B04,dsb_never,27,44,2794881819,1000.01,1,539741501,188.005,1629174081,1629174081,0
mcs50_r01_s100.A05,mcs50_r01_s100.B05,dsb_never,27,50,2747063124,1000.02,1,1160574730,407.411,1592983414,1592983414,0
mcs50_r01_s100.A06,mcs50_r01_s100.B06,dsb_never,28,50,5355034674,1000.02,1,610444059,107.374,3126148875,3126148875,0
mcs50_r01_s100.A07,mcs50_r01_s100.B07,dsb_never,27,40,5405393172,1000.02,1,567652442,98.6294,3118781057,3118781057,0
mcs50_r01_s100.A08,mcs50_r01_s100.B08,dsb_never,27,43,5343714888,1000.02,1,1116953823,202.32,3095168085,3095168085,0
mcs50_r01_s100.A09,mcs50_r01_s100.B09,dsb_never,27,47,5297675665,1000.01,1,95583,0.0139574,3021748479,3021748479,0
mcs50_r01_s15.A00,mcs50_r01_s15.B00,dsb_never,12,14,1539,0.000380869,0,127,3.97E-05,1011,1011,0
mcs50_r01_s15.A01,mcs50_r01_s15.B01,dsb_never,12,12,2025,0.000261402,0,1743,0.000190687,1357,1357,0
mcs50_r01_s15.A02,mcs50_r01_s15.B02,dsb_never,11,11,4236,0.000409638,0,1641,0.000156926,2671,2671,0
mcs50_r01_s15.A03,mcs50_r01_s15.B03,dsb_never,12,10,2154,0.00023212,0,1823,0.000172971,1387,1387,0
mcs50_r01_s15.A04,mcs50_r01_s15.B04,dsb_never,11,10,7913,0.0014552,0,54,2.32E-05,5007,5007,0
mcs50_r01_s15.A05,mcs50_r01_s15.B05,dsb_never,12,14,3577,0.000431218,0,3370,0.000390296,2228,2228,0
mcs50_r01_s15.A06,mcs50_r01_s15.B06,dsb_never,11,12,3882,0.000375545,0,90,2.39E-05,2484,2484,0
mcs50_r01_s15.A07,mcs50_r01_s15.B07,dsb_never,11,11,3028,0.000322725,0,727,7.71E-05,1968,1968,0
mcs50_r01_s15.A08,mcs50_r01_s15.B08,dsb_never,11,11,7333,0.000655706,0,4316,0.000362374,4643,4643,0
mcs50_r01_s15.A09,mcs50_r01_s15.B09,dsb_never,11,11,3543,0.000343687,0,154,2.33E-05,2292,2292,0
mcs50_r01_s20.A00,mcs50_r01_s20.B00,dsb_never,14,16,47267,0.00477579,0,4339,0.000453364,29363,29363,0
mcs50_r01_s20.A01,mcs50_r01_s20.B01,dsb_never,14,16,68821,0.00696805,0,1110,9.82E-05,43767,43767,0
mcs50_r01_s20.A02,mcs50_r01_s20.B02,dsb_never,14,14,61755,0.00675023,0,11839,0.00135068,39114,39114,0
mcs50_r01_s20.A03,mcs50_r01_s20.B03,dsb_never,14,15,67664,0.00714513,0,9123,0.000921944,43051,43051,0
mcs50_r01_s20.A04,mcs50_r01_s20.B04,dsb_never,14,15,45519,0.00975202,0,2416,0.000469933,28879,28879,0
mcs50_r01_s20.A05,mcs50_r01_s20.B05,dsb_never,14,13,89285,0.00926817,0,9287,0.000913963,55368,55368,0
mcs50_r01_s20.A06,mcs50_r01_s20.B06,dsb_never,15,16,109466,0.0107076,0,100117,0.00969149,71800,71800,0
mcs50_r01_s20.A07,mcs50_r01_s20.B07,dsb_never,14,18,99701,0.0100667,0,1731,0.000195644,62438,62438,0
mcs50_r01_s20.A08,mcs50_r01_s20.B08,dsb_never,15,14,36599,0.00383952,0,32080,0.00326935,24223,24223,0
mcs50_r01_s20.A09,mcs50_r01_s20.B09,dsb_never,14,14,86288,0.00877926,0,2342,0.000230005,54049,54049,0
mcs50_r01_s25.A00,mcs50_r01_s25.B00,dsb_never,17,13,2263858,0.251011,0,2230063,0.247486,1497239,1497239,0
mcs50_r01_s25.A01,mcs50_r01_s25.B01,dsb_never,16,17,2079914,0.225503,0,31567,0.00321868,1372720,1372720,0
mcs50_r01_s25.A02,mcs50_r01_s25.B02,dsb_never,17,15,486452,0.055112,0,70543,0.00779985,320371,320371,0
mcs50_r01_s25.A03,mcs50_r01_s25.B03,dsb_never,17,19,1424429,0.159417,0,1230934,0.136522,908785,908785,0
mcs50_r01_s25.A04,mcs50_r01_s25.B04,dsb_never,17,14,946018,0.140262,0,595980,0.0994904,616574,616574,0
mcs50_r01_s25.A05,mcs50_r01_s25.B05,dsb_never,17,18,657925,0.0823295,0,185918,0.0223393,431210,431210,0
mcs50_r01_s25.A06,mcs50_r01_s25.B06,dsb_never,17,19,2212345,0.261766,0,2170498,0.256862,1428777,1428777,0
mcs50_r01_s25.A07,mcs50_r01_s25.B07,dsb_never,16,21,2141894,0.500515,0,104072,0.0231199,1367598,1367598,0
mcs50_r01_s25.A08,mcs50_r01_s25.B08,dsb_never,17,17,1027921,0.116978,0,710816,0.0788447,670168,670168,0
mcs50_r01_s25.A09,mcs50_r01_s25.B09,dsb_never,17,20,1775836,0.201081,0,1605031,0.181364,1135697,1135697,0
mcs50_r01_s30.A00,mcs50_r01_s30.B00,dsb_never,19,24,65047586,8.31919,0,63055846,8.05652,41564683,41564683,0
mcs50_r01_s30.A01,mcs50_r01_s30.B01,dsb_never,18,20,56031167,7.33318,0,604766,0.0757404,36537669,36537669,0
mcs50_r01_s30.A02,mcs50_r01_s30.B02,dsb_never,19,20,35711335,4.43342,0,31688321,3.91806,23156554,23156554,0
mcs50_r01_s30.A03,mcs50_r01_s30.B03,dsb_never,19,26,27204855,3.41332,0,22107333,2.75622,17479855,17479855,0
mcs50_r01_s30.A04,mcs50_r01_s30.B04,dsb_never,19,23,17766324,2.36717,0,3001081,0.38479,11481787,11481787,0
mcs50_r01_s30.A05,mcs50_r01_s30.B05,dsb_never,19,24,51420469,6.47204,0,42732560,5.35477,32676501,32676501,0
mcs50_r01_s30.A06,mcs50_r01_s30.B06,dsb_never,19,22,25524830,3.25912,0,20603751,2.63245,16490636,16490636,0
mcs50_r01_s30.A07,mcs50_r01_s30.B07,dsb_never,19,23,17587089,2.21138,0,12984576,1.62529,11275897,11275897,0
mcs50_r01_s30.A08,mcs50_r01_s30.B08,dsb_never,19,22,7899860,1.02974,0,776158,0.0941871,5203772,5203772,0
mcs50_r01_s30.A09,mcs50_r01_s30.B09,dsb_never,19,26,32613699,4.00565,0,25191007,3.04728,20605161,20605161,0
mcs50_r01_s35.A00,mcs50_r01_s35.B00,dsb_never,20,24,719030975,96.9967,0,28317456,3.69198,462728842,462728842,0
mcs50_r01_s35.A01,mcs50_r01_s35.B01,dsb_never,20,25,566162874,87.9395,0,8582693,1.16128,371754789,371754789,0
mcs50_r01_s35.A02,mcs50_r01_s35.B02,dsb_never,20,29,571395810,75.3916,0,15795353,2.00424,369449846,369449846,0
mcs50_r01_s35.A03,mcs50_r01_s35.B03,dsb_never,21,24,425457775,56.4812,0,394161371,52.3057,277015925,277015925,0
mcs50_r01_s35.A04,mcs50_r01_s35.B04,dsb_never,20,25,491910507,134.381,0,12252361,3.225,318338478,318338478,0
mcs50_r01_s35.A05,mcs50_r01_s35.B05,dsb_never,21,22,273459717,36.0444,0,224489505,29.4782,182136077,182136077,0
mcs50_r01_s35.A06,mcs50_r01_s35.B06,dsb_never,20,21,562969205,74.4029,0,19283217,2.60115,364465279,364465279,0
mcs50_r01_s35.A07,mcs50_r01_s35.B07,dsb_never,20,24,483151456,65.9126,0,94277818,12.3188,317124463,317124463,0
mcs50_r01_s35.A08,mcs50_r01_s35.B08,dsb_never,21,25,342089201,44.6968,0,300974190,39.4592,225781308,225781308,0
mcs50_r01_s35.A09,mcs50_r01_s35.B09,dsb_never,21,29,326585038,47.3265,0,243770102,35.1958,211667836,211667836,0
mcs50_r01_s40.A00,mcs50_r01_s40.B00,dsb_never,22,22,5796978049,840.511,0,3104238783,444.71,3746215625,3746215625,0
mcs50_r01_s40.A01,mcs50_r01_s40.B01,dsb_never,22,28,5431480914,776.602,0,2992968478,425.718,3528811516,3528811516,0
mcs50_r01_s40.A02,mcs50_r01_s40.B02,dsb_never,23,25,4120355992,593.592,0,3910465422,564.319,2703718420,2703718420,0
mcs50_r01_s40.A03,mcs50_r01_s40.B03,dsb_never,22,38,6813392988,1000.02,1,3378186743,487.031,4351804192,4351804192,0
mcs50_r01_s40.A04,mcs50_r01_s40.B04,dsb_never,22,29,3967648295,578.17,0,1686785117,241.299,2603996082,2603996082,0
mcs50_r01_s40.A05,mcs50_r01_s40.B05,dsb_never,22,26,6880003507,1000.02,1,3841883668,557.485,4416155575,4416155575,0
mcs50_r01_s40.A06,mcs50_r01_s40.B06,dsb_never,22,28,5600845757,793.675,0,2394073677,344.169,3611744988,3611744988,0
mcs50_r01_s40.A07,mcs50_r01_s40.B07,dsb_never,22,26,5724639481,823.967,0,3260042000,470.653,3724144354,3724144354,0
mcs50_r01_s40.A08,mcs50_r01_s40.B08,dsb_never,23,26,3586516866,537.657,0,2834797469,423.842,2310211897,2310211897,0
mcs50_r01_s40.A09,mcs50_r01_s40.B09,dsb_never,22,23,6796608591,1000.02,1,3264646462,475.888,4349434607,4349434607,0
mcs50_r01_s50.A00,mcs50_r01_s50.B00,dsb_never,23,33,6705686140,1000.02,1,319119232,45.9249,4212335433,4212335433,0
mcs50_r01_s50.A01,mcs50_r01_s50.B01,dsb_never,24,31,6419143442,1000.02,1,4690677418,721.345,4073053004,4073053004,0
mcs50_r01_s50.A02,mcs50_r01_s50.B02,dsb_never,23,30,6467632624,1000.02,1,5368738425,825.484,4075556015,4075556015,0
mcs50_r01_s50.A03,mcs50_r01_s50.B03,dsb_never,23,32,6568428437,1000.01,1,40358621,6.12977,4142811100,4142811100,0
mcs50_r01_s50.A04,mcs50_r01_s50.B04,dsb_never,23,30,6331351829,1000.02,1,1569544,0.222272,3982627279,3982627279,0
mcs50_r01_s50.A05,mcs50_r01_s50.B05,dsb_never,23,32,6478162679,1000.02,1,856272965,127.736,4045845528,4045845528,0
mcs50_r01_s50.A06,mcs50_r01_s50.B06,dsb_never,23,35,6476982263,1000.02,1,2052425375,305.983,4030031944,4030031944,0
mcs50_r01_s50.A07,mcs50_r01_s50.B07,dsb_never,22,29,5793880845,1000.02,1,19757647,3.50853,3600859143,3600859143,0
mcs50_r01_s50.A08,mcs50_r01_s50.B08,dsb_never,24,26,6461670144,1000.02,1,3514212992,537.861,4117097512,4117097512,0
mcs50_r01_s50.A09,mcs50_r01_s50.B09,dsb_never,23,33,6398929800,1000.02,1,1086908780,162.954,4048306030,4048306030,0
mcs50_r01_s60.A00,mcs50_r01_s60.B00,dsb_never,24,37,6034285763,1000.02,1,282188147,45.5265,3686984230,3686984230,0
mcs50_r01_s60.A01,mcs50_r01_s60.B01,dsb_never,25,40,5899438974,1000.01,1,3529561653,597.868,3659349365,3659349365,0
mcs50_r01_s60.A02,mcs50_r01_s60.B02,dsb_never,24,30,6097283396,1000.02,1,1610515431,261.731,3763319468,3763319468,0
mcs50_r01_s60.A03,mcs50_r01_s60.B03,dsb_never,24,34,6304285931,1000.01,1,298018009,46.4413,3904444312,3904444312,0
mcs50_r01_s60.A04,mcs50_r01_s60.B04,dsb_never,24,38,6136866613,1000.02,1,3159425162,504.429,3689458807,3689458807,0
mcs50_r01_s60.A05,mcs50_r01_s60.B05,dsb_never,24,30,6239680977,1000.02,1,543331210,84.677,3827213412,3827213412,0
mcs50_r01_s60.A06,mcs50_r01_s60.B06,dsb_never,23,36,6260101202,1000.02,1,101885246,15.1816,3761964783,3761964783,0
mcs50_r01_s60.A07,mcs50_r01_s60.B07,dsb_never,24,38,5863938470,1000.02,1,254699396,42.1217,3561262398,3561262398,0
mcs50_r01_s60.A08,mcs50_r01_s60.B08,dsb_never,25,32,6473187680,1000.01,1,5205397401,793.083,4061550263,4061550263,0
mcs50_r01_s60.A09,mcs50_r01_s60.B09,dsb_never,24,33,6144559856,1000.01,1,31834512,4.97614,3737297129,3737297129,0
mcs50_r01_s70.A00,mcs50_r01_s70.B00,dsb_never,25,39,6069790637,1000.01,1,80279837,12.639,3701120218,3701120218,0
mcs50_r01_s70.A01,mcs50_r01_s70.B01,dsb_never,26,35,5872521348,1000.02,1,2767868871,458.44,3504251824,3504251824,0
mcs50_r01_s70.A02,mcs50_r01_s70.B02,dsb_never,25,33,5819640053,1000.02,1,389851056,64.1025,3508924835,3508924835,0
mcs50_r01_s70.A03,mcs50_r01_s70.B03,dsb_never,25,41,2927355851,1000.02,1,255632646,85.5471,1737649945,1737649945,0
mcs50_r01_s70.A04,mcs50_r01_s70.B04,dsb_never,25,32,2930278651,1000.03,1,611831141,197.295,1747795520,1747795520,0
mcs50_r01_s70.A05,mcs50_r01_s70.B05,dsb_never,25,37,5976549566,1000.02,1,373570479,59.7392,3618006928,3618006928,0
mcs50_r01_s70.A06,mcs50_r01_s70.B06,dsb_never,25,42,5750481378,1000.02,1,62956815,10.0758,3477520593,3477520593,0
mcs50_r01_s70.A07,mcs50_r01_s70.B07,dsb_never,25,33,5966272143,1000.01,1,103440289,16.7667,3569988226,3569988226,0
mcs50_r01_s70.A08,mcs50_r01_s70.B08,dsb_never,26,27,5930731174,1000.01,1,1399239470,223.946,3609681761,3609681761,0
mcs50_r01_s70.A09,mcs50_r01_s70.B09,dsb_never,26,39,5092288476,1000.02,1,4958277309,970.589,3076297130,3076297130,0
mcs50_r01_s80.A00,mcs50_r01_s80.B00,dsb_never,25,44,5194230804,1000.01,1,3701283,0.730694,3086487546,3086487546,0
mcs50_r01_s80.A01,mcs50_r01_s80.B01,dsb_never,26,39,6054612511,1000.01,1,1609206,0.234563,3643102783,3643102783,0
mcs50_r01_s80.A02,mcs50_r01_s80.B02,dsb_never,26,38,5741340468,1000.01,1,2262502489,386.973,3402173970,3402173970,0
mcs50_r01_s80.A03,mcs50_r01_s80.B03,dsb_never,26,41,2848170981,1000.02,1,37371940,12.2021,1691340364,1691340364,0
mcs50_r01_s80.A04,mcs50_r01_s80.B04,dsb_never,26,42,5691021427,1000.02,1,1301294123,216.741,3401523195,3401523195,0
mcs50_r01_s80.A05,mcs50_r01_s80.B05,dsb_never,27,43,5703469621,1000.01,1,1183347819,201.978,3413320925,3413320925,0
mcs50_r01_s80.A06,mcs50_r01_s80.B06,dsb_never,26,44,5862240717,1000.01,1,330326331,53.4669,3503087647,3503087647,0
mcs50_r01_s80.A07,mcs50_r01_s80.B07,dsb_never,25,37,5847558072,1000.02,1,7544784,1.19245,3480009883,3480009883,0
mcs50_r01_s80.A08,mcs50_r01_s80.B08,dsb_never,27,41,5548173605,1000.01,1,1273426310,220.723,3310951470,3310951470,0
mcs50_r01_s80.A09,mcs50_r01_s80.B09,dsb_never,26,43,6110625403,1000.02,1,5722941,0.902909,3645511761,3645511761,0
mcs50_r01_s90.A00,mcs50_r01_s90.B00,dsb_never,26,46,5696990591,1000.02,1,134423086,24.0107,3338078209,3338078209,0
mcs50_r01_s90.A01,mcs50_r01_s90.B01,dsb_never,27,40,5552926418,1000.01,1,240495996,42.6835,3263496363,3263496363,0
mcs50_r01_s90.A02,mcs50_r01_s90.B02,dsb_never,27,41,2780548517,1000.01,1,2343133301,837.443,1612266051,1612266051,0
mcs50_r01_s90.A03,mcs50_r01_s90.B03,dsb_never,27,39,2850470648,1000.02,1,2823530589,989.944,1688037159,1688037159,0
mcs50_r01_s90.A04,mcs50_r01_s90.B04,dsb_never,26,40,5672229748,1000.02,1,184312223,30.4626,3343501954,3343501954,0
mcs50_r01_s90.A05,mcs50_r01_s90.B05,dsb_never,27,40,5666132980,1000.02,1,3892413146,674.478,3338829856,3338829856,0
mcs50_r01_s90.A06,mcs50_r01_s90.B06,dsb_never,27,41,5619317313,1000.02,1,625613685,106.299,3291289919,3291289919,0
mcs50_r01_s90.A07,mcs50_r01_s90.B07,dsb_never,27,44,5483288896,1000.02,1,73905777,12.8666,3188411791,3188411791,0
mcs50_r01_s90.A08,mcs50_r01_s90.B08,dsb_never,27,43,5657879253,1000.01,1,1835066170,303.374,3354040900,3354040900,0
mcs50_r01_s90.A09,mcs50_r01_s90.B09,dsb_never,27,43,5541139457,1000.02,1,306982128,53.7091,3266829254,3266829254,0
mcs50_r02_s10.A00,mcs50_r02_s10.B00,dsb_never,7,10,650,0.000197005,0,149,4.43E-05,427,427,0
mcs50_r02_s10.A01,mcs50_r02_s10.B01,dsb_never,7,8,854,0.000118438,0,269,3.19E-05,540,540,0
mcs50_r02_s10.A02,mcs50_r02_s10.B02,dsb_never,7,9,631,0.000193399,0,116,3.89E-05,425,425,0
mcs50_r02_s10.A03,mcs50_r02_s10.B03,dsb_never,7,8,479,8.04E-05,0,38,1.04E-05,323,323,0
mcs50_r02_s10.A04,mcs50_r02_s10.B04,dsb_never,8,10,142,0.00019442,0,79,3.30E-05,101,101,0
mcs50_r02_s10.A05,mcs50_r02_s10.B05,dsb_never,7,7,348,6.25E-05,0,26,7.72E-06,236,236,0
mcs50_r02_s10.A06,mcs50_r02_s10.B06,dsb_never,7,8,472,8.48E-05,0,8,8.34E-06,300,300,0
mcs50_r02_s10.A07,mcs50_r02_s10.B07,dsb_never,7,10,558,8.53E-05,0,124,1.74E-05,371,371,0
mcs50_r02_s10.A08,mcs50_r02_s10.B08,dsb_never,7,9,559,0.000169654,0,89,2.82E-05,362,362,0
mcs50_r02_s10.A09,mcs50_r02_s10.B09,dsb_never,7,8,809,0.000110748,0,182,2.07E-05,513,513,0
mcs50_r02_s100.A00,mcs50_r02_s100.B00,dsb_never,20,55,4524752539,1000.02,1,3311501366,717.336,2398682522,2398682522,0
mcs50_r02_s100.A01,mcs50_r02_s100.B01,dsb_never,19,56,4543089077,1000.01,1,28759815,5.63681,2379467697,2379467697,0
mcs50_r02_s100.A02,mcs50_r02_s100.B02,dsb_never,19,51,2300068363,1000.02,1,4114463,1.55596,1207549980,1207549980,0
mcs50_r02_s100.A03,mcs50_r02_s100.B03,dsb_never,19,45,3973891356,1000.02,1,52766667,12.3676,2097301833,2097301833,0
mcs50_r02_s100.A04,mcs50_r02_s100.B04,dsb_never,19,47,4720078254,1000.02,1,8230833,1.54962,2479071021,2479071021,0
mcs50_r02_s100.A05,mcs50_r02_s100.B05,dsb_never,19,51,4679940503,1000.01,1,147663719,28.7967,2466195336,2466195336,0
mcs50_r02_s100.A06,mcs50_r02_s100.B06,dsb_never,19,56,4588620413,1000.02,1,48035627,9.47569,2415387474,2415387474,0
mcs50_r02_s100.A07,mcs50_r02_s100.B07,dsb_never,20,60,4552420503,1000.01,1,2703927379,572.851,2406641885,2406641885,0
mcs50_r02_s100.A08,mcs50_r02_s100.B08,dsb_never,19,50,4614293197,1000.01,1,354610657,71.0191,2434316859,2434316859,0
mcs50_r02_s100.A09,mcs50_r02_s100.B09,dsb_never,20,55,4392267549,1000.02,1,1439698121,310.786,2322417933,2322417933,0
mcs50_r02_s15.A00,mcs50_r02_s15.B00,dsb_never,10,15,12505,0.00158253,0,38,1.05E-05,8117,8117,0
mcs50_r02_s15.A01,mcs50_r02_s15.B01,dsb_never,10,16,16243,0.00203289,0,8172,0.00101301,10058,10058,0
mcs50_r02_s15.A02,mcs50_r02_s15.B02,dsb_never,10,13,8677,0.00118502,0,2906,0.000370255,5699,5699,0
mcs50_r02_s15.A03,mcs50_r02_s15.B03,dsb_never,11,14,3280,0.000444309,0,3003,0.000378911,2113,2113,0
mcs50_r02_s15.A04,mcs50_r02_s15.B04,dsb_never,10,13,6093,0.000803014,0,1281,0.000164768,4045,4045,0
mcs50_r02_s15.A05,mcs50_r02_s15.B05,dsb_never,10,14,8511,0.00107135,0,1101,0.000128363,5601,5601,0
mcs50_r02_s15.A06,mcs50_r02_s15.B06,dsb_never,10,15,11000,0.00136816,0,4626,0.000526081,6894,6894,0
mcs50_r02_s15.A07,mcs50_r02_s15.B07,dsb_never,10,16,4850,0.000621781,0,252,3.38E-05,3176,3176,0
mcs50_r02_s15.A08,mcs50_r02_s15.B08,dsb_never,10,18,7012,0.000963722,0,23,9.01E-06,4660,4660,0
mcs50_r02_s15.A09,mcs50_r02_s15.B09,dsb_never,10,14,11309,0.00140752,0,3119,0.000362073,7062,7062,0
mcs50_r02_s20.A00,mcs50_r02_s20.B00,dsb_never,12,19,334708,0.0474967,0,179834,0.024645,205280,205280,0
mcs50_r02_s20.A01,mcs50_r02_s20.B01,dsb_never,12,20,227344,0.0338822,0,2634,0.00034518,145331,145331,0
mcs50_r02_s20.A02,mcs50_r02_s20.B02,dsb_never,12,24,313970,0.0468025,0,122382,0.0174114,195769,195769,0
mcs50_r02_s20.A03,mcs50_r02_s20.B03,dsb_never,12,14,350387,0.0525822,0,151277,0.0219018,215993,215993,0
mcs50_r02_s20.A04,mcs50_r02_s20.B04,dsb_never,12,25,235431,0.0350655,0,150758,0.0221671,144499,144499,0
mcs50_r02_s20.A05,mcs50_r02_s20.B05,dsb_never,12,22,362611,0.0520013,0,257642,0.0369386,220982,220982,0
mcs50_r02_s20.A06,mcs50_r02_s20.B06,dsb_never,12,20,367428,0.0530017,0,294151,0.0420409,225193,225193,0
mcs50_r02_s20.A07,mcs50_r02_s20.B07,dsb_never,12,21,331612,0.0482067,0,262429,0.0377897,204386,204386,0
mcs50_r02_s20.A08,mcs50_r02_s20.B08,dsb_never,11,18,370967,0.0523362,0,2230,0.000281144,234265,234265,0
mcs50_r02_s20.A09,mcs50_r02_s20.B09,dsb_never,12,18,191183,0.0277225,0,7175,0.000997673,119985,119985,0
mcs50_r02_s25.A00,mcs50_r02_s25.B00,dsb_never,13,24,5392180,0.876455,0,147461,0.0226857,3288745,3288745,0
mcs50_r02_s25.A01,mcs50_r02_s25.B01,dsb_never,13,27,5191601,0.840596,0,13518,0.00190889,3203650,3203650,0
mcs50_r02_s25.A02,mcs50_r02_s25.B02,dsb_never,13,23,6661663,1.10258,0,166052,0.0255555,4138846,4138846,0
mcs50_r02_s25.A03,mcs50_r02_s25.B03,dsb_never,13,21,8450957,1.38001,0,493155,0.0761929,5171457,5171457,0
mcs50_r02_s25.A04,mcs50_r02_s25.B04,dsb_never,13,29,7172103,1.13526,0,57018,0.00783778,4421879,4421879,0
mcs50_r02_s25.A05,mcs50_r02_s25.B05,dsb_never,14,25,4545889,0.742386,0,4341603,0.707967,2792116,2792116,0
mcs50_r02_s25.A06,mcs50_r02_s25.B06,dsb_never,13,25,5215478,0.855356,0,15164,0.00231528,3239611,3239611,0
mcs50_r02_s25.A07,mcs50_r02_s25.B07,dsb_never,13,25,5255986,0.849538,0,487963,0.0713588,3243034,3243034,0
mcs50_r02_s25.A08,mcs50_r02_s25.B08,dsb_never,13,25,4616609,0.738668,0,176846,0.0262584,2851101,2851101,0
mcs50_r02_s25.A09,mcs50_r02_s25.B09,dsb_never,14,29,4056189,0.683945,0,2508215,0.418142,2491693,2491693,0
mcs50_r02_s30.A00,mcs50_r02_s30.B00,dsb_never,15,37,55196182,9.79108,0,42669580,7.54582,33907990,33907990,0
mcs50_r02_s30.A01,mcs50_r02_s30.B01,dsb_never,15,38,47689030,8.73124,0,10286909,1.80422,29384241,29384241,0
mcs50_r02_s30.A02,mcs50_r02_s30.B02,dsb_never,15,35,47122552,8.62369,0,25342807,4.53046,29080641,29080641,0
mcs50_r02_s30.A03,mcs50_r02_s30.B03,dsb_never,15,38,40934351,7.33889,0,13396429,2.32348,25073376,25073376,0
mcs50_r02_s30.A04,mcs50_r02_s30.B04,dsb_never,15,38,60176811,11.038,0,25456238,4.54528,36722090,36722090,0
mcs50_r02_s30.A05,mcs50_r02_s30.B05,dsb_never,15,35,91340359,15.6162,0,74359117,12.6335,55357324,55357324,0
mcs50_r02_s30.A06,mcs50_r02_s30.B06,dsb_never,15,38,74730293,13.5374,0,54425804,9.76414,45488953,45488953,0
mcs50_r02_s30.A07,mcs50_r02_s30.B07,dsb_never,15,38,80775811,14.2446,0,67708462,11.8711,49176700,49176700,0
mcs50_r02_s30.A08,mcs50_r02_s30.B08,dsb_never,15,30,37802299,6.82192,0,467231,0.0772804,23354155,23354155,0
mcs50_r02_s30.A09,mcs50_r02_s30.B09,dsb_never,15,27,44487517,8.16366,0,1757573,0.297538,27244129,27244129,0
mcs50_r02_s35.A00,mcs50_r02_s35.B00,dsb_never,17,49,550844460,110.66,0,465005033,92.77,331622855,331622855,0
mcs50_r02_s35.A01,mcs50_r02_s35.B01,dsb_never,17,48,1014279129,186.748,0,1001860762,184.322,610589528,610589528,0
mcs50_r02_s35.A02,mcs50_r02_s35.B02,dsb_never,17,46,899707138,163.646,0,863912321,156.418,542221083,542221083,0
mcs50_r02_s35.A03,mcs50_r02_s35.B03,dsb_never,17,47,1120036458,207.469,0,1085770028,200.575,672605396,672605396,0
mcs50_r02_s35.A04,mcs50_r02_s35.B04,dsb_never,17,50,327525203,65.5417,0,168714157,32.0204,199590996,199590996,0
mcs50_r02_s35.A05,mcs50_r02_s35.B05,dsb_never,17,46,780019816,146.382,0,743844434,139.165,468437441,468437441,0
mcs50_r02_s35.A06,mcs50_r02_s35.B06,dsb_never,17,48,916813898,174.177,0,889893454,168.654,551963029,551963029,0
mcs50_r02_s35.A07,mcs50_r02_s35.B07,dsb_never,17,50,267368827,55.0354,0,49711288,9.16947,163379432,163379432,0
mcs50_r02_s35.A08,mcs50_r02_s35.B08,dsb_never,17,48,658894077,125.28,0,528173054,98.1014,396537613,396537613,0
mcs50_r02_s35.A09,mcs50_r02_s35.B09,dsb_never,17,48,230416775,47.973,0,6366604,1.1439,143133765,143133765,0
mcs50_r02_s40.A00,mcs50_r02_s40.B00,dsb_never,20,66,3149447321,645.446,0,2635215558,523.193,1872410977,1872410977,0
mcs50_r02_s40.A01,mcs50_r02_s40.B01,dsb_never,20,67,548286118,133.604,0,2019526,0.367855,342036288,342036288,0
mcs50_r02_s40.A02,mcs50_r02_s40.B02,dsb_never,20,71,3411008266,687.965,0,3109344592,615.719,2030572318,2030572318,0
mcs50_r02_s40.A03,mcs50_r02_s40.B03,dsb_never,20,66,3670074521,757.635,0,3523962742,723.746,2203409563,2203409563,0
mcs50_r02_s40.A04,mcs50_r02_s40.B04,dsb_never,20,65,2937198884,616.383,0,2909137273,609.872,1768381959,1768381959,0
mcs50_r02_s40.A05,mcs50_r02_s40.B05,dsb_never,20,66,4167993819,852.613,0,3646933738,726.58,2466184555,2466184555,0
mcs50_r02_s40.A06,mcs50_r02_s40.B06,dsb_never,20,65,4881199277,1000.02,1,4871519755,997.752,2937005855,2937005855,0
mcs50_r02_s40.A07,mcs50_r02_s40.B07,dsb_never,17,46,4849902990,1000.02,1,1207342228,239.344,2887541749,2887541749,0
mcs50_r02_s40.A08,mcs50_r02_s40.B08,dsb_never,18,56,4804470150,1000.01,1,2891452635,585.973,2872639521,2872639521,0
mcs50_r02_s40.A09,mcs50_r02_s40.B09,dsb_never,20,71,1086370123,253.136,0,293893233,58.5713,664013596,664013596,0
mcs50_r02_s50.A00,mcs50_r02_s50.B00,dsb_never,17,37,4807949724,1000.02,1,58327931,11.4248,2767098084,2767098084,0
mcs50_r02_s50.A01,mcs50_r02_s50.B01,dsb_never,17,46,3911264069,1000.02,1,1004491022,257.947,2227139622,2227139622,0
mcs50_r02_s50.A02,mcs50_r02_s50.B02,dsb_never,17,36,4307218026,1000.02,1,32510910,7.21619,2495104533,2495104533,0
mcs50_r02_s50.A03,mcs50_r02_s50.B03,dsb_never,17,33,4235868078,1000.02,1,257691879,58.3225,2443030243,2443030243,0
mcs50_r02_s50.A04,mcs50_r02_s50.B04,dsb_never,18,54,4186582447,1000.02,1,3411168130,801.681,2411438664,2411438664,0
mcs50_r02_s50.A05,mcs50_r02_s50.B05,dsb_never,17,38,4876891539,1000.02,1,403587509,78.2003,2806840579,2806840579,0
mcs50_r02_s50.A06,mcs50_r02_s50.B06,dsb_never,17,35,4986088722,1000.01,1,31761513,5.97452,2865062221,2865062221,0
mcs50_r02_s50.A07,mcs50_r02_s50.B07,dsb_never,17,37,4886765377,1000.02,1,193765949,37.0961,2793707587,2793707587,0
mcs50_r02_s50.A08,mcs50_r02_s50.B08,dsb_never,17,43,4859781977,1000.02,1,314335970,61.0682,2785264641,2785264641,0
mcs50_r02_s50.A09,mcs50_r02_s50.B09,dsb_never,17,28,4851767556,1000.02,1,880295094,170.563,2780756941,2780756941,0
mcs50_r02_s60.A00,mcs50_r02_s60.B00,dsb_never,18,43,4615512675,1000.01,1,715939793,144.33,2570108107,2570108107,0
mcs50_r02_s60.A01,mcs50_r02_s60.B01,dsb_never,17,44,4866013016,1000.02,1,26392848,4.98939,2679597424,2679597424,0
mcs50_r02_s60.A02,mcs50_r02_s60.B02,dsb_never,18,37,4607071735,1000.02,1,75802106,15.3281,2561475730,2561475730,0
mcs50_r02_s60.A03,mcs50_r02_s60.B03,dsb_never,18,49,4563848119,1000.01,1,94594638,19.5092,2561450208,2561450208,0
mcs50_r02_s60.A04,mcs50_r02_s60.B04,dsb_never,18,50,4693642413,1000.01,1,3088024043,644.365,2597402814,2597402814,0
mcs50_r02_s60.A05,mcs50_r02_s60.B05,dsb_never,18,49,4610404269,1000,1,53710796,10.6761,2579266951,2579266951,0
mcs50_r02_s60.A06,mcs50_r02_s60.B06,dsb_never,18,41,4652972250,1000.02,1,1361173031,276.358,2588296185,2588296185,0
mcs50_r02_s60.A07,mcs50_r02_s60.B07,dsb_never,18,44,4796138147,1000,1,3281311915,669.035,2665819071,2665819071,0
mcs50_r02_s60.A08,mcs50_r02_s60.B08,dsb_never,18,43,4603088746,1000.02,1,1272469328,259.716,2569283979,2569283979,0
mcs50_r02_s60.A09,mcs50_r02_s60.B09,dsb_never,17,37,4931980015,1000.01,1,1019536,0.186121,2739578937,2739578937,0
mcs50_r02_s70.A00,mcs50_r02_s70.B00,dsb_never,18,46,4578423728,1000.01,1,128981347,26.0487,2492436881,2492436881,0
mcs50_r02_s70.A01,mcs50_r02_s70.B01,dsb_never,19,49,4527933269,1000.02,1,1619361204,342.042,2484878005,2484878005,0
mcs50_r02_s70.A02,mcs50_r02_s70.B02,dsb_never,19,51,4459355653,1000.02,1,1644383296,351.45,2458851335,2458851335,0
mcs50_r02_s70.A03,mcs50_r02_s70.B03,dsb_never,18,38,4706349562,1000.02,1,26020529,4.99018,2574364125,2574364125,0
mcs50_r02_s70.A04,mcs50_r02_s70.B04,dsb_never,18,41,4619749893,1000.01,1,75506460,14.7602,2542498556,2542498556,0
mcs50_r02_s70.A05,mcs50_r02_s70.B05,dsb_never,18,37,4636172565,1000.01,1,325054535,65.1552,2518852906,2518852906,0
mcs50_r02_s70.A06,mcs50_r02_s70.B06,dsb_never,18,44,4634834953,1000.02,1,68704821,13.6077,2533126749,2533126749,0
mcs50_r02_s70.A07,mcs50_r02_s70.B07,dsb_never,18,50,4586933116,1000.01,1,8029303,1.5755,2506538206,2506538206,0
mcs50_r02_s70.A08,mcs50_r02_s70.B08,dsb_never,18,50,4708398631,1000.02,1,34772645,6.72814,2549017092,2549017092,0
mcs50_r02_s70.A09,mcs50_r02_s70.B09,dsb_never,18,50,4663098211,1000.01,1,71382741,14.1177,2530426531,2530426531,0
mcs50_r02_s80.A00,mcs50_r02_s80.B00,dsb_never,19,45,4512690761,1000.02,1,253559240,51.9913,2431020682,2431020682,0
mcs50_r02_s80.A01,mcs50_r02_s80.B01,dsb_never,19,53,4670636524,1000.01,1,2158921712,439.067,2519681550,2519681550,0
mcs50_r02_s80.A02,mcs50_r02_s80.B02,dsb_never,18,44,4761487664,1000.01,1,3896625,0.72084,2561714423,2561714423,0
mcs50_r02_s80.A03,mcs50_r02_s80.B03,dsb_never,19,44,4593730417,1000.01,1,3113834082,661.677,2463016247,2463016247,0
mcs50_r02_s80.A04,mcs50_r02_s80.B04,dsb_never,19,58,4610178023,1000.02,1,2671963623,558.266,2471320812,2471320812,0
mcs50_r02_s80.A05,mcs50_r02_s80.B05,dsb_never,19,56,4443200025,1000.01,1,641004949,133.111,2404366035,2404366035,0
mcs50_r02_s80.A06,mcs50_r02_s80.B06,dsb_never,19,49,4512673393,1000.02,1,2152395736,457.865,2416883131,2416883131,0
mcs50_r02_s80.A07,mcs50_r02_s80.B07,dsb_never,19,52,4412301763,1000.02,1,88960110,18.3043,2387906366,2387906366,0
mcs50_r02_s80.A08,mcs50_r02_s80.B08,dsb_never,19,57,4622107818,1000.02,1,2206081918,458.442,2477546722,2477546722,0
mcs50_r02_s80.A09,mcs50_r02_s80.B09,dsb_never,19,47,4480270210,1000.01,1,681000004,141.948,2411768577,2411768577,0
mcs50_r02_s90.A00,mcs50_r02_s90.B00,dsb_never,19,53,4497311592,1000.01,1,27402869,5.53625,2402290101,2402290101,0
mcs50_r02_s90.A01,mcs50_r02_s90.B01,dsb_never,19,49,4563275496,1000.01,1,210655804,41.9916,2434640577,2434640577,0
mcs50_r02_s90.A02,mcs50_r02_s90.B02,dsb_never,19,54,4528546144,1000.02,1,57939698,11.5516,2410560900,2410560900,0
mcs50_r02_s90.A03,mcs50_r02_s90.B03,dsb_never,19,52,4543767623,1000.02,1,28590846,5.72432,2424223349,2424223349,0
mcs50_r02_s90.A04,mcs50_r02_s90.B04,dsb_never,19,63,4574021961,1000.01,1,147480735,30.0966,2449857908,2449857908,0
mcs50_r02_s90.A05,mcs50_r02_s90.B05,dsb_never,19,40,4598928905,1000.02,1,73493248,14.7312,2449858672,2449858672,0
mcs50_r02_s90.A06,mcs50_r02_s90.B06,dsb_never,19,48,4606422421,1000.02,1,53554875,10.705,2459116216,2459116216,0
mcs50_r02_s90.A07,mcs50_r02_s90.B07,dsb_never,19,51,4568214106,1000.01,1,378046859,75.9228,2427289577,2427289577,0
mcs50_r02_s90.A08,mcs50_r02_s90.B08,dsb_never,19,62,4446995463,1000.01,1,235276373,48.263,2369418438,2369418438,0
mcs50_r02_s90.A09,mcs50_r02_s90.B09,dsb_never,19,39,4583664726,1000.01,1,35475554,6.99004,2443834963,2443834963,0
mcs70_b03_s10.A00,mcs70_b03_s10.B00,dsb_never,8,11,257,5.54E-05,0,134,1.95E-05,168,168,0
mcs70_b03_s10.A01,mcs70_b03_s10.B01,dsb_never,8,9,355,6.30E-05,0,9,8.21E-06,236,236,0
mcs70_b03_s10.A02,mcs70_b03_s10.B02,dsb_never,7,7,855,0.000189654,0,8,1.15E-05,563,563,0
mcs70_b03_s10.A03,mcs70_b03_s10.B03,dsb_never,8,12,297,5.60E-05,0,9,8.27E-06,197,197,0
mcs70_b03_s10.A04,mcs70_b03_s10.B04,dsb_never,8,9,311,5.52E-05,0,64,1.41E-05,211,211,0
mcs70_b03_s10.A05,mcs70_b03_s10.B05,dsb_never,9,13,231,1.00E-04,0,212,4.89E-05,156,156,0
mcs70_b03_s10.A06,mcs70_b03_s10.B06,dsb_never,8,12,157,4.84E-05,0,9,6.63E-06,116,116,0
mcs70_b03_s10.A07,mcs70_b03_s10.B07,dsb_never,8,11,99,3.44E-05,0,9,7.79E-06,75,75,0
mcs70_b03_s10.A08,mcs70_b03_s10.B08,dsb_never,8,9,163,4.91E-05,0,21,9.73E-06,112,112,0
mcs70_b03_s10.A09,mcs70_b03_s10.B09,dsb_never,9,13,44,3.38E-05,0,19,7.55E-06,32,32,0
mcs70_b03_s100.A00,mcs70_b03_s100.B00,dsb_never,76,79,9253607662,1000.02,1,1081815297,108.697,6471887019,6471887019,0
mcs70_b03_s100.A01,mcs70_b03_s100.B01,dsb_never,73,79,9931948339,1000.02,1,188515,0.00837978,6325775611,6325775611,0
mcs70_b03_s100.A02,mcs70_b03_s100.B02,dsb_never,71,67,9927278328,1000.01,1,2627927259,220.803,7444884001,7444884001,0
mcs70_b03_s100.A03,mcs70_b03_s100.B03,dsb_never,71,71,9540814754,1000.01,1,100655165,8.86249,6829485323,6829485323,0
mcs70_b03_s100.A04,mcs70_b03_s100.B04,dsb_never,71,68,9918137844,1000.02,1,7475585059,750.136,7414373322,7414373322,0
mcs70_b03_s100.A05,mcs70_b03_s100.B05,dsb_never,76,92,9505777788,1000.01,1,31589105,2.51325,6782356257,6782356257,0
mcs70_b03_s100.A06,mcs70_b03_s100.B06,dsb_never,76,79,9631861011,1000.02,1,5772059611,587.119,6746341766,6746341766,0
mcs70_b03_s100.A07,mcs70_b03_s100.B07,dsb_never,67,67,11441276285,1000.02,1,10051605450,871.549,8149857735,8149857735,0
mcs70_b03_s100.A08,mcs70_b03_s100.B08,dsb_never,73,72,5089504201,1000.03,1,721929162,135.634,3569583015,3569583015,0
mcs70_b03_s100.A09,mcs70_b03_s100.B09,dsb_never,73,76,9476275701,1000.02,1,7239219997,761.961,6656990069,6656990069,0
mcs70_b03_s15.A00,mcs70_b03_s15.B00,dsb_never,13,18,980,0.000136837,0,779,8.99E-05,609,609,0
mcs70_b03_s15.A01,mcs70_b03_s15.B01,dsb_never,12,14,2048,0.000226963,0,647,6.88E-05,1280,1280,0
mcs70_b03_s15.A02,mcs70_b03_s15.B02,dsb_never,13,16,1582,0.000190196,0,1251,0.000130927,966,966,0
mcs70_b03_s15.A03,mcs70_b03_s15.B03,dsb_never,13,18,435,0.00016734,0,311,8.85E-05,280,280,0
mcs70_b03_s15.A04,mcs70_b03_s15.B04,dsb_never,12,15,1966,0.000433267,0,1018,0.000203024,1273,1273,0
mcs70_b03_s15.A05,mcs70_b03_s15.B05,dsb_never,11,16,6318,0.000554275,0,65,1.48E-05,3769,3769,0
mcs70_b03_s15.A06,mcs70_b03_s15.B06,dsb_never,13,18,765,0.000116156,0,653,7.76E-05,495,495,0
mcs70_b03_s15.A07,mcs70_b03_s15.B07,dsb_never,13,18,498,8.12E-05,0,442,5.32E-05,315,315,0
mcs70_b03_s15.A08,mcs70_b03_s15.B08,dsb_never,12,14,2470,0.000277418,0,912,0.00010005,1505,1505,0
mcs70_b03_s15.A09,mcs70_b03_s15.B09,dsb_never,13,18,555,9.18E-05,0,326,4.54E-05,373,373,0
mcs70_b03_s20.A00,mcs70_b03_s20.B00,dsb_never,16,20,20729,0.00193015,0,15692,0.00144554,12717,12717,0
mcs70_b03_s20.A01,mcs70_b03_s20.B01,dsb_never,16,23,17327,0.00166578,0,5183,0.000487973,10443,10443,0
mcs70_b03_s20.A02,mcs70_b03_s20.B02,dsb_never,17,24,3751,0.000410467,0,1235,0.000145939,2250,2250,0
mcs70_b03_s20.A03,mcs70_b03_s20.B03,dsb_never,17,24,3153,0.000362736,0,647,8.18E-05,2001,2001,0
mcs70_b03_s20.A04,mcs70_b03_s20.B04,dsb_never,16,23,14443,0.00279888,0,17,2.42E-05,8696,8696,0
mcs70_b03_s20.A05,mcs70_b03_s20.B05,dsb_never,16,23,15300,0.00309262,0,826,0.00026697,9217,9217,0
mcs70_b03_s20.A06,mcs70_b03_s20.B06,dsb_never,16,23,17647,0.00179236,0,6226,0.000593335,10627,10627,0
mcs70_b03_s20.A07,mcs70_b03_s20.B07,dsb_never,17,23,7361,0.000747349,0,4625,0.000465022,4351,4351,0
mcs70_b03_s20.A08,mcs70_b03_s20.B08,dsb_never,16,24,21911,0.00207683,0,14398,0.0013498,13354,13354,0
mcs70_b03_s20.A09,mcs70_b03_s20.B09,dsb_never,16,20,12087,0.00128385,0,1672,0.000146131,7516,7516,0
mcs70_b03_s25.A00,mcs70_b03_s25.B00,dsb_never,20,28,61521,0.00618385,0,34,1.77E-05,38256,38256,0
mcs70_b03_s25.A01,mcs70_b03_s25.B01,dsb_never,22,31,2858,0.000361704,0,1996,0.000227583,1781,1781,0
mcs70_b03_s25.A02,mcs70_b03_s25.B02,dsb_never,20,25,69490,0.00669358,0,2088,0.000187832,42696,42696,0
mcs70_b03_s25.A03,mcs70_b03_s25.B03,dsb_never,20,22,219968,0.0204359,0,204032,0.0188856,137826,137826,0
mcs70_b03_s25.A04,mcs70_b03_s25.B04,dsb_never,20,27,96826,0.00854716,0,50751,0.00411195,62352,62352,0
mcs70_b03_s25.A05,mcs70_b03_s25.B05,dsb_never,21,28,99687,0.00806204,0,90134,0.00709394,62651,62651,0
mcs70_b03_s25.A06,mcs70_b03_s25.B06,dsb_never,21,29,211125,0.0196394,0,202834,0.0186764,131614,131614,0
mcs70_b03_s25.A07,mcs70_b03_s25.B07,dsb_never,20,27,77709,0.00764101,0,31142,0.00281058,49154,49154,0
mcs70_b03_s25.A08,mcs70_b03_s25.B08,dsb_never,20,26,54116,0.00520756,0,9531,0.000753192,34162,34162,0
mcs70_b03_s25.A09,mcs70_b03_s25.B09,dsb_never,20,23,48569,0.00893644,0,11001,0.00164677,30799,30799,0
mcs70_b03_s30.A00,mcs70_b03_s30.B00,dsb_never,24,29,636643,0.119915,0,356179,0.0651491,408111,408111,0
mcs70_b03_s30.A01,mcs70_b03_s30.B01,dsb_never,24,33,1906497,0.166772,0,1399045,0.117348,1270307,1270307,0
mcs70_b03_s30.A02,mcs70_b03_s30.B02,dsb_never,24,32,1608062,0.149205,0,1217813,0.110697,1104782,1104782,0
mcs70_b03_s30.A03,mcs70_b03_s30.B03,dsb_never,24,31,549536,0.0522402,0,157071,0.0139037,351244,351244,0
mcs70_b03_s30.A04,mcs70_b03_s30.B04,dsb_never,25,29,429764,0.0381563,0,365593,0.0316906,297726,297726,0
mcs70_b03_s30.A05,mcs70_b03_s30.B05,dsb_never,25,36,315875,0.0304016,0,262566,0.0250869,190353,190353,0
mcs70_b03_s30.A06,mcs70_b03_s30.B06,dsb_never,24,24,1002950,0.0909871,0,679220,0.0588233,639391,639391,0
mcs70_b03_s30.A07,mcs70_b03_s30.B07,dsb_never,25,36,234701,0.0207893,0,190814,0.0162466,147991,147991,0
mcs70_b03_s30.A08,mcs70_b03_s30.B08,dsb_never,25,35,68138,0.0069811,0,145,2.82E-05,44452,44452,0
mcs70_b03_s30.A09,mcs70_b03_s30.B09,dsb_never,24,35,413672,0.037115,0,117606,0.00886469,274311,274311,0
mcs70_b03_s35.A00,mcs70_b03_s35.B00,dsb_never,29,41,11525559,1.0145,0,10755610,0.938572,7874347,7874347,0
mcs70_b03_s35.A01,mcs70_b03_s35.B01,dsb_never,30,41,3762446,0.332149,0,3645636,0.320533,2420476,2420476,0
mcs70_b03_s35.A02,mcs70_b03_s35.B02,dsb_never,28,35,13759427,2.59239,0,10003117,1.81475,9911308,9911308,0
mcs70_b03_s35.A03,mcs70_b03_s35.B03,dsb_never,30,42,10239529,1.92027,0,10116256,1.89517,6762583,6762583,0
mcs70_b03_s35.A04,mcs70_b03_s35.B04,dsb_never,30,40,1109868,0.100475,0,998675,0.0890951,712157,712157,0
mcs70_b03_s35.A05,mcs70_b03_s35.B05,dsb_never,28,29,17137411,1.53313,0,9000151,0.741487,12022567,12022567,0
mcs70_b03_s35.A06,mcs70_b03_s35.B06,dsb_never,28,31,7944254,0.712736,0,982505,0.0769484,5337685,5337685,0
mcs70_b03_s35.A07,mcs70_b03_s35.B07,dsb_never,28,40,15499852,1.42379,0,7648738,0.663831,10147315,10147315,0
mcs70_b03_s35.A08,mcs70_b03_s35.B08,dsb_never,29,40,6511887,0.568198,0,5684841,0.485666,4399793,4399793,0
mcs70_b03_s35.A09,mcs70_b03_s35.B09,dsb_never,29,32,3834356,0.341225,0,3157452,0.275888,2592856,2592856,0
mcs70_b03_s40.A00,mcs70_b03_s40.B00,dsb_never,34,47,6398738,0.619317,0,5774549,0.553342,4151426,4151426,0
mcs70_b03_s40.A01,mcs70_b03_s40.B01,dsb_never,33,46,7541214,0.755445,0,1052492,0.0997581,4957363,4957363,0
mcs70_b03_s40.A02,mcs70_b03_s40.B02,dsb_never,33,46,96109850,9.15431,0,93346349,8.87329,65824553,65824553,0
mcs70_b03_s40.A03,mcs70_b03_s40.B03,dsb_never,33,37,49673641,4.51916,0,43145749,3.88619,33286731,33286731,0
mcs70_b03_s40.A04,mcs70_b03_s40.B04,dsb_never,33,38,61648783,5.51783,0,58801483,5.23711,41979362,41979362,0
mcs70_b03_s40.A05,mcs70_b03_s40.B05,dsb_never,32,43,60667194,11.7532,0,22455610,4.22553,40736157,40736157,0
mcs70_b03_s40.A06,mcs70_b03_s40.B06,dsb_never,33,38,13802582,2.67319,0,5880941,1.08132,9416899,9416899,0
mcs70_b03_s40.A07,mcs70_b03_s40.B07,dsb_never,33,46,24939126,2.37685,0,19250323,1.78863,16752366,16752366,0
mcs70_b03_s40.A08,mcs70_b03_s40.B08,dsb_never,32,45,46257353,4.40804,0,17411532,1.62096,31737992,31737992,0
mcs70_b03_s40.A09,mcs70_b03_s40.B09,dsb_never,32,34,71312568,6.84443,0,31115843,2.85622,49610986,49610986,0
mcs70_b03_s50.A00,mcs70_b03_s50.B00,dsb_never,41,50,1544709722,158.146,0,1057752061,105.34,1028582066,1028582066,0
mcs70_b03_s50.A01,mcs70_b03_s50.B01,dsb_never,40,47,9839156872,1000.01,1,6301478697,623.456,6694604654,6694604654,0
mcs70_b03_s50.A02,mcs70_b03_s50.B02,dsb_never,41,46,1229295487,125.923,0,346980794,34.1296,840776644,840776644,0
mcs70_b03_s50.A03,mcs70_b03_s50.B03,dsb_never,40,52,3324599365,341.927,0,1061581747,106.589,2229986098,2229986098,0
mcs70_b03_s50.A04,mcs70_b03_s50.B04,dsb_never,41,54,818945087,81.5993,0,302255902,28.0944,538518395,538518395,0
mcs70_b03_s50.A05,mcs70_b03_s50.B05,dsb_never,40,54,4867066887,1000.02,1,3938141154,804.289,3310289119,3310289119,0
mcs70_b03_s50.A06,mcs70_b03_s50.B06,dsb_never,39,40,4913905876,1000.02,1,99709221,18.6122,3292242203,3292242203,0
mcs70_b03_s50.A07,mcs70_b03_s50.B07,dsb_never,39,41,9879274735,1000.02,1,1959371932,191.808,6970192070,6970192070,0
mcs70_b03_s50.A08,mcs70_b03_s50.B08,dsb_never,41,56,2847982192,286.637,0,2565926293,256.683,1917805884,1917805884,0
mcs70_b03_s50.A09,mcs70_b03_s50.B09,dsb_never,39,44,10122959281,1000.02,1,1089186539,104.389,6764008973,6764008973,0
mcs70_b03_s60.A00,mcs70_b03_s60.B00,dsb_never,46,46,9970684780,1000.02,1,5577724,0.496497,6807950540,6807950540,0
mcs70_b03_s60.A01,mcs70_b03_s60.B01,dsb_never,47,54,9594686833,1000.01,1,5138532725,529.451,6372814542,6372814542,0
mcs70_b03_s60.A02,mcs70_b03_s60.B02,dsb_never,47,49,10092827028,1000.02,1,4687584153,450.759,7036292622,7036292622,0
mcs70_b03_s60.A03,mcs70_b03_s60.B03,dsb_never,48,65,9162442318,1000.01,1,2086,0.000237838,6256795478,6256795478,0
mcs70_b03_s60.A04,mcs70_b03_s60.B04,dsb_never,46,51,10381314485,1000.01,1,2440762,0.198386,7005799556,7005799556,0
mcs70_b03_s60.A05,mcs70_b03_s60.B05,dsb_never,47,51,9640432827,1000.02,1,10196294,0.913269,6597228478,6597228478,0
mcs70_b03_s60.A06,mcs70_b03_s60.B06,dsb_never,46,52,9934248509,1000.01,1,1599919553,154.131,6657537242,6657537242,0
mcs70_b03_s60.A07,mcs70_b03_s60.B07,dsb_never,46,48,9500396488,1000.02,1,524527763,51.6202,6778122889,6778122889,0
mcs70_b03_s60.A08,mcs70_b03_s60.B08,dsb_never,45,46,10300272421,1000.01,1,5216088982,490.367,6847784350,6847784350,0
mcs70_b03_s60.A09,mcs70_b03_s60.B09,dsb_never,47,55,10072726457,1000.02,1,4463090526,429.794,6969131476,6969131476,0
mcs70_b03_s70.A00,mcs70_b03_s70.B00,dsb_never,53,62,9805419396,1000.02,1,7032134,0.595495,6586781148,6586781148,0
mcs70_b03_s70.A01,mcs70_b03_s70.B01,dsb_never,50,54,10469275567,1000.02,1,154023,0.0102693,7230316345,7230316345,0
mcs70_b03_s70.A02,mcs70_b03_s70.B02,dsb_never,53,57,10397894472,1000.02,1,7591358264,720.433,7263735576,7263735576,0
mcs70_b03_s70.A03,mcs70_b03_s70.B03,dsb_never,56,70,9730141387,1000.02,1,319850989,31.6877,6751707004,6751707004,0
mcs70_b03_s70.A04,mcs70_b03_s70.B04,dsb_never,53,56,8390543904,1000.02,1,805464279,88.2722,5680301457,5680301457,0
mcs70_b03_s70.A05,mcs70_b03_s70.B05,dsb_never,56,65,9134564711,1000.02,1,8028423942,874.58,6352841448,6352841448,0
mcs70_b03_s70.A06,mcs70_b03_s70.B06,dsb_never,53,60,9558604656,1000.01,1,1321161072,129.953,6587759150,6587759150,0
mcs70_b03_s70.A07,mcs70_b03_s70.B07,dsb_never,52,57,9989176430,1000.02,1,8022930871,795.948,6915424838,6915424838,0
mcs70_b03_s70.A08,mcs70_b03_s70.B08,dsb_never,51,49,10266435269,1000.01,1,6697773128,641.169,6954899986,6954899986,0
mcs70_b03_s70.A09,mcs70_b03_s70.B09,dsb_never,52,52,10129466678,1000.02,1,144909381,14.7167,6928361616,6928361616,0
mcs70_b03_s80.A00,mcs70_b03_s80.B00,dsb_never,59,66,10358886177,1000.02,1,202686650,18.7243,6915732718,6915732718,0
mcs70_b03_s80.A01,mcs70_b03_s80.B01,dsb_never,58,50,10180334597,1000.02,1,3021667678,293.71,7363072871,7363072871,0
mcs70_b03_s80.A02,mcs70_b03_s80.B02,dsb_never,58,65,10295801989,1000.02,1,21402197,1.86383,7143060617,7143060617,0
mcs70_b03_s80.A03,mcs70_b03_s80.B03,dsb_never,59,63,10036008288,1000.02,1,105793018,9.14893,6773615868,6773615868,0
mcs70_b03_s80.A04,mcs70_b03_s80.B04,dsb_never,59,60,9681438011,1000.01,1,453254338,43.2187,6934640595,6934640595,0
mcs70_b03_s80.A05,mcs70_b03_s80.B05,dsb_never,58,59,10350942360,1000.02,1,5026463208,473.965,7171294133,7171294133,0
mcs70_b03_s80.A06,mcs70_b03_s80.B06,dsb_never,60,64,9476114263,1000.02,1,1637353119,168.216,6628532909,6628532909,0
mcs70_b03_s80.A07,mcs70_b03_s80.B07,dsb_never,61,62,9635536427,1000.02,1,6009156327,618.339,6730370330,6730370330,0
mcs70_b03_s80.A08,mcs70_b03_s80.B08,dsb_never,59,57,9518058728,1000.02,1,6896791778,709.701,6725784714,6725784714,0
mcs70_b03_s80.A09,mcs70_b03_s80.B09,dsb_never,57,61,10310940599,1000.02,1,5556990459,525.407,7169032583,7169032583,0
mcs70_b03_s90.A00,mcs70_b03_s90.B00,dsb_never,69,73,9818736049,1000.02,1,522656485,48.4868,6614981814,6614981814,0
mcs70_b03_s90.A01,mcs70_b03_s90.B01,dsb_never,70,83,4637760331,1000.02,1,110442904,20.7042,3171526390,3171526390,0
mcs70_b03_s90.A02,mcs70_b03_s90.B02,dsb_never,67,70,4984889868,1000.02,1,72325686,13.4705,3536500078,3536500078,0
mcs70_b03_s90.A03,mcs70_b03_s90.B03,dsb_never,65,64,10112237522,1000.02,1,1813743921,171.604,7072742484,7072742484,0
mcs70_b03_s90.A04,mcs70_b03_s90.B04,dsb_never,68,75,9568169677,1000.02,1,421032318,40.6123,6415790419,6415790419,0
mcs70_b03_s90.A05,mcs70_b03_s90.B05,dsb_never,68,81,9516959884,1000.02,1,168516479,17.319,6477907710,6477907710,0
mcs70_b03_s90.A06,mcs70_b03_s90.B06,dsb_never,65,69,10003436439,1000.01,1,4034657020,394.582,6767049980,6767049980,0
mcs70_b03_s90.A07,mcs70_b03_s90.B07,dsb_never,71,84,9117139059,1000.02,1,1687346852,171.987,6269154455,6269154455,0
mcs70_b03_s90.A08,mcs70_b03_s90.B08,dsb_never,64,75,9195827933,1000.01,1,6268055,0.497001,6062016895,6062016895,0
mcs70_b03_s90.A09,mcs70_b03_s90.B09,dsb_never,66,65,8599945843,1000.01,1,1838408476,203.014,5831791506,5831791506,0
mcs70_b03m_s10.A00,mcs70_b03m_s10.B00,dsb_never,8,9,354,6.90E-05,0,279,3.26E-05,225,225,0
mcs70_b03m_s10.A01,mcs70_b03m_s10.B01,dsb_never,7,8,580,8.18E-05,0,31,9.10E-06,375,375,0
mcs70_b03m_s10.A02,mcs70_b03m_s10.B02,dsb_never,8,10,234,0.000109844,0,172,4.67E-05,157,157,0
mcs70_b03m_s10.A03,mcs70_b03m_s10.B03,dsb_never,7,10,495,7.74E-05,0,8,6.89E-06,318,318,0
mcs70_b03m_s10.A04,mcs70_b03m_s10.B04,dsb_never,8,10,200,5.40E-05,0,121,2.06E-05,139,139,0
mcs70_b03m_s10.A05,mcs70_b03m_s10.B05,dsb_never,8,8,231,5.57E-05,0,9,1.17E-05,159,159,0
mcs70_b03m_s10.A06,mcs70_b03m_s10.B06,dsb_never,8,8,229,5.61E-05,0,169,2.48E-05,156,156,0
mcs70_b03m_s10.A07,mcs70_b03m_s10.B07,dsb_never,7,8,337,6.80E-05,0,8,7.62E-06,234,234,0
mcs70_b03m_s10.A08,mcs70_b03m_s10.B08,dsb_never,8,9,136,4.71E-05,0,14,7.21E-06,98,98,0
mcs70_b03m_s10.A09,mcs70_b03m_s10.B09,dsb_never,8,9,164,5.03E-05,0,106,1.94E-05,109,109,0
mcs70_b03m_s100.A00,mcs70_b03m_s100.B00,dsb_never,73,67,10182072558,1000.02,1,3012898157,275.798,7259228889,7259228889,0
mcs70_b03m_s100.A01,mcs70_b03m_s100.B01,dsb_never,70,57,9931512418,1000.02,1,8003250370,785.365,7711657113,7711657113,0
mcs70_b03m_s100.A02,mcs70_b03m_s100.B02,dsb_never,72,64,9934378119,1000.01,1,9342662192,937.922,8098361158,8098361158,0
mcs70_b03m_s100.A03,mcs70_b03m_s100.B03,dsb_never,68,59,5235970630,1000.02,1,606351623,73.5875,3930991925,3930991925,0
mcs70_b03m_s100.A04,mcs70_b03m_s100.B04,dsb_never,70,62,5668240371,1000.02,1,2663913701,388.888,4011685627,4011685627,0
mcs70_b03m_s100.A05,mcs70_b03m_s100.B05,dsb_never,69,56,4919348011,1000.03,1,900605664,169.216,3688389509,3688389509,0
mcs70_b03m_s100.A06,mcs70_b03m_s100.B06,dsb_never,63,50,19109105033,1000.02,1,14178614299,728.035,14652067658,14652067658,0
mcs70_b03m_s100.A07,mcs70_b03m_s100.B07,dsb_never,67,51,29615232768,1000.01,1,12880113594,438.524,23189618499,23189618499,0
mcs70_b03m_s100.A08,mcs70_b03m_s100.B08,dsb_never,71,60,10305126619,1000.02,1,1637395365,158.219,6907732809,6907732809,0
mcs70_b03m_s100.A09,mcs70_b03m_s100.B09,dsb_never,70,61,9477189217,1000.02,1,2626201771,267.716,7323712857,7323712857,0
mcs70_b03m_s15.A00,mcs70_b03m_s15.B00,dsb_never,13,18,462,9.00E-05,0,312,4.09E-05,309,309,0
mcs70_b03m_s15.A01,mcs70_b03m_s15.B01,dsb_never,12,9,3007,0.000304226,0,2024,0.000177796,1929,1929,0
mcs70_b03m_s15.A02,mcs70_b03m_s15.B02,dsb_never,12,11,2872,0.000291897,0,2210,0.000211637,1772,1772,0
mcs70_b03m_s15.A03,mcs70_b03m_s15.B03,dsb_never,12,17,847,0.000134322,0,13,8.86E-06,587,587,0
mcs70_b03m_s15.A04,mcs70_b03m_s15.B04,dsb_never,12,9,3494,0.000325689,0,3405,0.000290576,2238,2238,0
mcs70_b03m_s15.A05,mcs70_b03m_s15.B05,dsb_never,12,10,2925,0.00031187,0,2572,0.000249026,1907,1907,0
mcs70_b03m_s15.A06,mcs70_b03m_s15.B06,dsb_never,12,13,948,0.000141974,0,121,2.91E-05,621,621,0
mcs70_b03m_s15.A07,mcs70_b03m_s15.B07,dsb_never,11,15,3594,0.000333051,0,150,1.93E-05,2358,2358,0
mcs70_b03m_s15.A08,mcs70_b03m_s15.B08,dsb_never,12,12,1348,0.000171759,0,155,2.23E-05,922,922,0
mcs70_b03m_s15.A09,mcs70_b03m_s15.B09,dsb_never,12,13,1236,0.000164187,0,304,3.89E-05,805,805,0
mcs70_b03m_s20.A00,mcs70_b03m_s20.B00,dsb_never,15,16,43086,0.00411807,0,14241,0.00124814,27635,27635,0
mcs70_b03m_s20.A01,mcs70_b03m_s20.B01,dsb_never,16,17,26331,0.00269319,0,19090,0.0019451,16445,16445,0
mcs70_b03m_s20.A02,mcs70_b03m_s20.B02,dsb_never,15,16,71086,0.0064908,0,14215,0.00115623,44239,44239,0
mcs70_b03m_s20.A03,mcs70_b03m_s20.B03,dsb_never,16,19,21945,0.00187476,0,19964,0.00165834,14328,14328,0
mcs70_b03m_s20.A04,mcs70_b03m_s20.B04,dsb_never,16,15,9488,0.000955511,0,1735,0.000178079,6040,6040,0
mcs70_b03m_s20.A05,mcs70_b03m_s20.B05,dsb_never,16,21,15178,0.00142716,0,8210,0.000728769,10175,10175,0
mcs70_b03m_s20.A06,mcs70_b03m_s20.B06,dsb_never,15,22,20594,0.00191768,0,478,5.70E-05,13377,13377,0
mcs70_b03m_s20.A07,mcs70_b03m_s20.B07,dsb_never,15,15,20069,0.00172652,0,79,1.65E-05,12607,12607,0
mcs70_b03m_s20.A08,mcs70_b03m_s20.B08,dsb_never,16,18,32142,0.00295987,0,31352,0.00285588,19995,19995,0
mcs70_b03m_s20.A09,mcs70_b03m_s20.B09,dsb_never,16,23,18928,0.00171984,0,13230,0.00114982,12303,12303,0
mcs70_b03m_s25.A00,mcs70_b03m_s25.B00,dsb_never,19,17,193893,0.0183594,0,414,4.89E-05,126735,126735,0
mcs70_b03m_s25.A01,mcs70_b03m_s25.B01,dsb_never,19,18,414933,0.0376915,0,95318,0.00832377,275556,275556,0
mcs70_b03m_s25.A02,mcs70_b03m_s25.B02,dsb_never,19,15,224975,0.0214023,0,14761,0.00135761,150004,150004,0
mcs70_b03m_s25.A03,mcs70_b03m_s25.B03,dsb_never,19,20,437729,0.0396768,0,4596,0.000383337,287276,287276,0
mcs70_b03m_s25.A04,mcs70_b03m_s25.B04,dsb_never,20,18,186559,0.0176223,0,166307,0.0156914,124169,124169,0
mcs70_b03m_s25.A05,mcs70_b03m_s25.B05,dsb_never,19,22,219871,0.0202763,0,9236,0.00113735,145269,145269,0
mcs70_b03m_s25.A06,mcs70_b03m_s25.B06,dsb_never,19,18,359115,0.0338483,0,159224,0.0143014,245521,245521,0
mcs70_b03m_s25.A07,mcs70_b03m_s25.B07,dsb_never,19,15,409961,0.0328358,0,222801,0.0159821,285890,285890,0
mcs70_b03m_s25.A08,mcs70_b03m_s25.B08,dsb_never,20,17,124509,0.0112179,0,98396,0.00873885,82732,82732,0
mcs70_b03m_s25.A09,mcs70_b03m_s25.B09,dsb_never,19,19,448664,0.0384459,0,276952,0.0226719,314943,314943,0
mcs70_b03m_s30.A00,mcs70_b03m_s30.B00,dsb_never,23,19,5297858,0.451515,0,881797,0.0705939,3686124,3686124,0
mcs70_b03m_s30.A01,mcs70_b03m_s30.B01,dsb_never,23,21,1806308,0.178154,0,37327,0.00281802,1261827,1261827,0
mcs70_b03m_s30.A02,mcs70_b03m_s30.B02,dsb_never,23,22,2001440,0.193073,0,12988,0.00114935,1250929,1250929,0
mcs70_b03m_s30.A03,mcs70_b03m_s30.B03,dsb_never,23,19,4024836,0.329595,0,1526057,0.111032,2871411,2871411,0
mcs70_b03m_s30.A04,mcs70_b03m_s30.B04,dsb_never,23,20,2364606,0.210669,0,401145,0.0354768,1627426,1627426,0
mcs70_b03m_s30.A05,mcs70_b03m_s30.B05,dsb_never,23,18,1407537,0.138898,0,222921,0.0207939,947888,947888,0
mcs70_b03m_s30.A06,mcs70_b03m_s30.B06,dsb_never,23,23,2129659,0.194052,0,2408,0.000216176,1552717,1552717,0
mcs70_b03m_s30.A07,mcs70_b03m_s30.B07,dsb_never,24,32,705695,0.0688095,0,522912,0.0506638,444798,444798,0
mcs70_b03m_s30.A08,mcs70_b03m_s30.B08,dsb_never,23,20,5412982,0.44981,0,3913149,0.312597,3722651,3722651,0
mcs70_b03m_s30.A09,mcs70_b03m_s30.B09,dsb_never,23,21,2365494,0.201617,0,1168852,0.0971539,1684626,1684626,0
mcs70_b03m_s35.A00,mcs70_b03m_s35.B00,dsb_never,27,24,14238531,1.40812,0,1020110,0.0939165,10227466,10227466,0
mcs70_b03m_s35.A01,mcs70_b03m_s35.B01,dsb_never,27,37,15415255,1.50678,0,3129400,0.288734,10496395,10496395,0
mcs70_b03m_s35.A02,mcs70_b03m_s35.B02,dsb_never,27,25,15649510,1.51704,0,2173998,0.194123,10736640,10736640,0
mcs70_b03m_s35.A03,mcs70_b03m_s35.B03,dsb_never,27,30,26268992,2.341,0,10003193,0.838766,18185379,18185379,0
mcs70_b03m_s35.A04,mcs70_b03m_s35.B04,dsb_never,27,38,11980481,1.13361,0,28,1.84E-05,8439426,8439426,0
mcs70_b03m_s35.A05,mcs70_b03m_s35.B05,dsb_never,28,29,3695833,0.361265,0,2993938,0.288857,2484987,2484987,0
mcs70_b03m_s35.A06,mcs70_b03m_s35.B06,dsb_never,27,22,25319583,2.3996,0,10753296,0.95942,17173532,17173532,0
mcs70_b03m_s35.A07,mcs70_b03m_s35.B07,dsb_never,28,26,6503824,0.57979,0,3178487,0.274161,4413918,4413918,0
mcs70_b03m_s35.A08,mcs70_b03m_s35.B08,dsb_never,27,25,43340058,4.16111,0,30481578,2.97233,31894269,31894269,0
mcs70_b03m_s35.A09,mcs70_b03m_s35.B09,dsb_never,27,26,18687502,1.70989,0,57933,0.00428139,13076953,13076953,0
mcs70_b03m_s40.A00,mcs70_b03m_s40.B00,dsb_never,32,41,50895551,4.61412,0,34132345,2.95218,34553862,34553862,0
mcs70_b03m_s40.A01,mcs70_b03m_s40.B01,dsb_never,31,27,191433506,19.0916,0,86320673,8.47556,130571300,130571300,0
mcs70_b03m_s40.A02,mcs70_b03m_s40.B02,dsb_never,31,29,335405832,30.798,0,184893732,16.3892,233450952,233450952,0
mcs70_b03m_s40.A03,mcs70_b03m_s40.B03,dsb_never,32,29,150255213,14.2341,0,124300914,11.6691,102560487,102560487,0
mcs70_b03m_s40.A04,mcs70_b03m_s40.B04,dsb_never,31,24,117278128,11.5604,0,39734164,3.7407,87880467,87880467,0
mcs70_b03m_s40.A05,mcs70_b03m_s40.B05,dsb_never,32,27,86765365,7.79439,0,79297277,7.06813,58086213,58086213,0
mcs70_b03m_s40.A06,mcs70_b03m_s40.B06,dsb_never,31,29,133644952,12.9787,0,6914394,0.622557,92092343,92092343,0
mcs70_b03m_s40.A07,mcs70_b03m_s40.B07,dsb_never,32,45,9032669,0.951728,0,33,2.48E-05,6355446,6355446,0
mcs70_b03m_s40.A08,mcs70_b03m_s40.B08,dsb_never,32,40,199374533,18.496,0,189073308,17.4624,137656845,137656845,0
mcs70_b03m_s40.A09,mcs70_b03m_s40.B09,dsb_never,31,42,179976785,20.722,0,6226088,0.604778,122953110,122953110,0
mcs70_b03m_s50.A00,mcs70_b03m_s50.B00,dsb_never,39,35,9591339335,1000.02,1,6000220340,615.169,6904541256,6904541256,0
mcs70_b03m_s50.A01,mcs70_b03m_s50.B01,dsb_never,39,34,9541856500,1000.02,1,9310188397,975.32,6712861448,6712861448,0
mcs70_b03m_s50.A02,mcs70_b03m_s50.B02,dsb_never,40,52,5804944045,603.487,0,5183931622,536.487,4106913872,4106913872,0
mcs70_b03m_s50.A03,mcs70_b03m_s50.B03,dsb_never,38,34,9757877795,1000.02,1,4973938992,499.587,6768524478,6768524478,0
mcs70_b03m_s50.A04,mcs70_b03m_s50.B04,dsb_never,38,52,9727057130,1000.01,1,1317408,0.128693,6908626031,6908626031,0
mcs70_b03m_s50.A05,mcs70_b03m_s50.B05,dsb_never,38,32,5011263711,1000.01,1,843497284,156.977,3513815385,3513815385,0
mcs70_b03m_s50.A06,mcs70_b03m_s50.B06,dsb_never,39,34,10179476395,1000.02,1,8433550980,818.336,6972814612,6972814612,0
mcs70_b03m_s50.A07,mcs70_b03m_s50.B07,dsb_never,38,37,9617836037,1000.02,1,349467027,34.0039,6736617932,6736617932,0
mcs70_b03m_s50.A08,mcs70_b03m_s50.B08,dsb_never,38,35,9954190212,1000.01,1,781997219,74.2353,7026809789,7026809789,0
mcs70_b03m_s50.A09,mcs70_b03m_s50.B09,dsb_never,39,34,9348471526,1000.01,1,3799227527,409.62,6418633012,6418633012,0
mcs70_b03m_s60.A00,mcs70_b03m_s60.B00,dsb_never,44,41,10006648507,1000.01,1,43517816,3.88143,6983664143,6983664143,0
mcs70_b03m_s60.A01,mcs70_b03m_s60.B01,dsb_never,50,64,3740357869,441.902,0,7514881,0.621542,2718490347,2718490347,0
mcs70_b03m_s60.A02,mcs70_b03m_s60.B02,dsb_never,47,60,9319082337,1000.02,1,1069890571,94.8739,6542181046,6542181046,0
mcs70_b03m_s60.A03,mcs70_b03m_s60.B03,dsb_never,45,40,9963313848,1000.02,1,346614746,32.5405,6935136200,6935136200,0
mcs70_b03m_s60.A04,mcs70_b03m_s60.B04,dsb_never,43,35,27321961941,1000.01,1,26875498718,960.667,21674874411,21674874411,0
mcs70_b03m_s60.A05,mcs70_b03m_s60.B05,dsb_never,44,42,10621527990,1000.02,1,730712415,58.5833,7456684663,7456684663,0
mcs70_b03m_s60.A06,mcs70_b03m_s60.B06,dsb_never,43,37,10992790851,1000.02,1,3577526983,309.424,8214802072,8214802072,0
mcs70_b03m_s60.A07,mcs70_b03m_s60.B07,dsb_never,45,40,8839214227,1000.02,1,871693277,96.0637,5837724750,5837724750,0
mcs70_b03m_s60.A08,mcs70_b03m_s60.B08,dsb_never,48,60,8837503756,1000.02,1,2207004115,220.997,6197525843,6197525843,0
mcs70_b03m_s60.A09,mcs70_b03m_s60.B09,dsb_never,48,66,8954321505,1000.02,1,1404340131,135.624,6020977776,6020977776,0
mcs70_b03m_s70.A00,mcs70_b03m_s70.B00,dsb_never,54,53,9335163093,1000.01,1,2238868521,223.324,6483625840,6483625840,0
mcs70_b03m_s70.A01,mcs70_b03m_s70.B01,dsb_never,50,46,20408030857,1000.02,1,171719605,15.0983,15183880978,15183880978,0
mcs70_b03m_s70.A02,mcs70_b03m_s70.B02,dsb_never,50,43,11455391490,1000.02,1,601292783,50.1592,7485654847,7485654847,0
mcs70_b03m_s70.A03,mcs70_b03m_s70.B03,dsb_never,43,33,27190877721,1000.02,1,1254768743,41.1297,22701482113,22701482113,0
mcs70_b03m_s70.A04,mcs70_b03m_s70.B04,dsb_never,57,68,8540673395,1000.02,1,789569676,82.6934,6087169741,6087169741,0
mcs70_b03m_s70.A05,mcs70_b03m_s70.B05,dsb_never,52,43,9779547679,1000.02,1,1973954587,200.104,7022368354,7022368354,0
mcs70_b03m_s70.A06,mcs70_b03m_s70.B06,dsb_never,52,43,9379483962,1000.01,1,2626085162,281.336,6569920224,6569920224,0
mcs70_b03m_s70.A07,mcs70_b03m_s70.B07,dsb_never,53,48,9807325579,1000.02,1,6631305571,661.101,6519150818,6519150818,0
mcs70_b03m_s70.A08,mcs70_b03m_s70.B08,dsb_never,50,43,10149662565,1000.02,1,433491023,42.4262,6673508772,6673508772,0
mcs70_b03m_s70.A09,mcs70_b03m_s70.B09,dsb_never,51,45,9678215953,1000.02,1,1093707981,105.881,6975272337,6975272337,0
mcs70_b03m_s80.A00,mcs70_b03m_s80.B00,dsb_never,60,50,10785282020,1000.02,1,4336102620,219.757,7370526342,7370526342,0
mcs70_b03m_s80.A01,mcs70_b03m_s80.B01,dsb_never,57,51,9024055166,1000.02,1,13860301,1.65966,6052013947,6052013947,0
mcs70_b03m_s80.A02,mcs70_b03m_s80.B02,dsb_never,56,46,8303321373,1000.01,1,6381091667,759.528,6165103142,6165103142,0
mcs70_b03m_s80.A03,mcs70_b03m_s80.B03,dsb_never,58,51,8730437931,1000.02,1,3528858151,394.117,5542501103,5542501103,0
mcs70_b03m_s80.A04,mcs70_b03m_s80.B04,dsb_never,58,47,15204678225,1000.02,1,3863714508,144.378,10787295267,10787295267,0
mcs70_b03m_s80.A05,mcs70_b03m_s80.B05,dsb_never,57,51,10029418354,1000.01,1,4743580724,444.28,7290820100,7290820100,0
mcs70_b03m_s80.A06,mcs70_b03m_s80.B06,dsb_never,59,53,10456544467,1000.01,1,5818994932,543.428,6864595167,6864595167,0
mcs70_b03m_s80.A07,mcs70_b03m_s80.B07,dsb_never,56,45,10705267995,1000.02,1,1122610771,53.6454,8020042523,8020042523,0
mcs70_b03m_s80.A08,mcs70_b03m_s80.B08,dsb_never,58,50,10527718109,1000.02,1,592350002,38.2734,7178185053,7178185053,0
mcs70_b03m_s80.A09,mcs70_b03m_s80.B09,dsb_never,57,50,10375055803,1000.02,1,447310448,38.9845,7233449143,7233449143,0
mcs70_b03m_s90.A00,mcs70_b03m_s90.B00,dsb_never,64,55,9681014121,1000.02,1,797007958,77.3112,6889199222,6889199222,0
mcs70_b03m_s90.A01,mcs70_b03m_s90.B01,dsb_never,67,61,9622435481,1000.02,1,8753599153,906.92,6838305041,6838305041,0
mcs70_b03m_s90.A02,mcs70_b03m_s90.B02,dsb_never,65,59,10165268026,1000.02,1,9547229084,935.826,7514705182,7514705182,0
mcs70_b03m_s90.A03,mcs70_b03m_s90.B03,dsb_never,69,85,8854993004,1000.02,1,401783524,40.0591,6273345353,6273345353,0
mcs70_b03m_s90.A04,mcs70_b03m_s90.B04,dsb_never,66,70,9578466595,1000.02,1,233159919,21.7601,6904898086,6904898086,0
mcs70_b03m_s90.A05,mcs70_b03m_s90.B05,dsb_never,62,52,10072809267,1000.02,1,711802424,56.8202,7161511691,7161511691,0
mcs70_b03m_s90.A06,mcs70_b03m_s90.B06,dsb_never,65,58,11332507928,1000.02,1,288310338,10.2466,7615300180,7615300180,0
mcs70_b03m_s90.A07,mcs70_b03m_s90.B07,dsb_never,64,55,10547729093,1000.02,1,458835126,40.8761,7071079094,7071079094,0
mcs70_b03m_s90.A08,mcs70_b03m_s90.B08,dsb_never,62,51,10320765690,1000.02,1,2933342377,239.467,7789916476,7789916476,0
mcs70_b03m_s90.A09,mcs70_b03m_s90.B09,dsb_never,64,56,9400009737,1000.02,1,598789864,50.1258,6975031025,6975031025,0
mcs70_b06_s10.A00,mcs70_b06_s10.B00,dsb_never,8,19,108,3.89E-05,0,9,6.47E-06,75,75,0
mcs70_b06_s10.A01,mcs70_b06_s10.B01,dsb_never,9,26,42,3.51E-05,0,10,8.76E-06,28,28,0
mcs70_b06_s10.A02,mcs70_b06_s10.B02,dsb_never,8,22,105,3.84E-05,0,9,6.07E-06,78,78,0
mcs70_b06_s10.A03,mcs70_b06_s10.B03,dsb_never,7,14,721,6.99E-05,0,16,6.91E-06,518,518,0
mcs70_b06_s10.A04,mcs70_b06_s10.B04,dsb_never,9,25,33,3.51E-05,0,10,8.33E-06,24,24,0
mcs70_b06_s10.A05,mcs70_b06_s10.B05,dsb_never,8,23,126,4.31E-05,0,9,6.09E-06,91,91,0
mcs70_b06_s10.A06,mcs70_b06_s10.B06,dsb_never,8,24,104,3.34E-05,0,9,7.80E-06,73,73,0
mcs70_b06_s10.A07,mcs70_b06_s10.B07,dsb_never,8,23,289,5.19E-05,0,154,1.80E-05,197,197,0
mcs70_b06_s10.A08,mcs70_b06_s10.B08,dsb_never,7,17,609,6.76E-05,0,8,5.89E-06,413,413,0
mcs70_b06_s10.A09,mcs70_b06_s10.B09,dsb_never,9,27,66,3.02E-05,0,35,8.28E-06,48,48,0
mcs70_b06_s100.A00,mcs70_b06_s100.B00,dsb_never,51,68,10492601921,1000.01,1,1701365,0.133658,6947101451,6947101451,0
mcs70_b06_s100.A01,mcs70_b06_s100.B01,dsb_never,55,85,9432095534,1000.02,1,374585832,35.5976,6800099623,6800099623,0
mcs70_b06_s100.A02,mcs70_b06_s100.B02,dsb_never,60,122,8462287301,1000.01,1,5333861881,610.141,6075093678,6075093678,0
mcs70_b06_s100.A03,mcs70_b06_s100.B03,dsb_never,59,110,11645355227,1000.02,1,6496420640,549.009,7387679686,7387679686,0
mcs70_b06_s100.A04,mcs70_b06_s100.B04,dsb_never,53,74,8903512257,1000.02,1,1961446714,202.755,6683521385,6683521385,0
mcs70_b06_s100.A05,mcs70_b06_s100.B05,dsb_never,58,89,9415714207,1000.02,1,2429431804,205.56,6532042721,6532042721,0
mcs70_b06_s100.A06,mcs70_b06_s100.B06,dsb_never,54,74,10432086826,1000.01,1,1899950199,154.861,7622954004,7622954004,0
mcs70_b06_s100.A07,mcs70_b06_s100.B07,dsb_never,69,178,7347950330,1000.01,1,158,7.64E-05,5001305860,5001305860,0
mcs70_b06_s100.A08,mcs70_b06_s100.B08,dsb_never,54,73,11202549672,1000.01,1,7327489168,646.676,8322413994,8322413994,0
mcs70_b06_s100.A09,mcs70_b06_s100.B09,dsb_never,55,102,9553865682,1000.02,1,6982828598,718.68,6931181265,6931181265,0
mcs70_b06_s15.A00,mcs70_b06_s15.B00,dsb_never,11,31,2834,0.000423238,0,671,9.32E-05,1917,1917,0
mcs70_b06_s15.A01,mcs70_b06_s15.B01,dsb_never,12,34,1301,0.000216136,0,287,4.75E-05,913,913,0
mcs70_b06_s15.A02,mcs70_b06_s15.B02,dsb_never,11,28,2904,0.000436758,0,1321,0.000182365,1985,1985,0
mcs70_b06_s15.A03,mcs70_b06_s15.B03,dsb_never,10,25,5929,0.000795229,0,11,5.62E-06,3992,3992,0
mcs70_b06_s15.A04,mcs70_b06_s15.B04,dsb_never,12,34,1115,0.000184778,0,494,7.11E-05,764,764,0
mcs70_b06_s15.A05,mcs70_b06_s15.B05,dsb_never,11,26,2583,0.000387703,0,160,2.69E-05,1779,1779,0
mcs70_b06_s15.A06,mcs70_b06_s15.B06,dsb_never,11,32,4206,0.000586972,0,2458,0.000325369,2753,2753,0
mcs70_b06_s15.A07,mcs70_b06_s15.B07,dsb_never,11,25,2499,0.0003467,0,955,0.000116025,1710,1710,0
mcs70_b06_s15.A08,mcs70_b06_s15.B08,dsb_never,11,31,3904,0.000567626,0,704,0.000103617,2579,2579,0
mcs70_b06_s15.A09,mcs70_b06_s15.B09,dsb_never,11,25,2825,0.000502077,0,36,1.74E-05,1962,1962,0
mcs70_b06_s20.A00,mcs70_b06_s20.B00,dsb_never,16,45,6440,0.00100076,0,1661,0.000264098,4305,4305,0
mcs70_b06_s20.A01,mcs70_b06_s20.B01,dsb_never,15,44,15427,0.00210444,0,2975,0.000402815,9987,9987,0
mcs70_b06_s20.A02,mcs70_b06_s20.B02,dsb_never,15,39,13026,0.0018278,0,839,0.000121372,8682,8682,0
mcs70_b06_s20.A03,mcs70_b06_s20.B03,dsb_never,16,44,5178,0.000784702,0,644,0.00010647,3613,3613,0
mcs70_b06_s20.A04,mcs70_b06_s20.B04,dsb_never,15,43,17898,0.00252833,0,2453,0.000364579,11279,11279,0
mcs70_b06_s20.A05,mcs70_b06_s20.B05,dsb_never,15,43,14556,0.00227438,0,3099,0.000436626,9281,9281,0
mcs70_b06_s20.A06,mcs70_b06_s20.B06,dsb_never,15,42,15650,0.00236015,0,706,9.27E-05,10007,10007,0
mcs70_b06_s20.A07,mcs70_b06_s20.B07,dsb_never,15,44,17809,0.00266,0,3041,0.000434654,11283,11283,0
mcs70_b06_s20.A08,mcs70_b06_s20.B08,dsb_never,14,42,34501,0.00481924,0,104,2.70E-05,21946,21946,0
mcs70_b06_s20.A09,mcs70_b06_s20.B09,dsb_never,15,43,20535,0.00305776,0,908,0.00015289,13093,13093,0
mcs70_b06_s25.A00,mcs70_b06_s25.B00,dsb_never,19,55,56858,0.0079279,0,31018,0.00431144,35981,35981,0
mcs70_b06_s25.A01,mcs70_b06_s25.B01,dsb_never,19,54,164698,0.021031,0,129424,0.0162522,101686,101686,0
mcs70_b06_s25.A02,mcs70_b06_s25.B02,dsb_never,19,54,86968,0.0119504,0,36693,0.00497681,52698,52698,0
mcs70_b06_s25.A03,mcs70_b06_s25.B03,dsb_never,19,55,74450,0.0105555,0,30640,0.00404009,46654,46654,0
mcs70_b06_s25.A04,mcs70_b06_s25.B04,dsb_never,18,54,132359,0.0173104,0,33948,0.0036007,82837,82837,0
mcs70_b06_s25.A05,mcs70_b06_s25.B05,dsb_never,18,53,139443,0.0192118,0,63710,0.00863214,87364,87364,0
mcs70_b06_s25.A06,mcs70_b06_s25.B06,dsb_never,18,52,172519,0.0233219,0,64214,0.00868105,104326,104326,0
mcs70_b06_s25.A07,mcs70_b06_s25.B07,dsb_never,18,53,166449,0.0231153,0,14989,0.00234322,101272,101272,0
mcs70_b06_s25.A08,mcs70_b06_s25.B08,dsb_never,20,55,19737,0.00290515,0,3326,0.000480374,12950,12950,0
mcs70_b06_s25.A09,mcs70_b06_s25.B09,dsb_never,19,55,48984,0.00706245,0,8495,0.00118068,31689,31689,0
mcs70_b06_s30.A00,mcs70_b06_s30.B00,dsb_never,23,62,370244,0.0482666,0,224377,0.0284057,227525,227525,0
mcs70_b06_s30.A01,mcs70_b06_s30.B01,dsb_never,22,59,517329,0.0697451,0,4213,0.000461724,313265,313265,0
mcs70_b06_s30.A02,mcs70_b06_s30.B02,dsb_never,22,65,528407,0.0696979,0,56551,0.00731933,324540,324540,0
mcs70_b06_s30.A03,mcs70_b06_s30.B03,dsb_never,24,68,83239,0.0112482,0,37352,0.00514146,51426,51426,0
mcs70_b06_s30.A04,mcs70_b06_s30.B04,dsb_never,23,61,257204,0.03542,0,59395,0.00806252,154486,154486,0
mcs70_b06_s30.A05,mcs70_b06_s30.B05,dsb_never,22,64,644801,0.0854464,0,88297,0.0111169,396656,396656,0
mcs70_b06_s30.A06,mcs70_b06_s30.B06,dsb_never,23,65,260853,0.0348019,0,152568,0.0199043,159986,159986,0
mcs70_b06_s30.A07,mcs70_b06_s30.B07,dsb_never,22,60,653561,0.0859154,0,39680,0.00527181,406384,406384,0
mcs70_b06_s30.A08,mcs70_b06_s30.B08,dsb_never,22,60,555470,0.0733157,0,244938,0.0304866,348884,348884,0
mcs70_b06_s30.A09,mcs70_b06_s30.B09,dsb_never,22,64,652142,0.0862166,0,55147,0.00644151,396623,396623,0
mcs70_b06_s35.A00,mcs70_b06_s35.B00,dsb_never,26,73,1656156,0.22365,0,19256,0.00275951,1026454,1026454,0
mcs70_b06_s35.A01,mcs70_b06_s35.B01,dsb_never,26,73,1705445,0.221748,0,382431,0.048079,1054176,1054176,0
mcs70_b06_s35.A02,mcs70_b06_s35.B02,dsb_never,26,76,1385458,0.189293,0,27539,0.00375457,864534,864534,0
mcs70_b06_s35.A03,mcs70_b06_s35.B03,dsb_never,26,73,2161468,0.294699,0,633018,0.08386,1360087,1360087,0
mcs70_b06_s35.A04,mcs70_b06_s35.B04,dsb_never,26,74,1590067,0.212552,0,164662,0.0203246,1010571,1010571,0
mcs70_b06_s35.A05,mcs70_b06_s35.B05,dsb_never,26,75,2140475,0.269721,0,699742,0.0869076,1330640,1330640,0
mcs70_b06_s35.A06,mcs70_b06_s35.B06,dsb_never,26,69,2613554,0.340604,0,1238748,0.156314,1644514,1644514,0
mcs70_b06_s35.A07,mcs70_b06_s35.B07,dsb_never,26,74,2955412,0.396203,0,1689292,0.22292,1849576,1849576,0
mcs70_b06_s35.A08,mcs70_b06_s35.B08,dsb_never,26,67,1375873,0.188967,0,82691,0.0106578,864208,864208,0
mcs70_b06_s35.A09,mcs70_b06_s35.B09,dsb_never,25,74,5054807,0.681649,0,329407,0.0422844,3281418,3281418,0
mcs70_b06_s40.A00,mcs70_b06_s40.B00,dsb_never,30,87,14530859,1.86331,0,6722385,0.844062,9432810,9432810,0
mcs70_b06_s40.A01,mcs70_b06_s40.B01,dsb_never,29,85,27410132,3.54539,0,531499,0.0682514,17595461,17595461,0
mcs70_b06_s40.A02,mcs70_b06_s40.B02,dsb_never,31,88,5728650,0.725781,0,3712741,0.445596,3677474,3677474,0
mcs70_b06_s40.A03,mcs70_b06_s40.B03,dsb_never,30,85,8513149,1.13645,0,507260,0.0571984,5536597,5536597,0
mcs70_b06_s40.A04,mcs70_b06_s40.B04,dsb_never,30,81,12479325,1.61874,0,6424098,0.820758,7860423,7860423,0
mcs70_b06_s40.A05,mcs70_b06_s40.B05,dsb_never,31,87,3538291,0.478785,0,1732586,0.231974,2218723,2218723,0
mcs70_b06_s40.A06,mcs70_b06_s40.B06,dsb_never,30,88,12920428,1.59857,0,7001063,0.813161,8448107,8448107,0
mcs70_b06_s40.A07,mcs70_b06_s40.B07,dsb_never,29,70,19135012,2.48173,0,923420,0.112886,12591510,12591510,0
mcs70_b06_s40.A08,mcs70_b06_s40.B08,dsb_never,31,87,2810818,0.369574,0,1073395,0.131303,1774970,1774970,0
mcs70_b06_s40.A09,mcs70_b06_s40.B09,dsb_never,30,86,10711787,1.36918,0,5449839,0.687818,6902996,6902996,0
mcs70_b06_s50.A00,mcs70_b06_s50.B00,dsb_never,36,106,1249874362,167.499,0,103021573,13.3196,877810460,877810460,0
mcs70_b06_s50.A01,mcs70_b06_s50.B01,dsb_never,36,106,2287545285,312.595,0,1040931092,140.881,1587476660,1587476660,0
mcs70_b06_s50.A02,mcs70_b06_s50.B02,dsb_never,37,103,470072428,62.3539,0,182554926,23.2103,315110889,315110889,0
mcs70_b06_s50.A03,mcs70_b06_s50.B03,dsb_never,37,108,760155652,100.938,0,344371085,44.0488,515778785,515778785,0
mcs70_b06_s50.A04,mcs70_b06_s50.B04,dsb_never,37,107,348262677,48.0078,0,2653771,0.34007,241503632,241503632,0
mcs70_b06_s50.A05,mcs70_b06_s50.B05,dsb_never,37,107,907062441,124.869,0,129769733,17.1478,620170129,620170129,0
mcs70_b06_s50.A06,mcs70_b06_s50.B06,dsb_never,37,107,479615129,63.7036,0,219658858,28.337,332102917,332102917,0
mcs70_b06_s50.A07,mcs70_b06_s50.B07,dsb_never,37,102,451646203,58.3076,0,52040497,5.77631,298943497,298943497,0
mcs70_b06_s50.A08,mcs70_b06_s50.B08,dsb_never,37,103,730078333,98.2458,0,445928075,59.1571,490355566,490355566,0
mcs70_b06_s50.A09,mcs70_b06_s50.B09,dsb_never,37,106,608477028,83.8072,0,264587960,35.77,422709016,422709016,0
mcs70_b06_s60.A00,mcs70_b06_s60.B00,dsb_never,34,62,8797247190,1000.02,1,1694862392,188.913,6338057536,6338057536,0
mcs70_b06_s60.A01,mcs70_b06_s60.B01,dsb_never,43,126,8048141872,1000.02,1,7638990215,944.734,5475464188,5475464188,0
mcs70_b06_s60.A02,mcs70_b06_s60.B02,dsb_never,43,110,7847823054,1000.02,1,6020533703,740.216,5389605976,5389605976,0
mcs70_b06_s60.A03,mcs70_b06_s60.B03,dsb_never,45,125,6997386937,1000.02,1,3458547158,481.575,4708177615,4708177615,0
mcs70_b06_s60.A04,mcs70_b06_s60.B04,dsb_never,44,106,3927173326,1000.02,1,3478977591,873.57,2764264598,2764264598,0
mcs70_b06_s60.A05,mcs70_b06_s60.B05,dsb_never,44,127,7101390360,1000.01,1,3566168480,485.485,4957647356,4957647356,0
mcs70_b06_s60.A06,mcs70_b06_s60.B06,dsb_never,45,129,7073464350,1000.02,1,1602257480,219.71,4909175972,4909175972,0
mcs70_b06_s60.A07,mcs70_b06_s60.B07,dsb_never,44,129,7248851280,1000.02,1,4543166656,607.357,4995350855,4995350855,0
mcs70_b06_s60.A08,mcs70_b06_s60.B08,dsb_never,44,129,7244619570,1000.03,1,589134400,73.4918,5028005974,5028005974,0
mcs70_b06_s60.A09,mcs70_b06_s60.B09,dsb_never,44,127,7378947812,1000.02,1,3227414160,414.021,5050306967,5050306967,0
mcs70_b06_s70.A00,mcs70_b06_s70.B00,dsb_never,44,84,8338016345,1000.02,1,7219967699,862.399,5820978270,5820978270,0
mcs70_b06_s70.A01,mcs70_b06_s70.B01,dsb_never,41,65,9054060197,1000.01,1,7243572737,801.821,6303667888,6303667888,0
mcs70_b06_s70.A02,mcs70_b06_s70.B02,dsb_never,50,148,7154807940,1000.02,1,51,4.66E-05,4651668182,4651668182,0
mcs70_b06_s70.A03,mcs70_b06_s70.B03,dsb_never,41,76,8853236850,1000.02,1,3283660939,364.502,6044354780,6044354780,0
mcs70_b06_s70.A04,mcs70_b06_s70.B04,dsb_never,52,151,6922969972,1000.02,1,4300451477,613.754,4859425328,4859425328,0
mcs70_b06_s70.A05,mcs70_b06_s70.B05,dsb_never,42,68,8085392550,1000.02,1,48924811,5.57587,5737093464,5737093464,0
mcs70_b06_s70.A06,mcs70_b06_s70.B06,dsb_never,48,135,7398809364,1000.01,1,49,4.07E-05,5012135998,5012135998,0
mcs70_b06_s70.A07,mcs70_b06_s70.B07,dsb_never,47,110,7656615058,1000.01,1,339406516,37.3694,5334751053,5334751053,0
mcs70_b06_s70.A08,mcs70_b06_s70.B08,dsb_never,47,116,7763170753,1000.03,1,289805507,30.1221,5355733703,5355733703,0
mcs70_b06_s70.A09,mcs70_b06_s70.B09,dsb_never,45,105,8026465901,1000.01,1,674603649,79.1522,5570503683,5570503683,0
mcs70_b06_s80.A00,mcs70_b06_s80.B00,dsb_never,52,112,8005790344,1000.01,1,174586318,20.3061,5418974986,5418974986,0
mcs70_b06_s80.A01,mcs70_b06_s80.B01,dsb_never,46,79,10011540408,1000.02,1,4932124291,479.329,7032344649,7032344649,0
mcs70_b06_s80.A02,mcs70_b06_s80.B02,dsb_never,57,157,7178271703,1000.02,1,8092476,0.931617,4858764288,4858764288,0
mcs70_b06_s80.A03,mcs70_b06_s80.B03,dsb_never,52,127,7617142568,1000.01,1,326699,0.0327415,5305348907,5305348907,0
mcs70_b06_s80.A04,mcs70_b06_s80.B04,dsb_never,44,71,9916498886,1000.02,1,999949487,90.1006,6938253940,6938253940,0
mcs70_b06_s80.A05,mcs70_b06_s80.B05,dsb_never,46,74,8530902404,1000.02,1,2364258168,268.15,6080200324,6080200324,0
mcs70_b06_s80.A06,mcs70_b06_s80.B06,dsb_never,54,137,7964364512,1000.01,1,4031008973,500.093,5455648580,5455648580,0
mcs70_b06_s80.A07,mcs70_b06_s80.B07,dsb_never,42,55,11136935222,1000.02,1,3519816690,303.308,7635872858,7635872858,0
mcs70_b06_s80.A08,mcs70_b06_s80.B08,dsb_never,56,168,7481197348,1000.02,1,57,5.88E-05,4896335861,4896335861,0
mcs70_b06_s80.A09,mcs70_b06_s80.B09,dsb_never,45,73,9456715447,1000.01,1,148190943,12.3813,6838461060,6838461060,0
mcs70_b06_s90.A00,mcs70_b06_s90.B00,dsb_never,59,127,8058197076,1000.02,1,432029286,47.5884,5417232990,5417232990,0
mcs70_b06_s90.A01,mcs70_b06_s90.B01,dsb_never,53,89,4288117397,1000.02,1,1933127143,441.978,2925823540,2925823540,0
mcs70_b06_s90.A02,mcs70_b06_s90.B02,dsb_never,64,176,4029810559,1000.02,1,3329843604,801.636,2525566422,2525566422,0
mcs70_b06_s90.A03,mcs70_b06_s90.B03,dsb_never,65,191,7228326707,1000.02,1,25700,0.00319541,4754961812,4754961812,0
mcs70_b06_s90.A04,mcs70_b06_s90.B04,dsb_never,57,140,8240974334,1000.02,1,1400234265,155.466,5632706619,5632706619,0
mcs70_b06_s90.A05,mcs70_b06_s90.B05,dsb_never,59,143,7824049753,1000.01,1,101,6.45E-05,5257219189,5257219189,0
mcs70_b06_s90.A06,mcs70_b06_s90.B06,dsb_never,65,189,7168021613,1000.02,1,132882193,16.9346,4809710627,4809710627,0
mcs70_b06_s90.A07,mcs70_b06_s90.B07,dsb_never,62,178,7255522795,1000.01,1,63,6.17E-05,4932814366,4932814366,0
mcs70_b06_s90.A08,mcs70_b06_s90.B08,dsb_never,65,190,7140259528,1000.01,1,68,6.21E-05,4659447068,4659447068,0
mcs70_b06_s90.A09,mcs70_b06_s90.B09,dsb_never,57,117,8074781476,1000.02,1,81702096,8.2359,5836977217,5836977217,0
mcs70_b06m_s10.A00,mcs70_b06m_s10.B00,dsb_never,8,20,263,5.71E-05,0,205,2.76E-05,182,182,0
mcs70_b06m_s10.A01,mcs70_b06m_s10.B01,dsb_never,9,24,111,4.22E-05,0,91,1.54E-05,78,78,0
mcs70_b06m_s10.A02,mcs70_b06m_s10.B02,dsb_never,7,11,481,7.27E-05,0,19,7.32E-06,318,318,0
mcs70_b06m_s10.A03,mcs70_b06m_s10.B03,dsb_never,8,16,175,4.90E-05,0,109,1.88E-05,118,118,0
mcs70_b06m_s10.A04,mcs70_b06m_s10.B04,dsb_never,7,12,642,7.38E-05,0,8,6.24E-06,414,414,0
mcs70_b06m_s10.A05,mcs70_b06m_s10.B05,dsb_never,8,19,112,4.40E-05,0,39,1.20E-05,76,76,0
mcs70_b06m_s10.A06,mcs70_b06m_s10.B06,dsb_never,8,19,136,3.67E-05,0,51,1.16E-05,97,97,0
mcs70_b06m_s10.A07,mcs70_b06m_s10.B07,dsb_never,7,13,369,5.86E-05,0,30,1.01E-05,255,255,0
mcs70_b06m_s10.A08,mcs70_b06m_s10.B08,dsb_never,8,17,163,4.72E-05,0,92,1.60E-05,110,110,0
mcs70_b06m_s10.A09,mcs70_b06m_s10.B09,dsb_never,7,13,269,5.13E-05,0,8,5.80E-06,190,190,0
mcs70_b06m_s100.A00,mcs70_b06m_s100.B00,dsb_never,65,148,6055714314,1000.02,1,11672,0.0012825,3575381504,3575381504,0
mcs70_b06m_s100.A01,mcs70_b06m_s100.B01,dsb_never,71,202,5077010873,1000.01,1,127650,0.0238554,2586285733,2586285733,0
mcs70_b06m_s100.A02,mcs70_b06m_s100.B02,dsb_never,52,59,9509128161,1000.01,1,2571093986,261.421,6308990656,6308990656,0
mcs70_b06m_s100.A03,mcs70_b06m_s100.B03,dsb_never,56,91,8896171070,1000.01,1,7798614983,866.537,5486903779,5486903779,0
mcs70_b06m_s100.A04,mcs70_b06m_s100.B04,dsb_never,52,57,9295978072,1000.01,1,447667822,46.0186,6083039836,6083039836,0
mcs70_b06m_s100.A05,mcs70_b06m_s100.B05,dsb_never,52,61,9265880477,1000.01,1,1316758794,124.76,6008032431,6008032431,0
mcs70_b06m_s100.A06,mcs70_b06m_s100.B06,dsb_never,52,61,9672365933,1000.01,1,3225004811,311.161,6556048695,6556048695,0
mcs70_b06m_s100.A07,mcs70_b06m_s100.B07,dsb_never,52,53,8500113683,1000.02,1,4858230908,562.815,6019524297,6019524297,0
mcs70_b06m_s100.A08,mcs70_b06m_s100.B08,dsb_never,53,63,8018829864,1000.01,1,1962566690,234.614,5108635681,5108635681,0
mcs70_b06m_s100.A09,mcs70_b06m_s100.B09,dsb_never,52,52,7962538483,1000.02,1,2630254724,321.685,5273465130,5273465130,0
mcs70_b06m_s15.A00,mcs70_b06m_s15.B00,dsb_never,10,17,8139,0.00105097,0,694,8.93E-05,5316,5316,0
mcs70_b06m_s15.A01,mcs70_b06m_s15.B01,dsb_never,10,17,7477,0.00101318,0,94,1.75E-05,4903,4903,0
mcs70_b06m_s15.A02,mcs70_b06m_s15.B02,dsb_never,10,25,9544,0.00125086,0,2820,0.000344167,6052,6052,0
mcs70_b06m_s15.A03,mcs70_b06m_s15.B03,dsb_never,10,20,8855,0.0010974,0,2417,0.000296877,5881,5881,0
mcs70_b06m_s15.A04,mcs70_b06m_s15.B04,dsb_never,11,25,4039,0.00058431,0,1215,0.000174363,2692,2692,0
mcs70_b06m_s15.A05,mcs70_b06m_s15.B05,dsb_never,11,22,3099,0.000439121,0,1517,0.000187593,2097,2097,0
mcs70_b06m_s15.A06,mcs70_b06m_s15.B06,dsb_never,10,18,5376,0.000738551,0,416,5.63E-05,3605,3605,0
mcs70_b06m_s15.A07,mcs70_b06m_s15.B07,dsb_never,11,31,4327,0.000992084,0,1317,0.000169055,2921,2921,0
mcs70_b06m_s15.A08,mcs70_b06m_s15.B08,dsb_never,10,18,6790,0.000904903,0,1184,0.000143756,4446,4446,0
mcs70_b06m_s15.A09,mcs70_b06m_s15.B09,dsb_never,11,28,5042,0.00107371,0,3022,0.000772063,3301,3301,0
mcs70_b06m_s20.A00,mcs70_b06m_s20.B00,dsb_never,14,39,24219,0.00329728,0,1537,0.000186,15924,15924,0
mcs70_b06m_s20.A01,mcs70_b06m_s20.B01,dsb_never,14,36,39083,0.00550649,0,16609,0.00221456,25574,25574,0
mcs70_b06m_s20.A02,mcs70_b06m_s20.B02,dsb_never,14,39,34741,0.00496888,0,2407,0.000273072,22609,22609,0
mcs70_b06m_s20.A03,mcs70_b06m_s20.B03,dsb_never,14,41,31531,0.0044929,0,10149,0.00132481,20468,20468,0
mcs70_b06m_s20.A04,mcs70_b06m_s20.B04,dsb_never,14,41,32155,0.00454467,0,10524,0.00137337,20745,20745,0
mcs70_b06m_s20.A05,mcs70_b06m_s20.B05,dsb_never,14,39,43750,0.00572303,0,28979,0.00365907,28214,28214,0
mcs70_b06m_s20.A06,mcs70_b06m_s20.B06,dsb_never,14,41,102752,0.0143264,0,75413,0.01027,63546,63546,0
mcs70_b06m_s20.A07,mcs70_b06m_s20.B07,dsb_never,14,42,60105,0.00834968,0,29997,0.00390676,38057,38057,0
mcs70_b06m_s20.A08,mcs70_b06m_s20.B08,dsb_never,15,43,21585,0.00319892,0,12353,0.00167973,13801,13801,0
mcs70_b06m_s20.A09,mcs70_b06m_s20.B09,dsb_never,14,39,23633,0.00670214,0,792,0.000226319,15404,15404,0
mcs70_b06m_s25.A00,mcs70_b06m_s25.B00,dsb_never,17,49,306717,0.0853444,0,20866,0.00491428,190764,190764,0
mcs70_b06m_s25.A01,mcs70_b06m_s25.B01,dsb_never,17,48,223744,0.0311686,0,5288,0.000690046,143382,143382,0
mcs70_b06m_s25.A02,mcs70_b06m_s25.B02,dsb_never,18,48,220048,0.0267731,0,159876,0.018333,141457,141457,0
mcs70_b06m_s25.A03,mcs70_b06m_s25.B03,dsb_never,18,49,756906,0.0911953,0,690762,0.0816173,488584,488584,0
mcs70_b06m_s25.A04,mcs70_b06m_s25.B04,dsb_never,18,52,180872,0.0229226,0,139044,0.0167894,120259,120259,0
mcs70_b06m_s25.A05,mcs70_b06m_s25.B05,dsb_never,18,48,270579,0.0363928,0,187363,0.0240622,175453,175453,0
mcs70_b06m_s25.A06,mcs70_b06m_s25.B06,dsb_never,17,46,697508,0.0856042,0,500463,0.0599166,445810,445810,0
mcs70_b06m_s25.A07,mcs70_b06m_s25.B07,dsb_never,18,48,96116,0.0141137,0,20419,0.0025787,63174,63174,0
mcs70_b06m_s25.A08,mcs70_b06m_s25.B08,dsb_never,17,50,671337,0.0940525,0,490640,0.066948,425701,425701,0
mcs70_b06m_s25.A09,mcs70_b06m_s25.B09,dsb_never,18,51,152039,0.0215641,0,84775,0.0110792,99869,99869,0
mcs70_b06m_s30.A00,mcs70_b06m_s30.B00,dsb_never,23,62,2343568,0.281635,0,2236483,0.265385,1529164,1529164,0
mcs70_b06m_s30.A01,mcs70_b06m_s30.B01,dsb_never,21,59,7663523,0.926488,0,7125550,0.85086,5112720,5112720,0
mcs70_b06m_s30.A02,mcs70_b06m_s30.B02,dsb_never,21,62,7448479,0.809528,0,7031725,0.75281,5356113,5356113,0
mcs70_b06m_s30.A03,mcs70_b06m_s30.B03,dsb_never,21,62,7897919,0.963899,0,7191070,0.863486,5183934,5183934,0
mcs70_b06m_s30.A04,mcs70_b06m_s30.B04,dsb_never,21,63,2750834,0.352724,0,2274834,0.283859,1811970,1811970,0
mcs70_b06m_s30.A05,mcs70_b06m_s30.B05,dsb_never,22,56,307781,0.046089,0,91924,0.0129582,204887,204887,0
mcs70_b06m_s30.A06,mcs70_b06m_s30.B06,dsb_never,21,62,759549,0.105509,0,277082,0.0332567,500317,500317,0
mcs70_b06m_s30.A07,mcs70_b06m_s30.B07,dsb_never,21,63,3268120,0.403869,0,2505643,0.293968,2154599,2154599,0
mcs70_b06m_s30.A08,mcs70_b06m_s30.B08,dsb_never,21,58,6940484,0.831437,0,6361764,0.752099,4745817,4745817,0
mcs70_b06m_s30.A09,mcs70_b06m_s30.B09,dsb_never,22,62,497311,0.0812262,0,267990,0.037708,321281,321281,0
mcs70_b06m_s35.A00,mcs70_b06m_s35.B00,dsb_never,26,73,1065184,0.207101,0,14634,0.00214773,711931,711931,0
mcs70_b06m_s35.A01,mcs70_b06m_s35.B01,dsb_never,24,72,17788905,2.45017,0,9454537,1.19916,11700654,11700654,0
mcs70_b06m_s35.A02,mcs70_b06m_s35.B02,dsb_never,24,68,64980596,8.14415,0,55053571,6.76411,42387979,42387979,0
mcs70_b06m_s35.A03,mcs70_b06m_s35.B03,dsb_never,25,72,24764313,3.13934,0,23294445,2.91136,16295261,16295261,0
mcs70_b06m_s35.A04,mcs70_b06m_s35.B04,dsb_never,24,67,61240356,7.5518,0,54777267,6.64838,41516508,41516508,0
mcs70_b06m_s35.A05,mcs70_b06m_s35.B05,dsb_never,25,71,3300341,0.47483,0,914266,0.111771,2176938,2176938,0
mcs70_b06m_s35.A06,mcs70_b06m_s35.B06,dsb_never,25,72,19703220,2.53266,0,16169159,2.00216,12623861,12623861,0
mcs70_b06m_s35.A07,mcs70_b06m_s35.B07,dsb_never,25,68,117824381,14.8118,0,114769693,14.3584,78424864,78424864,0
mcs70_b06m_s35.A08,mcs70_b06m_s35.B08,dsb_never,25,68,56995659,6.90902,0,54911800,6.60773,37174488,37174488,0
mcs70_b06m_s35.A09,mcs70_b06m_s35.B09,dsb_never,24,70,51985726,6.2113,0,46868634,5.50559,34858231,34858231,0
mcs70_b06m_s40.A00,mcs70_b06m_s40.B00,dsb_never,29,83,441071932,53.7477,0,432639180,52.4599,298738718,298738718,0
mcs70_b06m_s40.A01,mcs70_b06m_s40.B01,dsb_never,28,81,138008755,17.501,0,108087061,13.0616,92894521,92894521,0
mcs70_b06m_s40.A02,mcs70_b06m_s40.B02,dsb_never,30,83,210980487,26.0496,0,207780227,25.5682,141647236,141647236,0
mcs70_b06m_s40.A03,mcs70_b06m_s40.B03,dsb_never,29,82,353650397,42.5566,0,342262021,40.9365,243513206,243513206,0
mcs70_b06m_s40.A04,mcs70_b06m_s40.B04,dsb_never,28,83,31897180,4.75938,0,76050,0.0100091,21353473,21353473,0
mcs70_b06m_s40.A05,mcs70_b06m_s40.B05,dsb_never,28,83,20660405,5.94185,0,391242,0.0963163,14372619,14372619,0
mcs70_b06m_s40.A06,mcs70_b06m_s40.B06,dsb_never,29,84,8630834,2.61915,0,12929,0.00385696,5881946,5881946,0
mcs70_b06m_s40.A07,mcs70_b06m_s40.B07,dsb_never,28,83,176431886,22.0033,0,158477017,19.3874,120216714,120216714,0
mcs70_b06m_s40.A08,mcs70_b06m_s40.B08,dsb_never,28,81,405808383,47.5943,0,379491076,43.8688,271562966,271562966,0
mcs70_b06m_s40.A09,mcs70_b06m_s40.B09,dsb_never,29,84,10214481,1.37388,0,4904447,0.588549,6849417,6849417,0
mcs70_b06m_s50.A00,mcs70_b06m_s50.B00,dsb_never,29,38,8206473325,1000.01,1,994805580,115.015,5672208398,5672208398,0
mcs70_b06m_s50.A01,mcs70_b06m_s50.B01,dsb_never,36,104,3433613708,446.724,0,3192990029,409.941,2357208701,2357208701,0
mcs70_b06m_s50.A02,mcs70_b06m_s50.B02,dsb_never,35,103,858798589,125.761,0,62327432,7.47428,592822544,592822544,0
mcs70_b06m_s50.A03,mcs70_b06m_s50.B03,dsb_never,29,52,8260650096,1000.02,1,1992334746,235.918,5600859376,5600859376,0
mcs70_b06m_s50.A04,mcs70_b06m_s50.B04,dsb_never,29,37,8193974359,1000.02,1,2444149017,285.585,5473051450,5473051450,0
mcs70_b06m_s50.A05,mcs70_b06m_s50.B05,dsb_never,29,43,7552332803,1000.01,1,755253754,97.8932,5321821836,5321821836,0
mcs70_b06m_s50.A06,mcs70_b06m_s50.B06,dsb_never,30,36,6979047799,1000.01,1,3861136888,545.584,4794859873,4794859873,0
mcs70_b06m_s50.A07,mcs70_b06m_s50.B07,dsb_never,35,104,1219017431,177.274,0,2896995,0.399997,837783387,837783387,0
mcs70_b06m_s50.A08,mcs70_b06m_s50.B08,dsb_never,35,104,1273181510,182.153,0,38538321,4.83278,901967915,901967915,0
mcs70_b06m_s50.A09,mcs70_b06m_s50.B09,dsb_never,29,33,8221229248,1000.01,1,390547219,45.2088,5597740181,5597740181,0
mcs70_b06m_s60.A00,mcs70_b06m_s60.B00,dsb_never,34,39,8880034143,1000.02,1,185678947,20.1878,6219668051,6219668051,0
mcs70_b06m_s60.A01,mcs70_b06m_s60.B01,dsb_never,33,37,9337347908,1000.02,1,48404700,4.41185,6785447946,6785447946,0
mcs70_b06m_s60.A02,mcs70_b06m_s60.B02,dsb_never,33,51,8104179277,1000.02,1,65839834,7.54852,5179565461,5179565461,0
mcs70_b06m_s60.A03,mcs70_b06m_s60.B03,dsb_never,43,125,6401137978,1000.01,1,44,4.55E-05,4419481745,4419481745,0
mcs70_b06m_s60.A04,mcs70_b06m_s60.B04,dsb_never,34,43,8503418562,1000.02,1,2346974885,260.424,5997394541,5997394541,0
mcs70_b06m_s60.A05,mcs70_b06m_s60.B05,dsb_never,43,127,6627372134,1000.01,1,1008994976,139.196,4541395132,4541395132,0
mcs70_b06m_s60.A06,mcs70_b06m_s60.B06,dsb_never,43,120,7621961507,1000.01,1,6855456330,877.246,5202334869,5202334869,0
mcs70_b06m_s60.A07,mcs70_b06m_s60.B07,dsb_never,33,60,9222186871,1000.01,1,6033201941,657.002,6225222705,6225222705,0
mcs70_b06m_s60.A08,mcs70_b06m_s60.B08,dsb_never,35,74,7878304738,1000.02,1,152329768,18.4066,5215925101,5215925101,0
mcs70_b06m_s60.A09,mcs70_b06m_s60.B09,dsb_never,34,41,8597870476,1000.02,1,8388053263,976.026,5724712079,5724712079,0
mcs70_b06m_s70.A00,mcs70_b06m_s70.B00,dsb_never,42,80,7461196077,1000.02,1,2577309485,346.072,4931164859,4931164859,0
mcs70_b06m_s70.A01,mcs70_b06m_s70.B01,dsb_never,38,40,8837949524,1000.01,1,933795284,104.181,6044935854,6044935854,0
mcs70_b06m_s70.A02,mcs70_b06m_s70.B02,dsb_never,44,95,7014245904,1000.01,1,713115276,85.0224,4677299438,4677299438,0
mcs70_b06m_s70.A03,mcs70_b06m_s70.B03,dsb_never,39,41,8910859364,1000.01,1,4423283487,480.507,6019530751,6019530751,0
mcs70_b06m_s70.A04,mcs70_b06m_s70.B04,dsb_never,38,46,9055739723,1000.02,1,403642393,40.9781,6131039878,6131039878,0
mcs70_b06m_s70.A05,mcs70_b06m_s70.B05,dsb_never,38,44,9195396416,1000.02,1,4542500075,466.257,6092393118,6092393118,0
mcs70_b06m_s70.A06,mcs70_b06m_s70.B06,dsb_never,50,146,6430832503,1000.02,1,469109019,69.1665,4330159263,4330159263,0
mcs70_b06m_s70.A07,mcs70_b06m_s70.B07,dsb_never,39,43,8412673151,1000.02,1,6073281401,706.546,5645539436,5645539436,0
mcs70_b06m_s70.A08,mcs70_b06m_s70.B08,dsb_never,51,147,3019713454,1000,1,52,0.000123615,2024765942,2024765942,0
mcs70_b06m_s70.A09,mcs70_b06m_s70.B09,dsb_never,38,61,4437150571,1000.02,1,2249403,0.451979,3134412963,3134412963,0
mcs70_b06m_s80.A00,mcs70_b06m_s80.B00,dsb_never,44,49,4044687707,1000.02,1,753947801,169.283,2787029956,2787029956,0
mcs70_b06m_s80.A01,mcs70_b06m_s80.B01,dsb_never,43,45,4617921471,1000.02,1,743884166,146.677,3341925935,3341925935,0
mcs70_b06m_s80.A02,mcs70_b06m_s80.B02,dsb_never,58,168,2958059239,1000.01,1,2580228,0.745402,1928585686,1928585686,0
mcs70_b06m_s80.A03,mcs70_b06m_s80.B03,dsb_never,52,129,7032880760,1000.01,1,14815,0.00187583,4365681673,4365681673,0
mcs70_b06m_s80.A04,mcs70_b06m_s80.B04,dsb_never,44,54,8946115628,1000.02,1,363056419,39.4906,6391471329,6391471329,0
mcs70_b06m_s80.A05,mcs70_b06m_s80.B05,dsb_never,43,53,10133516758,1000.02,1,679824315,62.7187,6804782813,6804782813,0
mcs70_b06m_s80.A06,mcs70_b06m_s80.B06,dsb_never,43,49,8937025067,1000.01,1,3475297517,382.442,6047417054,6047417054,0
mcs70_b06m_s80.A07,mcs70_b06m_s80.B07,dsb_never,44,50,8803230621,1000.02,1,2233577356,239.505,6018132614,6018132614,0
mcs70_b06m_s80.A08,mcs70_b06m_s80.B08,dsb_never,42,48,8608327216,1000.02,1,464887612,50.1539,5626108069,5626108069,0
mcs70_b06m_s80.A09,mcs70_b06m_s80.B09,dsb_never,42,46,9183230209,1000.02,1,4552424007,480.044,6873096093,6873096093,0
mcs70_b06m_s90.A00,mcs70_b06m_s90.B00,dsb_never,46,53,9532238789,1000.02,1,1555214160,153.84,6267395783,6267395783,0
mcs70_b06m_s90.A01,mcs70_b06m_s90.B01,dsb_never,48,49,8570379954,1000.02,1,5524577828,626.719,5508243383,5508243383,0
mcs70_b06m_s90.A02,mcs70_b06m_s90.B02,dsb_never,64,189,5723973119,1000.02,1,65,8.23E-05,3376065252,3376065252,0
mcs70_b06m_s90.A03,mcs70_b06m_s90.B03,dsb_never,64,184,5419561816,1000.02,1,127,9.82E-05,2824796625,2824796625,0
mcs70_b06m_s90.A04,mcs70_b06m_s90.B04,dsb_never,49,60,8928933705,1000.02,1,1122561776,128.057,5761198662,5761198662,0
mcs70_b06m_s90.A05,mcs70_b06m_s90.B05,dsb_never,64,188,5353135929,1000.01,1,65,8.79E-05,2843992047,2843992047,0
mcs70_b06m_s90.A06,mcs70_b06m_s90.B06,dsb_never,46,51,9481436569,1000.01,1,3066223989,316.576,6657604467,6657604467,0
mcs70_b06m_s90.A07,mcs70_b06m_s90.B07,dsb_never,55,110,3528838267,1000.01,1,1951358413,542.597,2276042028,2276042028,0
mcs70_b06m_s90.A08,mcs70_b06m_s90.B08,dsb_never,51,80,8183581603,1000.02,1,2128376636,246.264,5504250713,5504250713,0
mcs70_b06m_s90.A09,mcs70_b06m_s90.B09,dsb_never,48,60,9450357731,1000.02,1,8277560491,878.345,7338803827,7338803827,0
mcs70_b09_s100.A00,mcs70_b09_s100.B00,dsb_never,64,264,5326593915,1000.02,1,641259561,115.355,3105501054,3105501054,0
mcs70_b09_s100.A01,mcs70_b09_s100.B01,dsb_never,42,57,8435085679,1000.02,1,6449010878,748.022,5592988288,5592988288,0
mcs70_b09_s100.A02,mcs70_b09_s100.B02,dsb_never,59,229,4884440551,1000.02,1,1504072,0.28719,3058283683,3058283683,0
mcs70_b09_s100.A03,mcs70_b09_s100.B03,dsb_never,56,198,6324764993,1000.01,1,3075574675,454.967,4062899280,4062899280,0
mcs70_b09_s100.A04,mcs70_b09_s100.B04,dsb_never,60,227,6183328738,1000.02,1,6028901498,973.14,4227976260,4227976260,0
mcs70_b09_s100.A05,mcs70_b09_s100.B05,dsb_never,56,193,7100937184,1000.02,1,4196012958,512.72,4715828306,4715828306,0
mcs70_b09_s100.A06,mcs70_b09_s100.B06,dsb_never,40,50,9293885210,1000.02,1,1514100208,156.815,6477177139,6477177139,0
mcs70_b09_s100.A07,mcs70_b09_s100.B07,dsb_never,65,266,5160046766,1000.02,1,1225892,0.230171,3107039947,3107039947,0
mcs70_b09_s100.A08,mcs70_b09_s100.B08,dsb_never,43,55,8358782622,1000.02,1,1155460945,129.943,5930921557,5930921557,0
mcs70_b09_s100.A09,mcs70_b09_s100.B09,dsb_never,43,56,8180929214,1000.02,1,1240642715,141.205,5366166250,5366166250,0
mcs70_b09_s15.A00,mcs70_b09_s15.B00,dsb_never,12,44,791,0.000130096,0,140,3.15E-05,548,548,0
mcs70_b09_s15.A01,mcs70_b09_s15.B01,dsb_never,11,40,2266,0.000204097,0,37,9.72E-06,1504,1504,0
mcs70_b09_s15.A02,mcs70_b09_s15.B02,dsb_never,12,46,686,0.000110166,0,47,1.38E-05,505,505,0
mcs70_b09_s15.A03,mcs70_b09_s15.B03,dsb_never,11,40,2780,0.000271919,0,213,2.65E-05,1918,1918,0
mcs70_b09_s15.A04,mcs70_b09_s15.B04,dsb_never,12,45,788,0.000123917,0,207,2.79E-05,550,550,0
mcs70_b09_s15.A05,mcs70_b09_s15.B05,dsb_never,12,53,733,0.000111067,0,245,3.11E-05,509,509,0
mcs70_b09_s15.A06,mcs70_b09_s15.B06,dsb_never,12,51,570,9.80E-05,0,35,9.71E-06,425,425,0
mcs70_b09_s15.A07,mcs70_b09_s15.B07,dsb_never,12,45,636,0.000100811,0,312,3.74E-05,460,460,0
mcs70_b09_s15.A08,mcs70_b09_s15.B08,dsb_never,12,49,592,0.000100181,0,108,1.71E-05,425,425,0
mcs70_b09_s15.A09,mcs70_b09_s15.B09,dsb_never,12,51,747,0.000116456,0,70,1.32E-05,505,505,0
mcs70_b09_s20.A00,mcs70_b09_s20.B00,dsb_never,15,66,11542,0.00189311,0,2598,0.000387173,8007,8007,0
mcs70_b09_s20.A01,mcs70_b09_s20.B01,dsb_never,14,56,17509,0.00291818,0,15,1.28E-05,12082,12082,0
mcs70_b09_s20.A02,mcs70_b09_s20.B02,dsb_never,14,63,27657,0.00453187,0,977,0.000156386,18583,18583,0
mcs70_b09_s20.A03,mcs70_b09_s20.B03,dsb_never,14,63,21901,0.003652,0,146,3.47E-05,14957,14957,0
mcs70_b09_s20.A04,mcs70_b09_s20.B04,dsb_never,14,63,33836,0.00562843,0,1401,0.000229996,22565,22565,0
mcs70_b09_s20.A05,mcs70_b09_s20.B05,dsb_never,14,63,29104,0.00442404,0,267,4.73E-05,20193,20193,0
mcs70_b09_s20.A06,mcs70_b09_s20.B06,dsb_never,14,63,25131,0.0041204,0,332,5.68E-05,17188,17188,0
mcs70_b09_s20.A07,mcs70_b09_s20.B07,dsb_never,15,66,12730,0.00215648,0,2052,0.000341725,8852,8852,0
mcs70_b09_s20.A08,mcs70_b09_s20.B08,dsb_never,15,67,14346,0.00239574,0,6847,0.00112627,9718,9718,0
mcs70_b09_s20.A09,mcs70_b09_s20.B09,dsb_never,15,66,15990,0.00261697,0,5970,0.000977512,10853,10853,0
mcs70_b09_s25.A00,mcs70_b09_s25.B00,dsb_never,17,75,258288,0.0500349,0,119708,0.0228413,167832,167832,0
mcs70_b09_s25.A01,mcs70_b09_s25.B01,dsb_never,17,74,213052,0.042413,0,1201,0.000246711,140111,140111,0
mcs70_b09_s25.A02,mcs70_b09_s25.B02,dsb_never,17,75,265512,0.0520758,0,115730,0.0223167,175256,175256,0
mcs70_b09_s25.A03,mcs70_b09_s25.B03,dsb_never,16,72,479726,0.0941483,0,373,6.79E-05,308839,308839,0
mcs70_b09_s25.A04,mcs70_b09_s25.B04,dsb_never,18,76,137035,0.0260267,0,25709,0.00442867,89657,89657,0
mcs70_b09_s25.A05,mcs70_b09_s25.B05,dsb_never,17,63,245097,0.0491047,0,9195,0.00139658,163293,163293,0
mcs70_b09_s25.A06,mcs70_b09_s25.B06,dsb_never,17,73,205147,0.0411758,0,18,2.84E-05,136983,136983,0
mcs70_b09_s25.A07,mcs70_b09_s25.B07,dsb_never,17,75,239655,0.0478749,0,43799,0.00843504,158369,158369,0
mcs70_b09_s25.A08,mcs70_b09_s25.B08,dsb_never,16,72,434140,0.0846307,0,293,5.74E-05,282269,282269,0
mcs70_b09_s25.A09,mcs70_b09_s25.B09,dsb_never,17,73,178943,0.0354834,0,1740,0.000274443,119906,119906,0
mcs70_b09_s30.A00,mcs70_b09_s30.B00,dsb_never,21,91,512040,0.10463,0,87959,0.0174917,339790,339790,0
mcs70_b09_s30.A01,mcs70_b09_s30.B01,dsb_never,20,90,1187361,0.23685,0,21862,0.00368938,774157,774157,0
mcs70_b09_s30.A02,mcs70_b09_s30.B02,dsb_never,20,90,1550193,0.301936,0,5845,0.000921327,977834,977834,0
mcs70_b09_s30.A03,mcs70_b09_s30.B03,dsb_never,22,92,281948,0.0575471,0,80211,0.0153871,188559,188559,0
mcs70_b09_s30.A04,mcs70_b09_s30.B04,dsb_never,21,92,546074,0.110771,0,71834,0.0125481,358954,358954,0
mcs70_b09_s30.A05,mcs70_b09_s30.B05,dsb_never,21,91,800540,0.160998,0,185982,0.0366185,516477,516477,0
mcs70_b09_s30.A06,mcs70_b09_s30.B06,dsb_never,21,91,463130,0.0921802,0,40399,0.00503144,308518,308518,0
mcs70_b09_s30.A07,mcs70_b09_s30.B07,dsb_never,20,90,1324453,0.263929,0,18394,0.00301467,837334,837334,0
mcs70_b09_s30.A08,mcs70_b09_s30.B08,dsb_never,21,84,525510,0.106749,0,19848,0.00384337,346467,346467,0
mcs70_b09_s30.A09,mcs70_b09_s30.B09,dsb_never,21,91,602190,0.123499,0,98122,0.0195737,395133,395133,0
mcs70_b09_s35.A00,mcs70_b09_s35.B00,dsb_never,25,110,1708854,0.423199,0,55068,0.01021,1078595,1078595,0
mcs70_b09_s35.A01,mcs70_b09_s35.B01,dsb_never,24,108,3406848,0.798272,0,1805,0.000360704,2166866,2166866,0
mcs70_b09_s35.A02,mcs70_b09_s35.B02,dsb_never,25,109,2574301,0.606116,0,813675,0.154667,1623327,1623327,0
mcs70_b09_s35.A03,mcs70_b09_s35.B03,dsb_never,25,110,2071702,0.472996,0,696009,0.126353,1323115,1323115,0
mcs70_b09_s35.A04,mcs70_b09_s35.B04,dsb_never,25,111,1722566,0.348891,0,901272,0.182396,1103231,1103231,0
mcs70_b09_s35.A05,mcs70_b09_s35.B05,dsb_never,24,108,3303727,0.67013,0,125853,0.0225902,2100342,2100342,0
mcs70_b09_s35.A06,mcs70_b09_s35.B06,dsb_never,25,109,2206851,0.419274,0,474170,0.0682266,1392564,1392564,0
mcs70_b09_s35.A07,mcs70_b09_s35.B07,dsb_never,25,109,1246685,0.255069,0,248366,0.0503467,815441,815441,0
mcs70_b09_s35.A08,mcs70_b09_s35.B08,dsb_never,24,108,3422711,0.681126,0,57986,0.0111467,2151974,2151974,0
mcs70_b09_s35.A09,mcs70_b09_s35.B09,dsb_never,25,110,1980846,0.402999,0,276287,0.0521729,1255309,1255309,0
mcs70_b09_s40.A00,mcs70_b09_s40.B00,dsb_never,29,127,5287028,1.06808,0,1151376,0.224698,3321225,3321225,0
mcs70_b09_s40.A01,mcs70_b09_s40.B01,dsb_never,29,127,31942754,4.98101,0,27275681,4.02527,20323905,20323905,0
mcs70_b09_s40.A02,mcs70_b09_s40.B02,dsb_never,29,127,6720688,1.33702,0,2410334,0.469299,4197295,4197295,0
mcs70_b09_s40.A03,mcs70_b09_s40.B03,dsb_never,29,127,5967152,1.19637,0,480556,0.0892079,3717101,3717101,0
mcs70_b09_s40.A04,mcs70_b09_s40.B04,dsb_never,29,127,5338138,1.03927,0,1906794,0.339785,3373209,3373209,0
mcs70_b09_s40.A05,mcs70_b09_s40.B05,dsb_never,29,129,3294064,0.66913,0,757411,0.151686,2116207,2116207,0
mcs70_b09_s40.A06,mcs70_b09_s40.B06,dsb_never,29,127,5989341,1.20328,0,1764812,0.33744,3753307,3753307,0
mcs70_b09_s40.A07,mcs70_b09_s40.B07,dsb_never,29,127,5135783,1.04226,0,650448,0.130655,3200703,3200703,0
mcs70_b09_s40.A08,mcs70_b09_s40.B08,dsb_never,29,128,5085436,1.01866,0,1431433,0.265302,3210159,3210159,0
mcs70_b09_s40.A09,mcs70_b09_s40.B09,dsb_never,29,128,6869617,1.39661,0,2023351,0.410173,4272159,4272159,0
mcs70_b09_s50.A00,mcs70_b09_s50.B00,dsb_never,35,154,207782722,41.2833,0,16925328,3.26548,130158772,130158772,0
mcs70_b09_s50.A01,mcs70_b09_s50.B01,dsb_never,35,149,615261559,101.884,0,439673245,67.1455,396669809,396669809,0
mcs70_b09_s50.A02,mcs70_b09_s50.B02,dsb_never,35,155,282749472,55.5157,0,67194498,13.0448,175775700,175775700,0
mcs70_b09_s50.A03,mcs70_b09_s50.B03,dsb_never,35,154,183635022,35.8462,0,30370784,5.59599,116248206,116248206,0
mcs70_b09_s50.A04,mcs70_b09_s50.B04,dsb_never,35,154,274342540,47.9107,0,145238179,22.0438,176205766,176205766,0
mcs70_b09_s50.A05,mcs70_b09_s50.B05,dsb_never,35,150,1527492784,284.2,0,1390130848,247.903,1001919667,1001919667,0
mcs70_b09_s50.A06,mcs70_b09_s50.B06,dsb_never,35,155,190690989,43.4746,0,27276774,5.70191,122698533,122698533,0
mcs70_b09_s50.A07,mcs70_b09_s50.B07,dsb_never,35,156,213401756,42.891,0,58567894,10.3659,136446562,136446562,0
mcs70_b09_s50.A08,mcs70_b09_s50.B08,dsb_never,35,154,217158111,46.0004,0,19263541,4.08554,136703393,136703393,0
mcs70_b09_s50.A09,mcs70_b09_s50.B09,dsb_never,36,157,306312089,50.1459,0,214733128,32.0448,197551091,197551091,0
mcs70_b09_s60.A00,mcs70_b09_s60.B00,dsb_never,43,191,2196831674,433.096,0,514610292,100.95,1398316424,1398316424,0
mcs70_b09_s60.A01,mcs70_b09_s60.B01,dsb_never,44,190,569451653,112.626,0,51863508,9.93189,354098330,354098330,0
mcs70_b09_s60.A02,mcs70_b09_s60.B02,dsb_never,42,189,3700192299,726.805,0,6618881,1.10114,2367609623,2367609623,0
mcs70_b09_s60.A03,mcs70_b09_s60.B03,dsb_never,44,191,849590781,169.132,0,23326456,4.02247,531118055,531118055,0
mcs70_b09_s60.A04,mcs70_b09_s60.B04,dsb_never,43,182,1435508614,284.931,0,43981011,7.83087,909610617,909610617,0
mcs70_b09_s60.A05,mcs70_b09_s60.B05,dsb_never,30,82,6997180115,1000.02,1,6934020298,990.485,4725626070,4725626070,0
mcs70_b09_s60.A06,mcs70_b09_s60.B06,dsb_never,43,182,1239584914,241.699,0,253265988,48.3263,791940218,791940218,0
mcs70_b09_s60.A07,mcs70_b09_s60.B07,dsb_never,44,193,1759810983,298.723,0,1078736602,160.313,1148696768,1148696768,0
mcs70_b09_s60.A08,mcs70_b09_s60.B08,dsb_never,43,192,2563190207,506.059,0,1350147407,265.965,1647881891,1647881891,0
mcs70_b09_s60.A09,mcs70_b09_s60.B09,dsb_never,43,190,1212847162,236.537,0,171507989,33.1737,786842658,786842658,0
mcs70_b09_s70.A00,mcs70_b09_s70.B00,dsb_never,36,104,7138787972,1000.02,1,5853502847,802.627,4796757987,4796757987,0
mcs70_b09_s70.A01,mcs70_b09_s70.B01,dsb_never,42,152,5615484732,1000.01,1,685420916,113.679,3768918658,3768918658,0
mcs70_b09_s70.A02,mcs70_b09_s70.B02,dsb_never,49,218,5195826535,1000.02,1,3113044273,592.591,3407056816,3407056816,0
mcs70_b09_s70.A03,mcs70_b09_s70.B03,dsb_never,32,82,7098950822,1000.02,1,55812092,8.05865,4748085566,4748085566,0
mcs70_b09_s70.A04,mcs70_b09_s70.B04,dsb_never,33,50,7578448375,1000.01,1,4553508428,589.913,5058347133,5058347133,0
mcs70_b09_s70.A05,mcs70_b09_s70.B05,dsb_never,49,217,5296153922,1000.02,1,4278793502,800.434,3515882429,3515882429,0
mcs70_b09_s70.A06,mcs70_b09_s70.B06,dsb_never,39,144,5941596530,1000.01,1,1024535478,163.908,3953455010,3953455010,0
mcs70_b09_s70.A07,mcs70_b09_s70.B07,dsb_never,49,208,5246556366,1000.02,1,3101880916,579.65,3472948417,3472948417,0
mcs70_b09_s70.A08,mcs70_b09_s70.B08,dsb_never,49,217,5195002156,1000.01,1,4117161748,785.073,3428520702,3428520702,0
mcs70_b09_s70.A09,mcs70_b09_s70.B09,dsb_never,49,217,5234091620,1000.02,1,2543684244,465.771,3477277551,3477277551,0
mcs70_b09_s80.A00,mcs70_b09_s80.B00,dsb_never,41,116,6734042202,1000.02,1,1313738077,187.199,4745590475,4745590475,0
mcs70_b09_s80.A01,mcs70_b09_s80.B01,dsb_never,37,64,7593253354,1000.02,1,406739191,51.5328,5139875055,5139875055,0
mcs70_b09_s80.A02,mcs70_b09_s80.B02,dsb_never,56,252,4509505539,1000.01,1,420789697,93.5948,2913846472,2913846472,0
mcs70_b09_s80.A03,mcs70_b09_s80.B03,dsb_never,40,102,6267342681,1000.01,1,17646212,2.82848,4357950920,4357950920,0
mcs70_b09_s80.A04,mcs70_b09_s80.B04,dsb_never,43,143,5473459922,1000.01,1,683758942,124.765,3758230599,3758230599,0
mcs70_b09_s80.A05,mcs70_b09_s80.B05,dsb_never,48,163,5803673369,1000.02,1,241633420,38.1695,3821586910,3821586910,0
mcs70_b09_s80.A06,mcs70_b09_s80.B06,dsb_never,56,252,5022948974,1000.02,1,230686087,44.146,3249954836,3249954836,0
mcs70_b09_s80.A07,mcs70_b09_s80.B07,dsb_never,57,245,5018064112,1000.01,1,104,8.26E-05,3313466119,3313466119,0
mcs70_b09_s80.A08,mcs70_b09_s80.B08,dsb_never,57,253,5127868016,1000.01,1,58,7.85E-05,3419186839,3419186839,0
mcs70_b09_s80.A09,mcs70_b09_s80.B09,dsb_never,41,126,6908021746,1000.02,1,4455646362,617.748,4560990628,4560990628,0
mcs70_b09_s90.A00,mcs70_b09_s90.B00,dsb_never,52,187,5865302330,1000.01,1,2564211035,428.911,3782773371,3782773371,0
mcs70_b09_s90.A01,mcs70_b09_s90.B01,dsb_never,43,97,6968760898,1000.02,1,1533074536,218.607,5003601633,5003601633,0
mcs70_b09_s90.A02,mcs70_b09_s90.B02,dsb_never,56,222,5179870843,1000,1,31539532,5.27224,3138264170,3138264170,0
mcs70_b09_s90.A03,mcs70_b09_s90.B03,dsb_never,52,197,5982188331,1000.02,1,236,8.77E-05,3983432042,3983432042,0
mcs70_b09_s90.A04,mcs70_b09_s90.B04,dsb_never,47,170,6089638848,1000.01,1,48,6.93E-05,3795810167,3795810167,0
mcs70_b09_s90.A05,mcs70_b09_s90.B05,dsb_never,51,181,6365658640,1000.02,1,2215882528,312.691,4127026775,4127026775,0
mcs70_b09_s90.A06,mcs70_b09_s90.B06,dsb_never,62,279,4998049448,1000.02,1,3068784989,597.576,2961928570,2961928570,0
mcs70_b09_s90.A07,mcs70_b09_s90.B07,dsb_never,48,164,6298718709,1000.01,1,5659082386,898.136,3946649616,3946649616,0
mcs70_b09_s90.A08,mcs70_b09_s90.B08,dsb_never,55,221,5411150062,1000.02,1,94796091,17.3334,3559711700,3559711700,0
mcs70_b09_s90.A09,mcs70_b09_s90.B09,dsb_never,62,279,4919023017,1000.02,1,754739,0.14485,3178799497,3178799497,0
mcs70_b09m_s100.A00,mcs70_b09m_s100.B00,dsb_never,71,314,3194630198,1000.01,1,72,0.000109775,1601953481,1601953481,0
mcs70_b09m_s100.A01,mcs70_b09m_s100.B01,dsb_never,45,49,7575213217,1000.02,1,2557158111,333.191,4962645962,4962645962,0
mcs70_b09m_s100.A02,mcs70_b09m_s100.B02,dsb_never,41,52,3865992888,1000.02,1,69438753,17.7965,2550282350,2550282350,0
mcs70_b09m_s100.A03,mcs70_b09m_s100.B03,dsb_never,42,55,7816481428,1000.02,1,7524127931,961.318,4888818423,4888818423,0
mcs70_b09m_s100.A04,mcs70_b09m_s100.B04,dsb_never,42,53,7573232493,1000.01,1,954758389,123.04,4821176829,4821176829,0
mcs70_b09m_s100.A05,mcs70_b09m_s100.B05,dsb_never,43,57,7386247197,1000.01,1,3884685888,508.194,4756985256,4756985256,0
mcs70_b09m_s100.A06,mcs70_b09m_s100.B06,dsb_never,41,50,7364614541,1000.02,1,671009766,89.9193,4637277083,4637277083,0
mcs70_b09m_s100.A07,mcs70_b09m_s100.B07,dsb_never,50,155,5806373915,1000.01,1,293360905,46.5666,3442039629,3442039629,0
mcs70_b09m_s100.A08,mcs70_b09m_s100.B08,dsb_never,43,58,7110921822,1000.01,1,1831299050,246.102,4439810704,4439810704,0
mcs70_b09m_s100.A09,mcs70_b09m_s100.B09,dsb_never,44,90,7514289151,1000.01,1,87142166,11.6734,4812489603,4812489603,0
mcs70_b09m_s15.A00,mcs70_b09m_s15.B00,dsb_never,10,25,4471,0.000539723,0,274,3.46E-05,3076,3076,0
mcs70_b09m_s15.A01,mcs70_b09m_s15.B01,dsb_never,10,29,4654,0.000539964,0,1162,0.000128884,3274,3274,0
mcs70_b09m_s15.A02,mcs70_b09m_s15.B02,dsb_never,10,21,4547,0.000549388,0,1536,0.000167192,3100,3100,0
mcs70_b09m_s15.A03,mcs70_b09m_s15.B03,dsb_never,11,34,1273,0.000192561,0,334,4.35E-05,909,909,0
mcs70_b09m_s15.A04,mcs70_b09m_s15.B04,dsb_never,11,36,2258,0.000293282,0,1364,0.000156656,1527,1527,0
mcs70_b09m_s15.A05,mcs70_b09m_s15.B05,dsb_never,10,25,6072,0.000883071,0,319,3.28E-05,4022,4022,0
mcs70_b09m_s15.A06,mcs70_b09m_s15.B06,dsb_never,10,27,7140,0.000836901,0,4471,0.000476378,4823,4823,0
mcs70_b09m_s15.A07,mcs70_b09m_s15.B07,dsb_never,10,24,5224,0.000698418,0,78,1.70E-05,3525,3525,0
mcs70_b09m_s15.A08,mcs70_b09m_s15.B08,dsb_never,11,37,2635,0.000331951,0,1754,0.00019977,1814,1814,0
mcs70_b09m_s15.A09,mcs70_b09m_s15.B09,dsb_never,10,34,4420,0.000786986,0,1944,0.000173442,3038,3038,0
mcs70_b09m_s20.A00,mcs70_b09m_s20.B00,dsb_never,15,60,9304,0.00169265,0,16,1.36E-05,6887,6887,0
mcs70_b09m_s20.A01,mcs70_b09m_s20.B01,dsb_never,14,55,60348,0.00957412,0,38773,0.00569148,38796,38796,0
mcs70_b09m_s20.A02,mcs70_b09m_s20.B02,dsb_never,14,60,53622,0.00800543,0,42361,0.00604032,35031,35031,0
mcs70_b09m_s20.A03,mcs70_b09m_s20.B03,dsb_never,14,58,55486,0.00852427,0,42888,0.00627412,35149,35149,0
mcs70_b09m_s20.A04,mcs70_b09m_s20.B04,dsb_never,14,55,29956,0.005027,0,16385,0.00267047,19947,19947,0
mcs70_b09m_s20.A05,mcs70_b09m_s20.B05,dsb_never,14,57,22759,0.00382177,0,6016,0.000927528,15740,15740,0
mcs70_b09m_s20.A06,mcs70_b09m_s20.B06,dsb_never,14,59,57826,0.009309,0,34893,0.00527013,37785,37785,0
mcs70_b09m_s20.A07,mcs70_b09m_s20.B07,dsb_never,14,56,28018,0.00464525,0,15660,0.00245618,18683,18683,0
mcs70_b09m_s20.A08,mcs70_b09m_s20.B08,dsb_never,14,59,40970,0.00670927,0,15746,0.00226028,27373,27373,0
mcs70_b09m_s20.A09,mcs70_b09m_s20.B09,dsb_never,14,49,28013,0.00471393,0,6886,0.000977623,18999,18999,0
mcs70_b09m_s25.A00,mcs70_b09m_s25.B00,dsb_never,16,68,684634,0.113158,0,442651,0.0691328,428401,428401,0
mcs70_b09m_s25.A01,mcs70_b09m_s25.B01,dsb_never,17,70,246255,0.0449157,0,105042,0.0164937,160237,160237,0
mcs70_b09m_s25.A02,mcs70_b09m_s25.B02,dsb_never,17,61,433112,0.0747108,0,290173,0.0462081,278015,278015,0
mcs70_b09m_s25.A03,mcs70_b09m_s25.B03,dsb_never,16,67,403567,0.0677698,0,157806,0.0222791,260278,260278,0
mcs70_b09m_s25.A04,mcs70_b09m_s25.B04,dsb_never,16,65,541531,0.0903748,0,218303,0.0322311,346251,346251,0
mcs70_b09m_s25.A05,mcs70_b09m_s25.B05,dsb_never,16,70,275524,0.0525224,0,5765,0.000877416,183351,183351,0
mcs70_b09m_s25.A06,mcs70_b09m_s25.B06,dsb_never,16,67,1010929,0.168343,0,666820,0.104396,626859,626859,0
mcs70_b09m_s25.A07,mcs70_b09m_s25.B07,dsb_never,16,68,724880,0.125037,0,426964,0.0687237,458693,458693,0
mcs70_b09m_s25.A08,mcs70_b09m_s25.B08,dsb_never,17,70,314731,0.0526607,0,227417,0.0358907,203306,203306,0
mcs70_b09m_s25.A09,mcs70_b09m_s25.B09,dsb_never,16,64,443761,0.0778234,0,147417,0.0238505,288495,288495,0
mcs70_b09m_s30.A00,mcs70_b09m_s30.B00,dsb_never,21,87,2676853,0.431439,0,2262795,0.349103,1676422,1676422,0
mcs70_b09m_s30.A01,mcs70_b09m_s30.B01,dsb_never,20,87,3191172,0.514501,0,2326322,0.342865,2018624,2018624,0
mcs70_b09m_s30.A02,mcs70_b09m_s30.B02,dsb_never,21,87,4369842,0.693253,0,3947971,0.609333,2678922,2678922,0
mcs70_b09m_s30.A03,mcs70_b09m_s30.B03,dsb_never,21,81,421015,0.0844565,0,22868,0.00373541,287731,287731,0
mcs70_b09m_s30.A04,mcs70_b09m_s30.B04,dsb_never,21,84,405556,0.0788266,0,50777,0.00765372,275691,275691,0
mcs70_b09m_s30.A05,mcs70_b09m_s30.B05,dsb_never,20,88,3081562,0.531808,0,2247664,0.363826,1921829,1921829,0
mcs70_b09m_s30.A06,mcs70_b09m_s30.B06,dsb_never,20,84,1175177,0.223493,0,151463,0.022136,769679,769679,0
mcs70_b09m_s30.A07,mcs70_b09m_s30.B07,dsb_never,20,84,2049532,0.338698,0,1327110,0.202833,1306211,1306211,0
mcs70_b09m_s30.A08,mcs70_b09m_s30.B08,dsb_never,20,87,4357491,0.716851,0,3895365,0.623335,2749051,2749051,0
mcs70_b09m_s30.A09,mcs70_b09m_s30.B09,dsb_never,20,87,997443,0.193341,0,124420,0.0179737,651759,651759,0
mcs70_b09m_s35.A00,mcs70_b09m_s35.B00,dsb_never,24,106,22514288,3.57549,0,20036985,3.08134,14111889,14111889,0
mcs70_b09m_s35.A01,mcs70_b09m_s35.B01,dsb_never,24,105,15019522,2.38425,0,12590319,1.90678,9336552,9336552,0
mcs70_b09m_s35.A02,mcs70_b09m_s35.B02,dsb_never,24,105,2450062,0.477933,0,275057,0.0416787,1609582,1609582,0
mcs70_b09m_s35.A03,mcs70_b09m_s35.B03,dsb_never,24,105,20973871,3.25284,0,19023325,2.86073,13101561,13101561,0
mcs70_b09m_s35.A04,mcs70_b09m_s35.B04,dsb_never,24,105,43509638,6.84817,0,40894686,6.31992,26826719,26826719,0
mcs70_b09m_s35.A05,mcs70_b09m_s35.B05,dsb_never,24,104,32879208,5.13644,0,30804582,4.71249,20389835,20389835,0
mcs70_b09m_s35.A06,mcs70_b09m_s35.B06,dsb_never,24,105,23801850,3.74667,0,21268251,3.23807,14929010,14929010,0
mcs70_b09m_s35.A07,mcs70_b09m_s35.B07,dsb_never,24,102,20478989,3.31268,0,18707950,2.96936,13135503,13135503,0
mcs70_b09m_s35.A08,mcs70_b09m_s35.B08,dsb_never,24,107,14397649,2.52276,0,12780641,2.19752,9234506,9234506,0
mcs70_b09m_s35.A09,mcs70_b09m_s35.B09,dsb_never,24,104,51607793,8.57893,0,49893596,8.23379,32901718,32901718,0
mcs70_b09m_s40.A00,mcs70_b09m_s40.B00,dsb_never,28,124,81081644,12.9372,0,76878927,12.0688,51670633,51670633,0
mcs70_b09m_s40.A01,mcs70_b09m_s40.B01,dsb_never,28,120,201241132,32.821,0,194418386,31.4595,127467774,127467774,0
mcs70_b09m_s40.A02,mcs70_b09m_s40.B02,dsb_never,28,123,477093681,73.161,0,470389367,71.8174,304067532,304067532,0
mcs70_b09m_s40.A03,mcs70_b09m_s40.B03,dsb_never,28,122,241283324,35.541,0,236255162,34.5441,153422660,153422660,0
mcs70_b09m_s40.A04,mcs70_b09m_s40.B04,dsb_never,28,122,76935767,12.2796,0,71278163,11.1344,48887324,48887324,0
mcs70_b09m_s40.A05,mcs70_b09m_s40.B05,dsb_never,28,124,175070796,26.1656,0,169926375,25.1482,110845696,110845696,0
mcs70_b09m_s40.A06,mcs70_b09m_s40.B06,dsb_never,28,121,181435268,29.6095,0,173424747,27.955,115890449,115890449,0
mcs70_b09m_s40.A07,mcs70_b09m_s40.B07,dsb_never,28,121,41645353,7.45812,0,36587708,6.45083,27284466,27284466,0
mcs70_b09m_s40.A08,mcs70_b09m_s40.B08,dsb_never,28,120,126459784,19.3644,0,120766231,18.2489,79720342,79720342,0
mcs70_b09m_s40.A09,mcs70_b09m_s40.B09,dsb_never,28,124,6981175,1.38447,0,1416073,0.244677,4589029,4589029,0
mcs70_b09m_s50.A00,mcs70_b09m_s50.B00,dsb_never,24,47,6867875944,1000.01,1,38138765,5.56033,4514557339,4514557339,0
mcs70_b09m_s50.A01,mcs70_b09m_s50.B01,dsb_never,34,150,161945169,31.7238,0,1475584,0.253825,109788516,109788516,0
mcs70_b09m_s50.A02,mcs70_b09m_s50.B02,dsb_never,27,74,6111494410,1000.01,1,3606998191,569.709,3989489039,3989489039,0
mcs70_b09m_s50.A03,mcs70_b09m_s50.B03,dsb_never,24,24,6956565160,1000.02,1,1528509527,212.207,4494118558,4494118558,0
mcs70_b09m_s50.A04,mcs70_b09m_s50.B04,dsb_never,24,36,6504823075,1000.02,1,445180935,65.0814,4149710530,4149710530,0
mcs70_b09m_s50.A05,mcs70_b09m_s50.B05,dsb_never,34,151,1926989943,321.922,0,1709894161,278.353,1263051567,1263051567,0
mcs70_b09m_s50.A06,mcs70_b09m_s50.B06,dsb_never,24,27,6761284553,1000.02,1,771585922,108.535,4349052893,4349052893,0
mcs70_b09m_s50.A07,mcs70_b09m_s50.B07,dsb_never,35,153,78387198,16.1491,0,36,4.20E-05,53439391,53439391,0
mcs70_b09m_s50.A08,mcs70_b09m_s50.B08,dsb_never,27,73,6469876699,1000.02,1,3233104693,463.204,4260113264,4260113264,0
mcs70_b09m_s50.A09,mcs70_b09m_s50.B09,dsb_never,25,49,6474196267,1000.01,1,584648227,87.9103,4248960846,4248960846,0
mcs70_b09m_s60.A00,mcs70_b09m_s60.B00,dsb_never,28,39,7152651433,1000.02,1,844255273,107.989,4718376432,4718376432,0
mcs70_b09m_s60.A01,mcs70_b09m_s60.B01,dsb_never,28,38,6798311394,1000.02,1,2756805028,401.587,4394992789,4394992789,0
mcs70_b09m_s60.A02,mcs70_b09m_s60.B02,dsb_never,29,35,5202198117,1000.02,1,872094611,158.378,3364368398,3364368398,0
mcs70_b09m_s60.A03,mcs70_b09m_s60.B03,dsb_never,28,37,6826648525,1000.02,1,670955509,95.354,4398360356,4398360356,0
mcs70_b09m_s60.A04,mcs70_b09m_s60.B04,dsb_never,29,36,6711560771,1000.02,1,1429267066,207.231,4344517462,4344517462,0
mcs70_b09m_s60.A05,mcs70_b09m_s60.B05,dsb_never,28,34,7569429036,1000.02,1,5527462381,719.487,4948714633,4948714633,0
mcs70_b09m_s60.A06,mcs70_b09m_s60.B06,dsb_never,28,38,7203884395,1000.02,1,407023081,52.5105,4724313425,4724313425,0
mcs70_b09m_s60.A07,mcs70_b09m_s60.B07,dsb_never,31,95,6129423674,1000.01,1,687128579,99.0213,3981586984,3981586984,0
mcs70_b09m_s60.A08,mcs70_b09m_s60.B08,dsb_never,28,38,6822808717,1000.02,1,4488971539,655.36,4438728155,4438728155,0
mcs70_b09m_s60.A09,mcs70_b09m_s60.B09,dsb_never,28,35,6951080947,1000.02,1,595942325,83.4053,4511574275,4511574275,0
mcs70_b09m_s70.A00,mcs70_b09m_s70.B00,dsb_never,32,38,7439306823,1000.02,1,1197938525,155.864,4836418662,4836418662,0
mcs70_b09m_s70.A01,mcs70_b09m_s70.B01,dsb_never,31,33,7721176746,1000.02,1,1253129157,158.169,4955317526,4955317526,0
mcs70_b09m_s70.A02,mcs70_b09m_s70.B02,dsb_never,32,40,6895756506,1000.01,1,2660030157,375.558,4460917336,4460917336,0
mcs70_b09m_s70.A03,mcs70_b09m_s70.B03,dsb_never,32,44,7227204916,1000.01,1,438370700,55.7729,4728834539,4728834539,0
mcs70_b09m_s70.A04,mcs70_b09m_s70.B04,dsb_never,36,88,5914651482,1000.02,1,26397696,4.53089,3839190315,3839190315,0
mcs70_b09m_s70.A05,mcs70_b09m_s70.B05,dsb_never,31,38,6878292769,1000.02,1,2834168575,399.161,4400800343,4400800343,0
mcs70_b09m_s70.A06,mcs70_b09m_s70.B06,dsb_never,48,213,4646983804,1000.02,1,49,6.64E-05,3191618652,3191618652,0
mcs70_b09m_s70.A07,mcs70_b09m_s70.B07,dsb_never,35,106,6260517804,1000.01,1,266364190,35.9183,4068716832,4068716832,0
mcs70_b09m_s70.A08,mcs70_b09m_s70.B08,dsb_never,31,38,7111873870,1000.01,1,143624,0.0214312,4560391217,4560391217,0
mcs70_b09m_s70.A09,mcs70_b09m_s70.B09,dsb_never,32,43,7043817354,1000.02,1,68313789,9.26773,4484994695,4484994695,0
mcs70_b09m_s80.A00,mcs70_b09m_s80.B00,dsb_never,37,49,7524246627,1000.01,1,965968735,114.281,4999640206,4999640206,0
mcs70_b09m_s80.A01,mcs70_b09m_s80.B01,dsb_never,37,98,3162663057,1000.02,1,9966139,3.31785,2014224219,2014224219,0
mcs70_b09m_s80.A02,mcs70_b09m_s80.B02,dsb_never,34,38,3822267547,1000.02,1,3143213904,808.653,2427703573,2427703573,0
mcs70_b09m_s80.A03,mcs70_b09m_s80.B03,dsb_never,35,46,7376607095,1000.01,1,1994077227,263.89,4787037988,4787037988,0
mcs70_b09m_s80.A04,mcs70_b09m_s80.B04,dsb_never,45,161,5237497006,1000.02,1,46,5.47E-05,3412310813,3412310813,0
mcs70_b09m_s80.A05,mcs70_b09m_s80.B05,dsb_never,35,44,7904505117,1000.02,1,61575208,7.58648,5472122152,5472122152,0
mcs70_b09m_s80.A06,mcs70_b09m_s80.B06,dsb_never,35,44,7374174502,1000.02,1,7231534984,979.649,4747400163,4747400163,0
mcs70_b09m_s80.A07,mcs70_b09m_s80.B07,dsb_never,35,43,7272245569,1000.01,1,4143758991,541.481,4730090485,4730090485,0
mcs70_b09m_s80.A08,mcs70_b09m_s80.B08,dsb_never,34,35,7458442959,1000.01,1,61306656,7.286,4810701808,4810701808,0
mcs70_b09m_s80.A09,mcs70_b09m_s80.B09,dsb_never,35,44,7403675703,1000.02,1,104705743,13.4899,4782902605,4782902605,0
mcs70_b09m_s90.A00,mcs70_b09m_s90.B00,dsb_never,38,48,7586302912,1000.01,1,34126278,4.31787,4888860401,4888860401,0
mcs70_b09m_s90.A01,mcs70_b09m_s90.B01,dsb_never,40,49,7391282661,1000.02,1,186578077,24.027,4818364413,4818364413,0
mcs70_b09m_s90.A02,mcs70_b09m_s90.B02,dsb_never,40,52,7637213700,1000.01,1,53578352,7.14683,4990414528,4990414528,0
mcs70_b09m_s90.A03,mcs70_b09m_s90.B03,dsb_never,39,53,8200840490,1000.01,1,1264386881,151.747,5494692005,5494692005,0
mcs70_b09m_s90.A04,mcs70_b09m_s90.B04,dsb_never,39,47,7230245840,1000.02,1,800791432,105.262,4703984713,4703984713,0
mcs70_b09m_s90.A05,mcs70_b09m_s90.B05,dsb_never,38,49,6762315665,1000.02,1,1933217029,291.594,4274348417,4274348417,0
mcs70_b09m_s90.A06,mcs70_b09m_s90.B06,dsb_never,41,96,6916041796,1000.01,1,2727012919,370.787,4428063269,4428063269,0
mcs70_b09m_s90.A07,mcs70_b09m_s90.B07,dsb_never,40,45,7327806067,1000.01,1,692679322,92.6822,4791922401,4791922401,0
mcs70_b09m_s90.A08,mcs70_b09m_s90.B08,dsb_never,39,46,7711089180,1000.02,1,1223257798,157.841,4951312542,4951312542,0
mcs70_b09m_s90.A09,mcs70_b09m_s90.B09,dsb_never,38,43,7618436714,1000.01,1,1275383980,159.211,4977270781,4977270781,0
mcs70_m2D_s100.A00,mcs70_m2D_s100.B00,dsb_never,66,65,10506572056,1000.01,1,1917134805,172.296,7549328888,7549328888,0
mcs70_m2D_s100.A01,mcs70_m2D_s100.B01,dsb_never,63,57,9041899994,1000.01,1,1050953077,105.272,6367169745,6367169745,0
mcs70_m2D_s100.A02,mcs70_m2D_s100.B02,dsb_never,66,57,8933788837,1000.02,1,7631469424,848.277,6587643928,6587643928,0
mcs70_m2D_s100.A03,mcs70_m2D_s100.B03,dsb_never,64,56,8939354579,1000.02,1,37136294,3.43214,6637895952,6637895952,0
mcs70_m2D_s100.A04,mcs70_m2D_s100.B04,dsb_never,62,65,17730551419,1000.02,1,606249911,33.0129,15081698253,15081698253,0
mcs70_m2D_s100.A05,mcs70_m2D_s100.B05,dsb_never,65,68,10494979939,1000.02,1,446645,0.0377525,7021523583,7021523583,0
mcs70_m2D_s100.A06,mcs70_m2D_s100.B06,dsb_never,64,57,10175284863,1000.02,1,1349356938,130.553,6476543232,6476543232,0
mcs70_m2D_s100.A07,mcs70_m2D_s100.B07,dsb_never,66,60,9514675690,1000.01,1,77179514,7.5099,7002980681,7002980681,0
mcs70_m2D_s100.A08,mcs70_m2D_s100.B08,dsb_never,64,58,9700223448,1000.02,1,3169474959,321.071,6411633998,6411633998,0
mcs70_m2D_s100.A09,mcs70_m2D_s100.B09,dsb_never,70,77,9584792243,1000.01,1,1710961353,179.336,5852554535,5852554535,0
mcs70_m2D_s15.A00,mcs70_m2D_s15.B00,dsb_never,12,11,2268,0.000235174,0,1286,0.000120282,1430,1430,0
mcs70_m2D_s15.A01,mcs70_m2D_s15.B01,dsb_never,12,12,3870,0.000397659,0,3421,0.00033182,2455,2455,0
mcs70_m2D_s15.A02,mcs70_m2D_s15.B02,dsb_never,12,15,2290,0.000255726,0,981,9.91E-05,1476,1476,0
mcs70_m2D_s15.A03,mcs70_m2D_s15.B03,dsb_never,12,11,2131,0.000263087,0,1650,0.00018538,1374,1374,0
mcs70_m2D_s15.A04,mcs70_m2D_s15.B04,dsb_never,12,12,2088,0.000211588,0,1829,0.000158889,1340,1340,0
mcs70_m2D_s15.A05,mcs70_m2D_s15.B05,dsb_never,12,15,1085,0.000139099,0,350,4.19E-05,692,692,0
mcs70_m2D_s15.A06,mcs70_m2D_s15.B06,dsb_never,11,10,3864,0.000390507,0,630,6.58E-05,2507,2507,0
mcs70_m2D_s15.A07,mcs70_m2D_s15.B07,dsb_never,11,11,4059,0.000695275,0,50,1.18E-05,2604,2604,0
mcs70_m2D_s15.A08,mcs70_m2D_s15.B08,dsb_never,12,15,1054,0.000136385,0,195,2.69E-05,687,687,0
mcs70_m2D_s15.A09,mcs70_m2D_s15.B09,dsb_never,12,11,1955,0.000224536,0,1835,0.000178067,1252,1252,0
mcs70_m2D_s25.A00,mcs70_m2D_s25.B00,dsb_never,19,17,234353,0.0235811,0,38029,0.00366333,151425,151425,0
mcs70_m2D_s25.A01,mcs70_m2D_s25.B01,dsb_never,20,17,112105,0.0118206,0,67767,0.00701096,69399,69399,0
mcs70_m2D_s25.A02,mcs70_m2D_s25.B02,dsb_never,19,19,300902,0.0576397,0,99967,0.0169418,192597,192597,0
mcs70_m2D_s25.A03,mcs70_m2D_s25.B03,dsb_never,19,23,162894,0.0314037,0,59377,0.011059,103410,103410,0
mcs70_m2D_s25.A04,mcs70_m2D_s25.B04,dsb_never,19,19,548053,0.0955771,0,473687,0.0799089,364864,364864,0
mcs70_m2D_s25.A05,mcs70_m2D_s25.B05,dsb_never,19,23,198852,0.0394321,0,45575,0.00862372,126817,126817,0
mcs70_m2D_s25.A06,mcs70_m2D_s25.B06,dsb_never,19,24,177701,0.0362554,0,27888,0.00566137,114333,114333,0
mcs70_m2D_s25.A07,mcs70_m2D_s25.B07,dsb_never,19,19,739008,0.0657599,0,672345,0.0586722,510373,510373,0
mcs70_m2D_s25.A08,mcs70_m2D_s25.B08,dsb_never,19,19,267879,0.0263996,0,118848,0.0112449,174702,174702,0
mcs70_m2D_s25.A09,mcs70_m2D_s25.B09,dsb_never,19,27,378362,0.0362884,0,175591,0.0158975,244096,244096,0
mcs70_m2D_s35.A00,mcs70_m2D_s35.B00,dsb_never,28,42,3081648,0.306152,0,1652334,0.150458,2051123,2051123,0
mcs70_m2D_s35.A01,mcs70_m2D_s35.B01,dsb_never,27,38,13220941,1.35267,0,4222722,0.412592,8474728,8474728,0
mcs70_m2D_s35.A02,mcs70_m2D_s35.B02,dsb_never,27,35,12962108,1.31489,0,7443853,0.743188,8570129,8570129,0
mcs70_m2D_s35.A03,mcs70_m2D_s35.B03,dsb_never,27,41,20196782,1.89025,0,13422256,1.21453,13711219,13711219,0
mcs70_m2D_s35.A04,mcs70_m2D_s35.B04,dsb_never,27,42,13621835,1.41564,0,4784088,0.493361,8817142,8817142,0
mcs70_m2D_s35.A05,mcs70_m2D_s35.B05,dsb_never,28,41,10856617,1.09146,0,7215823,0.707811,7055958,7055958,0
mcs70_m2D_s35.A06,mcs70_m2D_s35.B06,dsb_never,26,25,67716673,6.75797,0,2177922,0.204329,44208976,44208976,0
mcs70_m2D_s35.A07,mcs70_m2D_s35.B07,dsb_never,27,40,16623350,1.66962,0,5383473,0.506059,10969604,10969604,0
mcs70_m2D_s35.A08,mcs70_m2D_s35.B08,dsb_never,28,41,17047307,1.65528,0,15753876,1.51855,11226697,11226697,0
mcs70_m2D_s35.A09,mcs70_m2D_s35.B09,dsb_never,27,40,17300391,1.81037,0,7103163,0.720175,11362080,11362080,0
mcs70_m2D_s40.A00,mcs70_m2D_s40.B00,dsb_never,30,25,400655700,38.999,0,224875017,20.8799,272218040,272218040,0
mcs70_m2D_s40.A01,mcs70_m2D_s40.B01,dsb_never,30,36,447554851,45.609,0,105804120,10.2154,295552455,295552455,0
mcs70_m2D_s40.A02,mcs70_m2D_s40.B02,dsb_never,30,44,232129347,24.4184,0,25855,0.0026847,152864762,152864762,0
mcs70_m2D_s40.A03,mcs70_m2D_s40.B03,dsb_never,30,38,350431657,34.4361,0,182129379,17.1984,235134497,235134497,0
mcs70_m2D_s40.A04,mcs70_m2D_s40.B04,dsb_never,30,27,268977493,27.7441,0,70975954,7.12996,179165017,179165017,0
mcs70_m2D_s40.A05,mcs70_m2D_s40.B05,dsb_never,30,45,236543015,24.7242,0,11725730,1.15254,160104970,160104970,0
mcs70_m2D_s40.A06,mcs70_m2D_s40.B06,dsb_never,30,41,316409731,32.3728,0,76138476,7.7324,210452143,210452143,0
mcs70_m2D_s40.A07,mcs70_m2D_s40.B07,dsb_never,30,27,586749084,58.6824,0,371234473,36.8551,399147588,399147588,0
mcs70_m2D_s40.A08,mcs70_m2D_s40.B08,dsb_never,30,40,560430615,57.115,0,286331894,28.4561,386362519,386362519,0
mcs70_m2D_s40.A09,mcs70_m2D_s40.B09,dsb_never,31,41,131508939,13.2432,0,76242850,7.43915,87933489,87933489,0
mcs70_m2D_s50.A00,mcs70_m2D_s50.B00,dsb_never,39,59,6004146751,655.898,0,4035152924,439.367,3980519999,3980519999,0
mcs70_m2D_s50.A01,mcs70_m2D_s50.B01,dsb_never,38,50,9405648049,1000.02,1,5073628671,528.242,6371190014,6371190014,0
mcs70_m2D_s50.A02,mcs70_m2D_s50.B02,dsb_never,39,63,4577578638,1000.01,1,2563380977,536.37,3093102585,3093102585,0
mcs70_m2D_s50.A03,mcs70_m2D_s50.B03,dsb_never,37,42,5172029711,1000.02,1,4299483546,821.322,3741113235,3741113235,0
mcs70_m2D_s50.A04,mcs70_m2D_s50.B04,dsb_never,37,40,5025903917,1000.02,1,2623842318,507.613,3329800179,3329800179,0
mcs70_m2D_s50.A05,mcs70_m2D_s50.B05,dsb_never,39,50,3267434174,721.451,0,1288307086,271.509,2207867021,2207867021,0
mcs70_m2D_s50.A06,mcs70_m2D_s50.B06,dsb_never,37,38,4647109406,1000.01,1,13770133,2.56329,3157221200,3157221200,0
mcs70_m2D_s50.A07,mcs70_m2D_s50.B07,dsb_never,39,64,5170161744,563.171,0,3816329087,412.983,3530426956,3530426956,0
mcs70_m2D_s50.A08,mcs70_m2D_s50.B08,dsb_never,38,52,9203369573,1000.02,1,353973082,34.873,6104098116,6104098116,0
mcs70_m2D_s50.A09,mcs70_m2D_s50.B09,dsb_never,40,57,4808727708,502.146,0,4395189204,453.631,3168970899,3168970899,0
mcs70_m2D_s60.A00,mcs70_m2D_s60.B00,dsb_never,42,36,9609989359,1000.01,1,441883716,41.9083,6843697275,6843697275,0
mcs70_m2D_s60.A01,mcs70_m2D_s60.B01,dsb_never,44,45,9197592197,1000.02,1,7713262334,830.572,6215331191,6215331191,0
mcs70_m2D_s60.A02,mcs70_m2D_s60.B02,dsb_never,43,45,9520458820,1000.02,1,28560416,2.53711,6410232223,6410232223,0
mcs70_m2D_s60.A03,mcs70_m2D_s60.B03,dsb_never,43,39,9617693282,1000.01,1,74716802,6.82804,6559677168,6559677168,0
mcs70_m2D_s60.A04,mcs70_m2D_s60.B04,dsb_never,42,36,10020286545,1000.02,1,4326911526,424.816,6616380622,6616380622,0
mcs70_m2D_s60.A05,mcs70_m2D_s60.B05,dsb_never,41,35,9974551304,1000.02,1,6781995,0.613968,6960506084,6960506084,0
mcs70_m2D_s60.A06,mcs70_m2D_s60.B06,dsb_never,41,36,9816377540,1000.02,1,925665006,91.5891,6505823686,6505823686,0
mcs70_m2D_s60.A07,mcs70_m2D_s60.B07,dsb_never,42,40,9481480733,1000.01,1,19820086,1.76385,6567184295,6567184295,0
mcs70_m2D_s60.A08,mcs70_m2D_s60.B08,dsb_never,43,46,9333794510,1000.02,1,284800187,28.2184,6347485631,6347485631,0
mcs70_m2D_s60.A09,mcs70_m2D_s60.B09,dsb_never,43,36,9543106028,1000.01,1,1103906686,110.384,6407943647,6407943647,0
mcs70_m2D_s70.A00,mcs70_m2D_s70.B00,dsb_never,49,46,9511019672,1000.02,1,2525510061,248.417,6514340932,6514340932,0
mcs70_m2D_s70.A01,mcs70_m2D_s70.B01,dsb_never,47,47,9518805008,1000.02,1,2835859280,288.457,6629310187,6629310187,0
mcs70_m2D_s70.A02,mcs70_m2D_s70.B02,dsb_never,48,45,9710479754,1000.02,1,6807384765,695.282,6753579152,6753579152,0
mcs70_m2D_s70.A03,mcs70_m2D_s70.B03,dsb_never,48,50,9529524489,1000.02,1,692171700,69.8071,6454533773,6454533773,0
mcs70_m2D_s70.A04,mcs70_m2D_s70.B04,dsb_never,47,48,9675590374,1000.02,1,804438279,76.9354,6494347824,6494347824,0
mcs70_m2D_s70.A05,mcs70_m2D_s70.B05,dsb_never,48,52,9608451526,1000.01,1,26413330,2.5486,6641138498,6641138498,0
mcs70_m2D_s70.A06,mcs70_m2D_s70.B06,dsb_never,48,46,9578819458,1000.02,1,179042122,17.8166,6680158102,6680158102,0
mcs70_m2D_s70.A07,mcs70_m2D_s70.B07,dsb_never,47,46,9348382577,1000.02,1,4306674597,451.245,6558253245,6558253245,0
mcs70_m2D_s70.A08,mcs70_m2D_s70.B08,dsb_never,47,44,9708179439,1000.02,1,817672206,77.7251,6796216472,6796216472,0
mcs70_m2D_s70.A09,mcs70_m2D_s70.B09,dsb_never,47,44,9728595740,1000.01,1,4970776920,491.865,6800721599,6800721599,0
mcs70_m2D_s80.A00,mcs70_m2D_s80.B00,dsb_never,53,51,9454950165,1000.02,1,3370023990,348.211,6542380852,6542380852,0
mcs70_m2D_s80.A01,mcs70_m2D_s80.B01,dsb_never,55,60,9514631327,1000.01,1,485749612,42.3904,6940602289,6940602289,0
mcs70_m2D_s80.A02,mcs70_m2D_s80.B02,dsb_never,55,49,5286072803,1000.03,1,4680771419,874.548,3748589568,3748589568,0
mcs70_m2D_s80.A03,mcs70_m2D_s80.B03,dsb_never,57,55,9577886338,1000.01,1,6797626850,704.093,6955493978,6955493978,0
mcs70_m2D_s80.A04,mcs70_m2D_s80.B04,dsb_never,54,45,9477578651,1000.02,1,616115995,58.7809,6275883482,6275883482,0
mcs70_m2D_s80.A05,mcs70_m2D_s80.B05,dsb_never,56,63,9019673201,1000.02,1,3888942,0.324961,6242044104,6242044104,0
mcs70_m2D_s80.A06,mcs70_m2D_s80.B06,dsb_never,55,53,9300214676,1000.02,1,77750217,7.76914,6509968424,6509968424,0
mcs70_m2D_s80.A07,mcs70_m2D_s80.B07,dsb_never,57,63,8198608477,1000.01,1,6814546686,818.331,5707129895,5707129895,0
mcs70_m2D_s80.A08,mcs70_m2D_s80.B08,dsb_never,57,65,9200537494,1000.02,1,1067810185,112.79,5882534729,5882534729,0
mcs70_m2D_s80.A09,mcs70_m2D_s80.B09,dsb_never,54,48,9278248249,1000.02,1,11057900,1.05815,6446770809,6446770809,0
mcs70_m2D_s90.A00,mcs70_m2D_s90.B00,dsb_never,57,52,9592716837,1000.01,1,577950,0.0575769,6732085741,6732085741,0
mcs70_m2D_s90.A01,mcs70_m2D_s90.B01,dsb_never,62,76,8866148034,1000.01,1,163445087,16.3817,5826612900,5826612900,0
mcs70_m2D_s90.A02,mcs70_m2D_s90.B02,dsb_never,62,68,9950271624,1000.02,1,86782560,6.81798,6168189638,6168189638,0
mcs70_m2D_s90.A03,mcs70_m2D_s90.B03,dsb_never,59,56,9227703841,1000.01,1,103047110,8.33732,6505166795,6505166795,0
mcs70_m2D_s90.A04,mcs70_m2D_s90.B04,dsb_never,61,79,9217884525,1000.01,1,13289,0.000980083,6494201338,6494201338,0
mcs70_m2D_s90.A05,mcs70_m2D_s90.B05,dsb_never,62,62,8887711480,1000.02,1,181142313,17.7029,6492992075,6492992075,0
mcs70_m2D_s90.A06,mcs70_m2D_s90.B06,dsb_never,60,64,8966038635,1000.02,1,629897743,68.0694,6065533453,6065533453,0
mcs70_m2D_s90.A07,mcs70_m2D_s90.B07,dsb_never,61,64,9474738780,1000.02,1,677692824,67.9726,6971054547,6971054547,0
mcs70_m2D_s90.A08,mcs70_m2D_s90.B08,dsb_never,58,57,9781899259,1000.02,1,560126591,49.3339,6894299526,6894299526,0
mcs70_m2D_s90.A09,mcs70_m2D_s90.B09,dsb_never,58,60,11768799050,1000.01,1,667130792,50.9454,7954807333,7954807333,0
mcs70_m2Dr2_s100.A00,mcs70_m2Dr2_s100.B00,dsb_never,60,52,10108034131,1000.02,1,4489934978,394.03,6916387125,6916387125,0
mcs70_m2Dr2_s100.A01,mcs70_m2Dr2_s100.B01,dsb_never,61,55,9784235305,1000.02,1,7249631746,735.897,6725870457,6725870457,0
mcs70_m2Dr2_s100.A02,mcs70_m2Dr2_s100.B02,dsb_never,62,54,9913449195,1000.02,1,2576411119,245.684,6233092667,6233092667,0
mcs70_m2Dr2_s100.A03,mcs70_m2Dr2_s100.B03,dsb_never,63,56,9078374186,1000.02,1,5092473798,518.148,7090662080,7090662080,0
mcs70_m2Dr2_s100.A04,mcs70_m2Dr2_s100.B04,dsb_never,65,65,9298452772,1000.02,1,524817147,49.667,6065683515,6065683515,0
mcs70_m2Dr2_s100.A05,mcs70_m2Dr2_s100.B05,dsb_never,62,54,10337948132,1000.01,1,1626144716,94.6629,6867154729,6867154729,0
mcs70_m2Dr2_s100.A06,mcs70_m2Dr2_s100.B06,dsb_never,59,53,9400257077,1000.01,1,115329764,11.1392,6712992664,6712992664,0
mcs70_m2Dr2_s100.A07,mcs70_m2Dr2_s100.B07,dsb_never,62,55,9709282496,1000.02,1,4592366717,450.288,7060811737,7060811737,0
mcs70_m2Dr2_s100.A08,mcs70_m2Dr2_s100.B08,dsb_never,63,56,9988318005,1000.01,1,755454893,29.8601,6656708989,6656708989,0
mcs70_m2Dr2_s100.A09,mcs70_m2Dr2_s100.B09,dsb_never,62,60,11637594364,1000.01,1,4204015225,157.962,7888282230,7888282230,0
mcs70_m2Dr2_s15.A00,mcs70_m2Dr2_s15.B00,dsb_never,12,17,1605,0.000215496,0,130,2.38E-05,1071,1071,0
mcs70_m2Dr2_s15.A01,mcs70_m2Dr2_s15.B01,dsb_never,11,12,6054,0.000811717,0,172,2.55E-05,3786,3786,0
mcs70_m2Dr2_s15.A02,mcs70_m2Dr2_s15.B02,dsb_never,11,10,5320,0.000510419,0,3651,0.000313021,3458,3458,0
mcs70_m2Dr2_s15.A03,mcs70_m2Dr2_s15.B03,dsb_never,11,14,2368,0.000288294,0,32,9.58E-06,1550,1550,0
mcs70_m2Dr2_s15.A04,mcs70_m2Dr2_s15.B04,dsb_never,11,12,3714,0.000389516,0,753,6.72E-05,2381,2381,0
mcs70_m2Dr2_s15.A05,mcs70_m2Dr2_s15.B05,dsb_never,11,13,2700,0.000304969,0,270,3.71E-05,1717,1717,0
mcs70_m2Dr2_s15.A06,mcs70_m2Dr2_s15.B06,dsb_never,11,14,5496,0.000570309,0,314,4.06E-05,3461,3461,0
mcs70_m2Dr2_s15.A07,mcs70_m2Dr2_s15.B07,dsb_never,11,15,4235,0.000423857,0,1770,0.000149745,2766,2766,0
mcs70_m2Dr2_s15.A08,mcs70_m2Dr2_s15.B08,dsb_never,11,13,3079,0.000383046,0,60,1.29E-05,2093,2093,0
mcs70_m2Dr2_s15.A09,mcs70_m2Dr2_s15.B09,dsb_never,11,13,5641,0.000589597,0,671,7.54E-05,3505,3505,0
mcs70_m2Dr2_s25.A00,mcs70_m2Dr2_s25.B00,dsb_never,18,13,537493,0.0527474,0,102543,0.00935937,349525,349525,0
mcs70_m2Dr2_s25.A01,mcs70_m2Dr2_s25.B01,dsb_never,18,13,741649,0.0695772,0,394581,0.0345251,505983,505983,0
mcs70_m2Dr2_s25.A02,mcs70_m2Dr2_s25.B02,dsb_never,18,22,572785,0.0519289,0,299592,0.0236169,392391,392391,0
mcs70_m2Dr2_s25.A03,mcs70_m2Dr2_s25.B03,dsb_never,18,22,634512,0.0755867,0,101130,0.0105861,401974,401974,0
mcs70_m2Dr2_s25.A04,mcs70_m2Dr2_s25.B04,dsb_never,18,18,589896,0.0558372,0,290198,0.0255291,399456,399456,0
mcs70_m2Dr2_s25.A05,mcs70_m2Dr2_s25.B05,dsb_never,19,20,473604,0.0514133,0,464463,0.0503562,294661,294661,0
mcs70_m2Dr2_s25.A06,mcs70_m2Dr2_s25.B06,dsb_never,19,23,343783,0.0369039,0,297841,0.0319384,211118,211118,0
mcs70_m2Dr2_s25.A07,mcs70_m2Dr2_s25.B07,dsb_never,18,21,387771,0.0386049,0,7861,0.000794956,271360,271360,0
mcs70_m2Dr2_s25.A08,mcs70_m2Dr2_s25.B08,dsb_never,18,23,463552,0.0474401,0,62193,0.00593405,308363,308363,0
mcs70_m2Dr2_s25.A09,mcs70_m2Dr2_s25.B09,dsb_never,19,24,335342,0.034114,0,207336,0.0201414,209465,209465,0
mcs70_m2Dr2_s35.A00,mcs70_m2Dr2_s35.B00,dsb_never,26,43,25070519,2.64489,0,2410974,0.233303,16368524,16368524,0
mcs70_m2Dr2_s35.A01,mcs70_m2Dr2_s35.B01,dsb_never,26,45,35488946,3.81033,0,14827924,1.46057,23034261,23034261,0
mcs70_m2Dr2_s35.A02,mcs70_m2Dr2_s35.B02,dsb_never,27,46,25542705,2.61511,0,22795385,2.29997,16150067,16150067,0
mcs70_m2Dr2_s35.A03,mcs70_m2Dr2_s35.B03,dsb_never,28,48,10481146,1.37478,0,9812342,1.2514,6792865,6792865,0
mcs70_m2Dr2_s35.A04,mcs70_m2Dr2_s35.B04,dsb_never,26,46,23738564,3.1163,0,13602643,1.7525,15766094,15766094,0
mcs70_m2Dr2_s35.A05,mcs70_m2Dr2_s35.B05,dsb_never,26,41,32688027,3.41481,0,22450540,2.28539,21904026,21904026,0
mcs70_m2Dr2_s35.A06,mcs70_m2Dr2_s35.B06,dsb_never,26,45,22058921,2.29253,0,5713972,0.558785,15207853,15207853,0
mcs70_m2Dr2_s35.A07,mcs70_m2Dr2_s35.B07,dsb_never,27,43,20004697,2.06685,0,18200509,1.85556,13239988,13239988,0
mcs70_m2Dr2_s35.A08,mcs70_m2Dr2_s35.B08,dsb_never,26,44,19739187,2.13435,0,7075961,0.700134,12930289,12930289,0
mcs70_m2Dr2_s35.A09,mcs70_m2Dr2_s35.B09,dsb_never,27,38,88875069,8.59633,0,86590970,8.33709,61907148,61907148,0
mcs70_m2Dr2_s40.A00,mcs70_m2Dr2_s40.B00,dsb_never,28,48,2721357029,279.006,0,83112548,8.32291,1844033707,1844033707,0
mcs70_m2Dr2_s40.A01,mcs70_m2Dr2_s40.B01,dsb_never,29,23,1219389731,126.779,0,1180314055,122.55,838956633,838956633,0
mcs70_m2Dr2_s40.A02,mcs70_m2Dr2_s40.B02,dsb_never,29,46,467019612,49.6721,0,109626365,11.4793,307477826,307477826,0
mcs70_m2Dr2_s40.A03,mcs70_m2Dr2_s40.B03,dsb_never,29,26,706572881,73.329,0,632887473,65.438,488033048,488033048,0
mcs70_m2Dr2_s40.A04,mcs70_m2Dr2_s40.B04,dsb_never,29,31,1169338321,122.489,0,948239676,98.7777,799517294,799517294,0
mcs70_m2Dr2_s40.A05,mcs70_m2Dr2_s40.B05,dsb_never,29,29,393992017,40.7526,0,88446473,8.83484,261360573,261360573,0
mcs70_m2Dr2_s40.A06,mcs70_m2Dr2_s40.B06,dsb_never,29,27,605160939,63.1178,0,318102952,33.0239,410770267,410770267,0
mcs70_m2Dr2_s40.A07,mcs70_m2Dr2_s40.B07,dsb_never,29,28,480691954,51.1541,0,198720491,20.386,334885191,334885191,0
mcs70_m2Dr2_s40.A08,mcs70_m2Dr2_s40.B08,dsb_never,30,49,350990266,42.2096,0,258910661,29.8888,233293668,233293668,0
mcs70_m2Dr2_s40.A09,mcs70_m2Dr2_s40.B09,dsb_never,29,28,1166775456,143.62,0,668858982,81.3051,797097410,797097410,0
mcs70_m2Dr2_s50.A00,mcs70_m2Dr2_s50.B00,dsb_never,36,41,9377978336,1000.01,1,9035408818,961.903,6255357640,6255357640,0
mcs70_m2Dr2_s50.A01,mcs70_m2Dr2_s50.B01,dsb_never,36,38,9525984839,1000.02,1,9136432049,956.831,6637966460,6637966460,0
mcs70_m2Dr2_s50.A02,mcs70_m2Dr2_s50.B02,dsb_never,36,66,8843486974,1000.02,1,267519760,26.8452,5944802668,5944802668,0
mcs70_m2Dr2_s50.A03,mcs70_m2Dr2_s50.B03,dsb_never,35,34,9287077123,1000.02,1,556455046,55.5472,6467799879,6467799879,0
mcs70_m2Dr2_s50.A04,mcs70_m2Dr2_s50.B04,dsb_never,34,34,9738164557,1000.02,1,22799057,2.0738,6571698482,6571698482,0
mcs70_m2Dr2_s50.A05,mcs70_m2Dr2_s50.B05,dsb_never,34,32,9502046262,1000.02,1,8482166,0.808839,6462196169,6462196169,0
mcs70_m2Dr2_s50.A06,mcs70_m2Dr2_s50.B06,dsb_never,35,40,10175084948,1000.01,1,9440701073,922.449,6614488667,6614488667,0
mcs70_m2Dr2_s50.A07,mcs70_m2Dr2_s50.B07,dsb_never,35,36,9507928939,1000.01,1,2906149877,297.069,6420578325,6420578325,0
mcs70_m2Dr2_s50.A08,mcs70_m2Dr2_s50.B08,dsb_never,35,35,9503680068,1000.02,1,3053297415,306.795,6337954039,6337954039,0
mcs70_m2Dr2_s50.A09,mcs70_m2Dr2_s50.B09,dsb_never,35,33,9353224192,1000.02,1,1097426750,110.135,6232592601,6232592601,0
mcs70_m2Dr2_s60.A00,mcs70_m2Dr2_s60.B00,dsb_never,40,37,9587921362,1000.01,1,9251527601,963.242,6264884563,6264884563,0
mcs70_m2Dr2_s60.A01,mcs70_m2Dr2_s60.B01,dsb_never,41,35,9534113999,1000.02,1,8276821095,867.128,6329975768,6329975768,0
mcs70_m2Dr2_s60.A02,mcs70_m2Dr2_s60.B02,dsb_never,40,38,8668636531,1000.01,1,209768166,21.9985,5810895554,5810895554,0
mcs70_m2Dr2_s60.A03,mcs70_m2Dr2_s60.B03,dsb_never,40,36,9500827971,1000.01,1,47388647,4.18173,6102195132,6102195132,0
mcs70_m2Dr2_s60.A04,mcs70_m2Dr2_s60.B04,dsb_never,40,37,9287388539,1000.02,1,1941614074,203.956,6122859713,6122859713,0
mcs70_m2Dr2_s60.A05,mcs70_m2Dr2_s60.B05,dsb_never,41,37,9778865232,1000.01,1,3385396008,333.061,6450661407,6450661407,0
mcs70_m2Dr2_s60.A06,mcs70_m2Dr2_s60.B06,dsb_never,41,40,9361833799,1000.02,1,34799274,3.63319,6166811996,6166811996,0
mcs70_m2Dr2_s60.A07,mcs70_m2Dr2_s60.B07,dsb_never,39,34,9392899538,1000.01,1,2375811354,245.05,6918544557,6918544557,0
mcs70_m2Dr2_s60.A08,mcs70_m2Dr2_s60.B08,dsb_never,41,34,4679502277,1000.02,1,2511160621,533.118,2980327695,2980327695,0
mcs70_m2Dr2_s60.A09,mcs70_m2Dr2_s60.B09,dsb_never,41,37,9630477094,1000.02,1,8181844612,839.884,6673662005,6673662005,0
mcs70_m2Dr2_s70.A00,mcs70_m2Dr2_s70.B00,dsb_never,45,44,9658532167,1000.02,1,1599312800,157.38,6221670179,6221670179,0
mcs70_m2Dr2_s70.A01,mcs70_m2Dr2_s70.B01,dsb_never,46,44,9143886342,1000.02,1,184163407,17.0012,6768562057,6768562057,0
mcs70_m2Dr2_s70.A02,mcs70_m2Dr2_s70.B02,dsb_never,46,45,8243994855,1000.02,1,116040047,13.5907,5800132194,5800132194,0
mcs70_m2Dr2_s70.A03,mcs70_m2Dr2_s70.B03,dsb_never,45,42,9603044445,1000.01,1,2068780989,211.627,6378406470,6378406470,0
mcs70_m2Dr2_s70.A04,mcs70_m2Dr2_s70.B04,dsb_never,47,51,9088175003,1000.01,1,25960978,2.65749,6218617282,6218617282,0
mcs70_m2Dr2_s70.A05,mcs70_m2Dr2_s70.B05,dsb_never,43,37,9638265245,1000.02,1,55436310,5.05383,6806802257,6806802257,0
mcs70_m2Dr2_s70.A06,mcs70_m2Dr2_s70.B06,dsb_never,45,42,9483773935,1000.01,1,2823421992,283.949,6183054455,6183054455,0
mcs70_m2Dr2_s70.A07,mcs70_m2Dr2_s70.B07,dsb_never,45,46,10058386299,1000.01,1,626873096,61.5697,6704278319,6704278319,0
mcs70_m2Dr2_s70.A08,mcs70_m2Dr2_s70.B08,dsb_never,45,42,9771613979,1000.01,1,20196244,1.35465,6496832218,6496832218,0
mcs70_m2Dr2_s70.A09,mcs70_m2Dr2_s70.B09,dsb_never,47,47,8092481736,1000.02,1,1482942355,166.108,5153320327,5153320327,0
mcs70_m2Dr2_s80.A00,mcs70_m2Dr2_s80.B00,dsb_never,53,47,10353072170,1000.01,1,2086801963,197.728,6887395539,6887395539,0
mcs70_m2Dr2_s80.A01,mcs70_m2Dr2_s80.B01,dsb_never,54,57,9144912068,1000.02,1,5884837907,620.559,6224172023,6224172023,0
mcs70_m2Dr2_s80.A02,mcs70_m2Dr2_s80.B02,dsb_never,50,45,8721061582,1000.01,1,309549083,35.4378,5644305124,5644305124,0
mcs70_m2Dr2_s80.A03,mcs70_m2Dr2_s80.B03,dsb_never,51,47,9167521829,1000.01,1,78858268,8.21631,6360426856,6360426856,0
mcs70_m2Dr2_s80.A04,mcs70_m2Dr2_s80.B04,dsb_never,50,47,10071155944,1000.01,1,4682449663,447.305,6664054462,6664054462,0
mcs70_m2Dr2_s80.A05,mcs70_m2Dr2_s80.B05,dsb_never,52,46,9234443631,1000.02,1,1473028941,150.495,6484223496,6484223496,0
mcs70_m2Dr2_s80.A06,mcs70_m2Dr2_s80.B06,dsb_never,51,46,9592067414,1000.01,1,1395762877,143.404,6824737356,6824737356,0
mcs70_m2Dr2_s80.A07,mcs70_m2Dr2_s80.B07,dsb_never,53,49,9464501875,1000.02,1,7668664908,802.465,6465618216,6465618216,0
mcs70_m2Dr2_s80.A08,mcs70_m2Dr2_s80.B08,dsb_never,49,45,8526360557,1000.02,1,8105867454,959.724,6086788324,6086788324,0
mcs70_m2Dr2_s80.A09,mcs70_m2Dr2_s80.B09,dsb_never,53,50,9302798027,1000.02,1,1189238163,112.667,6085030307,6085030307,0
mcs70_m2Dr2_s90.A00,mcs70_m2Dr2_s90.B00,dsb_never,63,100,7783464748,1000.02,1,47291928,5.75671,4711057571,4711057571,0
mcs70_m2Dr2_s90.A01,mcs70_m2Dr2_s90.B01,dsb_never,57,57,8860330218,1000.01,1,134233166,14.4186,5578863635,5578863635,0
mcs70_m2Dr2_s90.A02,mcs70_m2Dr2_s90.B02,dsb_never,57,58,9601621561,1000.01,1,6332250485,643.62,6509681593,6509681593,0
mcs70_m2Dr2_s90.A03,mcs70_m2Dr2_s90.B03,dsb_never,59,52,8669397047,1000.01,1,894499915,89.7791,5581523423,5581523423,0
mcs70_m2Dr2_s90.A04,mcs70_m2Dr2_s90.B04,dsb_never,55,50,5101334625,1000.02,1,3676628343,704.37,3677977293,3677977293,0
mcs70_m2Dr2_s90.A05,mcs70_m2Dr2_s90.B05,dsb_never,57,56,9221424782,1000.02,1,2171080384,224.361,6407087531,6407087531,0
mcs70_m2Dr2_s90.A06,mcs70_m2Dr2_s90.B06,dsb_never,56,51,9758453747,1000.02,1,1458505920,143.805,6800756262,6800756262,0
mcs70_m2Dr2_s90.A07,mcs70_m2Dr2_s90.B07,dsb_never,55,54,13066767770,1000.02,1,9793300417,708.014,9940976792,9940976792,0
mcs70_m2Dr2_s90.A08,mcs70_m2Dr2_s90.B08,dsb_never,56,48,9681293846,1000.02,1,680072827,70.9737,6212140335,6212140335,0
mcs70_m2Dr2_s90.A09,mcs70_m2Dr2_s90.B09,dsb_never,57,48,8714999312,1000.01,1,4725897737,529.868,5531383910,5531383910,0
mcs70_m2Dr4_s100.A00,mcs70_m2Dr4_s100.B00,dsb_never,61,61,8896335533,1000.02,1,1939868074,200.619,5771300379,5771300379,0
mcs70_m2Dr4_s100.A01,mcs70_m2Dr4_s100.B01,dsb_never,60,56,9213877094,1000.01,1,920326549,98.7226,5844121858,5844121858,0
mcs70_m2Dr4_s100.A02,mcs70_m2Dr4_s100.B02,dsb_never,60,55,8827392375,1000.02,1,4893699179,543.655,6361887671,6361887671,0
mcs70_m2Dr4_s100.A03,mcs70_m2Dr4_s100.B03,dsb_never,56,49,24781782218,1000.01,1,9262088,0.340318,21239319466,21239319466,0
mcs70_m2Dr4_s100.A04,mcs70_m2Dr4_s100.B04,dsb_never,57,48,11627903705,1000.03,1,10349902245,874.416,8213783502,8213783502,0
mcs70_m2Dr4_s100.A05,mcs70_m2Dr4_s100.B05,dsb_never,60,54,9085023949,1000.02,1,4264361772,445.687,5982694285,5982694285,0
mcs70_m2Dr4_s100.A06,mcs70_m2Dr4_s100.B06,dsb_never,60,55,10752144478,1000.02,1,7644471085,681.756,7964597000,7964597000,0
mcs70_m2Dr4_s100.A07,mcs70_m2Dr4_s100.B07,dsb_never,58,51,9360126471,1000.02,1,59613093,5.49466,6058620767,6058620767,0
mcs70_m2Dr4_s100.A08,mcs70_m2Dr4_s100.B08,dsb_never,58,57,4818738453,1000.02,1,934906885,177.194,3191932662,3191932662,0
mcs70_m2Dr4_s100.A09,mcs70_m2Dr4_s100.B09,dsb_never,61,51,10938325321,1000.02,1,10100526468,826.618,8263193971,8263193971,0
mcs70_m2Dr4_s15.A00,mcs70_m2Dr4_s15.B00,dsb_never,11,13,8005,0.000824753,0,6673,0.000661768,5037,5037,0
mcs70_m2Dr4_s15.A01,mcs70_m2Dr4_s15.B01,dsb_never,12,19,3581,0.000401514,0,3064,0.000315725,2251,2251,0
mcs70_m2Dr4_s15.A02,mcs70_m2Dr4_s15.B02,dsb_never,11,12,11407,0.00121729,0,10976,0.00114105,7024,7024,0
mcs70_m2Dr4_s15.A03,mcs70_m2Dr4_s15.B03,dsb_never,11,14,7048,0.000766465,0,6687,0.000696098,4541,4541,0
mcs70_m2Dr4_s15.A04,mcs70_m2Dr4_s15.B04,dsb_never,11,10,11876,0.00123603,0,11261,0.00113853,7487,7487,0
mcs70_m2Dr4_s15.A05,mcs70_m2Dr4_s15.B05,dsb_never,11,14,2643,0.000312481,0,281,3.67E-05,1705,1705,0
mcs70_m2Dr4_s15.A06,mcs70_m2Dr4_s15.B06,dsb_never,11,10,8319,0.000810538,0,8297,0.000779441,5279,5279,0
mcs70_m2Dr4_s15.A07,mcs70_m2Dr4_s15.B07,dsb_never,11,15,2662,0.000302576,0,42,1.12E-05,1713,1713,0
mcs70_m2Dr4_s15.A08,mcs70_m2Dr4_s15.B08,dsb_never,11,16,3602,0.000425039,0,1815,0.000199239,2415,2415,0
mcs70_m2Dr4_s15.A09,mcs70_m2Dr4_s15.B09,dsb_never,11,12,7509,0.000760366,0,1862,0.000174292,4615,4615,0
mcs70_m2Dr4_s25.A00,mcs70_m2Dr4_s25.B00,dsb_never,18,27,358270,0.0395312,0,50419,0.00520016,228993,228993,0
mcs70_m2Dr4_s25.A01,mcs70_m2Dr4_s25.B01,dsb_never,18,19,1798125,0.184583,0,1690580,0.171793,1216922,1216922,0
mcs70_m2Dr4_s25.A02,mcs70_m2Dr4_s25.B02,dsb_never,18,28,309650,0.0320563,0,875,0.000113661,200075,200075,0
mcs70_m2Dr4_s25.A03,mcs70_m2Dr4_s25.B03,dsb_never,17,18,1608891,0.177035,0,110715,0.0115387,1007637,1007637,0
mcs70_m2Dr4_s25.A04,mcs70_m2Dr4_s25.B04,dsb_never,18,20,337848,0.0375408,0,28033,0.00311354,216446,216446,0
mcs70_m2Dr4_s25.A05,mcs70_m2Dr4_s25.B05,dsb_never,18,22,377087,0.0431773,0,147526,0.0160471,246369,246369,0
mcs70_m2Dr4_s25.A06,mcs70_m2Dr4_s25.B06,dsb_never,18,30,365768,0.0410743,0,2350,0.00039254,235461,235461,0
mcs70_m2Dr4_s25.A07,mcs70_m2Dr4_s25.B07,dsb_never,18,33,200631,0.0235872,0,1226,0.000124667,130658,130658,0
mcs70_m2Dr4_s25.A08,mcs70_m2Dr4_s25.B08,dsb_never,18,18,579399,0.0570727,0,423516,0.0408925,387541,387541,0
mcs70_m2Dr4_s25.A09,mcs70_m2Dr4_s25.B09,dsb_never,18,21,426697,0.0457395,0,61723,0.00619587,273757,273757,0
mcs70_m2Dr4_s35.A00,mcs70_m2Dr4_s35.B00,dsb_never,25,50,22749953,2.60635,0,639429,0.0702504,15316391,15316391,0
mcs70_m2Dr4_s35.A01,mcs70_m2Dr4_s35.B01,dsb_never,27,49,2046048,0.233876,0,763364,0.0711064,1398752,1398752,0
mcs70_m2Dr4_s35.A02,mcs70_m2Dr4_s35.B02,dsb_never,25,50,76762022,8.25038,0,44683367,4.70934,52122291,52122291,0
mcs70_m2Dr4_s35.A03,mcs70_m2Dr4_s35.B03,dsb_never,25,47,116892022,12.7804,0,73736003,7.87617,75704468,75704468,0
mcs70_m2Dr4_s35.A04,mcs70_m2Dr4_s35.B04,dsb_never,26,48,65621555,7.35905,0,58481331,6.46078,41866837,41866837,0
mcs70_m2Dr4_s35.A05,mcs70_m2Dr4_s35.B05,dsb_never,26,49,18346885,2.30448,0,3706007,0.420112,11589021,11589021,0
mcs70_m2Dr4_s35.A06,mcs70_m2Dr4_s35.B06,dsb_never,25,47,64638798,7.3353,0,18810113,2.07317,41927558,41927558,0
mcs70_m2Dr4_s35.A07,mcs70_m2Dr4_s35.B07,dsb_never,25,50,40931309,4.84139,0,13539606,1.5058,26997983,26997983,0
mcs70_m2Dr4_s35.A08,mcs70_m2Dr4_s35.B08,dsb_never,27,51,55507219,6.17786,0,54583471,6.05774,36758849,36758849,0
mcs70_m2Dr4_s35.A09,mcs70_m2Dr4_s35.B09,dsb_never,26,51,16070831,1.82123,0,10836781,1.17318,10439357,10439357,0
mcs70_m2Dr4_s40.A00,mcs70_m2Dr4_s40.B00,dsb_never,28,31,976585337,111.882,0,141098261,15.1886,638449880,638449880,0
mcs70_m2Dr4_s40.A01,mcs70_m2Dr4_s40.B01,dsb_never,28,25,1050219079,122.198,0,417304642,47.3448,679030189,679030189,0
mcs70_m2Dr4_s40.A02,mcs70_m2Dr4_s40.B02,dsb_never,28,48,793756007,90.6042,0,435182520,49.1709,531850232,531850232,0
mcs70_m2Dr4_s40.A03,mcs70_m2Dr4_s40.B03,dsb_never,27,25,4338413790,452.982,0,281297618,28.9624,2999324941,2999324941,0
mcs70_m2Dr4_s40.A04,mcs70_m2Dr4_s40.B04,dsb_never,28,45,556858223,64.2823,0,26446144,2.73258,376267251,376267251,0
mcs70_m2Dr4_s40.A05,mcs70_m2Dr4_s40.B05,dsb_never,28,31,2359542892,289.958,0,2118577740,258.347,1593881162,1593881162,0
mcs70_m2Dr4_s40.A06,mcs70_m2Dr4_s40.B06,dsb_never,28,26,1183509033,134.472,0,444067977,49.6995,780562654,780562654,0
mcs70_m2Dr4_s40.A07,mcs70_m2Dr4_s40.B07,dsb_never,28,51,509371485,60.2401,0,2601534,0.280053,333208705,333208705,0
mcs70_m2Dr4_s40.A08,mcs70_m2Dr4_s40.B08,dsb_never,28,52,672568256,75.0593,0,35954569,3.96751,455531724,455531724,0
mcs70_m2Dr4_s40.A09,mcs70_m2Dr4_s40.B09,dsb_never,28,28,1161891013,128.174,0,699684995,76.0434,800095929,800095929,0
mcs70_m2Dr4_s50.A00,mcs70_m2Dr4_s50.B00,dsb_never,38,75,493156536,64.0883,0,40562126,4.5666,344157621,344157621,0
mcs70_m2Dr4_s50.A01,mcs70_m2Dr4_s50.B01,dsb_never,33,30,9374896373,1000.01,1,1597054186,162.306,6370701617,6370701617,0
mcs70_m2Dr4_s50.A02,mcs70_m2Dr4_s50.B02,dsb_never,39,75,8279175281,909.116,0,8169870623,894.5,5402354633,5402354633,0
mcs70_m2Dr4_s50.A03,mcs70_m2Dr4_s50.B03,dsb_never,33,29,9532672365,1000.02,1,4460589049,456.949,6365616381,6365616381,0
mcs70_m2Dr4_s50.A04,mcs70_m2Dr4_s50.B04,dsb_never,33,32,9176846748,1000.02,1,3570400752,376.52,5921513633,5921513633,0
mcs70_m2Dr4_s50.A05,mcs70_m2Dr4_s50.B05,dsb_never,38,73,6476823997,749.104,0,5872481665,671.885,4460403791,4460403791,0
mcs70_m2Dr4_s50.A06,mcs70_m2Dr4_s50.B06,dsb_never,34,34,9108776557,1000.01,1,6025865269,649.965,6282222286,6282222286,0
mcs70_m2Dr4_s50.A07,mcs70_m2Dr4_s50.B07,dsb_never,36,73,8185753305,1000.01,1,1889683941,202.089,5482008920,5482008920,0
mcs70_m2Dr4_s50.A08,mcs70_m2Dr4_s50.B08,dsb_never,33,32,9260242464,1000.02,1,2998063339,316.335,6144191641,6144191641,0
mcs70_m2Dr4_s50.A09,mcs70_m2Dr4_s50.B09,dsb_never,34,39,9295403403,1000.02,1,11354350,1.21542,6312659674,6312659674,0
mcs70_m2Dr4_s60.A00,mcs70_m2Dr4_s60.B00,dsb_never,40,36,7998138096,1000.02,1,5790482335,705.736,5239520728,5239520728,0
mcs70_m2Dr4_s60.A01,mcs70_m2Dr4_s60.B01,dsb_never,39,36,7885788391,1000.02,1,6864008389,862.577,5117128322,5117128322,0
mcs70_m2Dr4_s60.A02,mcs70_m2Dr4_s60.B02,dsb_never,39,36,8694241474,1000.02,1,1489085758,157.861,6078179766,6078179766,0
mcs70_m2Dr4_s60.A03,mcs70_m2Dr4_s60.B03,dsb_never,39,35,9383348195,1000.02,1,3546831437,376.079,5996466078,5996466078,0
mcs70_m2Dr4_s60.A04,mcs70_m2Dr4_s60.B04,dsb_never,39,36,9670164272,1000.02,1,7194753588,734.76,6249866538,6249866538,0
mcs70_m2Dr4_s60.A05,mcs70_m2Dr4_s60.B05,dsb_never,40,40,8879013089,1000.02,1,2032297527,223.562,6043861506,6043861506,0
mcs70_m2Dr4_s60.A06,mcs70_m2Dr4_s60.B06,dsb_never,38,35,9888542199,1000.02,1,337293806,32.493,6334500914,6334500914,0
mcs70_m2Dr4_s60.A07,mcs70_m2Dr4_s60.B07,dsb_never,39,41,9085390971,1000.02,1,6725437336,729.682,5951036325,5951036325,0
mcs70_m2Dr4_s60.A08,mcs70_m2Dr4_s60.B08,dsb_never,39,39,8965706638,1000.02,1,127242679,13.0199,6023770416,6023770416,0
mcs70_m2Dr4_s60.A09,mcs70_m2Dr4_s60.B09,dsb_never,39,37,8934037389,1000.02,1,1789652336,196.524,5912992421,5912992421,0
mcs70_m2Dr4_s70.A00,mcs70_m2Dr4_s70.B00,dsb_never,43,39,9082456663,1000.01,1,358766406,36.5546,5803656140,5803656140,0
mcs70_m2Dr4_s70.A01,mcs70_m2Dr4_s70.B01,dsb_never,44,45,9165596878,1000.01,1,50196520,5.15122,6058502514,6058502514,0
mcs70_m2Dr4_s70.A02,mcs70_m2Dr4_s70.B02,dsb_never,44,38,8569769819,1000.01,1,1848719582,207.558,5628236119,5628236119,0
mcs70_m2Dr4_s70.A03,mcs70_m2Dr4_s70.B03,dsb_never,44,41,9391613888,1000.01,1,583109591,52.1414,6229828462,6229828462,0
mcs70_m2Dr4_s70.A04,mcs70_m2Dr4_s70.B04,dsb_never,43,40,9918016668,1000.02,1,628567347,58.1076,6901174454,6901174454,0
mcs70_m2Dr4_s70.A05,mcs70_m2Dr4_s70.B05,dsb_never,44,39,8934873596,1000.02,1,191409753,19.8453,5907901420,5907901420,0
mcs70_m2Dr4_s70.A06,mcs70_m2Dr4_s70.B06,dsb_never,43,41,4883079299,1000.02,1,1558349576,305.36,3355397387,3355397387,0
mcs70_m2Dr4_s70.A07,mcs70_m2Dr4_s70.B07,dsb_never,46,43,4321868703,1000.01,1,1761390600,399.453,2870418912,2870418912,0
mcs70_m2Dr4_s70.A08,mcs70_m2Dr4_s70.B08,dsb_never,48,82,3715660360,1000.01,1,49,9.16E-05,2338089355,2338089355,0
mcs70_m2Dr4_s70.A09,mcs70_m2Dr4_s70.B09,dsb_never,45,41,4538784842,1000.02,1,432595450,86.0872,3037291007,3037291007,0
mcs70_m2Dr4_s80.A00,mcs70_m2Dr4_s80.B00,dsb_never,50,45,8937579535,1000.02,1,1051428223,119.03,5916426489,5916426489,0
mcs70_m2Dr4_s80.A01,mcs70_m2Dr4_s80.B01,dsb_never,49,45,9240497230,1000.01,1,8266803455,894.488,6105422371,6105422371,0
mcs70_m2Dr4_s80.A02,mcs70_m2Dr4_s80.B02,dsb_never,49,47,9407353702,1000.02,1,4491265164,472.746,6238636375,6238636375,0
mcs70_m2Dr4_s80.A03,mcs70_m2Dr4_s80.B03,dsb_never,49,49,9575781299,1000.02,1,12910943,1.14297,6320624988,6320624988,0
mcs70_m2Dr4_s80.A04,mcs70_m2Dr4_s80.B04,dsb_never,49,47,9560157599,1000.02,1,9519481413,995.612,6054808841,6054808841,0
mcs70_m2Dr4_s80.A05,mcs70_m2Dr4_s80.B05,dsb_never,48,43,9558595265,1000.02,1,7294233614,760.866,6330039497,6330039497,0
mcs70_m2Dr4_s80.A06,mcs70_m2Dr4_s80.B06,dsb_never,50,47,9173276849,1000.01,1,829253241,86.2563,5918477088,5918477088,0
mcs70_m2Dr4_s80.A07,mcs70_m2Dr4_s80.B07,dsb_never,49,43,8928546659,1000.02,1,518929062,54.0707,6056546334,6056546334,0
mcs70_m2Dr4_s80.A08,mcs70_m2Dr4_s80.B08,dsb_never,51,48,8337140564,1000.02,1,862866774,92.2347,5448188503,5448188503,0
mcs70_m2Dr4_s80.A09,mcs70_m2Dr4_s80.B09,dsb_never,51,46,9170560293,1000.02,1,7528215571,801.428,6602976387,6602976387,0
mcs70_m2Dr4_s90.A00,mcs70_m2Dr4_s90.B00,dsb_never,56,58,7790473907,1000.02,1,4401000428,562.17,4836798619,4836798619,0
mcs70_m2Dr4_s90.A01,mcs70_m2Dr4_s90.B01,dsb_never,55,51,8814483995,1000.02,1,4480340556,493.906,5641490284,5641490284,0
mcs70_m2Dr4_s90.A02,mcs70_m2Dr4_s90.B02,dsb_never,55,54,9239723523,1000.01,1,4639410225,468.102,5856383204,5856383204,0
mcs70_m2Dr4_s90.A03,mcs70_m2Dr4_s90.B03,dsb_never,54,44,10013698258,1000.01,1,7904335753,749.237,6680236044,6680236044,0
mcs70_m2Dr4_s90.A04,mcs70_m2Dr4_s90.B04,dsb_never,54,52,8668425171,1000.01,1,4601762757,521.375,5485812904,5485812904,0
mcs70_m2Dr4_s90.A05,mcs70_m2Dr4_s90.B05,dsb_never,54,55,9119819091,1000.02,1,202444440,17.6741,6011242549,6011242549,0
mcs70_m2Dr4_s90.A06,mcs70_m2Dr4_s90.B06,dsb_never,54,49,9092389623,1000.02,1,423708510,41.2637,6034254498,6034254498,0
mcs70_m2Dr4_s90.A07,mcs70_m2Dr4_s90.B07,dsb_never,53,43,9714979911,1000.02,1,325632536,32.6508,6151651459,6151651459,0
mcs70_m2Dr4_s90.A08,mcs70_m2Dr4_s90.B08,dsb_never,55,53,8114328429,1000.01,1,74828916,5.27946,5068121424,5068121424,0
mcs70_m2Dr4_s90.A09,mcs70_m2Dr4_s90.B09,dsb_never,55,47,9666795810,1000.01,1,6368948907,640.842,6643540612,6643540612,0
mcs70_m2Dr6_s100.A00,mcs70_m2Dr6_s100.B00,dsb_never,56,51,8248492841,1000.02,1,3103551223,369.767,5328679720,5328679720,0
mcs70_m2Dr6_s100.A01,mcs70_m2Dr6_s100.B01,dsb_never,58,54,9346508693,1000.02,1,6160569693,651.753,6164708590,6164708590,0
mcs70_m2Dr6_s100.A02,mcs70_m2Dr6_s100.B02,dsb_never,59,52,7785845533,1000.01,1,7580222819,972.166,5352100385,5352100385,0
mcs70_m2Dr6_s100.A03,mcs70_m2Dr6_s100.B03,dsb_never,57,55,8369424840,1000.02,1,1913522623,218.879,5221980329,5221980329,0
mcs70_m2Dr6_s100.A04,mcs70_m2Dr6_s100.B04,dsb_never,59,53,14002696271,1000.02,1,6832981477,250.248,9767649274,9767649274,0
mcs70_m2Dr6_s100.A05,mcs70_m2Dr6_s100.B05,dsb_never,57,47,14225293878,1000.01,1,7294406551,231.58,9961011271,9961011271,0
mcs70_m2Dr6_s100.A06,mcs70_m2Dr6_s100.B06,dsb_never,56,48,9081309467,1000.02,1,2617447818,276.998,5896682210,5896682210,0
mcs70_m2Dr6_s100.A07,mcs70_m2Dr6_s100.B07,dsb_never,57,55,8430168516,1000.01,1,434304520,52.5944,5346399444,5346399444,0
mcs70_m2Dr6_s100.A08,mcs70_m2Dr6_s100.B08,dsb_never,58,55,8378921977,1000.02,1,24299210,2.30123,5319278894,5319278894,0
mcs70_m2Dr6_s100.A09,mcs70_m2Dr6_s100.B09,dsb_never,59,55,8432568656,1000.02,1,1740812305,203.07,5406842913,5406842913,0
mcs70_m2Dr6_s15.A00,mcs70_m2Dr6_s15.B00,dsb_never,10,12,13231,0.00154278,0,11,6.30E-06,8354,8354,0
mcs70_m2Dr6_s15.A01,mcs70_m2Dr6_s15.B01,dsb_never,11,13,5737,0.000679751,0,4225,0.000476025,3650,3650,0
mcs70_m2Dr6_s15.A02,mcs70_m2Dr6_s15.B02,dsb_never,11,14,5054,0.000579583,0,1309,0.000143346,3221,3221,0
mcs70_m2Dr6_s15.A03,mcs70_m2Dr6_s15.B03,dsb_never,11,13,5898,0.00067066,0,4131,0.000461615,3811,3811,0
mcs70_m2Dr6_s15.A04,mcs70_m2Dr6_s15.B04,dsb_never,10,14,10673,0.00112152,0,84,1.32E-05,6629,6629,0
mcs70_m2Dr6_s15.A05,mcs70_m2Dr6_s15.B05,dsb_never,11,12,4710,0.00104703,0,1602,0.000363093,3080,3080,0
mcs70_m2Dr6_s15.A06,mcs70_m2Dr6_s15.B06,dsb_never,11,17,4247,0.000496335,0,270,3.44E-05,2847,2847,0
mcs70_m2Dr6_s15.A07,mcs70_m2Dr6_s15.B07,dsb_never,11,15,9908,0.00106755,0,9512,0.000988321,6086,6086,0
mcs70_m2Dr6_s15.A08,mcs70_m2Dr6_s15.B08,dsb_never,11,10,3993,0.000469113,0,2409,0.000271396,2541,2541,0
mcs70_m2Dr6_s15.A09,mcs70_m2Dr6_s15.B09,dsb_never,11,16,4116,0.000445137,0,2053,0.000224937,2611,2611,0
mcs70_m2Dr6_s25.A00,mcs70_m2Dr6_s25.B00,dsb_never,17,21,1293792,0.157582,0,11710,0.00139604,841838,841838,0
mcs70_m2Dr6_s25.A01,mcs70_m2Dr6_s25.B01,dsb_never,18,31,225181,0.0276287,0,335,5.54E-05,144508,144508,0
mcs70_m2Dr6_s25.A02,mcs70_m2Dr6_s25.B02,dsb_never,17,20,1231788,0.133138,0,193454,0.0207265,791331,791331,0
mcs70_m2Dr6_s25.A03,mcs70_m2Dr6_s25.B03,dsb_never,17,22,1218709,0.138722,0,14898,0.00149371,800815,800815,0
mcs70_m2Dr6_s25.A04,mcs70_m2Dr6_s25.B04,dsb_never,17,18,786503,0.0941506,0,6919,0.000767536,502601,502601,0
mcs70_m2Dr6_s25.A05,mcs70_m2Dr6_s25.B05,dsb_never,17,15,1020571,0.220443,0,480039,0.100493,655698,655698,0
mcs70_m2Dr6_s25.A06,mcs70_m2Dr6_s25.B06,dsb_never,18,29,493752,0.0600914,0,354640,0.042116,319132,319132,0
mcs70_m2Dr6_s25.A07,mcs70_m2Dr6_s25.B07,dsb_never,17,15,1052949,0.125115,0,249611,0.0288844,680628,680628,0
mcs70_m2Dr6_s25.A08,mcs70_m2Dr6_s25.B08,dsb_never,18,22,713040,0.0756818,0,608324,0.064947,460368,460368,0
mcs70_m2Dr6_s25.A09,mcs70_m2Dr6_s25.B09,dsb_never,17,16,908405,0.0967458,0,187845,0.0183677,590747,590747,0
mcs70_m2Dr6_s35.A00,mcs70_m2Dr6_s35.B00,dsb_never,25,53,12461310,1.76249,0,2165551,0.257407,8160074,8160074,0
mcs70_m2Dr6_s35.A01,mcs70_m2Dr6_s35.B01,dsb_never,25,53,54476721,6.14986,0,40746313,4.47772,34965892,34965892,0
mcs70_m2Dr6_s35.A02,mcs70_m2Dr6_s35.B02,dsb_never,26,55,16747416,1.94565,0,13239452,1.47282,10963425,10963425,0
mcs70_m2Dr6_s35.A03,mcs70_m2Dr6_s35.B03,dsb_never,26,51,62546137,6.78302,0,57590770,6.13292,41885961,41885961,0
mcs70_m2Dr6_s35.A04,mcs70_m2Dr6_s35.B04,dsb_never,25,53,30419574,3.7955,0,16947764,2.01883,19705519,19705519,0
mcs70_m2Dr6_s35.A05,mcs70_m2Dr6_s35.B05,dsb_never,27,49,7493819,0.878198,0,6709716,0.770344,5004056,5004056,0
mcs70_m2Dr6_s35.A06,mcs70_m2Dr6_s35.B06,dsb_never,25,54,35846710,4.45518,0,17141619,1.94354,23183631,23183631,0
mcs70_m2Dr6_s35.A07,mcs70_m2Dr6_s35.B07,dsb_never,26,52,88787478,21.7906,0,84237386,20.5841,57036222,57036222,0
mcs70_m2Dr6_s35.A08,mcs70_m2Dr6_s35.B08,dsb_never,26,52,4396119,0.563616,0,12611,0.00140206,2865751,2865751,0
mcs70_m2Dr6_s35.A09,mcs70_m2Dr6_s35.B09,dsb_never,26,52,29403173,3.30076,0,25545786,2.80303,19534792,19534792,0
mcs70_m2Dr6_s40.A00,mcs70_m2Dr6_s40.B00,dsb_never,27,53,1401621010,151.501,0,109122937,11.4824,967786966,967786966,0
mcs70_m2Dr6_s40.A01,mcs70_m2Dr6_s40.B01,dsb_never,28,42,656982516,73.1587,0,337366986,34.8303,434585906,434585906,0
mcs70_m2Dr6_s40.A02,mcs70_m2Dr6_s40.B02,dsb_never,28,24,732201785,83.3275,0,708060717,80.5202,504878577,504878577,0
mcs70_m2Dr6_s40.A03,mcs70_m2Dr6_s40.B03,dsb_never,29,53,669557635,159.772,0,621187383,146.813,443760663,443760663,0
mcs70_m2Dr6_s40.A04,mcs70_m2Dr6_s40.B04,dsb_never,29,54,44604563,5.81675,0,59,2.75E-05,29421460,29421460,0
mcs70_m2Dr6_s40.A05,mcs70_m2Dr6_s40.B05,dsb_never,27,31,1659788713,188.804,0,1027596631,115.982,1098879161,1098879161,0
mcs70_m2Dr6_s40.A06,mcs70_m2Dr6_s40.B06,dsb_never,28,52,406816723,57.0391,0,92905568,12.3919,274693550,274693550,0
mcs70_m2Dr6_s40.A07,mcs70_m2Dr6_s40.B07,dsb_never,28,49,565168364,66.1289,0,306493909,34.7918,376614579,376614579,0
mcs70_m2Dr6_s40.A08,mcs70_m2Dr6_s40.B08,dsb_never,28,52,237759921,28.7065,0,1483,0.00013332,159275420,159275420,0
mcs70_m2Dr6_s40.A09,mcs70_m2Dr6_s40.B09,dsb_never,27,45,1263477306,145.807,0,3056,0.000368574,838492620,838492620,0
mcs70_m2Dr6_s50.A00,mcs70_m2Dr6_s50.B00,dsb_never,33,30,8662761911,1000.02,1,7969374242,917.584,5683517209,5683517209,0
mcs70_m2Dr6_s50.A01,mcs70_m2Dr6_s50.B01,dsb_never,33,38,8890959972,1000.01,1,3872294959,425.263,5901910638,5901910638,0
mcs70_m2Dr6_s50.A02,mcs70_m2Dr6_s50.B02,dsb_never,32,35,7904168328,1000.01,1,4575556389,566.688,5210687073,5210687073,0
mcs70_m2Dr6_s50.A03,mcs70_m2Dr6_s50.B03,dsb_never,36,80,8326122611,1000.01,1,8312744261,998.118,5369206296,5369206296,0
mcs70_m2Dr6_s50.A04,mcs70_m2Dr6_s50.B04,dsb_never,32,31,8603641391,1000.02,1,863851926,100.005,5576511895,5576511895,0
mcs70_m2Dr6_s50.A05,mcs70_m2Dr6_s50.B05,dsb_never,32,31,8673955197,1000.01,1,155590824,17.5118,5489134149,5489134149,0
mcs70_m2Dr6_s50.A06,mcs70_m2Dr6_s50.B06,dsb_never,32,34,8779983452,1000.02,1,2199958217,246.006,5925282188,5925282188,0
mcs70_m2Dr6_s50.A07,mcs70_m2Dr6_s50.B07,dsb_never,32,31,9003684495,1000.01,1,1536950532,166.327,6037942456,6037942456,0
mcs70_m2Dr6_s50.A08,mcs70_m2Dr6_s50.B08,dsb_never,32,32,8981181939,1000.01,1,340922767,36.5064,5851874254,5851874254,0
mcs70_m2Dr6_s50.A09,mcs70_m2Dr6_s50.B09,dsb_never,36,79,4223682785,1000.02,1,3535380976,816.773,2751548200,2751548200,0
mcs70_m2Dr6_s60.A00,mcs70_m2Dr6_s60.B00,dsb_never,38,35,8769274112,1000.02,1,3094204916,343.612,5692049048,5692049048,0
mcs70_m2Dr6_s60.A01,mcs70_m2Dr6_s60.B01,dsb_never,37,34,9110278844,1000.02,1,3262938667,344.011,5996728363,5996728363,0
mcs70_m2Dr6_s60.A02,mcs70_m2Dr6_s60.B02,dsb_never,37,34,8402575779,1000.01,1,608046953,72.4976,5342644389,5342644389,0
mcs70_m2Dr6_s60.A03,mcs70_m2Dr6_s60.B03,dsb_never,38,37,8586755828,1000.02,1,1823059613,203.976,5977258334,5977258334,0
mcs70_m2Dr6_s60.A04,mcs70_m2Dr6_s60.B04,dsb_never,37,31,8533311722,1000.02,1,732839334,81.0162,5657114568,5657114568,0
mcs70_m2Dr6_s60.A05,mcs70_m2Dr6_s60.B05,dsb_never,38,37,8953352271,1000.02,1,1608606481,164.678,5846615858,5846615858,0
mcs70_m2Dr6_s60.A06,mcs70_m2Dr6_s60.B06,dsb_never,36,37,8956048615,1000.02,1,2440847977,263.94,6120568013,6120568013,0
mcs70_m2Dr6_s60.A07,mcs70_m2Dr6_s60.B07,dsb_never,38,39,8764479899,1000.02,1,2400592055,262.931,5604799723,5604799723,0
mcs70_m2Dr6_s60.A08,mcs70_m2Dr6_s60.B08,dsb_never,38,33,9125567952,1000.02,1,710825590,73.7205,6144290789,6144290789,0
mcs70_m2Dr6_s60.A09,mcs70_m2Dr6_s60.B09,dsb_never,37,36,9266140952,1000.01,1,979969909,99.4692,6297872836,6297872836,0
mcs70_m2Dr6_s70.A00,mcs70_m2Dr6_s70.B00,dsb_never,42,39,8696199973,1000.01,1,2856543144,312.511,5622059627,5622059627,0
mcs70_m2Dr6_s70.A01,mcs70_m2Dr6_s70.B01,dsb_never,41,42,8695720785,1000.02,1,2497219350,282.823,5545070871,5545070871,0
mcs70_m2Dr6_s70.A02,mcs70_m2Dr6_s70.B02,dsb_never,43,45,8536256128,1000.02,1,5690772174,661.455,5325830300,5325830300,0
mcs70_m2Dr6_s70.A03,mcs70_m2Dr6_s70.B03,dsb_never,43,40,9334459137,1000.03,1,2833561568,291.04,5937629961,5937629961,0
mcs70_m2Dr6_s70.A04,mcs70_m2Dr6_s70.B04,dsb_never,42,40,8307913167,1000.02,1,112599014,12.3696,5941068731,5941068731,0
mcs70_m2Dr6_s70.A05,mcs70_m2Dr6_s70.B05,dsb_never,42,43,8487313580,1000.02,1,275008956,32.6789,5415303467,5415303467,0
mcs70_m2Dr6_s70.A06,mcs70_m2Dr6_s70.B06,dsb_never,41,40,8863073406,1000.02,1,115752708,12.6201,6078458117,6078458117,0
mcs70_m2Dr6_s70.A07,mcs70_m2Dr6_s70.B07,dsb_never,42,38,9211954574,1000.02,1,206956752,21.5386,6174109524,6174109524,0
mcs70_m2Dr6_s70.A08,mcs70_m2Dr6_s70.B08,dsb_never,41,38,9509172083,1000.02,1,7819366702,812.342,6206316630,6206316630,0
mcs70_m2Dr6_s70.A09,mcs70_m2Dr6_s70.B09,dsb_never,42,43,8990301102,1000.02,1,267813667,29.7906,5819502714,5819502714,0
mcs70_m2Dr6_s80.A00,mcs70_m2Dr6_s80.B00,dsb_never,48,44,8943712366,1000.02,1,326011321,30.2632,5843093692,5843093692,0
mcs70_m2Dr6_s80.A01,mcs70_m2Dr6_s80.B01,dsb_never,48,38,8960356390,1000.01,1,2910066801,299.94,5997544991,5997544991,0
mcs70_m2Dr6_s80.A02,mcs70_m2Dr6_s80.B02,dsb_never,46,47,8891507015,1000.01,1,826451196,89.1691,6188538329,6188538329,0
mcs70_m2Dr6_s80.A03,mcs70_m2Dr6_s80.B03,dsb_never,48,39,9259692300,1000.02,1,1010579737,91.1871,6092659576,6092659576,0
mcs70_m2Dr6_s80.A04,mcs70_m2Dr6_s80.B04,dsb_never,49,43,9172302863,1000.01,1,7735648956,836.394,5995827390,5995827390,0
mcs70_m2Dr6_s80.A05,mcs70_m2Dr6_s80.B05,dsb_never,48,42,8591350445,1000.02,1,7448669720,861.505,5527852650,5527852650,0
mcs70_m2Dr6_s80.A06,mcs70_m2Dr6_s80.B06,dsb_never,47,42,9020089233,1000.02,1,7531758240,829.318,5770846551,5770846551,0
mcs70_m2Dr6_s80.A07,mcs70_m2Dr6_s80.B07,dsb_never,47,46,10173571474,1000.02,1,6511720398,616.549,6700105167,6700105167,0
mcs70_m2Dr6_s80.A08,mcs70_m2Dr6_s80.B08,dsb_never,46,40,9201090906,1000.02,1,50443946,5.03152,6038467374,6038467374,0
mcs70_m2Dr6_s80.A09,mcs70_m2Dr6_s80.B09,dsb_never,47,46,8960918613,1000.02,1,2076119703,228.044,6058352352,6058352352,0
mcs70_m2Dr6_s90.A00,mcs70_m2Dr6_s90.B00,dsb_never,53,46,8811696401,1000.02,1,35668741,3.95979,5629782453,5629782453,0
mcs70_m2Dr6_s90.A01,mcs70_m2Dr6_s90.B01,dsb_never,53,51,8544905092,1000.01,1,5525290979,639.868,5497355209,5497355209,0
mcs70_m2Dr6_s90.A02,mcs70_m2Dr6_s90.B02,dsb_never,53,52,8717393115,1000.01,1,8457029742,968.253,5684008964,5684008964,0
mcs70_m2Dr6_s90.A03,mcs70_m2Dr6_s90.B03,dsb_never,53,57,4497960055,1000.03,1,3915408365,856.072,2798800113,2798800113,0
mcs70_m2Dr6_s90.A04,mcs70_m2Dr6_s90.B04,dsb_never,51,47,10812464160,1000.01,1,4439276480,413.09,7447561877,7447561877,0
mcs70_m2Dr6_s90.A05,mcs70_m2Dr6_s90.B05,dsb_never,52,44,9371502491,1000.02,1,2081832792,210.221,6081754158,6081754158,0
mcs70_m2Dr6_s90.A06,mcs70_m2Dr6_s90.B06,dsb_never,50,49,8575345701,1000.01,1,75196296,7.44647,5397597489,5397597489,0
mcs70_m2Dr6_s90.A07,mcs70_m2Dr6_s90.B07,dsb_never,53,52,7386352089,1000.02,1,294538109,36.215,4550664570,4550664570,0
mcs70_m2Dr6_s90.A08,mcs70_m2Dr6_s90.B08,dsb_never,52,46,8991583425,1000.01,1,1873653644,201.65,5904982645,5904982645,0
mcs70_m2Dr6_s90.A09,mcs70_m2Dr6_s90.B09,dsb_never,53,51,9038293744,1000.01,1,3605502965,385.684,6559158928,6559158928,0
mcs70_m3D_s100.A00,mcs70_m3D_s100.B00,dsb_never,63,76,7772031172,1000.02,1,292802522,31.0712,4891608286,4891608286,0
mcs70_m3D_s100.A01,mcs70_m3D_s100.B01,dsb_never,61,68,8516409458,1000.02,1,2099538211,239.451,5358036286,5358036286,0
mcs70_m3D_s100.A02,mcs70_m3D_s100.B02,dsb_never,61,84,8857772035,1000.01,1,451199898,51.5316,5777837201,5777837201,0
mcs70_m3D_s100.A03,mcs70_m3D_s100.B03,dsb_never,61,59,9182925224,1000.01,1,5996093188,650.915,6253860873,6253860873,0
mcs70_m3D_s100.A04,mcs70_m3D_s100.B04,dsb_never,61,87,7346745888,1000.01,1,258420941,35.7134,4311715899,4311715899,0
mcs70_m3D_s100.A05,mcs70_m3D_s100.B05,dsb_never,59,69,7523458624,1000.02,1,3863917375,498.719,4715953861,4715953861,0
mcs70_m3D_s100.A06,mcs70_m3D_s100.B06,dsb_never,59,63,9048157105,1000.02,1,2420296918,249.815,5595400458,5595400458,0
mcs70_m3D_s100.A07,mcs70_m3D_s100.B07,dsb_never,60,60,8787134790,1000.02,1,5193876840,595.573,5586437840,5586437840,0
mcs70_m3D_s100.A08,mcs70_m3D_s100.B08,dsb_never,58,67,8521920836,1000.01,1,104437495,9.35513,4991059906,4991059906,0
mcs70_m3D_s100.A09,mcs70_m3D_s100.B09,dsb_never,60,81,7944916357,1000.01,1,3108102516,383.13,4648502714,4648502714,0
mcs70_m3D_s35.A00,mcs70_m3D_s35.B00,dsb_never,28,55,8640449,1.03093,0,6823447,0.795293,5056279,5056279,0
mcs70_m3D_s35.A01,mcs70_m3D_s35.B01,dsb_never,28,56,9185581,1.10826,0,7375496,0.863767,5418740,5418740,0
mcs70_m3D_s35.A02,mcs70_m3D_s35.B02,dsb_never,29,58,5459688,0.634184,0,5115640,0.588399,3250462,3250462,0
mcs70_m3D_s35.A03,mcs70_m3D_s35.B03,dsb_never,28,49,623900,0.08124,0,11076,0.00157166,375299,375299,0
mcs70_m3D_s35.A04,mcs70_m3D_s35.B04,dsb_never,29,56,754637,0.0943104,0,363494,0.0418329,457864,457864,0
mcs70_m3D_s35.A05,mcs70_m3D_s35.B05,dsb_never,27,54,11606351,1.38825,0,8527110,0.994116,6984750,6984750,0
mcs70_m3D_s35.A06,mcs70_m3D_s35.B06,dsb_never,27,43,36623153,3.99359,0,34233130,3.6836,23184512,23184512,0
mcs70_m3D_s35.A07,mcs70_m3D_s35.B07,dsb_never,27,54,18985506,2.01334,0,16178657,1.66348,11877374,11877374,0
mcs70_m3D_s35.A08,mcs70_m3D_s35.B08,dsb_never,29,56,4719402,0.531909,0,4563884,0.511524,2876486,2876486,0
mcs70_m3D_s35.A09,mcs70_m3D_s35.B09,dsb_never,28,55,3039202,0.375129,0,2192631,0.264836,1833435,1833435,0
mcs70_m3D_s40.A00,mcs70_m3D_s40.B00,dsb_never,29,55,229531945,26.8105,0,74764046,7.87026,149139159,149139159,0
mcs70_m3D_s40.A01,mcs70_m3D_s40.B01,dsb_never,30,51,49309325,5.99329,0,15992995,1.78892,30942858,30942858,0
mcs70_m3D_s40.A02,mcs70_m3D_s40.B02,dsb_never,30,53,113531085,13.7049,0,95645058,11.4444,71987583,71987583,0
mcs70_m3D_s40.A03,mcs70_m3D_s40.B03,dsb_never,29,52,216225629,51.3677,0,127047180,29.444,138995826,138995826,0
mcs70_m3D_s40.A04,mcs70_m3D_s40.B04,dsb_never,30,53,61847047,7.49794,0,18542450,1.99727,38969553,38969553,0
mcs70_m3D_s40.A05,mcs70_m3D_s40.B05,dsb_never,29,53,147283021,17.9718,0,1979939,0.234105,95095635,95095635,0
mcs70_m3D_s40.A06,mcs70_m3D_s40.B06,dsb_never,31,58,12247796,1.58638,0,2254287,0.284289,7708095,7708095,0
mcs70_m3D_s40.A07,mcs70_m3D_s40.B07,dsb_never,30,52,42129070,5.48914,0,1663108,0.223603,26466082,26466082,0
mcs70_m3D_s40.A08,mcs70_m3D_s40.B08,dsb_never,30,57,213433079,24.1335,0,185065376,20.584,134509585,134509585,0
mcs70_m3D_s40.A09,mcs70_m3D_s40.B09,dsb_never,30,53,274435415,30.3973,0,232128185,25.1537,173465296,173465296,0
mcs70_m3D_s90.A00,mcs70_m3D_s90.B00,dsb_never,54,73,9280742727,1000.02,1,17527502,1.81317,5715059080,5715059080,0
mcs70_m3D_s90.A01,mcs70_m3D_s90.B01,dsb_never,59,94,7668897736,1000.01,1,5957679753,762.022,4470297565,4470297565,0
mcs70_m3D_s90.A02,mcs70_m3D_s90.B02,dsb_never,52,48,9153334257,1000.02,1,103155899,11.0894,5889581102,5889581102,0
mcs70_m3D_s90.A03,mcs70_m3D_s90.B03,dsb_never,51,50,9613360955,1000.02,1,533216103,36.7506,7108502444,7108502444,0
mcs70_m3D_s90.A04,mcs70_m3D_s90.B04,dsb_never,66,138,5266165643,1000.02,1,26078249,4.47921,2709783235,2709783235,0
mcs70_m3D_s90.A05,mcs70_m3D_s90.B05,dsb_never,59,102,6819251280,1000.01,1,29388,0.00443187,3984946609,3984946609,0
mcs70_m3D_s90.A06,mcs70_m3D_s90.B06,dsb_never,53,52,8515056810,1000.01,1,668517459,70.7643,5332522232,5332522232,0
mcs70_m3D_s90.A07,mcs70_m3D_s90.B07,dsb_never,52,44,8835592865,1000.01,1,604035196,63.1514,5606233630,5606233630,0
mcs70_m3D_s90.A08,mcs70_m3D_s90.B08,dsb_never,52,57,9260257492,1000.01,1,5212570218,554.13,5907284752,5907284752,0
mcs70_m3D_s90.A09,mcs70_m3D_s90.B09,dsb_never,56,81,8396315024,1000.01,1,24123,0.00217042,5339643697,5339643697,0
mcs70_m3Dr2_s100.A00,mcs70_m3Dr2_s100.B00,dsb_never,58,61,10105895448,1000.03,1,550789569,50.3507,6695901193,6695901193,0
mcs70_m3Dr2_s100.A01,mcs70_m3Dr2_s100.B01,dsb_never,55,57,7031542917,1000.02,1,3804167914,499.955,4363514428,4363514428,0
mcs70_m3Dr2_s100.A02,mcs70_m3Dr2_s100.B02,dsb_never,56,53,8734248175,1000.01,1,4831991316,537.039,5444458754,5444458754,0
mcs70_m3Dr2_s100.A03,mcs70_m3Dr2_s100.B03,dsb_never,56,53,9611911736,1000.01,1,953296122,97.6828,6608241932,6608241932,0
mcs70_m3Dr2_s100.A04,mcs70_m3Dr2_s100.B04,dsb_never,58,57,8332540960,1000.02,1,857674059,92.6338,5204834039,5204834039,0
mcs70_m3Dr2_s100.A05,mcs70_m3Dr2_s100.B05,dsb_never,56,50,8111431209,1000.02,1,4507757594,560.226,5073427015,5073427015,0
mcs70_m3Dr2_s100.A06,mcs70_m3Dr2_s100.B06,dsb_never,56,67,8212452456,1000.01,1,149581129,17.063,5008800711,5008800711,0
mcs70_m3Dr2_s100.A07,mcs70_m3Dr2_s100.B07,dsb_never,57,58,8426693517,1000.02,1,1013588399,116.655,5443528662,5443528662,0
mcs70_m3Dr2_s100.A08,mcs70_m3Dr2_s100.B08,dsb_never,58,64,8091888181,1000.01,1,1748553108,212.853,5072800667,5072800667,0
mcs70_m3Dr2_s100.A09,mcs70_m3Dr2_s100.B09,dsb_never,55,51,9743040692,1000.02,1,1858698090,182.337,6514933094,6514933094,0
mcs70_m3Dr2_s35.A00,mcs70_m3Dr2_s35.B00,dsb_never,28,60,10630110,1.25184,0,10092600,1.17553,6776358,6776358,0
mcs70_m3Dr2_s35.A01,mcs70_m3Dr2_s35.B01,dsb_never,28,60,17911083,2.25795,0,17413696,2.18984,11145569,11145569,0
mcs70_m3Dr2_s35.A02,mcs70_m3Dr2_s35.B02,dsb_never,28,60,34067293,7.81661,0,33575890,7.67287,21846049,21846049,0
mcs70_m3Dr2_s35.A03,mcs70_m3Dr2_s35.B03,dsb_never,28,59,9673352,2.39743,0,9168622,2.25599,6031168,6031168,0
mcs70_m3Dr2_s35.A04,mcs70_m3Dr2_s35.B04,dsb_never,28,54,9357883,1.13124,0,8604365,1.02228,5736774,5736774,0
mcs70_m3Dr2_s35.A05,mcs70_m3Dr2_s35.B05,dsb_never,27,48,27120481,3.32798,0,25377032,3.09081,16858553,16858553,0
mcs70_m3Dr2_s35.A06,mcs70_m3Dr2_s35.B06,dsb_never,27,58,2993177,0.412538,0,684034,0.0829148,1881231,1881231,0
mcs70_m3Dr2_s35.A07,mcs70_m3Dr2_s35.B07,dsb_never,28,60,44107066,5.04246,0,43621510,4.97301,28233543,28233543,0
mcs70_m3Dr2_s35.A08,mcs70_m3Dr2_s35.B08,dsb_never,27,59,37960431,9.37047,0,35658420,8.71642,23938824,23938824,0
mcs70_m3Dr2_s35.A09,mcs70_m3Dr2_s35.B09,dsb_never,27,58,6480850,1.72713,0,4507042,1.18011,4045966,4045966,0
mcs70_m3Dr2_s40.A00,mcs70_m3Dr2_s40.B00,dsb_never,27,58,1148459117,274.731,0,27739833,6.69467,756096311,756096311,0
mcs70_m3Dr2_s40.A01,mcs70_m3Dr2_s40.B01,dsb_never,29,60,619358834,75.6369,0,545954441,65.7755,396840096,396840096,0
mcs70_m3Dr2_s40.A02,mcs70_m3Dr2_s40.B02,dsb_never,28,54,364138106,46.1518,0,5602465,0.722716,237741601,237741601,0
mcs70_m3Dr2_s40.A03,mcs70_m3Dr2_s40.B03,dsb_never,29,53,149841428,37.4181,0,98552438,24.1928,95448524,95448524,0
mcs70_m3Dr2_s40.A04,mcs70_m3Dr2_s40.B04,dsb_never,29,61,606933030,71.5438,0,523099247,60.5505,391923750,391923750,0
mcs70_m3Dr2_s40.A05,mcs70_m3Dr2_s40.B05,dsb_never,29,45,168975442,21.3847,0,148328513,18.6902,110854454,110854454,0
mcs70_m3Dr2_s40.A06,mcs70_m3Dr2_s40.B06,dsb_never,27,38,1381470164,333.024,0,267238242,62.5328,894470731,894470731,0
mcs70_m3Dr2_s40.A07,mcs70_m3Dr2_s40.B07,dsb_never,27,58,1216013743,144.502,0,199504472,23.517,799540455,799540455,0
mcs70_m3Dr2_s40.A08,mcs70_m3Dr2_s40.B08,dsb_never,29,60,1295450063,155.422,0,1250201337,149.434,837867951,837867951,0
mcs70_m3Dr2_s40.A09,mcs70_m3Dr2_s40.B09,dsb_never,27,59,1465236290,355.459,0,378484405,91.4778,968576528,968576528,0
mcs70_m3Dr2_s90.A00,mcs70_m3Dr2_s90.B00,dsb_never,51,52,8382951662,1000.01,1,1001355341,112.628,5218857837,5218857837,0
mcs70_m3Dr2_s90.A01,mcs70_m3Dr2_s90.B01,dsb_never,54,72,7595942932,1000.02,1,5103401067,668.307,4551194337,4551194337,0
mcs70_m3Dr2_s90.A02,mcs70_m3Dr2_s90.B02,dsb_never,50,51,8135136262,1000.02,1,4665190802,571.795,5122936494,5122936494,0
mcs70_m3Dr2_s90.A03,mcs70_m3Dr2_s90.B03,dsb_never,49,47,8579297114,1000.01,1,342967978,34.899,5430481399,5430481399,0
mcs70_m3Dr2_s90.A04,mcs70_m3Dr2_s90.B04,dsb_never,52,53,7618762983,1000.01,1,1658692353,212.276,4741986746,4741986746,0
mcs70_m3Dr2_s90.A05,mcs70_m3Dr2_s90.B05,dsb_never,52,53,8764669517,1000.02,1,7797040595,886.052,5491895308,5491895308,0
mcs70_m3Dr2_s90.A06,mcs70_m3Dr2_s90.B06,dsb_never,51,47,8702651022,1000.01,1,37358493,3.90926,5381449142,5381449142,0
mcs70_m3Dr2_s90.A07,mcs70_m3Dr2_s90.B07,dsb_never,51,51,8300515589,1000.02,1,19964274,2.19867,5310965858,5310965858,0
mcs70_m3Dr2_s90.A08,mcs70_m3Dr2_s90.B08,dsb_never,52,49,7940834775,1000.02,1,1867282740,227.355,4929119864,4929119864,0
mcs70_m3Dr2_s90.A09,mcs70_m3Dr2_s90.B09,dsb_never,51,54,7161566536,1000.01,1,379798882,51.0636,4632869339,4632869339,0
mcs70_m3Dr4_s100.A00,mcs70_m3Dr4_s100.B00,dsb_never,54,52,7398500778,1000.01,1,2533342847,326.135,5052506836,5052506836,0
mcs70_m3Dr4_s100.A01,mcs70_m3Dr4_s100.B01,dsb_never,54,64,8609588859,1000.02,1,5808077817,656.579,5604608499,5604608499,0
mcs70_m3Dr4_s100.A02,mcs70_m3Dr4_s100.B02,dsb_never,54,52,9282211011,1000.02,1,8138987535,872.714,5981129322,5981129322,0
mcs70_m3Dr4_s100.A03,mcs70_m3Dr4_s100.B03,dsb_never,54,59,22688820940,1000.02,1,652597064,24.6943,17410053213,17410053213,0
mcs70_m3Dr4_s100.A04,mcs70_m3Dr4_s100.B04,dsb_never,53,54,8529485654,1000.02,1,50240732,4.72085,5383972284,5383972284,0
mcs70_m3Dr4_s100.A05,mcs70_m3Dr4_s100.B05,dsb_never,54,49,8960222106,1000.02,1,691717596,57.4063,5796149647,5796149647,0
mcs70_m3Dr4_s100.A06,mcs70_m3Dr4_s100.B06,dsb_never,55,59,9300557221,1000.02,1,181257838,13.7091,6340101234,6340101234,0
mcs70_m3Dr4_s100.A07,mcs70_m3Dr4_s100.B07,dsb_never,54,47,8834379821,1000.02,1,1987883577,216.502,5623723244,5623723244,0
mcs70_m3Dr4_s100.A08,mcs70_m3Dr4_s100.B08,dsb_never,54,50,8858418981,1000.02,1,5751345449,625.741,5415002599,5415002599,0
mcs70_m3Dr4_s100.A09,mcs70_m3Dr4_s100.B09,dsb_never,53,53,8077693741,1000.01,1,1690548444,191.453,5177097959,5177097959,0
mcs70_m3Dr4_s35.A00,mcs70_m3Dr4_s35.B00,dsb_never,27,62,10871490,1.34062,0,10115070,1.22928,6927048,6927048,0
mcs70_m3Dr4_s35.A01,mcs70_m3Dr4_s35.B01,dsb_never,27,63,86290827,10.1411,0,85045459,9.96705,54852811,54852811,0
mcs70_m3Dr4_s35.A02,mcs70_m3Dr4_s35.B02,dsb_never,29,65,15759442,2.00681,0,15680563,1.9947,10143278,10143278,0
mcs70_m3Dr4_s35.A03,mcs70_m3Dr4_s35.B03,dsb_never,27,64,131510997,15.7628,0,130579415,15.626,83583798,83583798,0
mcs70_m3Dr4_s35.A04,mcs70_m3Dr4_s35.B04,dsb_never,27,63,972266,0.14261,0,28,3.13E-05,632782,632782,0
mcs70_m3Dr4_s35.A05,mcs70_m3Dr4_s35.B05,dsb_never,27,63,37702587,4.54264,0,36735749,4.4014,24237427,24237427,0
mcs70_m3Dr4_s35.A06,mcs70_m3Dr4_s35.B06,dsb_never,27,62,9995090,1.26436,0,8342937,1.01543,6341498,6341498,0
mcs70_m3Dr4_s35.A07,mcs70_m3Dr4_s35.B07,dsb_never,27,62,5279105,0.680283,0,4372964,0.546929,3323841,3323841,0
mcs70_m3Dr4_s35.A08,mcs70_m3Dr4_s35.B08,dsb_never,28,65,278097,0.0422559,0,29,2.38E-05,184020,184020,0
mcs70_m3Dr4_s35.A09,mcs70_m3Dr4_s35.B09,dsb_never,27,63,4965721,0.650157,0,3207740,0.392123,3161503,3161503,0
mcs70_m3Dr4_s40.A00,mcs70_m3Dr4_s40.B00,dsb_never,28,58,196228814,25.5152,0,95088703,11.6213,128138392,128138392,0
mcs70_m3Dr4_s40.A01,mcs70_m3Dr4_s40.B01,dsb_never,28,63,1288913844,163.654,0,1151385033,144.471,841618822,841618822,0
mcs70_m3Dr4_s40.A02,mcs70_m3Dr4_s40.B02,dsb_never,27,64,707951819,89.7456,0,225300122,27.2886,467454477,467454477,0
mcs70_m3Dr4_s40.A03,mcs70_m3Dr4_s40.B03,dsb_never,28,62,725733306,174.622,0,548303161,127.155,474368993,474368993,0
mcs70_m3Dr4_s40.A04,mcs70_m3Dr4_s40.B04,dsb_never,28,63,825608402,203.602,0,647312260,157.036,526424362,526424362,0
mcs70_m3Dr4_s40.A05,mcs70_m3Dr4_s40.B05,dsb_never,28,54,457668730,112.139,0,338294029,79.2535,298508353,298508353,0
mcs70_m3Dr4_s40.A06,mcs70_m3Dr4_s40.B06,dsb_never,28,52,438209752,111.77,0,324744504,81.8982,285321806,285321806,0
mcs70_m3Dr4_s40.A07,mcs70_m3Dr4_s40.B07,dsb_never,27,61,993231920,124.306,0,381604280,46.5095,646506828,646506828,0
mcs70_m3Dr4_s40.A08,mcs70_m3Dr4_s40.B08,dsb_never,28,62,1755511185,209.729,0,1642109557,194.509,1166410856,1166410856,0
mcs70_m3Dr4_s40.A09,mcs70_m3Dr4_s40.B09,dsb_never,29,65,426261595,53.6955,0,368648100,45.4802,271220824,271220824,0
mcs70_m3Dr4_s90.A00,mcs70_m3Dr4_s90.B00,dsb_never,48,43,8113622617,1000.01,1,477797458,57.8632,5369959464,5369959464,0
mcs70_m3Dr4_s90.A01,mcs70_m3Dr4_s90.B01,dsb_never,48,47,8889143925,1000.01,1,20553025,2.12323,5715346854,5715346854,0
mcs70_m3Dr4_s90.A02,mcs70_m3Dr4_s90.B02,dsb_never,49,46,8706354406,1000.02,1,757219846,82.9755,5653695229,5653695229,0
mcs70_m3Dr4_s90.A03,mcs70_m3Dr4_s90.B03,dsb_never,50,51,8081434456,1000.02,1,1766706294,220.559,5018962278,5018962278,0
mcs70_m3Dr4_s90.A04,mcs70_m3Dr4_s90.B04,dsb_never,50,49,8325064749,1000.02,1,6602744285,777.721,5098018523,5098018523,0
mcs70_m3Dr4_s90.A05,mcs70_m3Dr4_s90.B05,dsb_never,51,52,7909529338,1000.02,1,3465671693,432.716,4878130361,4878130361,0
mcs70_m3Dr4_s90.A06,mcs70_m3Dr4_s90.B06,dsb_never,50,54,7733566344,1000.02,1,50610329,5.9413,4969901840,4969901840,0
mcs70_m3Dr4_s90.A07,mcs70_m3Dr4_s90.B07,dsb_never,51,59,8086728771,1000.01,1,244318793,28.554,5002847384,5002847384,0
mcs70_m3Dr4_s90.A08,mcs70_m3Dr4_s90.B08,dsb_never,50,52,7882430275,1000.01,1,329857541,38.1501,4962804528,4962804528,0
mcs70_m3Dr4_s90.A09,mcs70_m3Dr4_s90.B09,dsb_never,50,43,8887257188,1000.02,1,637862827,70.9057,5868714367,5868714367,0
mcs70_m3Dr6_s100.A00,mcs70_m3Dr6_s100.B00,dsb_never,52,55,9213610653,1000.02,1,1402366043,140.117,5724628543,5724628543,0
mcs70_m3Dr6_s100.A01,mcs70_m3Dr6_s100.B01,dsb_never,52,51,9023641881,1000.02,1,1245807736,136.531,6054577501,6054577501,0
mcs70_m3Dr6_s100.A02,mcs70_m3Dr6_s100.B02,dsb_never,53,46,8010197656,1000.02,1,5392433445,660.038,5093259045,5093259045,0
mcs70_m3Dr6_s100.A03,mcs70_m3Dr6_s100.B03,dsb_never,54,56,9210928787,1000.01,1,7281046512,789.021,6016603416,6016603416,0
mcs70_m3Dr6_s100.A04,mcs70_m3Dr6_s100.B04,dsb_never,53,55,7565134676,1000.02,1,56449149,7.46835,4804742247,4804742247,0
mcs70_m3Dr6_s100.A05,mcs70_m3Dr6_s100.B05,dsb_never,66,183,4530703214,1000.02,1,67,9.65E-05,2392500070,2392500070,0
mcs70_m3Dr6_s100.A06,mcs70_m3Dr6_s100.B06,dsb_never,65,173,4651873005,1000.02,1,66,9.63E-05,2347806468,2347806468,0
mcs70_m3Dr6_s100.A07,mcs70_m3Dr6_s100.B07,dsb_never,51,50,8080928752,1000.01,1,390212695,47.0038,5194378349,5194378349,0
mcs70_m3Dr6_s100.A08,mcs70_m3Dr6_s100.B08,dsb_never,53,53,8368200236,1000.02,1,5588160900,649.575,5244197370,5244197370,0
mcs70_m3Dr6_s100.A09,mcs70_m3Dr6_s100.B09,dsb_never,53,54,7339950749,1000.02,1,3943809454,514.756,4518778156,4518778156,0
mcs70_m3Dr6_s35.A00,mcs70_m3Dr6_s35.B00,dsb_never,27,66,22918789,2.83845,0,21779958,2.66327,14767870,14767870,0
mcs70_m3Dr6_s35.A01,mcs70_m3Dr6_s35.B01,dsb_never,27,67,141277042,18.5406,0,140423331,18.4077,90888216,90888216,0
mcs70_m3Dr6_s35.A02,mcs70_m3Dr6_s35.B02,dsb_never,27,68,61164478,7.32936,0,60753686,7.26719,39471917,39471917,0
mcs70_m3Dr6_s35.A03,mcs70_m3Dr6_s35.B03,dsb_never,27,66,609735,0.0904941,0,18095,0.00216006,399366,399366,0
mcs70_m3Dr6_s35.A04,mcs70_m3Dr6_s35.B04,dsb_never,27,67,2817278,0.730816,0,2092274,0.514365,1790807,1790807,0
mcs70_m3Dr6_s35.A05,mcs70_m3Dr6_s35.B05,dsb_never,27,67,1249267,0.195447,0,65334,0.00956448,824076,824076,0
mcs70_m3Dr6_s35.A06,mcs70_m3Dr6_s35.B06,dsb_never,27,68,20555074,2.74819,0,19709024,2.61503,13073955,13073955,0
mcs70_m3Dr6_s35.A07,mcs70_m3Dr6_s35.B07,dsb_never,27,68,15657874,1.9157,0,15106580,1.83274,10205072,10205072,0
mcs70_m3Dr6_s35.A08,mcs70_m3Dr6_s35.B08,dsb_never,27,65,1858628,0.223074,0,1340807,0.146736,1168391,1168391,0
mcs70_m3Dr6_s35.A09,mcs70_m3Dr6_s35.B09,dsb_never,27,68,2446255,0.321175,0,1939755,0.242576,1593338,1593338,0
mcs70_m3Dr6_s40.A00,mcs70_m3Dr6_s40.B00,dsb_never,28,70,148032538,38.7148,0,99422941,24.2419,98213741,98213741,0
mcs70_m3Dr6_s40.A01,mcs70_m3Dr6_s40.B01,dsb_never,27,67,371563929,49.9199,0,70212289,8.54093,242544671,242544671,0
mcs70_m3Dr6_s40.A02,mcs70_m3Dr6_s40.B02,dsb_never,29,67,412061159,52.7132,0,401129981,51.0664,273621738,273621738,0
mcs70_m3Dr6_s40.A03,mcs70_m3Dr6_s40.B03,dsb_never,28,64,467779354,60.5425,0,408142044,51.9341,303250497,303250497,0
mcs70_m3Dr6_s40.A04,mcs70_m3Dr6_s40.B04,dsb_never,27,68,250979209,34.6446,0,28,2.45E-05,166231247,166231247,0
mcs70_m3Dr6_s40.A05,mcs70_m3Dr6_s40.B05,dsb_never,28,67,160718228,21.2149,0,91406194,11.0055,104817800,104817800,0
mcs70_m3Dr6_s40.A06,mcs70_m3Dr6_s40.B06,dsb_never,27,70,498381393,67.4653,0,143579557,17.7114,324247005,324247005,0
mcs70_m3Dr6_s40.A07,mcs70_m3Dr6_s40.B07,dsb_never,28,67,1438846483,358.938,0,1403898066,348.966,953934005,953934005,0
mcs70_m3Dr6_s40.A08,mcs70_m3Dr6_s40.B08,dsb_never,28,65,967395395,248.383,0,824885832,206.814,623381962,623381962,0
mcs70_m3Dr6_s40.A09,mcs70_m3Dr6_s40.B09,dsb_never,29,63,288958742,41.7935,0,273940732,39,185099860,185099860,0
mcs70_m3Dr6_s90.A00,mcs70_m3Dr6_s90.B00,dsb_never,48,55,7576884516,1000.02,1,232155104,26.909,4681711999,4681711999,0
mcs70_m3Dr6_s90.A01,mcs70_m3Dr6_s90.B01,dsb_never,48,46,8083717939,1000.02,1,6748182259,831.058,5210847349,5210847349,0
mcs70_m3Dr6_s90.A02,mcs70_m3Dr6_s90.B02,dsb_never,48,42,9108293685,1000.01,1,2043988216,186.048,6100543112,6100543112,0
mcs70_m3Dr6_s90.A03,mcs70_m3Dr6_s90.B03,dsb_never,55,112,6008718939,1000.02,1,470336291,68.2707,3590829788,3590829788,0
mcs70_m3Dr6_s90.A04,mcs70_m3Dr6_s90.B04,dsb_never,49,49,3683378383,1000.03,1,486573027,121.457,2291297850,2291297850,0
mcs70_m3Dr6_s90.A05,mcs70_m3Dr6_s90.B05,dsb_never,49,45,8212052762,1000.01,1,917068587,111.089,5196467119,5196467119,0
mcs70_m3Dr6_s90.A06,mcs70_m3Dr6_s90.B06,dsb_never,47,50,8056981475,1000.02,1,5382073995,660.495,4973801629,4973801629,0
mcs70_m3Dr6_s90.A07,mcs70_m3Dr6_s90.B07,dsb_never,48,50,7372680524,1000.02,1,958555561,126.67,4643444126,4643444126,0
mcs70_m3Dr6_s90.A08,mcs70_m3Dr6_s90.B08,dsb_never,48,45,7261410880,1000.02,1,3031032992,408.35,4389589704,4389589704,0
mcs70_m3Dr6_s90.A09,mcs70_m3Dr6_s90.B09,dsb_never,46,43,8794135352,1000.02,1,659924959,63.4557,5518973239,5518973239,0
mcs70_m4D_s25.A00,mcs70_m4D_s25.B00,dsb_never,19,23,842866,0.0585491,0,763586,0.051168,557272,557272,0
mcs70_m4D_s25.A01,mcs70_m4D_s25.B01,dsb_never,19,22,244923,0.0434684,0,204712,0.0356121,170604,170604,0
mcs70_m4D_s25.A02,mcs70_m4D_s25.B02,dsb_never,19,28,66628,0.00645998,0,4338,0.000371569,46229,46229,0
mcs70_m4D_s25.A03,mcs70_m4D_s25.B03,dsb_never,19,27,66557,0.00570884,0,713,8.21E-05,44869,44869,0
mcs70_m4D_s25.A04,mcs70_m4D_s25.B04,dsb_never,19,21,171250,0.0143556,0,64105,0.005341,110602,110602,0
mcs70_m4D_s25.A05,mcs70_m4D_s25.B05,dsb_never,19,31,84265,0.00792074,0,17941,0.00159573,51330,51330,0
mcs70_m4D_s25.A06,mcs70_m4D_s25.B06,dsb_never,20,27,84154,0.0136663,0,70381,0.0108835,56186,56186,0
mcs70_m4D_s25.A07,mcs70_m4D_s25.B07,dsb_never,19,30,74546,0.0136527,0,553,0.000134921,48724,48724,0
mcs70_m4D_s25.A08,mcs70_m4D_s25.B08,dsb_never,20,23,74363,0.00886541,0,58209,0.00662891,51997,51997,0
mcs70_m4D_s25.A09,mcs70_m4D_s25.B09,dsb_never,19,34,85182,0.00799423,0,19126,0.00156916,55515,55515,0
mcs70_m4Dr2_s25.A00,mcs70_m4Dr2_s25.B00,dsb_never,18,19,428852,0.03961,0,217567,0.0187396,295330,295330,0
mcs70_m4Dr2_s25.A01,mcs70_m4Dr2_s25.B01,dsb_never,18,32,170985,0.0182009,0,11956,0.00121303,114259,114259,0
mcs70_m4Dr2_s25.A02,mcs70_m4Dr2_s25.B02,dsb_never,18,33,319733,0.0298,0,11455,0.000943404,209749,209749,0
mcs70_m4Dr2_s25.A03,mcs70_m4Dr2_s25.B03,dsb_never,18,20,340397,0.0325985,0,155715,0.0142044,218893,218893,0
mcs70_m4Dr2_s25.A04,mcs70_m4Dr2_s25.B04,dsb_never,18,28,236356,0.0245799,0,9614,0.00102078,155149,155149,0
mcs70_m4Dr2_s25.A05,mcs70_m4Dr2_s25.B05,dsb_never,18,27,274527,0.0609877,0,18172,0.00420908,174141,174141,0
mcs70_m4Dr2_s25.A06,mcs70_m4Dr2_s25.B06,dsb_never,17,30,714475,0.13028,0,15400,0.00277407,483043,483043,0
mcs70_m4Dr2_s25.A07,mcs70_m4Dr2_s25.B07,dsb_never,18,30,332548,0.0638029,0,1224,0.000260089,225348,225348,0
mcs70_m4Dr2_s25.A08,mcs70_m4Dr2_s25.B08,dsb_never,18,33,236223,0.0476785,0,14673,0.00276176,151691,151691,0
mcs70_m4Dr2_s25.A09,mcs70_m4Dr2_s25.B09,dsb_never,19,31,54446,0.00855341,0,14138,0.00197787,34663,34663,0
mcs70_m4Dr4_s25.A00,mcs70_m4Dr4_s25.B00,dsb_never,18,39,135136,0.0165711,0,9711,0.0011041,86446,86446,0
mcs70_m4Dr4_s25.A01,mcs70_m4Dr4_s25.B01,dsb_never,17,19,503881,0.0546186,0,178534,0.0189643,331958,331958,0
mcs70_m4Dr4_s25.A02,mcs70_m4Dr4_s25.B02,dsb_never,18,20,495327,0.0533398,0,466598,0.0500729,327491,327491,0
mcs70_m4Dr4_s25.A03,mcs70_m4Dr4_s25.B03,dsb_never,18,22,175499,0.0185508,0,81604,0.00852111,120204,120204,0
mcs70_m4Dr4_s25.A04,mcs70_m4Dr4_s25.B04,dsb_never,18,37,140839,0.016211,0,5332,0.000561431,88483,88483,0
mcs70_m4Dr4_s25.A05,mcs70_m4Dr4_s25.B05,dsb_never,17,37,335401,0.0357769,0,8633,0.000856888,225797,225797,0
mcs70_m4Dr4_s25.A06,mcs70_m4Dr4_s25.B06,dsb_never,17,29,302648,0.0308851,0,12346,0.00126943,203332,203332,0
mcs70_m4Dr4_s25.A07,mcs70_m4Dr4_s25.B07,dsb_never,18,29,189563,0.041387,0,81676,0.0172635,121795,121795,0
mcs70_m4Dr4_s25.A08,mcs70_m4Dr4_s25.B08,dsb_never,18,28,54566,0.0134025,0,1888,0.000499326,35640,35640,0
mcs70_m4Dr4_s25.A09,mcs70_m4Dr4_s25.B09,dsb_never,17,33,433061,0.0521463,0,28,2.29E-05,272184,272184,0
mcs70_m4Dr6_s25.A00,mcs70_m4Dr6_s25.B00,dsb_never,17,39,425224,0.0515134,0,26430,0.00308428,275807,275807,0
mcs70_m4Dr6_s25.A01,mcs70_m4Dr6_s25.B01,dsb_never,17,39,180434,0.0232955,0,18,1.32E-05,119056,119056,0
mcs70_m4Dr6_s25.A02,mcs70_m4Dr6_s25.B02,dsb_never,17,37,320136,0.0391201,0,26108,0.00298838,209053,209053,0
mcs70_m4Dr6_s25.A03,mcs70_m4Dr6_s25.B03,dsb_never,17,42,276143,0.0321723,0,9049,0.00104007,179193,179193,0
mcs70_m4Dr6_s25.A04,mcs70_m4Dr6_s25.B04,dsb_never,17,33,362885,0.0385986,0,35086,0.00347896,243137,243137,0
mcs70_m4Dr6_s25.A05,mcs70_m4Dr6_s25.B05,dsb_never,17,19,566164,0.0653558,0,236956,0.0262309,370744,370744,0
mcs70_m4Dr6_s25.A06,mcs70_m4Dr6_s25.B06,dsb_never,17,20,590712,0.067815,0,397472,0.0455308,383273,383273,0
mcs70_m4Dr6_s25.A07,mcs70_m4Dr6_s25.B07,dsb_never,17,35,245063,0.0270367,0,8633,0.000903548,164958,164958,0
mcs70_m4Dr6_s25.A08,mcs70_m4Dr6_s25.B08,dsb_never,17,37,453971,0.108402,0,6094,0.00148097,287423,287423,0
mcs70_m4Dr6_s25.A09,mcs70_m4Dr6_s25.B09,dsb_never,17,34,288988,0.0663956,0,12032,0.00274401,191497,191497,0
mcs70_r001_s100.A00,mcs70_r001_s100.B00,dsb_never,76,65,4691237697,1000.02,1,14450036,1.77708,3752735952,3752735952,0
mcs70_r001_s100.A01,mcs70_r001_s100.B01,dsb_never,73,56,6843099970,1000.02,1,6669913101,967.767,5305688675,5305688675,0
mcs70_r001_s100.A02,mcs70_r001_s100.B02,dsb_never,73,54,11855182219,1000.01,1,11401653634,955.458,10277570045,10277570045,0
mcs70_r001_s100.A03,mcs70_r001_s100.B03,dsb_never,75,63,32347198343,1000.01,1,12924559517,396.098,24189876396,24189876396,0
mcs70_r001_s100.A04,mcs70_r001_s100.B04,dsb_never,68,49,33039503078,1000.01,1,369,7.43E-05,24779627415,24779627415,0
mcs70_r001_s100.A05,mcs70_r001_s100.B05,dsb_never,75,59,16680275432,1000.02,1,15272343682,852.069,13398125952,13398125952,0
mcs70_r001_s100.A06,mcs70_r001_s100.B06,dsb_never,67,47,26077431346,1000.02,1,276,6.90E-05,22165656348,22165656348,0
mcs70_r001_s100.A07,mcs70_r001_s100.B07,dsb_never,75,61,22680604399,1000.01,1,4268171577,289.478,18079681030,18079681030,0
mcs70_r001_s100.A08,mcs70_r001_s100.B08,dsb_never,78,61,14027454603,1000.02,1,7135423612,508.293,10857350326,10857350326,0
mcs70_r001_s100.A09,mcs70_r001_s100.B09,dsb_never,75,58,12353022087,1000.02,1,4394557,0.65324,10121549429,10121549429,0
mcs70_r005_s100.A00,mcs70_r005_s100.B00,dsb_never,39,45,3591234061,1000.02,1,655666644,179.465,2137607562,2137607562,0
mcs70_r005_s100.A01,mcs70_r005_s100.B01,dsb_never,41,53,6683633157,1000.02,1,1464308882,215.841,4177270515,4177270515,0
mcs70_r005_s100.A02,mcs70_r005_s100.B02,dsb_never,41,48,6376267064,1000.02,1,732059029,112.5,3811458841,3811458841,0
mcs70_r005_s100.A03,mcs70_r005_s100.B03,dsb_never,39,52,6622365670,1000.02,1,803171476,115.57,4037008481,4037008481,0
mcs70_r005_s100.A04,mcs70_r005_s100.B04,dsb_never,40,50,6042250822,1000.02,1,3654860355,592.735,3683179737,3683179737,0
mcs70_r005_s100.A05,mcs70_r005_s100.B05,dsb_never,39,49,6640986539,1000.02,1,23397078,3.29515,4109121643,4109121643,0
mcs70_r005_s100.A06,mcs70_r005_s100.B06,dsb_never,41,52,6898722036,1000.01,1,3743012375,525.943,4291294860,4291294860,0
mcs70_r005_s100.A07,mcs70_r005_s100.B07,dsb_never,43,55,6952456987,1000.02,1,2728271992,402.347,4411083934,4411083934,0
mcs70_r005_s100.A08,mcs70_r005_s100.B08,dsb_never,41,52,6854672001,1000.02,1,3371639049,480.04,4280483937,4280483937,0
mcs70_r005_s100.A09,mcs70_r005_s100.B09,dsb_never,39,51,6947270308,1000.01,1,35470322,4.92361,4186434713,4186434713,0
mcs70_r005_s20.A00,mcs70_r005_s20.B00,dsb_never,16,16,10151,0.000798892,0,17,1.21E-05,6900,6900,0
mcs70_r005_s20.A01,mcs70_r005_s20.B01,dsb_never,16,14,4179,0.000770231,0,379,8.20E-05,3135,3135,0
mcs70_r005_s20.A02,mcs70_r005_s20.B02,dsb_never,16,12,19554,0.00312406,0,3873,0.000498806,12784,12784,0
mcs70_r005_s20.A03,mcs70_r005_s20.B03,dsb_never,16,13,13741,0.000956108,0,246,2.73E-05,9367,9367,0
mcs70_r005_s20.A04,mcs70_r005_s20.B04,dsb_never,16,11,109883,0.0152242,0,108490,0.0149537,79674,79674,0
mcs70_r005_s20.A05,mcs70_r005_s20.B05,dsb_never,16,13,7820,0.00126578,0,1228,0.000176454,5559,5559,0
mcs70_r005_s20.A06,mcs70_r005_s20.B06,dsb_never,17,15,1280,0.000154642,0,200,2.88E-05,845,845,0
mcs70_r005_s20.A07,mcs70_r005_s20.B07,dsb_never,16,15,24056,0.00169374,0,3301,0.000170126,16171,16171,0
mcs70_r005_s20.A08,mcs70_r005_s20.B08,dsb_never,16,13,15619,0.00216581,0,1887,0.000253689,10580,10580,0
mcs70_r005_s20.A09,mcs70_r005_s20.B09,dsb_never,16,10,11840,0.0015778,0,7282,0.000757983,8191,8191,0
mcs70_r005_s25.A00,mcs70_r005_s25.B00,dsb_never,21,17,293401,0.0211089,0,290373,0.0206891,194998,194998,0
mcs70_r005_s25.A01,mcs70_r005_s25.B01,dsb_never,20,16,495763,0.0392223,0,476794,0.0373622,340904,340904,0
mcs70_r005_s25.A02,mcs70_r005_s25.B02,dsb_never,21,17,47470,0.00402168,0,46048,0.00384754,32435,32435,0
mcs70_r005_s25.A03,mcs70_r005_s25.B03,dsb_never,20,19,87336,0.00756393,0,20085,0.00174579,56837,56837,0
mcs70_r005_s25.A04,mcs70_r005_s25.B04,dsb_never,20,20,189640,0.0167944,0,143868,0.0125101,129975,129975,0
mcs70_r005_s25.A05,mcs70_r005_s25.B05,dsb_never,20,15,77594,0.00626715,0,37777,0.0027647,54203,54203,0
mcs70_r005_s25.A06,mcs70_r005_s25.B06,dsb_never,20,16,45571,0.00410615,0,525,6.23E-05,30880,30880,0
mcs70_r005_s25.A07,mcs70_r005_s25.B07,dsb_never,20,19,40768,0.00356909,0,10206,0.000629919,27197,27197,0
mcs70_r005_s25.A08,mcs70_r005_s25.B08,dsb_never,20,16,45799,0.00431351,0,9637,0.000912284,31045,31045,0
mcs70_r005_s25.A09,mcs70_r005_s25.B09,dsb_never,19,14,374698,0.0304678,0,25314,0.00169945,279629,279629,0
mcs70_r005_s30.A00,mcs70_r005_s30.B00,dsb_never,24,17,747693,0.0640984,0,600976,0.0502053,518799,518799,0
mcs70_r005_s30.A01,mcs70_r005_s30.B01,dsb_never,23,21,2451650,0.225406,0,220991,0.0187826,1664146,1664146,0
mcs70_r005_s30.A02,mcs70_r005_s30.B02,dsb_never,24,18,1186993,0.0893192,0,980940,0.0697338,831647,831647,0
mcs70_r005_s30.A03,mcs70_r005_s30.B03,dsb_never,24,17,2145205,0.17346,0,2138572,0.172761,1536093,1536093,0
mcs70_r005_s30.A04,mcs70_r005_s30.B04,dsb_never,25,19,567685,0.0486479,0,560736,0.0479496,356807,356807,0
mcs70_r005_s30.A05,mcs70_r005_s30.B05,dsb_never,24,23,211988,0.0202878,0,41073,0.003529,148095,148095,0
mcs70_r005_s30.A06,mcs70_r005_s30.B06,dsb_never,23,19,7855888,0.653489,0,617843,0.0461874,5247351,5247351,0
mcs70_r005_s30.A07,mcs70_r005_s30.B07,dsb_never,24,22,668159,0.059406,0,370556,0.0307659,459071,459071,0
mcs70_r005_s30.A08,mcs70_r005_s30.B08,dsb_never,23,23,4415294,0.380512,0,46172,0.0035255,2937505,2937505,0
mcs70_r005_s30.A09,mcs70_r005_s30.B09,dsb_never,23,22,2509538,0.21675,0,174926,0.0127327,1799819,1799819,0
mcs70_r005_s35.A00,mcs70_r005_s35.B00,dsb_never,27,24,25756532,2.48266,0,25296711,2.43653,17250445,17250445,0
mcs70_r005_s35.A01,mcs70_r005_s35.B01,dsb_never,26,27,18271297,3.59021,0,938919,0.167952,12245719,12245719,0
mcs70_r005_s35.A02,mcs70_r005_s35.B02,dsb_never,27,22,8360047,1.64311,0,4644360,0.862997,5864498,5864498,0
mcs70_r005_s35.A03,mcs70_r005_s35.B03,dsb_never,26,18,30394888,2.89406,0,8615120,0.78504,21392928,21392928,0
mcs70_r005_s35.A04,mcs70_r005_s35.B04,dsb_never,26,24,125395265,12.3903,0,97024467,9.55194,82842334,82842334,0
mcs70_r005_s35.A05,mcs70_r005_s35.B05,dsb_never,26,28,24399566,2.40649,0,1068584,0.0875889,17088699,17088699,0
mcs70_r005_s35.A06,mcs70_r005_s35.B06,dsb_never,27,21,12533243,1.15944,0,12127876,1.11632,8529336,8529336,0
mcs70_r005_s35.A07,mcs70_r005_s35.B07,dsb_never,27,28,7610672,0.78056,0,3240391,0.310956,5149209,5149209,0
mcs70_r005_s35.A08,mcs70_r005_s35.B08,dsb_never,27,21,43668075,3.68723,0,43225758,3.64262,31275607,31275607,0
mcs70_r005_s35.A09,mcs70_r005_s35.B09,dsb_never,26,23,30425598,3.13054,0,1281194,0.118767,20761119,20761119,0
mcs70_r005_s40.A00,mcs70_r005_s40.B00,dsb_never,29,30,449812353,45.0008,0,199792976,20.7304,310033827,310033827,0
mcs70_r005_s40.A01,mcs70_r005_s40.B01,dsb_never,29,23,1173113010,123.565,0,1172902006,123.542,811079813,811079813,0
mcs70_r005_s40.A02,mcs70_r005_s40.B02,dsb_never,29,35,875275814,95.5372,0,713379112,77.0653,567162592,567162592,0
mcs70_r005_s40.A03,mcs70_r005_s40.B03,dsb_never,29,37,334009693,38.2231,0,180351528,20.1357,233193512,233193512,0
mcs70_r005_s40.A04,mcs70_r005_s40.B04,dsb_never,29,37,177343618,19.6242,0,76796516,8.01154,121659445,121659445,0
mcs70_r005_s40.A05,mcs70_r005_s40.B05,dsb_never,30,38,63579444,6.87847,0,39828125,4.07748,43218281,43218281,0
mcs70_r005_s40.A06,mcs70_r005_s40.B06,dsb_never,29,32,152225064,15.9086,0,52706798,4.99622,105834392,105834392,0
mcs70_r005_s40.A07,mcs70_r005_s40.B07,dsb_never,29,37,228573305,24.7695,0,78484671,8.15442,149593588,149593588,0
mcs70_r005_s40.A08,mcs70_r005_s40.B08,dsb_never,29,36,228427252,25.0845,0,88918166,9.19457,153553292,153553292,0
mcs70_r005_s40.A09,mcs70_r005_s40.B09,dsb_never,29,36,337046286,36.1679,0,153647382,15.9585,227136303,227136303,0
mcs70_r005_s50.A00,mcs70_r005_s50.B00,dsb_never,32,27,8232884043,1000.02,1,671895932,75.9319,5425728363,5425728363,0
mcs70_r005_s50.A01,mcs70_r005_s50.B01,dsb_never,32,36,8196599921,1000.01,1,1700766874,204.642,5335203095,5335203095,0
mcs70_r005_s50.A02,mcs70_r005_s50.B02,dsb_never,31,30,4260676779,1000.02,1,373255154,80.179,2792851291,2792851291,0
mcs70_r005_s50.A03,mcs70_r005_s50.B03,dsb_never,32,33,4357531449,1000.02,1,1265082141,288.323,2889465030,2889465030,0
mcs70_r005_s50.A04,mcs70_r005_s50.B04,dsb_never,33,31,4110438179,1000.02,1,3910138196,949.483,2748769309,2748769309,0
mcs70_r005_s50.A05,mcs70_r005_s50.B05,dsb_never,33,33,8188334014,1000.01,1,2643776058,310.066,5412045790,5412045790,0
mcs70_r005_s50.A06,mcs70_r005_s50.B06,dsb_never,31,29,8468181621,1000.01,1,1129784911,131.117,5396367717,5396367717,0
mcs70_r005_s50.A07,mcs70_r005_s50.B07,dsb_never,35,58,8188827741,1000.01,1,6555557121,776.851,5564478945,5564478945,0
mcs70_r005_s50.A08,mcs70_r005_s50.B08,dsb_never,35,58,7433254836,1000.02,1,6521883497,857.139,4926108858,4926108858,0
mcs70_r005_s50.A09,mcs70_r005_s50.B09,dsb_never,32,33,8880588046,1000.01,1,5867744055,650.301,5935727239,5935727239,0
mcs70_r005_s60.A00,mcs70_r005_s60.B00,dsb_never,34,34,7911817120,1000.02,1,161231378,18.0209,5259515845,5259515845,0
mcs70_r005_s60.A01,mcs70_r005_s60.B01,dsb_never,34,34,8392234738,1000.01,1,45537425,5.05006,5577433861,5577433861,0
mcs70_r005_s60.A02,mcs70_r005_s60.B02,dsb_never,34,35,7845644543,1000.01,1,4178769357,522.847,5100769068,5100769068,0
mcs70_r005_s60.A03,mcs70_r005_s60.B03,dsb_never,33,35,8095528301,1000.01,1,6864641,0.772367,5200889500,5200889500,0
mcs70_r005_s60.A04,mcs70_r005_s60.B04,dsb_never,34,33,7882562120,1000.01,1,3703229871,470.067,5058984757,5058984757,0
mcs70_r005_s60.A05,mcs70_r005_s60.B05,dsb_never,35,39,7866112923,1000.02,1,2414169492,296.613,4952906269,4952906269,0
mcs70_r005_s60.A06,mcs70_r005_s60.B06,dsb_never,35,37,8325243691,1000.01,1,1340297146,162.965,5656887576,5656887576,0
mcs70_r005_s60.A07,mcs70_r005_s60.B07,dsb_never,34,35,8086328501,1000.02,1,6869500,0.874487,5316409029,5316409029,0
mcs70_r005_s60.A08,mcs70_r005_s60.B08,dsb_never,33,37,7891550521,1000.01,1,104806457,11.8898,4969092495,4969092495,0
mcs70_r005_s60.A09,mcs70_r005_s60.B09,dsb_never,42,82,6462246828,1000.01,1,1910089795,258.137,4302764232,4302764232,0
mcs70_r005_s70.A00,mcs70_r005_s70.B00,dsb_never,36,40,7368346505,1000.01,1,1712870581,234.998,4772073050,4772073050,0
mcs70_r005_s70.A01,mcs70_r005_s70.B01,dsb_never,36,35,7693051079,1000.02,1,3533775880,447.493,4784668387,4784668387,0
mcs70_r005_s70.A02,mcs70_r005_s70.B02,dsb_never,36,40,7546904925,1000.02,1,321196717,42.0707,4760338463,4760338463,0
mcs70_r005_s70.A03,mcs70_r005_s70.B03,dsb_never,37,64,7118155940,1000.02,1,2599784516,352.697,4344945503,4344945503,0
mcs70_r005_s70.A04,mcs70_r005_s70.B04,dsb_never,37,37,7617775004,1000.02,1,3728794940,493.861,5043405588,5043405588,0
mcs70_r005_s70.A05,mcs70_r005_s70.B05,dsb_never,36,41,8247556094,1000.02,1,394101528,48.0402,5382755799,5382755799,0
mcs70_r005_s70.A06,mcs70_r005_s70.B06,dsb_never,35,37,7595335843,1000.02,1,973997758,125.16,4764595761,4764595761,0
mcs70_r005_s70.A07,mcs70_r005_s70.B07,dsb_never,36,40,7732694377,1000.01,1,2300547342,286.846,4865074328,4865074328,0
mcs70_r005_s70.A08,mcs70_r005_s70.B08,dsb_never,36,39,7638495197,1000.02,1,272344748,35.6314,4832101094,4832101094,0
mcs70_r005_s70.A09,mcs70_r005_s70.B09,dsb_never,36,39,7210872799,1000.02,1,552967258,70.9299,4610014976,4610014976,0
mcs70_r005_s80.A00,mcs70_r005_s80.B00,dsb_never,39,44,7561682538,1000.02,1,3991255068,502.865,4845616075,4845616075,0
mcs70_r005_s80.A01,mcs70_r005_s80.B01,dsb_never,36,38,7423923984,1000.02,1,132640792,15.7216,4690111649,4690111649,0
mcs70_r005_s80.A02,mcs70_r005_s80.B02,dsb_never,38,45,7241343648,1000.02,1,6648660056,913.286,4556797049,4556797049,0
mcs70_r005_s80.A03,mcs70_r005_s80.B03,dsb_never,39,47,7059080753,1000.02,1,627200401,85.1988,4630288299,4630288299,0
mcs70_r005_s80.A04,mcs70_r005_s80.B04,dsb_never,38,40,7293175556,1000.02,1,209432156,27.5249,4593136122,4593136122,0
mcs70_r005_s80.A05,mcs70_r005_s80.B05,dsb_never,38,43,7249360240,1000.02,1,83167658,10.2899,4632799383,4632799383,0
mcs70_r005_s80.A06,mcs70_r005_s80.B06,dsb_never,38,43,7900301839,1000.01,1,2657744847,321.232,5103013129,5103013129,0
mcs70_r005_s80.A07,mcs70_r005_s80.B07,dsb_never,36,44,3438962524,1000.01,1,68395835,18.898,2137184046,2137184046,0
mcs70_r005_s80.A08,mcs70_r005_s80.B08,dsb_never,37,43,7135750330,1000.02,1,272130793,36.3215,4477917996,4477917996,0
mcs70_r005_s80.A09,mcs70_r005_s80.B09,dsb_never,38,39,7476244592,1000.01,1,458264777,57.5299,4777811905,4777811905,0
mcs70_r005_s90.A00,mcs70_r005_s90.B00,dsb_never,39,40,7297605465,1000.01,1,356504830,45.3934,4520145665,4520145665,0
mcs70_r005_s90.A01,mcs70_r005_s90.B01,dsb_never,39,49,6601598555,1000.01,1,312864758,48.0815,4171830036,4171830036,0
mcs70_r005_s90.A02,mcs70_r005_s90.B02,dsb_never,40,44,7104737338,1000.01,1,343439371,46.4689,4344205269,4344205269,0
mcs70_r005_s90.A03,mcs70_r005_s90.B03,dsb_never,41,50,7394162629,1000.01,1,2804402534,357.002,4666142033,4666142033,0
mcs70_r005_s90.A04,mcs70_r005_s90.B04,dsb_never,39,54,6510962428,1000.01,1,1416808539,207.401,3982092004,3982092004,0
mcs70_r005_s90.A05,mcs70_r005_s90.B05,dsb_never,39,44,7065999928,1000.02,1,300278193,43.0888,4406761493,4406761493,0
mcs70_r005_s90.A06,mcs70_r005_s90.B06,dsb_never,38,46,7037534504,1000.02,1,741489024,102.955,4410620290,4410620290,0
mcs70_r005_s90.A07,mcs70_r005_s90.B07,dsb_never,40,45,7347510314,1000.02,1,5428861886,720.48,4636309953,4636309953,0
mcs70_r005_s90.A08,mcs70_r005_s90.B08,dsb_never,38,48,6933511514,1000.02,1,256991909,37.6431,4304516731,4304516731,0
mcs70_r005_s90.A09,mcs70_r005_s90.B09,dsb_never,40,47,6929801207,1000.01,1,1875962339,261.447,4428973581,4428973581,0
mcs70_r01_s10.A00,mcs70_r01_s10.B00,dsb_never,7,5,730,0.000104108,0,18,1.12E-05,447,447,0
mcs70_r01_s10.A01,mcs70_r01_s10.B01,dsb_never,9,8,98,4.34E-05,0,53,1.37E-05,64,64,0
mcs70_r01_s10.A02,mcs70_r01_s10.B02,dsb_never,8,7,177,4.63E-05,0,61,1.28E-05,116,116,0
mcs70_r01_s10.A03,mcs70_r01_s10.B03,dsb_never,8,7,216,4.93E-05,0,9,8.22E-06,139,139,0
mcs70_r01_s10.A04,mcs70_r01_s10.B04,dsb_never,8,7,138,3.68E-05,0,57,1.14E-05,97,97,0
mcs70_r01_s10.A05,mcs70_r01_s10.B05,dsb_never,8,7,191,4.72E-05,0,9,7.94E-06,124,124,0
mcs70_r01_s10.A06,mcs70_r01_s10.B06,dsb_never,8,8,122,4.10E-05,0,9,6.62E-06,85,85,0
mcs70_r01_s10.A07,mcs70_r01_s10.B07,dsb_never,8,7,312,5.76E-05,0,203,2.55E-05,200,200,0
mcs70_r01_s10.A08,mcs70_r01_s10.B08,dsb_never,9,7,147,4.45E-05,0,126,1.98E-05,96,96,0
mcs70_r01_s10.A09,mcs70_r01_s10.B09,dsb_never,8,7,81,3.33E-05,0,9,7.93E-06,56,56,0
mcs70_r01_s100.A00,mcs70_r01_s100.B00,dsb_never,27,48,4733995218,1000.01,1,67600088,12.4978,2744821251,2744821251,0
mcs70_r01_s100.A01,mcs70_r01_s100.B01,dsb_never,27,45,5458936815,1000.02,1,2001480187,353.816,3144885880,3144885880,0
mcs70_r01_s100.A02,mcs70_r01_s100.B02,dsb_never,28,49,5008787184,1000.01,1,956516444,181.384,2922137488,2922137488,0
mcs70_r01_s100.A03,mcs70_r01_s100.B03,dsb_never,28,42,5324057344,1000.02,1,3950689066,734.347,3117345026,3117345026,0
mcs70_r01_s100.A04,mcs70_r01_s100.B04,dsb_never,27,41,5613351007,1000.01,1,193344166,32.5021,3292486971,3292486971,0
mcs70_r01_s100.A05,mcs70_r01_s100.B05,dsb_never,28,42,4767201678,1000.02,1,4354598696,908.622,2783804431,2783804431,0
mcs70_r01_s100.A06,mcs70_r01_s100.B06,dsb_never,28,43,5204334443,1000.02,1,769571913,140.294,3019431990,3019431990,0
mcs70_r01_s100.A07,mcs70_r01_s100.B07,dsb_never,28,41,5511007936,1000.01,1,227089898,40.1105,3246981952,3246981952,0
mcs70_r01_s100.A08,mcs70_r01_s100.B08,dsb_never,28,46,5394908779,1000.02,1,1319784502,236.6,3180503001,3180503001,0
mcs70_r01_s100.A09,mcs70_r01_s100.B09,dsb_never,28,42,5360327472,1000.02,1,4766169858,885.065,3088095158,3088095158,0
mcs70_r01_s15.A00,mcs70_r01_s15.B00,dsb_never,12,11,940,0.000121784,0,38,9.77E-06,624,624,0
mcs70_r01_s15.A01,mcs70_r01_s15.B01,dsb_never,11,10,4704,0.000441265,0,26,8.89E-06,3064,3064,0
mcs70_r01_s15.A02,mcs70_r01_s15.B02,dsb_never,12,11,6139,0.000501776,0,6113,0.000470109,4101,4101,0
mcs70_r01_s15.A03,mcs70_r01_s15.B03,dsb_never,12,12,2374,0.000247043,0,1531,0.000129906,1535,1535,0
mcs70_r01_s15.A04,mcs70_r01_s15.B04,dsb_never,12,12,1824,0.000186711,0,1005,8.36E-05,1221,1221,0
mcs70_r01_s15.A05,mcs70_r01_s15.B05,dsb_never,12,10,3055,0.000295473,0,2272,0.000201812,1866,1866,0
mcs70_r01_s15.A06,mcs70_r01_s15.B06,dsb_never,12,12,1192,0.000142705,0,657,6.53E-05,769,769,0
mcs70_r01_s15.A07,mcs70_r01_s15.B07,dsb_never,12,12,1011,0.000123556,0,487,4.50E-05,694,694,0
mcs70_r01_s15.A08,mcs70_r01_s15.B08,dsb_never,12,10,1172,0.000142695,0,952,9.30E-05,799,799,0
mcs70_r01_s15.A09,mcs70_r01_s15.B09,dsb_never,11,10,4560,0.000361034,0,406,4.25E-05,3161,3161,0
mcs70_r01_s20.A00,mcs70_r01_s20.B00,dsb_never,14,14,77961,0.00817836,0,11750,0.00125565,49338,49338,0
mcs70_r01_s20.A01,mcs70_r01_s20.B01,dsb_never,15,18,31953,0.00352648,0,19060,0.00205746,20580,20580,0
mcs70_r01_s20.A02,mcs70_r01_s20.B02,dsb_never,15,15,53802,0.00570404,0,47369,0.00498563,35274,35274,0
mcs70_r01_s20.A03,mcs70_r01_s20.B03,dsb_never,15,17,86604,0.00796985,0,71670,0.00653244,53064,53064,0
mcs70_r01_s20.A04,mcs70_r01_s20.B04,dsb_never,14,14,138638,0.0132859,0,18522,0.00173803,86303,86303,0
mcs70_r01_s20.A05,mcs70_r01_s20.B05,dsb_never,15,18,11010,0.00117476,0,2376,0.000237568,7018,7018,0
mcs70_r01_s20.A06,mcs70_r01_s20.B06,dsb_never,14,15,59000,0.00614731,0,230,3.08E-05,37885,37885,0
mcs70_r01_s20.A07,mcs70_r01_s20.B07,dsb_never,14,19,100670,0.0111559,0,15,1.23E-05,63120,63120,0
mcs70_r01_s20.A08,mcs70_r01_s20.B08,dsb_never,14,13,81614,0.0079699,0,20386,0.00172194,53008,53008,0
mcs70_r01_s20.A09,mcs70_r01_s20.B09,dsb_never,15,14,51392,0.00485013,0,48793,0.00456767,33458,33458,0
mcs70_r01_s25.A00,mcs70_r01_s25.B00,dsb_never,17,22,1891763,0.226506,0,1183200,0.141331,1218010,1218010,0
mcs70_r01_s25.A01,mcs70_r01_s25.B01,dsb_never,17,26,470409,0.0568222,0,71853,0.00817362,307481,307481,0
mcs70_r01_s25.A02,mcs70_r01_s25.B02,dsb_never,17,24,808747,0.0940829,0,24797,0.00302082,521065,521065,0
mcs70_r01_s25.A03,mcs70_r01_s25.B03,dsb_never,17,26,553878,0.0689729,0,69401,0.0084684,360853,360853,0
mcs70_r01_s25.A04,mcs70_r01_s25.B04,dsb_never,17,22,1526521,0.174651,0,1070126,0.12162,980230,980230,0
mcs70_r01_s25.A05,mcs70_r01_s25.B05,dsb_never,17,25,807008,0.100112,0,104675,0.0123561,521209,521209,0
mcs70_r01_s25.A06,mcs70_r01_s25.B06,dsb_never,17,19,718960,0.0858566,0,178453,0.0196829,459530,459530,0
mcs70_r01_s25.A07,mcs70_r01_s25.B07,dsb_never,17,25,595153,0.0713993,0,22324,0.00264263,383395,383395,0
mcs70_r01_s25.A08,mcs70_r01_s25.B08,dsb_never,18,27,336179,0.043048,0,158083,0.0200202,214518,214518,0
mcs70_r01_s25.A09,mcs70_r01_s25.B09,dsb_never,17,25,471393,0.0575769,0,96376,0.0109303,313940,313940,0
mcs70_r01_s30.A00,mcs70_r01_s30.B00,dsb_never,21,39,2032539,0.240702,0,1454204,0.159237,1324096,1324096,0
mcs70_r01_s30.A01,mcs70_r01_s30.B01,dsb_never,22,39,7873554,1.06379,0,7787110,1.05078,5033221,5033221,0
mcs70_r01_s30.A02,mcs70_r01_s30.B02,dsb_never,21,39,927216,0.133183,0,40998,0.00489282,605111,605111,0
mcs70_r01_s30.A03,mcs70_r01_s30.B03,dsb_never,21,40,4094823,0.549623,0,2945145,0.381687,2633951,2633951,0
mcs70_r01_s30.A04,mcs70_r01_s30.B04,dsb_never,21,39,3580330,0.496455,0,3192023,0.440363,2332208,2332208,0
mcs70_r01_s30.A05,mcs70_r01_s30.B05,dsb_never,21,39,1441530,0.193496,0,727185,0.0887974,949662,949662,0
mcs70_r01_s30.A06,mcs70_r01_s30.B06,dsb_never,21,39,706441,0.10189,0,59187,0.00677127,464994,464994,0
mcs70_r01_s30.A07,mcs70_r01_s30.B07,dsb_never,22,40,9402448,1.21192,0,8946236,1.14491,6182334,6182334,0
mcs70_r01_s30.A08,mcs70_r01_s30.B08,dsb_never,21,40,20408862,2.59747,0,19524006,2.46886,12973857,12973857,0
mcs70_r01_s30.A09,mcs70_r01_s30.B09,dsb_never,21,37,1918729,0.257556,0,293979,0.0341095,1270278,1270278,0
mcs70_r01_s35.A00,mcs70_r01_s35.B00,dsb_never,24,53,29681941,4.19212,0,25269720,3.46159,19042359,19042359,0
mcs70_r01_s35.A01,mcs70_r01_s35.B01,dsb_never,24,54,166209408,23.1401,0,163951696,22.7749,106619292,106619292,0
mcs70_r01_s35.A02,mcs70_r01_s35.B02,dsb_never,24,50,5682307,0.91766,0,85650,0.0114494,3830515,3830515,0
mcs70_r01_s35.A03,mcs70_r01_s35.B03,dsb_never,24,52,53255995,6.91555,0,47972180,6.05698,34473504,34473504,0
mcs70_r01_s35.A04,mcs70_r01_s35.B04,dsb_never,24,50,141338175,19.9644,0,140435204,19.8204,90369405,90369405,0
mcs70_r01_s35.A05,mcs70_r01_s35.B05,dsb_never,24,51,129942957,18.4823,0,126923299,17.9901,83867839,83867839,0
mcs70_r01_s35.A06,mcs70_r01_s35.B06,dsb_never,24,49,52629976,7.16555,0,50224461,6.78279,34682067,34682067,0
mcs70_r01_s35.A07,mcs70_r01_s35.B07,dsb_never,24,50,20145110,2.76788,0,16413907,2.1734,13009360,13009360,0
mcs70_r01_s35.A08,mcs70_r01_s35.B08,dsb_never,24,49,132979980,18.5885,0,129878210,18.1008,86211650,86211650,0
mcs70_r01_s35.A09,mcs70_r01_s35.B09,dsb_never,24,53,358959110,50.4543,0,354898528,49.7712,230283154,230283154,0
mcs70_r01_s40.A00,mcs70_r01_s40.B00,dsb_never,28,70,876951030,127.09,0,867723961,125.46,561044582,561044582,0
mcs70_r01_s40.A01,mcs70_r01_s40.B01,dsb_never,28,71,1048512378,162.148,0,1039731897,160.55,681059455,681059455,0
mcs70_r01_s40.A02,mcs70_r01_s40.B02,dsb_never,28,72,39595939,6.23844,0,27777553,4.05499,25630990,25630990,0
mcs70_r01_s40.A03,mcs70_r01_s40.B03,dsb_never,28,71,230928566,33.2346,0,213178767,29.9108,146665868,146665868,0
mcs70_r01_s40.A04,mcs70_r01_s40.B04,dsb_never,28,70,112404694,16.8121,0,98661312,14.2507,71690105,71690105,0
mcs70_r01_s40.A05,mcs70_r01_s40.B05,dsb_never,28,70,678335135,101.793,0,658290138,98.1029,428670414,428670414,0
mcs70_r01_s40.A06,mcs70_r01_s40.B06,dsb_never,28,72,103266082,15.5971,0,92426462,13.6068,66420369,66420369,0
mcs70_r01_s40.A07,mcs70_r01_s40.B07,dsb_never,28,70,9838260,1.80463,0,283099,0.0392151,6568097,6568097,0
mcs70_r01_s40.A08,mcs70_r01_s40.B08,dsb_never,28,73,1838868453,276.345,0,1832600562,275.205,1177173264,1177173264,0
mcs70_r01_s40.A09,mcs70_r01_s40.B09,dsb_never,28,72,432660304,64.3193,0,420906770,62.127,276607634,276607634,0
mcs70_r01_s50.A00,mcs70_r01_s50.B00,dsb_never,24,30,6374351805,1000.02,1,3463421758,543.376,4025274844,4025274844,0
mcs70_r01_s50.A01,mcs70_r01_s50.B01,dsb_never,35,113,473625817,82.1407,0,371445602,60.0245,299329238,299329238,0
mcs70_r01_s50.A02,mcs70_r01_s50.B02,dsb_never,22,27,6604486821,1000.01,1,340863938,50.8831,4102405736,4102405736,0
mcs70_r01_s50.A03,mcs70_r01_s50.B03,dsb_never,23,27,6241646706,1000.01,1,491018427,73.8825,3910865936,3910865936,0
mcs70_r01_s50.A04,mcs70_r01_s50.B04,dsb_never,22,31,6551323637,1000.02,1,134695351,20.0557,4089971520,4089971520,0
mcs70_r01_s50.A05,mcs70_r01_s50.B05,dsb_never,35,114,3138132999,549.24,0,3015260695,522.263,2008679308,2008679308,0
mcs70_r01_s50.A06,mcs70_r01_s50.B06,dsb_never,23,31,6320502217,1000.01,1,2352659682,366.083,3933572667,3933572667,0
mcs70_r01_s50.A07,mcs70_r01_s50.B07,dsb_never,23,30,6348899912,1000.02,1,1375121184,208.344,3982158924,3982158924,0
mcs70_r01_s50.A08,mcs70_r01_s50.B08,dsb_never,24,32,6328504450,1000.02,1,2337082913,352.416,4025417247,4025417247,0
mcs70_r01_s50.A09,mcs70_r01_s50.B09,dsb_never,23,31,6387332090,1000.02,1,1110054681,167.12,3978762596,3978762596,0
mcs70_r01_s60.A00,mcs70_r01_s60.B00,dsb_never,24,32,6098369778,1000.01,1,530191899,83.0267,3734311616,3734311616,0
mcs70_r01_s60.A01,mcs70_r01_s60.B01,dsb_never,24,32,5996264588,1000.02,1,854448264,135.869,3679869961,3679869961,0
mcs70_r01_s60.A02,mcs70_r01_s60.B02,dsb_never,24,32,6166456192,1000.02,1,1064515,0.160265,3778947275,3778947275,0
mcs70_r01_s60.A03,mcs70_r01_s60.B03,dsb_never,24,36,6131957976,1000.02,1,2808531749,448.368,3732303399,3732303399,0
mcs70_r01_s60.A04,mcs70_r01_s60.B04,dsb_never,24,34,5994970600,1000.02,1,318355142,50.7641,3671091221,3671091221,0
mcs70_r01_s60.A05,mcs70_r01_s60.B05,dsb_never,25,39,5862578008,1000.02,1,1947364268,321.385,3601055538,3601055538,0
mcs70_r01_s60.A06,mcs70_r01_s60.B06,dsb_never,24,39,6111890571,1000.01,1,1166164105,182.917,3777341437,3777341437,0
mcs70_r01_s60.A07,mcs70_r01_s60.B07,dsb_never,24,33,6049715053,1000.02,1,91216593,14.7886,3721657055,3721657055,0
mcs70_r01_s60.A08,mcs70_r01_s60.B08,dsb_never,24,29,6288291509,1000.02,1,12190454,1.95089,3875178017,3875178017,0
mcs70_r01_s60.A09,mcs70_r01_s60.B09,dsb_never,24,35,5901892686,1000.02,1,25911813,4.3059,3629706233,3629706233,0
mcs70_r01_s70.A00,mcs70_r01_s70.B00,dsb_never,25,35,5783682711,1000.02,1,1466093679,246.112,3430774669,3430774669,0
mcs70_r01_s70.A01,mcs70_r01_s70.B01,dsb_never,25,37,5935840784,1000.02,1,942095096,153.544,3528382855,3528382855,0
mcs70_r01_s70.A02,mcs70_r01_s70.B02,dsb_never,25,28,5902186484,1000.01,1,347872849,56.2148,3554995713,3554995713,0
mcs70_r01_s70.A03,mcs70_r01_s70.B03,dsb_never,25,39,5339210943,1000.02,1,64962691,12.2447,3175772146,3175772146,0
mcs70_r01_s70.A04,mcs70_r01_s70.B04,dsb_never,25,43,5160279663,1000.01,1,76113,0.0116515,3128066114,3128066114,0
mcs70_r01_s70.A05,mcs70_r01_s70.B05,dsb_never,25,34,5798752137,1000.01,1,203428555,33.5847,3471830458,3471830458,0
mcs70_r01_s70.A06,mcs70_r01_s70.B06,dsb_never,25,36,5932318019,1000.02,1,91419294,14.603,3558219989,3558219989,0
mcs70_r01_s70.A07,mcs70_r01_s70.B07,dsb_never,25,38,5741935384,1000.02,1,605937339,102.037,3497700857,3497700857,0
mcs70_r01_s70.A08,mcs70_r01_s70.B08,dsb_never,26,39,5677108667,1000.01,1,1085407409,183.621,3447242970,3447242970,0
mcs70_r01_s70.A09,mcs70_r01_s70.B09,dsb_never,26,34,5784950876,1000.01,1,1999941038,340.482,3498200348,3498200348,0
mcs70_r01_s80.A00,mcs70_r01_s80.B00,dsb_never,27,50,5477867991,1000.02,1,332627637,55.3835,3328147016,3328147016,0
mcs70_r01_s80.A01,mcs70_r01_s80.B01,dsb_never,26,39,5584158958,1000.02,1,552700106,96.4755,3297026987,3297026987,0
mcs70_r01_s80.A02,mcs70_r01_s80.B02,dsb_never,26,38,5744108054,1000.01,1,5736897402,998.74,3383867568,3383867568,0
mcs70_r01_s80.A03,mcs70_r01_s80.B03,dsb_never,26,38,5924606154,1000.02,1,110752242,19.0238,3570323325,3570323325,0
mcs70_r01_s80.A04,mcs70_r01_s80.B04,dsb_never,56,295,3200427378,1000.02,1,25258150,5.01207,2176007053,2176007053,0
mcs70_r01_s80.A05,mcs70_r01_s80.B05,dsb_never,26,42,5894507246,1000.02,1,698168850,114.392,3529891149,3529891149,0
mcs70_r01_s80.A06,mcs70_r01_s80.B06,dsb_never,26,37,5590938472,1000.01,1,47461531,7.81158,3354559783,3354559783,0
mcs70_r01_s80.A07,mcs70_r01_s80.B07,dsb_never,26,39,5432896592,1000.02,1,97711738,16.6616,3230220654,3230220654,0
mcs70_r01_s80.A08,mcs70_r01_s80.B08,dsb_never,27,43,5450661397,1000.02,1,573856194,100.651,3259168577,3259168577,0
mcs70_r01_s80.A09,mcs70_r01_s80.B09,dsb_never,56,296,3335954836,1000.02,1,443009750,90.8988,2240922032,2240922032,0
mcs70_r01_s90.A00,mcs70_r01_s90.B00,dsb_never,26,42,5837719712,1000.02,1,51198768,8.69811,3419609048,3419609048,0
mcs70_r01_s90.A01,mcs70_r01_s90.B01,dsb_never,27,42,5574454624,1000.02,1,378034035,64.4016,3338904566,3338904566,0
mcs70_r01_s90.A02,mcs70_r01_s90.B02,dsb_never,27,40,5629751203,1000.01,1,3205144996,557.617,3324849533,3324849533,0
mcs70_r01_s90.A03,mcs70_r01_s90.B03,dsb_never,26,43,5498644035,1000.02,1,293555834,52.5552,3229724617,3229724617,0
mcs70_r01_s90.A04,mcs70_r01_s90.B04,dsb_never,26,45,5873548775,1000.02,1,101656489,17.2896,3454248830,3454248830,0
mcs70_r01_s90.A05,mcs70_r01_s90.B05,dsb_never,27,43,5325694555,1000.02,1,84189466,15.1061,3121504771,3121504771,0
mcs70_r01_s90.A06,mcs70_r01_s90.B06,dsb_never,28,42,5513411674,1000.02,1,2839492673,501.02,3300288573,3300288573,0
mcs70_r01_s90.A07,mcs70_r01_s90.B07,dsb_never,27,41,5512470609,1000.01,1,1476595342,258.372,3268133219,3268133219,0
mcs70_r01_s90.A08,mcs70_r01_s90.B08,dsb_never,27,46,5394463284,1000.01,1,647483916,113.896,3223370509,3223370509,0
mcs70_r01_s90.A09,mcs70_r01_s90.B09,dsb_never,27,40,5424406708,1000.02,1,2662827980,501.982,3182421116,3182421116,0
mcs70_r02_s10.A00,mcs70_r02_s10.B00,dsb_never,8,8,188,5.15E-05,0,118,1.88E-05,126,126,0
mcs70_r02_s10.A01,mcs70_r02_s10.B01,dsb_never,8,9,313,5.63E-05,0,84,1.67E-05,207,207,0
mcs70_r02_s10.A02,mcs70_r02_s10.B02,dsb_never,8,10,421,7.78E-05,0,269,3.57E-05,272,272,0
mcs70_r02_s10.A03,mcs70_r02_s10.B03,dsb_never,7,8,709,0.000101774,0,54,1.35E-05,456,456,0
mcs70_r02_s10.A04,mcs70_r02_s10.B04,dsb_never,8,11,498,8.45E-05,0,414,5.07E-05,313,313,0
mcs70_r02_s10.A05,mcs70_r02_s10.B05,dsb_never,7,7,582,8.88E-05,0,8,6.15E-06,382,382,0
mcs70_r02_s10.A06,mcs70_r02_s10.B06,dsb_never,7,6,593,7.97E-05,0,8,6.21E-06,398,398,0
mcs70_r02_s10.A07,mcs70_r02_s10.B07,dsb_never,8,10,148,4.62E-05,0,43,1.19E-05,102,102,0
mcs70_r02_s10.A08,mcs70_r02_s10.B08,dsb_never,8,9,80,4.53E-05,0,9,8.68E-06,60,60,0
mcs70_r02_s10.A09,mcs70_r02_s10.B09,dsb_never,7,6,661,0.00010633,0,30,1.98E-05,438,438,0
mcs70_r02_s100.A00,mcs70_r02_s100.B00,dsb_never,20,68,4494209168,1000.02,1,3498852504,765.461,2377065534,2377065534,0
mcs70_r02_s100.A01,mcs70_r02_s100.B01,dsb_never,19,47,4648286425,1000.01,1,55483612,10.7721,2447316754,2447316754,0
mcs70_r02_s100.A02,mcs70_r02_s100.B02,dsb_never,20,64,4500260684,1000.01,1,2521393021,542.284,2374707030,2374707030,0
mcs70_r02_s100.A03,mcs70_r02_s100.B03,dsb_never,19,63,4516000760,1000.02,1,4432318,0.857451,2378553301,2378553301,0
mcs70_r02_s100.A04,mcs70_r02_s100.B04,dsb_never,20,57,4534987456,1000.02,1,2855914080,610.674,2385506346,2385506346,0
mcs70_r02_s100.A05,mcs70_r02_s100.B05,dsb_never,19,51,4598171629,1000.02,1,114808706,22.8198,2422245981,2422245981,0
mcs70_r02_s100.A06,mcs70_r02_s100.B06,dsb_never,19,59,4575014169,1000.02,1,23766724,4.64672,2407988496,2407988496,0
mcs70_r02_s100.A07,mcs70_r02_s100.B07,dsb_never,19,62,4636789489,1000.02,1,19844448,3.80797,2443666817,2443666817,0
mcs70_r02_s100.A08,mcs70_r02_s100.B08,dsb_never,20,50,4375781643,1000.01,1,1620444147,349.96,2302319520,2302319520,0
mcs70_r02_s100.A09,mcs70_r02_s100.B09,dsb_never,19,54,4564777120,1000.02,1,55150906,10.947,2398952712,2398952712,0
mcs70_r02_s15.A00,mcs70_r02_s15.B00,dsb_never,10,12,7671,0.000968102,0,626,8.22E-05,5101,5101,0
mcs70_r02_s15.A01,mcs70_r02_s15.B01,dsb_never,10,15,12903,0.00308297,0,4814,0.00121353,8324,8324,0
mcs70_r02_s15.A02,mcs70_r02_s15.B02,dsb_never,10,17,20066,0.00255148,0,14687,0.00182803,12683,12683,0
mcs70_r02_s15.A03,mcs70_r02_s15.B03,dsb_never,10,11,7861,0.00105642,0,379,5.22E-05,5316,5316,0
mcs70_r02_s15.A04,mcs70_r02_s15.B04,dsb_never,10,15,23994,0.00283962,0,18959,0.00220809,14725,14725,0
mcs70_r02_s15.A05,mcs70_r02_s15.B05,dsb_never,11,18,1939,0.000295345,0,588,8.04E-05,1342,1342,0
mcs70_r02_s15.A06,mcs70_r02_s15.B06,dsb_never,10,16,3939,0.000535819,0,40,1.19E-05,2670,2670,0
mcs70_r02_s15.A07,mcs70_r02_s15.B07,dsb_never,10,15,6193,0.00155349,0,87,3.20E-05,4028,4028,0
mcs70_r02_s15.A08,mcs70_r02_s15.B08,dsb_never,10,16,6838,0.000926742,0,2356,0.000289926,4474,4474,0
mcs70_r02_s15.A09,mcs70_r02_s15.B09,dsb_never,11,19,14055,0.00199249,0,12343,0.00173543,8784,8784,0
mcs70_r02_s20.A00,mcs70_r02_s20.B00,dsb_never,14,33,85326,0.012683,0,60204,0.00848187,53183,53183,0
mcs70_r02_s20.A01,mcs70_r02_s20.B01,dsb_never,14,31,78777,0.0122049,0,62174,0.00950408,50081,50081,0
mcs70_r02_s20.A02,mcs70_r02_s20.B02,dsb_never,14,31,35640,0.00562056,0,571,8.90E-05,24148,24148,0
mcs70_r02_s20.A03,mcs70_r02_s20.B03,dsb_never,14,30,27799,0.00822001,0,15782,0.00427999,17983,17983,0
mcs70_r02_s20.A04,mcs70_r02_s20.B04,dsb_never,14,33,49219,0.00786634,0,5820,0.000854474,32131,32131,0
mcs70_r02_s20.A05,mcs70_r02_s20.B05,dsb_never,14,32,82198,0.0124136,0,69864,0.0103915,51541,51541,0
mcs70_r02_s20.A06,mcs70_r02_s20.B06,dsb_never,14,32,35027,0.00566062,0,6563,0.00102225,23301,23301,0
mcs70_r02_s20.A07,mcs70_r02_s20.B07,dsb_never,14,31,84324,0.0130626,0,71299,0.0108845,53248,53248,0
mcs70_r02_s20.A08,mcs70_r02_s20.B08,dsb_never,14,34,73153,0.011591,0,52377,0.00808694,45983,45983,0
mcs70_r02_s20.A09,mcs70_r02_s20.B09,dsb_never,14,32,67422,0.0203095,0,46272,0.0133443,42300,42300,0
mcs70_r02_s25.A00,mcs70_r02_s25.B00,dsb_never,17,46,1244994,0.202224,0,1057673,0.167447,751819,751819,0
mcs70_r02_s25.A01,mcs70_r02_s25.B01,dsb_never,17,48,3051780,0.510397,0,2935153,0.488467,1876626,1876626,0
mcs70_r02_s25.A02,mcs70_r02_s25.B02,dsb_never,17,48,1572296,0.283417,0,1547803,0.278752,981560,981560,0
mcs70_r02_s25.A03,mcs70_r02_s25.B03,dsb_never,17,47,2785506,0.464357,0,2705891,0.449479,1688135,1688135,0
mcs70_r02_s25.A04,mcs70_r02_s25.B04,dsb_never,17,49,155166,0.0282787,0,32782,0.00510135,102546,102546,0
mcs70_r02_s25.A05,mcs70_r02_s25.B05,dsb_never,17,47,498416,0.173339,0,308268,0.0993729,310574,310574,0
mcs70_r02_s25.A06,mcs70_r02_s25.B06,dsb_never,17,50,208566,0.038605,0,56484,0.00868113,136689,136689,0
mcs70_r02_s25.A07,mcs70_r02_s25.B07,dsb_never,17,48,1564939,0.262115,0,1438955,0.237534,953674,953674,0
mcs70_r02_s25.A08,mcs70_r02_s25.B08,dsb_never,17,47,1348221,0.216014,0,1270275,0.201508,838184,838184,0
mcs70_r02_s25.A09,mcs70_r02_s25.B09,dsb_never,17,48,1780365,0.303216,0,1604773,0.269414,1089055,1089055,0
mcs70_r02_s30.A00,mcs70_r02_s30.B00,dsb_never,21,75,10060849,1.76023,0,9607364,1.65748,5975451,5975451,0
mcs70_r02_s30.A01,mcs70_r02_s30.B01,dsb_never,21,74,2063484,0.859663,0,1663173,0.677461,1291519,1291519,0
mcs70_r02_s30.A02,mcs70_r02_s30.B02,dsb_never,21,70,15500927,5.75305,0,15310969,5.67047,9468160,9468160,0
mcs70_r02_s30.A03,mcs70_r02_s30.B03,dsb_never,21,75,10218096,3.63655,0,9823274,3.46171,6148878,6148878,0
mcs70_r02_s30.A04,mcs70_r02_s30.B04,dsb_never,21,78,743161,0.162794,0,214366,0.0417743,488488,488488,0
mcs70_r02_s30.A05,mcs70_r02_s30.B05,dsb_never,21,78,7250054,1.35453,0,6982011,1.29432,4377623,4377623,0
mcs70_r02_s30.A06,mcs70_r02_s30.B06,dsb_never,21,77,36193069,6.58211,0,35839478,6.50394,21487746,21487746,0
mcs70_r02_s30.A07,mcs70_r02_s30.B07,dsb_never,21,72,15593874,2.95261,0,15280552,2.88534,9455120,9455120,0
mcs70_r02_s30.A08,mcs70_r02_s30.B08,dsb_never,21,80,12469293,2.84241,0,12061030,2.7423,7566027,7566027,0
mcs70_r02_s30.A09,mcs70_r02_s30.B09,dsb_never,21,75,536504,0.114988,0,106470,0.0182,355589,355589,0
mcs70_r02_s35.A00,mcs70_r02_s35.B00,dsb_never,24,98,3495148,0.808646,0,1331668,0.255369,2256554,2256554,0
mcs70_r02_s35.A01,mcs70_r02_s35.B01,dsb_never,24,99,64507059,12.2546,0,62621262,11.7771,38120559,38120559,0
mcs70_r02_s35.A02,mcs70_r02_s35.B02,dsb_never,24,100,136791337,28.4558,0,135863212,28.2293,82296935,82296935,0
mcs70_r02_s35.A03,mcs70_r02_s35.B03,dsb_never,24,95,27935924,6.16268,0,27077199,5.95403,17434850,17434850,0
mcs70_r02_s35.A04,mcs70_r02_s35.B04,dsb_never,24,98,13282519,2.57884,0,11006162,1.99589,8020791,8020791,0
mcs70_r02_s35.A05,mcs70_r02_s35.B05,dsb_never,24,96,98481204,19.5521,0,97197317,19.2359,59483420,59483420,0
mcs70_r02_s35.A06,mcs70_r02_s35.B06,dsb_never,24,88,13607208,4.97581,0,12204382,4.27119,8284830,8284830,0
mcs70_r02_s35.A07,mcs70_r02_s35.B07,dsb_never,24,97,89108022,37.8901,0,87917158,37.2657,53490327,53490327,0
mcs70_r02_s35.A08,mcs70_r02_s35.B08,dsb_never,24,97,16859734,6.76781,0,14178233,5.41093,10185889,10185889,0
mcs70_r02_s35.A09,mcs70_r02_s35.B09,dsb_never,24,99,17697054,7.35441,0,15576738,6.27255,10745721,10745721,0
mcs70_r02_s40.A00,mcs70_r02_s40.B00,dsb_never,28,141,103296530,39.9144,0,98986935,37.4154,60816984,60816984,0
mcs70_r02_s40.A01,mcs70_r02_s40.B01,dsb_never,28,133,109445571,22.0464,0,105448881,20.926,64334415,64334415,0
mcs70_r02_s40.A02,mcs70_r02_s40.B02,dsb_never,28,137,852529341,179.256,0,850014054,178.547,500786372,500786372,0
mcs70_r02_s40.A03,mcs70_r02_s40.B03,dsb_never,28,135,511763179,98.5929,0,506908892,97.2141,296129753,296129753,0
mcs70_r02_s40.A04,mcs70_r02_s40.B04,dsb_never,28,142,279618033,56.1726,0,274477107,54.6916,163216109,163216109,0
mcs70_r02_s40.A05,mcs70_r02_s40.B05,dsb_never,28,132,6634362,1.55845,0,3636229,0.720674,4191691,4191691,0
mcs70_r02_s40.A06,mcs70_r02_s40.B06,dsb_never,28,138,9487525,2.28674,0,4644948,0.9172,6025507,6025507,0
mcs70_r02_s40.A07,mcs70_r02_s40.B07,dsb_never,28,133,443219906,87.7001,0,438784680,86.4319,260800580,260800580,0
mcs70_r02_s40.A08,mcs70_r02_s40.B08,dsb_never,28,136,214314180,55.4273,0,210663078,54.264,128451359,128451359,0
mcs70_r02_s40.A09,mcs70_r02_s40.B09,dsb_never,28,133,30569035,6.65848,0,26984584,5.67028,18262214,18262214,0
mcs70_r02_s50.A00,mcs70_r02_s50.B00,dsb_never,17,42,4873604674,1000.01,1,606120701,116.414,2797399483,2797399483,0
mcs70_r02_s50.A01,mcs70_r02_s50.B01,dsb_never,26,108,3959649245,1000.02,1,3363642661,812.983,2325659518,2325659518,0
mcs70_r02_s50.A02,mcs70_r02_s50.B02,dsb_never,17,43,4842978703,1000.02,1,60172767,11.5839,2780860830,2780860830,0
mcs70_r02_s50.A03,mcs70_r02_s50.B03,dsb_never,35,212,4054195514,839.325,0,4027896595,830.44,2340116420,2340116420,0
mcs70_r02_s50.A04,mcs70_r02_s50.B04,dsb_never,20,69,4287110904,1000.02,1,1604728643,346.3,2515880437,2515880437,0
mcs70_r02_s50.A05,mcs70_r02_s50.B05,dsb_never,24,93,1881913002,1000.02,1,1170710665,578.802,1110215685,1110215685,0
mcs70_r02_s50.A06,mcs70_r02_s50.B06,dsb_never,35,209,1846684620,843.56,0,1823939722,827.997,1076725906,1076725906,0
mcs70_r02_s50.A07,mcs70_r02_s50.B07,dsb_never,21,80,2311072100,1000.01,1,1936798135,802.859,1323094863,1323094863,0
mcs70_r02_s50.A08,mcs70_r02_s50.B08,dsb_never,35,208,30119398,10.889,0,4648789,1.31621,20476290,20476290,0
mcs70_r02_s50.A09,mcs70_r02_s50.B09,dsb_never,35,213,1193059483,269.586,0,1163886066,259.638,691199817,691199817,0
mcs70_r02_s60.A00,mcs70_r02_s60.B00,dsb_never,17,49,4814223403,1000.01,1,9870877,1.90375,2663831901,2663831901,0
mcs70_r02_s60.A01,mcs70_r02_s60.B01,dsb_never,19,59,4360436840,1000.01,1,1981491092,427.498,2434833033,2434833033,0
mcs70_r02_s60.A02,mcs70_r02_s60.B02,dsb_never,18,40,4613582142,1000.02,1,1447261987,298.58,2561089843,2561089843,0
mcs70_r02_s60.A03,mcs70_r02_s60.B03,dsb_never,26,124,3782204182,1000.02,1,2405931146,553.563,2142144829,2142144829,0
mcs70_r02_s60.A04,mcs70_r02_s60.B04,dsb_never,18,45,4710407995,1000.02,1,3033711556,625.671,2605708896,2605708896,0
mcs70_r02_s60.A05,mcs70_r02_s60.B05,dsb_never,18,47,4018035285,1000.02,1,1111670250,257.286,2227547382,2227547382,0
mcs70_r02_s60.A06,mcs70_r02_s60.B06,dsb_never,23,96,3492293384,1000.02,1,19412,0.00332298,2039065673,2039065673,0
mcs70_r02_s60.A07,mcs70_r02_s60.B07,dsb_never,17,40,4793948078,1000.01,1,4105134,0.763882,2644116204,2644116204,0
mcs70_r02_s60.A08,mcs70_r02_s60.B08,dsb_never,18,45,4569808809,1000.02,1,524930879,106.232,2541295557,2541295557,0
mcs70_r02_s60.A09,mcs70_r02_s60.B09,dsb_never,17,48,4873615379,1000.02,1,14071951,2.6992,2690458734,2690458734,0
mcs70_r02_s70.A00,mcs70_r02_s70.B00,dsb_never,18,46,2287062192,1000.02,1,21085920,8.33385,1243475396,1243475396,0
mcs70_r02_s70.A01,mcs70_r02_s70.B01,dsb_never,18,53,2223156767,1000.02,1,60352251,24.7749,1214199804,1214199804,0
mcs70_r02_s70.A02,mcs70_r02_s70.B02,dsb_never,19,60,3980567798,1000.02,1,1413129391,335.457,2177198156,2177198156,0
mcs70_r02_s70.A03,mcs70_r02_s70.B03,dsb_never,18,59,4702609358,1000.02,1,359576300,70.7641,2564637104,2564637104,0
mcs70_r02_s70.A04,mcs70_r02_s70.B04,dsb_never,18,47,4602367300,1000.02,1,29111280,5.80007,2506084969,2506084969,0
mcs70_r02_s70.A05,mcs70_r02_s70.B05,dsb_never,18,53,4639258678,1000.01,1,484235689,96.8521,2531327094,2531327094,0
mcs70_r02_s70.A06,mcs70_r02_s70.B06,dsb_never,18,48,4664794142,1000.02,1,173211579,34.8192,2556261169,2556261169,0
mcs70_r02_s70.A07,mcs70_r02_s70.B07,dsb_never,19,56,4513894823,1000.02,1,2414195927,513.593,2459643777,2459643777,0
mcs70_r02_s70.A08,mcs70_r02_s70.B08,dsb_never,18,47,4660069343,1000.01,1,103270786,20.2874,2539866559,2539866559,0
mcs70_r02_s70.A09,mcs70_r02_s70.B09,dsb_never,18,44,4640435365,1000.02,1,36948155,7.30197,2517654792,2517654792,0
mcs70_r02_s80.A00,mcs70_r02_s80.B00,dsb_never,18,46,2355714156,1000.02,1,37500725,14.5685,1265265002,1265265002,0
mcs70_r02_s80.A01,mcs70_r02_s80.B01,dsb_never,18,49,2337475845,1000.01,1,1171842,0.441849,1256416779,1256416779,0
mcs70_r02_s80.A02,mcs70_r02_s80.B02,dsb_never,18,43,2358155600,1000.02,1,30850246,11.9619,1263387880,1263387880,0
mcs70_r02_s80.A03,mcs70_r02_s80.B03,dsb_never,18,44,4750627257,1000.01,1,2749827,0.512325,2546026310,2546026310,0
mcs70_r02_s80.A04,mcs70_r02_s80.B04,dsb_never,19,50,4591477550,1000.01,1,1543174992,316.947,2467142715,2467142715,0
mcs70_r02_s80.A05,mcs70_r02_s80.B05,dsb_never,19,48,4728617795,1000.01,1,4407538973,927.216,2544461453,2544461453,0
mcs70_r02_s80.A06,mcs70_r02_s80.B06,dsb_never,18,46,4244324561,1000.02,1,14190978,3.04444,2279252503,2279252503,0
mcs70_r02_s80.A07,mcs70_r02_s80.B07,dsb_never,19,57,4543693912,1000.02,1,1235861000,258.202,2435440607,2435440607,0
mcs70_r02_s80.A08,mcs70_r02_s80.B08,dsb_never,18,41,4769713408,1000.02,1,15331250,2.86856,2542241206,2542241206,0
mcs70_r02_s80.A09,mcs70_r02_s80.B09,dsb_never,19,50,4578451860,1000.01,1,1890457278,394.362,2451848256,2451848256,0
mcs70_r02_s90.A00,mcs70_r02_s90.B00,dsb_never,19,47,4438530100,1000.02,1,49327742,10.0962,2366568602,2366568602,0
mcs70_r02_s90.A01,mcs70_r02_s90.B01,dsb_never,19,48,4596294890,1000.02,1,105118058,20.9137,2440448735,2440448735,0
mcs70_r02_s90.A02,mcs70_r02_s90.B02,dsb_never,19,52,4549757766,1000.02,1,1399574432,288.152,2422616446,2422616446,0
mcs70_r02_s90.A03,mcs70_r02_s90.B03,dsb_never,19,50,4415453266,1000.02,1,343451602,71.6054,2355366461,2355366461,0
mcs70_r02_s90.A04,mcs70_r02_s90.B04,dsb_never,19,51,4517196240,1000.01,1,152497541,31.1127,2414744980,2414744980,0
mcs70_r02_s90.A05,mcs70_r02_s90.B05,dsb_never,19,48,4580257504,1000.02,1,40857589,8.03148,2443078031,2443078031,0
mcs70_r02_s90.A06,mcs70_r02_s90.B06,dsb_never,19,57,4496402780,1000.01,1,125770860,25.5086,2391730350,2391730350,0
mcs70_r02_s90.A07,mcs70_r02_s90.B07,dsb_never,19,59,4543355390,1000.02,1,583396633,118.939,2413023117,2413023117,0
mcs70_r02_s90.A08,mcs70_r02_s90.B08,dsb_never,19,55,4805755220,1000.02,1,4026019216,825.473,2544620253,2544620253,0
mcs70_r02_s90.A09,mcs70_r02_s90.B09,dsb_never,19,56,4598941838,1000.02,1,732706915,147.698,2446528803,2446528803,0
mcs90_b03_s10.A00,mcs90_b03_s10.B00,dsb_never,9,13,65,4.35E-05,0,38,2.12E-05,44,44,0
mcs90_b03_s10.A01,mcs90_b03_s10.B01,dsb_never,9,13,57,3.25E-05,0,25,1.03E-05,40,40,0
mcs90_b03_s10.A02,mcs90_b03_s10.B02,dsb_never,8,12,546,7.26E-05,0,35,1.24E-05,343,343,0
mcs90_b03_s10.A03,mcs90_b03_s10.B03,dsb_never,9,13,115,3.61E-05,0,85,1.70E-05,75,75,0
mcs90_b03_s10.A04,mcs90_b03_s10.B04,dsb_never,9,13,167,4.71E-05,0,149,2.19E-05,105,105,0
mcs90_b03_s10.A05,mcs90_b03_s10.B05,dsb_never,9,13,55,3.73E-05,0,28,1.14E-05,38,38,0
mcs90_b03_s10.A06,mcs90_b03_s10.B06,dsb_never,9,13,95,4.25E-05,0,74,1.41E-05,60,60,0
mcs90_b03_s10.A07,mcs90_b03_s10.B07,dsb_never,9,13,61,2.98E-05,0,10,6.74E-06,40,40,0
mcs90_b03_s10.A08,mcs90_b03_s10.B08,dsb_never,9,13,46,4.34E-05,0,19,1.15E-05,32,32,0
mcs90_b03_s10.A09,mcs90_b03_s10.B09,dsb_never,9,13,37,2.99E-05,0,10,6.64E-06,25,25,0
mcs90_b03_s100.A00,mcs90_b03_s100.B00,dsb_never,84,115,9196867122,1000.01,1,95961,0.00761182,5764001226,5764001226,0
mcs90_b03_s100.A01,mcs90_b03_s100.B01,dsb_never,85,114,9163318279,1000.02,1,3164981046,345.627,5525549342,5525549342,0
mcs90_b03_s100.A02,mcs90_b03_s100.B02,dsb_never,92,137,8642125272,1000.02,1,8501947119,983.527,5024434035,5024434035,0
mcs90_b03_s100.A03,mcs90_b03_s100.B03,dsb_never,92,137,8157569990,1000.01,1,7291287034,891.491,4705734597,4705734597,0
mcs90_b03_s100.A04,mcs90_b03_s100.B04,dsb_never,88,126,8488835139,1000.02,1,100413100,11.0107,5049432267,5049432267,0
mcs90_b03_s100.A05,mcs90_b03_s100.B05,dsb_never,92,137,8330515826,1000.02,1,6797324642,807.917,4747926412,4747926412,0
mcs90_b03_s100.A06,mcs90_b03_s100.B06,dsb_never,92,137,8327653695,1000.01,1,7470769536,894.223,4785198342,4785198342,0
mcs90_b03_s100.A07,mcs90_b03_s100.B07,dsb_never,92,137,8196460896,1000.02,1,6652527803,806.251,5082924873,5082924873,0
mcs90_b03_s100.A08,mcs90_b03_s100.B08,dsb_never,93,138,2722942303,679.608,0,2514290889,624.643,1647234625,1647234625,0
mcs90_b03_s100.A09,mcs90_b03_s100.B09,dsb_never,87,117,9039031062,1000.02,1,771118814,78.8648,5550502343,5550502343,0
mcs90_b03_s15.A00,mcs90_b03_s15.B00,dsb_never,13,19,1493,0.000174522,0,929,9.61E-05,894,894,0
mcs90_b03_s15.A01,mcs90_b03_s15.B01,dsb_never,13,19,229,6.10E-05,0,14,1.03E-05,161,161,0
mcs90_b03_s15.A02,mcs90_b03_s15.B02,dsb_never,13,19,272,6.23E-05,0,14,8.39E-06,177,177,0
mcs90_b03_s15.A03,mcs90_b03_s15.B03,dsb_never,13,19,690,9.08E-05,0,14,7.86E-06,438,438,0
mcs90_b03_s15.A04,mcs90_b03_s15.B04,dsb_never,13,19,245,5.36E-05,0,113,1.93E-05,153,153,0
mcs90_b03_s15.A05,mcs90_b03_s15.B05,dsb_never,13,19,1114,0.000158809,0,727,8.25E-05,680,680,0
mcs90_b03_s15.A06,mcs90_b03_s15.B06,dsb_never,13,19,369,6.47E-05,0,142,2.21E-05,242,242,0
mcs90_b03_s15.A07,mcs90_b03_s15.B07,dsb_never,14,18,538,8.76E-05,0,507,5.80E-05,346,346,0
mcs90_b03_s15.A08,mcs90_b03_s15.B08,dsb_never,14,20,85,4.38E-05,0,45,1.28E-05,56,56,0
mcs90_b03_s15.A09,mcs90_b03_s15.B09,dsb_never,13,19,417,7.99E-05,0,234,3.20E-05,258,258,0
mcs90_b03_s20.A00,mcs90_b03_s20.B00,dsb_never,19,28,1061,0.00033314,0,1032,0.000302975,606,606,0
mcs90_b03_s20.A01,mcs90_b03_s20.B01,dsb_never,19,29,334,7.64E-05,0,186,3.24E-05,192,192,0
mcs90_b03_s20.A02,mcs90_b03_s20.B02,dsb_never,19,28,604,0.000139551,0,566,9.45E-05,352,352,0
mcs90_b03_s20.A03,mcs90_b03_s20.B03,dsb_never,19,28,493,8.26E-05,0,457,5.76E-05,290,290,0
mcs90_b03_s20.A04,mcs90_b03_s20.B04,dsb_never,18,27,1833,0.000196956,0,311,4.42E-05,1058,1058,0
mcs90_b03_s20.A05,mcs90_b03_s20.B05,dsb_never,19,28,400,8.51E-05,0,338,5.52E-05,228,228,0
mcs90_b03_s20.A06,mcs90_b03_s20.B06,dsb_never,19,28,709,0.000101834,0,679,7.25E-05,423,423,0
mcs90_b03_s20.A07,mcs90_b03_s20.B07,dsb_never,19,28,177,5.37E-05,0,131,2.80E-05,111,111,0
mcs90_b03_s20.A08,mcs90_b03_s20.B08,dsb_never,19,28,130,5.40E-05,0,20,1.33E-05,83,83,0
mcs90_b03_s20.A09,mcs90_b03_s20.B09,dsb_never,19,28,1088,0.000137167,0,1058,0.000105909,631,631,0
mcs90_b03_s25.A00,mcs90_b03_s25.B00,dsb_never,23,34,2376,0.000266831,0,305,4.90E-05,1360,1360,0
mcs90_b03_s25.A01,mcs90_b03_s25.B01,dsb_never,23,34,1373,0.000175414,0,962,0.000112459,791,791,0
mcs90_b03_s25.A02,mcs90_b03_s25.B02,dsb_never,24,35,154,6.58E-05,0,89,2.84E-05,98,98,0
mcs90_b03_s25.A03,mcs90_b03_s25.B03,dsb_never,24,35,552,9.55E-05,0,423,5.82E-05,303,303,0
mcs90_b03_s25.A04,mcs90_b03_s25.B04,dsb_never,23,34,2865,0.000316495,0,1261,0.000134222,1668,1668,0
mcs90_b03_s25.A05,mcs90_b03_s25.B05,dsb_never,23,34,1293,0.000160111,0,329,4.86E-05,750,750,0
mcs90_b03_s25.A06,mcs90_b03_s25.B06,dsb_never,23,34,1414,0.000261154,0,1034,0.000169897,805,805,0
mcs90_b03_s25.A07,mcs90_b03_s25.B07,dsb_never,23,34,1301,0.000170906,0,111,2.76E-05,799,799,0
mcs90_b03_s25.A08,mcs90_b03_s25.B08,dsb_never,23,34,2492,0.000275714,0,1360,0.000151667,1461,1461,0
mcs90_b03_s25.A09,mcs90_b03_s25.B09,dsb_never,24,35,1195,0.000156195,0,1072,0.000121533,669,669,0
mcs90_b03_s30.A00,mcs90_b03_s30.B00,dsb_never,27,40,46054,0.0041997,0,37556,0.00315582,27422,27422,0
mcs90_b03_s30.A01,mcs90_b03_s30.B01,dsb_never,27,40,24935,0.00205904,0,18948,0.00148697,15021,15021,0
mcs90_b03_s30.A02,mcs90_b03_s30.B02,dsb_never,27,41,24279,0.00205419,0,13176,0.0011036,13594,13594,0
mcs90_b03_s30.A03,mcs90_b03_s30.B03,dsb_never,28,41,5310,0.000572572,0,4226,0.000432832,3090,3090,0
mcs90_b03_s30.A04,mcs90_b03_s30.B04,dsb_never,27,40,11069,0.00105002,0,4246,0.000415165,6342,6342,0
mcs90_b03_s30.A05,mcs90_b03_s30.B05,dsb_never,27,40,5126,0.00053154,0,590,7.56E-05,3108,3108,0
mcs90_b03_s30.A06,mcs90_b03_s30.B06,dsb_never,27,40,8104,0.000783509,0,288,4.57E-05,4640,4640,0
mcs90_b03_s30.A07,mcs90_b03_s30.B07,dsb_never,27,38,15890,0.00166897,0,5399,0.000500293,8881,8881,0
mcs90_b03_s30.A08,mcs90_b03_s30.B08,dsb_never,27,40,12652,0.00115902,0,28,1.91E-05,7016,7016,0
mcs90_b03_s30.A09,mcs90_b03_s30.B09,dsb_never,28,41,2888,0.000446281,0,867,0.000109584,1676,1676,0
mcs90_b03_s35.A00,mcs90_b03_s35.B00,dsb_never,33,48,84001,0.00776487,0,83602,0.0076819,48042,48042,0
mcs90_b03_s35.A01,mcs90_b03_s35.B01,dsb_never,32,47,16387,0.00158132,0,9454,0.000922824,9348,9348,0
mcs90_b03_s35.A02,mcs90_b03_s35.B02,dsb_never,31,46,91836,0.00802204,0,23512,0.00194669,52404,52404,0
mcs90_b03_s35.A03,mcs90_b03_s35.B03,dsb_never,31,46,248416,0.0216011,0,183674,0.0155494,153823,153823,0
mcs90_b03_s35.A04,mcs90_b03_s35.B04,dsb_never,31,46,99256,0.00888032,0,30453,0.00270343,56078,56078,0
mcs90_b03_s35.A05,mcs90_b03_s35.B05,dsb_never,32,47,9643,0.000908236,0,33,2.22E-05,5524,5524,0
mcs90_b03_s35.A06,mcs90_b03_s35.B06,dsb_never,32,44,10994,0.00102938,0,8192,0.000720423,6503,6503,0
mcs90_b03_s35.A07,mcs90_b03_s35.B07,dsb_never,32,47,55321,0.0054363,0,47216,0.00468387,31062,31062,0
mcs90_b03_s35.A08,mcs90_b03_s35.B08,dsb_never,31,46,52984,0.00497059,0,7571,0.000739143,30223,30223,0
mcs90_b03_s35.A09,mcs90_b03_s35.B09,dsb_never,32,47,42846,0.00402461,0,37224,0.00346404,23887,23887,0
mcs90_b03_s40.A00,mcs90_b03_s40.B00,dsb_never,37,55,21893,0.00207116,0,4791,0.000494293,12049,12049,0
mcs90_b03_s40.A01,mcs90_b03_s40.B01,dsb_never,37,55,22903,0.002171,0,3718,0.000378592,12685,12685,0
mcs90_b03_s40.A02,mcs90_b03_s40.B02,dsb_never,37,55,50601,0.00398385,0,42091,0.0031711,30520,30520,0
mcs90_b03_s40.A03,mcs90_b03_s40.B03,dsb_never,37,55,22729,0.00211443,0,7507,0.000663679,12871,12871,0
mcs90_b03_s40.A04,mcs90_b03_s40.B04,dsb_never,37,55,54414,0.00508145,0,40709,0.00383846,30670,30670,0
mcs90_b03_s40.A05,mcs90_b03_s40.B05,dsb_never,38,57,2601,0.000351097,0,2296,0.000275303,1463,1463,0
mcs90_b03_s40.A06,mcs90_b03_s40.B06,dsb_never,38,56,4409,0.000517378,0,3769,0.000408534,2408,2408,0
mcs90_b03_s40.A07,mcs90_b03_s40.B07,dsb_never,37,55,25587,0.00269099,0,7923,0.000792673,14005,14005,0
mcs90_b03_s40.A08,mcs90_b03_s40.B08,dsb_never,37,55,61072,0.00555788,0,50423,0.0045375,34133,34133,0
mcs90_b03_s40.A09,mcs90_b03_s40.B09,dsb_never,37,55,10254,0.00103312,0,737,9.57E-05,5875,5875,0
mcs90_b03_s50.A00,mcs90_b03_s50.B00,dsb_never,45,67,1090640,0.108304,0,545389,0.0528827,673617,673617,0
mcs90_b03_s50.A01,mcs90_b03_s50.B01,dsb_never,46,68,2134045,0.195055,0,2110806,0.192626,1303580,1303580,0
mcs90_b03_s50.A02,mcs90_b03_s50.B02,dsb_never,46,68,92998,0.00954492,0,4490,0.000520793,51319,51319,0
mcs90_b03_s50.A03,mcs90_b03_s50.B03,dsb_never,46,68,244316,0.0245707,0,134317,0.0136453,141803,141803,0
mcs90_b03_s50.A04,mcs90_b03_s50.B04,dsb_never,45,67,579966,0.0572502,0,178591,0.0170999,336490,336490,0
mcs90_b03_s50.A05,mcs90_b03_s50.B05,dsb_never,45,64,1004013,0.0951988,0,561911,0.0514814,583208,583208,0
mcs90_b03_s50.A06,mcs90_b03_s50.B06,dsb_never,45,62,381239,0.0356837,0,86275,0.00694817,215667,215667,0
mcs90_b03_s50.A07,mcs90_b03_s50.B07,dsb_never,46,68,196651,0.020672,0,163447,0.0173209,130902,130902,0
mcs90_b03_s50.A08,mcs90_b03_s50.B08,dsb_never,45,67,4813486,0.414958,0,4104871,0.342437,2994276,2994276,0
mcs90_b03_s50.A09,mcs90_b03_s50.B09,dsb_never,45,65,1086216,0.0997237,0,383015,0.0336083,615225,615225,0
mcs90_b03_s60.A00,mcs90_b03_s60.B00,dsb_never,55,82,1795793,0.187936,0,675441,0.0731348,1039372,1039372,0
mcs90_b03_s60.A01,mcs90_b03_s60.B01,dsb_never,55,78,1439493,0.142852,0,675281,0.060576,867512,867512,0
mcs90_b03_s60.A02,mcs90_b03_s60.B02,dsb_never,56,83,484405,0.0521191,0,347886,0.0375827,289059,289059,0
mcs90_b03_s60.A03,mcs90_b03_s60.B03,dsb_never,57,84,5135943,0.476411,0,5130046,0.475691,3172302,3172302,0
mcs90_b03_s60.A04,mcs90_b03_s60.B04,dsb_never,56,83,625713,0.0625154,0,573547,0.0571522,371435,371435,0
mcs90_b03_s60.A05,mcs90_b03_s60.B05,dsb_never,55,82,3621167,0.379342,0,2066738,0.223396,2235781,2235781,0
mcs90_b03_s60.A06,mcs90_b03_s60.B06,dsb_never,55,82,2206100,0.235975,0,879220,0.085194,1358449,1358449,0
mcs90_b03_s60.A07,mcs90_b03_s60.B07,dsb_never,55,82,1016303,0.0988658,0,235988,0.0211155,556665,556665,0
mcs90_b03_s60.A08,mcs90_b03_s60.B08,dsb_never,55,82,3176709,0.307511,0,1663609,0.159466,1836653,1836653,0
mcs90_b03_s60.A09,mcs90_b03_s60.B09,dsb_never,55,82,22423985,2.02665,0,21583212,1.93351,13253243,13253243,0
mcs90_b03_s70.A00,mcs90_b03_s70.B00,dsb_never,63,94,62683322,7.00384,0,64,4.57E-05,39302126,39302126,0
mcs90_b03_s70.A01,mcs90_b03_s70.B01,dsb_never,65,96,393327660,38.4766,0,392691306,38.406,222691589,222691589,0
mcs90_b03_s70.A02,mcs90_b03_s70.B02,dsb_never,64,95,13821666,1.55502,0,2928908,0.29389,8569519,8569519,0
mcs90_b03_s70.A03,mcs90_b03_s70.B03,dsb_never,65,96,1098891,0.118294,0,602230,0.0637742,628713,628713,0
mcs90_b03_s70.A04,mcs90_b03_s70.B04,dsb_never,65,96,18810268,1.98373,0,17905562,1.88421,11099056,11099056,0
mcs90_b03_s70.A05,mcs90_b03_s70.B05,dsb_never,64,95,123004314,13.0073,0,115197645,12.1454,74456902,74456902,0
mcs90_b03_s70.A06,mcs90_b03_s70.B06,dsb_never,63,94,237750653,26.0507,0,11700348,1.16414,149312514,149312514,0
mcs90_b03_s70.A07,mcs90_b03_s70.B07,dsb_never,64,95,172250730,17.5379,0,147975689,14.8846,101703812,101703812,0
mcs90_b03_s70.A08,mcs90_b03_s70.B08,dsb_never,64,95,124983172,12.7738,0,100972753,10.1114,76240451,76240451,0
mcs90_b03_s70.A09,mcs90_b03_s70.B09,dsb_never,64,92,84583935,9.87079,0,79648772,9.17994,51361954,51361954,0
mcs90_b03_s80.A00,mcs90_b03_s80.B00,dsb_never,73,109,1037122176,109.107,0,676478603,68.2128,611581438,611581438,0
mcs90_b03_s80.A01,mcs90_b03_s80.B01,dsb_never,74,110,54260430,6.20801,0,45832443,5.20339,33238329,33238329,0
mcs90_b03_s80.A02,mcs90_b03_s80.B02,dsb_never,74,110,348074343,37.5238,0,307916255,32.4829,214982632,214982632,0
mcs90_b03_s80.A03,mcs90_b03_s80.B03,dsb_never,74,110,14314365,1.65025,0,111674,0.0115462,8971619,8971619,0
mcs90_b03_s80.A04,mcs90_b03_s80.B04,dsb_never,74,110,20979510,2.4901,0,75,6.58E-05,12833695,12833695,0
mcs90_b03_s80.A05,mcs90_b03_s80.B05,dsb_never,74,110,152741603,16.951,0,101653534,11.071,91419660,91419660,0
mcs90_b03_s80.A06,mcs90_b03_s80.B06,dsb_never,74,110,50052487,5.85045,0,43414734,4.98804,31062919,31062919,0
mcs90_b03_s80.A07,mcs90_b03_s80.B07,dsb_never,74,110,1258524368,132.94,0,1251353425,132.071,785465708,785465708,0
mcs90_b03_s80.A08,mcs90_b03_s80.B08,dsb_never,74,110,550789359,57.1937,0,543044955,56.1593,339149272,339149272,0
mcs90_b03_s80.A09,mcs90_b03_s80.B09,dsb_never,74,108,109892559,15.78,0,95702764,13.6832,71416984,71416984,0
mcs90_b03_s90.A00,mcs90_b03_s90.B00,dsb_never,82,117,7044882589,947.956,0,2626913249,338.633,4253043746,4253043746,0
mcs90_b03_s90.A01,mcs90_b03_s90.B01,dsb_never,82,122,1755387689,211.11,0,83,6.69E-05,1038252996,1038252996,0
mcs90_b03_s90.A02,mcs90_b03_s90.B02,dsb_never,83,120,6491631329,776.566,0,6212440110,739.376,4072042314,4072042314,0
mcs90_b03_s90.A03,mcs90_b03_s90.B03,dsb_never,82,122,8553693129,1000.02,1,8032937134,938.862,5291495349,5291495349,0
mcs90_b03_s90.A04,mcs90_b03_s90.B04,dsb_never,77,101,8925720432,1000.02,1,7079368445,800.615,5694732239,5694732239,0
mcs90_b03_s90.A05,mcs90_b03_s90.B05,dsb_never,84,124,3895041706,453.936,0,3880854296,452.018,2366225840,2366225840,0
mcs90_b03_s90.A06,mcs90_b03_s90.B06,dsb_never,78,112,8750999331,1000.02,1,650374778,67.1756,5552822002,5552822002,0
mcs90_b03_s90.A07,mcs90_b03_s90.B07,dsb_never,78,114,9323190684,1000.01,1,3037553582,312.29,5660506726,5660506726,0
mcs90_b03_s90.A08,mcs90_b03_s90.B08,dsb_never,82,120,2773619649,357.472,0,2208526478,273.057,1757611402,1757611402,0
mcs90_b03_s90.A09,mcs90_b03_s90.B09,dsb_never,74,92,10272000607,1000.02,1,7404067074,715.812,5982566339,5982566339,0
mcs90_b03m_s10.A00,mcs90_b03m_s10.B00,dsb_never,9,13,48,3.65E-05,0,28,1.05E-05,32,32,0
mcs90_b03m_s10.A01,mcs90_b03m_s10.B01,dsb_never,8,10,167,4.76E-05,0,50,1.27E-05,113,113,0
mcs90_b03m_s10.A02,mcs90_b03m_s10.B02,dsb_never,8,8,190,5.22E-05,0,49,1.31E-05,135,135,0
mcs90_b03m_s10.A03,mcs90_b03m_s10.B03,dsb_never,8,12,74,3.62E-05,0,34,8.86E-06,53,53,0
mcs90_b03m_s10.A04,mcs90_b03m_s10.B04,dsb_never,8,12,393,7.16E-05,0,302,3.76E-05,249,249,0
mcs90_b03m_s10.A05,mcs90_b03m_s10.B05,dsb_never,9,12,37,3.48E-05,0,10,9.60E-06,27,27,0
mcs90_b03m_s10.A06,mcs90_b03m_s10.B06,dsb_never,8,12,140,4.08E-05,0,29,1.08E-05,94,94,0
mcs90_b03m_s10.A07,mcs90_b03m_s10.B07,dsb_never,8,12,95,3.93E-05,0,9,8.57E-06,68,68,0
mcs90_b03m_s10.A08,mcs90_b03m_s10.B08,dsb_never,8,10,183,6.11E-05,0,73,1.85E-05,127,127,0
mcs90_b03m_s10.A09,mcs90_b03m_s10.B09,dsb_never,8,8,380,9.73E-05,0,164,3.56E-05,250,250,0
mcs90_b03m_s100.A00,mcs90_b03m_s100.B00,dsb_never,81,102,8613371048,1000.02,1,6129386576,670.944,5325009183,5325009183,0
mcs90_b03m_s100.A01,mcs90_b03m_s100.B01,dsb_never,90,134,317507473,46.7884,0,112207,0.0151362,202991635,202991635,0
mcs90_b03m_s100.A02,mcs90_b03m_s100.B02,dsb_never,79,100,9111462922,1000.02,1,4639718044,490.215,5607632476,5607632476,0
mcs90_b03m_s100.A03,mcs90_b03m_s100.B03,dsb_never,74,76,9969126991,1000.02,1,4936853716,495.36,6433142842,6433142842,0
mcs90_b03m_s100.A04,mcs90_b03m_s100.B04,dsb_never,72,74,10781623898,1000.02,1,1968926421,116.969,7520628375,7520628375,0
mcs90_b03m_s100.A05,mcs90_b03m_s100.B05,dsb_never,91,136,3210033340,336.004,0,3128601433,323.358,2031975936,2031975936,0
mcs90_b03m_s100.A06,mcs90_b03m_s100.B06,dsb_never,75,74,9622708955,1000.02,1,9222681709,956.762,6984857770,6984857770,0
mcs90_b03m_s100.A07,mcs90_b03m_s100.B07,dsb_never,77,96,8733351519,1000.02,1,4040122781,465.776,5380818156,5380818156,0
mcs90_b03m_s100.A08,mcs90_b03m_s100.B08,dsb_never,79,89,9663816071,1000.02,1,8352642474,869.909,6008289456,6008289456,0
mcs90_b03m_s100.A09,mcs90_b03m_s100.B09,dsb_never,91,136,103528103,15.3166,0,3783833,0.506302,67416105,67416105,0
mcs90_b03m_s15.A00,mcs90_b03m_s15.B00,dsb_never,13,19,520,8.38E-05,0,164,2.43E-05,338,338,0
mcs90_b03m_s15.A01,mcs90_b03m_s15.B01,dsb_never,13,18,405,8.15E-05,0,151,2.57E-05,264,264,0
mcs90_b03m_s15.A02,mcs90_b03m_s15.B02,dsb_never,13,17,431,7.23E-05,0,217,2.88E-05,291,291,0
mcs90_b03m_s15.A03,mcs90_b03m_s15.B03,dsb_never,13,19,511,8.71E-05,0,14,9.87E-06,342,342,0
mcs90_b03m_s15.A04,mcs90_b03m_s15.B04,dsb_never,13,19,935,0.000145919,0,806,0.000101082,617,617,0
mcs90_b03m_s15.A05,mcs90_b03m_s15.B05,dsb_never,12,18,720,0.000101152,0,63,1.33E-05,471,471,0
mcs90_b03m_s15.A06,mcs90_b03m_s15.B06,dsb_never,13,18,229,6.10E-05,0,14,8.35E-06,166,166,0
mcs90_b03m_s15.A07,mcs90_b03m_s15.B07,dsb_never,13,19,216,6.14E-05,0,97,2.03E-05,145,145,0
mcs90_b03m_s15.A08,mcs90_b03m_s15.B08,dsb_never,13,19,260,5.61E-05,0,119,1.89E-05,169,169,0
mcs90_b03m_s15.A09,mcs90_b03m_s15.B09,dsb_never,13,17,545,8.66E-05,0,86,1.55E-05,360,360,0
mcs90_b03m_s20.A00,mcs90_b03m_s20.B00,dsb_never,18,27,253,7.21E-05,0,93,2.31E-05,177,177,0
mcs90_b03m_s20.A01,mcs90_b03m_s20.B01,dsb_never,18,26,1592,0.000249725,0,1215,0.000162414,996,996,0
mcs90_b03m_s20.A02,mcs90_b03m_s20.B02,dsb_never,18,26,159,9.85E-05,0,19,2.10E-05,114,114,0
mcs90_b03m_s20.A03,mcs90_b03m_s20.B03,dsb_never,18,27,7651,0.000639912,0,7555,0.000599371,5009,5009,0
mcs90_b03m_s20.A04,mcs90_b03m_s20.B04,dsb_never,18,25,1327,0.000163146,0,1020,0.000101633,805,805,0
mcs90_b03m_s20.A05,mcs90_b03m_s20.B05,dsb_never,18,27,867,0.000132349,0,674,7.86E-05,541,541,0
mcs90_b03m_s20.A06,mcs90_b03m_s20.B06,dsb_never,18,27,2086,0.000233592,0,1904,0.000185269,1262,1262,0
mcs90_b03m_s20.A07,mcs90_b03m_s20.B07,dsb_never,18,27,28742,0.00264484,0,28498,0.00259394,17745,17745,0
mcs90_b03m_s20.A08,mcs90_b03m_s20.B08,dsb_never,18,27,2590,0.000275865,0,2463,0.00023241,1591,1591,0
mcs90_b03m_s20.A09,mcs90_b03m_s20.B09,dsb_never,18,26,622,0.000120361,0,250,4.62E-05,408,408,0
mcs90_b03m_s25.A00,mcs90_b03m_s25.B00,dsb_never,23,33,28531,0.0038786,0,28385,0.00380698,18243,18243,0
mcs90_b03m_s25.A01,mcs90_b03m_s25.B01,dsb_never,22,33,13637,0.00105667,0,12442,0.000905863,9060,9060,0
mcs90_b03m_s25.A02,mcs90_b03m_s25.B02,dsb_never,22,33,2593,0.000306701,0,23,1.68E-05,1635,1635,0
mcs90_b03m_s25.A03,mcs90_b03m_s25.B03,dsb_never,22,33,746,0.000131107,0,23,1.60E-05,497,497,0
mcs90_b03m_s25.A04,mcs90_b03m_s25.B04,dsb_never,22,33,42657,0.00356757,0,41057,0.00335762,28460,28460,0
mcs90_b03m_s25.A05,mcs90_b03m_s25.B05,dsb_never,22,33,11341,0.000924622,0,10457,0.000795107,7355,7355,0
mcs90_b03m_s25.A06,mcs90_b03m_s25.B06,dsb_never,22,32,39932,0.00307981,0,38022,0.0028469,25621,25621,0
mcs90_b03m_s25.A07,mcs90_b03m_s25.B07,dsb_never,23,33,1103,0.000157928,0,934,0.000113752,693,693,0
mcs90_b03m_s25.A08,mcs90_b03m_s25.B08,dsb_never,23,33,364,8.91E-05,0,165,3.41E-05,242,242,0
mcs90_b03m_s25.A09,mcs90_b03m_s25.B09,dsb_never,22,33,5708,0.000574175,0,4180,0.000376367,3568,3568,0
mcs90_b03m_s30.A00,mcs90_b03m_s30.B00,dsb_never,26,38,1068621,0.11568,0,1062916,0.114925,739774,739774,0
mcs90_b03m_s30.A01,mcs90_b03m_s30.B01,dsb_never,26,39,12290,0.00133552,0,2420,0.00026495,7748,7748,0
mcs90_b03m_s30.A02,mcs90_b03m_s30.B02,dsb_never,27,40,2382,0.00031919,0,28,2.13E-05,1603,1603,0
mcs90_b03m_s30.A03,mcs90_b03m_s30.B03,dsb_never,27,39,17234,0.00163062,0,14217,0.00127752,10559,10559,0
mcs90_b03m_s30.A04,mcs90_b03m_s30.B04,dsb_never,26,38,7769,0.000861775,0,27,1.93E-05,4878,4878,0
mcs90_b03m_s30.A05,mcs90_b03m_s30.B05,dsb_never,26,39,69733,0.00521603,0,62793,0.00432221,44370,44370,0
mcs90_b03m_s30.A06,mcs90_b03m_s30.B06,dsb_never,26,38,783678,0.0691873,0,764849,0.0672951,478598,478598,0
mcs90_b03m_s30.A07,mcs90_b03m_s30.B07,dsb_never,26,39,4197,0.000506102,0,27,1.96E-05,2751,2751,0
mcs90_b03m_s30.A08,mcs90_b03m_s30.B08,dsb_never,26,38,19954,0.0018243,0,12756,0.00109002,12139,12139,0
mcs90_b03m_s30.A09,mcs90_b03m_s30.B09,dsb_never,28,41,96667,0.00803152,0,96380,0.00796526,58426,58426,0
mcs90_b03m_s35.A00,mcs90_b03m_s35.B00,dsb_never,30,45,829444,0.0803111,0,791211,0.0758144,530052,530052,0
mcs90_b03m_s35.A01,mcs90_b03m_s35.B01,dsb_never,30,43,4960451,0.425047,0,4900474,0.419228,3441594,3441594,0
mcs90_b03m_s35.A02,mcs90_b03m_s35.B02,dsb_never,30,44,8198261,0.681905,0,8134128,0.675543,5766510,5766510,0
mcs90_b03m_s35.A03,mcs90_b03m_s35.B03,dsb_never,30,45,121370,0.0107081,0,87062,0.00723831,76944,76944,0
mcs90_b03m_s35.A04,mcs90_b03m_s35.B04,dsb_never,30,44,107069,0.0103037,0,60322,0.0052076,68720,68720,0
mcs90_b03m_s35.A05,mcs90_b03m_s35.B05,dsb_never,30,41,344536,0.0266906,0,271021,0.0197846,233309,233309,0
mcs90_b03m_s35.A06,mcs90_b03m_s35.B06,dsb_never,32,45,1042,0.000188373,0,33,2.33E-05,709,709,0
mcs90_b03m_s35.A07,mcs90_b03m_s35.B07,dsb_never,30,41,456641,0.0419527,0,330840,0.0288018,288767,288767,0
mcs90_b03m_s35.A08,mcs90_b03m_s35.B08,dsb_never,30,44,442677,0.0375533,0,348231,0.0280427,286018,286018,0
mcs90_b03m_s35.A09,mcs90_b03m_s35.B09,dsb_never,30,45,19570141,1.60411,0,19538729,1.60079,12731750,12731750,0
mcs90_b03m_s40.A00,mcs90_b03m_s40.B00,dsb_never,36,53,1316289,0.0929153,0,1303063,0.0914488,894652,894652,0
mcs90_b03m_s40.A01,mcs90_b03m_s40.B01,dsb_never,37,55,313913,0.0291279,0,311691,0.0288279,187895,187895,0
mcs90_b03m_s40.A02,mcs90_b03m_s40.B02,dsb_never,37,55,767,0.000176315,0,38,2.58E-05,546,546,0
mcs90_b03m_s40.A03,mcs90_b03m_s40.B03,dsb_never,36,53,1593255,0.148097,0,1573476,0.145777,968546,968546,0
mcs90_b03m_s40.A04,mcs90_b03m_s40.B04,dsb_never,36,53,2908793,0.236982,0,2904086,0.236407,1798032,1798032,0
mcs90_b03m_s40.A05,mcs90_b03m_s40.B05,dsb_never,36,53,10460,0.00119971,0,202,4.22E-05,6598,6598,0
mcs90_b03m_s40.A06,mcs90_b03m_s40.B06,dsb_never,36,54,21566763,1.8923,0,21552978,1.89063,13783730,13783730,0
mcs90_b03m_s40.A07,mcs90_b03m_s40.B07,dsb_never,36,54,28742,0.00428911,0,19806,0.00268683,18117,18117,0
mcs90_b03m_s40.A08,mcs90_b03m_s40.B08,dsb_never,36,54,62059812,6.86158,0,62051601,6.86061,43995098,43995098,0
mcs90_b03m_s40.A09,mcs90_b03m_s40.B09,dsb_never,36,53,344746,0.0314527,0,329933,0.0299049,213326,213326,0
mcs90_b03m_s50.A00,mcs90_b03m_s50.B00,dsb_never,44,65,373526,0.041617,0,53,4.77E-05,232366,232366,0
mcs90_b03m_s50.A01,mcs90_b03m_s50.B01,dsb_never,44,66,27978075,2.4719,0,27782122,2.44952,17560371,17560371,0
mcs90_b03m_s50.A02,mcs90_b03m_s50.B02,dsb_never,44,65,622401420,63.2423,0,622054841,63.2012,429923831,429923831,0
mcs90_b03m_s50.A03,mcs90_b03m_s50.B03,dsb_never,45,66,57977,0.00703144,0,190,6.41E-05,36080,36080,0
mcs90_b03m_s50.A04,mcs90_b03m_s50.B04,dsb_never,45,65,207476770,20.3351,0,207385872,20.3242,139965015,139965015,0
mcs90_b03m_s50.A05,mcs90_b03m_s50.B05,dsb_never,44,66,1816404671,179.802,0,1816132015,179.772,1230818296,1230818296,0
mcs90_b03m_s50.A06,mcs90_b03m_s50.B06,dsb_never,45,67,58241,0.00688096,0,157,5.47E-05,35875,35875,0
mcs90_b03m_s50.A07,mcs90_b03m_s50.B07,dsb_never,44,62,815671,0.0831886,0,421157,0.0410648,485251,485251,0
mcs90_b03m_s50.A08,mcs90_b03m_s50.B08,dsb_never,44,66,14674569,1.3143,0,13954936,1.24031,9160391,9160391,0
mcs90_b03m_s50.A09,mcs90_b03m_s50.B09,dsb_never,44,66,9627651,0.832587,0,9419965,0.809253,6142271,6142271,0
mcs90_b03m_s60.A00,mcs90_b03m_s60.B00,dsb_never,54,81,12108019,1.16438,0,11694843,1.11339,7502537,7502537,0
mcs90_b03m_s60.A01,mcs90_b03m_s60.B01,dsb_never,55,82,3628589,0.409447,0,3482820,0.391298,2170943,2170943,0
mcs90_b03m_s60.A02,mcs90_b03m_s60.B02,dsb_never,55,81,4499218,0.40383,0,4459854,0.398771,2723922,2723922,0
mcs90_b03m_s60.A03,mcs90_b03m_s60.B03,dsb_never,54,81,319707,0.0390206,0,7540,0.000782516,205005,205005,0
mcs90_b03m_s60.A04,mcs90_b03m_s60.B04,dsb_never,45,43,10273732739,1000.02,1,3660980471,340.803,6827127145,6827127145,0
mcs90_b03m_s60.A05,mcs90_b03m_s60.B05,dsb_never,54,81,253929,0.0281716,0,7613,0.000847136,149751,149751,0
mcs90_b03m_s60.A06,mcs90_b03m_s60.B06,dsb_never,45,45,10335602788,1000.02,1,1100327324,99.0432,7339618390,7339618390,0
mcs90_b03m_s60.A07,mcs90_b03m_s60.B07,dsb_never,54,81,991870367,98.1969,0,991555101,98.1582,665502321,665502321,0
mcs90_b03m_s60.A08,mcs90_b03m_s60.B08,dsb_never,54,79,841013154,80.8915,0,840057154,80.774,555710169,555710169,0
mcs90_b03m_s60.A09,mcs90_b03m_s60.B09,dsb_never,45,42,8549834369,1000.02,1,42977952,4.71099,5757233388,5757233388,0
mcs90_b03m_s70.A00,mcs90_b03m_s70.B00,dsb_never,63,93,38419857,4.41132,0,36189724,4.0815,24842916,24842916,0
mcs90_b03m_s70.A01,mcs90_b03m_s70.B01,dsb_never,64,94,546247882,56.0405,0,545622369,55.9604,330737662,330737662,0
mcs90_b03m_s70.A02,mcs90_b03m_s70.B02,dsb_never,62,93,63289212,6.68255,0,46153422,4.46708,40323349,40323349,0
mcs90_b03m_s70.A03,mcs90_b03m_s70.B03,dsb_never,62,91,10689317,1.33466,0,95,6.10E-05,6724931,6724931,0
mcs90_b03m_s70.A04,mcs90_b03m_s70.B04,dsb_never,63,94,1322004,0.168955,0,48262,0.00543673,823595,823595,0
mcs90_b03m_s70.A05,mcs90_b03m_s70.B05,dsb_never,51,52,10696601312,1000.02,1,7014900011,658.382,7075620288,7075620288,0
mcs90_b03m_s70.A06,mcs90_b03m_s70.B06,dsb_never,53,52,10373762289,1000.01,1,3888263480,358.818,6745522441,6745522441,0
mcs90_b03m_s70.A07,mcs90_b03m_s70.B07,dsb_never,53,57,10262957393,1000.02,1,4321618942,421.675,6992866103,6992866103,0
mcs90_b03m_s70.A08,mcs90_b03m_s70.B08,dsb_never,62,93,208917085,22.8014,0,184822017,19.6511,137433713,137433713,0
mcs90_b03m_s70.A09,mcs90_b03m_s70.B09,dsb_never,50,47,9412767917,1000.02,1,431266836,42.8611,6544926097,6544926097,0
mcs90_b03m_s80.A00,mcs90_b03m_s80.B00,dsb_never,57,53,11231291819,1000.01,1,531651436,43.6123,7713032879,7713032879,0
mcs90_b03m_s80.A01,mcs90_b03m_s80.B01,dsb_never,72,107,12572080,1.77544,0,73,7.37E-05,8292063,8292063,0
mcs90_b03m_s80.A02,mcs90_b03m_s80.B02,dsb_never,72,107,12262917,1.58815,0,17946,0.00165653,7887111,7887111,0
mcs90_b03m_s80.A03,mcs90_b03m_s80.B03,dsb_never,72,108,1930886185,201.74,0,1912999986,199.458,1227185485,1227185485,0
mcs90_b03m_s80.A04,mcs90_b03m_s80.B04,dsb_never,72,107,663817448,68.5324,0,632387005,64.1416,420441703,420441703,0
mcs90_b03m_s80.A05,mcs90_b03m_s80.B05,dsb_never,59,55,9784379072,1000.02,1,7828232937,789.008,6957757940,6957757940,0
mcs90_b03m_s80.A06,mcs90_b03m_s80.B06,dsb_never,59,61,9353692127,1000.02,1,786935805,79.8968,6529758490,6529758490,0
mcs90_b03m_s80.A07,mcs90_b03m_s80.B07,dsb_never,63,80,9936568697,1000.02,1,4902733,0.441694,6143705744,6143705744,0
mcs90_b03m_s80.A08,mcs90_b03m_s80.B08,dsb_never,72,107,3565818617,338.663,0,3546324843,335.963,2338756711,2338756711,0
mcs90_b03m_s80.A09,mcs90_b03m_s80.B09,dsb_never,73,107,1882878,0.255329,0,88,6.72E-05,1156791,1156791,0
mcs90_b03m_s90.A00,mcs90_b03m_s90.B00,dsb_never,65,60,10999478257,1000.02,1,7524307398,678.805,6889684649,6889684649,0
mcs90_b03m_s90.A01,mcs90_b03m_s90.B01,dsb_never,68,70,10333149028,1000.02,1,4426304454,411.946,6534704274,6534704274,0
mcs90_b03m_s90.A02,mcs90_b03m_s90.B02,dsb_never,81,119,307320137,44.7972,0,259,9.25E-05,211402920,211402920,0
mcs90_b03m_s90.A03,mcs90_b03m_s90.B03,dsb_never,80,119,700444590,90.7659,0,124441466,10.6046,473982388,473982388,0
mcs90_b03m_s90.A04,mcs90_b03m_s90.B04,dsb_never,61,56,12100069061,1000.01,1,2746774104,227.036,8167856742,8167856742,0
mcs90_b03m_s90.A05,mcs90_b03m_s90.B05,dsb_never,68,70,10471278478,1000.01,1,8330854620,788.099,6643317891,6643317891,0
mcs90_b03m_s90.A06,mcs90_b03m_s90.B06,dsb_never,81,120,92590694,14.2218,0,518,0.000154964,63290365,63290365,0
mcs90_b03m_s90.A07,mcs90_b03m_s90.B07,dsb_never,80,119,1045472834,154.519,0,135775,0.0168153,730377190,730377190,0
mcs90_b03m_s90.A08,mcs90_b03m_s90.B08,dsb_never,67,74,8819531024,1000.02,1,237295000,23.7193,5862400438,5862400438,0
mcs90_b03m_s90.A09,mcs90_b03m_s90.B09,dsb_never,80,120,1023685814,143.46,0,2001739,0.222491,682447702,682447702,0
mcs90_b06_s10.A00,mcs90_b06_s10.B00,dsb_never,9,27,41,3.38E-05,0,10,6.55E-06,27,27,0
mcs90_b06_s10.A01,mcs90_b06_s10.B01,dsb_never,9,27,47,3.33E-05,0,10,8.27E-06,30,30,0
mcs90_b06_s10.A02,mcs90_b06_s10.B02,dsb_never,9,27,53,3.49E-05,0,10,6.89E-06,33,33,0
mcs90_b06_s10.A03,mcs90_b06_s10.B03,dsb_never,9,27,35,4.10E-05,0,10,8.94E-06,24,24,0
mcs90_b06_s10.A04,mcs90_b06_s10.B04,dsb_never,9,27,35,3.19E-05,0,10,6.43E-06,24,24,0
mcs90_b06_s10.A05,mcs90_b06_s10.B05,dsb_never,9,27,54,3.65E-05,0,10,6.56E-06,33,33,0
mcs90_b06_s10.A06,mcs90_b06_s10.B06,dsb_never,9,27,35,3.30E-05,0,10,8.29E-06,24,24,0
mcs90_b06_s10.A07,mcs90_b06_s10.B07,dsb_never,9,27,32,3.22E-05,0,10,8.62E-06,22,22,0
mcs90_b06_s10.A08,mcs90_b06_s10.B08,dsb_never,9,27,57,3.44E-05,0,10,6.79E-06,35,35,0
mcs90_b06_s10.A09,mcs90_b06_s10.B09,dsb_never,9,27,49,4.90E-05,0,10,1.05E-05,31,31,0
mcs90_b06_s100.A00,mcs90_b06_s100.B00,dsb_never,90,270,1074826966,166.958,0,248430303,37.5249,631807601,631807601,0
mcs90_b06_s100.A01,mcs90_b06_s100.B01,dsb_never,91,271,413156036,55.9567,0,370020771,49.7676,269088792,269088792,0
mcs90_b06_s100.A02,mcs90_b06_s100.B02,dsb_never,91,273,354899162,48.9395,0,335173022,45.9663,216468638,216468638,0
mcs90_b06_s100.A03,mcs90_b06_s100.B03,dsb_never,90,270,497093364,70.4109,0,101643429,13.5972,290776078,290776078,0
mcs90_b06_s100.A04,mcs90_b06_s100.B04,dsb_never,78,205,9270946274,1000.02,1,7965127535,843.341,5623170231,5623170231,0
mcs90_b06_s100.A05,mcs90_b06_s100.B05,dsb_never,67,140,10368913119,1000.01,1,2657314395,253.738,6467117212,6467117212,0
mcs90_b06_s100.A06,mcs90_b06_s100.B06,dsb_never,91,271,350586731,48.8514,0,296711219,41.2593,203602352,203602352,0
mcs90_b06_s100.A07,mcs90_b06_s100.B07,dsb_never,91,272,4681386076,587.469,0,4633988571,580.92,2850683272,2850683272,0
mcs90_b06_s100.A08,mcs90_b06_s100.B08,dsb_never,91,272,315018955,42.5771,0,180045756,23.9166,177976426,177976426,0
mcs90_b06_s100.A09,mcs90_b06_s100.B09,dsb_never,91,271,100119879,14.1326,0,18372778,2.54593,56802471,56802471,0
mcs90_b06_s15.A00,mcs90_b06_s15.B00,dsb_never,14,42,89,4.43E-05,0,44,1.26E-05,61,61,0
mcs90_b06_s15.A01,mcs90_b06_s15.B01,dsb_never,13,39,829,0.000136956,0,189,3.10E-05,557,557,0
mcs90_b06_s15.A02,mcs90_b06_s15.B02,dsb_never,13,39,675,0.000117537,0,102,1.97E-05,487,487,0
mcs90_b06_s15.A03,mcs90_b06_s15.B03,dsb_never,13,39,466,9.18E-05,0,118,2.14E-05,326,326,0
mcs90_b06_s15.A04,mcs90_b06_s15.B04,dsb_never,14,41,540,0.000105047,0,489,7.14E-05,337,337,0
mcs90_b06_s15.A05,mcs90_b06_s15.B05,dsb_never,13,39,778,0.000137417,0,221,3.58E-05,541,541,0
mcs90_b06_s15.A06,mcs90_b06_s15.B06,dsb_never,13,39,289,6.38E-05,0,32,1.04E-05,217,217,0
mcs90_b06_s15.A07,mcs90_b06_s15.B07,dsb_never,13,39,489,9.91E-05,0,46,1.23E-05,364,364,0
mcs90_b06_s15.A08,mcs90_b06_s15.B08,dsb_never,13,39,436,8.50E-05,0,158,2.63E-05,311,311,0
mcs90_b06_s15.A09,mcs90_b06_s15.B09,dsb_never,13,39,292,7.08E-05,0,114,2.05E-05,195,195,0
mcs90_b06_s20.A00,mcs90_b06_s20.B00,dsb_never,18,54,588,0.000123265,0,148,3.52E-05,399,399,0
mcs90_b06_s20.A01,mcs90_b06_s20.B01,dsb_never,18,54,1232,0.000184938,0,113,2.92E-05,836,836,0
mcs90_b06_s20.A02,mcs90_b06_s20.B02,dsb_never,18,54,942,0.000152059,0,53,1.99E-05,679,679,0
mcs90_b06_s20.A03,mcs90_b06_s20.B03,dsb_never,18,54,419,9.63E-05,0,60,2.07E-05,325,325,0
mcs90_b06_s20.A04,mcs90_b06_s20.B04,dsb_never,18,54,717,0.000131007,0,91,2.39E-05,507,507,0
mcs90_b06_s20.A05,mcs90_b06_s20.B05,dsb_never,18,54,404,0.000102414,0,132,3.22E-05,291,291,0
mcs90_b06_s20.A06,mcs90_b06_s20.B06,dsb_never,18,54,812,0.000148904,0,47,1.73E-05,599,599,0
mcs90_b06_s20.A07,mcs90_b06_s20.B07,dsb_never,18,54,1521,0.000218479,0,285,5.14E-05,1021,1021,0
mcs90_b06_s20.A08,mcs90_b06_s20.B08,dsb_never,18,54,783,0.000140671,0,213,4.13E-05,550,550,0
mcs90_b06_s20.A09,mcs90_b06_s20.B09,dsb_never,18,54,1085,0.000174323,0,260,4.82E-05,729,729,0
mcs90_b06_s25.A00,mcs90_b06_s25.B00,dsb_never,22,66,3095,0.000429647,0,217,4.73E-05,2087,2087,0
mcs90_b06_s25.A01,mcs90_b06_s25.B01,dsb_never,22,62,4325,0.000576409,0,109,2.91E-05,2803,2803,0
mcs90_b06_s25.A02,mcs90_b06_s25.B02,dsb_never,22,66,4344,0.000580716,0,642,9.37E-05,2847,2847,0
mcs90_b06_s25.A03,mcs90_b06_s25.B03,dsb_never,22,66,3560,0.00048427,0,63,2.58E-05,2401,2401,0
mcs90_b06_s25.A04,mcs90_b06_s25.B04,dsb_never,23,68,1298,0.000223977,0,993,0.000152299,811,811,0
mcs90_b06_s25.A05,mcs90_b06_s25.B05,dsb_never,23,68,588,0.000131328,0,271,5.38E-05,412,412,0
mcs90_b06_s25.A06,mcs90_b06_s25.B06,dsb_never,22,66,3667,0.000528285,0,474,8.68E-05,2526,2526,0
mcs90_b06_s25.A07,mcs90_b06_s25.B07,dsb_never,22,66,3423,0.000459031,0,120,3.32E-05,2271,2271,0
mcs90_b06_s25.A08,mcs90_b06_s25.B08,dsb_never,23,67,1360,0.00022569,0,1010,0.000147571,814,814,0
mcs90_b06_s25.A09,mcs90_b06_s25.B09,dsb_never,22,66,4676,0.000594626,0,256,5.15E-05,3003,3003,0
mcs90_b06_s30.A00,mcs90_b06_s30.B00,dsb_never,27,81,3827,0.000554406,0,28,2.90E-05,2556,2556,0
mcs90_b06_s30.A01,mcs90_b06_s30.B01,dsb_never,27,81,7795,0.000959085,0,554,9.37E-05,4781,4781,0
mcs90_b06_s30.A02,mcs90_b06_s30.B02,dsb_never,27,81,5318,0.000712555,0,89,4.42E-05,3395,3395,0
mcs90_b06_s30.A03,mcs90_b06_s30.B03,dsb_never,28,82,728,0.00015952,0,236,5.68E-05,485,485,0
mcs90_b06_s30.A04,mcs90_b06_s30.B04,dsb_never,27,81,3788,0.000527443,0,450,7.92E-05,2523,2523,0
mcs90_b06_s30.A05,mcs90_b06_s30.B05,dsb_never,27,81,3591,0.000465441,0,364,6.56E-05,2254,2254,0
mcs90_b06_s30.A06,mcs90_b06_s30.B06,dsb_never,27,81,5471,0.000735548,0,666,0.00011309,3442,3442,0
mcs90_b06_s30.A07,mcs90_b06_s30.B07,dsb_never,27,81,5451,0.000701706,0,900,0.000128373,3509,3509,0
mcs90_b06_s30.A08,mcs90_b06_s30.B08,dsb_never,28,84,868,0.000175725,0,431,8.53E-05,567,567,0
mcs90_b06_s30.A09,mcs90_b06_s30.B09,dsb_never,27,81,3610,0.000512698,0,292,5.90E-05,2452,2452,0
mcs90_b06_s35.A00,mcs90_b06_s35.B00,dsb_never,31,93,18604,0.00250806,0,317,6.28E-05,11165,11165,0
mcs90_b06_s35.A01,mcs90_b06_s35.B01,dsb_never,31,93,32014,0.00363001,0,7487,0.000822366,18812,18812,0
mcs90_b06_s35.A02,mcs90_b06_s35.B02,dsb_never,32,94,9701,0.00131979,0,6652,0.000887043,5833,5833,0
mcs90_b06_s35.A03,mcs90_b06_s35.B03,dsb_never,31,93,30672,0.00364455,0,2275,0.000240572,17811,17811,0
mcs90_b06_s35.A04,mcs90_b06_s35.B04,dsb_never,32,94,20784,0.00250621,0,17226,0.00205043,12229,12229,0
mcs90_b06_s35.A05,mcs90_b06_s35.B05,dsb_never,31,93,20399,0.00266426,0,913,0.000148804,12316,12316,0
mcs90_b06_s35.A06,mcs90_b06_s35.B06,dsb_never,32,94,15627,0.00196569,0,11591,0.00144958,9851,9851,0
mcs90_b06_s35.A07,mcs90_b06_s35.B07,dsb_never,32,95,10273,0.00134524,0,4075,0.000536901,6261,6261,0
mcs90_b06_s35.A08,mcs90_b06_s35.B08,dsb_never,31,93,13980,0.00186305,0,622,0.000118069,8901,8901,0
mcs90_b06_s35.A09,mcs90_b06_s35.B09,dsb_never,31,93,27757,0.00338951,0,4475,0.000491573,16669,16669,0
mcs90_b06_s40.A00,mcs90_b06_s40.B00,dsb_never,36,108,24397,0.00314907,0,2968,0.000388307,14532,14532,0
mcs90_b06_s40.A01,mcs90_b06_s40.B01,dsb_never,36,108,32262,0.00385708,0,771,0.000130867,18683,18683,0
mcs90_b06_s40.A02,mcs90_b06_s40.B02,dsb_never,36,108,36879,0.00444482,0,4528,0.000581342,21232,21232,0
mcs90_b06_s40.A03,mcs90_b06_s40.B03,dsb_never,37,109,21749,0.00221403,0,18554,0.00175435,14049,14049,0
mcs90_b06_s40.A04,mcs90_b06_s40.B04,dsb_never,36,108,27515,0.00355208,0,240,6.30E-05,16090,16090,0
mcs90_b06_s40.A05,mcs90_b06_s40.B05,dsb_never,37,109,18505,0.00227399,0,16443,0.00196863,10431,10431,0
mcs90_b06_s40.A06,mcs90_b06_s40.B06,dsb_never,36,108,34070,0.00386181,0,12947,0.00114969,21112,21112,0
mcs90_b06_s40.A07,mcs90_b06_s40.B07,dsb_never,37,109,128316,0.0122091,0,126037,0.0118644,78003,78003,0
mcs90_b06_s40.A08,mcs90_b06_s40.B08,dsb_never,36,108,27531,0.00327292,0,3158,0.000393781,16175,16175,0
mcs90_b06_s40.A09,mcs90_b06_s40.B09,dsb_never,37,109,8654,0.00114967,0,3431,0.000443978,5506,5506,0
mcs90_b06_s50.A00,mcs90_b06_s50.B00,dsb_never,45,135,108930,0.0137971,0,1291,0.000204047,60931,60931,0
mcs90_b06_s50.A01,mcs90_b06_s50.B01,dsb_never,45,135,164263,0.0205653,0,8698,0.00109686,91676,91676,0
mcs90_b06_s50.A02,mcs90_b06_s50.B02,dsb_never,46,136,28618,0.00401008,0,12720,0.00178578,17605,17605,0
mcs90_b06_s50.A03,mcs90_b06_s50.B03,dsb_never,46,136,138275,0.0161149,0,101603,0.0115268,81579,81579,0
mcs90_b06_s50.A04,mcs90_b06_s50.B04,dsb_never,45,135,250107,0.0264679,0,175442,0.0166339,153064,153064,0
mcs90_b06_s50.A05,mcs90_b06_s50.B05,dsb_never,46,136,23111,0.0032185,0,12498,0.00172434,14380,14380,0
mcs90_b06_s50.A06,mcs90_b06_s50.B06,dsb_never,46,137,75293,0.0097443,0,49753,0.00652851,41700,41700,0
mcs90_b06_s50.A07,mcs90_b06_s50.B07,dsb_never,46,136,89805,0.0114868,0,75394,0.00965195,49439,49439,0
mcs90_b06_s50.A08,mcs90_b06_s50.B08,dsb_never,46,136,1168299,0.113001,0,1150099,0.110601,719803,719803,0
mcs90_b06_s50.A09,mcs90_b06_s50.B09,dsb_never,45,135,160598,0.0198264,0,20226,0.0019831,90130,90130,0
mcs90_b06_s60.A00,mcs90_b06_s60.B00,dsb_never,55,163,271112,0.0314658,0,154905,0.0161409,150941,150941,0
mcs90_b06_s60.A01,mcs90_b06_s60.B01,dsb_never,55,163,633076,0.0774759,0,466558,0.0555552,367786,367786,0
mcs90_b06_s60.A02,mcs90_b06_s60.B02,dsb_never,55,164,256351,0.0250261,0,148020,0.0107951,146315,146315,0
mcs90_b06_s60.A03,mcs90_b06_s60.B03,dsb_never,54,162,569213,0.0763844,0,5329,0.000756564,315066,315066,0
mcs90_b06_s60.A04,mcs90_b06_s60.B04,dsb_never,54,162,4584335,0.438958,0,4124566,0.376661,2804894,2804894,0
mcs90_b06_s60.A05,mcs90_b06_s60.B05,dsb_never,54,162,5174259,0.489393,0,4610841,0.416082,3258817,3258817,0
mcs90_b06_s60.A06,mcs90_b06_s60.B06,dsb_never,55,163,306560,0.0395149,0,128269,0.0158635,172486,172486,0
mcs90_b06_s60.A07,mcs90_b06_s60.B07,dsb_never,55,164,318688,0.0418506,0,228033,0.0300191,176187,176187,0
mcs90_b06_s60.A08,mcs90_b06_s60.B08,dsb_never,55,163,1341801,0.116824,0,1225143,0.101405,759178,759178,0
mcs90_b06_s60.A09,mcs90_b06_s60.B09,dsb_never,54,162,996665,0.125854,0,52195,0.00611831,541776,541776,0
mcs90_b06_s70.A00,mcs90_b06_s70.B00,dsb_never,64,185,64906402,6.22219,0,64539220,6.17065,38496473,38496473,0
mcs90_b06_s70.A01,mcs90_b06_s70.B01,dsb_never,63,189,9424215,1.10975,0,5650611,0.622483,5430458,5430458,0
mcs90_b06_s70.A02,mcs90_b06_s70.B02,dsb_never,64,191,19703653,1.7029,0,19311729,1.64897,11664643,11664643,0
mcs90_b06_s70.A03,mcs90_b06_s70.B03,dsb_never,64,191,50183539,4.68784,0,49553881,4.60411,31552178,31552178,0
mcs90_b06_s70.A04,mcs90_b06_s70.B04,dsb_never,64,191,233696675,25.5886,0,233092115,25.5068,143220268,143220268,0
mcs90_b06_s70.A05,mcs90_b06_s70.B05,dsb_never,64,190,1350344,0.171978,0,613587,0.073186,756612,756612,0
mcs90_b06_s70.A06,mcs90_b06_s70.B06,dsb_never,63,189,6568867,0.817594,0,6608,0.000837306,3617885,3617885,0
mcs90_b06_s70.A07,mcs90_b06_s70.B07,dsb_never,63,189,5026276,0.646271,0,418243,0.0497969,2799728,2799728,0
mcs90_b06_s70.A08,mcs90_b06_s70.B08,dsb_never,63,189,3511831,0.464634,0,85000,0.0116399,1967156,1967156,0
mcs90_b06_s70.A09,mcs90_b06_s70.B09,dsb_never,64,191,712801,0.0986395,0,30133,0.00412277,393292,393292,0
mcs90_b06_s80.A00,mcs90_b06_s80.B00,dsb_never,72,216,17932972,2.43272,0,1080648,0.141921,10218647,10218647,0
mcs90_b06_s80.A01,mcs90_b06_s80.B01,dsb_never,73,217,18290506,1.85437,0,16149603,1.56028,10895354,10895354,0
mcs90_b06_s80.A02,mcs90_b06_s80.B02,dsb_never,72,216,29119105,3.7331,0,73,7.18E-05,16165087,16165087,0
mcs90_b06_s80.A03,mcs90_b06_s80.B03,dsb_never,74,218,2417679,0.310705,0,1922046,0.240338,1386340,1386340,0
mcs90_b06_s80.A04,mcs90_b06_s80.B04,dsb_never,73,217,17738306,2.44275,0,12993663,1.78896,10328590,10328590,0
mcs90_b06_s80.A05,mcs90_b06_s80.B05,dsb_never,73,217,8279988,1.03044,0,5742171,0.67772,5146729,5146729,0
mcs90_b06_s80.A06,mcs90_b06_s80.B06,dsb_never,73,217,107163962,9.06265,0,105229308,8.79886,69768368,69768368,0
mcs90_b06_s80.A07,mcs90_b06_s80.B07,dsb_never,57,135,8574672568,1000.02,1,6814900546,779.606,5404643920,5404643920,0
mcs90_b06_s80.A08,mcs90_b06_s80.B08,dsb_never,72,216,242885074,26.5011,0,226371010,24.3608,145422335,145422335,0
mcs90_b06_s80.A09,mcs90_b06_s80.B09,dsb_never,73,218,3227773,0.445599,0,445494,0.0616104,1752231,1752231,0
mcs90_b06_s90.A00,mcs90_b06_s90.B00,dsb_never,81,243,77205889,10.6615,0,3025524,0.370102,45999647,45999647,0
mcs90_b06_s90.A01,mcs90_b06_s90.B01,dsb_never,82,244,2766694918,288.412,0,2751347985,286.369,1663514281,1663514281,0
mcs90_b06_s90.A02,mcs90_b06_s90.B02,dsb_never,82,244,1837499352,189.357,0,1817607415,186.605,1072840094,1072840094,0
mcs90_b06_s90.A03,mcs90_b06_s90.B03,dsb_never,82,238,18932455,2.63419,0,4097829,0.565971,10731785,10731785,0
mcs90_b06_s90.A04,mcs90_b06_s90.B04,dsb_never,82,245,165619500,16.6422,0,160777922,15.9327,93196400,93196400,0
mcs90_b06_s90.A05,mcs90_b06_s90.B05,dsb_never,82,244,4134033282,508.862,0,4100126469,504.281,2849809940,2849809940,0
mcs90_b06_s90.A06,mcs90_b06_s90.B06,dsb_never,68,170,9050277938,1000.02,1,2356904,0.213443,5787215171,5787215171,0
mcs90_b06_s90.A07,mcs90_b06_s90.B07,dsb_never,81,243,115681851,15.817,0,1827975,0.249124,68348177,68348177,0
mcs90_b06_s90.A08,mcs90_b06_s90.B08,dsb_never,67,161,10094629899,1000.02,1,3145859024,316.727,6112789226,6112789226,0
mcs90_b06_s90.A09,mcs90_b06_s90.B09,dsb_never,66,167,10119531106,1000.02,1,6209175852,550.629,6674479508,6674479508,0
mcs90_b06m_s10.A00,mcs90_b06m_s10.B00,dsb_never,9,21,31,3.22E-05,0,10,8.57E-06,22,22,0
mcs90_b06m_s10.A01,mcs90_b06m_s10.B01,dsb_never,9,26,42,2.56E-05,0,10,6.15E-06,29,29,0
mcs90_b06m_s10.A02,mcs90_b06m_s10.B02,dsb_never,9,25,152,4.48E-05,0,135,2.06E-05,103,103,0
mcs90_b06m_s10.A03,mcs90_b06m_s10.B03,dsb_never,9,24,143,4.61E-05,0,126,2.02E-05,93,93,0
mcs90_b06m_s10.A04,mcs90_b06m_s10.B04,dsb_never,9,24,116,3.68E-05,0,97,1.76E-05,80,80,0
mcs90_b06m_s10.A05,mcs90_b06m_s10.B05,dsb_never,9,24,67,3.89E-05,0,48,1.29E-05,45,45,0
mcs90_b06m_s10.A06,mcs90_b06m_s10.B06,dsb_never,9,24,111,3.42E-05,0,92,1.60E-05,75,75,0
mcs90_b06m_s10.A07,mcs90_b06m_s10.B07,dsb_never,9,25,143,4.66E-05,0,109,1.83E-05,95,95,0
mcs90_b06m_s10.A08,mcs90_b06m_s10.B08,dsb_never,9,26,57,2.97E-05,0,31,1.07E-05,37,37,0
mcs90_b06m_s10.A09,mcs90_b06m_s10.B09,dsb_never,9,26,39,2.74E-05,0,10,8.18E-06,29,29,0
mcs90_b06m_s100.A00,mcs90_b06m_s100.B00,dsb_never,90,268,4946581,1.05425,0,91,0.000146632,3219920,3219920,0
mcs90_b06m_s100.A01,mcs90_b06m_s100.B01,dsb_never,54,77,9805871950,1000.02,1,4517150430,439.507,6857227585,6857227585,0
mcs90_b06m_s100.A02,mcs90_b06m_s100.B02,dsb_never,50,62,11580299906,1000.02,1,10260469462,877.2,7803802951,7803802951,0
mcs90_b06m_s100.A03,mcs90_b06m_s100.B03,dsb_never,90,269,4524637,0.982181,0,91,0.000140433,2784994,2784994,0
mcs90_b06m_s100.A04,mcs90_b06m_s100.B04,dsb_never,90,269,1007024733,160.683,0,1001313907,159.485,587244169,587244169,0
mcs90_b06m_s100.A05,mcs90_b06m_s100.B05,dsb_never,55,86,8619259797,1000.02,1,4196793562,439.422,5640186724,5640186724,0
mcs90_b06m_s100.A06,mcs90_b06m_s100.B06,dsb_never,90,269,4866774,1.01792,0,91,0.000138278,3166742,3166742,0
mcs90_b06m_s100.A07,mcs90_b06m_s100.B07,dsb_never,54,78,8471108188,1000.02,1,114618377,10.6437,5435531336,5435531336,0
mcs90_b06m_s100.A08,mcs90_b06m_s100.B08,dsb_never,50,63,9168568478,1000.02,1,5050900905,537.343,5877801412,5877801412,0
mcs90_b06m_s100.A09,mcs90_b06m_s100.B09,dsb_never,49,55,10187243084,1000.02,1,4270348337,384.971,6863830786,6863830786,0
mcs90_b06m_s15.A00,mcs90_b06m_s15.B00,dsb_never,13,39,289,7.19E-05,0,46,1.27E-05,223,223,0
mcs90_b06m_s15.A01,mcs90_b06m_s15.B01,dsb_never,13,37,337,7.86E-05,0,193,3.10E-05,229,229,0
mcs90_b06m_s15.A02,mcs90_b06m_s15.B02,dsb_never,13,38,202,6.67E-05,0,115,2.50E-05,138,138,0
mcs90_b06m_s15.A03,mcs90_b06m_s15.B03,dsb_never,13,37,3389,0.000481334,0,3194,0.000427983,2124,2124,0
mcs90_b06m_s15.A04,mcs90_b06m_s15.B04,dsb_never,13,36,353,7.94E-05,0,107,2.14E-05,257,257,0
mcs90_b06m_s15.A05,mcs90_b06m_s15.B05,dsb_never,13,37,126,4.42E-05,0,14,8.27E-06,100,100,0
mcs90_b06m_s15.A06,mcs90_b06m_s15.B06,dsb_never,13,37,1844,0.00029243,0,1698,0.000246722,1140,1140,0
mcs90_b06m_s15.A07,mcs90_b06m_s15.B07,dsb_never,13,37,132,4.90E-05,0,35,1.11E-05,97,97,0
mcs90_b06m_s15.A08,mcs90_b06m_s15.B08,dsb_never,13,38,856,0.000148023,0,789,0.000110456,549,549,0
mcs90_b06m_s15.A09,mcs90_b06m_s15.B09,dsb_never,13,37,287,6.82E-05,0,139,2.63E-05,199,199,0
mcs90_b06m_s20.A00,mcs90_b06m_s20.B00,dsb_never,18,51,9339,0.00124094,0,9231,0.00118795,5848,5848,0
mcs90_b06m_s20.A01,mcs90_b06m_s20.B01,dsb_never,18,52,21719,0.00268894,0,21451,0.00261721,13402,13402,0
mcs90_b06m_s20.A02,mcs90_b06m_s20.B02,dsb_never,18,53,267,8.41E-05,0,50,1.99E-05,206,206,0
mcs90_b06m_s20.A03,mcs90_b06m_s20.B03,dsb_never,18,53,388,0.000100251,0,116,2.74E-05,287,287,0
mcs90_b06m_s20.A04,mcs90_b06m_s20.B04,dsb_never,18,53,201,7.36E-05,0,19,1.51E-05,155,155,0
mcs90_b06m_s20.A05,mcs90_b06m_s20.B05,dsb_never,18,51,8683,0.00110971,0,8557,0.00106103,5388,5388,0
mcs90_b06m_s20.A06,mcs90_b06m_s20.B06,dsb_never,18,53,12192,0.00170815,0,12002,0.00165399,7720,7720,0
mcs90_b06m_s20.A07,mcs90_b06m_s20.B07,dsb_never,18,49,14545,0.00195729,0,14174,0.00188426,8844,8844,0
mcs90_b06m_s20.A08,mcs90_b06m_s20.B08,dsb_never,18,52,40639,0.00491109,0,40417,0.00485025,24818,24818,0
mcs90_b06m_s20.A09,mcs90_b06m_s20.B09,dsb_never,18,54,3231,0.000494825,0,2892,0.000419131,1981,1981,0
mcs90_b06m_s25.A00,mcs90_b06m_s25.B00,dsb_never,22,65,8953,0.00115237,0,8113,0.000986755,5550,5550,0
mcs90_b06m_s25.A01,mcs90_b06m_s25.B01,dsb_never,22,66,109278,0.0144094,0,108533,0.0142582,69337,69337,0
mcs90_b06m_s25.A02,mcs90_b06m_s25.B02,dsb_never,22,65,3412,0.000499501,0,2892,0.000385389,2194,2194,0
mcs90_b06m_s25.A03,mcs90_b06m_s25.B03,dsb_never,22,64,392453,0.0478305,0,391548,0.0476486,251546,251546,0
mcs90_b06m_s25.A04,mcs90_b06m_s25.B04,dsb_never,22,63,91846,0.0118362,0,90873,0.0116578,57010,57010,0
mcs90_b06m_s25.A05,mcs90_b06m_s25.B05,dsb_never,22,63,1684,0.000290235,0,570,9.12E-05,1155,1155,0
mcs90_b06m_s25.A06,mcs90_b06m_s25.B06,dsb_never,22,65,5030,0.000704876,0,3959,0.000500049,3183,3183,0
mcs90_b06m_s25.A07,mcs90_b06m_s25.B07,dsb_never,22,66,5501,0.000746939,0,4822,0.000611997,3444,3444,0
mcs90_b06m_s25.A08,mcs90_b06m_s25.B08,dsb_never,22,62,93016,0.0109226,0,92279,0.0107775,60610,60610,0
mcs90_b06m_s25.A09,mcs90_b06m_s25.B09,dsb_never,22,65,867,0.000185919,0,23,1.82E-05,669,669,0
mcs90_b06m_s30.A00,mcs90_b06m_s30.B00,dsb_never,27,78,76327,0.00801561,0,75760,0.00788532,47528,47528,0
mcs90_b06m_s30.A01,mcs90_b06m_s30.B01,dsb_never,27,79,701243,0.0844148,0,700121,0.0841919,438495,438495,0
mcs90_b06m_s30.A02,mcs90_b06m_s30.B02,dsb_never,27,78,2857,0.000472671,0,1366,0.000203356,1924,1924,0
mcs90_b06m_s30.A03,mcs90_b06m_s30.B03,dsb_never,27,81,276404,0.0351627,0,275385,0.0349672,173658,173658,0
mcs90_b06m_s30.A04,mcs90_b06m_s30.B04,dsb_never,27,79,890544,0.105783,0,888639,0.105468,581562,581562,0
mcs90_b06m_s30.A05,mcs90_b06m_s30.B05,dsb_never,27,76,129364,0.0144933,0,127507,0.014191,82416,82416,0
mcs90_b06m_s30.A06,mcs90_b06m_s30.B06,dsb_never,27,79,805,0.000192951,0,186,6.18E-05,610,610,0
mcs90_b06m_s30.A07,mcs90_b06m_s30.B07,dsb_never,27,77,1520,0.000315055,0,896,0.000173141,1034,1034,0
mcs90_b06m_s30.A08,mcs90_b06m_s30.B08,dsb_never,27,78,1331,0.000264788,0,107,3.73E-05,1004,1004,0
mcs90_b06m_s30.A09,mcs90_b06m_s30.B09,dsb_never,27,79,56211,0.00743337,0,55195,0.00724834,35222,35222,0
mcs90_b06m_s35.A00,mcs90_b06m_s35.B00,dsb_never,31,88,5455,0.000934418,0,32,2.41E-05,3985,3985,0
mcs90_b06m_s35.A01,mcs90_b06m_s35.B01,dsb_never,32,91,950803,0.103173,0,949126,0.102851,612097,612097,0
mcs90_b06m_s35.A02,mcs90_b06m_s35.B02,dsb_never,31,91,7577,0.00114849,0,3661,0.000474725,5085,5085,0
mcs90_b06m_s35.A03,mcs90_b06m_s35.B03,dsb_never,31,92,8417302,1.06066,0,8413605,1.06001,5539233,5539233,0
mcs90_b06m_s35.A04,mcs90_b06m_s35.B04,dsb_never,31,92,6734,0.00116909,0,2140,0.000359291,4515,4515,0
mcs90_b06m_s35.A05,mcs90_b06m_s35.B05,dsb_never,31,90,19617623,2.10973,0,19614121,2.1091,13715973,13715973,0
mcs90_b06m_s35.A06,mcs90_b06m_s35.B06,dsb_never,31,92,3839,0.000699087,0,32,2.54E-05,2848,2848,0
mcs90_b06m_s35.A07,mcs90_b06m_s35.B07,dsb_never,31,91,121041,0.0143902,0,117691,0.0138411,80305,80305,0
mcs90_b06m_s35.A08,mcs90_b06m_s35.B08,dsb_never,31,91,59207,0.00748728,0,55570,0.00681952,37119,37119,0
mcs90_b06m_s35.A09,mcs90_b06m_s35.B09,dsb_never,31,92,1563096,0.193145,0,1558912,0.192404,1075168,1075168,0
mcs90_b06m_s40.A00,mcs90_b06m_s40.B00,dsb_never,36,108,67603,0.0098891,0,63261,0.00913652,44026,44026,0
mcs90_b06m_s40.A01,mcs90_b06m_s40.B01,dsb_never,36,106,20854276,3.17639,0,20848286,3.1749,13824225,13824225,0
mcs90_b06m_s40.A02,mcs90_b06m_s40.B02,dsb_never,36,108,3318,0.000732777,0,37,5.15E-05,2508,2508,0
mcs90_b06m_s40.A03,mcs90_b06m_s40.B03,dsb_never,36,104,3160950,0.368497,0,3157749,0.367897,2041628,2041628,0
mcs90_b06m_s40.A04,mcs90_b06m_s40.B04,dsb_never,36,106,675092,0.0830004,0,671151,0.0822517,456863,456863,0
mcs90_b06m_s40.A05,mcs90_b06m_s40.B05,dsb_never,36,105,28614,0.00443905,0,22838,0.00344494,18131,18131,0
mcs90_b06m_s40.A06,mcs90_b06m_s40.B06,dsb_never,36,105,3060,0.000614034,0,693,0.000148323,2122,2122,0
mcs90_b06m_s40.A07,mcs90_b06m_s40.B07,dsb_never,36,107,677645,0.0808022,0,674081,0.080118,423174,423174,0
mcs90_b06m_s40.A08,mcs90_b06m_s40.B08,dsb_never,36,107,5171543,0.572124,0,5166673,0.571284,3529261,3529261,0
mcs90_b06m_s40.A09,mcs90_b06m_s40.B09,dsb_never,36,107,4658,0.000864641,0,37,4.27E-05,3465,3465,0
mcs90_b06m_s50.A00,mcs90_b06m_s50.B00,dsb_never,31,57,8688767728,1000.02,1,7956083415,907.152,5838012821,5838012821,0
mcs90_b06m_s50.A01,mcs90_b06m_s50.B01,dsb_never,45,132,21543,0.00365087,0,1416,0.000290517,14849,14849,0
mcs90_b06m_s50.A02,mcs90_b06m_s50.B02,dsb_never,45,134,19411,0.00326885,0,8854,0.00141074,12477,12477,0
mcs90_b06m_s50.A03,mcs90_b06m_s50.B03,dsb_never,45,135,16463903,2.12655,0,16449846,2.12399,10803441,10803441,0
mcs90_b06m_s50.A04,mcs90_b06m_s50.B04,dsb_never,45,128,4036449723,946.414,0,4036430312,946.407,2717512542,2717512542,0
mcs90_b06m_s50.A05,mcs90_b06m_s50.B05,dsb_never,45,135,13638,0.00250788,0,46,4.62E-05,10189,10189,0
mcs90_b06m_s50.A06,mcs90_b06m_s50.B06,dsb_never,45,134,12675,0.00232231,0,46,4.61E-05,8897,8897,0
mcs90_b06m_s50.A07,mcs90_b06m_s50.B07,dsb_never,45,135,16413,0.00316244,0,46,6.44E-05,12082,12082,0
mcs90_b06m_s50.A08,mcs90_b06m_s50.B08,dsb_never,45,135,155260437,20.4996,0,155250225,20.4977,104564641,104564641,0
mcs90_b06m_s50.A09,mcs90_b06m_s50.B09,dsb_never,45,131,73103556,8.4836,0,73082891,8.47991,48273110,48273110,0
mcs90_b06m_s60.A00,mcs90_b06m_s60.B00,dsb_never,54,161,1633924471,225.43,0,1633891124,225.424,1110112473,1110112473,0
mcs90_b06m_s60.A01,mcs90_b06m_s60.B01,dsb_never,54,160,33939,0.0065811,0,55,5.97E-05,23667,23667,0
mcs90_b06m_s60.A02,mcs90_b06m_s60.B02,dsb_never,54,161,1726339960,225.435,0,1726302895,225.428,1194203490,1194203490,0
mcs90_b06m_s60.A03,mcs90_b06m_s60.B03,dsb_never,54,158,336184,0.0522283,0,280973,0.0426367,216840,216840,0
mcs90_b06m_s60.A04,mcs90_b06m_s60.B04,dsb_never,54,162,37151,0.00700531,0,3121,0.000593631,26154,26154,0
mcs90_b06m_s60.A05,mcs90_b06m_s60.B05,dsb_never,34,53,9706080524,1000.02,1,8361611693,854.459,6743461845,6743461845,0
mcs90_b06m_s60.A06,mcs90_b06m_s60.B06,dsb_never,35,45,9329921205,1000.02,1,8399648507,891.474,6466241375,6466241375,0
mcs90_b06m_s60.A07,mcs90_b06m_s60.B07,dsb_never,54,160,45720,0.00851654,0,55,5.90E-05,31634,31634,0
mcs90_b06m_s60.A08,mcs90_b06m_s60.B08,dsb_never,54,160,58617,0.0106316,0,55,5.67E-05,40228,40228,0
mcs90_b06m_s60.A09,mcs90_b06m_s60.B09,dsb_never,34,52,8873349931,1000.01,1,5837608266,646.116,6048110141,6048110141,0
mcs90_b06m_s70.A00,mcs90_b06m_s70.B00,dsb_never,63,187,2745107,0.459026,0,2543004,0.421372,1812090,1812090,0
mcs90_b06m_s70.A01,mcs90_b06m_s70.B01,dsb_never,63,189,93380,0.0179102,0,64,8.24E-05,64604,64604,0
mcs90_b06m_s70.A02,mcs90_b06m_s70.B02,dsb_never,39,57,9171236675,1000.02,1,5596521899,598.407,6518177535,6518177535,0
mcs90_b06m_s70.A03,mcs90_b06m_s70.B03,dsb_never,63,187,743135,0.134654,0,572033,0.103694,441661,441661,0
mcs90_b06m_s70.A04,mcs90_b06m_s70.B04,dsb_never,63,189,9873017,1.69187,0,9761799,1.66947,5413030,5413030,0
mcs90_b06m_s70.A05,mcs90_b06m_s70.B05,dsb_never,38,54,9511892850,1000.02,1,5294366,0.507658,6313014921,6313014921,0
mcs90_b06m_s70.A06,mcs90_b06m_s70.B06,dsb_never,63,188,102777,0.0194092,0,64,8.33E-05,69693,69693,0
mcs90_b06m_s70.A07,mcs90_b06m_s70.B07,dsb_never,63,188,179991,0.0464593,0,64,0.000115494,125682,125682,0
mcs90_b06m_s70.A08,mcs90_b06m_s70.B08,dsb_never,63,187,139592,0.0262277,0,64,7.80E-05,94233,94233,0
mcs90_b06m_s70.A09,mcs90_b06m_s70.B09,dsb_never,63,188,143666426,16.9437,0,143512950,16.9148,90325646,90325646,0
mcs90_b06m_s80.A00,mcs90_b06m_s80.B00,dsb_never,54,120,6976234398,1000.02,1,3014278946,418.185,4497336708,4497336708,0
mcs90_b06m_s80.A01,mcs90_b06m_s80.B01,dsb_never,44,61,10523600762,1000.02,1,561382836,50.8503,7119677597,7119677597,0
mcs90_b06m_s80.A02,mcs90_b06m_s80.B02,dsb_never,72,213,867045714,139.124,0,866646607,139.046,560534417,560534417,0
mcs90_b06m_s80.A03,mcs90_b06m_s80.B03,dsb_never,41,47,8945629418,1000.02,1,301222227,32.4241,6043036135,6043036135,0
mcs90_b06m_s80.A04,mcs90_b06m_s80.B04,dsb_never,72,215,627537,0.122516,0,73,9.63E-05,422793,422793,0
mcs90_b06m_s80.A05,mcs90_b06m_s80.B05,dsb_never,72,214,643837305,107.884,0,643238942,107.766,440160335,440160335,0
mcs90_b06m_s80.A06,mcs90_b06m_s80.B06,dsb_never,42,53,9328273431,1000.01,1,215447185,18.9778,6097638198,6097638198,0
mcs90_b06m_s80.A07,mcs90_b06m_s80.B07,dsb_never,72,214,1065416285,146.236,0,1064816756,146.119,724132542,724132542,0
mcs90_b06m_s80.A08,mcs90_b06m_s80.B08,dsb_never,47,82,8985436671,1000.02,1,5464818152,600.233,6534288951,6534288951,0
mcs90_b06m_s80.A09,mcs90_b06m_s80.B09,dsb_never,72,214,570720,0.108042,0,73,9.87E-05,395477,395477,0
mcs90_b06m_s90.A00,mcs90_b06m_s90.B00,dsb_never,46,57,10559464369,1000.02,1,2215674848,201.186,6770498209,6770498209,0
mcs90_b06m_s90.A01,mcs90_b06m_s90.B01,dsb_never,47,61,12284263944,1000.02,1,11816321213,957.783,9639746456,9639746456,0
mcs90_b06m_s90.A02,mcs90_b06m_s90.B02,dsb_never,81,242,49386043,8.4689,0,47843398,8.1549,30895411,30895411,0
mcs90_b06m_s90.A03,mcs90_b06m_s90.B03,dsb_never,46,56,9127129502,1000.01,1,41852507,4.14183,6240286391,6240286391,0
mcs90_b06m_s90.A04,mcs90_b06m_s90.B04,dsb_never,48,64,11286380815,1000.01,1,1250584830,55.3282,8498304871,8498304871,0
mcs90_b06m_s90.A05,mcs90_b06m_s90.B05,dsb_never,47,61,9880933173,1000.02,1,4271490635,432.282,6812214441,6812214441,0
mcs90_b06m_s90.A06,mcs90_b06m_s90.B06,dsb_never,47,61,9819843070,1000.01,1,673551895,63.3368,7146884995,7146884995,0
mcs90_b06m_s90.A07,mcs90_b06m_s90.B07,dsb_never,81,240,10103299,2.01128,0,8413755,1.67565,5695199,5695199,0
mcs90_b06m_s90.A08,mcs90_b06m_s90.B08,dsb_never,48,67,9573775953,1000.01,1,4271012801,437.515,6274776327,6274776327,0
mcs90_b06m_s90.A09,mcs90_b06m_s90.B09,dsb_never,81,241,185899423,32.0487,0,183783242,31.6328,117847885,117847885,0
mcs90_b09_s100.A00,mcs90_b09_s100.B00,dsb_never,52,130,7983207838,1000.01,1,3903393622,478.44,5384358872,5384358872,0
mcs90_b09_s100.A01,mcs90_b09_s100.B01,dsb_never,90,405,72537974,15.5965,0,91,0.000109224,38300582,38300582,0
mcs90_b09_s100.A02,mcs90_b09_s100.B02,dsb_never,90,405,38538533,8.497,0,3561993,0.58454,21103118,21103118,0
mcs90_b09_s100.A03,mcs90_b09_s100.B03,dsb_never,90,405,4098227471,544.52,0,4037367648,530.896,2758415397,2758415397,0
mcs90_b09_s100.A04,mcs90_b09_s100.B04,dsb_never,90,405,34327347,7.65214,0,222401,0.04483,18628229,18628229,0
mcs90_b09_s100.A05,mcs90_b09_s100.B05,dsb_never,66,228,7124721109,1000.01,1,6232027723,864.222,4487070717,4487070717,0
mcs90_b09_s100.A06,mcs90_b09_s100.B06,dsb_never,52,133,7596328485,1000.01,1,5791049322,750.168,5044806464,5044806464,0
mcs90_b09_s100.A07,mcs90_b09_s100.B07,dsb_never,90,405,77188045,16.6004,0,22148998,4.2641,42923266,42923266,0
mcs90_b09_s100.A08,mcs90_b09_s100.B08,dsb_never,74,295,5570486684,1000.01,1,75,0.000113181,2976447417,2976447417,0
mcs90_b09_s100.A09,mcs90_b09_s100.B09,dsb_never,90,405,2564572663,339.192,0,2517911872,328.848,1620032609,1620032609,0
mcs90_b09_s15.A00,mcs90_b09_s15.B00,dsb_never,12,54,804,0.00012619,0,13,7.65E-06,532,532,0
mcs90_b09_s15.A01,mcs90_b09_s15.B01,dsb_never,13,57,351,7.67E-05,0,252,3.62E-05,233,233,0
mcs90_b09_s15.A02,mcs90_b09_s15.B02,dsb_never,12,54,950,0.000132058,0,55,1.20E-05,606,606,0
mcs90_b09_s15.A03,mcs90_b09_s15.B03,dsb_never,13,57,271,6.81E-05,0,79,1.64E-05,182,182,0
mcs90_b09_s15.A04,mcs90_b09_s15.B04,dsb_never,12,54,834,0.000117987,0,27,9.28E-06,551,551,0
mcs90_b09_s15.A05,mcs90_b09_s15.B05,dsb_never,12,54,737,0.000115714,0,13,7.13E-06,483,483,0
mcs90_b09_s15.A06,mcs90_b09_s15.B06,dsb_never,13,57,491,8.57E-05,0,410,4.81E-05,314,314,0
mcs90_b09_s15.A07,mcs90_b09_s15.B07,dsb_never,13,57,159,5.80E-05,0,14,8.30E-06,117,117,0
mcs90_b09_s15.A08,mcs90_b09_s15.B08,dsb_never,12,54,552,9.37E-05,0,13,7.11E-06,367,367,0
mcs90_b09_s15.A09,mcs90_b09_s15.B09,dsb_never,12,54,390,7.97E-05,0,13,7.37E-06,272,272,0
mcs90_b09_s20.A00,mcs90_b09_s20.B00,dsb_never,18,81,1541,0.000282094,0,114,2.94E-05,1194,1194,0
mcs90_b09_s20.A01,mcs90_b09_s20.B01,dsb_never,18,81,885,0.000180781,0,137,3.54E-05,679,679,0
mcs90_b09_s20.A02,mcs90_b09_s20.B02,dsb_never,18,81,472,0.000122114,0,140,3.75E-05,348,348,0
mcs90_b09_s20.A03,mcs90_b09_s20.B03,dsb_never,18,81,619,0.000142194,0,202,4.65E-05,470,470,0
mcs90_b09_s20.A04,mcs90_b09_s20.B04,dsb_never,18,81,620,0.00013942,0,120,2.88E-05,471,471,0
mcs90_b09_s20.A05,mcs90_b09_s20.B05,dsb_never,18,81,684,0.000161183,0,235,6.04E-05,500,500,0
mcs90_b09_s20.A06,mcs90_b09_s20.B06,dsb_never,18,81,532,0.000128694,0,30,1.62E-05,424,424,0
mcs90_b09_s20.A07,mcs90_b09_s20.B07,dsb_never,18,81,602,0.000141803,0,76,2.57E-05,473,473,0
mcs90_b09_s20.A08,mcs90_b09_s20.B08,dsb_never,18,81,933,0.000194673,0,144,3.90E-05,725,725,0
mcs90_b09_s20.A09,mcs90_b09_s20.B09,dsb_never,18,81,514,0.000120121,0,187,3.97E-05,371,371,0
mcs90_b09_s25.A00,mcs90_b09_s25.B00,dsb_never,22,99,4428,0.000787713,0,1190,0.000203826,3198,3198,0
mcs90_b09_s25.A01,mcs90_b09_s25.B01,dsb_never,22,99,3140,0.00057259,0,744,0.000128974,2298,2298,0
mcs90_b09_s25.A02,mcs90_b09_s25.B02,dsb_never,22,99,5872,0.00104572,0,2562,0.000437178,3978,3978,0
mcs90_b09_s25.A03,mcs90_b09_s25.B03,dsb_never,22,99,9003,0.00147564,0,4413,0.000626492,6258,6258,0
mcs90_b09_s25.A04,mcs90_b09_s25.B04,dsb_never,22,99,18181,0.0027749,0,15510,0.00225444,11369,11369,0
mcs90_b09_s25.A05,mcs90_b09_s25.B05,dsb_never,22,99,4181,0.000754896,0,488,9.83E-05,3132,3132,0
mcs90_b09_s25.A06,mcs90_b09_s25.B06,dsb_never,22,99,12647,0.00191332,0,10189,0.00144781,8007,8007,0
mcs90_b09_s25.A07,mcs90_b09_s25.B07,dsb_never,22,99,3730,0.000718362,0,1036,0.000207983,2832,2832,0
mcs90_b09_s25.A08,mcs90_b09_s25.B08,dsb_never,22,99,3558,0.000671681,0,494,9.82E-05,2651,2651,0
mcs90_b09_s25.A09,mcs90_b09_s25.B09,dsb_never,22,99,8469,0.00158066,0,3865,0.000568425,5803,5803,0
mcs90_b09_s30.A00,mcs90_b09_s30.B00,dsb_never,26,117,17587,0.00325918,0,3592,0.000699813,11922,11922,0
mcs90_b09_s30.A01,mcs90_b09_s30.B01,dsb_never,26,117,15040,0.00265405,0,1148,0.00023995,10576,10576,0
mcs90_b09_s30.A02,mcs90_b09_s30.B02,dsb_never,26,117,18994,0.00316634,0,8989,0.00135461,12848,12848,0
mcs90_b09_s30.A03,mcs90_b09_s30.B03,dsb_never,26,117,18084,0.00340552,0,2259,0.000434073,12704,12704,0
mcs90_b09_s30.A04,mcs90_b09_s30.B04,dsb_never,26,117,42564,0.00631147,0,32224,0.00432323,27386,27386,0
mcs90_b09_s30.A05,mcs90_b09_s30.B05,dsb_never,27,121,5514,0.00101802,0,4157,0.000733232,3578,3578,0
mcs90_b09_s30.A06,mcs90_b09_s30.B06,dsb_never,26,117,76822,0.0106443,0,66472,0.00877367,49454,49454,0
mcs90_b09_s30.A07,mcs90_b09_s30.B07,dsb_never,26,117,28739,0.0051895,0,11263,0.00197045,18865,18865,0
mcs90_b09_s30.A08,mcs90_b09_s30.B08,dsb_never,26,117,24618,0.00420092,0,9103,0.00132812,16706,16706,0
mcs90_b09_s30.A09,mcs90_b09_s30.B09,dsb_never,26,117,17180,0.00307994,0,4204,0.000690849,12013,12013,0
mcs90_b09_s35.A00,mcs90_b09_s35.B00,dsb_never,30,135,52266,0.0104617,0,5984,0.00125987,34448,34448,0
mcs90_b09_s35.A01,mcs90_b09_s35.B01,dsb_never,30,135,901787,0.133154,0,858236,0.125062,585420,585420,0
mcs90_b09_s35.A02,mcs90_b09_s35.B02,dsb_never,30,135,60297,0.0100542,0,26659,0.00374198,40191,40191,0
mcs90_b09_s35.A03,mcs90_b09_s35.B03,dsb_never,30,135,31710,0.00595265,0,598,0.000140241,22002,22002,0
mcs90_b09_s35.A04,mcs90_b09_s35.B04,dsb_never,30,135,51482,0.0101422,0,54,2.79E-05,34481,34481,0
mcs90_b09_s35.A05,mcs90_b09_s35.B05,dsb_never,30,135,50328,0.00966545,0,6805,0.00127503,33579,33579,0
mcs90_b09_s35.A06,mcs90_b09_s35.B06,dsb_never,30,135,49992,0.00955788,0,11820,0.00209538,33737,33737,0
mcs90_b09_s35.A07,mcs90_b09_s35.B07,dsb_never,30,135,55913,0.0104708,0,18267,0.00308112,36907,36907,0
mcs90_b09_s35.A08,mcs90_b09_s35.B08,dsb_never,30,135,51016,0.00977903,0,7022,0.00136037,33240,33240,0
mcs90_b09_s35.A09,mcs90_b09_s35.B09,dsb_never,30,135,57058,0.0097556,0,26084,0.00394466,38029,38029,0
mcs90_b09_s40.A00,mcs90_b09_s40.B00,dsb_never,36,162,175063,0.0243892,0,154935,0.0207428,118213,118213,0
mcs90_b09_s40.A01,mcs90_b09_s40.B01,dsb_never,36,162,35383,0.013376,0,12349,0.00472356,22993,22993,0
mcs90_b09_s40.A02,mcs90_b09_s40.B02,dsb_never,36,162,20346,0.00378118,0,3102,0.000657349,14119,14119,0
mcs90_b09_s40.A03,mcs90_b09_s40.B03,dsb_never,36,162,25365,0.00417885,0,12799,0.00186503,17168,17168,0
mcs90_b09_s40.A04,mcs90_b09_s40.B04,dsb_never,36,162,212263,0.0316682,0,190247,0.0275905,134315,134315,0
mcs90_b09_s40.A05,mcs90_b09_s40.B05,dsb_never,37,163,270005,0.0377391,0,265537,0.0368981,177505,177505,0
mcs90_b09_s40.A06,mcs90_b09_s40.B06,dsb_never,36,162,27871,0.00507093,0,3287,0.000703248,18954,18954,0
mcs90_b09_s40.A07,mcs90_b09_s40.B07,dsb_never,36,162,36000,0.00669814,0,16048,0.00293549,23435,23435,0
mcs90_b09_s40.A08,mcs90_b09_s40.B08,dsb_never,36,162,22714,0.00432262,0,3938,0.00079514,15951,15951,0
mcs90_b09_s40.A09,mcs90_b09_s40.B09,dsb_never,36,162,26439,0.00487063,0,89,4.24E-05,18099,18099,0
mcs90_b09_s50.A00,mcs90_b09_s50.B00,dsb_never,44,198,178855,0.0359556,0,45,4.34E-05,114445,114445,0
mcs90_b09_s50.A01,mcs90_b09_s50.B01,dsb_never,45,199,3123350,0.487123,0,3049974,0.472704,1982250,1982250,0
mcs90_b09_s50.A02,mcs90_b09_s50.B02,dsb_never,44,198,3876903,0.598897,0,3743910,0.572538,2483410,2483410,0
mcs90_b09_s50.A03,mcs90_b09_s50.B03,dsb_never,44,198,150923,0.0304461,0,11149,0.00239728,97283,97283,0
mcs90_b09_s50.A04,mcs90_b09_s50.B04,dsb_never,44,198,340144,0.0694235,0,44664,0.00899446,202438,202438,0
mcs90_b09_s50.A05,mcs90_b09_s50.B05,dsb_never,44,198,233516,0.0484324,0,22573,0.00475347,142868,142868,0
mcs90_b09_s50.A06,mcs90_b09_s50.B06,dsb_never,44,198,3031329,0.476813,0,2811278,0.431955,1912598,1912598,0
mcs90_b09_s50.A07,mcs90_b09_s50.B07,dsb_never,44,198,3732359,0.569283,0,3563910,0.535001,2424691,2424691,0
mcs90_b09_s50.A08,mcs90_b09_s50.B08,dsb_never,44,198,6645190,1.03167,0,6378560,0.976385,4161448,4161448,0
mcs90_b09_s50.A09,mcs90_b09_s50.B09,dsb_never,44,198,295591,0.051555,0,151502,0.0226287,189247,189247,0
mcs90_b09_s60.A00,mcs90_b09_s60.B00,dsb_never,54,243,240416,0.0483521,0,64947,0.0121078,149220,149220,0
mcs90_b09_s60.A01,mcs90_b09_s60.B01,dsb_never,54,243,18627804,2.85949,0,18364419,2.80489,10673844,10673844,0
mcs90_b09_s60.A02,mcs90_b09_s60.B02,dsb_never,54,243,323739,0.13795,0,28129,0.0113734,195150,195150,0
mcs90_b09_s60.A03,mcs90_b09_s60.B03,dsb_never,55,244,111320,0.0435654,0,67650,0.025793,70898,70898,0
mcs90_b09_s60.A04,mcs90_b09_s60.B04,dsb_never,54,243,279440,0.117049,0,10397,0.00444734,170908,170908,0
mcs90_b09_s60.A05,mcs90_b09_s60.B05,dsb_never,54,243,5707917,0.92096,0,5521463,0.883143,3310460,3310460,0
mcs90_b09_s60.A06,mcs90_b09_s60.B06,dsb_never,54,243,342664,0.0702395,0,56193,0.0102003,206573,206573,0
mcs90_b09_s60.A07,mcs90_b09_s60.B07,dsb_never,54,243,5747043,0.866577,0,5493076,0.813878,3519049,3519049,0
mcs90_b09_s60.A08,mcs90_b09_s60.B08,dsb_never,54,243,445452,0.089023,0,101672,0.0183661,270754,270754,0
mcs90_b09_s60.A09,mcs90_b09_s60.B09,dsb_never,54,243,4975475,0.745714,0,4793556,0.708762,2986128,2986128,0
mcs90_b09_s70.A00,mcs90_b09_s70.B00,dsb_never,63,280,78293045,11.6564,0,77768458,11.5406,44307695,44307695,0
mcs90_b09_s70.A01,mcs90_b09_s70.B01,dsb_never,62,279,86234164,13.3836,0,83918664,12.878,53147834,53147834,0
mcs90_b09_s70.A02,mcs90_b09_s70.B02,dsb_never,62,279,14158413,2.38559,0,12317236,1.98061,7917337,7917337,0
mcs90_b09_s70.A03,mcs90_b09_s70.B03,dsb_never,62,279,2059584,0.45572,0,9326,0.00234978,1214165,1214165,0
mcs90_b09_s70.A04,mcs90_b09_s70.B04,dsb_never,62,279,2472954,0.510047,0,449507,0.0691273,1481394,1481394,0
mcs90_b09_s70.A05,mcs90_b09_s70.B05,dsb_never,62,279,759741738,126.281,0,757792849,125.854,443335887,443335887,0
mcs90_b09_s70.A06,mcs90_b09_s70.B06,dsb_never,62,279,347371714,57.6951,0,344845602,57.1432,203111514,203111514,0
mcs90_b09_s70.A07,mcs90_b09_s70.B07,dsb_never,63,280,321819643,51.0481,0,321398609,50.9568,202777105,202777105,0
mcs90_b09_s70.A08,mcs90_b09_s70.B08,dsb_never,62,279,28742056,4.68207,0,26915255,4.2817,16032480,16032480,0
mcs90_b09_s70.A09,mcs90_b09_s70.B09,dsb_never,62,279,3255350,0.64371,0,1445105,0.249213,1996594,1996594,0
mcs90_b09_s80.A00,mcs90_b09_s80.B00,dsb_never,72,324,687607100,106.513,0,684357904,105.797,406222464,406222464,0
mcs90_b09_s80.A01,mcs90_b09_s80.B01,dsb_never,72,324,56308232,6.79559,0,53238207,6.11923,36695244,36695244,0
mcs90_b09_s80.A02,mcs90_b09_s80.B02,dsb_never,72,324,4692821337,738.641,0,4689428477,737.892,2534672147,2534672147,0
mcs90_b09_s80.A03,mcs90_b09_s80.B03,dsb_never,72,324,2111924,0.470398,0,207016,0.0402739,1254572,1254572,0
mcs90_b09_s80.A04,mcs90_b09_s80.B04,dsb_never,72,324,2431707,0.541715,0,128038,0.0236229,1391443,1391443,0
mcs90_b09_s80.A05,mcs90_b09_s80.B05,dsb_never,72,324,1345866419,213.938,0,1343913295,213.494,796093947,796093947,0
mcs90_b09_s80.A06,mcs90_b09_s80.B06,dsb_never,72,324,3867784,0.843586,0,937,0.000261353,2204043,2204043,0
mcs90_b09_s80.A07,mcs90_b09_s80.B07,dsb_never,72,324,281851931,45.2728,0,274798029,43.7709,158603068,158603068,0
mcs90_b09_s80.A08,mcs90_b09_s80.B08,dsb_never,72,324,2319693,0.513568,0,187948,0.0393437,1330748,1330748,0
mcs90_b09_s80.A09,mcs90_b09_s80.B09,dsb_never,72,324,1524242544,240.891,0,1521832456,240.356,807001487,807001487,0
mcs90_b09_s90.A00,mcs90_b09_s90.B00,dsb_never,80,360,33744389,7.30375,0,1683580,0.335714,18328152,18328152,0
mcs90_b09_s90.A01,mcs90_b09_s90.B01,dsb_never,52,146,7300705987,1000.01,1,2559410251,349.061,4399947623,4399947623,0
mcs90_b09_s90.A02,mcs90_b09_s90.B02,dsb_never,40,76,8315759680,1000.01,1,2670357893,296.627,5509095328,5509095328,0
mcs90_b09_s90.A03,mcs90_b09_s90.B03,dsb_never,80,360,2937061325,494.098,0,2904906119,486.997,1771642068,1771642068,0
mcs90_b09_s90.A04,mcs90_b09_s90.B04,dsb_never,80,360,29604881,6.47806,0,1251896,0.237504,16574338,16574338,0
mcs90_b09_s90.A05,mcs90_b09_s90.B05,dsb_never,80,360,215447128,28.659,0,198998428,25.0759,134308597,134308597,0
mcs90_b09_s90.A06,mcs90_b09_s90.B06,dsb_never,80,360,599738382,96.8827,0,572981819,90.9719,354941396,354941396,0
mcs90_b09_s90.A07,mcs90_b09_s90.B07,dsb_never,80,360,156811929,28.9591,0,129123339,22.9371,83132072,83132072,0
mcs90_b09_s90.A08,mcs90_b09_s90.B08,dsb_never,80,360,273834791,46.523,0,243708250,39.8976,155384121,155384121,0
mcs90_b09_s90.A09,mcs90_b09_s90.B09,dsb_never,81,361,13404587,2.70659,0,8247927,1.51772,7572162,7572162,0
mcs90_b09m_s100.A00,mcs90_b09m_s100.B00,dsb_never,43,68,7407818998,1000.01,1,86059820,11.425,4784233750,4784233750,0
mcs90_b09m_s100.A01,mcs90_b09m_s100.B01,dsb_never,90,401,2051652,1.07709,0,91,0.000303093,1549701,1549701,0
mcs90_b09m_s100.A02,mcs90_b09m_s100.B02,dsb_never,41,61,4327291066,1000.02,1,691778079,156.113,2868175495,2868175495,0
mcs90_b09m_s100.A03,mcs90_b09m_s100.B03,dsb_never,44,71,3285858172,1000.02,1,194367214,51.2511,2140299545,2140299545,0
mcs90_b09m_s100.A04,mcs90_b09m_s100.B04,dsb_never,90,405,18395689,5.16115,0,14433779,4.03684,11426790,11426790,0
mcs90_b09m_s100.A05,mcs90_b09m_s100.B05,dsb_never,44,72,6138258064,1000.02,1,2773280987,442.292,3876010522,3876010522,0
mcs90_b09m_s100.A06,mcs90_b09m_s100.B06,dsb_never,90,401,10697910,2.88543,0,8275840,2.26564,6559235,6559235,0
mcs90_b09m_s100.A07,mcs90_b09m_s100.B07,dsb_never,44,82,7646353424,1000.01,1,5936387621,764.752,4940180478,4940180478,0
mcs90_b09m_s100.A08,mcs90_b09m_s100.B08,dsb_never,43,60,8385547560,1000,1,4340631187,498.031,5484694214,5484694214,0
mcs90_b09m_s100.A09,mcs90_b09m_s100.B09,dsb_never,42,55,8045638242,1000.02,1,3128731487,381.566,5248179764,5248179764,0
mcs90_b09m_s15.A00,mcs90_b09m_s15.B00,dsb_never,12,49,662,0.000123906,0,210,3.33E-05,473,473,0
mcs90_b09m_s15.A01,mcs90_b09m_s15.B01,dsb_never,12,48,725,0.00011905,0,394,4.86E-05,495,495,0
mcs90_b09m_s15.A02,mcs90_b09m_s15.B02,dsb_never,12,47,1636,0.00023986,0,1144,0.00014646,1145,1145,0
mcs90_b09m_s15.A03,mcs90_b09m_s15.B03,dsb_never,12,47,631,0.000109805,0,399,5.22E-05,442,442,0
mcs90_b09m_s15.A04,mcs90_b09m_s15.B04,dsb_never,12,48,1473,0.000221334,0,1261,0.000167302,991,991,0
mcs90_b09m_s15.A05,mcs90_b09m_s15.B05,dsb_never,12,48,1865,0.000268945,0,1485,0.000189576,1272,1272,0
mcs90_b09m_s15.A06,mcs90_b09m_s15.B06,dsb_never,12,48,3102,0.000409217,0,2636,0.000322886,1992,1992,0
mcs90_b09m_s15.A07,mcs90_b09m_s15.B07,dsb_never,12,47,376,8.48E-05,0,51,1.28E-05,269,269,0
mcs90_b09m_s15.A08,mcs90_b09m_s15.B08,dsb_never,12,48,945,0.000159448,0,634,8.69E-05,659,659,0
mcs90_b09m_s15.A09,mcs90_b09m_s15.B09,dsb_never,12,48,1663,0.000231778,0,1298,0.000156324,1135,1135,0
mcs90_b09m_s20.A00,mcs90_b09m_s20.B00,dsb_never,18,77,20028,0.00344895,0,19901,0.0033959,12221,12221,0
mcs90_b09m_s20.A01,mcs90_b09m_s20.B01,dsb_never,18,76,21305,0.00358789,0,21182,0.00353855,13536,13536,0
mcs90_b09m_s20.A02,mcs90_b09m_s20.B02,dsb_never,18,71,1390,0.000272589,0,1211,0.000208833,846,846,0
mcs90_b09m_s20.A03,mcs90_b09m_s20.B03,dsb_never,18,73,12177,0.00384856,0,11947,0.00371636,7281,7281,0
mcs90_b09m_s20.A04,mcs90_b09m_s20.B04,dsb_never,18,78,466,0.000220079,0,305,0.000121341,307,307,0
mcs90_b09m_s20.A05,mcs90_b09m_s20.B05,dsb_never,18,77,2112,0.000796391,0,1898,0.000667628,1297,1297,0
mcs90_b09m_s20.A06,mcs90_b09m_s20.B06,dsb_never,18,77,943,0.000187464,0,743,0.000124408,596,596,0
mcs90_b09m_s20.A07,mcs90_b09m_s20.B07,dsb_never,18,77,3008,0.000479432,0,2920,0.000435836,1850,1850,0
mcs90_b09m_s20.A08,mcs90_b09m_s20.B08,dsb_never,18,77,6189,0.000971402,0,6059,0.00091764,3939,3939,0
mcs90_b09m_s20.A09,mcs90_b09m_s20.B09,dsb_never,18,76,7662,0.00122456,0,7483,0.00116289,4628,4628,0
mcs90_b09m_s25.A00,mcs90_b09m_s25.B00,dsb_never,22,98,5926,0.00106935,0,4595,0.000760293,3824,3824,0
mcs90_b09m_s25.A01,mcs90_b09m_s25.B01,dsb_never,22,95,27593,0.0043346,0,25896,0.00397589,16873,16873,0
mcs90_b09m_s25.A02,mcs90_b09m_s25.B02,dsb_never,22,96,707,0.000187202,0,172,4.92E-05,562,562,0
mcs90_b09m_s25.A03,mcs90_b09m_s25.B03,dsb_never,22,98,12332,0.00216064,0,10924,0.00167026,7454,7454,0
mcs90_b09m_s25.A04,mcs90_b09m_s25.B04,dsb_never,22,94,3603,0.00077003,0,826,0.00018598,2748,2748,0
mcs90_b09m_s25.A05,mcs90_b09m_s25.B05,dsb_never,22,94,1356,0.000314303,0,23,2.00E-05,1131,1131,0
mcs90_b09m_s25.A06,mcs90_b09m_s25.B06,dsb_never,22,97,124290,0.0202729,0,122883,0.0199567,74940,74940,0
mcs90_b09m_s25.A07,mcs90_b09m_s25.B07,dsb_never,22,97,517049,0.0881533,0,516005,0.0879024,311420,311420,0
mcs90_b09m_s25.A08,mcs90_b09m_s25.B08,dsb_never,22,95,86893,0.0140054,0,85841,0.0137751,52577,52577,0
mcs90_b09m_s25.A09,mcs90_b09m_s25.B09,dsb_never,22,96,1284,0.000283787,0,503,9.52E-05,934,934,0
mcs90_b09m_s30.A00,mcs90_b09m_s30.B00,dsb_never,26,112,79371,0.0122123,0,75760,0.0114665,48221,48221,0
mcs90_b09m_s30.A01,mcs90_b09m_s30.B01,dsb_never,26,113,1184072,0.189682,0,1179984,0.188837,732472,732472,0
mcs90_b09m_s30.A02,mcs90_b09m_s30.B02,dsb_never,26,113,2127712,0.34722,0,2122803,0.346248,1304320,1304320,0
mcs90_b09m_s30.A03,mcs90_b09m_s30.B03,dsb_never,26,114,1230154,0.194958,0,1227433,0.194361,747062,747062,0
mcs90_b09m_s30.A04,mcs90_b09m_s30.B04,dsb_never,26,113,13922,0.00235786,0,11241,0.00179637,8668,8668,0
mcs90_b09m_s30.A05,mcs90_b09m_s30.B05,dsb_never,26,114,3294104,0.553017,0,3291521,0.552466,2060422,2060422,0
mcs90_b09m_s30.A06,mcs90_b09m_s30.B06,dsb_never,26,110,1194808,0.208313,0,1191818,0.207694,759496,759496,0
mcs90_b09m_s30.A07,mcs90_b09m_s30.B07,dsb_never,26,112,12506,0.00228596,0,8632,0.00147924,8231,8231,0
mcs90_b09m_s30.A08,mcs90_b09m_s30.B08,dsb_never,26,114,6326,0.00121491,0,2599,0.000462144,4397,4397,0
mcs90_b09m_s30.A09,mcs90_b09m_s30.B09,dsb_never,26,114,1290780,0.202374,0,1285612,0.201291,799738,799738,0
mcs90_b09m_s35.A00,mcs90_b09m_s35.B00,dsb_never,30,129,27246,0.0102169,0,17956,0.00612977,18001,18001,0
mcs90_b09m_s35.A01,mcs90_b09m_s35.B01,dsb_never,30,134,34180,0.0127422,0,18337,0.00603417,23124,23124,0
mcs90_b09m_s35.A02,mcs90_b09m_s35.B02,dsb_never,30,129,1158702,0.410011,0,1146764,0.405135,725808,725808,0
mcs90_b09m_s35.A03,mcs90_b09m_s35.B03,dsb_never,30,132,603584,0.101634,0,589846,0.0988649,369990,369990,0
mcs90_b09m_s35.A04,mcs90_b09m_s35.B04,dsb_never,30,134,713386,0.137429,0,703713,0.13544,461914,461914,0
mcs90_b09m_s35.A05,mcs90_b09m_s35.B05,dsb_never,30,128,14821853,2.24487,0,14804545,2.24138,9257209,9257209,0
mcs90_b09m_s35.A06,mcs90_b09m_s35.B06,dsb_never,30,133,8934090,1.49297,0,8920244,1.49015,5646920,5646920,0
mcs90_b09m_s35.A07,mcs90_b09m_s35.B07,dsb_never,30,130,39909661,6.06447,0,39892938,6.06112,25295701,25295701,0
mcs90_b09m_s35.A08,mcs90_b09m_s35.B08,dsb_never,30,130,21372869,3.23544,0,21355639,3.23199,13780187,13780187,0
mcs90_b09m_s35.A09,mcs90_b09m_s35.B09,dsb_never,30,131,22703,0.0046608,0,3347,0.000686523,16735,16735,0
mcs90_b09m_s40.A00,mcs90_b09m_s40.B00,dsb_never,36,158,1800593,0.296164,0,1796900,0.295378,1110302,1110302,0
mcs90_b09m_s40.A01,mcs90_b09m_s40.B01,dsb_never,36,159,70973736,11.8038,0,70970961,11.8032,45866436,45866436,0
mcs90_b09m_s40.A02,mcs90_b09m_s40.B02,dsb_never,36,158,34169886,6.52519,0,34166908,6.52454,21587051,21587051,0
mcs90_b09m_s40.A03,mcs90_b09m_s40.B03,dsb_never,36,158,774863,0.13013,0,770057,0.129082,484073,484073,0
mcs90_b09m_s40.A04,mcs90_b09m_s40.B04,dsb_never,36,158,3940,0.0008965,0,37,4.23E-05,3213,3213,0
mcs90_b09m_s40.A05,mcs90_b09m_s40.B05,dsb_never,36,159,132231363,20.2051,0,132225957,20.204,84095377,84095377,0
mcs90_b09m_s40.A06,mcs90_b09m_s40.B06,dsb_never,36,161,1225921,0.187243,0,1220135,0.185937,754018,754018,0
mcs90_b09m_s40.A07,mcs90_b09m_s40.B07,dsb_never,36,156,24114948,3.42709,0,24104695,3.42506,15700078,15700078,0
mcs90_b09m_s40.A08,mcs90_b09m_s40.B08,dsb_never,36,160,3343,0.000795215,0,37,4.17E-05,2731,2731,0
mcs90_b09m_s40.A09,mcs90_b09m_s40.B09,dsb_never,36,157,2866823,0.521677,0,2862304,0.520703,1825695,1825695,0
mcs90_b09m_s50.A00,mcs90_b09m_s50.B00,dsb_never,44,193,1457923707,214.036,0,1457877254,214.026,960326014,960326014,0
mcs90_b09m_s50.A01,mcs90_b09m_s50.B01,dsb_never,44,191,37922,0.00829474,0,838,0.000231607,28427,28427,0
mcs90_b09m_s50.A02,mcs90_b09m_s50.B02,dsb_never,44,194,40028,0.00879777,0,45,4.94E-05,30795,30795,0
mcs90_b09m_s50.A03,mcs90_b09m_s50.B03,dsb_never,44,193,1357680533,208.553,0,1357646108,208.546,898440095,898440095,0
mcs90_b09m_s50.A04,mcs90_b09m_s50.B04,dsb_never,44,197,2812588956,438.108,0,2812526960,438.095,1826523836,1826523836,0
mcs90_b09m_s50.A05,mcs90_b09m_s50.B05,dsb_never,44,193,2299537991,369.245,0,2299506720,369.239,1512079538,1512079538,0
mcs90_b09m_s50.A06,mcs90_b09m_s50.B06,dsb_never,44,196,18129943,6.94826,0,18105933,6.93782,12156453,12156453,0
mcs90_b09m_s50.A07,mcs90_b09m_s50.B07,dsb_never,25,59,3362997547,1000.03,1,1722775123,502.654,2208261251,2208261251,0
mcs90_b09m_s50.A08,mcs90_b09m_s50.B08,dsb_never,44,195,15173902,4.706,0,15128959,4.68648,9557385,9557385,0
mcs90_b09m_s50.A09,mcs90_b09m_s50.B09,dsb_never,44,191,27809,0.00617909,0,45,4.87E-05,21072,21072,0
mcs90_b09m_s60.A00,mcs90_b09m_s60.B00,dsb_never,54,237,279819573,53.4467,0,279760447,53.4337,188756556,188756556,0
mcs90_b09m_s60.A01,mcs90_b09m_s60.B01,dsb_never,54,240,732823367,106.775,0,732804486,106.771,464076703,464076703,0
mcs90_b09m_s60.A02,mcs90_b09m_s60.B02,dsb_never,54,240,17514420,3.32237,0,17471073,3.3124,11447110,11447110,0
mcs90_b09m_s60.A03,mcs90_b09m_s60.B03,dsb_never,54,240,444944,0.0952061,0,410694,0.0874978,288731,288731,0
mcs90_b09m_s60.A04,mcs90_b09m_s60.B04,dsb_never,54,235,30236,0.0067979,0,912,0.000276245,23530,23530,0
mcs90_b09m_s60.A05,mcs90_b09m_s60.B05,dsb_never,54,238,88461175,14.7216,0,88401579,14.7085,56949504,56949504,0
mcs90_b09m_s60.A06,mcs90_b09m_s60.B06,dsb_never,54,241,1348069550,213.59,0,1348021267,213.579,869546399,869546399,0
mcs90_b09m_s60.A07,mcs90_b09m_s60.B07,dsb_never,54,238,6319018,0.943724,0,6288834,0.936938,4079656,4079656,0
mcs90_b09m_s60.A08,mcs90_b09m_s60.B08,dsb_never,54,240,66221567,12.4418,0,66178057,12.4322,44609187,44609187,0
mcs90_b09m_s60.A09,mcs90_b09m_s60.B09,dsb_never,54,239,419759,0.0781699,0,372422,0.0676945,270968,270968,0
mcs90_b09m_s70.A00,mcs90_b09m_s70.B00,dsb_never,62,276,145299959,25.3981,0,144994589,25.3022,97027896,97027896,0
mcs90_b09m_s70.A01,mcs90_b09m_s70.B01,dsb_never,35,78,7356217672,1000.02,1,7140377897,966.97,4732283116,4732283116,0
mcs90_b09m_s70.A02,mcs90_b09m_s70.B02,dsb_never,44,135,5234630032,1000.02,1,16636704,3.08496,3557454968,3557454968,0
mcs90_b09m_s70.A03,mcs90_b09m_s70.B03,dsb_never,62,273,374805,0.0882465,0,63,8.42E-05,276759,276759,0
mcs90_b09m_s70.A04,mcs90_b09m_s70.B04,dsb_never,62,275,208115,0.049182,0,63,9.21E-05,156893,156893,0
mcs90_b09m_s70.A05,mcs90_b09m_s70.B05,dsb_never,62,276,1219781,0.228661,0,1075546,0.195075,735186,735186,0
mcs90_b09m_s70.A06,mcs90_b09m_s70.B06,dsb_never,31,42,8112644663,1000.01,1,6505851255,785.87,5369314459,5369314459,0
mcs90_b09m_s70.A07,mcs90_b09m_s70.B07,dsb_never,31,46,7213346364,1000.02,1,1788920847,234.445,4745487271,4745487271,0
mcs90_b09m_s70.A08,mcs90_b09m_s70.B08,dsb_never,62,275,306314,0.0723387,0,63,7.87E-05,222348,222348,0
mcs90_b09m_s70.A09,mcs90_b09m_s70.B09,dsb_never,62,273,335105,0.0776702,0,63,9.02E-05,236997,236997,0
mcs90_b09m_s80.A00,mcs90_b09m_s80.B00,dsb_never,72,320,1549566174,244.505,0,1549178200,244.412,1020856148,1020856148,0
mcs90_b09m_s80.A01,mcs90_b09m_s80.B01,dsb_never,72,320,41033927,5.05509,0,40695360,4.97342,26799487,26799487,0
mcs90_b09m_s80.A02,mcs90_b09m_s80.B02,dsb_never,72,321,1503879386,281.224,0,1503520342,281.136,963261726,963261726,0
mcs90_b09m_s80.A03,mcs90_b09m_s80.B03,dsb_never,42,105,5856720676,1000.02,1,5247175628,893.339,3855989354,3855989354,0
mcs90_b09m_s80.A04,mcs90_b09m_s80.B04,dsb_never,72,322,324364,0.081736,0,73,0.000108884,230918,230918,0
mcs90_b09m_s80.A05,mcs90_b09m_s80.B05,dsb_never,72,318,100521711,19.1837,0,100075415,19.0774,64595207,64595207,0
mcs90_b09m_s80.A06,mcs90_b09m_s80.B06,dsb_never,72,315,328357,0.0824651,0,166766,0.0431683,213025,213025,0
mcs90_b09m_s80.A07,mcs90_b09m_s80.B07,dsb_never,72,321,304702,0.0774887,0,73,0.000114893,214364,214364,0
mcs90_b09m_s80.A08,mcs90_b09m_s80.B08,dsb_never,35,49,7818857892,1000.02,1,4810841395,602.274,5003321322,5003321322,0
mcs90_b09m_s80.A09,mcs90_b09m_s80.B09,dsb_never,72,322,320601,0.0792831,0,73,0.000113291,236239,236239,0
mcs90_b09m_s90.A00,mcs90_b09m_s90.B00,dsb_never,80,357,2430402,1.21952,0,81,0.000247901,1791206,1791206,0
mcs90_b09m_s90.A01,mcs90_b09m_s90.B01,dsb_never,36,49,4840969251,1000.01,1,8689107,1.53123,3343855048,3343855048,0
mcs90_b09m_s90.A02,mcs90_b09m_s90.B02,dsb_never,80,354,87056030,19.9559,0,83563332,19.0938,54386617,54386617,0
mcs90_b09m_s90.A03,mcs90_b09m_s90.B03,dsb_never,80,356,1693673,0.419698,0,81,0.000142604,1259058,1259058,0
mcs90_b09m_s90.A04,mcs90_b09m_s90.B04,dsb_never,80,357,2117399,0.553642,0,81,0.000124215,1506556,1506556,0
mcs90_b09m_s90.A05,mcs90_b09m_s90.B05,dsb_never,37,50,8036140484,1000.01,1,2103021332,246.807,5333518180,5333518180,0
mcs90_b09m_s90.A06,mcs90_b09m_s90.B06,dsb_never,40,62,8138022939,1000.02,1,312817295,37.5559,5773855468,5773855468,0
mcs90_b09m_s90.A07,mcs90_b09m_s90.B07,dsb_never,80,356,1980340184,499.748,0,1978039421,499.184,1399954211,1399954211,0
mcs90_b09m_s90.A08,mcs90_b09m_s90.B08,dsb_never,63,212,4629977624,1000.01,1,146579078,30.1694,3200779840,3200779840,0
mcs90_b09m_s90.A09,mcs90_b09m_s90.B09,dsb_never,38,55,7333672480,1000.01,1,726812684,89.111,4712989008,4712989008,0
mcs90_m2D_s10.A00,mcs90_m2D_s10.B00,dsb_never,10,13,52,3.87E-05,0,31,1.13E-05,34,34,0
mcs90_m2D_s10.A01,mcs90_m2D_s10.B01,dsb_never,9,12,47,6.43E-05,0,10,1.38E-05,34,34,0
mcs90_m2D_s10.A02,mcs90_m2D_s10.B02,dsb_never,9,12,94,3.99E-05,0,63,1.24E-05,60,60,0
mcs90_m2D_s10.A03,mcs90_m2D_s10.B03,dsb_never,10,13,52,3.88E-05,0,31,1.15E-05,34,34,0
mcs90_m2D_s10.A04,mcs90_m2D_s10.B04,dsb_never,9,12,33,3.71E-05,0,10,6.81E-06,24,24,0
mcs90_m2D_s10.A05,mcs90_m2D_s10.B05,dsb_never,9,12,49,3.60E-05,0,27,8.99E-06,33,33,0
mcs90_m2D_s10.A06,mcs90_m2D_s10.B06,dsb_never,10,13,52,3.80E-05,0,31,1.23E-05,34,34,0
mcs90_m2D_s10.A07,mcs90_m2D_s10.B07,dsb_never,10,13,34,3.54E-05,0,11,8.72E-06,24,24,0
mcs90_m2D_s10.A08,mcs90_m2D_s10.B08,dsb_never,10,13,34,3.40E-05,0,11,7.07E-06,24,24,0
mcs90_m2D_s10.A09,mcs90_m2D_s10.B09,dsb_never,10,13,34,3.66E-05,0,11,9.46E-06,24,24,0
mcs90_m2D_s100.A00,mcs90_m2D_s100.B00,dsb_never,66,65,9786893601,1000.02,1,1051152202,104.882,6259603671,6259603671,0
mcs90_m2D_s100.A01,mcs90_m2D_s100.B01,dsb_never,67,72,10098196010,1000.02,1,1978276567,184.764,7049370135,7049370135,0
mcs90_m2D_s100.A02,mcs90_m2D_s100.B02,dsb_never,64,62,5599258285,1000.02,1,59170736,10.0501,3568603083,3568603083,0
mcs90_m2D_s100.A03,mcs90_m2D_s100.B03,dsb_never,68,79,9297182993,1000.02,1,539362154,55.1546,6483119941,6483119941,0
mcs90_m2D_s100.A04,mcs90_m2D_s100.B04,dsb_never,63,62,9845600216,1000.01,1,301231589,23.5564,6774881301,6774881301,0
mcs90_m2D_s100.A05,mcs90_m2D_s100.B05,dsb_never,67,77,10131571186,1000.02,1,27074633,2.21881,6955475431,6955475431,0
mcs90_m2D_s100.A06,mcs90_m2D_s100.B06,dsb_never,76,120,8366367769,1000.01,1,197,9.17E-05,4920313497,4920313497,0
mcs90_m2D_s100.A07,mcs90_m2D_s100.B07,dsb_never,68,75,9648960823,1000.02,1,4547382821,463.718,6555969264,6555969264,0
mcs90_m2D_s100.A08,mcs90_m2D_s100.B08,dsb_never,74,114,7526827052,1000.02,1,112622,0.013117,4105460131,4105460131,0
mcs90_m2D_s100.A09,mcs90_m2D_s100.B09,dsb_never,73,94,9148247455,1000.01,1,59867080,5.8089,5912131568,5912131568,0
mcs90_m2D_s20.A00,mcs90_m2D_s20.B00,dsb_never,17,25,2086,0.000258178,0,498,6.30E-05,1372,1372,0
mcs90_m2D_s20.A01,mcs90_m2D_s20.B01,dsb_never,17,25,1242,0.000184377,0,18,1.31E-05,863,863,0
mcs90_m2D_s20.A02,mcs90_m2D_s20.B02,dsb_never,17,26,3566,0.000415895,0,1103,0.000125448,2210,2210,0
mcs90_m2D_s20.A03,mcs90_m2D_s20.B03,dsb_never,16,24,16042,0.00158698,0,9398,0.000930724,9863,9863,0
mcs90_m2D_s20.A04,mcs90_m2D_s20.B04,dsb_never,16,24,16968,0.0016504,0,7274,0.000679037,10230,10230,0
mcs90_m2D_s20.A05,mcs90_m2D_s20.B05,dsb_never,16,24,20602,0.00387485,0,10378,0.00179108,12582,12582,0
mcs90_m2D_s20.A06,mcs90_m2D_s20.B06,dsb_never,17,25,13201,0.00258004,0,10533,0.00199841,7782,7782,0
mcs90_m2D_s20.A07,mcs90_m2D_s20.B07,dsb_never,16,24,6965,0.00149231,0,103,4.55E-05,4283,4283,0
mcs90_m2D_s20.A08,mcs90_m2D_s20.B08,dsb_never,17,25,9458,0.000934214,0,7605,0.000725701,5716,5716,0
mcs90_m2D_s20.A09,mcs90_m2D_s20.B09,dsb_never,17,25,6215,0.000682546,0,4391,0.000464048,3859,3859,0
mcs90_m2D_s30.A00,mcs90_m2D_s30.B00,dsb_never,26,37,203629,0.0205922,0,192536,0.0193526,122522,122522,0
mcs90_m2D_s30.A01,mcs90_m2D_s30.B01,dsb_never,25,40,566813,0.0706827,0,479914,0.059115,332951,332951,0
mcs90_m2D_s30.A02,mcs90_m2D_s30.B02,dsb_never,26,41,307537,0.0304715,0,293080,0.0287972,188830,188830,0
mcs90_m2D_s30.A03,mcs90_m2D_s30.B03,dsb_never,27,42,199234,0.0207699,0,196049,0.0203756,118646,118646,0
mcs90_m2D_s30.A04,mcs90_m2D_s30.B04,dsb_never,26,39,191549,0.0192079,0,159999,0.015575,116011,116011,0
mcs90_m2D_s30.A05,mcs90_m2D_s30.B05,dsb_never,25,40,102285,0.0105043,0,64800,0.00626584,63339,63339,0
mcs90_m2D_s30.A06,mcs90_m2D_s30.B06,dsb_never,25,40,345016,0.0362225,0,260654,0.0269263,215882,215882,0
mcs90_m2D_s30.A07,mcs90_m2D_s30.B07,dsb_never,27,43,201737,0.0204293,0,199676,0.0201725,131320,131320,0
mcs90_m2D_s30.A08,mcs90_m2D_s30.B08,dsb_never,27,42,172305,0.0159963,0,169790,0.0156754,107343,107343,0
mcs90_m2D_s30.A09,mcs90_m2D_s30.B09,dsb_never,25,40,589580,0.0557169,0,522841,0.0481608,371086,371086,0
mcs90_m2D_s40.A00,mcs90_m2D_s40.B00,dsb_never,36,60,158327,0.0175043,0,117658,0.0127838,89481,89481,0
mcs90_m2D_s40.A01,mcs90_m2D_s40.B01,dsb_never,36,60,2193173,0.225762,0,2158447,0.221671,1375838,1375838,0
mcs90_m2D_s40.A02,mcs90_m2D_s40.B02,dsb_never,36,60,12644105,1.25738,0,12610034,1.2533,8030235,8030235,0
mcs90_m2D_s40.A03,mcs90_m2D_s40.B03,dsb_never,36,60,1211223,0.127866,0,1168205,0.122708,727675,727675,0
mcs90_m2D_s40.A04,mcs90_m2D_s40.B04,dsb_never,37,61,1293299,0.130213,0,1286832,0.12943,747220,747220,0
mcs90_m2D_s40.A05,mcs90_m2D_s40.B05,dsb_never,37,61,1406705,0.134547,0,1397940,0.133481,832132,832132,0
mcs90_m2D_s40.A06,mcs90_m2D_s40.B06,dsb_never,36,60,1951132,0.189808,0,1902066,0.183971,1245084,1245084,0
mcs90_m2D_s40.A07,mcs90_m2D_s40.B07,dsb_never,36,60,47910,0.0118532,0,37,6.29E-05,28281,28281,0
mcs90_m2D_s40.A08,mcs90_m2D_s40.B08,dsb_never,36,60,12152383,2.41671,0,12085622,2.40161,7858289,7858289,0
mcs90_m2D_s40.A09,mcs90_m2D_s40.B09,dsb_never,36,60,729671,0.149078,0,674003,0.13573,432716,432716,0
mcs90_m2D_s50.A00,mcs90_m2D_s50.B00,dsb_never,49,84,1660285,0.172513,0,1660187,0.172451,923454,923454,0
mcs90_m2D_s50.A01,mcs90_m2D_s50.B01,dsb_never,49,84,1606111,0.177982,0,1606013,0.177922,921445,921445,0
mcs90_m2D_s50.A02,mcs90_m2D_s50.B02,dsb_never,49,84,514620,0.0642254,0,514520,0.0641599,270190,270190,0
mcs90_m2D_s50.A03,mcs90_m2D_s50.B03,dsb_never,49,84,1204201,0.169811,0,1203323,0.169627,649378,649378,0
mcs90_m2D_s50.A04,mcs90_m2D_s50.B04,dsb_never,50,85,23747065,2.3455,0,23746962,2.34542,13958001,13958001,0
mcs90_m2D_s50.A05,mcs90_m2D_s50.B05,dsb_never,49,84,341514,0.0392245,0,341438,0.0391685,180767,180767,0
mcs90_m2D_s50.A06,mcs90_m2D_s50.B06,dsb_never,49,84,628434,0.0683752,0,627211,0.0681911,334190,334190,0
mcs90_m2D_s50.A07,mcs90_m2D_s50.B07,dsb_never,49,84,2162740,0.232199,0,2161039,0.23196,1229374,1229374,0
mcs90_m2D_s50.A08,mcs90_m2D_s50.B08,dsb_never,49,84,1528209,0.16824,0,1528116,0.168174,855247,855247,0
mcs90_m2D_s50.A09,mcs90_m2D_s50.B09,dsb_never,49,84,5139015,0.519352,0,5137170,0.5191,3088093,3088093,0
mcs90_m2D_s60.A00,mcs90_m2D_s60.B00,dsb_never,47,70,8772908416,1000.01,1,4009959995,450.365,5592754468,5592754468,0
mcs90_m2D_s60.A01,mcs90_m2D_s60.B01,dsb_never,44,50,9445581065,1000.03,1,1006759,0.084024,6250978535,6250978535,0
mcs90_m2D_s60.A02,mcs90_m2D_s60.B02,dsb_never,43,45,10315711945,1000.02,1,10065570472,974.941,6929813280,6929813280,0
mcs90_m2D_s60.A03,mcs90_m2D_s60.B03,dsb_never,45,71,7974357014,1000.02,1,74,6.17E-05,5258874347,5258874347,0
mcs90_m2D_s60.A04,mcs90_m2D_s60.B04,dsb_never,45,67,9330064073,1000.01,1,46,5.05E-05,6003424804,6003424804,0
mcs90_m2D_s60.A05,mcs90_m2D_s60.B05,dsb_never,44,66,9403875724,1000.02,1,45,5.24E-05,6213324659,6213324659,0
mcs90_m2D_s60.A06,mcs90_m2D_s60.B06,dsb_never,48,72,8842355613,1000.02,1,8427625387,951.364,5824453560,5824453560,0
mcs90_m2D_s60.A07,mcs90_m2D_s60.B07,dsb_never,44,68,9565974633,1000.02,1,45,3.87E-05,6204208933,6204208933,0
mcs90_m2D_s60.A08,mcs90_m2D_s60.B08,dsb_never,44,54,9463433176,1000.01,1,19152083,1.74078,6144159391,6144159391,0
mcs90_m2D_s60.A09,mcs90_m2D_s60.B09,dsb_never,44,58,9449987041,1000.02,1,4479661828,469.794,6364188258,6364188258,0
mcs90_m2D_s70.A00,mcs90_m2D_s70.B00,dsb_never,64,112,1066479891,119.797,0,1064766814,119.549,651160221,651160221,0
mcs90_m2D_s70.A01,mcs90_m2D_s70.B01,dsb_never,65,113,1172504440,140.07,0,1172283845,140.04,702464424,702464424,0
mcs90_m2D_s70.A02,mcs90_m2D_s70.B02,dsb_never,65,113,586242983,73.9752,0,585816746,73.9131,343759193,343759193,0
mcs90_m2D_s70.A03,mcs90_m2D_s70.B03,dsb_never,65,113,2432669421,285.382,0,2432390964,285.342,1484009465,1484009465,0
mcs90_m2D_s70.A04,mcs90_m2D_s70.B04,dsb_never,64,112,2535466,0.377332,0,65,6.53E-05,1398532,1398532,0
mcs90_m2D_s70.A05,mcs90_m2D_s70.B05,dsb_never,65,113,1984951326,250.722,0,1984611779,250.673,1226666338,1226666338,0
mcs90_m2D_s70.A06,mcs90_m2D_s70.B06,dsb_never,49,57,9657991945,1000.01,1,1338462021,129.399,6346458221,6346458221,0
mcs90_m2D_s70.A07,mcs90_m2D_s70.B07,dsb_never,53,79,9426017963,1000.01,1,497,9.13E-05,6091800670,6091800670,0
mcs90_m2D_s70.A08,mcs90_m2D_s70.B08,dsb_never,64,112,815601036,99.6662,0,813785797,99.4021,500848019,500848019,0
mcs90_m2D_s70.A09,mcs90_m2D_s70.B09,dsb_never,55,78,8565342495,1000.01,1,654038752,73.2578,5397116120,5397116120,0
mcs90_m2D_s80.A00,mcs90_m2D_s80.B00,dsb_never,57,70,9248525989,1000.02,1,429145699,40.1408,6288869716,6288869716,0
mcs90_m2D_s80.A01,mcs90_m2D_s80.B01,dsb_never,54,51,9892895802,1000.02,1,489303128,47.4573,7016699078,7016699078,0
mcs90_m2D_s80.A02,mcs90_m2D_s80.B02,dsb_never,54,51,4947428181,1000.01,1,582959404,113.784,3270486184,3270486184,0
mcs90_m2D_s80.A03,mcs90_m2D_s80.B03,dsb_never,56,64,4802819051,1000.02,1,1857490539,383.686,3139358795,3139358795,0
mcs90_m2D_s80.A04,mcs90_m2D_s80.B04,dsb_never,61,86,4131683728,1000.02,1,147548093,31.5412,2882910761,2882910761,0
mcs90_m2D_s80.A05,mcs90_m2D_s80.B05,dsb_never,53,51,9735771426,1000.01,1,513848565,50.9275,6811157434,6811157434,0
mcs90_m2D_s80.A06,mcs90_m2D_s80.B06,dsb_never,56,61,10144910598,1000.01,1,4696378150,440.272,6566973926,6566973926,0
mcs90_m2D_s80.A07,mcs90_m2D_s80.B07,dsb_never,56,59,9293058787,1000.02,1,3473925549,364.924,6481082369,6481082369,0
mcs90_m2D_s80.A08,mcs90_m2D_s80.B08,dsb_never,56,56,9199609277,1000.02,1,837401842,86.7195,6302655917,6302655917,0
mcs90_m2D_s80.A09,mcs90_m2D_s80.B09,dsb_never,55,63,9874686425,1000.02,1,6597830514,649.804,6854891686,6854891686,0
mcs90_m2D_s90.A00,mcs90_m2D_s90.B00,dsb_never,71,106,7916799922,1000.01,1,84,7.92E-05,5051501975,5051501975,0
mcs90_m2D_s90.A01,mcs90_m2D_s90.B01,dsb_never,72,127,7918010065,1000.02,1,73,9.10E-05,4655974417,4655974417,0
mcs90_m2D_s90.A02,mcs90_m2D_s90.B02,dsb_never,68,94,8514598921,1000.01,1,4704042207,550.998,4790155638,4790155638,0
mcs90_m2D_s90.A03,mcs90_m2D_s90.B03,dsb_never,68,89,8750680967,1000.02,1,429229244,42.9456,5640739023,5640739023,0
mcs90_m2D_s90.A04,mcs90_m2D_s90.B04,dsb_never,70,99,8758953831,1000.02,1,7102015240,809.323,5471347907,5471347907,0
mcs90_m2D_s90.A05,mcs90_m2D_s90.B05,dsb_never,67,90,9420476650,1000.02,1,52156500,4.79051,5950550210,5950550210,0
mcs90_m2D_s90.A06,mcs90_m2D_s90.B06,dsb_never,64,77,9079960809,1000.02,1,2935684778,326.439,6211204679,6211204679,0
mcs90_m2D_s90.A07,mcs90_m2D_s90.B07,dsb_never,66,95,9104013160,1000.02,1,3111913815,332.136,5737175460,5737175460,0
mcs90_m2D_s90.A08,mcs90_m2D_s90.B08,dsb_never,60,61,9582631849,1000.02,1,416928038,41.2883,6422609389,6422609389,0
mcs90_m2D_s90.A09,mcs90_m2D_s90.B09,dsb_never,70,106,8439032876,1000.02,1,442516559,48.3934,5426907825,5426907825,0
mcs90_m2Dr2_s10.A00,mcs90_m2Dr2_s10.B00,dsb_never,9,13,46,3.48E-05,0,20,7.93E-06,32,32,0
mcs90_m2Dr2_s10.A01,mcs90_m2Dr2_s10.B01,dsb_never,10,14,101,4.69E-05,0,79,1.84E-05,68,68,0
mcs90_m2Dr2_s10.A02,mcs90_m2Dr2_s10.B02,dsb_never,9,13,63,3.61E-05,0,42,1.05E-05,40,40,0
mcs90_m2Dr2_s10.A03,mcs90_m2Dr2_s10.B03,dsb_never,9,13,80,3.97E-05,0,58,1.43E-05,53,53,0
mcs90_m2Dr2_s10.A04,mcs90_m2Dr2_s10.B04,dsb_never,9,12,42,3.50E-05,0,10,8.46E-06,30,30,0
mcs90_m2Dr2_s10.A05,mcs90_m2Dr2_s10.B05,dsb_never,9,13,38,3.75E-05,0,10,9.48E-06,28,28,0
mcs90_m2Dr2_s10.A06,mcs90_m2Dr2_s10.B06,dsb_never,9,12,34,3.42E-05,0,10,8.66E-06,25,25,0
mcs90_m2Dr2_s10.A07,mcs90_m2Dr2_s10.B07,dsb_never,9,13,53,3.75E-05,0,31,1.10E-05,35,35,0
mcs90_m2Dr2_s10.A08,mcs90_m2Dr2_s10.B08,dsb_never,9,12,57,3.74E-05,0,35,9.63E-06,40,40,0
mcs90_m2Dr2_s10.A09,mcs90_m2Dr2_s10.B09,dsb_never,10,14,34,5.21E-05,0,11,1.33E-05,24,24,0
mcs90_m2Dr2_s100.A00,mcs90_m2Dr2_s100.B00,dsb_never,62,62,9556829124,1000.02,1,2262141119,226.166,6149965247,6149965247,0
mcs90_m2Dr2_s100.A01,mcs90_m2Dr2_s100.B01,dsb_never,63,63,9651717095,1000.02,1,2571216886,253.095,6469616895,6469616895,0
mcs90_m2Dr2_s100.A02,mcs90_m2Dr2_s100.B02,dsb_never,60,56,9819553630,1000.02,1,5921523483,577.05,6419990855,6419990855,0
mcs90_m2Dr2_s100.A03,mcs90_m2Dr2_s100.B03,dsb_never,63,60,9570472954,1000.01,1,955916772,94.2748,6704547067,6704547067,0
mcs90_m2Dr2_s100.A04,mcs90_m2Dr2_s100.B04,dsb_never,75,117,6567701476,1000.02,1,64669560,9.139,3642631117,3642631117,0
mcs90_m2Dr2_s100.A05,mcs90_m2Dr2_s100.B05,dsb_never,63,62,8403488458,1000.02,1,117287176,10.483,5337665418,5337665418,0
mcs90_m2Dr2_s100.A06,mcs90_m2Dr2_s100.B06,dsb_never,59,57,9830550304,1000.02,1,1664810053,161.268,6180560919,6180560919,0
mcs90_m2Dr2_s100.A07,mcs90_m2Dr2_s100.B07,dsb_never,63,56,10571054521,1000.01,1,9629208690,906.95,7311390279,7311390279,0
mcs90_m2Dr2_s100.A08,mcs90_m2Dr2_s100.B08,dsb_never,64,60,9205002219,1000.01,1,1876209566,186.7,6439786553,6439786553,0
mcs90_m2Dr2_s100.A09,mcs90_m2Dr2_s100.B09,dsb_never,62,59,9848331588,1000.02,1,80592332,7.39685,6618015659,6618015659,0
mcs90_m2Dr2_s20.A00,mcs90_m2Dr2_s20.B00,dsb_never,17,28,1080,0.000171179,0,18,1.28E-05,777,777,0
mcs90_m2Dr2_s20.A01,mcs90_m2Dr2_s20.B01,dsb_never,16,27,8845,0.000966737,0,73,1.87E-05,5726,5726,0
mcs90_m2Dr2_s20.A02,mcs90_m2Dr2_s20.B02,dsb_never,17,28,1119,0.000185038,0,18,1.52E-05,747,747,0
mcs90_m2Dr2_s20.A03,mcs90_m2Dr2_s20.B03,dsb_never,16,27,27689,0.00261871,0,22690,0.00205937,18163,18163,0
mcs90_m2Dr2_s20.A04,mcs90_m2Dr2_s20.B04,dsb_never,16,27,22030,0.00233297,0,17646,0.00180232,14177,14177,0
mcs90_m2Dr2_s20.A05,mcs90_m2Dr2_s20.B05,dsb_never,16,27,10616,0.00124443,0,1852,0.000229856,6770,6770,0
mcs90_m2Dr2_s20.A06,mcs90_m2Dr2_s20.B06,dsb_never,16,23,7777,0.000876849,0,128,2.75E-05,4990,4990,0
mcs90_m2Dr2_s20.A07,mcs90_m2Dr2_s20.B07,dsb_never,16,27,24954,0.00270193,0,19612,0.00200177,15539,15539,0
mcs90_m2Dr2_s20.A08,mcs90_m2Dr2_s20.B08,dsb_never,16,25,12323,0.00133043,0,5129,0.00053591,7696,7696,0
mcs90_m2Dr2_s20.A09,mcs90_m2Dr2_s20.B09,dsb_never,16,26,14780,0.00162884,0,11446,0.00122106,9232,9232,0
mcs90_m2Dr2_s30.A00,mcs90_m2Dr2_s30.B00,dsb_never,25,45,3108009,0.284406,0,3086210,0.281751,2118629,2118629,0
mcs90_m2Dr2_s30.A01,mcs90_m2Dr2_s30.B01,dsb_never,26,45,594722,0.0634325,0,581675,0.0617679,367643,367643,0
mcs90_m2Dr2_s30.A02,mcs90_m2Dr2_s30.B02,dsb_never,26,46,3296689,0.319026,0,3293996,0.31865,2237303,2237303,0
mcs90_m2Dr2_s30.A03,mcs90_m2Dr2_s30.B03,dsb_never,26,44,657378,0.061762,0,649179,0.060745,407460,407460,0
mcs90_m2Dr2_s30.A04,mcs90_m2Dr2_s30.B04,dsb_never,25,43,788420,0.0859534,0,739261,0.0803083,475763,475763,0
mcs90_m2Dr2_s30.A05,mcs90_m2Dr2_s30.B05,dsb_never,25,45,826920,0.0815844,0,798053,0.0779372,520330,520330,0
mcs90_m2Dr2_s30.A06,mcs90_m2Dr2_s30.B06,dsb_never,26,46,965228,0.0996342,0,948651,0.0975867,617396,617396,0
mcs90_m2Dr2_s30.A07,mcs90_m2Dr2_s30.B07,dsb_never,25,43,1242464,0.126517,0,1212061,0.122929,787501,787501,0
mcs90_m2Dr2_s30.A08,mcs90_m2Dr2_s30.B08,dsb_never,25,45,32261,0.0038794,0,26,2.18E-05,20522,20522,0
mcs90_m2Dr2_s30.A09,mcs90_m2Dr2_s30.B09,dsb_never,25,44,3054832,0.305486,0,2995470,0.298296,1883656,1883656,0
mcs90_m2Dr2_s40.A00,mcs90_m2Dr2_s40.B00,dsb_never,37,67,36010370,3.75886,0,36007891,3.75848,22247527,22247527,0
mcs90_m2Dr2_s40.A01,mcs90_m2Dr2_s40.B01,dsb_never,36,66,230314865,24.1355,0,230298198,24.1333,157651818,157651818,0
mcs90_m2Dr2_s40.A02,mcs90_m2Dr2_s40.B02,dsb_never,36,67,9975142,1.0657,0,9963580,1.06419,6207763,6207763,0
mcs90_m2Dr2_s40.A03,mcs90_m2Dr2_s40.B03,dsb_never,36,66,120710971,11.306,0,120699452,11.3044,81094799,81094799,0
mcs90_m2Dr2_s40.A04,mcs90_m2Dr2_s40.B04,dsb_never,36,67,135330832,14.318,0,135301642,14.3143,85964557,85964557,0
mcs90_m2Dr2_s40.A05,mcs90_m2Dr2_s40.B05,dsb_never,36,66,616656,0.0725778,0,600601,0.0704013,380054,380054,0
mcs90_m2Dr2_s40.A06,mcs90_m2Dr2_s40.B06,dsb_never,36,66,34772649,3.48434,0,34763218,3.48301,22901292,22901292,0
mcs90_m2Dr2_s40.A07,mcs90_m2Dr2_s40.B07,dsb_never,36,67,153567180,15.3525,0,153554505,15.3508,101473563,101473563,0
mcs90_m2Dr2_s40.A08,mcs90_m2Dr2_s40.B08,dsb_never,36,67,4084199,0.441998,0,4065188,0.439498,2526054,2526054,0
mcs90_m2Dr2_s40.A09,mcs90_m2Dr2_s40.B09,dsb_never,37,67,7432,0.00103929,0,1242,0.000200222,4946,4946,0
mcs90_m2Dr2_s50.A00,mcs90_m2Dr2_s50.B00,dsb_never,49,92,3205458239,338.284,0,3205458039,338.284,2044698862,2044698862,0
mcs90_m2Dr2_s50.A01,mcs90_m2Dr2_s50.B01,dsb_never,49,92,237663214,25.6377,0,237663112,25.6376,155402898,155402898,0
mcs90_m2Dr2_s50.A02,mcs90_m2Dr2_s50.B02,dsb_never,49,92,389613996,42.0893,0,389613909,42.0892,241414723,241414723,0
mcs90_m2Dr2_s50.A03,mcs90_m2Dr2_s50.B03,dsb_never,49,90,80641,0.00958786,0,80518,0.0095205,47600,47600,0
mcs90_m2Dr2_s50.A04,mcs90_m2Dr2_s50.B04,dsb_never,49,92,32105131,3.71796,0,32105009,3.71788,19119263,19119263,0
mcs90_m2Dr2_s50.A05,mcs90_m2Dr2_s50.B05,dsb_never,49,92,173361,0.0202657,0,173254,0.0201997,97391,97391,0
mcs90_m2Dr2_s50.A06,mcs90_m2Dr2_s50.B06,dsb_never,49,91,129984607,13.5172,0,129984502,13.5171,77295301,77295301,0
mcs90_m2Dr2_s50.A07,mcs90_m2Dr2_s50.B07,dsb_never,49,92,11468072,1.32834,0,11467891,1.32825,6710748,6710748,0
mcs90_m2Dr2_s50.A08,mcs90_m2Dr2_s50.B08,dsb_never,49,93,1121968940,111.479,0,1121968844,111.479,740861776,740861776,0
mcs90_m2Dr2_s50.A09,mcs90_m2Dr2_s50.B09,dsb_never,49,93,155,0.000112029,0,50,4.81E-05,106,106,0
mcs90_m2Dr2_s60.A00,mcs90_m2Dr2_s60.B00,dsb_never,39,33,9678458477,1000.02,1,568486522,56.1118,6639557160,6639557160,0
mcs90_m2Dr2_s60.A01,mcs90_m2Dr2_s60.B01,dsb_never,40,41,9307080414,1000.02,1,4042292753,431.034,6416464497,6416464497,0
mcs90_m2Dr2_s60.A02,mcs90_m2Dr2_s60.B02,dsb_never,39,37,9237553338,1000.01,1,415783292,43.9054,5662827963,5662827963,0
mcs90_m2Dr2_s60.A03,mcs90_m2Dr2_s60.B03,dsb_never,42,54,9249067258,1000.01,1,5066318128,521.377,6215385711,6215385711,0
mcs90_m2Dr2_s60.A04,mcs90_m2Dr2_s60.B04,dsb_never,40,45,10555119969,1000.01,1,70980288,6.20281,7012155278,7012155278,0
mcs90_m2Dr2_s60.A05,mcs90_m2Dr2_s60.B05,dsb_never,40,40,9333139249,1000.01,1,377263762,38.4283,5957969952,5957969952,0
mcs90_m2Dr2_s60.A06,mcs90_m2Dr2_s60.B06,dsb_never,41,40,9639626073,1000.01,1,5994695225,600.171,6312088880,6312088880,0
mcs90_m2Dr2_s60.A07,mcs90_m2Dr2_s60.B07,dsb_never,40,44,10040948713,1000.01,1,8287532458,813.647,6870544309,6870544309,0
mcs90_m2Dr2_s60.A08,mcs90_m2Dr2_s60.B08,dsb_never,39,38,10222034742,1000.02,1,8110139056,786.668,6930344452,6930344452,0
mcs90_m2Dr2_s60.A09,mcs90_m2Dr2_s60.B09,dsb_never,40,42,9304125785,1000.02,1,519675559,54.6368,6264513591,6264513591,0
mcs90_m2Dr2_s70.A00,mcs90_m2Dr2_s70.B00,dsb_never,46,53,9617639849,1000.02,1,1638677211,166.282,6423805621,6423805621,0
mcs90_m2Dr2_s70.A01,mcs90_m2Dr2_s70.B01,dsb_never,45,48,9540896241,1000.02,1,3138665571,321.282,6341653186,6341653186,0
mcs90_m2Dr2_s70.A02,mcs90_m2Dr2_s70.B02,dsb_never,45,47,10391670735,1000.02,1,136477699,11.8762,6869896441,6869896441,0
mcs90_m2Dr2_s70.A03,mcs90_m2Dr2_s70.B03,dsb_never,46,50,9285597431,1000.01,1,7681860708,822.277,5894899184,5894899184,0
mcs90_m2Dr2_s70.A04,mcs90_m2Dr2_s70.B04,dsb_never,48,63,9294773620,1000.02,1,6740261354,711.854,6200970672,6200970672,0
mcs90_m2Dr2_s70.A05,mcs90_m2Dr2_s70.B05,dsb_never,45,48,9076444843,1000.02,1,1230086782,130.736,6122658224,6122658224,0
mcs90_m2Dr2_s70.A06,mcs90_m2Dr2_s70.B06,dsb_never,47,64,7433978583,1000.02,1,2031389192,250.751,4696856234,4696856234,0
mcs90_m2Dr2_s70.A07,mcs90_m2Dr2_s70.B07,dsb_never,47,54,9063770923,1000.02,1,599066576,60.6601,6136503770,6136503770,0
mcs90_m2Dr2_s70.A08,mcs90_m2Dr2_s70.B08,dsb_never,64,124,8155077206,980.322,0,8154439553,980.223,5198239637,5198239637,0
mcs90_m2Dr2_s70.A09,mcs90_m2Dr2_s70.B09,dsb_never,49,60,9203661105,1000.01,1,7441331992,794.022,5731315108,5731315108,0
mcs90_m2Dr2_s80.A00,mcs90_m2Dr2_s80.B00,dsb_never,51,49,9859274434,1000.01,1,2483001383,243.297,6490606407,6490606407,0
mcs90_m2Dr2_s80.A01,mcs90_m2Dr2_s80.B01,dsb_never,53,57,9430199320,1000.02,1,80079607,7.75321,6568293029,6568293029,0
mcs90_m2Dr2_s80.A02,mcs90_m2Dr2_s80.B02,dsb_never,52,55,7946861514,1000.01,1,363205215,43.2409,4938492412,4938492412,0
mcs90_m2Dr2_s80.A03,mcs90_m2Dr2_s80.B03,dsb_never,52,52,9420009836,1000.01,1,768707742,77.077,5831121636,5831121636,0
mcs90_m2Dr2_s80.A04,mcs90_m2Dr2_s80.B04,dsb_never,52,49,10110446674,1000.01,1,5799820023,560.377,6795507898,6795507898,0
mcs90_m2Dr2_s80.A05,mcs90_m2Dr2_s80.B05,dsb_never,52,52,9294115756,1000.01,1,269845796,29.0714,6784237876,6784237876,0
mcs90_m2Dr2_s80.A06,mcs90_m2Dr2_s80.B06,dsb_never,52,53,9663862396,1000.01,1,3927869784,403.195,6623702028,6623702028,0
mcs90_m2Dr2_s80.A07,mcs90_m2Dr2_s80.B07,dsb_never,52,56,9355221344,1000.01,1,3204447388,334.517,6460896434,6460896434,0
mcs90_m2Dr2_s80.A08,mcs90_m2Dr2_s80.B08,dsb_never,50,51,9956322378,1000.02,1,137448156,12.7471,6830109424,6830109424,0
mcs90_m2Dr2_s80.A09,mcs90_m2Dr2_s80.B09,dsb_never,51,53,9795567323,1000.03,1,2674545645,262.513,6772831402,6772831402,0
mcs90_m2Dr2_s90.A00,mcs90_m2Dr2_s90.B00,dsb_never,56,62,10062490892,1000.01,1,5437607254,530.134,6933584347,6933584347,0
mcs90_m2Dr2_s90.A01,mcs90_m2Dr2_s90.B01,dsb_never,58,66,8993904989,1000.02,1,4874625936,540.268,6166354162,6166354162,0
mcs90_m2Dr2_s90.A02,mcs90_m2Dr2_s90.B02,dsb_never,58,66,9071488762,1000.02,1,109665516,11.201,5847164355,5847164355,0
mcs90_m2Dr2_s90.A03,mcs90_m2Dr2_s90.B03,dsb_never,56,56,8492635805,1000.02,1,646975521,72.9053,5627563939,5627563939,0
mcs90_m2Dr2_s90.A04,mcs90_m2Dr2_s90.B04,dsb_never,61,69,9010459322,1000.02,1,7033961381,766.119,5605203498,5605203498,0
mcs90_m2Dr2_s90.A05,mcs90_m2Dr2_s90.B05,dsb_never,57,62,9296503666,1000.02,1,3767132373,384.4,6001677696,6001677696,0
mcs90_m2Dr2_s90.A06,mcs90_m2Dr2_s90.B06,dsb_never,60,68,9466593851,1000.02,1,7041083737,738.648,5766636829,5766636829,0
mcs90_m2Dr2_s90.A07,mcs90_m2Dr2_s90.B07,dsb_never,58,64,8263803119,1000.01,1,67183893,7.06832,5397463339,5397463339,0
mcs90_m2Dr2_s90.A08,mcs90_m2Dr2_s90.B08,dsb_never,58,63,9427000089,1000.02,1,638416835,65.351,6143393334,6143393334,0
mcs90_m2Dr2_s90.A09,mcs90_m2Dr2_s90.B09,dsb_never,59,68,9539187383,1000.01,1,6786468837,685.012,6514566349,6514566349,0
mcs90_m2Dr4_s10.A00,mcs90_m2Dr4_s10.B00,dsb_never,9,14,266,6.15E-05,0,249,3.48E-05,168,168,0
mcs90_m2Dr4_s10.A01,mcs90_m2Dr4_s10.B01,dsb_never,9,15,161,9.20E-05,0,141,4.44E-05,99,99,0
mcs90_m2Dr4_s10.A02,mcs90_m2Dr4_s10.B02,dsb_never,9,15,173,5.09E-05,0,152,2.44E-05,111,111,0
mcs90_m2Dr4_s10.A03,mcs90_m2Dr4_s10.B03,dsb_never,9,14,145,5.09E-05,0,126,2.16E-05,90,90,0
mcs90_m2Dr4_s10.A04,mcs90_m2Dr4_s10.B04,dsb_never,9,13,80,4.03E-05,0,18,1.04E-05,54,54,0
mcs90_m2Dr4_s10.A05,mcs90_m2Dr4_s10.B05,dsb_never,9,14,193,5.16E-05,0,173,2.67E-05,118,118,0
mcs90_m2Dr4_s10.A06,mcs90_m2Dr4_s10.B06,dsb_never,9,14,32,3.36E-05,0,10,8.58E-06,23,23,0
mcs90_m2Dr4_s10.A07,mcs90_m2Dr4_s10.B07,dsb_never,9,13,78,3.42E-05,0,57,1.40E-05,53,53,0
mcs90_m2Dr4_s10.A08,mcs90_m2Dr4_s10.B08,dsb_never,9,13,206,5.33E-05,0,188,2.67E-05,129,129,0
mcs90_m2Dr4_s10.A09,mcs90_m2Dr4_s10.B09,dsb_never,9,13,56,6.91E-05,0,34,1.85E-05,37,37,0
mcs90_m2Dr4_s100.A00,mcs90_m2Dr4_s100.B00,dsb_never,57,51,10518227144,1000.02,1,8538269965,800.699,6965431351,6965431351,0
mcs90_m2Dr4_s100.A01,mcs90_m2Dr4_s100.B01,dsb_never,61,56,8537006377,1000.01,1,1867190681,201.455,5160242021,5160242021,0
mcs90_m2Dr4_s100.A02,mcs90_m2Dr4_s100.B02,dsb_never,58,52,9458152404,1000.02,1,1536605529,152.084,6389681587,6389681587,0
mcs90_m2Dr4_s100.A03,mcs90_m2Dr4_s100.B03,dsb_never,73,130,6858964242,1000.02,1,6526817634,948.223,4380564458,4380564458,0
mcs90_m2Dr4_s100.A04,mcs90_m2Dr4_s100.B04,dsb_never,58,52,9183396045,1000.02,1,637605926,62.4926,5981675058,5981675058,0
mcs90_m2Dr4_s100.A05,mcs90_m2Dr4_s100.B05,dsb_never,61,67,9589212622,1000.02,1,8820833164,915.733,6451521130,6451521130,0
mcs90_m2Dr4_s100.A06,mcs90_m2Dr4_s100.B06,dsb_never,60,55,9567273933,1000.02,1,362548912,36.8791,5919153291,5919153291,0
mcs90_m2Dr4_s100.A07,mcs90_m2Dr4_s100.B07,dsb_never,76,148,5416295978,1000.02,1,77,9.16E-05,3156677592,3156677592,0
mcs90_m2Dr4_s100.A08,mcs90_m2Dr4_s100.B08,dsb_never,59,58,5040700767,1000.02,1,276347008,53.7491,3199210584,3199210584,0
mcs90_m2Dr4_s100.A09,mcs90_m2Dr4_s100.B09,dsb_never,58,54,9644432108,1000.02,1,4294159921,438.533,6372389684,6372389684,0
mcs90_m2Dr4_s20.A00,mcs90_m2Dr4_s20.B00,dsb_never,16,27,21008,0.00215997,0,18190,0.00179229,13295,13295,0
mcs90_m2Dr4_s20.A01,mcs90_m2Dr4_s20.B01,dsb_never,16,28,9518,0.00111895,0,4648,0.000508346,6211,6211,0
mcs90_m2Dr4_s20.A02,mcs90_m2Dr4_s20.B02,dsb_never,16,28,7142,0.000883191,0,147,3.00E-05,4738,4738,0
mcs90_m2Dr4_s20.A03,mcs90_m2Dr4_s20.B03,dsb_never,16,27,11403,0.00134723,0,167,3.41E-05,7190,7190,0
mcs90_m2Dr4_s20.A04,mcs90_m2Dr4_s20.B04,dsb_never,16,30,22945,0.00235421,0,20835,0.00207719,14911,14911,0
mcs90_m2Dr4_s20.A05,mcs90_m2Dr4_s20.B05,dsb_never,16,29,21177,0.00332466,0,14721,0.00222047,13134,13134,0
mcs90_m2Dr4_s20.A06,mcs90_m2Dr4_s20.B06,dsb_never,17,30,33829,0.00357749,0,32145,0.00336292,20567,20567,0
mcs90_m2Dr4_s20.A07,mcs90_m2Dr4_s20.B07,dsb_never,16,29,19552,0.0021467,0,16709,0.00178099,12073,12073,0
mcs90_m2Dr4_s20.A08,mcs90_m2Dr4_s20.B08,dsb_never,16,27,6361,0.000774607,0,692,8.43E-05,4069,4069,0
mcs90_m2Dr4_s20.A09,mcs90_m2Dr4_s20.B09,dsb_never,16,29,4543,0.000578891,0,790,8.83E-05,3049,3049,0
mcs90_m2Dr4_s30.A00,mcs90_m2Dr4_s30.B00,dsb_never,25,50,236278,0.0243255,0,175234,0.0159545,145269,145269,0
mcs90_m2Dr4_s30.A01,mcs90_m2Dr4_s30.B01,dsb_never,25,49,505936,0.0520401,0,488265,0.0497069,322011,322011,0
mcs90_m2Dr4_s30.A02,mcs90_m2Dr4_s30.B02,dsb_never,25,48,5140515,0.542977,0,5115528,0.539901,3254246,3254246,0
mcs90_m2Dr4_s30.A03,mcs90_m2Dr4_s30.B03,dsb_never,25,48,28190,0.00384669,0,26,2.03E-05,18619,18619,0
mcs90_m2Dr4_s30.A04,mcs90_m2Dr4_s30.B04,dsb_never,25,49,66208,0.00736106,0,44278,0.00451081,41781,41781,0
mcs90_m2Dr4_s30.A05,mcs90_m2Dr4_s30.B05,dsb_never,25,48,30040,0.00400663,0,532,8.53E-05,19819,19819,0
mcs90_m2Dr4_s30.A06,mcs90_m2Dr4_s30.B06,dsb_never,25,49,1731319,0.203326,0,1689364,0.197782,1068758,1068758,0
mcs90_m2Dr4_s30.A07,mcs90_m2Dr4_s30.B07,dsb_never,26,49,471882,0.0482809,0,468896,0.0478296,297527,297527,0
mcs90_m2Dr4_s30.A08,mcs90_m2Dr4_s30.B08,dsb_never,26,49,31810,0.00365288,0,25256,0.00274728,19911,19911,0
mcs90_m2Dr4_s30.A09,mcs90_m2Dr4_s30.B09,dsb_never,25,49,800355,0.0842751,0,768923,0.0802994,504167,504167,0
mcs90_m2Dr4_s40.A00,mcs90_m2Dr4_s40.B00,dsb_never,36,73,17488987,1.91116,0,17470971,1.90857,10938612,10938612,0
mcs90_m2Dr4_s40.A01,mcs90_m2Dr4_s40.B01,dsb_never,36,73,62208750,6.80596,0,62198260,6.80443,41634721,41634721,0
mcs90_m2Dr4_s40.A02,mcs90_m2Dr4_s40.B02,dsb_never,36,74,160423,0.0190954,0,149122,0.0173543,99240,99240,0
mcs90_m2Dr4_s40.A03,mcs90_m2Dr4_s40.B03,dsb_never,36,73,43061374,4.75599,0,43049959,4.75427,27511854,27511854,0
mcs90_m2Dr4_s40.A04,mcs90_m2Dr4_s40.B04,dsb_never,36,72,21690,0.00308542,0,37,4.06E-05,15202,15202,0
mcs90_m2Dr4_s40.A05,mcs90_m2Dr4_s40.B05,dsb_never,36,72,31128941,3.30426,0,31113241,3.30197,19405420,19405420,0
mcs90_m2Dr4_s40.A06,mcs90_m2Dr4_s40.B06,dsb_never,36,74,1274801,0.133966,0,1264009,0.131818,811338,811338,0
mcs90_m2Dr4_s40.A07,mcs90_m2Dr4_s40.B07,dsb_never,36,72,11710,0.00167757,0,2100,0.000354494,7768,7768,0
mcs90_m2Dr4_s40.A08,mcs90_m2Dr4_s40.B08,dsb_never,36,73,13059377,1.28959,0,13053507,1.28865,8402459,8402459,0
mcs90_m2Dr4_s40.A09,mcs90_m2Dr4_s40.B09,dsb_never,36,73,118211360,12.7588,0,118197509,12.7569,75961573,75961573,0
mcs90_m2Dr4_s50.A00,mcs90_m2Dr4_s50.B00,dsb_never,49,103,156,0.000117506,0,50,5.12E-05,107,107,0
mcs90_m2Dr4_s50.A01,mcs90_m2Dr4_s50.B01,dsb_never,49,100,5235458,0.605757,0,5235352,0.605688,3285309,3285309,0
mcs90_m2Dr4_s50.A02,mcs90_m2Dr4_s50.B02,dsb_never,49,99,92656443,10.2699,0,92656338,10.2699,60226287,60226287,0
mcs90_m2Dr4_s50.A03,mcs90_m2Dr4_s50.B03,dsb_never,49,98,937378,0.126918,0,937282,0.126849,563020,563020,0
mcs90_m2Dr4_s50.A04,mcs90_m2Dr4_s50.B04,dsb_never,49,102,300,0.0001329,0,181,7.00E-05,192,192,0
mcs90_m2Dr4_s50.A05,mcs90_m2Dr4_s50.B05,dsb_never,49,102,1085653144,117.041,0,1085652981,117.041,707619644,707619644,0
mcs90_m2Dr4_s50.A06,mcs90_m2Dr4_s50.B06,dsb_never,49,100,78146112,10.8432,0,78146010,10.8431,50998402,50998402,0
mcs90_m2Dr4_s50.A07,mcs90_m2Dr4_s50.B07,dsb_never,49,101,1611082645,181.074,0,1611082510,181.074,1026004397,1026004397,0
mcs90_m2Dr4_s50.A08,mcs90_m2Dr4_s50.B08,dsb_never,49,103,178,0.00012624,0,50,5.33E-05,126,126,0
mcs90_m2Dr4_s50.A09,mcs90_m2Dr4_s50.B09,dsb_never,49,101,159,0.000111558,0,50,4.81E-05,108,108,0
mcs90_m2Dr4_s60.A00,mcs90_m2Dr4_s60.B00,dsb_never,38,35,9141363171,1000.01,1,560039050,62.8276,5847523530,5847523530,0
mcs90_m2Dr4_s60.A01,mcs90_m2Dr4_s60.B01,dsb_never,38,38,8972027366,1000.02,1,18431883,2.05645,5666073861,5666073861,0
mcs90_m2Dr4_s60.A02,mcs90_m2Dr4_s60.B02,dsb_never,40,42,9496365091,1000.02,1,3634520752,361.827,6384793408,6384793408,0
mcs90_m2Dr4_s60.A03,mcs90_m2Dr4_s60.B03,dsb_never,38,36,9098767541,1000.01,1,92883030,9.60002,5935283816,5935283816,0
mcs90_m2Dr4_s60.A04,mcs90_m2Dr4_s60.B04,dsb_never,38,39,9068170216,1000.02,1,6017763957,645.761,5707020656,5707020656,0
mcs90_m2Dr4_s60.A05,mcs90_m2Dr4_s60.B05,dsb_never,41,56,8322867391,1000.02,1,3387649,0.353685,5256292440,5256292440,0
mcs90_m2Dr4_s60.A06,mcs90_m2Dr4_s60.B06,dsb_never,39,47,9016342715,1000.01,1,269495,0.0222375,5726707668,5726707668,0
mcs90_m2Dr4_s60.A07,mcs90_m2Dr4_s60.B07,dsb_never,38,34,9351932316,1000.01,1,30806569,3.22293,6011018978,6011018978,0
mcs90_m2Dr4_s60.A08,mcs90_m2Dr4_s60.B08,dsb_never,42,69,8038171128,1000.02,1,1272474,0.145935,5177050898,5177050898,0
mcs90_m2Dr4_s60.A09,mcs90_m2Dr4_s60.B09,dsb_never,39,39,8941917918,1000.02,1,4562865324,493.492,5670129108,5670129108,0
mcs90_m2Dr4_s70.A00,mcs90_m2Dr4_s70.B00,dsb_never,46,54,9153616495,1000.02,1,9012889838,983.103,5731109423,5731109423,0
mcs90_m2Dr4_s70.A01,mcs90_m2Dr4_s70.B01,dsb_never,46,62,8719461391,1000.02,1,5866094073,640.865,5529513987,5529513987,0
mcs90_m2Dr4_s70.A02,mcs90_m2Dr4_s70.B02,dsb_never,64,135,16358276,2.43246,0,15918666,2.36024,10257063,10257063,0
mcs90_m2Dr4_s70.A03,mcs90_m2Dr4_s70.B03,dsb_never,53,88,7167132518,1000.02,1,23416389,3.19932,4624375212,4624375212,0
mcs90_m2Dr4_s70.A04,mcs90_m2Dr4_s70.B04,dsb_never,64,133,535559,0.0852233,0,65,6.81E-05,348204,348204,0
mcs90_m2Dr4_s70.A05,mcs90_m2Dr4_s70.B05,dsb_never,43,48,9429051050,1000.01,1,268959914,27.5391,6189489329,6189489329,0
mcs90_m2Dr4_s70.A06,mcs90_m2Dr4_s70.B06,dsb_never,44,44,8681733206,1000.02,1,7395249715,847.056,5846683414,5846683414,0
mcs90_m2Dr4_s70.A07,mcs90_m2Dr4_s70.B07,dsb_never,47,66,8119727525,1000.02,1,1619400496,198.447,5191365377,5191365377,0
mcs90_m2Dr4_s70.A08,mcs90_m2Dr4_s70.B08,dsb_never,64,137,314155,0.0522727,0,65,8.14E-05,207878,207878,0
mcs90_m2Dr4_s70.A09,mcs90_m2Dr4_s70.B09,dsb_never,64,136,252945,0.0422626,0,65,8.66E-05,162370,162370,0
mcs90_m2Dr4_s80.A00,mcs90_m2Dr4_s80.B00,dsb_never,49,46,9488761217,1000.01,1,7248805604,754.561,6282779361,6282779361,0
mcs90_m2Dr4_s80.A01,mcs90_m2Dr4_s80.B01,dsb_never,50,47,9088482829,1000.02,1,2622056505,261.486,5707226405,5707226405,0
mcs90_m2Dr4_s80.A02,mcs90_m2Dr4_s80.B02,dsb_never,49,48,9293963239,1000.02,1,4911476771,508.75,6054091610,6054091610,0
mcs90_m2Dr4_s80.A03,mcs90_m2Dr4_s80.B03,dsb_never,48,40,9751111722,1000.01,1,610104321,59.6014,6230884707,6230884707,0
mcs90_m2Dr4_s80.A04,mcs90_m2Dr4_s80.B04,dsb_never,51,49,9992638076,1000.02,1,4217274837,407.408,6880130348,6880130348,0
mcs90_m2Dr4_s80.A05,mcs90_m2Dr4_s80.B05,dsb_never,47,46,10499327643,1000.01,1,568732648,46.151,7538709700,7538709700,0
mcs90_m2Dr4_s80.A06,mcs90_m2Dr4_s80.B06,dsb_never,50,47,9585525440,1000.01,1,504470284,48.3932,6413997399,6413997399,0
mcs90_m2Dr4_s80.A07,mcs90_m2Dr4_s80.B07,dsb_never,47,45,10306425834,1000.01,1,1361550481,130.144,6779489454,6779489454,0
mcs90_m2Dr4_s80.A08,mcs90_m2Dr4_s80.B08,dsb_never,49,43,9046583831,1000.02,1,3955533292,421.51,5953381188,5953381188,0
mcs90_m2Dr4_s80.A09,mcs90_m2Dr4_s80.B09,dsb_never,51,47,8986654083,1000.02,1,6276858839,681.541,5994824998,5994824998,0
mcs90_m2Dr4_s90.A00,mcs90_m2Dr4_s90.B00,dsb_never,81,173,332627081,57.5391,0,300366692,51.73,199915776,199915776,0
mcs90_m2Dr4_s90.A01,mcs90_m2Dr4_s90.B01,dsb_never,53,55,10496322866,1000.02,1,2426594640,229.344,6792408716,6792408716,0
mcs90_m2Dr4_s90.A02,mcs90_m2Dr4_s90.B02,dsb_never,53,52,9237321593,1000.01,1,8083054435,864.426,5936064263,5936064263,0
mcs90_m2Dr4_s90.A03,mcs90_m2Dr4_s90.B03,dsb_never,55,57,9443106629,1000.02,1,5899329557,621.857,6453208806,6453208806,0
mcs90_m2Dr4_s90.A04,mcs90_m2Dr4_s90.B04,dsb_never,52,52,8828570482,1000.02,1,41628196,4.65772,5762619097,5762619097,0
mcs90_m2Dr4_s90.A05,mcs90_m2Dr4_s90.B05,dsb_never,54,55,9163365015,1000.02,1,191171769,20.8801,5705421038,5705421038,0
mcs90_m2Dr4_s90.A06,mcs90_m2Dr4_s90.B06,dsb_never,54,56,9051421184,1000.02,1,950828543,100.898,5582071717,5582071717,0
mcs90_m2Dr4_s90.A07,mcs90_m2Dr4_s90.B07,dsb_never,52,47,9378920626,1000.01,1,118677909,11.0014,5760970508,5760970508,0
mcs90_m2Dr4_s90.A08,mcs90_m2Dr4_s90.B08,dsb_never,60,81,8302525066,1000.01,1,6424696357,756.591,5708508259,5708508259,0
mcs90_m2Dr4_s90.A09,mcs90_m2Dr4_s90.B09,dsb_never,72,138,6182970265,1000.02,1,189359590,32.367,3983227315,3983227315,0
mcs90_m2Dr6_s10.A00,mcs90_m2Dr6_s10.B00,dsb_never,9,16,36,3.11E-05,0,10,8.14E-06,26,26,0
mcs90_m2Dr6_s10.A01,mcs90_m2Dr6_s10.B01,dsb_never,9,13,57,4.19E-05,0,37,1.21E-05,36,36,0
mcs90_m2Dr6_s10.A02,mcs90_m2Dr6_s10.B02,dsb_never,9,15,51,3.75E-05,0,31,1.08E-05,32,32,0
mcs90_m2Dr6_s10.A03,mcs90_m2Dr6_s10.B03,dsb_never,9,16,183,4.07E-05,0,166,2.30E-05,114,114,0
mcs90_m2Dr6_s10.A04,mcs90_m2Dr6_s10.B04,dsb_never,9,13,67,3.57E-05,0,29,1.08E-05,46,46,0
mcs90_m2Dr6_s10.A05,mcs90_m2Dr6_s10.B05,dsb_never,9,15,33,4.03E-05,0,10,1.19E-05,24,24,0
mcs90_m2Dr6_s10.A06,mcs90_m2Dr6_s10.B06,dsb_never,9,15,31,3.38E-05,0,10,8.48E-06,22,22,0
mcs90_m2Dr6_s10.A07,mcs90_m2Dr6_s10.B07,dsb_never,9,14,117,4.32E-05,0,95,1.73E-05,81,81,0
mcs90_m2Dr6_s10.A08,mcs90_m2Dr6_s10.B08,dsb_never,9,16,36,3.09E-05,0,10,7.16E-06,26,26,0
mcs90_m2Dr6_s10.A09,mcs90_m2Dr6_s10.B09,dsb_never,9,14,465,7.38E-05,0,451,5.10E-05,299,299,0
mcs90_m2Dr6_s100.A00,mcs90_m2Dr6_s100.B00,dsb_never,56,51,9549947178,1000.01,1,2539141089,256.005,6719298545,6719298545,0
mcs90_m2Dr6_s100.A01,mcs90_m2Dr6_s100.B01,dsb_never,56,52,8050530881,1000.01,1,1635073928,194.542,5151536164,5151536164,0
mcs90_m2Dr6_s100.A02,mcs90_m2Dr6_s100.B02,dsb_never,60,59,7786496342,1000.01,1,2202512116,272.205,4818874721,4818874721,0
mcs90_m2Dr6_s100.A03,mcs90_m2Dr6_s100.B03,dsb_never,72,140,5684389403,1000.02,1,133,0.000109185,3364136736,3364136736,0
mcs90_m2Dr6_s100.A04,mcs90_m2Dr6_s100.B04,dsb_never,57,55,8757533469,1000.01,1,499887532,52.2294,5467336193,5467336193,0
mcs90_m2Dr6_s100.A05,mcs90_m2Dr6_s100.B05,dsb_never,55,52,8397575863,1000.01,1,1451962439,161.392,5190451718,5190451718,0
mcs90_m2Dr6_s100.A06,mcs90_m2Dr6_s100.B06,dsb_never,57,57,9502647523,1000.01,1,3525140123,374.397,6111754251,6111754251,0
mcs90_m2Dr6_s100.A07,mcs90_m2Dr6_s100.B07,dsb_never,58,54,9562047167,1000.02,1,9547748547,998.537,6123398678,6123398678,0
mcs90_m2Dr6_s100.A08,mcs90_m2Dr6_s100.B08,dsb_never,57,58,9628372758,1000.01,1,3141143472,315.482,6298325671,6298325671,0
mcs90_m2Dr6_s100.A09,mcs90_m2Dr6_s100.B09,dsb_never,58,54,4570020042,1000.02,1,4005250549,867.972,2975302793,2975302793,0
mcs90_m2Dr6_s20.A00,mcs90_m2Dr6_s20.B00,dsb_never,16,33,23852,0.0059048,0,19546,0.00475524,15256,15256,0
mcs90_m2Dr6_s20.A01,mcs90_m2Dr6_s20.B01,dsb_never,16,32,6131,0.000685035,0,4013,0.000399814,3938,3938,0
mcs90_m2Dr6_s20.A02,mcs90_m2Dr6_s20.B02,dsb_never,16,29,4389,0.0005584,0,808,0.000100241,2916,2916,0
mcs90_m2Dr6_s20.A03,mcs90_m2Dr6_s20.B03,dsb_never,16,31,11961,0.0013869,0,8511,0.00095018,7596,7596,0
mcs90_m2Dr6_s20.A04,mcs90_m2Dr6_s20.B04,dsb_never,16,32,6518,0.00167612,0,2538,0.000621889,4441,4441,0
mcs90_m2Dr6_s20.A05,mcs90_m2Dr6_s20.B05,dsb_never,16,30,17079,0.00199558,0,12243,0.00136999,11072,11072,0
mcs90_m2Dr6_s20.A06,mcs90_m2Dr6_s20.B06,dsb_never,16,30,16933,0.00196349,0,14555,0.00162431,10985,10985,0
mcs90_m2Dr6_s20.A07,mcs90_m2Dr6_s20.B07,dsb_never,16,30,15127,0.00174544,0,12457,0.00139226,9617,9617,0
mcs90_m2Dr6_s20.A08,mcs90_m2Dr6_s20.B08,dsb_never,16,31,4023,0.000578514,0,92,2.31E-05,2789,2789,0
mcs90_m2Dr6_s20.A09,mcs90_m2Dr6_s20.B09,dsb_never,16,32,31093,0.00377234,0,28692,0.00343021,20646,20646,0
mcs90_m2Dr6_s30.A00,mcs90_m2Dr6_s30.B00,dsb_never,25,54,310550,0.0303438,0,297259,0.028484,200003,200003,0
mcs90_m2Dr6_s30.A01,mcs90_m2Dr6_s30.B01,dsb_never,25,53,63093,0.015123,0,49190,0.0112504,40665,40665,0
mcs90_m2Dr6_s30.A02,mcs90_m2Dr6_s30.B02,dsb_never,25,52,2066251,0.242394,0,2035569,0.238216,1288339,1288339,0
mcs90_m2Dr6_s30.A03,mcs90_m2Dr6_s30.B03,dsb_never,25,53,1507253,0.168406,0,1482207,0.16491,948705,948705,0
mcs90_m2Dr6_s30.A04,mcs90_m2Dr6_s30.B04,dsb_never,25,55,4053484,0.477528,0,4032258,0.474409,2596452,2596452,0
mcs90_m2Dr6_s30.A05,mcs90_m2Dr6_s30.B05,dsb_never,25,54,78830,0.00864788,0,68717,0.00728307,51322,51322,0
mcs90_m2Dr6_s30.A06,mcs90_m2Dr6_s30.B06,dsb_never,25,52,12888,0.00179326,0,26,1.98E-05,8979,8979,0
mcs90_m2Dr6_s30.A07,mcs90_m2Dr6_s30.B07,dsb_never,25,52,734585,0.0912183,0,683769,0.0841936,475646,475646,0
mcs90_m2Dr6_s30.A08,mcs90_m2Dr6_s30.B08,dsb_never,25,54,1606803,0.368933,0,1586403,0.36285,1019081,1019081,0
mcs90_m2Dr6_s30.A09,mcs90_m2Dr6_s30.B09,dsb_never,25,54,3093932,0.332379,0,3064719,0.328408,2045803,2045803,0
mcs90_m2Dr6_s40.A00,mcs90_m2Dr6_s40.B00,dsb_never,36,79,9214,0.001516,0,37,3.36E-05,6817,6817,0
mcs90_m2Dr6_s40.A01,mcs90_m2Dr6_s40.B01,dsb_never,36,77,51908848,5.7746,0,51889684,5.77177,32970454,32970454,0
mcs90_m2Dr6_s40.A02,mcs90_m2Dr6_s40.B02,dsb_never,36,78,3881,0.000705103,0,37,3.84E-05,2844,2844,0
mcs90_m2Dr6_s40.A03,mcs90_m2Dr6_s40.B03,dsb_never,36,77,103369879,11.6493,0,103363486,11.6483,65910195,65910195,0
mcs90_m2Dr6_s40.A04,mcs90_m2Dr6_s40.B04,dsb_never,36,81,3344619,0.418076,0,3336608,0.416797,2112642,2112642,0
mcs90_m2Dr6_s40.A05,mcs90_m2Dr6_s40.B05,dsb_never,36,77,141023805,15.2613,0,141014022,15.2598,91151480,91151480,0
mcs90_m2Dr6_s40.A06,mcs90_m2Dr6_s40.B06,dsb_never,36,81,178425696,19.6114,0,178412762,19.6093,115330070,115330070,0
mcs90_m2Dr6_s40.A07,mcs90_m2Dr6_s40.B07,dsb_never,36,78,19821,0.00286197,0,37,3.62E-05,13782,13782,0
mcs90_m2Dr6_s40.A08,mcs90_m2Dr6_s40.B08,dsb_never,36,81,7622,0.00250348,0,37,7.22E-05,5452,5452,0
mcs90_m2Dr6_s40.A09,mcs90_m2Dr6_s40.B09,dsb_never,36,80,125348255,30.1835,0,125326862,30.1772,79702127,79702127,0
mcs90_m2Dr6_s50.A00,mcs90_m2Dr6_s50.B00,dsb_never,49,111,168,0.000180233,0,50,7.91E-05,117,117,0
mcs90_m2Dr6_s50.A01,mcs90_m2Dr6_s50.B01,dsb_never,49,109,23896087,2.70973,0,23895974,2.70966,14635455,14635455,0
mcs90_m2Dr6_s50.A02,mcs90_m2Dr6_s50.B02,dsb_never,49,111,1043145379,121.519,0,1043145274,121.519,668220317,668220317,0
mcs90_m2Dr6_s50.A03,mcs90_m2Dr6_s50.B03,dsb_never,49,112,163,0.000118799,0,50,5.23E-05,113,113,0
mcs90_m2Dr6_s50.A04,mcs90_m2Dr6_s50.B04,dsb_never,49,111,180,0.000123376,0,50,5.44E-05,128,128,0
mcs90_m2Dr6_s50.A05,mcs90_m2Dr6_s50.B05,dsb_never,49,110,2260924607,259.258,0,2260924503,259.258,1427666406,1427666406,0
mcs90_m2Dr6_s50.A06,mcs90_m2Dr6_s50.B06,dsb_never,49,110,160,0.000131619,0,50,6.22E-05,111,111,0
mcs90_m2Dr6_s50.A07,mcs90_m2Dr6_s50.B07,dsb_never,49,110,16417439,2.0217,0,16417320,2.02163,10335206,10335206,0
mcs90_m2Dr6_s50.A08,mcs90_m2Dr6_s50.B08,dsb_never,49,110,157,0.000118999,0,50,5.22E-05,108,108,0
mcs90_m2Dr6_s50.A09,mcs90_m2Dr6_s50.B09,dsb_never,49,108,3233978367,780.603,0,3233978266,780.603,2054194554,2054194554,0
mcs90_m2Dr6_s60.A00,mcs90_m2Dr6_s60.B00,dsb_never,36,32,8985270549,1000.02,1,174209827,19.0222,5698665441,5698665441,0
mcs90_m2Dr6_s60.A01,mcs90_m2Dr6_s60.B01,dsb_never,39,54,8599229996,1000.02,1,7575077088,874.466,5751081239,5751081239,0
mcs90_m2Dr6_s60.A02,mcs90_m2Dr6_s60.B02,dsb_never,38,43,8201943670,1000.02,1,78048150,9.50653,5194605120,5194605120,0
mcs90_m2Dr6_s60.A03,mcs90_m2Dr6_s60.B03,dsb_never,37,40,8291675231,1000.02,1,5607903607,667.308,5383407114,5383407114,0
mcs90_m2Dr6_s60.A04,mcs90_m2Dr6_s60.B04,dsb_never,49,111,197295502,31.1481,0,219814,0.0349384,131798619,131798619,0
mcs90_m2Dr6_s60.A05,mcs90_m2Dr6_s60.B05,dsb_never,37,37,8897464471,1000.01,1,141885466,15.2003,5732034536,5732034536,0
mcs90_m2Dr6_s60.A06,mcs90_m2Dr6_s60.B06,dsb_never,50,109,47223057,7.15183,0,51,5.35E-05,31529709,31529709,0
mcs90_m2Dr6_s60.A07,mcs90_m2Dr6_s60.B07,dsb_never,37,36,8875932614,1000.02,1,4314885570,471.741,5824564960,5824564960,0
mcs90_m2Dr6_s60.A08,mcs90_m2Dr6_s60.B08,dsb_never,37,38,9325736466,1000.02,1,29527056,2.97652,5922954096,5922954096,0
mcs90_m2Dr6_s60.A09,mcs90_m2Dr6_s60.B09,dsb_never,40,60,7893211614,1000.02,1,64,3.82E-05,5083736085,5083736085,0
mcs90_m2Dr6_s70.A00,mcs90_m2Dr6_s70.B00,dsb_never,64,148,564552287,143.418,0,564316356,143.334,347455827,347455827,0
mcs90_m2Dr6_s70.A01,mcs90_m2Dr6_s70.B01,dsb_never,52,91,7168594780,1000.02,1,4700132170,631.329,4603838269,4603838269,0
mcs90_m2Dr6_s70.A02,mcs90_m2Dr6_s70.B02,dsb_never,42,58,8610140535,1000.02,1,929004133,98.9153,5523445901,5523445901,0
mcs90_m2Dr6_s70.A03,mcs90_m2Dr6_s70.B03,dsb_never,43,44,8826795280,1000.02,1,3246889663,367.332,5479262168,5479262168,0
mcs90_m2Dr6_s70.A04,mcs90_m2Dr6_s70.B04,dsb_never,42,43,8601249193,1000.01,1,267711809,28.5826,5579425344,5579425344,0
mcs90_m2Dr6_s70.A05,mcs90_m2Dr6_s70.B05,dsb_never,42,52,8375149254,1000.01,1,5918453412,690.632,5212825223,5212825223,0
mcs90_m2Dr6_s70.A06,mcs90_m2Dr6_s70.B06,dsb_never,41,38,8944893109,1000.01,1,4616932932,498.107,5677673009,5677673009,0
mcs90_m2Dr6_s70.A07,mcs90_m2Dr6_s70.B07,dsb_never,41,45,8814908896,1000.01,1,993831845,112.137,5639839654,5639839654,0
mcs90_m2Dr6_s70.A08,mcs90_m2Dr6_s70.B08,dsb_never,41,42,9875923621,1000.02,1,2670902549,258.835,6198405312,6198405312,0
mcs90_m2Dr6_s70.A09,mcs90_m2Dr6_s70.B09,dsb_never,42,44,9463530127,1000.02,1,6835498728,712.934,5882991022,5882991022,0
mcs90_m2Dr6_s80.A00,mcs90_m2Dr6_s80.B00,dsb_never,45,43,8912741311,1000.02,1,5969547588,661.51,5687679346,5687679346,0
mcs90_m2Dr6_s80.A01,mcs90_m2Dr6_s80.B01,dsb_never,48,48,8642447322,1000.02,1,3753604577,429.633,5498856869,5498856869,0
mcs90_m2Dr6_s80.A02,mcs90_m2Dr6_s80.B02,dsb_never,46,47,8465096065,1000.02,1,142193262,15.3476,5201517196,5201517196,0
mcs90_m2Dr6_s80.A03,mcs90_m2Dr6_s80.B03,dsb_never,46,44,8718379097,1000.02,1,174054243,18.6098,5795364695,5795364695,0
mcs90_m2Dr6_s80.A04,mcs90_m2Dr6_s80.B04,dsb_never,47,47,8815696295,1000.01,1,8171709393,920.622,5631810158,5631810158,0
mcs90_m2Dr6_s80.A05,mcs90_m2Dr6_s80.B05,dsb_never,48,48,4268461069,1000.02,1,1510861666,341.337,2726355392,2726355392,0
mcs90_m2Dr6_s80.A06,mcs90_m2Dr6_s80.B06,dsb_never,45,41,5038289245,1000.02,1,720946968,139.315,3376264402,3376264402,0
mcs90_m2Dr6_s80.A07,mcs90_m2Dr6_s80.B07,dsb_never,48,44,9246997528,1000.02,1,3189475176,326.528,6331187482,6331187482,0
mcs90_m2Dr6_s80.A08,mcs90_m2Dr6_s80.B08,dsb_never,48,51,9081861397,1000.02,1,5339986597,590.139,6147329557,6147329557,0
mcs90_m2Dr6_s80.A09,mcs90_m2Dr6_s80.B09,dsb_never,46,46,9064167809,1000.01,1,1116756375,108.409,5730848567,5730848567,0
mcs90_m2Dr6_s90.A00,mcs90_m2Dr6_s90.B00,dsb_never,71,142,5826340963,1000.02,1,309896916,58.5495,3723524829,3723524829,0
mcs90_m2Dr6_s90.A01,mcs90_m2Dr6_s90.B01,dsb_never,50,50,9831242591,1000.02,1,62155064,5.62306,6151856390,6151856390,0
mcs90_m2Dr6_s90.A02,mcs90_m2Dr6_s90.B02,dsb_never,50,54,9402599412,1000.01,1,413471849,41.7879,6362901151,6362901151,0
mcs90_m2Dr6_s90.A03,mcs90_m2Dr6_s90.B03,dsb_never,53,54,6881191061,1000.02,1,2012096552,291.095,4155522934,4155522934,0
mcs90_m2Dr6_s90.A04,mcs90_m2Dr6_s90.B04,dsb_never,49,44,9228055453,1000.01,1,711511089,66.7434,5917022436,5917022436,0
mcs90_m2Dr6_s90.A05,mcs90_m2Dr6_s90.B05,dsb_never,50,49,8663901702,1000.02,1,3953512404,441.839,5654654902,5654654902,0
mcs90_m2Dr6_s90.A06,mcs90_m2Dr6_s90.B06,dsb_never,51,52,8508921014,1000.02,1,753120970,79.6293,5180804599,5180804599,0
mcs90_m2Dr6_s90.A07,mcs90_m2Dr6_s90.B07,dsb_never,51,50,9636936432,1000.01,1,5506115867,552.705,6007387574,6007387574,0
mcs90_m2Dr6_s90.A08,mcs90_m2Dr6_s90.B08,dsb_never,52,54,9775572860,1000.01,1,7617765412,767.053,6080361362,6080361362,0
mcs90_m2Dr6_s90.A09,mcs90_m2Dr6_s90.B09,dsb_never,52,50,9263651267,1000.02,1,3491643219,355.04,5788845332,5788845332,0
mcs90_m3D_s10.A00,mcs90_m3D_s10.B00,dsb_never,9,13,100,3.44E-05,0,77,1.31E-05,64,64,0
mcs90_m3D_s10.A01,mcs90_m3D_s10.B01,dsb_never,8,12,139,4.32E-05,0,21,8.28E-06,95,95,0
mcs90_m3D_s10.A02,mcs90_m3D_s10.B02,dsb_never,9,14,49,4.10E-05,0,29,1.60E-05,33,33,0
mcs90_m3D_s10.A03,mcs90_m3D_s10.B03,dsb_never,9,14,82,4.13E-05,0,62,1.82E-05,56,56,0
mcs90_m3D_s10.A04,mcs90_m3D_s10.B04,dsb_never,9,14,56,7.06E-05,0,31,1.97E-05,39,39,0
mcs90_m3D_s10.A05,mcs90_m3D_s10.B05,dsb_never,9,12,80,7.44E-05,0,18,1.92E-05,53,53,0
mcs90_m3D_s10.A06,mcs90_m3D_s10.B06,dsb_never,8,10,714,0.000158637,0,14,1.42E-05,437,437,0
mcs90_m3D_s10.A07,mcs90_m3D_s10.B07,dsb_never,9,13,313,5.28E-05,0,298,3.18E-05,192,192,0
mcs90_m3D_s10.A08,mcs90_m3D_s10.B08,dsb_never,9,14,73,3.33E-05,0,10,8.21E-06,49,49,0
mcs90_m3D_s10.A09,mcs90_m3D_s10.B09,dsb_never,8,10,267,4.47E-05,0,9,6.20E-06,179,179,0
mcs90_m3D_s30.A00,mcs90_m3D_s30.B00,dsb_never,27,54,670041,0.0752016,0,659849,0.073974,388503,388503,0
mcs90_m3D_s30.A01,mcs90_m3D_s30.B01,dsb_never,27,54,10124,0.00122758,0,1309,0.00017993,6140,6140,0
mcs90_m3D_s30.A02,mcs90_m3D_s30.B02,dsb_never,27,54,255280,0.0291695,0,246436,0.0280628,144244,144244,0
mcs90_m3D_s30.A03,mcs90_m3D_s30.B03,dsb_never,27,54,3729,0.000536657,0,28,2.23E-05,2588,2588,0
mcs90_m3D_s30.A04,mcs90_m3D_s30.B04,dsb_never,28,56,615665,0.0666807,0,615101,0.0665684,349432,349432,0
mcs90_m3D_s30.A05,mcs90_m3D_s30.B05,dsb_never,27,54,6583,0.0007498,0,28,2.44E-05,4218,4218,0
mcs90_m3D_s30.A06,mcs90_m3D_s30.B06,dsb_never,27,54,812116,0.0858866,0,806103,0.0851198,465383,465383,0
mcs90_m3D_s30.A07,mcs90_m3D_s30.B07,dsb_never,27,54,22068,0.00262296,0,16268,0.00192562,12461,12461,0
mcs90_m3D_s30.A08,mcs90_m3D_s30.B08,dsb_never,28,56,60348,0.00766782,0,59727,0.00755044,32329,32329,0
mcs90_m3D_s30.A09,mcs90_m3D_s30.B09,dsb_never,27,54,747902,0.0806831,0,742563,0.0800325,417396,417396,0
mcs90_m3D_s70.A00,mcs90_m3D_s70.B00,dsb_never,64,144,3542584,0.643835,0,1816231,0.31009,1930076,1930076,0
mcs90_m3D_s70.A01,mcs90_m3D_s70.B01,dsb_never,65,146,1042403,0.203715,0,733225,0.148793,611910,611910,0
mcs90_m3D_s70.A02,mcs90_m3D_s70.B02,dsb_never,64,144,1123626,0.202391,0,65,8.27E-05,691369,691369,0
mcs90_m3D_s70.A03,mcs90_m3D_s70.B03,dsb_never,65,146,395072310,61.2754,0,394282888,61.1236,204598976,204598976,0
mcs90_m3D_s70.A04,mcs90_m3D_s70.B04,dsb_never,64,144,1640309973,236.52,0,1637938811,236.074,893410308,893410308,0
mcs90_m3D_s70.A05,mcs90_m3D_s70.B05,dsb_never,65,145,1409059,0.245827,0,1134699,0.197119,813249,813249,0
mcs90_m3D_s70.A06,mcs90_m3D_s70.B06,dsb_never,65,145,2282535635,643.931,0,2282273221,643.838,1304509538,1304509538,0
mcs90_m3D_s70.A07,mcs90_m3D_s70.B07,dsb_never,65,146,63910479,20.6307,0,63421568,20.4598,37097253,37097253,0
mcs90_m3D_s70.A08,mcs90_m3D_s70.B08,dsb_never,64,144,1237269054,366.477,0,1235049040,365.64,681011199,681011199,0
mcs90_m3D_s70.A09,mcs90_m3D_s70.B09,dsb_never,64,144,2734759312,782.673,0,2733660913,782.278,1566003686,1566003686,0
mcs90_m3D_s80.A00,mcs90_m3D_s80.B00,dsb_never,54,104,5810194623,1000.01,1,6092698,0.947623,3173816993,3173816993,0
mcs90_m3D_s80.A01,mcs90_m3D_s80.B01,dsb_never,66,142,5924417657,1000.01,1,3483929489,585.419,3562717323,3562717323,0
mcs90_m3D_s80.A02,mcs90_m3D_s80.B02,dsb_never,47,57,8510401476,1000.02,1,1467977,0.165981,5125333087,5125333087,0
mcs90_m3D_s80.A03,mcs90_m3D_s80.B03,dsb_never,53,86,7764319318,1000.02,1,1638628395,183.361,4907582452,4907582452,0
mcs90_m3D_s80.A04,mcs90_m3D_s80.B04,dsb_never,50,84,7897349940,1000.02,1,397443110,45.4712,4693516653,4693516653,0
mcs90_m3D_s80.A05,mcs90_m3D_s80.B05,dsb_never,47,43,9646444216,1000.02,1,210833824,20.6992,6670690440,6670690440,0
mcs90_m3D_s80.A06,mcs90_m3D_s80.B06,dsb_never,51,76,8384066128,1000.01,1,31785012,3.34263,5191719937,5191719937,0
mcs90_m3D_s80.A07,mcs90_m3D_s80.B07,dsb_never,53,85,7584190131,1000.02,1,2674278643,348.818,4696203104,4696203104,0
mcs90_m3D_s80.A08,mcs90_m3D_s80.B08,dsb_never,49,58,7886816687,1000.02,1,169541147,21.0564,4801071534,4801071534,0
mcs90_m3D_s80.A09,mcs90_m3D_s80.B09,dsb_never,54,105,6719206689,1000.02,1,55303281,7.68077,3754846674,3754846674,0
mcs90_m3Dr2_s10.A00,mcs90_m3Dr2_s10.B00,dsb_never,9,14,53,3.54E-05,0,10,6.47E-06,39,39,0
mcs90_m3Dr2_s10.A01,mcs90_m3Dr2_s10.B01,dsb_never,8,13,220,5.39E-05,0,15,7.38E-06,156,156,0
mcs90_m3Dr2_s10.A02,mcs90_m3Dr2_s10.B02,dsb_never,9,15,30,2.70E-05,0,10,6.74E-06,21,21,0
mcs90_m3Dr2_s10.A03,mcs90_m3Dr2_s10.B03,dsb_never,9,14,114,3.67E-05,0,89,1.76E-05,75,75,0
mcs90_m3Dr2_s10.A04,mcs90_m3Dr2_s10.B04,dsb_never,8,13,161,4.82E-05,0,9,8.24E-06,117,117,0
mcs90_m3Dr2_s10.A05,mcs90_m3Dr2_s10.B05,dsb_never,8,11,164,8.87E-05,0,30,1.86E-05,119,119,0
mcs90_m3Dr2_s10.A06,mcs90_m3Dr2_s10.B06,dsb_never,8,12,169,4.67E-05,0,12,8.56E-06,114,114,0
mcs90_m3Dr2_s10.A07,mcs90_m3Dr2_s10.B07,dsb_never,8,12,420,6.52E-05,0,15,8.76E-06,266,266,0
mcs90_m3Dr2_s10.A08,mcs90_m3Dr2_s10.B08,dsb_never,9,14,39,2.60E-05,0,16,7.31E-06,28,28,0
mcs90_m3Dr2_s10.A09,mcs90_m3Dr2_s10.B09,dsb_never,8,13,175,4.47E-05,0,9,6.01E-06,118,118,0
mcs90_m3Dr2_s30.A00,mcs90_m3Dr2_s30.B00,dsb_never,27,58,32654,0.00453033,0,31590,0.00433884,19786,19786,0
mcs90_m3Dr2_s30.A01,mcs90_m3Dr2_s30.B01,dsb_never,28,59,1072,0.000208234,0,428,8.54E-05,740,740,0
mcs90_m3Dr2_s30.A02,mcs90_m3Dr2_s30.B02,dsb_never,27,58,1676822,0.199308,0,1672032,0.198642,1003037,1003037,0
mcs90_m3Dr2_s30.A03,mcs90_m3Dr2_s30.B03,dsb_never,27,59,1311294,0.141756,0,1309888,0.141514,809283,809283,0
mcs90_m3Dr2_s30.A04,mcs90_m3Dr2_s30.B04,dsb_never,27,58,777268,0.181778,0,776538,0.181498,463303,463303,0
mcs90_m3Dr2_s30.A05,mcs90_m3Dr2_s30.B05,dsb_never,27,59,438249,0.0534373,0,435600,0.0530199,265671,265671,0
mcs90_m3Dr2_s30.A06,mcs90_m3Dr2_s30.B06,dsb_never,27,59,13315,0.00176702,0,12504,0.00162294,7817,7817,0
mcs90_m3Dr2_s30.A07,mcs90_m3Dr2_s30.B07,dsb_never,27,59,1980848,0.231516,0,1978404,0.231129,1211270,1211270,0
mcs90_m3Dr2_s30.A08,mcs90_m3Dr2_s30.B08,dsb_never,27,59,1987046,0.248829,0,1985750,0.248619,1202626,1202626,0
mcs90_m3Dr2_s30.A09,mcs90_m3Dr2_s30.B09,dsb_never,27,59,36505,0.00485939,0,33068,0.00436976,20959,20959,0
mcs90_m3Dr2_s70.A00,mcs90_m3Dr2_s70.B00,dsb_never,40,45,9292749831,1000.02,1,330202890,33.4654,5875110380,5875110380,0
mcs90_m3Dr2_s70.A01,mcs90_m3Dr2_s70.B01,dsb_never,41,47,8765978034,1000.01,1,1120602227,123.726,5477333682,5477333682,0
mcs90_m3Dr2_s70.A02,mcs90_m3Dr2_s70.B02,dsb_never,65,156,3862981328,593.406,0,3862652618,593.347,2396814549,2396814549,0
mcs90_m3Dr2_s70.A03,mcs90_m3Dr2_s70.B03,dsb_never,64,155,5058817654,783.731,0,5058313482,783.639,3067024366,3067024366,0
mcs90_m3Dr2_s70.A04,mcs90_m3Dr2_s70.B04,dsb_never,42,55,8185889940,1000.01,1,114983527,13.8916,5149378713,5149378713,0
mcs90_m3Dr2_s70.A05,mcs90_m3Dr2_s70.B05,dsb_never,42,49,8425297597,1000.01,1,206331066,23.7606,5216720780,5216720780,0
mcs90_m3Dr2_s70.A06,mcs90_m3Dr2_s70.B06,dsb_never,41,49,8342485542,1000.01,1,2873633539,325.661,5048377980,5048377980,0
mcs90_m3Dr2_s70.A07,mcs90_m3Dr2_s70.B07,dsb_never,41,44,4468079694,1000.01,1,433114796,89.1442,2740698971,2740698971,0
mcs90_m3Dr2_s70.A08,mcs90_m3Dr2_s70.B08,dsb_never,48,81,6716978351,1000.02,1,101099752,15.7806,4087662462,4087662462,0
mcs90_m3Dr2_s70.A09,mcs90_m3Dr2_s70.B09,dsb_never,43,57,8400322678,1000.02,1,1976990171,223.838,5256826873,5256826873,0
mcs90_m3Dr2_s80.A00,mcs90_m3Dr2_s80.B00,dsb_never,56,100,6264368870,1000.01,1,233145644,39.7181,3766787252,3766787252,0
mcs90_m3Dr2_s80.A01,mcs90_m3Dr2_s80.B01,dsb_never,47,60,8250915754,1000.01,1,436713339,49.7661,5065716469,5065716469,0
mcs90_m3Dr2_s80.A02,mcs90_m3Dr2_s80.B02,dsb_never,46,50,8224015731,1000.01,1,787048812,90.8894,5138117183,5138117183,0
mcs90_m3Dr2_s80.A03,mcs90_m3Dr2_s80.B03,dsb_never,48,77,7437664820,1000.02,1,20799056,2.55259,4471382375,4471382375,0
mcs90_m3Dr2_s80.A04,mcs90_m3Dr2_s80.B04,dsb_never,46,46,8499015078,1000.02,1,442718867,52.8276,5374864974,5374864974,0
mcs90_m3Dr2_s80.A05,mcs90_m3Dr2_s80.B05,dsb_never,46,54,8201654739,1000.02,1,904740569,109.071,5008950773,5008950773,0
mcs90_m3Dr2_s80.A06,mcs90_m3Dr2_s80.B06,dsb_never,46,43,9262138118,1000.02,1,592806115,54.1049,5773079747,5773079747,0
mcs90_m3Dr2_s80.A07,mcs90_m3Dr2_s80.B07,dsb_never,50,72,7058110760,1000.02,1,138794351,20.019,4226278405,4226278405,0
mcs90_m3Dr2_s80.A08,mcs90_m3Dr2_s80.B08,dsb_never,46,57,8563780752,1000.01,1,164375,0.0181751,5449958306,5449958306,0
mcs90_m3Dr2_s80.A09,mcs90_m3Dr2_s80.B09,dsb_never,45,43,9068599668,1000.02,1,351408341,36.0382,5753366586,5753366586,0
mcs90_m3Dr4_s10.A00,mcs90_m3Dr4_s10.B00,dsb_never,8,14,71,5.77E-05,0,9,1.25E-05,53,53,0
mcs90_m3Dr4_s10.A01,mcs90_m3Dr4_s10.B01,dsb_never,8,13,174,5.01E-05,0,16,9.54E-06,126,126,0
mcs90_m3Dr4_s10.A02,mcs90_m3Dr4_s10.B02,dsb_never,8,15,158,5.02E-05,0,29,1.08E-05,114,114,0
mcs90_m3Dr4_s10.A03,mcs90_m3Dr4_s10.B03,dsb_never,8,13,388,6.77E-05,0,352,4.00E-05,241,241,0
mcs90_m3Dr4_s10.A04,mcs90_m3Dr4_s10.B04,dsb_never,8,12,187,4.88E-05,0,9,6.71E-06,131,131,0
mcs90_m3Dr4_s10.A05,mcs90_m3Dr4_s10.B05,dsb_never,8,12,195,5.50E-05,0,59,1.39E-05,134,134,0
mcs90_m3Dr4_s10.A06,mcs90_m3Dr4_s10.B06,dsb_never,9,14,73,3.90E-05,0,53,1.40E-05,49,49,0
mcs90_m3Dr4_s10.A07,mcs90_m3Dr4_s10.B07,dsb_never,8,13,196,5.20E-05,0,120,2.01E-05,133,133,0
mcs90_m3Dr4_s10.A08,mcs90_m3Dr4_s10.B08,dsb_never,8,14,173,5.88E-05,0,81,1.76E-05,113,113,0
mcs90_m3Dr4_s10.A09,mcs90_m3Dr4_s10.B09,dsb_never,8,10,424,6.81E-05,0,251,3.07E-05,267,267,0
mcs90_m3Dr4_s30.A00,mcs90_m3Dr4_s30.B00,dsb_never,27,62,558459,0.0679324,0,557473,0.067753,335318,335318,0
mcs90_m3Dr4_s30.A01,mcs90_m3Dr4_s30.B01,dsb_never,27,63,1261,0.000240261,0,28,2.28E-05,956,956,0
mcs90_m3Dr4_s30.A02,mcs90_m3Dr4_s30.B02,dsb_never,27,64,3878916,0.48224,0,3877639,0.481999,2408924,2408924,0
mcs90_m3Dr4_s30.A03,mcs90_m3Dr4_s30.B03,dsb_never,27,61,16118,0.00223228,0,13931,0.00189004,9676,9676,0
mcs90_m3Dr4_s30.A04,mcs90_m3Dr4_s30.B04,dsb_never,27,64,81701,0.0109465,0,79284,0.0105036,49258,49258,0
mcs90_m3Dr4_s30.A05,mcs90_m3Dr4_s30.B05,dsb_never,27,64,2420,0.000383716,0,28,2.19E-05,1836,1836,0
mcs90_m3Dr4_s30.A06,mcs90_m3Dr4_s30.B06,dsb_never,27,61,68136,0.00824257,0,66338,0.0079366,41959,41959,0
mcs90_m3Dr4_s30.A07,mcs90_m3Dr4_s30.B07,dsb_never,27,63,112920,0.0145401,0,111641,0.014313,68294,68294,0
mcs90_m3Dr4_s30.A08,mcs90_m3Dr4_s30.B08,dsb_never,27,63,869791,0.104889,0,869174,0.104746,537729,537729,0
mcs90_m3Dr4_s30.A09,mcs90_m3Dr4_s30.B09,dsb_never,27,63,102421,0.0117961,0,101435,0.0116058,62723,62723,0
mcs90_m3Dr4_s70.A00,mcs90_m3Dr4_s70.B00,dsb_never,39,43,8173458677,1000.02,1,1490589462,174.531,5069520033,5069520033,0
mcs90_m3Dr4_s70.A01,mcs90_m3Dr4_s70.B01,dsb_never,49,86,6405404647,1000.01,1,6252044508,970.667,3939642026,3939642026,0
mcs90_m3Dr4_s70.A02,mcs90_m3Dr4_s70.B02,dsb_never,41,52,7863828341,1000.02,1,7747039674,984.221,4814835887,4814835887,0
mcs90_m3Dr4_s70.A03,mcs90_m3Dr4_s70.B03,dsb_never,40,46,8359989920,1000.02,1,278144333,30.6414,5337938541,5337938541,0
mcs90_m3Dr4_s70.A04,mcs90_m3Dr4_s70.B04,dsb_never,39,44,8633505107,1000.01,1,139525879,14.8624,5220481165,5220481165,0
mcs90_m3Dr4_s70.A05,mcs90_m3Dr4_s70.B05,dsb_never,41,62,8086240937,1000.01,1,340696500,39.5099,5193916039,5193916039,0
mcs90_m3Dr4_s70.A06,mcs90_m3Dr4_s70.B06,dsb_never,64,166,303219767,47.8044,0,302918482,47.7496,197061560,197061560,0
mcs90_m3Dr4_s70.A07,mcs90_m3Dr4_s70.B07,dsb_never,64,168,55532224,8.66941,0,55268670,8.62034,35174538,35174538,0
mcs90_m3Dr4_s70.A08,mcs90_m3Dr4_s70.B08,dsb_never,38,43,8152636260,1000.01,1,39120497,4.44525,5112129640,5112129640,0
mcs90_m3Dr4_s70.A09,mcs90_m3Dr4_s70.B09,dsb_never,41,51,8839237449,1000.01,1,107868655,11.5617,5565273580,5565273580,0
mcs90_m3Dr4_s80.A00,mcs90_m3Dr4_s80.B00,dsb_never,45,50,7822724253,1000.02,1,1669038330,209.575,4956937830,4956937830,0
mcs90_m3Dr4_s80.A01,mcs90_m3Dr4_s80.B01,dsb_never,43,43,8547521232,1000.01,1,4919788,0.581895,5255583480,5255583480,0
mcs90_m3Dr4_s80.A02,mcs90_m3Dr4_s80.B02,dsb_never,44,48,8703988091,1000.02,1,80260240,8.39598,5607073753,5607073753,0
mcs90_m3Dr4_s80.A03,mcs90_m3Dr4_s80.B03,dsb_never,44,45,8553085298,1000.02,1,4728392197,543.282,5251600524,5251600524,0
mcs90_m3Dr4_s80.A04,mcs90_m3Dr4_s80.B04,dsb_never,44,47,8226694999,1000.03,1,1407687408,160.359,5154768603,5154768603,0
mcs90_m3Dr4_s80.A05,mcs90_m3Dr4_s80.B05,dsb_never,45,49,8425102876,1000.02,1,5400990055,620.203,5348629153,5348629153,0
mcs90_m3Dr4_s80.A06,mcs90_m3Dr4_s80.B06,dsb_never,44,52,8542698148,1000.02,1,128448022,14.1541,5488661840,5488661840,0
mcs90_m3Dr4_s80.A07,mcs90_m3Dr4_s80.B07,dsb_never,43,41,9179937749,1000.01,1,474639961,51.0865,5933075797,5933075797,0
mcs90_m3Dr4_s80.A08,mcs90_m3Dr4_s80.B08,dsb_never,43,45,8889362139,1000.02,1,8586756508,964.825,5696686380,5696686380,0
mcs90_m3Dr4_s80.A09,mcs90_m3Dr4_s80.B09,dsb_never,46,46,7986817246,1000.01,1,2687283657,333.27,4971104609,4971104609,0
mcs90_m3Dr6_s10.A00,mcs90_m3Dr6_s10.B00,dsb_never,8,13,154,7.44E-05,0,106,2.96E-05,112,112,0
mcs90_m3Dr6_s10.A01,mcs90_m3Dr6_s10.B01,dsb_never,8,13,119,4.33E-05,0,55,1.10E-05,82,82,0
mcs90_m3Dr6_s10.A02,mcs90_m3Dr6_s10.B02,dsb_never,8,14,290,6.34E-05,0,133,2.27E-05,200,200,0
mcs90_m3Dr6_s10.A03,mcs90_m3Dr6_s10.B03,dsb_never,8,11,159,4.57E-05,0,25,8.42E-06,113,113,0
mcs90_m3Dr6_s10.A04,mcs90_m3Dr6_s10.B04,dsb_never,8,15,205,5.04E-05,0,96,1.63E-05,139,139,0
mcs90_m3Dr6_s10.A05,mcs90_m3Dr6_s10.B05,dsb_never,8,14,170,4.63E-05,0,22,8.41E-06,117,117,0
mcs90_m3Dr6_s10.A06,mcs90_m3Dr6_s10.B06,dsb_never,8,14,197,7.74E-05,0,154,3.53E-05,126,126,0
mcs90_m3Dr6_s10.A07,mcs90_m3Dr6_s10.B07,dsb_never,8,14,108,4.33E-05,0,18,7.60E-06,77,77,0
mcs90_m3Dr6_s10.A08,mcs90_m3Dr6_s10.B08,dsb_never,8,13,300,6.45E-05,0,124,1.90E-05,200,200,0
mcs90_m3Dr6_s10.A09,mcs90_m3Dr6_s10.B09,dsb_never,9,15,36,3.57E-05,0,16,9.13E-06,24,24,0
mcs90_m3Dr6_s30.A00,mcs90_m3Dr6_s30.B00,dsb_never,27,67,1280979,0.173019,0,1279055,0.172687,782840,782840,0
mcs90_m3Dr6_s30.A01,mcs90_m3Dr6_s30.B01,dsb_never,27,68,1962679,0.264136,0,1960434,0.263769,1219868,1219868,0
mcs90_m3Dr6_s30.A02,mcs90_m3Dr6_s30.B02,dsb_never,27,67,185990,0.0274337,0,184814,0.0271726,111915,111915,0
mcs90_m3Dr6_s30.A03,mcs90_m3Dr6_s30.B03,dsb_never,27,67,3557088,0.469314,0,3555674,0.469067,2196699,2196699,0
mcs90_m3Dr6_s30.A04,mcs90_m3Dr6_s30.B04,dsb_never,27,65,29727,0.00435292,0,27667,0.00400548,18578,18578,0
mcs90_m3Dr6_s30.A05,mcs90_m3Dr6_s30.B05,dsb_never,27,66,3516293,0.420942,0,3514570,0.420633,2172111,2172111,0
mcs90_m3Dr6_s30.A06,mcs90_m3Dr6_s30.B06,dsb_never,27,66,440517,0.0563007,0,439787,0.0561436,273551,273551,0
mcs90_m3Dr6_s30.A07,mcs90_m3Dr6_s30.B07,dsb_never,27,66,2445845,0.296352,0,2444795,0.296152,1508501,1508501,0
mcs90_m3Dr6_s30.A08,mcs90_m3Dr6_s30.B08,dsb_never,27,65,2116741,0.262328,0,2115400,0.262076,1334183,1334183,0
mcs90_m3Dr6_s30.A09,mcs90_m3Dr6_s30.B09,dsb_never,27,67,1780327,0.223652,0,1777097,0.223127,1099877,1099877,0
mcs90_m3Dr6_s70.A00,mcs90_m3Dr6_s70.B00,dsb_never,37,41,7860914648,1000.02,1,1418771516,175.024,4924406996,4924406996,0
mcs90_m3Dr6_s70.A01,mcs90_m3Dr6_s70.B01,dsb_never,38,42,8902614292,1000.02,1,18010267,1.8237,5667729036,5667729036,0
mcs90_m3Dr6_s70.A02,mcs90_m3Dr6_s70.B02,dsb_never,38,39,7863211638,1000.02,1,3636384481,450.54,4829594855,4829594855,0
mcs90_m3Dr6_s70.A03,mcs90_m3Dr6_s70.B03,dsb_never,39,48,7843456422,1000.02,1,3047901922,375.663,4924871821,4924871821,0
mcs90_m3Dr6_s70.A04,mcs90_m3Dr6_s70.B04,dsb_never,64,180,292093,0.0607305,0,178385,0.0348805,190600,190600,0
mcs90_m3Dr6_s70.A05,mcs90_m3Dr6_s70.B05,dsb_never,38,40,8986099435,1000.01,1,8207615953,911.132,5853597091,5853597091,0
mcs90_m3Dr6_s70.A06,mcs90_m3Dr6_s70.B06,dsb_never,64,179,161172,0.0409474,0,65,9.37E-05,118245,118245,0
mcs90_m3Dr6_s70.A07,mcs90_m3Dr6_s70.B07,dsb_never,38,52,7897930168,1000.01,1,392982269,47.2316,4862168521,4862168521,0
mcs90_m3Dr6_s70.A08,mcs90_m3Dr6_s70.B08,dsb_never,64,179,607393762,101.038,0,607145600,100.99,399029228,399029228,0
mcs90_m3Dr6_s70.A09,mcs90_m3Dr6_s70.B09,dsb_never,38,39,7803096162,1000.02,1,2273850257,289.682,4770077527,4770077527,0
mcs90_m3Dr6_s80.A00,mcs90_m3Dr6_s80.B00,dsb_never,43,46,8093789044,1000.02,1,34233799,3.79193,5128381873,5128381873,0
mcs90_m3Dr6_s80.A01,mcs90_m3Dr6_s80.B01,dsb_never,42,43,8247048756,1000.01,1,547611903,64.6939,5405132767,5405132767,0
mcs90_m3Dr6_s80.A02,mcs90_m3Dr6_s80.B02,dsb_never,44,44,6966627395,1000.02,1,77752246,9.96557,4285877327,4285877327,0
mcs90_m3Dr6_s80.A03,mcs90_m3Dr6_s80.B03,dsb_never,44,43,8107351004,1000.02,1,2218530990,264.496,5186840455,5186840455,0
mcs90_m3Dr6_s80.A04,mcs90_m3Dr6_s80.B04,dsb_never,42,44,7931924618,1000.02,1,2258212646,275.454,4870789099,4870789099,0
mcs90_m3Dr6_s80.A05,mcs90_m3Dr6_s80.B05,dsb_never,43,39,7718511776,1000.02,1,10832281,1.18169,5033487946,5033487946,0
mcs90_m3Dr6_s80.A06,mcs90_m3Dr6_s80.B06,dsb_never,43,45,7078615036,1000.02,1,5643201293,779.496,4311483342,4311483342,0
mcs90_m3Dr6_s80.A07,mcs90_m3Dr6_s80.B07,dsb_never,43,47,7873030541,1000.02,1,174597149,20.0347,4850007552,4850007552,0
mcs90_m3Dr6_s80.A08,mcs90_m3Dr6_s80.B08,dsb_never,43,46,6857802346,1000.02,1,3831090298,557.077,4151626001,4151626001,0
mcs90_m3Dr6_s80.A09,mcs90_m3Dr6_s80.B09,dsb_never,42,42,8282700661,1000.01,1,56394888,6.29057,5097046076,5097046076,0
mcs90_m4D_s100.A00,mcs90_m4D_s100.B00,dsb_never,80,158,11373090861,1000.02,1,10687407485,940.975,8183972910,8183972910,0
mcs90_m4D_s100.A01,mcs90_m4D_s100.B01,dsb_never,66,97,6930159982,1000.02,1,2973882395,380.49,4725109497,4725109497,0
mcs90_m4D_s100.A02,mcs90_m4D_s100.B02,dsb_never,85,183,9468262340,1000.02,1,4921955031,414.212,6573606624,6573606624,0
mcs90_m4D_s100.A03,mcs90_m4D_s100.B03,dsb_never,84,191,8813828023,1000.02,1,120049675,13.1908,6448673739,6448673739,0
mcs90_m4D_s100.A04,mcs90_m4D_s100.B04,dsb_never,74,154,9259249396,1000.02,1,99454440,10.442,6171196131,6171196131,0
mcs90_m4D_s100.A05,mcs90_m4D_s100.B05,dsb_never,81,171,10308106753,1000.02,1,4561106846,434.426,7084244701,7084244701,0
mcs90_m4D_s100.A06,mcs90_m4D_s100.B06,dsb_never,87,199,8541435337,1000.01,1,45957317,3.7586,5853422637,5853422637,0
mcs90_m4D_s100.A07,mcs90_m4D_s100.B07,dsb_never,82,163,9754511751,1000.01,1,263941115,25.868,7205925043,7205925043,0
mcs90_m4D_s100.A08,mcs90_m4D_s100.B08,dsb_never,75,144,12010077116,1000.02,1,4445087361,347.38,8318959799,8318959799,0
mcs90_m4D_s100.A09,mcs90_m4D_s100.B09,dsb_never,79,150,14000687889,1000.02,1,207068523,10.3277,9154667692,9154667692,0
mcs90_m4D_s20.A00,mcs90_m4D_s20.B00,dsb_never,16,26,7629,0.00127746,0,17,2.37E-05,4714,4714,0
mcs90_m4D_s20.A01,mcs90_m4D_s20.B01,dsb_never,17,32,2186,0.000238899,0,883,8.60E-05,1343,1343,0
mcs90_m4D_s20.A02,mcs90_m4D_s20.B02,dsb_never,17,32,1524,0.000188113,0,551,6.18E-05,936,936,0
mcs90_m4D_s20.A03,mcs90_m4D_s20.B03,dsb_never,17,21,10067,0.000744853,0,9461,0.000672443,6591,6591,0
mcs90_m4D_s20.A04,mcs90_m4D_s20.B04,dsb_never,17,28,1558,0.000167572,0,626,5.85E-05,977,977,0
mcs90_m4D_s20.A05,mcs90_m4D_s20.B05,dsb_never,17,21,5037,0.000408987,0,4746,0.000356959,3090,3090,0
mcs90_m4D_s20.A06,mcs90_m4D_s20.B06,dsb_never,17,19,7043,0.00049624,0,6222,0.000402057,4385,4385,0
mcs90_m4D_s20.A07,mcs90_m4D_s20.B07,dsb_never,17,32,1499,0.000368631,0,123,4.40E-05,944,944,0
mcs90_m4D_s20.A08,mcs90_m4D_s20.B08,dsb_never,17,32,1395,0.000168995,0,18,1.25E-05,921,921,0
mcs90_m4D_s20.A09,mcs90_m4D_s20.B09,dsb_never,18,33,168,6.07E-05,0,19,1.33E-05,127,127,0
mcs90_m4D_s90.A00,mcs90_m4D_s90.B00,dsb_never,81,185,8160186744,1000.02,1,265525,0.0241907,5207334477,5207334477,0
mcs90_m4D_s90.A01,mcs90_m4D_s90.B01,dsb_never,84,143,395663344,38.3432,0,395439947,38.3111,250743434,250743434,0
mcs90_m4D_s90.A02,mcs90_m4D_s90.B02,dsb_never,83,192,204628031,17.1565,0,142836410,11.5811,127515640,127515640,0
mcs90_m4D_s90.A03,mcs90_m4D_s90.B03,dsb_never,83,192,11161007430,924.307,0,11085969211,916.266,7112532674,7112532674,0
mcs90_m4D_s90.A04,mcs90_m4D_s90.B04,dsb_never,83,185,355897795,35.2881,0,340775795,33.473,250711316,250711316,0
mcs90_m4D_s90.A05,mcs90_m4D_s90.B05,dsb_never,82,187,4630656570,1000.02,1,2598759887,550.134,3057727916,3057727916,0
mcs90_m4D_s90.A06,mcs90_m4D_s90.B06,dsb_never,83,183,738722960,80.6509,0,724639114,78.8846,488777342,488777342,0
mcs90_m4D_s90.A07,mcs90_m4D_s90.B07,dsb_never,83,193,731585151,67.7205,0,622532772,56.4506,543617861,543617861,0
mcs90_m4D_s90.A08,mcs90_m4D_s90.B08,dsb_never,76,162,13446047638,1000.01,1,8167883160,563.356,8961737925,8961737925,0
mcs90_m4D_s90.A09,mcs90_m4D_s90.B09,dsb_never,82,192,1207864250,119.898,0,5206,0.000658177,769620310,769620310,0
mcs90_m4Dr2_s100.A00,mcs90_m4Dr2_s100.B00,dsb_never,86,215,6035164052,1000.02,1,650118856,107.281,4060547463,4060547463,0
mcs90_m4Dr2_s100.A01,mcs90_m4Dr2_s100.B01,dsb_never,65,109,13866752877,1000.02,1,7618770919,525.649,9691209294,9691209294,0
mcs90_m4Dr2_s100.A02,mcs90_m4Dr2_s100.B02,dsb_never,81,206,6074128830,1000.01,1,82,0.000106761,3202791580,3202791580,0
mcs90_m4Dr2_s100.A03,mcs90_m4Dr2_s100.B03,dsb_never,64,93,12407311073,1000.02,1,7397837,0.776414,9073860151,9073860151,0
mcs90_m4Dr2_s100.A04,mcs90_m4Dr2_s100.B04,dsb_never,69,116,12294167497,1000.02,1,715072045,66.3274,9076422832,9076422832,0
mcs90_m4Dr2_s100.A05,mcs90_m4Dr2_s100.B05,dsb_never,65,102,8272872123,1000.02,1,4584066536,534.445,5536784565,5536784565,0
mcs90_m4Dr2_s100.A06,mcs90_m4Dr2_s100.B06,dsb_never,86,208,5969900530,1000.01,1,80084,0.00973518,4077247429,4077247429,0
mcs90_m4Dr2_s100.A07,mcs90_m4Dr2_s100.B07,dsb_never,53,66,22568897701,1000.02,1,361972925,15.4282,17758615224,17758615224,0
mcs90_m4Dr2_s100.A08,mcs90_m4Dr2_s100.B08,dsb_never,85,213,5540223582,1000.02,1,86,0.00010686,4162188343,4162188343,0
mcs90_m4Dr2_s100.A09,mcs90_m4Dr2_s100.B09,dsb_never,57,75,9280016577,1000.02,1,6021634933,618.166,7298633619,7298633619,0
mcs90_m4Dr2_s20.A00,mcs90_m4Dr2_s20.B00,dsb_never,16,33,2364,0.000307432,0,274,5.03E-05,1579,1579,0
mcs90_m4Dr2_s20.A01,mcs90_m4Dr2_s20.B01,dsb_never,16,29,4245,0.000465768,0,667,7.32E-05,2659,2659,0
mcs90_m4Dr2_s20.A02,mcs90_m4Dr2_s20.B02,dsb_never,17,35,1768,0.000243187,0,922,0.000108534,1167,1167,0
mcs90_m4Dr2_s20.A03,mcs90_m4Dr2_s20.B03,dsb_never,17,33,449,9.77E-05,0,18,1.30E-05,317,317,0
mcs90_m4Dr2_s20.A04,mcs90_m4Dr2_s20.B04,dsb_never,16,33,2935,0.000382836,0,17,1.30E-05,1970,1970,0
mcs90_m4Dr2_s20.A05,mcs90_m4Dr2_s20.B05,dsb_never,16,33,5007,0.0005448,0,1213,0.000120731,3110,3110,0
mcs90_m4Dr2_s20.A06,mcs90_m4Dr2_s20.B06,dsb_never,16,34,3811,0.000470758,0,1045,0.000122184,2439,2439,0
mcs90_m4Dr2_s20.A07,mcs90_m4Dr2_s20.B07,dsb_never,17,25,1752,0.000241744,0,1276,0.0001596,1126,1126,0
mcs90_m4Dr2_s20.A08,mcs90_m4Dr2_s20.B08,dsb_never,16,34,1898,0.000247171,0,17,1.12E-05,1272,1272,0
mcs90_m4Dr2_s20.A09,mcs90_m4Dr2_s20.B09,dsb_never,16,34,3627,0.000869509,0,1589,0.000332978,2435,2435,0
mcs90_m4Dr2_s90.A00,mcs90_m4Dr2_s90.B00,dsb_never,81,208,1210948466,119.874,0,1184995647,116.544,840018022,840018022,0
mcs90_m4Dr2_s90.A01,mcs90_m4Dr2_s90.B01,dsb_never,61,103,7884664475,1000.02,1,605985031,70.8028,5427955664,5427955664,0
mcs90_m4Dr2_s90.A02,mcs90_m4Dr2_s90.B02,dsb_never,66,127,10978531830,1000.01,1,9768922685,837.552,7608164959,7608164959,0
mcs90_m4Dr2_s90.A03,mcs90_m4Dr2_s90.B03,dsb_never,59,96,9980078105,1000.01,1,976248590,78.1952,6870816985,6870816985,0
mcs90_m4Dr2_s90.A04,mcs90_m4Dr2_s90.B04,dsb_never,57,91,8981580976,1000.01,1,5175402936,539.092,6539940966,6539940966,0
mcs90_m4Dr2_s90.A05,mcs90_m4Dr2_s90.B05,dsb_never,81,209,16365690,2.32424,0,3034,0.000430149,9444273,9444273,0
mcs90_m4Dr2_s90.A06,mcs90_m4Dr2_s90.B06,dsb_never,64,131,7660825882,1000.01,1,401707079,48.7779,5531164059,5531164059,0
mcs90_m4Dr2_s90.A07,mcs90_m4Dr2_s90.B07,dsb_never,81,209,13440870,2.14054,0,82,9.95E-05,7709320,7709320,0
mcs90_m4Dr2_s90.A08,mcs90_m4Dr2_s90.B08,dsb_never,58,94,12360310966,1000.02,1,724742242,52.8529,8690650523,8690650523,0
mcs90_m4Dr2_s90.A09,mcs90_m4Dr2_s90.B09,dsb_never,82,209,453265673,44.5883,0,449314291,43.9406,290792584,290792584,0
mcs90_m4Dr4_s100.A00,mcs90_m4Dr4_s100.B00,dsb_never,60,85,8520807344,1000.02,1,344373716,37.643,6099329098,6099329098,0
mcs90_m4Dr4_s100.A01,mcs90_m4Dr4_s100.B01,dsb_never,71,147,9195645728,1000.02,1,326781915,38.8554,6029058702,6029058702,0
mcs90_m4Dr4_s100.A02,mcs90_m4Dr4_s100.B02,dsb_never,60,82,8765647971,1000.02,1,7458963201,835.443,6400497236,6400497236,0
mcs90_m4Dr4_s100.A03,mcs90_m4Dr4_s100.B03,dsb_never,59,73,11506279258,1000.01,1,4072219440,341.24,8828287794,8828287794,0
mcs90_m4Dr4_s100.A04,mcs90_m4Dr4_s100.B04,dsb_never,62,103,6007584181,1000.02,1,1789127869,295.734,4351188217,4351188217,0
mcs90_m4Dr4_s100.A05,mcs90_m4Dr4_s100.B05,dsb_never,60,76,12180901626,1000.02,1,56891621,4.17383,9728693121,9728693121,0
mcs90_m4Dr4_s100.A06,mcs90_m4Dr4_s100.B06,dsb_never,61,87,10654253444,1000.01,1,150186638,13.242,7868913631,7868913631,0
mcs90_m4Dr4_s100.A07,mcs90_m4Dr4_s100.B07,dsb_never,78,197,6031668023,1000.02,1,26591216,4.30643,3073232122,3073232122,0
mcs90_m4Dr4_s100.A08,mcs90_m4Dr4_s100.B08,dsb_never,60,88,8754837073,1000.01,1,43542233,3.60762,6201373423,6201373423,0
mcs90_m4Dr4_s100.A09,mcs90_m4Dr4_s100.B09,dsb_never,70,153,7351069422,1000.02,1,74507,0.00937445,4619190420,4619190420,0
mcs90_m4Dr4_s20.A00,mcs90_m4Dr4_s20.B00,dsb_never,16,36,5512,0.00069054,0,762,7.33E-05,3604,3604,0
mcs90_m4Dr4_s20.A01,mcs90_m4Dr4_s20.B01,dsb_never,17,38,671,0.000130085,0,118,2.50E-05,470,470,0
mcs90_m4Dr4_s20.A02,mcs90_m4Dr4_s20.B02,dsb_never,16,35,2699,0.000387483,0,94,2.37E-05,1808,1808,0
mcs90_m4Dr4_s20.A03,mcs90_m4Dr4_s20.B03,dsb_never,16,37,1955,0.000306351,0,17,1.25E-05,1382,1382,0
mcs90_m4Dr4_s20.A04,mcs90_m4Dr4_s20.B04,dsb_never,17,37,1242,0.000201183,0,772,0.000105419,817,817,0
mcs90_m4Dr4_s20.A05,mcs90_m4Dr4_s20.B05,dsb_never,16,36,3773,0.000469767,0,1558,0.000172449,2478,2478,0
mcs90_m4Dr4_s20.A06,mcs90_m4Dr4_s20.B06,dsb_never,16,36,4460,0.000558059,0,1423,0.000157497,2970,2970,0
mcs90_m4Dr4_s20.A07,mcs90_m4Dr4_s20.B07,dsb_never,16,37,3342,0.000443358,0,803,0.00010019,2194,2194,0
mcs90_m4Dr4_s20.A08,mcs90_m4Dr4_s20.B08,dsb_never,17,38,456,9.80E-05,0,18,1.15E-05,359,359,0
mcs90_m4Dr4_s20.A09,mcs90_m4Dr4_s20.B09,dsb_never,17,33,762,0.000137427,0,272,4.69E-05,525,525,0
mcs90_m4Dr4_s90.A00,mcs90_m4Dr4_s90.B00,dsb_never,81,225,11375712,2.17362,0,82,0.000117537,6223950,6223950,0
mcs90_m4Dr4_s90.A01,mcs90_m4Dr4_s90.B01,dsb_never,51,75,18835815515,1000.03,1,2453577,0.21418,13647816485,13647816485,0
mcs90_m4Dr4_s90.A02,mcs90_m4Dr4_s90.B02,dsb_never,55,82,12008207160,1000.02,1,6060884818,454.051,8929079475,8929079475,0
mcs90_m4Dr4_s90.A03,mcs90_m4Dr4_s90.B03,dsb_never,51,76,11417109662,1000.02,1,435431661,34.6825,8285728475,8285728475,0
mcs90_m4Dr4_s90.A04,mcs90_m4Dr4_s90.B04,dsb_never,57,101,9951753569,1000.02,1,9602028858,966.284,7100732968,7100732968,0
mcs90_m4Dr4_s90.A05,mcs90_m4Dr4_s90.B05,dsb_never,56,98,8100028472,1000.01,1,1527435212,153.414,5654564526,5654564526,0
mcs90_m4Dr4_s90.A06,mcs90_m4Dr4_s90.B06,dsb_never,81,226,1989570909,267.324,0,1984645208,266.45,1262407350,1262407350,0
mcs90_m4Dr4_s90.A07,mcs90_m4Dr4_s90.B07,dsb_never,53,79,13460619649,1000.01,1,13211340465,982.034,9944216938,9944216938,0
mcs90_m4Dr4_s90.A08,mcs90_m4Dr4_s90.B08,dsb_never,82,226,1843165,0.360456,0,83,0.000116204,1098209,1098209,0
mcs90_m4Dr4_s90.A09,mcs90_m4Dr4_s90.B09,dsb_never,55,83,12135975287,1000.01,1,11747859911,961.144,9413507505,9413507505,0
mcs90_m4Dr6_s100.A00,mcs90_m4Dr6_s100.B00,dsb_never,56,76,17482291901,1000.02,1,2336538021,131.798,12267354076,12267354076,0
mcs90_m4Dr6_s100.A01,mcs90_m4Dr6_s100.B01,dsb_never,66,135,7292901948,1000.01,1,627,0.000160111,4650708744,4650708744,0
mcs90_m4Dr6_s100.A02,mcs90_m4Dr6_s100.B02,dsb_never,83,240,4178376203,1000.02,1,1035159040,211.554,2229858703,2229858703,0
mcs90_m4Dr6_s100.A03,mcs90_m4Dr6_s100.B03,dsb_never,56,85,12359784714,1000.02,1,11699806099,926.185,9333922356,9333922356,0
mcs90_m4Dr6_s100.A04,mcs90_m4Dr6_s100.B04,dsb_never,57,76,10511379878,1000.02,1,4146476289,335.584,8023574672,8023574672,0
mcs90_m4Dr6_s100.A05,mcs90_m4Dr6_s100.B05,dsb_never,56,72,10117582363,1000.02,1,6704040673,646.12,7628836894,7628836894,0
mcs90_m4Dr6_s100.A06,mcs90_m4Dr6_s100.B06,dsb_never,56,72,11836102023,1000.02,1,8964584485,725.702,8430798329,8430798329,0
mcs90_m4Dr6_s100.A07,mcs90_m4Dr6_s100.B07,dsb_never,56,72,10576366753,1000.02,1,123470849,14.1998,7340892835,7340892835,0
mcs90_m4Dr6_s100.A08,mcs90_m4Dr6_s100.B08,dsb_never,56,78,10887307837,1000.02,1,369667356,31.6701,8213183146,8213183146,0
mcs90_m4Dr6_s100.A09,mcs90_m4Dr6_s100.B09,dsb_never,56,71,12844037200,1000.02,1,3985064972,255.388,9819274798,9819274798,0
mcs90_m4Dr6_s20.A00,mcs90_m4Dr6_s20.B00,dsb_never,17,40,8050,0.000883511,0,7731,0.000811473,5004,5004,0
mcs90_m4Dr6_s20.A01,mcs90_m4Dr6_s20.B01,dsb_never,16,36,2648,0.000387413,0,17,1.29E-05,1849,1849,0
mcs90_m4Dr6_s20.A02,mcs90_m4Dr6_s20.B02,dsb_never,16,37,2599,0.000393041,0,1013,0.000149574,1800,1800,0
mcs90_m4Dr6_s20.A03,mcs90_m4Dr6_s20.B03,dsb_never,16,39,2413,0.000333101,0,1358,0.000160291,1627,1627,0
mcs90_m4Dr6_s20.A04,mcs90_m4Dr6_s20.B04,dsb_never,17,39,291,8.61E-05,0,18,1.57E-05,224,224,0
mcs90_m4Dr6_s20.A05,mcs90_m4Dr6_s20.B05,dsb_never,16,37,3495,0.000454564,0,1380,0.000161573,2314,2314,0
mcs90_m4Dr6_s20.A06,mcs90_m4Dr6_s20.B06,dsb_never,16,35,3961,0.000545795,0,1044,0.000126569,2649,2649,0
mcs90_m4Dr6_s20.A07,mcs90_m4Dr6_s20.B07,dsb_never,16,38,1575,0.000255976,0,17,1.34E-05,1158,1158,0
mcs90_m4Dr6_s20.A08,mcs90_m4Dr6_s20.B08,dsb_never,16,37,3155,0.000448085,0,1317,0.000164418,2081,2081,0
mcs90_m4Dr6_s20.A09,mcs90_m4Dr6_s20.B09,dsb_never,16,36,2876,0.000397858,0,849,0.000102044,1900,1900,0
mcs90_m4Dr6_s90.A00,mcs90_m4Dr6_s90.B00,dsb_never,51,74,9905117727,1000.01,1,8902994309,896.35,7171936362,7171936362,0
mcs90_m4Dr6_s90.A01,mcs90_m4Dr6_s90.B01,dsb_never,53,99,9448079692,1000.02,1,5371169612,530.283,6802155132,6802155132,0
mcs90_m4Dr6_s90.A02,mcs90_m4Dr6_s90.B02,dsb_never,82,239,70048267,12.0306,0,68805029,11.7973,38287820,38287820,0
mcs90_m4Dr6_s90.A03,mcs90_m4Dr6_s90.B03,dsb_never,81,242,5311456,1.00383,0,82,0.000112167,3489380,3489380,0
mcs90_m4Dr6_s90.A04,mcs90_m4Dr6_s90.B04,dsb_never,81,238,5593225,1.07,0,82,0.000124736,3595245,3595245,0
mcs90_m4Dr6_s90.A05,mcs90_m4Dr6_s90.B05,dsb_never,49,69,9064638919,1000.01,1,1601168383,166.088,6318035547,6318035547,0
mcs90_m4Dr6_s90.A06,mcs90_m4Dr6_s90.B06,dsb_never,81,237,2511932515,353.379,0,2509601731,352.881,1580150736,1580150736,0
mcs90_m4Dr6_s90.A07,mcs90_m4Dr6_s90.B07,dsb_never,50,77,5220935830,1000.02,1,1163644356,199.308,3809491150,3809491150,0
mcs90_m4Dr6_s90.A08,mcs90_m4Dr6_s90.B08,dsb_never,81,241,3282521383,482.988,0,3272549323,480.951,2179204725,2179204725,0
mcs90_m4Dr6_s90.A09,mcs90_m4Dr6_s90.B09,dsb_never,81,238,3800726,0.725525,0,82,0.000114412,2498018,2498018,0
mcs90_r001_s100.A00,mcs90_r001_s100.B00,dsb_never,89,88,12683207023,1000.01,1,7227013417,566.407,9193573270,9193573270,0
mcs90_r001_s100.A01,mcs90_r001_s100.B01,dsb_never,77,61,31950881062,1000.02,1,6768652787,221.562,24410370265,24410370265,0
mcs90_r001_s100.A02,mcs90_r001_s100.B02,dsb_never,78,65,29411074137,1000.02,1,5765383166,193.851,23526293225,23526293225,0
mcs90_r001_s100.A03,mcs90_r001_s100.B03,dsb_never,73,58,30189750307,1000.02,1,15295979407,542.493,23896419271,23896419271,0
mcs90_r001_s100.A04,mcs90_r001_s100.B04,dsb_never,82,76,10032985831,1000.02,1,55452,0.00182868,7517760784,7517760784,0
mcs90_r001_s100.A05,mcs90_r001_s100.B05,dsb_never,81,70,10580680818,1000.02,1,52271560,4.62121,8070230373,8070230373,0
mcs90_r001_s100.A06,mcs90_r001_s100.B06,dsb_never,68,51,17841609546,1000.02,1,25604637,1.49731,13820677416,13820677416,0
mcs90_r001_s100.A07,mcs90_r001_s100.B07,dsb_never,82,74,22931679388,1000.02,1,13902270782,532.152,16981356827,16981356827,0
mcs90_r001_s100.A08,mcs90_r001_s100.B08,dsb_never,74,59,30757330394,1000.01,1,244544944,7.99262,23542574567,23542574567,0
mcs90_r001_s100.A09,mcs90_r001_s100.B09,dsb_never,79,61,10698401114,1000.02,1,401923504,36.0568,8546317464,8546317464,0
mcs90_r005_s100.A00,mcs90_r005_s100.B00,dsb_never,40,48,6833910626,1000.02,1,1572936073,219.627,4220072177,4220072177,0
mcs90_r005_s100.A01,mcs90_r005_s100.B01,dsb_never,40,56,6518038151,1000.02,1,1408217772,207.972,3964143804,3964143804,0
mcs90_r005_s100.A02,mcs90_r005_s100.B02,dsb_never,42,63,7106528188,1000.02,1,6736329189,941.095,4375756458,4375756458,0
mcs90_r005_s100.A03,mcs90_r005_s100.B03,dsb_never,90,389,3104404,0.849602,0,91,0.00016025,2408769,2408769,0
mcs90_r005_s100.A04,mcs90_r005_s100.B04,dsb_never,40,53,6990250704,1000.01,1,3478346660,480.666,4224418601,4224418601,0
mcs90_r005_s100.A05,mcs90_r005_s100.B05,dsb_never,41,45,6405984012,1000.01,1,5376557213,835.436,3922724346,3922724346,0
mcs90_r005_s100.A06,mcs90_r005_s100.B06,dsb_never,41,50,6691216973,1000.02,1,4380671210,641.918,4021886905,4021886905,0
mcs90_r005_s100.A07,mcs90_r005_s100.B07,dsb_never,41,53,6519017789,1000.02,1,3069924804,464.433,3980045331,3980045331,0
mcs90_r005_s100.A08,mcs90_r005_s100.B08,dsb_never,41,52,6292862795,1000.01,1,2311457886,350.275,3857877378,3857877378,0
mcs90_r005_s100.A09,mcs90_r005_s100.B09,dsb_never,41,49,6463271352,1000.01,1,1825063525,270.355,3962482273,3962482273,0
mcs90_r005_s20.A00,mcs90_r005_s20.B00,dsb_never,19,18,1126,0.000112179,0,1070,7.82E-05,803,803,0
mcs90_r005_s20.A01,mcs90_r005_s20.B01,dsb_never,18,17,2041,0.000161663,0,1947,0.000129446,1440,1440,0
mcs90_r005_s20.A02,mcs90_r005_s20.B02,dsb_never,18,17,251,7.37E-05,0,76,2.65E-05,176,176,0
mcs90_r005_s20.A03,mcs90_r005_s20.B03,dsb_never,18,17,1731,0.000174583,0,1590,0.000128453,1164,1164,0
mcs90_r005_s20.A04,mcs90_r005_s20.B04,dsb_never,18,17,3795,0.000289427,0,3550,0.000235125,2452,2452,0
mcs90_r005_s20.A05,mcs90_r005_s20.B05,dsb_never,18,17,5395,0.000386492,0,5076,0.000332691,3586,3586,0
mcs90_r005_s20.A06,mcs90_r005_s20.B06,dsb_never,18,17,14171,0.000643198,0,13888,0.00059099,9640,9640,0
mcs90_r005_s20.A07,mcs90_r005_s20.B07,dsb_never,18,17,173,5.94E-05,0,40,1.33E-05,126,126,0
mcs90_r005_s20.A08,mcs90_r005_s20.B08,dsb_never,18,17,211,6.03E-05,0,19,1.25E-05,150,150,0
mcs90_r005_s20.A09,mcs90_r005_s20.B09,dsb_never,18,17,783,0.000204235,0,224,5.62E-05,520,520,0
mcs90_r005_s25.A00,mcs90_r005_s25.B00,dsb_never,22,22,1398,0.000343703,0,330,8.37E-05,933,933,0
mcs90_r005_s25.A01,mcs90_r005_s25.B01,dsb_never,22,22,6830,0.000481365,0,5841,0.00036517,4643,4643,0
mcs90_r005_s25.A02,mcs90_r005_s25.B02,dsb_never,22,22,733,0.00011269,0,233,3.46E-05,532,532,0
mcs90_r005_s25.A03,mcs90_r005_s25.B03,dsb_never,22,22,2324,0.000259259,0,1321,0.000124577,1577,1577,0
mcs90_r005_s25.A04,mcs90_r005_s25.B04,dsb_never,22,22,915348,0.0433497,0,914163,0.0432196,692967,692967,0
mcs90_r005_s25.A05,mcs90_r005_s25.B05,dsb_never,22,21,20187,0.00112005,0,19056,0.000998765,13886,13886,0
mcs90_r005_s25.A06,mcs90_r005_s25.B06,dsb_never,23,23,22064,0.00163128,0,21883,0.00157795,15395,15395,0
mcs90_r005_s25.A07,mcs90_r005_s25.B07,dsb_never,22,22,14759,0.00115448,0,13281,0.00098283,9971,9971,0
mcs90_r005_s25.A08,mcs90_r005_s25.B08,dsb_never,22,22,6250,0.000538009,0,4375,0.000322665,4162,4162,0
mcs90_r005_s25.A09,mcs90_r005_s25.B09,dsb_never,22,22,11012,0.000660469,0,9734,0.000494762,8031,8031,0
mcs90_r005_s30.A00,mcs90_r005_s30.B00,dsb_never,27,34,1534811,0.228519,0,1532748,0.227993,1134381,1134381,0
mcs90_r005_s30.A01,mcs90_r005_s30.B01,dsb_never,27,34,237806,0.0210848,0,237279,0.0209776,152451,152451,0
mcs90_r005_s30.A02,mcs90_r005_s30.B02,dsb_never,27,34,43516,0.00319437,0,42821,0.00308192,28830,28830,0
mcs90_r005_s30.A03,mcs90_r005_s30.B03,dsb_never,27,34,26952,0.00190482,0,25487,0.00168488,19459,19459,0
mcs90_r005_s30.A04,mcs90_r005_s30.B04,dsb_never,27,34,2126,0.000271969,0,1191,0.000122725,1317,1317,0
mcs90_r005_s30.A05,mcs90_r005_s30.B05,dsb_never,27,34,185502,0.0160851,0,182137,0.015694,121901,121901,0
mcs90_r005_s30.A06,mcs90_r005_s30.B06,dsb_never,27,34,150831,0.0127099,0,149750,0.0125456,101660,101660,0
mcs90_r005_s30.A07,mcs90_r005_s30.B07,dsb_never,27,34,221704,0.0157707,0,220894,0.0156368,148385,148385,0
mcs90_r005_s30.A08,mcs90_r005_s30.B08,dsb_never,27,34,678932,0.0516284,0,677903,0.0514604,478681,478681,0
mcs90_r005_s30.A09,mcs90_r005_s30.B09,dsb_never,27,33,1931,0.000201972,0,1233,8.29E-05,1266,1266,0
mcs90_r005_s35.A00,mcs90_r005_s35.B00,dsb_never,31,44,19834393,2.87131,0,19832921,2.87081,14155763,14155763,0
mcs90_r005_s35.A01,mcs90_r005_s35.B01,dsb_never,31,44,3464328,0.553074,0,3460125,0.55187,2379875,2379875,0
mcs90_r005_s35.A02,mcs90_r005_s35.B02,dsb_never,31,43,3157498,0.306955,0,3154441,0.306521,2059971,2059971,0
mcs90_r005_s35.A03,mcs90_r005_s35.B03,dsb_never,31,45,594125,0.0527578,0,581366,0.0510782,419353,419353,0
mcs90_r005_s35.A04,mcs90_r005_s35.B04,dsb_never,31,44,359490,0.0356398,0,353741,0.0348304,254142,254142,0
mcs90_r005_s35.A05,mcs90_r005_s35.B05,dsb_never,31,44,543985,0.0982352,0,538231,0.0967012,382980,382980,0
mcs90_r005_s35.A06,mcs90_r005_s35.B06,dsb_never,31,45,4313492,0.828212,0,4306961,0.82655,2867736,2867736,0
mcs90_r005_s35.A07,mcs90_r005_s35.B07,dsb_never,31,45,1411608,0.137698,0,1406774,0.137089,941768,941768,0
mcs90_r005_s35.A08,mcs90_r005_s35.B08,dsb_never,31,45,3539,0.000533511,0,32,2.30E-05,2594,2594,0
mcs90_r005_s35.A09,mcs90_r005_s35.B09,dsb_never,31,45,4477,0.000634318,0,77,2.81E-05,3146,3146,0
mcs90_r005_s40.A00,mcs90_r005_s40.B00,dsb_never,36,62,16739830,1.80849,0,16733415,1.80755,10936345,10936345,0
mcs90_r005_s40.A01,mcs90_r005_s40.B01,dsb_never,36,62,10400811,1.08653,0,10399088,1.08621,7056967,7056967,0
mcs90_r005_s40.A02,mcs90_r005_s40.B02,dsb_never,36,61,396840,0.0495683,0,386824,0.0481422,253204,253204,0
mcs90_r005_s40.A03,mcs90_r005_s40.B03,dsb_never,36,60,9299964,1.10082,0,9291970,1.09958,6140895,6140895,0
mcs90_r005_s40.A04,mcs90_r005_s40.B04,dsb_never,36,62,3108387,0.346663,0,3106079,0.346263,2071752,2071752,0
mcs90_r005_s40.A05,mcs90_r005_s40.B05,dsb_never,36,62,114113,0.0116948,0,110568,0.0111341,77306,77306,0
mcs90_r005_s40.A06,mcs90_r005_s40.B06,dsb_never,36,58,13429622,1.39639,0,13424839,1.39565,8962407,8962407,0
mcs90_r005_s40.A07,mcs90_r005_s40.B07,dsb_never,36,58,8761917,0.919907,0,8759763,0.919537,5735552,5735552,0
mcs90_r005_s40.A08,mcs90_r005_s40.B08,dsb_never,36,62,82465,0.00837777,0,79022,0.00785301,51563,51563,0
mcs90_r005_s40.A09,mcs90_r005_s40.B09,dsb_never,36,60,89771606,8.83051,0,89766203,8.82968,56939676,56939676,0
mcs90_r005_s50.A00,mcs90_r005_s50.B00,dsb_never,45,96,15709,0.00564114,0,3975,0.00152891,10898,10898,0
mcs90_r005_s50.A01,mcs90_r005_s50.B01,dsb_never,45,96,33506440,8.48714,0,33482819,8.47924,21800461,21800461,0
mcs90_r005_s50.A02,mcs90_r005_s50.B02,dsb_never,45,97,21194,0.00367115,0,46,4.48E-05,15863,15863,0
mcs90_r005_s50.A03,mcs90_r005_s50.B03,dsb_never,31,27,8565807171,1000.01,1,22276700,2.38027,5750664684,5750664684,0
mcs90_r005_s50.A04,mcs90_r005_s50.B04,dsb_never,45,95,3688440121,444.371,0,3688422564,444.368,2446890517,2446890517,0
mcs90_r005_s50.A05,mcs90_r005_s50.B05,dsb_never,45,96,12028,0.00226822,0,46,5.30E-05,9039,9039,0
mcs90_r005_s50.A06,mcs90_r005_s50.B06,dsb_never,45,97,1142820,0.139524,0,1131198,0.137478,725691,725691,0
mcs90_r005_s50.A07,mcs90_r005_s50.B07,dsb_never,45,96,7391093,0.957425,0,7374086,0.954593,4785673,4785673,0
mcs90_r005_s50.A08,mcs90_r005_s50.B08,dsb_never,34,49,7853353992,1000.02,1,5026278271,613.731,5104536695,5104536695,0
mcs90_r005_s50.A09,mcs90_r005_s50.B09,dsb_never,45,94,8772,0.00164072,0,46,4.62E-05,6748,6748,0
mcs90_r005_s60.A00,mcs90_r005_s60.B00,dsb_never,35,52,7415258401,1000.02,1,5298421480,697.02,4751781788,4751781788,0
mcs90_r005_s60.A01,mcs90_r005_s60.B01,dsb_never,54,136,3523863749,480.883,0,3523801553,480.871,2257906209,2257906209,0
mcs90_r005_s60.A02,mcs90_r005_s60.B02,dsb_never,34,30,8165230738,1000.02,1,387496367,42.4314,5365753868,5365753868,0
mcs90_r005_s60.A03,mcs90_r005_s60.B03,dsb_never,34,42,7968768475,1000.02,1,1017991192,118.283,5238219035,5238219035,0
mcs90_r005_s60.A04,mcs90_r005_s60.B04,dsb_never,54,140,37798,0.00788515,0,55,6.24E-05,28992,28992,0
mcs90_r005_s60.A05,mcs90_r005_s60.B05,dsb_never,54,142,2095613283,281.065,0,2095582609,281.059,1365751095,1365751095,0
mcs90_r005_s60.A06,mcs90_r005_s60.B06,dsb_never,54,142,25710,0.00526501,0,55,6.24E-05,19683,19683,0
mcs90_r005_s60.A07,mcs90_r005_s60.B07,dsb_never,34,37,8053817035,1000.01,1,3813387217,461.997,5232689281,5232689281,0
mcs90_r005_s60.A08,mcs90_r005_s60.B08,dsb_never,34,41,8067636529,1000.02,1,1447219006,174.924,5284413003,5284413003,0
mcs90_r005_s60.A09,mcs90_r005_s60.B09,dsb_never,37,61,7475090754,1000.02,1,1553564248,194.079,4888564871,4888564871,0
mcs90_r005_s70.A00,mcs90_r005_s70.B00,dsb_never,35,40,7720316863,1000.02,1,997369011,124.92,4848877614,4848877614,0
mcs90_r005_s70.A01,mcs90_r005_s70.B01,dsb_never,36,40,7450791425,1000.03,1,2820951836,362.63,4767397808,4767397808,0
mcs90_r005_s70.A02,mcs90_r005_s70.B02,dsb_never,37,37,6954910840,1000.01,1,4453044539,630.876,4499309228,4499309228,0
mcs90_r005_s70.A03,mcs90_r005_s70.B03,dsb_never,35,39,8200104927,1000.02,1,17124360,2.03999,5435347570,5435347570,0
mcs90_r005_s70.A04,mcs90_r005_s70.B04,dsb_never,36,39,7250061789,1000.02,1,2904948587,390.756,4648512112,4648512112,0
mcs90_r005_s70.A05,mcs90_r005_s70.B05,dsb_never,36,40,7041601967,1000.03,1,596783894,83.3978,4422756548,4422756548,0
mcs90_r005_s70.A06,mcs90_r005_s70.B06,dsb_never,34,41,7549740873,1000.02,1,145634978,17.7259,4857788627,4857788627,0
mcs90_r005_s70.A07,mcs90_r005_s70.B07,dsb_never,63,188,1180827,0.21586,0,1097568,0.198115,753109,753109,0
mcs90_r005_s70.A08,mcs90_r005_s70.B08,dsb_never,63,187,257006,0.0697875,0,64,0.000111859,198013,198013,0
mcs90_r005_s70.A09,mcs90_r005_s70.B09,dsb_never,37,39,7967608019,1000.02,1,250073525,31.3991,5186648365,5186648365,0
mcs90_r005_s80.A00,mcs90_r005_s80.B00,dsb_never,37,38,6963307166,1000.01,1,2697109485,379.923,4274095306,4274095306,0
mcs90_r005_s80.A01,mcs90_r005_s80.B01,dsb_never,72,250,56562817,12.1887,0,55992105,12.0547,38082293,38082293,0
mcs90_r005_s80.A02,mcs90_r005_s80.B02,dsb_never,39,43,7415367048,1000.01,1,3821599154,499.656,4641388325,4641388325,0
mcs90_r005_s80.A03,mcs90_r005_s80.B03,dsb_never,39,41,3818364098,1000.02,1,261710546,63.1605,2526145811,2526145811,0
mcs90_r005_s80.A04,mcs90_r005_s80.B04,dsb_never,37,47,3485170809,1000.02,1,438927459,123.718,2186168123,2186168123,0
mcs90_r005_s80.A05,mcs90_r005_s80.B05,dsb_never,72,249,593704,0.141719,0,405,0.000221241,461442,461442,0
mcs90_r005_s80.A06,mcs90_r005_s80.B06,dsb_never,38,46,7306053522,1000.02,1,2881525333,385.8,4650911399,4650911399,0
mcs90_r005_s80.A07,mcs90_r005_s80.B07,dsb_never,38,46,7340166024,1000.01,1,815482877,103.826,4650572524,4650572524,0
mcs90_r005_s80.A08,mcs90_r005_s80.B08,dsb_never,72,251,8862830,1.50753,0,8600644,1.44547,5524958,5524958,0
mcs90_r005_s80.A09,mcs90_r005_s80.B09,dsb_never,38,44,7154788918,1000.01,1,33354425,4.82928,4665357868,4665357868,0
mcs90_r005_s90.A00,mcs90_r005_s90.B00,dsb_never,81,318,4313660,1.35222,0,2641825,0.780262,2933298,2933298,0
mcs90_r005_s90.A01,mcs90_r005_s90.B01,dsb_never,81,318,1502838,0.38721,0,82,0.000140702,1176210,1176210,0
mcs90_r005_s90.A02,mcs90_r005_s90.B02,dsb_never,40,76,6771470095,1000.01,1,6144731101,895.307,4278780492,4278780492,0
mcs90_r005_s90.A03,mcs90_r005_s90.B03,dsb_never,39,49,6649952097,1000.02,1,38802334,5.98119,4171873972,4171873972,0
mcs90_r005_s90.A04,mcs90_r005_s90.B04,dsb_never,81,313,1552210,0.396215,0,82,0.000145849,1195505,1195505,0
mcs90_r005_s90.A05,mcs90_r005_s90.B05,dsb_never,52,117,5334427305,1000.01,1,1606778873,243.642,3495824138,3495824138,0
mcs90_r005_s90.A06,mcs90_r005_s90.B06,dsb_never,81,313,800076,0.266428,0,82,0.000249727,625638,625638,0
mcs90_r005_s90.A07,mcs90_r005_s90.B07,dsb_never,45,95,5271455518,1000.01,1,339209565,58.1913,3364332324,3364332324,0
mcs90_r005_s90.A08,mcs90_r005_s90.B08,dsb_never,40,60,6799742604,1000.02,1,4779207804,691.622,4259939228,4259939228,0
mcs90_r005_s90.A09,mcs90_r005_s90.B09,dsb_never,45,95,5366252004,1000.01,1,1013277431,172.545,3438494559,3438494559,0
mcs90_r01_s10.A00,mcs90_r01_s10.B00,dsb_never,9,8,49,4.99E-05,0,20,1.07E-05,35,35,0
mcs90_r01_s10.A01,mcs90_r01_s10.B01,dsb_never,9,8,85,7.38E-05,0,61,2.56E-05,60,60,0
mcs90_r01_s10.A02,mcs90_r01_s10.B02,dsb_never,9,8,62,3.72E-05,0,36,9.55E-06,41,41,0
mcs90_r01_s10.A03,mcs90_r01_s10.B03,dsb_never,9,8,65,3.67E-05,0,43,1.14E-05,42,42,0
mcs90_r01_s10.A04,mcs90_r01_s10.B04,dsb_never,9,8,42,3.57E-05,0,10,8.63E-06,30,30,0
mcs90_r01_s10.A05,mcs90_r01_s10.B05,dsb_never,9,8,178,5.64E-05,0,132,2.82E-05,117,117,0
mcs90_r01_s10.A06,mcs90_r01_s10.B06,dsb_never,9,8,41,3.67E-05,0,10,8.46E-06,31,31,0
mcs90_r01_s10.A07,mcs90_r01_s10.B07,dsb_never,10,10,35,3.56E-05,0,11,8.83E-06,25,25,0
mcs90_r01_s10.A08,mcs90_r01_s10.B08,dsb_never,9,8,71,3.13E-05,0,49,1.30E-05,48,48,0
mcs90_r01_s10.A09,mcs90_r01_s10.B09,dsb_never,9,8,34,3.40E-05,0,10,8.98E-06,25,25,0
mcs90_r01_s100.A00,mcs90_r01_s100.B00,dsb_never,26,42,2761347742,1000.02,1,7985892,2.67769,1568787969,1568787969,0
mcs90_r01_s100.A01,mcs90_r01_s100.B01,dsb_never,27,46,5396266596,1000.02,1,46868245,7.66752,3150452118,3150452118,0
mcs90_r01_s100.A02,mcs90_r01_s100.B02,dsb_never,28,46,5312593012,1000.01,1,1828477075,335.566,3116932680,3116932680,0
mcs90_r01_s100.A03,mcs90_r01_s100.B03,dsb_never,90,770,422287,0.156814,0,91,0.000178279,333032,333032,0
mcs90_r01_s100.A04,mcs90_r01_s100.B04,dsb_never,31,80,4429313670,1000.01,1,1848094,0.350132,2587839355,2587839355,0
mcs90_r01_s100.A05,mcs90_r01_s100.B05,dsb_never,90,766,777083890,276.785,0,776413436,276.543,494288270,494288270,0
mcs90_r01_s100.A06,mcs90_r01_s100.B06,dsb_never,27,50,5654142967,1000.02,1,20122569,3.55479,3302431299,3302431299,0
mcs90_r01_s100.A07,mcs90_r01_s100.B07,dsb_never,90,770,359805,0.131935,0,91,0.000196924,286290,286290,0
mcs90_r01_s100.A08,mcs90_r01_s100.B08,dsb_never,27,50,5232507438,1000.02,1,858178549,157.07,2980440330,2980440330,0
mcs90_r01_s100.A09,mcs90_r01_s100.B09,dsb_never,54,256,3040628422,1000.02,1,1299205350,320.137,1855858873,1855858873,0
mcs90_r01_s15.A00,mcs90_r01_s15.B00,dsb_never,13,14,397,7.39E-05,0,163,2.29E-05,258,258,0
mcs90_r01_s15.A01,mcs90_r01_s15.B01,dsb_never,13,14,1014,0.000126751,0,938,9.13E-05,691,691,0
mcs90_r01_s15.A02,mcs90_r01_s15.B02,dsb_never,13,14,1241,0.000132127,0,1131,9.32E-05,781,781,0
mcs90_r01_s15.A03,mcs90_r01_s15.B03,dsb_never,13,14,349,7.27E-05,0,162,2.69E-05,244,244,0
mcs90_r01_s15.A04,mcs90_r01_s15.B04,dsb_never,13,14,89,4.21E-05,0,14,7.76E-06,68,68,0
mcs90_r01_s15.A05,mcs90_r01_s15.B05,dsb_never,13,14,690,9.43E-05,0,593,6.14E-05,470,470,0
mcs90_r01_s15.A06,mcs90_r01_s15.B06,dsb_never,13,14,824,0.000117968,0,767,8.20E-05,527,527,0
mcs90_r01_s15.A07,mcs90_r01_s15.B07,dsb_never,13,14,197,5.61E-05,0,82,1.63E-05,144,144,0
mcs90_r01_s15.A08,mcs90_r01_s15.B08,dsb_never,13,14,139,5.59E-05,0,27,9.24E-06,100,100,0
mcs90_r01_s15.A09,mcs90_r01_s15.B09,dsb_never,13,14,1558,0.000161443,0,1445,0.000121362,991,991,0
mcs90_r01_s20.A00,mcs90_r01_s20.B00,dsb_never,18,28,3376,0.000326862,0,3273,0.000284658,2068,2068,0
mcs90_r01_s20.A01,mcs90_r01_s20.B01,dsb_never,18,28,599,0.000112028,0,499,6.85E-05,379,379,0
mcs90_r01_s20.A02,mcs90_r01_s20.B02,dsb_never,18,29,489,9.85E-05,0,276,4.56E-05,337,337,0
mcs90_r01_s20.A03,mcs90_r01_s20.B03,dsb_never,18,27,186,6.32E-05,0,94,2.30E-05,132,132,0
mcs90_r01_s20.A04,mcs90_r01_s20.B04,dsb_never,18,28,1074,0.000168011,0,865,0.000118778,674,674,0
mcs90_r01_s20.A05,mcs90_r01_s20.B05,dsb_never,18,28,19613,0.00209012,0,19581,0.00205846,12097,12097,0
mcs90_r01_s20.A06,mcs90_r01_s20.B06,dsb_never,18,27,2525,0.000322582,0,2366,0.000270124,1536,1536,0
mcs90_r01_s20.A07,mcs90_r01_s20.B07,dsb_never,18,29,7061,0.000817505,0,6959,0.00077428,4487,4487,0
mcs90_r01_s20.A08,mcs90_r01_s20.B08,dsb_never,18,29,2551,0.000324265,0,2316,0.000262042,1637,1637,0
mcs90_r01_s20.A09,mcs90_r01_s20.B09,dsb_never,18,28,208,6.42E-05,0,117,2.46E-05,145,145,0
mcs90_r01_s25.A00,mcs90_r01_s25.B00,dsb_never,22,44,12335,0.00152253,0,11335,0.00133947,7727,7727,0
mcs90_r01_s25.A01,mcs90_r01_s25.B01,dsb_never,22,44,65515,0.0077623,0,65082,0.0076618,41430,41430,0
mcs90_r01_s25.A02,mcs90_r01_s25.B02,dsb_never,22,45,2510,0.000349984,0,1823,0.000209714,1610,1610,0
mcs90_r01_s25.A03,mcs90_r01_s25.B03,dsb_never,22,43,433995,0.0523471,0,433304,0.0522326,277501,277501,0
mcs90_r01_s25.A04,mcs90_r01_s25.B04,dsb_never,22,44,137008,0.0173368,0,135808,0.0171226,85947,85947,0
mcs90_r01_s25.A05,mcs90_r01_s25.B05,dsb_never,22,45,287335,0.0364491,0,287104,0.0363874,184206,184206,0
mcs90_r01_s25.A06,mcs90_r01_s25.B06,dsb_never,22,42,386524,0.0424918,0,385741,0.04235,242570,242570,0
mcs90_r01_s25.A07,mcs90_r01_s25.B07,dsb_never,22,42,235236,0.028696,0,233900,0.0284737,149672,149672,0
mcs90_r01_s25.A08,mcs90_r01_s25.B08,dsb_never,22,43,9861,0.00124021,0,9417,0.00113242,6183,6183,0
mcs90_r01_s25.A09,mcs90_r01_s25.B09,dsb_never,22,43,421,0.000109265,0,23,1.94E-05,320,320,0
mcs90_r01_s30.A00,mcs90_r01_s30.B00,dsb_never,27,67,895,0.000202114,0,64,3.01E-05,696,696,0
mcs90_r01_s30.A01,mcs90_r01_s30.B01,dsb_never,27,66,478,0.000137176,0,28,2.28E-05,400,400,0
mcs90_r01_s30.A02,mcs90_r01_s30.B02,dsb_never,27,68,8447,0.00131008,0,7745,0.00115692,5105,5105,0
mcs90_r01_s30.A03,mcs90_r01_s30.B03,dsb_never,27,66,2954925,0.380067,0,2954169,0.379908,1900794,1900794,0
mcs90_r01_s30.A04,mcs90_r01_s30.B04,dsb_never,27,63,2621426,0.337143,0,2620739,0.336988,1646511,1646511,0
mcs90_r01_s30.A05,mcs90_r01_s30.B05,dsb_never,27,62,1429214,0.167366,0,1428480,0.167203,933018,933018,0
mcs90_r01_s30.A06,mcs90_r01_s30.B06,dsb_never,27,68,904788,0.117588,0,903809,0.117394,571883,571883,0
mcs90_r01_s30.A07,mcs90_r01_s30.B07,dsb_never,27,66,2297,0.000377767,0,1583,0.000221973,1518,1518,0
mcs90_r01_s30.A08,mcs90_r01_s30.B08,dsb_never,27,64,47706,0.00608385,0,47158,0.00595912,29206,29206,0
mcs90_r01_s30.A09,mcs90_r01_s30.B09,dsb_never,27,65,905997,0.119691,0,904715,0.119455,551777,551777,0
mcs90_r01_s35.A00,mcs90_r01_s35.B00,dsb_never,31,90,15323765,2.21043,0,15321577,2.20999,9610716,9610716,0
mcs90_r01_s35.A01,mcs90_r01_s35.B01,dsb_never,31,87,4771,0.000881958,0,32,2.65E-05,3558,3558,0
mcs90_r01_s35.A02,mcs90_r01_s35.B02,dsb_never,31,86,3014902,0.413539,0,3012449,0.413082,1944079,1944079,0
mcs90_r01_s35.A03,mcs90_r01_s35.B03,dsb_never,31,90,75261,0.0124574,0,73751,0.0121448,47033,47033,0
mcs90_r01_s35.A04,mcs90_r01_s35.B04,dsb_never,31,85,4419,0.000877755,0,32,2.62E-05,3406,3406,0
mcs90_r01_s35.A05,mcs90_r01_s35.B05,dsb_never,31,84,51668661,7.17609,0,51666925,7.17576,33083197,33083197,0
mcs90_r01_s35.A06,mcs90_r01_s35.B06,dsb_never,31,87,17074043,2.31165,0,17072035,2.31126,11001332,11001332,0
mcs90_r01_s35.A07,mcs90_r01_s35.B07,dsb_never,31,87,14675304,1.97415,0,14672397,1.9736,9358342,9358342,0
mcs90_r01_s35.A08,mcs90_r01_s35.B08,dsb_never,31,89,624874,0.0824557,0,623493,0.0821674,386635,386635,0
mcs90_r01_s35.A09,mcs90_r01_s35.B09,dsb_never,31,89,8191206,1.19115,0,8189163,1.19074,5076638,5076638,0
mcs90_r01_s40.A00,mcs90_r01_s40.B00,dsb_never,36,115,18705518,2.82126,0,18703032,2.82075,11740078,11740078,0
mcs90_r01_s40.A01,mcs90_r01_s40.B01,dsb_never,36,120,1253662,0.188563,0,1250564,0.187929,777075,777075,0
mcs90_r01_s40.A02,mcs90_r01_s40.B02,dsb_never,36,115,16472,0.00265414,0,13290,0.00199003,10442,10442,0
mcs90_r01_s40.A03,mcs90_r01_s40.B03,dsb_never,36,122,105314784,16.0018,0,105313886,16.0016,67479648,67479648,0
mcs90_r01_s40.A04,mcs90_r01_s40.B04,dsb_never,36,119,1585,0.000401995,0,37,3.82E-05,1293,1293,0
mcs90_r01_s40.A05,mcs90_r01_s40.B05,dsb_never,36,122,123208563,19.7878,0,123206630,19.7874,79582965,79582965,0
mcs90_r01_s40.A06,mcs90_r01_s40.B06,dsb_never,36,118,140343790,20.7181,0,140339632,20.7173,89371033,89371033,0
mcs90_r01_s40.A07,mcs90_r01_s40.B07,dsb_never,36,117,603610,0.100429,0,601337,0.0999406,377448,377448,0
mcs90_r01_s40.A08,mcs90_r01_s40.B08,dsb_never,36,119,10456368,1.58751,0,10454991,1.58719,6902486,6902486,0
mcs90_r01_s40.A09,mcs90_r01_s40.B09,dsb_never,36,114,279617739,42.7029,0,279615828,42.7025,176050105,176050105,0
mcs90_r01_s50.A00,mcs90_r01_s50.B00,dsb_never,45,184,2309493232,385.81,0,2309484612,385.808,1465823400,1465823400,0
mcs90_r01_s50.A01,mcs90_r01_s50.B01,dsb_never,45,188,65226420,10.8135,0,65219010,10.8118,39539607,39539607,0
mcs90_r01_s50.A02,mcs90_r01_s50.B02,dsb_never,25,47,6075816510,1000.02,1,4679445274,759.813,3774863515,3774863515,0
mcs90_r01_s50.A03,mcs90_r01_s50.B03,dsb_never,45,185,4359369459,699.856,0,4359359882,699.854,2717848420,2717848420,0
mcs90_r01_s50.A04,mcs90_r01_s50.B04,dsb_never,45,183,902688,0.149073,0,888604,0.146043,541768,541768,0
mcs90_r01_s50.A05,mcs90_r01_s50.B05,dsb_never,45,186,2568593920,430.796,0,2568584069,430.794,1631240928,1631240928,0
mcs90_r01_s50.A06,mcs90_r01_s50.B06,dsb_never,45,188,12366,0.00309313,0,46,5.21E-05,9606,9606,0
mcs90_r01_s50.A07,mcs90_r01_s50.B07,dsb_never,45,186,1376690,0.236892,0,1365579,0.234434,850130,850130,0
mcs90_r01_s50.A08,mcs90_r01_s50.B08,dsb_never,45,185,36384,0.00629133,0,29405,0.00460557,21361,21361,0
mcs90_r01_s50.A09,mcs90_r01_s50.B09,dsb_never,45,190,4215691169,704.188,0,4215679992,704.185,2675056906,2675056906,0
mcs90_r01_s60.A00,mcs90_r01_s60.B00,dsb_never,54,270,20430,0.00516508,0,55,8.09E-05,15910,15910,0
mcs90_r01_s60.A01,mcs90_r01_s60.B01,dsb_never,54,269,303824735,56.9502,0,303810786,56.9466,183699757,183699757,0
mcs90_r01_s60.A02,mcs90_r01_s60.B02,dsb_never,54,271,45407009,10.1545,0,45371155,10.1457,28387211,28387211,0
mcs90_r01_s60.A03,mcs90_r01_s60.B03,dsb_never,24,28,6040095266,1000.01,1,59049787,9.36823,3708873920,3708873920,0
mcs90_r01_s60.A04,mcs90_r01_s60.B04,dsb_never,25,44,5975707414,1000.01,1,1920368677,299.755,3735826052,3735826052,0
mcs90_r01_s60.A05,mcs90_r01_s60.B05,dsb_never,25,35,6131194381,1000.02,1,1434815674,225.15,3878702589,3878702589,0
mcs90_r01_s60.A06,mcs90_r01_s60.B06,dsb_never,54,275,150328451,26.784,0,150306684,26.7787,90312411,90312411,0
mcs90_r01_s60.A07,mcs90_r01_s60.B07,dsb_never,24,30,5202361059,1000.02,1,2820975,0.569424,3194494651,3194494651,0
mcs90_r01_s60.A08,mcs90_r01_s60.B08,dsb_never,54,269,25400,0.00712878,0,12418,0.00382521,17585,17585,0
mcs90_r01_s60.A09,mcs90_r01_s60.B09,dsb_never,54,273,173207445,34.8621,0,173191350,34.8581,108141089,108141089,0
mcs90_r01_s70.A00,mcs90_r01_s70.B00,dsb_never,25,36,5815739726,1000.02,1,92051991,15.4932,3521325503,3521325503,0
mcs90_r01_s70.A01,mcs90_r01_s70.B01,dsb_never,25,34,5710299042,1000.01,1,399988369,65.7785,3436790816,3436790816,0
mcs90_r01_s70.A02,mcs90_r01_s70.B02,dsb_never,63,368,2332893398,631.468,0,2332795468,631.442,1536483633,1536483633,0
mcs90_r01_s70.A03,mcs90_r01_s70.B03,dsb_never,63,372,1631435958,347.607,0,1631373485,347.59,994452327,994452327,0
mcs90_r01_s70.A04,mcs90_r01_s70.B04,dsb_never,63,372,65243667,13.1005,0,65150320,13.0747,38787680,38787680,0
mcs90_r01_s70.A05,mcs90_r01_s70.B05,dsb_never,63,379,20832647,3.76925,0,20765651,3.75119,11962984,11962984,0
mcs90_r01_s70.A06,mcs90_r01_s70.B06,dsb_never,63,371,4631856,1.1073,0,4529572,1.07905,2767543,2767543,0
mcs90_r01_s70.A07,mcs90_r01_s70.B07,dsb_never,63,364,4039987077,845.44,0,4039927729,845.423,2473908623,2473908623,0
mcs90_r01_s70.A08,mcs90_r01_s70.B08,dsb_never,25,37,5672742704,1000.02,1,391762331,66.2692,3414298010,3414298010,0
mcs90_r01_s70.A09,mcs90_r01_s70.B09,dsb_never,25,39,5769438392,1000.01,1,1927370574,333.337,3445373407,3445373407,0
mcs90_r01_s80.A00,mcs90_r01_s80.B00,dsb_never,33,95,4378888044,1000.02,1,1240170739,271.685,2675331725,2675331725,0
mcs90_r01_s80.A01,mcs90_r01_s80.B01,dsb_never,26,44,5342719438,1000.01,1,364444637,65.2053,3154726950,3154726950,0
mcs90_r01_s80.A02,mcs90_r01_s80.B02,dsb_never,27,36,5561912200,1000.02,1,5218369109,935.045,3301964745,3301964745,0
mcs90_r01_s80.A03,mcs90_r01_s80.B03,dsb_never,32,107,4467040998,1000.01,1,633820965,119.56,2704709634,2704709634,0
mcs90_r01_s80.A04,mcs90_r01_s80.B04,dsb_never,26,39,5522678565,1000.02,1,345665235,59.4202,3324443512,3324443512,0
mcs90_r01_s80.A05,mcs90_r01_s80.B05,dsb_never,26,41,5579453909,1000.02,1,1803864361,312.321,3312865455,3312865455,0
mcs90_r01_s80.A06,mcs90_r01_s80.B06,dsb_never,27,43,5666196155,1000.02,1,687927856,117.624,3439129470,3439129470,0
mcs90_r01_s80.A07,mcs90_r01_s80.B07,dsb_never,26,42,5490518707,1000.02,1,5819094,0.997891,3300117323,3300117323,0
mcs90_r01_s80.A08,mcs90_r01_s80.B08,dsb_never,26,43,5705374640,1000.02,1,333132861,54.5457,3384409683,3384409683,0
mcs90_r01_s80.A09,mcs90_r01_s80.B09,dsb_never,72,486,1183885932,238.576,0,1183669967,238.51,701042018,701042018,0
mcs90_r01_s90.A00,mcs90_r01_s90.B00,dsb_never,29,60,5048230922,1000.01,1,2664509319,510.281,2967524454,2967524454,0
mcs90_r01_s90.A01,mcs90_r01_s90.B01,dsb_never,81,618,350036,0.116414,0,82,0.000143436,269635,269635,0
mcs90_r01_s90.A02,mcs90_r01_s90.B02,dsb_never,28,49,5694061823,1000.02,1,3645994275,624.399,3415223036,3415223036,0
mcs90_r01_s90.A03,mcs90_r01_s90.B03,dsb_never,27,35,5508115597,1000.02,1,878599101,154.317,3242825249,3242825249,0
mcs90_r01_s90.A04,mcs90_r01_s90.B04,dsb_never,26,41,5591600677,1000.01,1,48630383,8.46317,3298025873,3298025873,0
mcs90_r01_s90.A05,mcs90_r01_s90.B05,dsb_never,46,197,3302217143,1000.01,1,47,5.69E-05,2053336572,2053336572,0
mcs90_r01_s90.A06,mcs90_r01_s90.B06,dsb_never,27,42,5573025215,1000.02,1,3681025241,652.36,3295747769,3295747769,0
mcs90_r01_s90.A07,mcs90_r01_s90.B07,dsb_never,28,41,5377753467,1000.02,1,2691880570,484.953,3202587657,3202587657,0
mcs90_r01_s90.A08,mcs90_r01_s90.B08,dsb_never,27,41,5285310733,1000.02,1,1807183205,332.167,3091284619,3091284619,0
mcs90_r01_s90.A09,mcs90_r01_s90.B09,dsb_never,27,39,5596387578,1000.02,1,681150471,117.641,3295269662,3295269662,0
mcs90_r02_s10.A00,mcs90_r02_s10.B00,dsb_never,9,11,66,3.87E-05,0,47,1.27E-05,43,43,0
mcs90_r02_s10.A01,mcs90_r02_s10.B01,dsb_never,9,13,147,5.38E-05,0,129,2.40E-05,94,94,0
mcs90_r02_s10.A02,mcs90_r02_s10.B02,dsb_never,9,13,57,5.35E-05,0,37,2.31E-05,37,37,0
mcs90_r02_s10.A03,mcs90_r02_s10.B03,dsb_never,9,11,179,5.00E-05,0,163,2.54E-05,112,112,0
mcs90_r02_s10.A04,mcs90_r02_s10.B04,dsb_never,9,11,49,3.36E-05,0,28,9.30E-06,33,33,0
mcs90_r02_s10.A05,mcs90_r02_s10.B05,dsb_never,9,13,88,3.90E-05,0,57,1.18E-05,55,55,0
mcs90_r02_s10.A06,mcs90_r02_s10.B06,dsb_never,9,13,52,3.62E-05,0,30,8.94E-06,35,35,0
mcs90_r02_s10.A07,mcs90_r02_s10.B07,dsb_never,9,12,188,5.03E-05,0,148,2.26E-05,117,117,0
mcs90_r02_s10.A08,mcs90_r02_s10.B08,dsb_never,9,13,41,3.24E-05,0,10,7.75E-06,30,30,0
mcs90_r02_s10.A09,mcs90_r02_s10.B09,dsb_never,9,12,30,3.24E-05,0,10,8.34E-06,21,21,0
mcs90_r02_s100.A00,mcs90_r02_s100.B00,dsb_never,25,105,3589157166,1000.02,1,3042031683,794.482,1888170740,1888170740,0
mcs90_r02_s100.A01,mcs90_r02_s100.B01,dsb_never,20,62,4511600360,1000.02,1,3642789948,794.077,2376104270,2376104270,0
mcs90_r02_s100.A02,mcs90_r02_s100.B02,dsb_never,29,154,3275808758,1000.03,1,1598860588,362.957,1755098528,1755098528,0
mcs90_r02_s100.A03,mcs90_r02_s100.B03,dsb_never,19,54,2282905979,1000.01,1,48566713,19.1929,1202696334,1202696334,0
mcs90_r02_s100.A04,mcs90_r02_s100.B04,dsb_never,19,58,4600534973,1000.01,1,15362277,2.97173,2415722527,2415722527,0
mcs90_r02_s100.A05,mcs90_r02_s100.B05,dsb_never,19,51,4594516960,1000.02,1,23833563,4.69159,2421035485,2421035485,0
mcs90_r02_s100.A06,mcs90_r02_s100.B06,dsb_never,43,339,1970927051,1000.02,1,308850299,86.7635,1128611465,1128611465,0
mcs90_r02_s100.A07,mcs90_r02_s100.B07,dsb_never,20,63,4546447759,1000.01,1,3243453680,698.412,2405863040,2405863040,0
mcs90_r02_s100.A08,mcs90_r02_s100.B08,dsb_never,19,53,4586887059,1000.02,1,11769419,2.27997,2417435377,2417435377,0
mcs90_r02_s100.A09,mcs90_r02_s100.B09,dsb_never,29,147,3645843491,1000.02,1,3094549687,790.634,1943923684,1943923684,0
mcs90_r02_s15.A00,mcs90_r02_s15.B00,dsb_never,13,28,99,5.14E-05,0,14,1.02E-05,79,79,0
mcs90_r02_s15.A01,mcs90_r02_s15.B01,dsb_never,13,26,184,5.81E-05,0,100,1.87E-05,125,125,0
mcs90_r02_s15.A02,mcs90_r02_s15.B02,dsb_never,13,29,147,5.50E-05,0,33,1.10E-05,112,112,0
mcs90_r02_s15.A03,mcs90_r02_s15.B03,dsb_never,13,27,171,5.72E-05,0,49,1.31E-05,129,129,0
mcs90_r02_s15.A04,mcs90_r02_s15.B04,dsb_never,13,28,5375,0.000725382,0,5287,0.00068373,3299,3299,0
mcs90_r02_s15.A05,mcs90_r02_s15.B05,dsb_never,13,27,193,5.95E-05,0,57,1.41E-05,145,145,0
mcs90_r02_s15.A06,mcs90_r02_s15.B06,dsb_never,13,30,1317,0.000201663,0,1251,0.000163836,812,812,0
mcs90_r02_s15.A07,mcs90_r02_s15.B07,dsb_never,13,27,255,6.95E-05,0,129,2.48E-05,176,176,0
mcs90_r02_s15.A08,mcs90_r02_s15.B08,dsb_never,13,25,2365,0.00031871,0,2311,0.000283497,1511,1511,0
mcs90_r02_s15.A09,mcs90_r02_s15.B09,dsb_never,13,29,1316,0.000195676,0,1205,0.0001523,812,812,0
mcs90_r02_s20.A00,mcs90_r02_s20.B00,dsb_never,18,56,128,6.26E-05,0,19,1.45E-05,102,102,0
mcs90_r02_s20.A01,mcs90_r02_s20.B01,dsb_never,18,56,239,7.89E-05,0,119,2.86E-05,160,160,0
mcs90_r02_s20.A02,mcs90_r02_s20.B02,dsb_never,18,56,132,6.25E-05,0,19,1.39E-05,104,104,0
mcs90_r02_s20.A03,mcs90_r02_s20.B03,dsb_never,18,58,4268,0.000693874,0,4140,0.000641545,2741,2741,0
mcs90_r02_s20.A04,mcs90_r02_s20.B04,dsb_never,18,55,14401,0.00202085,0,14292,0.00196985,8653,8653,0
mcs90_r02_s20.A05,mcs90_r02_s20.B05,dsb_never,18,55,10771,0.00202676,0,10534,0.0019551,6560,6560,0
mcs90_r02_s20.A06,mcs90_r02_s20.B06,dsb_never,18,54,14690,0.00217586,0,14452,0.00210409,9058,9058,0
mcs90_r02_s20.A07,mcs90_r02_s20.B07,dsb_never,18,56,3904,0.000612831,0,3708,0.000548865,2320,2320,0
mcs90_r02_s20.A08,mcs90_r02_s20.B08,dsb_never,18,55,2268,0.000376417,0,2117,0.000320473,1371,1371,0
mcs90_r02_s20.A09,mcs90_r02_s20.B09,dsb_never,18,55,4681,0.000739444,0,4576,0.000691822,2824,2824,0
mcs90_r02_s25.A00,mcs90_r02_s25.B00,dsb_never,22,80,4970,0.000875448,0,3703,0.000607223,3187,3187,0
mcs90_r02_s25.A01,mcs90_r02_s25.B01,dsb_never,22,81,9053,0.00158094,0,8648,0.00146544,5516,5516,0
mcs90_r02_s25.A02,mcs90_r02_s25.B02,dsb_never,22,83,1635,0.000335685,0,1103,0.000198169,1064,1064,0
mcs90_r02_s25.A03,mcs90_r02_s25.B03,dsb_never,22,80,56201,0.010113,0,55208,0.0098885,34413,34413,0
mcs90_r02_s25.A04,mcs90_r02_s25.B04,dsb_never,22,81,9998,0.00163027,0,9084,0.00142167,6019,6019,0
mcs90_r02_s25.A05,mcs90_r02_s25.B05,dsb_never,22,82,1290,0.000348464,0,877,0.000194753,837,837,0
mcs90_r02_s25.A06,mcs90_r02_s25.B06,dsb_never,22,79,209491,0.033802,0,208755,0.0336021,123863,123863,0
mcs90_r02_s25.A07,mcs90_r02_s25.B07,dsb_never,22,83,20524,0.00399582,0,19925,0.00383979,12233,12233,0
mcs90_r02_s25.A08,mcs90_r02_s25.B08,dsb_never,22,79,15454,0.00334601,0,14447,0.00310259,9805,9805,0
mcs90_r02_s25.A09,mcs90_r02_s25.B09,dsb_never,22,85,20392,0.00337281,0,19888,0.00323912,12089,12089,0
mcs90_r02_s30.A00,mcs90_r02_s30.B00,dsb_never,27,127,7926522,1.50327,0,7926260,1.50317,4786043,4786043,0
mcs90_r02_s30.A01,mcs90_r02_s30.B01,dsb_never,27,124,776,0.00022658,0,102,4.07E-05,646,646,0
mcs90_r02_s30.A02,mcs90_r02_s30.B02,dsb_never,27,125,517,0.000170057,0,28,2.47E-05,449,449,0
mcs90_r02_s30.A03,mcs90_r02_s30.B03,dsb_never,27,124,26775,0.00459506,0,26395,0.00447118,15705,15705,0
mcs90_r02_s30.A04,mcs90_r02_s30.B04,dsb_never,27,122,596045,0.110518,0,595219,0.110288,365900,365900,0
mcs90_r02_s30.A05,mcs90_r02_s30.B05,dsb_never,27,126,122786,0.0247039,0,122271,0.0245498,77700,77700,0
mcs90_r02_s30.A06,mcs90_r02_s30.B06,dsb_never,27,127,1197832,0.198129,0,1197453,0.198004,710807,710807,0
mcs90_r02_s30.A07,mcs90_r02_s30.B07,dsb_never,27,128,338508,0.0711074,0,337647,0.0708729,209301,209301,0
mcs90_r02_s30.A08,mcs90_r02_s30.B08,dsb_never,27,121,5690,0.0011117,0,4610,0.000846844,3446,3446,0
mcs90_r02_s30.A09,mcs90_r02_s30.B09,dsb_never,27,124,1555663,0.256268,0,1554921,0.25606,926022,926022,0
mcs90_r02_s35.A00,mcs90_r02_s35.B00,dsb_never,31,166,2357,0.000652011,0,911,0.000242585,1793,1793,0
mcs90_r02_s35.A01,mcs90_r02_s35.B01,dsb_never,31,165,9185,0.00262909,0,4610,0.00143744,6573,6573,0
mcs90_r02_s35.A02,mcs90_r02_s35.B02,dsb_never,31,167,5067747,1.20434,0,5061539,1.20269,2984954,2984954,0
mcs90_r02_s35.A03,mcs90_r02_s35.B03,dsb_never,31,168,17672,0.0038659,0,11511,0.00227978,11757,11757,0
mcs90_r02_s35.A04,mcs90_r02_s35.B04,dsb_never,31,168,13120,0.00277362,0,11506,0.00231914,7777,7777,0
mcs90_r02_s35.A05,mcs90_r02_s35.B05,dsb_never,31,165,2924210,0.751827,0,2921526,0.751001,1774925,1774925,0
mcs90_r02_s35.A06,mcs90_r02_s35.B06,dsb_never,31,169,11910,0.0029332,0,7603,0.00179332,7974,7974,0
mcs90_r02_s35.A07,mcs90_r02_s35.B07,dsb_never,31,174,392229,0.0812336,0,389178,0.0804004,226463,226463,0
mcs90_r02_s35.A08,mcs90_r02_s35.B08,dsb_never,31,170,243207,0.0513341,0,237640,0.049929,143179,143179,0
mcs90_r02_s35.A09,mcs90_r02_s35.B09,dsb_never,31,167,3569637,0.731868,0,3566595,0.731072,2131100,2131100,0
mcs90_r02_s40.A00,mcs90_r02_s40.B00,dsb_never,36,224,56716938,13.0456,0,56712510,13.0443,33756874,33756874,0
mcs90_r02_s40.A01,mcs90_r02_s40.B01,dsb_never,36,229,29098154,6.88326,0,29095165,6.88239,17551377,17551377,0
mcs90_r02_s40.A02,mcs90_r02_s40.B02,dsb_never,36,230,3483320,0.883672,0,3480079,0.882712,2138185,2138185,0
mcs90_r02_s40.A03,mcs90_r02_s40.B03,dsb_never,36,227,180672,0.0447173,0,174417,0.0430065,107348,107348,0
mcs90_r02_s40.A04,mcs90_r02_s40.B04,dsb_never,36,226,55445593,17.1631,0,55442033,17.1621,34322508,34322508,0
mcs90_r02_s40.A05,mcs90_r02_s40.B05,dsb_never,36,230,8718,0.00269355,0,67,4.60E-05,7617,7617,0
mcs90_r02_s40.A06,mcs90_r02_s40.B06,dsb_never,36,230,70725,0.0134889,0,67660,0.0126033,39791,39791,0
mcs90_r02_s40.A07,mcs90_r02_s40.B07,dsb_never,36,231,19264008,4.29887,0,19262525,4.29841,11489739,11489739,0
mcs90_r02_s40.A08,mcs90_r02_s40.B08,dsb_never,36,229,355142,0.0858247,0,351009,0.0846445,207736,207736,0
mcs90_r02_s40.A09,mcs90_r02_s40.B09,dsb_never,36,232,37045892,7.98137,0,37039398,7.97953,21726410,21726410,0
mcs90_r02_s50.A00,mcs90_r02_s50.B00,dsb_never,45,350,204621248,50.9332,0,204601839,50.9267,119407583,119407583,0
mcs90_r02_s50.A01,mcs90_r02_s50.B01,dsb_never,45,353,626737541,164.04,0,626717348,164.033,361469979,361469979,0
mcs90_r02_s50.A02,mcs90_r02_s50.B02,dsb_never,45,365,5291377,1.23614,0,5282401,1.23313,3008928,3008928,0
mcs90_r02_s50.A03,mcs90_r02_s50.B03,dsb_never,45,350,80681343,23.124,0,80660259,23.1173,49123846,49123846,0
mcs90_r02_s50.A04,mcs90_r02_s50.B04,dsb_never,45,358,104530561,26.8214,0,104519025,26.8177,61605930,61605930,0
mcs90_r02_s50.A05,mcs90_r02_s50.B05,dsb_never,45,353,1634934417,391.394,0,1634926312,391.391,948189735,948189735,0
mcs90_r02_s50.A06,mcs90_r02_s50.B06,dsb_never,45,357,176514794,42.2751,0,176479481,42.2637,102042597,102042597,0
mcs90_r02_s50.A07,mcs90_r02_s50.B07,dsb_never,45,358,2035063010,481.766,0,2035050744,481.762,1180701574,1180701574,0
mcs90_r02_s50.A08,mcs90_r02_s50.B08,dsb_never,45,356,20590,0.00591105,0,7390,0.00134715,15798,15798,0
mcs90_r02_s50.A09,mcs90_r02_s50.B09,dsb_never,45,350,59029936,12.2289,0,59025259,12.2274,33162148,33162148,0
mcs90_r02_s60.A00,mcs90_r02_s60.B00,dsb_never,54,513,200591691,91.6811,0,200541164,91.6539,126082308,126082308,0
mcs90_r02_s60.A01,mcs90_r02_s60.B01,dsb_never,54,521,202339,0.0639255,0,120382,0.0339713,138913,138913,0
mcs90_r02_s60.A02,mcs90_r02_s60.B02,dsb_never,54,509,1290592782,330.259,0,1290557244,330.246,740420933,740420933,0
mcs90_r02_s60.A03,mcs90_r02_s60.B03,dsb_never,20,58,4258289499,1000.01,1,3195133767,738.072,2399211737,2399211737,0
mcs90_r02_s60.A04,mcs90_r02_s60.B04,dsb_never,54,518,3388326,1.23974,0,3331639,1.21876,2060763,2060763,0
mcs90_r02_s60.A05,mcs90_r02_s60.B05,dsb_never,54,521,538556,0.157365,0,435150,0.118729,328389,328389,0
mcs90_r02_s60.A06,mcs90_r02_s60.B06,dsb_never,54,515,73267436,21.1789,0,73249994,21.1724,41655950,41655950,0
mcs90_r02_s60.A07,mcs90_r02_s60.B07,dsb_never,54,516,16624940,4.89815,0,16586952,4.88408,9600943,9600943,0
mcs90_r02_s60.A08,mcs90_r02_s60.B08,dsb_never,19,61,4485748522,1000.02,1,3777657141,830.149,2493695801,2493695801,0
mcs90_r02_s60.A09,mcs90_r02_s60.B09,dsb_never,54,511,1508385,0.408967,0,1462241,0.391844,840281,840281,0
mcs90_r02_s70.A00,mcs90_r02_s70.B00,dsb_never,19,66,4301382118,1000.02,1,179799054,39.1655,2358123747,2358123747,0
mcs90_r02_s70.A01,mcs90_r02_s70.B01,dsb_never,18,47,4607303359,1000.02,1,362826318,73.0147,2507814067,2507814067,0
mcs90_r02_s70.A02,mcs90_r02_s70.B02,dsb_never,63,705,3577594170,835.321,0,3577487607,835.276,1957740206,1957740206,0
mcs90_r02_s70.A03,mcs90_r02_s70.B03,dsb_never,63,711,266246840,77.5168,0,266082192,77.4472,146433795,146433795,0
mcs90_r02_s70.A04,mcs90_r02_s70.B04,dsb_never,18,37,4598725012,1000.02,1,127458616,25.6034,2527638457,2527638457,0
mcs90_r02_s70.A05,mcs90_r02_s70.B05,dsb_never,35,236,2485281750,1000.01,1,236996336,77.7816,1508730877,1508730877,0
mcs90_r02_s70.A06,mcs90_r02_s70.B06,dsb_never,63,709,576059380,155.892,0,575933951,155.84,317547838,317547838,0
mcs90_r02_s70.A07,mcs90_r02_s70.B07,dsb_never,18,47,4605999921,1000.02,1,68589411,13.422,2499650072,2499650072,0
mcs90_r02_s70.A08,mcs90_r02_s70.B08,dsb_never,36,230,2444043876,1000.02,1,146045075,44.6705,1488414188,1488414188,0
mcs90_r02_s70.A09,mcs90_r02_s70.B09,dsb_never,63,708,203113512,57.3333,0,203033170,57.2986,112465510,112465510,0
mcs90_r02_s80.A00,mcs90_r02_s80.B00,dsb_never,72,919,486536,0.181302,0,230704,0.0616521,353257,353257,0
mcs90_r02_s80.A01,mcs90_r02_s80.B01,dsb_never,72,908,1103995745,419.256,0,1103659787,419.099,636550160,636550160,0
mcs90_r02_s80.A02,mcs90_r02_s80.B02,dsb_never,19,51,3627222813,1000.01,1,376202669,89.3905,1946363963,1946363963,0
mcs90_r02_s80.A03,mcs90_r02_s80.B03,dsb_never,19,47,4603860040,1000.01,1,2724753829,574.371,2468000746,2468000746,0
mcs90_r02_s80.A04,mcs90_r02_s80.B04,dsb_never,72,925,858382925,311.376,0,857894012,311.15,484158487,484158487,0
mcs90_r02_s80.A05,mcs90_r02_s80.B05,dsb_never,18,54,2319944743,1000.01,1,784724,0.281678,1241847141,1241847141,0
mcs90_r02_s80.A06,mcs90_r02_s80.B06,dsb_never,37,237,2216434703,1000.01,1,63882187,20.1591,1308943460,1308943460,0
mcs90_r02_s80.A07,mcs90_r02_s80.B07,dsb_never,30,147,2715173064,1000.02,1,298068795,69.3062,1537783679,1537783679,0
mcs90_r02_s80.A08,mcs90_r02_s80.B08,dsb_never,72,925,321715859,148.393,0,321504300,148.294,190684743,190684743,0
mcs90_r02_s80.A09,mcs90_r02_s80.B09,dsb_never,46,360,3083226936,1000.03,1,3041559799,979.019,1712204977,1712204977,0
mcs90_r02_s90.A00,mcs90_r02_s90.B00,dsb_never,32,171,2382430178,1000.02,1,1084070200,362.067,1307315466,1307315466,0
mcs90_r02_s90.A01,mcs90_r02_s90.B01,dsb_never,43,322,2467112524,1000.02,1,2335374930,930.586,1373607263,1373607263,0
mcs90_r02_s90.A02,mcs90_r02_s90.B02,dsb_never,19,56,4597487959,1000.01,1,723713229,146.67,2437350735,2437350735,0
mcs90_r02_s90.A03,mcs90_r02_s90.B03,dsb_never,21,90,2072619106,1000.02,1,2000154017,961.709,1105620885,1105620885,0
mcs90_r02_s90.A04,mcs90_r02_s90.B04,dsb_never,19,60,4520281693,1000.01,1,93031416,18.7281,2409272780,2409272780,0
mcs90_r02_s90.A05,mcs90_r02_s90.B05,dsb_never,19,49,4522955888,1000.02,1,664549952,135.816,2400553521,2400553521,0
mcs90_r02_s90.A06,mcs90_r02_s90.B06,dsb_never,19,56,4477510382,1000.02,1,235377851,48.3445,2378962788,2378962788,0
mcs90_r02_s90.A07,mcs90_r02_s90.B07,dsb_never,19,53,4480558296,1000.01,1,25495630,5.06005,2387116802,2387116802,0
mcs90_r02_s90.A08,mcs90_r02_s90.B08,dsb_never,34,204,2431406063,1000.01,1,603381357,190.554,1359831869,1359831869,0
mcs90_r02_s90.A09,mcs90_r02_s90.B09,dsb_never,19,57,4461738249,1000.01,1,98725283,20.45,2371831111,2371831111,0
