instance_a, instance_b, algo, unified_size, unified_edges, unified_nodes, unified_time, unified_aborted, unified_root_ub, unified_nodes_to_best, unified_time_to_best,unified_cut_branches, unified_bound_pruned, unified_sym_pruned, unified_conflicts,
mcs10_b03_s100.A00,mcs10_b03_s100.B00,ll_lum,61,48,19149733165,1000.02,1,100,92986856,5.29818,14281824449,14281824449,0,9414645570,
mcs10_b03_s100.A01,mcs10_b03_s100.B01,ll_lum,64,51,9461154359,1000.01,1,100,36033649,5.25266,8527381566,8527381566,0,7622072198,
mcs10_b03_s100.A02,mcs10_b03_s100.B02,ll_lum,61,52,14519401092,1000.02,1,100,4527021877,275.96,11616546878,11616546878,0,9090706434,
mcs10_b03_s100.A03,mcs10_b03_s100.B03,ll_lum,62,52,13415483150,1000.02,1,100,3282,0.000604554,10949040204,10949040204,0,8509014329,
mcs10_b03_s100.A04,mcs10_b03_s100.B04,ll_lum,64,51,9701863172,1000.01,1,100,7712097475,685.747,8653751270,8653751270,0,7629493504,
mcs10_b03_s100.A05,mcs10_b03_s100.B05,ll_lum,64,51,13101467950,1000.01,1,100,3054375075,209.453,11093630059,11093630059,0,9206315974,
mcs10_b03_s100.A06,mcs10_b03_s100.B06,ll_lum,73,64,6686196569,1000.01,1,100,74256986,11.4033,4449774935,4449774935,0,2886913060,
mcs10_b03_s100.A07,mcs10_b03_s100.B07,ll_lum,67,51,14643616527,1000.02,1,100,938586623,76.4138,11746547781,11746547781,0,8866722523,
mcs10_b03_s100.A08,mcs10_b03_s100.B08,ll_lum,59,46,19512751225,1000.02,1,100,2557222823,138.717,17065710092,17065710092,0,14823577086,
mcs10_b03_s100.A09,mcs10_b03_s100.B09,ll_lum,69,60,6386885935,1000.02,1,100,4702860774,717.957,5282525316,5282525316,0,4505474253,
mcs10_b03_s40.A00,mcs10_b03_s40.B00,ll_lum,31,27,93167964,12.9788,0,40,9166382,1.3062,63352029,63352029,0,41882601,
mcs10_b03_s40.A01,mcs10_b03_s40.B01,ll_lum,31,24,27149265,4.04511,0,40,785338,0.106773,20568487,20568487,0,16181733,
mcs10_b03_s40.A02,mcs10_b03_s40.B02,ll_lum,31,26,190682906,24.1399,0,40,164935380,20.6181,135252130,135252130,0,97196188,
mcs10_b03_s40.A03,mcs10_b03_s40.B03,ll_lum,31,24,88320991,11.8423,0,40,19835249,2.63475,60993577,60993577,0,42014577,
mcs10_b03_s40.A04,mcs10_b03_s40.B04,ll_lum,31,23,36570782,5.0628,0,40,135537,0.0151948,26053440,26053440,0,19360359,
mcs10_b03_s40.A05,mcs10_b03_s40.B05,ll_lum,31,28,49093067,6.79744,0,40,14740393,1.95736,34685072,34685072,0,25839328,
mcs10_b03_s40.A06,mcs10_b03_s40.B06,ll_lum,31,25,92988302,12.7068,0,40,58044271,7.90733,65318651,65318651,0,47351310,
mcs10_b03_s40.A07,mcs10_b03_s40.B07,ll_lum,30,24,628732645,80.2414,0,40,2368039,0.283325,441099512,441099512,0,306392847,
mcs10_b03_s40.A08,mcs10_b03_s40.B08,ll_lum,31,27,161371650,21.4034,0,40,2407762,0.271908,113811443,113811443,0,78209137,
mcs10_b03_s40.A09,mcs10_b03_s40.B09,ll_lum,31,28,35343160,4.77754,0,40,162355,0.0180528,24730014,24730014,0,17093933,
mcs10_b03_s50.A00,mcs10_b03_s50.B00,ll_lum,39,31,6330983881,875.859,0,50,1646026396,222.657,4424673157,4424673157,0,2976856402,
mcs10_b03_s50.A01,mcs10_b03_s50.B01,ll_lum,40,29,719604983,101.91,0,50,598101214,83.5295,520914851,520914851,0,389287372,
mcs10_b03_s50.A02,mcs10_b03_s50.B02,ll_lum,40,30,2472049784,365.289,0,50,2437321109,359.931,1770100441,1770100441,0,1286000778,
mcs10_b03_s50.A03,mcs10_b03_s50.B03,ll_lum,40,31,2069669200,297.109,0,50,2042210621,293.029,1440679173,1440679173,0,1010707620,
mcs10_b03_s50.A04,mcs10_b03_s50.B04,ll_lum,39,32,1635591887,245.177,0,50,170253666,23.5608,1190329962,1190329962,0,901346234,
mcs10_b03_s50.A05,mcs10_b03_s50.B05,ll_lum,39,29,2292565846,331.099,0,50,35452110,4.19925,1605170459,1605170459,0,1109945833,
mcs10_b03_s50.A06,mcs10_b03_s50.B06,ll_lum,39,33,7122982404,1000.02,1,50,5030398797,708.636,5191428844,5191428844,0,3814930226,
mcs10_b03_s50.A07,mcs10_b03_s50.B07,ll_lum,39,33,1787692386,257.6,0,50,50859614,7.44047,1315408766,1315408766,0,983587236,
mcs10_b03_s50.A08,mcs10_b03_s50.B08,ll_lum,39,30,1366861063,206.296,0,50,331283272,48.0495,978782682,978782682,0,730909506,
mcs10_b03_s50.A09,mcs10_b03_s50.B09,ll_lum,39,27,1905557126,286.433,0,50,227197514,33.1122,1363458606,1363458606,0,1020980204,
mcs10_b03_s60.A00,mcs10_b03_s60.B00,ll_lum,49,35,6389074994,1000.01,1,60,6205742763,968.492,4528424192,4528424192,0,3307977916,
mcs10_b03_s60.A01,mcs10_b03_s60.B01,ll_lum,46,40,7079061937,1000.02,1,60,1719434733,238.056,4925200673,4925200673,0,3420190607,
mcs10_b03_s60.A02,mcs10_b03_s60.B02,ll_lum,45,34,6581968867,1000.02,1,60,2848998515,420.746,4629945091,4629945091,0,3495520902,
mcs10_b03_s60.A03,mcs10_b03_s60.B03,ll_lum,46,41,6553402183,1000.01,1,60,193430669,25.2109,4625684388,4625684388,0,3385335783,
mcs10_b03_s60.A04,mcs10_b03_s60.B04,ll_lum,46,36,7353278241,1000.02,1,60,6709352766,897.096,5482250101,5482250101,0,4150300965,
mcs10_b03_s60.A05,mcs10_b03_s60.B05,ll_lum,46,35,6334461360,1000.01,1,60,243750059,32.6605,4738943181,4738943181,0,3661234907,
mcs10_b03_s60.A06,mcs10_b03_s60.B06,ll_lum,48,35,6290252953,1000.02,1,60,1693863859,241.467,4436414984,4436414984,0,3221708343,
mcs10_b03_s60.A07,mcs10_b03_s60.B07,ll_lum,47,34,6679370087,1000.02,1,60,1451592402,194.28,4693290182,4693290182,0,3393836636,
mcs10_b03_s60.A08,mcs10_b03_s60.B08,ll_lum,46,31,7643812489,1000.02,1,60,5738228423,735.49,5058205197,5058205197,0,3458028041,
mcs10_b03_s60.A09,mcs10_b03_s60.B09,ll_lum,46,37,7246138460,1000.01,1,60,5155886664,667.625,4968903638,4968903638,0,3500644546,
mcs10_b03_s70.A00,mcs10_b03_s70.B00,ll_lum,50,38,7022096573,1000.02,1,70,2249561883,313.484,5145279890,5145279890,0,3632657593,
mcs10_b03_s70.A01,mcs10_b03_s70.B01,ll_lum,42,32,18597981449,1000.02,1,70,411223781,23.0266,14670806369,14670806369,0,11194204914,
mcs10_b03_s70.A02,mcs10_b03_s70.B02,ll_lum,53,40,4607495915,1000.02,1,70,2582744010,437.209,3336466155,3336466155,0,2395593363,
mcs10_b03_s70.A03,mcs10_b03_s70.B03,ll_lum,51,46,4159422979,1000,1,70,2971324549,698.77,2811241695,2811241695,0,2047259465,
mcs10_b03_s70.A04,mcs10_b03_s70.B04,ll_lum,49,40,6659733525,1000.02,1,70,3646633229,477.504,5218640600,5218640600,0,3960351770,
mcs10_b03_s70.A05,mcs10_b03_s70.B05,ll_lum,52,39,3588331405,1000.01,1,70,2467594317,664.828,2465995408,2465995408,0,1748696737,
mcs10_b03_s70.A06,mcs10_b03_s70.B06,ll_lum,51,39,4188592030,1000,1,70,55361617,9.73365,2796708722,2796708722,0,1964254390,
mcs10_b03_s70.A07,mcs10_b03_s70.B07,ll_lum,53,46,3829283131,1000.01,1,70,555841329,100.883,2592783390,2592783390,0,1837663042,
mcs10_b03_s70.A08,mcs10_b03_s70.B08,ll_lum,52,40,3737620150,1000.01,1,70,404702558,102.696,3224570348,3224570348,0,2739019654,
mcs10_b03_s70.A09,mcs10_b03_s70.B09,ll_lum,51,41,3377969948,1000.02,1,70,64850436,17.6414,2441723511,2441723511,0,1799851054,
mcs10_b03_s80.A00,mcs10_b03_s80.B00,ll_lum,49,38,9814449072,1000.02,1,80,10639830,0.821566,8492138859,8492138859,0,7249080545,
mcs10_b03_s80.A01,mcs10_b03_s80.B01,ll_lum,59,43,9511152094,1000.01,1,80,6746919941,627.855,7124757585,7124757585,0,5365876347,
mcs10_b03_s80.A02,mcs10_b03_s80.B02,ll_lum,57,46,9212856779,1000.01,1,80,3840798400,307.223,6718276342,6718276342,0,4851595276,
mcs10_b03_s80.A03,mcs10_b03_s80.B03,ll_lum,58,49,7064077566,1000.02,1,80,1211926044,158.935,4933146865,4933146865,0,3381580684,
mcs10_b03_s80.A04,mcs10_b03_s80.B04,ll_lum,56,44,8160705624,1000.02,1,80,6323046741,741.633,6566473666,6566473666,0,5312250922,
mcs10_b03_s80.A05,mcs10_b03_s80.B05,ll_lum,59,48,7677560087,1000.02,1,80,558945869,63.2264,5257792222,5257792222,0,3749947647,
mcs10_b03_s80.A06,mcs10_b03_s80.B06,ll_lum,58,48,8232167403,1000.02,1,80,2795883456,331.372,5357508831,5357508831,0,3599847064,
mcs10_b03_s80.A07,mcs10_b03_s80.B07,ll_lum,57,44,8261302159,1000.03,1,80,1115365852,103.073,5766216465,5766216465,0,4238685564,
mcs10_b03_s80.A08,mcs10_b03_s80.B08,ll_lum,57,46,8240911773,1000.02,1,80,4069590955,475.854,5792669155,5792669155,0,4182148173,
mcs10_b03_s80.A09,mcs10_b03_s80.B09,ll_lum,61,49,6919657296,1000.02,1,80,279589232,36.3754,4716119263,4716119263,0,3396766610,
mcs10_b03_s90.A00,mcs10_b03_s90.B00,ll_lum,63,53,10793485484,1000.02,1,90,7229773149,599.253,9191271666,9191271666,0,7619152379,
mcs10_b03_s90.A01,mcs10_b03_s90.B01,ll_lum,57,43,24543657136,1000.01,1,90,28045197,1.09853,18585052978,18585052978,0,12746140497,
mcs10_b03_s90.A02,mcs10_b03_s90.B02,ll_lum,63,55,8297514080,1000.02,1,90,177817304,21.1657,6158535064,6158535064,0,4182511028,
mcs10_b03_s90.A03,mcs10_b03_s90.B03,ll_lum,56,48,25605434119,1000.02,1,90,481,0.00014077,19525243682,19525243682,0,13465765690,
mcs10_b03_s90.A04,mcs10_b03_s90.B04,ll_lum,58,45,13431073698,1000.01,1,90,1717598463,97.4874,10952156853,10952156853,0,8480757132,
mcs10_b03_s90.A05,mcs10_b03_s90.B05,ll_lum,65,54,6856633681,1000.02,1,90,686815862,84.3453,5113795855,5113795855,0,3958583562,
mcs10_b03_s90.A06,mcs10_b03_s90.B06,ll_lum,53,42,12298846558,1000.02,1,90,87,5.3249e-05,11187791919,11187791919,0,10318391937,
mcs10_b03_s90.A07,mcs10_b03_s90.B07,ll_lum,65,49,6773112469,1000.02,1,90,2064986089,304.688,4963676227,4963676227,0,3744776905,
mcs10_b03_s90.A08,mcs10_b03_s90.B08,ll_lum,64,54,7638445607,1000.02,1,90,4867947689,632.404,5187891327,5187891327,0,3603545878,
mcs10_b03_s90.A09,mcs10_b03_s90.B09,ll_lum,65,58,9157242409,1000.01,1,90,8570523038,938.586,6699957014,6699957014,0,4856638005,
mcs10_b03m_s100.A00,mcs10_b03m_s100.B00,ll_lum,61,49,15459520599,1000.01,1,100,1367,0.000270556,13118353925,13118353925,0,11082568510,
mcs10_b03m_s100.A01,mcs10_b03m_s100.B01,ll_lum,68,49,16602489758,1000.01,1,100,38345441,5.66923,15055524482,15055524482,0,13531324870,
mcs10_b03m_s100.A02,mcs10_b03m_s100.B02,ll_lum,69,54,18805005360,1000.02,1,100,16482817,0.641456,16240665412,16240665412,0,13681535630,
mcs10_b03m_s100.A03,mcs10_b03m_s100.B03,ll_lum,68,53,8374351233,1000.02,1,100,2444396362,273.873,5678601056,5678601056,0,4163875689,
mcs10_b03m_s100.A04,mcs10_b03m_s100.B04,ll_lum,68,53,14784771602,1000.02,1,100,2181045306,131.712,13086476254,13086476254,0,11476557286,
mcs10_b03m_s100.A05,mcs10_b03m_s100.B05,ll_lum,69,52,23139839619,1000.01,1,100,7046372553,319.647,19416635932,19416635932,0,15696362930,
mcs10_b03m_s100.A06,mcs10_b03m_s100.B06,ll_lum,70,59,7074819349,1000.02,1,100,369328201,57.0276,5104144028,5104144028,0,3933783503,
mcs10_b03m_s100.A07,mcs10_b03m_s100.B07,ll_lum,68,52,22368894936,1000.02,1,100,92304191,5.97547,16779293424,16779293424,0,11440307135,
mcs10_b03m_s100.A08,mcs10_b03m_s100.B08,ll_lum,54,41,26556249395,1000.01,1,100,54,7.342e-05,18982332136,18982332136,0,15089232299,
mcs10_b03m_s100.A09,mcs10_b03m_s100.B09,ll_lum,67,54,18244104066,1000.02,1,100,48766709,2.0261,16108191982,16108191982,0,14093736037,
mcs10_b03m_s40.A00,mcs10_b03m_s40.B00,ll_lum,32,28,55128772,7.55298,0,40,54284861,7.43427,38267430,38267430,0,27887322,
mcs10_b03m_s40.A01,mcs10_b03m_s40.B01,ll_lum,31,27,223364262,28.4094,0,40,155776126,19.8025,167342263,167342263,0,128024624,
mcs10_b03m_s40.A02,mcs10_b03m_s40.B02,ll_lum,32,25,34344209,4.67736,0,40,34314625,4.67299,23935511,23935511,0,17203966,
mcs10_b03m_s40.A03,mcs10_b03m_s40.B03,ll_lum,31,25,114771689,15.3559,0,40,38949966,4.82691,81804074,81804074,0,58951784,
mcs10_b03m_s40.A04,mcs10_b03m_s40.B04,ll_lum,32,28,29062836,3.70121,0,40,25089638,3.13273,20335848,20335848,0,14968026,
mcs10_b03m_s40.A05,mcs10_b03m_s40.B05,ll_lum,31,22,87702139,11.3875,0,40,65686763,8.42126,60177125,60177125,0,41305697,
mcs10_b03m_s40.A06,mcs10_b03m_s40.B06,ll_lum,31,23,49615638,6.91845,0,40,15476399,2.13902,34596476,34596476,0,24542597,
mcs10_b03m_s40.A07,mcs10_b03m_s40.B07,ll_lum,31,27,118031693,15.3264,0,40,55829228,7.20313,82020945,82020945,0,57247070,
mcs10_b03m_s40.A08,mcs10_b03m_s40.B08,ll_lum,31,24,97352445,12.9254,0,40,12822375,1.43427,70166190,70166190,0,51000128,
mcs10_b03m_s40.A09,mcs10_b03m_s40.B09,ll_lum,32,25,19377355,2.85833,0,40,17250944,2.54614,14325434,14325434,0,11169284,
mcs10_b03m_s50.A00,mcs10_b03m_s50.B00,ll_lum,40,33,2379851491,335.678,0,50,2126931374,296.667,1713237004,1713237004,0,1232328565,
mcs10_b03m_s50.A01,mcs10_b03m_s50.B01,ll_lum,39,36,5909383281,830.763,0,50,719416807,96.6689,4154817344,4154817344,0,2905625502,
mcs10_b03m_s50.A02,mcs10_b03m_s50.B02,ll_lum,39,26,3139558720,438.894,0,50,1552793021,204.934,2300201267,2300201267,0,1717786151,
mcs10_b03m_s50.A03,mcs10_b03m_s50.B03,ll_lum,38,31,7289648406,1000.02,1,50,260356963,33.3911,5226958182,5226958182,0,3765927734,
mcs10_b03m_s50.A04,mcs10_b03m_s50.B04,ll_lum,39,30,7077559613,987.76,0,50,5432721996,748.496,4981818826,4981818826,0,3465040944,
mcs10_b03m_s50.A05,mcs10_b03m_s50.B05,ll_lum,39,30,6613756975,936.392,0,50,4504584018,636.344,4694875189,4694875189,0,3373334307,
mcs10_b03m_s50.A06,mcs10_b03m_s50.B06,ll_lum,40,30,1163961322,168.624,0,50,831121032,119.384,819597802,819597802,0,591641593,
mcs10_b03m_s50.A07,mcs10_b03m_s50.B07,ll_lum,40,31,137720518,21.2826,0,50,31748503,4.27586,98469263,98469263,0,74607483,
mcs10_b03m_s50.A08,mcs10_b03m_s50.B08,ll_lum,39,31,4288926911,632.108,0,50,350387192,48.6117,3061969084,3061969084,0,2213144980,
mcs10_b03m_s50.A09,mcs10_b03m_s50.B09,ll_lum,40,28,1232421182,181.112,0,50,1175778120,172.818,874325719,874325719,0,632344333,
mcs10_b03m_s60.A00,mcs10_b03m_s60.B00,ll_lum,39,31,22201281648,1000.02,1,60,285883260,13.0625,18118230130,18118230130,0,14241124523,
mcs10_b03m_s60.A01,mcs10_b03m_s60.B01,ll_lum,47,35,7157636526,1000.01,1,60,4149073330,517.532,5266220767,5266220767,0,3937884026,
mcs10_b03m_s60.A02,mcs10_b03m_s60.B02,ll_lum,47,41,6289463440,1000.02,1,60,292468432,38.2457,4453950398,4453950398,0,3358402786,
mcs10_b03m_s60.A03,mcs10_b03m_s60.B03,ll_lum,40,32,14895275782,1000.02,1,60,38,2.8353e-05,11689875564,11689875564,0,8571193164,
mcs10_b03m_s60.A04,mcs10_b03m_s60.B04,ll_lum,47,36,6267423109,1000.01,1,60,647309885,94.0198,4515107935,4515107935,0,3372337373,
mcs10_b03m_s60.A05,mcs10_b03m_s60.B05,ll_lum,44,35,7383460482,1000.02,1,60,5646291,0.662014,5086729965,5086729965,0,3959893004,
mcs10_b03m_s60.A06,mcs10_b03m_s60.B06,ll_lum,47,38,6622400238,1000.02,1,60,3484579541,518.971,4696196874,4696196874,0,3407507399,
mcs10_b03m_s60.A07,mcs10_b03m_s60.B07,ll_lum,44,35,7192845691,1000.01,1,60,998086809,131.452,4945348234,4945348234,0,3583045021,
mcs10_b03m_s60.A08,mcs10_b03m_s60.B08,ll_lum,46,40,7031879591,1000.01,1,60,1645258502,214.148,4717372910,4717372910,0,3234044393,
mcs10_b03m_s60.A09,mcs10_b03m_s60.B09,ll_lum,45,36,8434886283,1000.01,1,60,5661854737,569.877,6266827955,6266827955,0,4608582072,
mcs10_b03m_s70.A00,mcs10_b03m_s70.B00,ll_lum,43,31,22754583917,1000.03,1,70,200,6.7271e-05,18036943176,18036943176,0,13319305308,
mcs10_b03m_s70.A01,mcs10_b03m_s70.B01,ll_lum,53,47,9024268076,1000.02,1,70,6725091486,634.635,7014486894,7014486894,0,5660151417,
mcs10_b03m_s70.A02,mcs10_b03m_s70.B02,ll_lum,50,39,7238000182,1000.03,1,70,875007657,69.768,5447901594,5447901594,0,3967099263,
mcs10_b03m_s70.A03,mcs10_b03m_s70.B03,ll_lum,50,38,14872166161,1000.01,1,70,3935412667,252.528,12785616518,12785616518,0,10730445831,
mcs10_b03m_s70.A04,mcs10_b03m_s70.B04,ll_lum,45,31,9382876858,1000.02,1,70,65694166,7.51455,7810762328,7810762328,0,6304181277,
mcs10_b03m_s70.A05,mcs10_b03m_s70.B05,ll_lum,51,40,7808054388,1000.01,1,70,132100716,13.0099,5337764467,5337764467,0,3888808944,
mcs10_b03m_s70.A06,mcs10_b03m_s70.B06,ll_lum,47,39,20424553963,1000.01,1,70,7746962617,364.468,16845502895,16845502895,0,13456765696,
mcs10_b03m_s70.A07,mcs10_b03m_s70.B07,ll_lum,52,42,7572437283,1000.01,1,70,7447980961,983.218,5096425761,5096425761,0,3403759066,
mcs10_b03m_s70.A08,mcs10_b03m_s70.B08,ll_lum,51,43,7441815833,1000.02,1,70,1009566528,128.5,5116259319,5116259319,0,3678687323,
mcs10_b03m_s70.A09,mcs10_b03m_s70.B09,ll_lum,47,38,14319107649,1000.01,1,70,1421471,0.147202,11431597259,11431597259,0,8592930319,
mcs10_b03m_s80.A00,mcs10_b03m_s80.B00,ll_lum,57,46,8442629623,1000.02,1,80,4780031728,525.229,6331536873,6331536873,0,4408313395,
mcs10_b03m_s80.A01,mcs10_b03m_s80.B01,ll_lum,54,43,11995820764,1000.02,1,80,5709641731,469.845,10117902855,10117902855,0,8348277845,
mcs10_b03m_s80.A02,mcs10_b03m_s80.B02,ll_lum,60,49,6651243464,1000.01,1,80,5706291424,850.96,4840716476,4840716476,0,3513141240,
mcs10_b03m_s80.A03,mcs10_b03m_s80.B03,ll_lum,55,44,21051802789,1000.02,1,80,1070982824,49.583,17699579263,17699579263,0,14485413818,
mcs10_b03m_s80.A04,mcs10_b03m_s80.B04,ll_lum,58,48,7689365244,1000.01,1,80,1712913468,214.324,5087601577,5087601577,0,3251063489,
mcs10_b03m_s80.A05,mcs10_b03m_s80.B05,ll_lum,60,44,8193200671,1000.02,1,80,6220770002,672.298,6609763349,6609763349,0,5385902181,
mcs10_b03m_s80.A06,mcs10_b03m_s80.B06,ll_lum,52,34,8741871164,1000.01,1,80,2651802973,307.927,6977536379,6977536379,0,5532903293,
mcs10_b03m_s80.A07,mcs10_b03m_s80.B07,ll_lum,58,45,6345145087,1000.02,1,80,470914000,69.8555,4723060995,4723060995,0,3644168211,
mcs10_b03m_s80.A08,mcs10_b03m_s80.B08,ll_lum,52,41,9043063596,1000.02,1,80,1107608846,118.168,7519926921,7519926921,0,6040556880,
mcs10_b03m_s80.A09,mcs10_b03m_s80.B09,ll_lum,53,41,23811165870,1000.02,1,80,1678712885,73.655,19041154095,19041154095,0,14290980196,
mcs10_b03m_s90.A00,mcs10_b03m_s90.B00,ll_lum,59,50,19103060257,1000.02,1,90,2731223,0.120634,15876752880,15876752880,0,12913230076,
mcs10_b03m_s90.A01,mcs10_b03m_s90.B01,ll_lum,66,54,9221838070,1000.02,1,90,7080326476,664.362,6979228677,6979228677,0,5199829680,
mcs10_b03m_s90.A02,mcs10_b03m_s90.B02,ll_lum,65,53,7001862345,1000.01,1,90,390823954,55.0372,4836375215,4836375215,0,3520396741,
mcs10_b03m_s90.A03,mcs10_b03m_s90.B03,ll_lum,67,58,7005789389,1000.01,1,90,1411023009,197.624,4666735231,4666735231,0,3103741734,
mcs10_b03m_s90.A04,mcs10_b03m_s90.B04,ll_lum,66,53,9393265810,1000.01,1,90,8575150000,878.057,7242198296,7242198296,0,5740626453,
mcs10_b03m_s90.A05,mcs10_b03m_s90.B05,ll_lum,63,52,5963871662,1000.02,1,90,3242775138,541.744,4894076295,4894076295,0,4233533423,
mcs10_b03m_s90.A06,mcs10_b03m_s90.B06,ll_lum,66,51,6370498461,1000.02,1,90,1080576464,153.662,4708513129,4708513129,0,3617168045,
mcs10_b03m_s90.A07,mcs10_b03m_s90.B07,ll_lum,54,43,20085975350,1000.02,1,90,10981258828,537.225,17672851494,17672851494,0,15517784877,
mcs10_b03m_s90.A08,mcs10_b03m_s90.B08,ll_lum,57,46,19890030589,1000.01,1,90,3235921611,161.303,17893984689,17893984689,0,15900918506,
mcs10_b03m_s90.A09,mcs10_b03m_s90.B09,ll_lum,55,46,15440679354,1000.01,1,90,1451035,0.0592086,13495223513,13495223513,0,11739877836,
mcs10_b06_s100.A00,mcs10_b06_s100.B00,ll_lum,54,62,5904000082,1000.01,1,100,1662953942,285.868,3860055190,3860055190,0,2997642690,
mcs10_b06_s100.A01,mcs10_b06_s100.B01,ll_lum,51,61,5891906307,1000.02,1,100,1476751483,234.135,3683265755,3683265755,0,2819211392,
mcs10_b06_s100.A02,mcs10_b06_s100.B02,ll_lum,56,61,5999349256,1000.02,1,100,2304894680,377.647,3730299040,3730299040,0,2846286875,
mcs10_b06_s100.A03,mcs10_b06_s100.B03,ll_lum,54,55,6435839621,1000.02,1,100,5607744421,866.045,4051776053,4051776053,0,2889057349,
mcs10_b06_s100.A04,mcs10_b06_s100.B04,ll_lum,50,52,6449901859,1000.02,1,100,3148264805,493.107,4139605387,4139605387,0,2921698853,
mcs10_b06_s100.A05,mcs10_b06_s100.B05,ll_lum,54,57,5899125925,1000.03,1,100,2100503732,355.526,3623679459,3623679459,0,2638157175,
mcs10_b06_s100.A06,mcs10_b06_s100.B06,ll_lum,56,60,6328988295,1000.02,1,100,1512530936,235.637,4184213065,4184213065,0,3144487430,
mcs10_b06_s100.A07,mcs10_b06_s100.B07,ll_lum,52,55,7665403071,1000.02,1,100,1973554855,234.434,5091170941,5091170941,0,3717770378,
mcs10_b06_s100.A08,mcs10_b06_s100.B08,ll_lum,51,53,6343348573,1000.01,1,100,4284042639,662.919,3963177391,3963177391,0,2922051056,
mcs10_b06_s100.A09,mcs10_b06_s100.B09,ll_lum,54,61,7296141183,1000.01,1,100,3555466779,412.928,4761277644,4761277644,0,3535058712,
mcs10_b06_s70.A00,mcs10_b06_s70.B00,ll_lum,39,50,6107154536,1000.01,1,70,467919003,76.1448,3804344164,3804344164,0,2855293089,
mcs10_b06_s70.A01,mcs10_b06_s70.B01,ll_lum,38,39,6622939278,1000.02,1,70,73496196,9.42407,4410051056,4410051056,0,3210063399,
mcs10_b06_s70.A02,mcs10_b06_s70.B02,ll_lum,40,54,6197562409,1000.02,1,70,800948155,121.942,3937571653,3937571653,0,3045325786,
mcs10_b06_s70.A03,mcs10_b06_s70.B03,ll_lum,38,36,6498099944,1000.02,1,70,1828223422,270.464,4339529341,4339529341,0,3412626094,
mcs10_b06_s70.A04,mcs10_b06_s70.B04,ll_lum,38,35,6540916782,1000.01,1,70,694961725,100.912,4483989085,4483989085,0,3364177780,
mcs10_b06_s70.A05,mcs10_b06_s70.B05,ll_lum,41,41,6065664855,1000.02,1,70,4159789503,689.462,3882211690,3882211690,0,2964724263,
mcs10_b06_s70.A06,mcs10_b06_s70.B06,ll_lum,37,35,8357062770,1000.02,1,70,6266282773,745.427,5806187165,5806187165,0,4337612526,
mcs10_b06_s70.A07,mcs10_b06_s70.B07,ll_lum,37,42,6581417223,1000.02,1,70,1857425820,261.529,4251781956,4251781956,0,3183390955,
mcs10_b06_s70.A08,mcs10_b06_s70.B08,ll_lum,39,43,6096211542,1000.02,1,70,664236291,109.554,3990234951,3990234951,0,3050915608,
mcs10_b06_s70.A09,mcs10_b06_s70.B09,ll_lum,40,52,6376897687,1000,1,70,718753003,107.355,3973674785,3973674785,0,2915431392,
mcs10_b06_s80.A00,mcs10_b06_s80.B00,ll_lum,42,43,6465259443,1000.02,1,80,832785801,119.072,4032226006,4032226006,0,2908704119,
mcs10_b06_s80.A01,mcs10_b06_s80.B01,ll_lum,44,57,6450791172,1000.01,1,80,1596324047,236.527,4124469174,4124469174,0,3153206209,
mcs10_b06_s80.A02,mcs10_b06_s80.B02,ll_lum,43,39,6596890079,1000.01,1,80,1042823845,155.205,4250574123,4250574123,0,3321879905,
mcs10_b06_s80.A03,mcs10_b06_s80.B03,ll_lum,42,39,6033356205,1000,1,80,76635634,12.1261,3866814083,3866814083,0,2930231189,
mcs10_b06_s80.A04,mcs10_b06_s80.B04,ll_lum,45,46,6257671852,1000.02,1,80,503503857,74.9024,4071590818,4071590818,0,3036190679,
mcs10_b06_s80.A05,mcs10_b06_s80.B05,ll_lum,43,56,6073952227,1000.02,1,80,17756342,3.03385,3713171934,3713171934,0,2827028076,
mcs10_b06_s80.A06,mcs10_b06_s80.B06,ll_lum,46,61,5805002508,1000.02,1,80,1088956447,179.299,3592975169,3592975169,0,2677608753,
mcs10_b06_s80.A07,mcs10_b06_s80.B07,ll_lum,45,58,6292190324,1000.02,1,80,1633368396,261.05,3999682590,3999682590,0,3080987236,
mcs10_b06_s80.A08,mcs10_b06_s80.B08,ll_lum,42,36,6228280868,1000.01,1,80,11815497,1.50933,4126097560,4126097560,0,3210159934,
mcs10_b06_s80.A09,mcs10_b06_s80.B09,ll_lum,43,45,6260104801,1000.02,1,80,5995303,0.645541,4016317620,4016317620,0,3143826970,
mcs10_b06_s90.A00,mcs10_b06_s90.B00,ll_lum,48,50,6071790638,1000.02,1,90,1747979922,287.515,3899604322,3899604322,0,2973061827,
mcs10_b06_s90.A01,mcs10_b06_s90.B01,ll_lum,46,61,6646988263,1000.02,1,90,13849285,1.92379,4174708227,4174708227,0,3102775733,
mcs10_b06_s90.A02,mcs10_b06_s90.B02,ll_lum,49,56,6404486277,1000.02,1,90,5753336667,883.448,4004967601,4004967601,0,2918629941,
mcs10_b06_s90.A03,mcs10_b06_s90.B03,ll_lum,48,52,6525092583,1000.02,1,90,1096561064,162.788,4266986725,4266986725,0,3265050675,
mcs10_b06_s90.A04,mcs10_b06_s90.B04,ll_lum,48,45,6132821791,1000.02,1,90,1405640349,229.245,3842512657,3842512657,0,2882130638,
mcs10_b06_s90.A05,mcs10_b06_s90.B05,ll_lum,45,40,6876151963,1000.02,1,90,5900595807,849.17,4441246567,4441246567,0,3360163416,
mcs10_b06_s90.A06,mcs10_b06_s90.B06,ll_lum,50,52,5767501525,1000.01,1,90,17437143,2.24605,3651474736,3651474736,0,2848814566,
mcs10_b06_s90.A07,mcs10_b06_s90.B07,ll_lum,47,46,6411304786,1000.01,1,90,96143555,14.7229,4180250305,4180250305,0,2969539916,
mcs10_b06_s90.A08,mcs10_b06_s90.B08,ll_lum,50,68,6132720099,1000.01,1,90,2527950008,399.633,3742004098,3742004098,0,2667408073,
mcs10_b06_s90.A09,mcs10_b06_s90.B09,ll_lum,49,46,6640745486,1000.01,1,90,415408999,62.7132,4279106608,4279106608,0,3137512976,
mcs10_b06m_s100.A00,mcs10_b06m_s100.B00,ll_lum,52,51,5957655000,1000.02,1,100,1885187,0.263108,3846633754,3846633754,0,2778230732,
mcs10_b06m_s100.A01,mcs10_b06m_s100.B01,ll_lum,52,48,6358890841,1000.01,1,100,757497363,109.503,3966919289,3966919289,0,2985395335,
mcs10_b06m_s100.A02,mcs10_b06m_s100.B02,ll_lum,51,50,6608580603,1000.01,1,100,5952626882,897.515,4220243069,4220243069,0,3154847930,
mcs10_b06m_s100.A03,mcs10_b06m_s100.B03,ll_lum,54,51,6793570471,1000.02,1,100,4105786033,589.015,4434758901,4434758901,0,3258621256,
mcs10_b06m_s100.A04,mcs10_b06m_s100.B04,ll_lum,52,54,6158180995,1000.02,1,100,978871344,151.866,3783663318,3783663318,0,2478623969,
mcs10_b06m_s100.A05,mcs10_b06m_s100.B05,ll_lum,52,54,6305152122,1000.01,1,100,184843571,27.4741,4020559566,4020559566,0,3109082097,
mcs10_b06m_s100.A06,mcs10_b06m_s100.B06,ll_lum,54,54,6507522323,1000.01,1,100,407455796,53.1017,4069871459,4069871459,0,2936639824,
mcs10_b06m_s100.A07,mcs10_b06m_s100.B07,ll_lum,55,55,6168725758,1000.02,1,100,1727311390,265.186,3865224181,3865224181,0,2845387463,
mcs10_b06m_s100.A08,mcs10_b06m_s100.B08,ll_lum,51,46,7813310362,1000.01,1,100,2633915039,318.407,4994775679,4994775679,0,3643046317,
mcs10_b06m_s100.A09,mcs10_b06m_s100.B09,ll_lum,53,60,5684979020,1000.01,1,100,588242351,99.8766,3612403203,3612403203,0,2728878148,
mcs10_b06m_s70.A00,mcs10_b06m_s70.B00,ll_lum,40,40,6265702331,1000.01,1,70,1180956082,175.449,3881511451,3881511451,0,2857455259,
mcs10_b06m_s70.A01,mcs10_b06m_s70.B01,ll_lum,38,33,6545222889,1000.01,1,70,1146026604,160.482,4388913196,4388913196,0,3376965823,
mcs10_b06m_s70.A02,mcs10_b06m_s70.B02,ll_lum,41,44,5942653177,1000.01,1,70,236541295,34.8067,3865690525,3865690525,0,2970104118,
mcs10_b06m_s70.A03,mcs10_b06m_s70.B03,ll_lum,39,35,6145779484,1000.02,1,70,1213275834,191.586,4029282804,4029282804,0,3069690825,
mcs10_b06m_s70.A04,mcs10_b06m_s70.B04,ll_lum,39,38,6429316996,1000.02,1,70,1297671437,198.177,4303651931,4303651931,0,3385193569,
mcs10_b06m_s70.A05,mcs10_b06m_s70.B05,ll_lum,39,36,6350142237,1000.02,1,70,3242481529,496.859,4144962109,4144962109,0,3254942019,
mcs10_b06m_s70.A06,mcs10_b06m_s70.B06,ll_lum,40,38,6043311244,1000.02,1,70,2214704775,365.401,3884729706,3884729706,0,2944993604,
mcs10_b06m_s70.A07,mcs10_b06m_s70.B07,ll_lum,39,38,6147190588,1000.01,1,70,1186081783,173.125,3950299230,3950299230,0,3094943661,
mcs10_b06m_s70.A08,mcs10_b06m_s70.B08,ll_lum,39,43,6341428604,1000.01,1,70,1794153835,266.568,4019164868,4019164868,0,2976011029,
mcs10_b06m_s70.A09,mcs10_b06m_s70.B09,ll_lum,38,38,6250886833,1000.02,1,70,593057273,98.0679,4126135715,4126135715,0,3087317921,
mcs10_b06m_s80.A00,mcs10_b06m_s80.B00,ll_lum,43,48,6076518455,1000.03,1,80,398678355,62.7218,3807197457,3807197457,0,2928952154,
mcs10_b06m_s80.A01,mcs10_b06m_s80.B01,ll_lum,42,49,6674255718,1000.02,1,80,1112952735,166.127,4207108993,4207108993,0,3100796589,
mcs10_b06m_s80.A02,mcs10_b06m_s80.B02,ll_lum,45,59,5917768007,1000.02,1,80,984099766,159.615,3648337804,3648337804,0,2772506555,
mcs10_b06m_s80.A03,mcs10_b06m_s80.B03,ll_lum,45,49,6318763344,1000.01,1,80,872764772,134.252,4141652641,4141652641,0,3018641578,
mcs10_b06m_s80.A04,mcs10_b06m_s80.B04,ll_lum,44,47,5029608862,1000.02,1,80,1887019863,370.332,3303316201,3303316201,0,2429829005,
mcs10_b06m_s80.A05,mcs10_b06m_s80.B05,ll_lum,42,41,4991009698,1000.02,1,80,796279782,148.081,3239858287,3239858287,0,2431463226,
mcs10_b06m_s80.A06,mcs10_b06m_s80.B06,ll_lum,44,44,5113365214,1000.02,1,80,4031237578,785.06,3279017821,3279017821,0,2451292905,
mcs10_b06m_s80.A07,mcs10_b06m_s80.B07,ll_lum,44,43,5683834461,1000.02,1,80,5045803390,881.648,3533589646,3533589646,0,2632685505,
mcs10_b06m_s80.A08,mcs10_b06m_s80.B08,ll_lum,42,44,6074351018,1000.02,1,80,133270880,20.2064,3963672497,3963672497,0,2935880783,
mcs10_b06m_s80.A09,mcs10_b06m_s80.B09,ll_lum,45,45,6238949600,1000.02,1,80,5319928792,842.093,3987833706,3987833706,0,3041762084,
mcs10_b06m_s90.A00,mcs10_b06m_s90.B00,ll_lum,50,49,5600046523,1000.01,1,90,3705635963,633.588,3573100310,3573100310,0,2608068497,
mcs10_b06m_s90.A01,mcs10_b06m_s90.B01,ll_lum,48,48,6171136605,1000.02,1,90,37637367,5.72482,4068436635,4068436635,0,2993486755,
mcs10_b06m_s90.A02,mcs10_b06m_s90.B02,ll_lum,49,48,6239911969,1000.03,1,90,561858327,87.4287,4010535296,4010535296,0,3050495081,
mcs10_b06m_s90.A03,mcs10_b06m_s90.B03,ll_lum,48,44,6469498809,1000.02,1,90,283332513,40.2403,4255598267,4255598267,0,3077360190,
mcs10_b06m_s90.A04,mcs10_b06m_s90.B04,ll_lum,47,42,6086043714,1000.02,1,90,3173526913,511.352,3851683553,3851683553,0,2980883699,
mcs10_b06m_s90.A05,mcs10_b06m_s90.B05,ll_lum,49,52,5753381824,1000.02,1,90,462214535,73.9094,3502996947,3502996947,0,2588393461,
mcs10_b06m_s90.A06,mcs10_b06m_s90.B06,ll_lum,49,54,6201158100,1000.02,1,90,140114150,21.3353,3781876130,3781876130,0,2793194461,
mcs10_b06m_s90.A07,mcs10_b06m_s90.B07,ll_lum,47,46,6537627176,1000.01,1,90,4651060,0.618431,4189550000,4189550000,0,3065695934,
mcs10_b06m_s90.A08,mcs10_b06m_s90.B08,ll_lum,48,50,5960890486,1000.02,1,90,371072404,61.7003,3713326208,3713326208,0,2745899751,
mcs10_b06m_s90.A09,mcs10_b06m_s90.B09,ll_lum,48,45,6632411036,1000.02,1,90,596599418,85.1831,4450960176,4450960176,0,3470392786,
mcs10_b09_s100.A00,mcs10_b09_s100.B00,ll_lum,41,48,5910264279,1000.02,1,100,496582051,82.6217,3575596298,3575596298,0,2791101939,
mcs10_b09_s100.A01,mcs10_b09_s100.B01,ll_lum,43,55,5726389716,1000.01,1,100,3222751404,558.165,3670477656,3670477656,0,2938716170,
mcs10_b09_s100.A02,mcs10_b09_s100.B02,ll_lum,44,63,6377134186,1000.01,1,100,3672345257,575.199,4010753384,4010753384,0,3086498621,
mcs10_b09_s100.A03,mcs10_b09_s100.B03,ll_lum,44,50,5701566953,1000,1,100,831002219,133.354,3555643139,3555643139,0,2730867866,
mcs10_b09_s100.A04,mcs10_b09_s100.B04,ll_lum,43,53,5565990640,1000.02,1,100,1027487692,181.927,3467804637,3467804637,0,2837567361,
mcs10_b09_s100.A05,mcs10_b09_s100.B05,ll_lum,45,63,5756559994,1000.02,1,100,3949215027,670.828,3582601251,3582601251,0,2805748741,
mcs10_b09_s100.A06,mcs10_b09_s100.B06,ll_lum,44,45,5665234393,1000.01,1,100,3859082308,672.461,3541644298,3541644298,0,2804608899,
mcs10_b09_s100.A07,mcs10_b09_s100.B07,ll_lum,45,57,2692536580,1000.01,1,100,2682231204,996.078,1663404608,1663404608,0,1356305996,
mcs10_b09_s100.A08,mcs10_b09_s100.B08,ll_lum,44,65,2869607711,1000.01,1,100,1291785096,425.06,1833837874,1833837874,0,1428459607,
mcs10_b09_s100.A09,mcs10_b09_s100.B09,ll_lum,44,58,2760528742,1000.02,1,100,1708825731,616.25,1695490041,1695490041,0,1321470994,
mcs10_b09m_s100.A00,mcs10_b09m_s100.B00,ll_lum,42,54,2892745379,1000.02,1,100,4218320,1.39441,1810891645,1810891645,0,1412259096,
mcs10_b09m_s100.A01,mcs10_b09m_s100.B01,ll_lum,45,68,2841793810,1000.02,1,100,293967654,104.301,1774301776,1774301776,0,1417553800,
mcs10_b09m_s100.A02,mcs10_b09m_s100.B02,ll_lum,42,49,2762387993,1000.01,1,100,180533718,61.5385,1706490194,1706490194,0,1316486265,
mcs10_b09m_s100.A03,mcs10_b09m_s100.B03,ll_lum,43,45,2927262452,1000.02,1,100,853990526,285.275,1900210224,1900210224,0,1540268215,
mcs10_b09m_s100.A04,mcs10_b09m_s100.B04,ll_lum,44,60,2736446548,1000.03,1,100,626497105,223.276,1711378586,1711378586,0,1352894490,
mcs10_b09m_s100.A05,mcs10_b09m_s100.B05,ll_lum,42,52,3111860968,1000.02,1,100,9997304,3.49224,1937434797,1937434797,0,1464722847,
mcs10_b09m_s100.A06,mcs10_b09m_s100.B06,ll_lum,43,47,5491088746,1000.01,1,100,542987654,91.8447,3431299882,3431299882,0,2668022859,
mcs10_b09m_s100.A07,mcs10_b09m_s100.B07,ll_lum,46,72,4923693618,1000.02,1,100,1405232458,266.144,3017174262,3017174262,0,2317722062,
mcs10_b09m_s100.A08,mcs10_b09m_s100.B08,ll_lum,43,49,5964717711,1000.02,1,100,2557216926,421.271,3766877019,3766877019,0,2939249741,
mcs10_b09m_s100.A09,mcs10_b09m_s100.B09,ll_lum,44,50,5886010403,1000.01,1,100,674133913,105.203,3752784148,3752784148,0,2941981631,
mcs10_m2D_s100.A00,mcs10_m2D_s100.B00,ll_lum,68,57,7727992730,1000.02,1,100,5922040426,754.008,5025297629,5025297629,0,3392309919,
mcs10_m2D_s100.A01,mcs10_m2D_s100.B01,ll_lum,65,53,7753290983,1000.02,1,100,7492132685,959.835,6168336152,6168336152,0,4871787964,
mcs10_m2D_s100.A02,mcs10_m2D_s100.B02,ll_lum,65,54,7959269812,1000.01,1,100,172826542,20.2198,5218585914,5218585914,0,3552008288,
mcs10_m2D_s100.A03,mcs10_m2D_s100.B03,ll_lum,67,54,7493200115,1000.02,1,100,1659209442,196.995,5208800925,5208800925,0,3998336523,
mcs10_m2D_s100.A04,mcs10_m2D_s100.B04,ll_lum,64,57,8610464186,1000.02,1,100,2162707488,226.315,5840101632,5840101632,0,4184687899,
mcs10_m2D_s100.A05,mcs10_m2D_s100.B05,ll_lum,59,46,16373608320,1000.02,1,100,9986560519,664.905,13645223382,13645223382,0,10962775948,
mcs10_m2D_s100.A06,mcs10_m2D_s100.B06,ll_lum,59,52,13629258445,1000.01,1,100,324,9.4342e-05,10727508649,10727508649,0,7937886887,
mcs10_m2D_s100.A07,mcs10_m2D_s100.B07,ll_lum,66,59,7425301378,1000.02,1,100,989663800,90.6267,4827643231,4827643231,0,3227262827,
mcs10_m2D_s100.A08,mcs10_m2D_s100.B08,ll_lum,67,57,7322617033,1000.01,1,100,2378150645,308.243,4766055277,4766055277,0,3223811507,
mcs10_m2D_s100.A09,mcs10_m2D_s100.B09,ll_lum,61,52,8407794246,1000.01,1,100,5666455,0.473791,6711980696,6711980696,0,5490908903,
mcs10_m2D_s40.A00,mcs10_m2D_s40.B00,ll_lum,30,28,149000801,20.7583,0,40,45275268,5.98927,100367894,100367894,0,71910380,
mcs10_m2D_s40.A01,mcs10_m2D_s40.B01,ll_lum,30,26,125656826,17.5764,0,40,28913886,3.93338,86502542,86502542,0,62967219,
mcs10_m2D_s40.A02,mcs10_m2D_s40.B02,ll_lum,30,30,223297669,30.4559,0,40,85408765,11.4317,145652855,145652855,0,98437444,
mcs10_m2D_s40.A03,mcs10_m2D_s40.B03,ll_lum,30,26,136322110,19.5373,0,40,9591809,1.22298,92276444,92276444,0,62932604,
mcs10_m2D_s40.A04,mcs10_m2D_s40.B04,ll_lum,30,27,66016314,9.0363,0,40,4739111,0.604577,44962768,44962768,0,31197701,
mcs10_m2D_s40.A05,mcs10_m2D_s40.B05,ll_lum,30,25,237287004,32.1833,0,40,129456635,17.0698,161646696,161646696,0,114227839,
mcs10_m2D_s40.A06,mcs10_m2D_s40.B06,ll_lum,31,28,421611789,54.716,0,40,413477502,53.6271,275975906,275975906,0,183572077,
mcs10_m2D_s40.A07,mcs10_m2D_s40.B07,ll_lum,30,25,165060175,22.9194,0,40,70989817,9.58774,110235019,110235019,0,78096242,
mcs10_m2D_s40.A08,mcs10_m2D_s40.B08,ll_lum,30,25,71374542,10.1994,0,40,1834960,0.21805,50186603,50186603,0,38113053,
mcs10_m2D_s40.A09,mcs10_m2D_s40.B09,ll_lum,30,29,244854935,32.2332,0,40,120864102,15.7784,163390616,163390616,0,108414278,
mcs10_m2D_s50.A00,mcs10_m2D_s50.B00,ll_lum,37,29,6858295235,1000.02,1,50,2873521329,409.941,4845745642,4845745642,0,3546841216,
mcs10_m2D_s50.A01,mcs10_m2D_s50.B01,ll_lum,38,33,7396919895,1000.01,1,50,6586422901,882.048,5152171980,5152171980,0,3742309290,
mcs10_m2D_s50.A02,mcs10_m2D_s50.B02,ll_lum,37,32,7108291355,1000.02,1,50,823347980,108.2,4791445357,4791445357,0,3330160280,
mcs10_m2D_s50.A03,mcs10_m2D_s50.B03,ll_lum,38,35,4818522608,696.551,0,50,1424938869,199.269,3341966665,3341966665,0,2403483006,
mcs10_m2D_s50.A04,mcs10_m2D_s50.B04,ll_lum,38,36,4880030285,717.403,0,50,593323052,77.6805,3396512088,3396512088,0,2450231984,
mcs10_m2D_s50.A05,mcs10_m2D_s50.B05,ll_lum,37,32,6911059263,1000.02,1,50,1591816396,225.766,4814350306,4814350306,0,3523108666,
mcs10_m2D_s50.A06,mcs10_m2D_s50.B06,ll_lum,38,30,2988625901,440.308,0,50,2077756266,300.681,2091853235,2091853235,0,1558246022,
mcs10_m2D_s50.A07,mcs10_m2D_s50.B07,ll_lum,38,30,5878513158,840.175,0,50,4928502981,695.228,4103994168,4103994168,0,3020194757,
mcs10_m2D_s50.A08,mcs10_m2D_s50.B08,ll_lum,38,33,7272830926,1000.02,1,50,5105271009,694.435,5097030164,5097030164,0,3645581640,
mcs10_m2D_s50.A09,mcs10_m2D_s50.B09,ll_lum,38,32,7352963778,1000.01,1,50,6692461033,907.73,4925700520,4925700520,0,3415536297,
mcs10_m2D_s60.A00,mcs10_m2D_s60.B00,ll_lum,43,37,6798167489,1000.01,1,60,354568545,49.4921,4750268991,4750268991,0,3400326017,
mcs10_m2D_s60.A01,mcs10_m2D_s60.B01,ll_lum,44,41,6939836770,1000.02,1,60,1602677046,219.012,4889596501,4889596501,0,3534875079,
mcs10_m2D_s60.A02,mcs10_m2D_s60.B02,ll_lum,42,34,7481132248,1000.01,1,60,3806051497,492.224,4836744569,4836744569,0,3327619979,
mcs10_m2D_s60.A03,mcs10_m2D_s60.B03,ll_lum,40,37,7620950396,1000.02,1,60,1503696960,186.912,5391978220,5391978220,0,3884275778,
mcs10_m2D_s60.A04,mcs10_m2D_s60.B04,ll_lum,42,36,7344156739,1000.01,1,60,2637399784,354.254,4770037729,4770037729,0,3247357387,
mcs10_m2D_s60.A05,mcs10_m2D_s60.B05,ll_lum,44,39,7094253360,1000.02,1,60,821369785,102.378,4933228541,4933228541,0,3640970629,
mcs10_m2D_s60.A06,mcs10_m2D_s60.B06,ll_lum,43,38,7451379679,1000.02,1,60,1663209466,138.922,5434257734,5434257734,0,4128824325,
mcs10_m2D_s60.A07,mcs10_m2D_s60.B07,ll_lum,43,38,6989740243,1000.01,1,60,1098740847,154.746,4575697414,4575697414,0,3187597494,
mcs10_m2D_s60.A08,mcs10_m2D_s60.B08,ll_lum,42,33,7672130102,1000.01,1,60,765377990,99.4902,5184761686,5184761686,0,3665851487,
mcs10_m2D_s60.A09,mcs10_m2D_s60.B09,ll_lum,41,36,6808254393,1000.02,1,60,53048001,5.97014,4865893895,4865893895,0,3540235591,
mcs10_m2D_s70.A00,mcs10_m2D_s70.B00,ll_lum,48,36,6977522220,1000.02,1,70,691230755,91.4978,4900260045,4900260045,0,3716176015,
mcs10_m2D_s70.A01,mcs10_m2D_s70.B01,ll_lum,48,38,8015395507,1000.02,1,70,5800856506,693.846,5892207466,5892207466,0,4588631717,
mcs10_m2D_s70.A02,mcs10_m2D_s70.B02,ll_lum,50,41,6834682590,1000.02,1,70,4051320247,571.961,4399928675,4399928675,0,2965384467,
mcs10_m2D_s70.A03,mcs10_m2D_s70.B03,ll_lum,47,41,7633942059,1000.01,1,70,7406086228,968.82,5301635285,5301635285,0,3673297682,
mcs10_m2D_s70.A04,mcs10_m2D_s70.B04,ll_lum,48,36,7075063537,1000.01,1,70,248645811,33.2621,4752140441,4752140441,0,3395293410,
mcs10_m2D_s70.A05,mcs10_m2D_s70.B05,ll_lum,48,38,8479915532,1000.02,1,70,3915834889,372.384,6167823793,6167823793,0,4668590553,
mcs10_m2D_s70.A06,mcs10_m2D_s70.B06,ll_lum,49,37,6876366618,1000.02,1,70,305896798,43.8525,4684795622,4684795622,0,3368848565,
mcs10_m2D_s70.A07,mcs10_m2D_s70.B07,ll_lum,48,38,10035943976,1000.02,1,70,9952327470,990.136,7331569033,7331569033,0,5492448658,
mcs10_m2D_s70.A08,mcs10_m2D_s70.B08,ll_lum,49,40,7719439546,1000.01,1,70,6564326665,838.944,5442532313,5442532313,0,4059647649,
mcs10_m2D_s70.A09,mcs10_m2D_s70.B09,ll_lum,47,36,6839663752,1000.02,1,70,2531501916,360.858,5379595595,5379595595,0,4469014551,
mcs10_m2D_s80.A00,mcs10_m2D_s80.B00,ll_lum,55,48,6908348215,1000.02,1,80,1088900155,108.664,4858312099,4858312099,0,3656188527,
mcs10_m2D_s80.A01,mcs10_m2D_s80.B01,ll_lum,53,42,6550213058,1000.02,1,80,43841676,6.03584,4892690986,4892690986,0,3879370630,
mcs10_m2D_s80.A02,mcs10_m2D_s80.B02,ll_lum,55,45,14243459910,1000.02,1,80,14032567514,969.698,12049673179,12049673179,0,10170202902,
mcs10_m2D_s80.A03,mcs10_m2D_s80.B03,ll_lum,54,45,7734620172,1000.01,1,80,402757581,50.8562,4966667241,4966667241,0,3474686302,
mcs10_m2D_s80.A04,mcs10_m2D_s80.B04,ll_lum,55,46,7104084998,1000.01,1,80,1439427058,201.965,4747486599,4747486599,0,3126482772,
mcs10_m2D_s80.A05,mcs10_m2D_s80.B05,ll_lum,42,29,26299961166,1000.01,1,80,43,4.026e-05,19508111605,19508111605,0,13349591182,
mcs10_m2D_s80.A06,mcs10_m2D_s80.B06,ll_lum,53,47,7994992527,1000.02,1,80,966703735,111.684,5308531722,5308531722,0,3746940398,
mcs10_m2D_s80.A07,mcs10_m2D_s80.B07,ll_lum,54,43,7056484098,1000.01,1,80,4772085081,671.54,4724581453,4724581453,0,3473879528,
mcs10_m2D_s80.A08,mcs10_m2D_s80.B08,ll_lum,54,46,7396187869,1000.01,1,80,2593634117,333.05,4952986883,4952986883,0,3617351098,
mcs10_m2D_s80.A09,mcs10_m2D_s80.B09,ll_lum,55,45,7504601322,1000.01,1,80,1955762421,193.679,4815695791,4815695791,0,3398414322,
mcs10_m2D_s90.A00,mcs10_m2D_s90.B00,ll_lum,59,50,7763502178,1000.01,1,90,941368364,113.802,5106737152,5106737152,0,3382974183,
mcs10_m2D_s90.A01,mcs10_m2D_s90.B01,ll_lum,60,53,7266732605,1000.01,1,90,602007290,58.2408,4989664308,4989664308,0,3431444396,
mcs10_m2D_s90.A02,mcs10_m2D_s90.B02,ll_lum,61,47,6773221958,1000.01,1,90,1253063700,178.862,4498530385,4498530385,0,3142111210,
mcs10_m2D_s90.A03,mcs10_m2D_s90.B03,ll_lum,60,49,15063612209,1000.01,1,90,3245991175,152.364,13075530595,13075530595,0,11356149599,
mcs10_m2D_s90.A04,mcs10_m2D_s90.B04,ll_lum,61,55,7567439316,1000,1,90,1138326969,146.24,4930674383,4930674383,0,3421907648,
mcs10_m2D_s90.A05,mcs10_m2D_s90.B05,ll_lum,59,49,11707163638,1000.02,1,90,10130591302,831.081,9903207420,9903207420,0,8183666883,
mcs10_m2D_s90.A06,mcs10_m2D_s90.B06,ll_lum,60,48,7400947729,1000.02,1,90,6497540346,864.964,5158163067,5158163067,0,3778376255,
mcs10_m2D_s90.A07,mcs10_m2D_s90.B07,ll_lum,60,48,7048924897,1000.01,1,90,3420321476,446.369,5219712539,5219712539,0,4003553870,
mcs10_m2D_s90.A08,mcs10_m2D_s90.B08,ll_lum,53,42,20897300760,1000.01,1,90,8342098646,419.745,17745192656,17745192656,0,14793619986,
mcs10_m2D_s90.A09,mcs10_m2D_s90.B09,ll_lum,58,44,8314396801,1000.01,1,90,2974094052,263.537,6092366571,6092366571,0,4489083286,
mcs10_m2Dr2_s100.A00,mcs10_m2Dr2_s100.B00,ll_lum,55,46,16895722363,1000.01,1,100,1403256878,78.9123,14574206043,14574206043,0,12322979682,
mcs10_m2Dr2_s100.A01,mcs10_m2Dr2_s100.B01,ll_lum,64,55,6779205661,1000.01,1,100,293972309,26.0445,4339167540,4339167540,0,2890328428,
mcs10_m2Dr2_s100.A02,mcs10_m2Dr2_s100.B02,ll_lum,60,51,19566980867,1000.02,1,100,1398631507,64.7712,17321022047,17321022047,0,15118243472,
mcs10_m2Dr2_s100.A03,mcs10_m2Dr2_s100.B03,ll_lum,62,51,6510784803,1000.02,1,100,208474268,29.5015,4182290553,4182290553,0,2974074311,
mcs10_m2Dr2_s100.A04,mcs10_m2Dr2_s100.B04,ll_lum,62,51,12841940300,1000.02,1,100,10725819437,686.766,10028838814,10028838814,0,7716886833,
mcs10_m2Dr2_s100.A05,mcs10_m2Dr2_s100.B05,ll_lum,61,57,7434572643,1000.01,1,100,109519295,13.1947,4752335931,4752335931,0,3044604113,
mcs10_m2Dr2_s100.A06,mcs10_m2Dr2_s100.B06,ll_lum,61,54,7796879293,1000.02,1,100,228828490,29.9882,5174337542,5174337542,0,3405419063,
mcs10_m2Dr2_s100.A07,mcs10_m2Dr2_s100.B07,ll_lum,64,59,6642422235,1000.01,1,100,3629660326,524.818,4223589771,4223589771,0,2923927776,
mcs10_m2Dr2_s100.A08,mcs10_m2Dr2_s100.B08,ll_lum,61,47,14772029961,1000.02,1,100,8878921422,447.934,12822006943,12822006943,0,10928133880,
mcs10_m2Dr2_s100.A09,mcs10_m2Dr2_s100.B09,ll_lum,62,54,7294427346,1000.01,1,100,4263559236,559.716,4783146271,4783146271,0,3535198796,
mcs10_m2Dr2_s70.A00,mcs10_m2Dr2_s70.B00,ll_lum,46,43,7433061898,1000.02,1,70,525038054,64.9265,4733793265,4733793265,0,3088568371,
mcs10_m2Dr2_s70.A01,mcs10_m2Dr2_s70.B01,ll_lum,46,42,7717043061,1000.02,1,70,5967998116,765.813,5079265683,5079265683,0,3534143304,
mcs10_m2Dr2_s70.A02,mcs10_m2Dr2_s70.B02,ll_lum,48,39,6661771330,1000.02,1,70,3690195626,538.835,4539551449,4539551449,0,3411702647,
mcs10_m2Dr2_s70.A03,mcs10_m2Dr2_s70.B03,ll_lum,48,44,6556764763,1000.01,1,70,2106532540,307.666,4303027564,4303027564,0,3246525713,
mcs10_m2Dr2_s70.A04,mcs10_m2Dr2_s70.B04,ll_lum,47,44,7008165120,1000.02,1,70,1724587816,222.741,4986102214,4986102214,0,3740869098,
mcs10_m2Dr2_s70.A05,mcs10_m2Dr2_s70.B05,ll_lum,46,40,10386465569,1000.02,1,70,6785827519,476.659,8095369956,8095369956,0,6540117729,
mcs10_m2Dr2_s70.A06,mcs10_m2Dr2_s70.B06,ll_lum,47,38,6561341053,1000.01,1,70,587285087,85.0297,4234052324,4234052324,0,3010065916,
mcs10_m2Dr2_s70.A07,mcs10_m2Dr2_s70.B07,ll_lum,47,42,7877016389,1000.01,1,70,3874848270,499.046,5371931164,5371931164,0,3607440708,
mcs10_m2Dr2_s70.A08,mcs10_m2Dr2_s70.B08,ll_lum,46,44,7477252612,1000.02,1,70,3876894134,509.597,5188789288,5188789288,0,3585234586,
mcs10_m2Dr2_s70.A09,mcs10_m2Dr2_s70.B09,ll_lum,46,42,6847951967,1000.01,1,70,19419564,2.63292,4438253131,4438253131,0,3189118794,
mcs10_m2Dr2_s80.A00,mcs10_m2Dr2_s80.B00,ll_lum,52,49,6984973516,1000.02,1,80,5833791500,830.817,4673381212,4673381212,0,3234698067,
mcs10_m2Dr2_s80.A01,mcs10_m2Dr2_s80.B01,ll_lum,52,46,7051890638,1000.01,1,80,1401712009,196.903,4627139021,4627139021,0,3083729190,
mcs10_m2Dr2_s80.A02,mcs10_m2Dr2_s80.B02,ll_lum,53,47,7488660804,1000.02,1,80,2996991363,340.571,5407769701,5407769701,0,3932229385,
mcs10_m2Dr2_s80.A03,mcs10_m2Dr2_s80.B03,ll_lum,49,45,13721114746,1000.01,1,80,13597824015,986.997,11731021791,11731021791,0,9797411498,
mcs10_m2Dr2_s80.A04,mcs10_m2Dr2_s80.B04,ll_lum,51,41,8549986160,1000.01,1,80,3100544836,308.087,6595789615,6595789615,0,4963268392,
mcs10_m2Dr2_s80.A05,mcs10_m2Dr2_s80.B05,ll_lum,50,46,7550922331,1000.02,1,80,901600785,120.565,5154142459,5154142459,0,3913364934,
mcs10_m2Dr2_s80.A06,mcs10_m2Dr2_s80.B06,ll_lum,52,46,7068239598,1000.01,1,80,3603817741,488.142,4669011195,4669011195,0,3360586802,
mcs10_m2Dr2_s80.A07,mcs10_m2Dr2_s80.B07,ll_lum,53,44,6922036504,1000.01,1,80,3530243590,493.776,4615623549,4615623549,0,3242785596,
mcs10_m2Dr2_s80.A08,mcs10_m2Dr2_s80.B08,ll_lum,53,44,7320804584,1000.01,1,80,2505166811,241.198,5310351631,5310351631,0,4001644981,
mcs10_m2Dr2_s80.A09,mcs10_m2Dr2_s80.B09,ll_lum,52,49,7833404682,1000.01,1,80,1346535117,167.011,5058808557,5058808557,0,3228814201,
mcs10_m2Dr2_s90.A00,mcs10_m2Dr2_s90.B00,ll_lum,55,49,18765439462,1000.02,1,90,14385885871,773.139,15771766662,15771766662,0,13135087676,
mcs10_m2Dr2_s90.A01,mcs10_m2Dr2_s90.B01,ll_lum,58,50,7109360700,1000.02,1,90,1694030222,216.808,4694387259,4694387259,0,3316081009,
mcs10_m2Dr2_s90.A02,mcs10_m2Dr2_s90.B02,ll_lum,59,55,8079677247,1000.02,1,90,4993410627,522.438,5609091910,5609091910,0,4064462068,
mcs10_m2Dr2_s90.A03,mcs10_m2Dr2_s90.B03,ll_lum,56,52,7329802563,1000.01,1,90,872977254,108.199,4607802457,4607802457,0,3062072227,
mcs10_m2Dr2_s90.A04,mcs10_m2Dr2_s90.B04,ll_lum,57,51,8491258682,1000.01,1,90,7433824549,869.438,5638734657,5638734657,0,3756561264,
mcs10_m2Dr2_s90.A05,mcs10_m2Dr2_s90.B05,ll_lum,57,51,7134027758,1000.02,1,90,305487829,39.3794,4437925276,4437925276,0,2880550471,
mcs10_m2Dr2_s90.A06,mcs10_m2Dr2_s90.B06,ll_lum,58,51,6883678088,1000.02,1,90,1264843582,170.122,4341105398,4341105398,0,2853686484,
mcs10_m2Dr2_s90.A07,mcs10_m2Dr2_s90.B07,ll_lum,55,51,20486681236,1000.01,1,90,28022458,1.69617,16914401813,16914401813,0,13354607834,
mcs10_m2Dr2_s90.A08,mcs10_m2Dr2_s90.B08,ll_lum,59,48,6976038153,1000.02,1,90,472478371,64.5447,4581651263,4581651263,0,2923183569,
mcs10_m2Dr2_s90.A09,mcs10_m2Dr2_s90.B09,ll_lum,59,50,7446264052,1000.02,1,90,2463672644,315.646,4732534448,4732534448,0,3238122417,
mcs10_m2Dr4_s100.A00,mcs10_m2Dr4_s100.B00,ll_lum,62,52,6705893630,1000.02,1,100,2795428357,394.753,4394114926,4394114926,0,3240792354,
mcs10_m2Dr4_s100.A01,mcs10_m2Dr4_s100.B01,ll_lum,59,54,7028957004,1000.01,1,100,294121688,38.5669,4957706849,4957706849,0,3639944918,
mcs10_m2Dr4_s100.A02,mcs10_m2Dr4_s100.B02,ll_lum,63,56,7648056586,1000.02,1,100,7532738177,984.111,5239226743,5239226743,0,3469734115,
mcs10_m2Dr4_s100.A03,mcs10_m2Dr4_s100.B03,ll_lum,61,56,8123426657,1000.02,1,100,3306708170,323.577,5862319910,5862319910,0,4286957918,
mcs10_m2Dr4_s100.A04,mcs10_m2Dr4_s100.B04,ll_lum,62,58,7782078622,1000.02,1,100,2731059428,309.211,5379115936,5379115936,0,3881229114,
mcs10_m2Dr4_s100.A05,mcs10_m2Dr4_s100.B05,ll_lum,60,53,11136764662,1000.01,1,100,10553266241,918.803,8053054344,8053054344,0,5887410054,
mcs10_m2Dr4_s100.A06,mcs10_m2Dr4_s100.B06,ll_lum,61,59,6248999997,1000.02,1,100,2457721614,385.822,3956411836,3956411836,0,2877494854,
mcs10_m2Dr4_s100.A07,mcs10_m2Dr4_s100.B07,ll_lum,62,53,6781103156,1000.02,1,100,3399747455,483.776,4440210871,4440210871,0,3156652660,
mcs10_m2Dr4_s100.A08,mcs10_m2Dr4_s100.B08,ll_lum,59,55,7201119265,1000.02,1,100,370740713,53.7676,4588719420,4588719420,0,3147381595,
mcs10_m2Dr4_s100.A09,mcs10_m2Dr4_s100.B09,ll_lum,59,48,20472999385,1000.02,1,100,20290664331,982.981,16368384405,16368384405,0,12651535042,
mcs10_m2Dr4_s40.A00,mcs10_m2Dr4_s40.B00,ll_lum,29,25,324485025,47.4605,0,40,322564711,47.1717,220536647,220536647,0,165009691,
mcs10_m2Dr4_s40.A01,mcs10_m2Dr4_s40.B01,ll_lum,29,26,831638700,112.817,0,40,799638244,108.126,554792845,554792845,0,388427876,
mcs10_m2Dr4_s40.A02,mcs10_m2Dr4_s40.B02,ll_lum,28,27,1951690711,277.745,0,40,1826173293,258.852,1294489852,1294489852,0,937879324,
mcs10_m2Dr4_s40.A03,mcs10_m2Dr4_s40.B03,ll_lum,28,31,457107655,66.7932,0,40,86082894,12.2708,304904406,304904406,0,220715881,
mcs10_m2Dr4_s40.A04,mcs10_m2Dr4_s40.B04,ll_lum,28,21,814679899,116.557,0,40,524835882,74.9533,548565304,548565304,0,405555226,
mcs10_m2Dr4_s40.A05,mcs10_m2Dr4_s40.B05,ll_lum,28,29,502371345,74.2838,0,40,121380822,16.929,333215827,333215827,0,244495991,
mcs10_m2Dr4_s40.A06,mcs10_m2Dr4_s40.B06,ll_lum,27,27,3931585054,533.633,0,40,220073704,28.7359,2673791300,2673791300,0,1933141525,
mcs10_m2Dr4_s40.A07,mcs10_m2Dr4_s40.B07,ll_lum,28,23,726861872,105.998,0,40,157903932,21.8903,481312858,481312858,0,346627499,
mcs10_m2Dr4_s40.A08,mcs10_m2Dr4_s40.B08,ll_lum,28,26,385968119,55.2673,0,40,87412427,11.9481,270160406,270160406,0,204023835,
mcs10_m2Dr4_s40.A09,mcs10_m2Dr4_s40.B09,ll_lum,28,26,592846328,85.3074,0,40,16753588,2.2915,400410687,400410687,0,295537740,
mcs10_m2Dr4_s50.A00,mcs10_m2Dr4_s50.B00,ll_lum,35,27,6460768806,1000.01,1,50,160147301,23.651,4411700435,4411700435,0,3342855565,
mcs10_m2Dr4_s50.A01,mcs10_m2Dr4_s50.B01,ll_lum,34,32,7050895464,1000.02,1,50,20358586,2.69667,4886888172,4886888172,0,3596238915,
mcs10_m2Dr4_s50.A02,mcs10_m2Dr4_s50.B02,ll_lum,33,33,7109581605,1000.01,1,50,731892262,100.797,4750494363,4750494363,0,3475880902,
mcs10_m2Dr4_s50.A03,mcs10_m2Dr4_s50.B03,ll_lum,34,30,7032774769,1000.02,1,50,3404350193,475.028,4677471079,4677471079,0,3437071806,
mcs10_m2Dr4_s50.A04,mcs10_m2Dr4_s50.B04,ll_lum,35,31,6801143640,1000.02,1,50,310510785,45.5735,4631621801,4631621801,0,3344550346,
mcs10_m2Dr4_s50.A05,mcs10_m2Dr4_s50.B05,ll_lum,34,28,6936166438,1000.01,1,50,2178442879,302.285,4570012045,4570012045,0,3376538513,
mcs10_m2Dr4_s50.A06,mcs10_m2Dr4_s50.B06,ll_lum,34,30,6868531662,1000.02,1,50,3045658322,431.29,4460225678,4460225678,0,3174939155,
mcs10_m2Dr4_s50.A07,mcs10_m2Dr4_s50.B07,ll_lum,34,35,6730754319,1000.01,1,50,2634074416,381.506,4544564433,4544564433,0,3401365797,
mcs10_m2Dr4_s50.A08,mcs10_m2Dr4_s50.B08,ll_lum,34,32,7102705823,1000.02,1,50,1988784755,273.538,4699762382,4699762382,0,3371587666,
mcs10_m2Dr4_s50.A09,mcs10_m2Dr4_s50.B09,ll_lum,33,31,7184519942,1000.02,1,50,34570612,4.65899,4870884209,4870884209,0,3470682589,
mcs10_m2Dr4_s60.A00,mcs10_m2Dr4_s60.B00,ll_lum,40,41,6780447324,1000.02,1,60,3110845461,459.043,4335205808,4335205808,0,3075645101,
mcs10_m2Dr4_s60.A01,mcs10_m2Dr4_s60.B01,ll_lum,39,35,7030424977,1000.02,1,60,231546010,31.774,4601401131,4601401131,0,3342806821,
mcs10_m2Dr4_s60.A02,mcs10_m2Dr4_s60.B02,ll_lum,39,34,6752274040,1000.02,1,60,130418371,16.9808,4404597333,4404597333,0,3202150011,
mcs10_m2Dr4_s60.A03,mcs10_m2Dr4_s60.B03,ll_lum,40,34,6986078156,1000.02,1,60,4816636462,674.803,4651214151,4651214151,0,3394665518,
mcs10_m2Dr4_s60.A04,mcs10_m2Dr4_s60.B04,ll_lum,39,38,6891454740,1000.01,1,60,1229102482,171.282,4607878795,4607878795,0,3387291649,
mcs10_m2Dr4_s60.A05,mcs10_m2Dr4_s60.B05,ll_lum,39,36,7035635589,1000.02,1,60,3198399596,445.808,4545217257,4545217257,0,3307722059,
mcs10_m2Dr4_s60.A06,mcs10_m2Dr4_s60.B06,ll_lum,39,36,7085630678,1000.02,1,60,2511187082,353.25,4642648232,4642648232,0,3483169670,
mcs10_m2Dr4_s60.A07,mcs10_m2Dr4_s60.B07,ll_lum,40,37,6560965102,1000.02,1,60,2607437791,387.549,4255580472,4255580472,0,3190246974,
mcs10_m2Dr4_s60.A08,mcs10_m2Dr4_s60.B08,ll_lum,39,38,7038567034,1000.01,1,60,2377802431,331.036,4679904830,4679904830,0,3403783057,
mcs10_m2Dr4_s60.A09,mcs10_m2Dr4_s60.B09,ll_lum,40,35,7095307163,1000.02,1,60,2306223722,316.098,4759595534,4759595534,0,3451299272,
mcs10_m2Dr4_s70.A00,mcs10_m2Dr4_s70.B00,ll_lum,47,44,6726186087,1000.01,1,70,1335909214,188.724,4410374165,4410374165,0,3283983398,
mcs10_m2Dr4_s70.A01,mcs10_m2Dr4_s70.B01,ll_lum,46,42,6883991742,1000.02,1,70,1688532369,217.514,4656187031,4656187031,0,3478190295,
mcs10_m2Dr4_s70.A02,mcs10_m2Dr4_s70.B02,ll_lum,44,41,7222125870,1000.01,1,70,3860919285,518.808,4472253800,4472253800,0,3044834540,
mcs10_m2Dr4_s70.A03,mcs10_m2Dr4_s70.B03,ll_lum,45,40,7063393494,1000.01,1,70,151625181,20.7145,4654452537,4654452537,0,3461070654,
mcs10_m2Dr4_s70.A04,mcs10_m2Dr4_s70.B04,ll_lum,44,38,4682065309,1000.02,1,70,129102010,24.6039,3030094057,3030094057,0,2204936019,
mcs10_m2Dr4_s70.A05,mcs10_m2Dr4_s70.B05,ll_lum,45,42,5514039293,1000.02,1,70,3668173305,653.813,3717200338,3717200338,0,2625909918,
mcs10_m2Dr4_s70.A06,mcs10_m2Dr4_s70.B06,ll_lum,44,43,5141893166,1000.02,1,70,500887672,95.9279,3391166752,3391166752,0,2377012994,
mcs10_m2Dr4_s70.A07,mcs10_m2Dr4_s70.B07,ll_lum,44,38,6195452015,1000.02,1,70,120449021,18.4463,4051288852,4051288852,0,3039166918,
mcs10_m2Dr4_s70.A08,mcs10_m2Dr4_s70.B08,ll_lum,44,37,6202054279,1000.01,1,70,2708307966,418.608,4087865960,4087865960,0,3041445534,
mcs10_m2Dr4_s70.A09,mcs10_m2Dr4_s70.B09,ll_lum,44,38,6867154289,1000.01,1,70,277156650,38.3793,4476332328,4476332328,0,3266852151,
mcs10_m2Dr4_s80.A00,mcs10_m2Dr4_s80.B00,ll_lum,49,46,6199173816,1000.02,1,80,152669967,19.0677,3966440259,3966440259,0,2805991803,
mcs10_m2Dr4_s80.A01,mcs10_m2Dr4_s80.B01,ll_lum,50,42,7073203846,1000.01,1,80,1329597245,169.069,4678890724,4678890724,0,3494530266,
mcs10_m2Dr4_s80.A02,mcs10_m2Dr4_s80.B02,ll_lum,48,46,7463288314,1000.02,1,80,3549414,0.463427,4800032974,4800032974,0,3105305533,
mcs10_m2Dr4_s80.A03,mcs10_m2Dr4_s80.B03,ll_lum,51,46,7573851163,1000.02,1,80,2111605762,138.98,5245736453,5245736453,0,3985017767,
mcs10_m2Dr4_s80.A04,mcs10_m2Dr4_s80.B04,ll_lum,50,49,7194094415,1000.01,1,80,2299376956,306.697,4648163182,4648163182,0,3310771148,
mcs10_m2Dr4_s80.A05,mcs10_m2Dr4_s80.B05,ll_lum,48,43,6419006554,1000.02,1,80,283333518,39.4518,4036568028,4036568028,0,3014319477,
mcs10_m2Dr4_s80.A06,mcs10_m2Dr4_s80.B06,ll_lum,50,40,6748339504,1000.02,1,80,2552133286,375.001,4268958932,4268958932,0,3054786301,
mcs10_m2Dr4_s80.A07,mcs10_m2Dr4_s80.B07,ll_lum,50,44,6948988633,1000.02,1,80,4690177970,667.912,4724966401,4724966401,0,3504678433,
mcs10_m2Dr4_s80.A08,mcs10_m2Dr4_s80.B08,ll_lum,49,46,7357956905,1000.02,1,80,201282188,21.4033,4786783638,4786783638,0,3465256531,
mcs10_m2Dr4_s80.A09,mcs10_m2Dr4_s80.B09,ll_lum,50,49,6945999704,1000.01,1,80,2672141582,375.873,4488665517,4488665517,0,3349665236,
mcs10_m2Dr4_s90.A00,mcs10_m2Dr4_s90.B00,ll_lum,54,49,7302823158,1000.01,1,90,3026478988,391.506,4945364668,4945364668,0,3494684393,
mcs10_m2Dr4_s90.A01,mcs10_m2Dr4_s90.B01,ll_lum,55,47,6265405526,1000.02,1,90,3960084286,609.942,3924034778,3924034778,0,2785798447,
mcs10_m2Dr4_s90.A02,mcs10_m2Dr4_s90.B02,ll_lum,54,48,6767681673,1000.02,1,90,1778336084,256.618,4256250714,4256250714,0,3032181991,
mcs10_m2Dr4_s90.A03,mcs10_m2Dr4_s90.B03,ll_lum,54,50,9254276921,1000.02,1,90,6206410216,662.258,6379622771,6379622771,0,4269216440,
mcs10_m2Dr4_s90.A04,mcs10_m2Dr4_s90.B04,ll_lum,53,48,7880151769,1000.02,1,90,161343650,14.1481,5296229592,5296229592,0,3986435337,
mcs10_m2Dr4_s90.A05,mcs10_m2Dr4_s90.B05,ll_lum,54,47,6403443308,1000.02,1,90,881574232,124.767,4084651252,4084651252,0,3007281665,
mcs10_m2Dr4_s90.A06,mcs10_m2Dr4_s90.B06,ll_lum,53,48,7455064691,1000.01,1,90,1151902357,148.791,5011523477,5011523477,0,3597467898,
mcs10_m2Dr4_s90.A07,mcs10_m2Dr4_s90.B07,ll_lum,55,48,7239211594,1000.02,1,90,203178079,27.3247,4731647319,4731647319,0,3228147806,
mcs10_m2Dr4_s90.A08,mcs10_m2Dr4_s90.B08,ll_lum,56,47,6967065937,1000.01,1,90,2432472339,339.7,4373494923,4373494923,0,3045036453,
mcs10_m2Dr4_s90.A09,mcs10_m2Dr4_s90.B09,ll_lum,54,50,7351781827,1000.01,1,90,3884517629,524.377,4902272696,4902272696,0,3456264686,
mcs10_m2Dr6_s100.A00,mcs10_m2Dr6_s100.B00,ll_lum,58,60,6672198175,1000.02,1,100,682744347,98.7056,4422614434,4422614434,0,3173450998,
mcs10_m2Dr6_s100.A01,mcs10_m2Dr6_s100.B01,ll_lum,56,49,7015325483,1000.01,1,100,2170150112,298.553,4541907096,4541907096,0,3269057724,
mcs10_m2Dr6_s100.A02,mcs10_m2Dr6_s100.B02,ll_lum,59,57,6258692322,1000.01,1,100,20828981,3.26035,3792868703,3792868703,0,2604497234,
mcs10_m2Dr6_s100.A03,mcs10_m2Dr6_s100.B03,ll_lum,58,51,6188524835,1000.01,1,100,153154179,20.7038,3929383868,3929383868,0,2824450483,
mcs10_m2Dr6_s100.A04,mcs10_m2Dr6_s100.B04,ll_lum,59,52,6691414156,1000.02,1,100,1027747078,141.408,4319346700,4319346700,0,2908435224,
mcs10_m2Dr6_s100.A05,mcs10_m2Dr6_s100.B05,ll_lum,59,53,6503728269,1000.02,1,100,1974265889,299.335,4222707641,4222707641,0,3091994877,
mcs10_m2Dr6_s100.A06,mcs10_m2Dr6_s100.B06,ll_lum,56,47,6788982821,1000.02,1,100,454867932,32.2049,4314327104,4314327104,0,3125424419,
mcs10_m2Dr6_s100.A07,mcs10_m2Dr6_s100.B07,ll_lum,57,51,6775901680,1000.02,1,100,1022411974,144.314,4414779469,4414779469,0,3176903296,
mcs10_m2Dr6_s100.A08,mcs10_m2Dr6_s100.B08,ll_lum,57,58,6605612153,1000.02,1,100,4750580991,700.894,4123425610,4123425610,0,2940292168,
mcs10_m2Dr6_s100.A09,mcs10_m2Dr6_s100.B09,ll_lum,58,56,6811319222,1000.02,1,100,1319118155,176.651,4417622868,4417622868,0,3059172297,
mcs10_m2Dr6_s40.A00,mcs10_m2Dr6_s40.B00,ll_lum,27,27,2450105141,351.984,0,40,1609212295,228.152,1630978938,1630978938,0,1179839823,
mcs10_m2Dr6_s40.A01,mcs10_m2Dr6_s40.B01,ll_lum,27,26,2337321463,346.348,0,40,267195509,37.9909,1553779607,1553779607,0,1157397024,
mcs10_m2Dr6_s40.A02,mcs10_m2Dr6_s40.B02,ll_lum,26,26,6043707027,799.321,0,40,520156643,66.8704,4182862305,4182862305,0,3062086758,
mcs10_m2Dr6_s40.A03,mcs10_m2Dr6_s40.B03,ll_lum,27,26,1269520126,190.521,0,40,297440655,43.338,836386101,836386101,0,618425876,
mcs10_m2Dr6_s40.A04,mcs10_m2Dr6_s40.B04,ll_lum,27,27,2549334950,381.277,0,40,1988895987,297.089,1691390369,1691390369,0,1271629551,
mcs10_m2Dr6_s40.A05,mcs10_m2Dr6_s40.B05,ll_lum,27,27,1054246815,155.481,0,40,309169108,44.7489,694859798,694859798,0,512616770,
mcs10_m2Dr6_s40.A06,mcs10_m2Dr6_s40.B06,ll_lum,27,25,728541862,107.565,0,40,42031702,5.76255,490096961,490096961,0,362013387,
mcs10_m2Dr6_s40.A07,mcs10_m2Dr6_s40.B07,ll_lum,28,24,840861939,248.903,0,40,775563486,228.685,578302908,578302908,0,441317779,
mcs10_m2Dr6_s40.A08,mcs10_m2Dr6_s40.B08,ll_lum,26,26,3457424068,1000.02,1,40,101694289,28.9687,2257569448,2257569448,0,1648109262,
mcs10_m2Dr6_s40.A09,mcs10_m2Dr6_s40.B09,ll_lum,27,26,866126497,258.304,0,40,22162103,6.41112,576149420,576149420,0,423355906,
mcs10_m2Dr6_s50.A00,mcs10_m2Dr6_s50.B00,ll_lum,31,31,3461768860,1000.01,1,50,38155858,10.3192,2303178383,2303178383,0,1686601866,
mcs10_m2Dr6_s50.A01,mcs10_m2Dr6_s50.B01,ll_lum,32,30,3488866800,1000.01,1,50,1350925537,369.959,2293595147,2293595147,0,1700274752,
mcs10_m2Dr6_s50.A02,mcs10_m2Dr6_s50.B02,ll_lum,32,31,3457060134,1000.01,1,50,1336475614,374.102,2248942001,2248942001,0,1659089953,
mcs10_m2Dr6_s50.A03,mcs10_m2Dr6_s50.B03,ll_lum,32,32,3573971643,1000.03,1,50,3506264375,980.061,2348357324,2348357324,0,1771598118,
mcs10_m2Dr6_s50.A04,mcs10_m2Dr6_s50.B04,ll_lum,33,28,3478122135,1000.01,1,50,43213296,12.8082,2368303674,2368303674,0,1779149912,
mcs10_m2Dr6_s50.A05,mcs10_m2Dr6_s50.B05,ll_lum,31,31,3455626035,1000.01,1,50,3243950,0.87683,2202868763,2202868763,0,1545588910,
mcs10_m2Dr6_s50.A06,mcs10_m2Dr6_s50.B06,ll_lum,33,30,6615203426,1000.02,1,50,758565816,110.03,4446840691,4446840691,0,3433406358,
mcs10_m2Dr6_s50.A07,mcs10_m2Dr6_s50.B07,ll_lum,33,27,7009497292,1000.02,1,50,5819992082,824.052,4708895092,4708895092,0,3531606592,
mcs10_m2Dr6_s50.A08,mcs10_m2Dr6_s50.B08,ll_lum,33,29,6698156181,1000.02,1,50,1881910910,270.212,4479014102,4479014102,0,3457054734,
mcs10_m2Dr6_s50.A09,mcs10_m2Dr6_s50.B09,ll_lum,31,31,6736066762,1000.01,1,50,4442255,0.587108,4272015574,4272015574,0,3157606189,
mcs10_m2Dr6_s60.A00,mcs10_m2Dr6_s60.B00,ll_lum,38,36,6751521172,1000.02,1,60,6330997075,931.628,4417738539,4417738539,0,3310009595,
mcs10_m2Dr6_s60.A01,mcs10_m2Dr6_s60.B01,ll_lum,37,31,7158940777,1000.01,1,60,1130274,0.101903,4756174483,4756174483,0,3546383720,
mcs10_m2Dr6_s60.A02,mcs10_m2Dr6_s60.B02,ll_lum,37,32,6919447762,1000.01,1,60,161278728,21.4562,4546026964,4546026964,0,3365305254,
mcs10_m2Dr6_s60.A03,mcs10_m2Dr6_s60.B03,ll_lum,37,35,6565765864,1000.02,1,60,118257578,17.0133,4252842995,4252842995,0,3097734494,
mcs10_m2Dr6_s60.A04,mcs10_m2Dr6_s60.B04,ll_lum,39,36,6822309323,1000.01,1,60,2165721448,306.072,4627764499,4627764499,0,3503439565,
mcs10_m2Dr6_s60.A05,mcs10_m2Dr6_s60.B05,ll_lum,38,36,6069128286,1000.02,1,60,261212257,40.5664,3917054617,3917054617,0,2928055210,
mcs10_m2Dr6_s60.A06,mcs10_m2Dr6_s60.B06,ll_lum,37,40,6429095590,1000.02,1,60,3610982500,552.576,4232953100,4232953100,0,3237266761,
mcs10_m2Dr6_s60.A07,mcs10_m2Dr6_s60.B07,ll_lum,37,33,6895554182,1000.01,1,60,2774304180,393.781,4429558068,4429558068,0,3222144020,
mcs10_m2Dr6_s60.A08,mcs10_m2Dr6_s60.B08,ll_lum,39,39,6920382403,1000.02,1,60,4692093457,662.656,4569694038,4569694038,0,3489086675,
mcs10_m2Dr6_s60.A09,mcs10_m2Dr6_s60.B09,ll_lum,38,37,6994714501,1000.02,1,60,857734424,117.929,4630039077,4630039077,0,3440574285,
mcs10_m2Dr6_s70.A00,mcs10_m2Dr6_s70.B00,ll_lum,43,41,6785827207,1000.02,1,70,254425779,35.0457,4390759468,4390759468,0,3180433497,
mcs10_m2Dr6_s70.A01,mcs10_m2Dr6_s70.B01,ll_lum,41,42,7182505890,1000.02,1,70,115167717,13.6065,4746030903,4746030903,0,3492603035,
mcs10_m2Dr6_s70.A02,mcs10_m2Dr6_s70.B02,ll_lum,42,45,6618122409,1000.01,1,70,715584089,98.0288,4302927767,4302927767,0,3104909385,
mcs10_m2Dr6_s70.A03,mcs10_m2Dr6_s70.B03,ll_lum,43,43,6889261842,1000.01,1,70,1162467590,167.527,4606727041,4606727041,0,3392653731,
mcs10_m2Dr6_s70.A04,mcs10_m2Dr6_s70.B04,ll_lum,41,36,6764273577,1000.02,1,70,1074657558,144.741,4321315613,4321315613,0,2946861694,
mcs10_m2Dr6_s70.A05,mcs10_m2Dr6_s70.B05,ll_lum,42,40,6686676831,1000.02,1,70,1402298670,206.999,4242647826,4242647826,0,3012006824,
mcs10_m2Dr6_s70.A06,mcs10_m2Dr6_s70.B06,ll_lum,43,37,6922595253,1000.02,1,70,2096259659,280.755,4557891543,4557891543,0,3457450870,
mcs10_m2Dr6_s70.A07,mcs10_m2Dr6_s70.B07,ll_lum,42,36,6931030524,1000.01,1,70,2996014121,409.877,4571638642,4571638642,0,3370725270,
mcs10_m2Dr6_s70.A08,mcs10_m2Dr6_s70.B08,ll_lum,43,43,6743870371,1000.01,1,70,106851890,15.1063,4410778214,4410778214,0,3205949610,
mcs10_m2Dr6_s70.A09,mcs10_m2Dr6_s70.B09,ll_lum,42,41,7038466107,1000.02,1,70,116681940,14.365,4652085345,4652085345,0,3450568737,
mcs10_m2Dr6_s80.A00,mcs10_m2Dr6_s80.B00,ll_lum,48,40,7020760357,1000.02,1,80,6354548319,902.639,4352976679,4352976679,0,2931164069,
mcs10_m2Dr6_s80.A01,mcs10_m2Dr6_s80.B01,ll_lum,46,45,7617483107,1000.02,1,80,22438319,1.9349,5013355905,5013355905,0,3487200953,
mcs10_m2Dr6_s80.A02,mcs10_m2Dr6_s80.B02,ll_lum,48,48,7106627898,1000.02,1,80,4196343582,583.702,4645541406,4645541406,0,3279564217,
mcs10_m2Dr6_s80.A03,mcs10_m2Dr6_s80.B03,ll_lum,47,42,6705327454,1000.02,1,80,1534679713,215.154,4398125005,4398125005,0,3122420687,
mcs10_m2Dr6_s80.A04,mcs10_m2Dr6_s80.B04,ll_lum,50,48,6588472971,1000.01,1,80,1738938551,253.656,4290018571,4290018571,0,3088525132,
mcs10_m2Dr6_s80.A05,mcs10_m2Dr6_s80.B05,ll_lum,47,38,17271488776,1000,1,80,11152964,1.47037,13802799597,13802799597,0,10747239293,
mcs10_m2Dr6_s80.A06,mcs10_m2Dr6_s80.B06,ll_lum,47,50,6914549251,1000.02,1,80,3209190094,446.451,4381503904,4381503904,0,3075807632,
mcs10_m2Dr6_s80.A07,mcs10_m2Dr6_s80.B07,ll_lum,48,43,7337823949,1000.01,1,80,6197861714,838.662,4856039296,4856039296,0,3592278893,
mcs10_m2Dr6_s80.A08,mcs10_m2Dr6_s80.B08,ll_lum,46,43,6579124103,1000.01,1,80,328449803,48.2767,4094698136,4094698136,0,2900300365,
mcs10_m2Dr6_s80.A09,mcs10_m2Dr6_s80.B09,ll_lum,47,38,6767551267,1000.01,1,80,261881190,35.1368,4442494934,4442494934,0,3324222466,
mcs10_m2Dr6_s90.A00,mcs10_m2Dr6_s90.B00,ll_lum,55,45,15539244858,1000.01,1,90,14180576502,780.738,12660688982,12660688982,0,10173719985,
mcs10_m2Dr6_s90.A01,mcs10_m2Dr6_s90.B01,ll_lum,51,46,7566386420,1000.01,1,90,5560567428,718.678,5115239884,5115239884,0,3505369223,
mcs10_m2Dr6_s90.A02,mcs10_m2Dr6_s90.B02,ll_lum,54,46,6924347007,1000.02,1,90,60012931,5.84497,4477948319,4477948319,0,3172478912,
mcs10_m2Dr6_s90.A03,mcs10_m2Dr6_s90.B03,ll_lum,54,53,6552052935,1000.01,1,90,4835519554,727.163,4071735348,4071735348,0,2896266974,
mcs10_m2Dr6_s90.A04,mcs10_m2Dr6_s90.B04,ll_lum,55,53,8048944568,1000.02,1,90,3822908443,343.915,5605016161,5605016161,0,4203305519,
mcs10_m2Dr6_s90.A05,mcs10_m2Dr6_s90.B05,ll_lum,55,50,6833917043,1000.02,1,90,547976158,70.1047,4534767775,4534767775,0,3031168140,
mcs10_m2Dr6_s90.A06,mcs10_m2Dr6_s90.B06,ll_lum,51,47,7591567173,1000.02,1,90,3861916424,498.641,4875320174,4875320174,0,3389253689,
mcs10_m2Dr6_s90.A07,mcs10_m2Dr6_s90.B07,ll_lum,53,51,8038437714,1000.02,1,90,1423587345,133.021,5408610867,5408610867,0,3764220029,
mcs10_m2Dr6_s90.A08,mcs10_m2Dr6_s90.B08,ll_lum,53,49,6778965266,1000.02,1,90,427636219,53.2409,4266291090,4266291090,0,3185408379,
mcs10_m2Dr6_s90.A09,mcs10_m2Dr6_s90.B09,ll_lum,50,50,6413394914,1000.02,1,90,763806220,123.59,4031000132,4031000132,0,2899403117,
mcs10_m3D_s100.A00,mcs10_m3D_s100.B00,ll_lum,60,54,6340124875,1000.01,1,100,1464119243,221.231,3870609568,3870609568,0,2520854401,
mcs10_m3D_s100.A01,mcs10_m3D_s100.B01,ll_lum,61,57,6993574745,1000.01,1,100,3053677902,408.569,4511628576,4511628576,0,3243217012,
mcs10_m3D_s100.A02,mcs10_m3D_s100.B02,ll_lum,57,58,6253173359,1000.02,1,100,395751373,62.5772,3889133001,3889133001,0,2718123697,
mcs10_m3D_s100.A03,mcs10_m3D_s100.B03,ll_lum,58,55,6507236936,1000.02,1,100,409988811,58.4939,4159483300,4159483300,0,2812214842,
mcs10_m3D_s100.A04,mcs10_m3D_s100.B04,ll_lum,59,50,6554466605,1000.02,1,100,126401927,16.3599,4168309509,4168309509,0,2945894248,
mcs10_m3D_s100.A05,mcs10_m3D_s100.B05,ll_lum,59,51,6151811163,1000.02,1,100,45041084,6.88905,3763048172,3763048172,0,2711400871,
mcs10_m3D_s100.A06,mcs10_m3D_s100.B06,ll_lum,58,53,3490588340,1000.02,1,100,1716820412,476.944,2168177412,2168177412,0,1497874142,
mcs10_m3D_s100.A07,mcs10_m3D_s100.B07,ll_lum,58,56,3438669731,1000.02,1,100,657266955,143.736,2178574187,2178574187,0,1577282126,
mcs10_m3D_s100.A08,mcs10_m3D_s100.B08,ll_lum,58,55,6737225922,1000.02,1,100,28431415,3.12595,4433028057,4433028057,0,3201583703,
mcs10_m3D_s100.A09,mcs10_m3D_s100.B09,ll_lum,58,48,6825014903,1000.01,1,100,275099007,35.3826,4177759448,4177759448,0,2930631869,
mcs10_m3D_s60.A00,mcs10_m3D_s60.B00,ll_lum,38,35,6969962074,1000.01,1,60,1933437213,281.677,4514026481,4514026481,0,3353138243,
mcs10_m3D_s60.A01,mcs10_m3D_s60.B01,ll_lum,37,36,7242305055,1000.02,1,60,152453424,20.2039,4865612117,4865612117,0,3496126794,
mcs10_m3D_s60.A02,mcs10_m3D_s60.B02,ll_lum,39,40,6658700739,1000.02,1,60,2622250737,378.537,4460754703,4460754703,0,3309369683,
mcs10_m3D_s60.A03,mcs10_m3D_s60.B03,ll_lum,37,38,7044462842,1000.02,1,60,87733391,11.7256,4534022774,4534022774,0,3343929227,
mcs10_m3D_s60.A04,mcs10_m3D_s60.B04,ll_lum,38,35,6653425456,1000.01,1,60,662712154,96.3664,4334167676,4334167676,0,3323622439,
mcs10_m3D_s60.A05,mcs10_m3D_s60.B05,ll_lum,38,35,7167103488,1000.02,1,60,121719577,15.9,4863587777,4863587777,0,3480833281,
mcs10_m3D_s60.A06,mcs10_m3D_s60.B06,ll_lum,38,35,7014680024,1000.01,1,60,2720896078,367.171,4660291495,4660291495,0,3441307487,
mcs10_m3D_s60.A07,mcs10_m3D_s60.B07,ll_lum,38,34,7014604160,1000.02,1,60,4538470640,640.274,4667923182,4667923182,0,3406295014,
mcs10_m3D_s60.A08,mcs10_m3D_s60.B08,ll_lum,38,39,6739293984,1000.01,1,60,28537377,3.92249,4445271422,4445271422,0,3320939789,
mcs10_m3D_s60.A09,mcs10_m3D_s60.B09,ll_lum,38,38,7176142183,1000.02,1,60,18060430,2.55409,4789340866,4789340866,0,3486243105,
mcs10_m3D_s70.A00,mcs10_m3D_s70.B00,ll_lum,42,47,7029363625,1000.01,1,70,681040689,91.1319,4601805213,4601805213,0,3422532247,
mcs10_m3D_s70.A01,mcs10_m3D_s70.B01,ll_lum,41,39,7375796740,1000.01,1,70,38549600,5.18488,4829631198,4829631198,0,3391880609,
mcs10_m3D_s70.A02,mcs10_m3D_s70.B02,ll_lum,43,42,6478462126,1000.01,1,70,2230978275,334.525,4266628797,4266628797,0,3190548769,
mcs10_m3D_s70.A03,mcs10_m3D_s70.B03,ll_lum,45,43,6409935666,1000.02,1,70,472367512,68.3716,4336104670,4336104670,0,3309509384,
mcs10_m3D_s70.A04,mcs10_m3D_s70.B04,ll_lum,43,42,7477462055,1000.01,1,70,1488768461,203.763,4999509384,4999509384,0,3515420471,
mcs10_m3D_s70.A05,mcs10_m3D_s70.B05,ll_lum,42,38,7862825535,1000.02,1,70,664920240,76.9511,5192514819,5192514819,0,3933726309,
mcs10_m3D_s70.A06,mcs10_m3D_s70.B06,ll_lum,43,41,6934337485,1000.02,1,70,4604442496,661.145,4601223392,4601223392,0,3434167717,
mcs10_m3D_s70.A07,mcs10_m3D_s70.B07,ll_lum,44,40,7207853571,1000.02,1,70,1663808990,208.921,4756130579,4756130579,0,3370666912,
mcs10_m3D_s70.A08,mcs10_m3D_s70.B08,ll_lum,44,41,6621144838,1000.02,1,70,3265421629,482.704,4244806260,4244806260,0,3132631987,
mcs10_m3D_s70.A09,mcs10_m3D_s70.B09,ll_lum,44,42,7093690870,1000.02,1,70,949790043,123.561,4749239334,4749239334,0,3378255108,
mcs10_m3D_s80.A00,mcs10_m3D_s80.B00,ll_lum,50,53,6698495647,1000.01,1,80,3119809145,457.933,4325180959,4325180959,0,3184102486,
mcs10_m3D_s80.A01,mcs10_m3D_s80.B01,ll_lum,48,47,6361452431,1000.02,1,80,3293137906,506.205,4007091998,4007091998,0,2932891853,
mcs10_m3D_s80.A02,mcs10_m3D_s80.B02,ll_lum,49,48,6546710872,1000.01,1,80,4614678373,702.081,4178843267,4178843267,0,3048490043,
mcs10_m3D_s80.A03,mcs10_m3D_s80.B03,ll_lum,49,45,6661000064,1000.02,1,80,3516470314,510,4292526835,4292526835,0,3129012132,
mcs10_m3D_s80.A04,mcs10_m3D_s80.B04,ll_lum,48,44,6704343426,1000.02,1,80,1436288673,212.412,4284683758,4284683758,0,3065822386,
mcs10_m3D_s80.A05,mcs10_m3D_s80.B05,ll_lum,49,45,6411825300,1000.02,1,80,24230526,3.33769,4152795098,4152795098,0,3155668350,
mcs10_m3D_s80.A06,mcs10_m3D_s80.B06,ll_lum,47,42,7254458214,1000.02,1,80,68894344,9.39327,4810357852,4810357852,0,3338181925,
mcs10_m3D_s80.A07,mcs10_m3D_s80.B07,ll_lum,48,43,7500707631,1000.02,1,80,4106030547,541.309,4955451968,4955451968,0,3556554047,
mcs10_m3D_s80.A08,mcs10_m3D_s80.B08,ll_lum,48,44,7024163611,1000.02,1,80,174622885,24.0362,4524035194,4524035194,0,3372783322,
mcs10_m3D_s80.A09,mcs10_m3D_s80.B09,ll_lum,49,48,6703383848,1000.02,1,80,4018666876,595.625,4484132120,4484132120,0,3347995296,
mcs10_m3D_s90.A00,mcs10_m3D_s90.B00,ll_lum,53,44,7074233359,1000.02,1,90,5891855436,823.505,4951548352,4951548352,0,3582964439,
mcs10_m3D_s90.A01,mcs10_m3D_s90.B01,ll_lum,55,49,6754712146,1000.02,1,90,209427795,22.4868,4236418577,4236418577,0,2823186307,
mcs10_m3D_s90.A02,mcs10_m3D_s90.B02,ll_lum,53,51,6939504873,1000.01,1,90,2218393547,297.08,4464630560,4464630560,0,3033360571,
mcs10_m3D_s90.A03,mcs10_m3D_s90.B03,ll_lum,56,45,6616411954,1000.02,1,90,2500541021,352.327,4323505888,4323505888,0,3043155522,
mcs10_m3D_s90.A04,mcs10_m3D_s90.B04,ll_lum,54,48,6969643884,1000.02,1,90,1743358098,235.226,4349298875,4349298875,0,2982416362,
mcs10_m3D_s90.A05,mcs10_m3D_s90.B05,ll_lum,54,49,7644388034,1000.02,1,90,4681434338,616.032,4939780729,4939780729,0,3493860088,
mcs10_m3D_s90.A06,mcs10_m3D_s90.B06,ll_lum,54,50,6701750059,1000.02,1,90,177957157,26.3725,4281241083,4281241083,0,3016794401,
mcs10_m3D_s90.A07,mcs10_m3D_s90.B07,ll_lum,53,48,6904867893,1000.01,1,90,4060204423,573.333,4622831692,4622831692,0,3466844176,
mcs10_m3D_s90.A08,mcs10_m3D_s90.B08,ll_lum,52,48,6890877645,1000.01,1,90,211928152,29.5156,4397025194,4397025194,0,3164221333,
mcs10_m3D_s90.A09,mcs10_m3D_s90.B09,ll_lum,53,47,6520467000,1000.02,1,90,5817827025,889.814,4219986500,4219986500,0,3268399820,
mcs10_m3Dr2_s100.A00,mcs10_m3Dr2_s100.B00,ll_lum,57,54,6425268834,1000.02,1,100,361071323,50.8224,4127120981,4127120981,0,2978116879,
mcs10_m3Dr2_s100.A01,mcs10_m3Dr2_s100.B01,ll_lum,57,55,6152217246,1000.02,1,100,3407885096,539.475,3771949987,3771949987,0,2612130504,
mcs10_m3Dr2_s100.A02,mcs10_m3Dr2_s100.B02,ll_lum,55,49,6728740944,1000.01,1,100,2071732372,290.371,4357157409,4357157409,0,3098305405,
mcs10_m3Dr2_s100.A03,mcs10_m3Dr2_s100.B03,ll_lum,55,50,6553508792,1000.02,1,100,6174824710,940.017,4184910089,4184910089,0,3159148510,
mcs10_m3Dr2_s100.A04,mcs10_m3Dr2_s100.B04,ll_lum,55,52,7631684397,1000.02,1,100,1360344954,164.934,4771935546,4771935546,0,3160388599,
mcs10_m3Dr2_s100.A05,mcs10_m3Dr2_s100.B05,ll_lum,58,50,6868270562,1000.01,1,100,345283690,48.5814,4501107217,4501107217,0,3321007623,
mcs10_m3Dr2_s100.A06,mcs10_m3Dr2_s100.B06,ll_lum,57,56,7055911147,1000.02,1,100,1125588011,151.89,4663985543,4663985543,0,3404076499,
mcs10_m3Dr2_s100.A07,mcs10_m3Dr2_s100.B07,ll_lum,56,55,7096519345,1000.02,1,100,359734353,48.383,4657086941,4657086941,0,3500335273,
mcs10_m3Dr2_s100.A08,mcs10_m3Dr2_s100.B08,ll_lum,56,51,6223080880,1000.02,1,100,409248744,58.9146,4004887835,4004887835,0,2792834285,
mcs10_m3Dr2_s100.A09,mcs10_m3Dr2_s100.B09,ll_lum,55,56,6633002034,1000.01,1,100,447535127,60.3509,4138945454,4138945454,0,3030638803,
mcs10_m3Dr2_s60.A00,mcs10_m3Dr2_s60.B00,ll_lum,37,38,6495857851,1000.01,1,60,3451494972,515.954,4122545692,4122545692,0,3093864429,
mcs10_m3Dr2_s60.A01,mcs10_m3Dr2_s60.B01,ll_lum,37,38,6792926104,1000.02,1,60,416160796,61.7215,4489149254,4489149254,0,3285697569,
mcs10_m3Dr2_s60.A02,mcs10_m3Dr2_s60.B02,ll_lum,38,32,6463223663,1000.02,1,60,2793401566,423.869,4303495955,4303495955,0,3290847768,
mcs10_m3Dr2_s60.A03,mcs10_m3Dr2_s60.B03,ll_lum,35,36,6568428295,1000.02,1,60,68789571,9.74985,4254445249,4254445249,0,3249655559,
mcs10_m3Dr2_s60.A04,mcs10_m3Dr2_s60.B04,ll_lum,37,37,6567918601,1000.01,1,60,687881593,99.6993,4187150280,4187150280,0,3059464429,
mcs10_m3Dr2_s60.A05,mcs10_m3Dr2_s60.B05,ll_lum,37,36,6586652268,1000.02,1,60,403464300,58.1464,4422579713,4422579713,0,3368821273,
mcs10_m3Dr2_s60.A06,mcs10_m3Dr2_s60.B06,ll_lum,38,40,6759298378,1000.01,1,60,5773927246,851.404,4465818185,4465818185,0,3277787375,
mcs10_m3Dr2_s60.A07,mcs10_m3Dr2_s60.B07,ll_lum,36,38,6665168937,1000.01,1,60,535427798,77.8031,4299951689,4299951689,0,3288499138,
mcs10_m3Dr2_s60.A08,mcs10_m3Dr2_s60.B08,ll_lum,37,37,6560677793,1000.01,1,60,1011569559,156.726,4304297333,4304297333,0,3242924393,
mcs10_m3Dr2_s60.A09,mcs10_m3Dr2_s60.B09,ll_lum,36,32,6622228328,1000.02,1,60,547793079,79.775,4280276133,4280276133,0,3205196068,
mcs10_m3Dr2_s70.A00,mcs10_m3Dr2_s70.B00,ll_lum,43,39,6968018724,1000.02,1,70,3237876002,459.323,4479052083,4479052083,0,3223987055,
mcs10_m3Dr2_s70.A01,mcs10_m3Dr2_s70.B01,ll_lum,42,39,6422993111,1000.01,1,70,3267954646,491.46,4099434079,4099434079,0,2862147834,
mcs10_m3Dr2_s70.A02,mcs10_m3Dr2_s70.B02,ll_lum,42,43,6642414628,1000.01,1,70,1833115447,267.799,4244641506,4244641506,0,3124111670,
mcs10_m3Dr2_s70.A03,mcs10_m3Dr2_s70.B03,ll_lum,43,40,6736369986,1000.02,1,70,2671668379,385.966,4437097935,4437097935,0,3213592913,
mcs10_m3Dr2_s70.A04,mcs10_m3Dr2_s70.B04,ll_lum,41,38,6774869679,1000.01,1,70,1967961199,276.682,4362781586,4362781586,0,3264892628,
mcs10_m3Dr2_s70.A05,mcs10_m3Dr2_s70.B05,ll_lum,42,42,6667730600,1000.01,1,70,1010962595,147.535,4237158267,4237158267,0,3152970979,
mcs10_m3Dr2_s70.A06,mcs10_m3Dr2_s70.B06,ll_lum,41,41,7119337822,1000.02,1,70,4718990999,635.074,4574778568,4574778568,0,3414637325,
mcs10_m3Dr2_s70.A07,mcs10_m3Dr2_s70.B07,ll_lum,42,43,6609020778,1000.02,1,70,62325478,8.02572,4354493579,4354493579,0,3360429990,
mcs10_m3Dr2_s70.A08,mcs10_m3Dr2_s70.B08,ll_lum,42,38,6959972532,1000.02,1,70,6926435128,994.68,4487570873,4487570873,0,3200456622,
mcs10_m3Dr2_s70.A09,mcs10_m3Dr2_s70.B09,ll_lum,42,43,6493554038,1000.01,1,70,3771354521,569.364,4199301360,4199301360,0,3182647388,
mcs10_m3Dr2_s80.A00,mcs10_m3Dr2_s80.B00,ll_lum,45,45,5052202460,1000.02,1,80,521212210,101.898,3240331463,3240331463,0,2384175832,
mcs10_m3Dr2_s80.A01,mcs10_m3Dr2_s80.B01,ll_lum,46,39,4893936293,1000.01,1,80,2405942840,503.478,3071731599,3071731599,0,2225353431,
mcs10_m3Dr2_s80.A02,mcs10_m3Dr2_s80.B02,ll_lum,48,41,4870952157,1000.01,1,80,1340663090,262.617,3233758506,3233758506,0,2386376773,
mcs10_m3Dr2_s80.A03,mcs10_m3Dr2_s80.B03,ll_lum,46,43,5648249346,1000.01,1,80,2273311582,386.138,3623864873,3623864873,0,2648048561,
mcs10_m3Dr2_s80.A04,mcs10_m3Dr2_s80.B04,ll_lum,48,49,5550058422,1000.01,1,80,2030122336,349.43,3422716644,3422716644,0,2578579063,
mcs10_m3Dr2_s80.A05,mcs10_m3Dr2_s80.B05,ll_lum,47,44,5940281737,1000.02,1,80,1515624192,252.695,3737444478,3737444478,0,2775350242,
mcs10_m3Dr2_s80.A06,mcs10_m3Dr2_s80.B06,ll_lum,46,44,6030395890,1000.02,1,80,4926262193,815.241,3957253737,3957253737,0,2776432051,
mcs10_m3Dr2_s80.A07,mcs10_m3Dr2_s80.B07,ll_lum,48,48,6324708189,1000.02,1,80,3621599421,561.955,3997085915,3997085915,0,2846115696,
mcs10_m3Dr2_s80.A08,mcs10_m3Dr2_s80.B08,ll_lum,47,45,6676865753,1000.03,1,80,121739449,14.7916,4450565279,4450565279,0,3259969388,
mcs10_m3Dr2_s80.A09,mcs10_m3Dr2_s80.B09,ll_lum,47,46,5558498026,1000.01,1,80,239043613,37.9096,3493680610,3493680610,0,2598757826,
mcs10_m3Dr2_s90.A00,mcs10_m3Dr2_s90.B00,ll_lum,52,53,6601460118,1000.02,1,90,305278892,41.511,4247088717,4247088717,0,2968809736,
mcs10_m3Dr2_s90.A01,mcs10_m3Dr2_s90.B01,ll_lum,52,48,6349191403,1000.01,1,90,4128743398,642.252,3979011621,3979011621,0,2920820327,
mcs10_m3Dr2_s90.A02,mcs10_m3Dr2_s90.B02,ll_lum,52,47,6739078792,1000.02,1,90,511522254,74.8604,4337849569,4337849569,0,3149928854,
mcs10_m3Dr2_s90.A03,mcs10_m3Dr2_s90.B03,ll_lum,51,54,5870112052,1000.01,1,90,1251310276,202.127,3677236477,3677236477,0,2723022252,
mcs10_m3Dr2_s90.A04,mcs10_m3Dr2_s90.B04,ll_lum,53,50,6356177211,1000.02,1,90,682510566,100.564,4027610056,4027610056,0,2959277861,
mcs10_m3Dr2_s90.A05,mcs10_m3Dr2_s90.B05,ll_lum,51,46,6450403539,1000.02,1,90,3318797709,505.095,4046861196,4046861196,0,2957556533,
mcs10_m3Dr2_s90.A06,mcs10_m3Dr2_s90.B06,ll_lum,52,51,6154380836,1000.02,1,90,5724323364,927.562,3877381731,3877381731,0,2863272937,
mcs10_m3Dr2_s90.A07,mcs10_m3Dr2_s90.B07,ll_lum,52,50,7070386528,1000.02,1,90,4106057205,573.376,4637074873,4637074873,0,3431017116,
mcs10_m3Dr2_s90.A08,mcs10_m3Dr2_s90.B08,ll_lum,51,47,6909985513,1000.02,1,90,4813970807,685.997,4594425148,4594425148,0,3545531665,
mcs10_m3Dr2_s90.A09,mcs10_m3Dr2_s90.B09,ll_lum,50,49,6345543129,1000.02,1,90,314790832,43.0153,4189135531,4189135531,0,3325846523,
mcs10_m3Dr4_s100.A00,mcs10_m3Dr4_s100.B00,ll_lum,53,47,7029688786,1000.01,1,100,5393691194,754.889,4447606621,4447606621,0,3249010614,
mcs10_m3Dr4_s100.A01,mcs10_m3Dr4_s100.B01,ll_lum,56,50,6412887302,1000.01,1,100,5774163821,900.376,3993668612,3993668612,0,2978596920,
mcs10_m3Dr4_s100.A02,mcs10_m3Dr4_s100.B02,ll_lum,54,45,7038197538,1000.02,1,100,2653423359,261.339,4845212096,4845212096,0,3549269820,
mcs10_m3Dr4_s100.A03,mcs10_m3Dr4_s100.B03,ll_lum,55,50,6809554129,1000.02,1,100,2521228358,368.426,4731285164,4731285164,0,3495329633,
mcs10_m3Dr4_s100.A04,mcs10_m3Dr4_s100.B04,ll_lum,54,52,6125385832,1000.02,1,100,944044402,148.964,3792502696,3792502696,0,2717753048,
mcs10_m3Dr4_s100.A05,mcs10_m3Dr4_s100.B05,ll_lum,54,51,6797602227,1000.01,1,100,2888576089,388.313,4422082327,4422082327,0,3134576403,
mcs10_m3Dr4_s100.A06,mcs10_m3Dr4_s100.B06,ll_lum,52,45,6986597284,1000.02,1,100,2837318953,351.786,4549675790,4549675790,0,3445351161,
mcs10_m3Dr4_s100.A07,mcs10_m3Dr4_s100.B07,ll_lum,55,53,6256253273,1000.02,1,100,5404736269,862.13,3970449475,3970449475,0,2863275621,
mcs10_m3Dr4_s100.A08,mcs10_m3Dr4_s100.B08,ll_lum,55,57,6809778838,1000.02,1,100,4877931893,693.643,4424215946,4424215946,0,3437794593,
mcs10_m3Dr4_s100.A09,mcs10_m3Dr4_s100.B09,ll_lum,56,51,6489839129,1000.02,1,100,1061477119,153.398,4119325075,4119325075,0,3119521361,
mcs10_m3Dr4_s60.A00,mcs10_m3Dr4_s60.B00,ll_lum,35,37,6432805495,1000.02,1,60,37181758,5.25921,4111910301,4111910301,0,2932880237,
mcs10_m3Dr4_s60.A01,mcs10_m3Dr4_s60.B01,ll_lum,35,34,6549781716,1000.02,1,60,312534291,46.3561,4333377556,4333377556,0,3249945877,
mcs10_m3Dr4_s60.A02,mcs10_m3Dr4_s60.B02,ll_lum,35,34,6423364618,1000.02,1,60,135583633,18.9842,4054638967,4054638967,0,3028013701,
mcs10_m3Dr4_s60.A03,mcs10_m3Dr4_s60.B03,ll_lum,36,34,6415374712,1000.02,1,60,4165103679,640.17,4120611866,4120611866,0,3222051186,
mcs10_m3Dr4_s60.A04,mcs10_m3Dr4_s60.B04,ll_lum,35,31,7358231105,1000.02,1,60,3977095910,518.556,4943595534,4943595534,0,3898804022,
mcs10_m3Dr4_s60.A05,mcs10_m3Dr4_s60.B05,ll_lum,36,40,6407186613,1000.02,1,60,1882016771,287.963,4125363926,4125363926,0,3131489105,
mcs10_m3Dr4_s60.A06,mcs10_m3Dr4_s60.B06,ll_lum,35,35,6949453416,1000.02,1,60,1582859288,216.889,4714348638,4714348638,0,3728524703,
mcs10_m3Dr4_s60.A07,mcs10_m3Dr4_s60.B07,ll_lum,36,32,6849280300,1000.02,1,60,6144754741,898.173,4453608507,4453608507,0,3411680483,
mcs10_m3Dr4_s60.A08,mcs10_m3Dr4_s60.B08,ll_lum,36,32,6665316173,1000.01,1,60,541286675,77.8796,4319246686,4319246686,0,3206196037,
mcs10_m3Dr4_s60.A09,mcs10_m3Dr4_s60.B09,ll_lum,36,39,6587263888,1000.01,1,60,2948003554,413.076,4367310259,4367310259,0,3314244402,
mcs10_m3Dr4_s70.A00,mcs10_m3Dr4_s70.B00,ll_lum,40,39,6605096852,1000.02,1,70,145537431,20.5754,4368009429,4368009429,0,3322245765,
mcs10_m3Dr4_s70.A01,mcs10_m3Dr4_s70.B01,ll_lum,41,38,6120942333,1000.02,1,70,1080510012,162.662,3988229825,3988229825,0,3131634138,
mcs10_m3Dr4_s70.A02,mcs10_m3Dr4_s70.B02,ll_lum,39,39,6449192247,1000.02,1,70,247100538,38.3045,4173100456,4173100456,0,3038136763,
mcs10_m3Dr4_s70.A03,mcs10_m3Dr4_s70.B03,ll_lum,39,32,6687979883,1000.02,1,70,640769774,87.7478,4336032605,4336032605,0,3312287393,
mcs10_m3Dr4_s70.A04,mcs10_m3Dr4_s70.B04,ll_lum,40,40,6267020072,1000.02,1,70,2254104964,349.254,3992185173,3992185173,0,3042037633,
mcs10_m3Dr4_s70.A05,mcs10_m3Dr4_s70.B05,ll_lum,40,40,6435050999,1000.02,1,70,825737230,118.936,4254165632,4254165632,0,3237523262,
mcs10_m3Dr4_s70.A06,mcs10_m3Dr4_s70.B06,ll_lum,41,39,5646044321,1000.02,1,70,79387530,13.7085,3733929502,3733929502,0,2914883162,
mcs10_m3Dr4_s70.A07,mcs10_m3Dr4_s70.B07,ll_lum,41,43,6123865398,1000.02,1,70,89309150,13.1918,3870254456,3870254456,0,2957624062,
mcs10_m3Dr4_s70.A08,mcs10_m3Dr4_s70.B08,ll_lum,40,40,6663641472,1000.01,1,70,5609670006,839.425,4182100088,4182100088,0,3096882038,
mcs10_m3Dr4_s70.A09,mcs10_m3Dr4_s70.B09,ll_lum,40,40,6957656678,1000.02,1,70,5356079809,762.062,4444594336,4444594336,0,3360384259,
mcs10_m3Dr4_s80.A00,mcs10_m3Dr4_s80.B00,ll_lum,45,48,5923044941,1000.01,1,80,412660105,69.3018,3702233686,3702233686,0,2814739348,
mcs10_m3Dr4_s80.A01,mcs10_m3Dr4_s80.B01,ll_lum,46,45,6647292762,1000.01,1,80,555482317,72.3144,4413914179,4413914179,0,3330406895,
mcs10_m3Dr4_s80.A02,mcs10_m3Dr4_s80.B02,ll_lum,45,46,6686800204,1000.01,1,80,81097558,11.4553,4447507200,4447507200,0,3369477394,
mcs10_m3Dr4_s80.A03,mcs10_m3Dr4_s80.B03,ll_lum,46,45,6256347626,1000.02,1,80,2867720467,436.759,4009842093,4009842093,0,2979374971,
mcs10_m3Dr4_s80.A04,mcs10_m3Dr4_s80.B04,ll_lum,46,46,6106234108,1000.02,1,80,1850240590,282.745,3846803499,3846803499,0,2873074878,
mcs10_m3Dr4_s80.A05,mcs10_m3Dr4_s80.B05,ll_lum,44,43,3097018016,1000.01,1,80,229900860,70.3304,2009368738,2009368738,0,1587191098,
mcs10_m3Dr4_s80.A06,mcs10_m3Dr4_s80.B06,ll_lum,47,47,3182973898,1000.01,1,80,1759062280,540.333,2021999136,2021999136,0,1494466876,
mcs10_m3Dr4_s80.A07,mcs10_m3Dr4_s80.B07,ll_lum,47,47,3004876914,1000.01,1,80,16955991,4.79415,1905639863,1905639863,0,1449869121,
mcs10_m3Dr4_s80.A08,mcs10_m3Dr4_s80.B08,ll_lum,45,45,3334748119,1000.02,1,80,112346877,30.2143,2150200388,2150200388,0,1558678987,
mcs10_m3Dr4_s80.A09,mcs10_m3Dr4_s80.B09,ll_lum,45,46,3220331930,1000.02,1,80,448433768,138.701,2075364608,2075364608,0,1578337695,
mcs10_m3Dr4_s90.A00,mcs10_m3Dr4_s90.B00,ll_lum,50,49,3216456672,1000.03,1,90,2467882630,755.665,2045167402,2045167402,0,1482567436,
mcs10_m3Dr4_s90.A01,mcs10_m3Dr4_s90.B01,ll_lum,50,49,3203348251,1000.02,1,90,740281672,223.107,2020703936,2020703936,0,1491574662,
mcs10_m3Dr4_s90.A02,mcs10_m3Dr4_s90.B02,ll_lum,50,50,5844725091,1000.02,1,90,424444267,68.144,3644620883,3644620883,0,2698489023,
mcs10_m3Dr4_s90.A03,mcs10_m3Dr4_s90.B03,ll_lum,51,51,7065376044,1000.02,1,90,747849938,57.1523,4746638864,4746638864,0,3493949853,
mcs10_m3Dr4_s90.A04,mcs10_m3Dr4_s90.B04,ll_lum,50,47,6259413222,1000.02,1,90,704779258,104.286,3976256284,3976256284,0,2946703305,
mcs10_m3Dr4_s90.A05,mcs10_m3Dr4_s90.B05,ll_lum,49,46,6871041867,1000.01,1,90,17315874,2.17853,4603345701,4603345701,0,3505563980,
mcs10_m3Dr4_s90.A06,mcs10_m3Dr4_s90.B06,ll_lum,52,51,6644774288,1000.02,1,90,2527359398,340.727,4497164005,4497164005,0,3358621001,
mcs10_m3Dr4_s90.A07,mcs10_m3Dr4_s90.B07,ll_lum,50,50,6363473402,1000.01,1,90,1454176489,214.985,4004402722,4004402722,0,2931992814,
mcs10_m3Dr4_s90.A08,mcs10_m3Dr4_s90.B08,ll_lum,50,48,6156774886,1000.02,1,90,170107932,26.0151,3850185956,3850185956,0,2777142483,
mcs10_m3Dr4_s90.A09,mcs10_m3Dr4_s90.B09,ll_lum,49,48,6158867671,1000.02,1,90,3675661737,587.553,3955086078,3955086078,0,2677602123,
mcs10_m3Dr6_s100.A00,mcs10_m3Dr6_s100.B00,ll_lum,54,48,6181804733,1000.01,1,100,177316722,14.7688,4029921717,4029921717,0,3059651553,
mcs10_m3Dr6_s100.A01,mcs10_m3Dr6_s100.B01,ll_lum,49,47,7811009632,1000.02,1,100,3121107778,376.634,5147937765,5147937765,0,3887154759,
mcs10_m3Dr6_s100.A02,mcs10_m3Dr6_s100.B02,ll_lum,54,50,6043448009,1000.02,1,100,3161615715,524.019,3910697407,3910697407,0,3134001388,
mcs10_m3Dr6_s100.A03,mcs10_m3Dr6_s100.B03,ll_lum,51,52,6135721997,1000.02,1,100,1594362375,250.074,3810245106,3810245106,0,2987064999,
mcs10_m3Dr6_s100.A04,mcs10_m3Dr6_s100.B04,ll_lum,52,56,5967418161,1000.02,1,100,18584764,2.63584,3682748369,3682748369,0,2876881145,
mcs10_m3Dr6_s100.A05,mcs10_m3Dr6_s100.B05,ll_lum,51,48,6286203321,1000.02,1,100,311423090,48.1578,3873937939,3873937939,0,2782432931,
mcs10_m3Dr6_s100.A06,mcs10_m3Dr6_s100.B06,ll_lum,51,55,6139631372,1000.02,1,100,364512459,58.201,3828195840,3828195840,0,2731882779,
mcs10_m3Dr6_s100.A07,mcs10_m3Dr6_s100.B07,ll_lum,52,55,6184100505,1000.02,1,100,114767488,16.982,3951239956,3951239956,0,3056948074,
mcs10_m3Dr6_s100.A08,mcs10_m3Dr6_s100.B08,ll_lum,52,49,9973197054,1000.02,1,100,6636994707,514.416,7486614305,7486614305,0,5936784380,
mcs10_m3Dr6_s100.A09,mcs10_m3Dr6_s100.B09,ll_lum,55,56,6132671722,1000.01,1,100,3017211897,489.444,3912373626,3912373626,0,2889623531,
mcs10_m3Dr6_s60.A00,mcs10_m3Dr6_s60.B00,ll_lum,34,40,6176962384,1000.02,1,60,81066418,12.035,3939524783,3939524783,0,3043710487,
mcs10_m3Dr6_s60.A01,mcs10_m3Dr6_s60.B01,ll_lum,35,37,6366309391,1000.02,1,60,9883264,1.51806,4267781251,4267781251,0,3363194877,
mcs10_m3Dr6_s60.A02,mcs10_m3Dr6_s60.B02,ll_lum,34,32,6537748971,1000.02,1,60,346274975,52.2967,4225468768,4225468768,0,3232914510,
mcs10_m3Dr6_s60.A03,mcs10_m3Dr6_s60.B03,ll_lum,34,37,6203384954,1000.01,1,60,64073420,10.5451,4022396107,4022396107,0,3025324880,
mcs10_m3Dr6_s60.A04,mcs10_m3Dr6_s60.B04,ll_lum,34,33,6531848141,1000.01,1,60,2157186480,325.641,4289368986,4289368986,0,3273005926,
mcs10_m3Dr6_s60.A05,mcs10_m3Dr6_s60.B05,ll_lum,35,36,6217016391,1000.02,1,60,6051632686,972.526,4058443680,4058443680,0,3180036267,
mcs10_m3Dr6_s60.A06,mcs10_m3Dr6_s60.B06,ll_lum,34,36,6414438454,1000.02,1,60,29282685,4.38316,4032767218,4032767218,0,3061859940,
mcs10_m3Dr6_s60.A07,mcs10_m3Dr6_s60.B07,ll_lum,34,36,6340074575,1000.02,1,60,367975209,56.1242,4176951981,4176951981,0,3264424870,
mcs10_m3Dr6_s60.A08,mcs10_m3Dr6_s60.B08,ll_lum,34,36,6509866916,1000.02,1,60,1393425008,200.677,4189431101,4189431101,0,3211395844,
mcs10_m3Dr6_s60.A09,mcs10_m3Dr6_s60.B09,ll_lum,35,34,6592893753,1000.02,1,60,4763620117,711.313,4345382389,4345382389,0,3318828486,
mcs10_m3Dr6_s70.A00,mcs10_m3Dr6_s70.B00,ll_lum,40,44,6215919256,1000.02,1,70,271777945,40.5017,4020527562,4020527562,0,3112116103,
mcs10_m3Dr6_s70.A01,mcs10_m3Dr6_s70.B01,ll_lum,39,38,6311396212,1000.01,1,70,2210491996,335.347,4030295056,4030295056,0,3081557431,
mcs10_m3Dr6_s70.A02,mcs10_m3Dr6_s70.B02,ll_lum,40,42,6457407618,1000.01,1,70,6278243303,971.435,4134235927,4134235927,0,3116928054,
mcs10_m3Dr6_s70.A03,mcs10_m3Dr6_s70.B03,ll_lum,39,40,3106913381,1000.01,1,70,2591590118,833.197,1921869966,1921869966,0,1398747346,
mcs10_m3Dr6_s70.A04,mcs10_m3Dr6_s70.B04,ll_lum,40,46,3192810382,1000.02,1,70,722303802,225.252,2047096619,2047096619,0,1507049052,
mcs10_m3Dr6_s70.A05,mcs10_m3Dr6_s70.B05,ll_lum,39,42,6104480473,1000.02,1,70,690992721,106.389,3968650971,3968650971,0,3037635822,
mcs10_m3Dr6_s70.A06,mcs10_m3Dr6_s70.B06,ll_lum,39,41,6377027402,1000.02,1,70,1423554819,229.607,4071174853,4071174853,0,3049800220,
mcs10_m3Dr6_s70.A07,mcs10_m3Dr6_s70.B07,ll_lum,40,44,6160994162,1000.02,1,70,500950633,77.9433,3957317363,3957317363,0,3022906761,
mcs10_m3Dr6_s70.A08,mcs10_m3Dr6_s70.B08,ll_lum,40,39,6058418259,1000.02,1,70,466827194,68.8127,3874680198,3874680198,0,3048953290,
mcs10_m3Dr6_s70.A09,mcs10_m3Dr6_s70.B09,ll_lum,39,39,6061303330,1000.02,1,70,3024521939,488.49,3788699012,3788699012,0,2843070034,
mcs10_m3Dr6_s80.A00,mcs10_m3Dr6_s80.B00,ll_lum,43,47,6266483156,1000.02,1,80,156544211,23.0274,4009330787,4009330787,0,3088081816,
mcs10_m3Dr6_s80.A01,mcs10_m3Dr6_s80.B01,ll_lum,45,46,5783934209,1000.02,1,80,164516600,25.7594,3542602321,3542602321,0,2639570179,
mcs10_m3Dr6_s80.A02,mcs10_m3Dr6_s80.B02,ll_lum,41,45,7134579614,1000,1,80,334028013,46.2119,4663040902,4663040902,0,3653943069,
mcs10_m3Dr6_s80.A03,mcs10_m3Dr6_s80.B03,ll_lum,44,42,6369967534,1000.01,1,80,2684956831,415.321,3949897897,3949897897,0,2945733053,
mcs10_m3Dr6_s80.A04,mcs10_m3Dr6_s80.B04,ll_lum,42,42,6322421588,1000.02,1,80,1212475010,196.594,4113077422,4113077422,0,3135421165,
mcs10_m3Dr6_s80.A05,mcs10_m3Dr6_s80.B05,ll_lum,44,45,6442929438,1000.01,1,80,3408332275,532.345,4174551549,4174551549,0,3277664981,
mcs10_m3Dr6_s80.A06,mcs10_m3Dr6_s80.B06,ll_lum,44,45,6784699051,1000.01,1,80,6487500275,955.775,4461057574,4461057574,0,3319766193,
mcs10_m3Dr6_s80.A07,mcs10_m3Dr6_s80.B07,ll_lum,44,43,6249892553,1000.02,1,80,565675007,88.5979,3880730895,3880730895,0,2962812916,
mcs10_m3Dr6_s80.A08,mcs10_m3Dr6_s80.B08,ll_lum,43,46,6555093654,1000.02,1,80,39818539,6.26677,4104727575,4104727575,0,3021642983,
mcs10_m3Dr6_s80.A09,mcs10_m3Dr6_s80.B09,ll_lum,44,47,6396450693,1000.01,1,80,1952562645,285.826,4136261903,4136261903,0,3065349549,
mcs10_m3Dr6_s90.A00,mcs10_m3Dr6_s90.B00,ll_lum,48,46,6322262713,1000.01,1,90,3389723467,535.984,4068031860,4068031860,0,3122589266,
mcs10_m3Dr6_s90.A01,mcs10_m3Dr6_s90.B01,ll_lum,47,47,6216979587,1000.02,1,90,1026866041,160.33,3946633964,3946633964,0,2990805991,
mcs10_m3Dr6_s90.A02,mcs10_m3Dr6_s90.B02,ll_lum,48,50,6368907152,1000.01,1,90,4163368928,641.903,4145632185,4145632185,0,3219423430,
mcs10_m3Dr6_s90.A03,mcs10_m3Dr6_s90.B03,ll_lum,47,48,6761619332,1000.01,1,90,5151820501,740.15,4359711577,4359711577,0,3384484102,
mcs10_m3Dr6_s90.A04,mcs10_m3Dr6_s90.B04,ll_lum,47,46,6137027257,1000.02,1,90,135614567,18.1469,3982984930,3982984930,0,3068952759,
mcs10_m3Dr6_s90.A05,mcs10_m3Dr6_s90.B05,ll_lum,49,45,6342281466,1000.02,1,90,2240381261,348.356,3995564994,3995564994,0,3044697756,
mcs10_m3Dr6_s90.A06,mcs10_m3Dr6_s90.B06,ll_lum,49,54,5612058498,1000.01,1,90,3991711546,698.886,3574463027,3574463027,0,2850704494,
mcs10_m3Dr6_s90.A07,mcs10_m3Dr6_s90.B07,ll_lum,49,50,6169593208,1000.02,1,90,462852158,69.5063,3965150795,3965150795,0,2978601573,
mcs10_m3Dr6_s90.A08,mcs10_m3Dr6_s90.B08,ll_lum,47,43,6588167790,1000.01,1,90,2993609677,441.498,4261979168,4261979168,0,3128536091,
mcs10_m3Dr6_s90.A09,mcs10_m3Dr6_s90.B09,ll_lum,48,48,6115333151,1000.02,1,90,1828385308,289.831,3889278889,3889278889,0,2964006833,
mcs10_m4D_s100.A00,mcs10_m4D_s100.B00,ll_lum,65,58,10822303007,1000.02,1,100,7026416564,619.936,8741675204,8741675204,0,6720159131,
mcs10_m4D_s100.A01,mcs10_m4D_s100.B01,ll_lum,71,66,8713980549,1000.02,1,100,1029459650,118.543,6858934132,6858934132,0,5182415247,
mcs10_m4D_s100.A02,mcs10_m4D_s100.B02,ll_lum,69,57,8327937270,1000.02,1,100,5549589798,637.702,6359110066,6359110066,0,4970036066,
mcs10_m4D_s100.A03,mcs10_m4D_s100.B03,ll_lum,66,56,13364836754,1000.02,1,100,2679040690,133.289,12091390328,12091390328,0,10843979282,
mcs10_m4D_s100.A04,mcs10_m4D_s100.B04,ll_lum,67,51,17702058354,1000.02,1,100,16563075505,930.063,15789749420,15789749420,0,13989294688,
mcs10_m4D_s100.A05,mcs10_m4D_s100.B05,ll_lum,72,60,6402676432,1000.02,1,100,1192209006,185.614,4168840637,4168840637,0,2982438849,
mcs10_m4D_s100.A06,mcs10_m4D_s100.B06,ll_lum,66,61,9973157900,1000.02,1,100,6860684,0.717714,8632513824,8632513824,0,7375745055,
mcs10_m4D_s100.A07,mcs10_m4D_s100.B07,ll_lum,66,59,7413643301,1000.01,1,100,6052304598,795.625,6241225161,6241225161,0,5327026914,
mcs10_m4D_s100.A08,mcs10_m4D_s100.B08,ll_lum,67,65,20071614491,1000.02,1,100,1828222316,80.8763,17846134013,17846134013,0,15625899356,
mcs10_m4D_s100.A09,mcs10_m4D_s100.B09,ll_lum,72,67,20155035135,1000.01,1,100,19352715129,894.761,15312564437,15312564437,0,10625137836,
mcs10_m4Dr2_s100.A00,mcs10_m4Dr2_s100.B00,ll_lum,56,48,25120717061,1000.02,1,100,64439500,2.40105,18968872399,18968872399,0,14619436695,
mcs10_m4Dr2_s100.A01,mcs10_m4Dr2_s100.B01,ll_lum,64,58,9075804958,1000.01,1,100,2032252382,207.327,6219473192,6219473192,0,4560842667,
mcs10_m4Dr2_s100.A02,mcs10_m4Dr2_s100.B02,ll_lum,66,63,7235962489,1000.02,1,100,58241461,8.22245,4813709958,4813709958,0,3275458847,
mcs10_m4Dr2_s100.A03,mcs10_m4Dr2_s100.B03,ll_lum,65,57,7044315708,1000.02,1,100,139310422,17.0108,4895834436,4895834436,0,3250232575,
mcs10_m4Dr2_s100.A04,mcs10_m4Dr2_s100.B04,ll_lum,65,59,16381998761,1000.01,1,100,151925060,13.9019,12732066643,12732066643,0,9120563535,
mcs10_m4Dr2_s100.A05,mcs10_m4Dr2_s100.B05,ll_lum,60,51,13705454739,1000.02,1,100,1533589932,104.14,12297698667,12297698667,0,10908643671,
mcs10_m4Dr2_s100.A06,mcs10_m4Dr2_s100.B06,ll_lum,65,58,7235350320,1000.01,1,100,3435552,0.300843,5349241663,5349241663,0,4082915267,
mcs10_m4Dr2_s100.A07,mcs10_m4Dr2_s100.B07,ll_lum,60,46,20163490823,1000.02,1,100,3000139123,157.747,16397322031,16397322031,0,12631399371,
mcs10_m4Dr2_s100.A08,mcs10_m4Dr2_s100.B08,ll_lum,60,50,17380172806,1000.01,1,100,5715683649,323.516,14613615233,14613615233,0,11993112758,
mcs10_m4Dr2_s100.A09,mcs10_m4Dr2_s100.B09,ll_lum,56,53,23792438372,1000.01,1,100,699200698,29.8773,19797573620,19797573620,0,15812893928,
mcs10_m4Dr4_s100.A00,mcs10_m4Dr4_s100.B00,ll_lum,54,44,20437390352,1000.03,1,100,545184234,22.8978,17884677629,17884677629,0,15331965414,
mcs10_m4Dr4_s100.A01,mcs10_m4Dr4_s100.B01,ll_lum,63,60,7584075065,1000.01,1,100,489161431,39.6626,5083085698,5083085698,0,3693987706,
mcs10_m4Dr4_s100.A02,mcs10_m4Dr4_s100.B02,ll_lum,62,52,9328699536,1000.01,1,100,2677360660,231.868,7437984244,7437984244,0,5597298736,
mcs10_m4Dr4_s100.A03,mcs10_m4Dr4_s100.B03,ll_lum,62,50,7566026806,1000,1,100,754227434,74.9153,5301985107,5301985107,0,3959719847,
mcs10_m4Dr4_s100.A04,mcs10_m4Dr4_s100.B04,ll_lum,64,56,13797959497,1000.02,1,100,11000619540,643.556,10214713397,10214713397,0,7033599807,
mcs10_m4Dr4_s100.A05,mcs10_m4Dr4_s100.B05,ll_lum,62,55,8949435654,1000.02,1,100,709275810,71.0035,6576897407,6576897407,0,4910109925,
mcs10_m4Dr4_s100.A06,mcs10_m4Dr4_s100.B06,ll_lum,66,55,8712713926,1000.02,1,100,5496629270,513.529,6717739850,6717739850,0,5336139457,
mcs10_m4Dr4_s100.A07,mcs10_m4Dr4_s100.B07,ll_lum,68,59,8767653560,1000.02,1,100,7659288639,838.755,6986299067,6986299067,0,5512570021,
mcs10_m4Dr4_s100.A08,mcs10_m4Dr4_s100.B08,ll_lum,64,75,8392741664,1000.03,1,100,1395021713,162.42,5730835479,5730835479,0,4035251779,
mcs10_m4Dr4_s100.A09,mcs10_m4Dr4_s100.B09,ll_lum,66,70,7800764686,1000.02,1,100,6372283170,786.482,5338053514,5338053514,0,4085251688,
mcs10_m4Dr6_s100.A00,mcs10_m4Dr6_s100.B00,ll_lum,63,59,6671764547,1000.01,1,100,229294040,32.1342,4744999792,4744999792,0,3296270058,
mcs10_m4Dr6_s100.A01,mcs10_m4Dr6_s100.B01,ll_lum,61,50,7797285964,1000.01,1,100,6568970237,821.689,5912252094,5912252094,0,4384591961,
mcs10_m4Dr6_s100.A02,mcs10_m4Dr6_s100.B02,ll_lum,60,55,7792188392,1000.02,1,100,6269925687,803.343,5018331101,5018331101,0,3679021759,
mcs10_m4Dr6_s100.A03,mcs10_m4Dr6_s100.B03,ll_lum,64,61,6851024942,1000.02,1,100,457977290,58.6286,4380604595,4380604595,0,2978417677,
mcs10_m4Dr6_s100.A04,mcs10_m4Dr6_s100.B04,ll_lum,59,59,6724123043,1000.02,1,100,1767602542,230.035,4783483285,4783483285,0,3484142652,
mcs10_m4Dr6_s100.A05,mcs10_m4Dr6_s100.B05,ll_lum,61,55,14647608833,1000.02,1,100,10141542420,662.165,12228717098,12228717098,0,9968346520,
mcs10_m4Dr6_s100.A06,mcs10_m4Dr6_s100.B06,ll_lum,52,43,18109491854,1000.02,1,100,850674413,37.4911,15997315661,15997315661,0,14155831914,
mcs10_m4Dr6_s100.A07,mcs10_m4Dr6_s100.B07,ll_lum,61,55,7667595379,1000.02,1,100,3645203413,457.876,4947523279,4947523279,0,3231703421,
mcs10_m4Dr6_s100.A08,mcs10_m4Dr6_s100.B08,ll_lum,64,59,6771305288,1000.01,1,100,132863548,17.0556,4311341040,4311341040,0,2932032464,
mcs10_m4Dr6_s100.A09,mcs10_m4Dr6_s100.B09,ll_lum,63,58,9201199081,1000.02,1,100,4687192877,283.634,6996797629,6996797629,0,5358632997,
mcs10_r001_s100.A00,mcs10_r001_s100.B00,ll_lum,75,56,17601022867,1000.02,1,100,108158753,14.1141,15987675765,15987675765,0,14380181968,
mcs10_r001_s100.A01,mcs10_r001_s100.B01,ll_lum,70,52,21176959262,1000.01,1,100,703,0.000130766,18403603218,18403603218,0,15631140383,
mcs10_r001_s100.A02,mcs10_r001_s100.B02,ll_lum,76,61,9545881465,1000.01,1,100,769601762,76.1966,7758793492,7758793492,0,6111489443,
mcs10_r001_s100.A03,mcs10_r001_s100.B03,ll_lum,75,57,14684337303,1000.01,1,100,60,5.951e-05,12078745155,12078745155,0,9550384931,
mcs10_r001_s100.A04,mcs10_r001_s100.B04,ll_lum,68,48,23845000998,1000.02,1,100,57,5.5633e-05,19814663821,19814663821,0,16121348662,
mcs10_r001_s100.A05,mcs10_r001_s100.B05,ll_lum,69,54,24071918299,1000.02,1,100,17344811251,714.049,18641609178,18641609178,0,14948871812,
mcs10_r001_s100.A06,mcs10_r001_s100.B06,ll_lum,77,61,19098165595,1000.01,1,100,1845675664,101.008,16126081729,16126081729,0,13155207741,
mcs10_r001_s100.A07,mcs10_r001_s100.B07,ll_lum,77,60,10779451961,1000.02,1,100,1394695988,124.799,8657838154,8657838154,0,6598266116,
mcs10_r001_s100.A08,mcs10_r001_s100.B08,ll_lum,76,53,11005360917,1000.01,1,100,741278051,102.697,10066670230,10066670230,0,9139174336,
mcs10_r001_s100.A09,mcs10_r001_s100.B09,ll_lum,74,58,11511057397,1000.02,1,100,9864371,0.556359,9868751696,9868751696,0,8285311672,
mcs10_r005_s100.A00,mcs10_r005_s100.B00,ll_lum,41,53,4502408835,1000.02,1,100,1046313324,227.62,2720773673,2720773673,0,2249012033,
mcs10_r005_s100.A01,mcs10_r005_s100.B01,ll_lum,41,52,4620923094,1000.02,1,100,4118988611,887.746,2854351968,2854351968,0,2438089090,
mcs10_r005_s100.A02,mcs10_r005_s100.B02,ll_lum,40,55,4797205112,1000.02,1,100,292616030,62.3975,2934556239,2934556239,0,2347251997,
mcs10_r005_s100.A03,mcs10_r005_s100.B03,ll_lum,40,57,4593241539,1000.02,1,100,259721417,54.0731,2836715814,2836715814,0,2394063100,
mcs10_r005_s100.A04,mcs10_r005_s100.B04,ll_lum,40,49,4606170443,1000.02,1,100,1786636924,377.679,2797627112,2797627112,0,2327715903,
mcs10_r005_s100.A05,mcs10_r005_s100.B05,ll_lum,40,52,4894295757,1000.02,1,100,802987257,157.896,2989928096,2989928096,0,2435302637,
mcs10_r005_s100.A06,mcs10_r005_s100.B06,ll_lum,39,49,5195559639,1000.02,1,100,90422821,16.9087,3199627910,3199627910,0,2520631536,
mcs10_r005_s100.A07,mcs10_r005_s100.B07,ll_lum,40,51,5189548029,1000.02,1,100,49764185,7.90167,3196559929,3196559929,0,2550831160,
mcs10_r005_s100.A08,mcs10_r005_s100.B08,ll_lum,39,49,5016816656,1000.01,1,100,842051499,160.588,3093143271,3093143271,0,2495399922,
mcs10_r005_s100.A09,mcs10_r005_s100.B09,ll_lum,39,51,5492448133,1000.01,1,100,2288771228,414.142,3408084868,3408084868,0,2795704519,
mcs10_r005_s20.A00,mcs10_r005_s20.B00,ll_lum,17,12,5651,0.00070428,0,20,4630,0.000542197,3901,3901,0,3173,
mcs10_r005_s20.A01,mcs10_r005_s20.B01,ll_lum,17,11,3468,0.000435556,0,20,1876,0.000208784,2628,2628,0,2050,
mcs10_r005_s20.A02,mcs10_r005_s20.B02,ll_lum,17,14,1082,0.000164759,0,20,544,5.6255e-05,706,706,0,517,
mcs10_r005_s20.A03,mcs10_r005_s20.B03,ll_lum,17,11,5367,0.000672322,0,20,4592,0.000535766,3603,3603,0,2571,
mcs10_r005_s20.A04,mcs10_r005_s20.B04,ll_lum,17,11,2257,0.000326102,0,20,786,9.989e-05,1612,1612,0,1266,
mcs10_r005_s20.A05,mcs10_r005_s20.B05,ll_lum,16,9,13398,0.00139669,0,20,8299,0.000767068,10191,10191,0,8352,
mcs10_r005_s20.A06,mcs10_r005_s20.B06,ll_lum,17,13,787,0.000152209,0,20,64,1.7327e-05,576,576,0,469,
mcs10_r005_s20.A07,mcs10_r005_s20.B07,ll_lum,17,10,8283,0.000917727,0,20,7834,0.000824206,5628,5628,0,4044,
mcs10_r005_s20.A08,mcs10_r005_s20.B08,ll_lum,16,9,31015,0.003051,0,20,6496,0.000555345,21597,21597,0,14577,
mcs10_r005_s20.A09,mcs10_r005_s20.B09,ll_lum,16,13,39777,0.00348598,0,20,21029,0.00172365,26853,26853,0,17658,
mcs10_r005_s25.A00,mcs10_r005_s25.B00,ll_lum,19,14,965259,0.0982589,0,25,133600,0.01203,698886,698886,0,482009,
mcs10_r005_s25.A01,mcs10_r005_s25.B01,ll_lum,21,16,68788,0.00786517,0,25,66885,0.00758019,48388,48388,0,36027,
mcs10_r005_s25.A02,mcs10_r005_s25.B02,ll_lum,21,19,72295,0.00731664,0,25,64227,0.00633553,50507,50507,0,35723,
mcs10_r005_s25.A03,mcs10_r005_s25.B03,ll_lum,20,17,239986,0.0258459,0,25,78496,0.00747767,165361,165361,0,106263,
mcs10_r005_s25.A04,mcs10_r005_s25.B04,ll_lum,20,18,80471,0.00954713,0,25,2993,0.000307024,50999,50999,0,31489,
mcs10_r005_s25.A05,mcs10_r005_s25.B05,ll_lum,21,20,13040,0.00156007,0,25,8198,0.000912818,8459,8459,0,5637,
mcs10_r005_s25.A06,mcs10_r005_s25.B06,ll_lum,20,16,137015,0.0150622,0,25,39448,0.00372189,100547,100547,0,70803,
mcs10_r005_s25.A07,mcs10_r005_s25.B07,ll_lum,21,19,47634,0.00580439,0,25,44085,0.00529753,32620,32620,0,23559,
mcs10_r005_s25.A08,mcs10_r005_s25.B08,ll_lum,20,17,170312,0.018863,0,25,72876,0.00694122,117244,117244,0,78882,
mcs10_r005_s25.A09,mcs10_r005_s25.B09,ll_lum,20,13,330711,0.0316316,0,25,257918,0.0236239,230491,230491,0,161725,
mcs10_r005_s30.A00,mcs10_r005_s30.B00,ll_lum,24,20,356455,0.0469986,0,30,220936,0.028605,248325,248325,0,183165,
mcs10_r005_s30.A01,mcs10_r005_s30.B01,ll_lum,23,18,2413632,0.304861,0,30,483262,0.0570814,1586583,1586583,0,1062658,
mcs10_r005_s30.A02,mcs10_r005_s30.B02,ll_lum,23,17,3712544,0.458735,0,30,2931217,0.358395,2498063,2498063,0,1781862,
mcs10_r005_s30.A03,mcs10_r005_s30.B03,ll_lum,23,20,2593984,0.30972,0,30,2019393,0.239934,1780277,1780277,0,1261200,
mcs10_r005_s30.A04,mcs10_r005_s30.B04,ll_lum,23,20,2837296,0.34526,0,30,112952,0.0126376,1899125,1899125,0,1258520,
mcs10_r005_s30.A05,mcs10_r005_s30.B05,ll_lum,23,19,3654528,0.450999,0,30,933611,0.110785,2435312,2435312,0,1569182,
mcs10_r005_s30.A06,mcs10_r005_s30.B06,ll_lum,22,22,7238286,0.830224,0,30,326149,0.0278267,4966352,4966352,0,3404282,
mcs10_r005_s30.A07,mcs10_r005_s30.B07,ll_lum,23,17,2620212,0.302336,0,30,1981338,0.224777,1782431,1782431,0,1273908,
mcs10_r005_s30.A08,mcs10_r005_s30.B08,ll_lum,24,21,360807,0.0469081,0,30,231116,0.0306377,253774,253774,0,180335,
mcs10_r005_s30.A09,mcs10_r005_s30.B09,ll_lum,23,15,3349215,0.378223,0,30,2429858,0.259614,2708859,2708859,0,2189464,
mcs10_r005_s35.A00,mcs10_r005_s35.B00,ll_lum,26,21,36097208,4.71461,0,35,26725911,3.48426,25278861,25278861,0,18667886,
mcs10_r005_s35.A01,mcs10_r005_s35.B01,ll_lum,26,21,14697013,1.96814,0,35,2188403,0.272689,9910962,9910962,0,6953671,
mcs10_r005_s35.A02,mcs10_r005_s35.B02,ll_lum,26,22,24541263,3.2545,0,35,4492520,0.593716,15981709,15981709,0,10662182,
mcs10_r005_s35.A03,mcs10_r005_s35.B03,ll_lum,25,25,114008101,14.918,0,35,1200348,0.135421,76865290,76865290,0,55014557,
mcs10_r005_s35.A04,mcs10_r005_s35.B04,ll_lum,26,24,27369874,3.75097,0,35,9398647,1.21064,18591404,18591404,0,13811410,
mcs10_r005_s35.A05,mcs10_r005_s35.B05,ll_lum,27,21,11138431,1.45004,0,35,10648152,1.38292,7361100,7361100,0,5270765,
mcs10_r005_s35.A06,mcs10_r005_s35.B06,ll_lum,26,19,34230101,4.57644,0,35,28053683,3.71923,22627880,22627880,0,16000038,
mcs10_r005_s35.A07,mcs10_r005_s35.B07,ll_lum,25,20,80121205,10.1558,0,35,15174115,1.80871,55772638,55772638,0,40550364,
mcs10_r005_s35.A08,mcs10_r005_s35.B08,ll_lum,26,23,12859716,1.75993,0,35,2265903,0.293436,8792553,8792553,0,6432499,
mcs10_r005_s35.A09,mcs10_r005_s35.B09,ll_lum,26,22,13748421,1.86815,0,35,4703329,0.619446,9032417,9032417,0,6274652,
mcs10_r005_s40.A00,mcs10_r005_s40.B00,ll_lum,28,25,684034076,99.6965,0,40,39453270,5.25529,460650071,460650071,0,338034349,
mcs10_r005_s40.A01,mcs10_r005_s40.B01,ll_lum,28,25,809188325,106.638,0,40,19048553,2.4375,537939900,537939900,0,358244389,
mcs10_r005_s40.A02,mcs10_r005_s40.B02,ll_lum,28,25,1355008609,194.454,0,40,49695793,6.8829,884106682,884106682,0,620741512,
mcs10_r005_s40.A03,mcs10_r005_s40.B03,ll_lum,28,25,701484361,98.6722,0,40,11732840,1.61638,472677993,472677993,0,337446881,
mcs10_r005_s40.A04,mcs10_r005_s40.B04,ll_lum,28,28,2438796792,354.089,0,40,1710204111,245.393,1571322660,1571322660,0,1094798785,
mcs10_r005_s40.A05,mcs10_r005_s40.B05,ll_lum,28,25,1222576565,166.786,0,40,498671388,67.8576,807758603,807758603,0,557010765,
mcs10_r005_s40.A06,mcs10_r005_s40.B06,ll_lum,28,25,865841953,123.592,0,40,160210489,21.9523,571951377,571951377,0,408642625,
mcs10_r005_s40.A07,mcs10_r005_s40.B07,ll_lum,29,25,1067599981,152.07,0,40,1006287520,143.11,728260707,728260707,0,546635933,
mcs10_r005_s40.A08,mcs10_r005_s40.B08,ll_lum,28,26,764471111,105.026,0,40,129915129,18.2813,511825013,511825013,0,360907184,
mcs10_r005_s40.A09,mcs10_r005_s40.B09,ll_lum,28,26,1155328284,167.09,0,40,888753772,127.614,799689414,799689414,0,614593289,
mcs10_r005_s50.A00,mcs10_r005_s50.B00,ll_lum,32,34,6528582641,1000,1,50,1430421260,213.787,4387079057,4387079057,0,3361607706,
mcs10_r005_s50.A01,mcs10_r005_s50.B01,ll_lum,31,31,6581930655,1000.02,1,50,65791541,9.42514,4446189646,4446189646,0,3376481290,
mcs10_r005_s50.A02,mcs10_r005_s50.B02,ll_lum,31,29,6582642556,1000.01,1,50,664231169,99.7279,4415181099,4415181099,0,3429805717,
mcs10_r005_s50.A03,mcs10_r005_s50.B03,ll_lum,31,30,6474588686,1000.02,1,50,998930997,149.302,4223877859,4223877859,0,3283780159,
mcs10_r005_s50.A04,mcs10_r005_s50.B04,ll_lum,31,29,6852235039,1000.02,1,50,5101702712,736.542,4580950499,4580950499,0,3558127345,
mcs10_r005_s50.A05,mcs10_r005_s50.B05,ll_lum,31,31,6668170236,1000.01,1,50,17152019,2.44062,4314364620,4314364620,0,3191738379,
mcs10_r005_s50.A06,mcs10_r005_s50.B06,ll_lum,31,36,6948187415,1000.02,1,50,1016323327,142.945,4701989325,4701989325,0,3516417365,
mcs10_r005_s50.A07,mcs10_r005_s50.B07,ll_lum,31,27,6896885738,1000.02,1,50,107698268,14.2059,4561091442,4561091442,0,3482916392,
mcs10_r005_s50.A08,mcs10_r005_s50.B08,ll_lum,32,31,6393691601,1000.01,1,50,210010720,31.6553,4343776414,4343776414,0,3358205683,
mcs10_r005_s50.A09,mcs10_r005_s50.B09,ll_lum,32,33,6447005935,1000.02,1,50,1007311922,151.644,4282644888,4282644888,0,3298670162,
mcs10_r005_s60.A00,mcs10_r005_s60.B00,ll_lum,34,33,5938736187,1000.02,1,60,826520800,132.466,3857852213,3857852213,0,3036478832,
mcs10_r005_s60.A01,mcs10_r005_s60.B01,ll_lum,33,35,6532520321,1000.02,1,60,6406303806,980.861,4312934624,4312934624,0,3373417602,
mcs10_r005_s60.A02,mcs10_r005_s60.B02,ll_lum,34,38,6530014637,1000.02,1,60,5677970750,865.065,4237155955,4237155955,0,3280234112,
mcs10_r005_s60.A03,mcs10_r005_s60.B03,ll_lum,34,33,5981467081,1000.02,1,60,361873400,55.6216,3892263746,3892263746,0,3106040946,
mcs10_r005_s60.A04,mcs10_r005_s60.B04,ll_lum,33,32,6373964989,1000.01,1,60,26152799,3.73906,4161581052,4161581052,0,3279102965,
mcs10_r005_s60.A05,mcs10_r005_s60.B05,ll_lum,34,34,6121536797,1000.02,1,60,1738613985,289.187,3934028259,3934028259,0,3088860316,
mcs10_r005_s60.A06,mcs10_r005_s60.B06,ll_lum,33,35,6401815099,1000.02,1,60,36152163,5.31974,4105637147,4105637147,0,3135524728,
mcs10_r005_s60.A07,mcs10_r005_s60.B07,ll_lum,33,39,6051942815,1000.02,1,60,2812773,0.431732,3816042993,3816042993,0,2955437176,
mcs10_r005_s60.A08,mcs10_r005_s60.B08,ll_lum,34,36,6265257785,1000.02,1,60,1277778807,201.143,4061485635,4061485635,0,3152404544,
mcs10_r005_s60.A09,mcs10_r005_s60.B09,ll_lum,33,34,6364471220,1000.02,1,60,69522585,10.6801,4114993788,4114993788,0,3229267624,
mcs10_r005_s70.A00,mcs10_r005_s70.B00,ll_lum,34,38,3027014974,1000.02,1,70,56903385,19.3429,1917185330,1917185330,0,1508551020,
mcs10_r005_s70.A01,mcs10_r005_s70.B01,ll_lum,36,38,2847765528,1000.02,1,70,923917364,310.777,1844539358,1844539358,0,1482803980,
mcs10_r005_s70.A02,mcs10_r005_s70.B02,ll_lum,36,37,3000927285,1000,1,70,183290942,58.2884,1879746371,1879746371,0,1475270834,
mcs10_r005_s70.A03,mcs10_r005_s70.B03,ll_lum,35,41,3009076230,1000.02,1,70,10000934,2.9266,1919795502,1919795502,0,1503338799,
mcs10_r005_s70.A04,mcs10_r005_s70.B04,ll_lum,36,39,2996958069,1000.02,1,70,401488273,134.259,1900010739,1900010739,0,1502461134,
mcs10_r005_s70.A05,mcs10_r005_s70.B05,ll_lum,35,35,2850678767,1000.02,1,70,794361363,275.837,1836780676,1836780676,0,1440442973,
mcs10_r005_s70.A06,mcs10_r005_s70.B06,ll_lum,35,36,3029500763,1000.02,1,70,143713772,52.17,1983411410,1983411410,0,1468888694,
mcs10_r005_s70.A07,mcs10_r005_s70.B07,ll_lum,35,38,2917282509,1000.01,1,70,2602190592,886.022,1855285619,1855285619,0,1507851820,
mcs10_r005_s70.A08,mcs10_r005_s70.B08,ll_lum,35,37,2869743242,1000.02,1,70,921813287,315.462,1866194380,1866194380,0,1403886921,
mcs10_r005_s70.A09,mcs10_r005_s70.B09,ll_lum,35,39,5924513800,1000.01,1,70,39319145,6.10856,3812174905,3812174905,0,3057980757,
mcs10_r005_s80.A00,mcs10_r005_s80.B00,ll_lum,37,40,5620753003,1000.02,1,80,466676009,75.5861,3560275641,3560275641,0,2830125644,
mcs10_r005_s80.A01,mcs10_r005_s80.B01,ll_lum,35,41,5516391309,1000.02,1,80,547556999,95.5702,3414535830,3414535830,0,2729549308,
mcs10_r005_s80.A02,mcs10_r005_s80.B02,ll_lum,38,45,5758003806,1000.02,1,80,644139257,112.183,3612739822,3612739822,0,2809362279,
mcs10_r005_s80.A03,mcs10_r005_s80.B03,ll_lum,36,42,5729498270,1000.02,1,80,2412784169,405.39,3553306845,3553306845,0,2890296400,
mcs10_r005_s80.A04,mcs10_r005_s80.B04,ll_lum,36,41,5870852001,1000.02,1,80,6911941,1.00638,3676114331,3676114331,0,2943602067,
mcs10_r005_s80.A05,mcs10_r005_s80.B05,ll_lum,38,44,5638518169,1000.02,1,80,55485341,9.39642,3592228823,3592228823,0,2905959479,
mcs10_r005_s80.A06,mcs10_r005_s80.B06,ll_lum,37,41,5937449261,1000.02,1,80,931900181,148.673,3802759774,3802759774,0,2987777063,
mcs10_r005_s80.A07,mcs10_r005_s80.B07,ll_lum,37,43,5426627457,1000.01,1,80,3093445273,565.332,3384542328,3384542328,0,2687380087,
mcs10_r005_s80.A08,mcs10_r005_s80.B08,ll_lum,38,41,5461867842,1000,1,80,1035721640,174.743,3346761762,3346761762,0,2632917289,
mcs10_r005_s80.A09,mcs10_r005_s80.B09,ll_lum,37,44,5475317835,1000.01,1,80,111742547,19.4614,3514831118,3514831118,0,2942527609,
mcs10_r005_s90.A00,mcs10_r005_s90.B00,ll_lum,39,51,5442337042,1000.02,1,90,1286685284,234.843,3321169331,3321169331,0,2573232161,
mcs10_r005_s90.A01,mcs10_r005_s90.B01,ll_lum,39,49,5478855759,1000.01,1,90,234076334,40.96,3395994061,3395994061,0,2772851786,
mcs10_r005_s90.A02,mcs10_r005_s90.B02,ll_lum,38,51,5432910543,1000.01,1,90,54587444,9.80011,3359790563,3359790563,0,2672864179,
mcs10_r005_s90.A03,mcs10_r005_s90.B03,ll_lum,38,47,5846208499,1000,1,90,2249572122,367.551,3646319916,3646319916,0,2773142502,
mcs10_r005_s90.A04,mcs10_r005_s90.B04,ll_lum,39,51,5307088262,1000.02,1,90,608284604,108.511,3259125640,3259125640,0,2624221343,
mcs10_r005_s90.A05,mcs10_r005_s90.B05,ll_lum,38,50,5298044250,1000.02,1,90,147271482,25.1869,3265251173,3265251173,0,2668684085,
mcs10_r005_s90.A06,mcs10_r005_s90.B06,ll_lum,39,41,5364866963,1000.02,1,90,3217336951,585.886,3312742108,3312742108,0,2639242734,
mcs10_r005_s90.A07,mcs10_r005_s90.B07,ll_lum,38,43,5418916004,1000.02,1,90,27463175,4.97751,3415466150,3415466150,0,2815449541,
mcs10_r005_s90.A08,mcs10_r005_s90.B08,ll_lum,39,48,5420721738,1000.02,1,90,832605967,149.191,3427713505,3427713505,0,2734489148,
mcs10_r005_s90.A09,mcs10_r005_s90.B09,ll_lum,37,44,5544736193,1000.01,1,90,170663612,29.5719,3425083929,3425083929,0,2756212394,
mcs10_r01_s100.A00,mcs10_r01_s100.B00,ll_lum,28,45,4390462205,1000.02,1,100,3136190662,698.656,2553040287,2553040287,0,2312312177,
mcs10_r01_s100.A01,mcs10_r01_s100.B01,ll_lum,27,42,4429262443,1000.01,1,100,422930802,91.4432,2592024403,2592024403,0,2282276612,
mcs10_r01_s100.A02,mcs10_r01_s100.B02,ll_lum,28,39,4304817373,1000.01,1,100,717097904,157.258,2501199739,2501199739,0,2209583228,
mcs10_r01_s100.A03,mcs10_r01_s100.B03,ll_lum,28,40,4745018503,1000.01,1,100,4351154661,913.879,2840015615,2840015615,0,2500373307,
mcs10_r01_s100.A04,mcs10_r01_s100.B04,ll_lum,29,44,4435604731,1000.01,1,100,1944310336,424.242,2617378980,2617378980,0,2318913767,
mcs10_r01_s100.A05,mcs10_r01_s100.B05,ll_lum,28,45,4184418514,1000.02,1,100,1353909258,311.294,2433887610,2433887610,0,2212434567,
mcs10_r01_s100.A06,mcs10_r01_s100.B06,ll_lum,28,41,4465181108,1000.01,1,100,279354597,59.7807,2615943794,2615943794,0,2333310970,
mcs10_r01_s100.A07,mcs10_r01_s100.B07,ll_lum,28,41,4403075859,1000.02,1,100,489975562,104.671,2597072753,2597072753,0,2330348029,
mcs10_r01_s100.A08,mcs10_r01_s100.B08,ll_lum,27,40,4460165423,1000.02,1,100,491031677,104.348,2603469365,2603469365,0,2318674341,
mcs10_r01_s100.A09,mcs10_r01_s100.B09,ll_lum,28,45,4472376098,1000.01,1,100,1830068665,399.977,2637434355,2637434355,0,2384547612,
mcs10_r01_s20.A00,mcs10_r01_s20.B00,ll_lum,14,15,142026,0.0189431,0,20,86770,0.0115694,88631,88631,0,61039,
mcs10_r01_s20.A01,mcs10_r01_s20.B01,ll_lum,14,13,92949,0.0119243,0,20,35294,0.00429954,59491,59491,0,42336,
mcs10_r01_s20.A02,mcs10_r01_s20.B02,ll_lum,14,15,95087,0.012673,0,20,20654,0.00257548,60229,60229,0,44307,
mcs10_r01_s20.A03,mcs10_r01_s20.B03,ll_lum,15,16,40690,0.00502207,0,20,32625,0.00396268,25725,25725,0,17640,
mcs10_r01_s20.A04,mcs10_r01_s20.B04,ll_lum,15,16,51752,0.00664804,0,20,48348,0.00615419,33817,33817,0,24661,
mcs10_r01_s20.A05,mcs10_r01_s20.B05,ll_lum,14,17,47114,0.00561599,0,20,1459,0.000129636,30782,30782,0,21481,
mcs10_r01_s20.A06,mcs10_r01_s20.B06,ll_lum,14,15,96527,0.0126817,0,20,9041,0.00111383,60985,60985,0,43404,
mcs10_r01_s20.A07,mcs10_r01_s20.B07,ll_lum,15,16,41118,0.00540405,0,20,34305,0.00443621,26229,26229,0,19257,
mcs10_r01_s20.A08,mcs10_r01_s20.B08,ll_lum,14,13,37686,0.00503193,0,20,1905,0.000256145,24315,24315,0,18305,
mcs10_r01_s20.A09,mcs10_r01_s20.B09,ll_lum,15,12,51098,0.0063291,0,20,51005,0.00628414,33387,33387,0,23550,
mcs10_r01_s25.A00,mcs10_r01_s25.B00,ll_lum,17,20,2182118,0.324514,0,25,1918779,0.284808,1383174,1383174,0,1050315,
mcs10_r01_s25.A01,mcs10_r01_s25.B01,ll_lum,16,19,1751405,0.248265,0,25,112856,0.0161282,1133909,1133909,0,842656,
mcs10_r01_s25.A02,mcs10_r01_s25.B02,ll_lum,16,19,1852508,0.261772,0,25,64224,0.00864815,1207235,1207235,0,915475,
mcs10_r01_s25.A03,mcs10_r01_s25.B03,ll_lum,17,20,902402,0.132423,0,25,644270,0.094163,581577,581577,0,439128,
mcs10_r01_s25.A04,mcs10_r01_s25.B04,ll_lum,16,17,2421796,0.344918,0,25,169115,0.0236655,1572975,1572975,0,1211817,
mcs10_r01_s25.A05,mcs10_r01_s25.B05,ll_lum,16,20,2459524,0.334848,0,25,150688,0.0200618,1604061,1604061,0,1187178,
mcs10_r01_s25.A06,mcs10_r01_s25.B06,ll_lum,17,20,839318,0.117292,0,25,578699,0.0793313,556304,556304,0,423341,
mcs10_r01_s25.A07,mcs10_r01_s25.B07,ll_lum,17,19,513907,0.0778402,0,25,38626,0.00553416,337403,337403,0,260308,
mcs10_r01_s25.A08,mcs10_r01_s25.B08,ll_lum,17,19,1661730,0.22161,0,25,1513752,0.201,1065916,1065916,0,773804,
mcs10_r01_s25.A09,mcs10_r01_s25.B09,ll_lum,16,16,1745897,0.24381,0,25,47220,0.00648723,1128096,1128096,0,824345,
mcs10_r01_s30.A00,mcs10_r01_s30.B00,ll_lum,18,25,53957605,8.13554,0,30,9207308,1.36847,34602642,34602642,0,26264022,
mcs10_r01_s30.A01,mcs10_r01_s30.B01,ll_lum,19,20,18362701,2.85439,0,30,10477472,1.61269,11889442,11889442,0,9183806,
mcs10_r01_s30.A02,mcs10_r01_s30.B02,ll_lum,19,25,17368031,2.79164,0,30,7621818,1.21748,11186912,11186912,0,8611188,
mcs10_r01_s30.A03,mcs10_r01_s30.B03,ll_lum,18,23,45305330,7.02384,0,30,6918676,1.0265,29198399,29198399,0,22887070,
mcs10_r01_s30.A04,mcs10_r01_s30.B04,ll_lum,18,20,24822462,3.91243,0,30,412194,0.0619702,16269460,16269460,0,12798003,
mcs10_r01_s30.A05,mcs10_r01_s30.B05,ll_lum,18,20,39157607,5.91683,0,30,3265388,0.474442,25459636,25459636,0,19795814,
mcs10_r01_s30.A06,mcs10_r01_s30.B06,ll_lum,18,22,42458274,6.71629,0,30,206166,0.0318362,27263248,27263248,0,21407325,
mcs10_r01_s30.A07,mcs10_r01_s30.B07,ll_lum,18,22,31593896,4.63708,0,30,4736518,0.690855,20842256,20842256,0,15997914,
mcs10_r01_s30.A08,mcs10_r01_s30.B08,ll_lum,18,23,54437564,8.53574,0,30,456661,0.0695815,34793558,34793558,0,26672410,
mcs10_r01_s30.A09,mcs10_r01_s30.B09,ll_lum,18,22,42022864,6.66329,0,30,200201,0.032022,27247019,27247019,0,21443850,
mcs10_r01_s35.A00,mcs10_r01_s35.B00,ll_lum,21,19,213349576,34.948,0,35,138396032,22.5737,140085772,140085772,0,111657111,
mcs10_r01_s35.A01,mcs10_r01_s35.B01,ll_lum,20,24,405477321,68.4925,0,35,66432281,10.9697,262425387,262425387,0,210828362,
mcs10_r01_s35.A02,mcs10_r01_s35.B02,ll_lum,20,21,484289722,81.9358,0,35,19273746,3.14109,315544832,315544832,0,253048407,
mcs10_r01_s35.A03,mcs10_r01_s35.B03,ll_lum,20,21,469907321,81.3614,0,35,42086955,7.09261,302649583,302649583,0,243326245,
mcs10_r01_s35.A04,mcs10_r01_s35.B04,ll_lum,20,23,537332443,89.5147,0,35,224725654,36.8911,343021212,343021212,0,270003238,
mcs10_r01_s35.A05,mcs10_r01_s35.B05,ll_lum,20,24,573612864,96.7344,0,35,333739731,56.0164,371073859,371073859,0,301959969,
mcs10_r01_s35.A06,mcs10_r01_s35.B06,ll_lum,21,29,295590300,50.5116,0,35,282599315,48.3096,191992357,191992357,0,154114248,
mcs10_r01_s35.A07,mcs10_r01_s35.B07,ll_lum,20,21,912677322,151.021,0,35,692210643,114.203,586162987,586162987,0,470238160,
mcs10_r01_s35.A08,mcs10_r01_s35.B08,ll_lum,20,23,519696763,87.0877,0,35,106386499,17.4737,335483334,335483334,0,266897831,
mcs10_r01_s35.A09,mcs10_r01_s35.B09,ll_lum,20,24,634331328,110.558,0,35,216899699,37.1747,407945236,407945236,0,330863806,
mcs10_r01_s40.A00,mcs10_r01_s40.B00,ll_lum,22,22,5602338807,1000.02,1,40,4276474409,756.579,3602022390,3602022390,0,2977381497,
mcs10_r01_s40.A01,mcs10_r01_s40.B01,ll_lum,22,26,3396274004,608.461,0,40,196262664,33.5766,2233943364,2233943364,0,1844869109,
mcs10_r01_s40.A02,mcs10_r01_s40.B02,ll_lum,21,26,5713023731,1000.01,1,40,149814015,25.6922,3619894110,3619894110,0,2921074991,
mcs10_r01_s40.A03,mcs10_r01_s40.B03,ll_lum,22,23,5210481214,943.004,0,40,3267596847,588.023,3368471185,3368471185,0,2781410711,
mcs10_r01_s40.A04,mcs10_r01_s40.B04,ll_lum,22,30,5486445766,1000.02,1,40,3502455875,630.978,3568867862,3568867862,0,2989677852,
mcs10_r01_s40.A05,mcs10_r01_s40.B05,ll_lum,21,28,5717872727,1000.02,1,40,78461462,13.7757,3671014730,3671014730,0,3002658262,
mcs10_r01_s40.A06,mcs10_r01_s40.B06,ll_lum,22,27,4376307038,807.02,0,40,1218340931,224.041,2845801673,2845801673,0,2346124432,
mcs10_r01_s40.A07,mcs10_r01_s40.B07,ll_lum,22,29,4803126736,888.173,0,40,904823671,163.04,3135870833,3135870833,0,2582756428,
mcs10_r01_s40.A08,mcs10_r01_s40.B08,ll_lum,21,25,5322263831,1000.01,1,40,78860229,14.2213,3415703650,3415703650,0,2833072078,
mcs10_r01_s40.A09,mcs10_r01_s40.B09,ll_lum,22,29,5735936758,1000.02,1,40,5003409226,868.547,3673901659,3673901659,0,2965422631,
mcs10_r01_s50.A00,mcs10_r01_s50.B00,ll_lum,23,30,5279630243,1000.02,1,50,3369966989,627.404,3291241689,3291241689,0,2782784633,
mcs10_r01_s50.A01,mcs10_r01_s50.B01,ll_lum,23,29,5183007826,1000.02,1,50,893599756,165.767,3229682281,3229682281,0,2763300118,
mcs10_r01_s50.A02,mcs10_r01_s50.B02,ll_lum,23,28,5358606810,1000.01,1,50,83534677,15.2037,3386845216,3386845216,0,2877679622,
mcs10_r01_s50.A03,mcs10_r01_s50.B03,ll_lum,23,36,5349087179,1000.01,1,50,4735533507,879.076,3328050172,3328050172,0,2804502852,
mcs10_r01_s50.A04,mcs10_r01_s50.B04,ll_lum,22,35,5212749639,1000,1,50,94127515,17.4401,3220698559,3220698559,0,2711941015,
mcs10_r01_s50.A05,mcs10_r01_s50.B05,ll_lum,23,30,5300251817,1000.02,1,50,255215738,47.5397,3351947637,3351947637,0,2830791573,
mcs10_r01_s50.A06,mcs10_r01_s50.B06,ll_lum,23,32,5236199170,1000.01,1,50,4930393377,941.612,3229948161,3229948161,0,2735970369,
mcs10_r01_s50.A07,mcs10_r01_s50.B07,ll_lum,23,28,5155557655,1000.02,1,50,756897480,143.387,3195792159,3195792159,0,2729487733,
mcs10_r01_s50.A08,mcs10_r01_s50.B08,ll_lum,23,31,5056058217,1000.02,1,50,1199363402,229.126,3185030073,3185030073,0,2737446474,
mcs10_r01_s50.A09,mcs10_r01_s50.B09,ll_lum,23,35,5152866983,1000.02,1,50,1268864122,242.258,3211869386,3211869386,0,2732716665,
mcs10_r01_s60.A00,mcs10_r01_s60.B00,ll_lum,24,32,5085079092,1000.02,1,60,1316113289,262.128,3132574899,3132574899,0,2707364701,
mcs10_r01_s60.A01,mcs10_r01_s60.B01,ll_lum,24,33,5148365322,1000.01,1,60,180223207,34.484,3169480901,3169480901,0,2733817799,
mcs10_r01_s60.A02,mcs10_r01_s60.B02,ll_lum,25,33,4973515992,1000.01,1,60,4232803409,844.94,3040262620,3040262620,0,2663887452,
mcs10_r01_s60.A03,mcs10_r01_s60.B03,ll_lum,25,32,5119971712,1000.01,1,60,3962317494,760.589,3186525725,3186525725,0,2766234080,
mcs10_r01_s60.A04,mcs10_r01_s60.B04,ll_lum,24,38,4985113468,1000.01,1,60,523425567,102.258,3042183845,3042183845,0,2631596400,
mcs10_r01_s60.A05,mcs10_r01_s60.B05,ll_lum,24,36,5149778287,1000.02,1,60,22347363,4.06738,3228312177,3228312177,0,2791484924,
mcs10_r01_s60.A06,mcs10_r01_s60.B06,ll_lum,24,37,5050208237,1000.02,1,60,521689807,102.253,3061227578,3061227578,0,2619879604,
mcs10_r01_s60.A07,mcs10_r01_s60.B07,ll_lum,25,34,4946122885,1000.02,1,60,1180040063,230.137,3060660702,3060660702,0,2649671234,
mcs10_r01_s60.A08,mcs10_r01_s60.B08,ll_lum,24,35,5037824721,1000.02,1,60,558265963,107.194,3064299641,3064299641,0,2635719996,
mcs10_r01_s60.A09,mcs10_r01_s60.B09,ll_lum,25,31,5008693378,1000.02,1,60,3187425498,629.56,3105716574,3105716574,0,2691152933,
mcs10_r01_s70.A00,mcs10_r01_s70.B00,ll_lum,25,36,4833015183,1000.02,1,70,30464067,5.8869,2923622717,2923622717,0,2547242701,
mcs10_r01_s70.A01,mcs10_r01_s70.B01,ll_lum,25,35,4772577929,1000.02,1,70,23954645,4.63966,2907193448,2907193448,0,2577020996,
mcs10_r01_s70.A02,mcs10_r01_s70.B02,ll_lum,25,34,4606787693,1000.02,1,70,26406605,5.33944,2796348202,2796348202,0,2456883487,
mcs10_r01_s70.A03,mcs10_r01_s70.B03,ll_lum,24,42,4895341779,1000.02,1,70,62261800,12.4359,2941053915,2941053915,0,2553064691,
mcs10_r01_s70.A04,mcs10_r01_s70.B04,ll_lum,25,35,4635886709,1000.01,1,70,559165055,113.527,2796941060,2796941060,0,2473373108,
mcs10_r01_s70.A05,mcs10_r01_s70.B05,ll_lum,26,42,4584332425,1000.01,1,70,1442995085,299.991,2823246222,2823246222,0,2521019003,
mcs10_r01_s70.A06,mcs10_r01_s70.B06,ll_lum,26,37,4675066147,1000.01,1,70,1111973863,230.274,2843304427,2843304427,0,2513401909,
mcs10_r01_s70.A07,mcs10_r01_s70.B07,ll_lum,25,38,4788772100,1000.01,1,70,1014441640,204.597,2861251159,2861251159,0,2517986149,
mcs10_r01_s70.A08,mcs10_r01_s70.B08,ll_lum,25,40,4728418524,1000.01,1,70,34378090,6.79714,2855454965,2855454965,0,2502070741,
mcs10_r01_s70.A09,mcs10_r01_s70.B09,ll_lum,25,37,4863312522,1000.02,1,70,783761170,150.653,2918122679,2918122679,0,2508021649,
mcs10_r01_s80.A00,mcs10_r01_s80.B00,ll_lum,26,42,4422657170,1000.02,1,80,1739914519,381.231,2590138052,2590138052,0,2321289992,
mcs10_r01_s80.A01,mcs10_r01_s80.B01,ll_lum,26,41,4459588588,1000.01,1,80,113308311,25.0822,2662445977,2662445977,0,2358321337,
mcs10_r01_s80.A02,mcs10_r01_s80.B02,ll_lum,26,42,4582066227,1000.02,1,80,1358990060,280.607,2716145823,2716145823,0,2415561525,
mcs10_r01_s80.A03,mcs10_r01_s80.B03,ll_lum,26,37,4594094212,1000.02,1,80,1588925634,328.063,2738609128,2738609128,0,2448869541,
mcs10_r01_s80.A04,mcs10_r01_s80.B04,ll_lum,27,46,4548068967,1000.02,1,80,1974984134,418.427,2702547784,2702547784,0,2388483417,
mcs10_r01_s80.A05,mcs10_r01_s80.B05,ll_lum,26,46,4425887691,1000.02,1,80,163387188,36.517,2599887511,2599887511,0,2335990777,
mcs10_r01_s80.A06,mcs10_r01_s80.B06,ll_lum,26,39,4571538053,1000.02,1,80,924701109,190.552,2732425472,2732425472,0,2424591736,
mcs10_r01_s80.A07,mcs10_r01_s80.B07,ll_lum,25,38,4489758284,1000.02,1,80,230292374,49.2227,2655194210,2655194210,0,2352765691,
mcs10_r01_s80.A08,mcs10_r01_s80.B08,ll_lum,26,42,4465435451,1000.02,1,80,231378697,51.1727,2653567113,2653567113,0,2365454385,
mcs10_r01_s80.A09,mcs10_r01_s80.B09,ll_lum,26,42,4666233123,1000.02,1,80,3003439368,624.303,2824423071,2824423071,0,2524844840,
mcs10_r01_s90.A00,mcs10_r01_s90.B00,ll_lum,26,44,4563631081,1000.02,1,90,168393280,36.8686,2671633276,2671633276,0,2358707123,
mcs10_r01_s90.A01,mcs10_r01_s90.B01,ll_lum,26,44,4526584583,1000.01,1,90,156716672,33.5713,2663523590,2663523590,0,2395264815,
mcs10_r01_s90.A02,mcs10_r01_s90.B02,ll_lum,26,42,4564480290,1000.01,1,90,5349931,1.12027,2674827984,2674827984,0,2353670953,
mcs10_r01_s90.A03,mcs10_r01_s90.B03,ll_lum,27,38,4132267288,1000.02,1,90,208820903,47.7979,2412441148,2412441148,0,2155513268,
mcs10_r01_s90.A04,mcs10_r01_s90.B04,ll_lum,27,41,4335425592,1000.02,1,90,2262747719,508.325,2535377499,2535377499,0,2253241606,
mcs10_r01_s90.A05,mcs10_r01_s90.B05,ll_lum,26,40,4469692038,1000.01,1,90,76464735,15.7878,2619059812,2619059812,0,2352035080,
mcs10_r01_s90.A06,mcs10_r01_s90.B06,ll_lum,28,36,4413378100,1000.02,1,90,4298626179,972.928,2578355475,2578355475,0,2296825349,
mcs10_r01_s90.A07,mcs10_r01_s90.B07,ll_lum,28,41,4461300066,1000.01,1,90,625164318,134.831,2646231709,2646231709,0,2367475699,
mcs10_r01_s90.A08,mcs10_r01_s90.B08,ll_lum,27,36,4670932895,1000.02,1,90,579999655,122.192,2795227054,2795227054,0,2473043722,
mcs10_r01_s90.A09,mcs10_r01_s90.B09,ll_lum,28,44,4844908709,1000.01,1,90,4597113241,946.053,2916571191,2916571191,0,2536976741,
mcs10_r02_s100.A00,mcs10_r02_s100.B00,ll_lum,20,55,3812451015,1000.01,1,100,1657333248,419.772,2021598511,2021598511,0,1965429454,
mcs10_r02_s100.A01,mcs10_r02_s100.B01,ll_lum,20,51,3769985939,1000.01,1,100,1492846743,374.581,1986751819,1986751819,0,1932317907,
mcs10_r02_s100.A02,mcs10_r02_s100.B02,ll_lum,20,59,3714008199,1000.01,1,100,126185654,31.0616,1960095453,1960095453,0,1905607619,
mcs10_r02_s100.A03,mcs10_r02_s100.B03,ll_lum,20,64,3732020607,1000.01,1,100,870851352,221.552,1978255580,1978255580,0,1921199896,
mcs10_r02_s100.A04,mcs10_r02_s100.B04,ll_lum,20,54,3743900114,1000.01,1,100,673704034,166.219,1975465234,1975465234,0,1930454348,
mcs10_r02_s100.A05,mcs10_r02_s100.B05,ll_lum,19,47,3991230027,1000.02,1,100,12580266,2.78264,2096290081,2096290081,0,2033574795,
mcs10_r02_s100.A06,mcs10_r02_s100.B06,ll_lum,19,61,3962049010,1000.02,1,100,6198598,1.42822,2082416358,2082416358,0,2024835740,
mcs10_r02_s100.A07,mcs10_r02_s100.B07,ll_lum,19,45,3995865630,1000.01,1,100,23530946,5.29972,2102253103,2102253103,0,2040923925,
mcs10_r02_s100.A08,mcs10_r02_s100.B08,ll_lum,19,51,3981885464,1000.01,1,100,6678147,1.54638,2100011212,2100011212,0,2031506496,
mcs10_r02_s100.A09,mcs10_r02_s100.B09,ll_lum,20,48,3882908780,1000.02,1,100,2051594621,512.123,2049572231,2049572231,0,1986376315,
mcs10_r02_s20.A00,mcs10_r02_s20.B00,ll_lum,11,17,540461,0.0902536,0,20,2932,0.000482919,332415,332415,0,270392,
mcs10_r02_s20.A01,mcs10_r02_s20.B01,ll_lum,12,25,211968,0.0373487,0,20,64887,0.0109152,133985,133985,0,108342,
mcs10_r02_s20.A02,mcs10_r02_s20.B02,ll_lum,12,19,121968,0.0217462,0,20,3686,0.000627962,78476,78476,0,63900,
mcs10_r02_s20.A03,mcs10_r02_s20.B03,ll_lum,12,23,276311,0.0474955,0,20,134351,0.0230657,172147,172147,0,136814,
mcs10_r02_s20.A04,mcs10_r02_s20.B04,ll_lum,12,21,376694,0.0645471,0,20,274519,0.0465583,233946,233946,0,192390,
mcs10_r02_s20.A05,mcs10_r02_s20.B05,ll_lum,11,20,531137,0.0914744,0,20,4829,0.000784434,325680,325680,0,265257,
mcs10_r02_s20.A06,mcs10_r02_s20.B06,ll_lum,12,25,359275,0.0617144,0,20,236029,0.0397089,220286,220286,0,182352,
mcs10_r02_s20.A07,mcs10_r02_s20.B07,ll_lum,11,22,384418,0.061611,0,20,1115,0.000174071,240578,240578,0,189793,
mcs10_r02_s20.A08,mcs10_r02_s20.B08,ll_lum,11,24,368191,0.0611657,0,20,72,1.8137e-05,227881,227881,0,182185,
mcs10_r02_s20.A09,mcs10_r02_s20.B09,ll_lum,12,19,190661,0.0343523,0,20,30248,0.00524482,122829,122829,0,103603,
mcs10_r02_s25.A00,mcs10_r02_s25.B00,ll_lum,13,30,3747537,0.722575,0,25,35899,0.00640236,2335102,2335102,0,1977865,
mcs10_r02_s25.A01,mcs10_r02_s25.B01,ll_lum,13,28,4378323,0.818791,0,25,3947,0.000715816,2720951,2720951,0,2252848,
mcs10_r02_s25.A02,mcs10_r02_s25.B02,ll_lum,13,28,6489537,1.20899,0,25,1340268,0.237133,4032419,4032419,0,3459845,
mcs10_r02_s25.A03,mcs10_r02_s25.B03,ll_lum,14,25,3983799,0.785544,0,25,3830642,0.755397,2446889,2446889,0,2049458,
mcs10_r02_s25.A04,mcs10_r02_s25.B04,ll_lum,13,27,4697120,0.890532,0,25,145087,0.0266369,2907615,2907615,0,2414137,
mcs10_r02_s25.A05,mcs10_r02_s25.B05,ll_lum,13,28,4814507,0.912377,0,25,604,0.000129645,2983033,2983033,0,2552750,
mcs10_r02_s25.A06,mcs10_r02_s25.B06,ll_lum,13,25,5443134,1.02497,0,25,120872,0.0213855,3342951,3342951,0,2840656,
mcs10_r02_s25.A07,mcs10_r02_s25.B07,ll_lum,13,26,7938421,1.49096,0,25,709077,0.126055,4820518,4820518,0,4014599,
mcs10_r02_s25.A08,mcs10_r02_s25.B08,ll_lum,13,21,3379730,0.648604,0,25,234919,0.040937,2118721,2118721,0,1826685,
mcs10_r02_s25.A09,mcs10_r02_s25.B09,ll_lum,13,23,5532517,1.02929,0,25,372744,0.0668662,3404087,3404087,0,2833476,
mcs10_r02_s30.A00,mcs10_r02_s30.B00,ll_lum,15,27,90199846,17.8078,0,30,88876003,17.5448,54986948,54986948,0,47280905,
mcs10_r02_s30.A01,mcs10_r02_s30.B01,ll_lum,15,27,66880779,13.7407,0,30,48322968,9.86479,40692003,40692003,0,35457606,
mcs10_r02_s30.A02,mcs10_r02_s30.B02,ll_lum,14,22,76883103,15.2645,0,30,1561830,0.295254,47162520,47162520,0,40481339,
mcs10_r02_s30.A03,mcs10_r02_s30.B03,ll_lum,14,29,86858731,18.4117,0,30,989896,0.194172,52633839,52633839,0,45722683,
mcs10_r02_s30.A04,mcs10_r02_s30.B04,ll_lum,14,26,86665078,17.0608,0,30,1539888,0.282855,53193841,53193841,0,45880526,
mcs10_r02_s30.A05,mcs10_r02_s30.B05,ll_lum,15,27,68732906,14.0744,0,30,54272710,11.0777,41751879,41751879,0,36209081,
mcs10_r02_s30.A06,mcs10_r02_s30.B06,ll_lum,14,29,70832809,14.6428,0,30,629107,0.124011,43330043,43330043,0,38190273,
mcs10_r02_s30.A07,mcs10_r02_s30.B07,ll_lum,15,29,44586213,9.25567,0,30,27652556,5.63325,27214845,27214845,0,23918711,
mcs10_r02_s30.A08,mcs10_r02_s30.B08,ll_lum,14,29,90787231,18.3767,0,30,251799,0.0470757,55115502,55115502,0,47866001,
mcs10_r02_s30.A09,mcs10_r02_s30.B09,ll_lum,14,28,91061807,18.2585,0,30,500744,0.098223,55224321,55224321,0,48032434,
mcs10_r02_s35.A00,mcs10_r02_s35.B00,ll_lum,15,35,1080085502,225.565,0,35,253180,0.0506103,658634500,658634500,0,581833821,
mcs10_r02_s35.A01,mcs10_r02_s35.B01,ll_lum,16,35,799017889,174.121,0,35,461865273,99.4507,483670824,483670824,0,430718708,
mcs10_r02_s35.A02,mcs10_r02_s35.B02,ll_lum,15,40,1099165049,235.44,0,35,3687844,0.759687,658863627,658863627,0,582839101,
mcs10_r02_s35.A03,mcs10_r02_s35.B03,ll_lum,15,26,1179033414,259.089,0,35,3711332,0.783497,709041361,709041361,0,636082245,
mcs10_r02_s35.A04,mcs10_r02_s35.B04,ll_lum,15,38,1010342538,215.506,0,35,8105716,1.62274,613991801,613991801,0,546245452,
mcs10_r02_s35.A05,mcs10_r02_s35.B05,ll_lum,15,32,1046411054,231.81,0,35,4192963,0.886484,627585807,627585807,0,563699192,
mcs10_r02_s35.A06,mcs10_r02_s35.B06,ll_lum,15,32,1223493014,260.386,0,35,5485046,1.11508,742617537,742617537,0,660218672,
mcs10_r02_s35.A07,mcs10_r02_s35.B07,ll_lum,15,28,911080901,195.499,0,35,800048,0.16263,553227671,553227671,0,491856261,
mcs10_r02_s35.A08,mcs10_r02_s35.B08,ll_lum,15,30,1280971461,281.689,0,35,42294100,8.70776,765526639,765526639,0,685250166,
mcs10_r02_s35.A09,mcs10_r02_s35.B09,ll_lum,15,32,1286717933,274.684,0,35,1925707,0.3859,775690738,775690738,0,689134268,
mcs10_r02_s40.A00,mcs10_r02_s40.B00,ll_lum,17,37,4274834173,1000.02,1,40,3032957716,702.754,2545762884,2545762884,0,2318313414,
mcs10_r02_s40.A01,mcs10_r02_s40.B01,ll_lum,17,38,4257631569,998.916,0,40,979016618,220.544,2564805299,2564805299,0,2314695295,
mcs10_r02_s40.A02,mcs10_r02_s40.B02,ll_lum,16,36,4348085352,1000.01,1,40,55549117,11.9768,2595001063,2595001063,0,2361976869,
mcs10_r02_s40.A03,mcs10_r02_s40.B03,ll_lum,16,39,4334198941,1000.01,1,40,26252494,5.72434,2547348881,2547348881,0,2323017483,
mcs10_r02_s40.A04,mcs10_r02_s40.B04,ll_lum,16,35,4338128568,1000.01,1,40,86829901,18.711,2561440543,2561440543,0,2334033097,
mcs10_r02_s40.A05,mcs10_r02_s40.B05,ll_lum,16,42,4332560023,1000.02,1,40,141647243,30.4504,2549423183,2549423183,0,2327069165,
mcs10_r02_s40.A06,mcs10_r02_s40.B06,ll_lum,16,32,4427344214,1000.02,1,40,6293420,1.34347,2630745138,2630745138,0,2384990898,
mcs10_r02_s40.A07,mcs10_r02_s40.B07,ll_lum,16,34,4345308012,1000.01,1,40,3719664,0.766047,2588039047,2588039047,0,2349926987,
mcs10_r02_s40.A08,mcs10_r02_s40.B08,ll_lum,16,31,4393219885,1000.01,1,40,103903712,22.297,2602596065,2602596065,0,2354515987,
mcs10_r02_s40.A09,mcs10_r02_s40.B09,ll_lum,16,24,4328170159,1000.01,1,40,9598652,2.05678,2577881789,2577881789,0,2342989521,
mcs10_r02_s50.A00,mcs10_r02_s50.B00,ll_lum,17,35,4203541355,1000.01,1,50,341566094,76.0132,2412365970,2412365970,0,2247478462,
mcs10_r02_s50.A01,mcs10_r02_s50.B01,ll_lum,17,36,4136440869,1000.01,1,50,501956130,115.881,2376578390,2376578390,0,2211202410,
mcs10_r02_s50.A02,mcs10_r02_s50.B02,ll_lum,17,38,3044111195,1000.01,1,50,130299454,40.1952,1738421837,1738421837,0,1620195833,
mcs10_r02_s50.A03,mcs10_r02_s50.B03,ll_lum,17,39,3004584225,1000.01,1,50,84870067,26.6957,1749651031,1749651031,0,1610344623,
mcs10_r02_s50.A04,mcs10_r02_s50.B04,ll_lum,17,33,3030691073,1000.02,1,50,105916699,33.644,1747176557,1747176557,0,1621371913,
mcs10_r02_s50.A05,mcs10_r02_s50.B05,ll_lum,17,46,3704440527,1000.02,1,50,58926995,14.8213,2136257071,2136257071,0,1979723435,
mcs10_r02_s50.A06,mcs10_r02_s50.B06,ll_lum,17,36,3639396624,1000.02,1,50,188764968,48.6136,2069741111,2069741111,0,1931868023,
mcs10_r02_s50.A07,mcs10_r02_s50.B07,ll_lum,18,34,3792937990,1000.02,1,50,1969271344,502.142,2194701349,2194701349,0,2034325680,
mcs10_r02_s50.A08,mcs10_r02_s50.B08,ll_lum,17,37,3896491815,1000.01,1,50,1344445925,330.733,2232463961,2232463961,0,2070450434,
mcs10_r02_s50.A09,mcs10_r02_s50.B09,ll_lum,17,43,3809538658,1000.02,1,50,101658583,24.9064,2177129019,2177129019,0,2029215412,
mcs10_r02_s60.A00,mcs10_r02_s60.B00,ll_lum,18,52,3511765215,1000.02,1,60,272463366,71.534,1976134548,1976134548,0,1866241178,
mcs10_r02_s60.A01,mcs10_r02_s60.B01,ll_lum,18,41,3560260026,1000.02,1,60,344531563,90.8449,1981521250,1981521250,0,1884729263,
mcs10_r02_s60.A02,mcs10_r02_s60.B02,ll_lum,18,47,3947979407,1000.02,1,60,172282135,41.4457,2229499976,2229499976,0,2087847565,
mcs10_r02_s60.A03,mcs10_r02_s60.B03,ll_lum,18,51,3838235475,1000.02,1,60,593464696,144.656,2144472083,2144472083,0,2027050349,
mcs10_r02_s60.A04,mcs10_r02_s60.B04,ll_lum,18,46,4010583065,1000.02,1,60,2391578305,582.237,2232058614,2232058614,0,2095680691,
mcs10_r02_s60.A05,mcs10_r02_s60.B05,ll_lum,18,40,4102860361,1000.02,1,60,3455027549,831.383,2284141548,2284141548,0,2152704372,
mcs10_r02_s60.A06,mcs10_r02_s60.B06,ll_lum,17,41,4155347756,1000.02,1,60,10881121,2.41379,2303702773,2303702773,0,2173899347,
mcs10_r02_s60.A07,mcs10_r02_s60.B07,ll_lum,18,38,3641135470,1000.01,1,60,166442920,42.6327,2044910840,2044910840,0,1937759657,
mcs10_r02_s60.A08,mcs10_r02_s60.B08,ll_lum,18,44,3725471993,1000.02,1,60,1388186168,353.985,2079028843,2079028843,0,1970413841,
mcs10_r02_s60.A09,mcs10_r02_s60.B09,ll_lum,18,47,3866416206,1000.02,1,60,781592164,189.05,2155797826,2155797826,0,2047441600,
mcs10_r02_s70.A00,mcs10_r02_s70.B00,ll_lum,19,59,3802369117,1000.01,1,70,1714222164,431.723,2088926563,2088926563,0,1992495104,
mcs10_r02_s70.A01,mcs10_r02_s70.B01,ll_lum,18,36,3987083428,1000.02,1,70,133089965,31.2796,2174644121,2174644121,0,2066350188,
mcs10_r02_s70.A02,mcs10_r02_s70.B02,ll_lum,19,46,3832154821,1000.01,1,70,1441347938,356.908,2098577283,2098577283,0,2005806005,
mcs10_r02_s70.A03,mcs10_r02_s70.B03,ll_lum,19,54,3824363247,1000.02,1,70,900849882,219.438,2090463418,2090463418,0,2006651692,
mcs10_r02_s70.A04,mcs10_r02_s70.B04,ll_lum,18,45,4014957154,1000.02,1,70,29922339,6.97176,2198839650,2198839650,0,2088076495,
mcs10_r02_s70.A05,mcs10_r02_s70.B05,ll_lum,18,47,3961483089,1000.02,1,70,44241363,10.2244,2166261983,2166261983,0,2065192776,
mcs10_r02_s70.A06,mcs10_r02_s70.B06,ll_lum,18,50,4023707939,1000.01,1,70,4365623,0.985267,2192512683,2192512683,0,2096830395,
mcs10_r02_s70.A07,mcs10_r02_s70.B07,ll_lum,18,43,3945097511,1000.01,1,70,36137509,8.32133,2160262201,2160262201,0,2056931278,
mcs10_r02_s70.A08,mcs10_r02_s70.B08,ll_lum,19,47,3966039189,1000.02,1,70,3094671544,769.261,2165132114,2165132114,0,2060066560,
mcs10_r02_s70.A09,mcs10_r02_s70.B09,ll_lum,18,37,4015373746,1000.02,1,70,2182666,0.493292,2199076185,2199076185,0,2092773885,
mcs10_r02_s80.A00,mcs10_r02_s80.B00,ll_lum,18,52,4103283278,1000.01,1,80,5160796,1.12476,2207822068,2207822068,0,2111826418,
mcs10_r02_s80.A01,mcs10_r02_s80.B01,ll_lum,19,49,3898669842,1000.01,1,80,1561019968,380.863,2100636336,2100636336,0,2018499102,
mcs10_r02_s80.A02,mcs10_r02_s80.B02,ll_lum,19,48,3828256544,1000.02,1,80,128085265,29.7004,2067537057,2067537057,0,1998232905,
mcs10_r02_s80.A03,mcs10_r02_s80.B03,ll_lum,19,45,3861894710,1000.01,1,80,950994972,231.81,2084518942,2084518942,0,2005184863,
mcs10_r02_s80.A04,mcs10_r02_s80.B04,ll_lum,19,50,4026251705,1000.01,1,80,3665954094,903.501,2172376214,2172376214,0,2085414221,
mcs10_r02_s80.A05,mcs10_r02_s80.B05,ll_lum,18,46,4093128223,1000.01,1,80,61593654,14.1407,2186576789,2186576789,0,2093652454,
mcs10_r02_s80.A06,mcs10_r02_s80.B06,ll_lum,19,43,3798690129,1000.02,1,80,721042590,177.718,2059935373,2059935373,0,1983438056,
mcs10_r02_s80.A07,mcs10_r02_s80.B07,ll_lum,19,49,3859875746,1000.01,1,80,2008172336,501.484,2081074777,2081074777,0,1998857294,
mcs10_r02_s80.A08,mcs10_r02_s80.B08,ll_lum,19,54,3946690789,1000.02,1,80,2772042038,684.511,2121154542,2121154542,0,2027318484,
mcs10_r02_s80.A09,mcs10_r02_s80.B09,ll_lum,19,44,3938103453,1000.01,1,80,1453593793,359.981,2133066011,2133066011,0,2045526366,
mcs10_r02_s90.A00,mcs10_r02_s90.B00,ll_lum,19,59,3902279064,1000.01,1,90,70984515,16.8986,2085637288,2085637288,0,2013848842,
mcs10_r02_s90.A01,mcs10_r02_s90.B01,ll_lum,19,62,3900075354,1000.02,1,90,3738132,0.855599,2085900212,2085900212,0,2009377553,
mcs10_r02_s90.A02,mcs10_r02_s90.B02,ll_lum,19,50,3868495808,1000.01,1,90,161582485,38.5698,2070193727,2070193727,0,1994134377,
mcs10_r02_s90.A03,mcs10_r02_s90.B03,ll_lum,19,55,3906500607,1000.02,1,90,79800417,18.5884,2095121605,2095121605,0,2011322527,
mcs10_r02_s90.A04,mcs10_r02_s90.B04,ll_lum,19,45,1931818410,1000.01,1,90,40403512,19.0514,1025382781,1025382781,0,991471422,
mcs10_r02_s90.A05,mcs10_r02_s90.B05,ll_lum,19,50,1955378796,1000.03,1,90,83881768,39.5297,1034855362,1034855362,0,1004379250,
mcs10_r02_s90.A06,mcs10_r02_s90.B06,ll_lum,19,52,1946050163,1000.02,1,90,6762906,3.12019,1033471562,1033471562,0,1001306690,
mcs10_r02_s90.A07,mcs10_r02_s90.B07,ll_lum,19,41,1950975612,1000.01,1,90,58981212,28.0575,1037810077,1037810077,0,1002208978,
mcs10_r02_s90.A08,mcs10_r02_s90.B08,ll_lum,19,57,1985529997,1000.01,1,90,599697801,285.531,1049926832,1049926832,0,1015940994,
mcs10_r02_s90.A09,mcs10_r02_s90.B09,ll_lum,19,43,1987071152,1000.01,1,90,172220521,81.4226,1055929074,1055929074,0,1019007255,
mcs30_b03_s100.A00,mcs30_b03_s100.B00,ll_lum,67,59,4351124825,1000.02,1,100,313724376,50.8337,3513565755,3513565755,0,2830982235,
mcs30_b03_s100.A01,mcs30_b03_s100.B01,ll_lum,62,51,9913380023,1000.02,1,100,9105856,1.10479,8564931299,8564931299,0,7256513383,
mcs30_b03_s100.A02,mcs30_b03_s100.B02,ll_lum,68,55,6401553215,1000.02,1,100,2690809494,403.203,5465011597,5465011597,0,4594760738,
mcs30_b03_s100.A03,mcs30_b03_s100.B03,ll_lum,64,51,25769133771,1000.02,1,100,193,7.4472e-05,19648084299,19648084299,0,14101087095,
mcs30_b03_s100.A04,mcs30_b03_s100.B04,ll_lum,62,44,21092755362,1000.02,1,100,322,9.9649e-05,18009506730,18009506730,0,15463922063,
mcs30_b03_s100.A05,mcs30_b03_s100.B05,ll_lum,59,42,24415584194,1000.01,1,100,60,5.8548e-05,19456170955,19456170955,0,14531172192,
mcs30_b03_s100.A06,mcs30_b03_s100.B06,ll_lum,61,47,22543854531,1000.02,1,100,5142562277,205.985,18253365287,18253365287,0,14285596040,
mcs30_b03_s100.A07,mcs30_b03_s100.B07,ll_lum,68,57,6282845338,1000.02,1,100,19847940,2.54001,4709614939,4709614939,0,3676960525,
mcs30_b03_s100.A08,mcs30_b03_s100.B08,ll_lum,67,52,17811372670,1000.02,1,100,936677580,114.104,14686317855,14686317855,0,11702027013,
mcs30_b03_s100.A09,mcs30_b03_s100.B09,ll_lum,73,62,6490639627,1000.01,1,100,1703608313,256.068,4593944266,4593944266,0,3391158257,
mcs30_b03_s15.A00,mcs30_b03_s15.B00,ll_lum,11,10,3722,0.000448523,0,15,1973,0.000225979,2390,2390,0,1581,
mcs30_b03_s15.A01,mcs30_b03_s15.B01,ll_lum,12,12,725,0.000136635,0,15,136,2.8694e-05,483,483,0,331,
mcs30_b03_s15.A02,mcs30_b03_s15.B02,ll_lum,11,11,3026,0.000377018,0,15,37,1.305e-05,1936,1936,0,1260,
mcs30_b03_s15.A03,mcs30_b03_s15.B03,ll_lum,11,11,2627,0.000358951,0,15,13,7.151e-06,1682,1682,0,1154,
mcs30_b03_s15.A04,mcs30_b03_s15.B04,ll_lum,11,14,4704,0.000819575,0,15,1530,0.00016615,3197,3197,0,2299,
mcs30_b03_s15.A05,mcs30_b03_s15.B05,ll_lum,11,12,3961,0.000495097,0,15,31,1.2128e-05,2608,2608,0,1842,
mcs30_b03_s15.A06,mcs30_b03_s15.B06,ll_lum,11,14,3404,0.000713355,0,15,12,1.0095e-05,2221,2221,0,1649,
mcs30_b03_s15.A07,mcs30_b03_s15.B07,ll_lum,12,11,4489,0.000410069,0,15,3978,0.000314955,2990,2990,0,1887,
mcs30_b03_s15.A08,mcs30_b03_s15.B08,ll_lum,11,9,3616,0.000424128,0,15,335,4.2454e-05,2402,2402,0,1667,
mcs30_b03_s15.A09,mcs30_b03_s15.B09,ll_lum,12,11,3026,0.000365239,0,15,2583,0.000265749,1958,1958,0,1471,
mcs30_b03_s20.A00,mcs30_b03_s20.B00,ll_lum,15,13,30452,0.00321955,0,20,22197,0.00222144,20111,20111,0,14668,
mcs30_b03_s20.A01,mcs30_b03_s20.B01,ll_lum,15,13,18678,0.00233271,0,20,1528,0.000164827,12292,12292,0,8882,
mcs30_b03_s20.A02,mcs30_b03_s20.B02,ll_lum,15,15,32197,0.00426129,0,20,649,9.32e-05,20870,20870,0,14949,
mcs30_b03_s20.A03,mcs30_b03_s20.B03,ll_lum,15,15,31774,0.0037134,0,20,10474,0.00112574,20427,20427,0,13389,
mcs30_b03_s20.A04,mcs30_b03_s20.B04,ll_lum,15,11,29462,0.00333767,0,20,18796,0.0019312,19495,19495,0,14331,
mcs30_b03_s20.A05,mcs30_b03_s20.B05,ll_lum,15,13,30370,0.00342986,0,20,1485,0.0001458,20893,20893,0,15414,
mcs30_b03_s20.A06,mcs30_b03_s20.B06,ll_lum,15,17,12261,0.00157008,0,20,36,1.2389e-05,7992,7992,0,5562,
mcs30_b03_s20.A07,mcs30_b03_s20.B07,ll_lum,16,18,17437,0.00216584,0,20,15611,0.00191155,11310,11310,0,7850,
mcs30_b03_s20.A08,mcs30_b03_s20.B08,ll_lum,16,15,12066,0.0013976,0,20,10111,0.00112802,7854,7854,0,5289,
mcs30_b03_s20.A09,mcs30_b03_s20.B09,ll_lum,15,14,20245,0.0025343,0,20,83,1.8087e-05,13082,13082,0,9314,
mcs30_b03_s25.A00,mcs30_b03_s25.B00,ll_lum,19,14,128607,0.0154623,0,25,29888,0.00322075,92914,92914,0,69504,
mcs30_b03_s25.A01,mcs30_b03_s25.B01,ll_lum,20,20,52650,0.00685808,0,25,5014,0.0005853,34697,34697,0,24564,
mcs30_b03_s25.A02,mcs30_b03_s25.B02,ll_lum,19,17,386380,0.0419515,0,25,92988,0.00863356,275180,275180,0,191430,
mcs30_b03_s25.A03,mcs30_b03_s25.B03,ll_lum,20,16,159005,0.0184164,0,25,156811,0.0181236,101638,101638,0,68694,
mcs30_b03_s25.A04,mcs30_b03_s25.B04,ll_lum,20,14,38934,0.00495087,0,25,26671,0.00322145,25867,25867,0,19246,
mcs30_b03_s25.A05,mcs30_b03_s25.B05,ll_lum,19,17,256559,0.0289961,0,25,37527,0.00409123,179867,179867,0,129173,
mcs30_b03_s25.A06,mcs30_b03_s25.B06,ll_lum,19,19,277287,0.0304843,0,25,4676,0.000448783,194539,194539,0,136831,
mcs30_b03_s25.A07,mcs30_b03_s25.B07,ll_lum,19,16,284035,0.0332547,0,25,15706,0.00183895,195311,195311,0,137451,
mcs30_b03_s25.A08,mcs30_b03_s25.B08,ll_lum,19,18,188002,0.0225538,0,25,55237,0.0063298,124197,124197,0,88893,
mcs30_b03_s25.A09,mcs30_b03_s25.B09,ll_lum,19,17,140889,0.0166825,0,25,13988,0.00177148,96689,96689,0,68101,
mcs30_b03_s30.A00,mcs30_b03_s30.B00,ll_lum,23,21,848419,0.106319,0,30,214484,0.0247414,597113,597113,0,438704,
mcs30_b03_s30.A01,mcs30_b03_s30.B01,ll_lum,23,22,1127718,0.140712,0,30,60140,0.00632385,755675,755675,0,521266,
mcs30_b03_s30.A02,mcs30_b03_s30.B02,ll_lum,23,22,3245900,0.417436,0,30,2686041,0.343147,2106467,2106467,0,1478393,
mcs30_b03_s30.A03,mcs30_b03_s30.B03,ll_lum,24,17,1171194,0.14304,0,30,1146335,0.139682,772267,772267,0,545874,
mcs30_b03_s30.A04,mcs30_b03_s30.B04,ll_lum,24,21,426902,0.0561773,0,30,356369,0.046055,284453,284453,0,212062,
mcs30_b03_s30.A05,mcs30_b03_s30.B05,ll_lum,23,15,805531,0.104586,0,30,351730,0.0413408,571072,571072,0,437326,
mcs30_b03_s30.A06,mcs30_b03_s30.B06,ll_lum,22,21,5428653,0.648565,0,30,3750,0.000468441,3764735,3764735,0,2659403,
mcs30_b03_s30.A07,mcs30_b03_s30.B07,ll_lum,24,19,1145207,0.143537,0,30,1057972,0.131263,747785,747785,0,539480,
mcs30_b03_s30.A08,mcs30_b03_s30.B08,ll_lum,23,20,1002621,0.128122,0,30,197408,0.0242436,678714,678714,0,474266,
mcs30_b03_s30.A09,mcs30_b03_s30.B09,ll_lum,23,20,859183,0.10969,0,30,25681,0.00279872,618407,618407,0,456561,
mcs30_b03_s35.A00,mcs30_b03_s35.B00,ll_lum,27,25,3928480,0.562337,0,35,417121,0.0520091,2650548,2650548,0,1987833,
mcs30_b03_s35.A01,mcs30_b03_s35.B01,ll_lum,27,21,9036790,1.1459,0,35,3682790,0.45415,6165489,6165489,0,4389749,
mcs30_b03_s35.A02,mcs30_b03_s35.B02,ll_lum,28,23,7763264,1.04485,0,35,7737808,1.04154,5064717,5064717,0,3472057,
mcs30_b03_s35.A03,mcs30_b03_s35.B03,ll_lum,27,22,8732296,1.06017,0,35,4385877,0.493738,6021587,6021587,0,4215849,
mcs30_b03_s35.A04,mcs30_b03_s35.B04,ll_lum,27,26,4589662,0.628202,0,35,238021,0.0287569,3103668,3103668,0,2288156,
mcs30_b03_s35.A05,mcs30_b03_s35.B05,ll_lum,27,22,9848440,1.32233,0,35,6536378,0.861106,6951535,6951535,0,5347491,
mcs30_b03_s35.A06,mcs30_b03_s35.B06,ll_lum,28,27,3869575,0.505798,0,35,3435920,0.448751,2491315,2491315,0,1690126,
mcs30_b03_s35.A07,mcs30_b03_s35.B07,ll_lum,27,20,9242787,1.19824,0,35,1034498,0.126006,6089021,6089021,0,3997876,
mcs30_b03_s35.A08,mcs30_b03_s35.B08,ll_lum,27,20,3168446,0.435338,0,35,308894,0.036675,2137384,2137384,0,1530549,
mcs30_b03_s35.A09,mcs30_b03_s35.B09,ll_lum,27,24,6889859,0.872476,0,35,271444,0.0292664,4709606,4709606,0,3240487,
mcs30_b03_s40.A00,mcs30_b03_s40.B00,ll_lum,31,28,62151547,8.54951,0,40,20698883,2.72624,44698363,44698363,0,33064717,
mcs30_b03_s40.A01,mcs30_b03_s40.B01,ll_lum,31,29,43787495,6.02381,0,40,5719707,0.731195,29586035,29586035,0,20654393,
mcs30_b03_s40.A02,mcs30_b03_s40.B02,ll_lum,31,21,83792328,11.2259,0,40,54301109,7.29327,58681832,58681832,0,42567628,
mcs30_b03_s40.A03,mcs30_b03_s40.B03,ll_lum,31,23,78350699,10.9077,0,40,50767712,7.02451,55015532,55015532,0,40483042,
mcs30_b03_s40.A04,mcs30_b03_s40.B04,ll_lum,31,25,42752485,6.10266,0,40,1148818,0.144873,29007359,29007359,0,20797802,
mcs30_b03_s40.A05,mcs30_b03_s40.B05,ll_lum,31,22,74284304,10.5037,0,40,51978715,7.26101,52321552,52321552,0,39459741,
mcs30_b03_s40.A06,mcs30_b03_s40.B06,ll_lum,31,27,30594707,4.39742,0,40,5997422,0.826689,21171130,21171130,0,15755713,
mcs30_b03_s40.A07,mcs30_b03_s40.B07,ll_lum,31,29,95727710,12.29,0,40,68621370,8.5124,66280211,66280211,0,47367815,
mcs30_b03_s40.A08,mcs30_b03_s40.B08,ll_lum,31,24,48950628,7.08448,0,40,23061076,3.23687,33819912,33819912,0,25916689,
mcs30_b03_s40.A09,mcs30_b03_s40.B09,ll_lum,31,25,61282556,8.61723,0,40,48435232,6.79869,40936397,40936397,0,29332350,
mcs30_b03_s50.A00,mcs30_b03_s50.B00,ll_lum,40,34,1573314645,228.91,0,50,1386312481,201.217,1109904898,1109904898,0,817593053,
mcs30_b03_s50.A01,mcs30_b03_s50.B01,ll_lum,39,31,3638199681,525.661,0,50,530417290,76.2695,2484382438,2484382438,0,1715497083,
mcs30_b03_s50.A02,mcs30_b03_s50.B02,ll_lum,39,31,1186081108,178.515,0,50,177664784,24.7701,846069374,846069374,0,636435709,
mcs30_b03_s50.A03,mcs30_b03_s50.B03,ll_lum,39,28,4697992933,664.621,0,50,2117144972,271.399,3547271605,3547271605,0,2677176775,
mcs30_b03_s50.A04,mcs30_b03_s50.B04,ll_lum,39,30,4935535770,693.422,0,50,4010650805,561.638,3525568798,3525568798,0,2595985357,
mcs30_b03_s50.A05,mcs30_b03_s50.B05,ll_lum,40,32,1748755721,223.815,0,50,1672177815,211.628,1321681191,1321681191,0,1048045497,
mcs30_b03_s50.A06,mcs30_b03_s50.B06,ll_lum,38,33,6934597771,1000.01,1,50,725510380,101.311,4916101920,4916101920,0,3582809642,
mcs30_b03_s50.A07,mcs30_b03_s50.B07,ll_lum,39,32,4767552521,689.767,0,50,3480327564,503.426,3360036532,3360036532,0,2454879696,
mcs30_b03_s50.A08,mcs30_b03_s50.B08,ll_lum,39,35,7071315456,1000.01,1,50,5395999811,757.395,4972565686,4972565686,0,3533493878,
mcs30_b03_s50.A09,mcs30_b03_s50.B09,ll_lum,39,31,2509122979,373.476,0,50,101042235,14.2503,1717012591,1717012591,0,1198834294,
mcs30_b03_s60.A00,mcs30_b03_s60.B00,ll_lum,46,42,6586216476,1000.02,1,60,932191033,132.899,4612596597,4612596597,0,3342336789,
mcs30_b03_s60.A01,mcs30_b03_s60.B01,ll_lum,45,39,6792430611,1000.01,1,60,477308216,64.7952,4747903259,4747903259,0,3458460823,
mcs30_b03_s60.A02,mcs30_b03_s60.B02,ll_lum,46,41,6741719226,1000.01,1,60,306288865,39.6027,4653287373,4653287373,0,3369929847,
mcs30_b03_s60.A03,mcs30_b03_s60.B03,ll_lum,46,36,7079003267,1000.01,1,60,2938752909,410.33,4983784130,4983784130,0,3492040626,
mcs30_b03_s60.A04,mcs30_b03_s60.B04,ll_lum,46,35,6592588758,1000.02,1,60,798721745,112.384,4596270623,4596270623,0,3388350698,
mcs30_b03_s60.A05,mcs30_b03_s60.B05,ll_lum,45,37,7334200820,1000,1,60,4069322234,532.732,5268330325,5268330325,0,3894566905,
mcs30_b03_s60.A06,mcs30_b03_s60.B06,ll_lum,46,38,6421960467,1000,1,60,1678999525,253.218,4526704147,4526704147,0,3410037301,
mcs30_b03_s60.A07,mcs30_b03_s60.B07,ll_lum,44,33,7617388630,1000.02,1,60,5581046295,699.068,5835970023,5835970023,0,4428201872,
mcs30_b03_s60.A08,mcs30_b03_s60.B08,ll_lum,46,38,6957136188,1000.01,1,60,2703133896,366.642,4852353027,4852353027,0,3418276945,
mcs30_b03_s60.A09,mcs30_b03_s60.B09,ll_lum,45,41,6637431619,1000.01,1,60,64746130,9.25562,4704967570,4704967570,0,3529517490,
mcs30_b03_s70.A00,mcs30_b03_s70.B00,ll_lum,48,39,20683282971,1000,1,70,19930664032,936.023,15640652962,15640652962,0,10637210164,
mcs30_b03_s70.A01,mcs30_b03_s70.B01,ll_lum,50,40,7228455483,1000.02,1,70,1592350467,190.182,5283848687,5283848687,0,3984154378,
mcs30_b03_s70.A02,mcs30_b03_s70.B02,ll_lum,51,40,6765170045,1000.01,1,70,2612810951,374.569,4820249980,4820249980,0,3526370173,
mcs30_b03_s70.A03,mcs30_b03_s70.B03,ll_lum,52,42,6584363965,1000.02,1,70,515591356,70.0652,4715794506,4715794506,0,3487249474,
mcs30_b03_s70.A04,mcs30_b03_s70.B04,ll_lum,45,30,19326827431,1000.02,1,70,606120324,25.6028,17223010892,17223010892,0,15142905250,
mcs30_b03_s70.A05,mcs30_b03_s70.B05,ll_lum,54,45,6523835675,1000.02,1,70,5135093599,790.844,4635582830,4635582830,0,3618240436,
mcs30_b03_s70.A06,mcs30_b03_s70.B06,ll_lum,50,41,6584317650,1000.01,1,70,5390558716,820.87,4765894371,4765894371,0,3580378768,
mcs30_b03_s70.A07,mcs30_b03_s70.B07,ll_lum,53,43,6786437059,1000.01,1,70,2067882492,285.89,4830663969,4830663969,0,3548336504,
mcs30_b03_s70.A08,mcs30_b03_s70.B08,ll_lum,52,43,7197809549,1000.01,1,70,1781990770,237.366,5020148043,5020148043,0,3447684977,
mcs30_b03_s70.A09,mcs30_b03_s70.B09,ll_lum,50,42,7910390519,1000.01,1,70,6259344411,785.81,5576259206,5576259206,0,3766554571,
mcs30_b03_s80.A00,mcs30_b03_s80.B00,ll_lum,55,42,6149857262,1000.01,1,80,426111249,66.8152,4771586528,4771586528,0,3850523008,
mcs30_b03_s80.A01,mcs30_b03_s80.B01,ll_lum,53,41,19244277032,1000.01,1,80,17571003244,890.735,16326050952,16326050952,0,13617287886,
mcs30_b03_s80.A02,mcs30_b03_s80.B02,ll_lum,52,44,10261515441,1000.02,1,80,36968943,2.59867,8010678695,8010678695,0,5908106112,
mcs30_b03_s80.A03,mcs30_b03_s80.B03,ll_lum,51,37,22591921260,1000.02,1,80,11299759545,502.205,19337188664,19337188664,0,16083343395,
mcs30_b03_s80.A04,mcs30_b03_s80.B04,ll_lum,58,54,6352709934,1000.01,1,80,583177936,84.194,4679779076,4679779076,0,3588664132,
mcs30_b03_s80.A05,mcs30_b03_s80.B05,ll_lum,54,43,8315093187,1000.02,1,80,221513168,22.5528,6399656453,6399656453,0,4712049829,
mcs30_b03_s80.A06,mcs30_b03_s80.B06,ll_lum,56,46,8344849586,1000.01,1,80,6736369930,784.672,5728656664,5728656664,0,4273947700,
mcs30_b03_s80.A07,mcs30_b03_s80.B07,ll_lum,58,45,6576496752,1000.02,1,80,313954417,40.9978,4660387491,4660387491,0,3216373909,
mcs30_b03_s80.A08,mcs30_b03_s80.B08,ll_lum,58,48,10247774848,1000.02,1,80,8987590458,826.277,8521122144,8521122144,0,7066305356,
mcs30_b03_s80.A09,mcs30_b03_s80.B09,ll_lum,58,48,6274393848,1000.02,1,80,2251185745,327.138,4618727447,4618727447,0,3627631512,
mcs30_b03_s90.A00,mcs30_b03_s90.B00,ll_lum,60,50,16904228220,1000.02,1,90,2552331,0.158769,13998838290,13998838290,0,11093593042,
mcs30_b03_s90.A01,mcs30_b03_s90.B01,ll_lum,64,52,14427088211,1000.02,1,90,1347783,0.163154,12917252323,12917252323,0,11514171659,
mcs30_b03_s90.A02,mcs30_b03_s90.B02,ll_lum,58,49,15502688241,1000.01,1,90,70568,0.00314856,13405867177,13405867177,0,11420996449,
mcs30_b03_s90.A03,mcs30_b03_s90.B03,ll_lum,65,54,6778442491,1000.02,1,90,1537413031,229.121,4926428934,4926428934,0,3505020487,
mcs30_b03_s90.A04,mcs30_b03_s90.B04,ll_lum,60,49,7345311276,1000.01,1,90,2461288896,258.561,5991249096,5991249096,0,4826724621,
mcs30_b03_s90.A05,mcs30_b03_s90.B05,ll_lum,57,42,23268507558,1000.02,1,90,477,0.000117427,18709195586,18709195586,0,14149883575,
mcs30_b03_s90.A06,mcs30_b03_s90.B06,ll_lum,65,54,6761268429,1000.02,1,90,2175397873,319.589,4920853716,4920853716,0,3677344081,
mcs30_b03_s90.A07,mcs30_b03_s90.B07,ll_lum,64,57,6699372196,1000.01,1,90,740692312,102.139,4903268471,4903268471,0,3659131642,
mcs30_b03_s90.A08,mcs30_b03_s90.B08,ll_lum,54,40,21530028243,1000.02,1,90,50,5.336e-05,17883101319,17883101319,0,14510365608,
mcs30_b03_s90.A09,mcs30_b03_s90.B09,ll_lum,63,52,8990670333,1000.02,1,90,6598657534,772.47,7252906352,7252906352,0,5599021404,
mcs30_b03m_s100.A00,mcs30_b03m_s100.B00,ll_lum,70,60,12079832022,1000.01,1,100,11797884660,961.171,10780995625,10780995625,0,9521104096,
mcs30_b03m_s100.A01,mcs30_b03m_s100.B01,ll_lum,71,56,8787004541,1000.01,1,100,7657854018,868.388,7000902249,7000902249,0,5471245360,
mcs30_b03m_s100.A02,mcs30_b03m_s100.B02,ll_lum,74,60,8412445198,1000.02,1,100,5431755766,544.509,6479314322,6479314322,0,5206303284,
mcs30_b03m_s100.A03,mcs30_b03m_s100.B03,ll_lum,74,59,6447906490,1000.02,1,100,2506196588,377.263,4301032635,4301032635,0,2861035902,
mcs30_b03m_s100.A04,mcs30_b03m_s100.B04,ll_lum,65,52,19458954669,1000.02,1,100,438978541,33.5517,15988154566,15988154566,0,12720760406,
mcs30_b03m_s100.A05,mcs30_b03m_s100.B05,ll_lum,69,57,20145895052,1000.02,1,100,19954701163,984.573,15896286930,15896286930,0,11722901232,
mcs30_b03m_s100.A06,mcs30_b03m_s100.B06,ll_lum,66,50,15563105728,1000.02,1,100,214234898,14.1952,13390413091,13390413091,0,11249720765,
mcs30_b03m_s100.A07,mcs30_b03m_s100.B07,ll_lum,70,56,17051382410,1000.01,1,100,10770544145,648.87,15499778656,15499778656,0,13948767468,
mcs30_b03m_s100.A08,mcs30_b03m_s100.B08,ll_lum,72,58,6921450647,1000.01,1,100,1229818686,99.4935,5088022504,5088022504,0,3592064175,
mcs30_b03m_s100.A09,mcs30_b03m_s100.B09,ll_lum,67,52,16434101157,1000.01,1,100,690789002,36.7003,14598543317,14598543317,0,12932991844,
mcs30_b03m_s15.A00,mcs30_b03m_s15.B00,ll_lum,12,9,660,0.000124548,0,15,308,4.9455e-05,439,439,0,328,
mcs30_b03m_s15.A01,mcs30_b03m_s15.B01,ll_lum,11,10,3061,0.000395547,0,15,139,2.4257e-05,1913,1913,0,1201,
mcs30_b03m_s15.A02,mcs30_b03m_s15.B02,ll_lum,11,9,3405,0.000425321,0,15,930,9.7587e-05,2186,2186,0,1528,
mcs30_b03m_s15.A03,mcs30_b03m_s15.B03,ll_lum,12,11,2194,0.00028492,0,15,1907,0.000222596,1438,1438,0,1029,
mcs30_b03m_s15.A04,mcs30_b03m_s15.B04,ll_lum,11,11,4283,0.000474266,0,15,59,1.6305e-05,2953,2953,0,2024,
mcs30_b03m_s15.A05,mcs30_b03m_s15.B05,ll_lum,12,10,2080,0.000270058,0,15,1986,0.000234846,1359,1359,0,965,
mcs30_b03m_s15.A06,mcs30_b03m_s15.B06,ll_lum,11,11,4092,0.000455729,0,15,19,7.591e-06,2784,2784,0,1835,
mcs30_b03m_s15.A07,mcs30_b03m_s15.B07,ll_lum,11,11,1816,0.000246553,0,15,314,4.3706e-05,1357,1357,0,1092,
mcs30_b03m_s15.A08,mcs30_b03m_s15.B08,ll_lum,11,10,3699,0.000447377,0,15,686,8.664e-05,2433,2433,0,1719,
mcs30_b03m_s15.A09,mcs30_b03m_s15.B09,ll_lum,12,12,2603,0.000338692,0,15,2354,0.000278572,1688,1688,0,1146,
mcs30_b03m_s20.A00,mcs30_b03m_s20.B00,ll_lum,15,12,12401,0.00136838,0,20,1287,0.000137358,8341,8341,0,5637,
mcs30_b03m_s20.A01,mcs30_b03m_s20.B01,ll_lum,15,11,23711,0.00256602,0,20,10481,0.000997328,16158,16158,0,11912,
mcs30_b03m_s20.A02,mcs30_b03m_s20.B02,ll_lum,15,13,42412,0.00475407,0,20,33503,0.00369436,28329,28329,0,19564,
mcs30_b03m_s20.A03,mcs30_b03m_s20.B03,ll_lum,15,11,49349,0.00537612,0,20,36167,0.00383923,31223,31223,0,20340,
mcs30_b03m_s20.A04,mcs30_b03m_s20.B04,ll_lum,15,17,39659,0.00483368,0,20,16116,0.00210518,25702,25702,0,17234,
mcs30_b03m_s20.A05,mcs30_b03m_s20.B05,ll_lum,15,14,21046,0.00244758,0,20,1874,0.000214883,13750,13750,0,9174,
mcs30_b03m_s20.A06,mcs30_b03m_s20.B06,ll_lum,15,12,15996,0.00183222,0,20,3876,0.000385741,10570,10570,0,7469,
mcs30_b03m_s20.A07,mcs30_b03m_s20.B07,ll_lum,16,14,19809,0.00213133,0,20,18366,0.00192907,12687,12687,0,8404,
mcs30_b03m_s20.A08,mcs30_b03m_s20.B08,ll_lum,15,15,24400,0.00272992,0,20,63,1.7617e-05,14972,14972,0,9403,
mcs30_b03m_s20.A09,mcs30_b03m_s20.B09,ll_lum,15,13,45365,0.00488722,0,20,23833,0.0023939,29845,29845,0,20004,
mcs30_b03m_s25.A00,mcs30_b03m_s25.B00,ll_lum,20,15,75998,0.00980719,0,25,69219,0.00889004,48563,48563,0,33472,
mcs30_b03m_s25.A01,mcs30_b03m_s25.B01,ll_lum,19,15,158161,0.0199094,0,25,23342,0.00219828,111053,111053,0,84409,
mcs30_b03m_s25.A02,mcs30_b03m_s25.B02,ll_lum,19,17,320075,0.036259,0,25,188580,0.0210579,215550,215550,0,152173,
mcs30_b03m_s25.A03,mcs30_b03m_s25.B03,ll_lum,19,13,442238,0.0508587,0,25,82893,0.00830611,302039,302039,0,204657,
mcs30_b03m_s25.A04,mcs30_b03m_s25.B04,ll_lum,19,13,259317,0.0274723,0,25,193656,0.0197772,177818,177818,0,126885,
mcs30_b03m_s25.A05,mcs30_b03m_s25.B05,ll_lum,19,15,122093,0.0154235,0,25,62917,0.00789683,87070,87070,0,68676,
mcs30_b03m_s25.A06,mcs30_b03m_s25.B06,ll_lum,19,16,349914,0.0372051,0,25,152377,0.0129597,237978,237978,0,162820,
mcs30_b03m_s25.A07,mcs30_b03m_s25.B07,ll_lum,19,16,169110,0.0213487,0,25,15383,0.00158484,111047,111047,0,75119,
mcs30_b03m_s25.A08,mcs30_b03m_s25.B08,ll_lum,19,15,5332457,0.544101,0,25,3545694,0.340931,4026148,4026148,0,3012973,
mcs30_b03m_s25.A09,mcs30_b03m_s25.B09,ll_lum,19,18,114865,0.0136294,0,25,10020,0.00100573,79096,79096,0,56969,
mcs30_b03m_s30.A00,mcs30_b03m_s30.B00,ll_lum,23,16,1620991,0.191147,0,30,966161,0.107746,1117937,1117937,0,767988,
mcs30_b03m_s30.A01,mcs30_b03m_s30.B01,ll_lum,23,18,519170,0.064104,0,30,78431,0.00436801,364778,364778,0,271005,
mcs30_b03m_s30.A02,mcs30_b03m_s30.B02,ll_lum,23,21,1755480,0.2229,0,30,50022,0.00545629,1240066,1240066,0,888004,
mcs30_b03m_s30.A03,mcs30_b03m_s30.B03,ll_lum,23,18,1577545,0.207002,0,30,68163,0.00849968,1080773,1080773,0,786192,
mcs30_b03m_s30.A04,mcs30_b03m_s30.B04,ll_lum,23,18,1508136,0.186532,0,30,993654,0.118243,999175,999175,0,692665,
mcs30_b03m_s30.A05,mcs30_b03m_s30.B05,ll_lum,23,17,3182958,0.348549,0,30,1438898,0.132582,2270491,2270491,0,1537406,
mcs30_b03m_s30.A06,mcs30_b03m_s30.B06,ll_lum,23,18,1086458,0.13591,0,30,409754,0.0467795,769104,769104,0,584032,
mcs30_b03m_s30.A07,mcs30_b03m_s30.B07,ll_lum,23,20,1113330,0.136856,0,30,180964,0.0191918,773867,773867,0,564414,
mcs30_b03m_s30.A08,mcs30_b03m_s30.B08,ll_lum,23,18,1664909,0.190906,0,30,331101,0.0316204,1175527,1175527,0,785205,
mcs30_b03m_s30.A09,mcs30_b03m_s30.B09,ll_lum,23,18,1354084,0.174112,0,30,430057,0.05319,871420,871420,0,585472,
mcs30_b03m_s35.A00,mcs30_b03m_s35.B00,ll_lum,27,21,5043618,0.665063,0,35,1487769,0.18539,3369773,3369773,0,2401681,
mcs30_b03m_s35.A01,mcs30_b03m_s35.B01,ll_lum,27,25,8906860,1.17945,0,35,4914803,0.616843,6373640,6373640,0,4722164,
mcs30_b03m_s35.A02,mcs30_b03m_s35.B02,ll_lum,28,23,1767320,0.239411,0,35,1330911,0.177415,1168093,1168093,0,862474,
mcs30_b03m_s35.A03,mcs30_b03m_s35.B03,ll_lum,27,20,8572745,1.06618,0,35,2152950,0.247874,5677146,5677146,0,3779775,
mcs30_b03m_s35.A04,mcs30_b03m_s35.B04,ll_lum,27,23,8013785,1.04493,0,35,269751,0.0292225,5543990,5543990,0,3885784,
mcs30_b03m_s35.A05,mcs30_b03m_s35.B05,ll_lum,27,23,22406044,2.83864,0,35,14790500,1.90119,15611176,15611176,0,10869929,
mcs30_b03m_s35.A06,mcs30_b03m_s35.B06,ll_lum,28,21,16678070,2.08544,0,35,16430450,2.04917,11215555,11215555,0,7668349,
mcs30_b03m_s35.A07,mcs30_b03m_s35.B07,ll_lum,27,22,7483626,0.960413,0,35,2089106,0.265178,5129091,5129091,0,3675719,
mcs30_b03m_s35.A08,mcs30_b03m_s35.B08,ll_lum,27,22,7400648,0.9211,0,35,4383650,0.525735,5269893,5269893,0,3877792,
mcs30_b03m_s35.A09,mcs30_b03m_s35.B09,ll_lum,27,19,4806017,0.613129,0,35,2375724,0.305068,3391601,3391601,0,2496580,
mcs30_b03m_s40.A00,mcs30_b03m_s40.B00,ll_lum,32,25,23004295,2.65623,0,40,19556080,2.16759,16650459,16650459,0,12248817,
mcs30_b03m_s40.A01,mcs30_b03m_s40.B01,ll_lum,31,25,163522057,21.4306,0,40,100185184,12.9099,110283023,110283023,0,76633301,
mcs30_b03m_s40.A02,mcs30_b03m_s40.B02,ll_lum,31,28,56281947,7.72343,0,40,3594749,0.441628,39460687,39460687,0,28188656,
mcs30_b03m_s40.A03,mcs30_b03m_s40.B03,ll_lum,32,26,31141917,4.27233,0,40,29676311,4.06602,22075824,22075824,0,15554925,
mcs30_b03m_s40.A04,mcs30_b03m_s40.B04,ll_lum,31,24,107200264,14.1615,0,40,52826445,6.49325,74699295,74699295,0,52567643,
mcs30_b03m_s40.A05,mcs30_b03m_s40.B05,ll_lum,31,25,84039683,11.0816,0,40,9239686,1.17065,56721565,56721565,0,38567144,
mcs30_b03m_s40.A06,mcs30_b03m_s40.B06,ll_lum,31,26,61568757,8.5322,0,40,6743827,0.899066,40564965,40564965,0,27267414,
mcs30_b03m_s40.A07,mcs30_b03m_s40.B07,ll_lum,31,25,74873733,10.1833,0,40,50946868,6.89003,52481489,52481489,0,38417294,
mcs30_b03m_s40.A08,mcs30_b03m_s40.B08,ll_lum,31,26,48139532,6.7571,0,40,3831300,0.52094,33490617,33490617,0,24836432,
mcs30_b03m_s40.A09,mcs30_b03m_s40.B09,ll_lum,31,21,245297839,31.4098,0,40,31742697,4.37411,180892921,180892921,0,127276473,
mcs30_b03m_s50.A00,mcs30_b03m_s50.B00,ll_lum,39,30,2099319360,309.923,0,50,997086914,142.547,1529829796,1529829796,0,1146831161,
mcs30_b03m_s50.A01,mcs30_b03m_s50.B01,ll_lum,40,33,3501608216,509.205,0,50,3310381866,481.411,2454069211,2454069211,0,1758528127,
mcs30_b03m_s50.A02,mcs30_b03m_s50.B02,ll_lum,39,32,2589819584,381.121,0,50,236164915,31.3762,1797559219,1797559219,0,1316878930,
mcs30_b03m_s50.A03,mcs30_b03m_s50.B03,ll_lum,39,28,3633562409,510.607,0,50,1679105965,229.665,2572144845,2572144845,0,1832802950,
mcs30_b03m_s50.A04,mcs30_b03m_s50.B04,ll_lum,39,29,3814383065,572.82,0,50,412036066,57.5168,2734196435,2734196435,0,2019440329,
mcs30_b03m_s50.A05,mcs30_b03m_s50.B05,ll_lum,40,33,1823780163,271.13,0,50,1254602659,183.938,1280339753,1280339753,0,908523587,
mcs30_b03m_s50.A06,mcs30_b03m_s50.B06,ll_lum,39,26,2970945412,349.58,0,50,1669607207,154.786,2194816904,2194816904,0,1652321886,
mcs30_b03m_s50.A07,mcs30_b03m_s50.B07,ll_lum,39,31,4833041935,704.014,0,50,4283406502,623.624,3522207108,3522207108,0,2621561839,
mcs30_b03m_s50.A08,mcs30_b03m_s50.B08,ll_lum,38,30,7138672522,1000.01,1,50,2111522992,282.87,4950417947,4950417947,0,3513640384,
mcs30_b03m_s50.A09,mcs30_b03m_s50.B09,ll_lum,39,30,2184169334,315.608,0,50,1360406531,190.167,1615062442,1615062442,0,1262855610,
mcs30_b03m_s60.A00,mcs30_b03m_s60.B00,ll_lum,40,32,12846568037,1000.01,1,60,48158888,2.99353,10407590274,10407590274,0,8054299031,
mcs30_b03m_s60.A01,mcs30_b03m_s60.B01,ll_lum,46,36,6900498359,1000.02,1,60,1572541094,209.604,4813669768,4813669768,0,3469492212,
mcs30_b03m_s60.A02,mcs30_b03m_s60.B02,ll_lum,43,30,17882299173,1000.02,1,60,8051592906,424.488,15538595690,15538595690,0,13300676882,
mcs30_b03m_s60.A03,mcs30_b03m_s60.B03,ll_lum,45,35,7025090928,1000.02,1,60,3204286163,451.45,4855129931,4855129931,0,3536007116,
mcs30_b03m_s60.A04,mcs30_b03m_s60.B04,ll_lum,47,36,6344212699,1000.02,1,60,1894120601,285.575,4486668115,4486668115,0,3352792450,
mcs30_b03m_s60.A05,mcs30_b03m_s60.B05,ll_lum,46,38,6932532229,1000.01,1,60,1882075454,254.582,4758419295,4758419295,0,3462375610,
mcs30_b03m_s60.A06,mcs30_b03m_s60.B06,ll_lum,46,36,6407972773,1000.01,1,60,157675729,23.2564,4473156512,4473156512,0,3363349894,
mcs30_b03m_s60.A07,mcs30_b03m_s60.B07,ll_lum,45,37,7301409562,1000.02,1,60,2208898800,288.19,4988082066,4988082066,0,3536605494,
mcs30_b03m_s60.A08,mcs30_b03m_s60.B08,ll_lum,47,40,6795089289,1000.01,1,60,5158494650,751.911,4734220009,4734220009,0,3411038451,
mcs30_b03m_s60.A09,mcs30_b03m_s60.B09,ll_lum,44,38,7035492032,1000.02,1,60,948557602,120.557,4989330041,4989330041,0,3594044989,
mcs30_b03m_s70.A00,mcs30_b03m_s70.B00,ll_lum,52,44,6702384743,1000.01,1,70,757487627,67.931,4937540234,4937540234,0,3748106521,
mcs30_b03m_s70.A01,mcs30_b03m_s70.B01,ll_lum,52,44,6767430495,1000.02,1,70,894698020,128.639,4637359417,4637359417,0,3386942499,
mcs30_b03m_s70.A02,mcs30_b03m_s70.B02,ll_lum,54,44,6961363067,1000.01,1,70,2020686136,239.097,4826449031,4826449031,0,3358911003,
mcs30_b03m_s70.A03,mcs30_b03m_s70.B03,ll_lum,52,44,8459489667,1000.02,1,70,3523993218,261.529,6592650837,6592650837,0,5140014816,
mcs30_b03m_s70.A04,mcs30_b03m_s70.B04,ll_lum,48,36,19334344213,1000,1,70,83712383,5.50578,17266483994,17266483994,0,15230746933,
mcs30_b03m_s70.A05,mcs30_b03m_s70.B05,ll_lum,52,41,7268513654,1000.02,1,70,7112760616,977.765,5048901103,5048901103,0,3478747271,
mcs30_b03m_s70.A06,mcs30_b03m_s70.B06,ll_lum,52,41,6796174865,1000.02,1,70,1647274568,234.967,4555192118,4555192118,0,3222491471,
mcs30_b03m_s70.A07,mcs30_b03m_s70.B07,ll_lum,52,39,7110834453,1000.01,1,70,6692201746,934.98,5335688482,5335688482,0,4031739819,
mcs30_b03m_s70.A08,mcs30_b03m_s70.B08,ll_lum,52,41,6922703936,1000.01,1,70,494666135,51.2682,4912251165,4912251165,0,3599151442,
mcs30_b03m_s70.A09,mcs30_b03m_s70.B09,ll_lum,52,43,6483269501,1000.01,1,70,1579058047,216.198,4704989944,4704989944,0,3620308180,
mcs30_b03m_s80.A00,mcs30_b03m_s80.B00,ll_lum,58,47,9099302246,1000.01,1,80,6657855387,600.861,7233592698,7233592698,0,5631939402,
mcs30_b03m_s80.A01,mcs30_b03m_s80.B01,ll_lum,59,47,7544818637,1000.02,1,80,3642165872,452.604,5176127525,5176127525,0,3615490553,
mcs30_b03m_s80.A02,mcs30_b03m_s80.B02,ll_lum,60,46,6956138178,1000.01,1,80,3972086252,554.257,4727477815,4727477815,0,3312994403,
mcs30_b03m_s80.A03,mcs30_b03m_s80.B03,ll_lum,57,46,19901836197,1000.02,1,80,15144588626,608.818,15525302925,15525302925,0,11649095085,
mcs30_b03m_s80.A04,mcs30_b03m_s80.B04,ll_lum,46,36,16057142852,1000.01,1,80,8793461739,502.078,13033345336,13033345336,0,10754201317,
mcs30_b03m_s80.A05,mcs30_b03m_s80.B05,ll_lum,58,47,7413498383,1000.01,1,80,4249440311,521.722,5025421088,5025421088,0,3741591737,
mcs30_b03m_s80.A06,mcs30_b03m_s80.B06,ll_lum,60,47,7871809426,1000.01,1,80,7781600923,985.592,6278686661,6278686661,0,4940450074,
mcs30_b03m_s80.A07,mcs30_b03m_s80.B07,ll_lum,51,42,20845299016,1000.02,1,80,32898837,1.48545,16930447994,16930447994,0,13548130737,
mcs30_b03m_s80.A08,mcs30_b03m_s80.B08,ll_lum,59,53,7033708180,1000.01,1,80,2264998759,312.75,5137536418,5137536418,0,3754497122,
mcs30_b03m_s80.A09,mcs30_b03m_s80.B09,ll_lum,56,46,7259364736,1000.02,1,80,875262253,115.352,5220138919,5220138919,0,3748839113,
mcs30_b03m_s90.A00,mcs30_b03m_s90.B00,ll_lum,63,51,6927043493,1000.02,1,90,534441983,67.8955,4887101821,4887101821,0,3426022630,
mcs30_b03m_s90.A01,mcs30_b03m_s90.B01,ll_lum,63,49,9717634054,1000.01,1,90,8024717380,801.181,7840409405,7840409405,0,6033610117,
mcs30_b03m_s90.A02,mcs30_b03m_s90.B02,ll_lum,63,52,7571443524,1000.01,1,90,2916345,0.319802,5871301222,5871301222,0,4374036353,
mcs30_b03m_s90.A03,mcs30_b03m_s90.B03,ll_lum,56,44,21626460946,1000.02,1,90,135,5.8519e-05,18153497576,18153497576,0,14815047949,
mcs30_b03m_s90.A04,mcs30_b03m_s90.B04,ll_lum,57,44,25609426959,1000.02,1,90,2067,0.000321737,19138866285,19138866285,0,12668305456,
mcs30_b03m_s90.A05,mcs30_b03m_s90.B05,ll_lum,54,39,20432757735,1000.02,1,90,620744645,30.3642,15924413662,15924413662,0,11785000359,
mcs30_b03m_s90.A06,mcs30_b03m_s90.B06,ll_lum,66,52,6588056760,1000.02,1,90,1207747143,166.126,4792771751,4792771751,0,3399101260,
mcs30_b03m_s90.A07,mcs30_b03m_s90.B07,ll_lum,66,51,7296813934,1000.02,1,90,4723109628,607.733,5547248752,5547248752,0,4118412999,
mcs30_b03m_s90.A08,mcs30_b03m_s90.B08,ll_lum,63,52,8287777702,1000.03,1,90,4272150898,364.276,7377586563,7377586563,0,6489189254,
mcs30_b03m_s90.A09,mcs30_b03m_s90.B09,ll_lum,64,48,10599063985,1000.01,1,90,6229441833,456.821,9264095773,9264095773,0,7967485279,
mcs30_b06_s100.A00,mcs30_b06_s100.B00,ll_lum,51,57,5800795252,1000.01,1,100,1317108544,264.307,3917314585,3917314585,0,2900927604,
mcs30_b06_s100.A01,mcs30_b06_s100.B01,ll_lum,57,88,5860242322,1000.01,1,100,2001109269,339.011,3706379117,3706379117,0,2730954010,
mcs30_b06_s100.A02,mcs30_b06_s100.B02,ll_lum,51,52,7376960223,1000.01,1,100,1101741633,140.695,4937764376,4937764376,0,3595049874,
mcs30_b06_s100.A03,mcs30_b06_s100.B03,ll_lum,52,55,6413312948,1000.01,1,100,377300393,52.418,4063788824,4063788824,0,3049093566,
mcs30_b06_s100.A04,mcs30_b06_s100.B04,ll_lum,53,57,6000611071,1000.02,1,100,2100078410,335.216,3819023455,3819023455,0,2904317189,
mcs30_b06_s100.A05,mcs30_b06_s100.B05,ll_lum,55,50,5756310173,1000.02,1,100,4665952320,803.17,3764709108,3764709108,0,2810268984,
mcs30_b06_s100.A06,mcs30_b06_s100.B06,ll_lum,53,54,7297270349,1000,1,100,3798904565,492.995,4875670047,4875670047,0,3574750393,
mcs30_b06_s100.A07,mcs30_b06_s100.B07,ll_lum,52,48,7050140617,1000.03,1,100,190751566,25.1533,4923696509,4923696509,0,3676552993,
mcs30_b06_s100.A08,mcs30_b06_s100.B08,ll_lum,53,56,6592431088,1000.02,1,100,4226044927,619.992,4203960093,4203960093,0,3281300436,
mcs30_b06_s100.A09,mcs30_b06_s100.B09,ll_lum,55,55,6070686657,1000.02,1,100,3279844262,539.862,3825219381,3825219381,0,2759507653,
mcs30_b06_s25.A00,mcs30_b06_s25.B00,ll_lum,16,28,1013337,0.171129,0,25,493428,0.0784935,657802,657802,0,517870,
mcs30_b06_s25.A01,mcs30_b06_s25.B01,ll_lum,16,30,516556,0.0806771,0,25,49486,0.00698658,338637,338637,0,268240,
mcs30_b06_s25.A02,mcs30_b06_s25.B02,ll_lum,16,27,659129,0.101098,0,25,9654,0.00154017,427335,427335,0,334258,
mcs30_b06_s25.A03,mcs30_b06_s25.B03,ll_lum,16,28,779784,0.121565,0,25,7116,0.000980839,507345,507345,0,398893,
mcs30_b06_s25.A04,mcs30_b06_s25.B04,ll_lum,16,28,1244434,0.210443,0,25,707189,0.114371,800438,800438,0,619537,
mcs30_b06_s25.A05,mcs30_b06_s25.B05,ll_lum,16,30,805969,0.124325,0,25,3218,0.000471181,525155,525155,0,411323,
mcs30_b06_s25.A06,mcs30_b06_s25.B06,ll_lum,16,22,1444183,0.207867,0,25,1196059,0.170358,947309,947309,0,722908,
mcs30_b06_s25.A07,mcs30_b06_s25.B07,ll_lum,16,28,762626,0.118676,0,25,68,1.9499e-05,503244,503244,0,394186,
mcs30_b06_s25.A08,mcs30_b06_s25.B08,ll_lum,15,20,2085797,0.2882,0,25,213662,0.0232201,1406688,1406688,0,1132857,
mcs30_b06_s25.A09,mcs30_b06_s25.B09,ll_lum,17,24,367253,0.0636931,0,25,318076,0.0554349,248201,248201,0,201522,
mcs30_b06_s30.A00,mcs30_b06_s30.B00,ll_lum,18,17,17289386,2.58999,0,30,726706,0.107411,11545239,11545239,0,9081091,
mcs30_b06_s30.A01,mcs30_b06_s30.B01,ll_lum,19,19,11831735,1.86423,0,30,7813626,1.21066,7720925,7720925,0,6072324,
mcs30_b06_s30.A02,mcs30_b06_s30.B02,ll_lum,18,34,11795330,1.88265,0,30,715160,0.111845,8003234,8003234,0,6433272,
mcs30_b06_s30.A03,mcs30_b06_s30.B03,ll_lum,19,33,6714790,1.14807,0,30,2109192,0.355068,4475175,4475175,0,3597966,
mcs30_b06_s30.A04,mcs30_b06_s30.B04,ll_lum,19,21,15043377,2.33095,0,30,14017500,2.17458,9679015,9679015,0,7478075,
mcs30_b06_s30.A05,mcs30_b06_s30.B05,ll_lum,18,26,27621157,4.10861,0,30,2488,0.000370048,18386758,18386758,0,14342484,
mcs30_b06_s30.A06,mcs30_b06_s30.B06,ll_lum,19,24,6395232,0.988909,0,30,1643284,0.242745,4172101,4172101,0,3258933,
mcs30_b06_s30.A07,mcs30_b06_s30.B07,ll_lum,18,21,11758261,1.77332,0,30,521600,0.0762885,7876317,7876317,0,6300468,
mcs30_b06_s30.A08,mcs30_b06_s30.B08,ll_lum,18,23,17708585,3.08166,0,30,2247533,0.402236,12108651,12108651,0,9871998,
mcs30_b06_s30.A09,mcs30_b06_s30.B09,ll_lum,19,35,3362607,0.528973,0,30,2497,0.000381275,2267343,2267343,0,1816209,
mcs30_b06_s35.A00,mcs30_b06_s35.B00,ll_lum,21,25,319560451,48.2505,0,35,20440719,3.07549,211370606,211370606,0,162126350,
mcs30_b06_s35.A01,mcs30_b06_s35.B01,ll_lum,21,34,307432151,47.6907,0,35,16196613,2.42411,205630377,205630377,0,161075640,
mcs30_b06_s35.A02,mcs30_b06_s35.B02,ll_lum,22,23,177595580,30.2924,0,35,160282618,27.2395,116382966,116382966,0,90742505,
mcs30_b06_s35.A03,mcs30_b06_s35.B03,ll_lum,21,36,378353467,62.867,0,35,3297557,0.517962,251783507,251783507,0,196922172,
mcs30_b06_s35.A04,mcs30_b06_s35.B04,ll_lum,22,23,131770500,20.3497,0,35,95537903,14.6787,85600476,85600476,0,64929137,
mcs30_b06_s35.A05,mcs30_b06_s35.B05,ll_lum,22,28,224710330,34.9571,0,35,195980033,30.4633,150572041,150572041,0,120003707,
mcs30_b06_s35.A06,mcs30_b06_s35.B06,ll_lum,21,25,209724946,36.9972,0,35,24191327,4.01679,141751497,141751497,0,113965344,
mcs30_b06_s35.A07,mcs30_b06_s35.B07,ll_lum,22,24,277573184,42.2181,0,35,273726259,41.6528,182497721,182497721,0,140453213,
mcs30_b06_s35.A08,mcs30_b06_s35.B08,ll_lum,22,24,75639570,11.7067,0,35,36177007,5.44764,50081879,50081879,0,39649028,
mcs30_b06_s35.A09,mcs30_b06_s35.B09,ll_lum,21,26,218204949,34.5025,0,35,1169291,0.172898,146259189,146259189,0,115890802,
mcs30_b06_s40.A00,mcs30_b06_s40.B00,ll_lum,25,27,951598685,150.947,0,40,457734754,70.9128,650000048,650000048,0,519546819,
mcs30_b06_s40.A01,mcs30_b06_s40.B01,ll_lum,24,24,6460107462,1000.01,1,40,2891069972,444.721,4285695423,4285695423,0,3285192920,
mcs30_b06_s40.A02,mcs30_b06_s40.B02,ll_lum,25,22,1829074781,283.684,0,40,1755564944,271.957,1232222469,1232222469,0,959186445,
mcs30_b06_s40.A03,mcs30_b06_s40.B03,ll_lum,25,30,1097148674,185.926,0,40,620302899,104.789,741363246,741363246,0,581931604,
mcs30_b06_s40.A04,mcs30_b06_s40.B04,ll_lum,25,27,1582764382,256.661,0,40,1205365381,194.256,1060088858,1060088858,0,841836907,
mcs30_b06_s40.A05,mcs30_b06_s40.B05,ll_lum,24,28,3423668335,534.103,0,40,558542420,87.9333,2295309343,2295309343,0,1793063974,
mcs30_b06_s40.A06,mcs30_b06_s40.B06,ll_lum,24,31,3509469154,566.96,0,40,332286178,51.9929,2314035547,2314035547,0,1814658321,
mcs30_b06_s40.A07,mcs30_b06_s40.B07,ll_lum,24,22,3010342419,465.678,0,40,55850530,8.59505,2012363381,2012363381,0,1550998981,
mcs30_b06_s40.A08,mcs30_b06_s40.B08,ll_lum,25,25,989256682,174.642,0,40,696024385,121.398,667656211,667656211,0,525566107,
mcs30_b06_s40.A09,mcs30_b06_s40.B09,ll_lum,25,35,1564740340,253.505,0,40,1309539294,211.597,1039590321,1039590321,0,825027096,
mcs30_b06_s50.A00,mcs30_b06_s50.B00,ll_lum,29,28,6546944145,1000.02,1,50,2727884678,406.479,4316198373,4316198373,0,3415541384,
mcs30_b06_s50.A01,mcs30_b06_s50.B01,ll_lum,30,30,6217093383,1000.02,1,50,2320913226,359.876,4144410682,4144410682,0,3321500800,
mcs30_b06_s50.A02,mcs30_b06_s50.B02,ll_lum,30,31,5766026055,1000.02,1,50,2015975940,344.325,3840929169,3840929169,0,3092908337,
mcs30_b06_s50.A03,mcs30_b06_s50.B03,ll_lum,30,30,6540219430,1000.01,1,50,4716173792,710.924,4298383074,4298383074,0,3386219017,
mcs30_b06_s50.A04,mcs30_b06_s50.B04,ll_lum,29,31,6442845596,1000.01,1,50,306057339,46.0601,4338595251,4338595251,0,3411431435,
mcs30_b06_s50.A05,mcs30_b06_s50.B05,ll_lum,29,37,6406297497,1000.02,1,50,147438532,22.1828,4348915299,4348915299,0,3479152847,
mcs30_b06_s50.A06,mcs30_b06_s50.B06,ll_lum,30,30,6301283648,1000.02,1,50,1794658131,277.564,4248602736,4248602736,0,3375301875,
mcs30_b06_s50.A07,mcs30_b06_s50.B07,ll_lum,30,30,6112081655,1000.02,1,50,64266436,9.50858,4104054096,4104054096,0,3275006505,
mcs30_b06_s50.A08,mcs30_b06_s50.B08,ll_lum,29,32,6477340615,1000.01,1,50,912267373,135.871,4286091821,4286091821,0,3379203588,
mcs30_b06_s50.A09,mcs30_b06_s50.B09,ll_lum,30,35,6154722441,1000.01,1,50,3014832202,483.385,4065600484,4065600484,0,3221106294,
mcs30_b06_s60.A00,mcs30_b06_s60.B00,ll_lum,33,37,5832029899,1000.02,1,60,1728678464,288.162,3861306650,3861306650,0,2990023037,
mcs30_b06_s60.A01,mcs30_b06_s60.B01,ll_lum,33,47,6109544480,1000.02,1,60,517906,0.0696922,3855040966,3855040966,0,3008076692,
mcs30_b06_s60.A02,mcs30_b06_s60.B02,ll_lum,33,32,6760288921,1000.02,1,60,319460602,42.9262,4460729115,4460729115,0,3467121101,
mcs30_b06_s60.A03,mcs30_b06_s60.B03,ll_lum,35,45,6312256563,1000.01,1,60,3928784321,609.386,4117915091,4117915091,0,3221211786,
mcs30_b06_s60.A04,mcs30_b06_s60.B04,ll_lum,35,52,6564969904,1000.01,1,60,5136395128,777.135,4536037575,4536037575,0,3677842481,
mcs30_b06_s60.A05,mcs30_b06_s60.B05,ll_lum,32,35,6882314377,1000.01,1,60,5362784306,767.925,4651947581,4651947581,0,3671378904,
mcs30_b06_s60.A06,mcs30_b06_s60.B06,ll_lum,35,54,6412776095,1000.02,1,60,3580681843,549.464,4225445523,4225445523,0,3351766303,
mcs30_b06_s60.A07,mcs30_b06_s60.B07,ll_lum,34,39,6926878949,1000.01,1,60,5892767263,843.402,4576303266,4576303266,0,3583863281,
mcs30_b06_s60.A08,mcs30_b06_s60.B08,ll_lum,36,36,6116929883,1000.02,1,60,1994637813,307.435,4272994006,4272994006,0,3494908129,
mcs30_b06_s60.A09,mcs30_b06_s60.B09,ll_lum,34,62,6394802568,1000.02,1,60,17370,0.00224112,4266040339,4266040339,0,3402800285,
mcs30_b06_s70.A00,mcs30_b06_s70.B00,ll_lum,40,60,6065578391,1000.01,1,70,129213705,19.6734,4009715114,4009715114,0,3196567312,
mcs30_b06_s70.A01,mcs30_b06_s70.B01,ll_lum,39,39,6167765376,1000.03,1,70,5527559625,892.524,4283506249,4283506249,0,3372914088,
mcs30_b06_s70.A02,mcs30_b06_s70.B02,ll_lum,40,48,6262324254,1000.02,1,70,90007071,12.9369,4117889800,4117889800,0,3188834018,
mcs30_b06_s70.A03,mcs30_b06_s70.B03,ll_lum,41,56,6245874595,1000.02,1,70,152325059,23.9111,4090064961,4090064961,0,3167020566,
mcs30_b06_s70.A04,mcs30_b06_s70.B04,ll_lum,37,34,6838797525,1000.02,1,70,1046294140,138.498,4778856757,4778856757,0,3703742651,
mcs30_b06_s70.A05,mcs30_b06_s70.B05,ll_lum,39,46,6429235441,1000.02,1,70,4226541616,654.535,4185747211,4185747211,0,3262369080,
mcs30_b06_s70.A06,mcs30_b06_s70.B06,ll_lum,39,38,6455735684,1000.02,1,70,86021520,12.8621,4290232778,4290232778,0,3317847064,
mcs30_b06_s70.A07,mcs30_b06_s70.B07,ll_lum,38,38,6603632831,1000.01,1,70,364994931,51.0073,4288460852,4288460852,0,3257854633,
mcs30_b06_s70.A08,mcs30_b06_s70.B08,ll_lum,40,50,6570117200,1000.01,1,70,2196791437,318.73,4471567559,4471567559,0,3525877574,
mcs30_b06_s70.A09,mcs30_b06_s70.B09,ll_lum,39,39,6460209461,1000.02,1,70,2631389232,397.201,4186032512,4186032512,0,3260548841,
mcs30_b06_s80.A00,mcs30_b06_s80.B00,ll_lum,43,45,6625590259,1000.02,1,80,6588840199,994.346,4294302487,4294302487,0,3234406842,
mcs30_b06_s80.A01,mcs30_b06_s80.B01,ll_lum,44,51,6541587045,1000.02,1,80,1352823667,196.853,4298966427,4298966427,0,3316797542,
mcs30_b06_s80.A02,mcs30_b06_s80.B02,ll_lum,47,71,5860251902,1000.01,1,80,625825339,91.9562,3796312916,3796312916,0,2996744515,
mcs30_b06_s80.A03,mcs30_b06_s80.B03,ll_lum,44,42,6748037031,1000.03,1,80,2491574060,355.783,4479890146,4479890146,0,3374626661,
mcs30_b06_s80.A04,mcs30_b06_s80.B04,ll_lum,42,45,6614903680,1000.01,1,80,52405467,7.59599,4256445005,4256445005,0,3263310861,
mcs30_b06_s80.A05,mcs30_b06_s80.B05,ll_lum,43,43,6457928718,1000.01,1,80,389827193,55.3269,4252015414,4252015414,0,3324074694,
mcs30_b06_s80.A06,mcs30_b06_s80.B06,ll_lum,43,45,3192676552,1000.02,1,80,345920889,104.91,2080217587,2080217587,0,1586753190,
mcs30_b06_s80.A07,mcs30_b06_s80.B07,ll_lum,41,45,3482442725,1000.02,1,80,232469601,65.0189,2383796086,2383796086,0,1851566164,
mcs30_b06_s80.A08,mcs30_b06_s80.B08,ll_lum,45,49,3290085890,1000.03,1,80,835160273,232.815,2241528166,2241528166,0,1768921386,
mcs30_b06_s80.A09,mcs30_b06_s80.B09,ll_lum,41,35,3562302202,1000.01,1,80,174617425,47.2784,2358867534,2358867534,0,1756630272,
mcs30_b06_s90.A00,mcs30_b06_s90.B00,ll_lum,50,80,3393010196,1000.02,1,90,2788565337,812.412,2183679143,2183679143,0,1671186037,
mcs30_b06_s90.A01,mcs30_b06_s90.B01,ll_lum,46,49,3759617150,1000.02,1,90,23011458,5.19791,2542090059,2542090059,0,1991432209,
mcs30_b06_s90.A02,mcs30_b06_s90.B02,ll_lum,46,42,4135276634,1000.02,1,90,76862229,15.9573,2804255457,2804255457,0,2184466717,
mcs30_b06_s90.A03,mcs30_b06_s90.B03,ll_lum,46,48,6877804308,1000.01,1,90,126600,0.0144465,4475182433,4475182433,0,3603058796,
mcs30_b06_s90.A04,mcs30_b06_s90.B04,ll_lum,46,44,7455261453,1000.01,1,90,1379947621,164.477,5062792504,5062792504,0,4062194905,
mcs30_b06_s90.A05,mcs30_b06_s90.B05,ll_lum,48,56,3389335750,1000.02,1,90,16223069,4.55233,2216501358,2216501358,0,1678590752,
mcs30_b06_s90.A06,mcs30_b06_s90.B06,ll_lum,52,73,2968781411,1000.02,1,90,607767654,202.975,1878566046,1878566046,0,1461582646,
mcs30_b06_s90.A07,mcs30_b06_s90.B07,ll_lum,48,52,6766206469,1000.02,1,90,36844495,4.92581,4426372283,4426372283,0,3510683268,
mcs30_b06_s90.A08,mcs30_b06_s90.B08,ll_lum,47,52,7429115413,1000,1,90,335930590,38.1294,5081922635,5081922635,0,3862993205,
mcs30_b06_s90.A09,mcs30_b06_s90.B09,ll_lum,49,51,6115030543,1000.02,1,90,43302635,6.39559,3811676241,3811676241,0,2554982562,
mcs30_b06m_s100.A00,mcs30_b06m_s100.B00,ll_lum,53,54,6234489215,1000.02,1,100,2038653816,322.958,4021137618,4021137618,0,2818416085,
mcs30_b06m_s100.A01,mcs30_b06m_s100.B01,ll_lum,53,57,6828684687,1000.02,1,100,2033447871,285.38,4297142173,4297142173,0,3133698403,
mcs30_b06m_s100.A02,mcs30_b06m_s100.B02,ll_lum,51,50,5945396117,1000.02,1,100,1044904055,165.916,3901909693,3901909693,0,2602141191,
mcs30_b06m_s100.A03,mcs30_b06m_s100.B03,ll_lum,56,55,6122118919,1000.02,1,100,1262581549,190.693,3949535363,3949535363,0,2889417703,
mcs30_b06m_s100.A04,mcs30_b06m_s100.B04,ll_lum,53,61,6737375120,1000.01,1,100,2334226518,333.467,4482416936,4482416936,0,3272503119,
mcs30_b06m_s100.A05,mcs30_b06m_s100.B05,ll_lum,51,53,7048643108,1000.02,1,100,2295734198,319.765,4698759583,4698759583,0,3613733039,
mcs30_b06m_s100.A06,mcs30_b06m_s100.B06,ll_lum,53,58,6513084889,1000.02,1,100,66180113,8.88366,4222297350,4222297350,0,3147192185,
mcs30_b06m_s100.A07,mcs30_b06m_s100.B07,ll_lum,55,51,6266703174,1000.02,1,100,492093348,70.7463,3977684829,3977684829,0,2886055222,
mcs30_b06m_s100.A08,mcs30_b06m_s100.B08,ll_lum,53,49,7108162782,1000.02,1,100,1437499873,195.612,4783904079,4783904079,0,3443409567,
mcs30_b06m_s100.A09,mcs30_b06m_s100.B09,ll_lum,54,56,9809435648,1000.02,1,100,9397420736,938.655,7891978066,7891978066,0,6162226201,
mcs30_b06m_s25.A00,mcs30_b06m_s25.B00,ll_lum,16,17,2208384,0.337159,0,25,1861922,0.284447,1392537,1392537,0,1088838,
mcs30_b06m_s25.A01,mcs30_b06m_s25.B01,ll_lum,16,23,1553222,0.244798,0,25,1040953,0.164012,994651,994651,0,753914,
mcs30_b06m_s25.A02,mcs30_b06m_s25.B02,ll_lum,16,23,999287,0.151257,0,25,364534,0.0556668,658281,658281,0,515952,
mcs30_b06m_s25.A03,mcs30_b06m_s25.B03,ll_lum,16,21,707054,0.112925,0,25,107104,0.0167763,462579,462579,0,370688,
mcs30_b06m_s25.A04,mcs30_b06m_s25.B04,ll_lum,16,16,925822,0.142702,0,25,429649,0.0645931,597503,597503,0,467430,
mcs30_b06m_s25.A05,mcs30_b06m_s25.B05,ll_lum,16,17,1703348,0.249948,0,25,1245411,0.181323,1106619,1106619,0,856407,
mcs30_b06m_s25.A06,mcs30_b06m_s25.B06,ll_lum,15,16,1687853,0.248331,0,25,96704,0.0130982,1119721,1119721,0,894995,
mcs30_b06m_s25.A07,mcs30_b06m_s25.B07,ll_lum,16,26,944494,0.145693,0,25,27037,0.00379722,614917,614917,0,489339,
mcs30_b06m_s25.A08,mcs30_b06m_s25.B08,ll_lum,16,16,1135532,0.170634,0,25,719671,0.1078,729119,729119,0,557258,
mcs30_b06m_s25.A09,mcs30_b06m_s25.B09,ll_lum,16,20,1372801,0.204667,0,25,1012842,0.150496,885496,885496,0,690682,
mcs30_b06m_s30.A00,mcs30_b06m_s30.B00,ll_lum,19,21,16953864,2.49798,0,30,16344163,2.40522,11043742,11043742,0,8459111,
mcs30_b06m_s30.A01,mcs30_b06m_s30.B01,ll_lum,18,23,37453393,5.55007,0,30,2548258,0.355555,24244775,24244775,0,18610926,
mcs30_b06m_s30.A02,mcs30_b06m_s30.B02,ll_lum,19,20,8704630,1.29426,0,30,5537720,0.82255,5897096,5897096,0,4754460,
mcs30_b06m_s30.A03,mcs30_b06m_s30.B03,ll_lum,18,22,34889745,5.33173,0,30,5184666,0.747633,22683050,22683050,0,17909180,
mcs30_b06m_s30.A04,mcs30_b06m_s30.B04,ll_lum,19,23,8502161,1.35417,0,30,4830049,0.760328,5472345,5472345,0,4280361,
mcs30_b06m_s30.A05,mcs30_b06m_s30.B05,ll_lum,19,26,10224844,1.59502,0,30,6319488,0.969862,6665775,6665775,0,5243671,
mcs30_b06m_s30.A06,mcs30_b06m_s30.B06,ll_lum,19,19,9889742,1.57983,0,30,3933540,0.607173,6441646,6441646,0,5168846,
mcs30_b06m_s30.A07,mcs30_b06m_s30.B07,ll_lum,19,20,14671808,2.24604,0,30,11775488,1.79813,9565759,9565759,0,7574870,
mcs30_b06m_s30.A08,mcs30_b06m_s30.B08,ll_lum,19,16,15001436,2.24675,0,30,11417987,1.69296,9908480,9908480,0,7789286,
mcs30_b06m_s30.A09,mcs30_b06m_s30.B09,ll_lum,18,20,20909751,3.29602,0,30,630488,0.0961044,13460940,13460940,0,10546853,
mcs30_b06m_s35.A00,mcs30_b06m_s35.B00,ll_lum,22,21,179240630,27.3437,0,35,114914685,17.1821,118536959,118536959,0,92572195,
mcs30_b06m_s35.A01,mcs30_b06m_s35.B01,ll_lum,21,23,458469835,68.215,0,35,4853138,0.709989,304799722,304799722,0,232886003,
mcs30_b06m_s35.A02,mcs30_b06m_s35.B02,ll_lum,21,28,319916859,49.132,0,35,1230953,0.183747,211216472,211216472,0,164021131,
mcs30_b06m_s35.A03,mcs30_b06m_s35.B03,ll_lum,22,32,78322361,12.6566,0,35,2945662,0.423873,52797678,52797678,0,42444538,
mcs30_b06m_s35.A04,mcs30_b06m_s35.B04,ll_lum,22,25,159693311,24.9134,0,35,95012602,14.5368,104946602,104946602,0,82254839,
mcs30_b06m_s35.A05,mcs30_b06m_s35.B05,ll_lum,21,26,250807036,40.1371,0,35,14015440,2.04958,167822904,167822904,0,134145073,
mcs30_b06m_s35.A06,mcs30_b06m_s35.B06,ll_lum,22,23,317608966,48.4152,0,35,295046357,44.8962,206218230,206218230,0,159218678,
mcs30_b06m_s35.A07,mcs30_b06m_s35.B07,ll_lum,21,23,369789944,55.6625,0,35,59218,0.00719729,244761176,244761176,0,186884283,
mcs30_b06m_s35.A08,mcs30_b06m_s35.B08,ll_lum,22,22,157914725,24.0887,0,35,107614817,16.221,106348889,106348889,0,83518598,
mcs30_b06m_s35.A09,mcs30_b06m_s35.B09,ll_lum,21,25,509868677,77.2939,0,35,149757518,22.2794,336670989,336670989,0,260651228,
mcs30_b06m_s40.A00,mcs30_b06m_s40.B00,ll_lum,24,23,5786796951,897.616,0,40,2429259387,373.823,3838610729,3838610729,0,2972842152,
mcs30_b06m_s40.A01,mcs30_b06m_s40.B01,ll_lum,24,27,3601539502,568.093,0,40,55089800,8.40039,2340005782,2340005782,0,1776037585,
mcs30_b06m_s40.A02,mcs30_b06m_s40.B02,ll_lum,25,25,1789369822,290.512,0,40,1273447248,205.28,1205082759,1205082759,0,977787046,
mcs30_b06m_s40.A03,mcs30_b06m_s40.B03,ll_lum,25,29,2899058251,453.685,0,40,2391076855,372.529,1969796437,1969796437,0,1574964819,
mcs30_b06m_s40.A04,mcs30_b06m_s40.B04,ll_lum,25,29,3529903375,561.848,0,40,3073432804,486.952,2364971073,2364971073,0,1890058517,
mcs30_b06m_s40.A05,mcs30_b06m_s40.B05,ll_lum,25,26,4203982643,659.825,0,40,4054294197,637.125,2811376800,2811376800,0,2194576248,
mcs30_b06m_s40.A06,mcs30_b06m_s40.B06,ll_lum,24,24,6454993503,989.198,0,40,905857977,137.752,4252368015,4252368015,0,3249242934,
mcs30_b06m_s40.A07,mcs30_b06m_s40.B07,ll_lum,24,29,3289955904,524.881,0,40,25000444,3.75914,2204248658,2204248658,0,1732048742,
mcs30_b06m_s40.A08,mcs30_b06m_s40.B08,ll_lum,24,27,4329457287,674.424,0,40,418279798,63.7562,2881172892,2881172892,0,2221046797,
mcs30_b06m_s40.A09,mcs30_b06m_s40.B09,ll_lum,25,23,4584716938,719.77,0,40,4584614960,719.755,3065572859,3065572859,0,2399692588,
mcs30_b06m_s50.A00,mcs30_b06m_s50.B00,ll_lum,29,32,6463591669,1000.02,1,50,12995623,1.93282,4204705965,4204705965,0,3243633205,
mcs30_b06m_s50.A01,mcs30_b06m_s50.B01,ll_lum,29,29,6713394296,1000.02,1,50,2980705813,429.383,4445004835,4445004835,0,3437056588,
mcs30_b06m_s50.A02,mcs30_b06m_s50.B02,ll_lum,30,28,6706537476,1000.02,1,50,2377605408,344.239,4519643264,4519643264,0,3534116495,
mcs30_b06m_s50.A03,mcs30_b06m_s50.B03,ll_lum,30,28,6465433403,1000.02,1,50,3122102028,467.593,4349054726,4349054726,0,3378508127,
mcs30_b06m_s50.A04,mcs30_b06m_s50.B04,ll_lum,29,29,6454377240,1000.02,1,50,69595619,10.7783,4272490730,4272490730,0,3319191427,
mcs30_b06m_s50.A05,mcs30_b06m_s50.B05,ll_lum,30,33,6340510523,1000.02,1,50,1629888202,248.957,4300661208,4300661208,0,3431307011,
mcs30_b06m_s50.A06,mcs30_b06m_s50.B06,ll_lum,30,30,6229000984,1000.02,1,50,4794035934,768.7,4079419468,4079419468,0,3180722535,
mcs30_b06m_s50.A07,mcs30_b06m_s50.B07,ll_lum,30,29,6319668624,1000.02,1,50,3561999717,553.186,4117737407,4117737407,0,3236127772,
mcs30_b06m_s50.A08,mcs30_b06m_s50.B08,ll_lum,30,29,6516850948,1000.02,1,50,206747185,28.9144,4363857359,4363857359,0,3427856336,
mcs30_b06m_s50.A09,mcs30_b06m_s50.B09,ll_lum,29,30,6354549690,1000.02,1,50,326149370,49.1694,4207304532,4207304532,0,3329800952,
mcs30_b06m_s60.A00,mcs30_b06m_s60.B00,ll_lum,33,36,6479096375,1000.02,1,60,1480836620,223.461,4155295942,4155295942,0,3278339329,
mcs30_b06m_s60.A01,mcs30_b06m_s60.B01,ll_lum,36,32,6474630064,1000.01,1,60,5745468887,879.936,4373902974,4373902974,0,3357196096,
mcs30_b06m_s60.A02,mcs30_b06m_s60.B02,ll_lum,34,30,6592131831,1000.02,1,60,1251118405,181.203,4378833522,4378833522,0,3416894371,
mcs30_b06m_s60.A03,mcs30_b06m_s60.B03,ll_lum,34,35,6500624022,1000.02,1,60,2260037166,343.051,4269417511,4269417511,0,3293021159,
mcs30_b06m_s60.A04,mcs30_b06m_s60.B04,ll_lum,34,37,6847364994,1000.01,1,60,160917557,20.8634,4576306114,4576306114,0,3616861132,
mcs30_b06m_s60.A05,mcs30_b06m_s60.B05,ll_lum,34,36,6570569425,1000.02,1,60,607558212,88.0233,4328789961,4328789961,0,3396766720,
mcs30_b06m_s60.A06,mcs30_b06m_s60.B06,ll_lum,34,36,6369741511,1000.01,1,60,1605510299,246.311,4275689359,4275689359,0,3387157961,
mcs30_b06m_s60.A07,mcs30_b06m_s60.B07,ll_lum,35,35,6311586660,1000.02,1,60,5631639943,892.515,4194898309,4194898309,0,3406888023,
mcs30_b06m_s60.A08,mcs30_b06m_s60.B08,ll_lum,35,35,6763027423,1000.01,1,60,168815545,23.9142,4502688855,4502688855,0,3416425476,
mcs30_b06m_s60.A09,mcs30_b06m_s60.B09,ll_lum,35,37,6429854069,1000.02,1,60,1330139902,200.748,4302620670,4302620670,0,3312603019,
mcs30_b06m_s70.A00,mcs30_b06m_s70.B00,ll_lum,38,39,6851108974,1000.02,1,70,928381044,130.49,4646282578,4646282578,0,3541042646,
mcs30_b06m_s70.A01,mcs30_b06m_s70.B01,ll_lum,39,36,6844960606,1000.02,1,70,1305581693,184.521,4723082458,4723082458,0,3650740775,
mcs30_b06m_s70.A02,mcs30_b06m_s70.B02,ll_lum,40,40,6852726805,1000.02,1,70,407506930,55.1447,4693064452,4693064452,0,3428135684,
mcs30_b06m_s70.A03,mcs30_b06m_s70.B03,ll_lum,39,42,6272055984,1000.01,1,70,1712705121,264.263,4018991117,4018991117,0,3073012106,
mcs30_b06m_s70.A04,mcs30_b06m_s70.B04,ll_lum,39,38,6283954463,1000.01,1,70,3416791778,537.171,4047425445,4047425445,0,3099531934,
mcs30_b06m_s70.A05,mcs30_b06m_s70.B05,ll_lum,38,38,6595621822,1000.01,1,70,53526699,7.99866,4352531295,4352531295,0,3339453154,
mcs30_b06m_s70.A06,mcs30_b06m_s70.B06,ll_lum,40,43,6266396683,1000.01,1,70,87785570,14.0425,4063321911,4063321911,0,3137729848,
mcs30_b06m_s70.A07,mcs30_b06m_s70.B07,ll_lum,40,34,6270106034,1000.02,1,70,5809325549,924.69,4052569591,4052569591,0,3168946568,
mcs30_b06m_s70.A08,mcs30_b06m_s70.B08,ll_lum,38,34,6487386879,1000.02,1,70,4466859547,682.13,4175918590,4175918590,0,3213891938,
mcs30_b06m_s70.A09,mcs30_b06m_s70.B09,ll_lum,40,42,6270086242,1000.01,1,70,4115596614,643.316,3988935546,3988935546,0,3129350829,
mcs30_b06m_s80.A00,mcs30_b06m_s80.B00,ll_lum,44,45,6198463439,1000.01,1,80,496691575,76.5514,3967776357,3967776357,0,2852408991,
mcs30_b06m_s80.A01,mcs30_b06m_s80.B01,ll_lum,43,48,6549363242,1000.01,1,80,5533714111,838.68,4269384750,4269384750,0,3171937817,
mcs30_b06m_s80.A02,mcs30_b06m_s80.B02,ll_lum,43,46,6599741989,1000.01,1,80,1655169387,243.869,4314882926,4314882926,0,3244996367,
mcs30_b06m_s80.A03,mcs30_b06m_s80.B03,ll_lum,45,41,5963042480,1000.02,1,80,126735349,18.7653,3833952949,3833952949,0,3003467685,
mcs30_b06m_s80.A04,mcs30_b06m_s80.B04,ll_lum,43,46,6571266780,1000.01,1,80,23925444,3.46384,4269796279,4269796279,0,3126332350,
mcs30_b06m_s80.A05,mcs30_b06m_s80.B05,ll_lum,43,46,7053130163,1000.02,1,80,1027578435,142.645,4424980096,4424980096,0,3241945552,
mcs30_b06m_s80.A06,mcs30_b06m_s80.B06,ll_lum,43,43,6192236302,1000.01,1,80,3209586756,504.471,4075742559,4075742559,0,3051092183,
mcs30_b06m_s80.A07,mcs30_b06m_s80.B07,ll_lum,44,49,6110484309,1000.02,1,80,55023770,8.16187,3784775332,3784775332,0,2807410276,
mcs30_b06m_s80.A08,mcs30_b06m_s80.B08,ll_lum,44,42,6606090279,1000.02,1,80,82712529,10.7282,4388581508,4388581508,0,3502018039,
mcs30_b06m_s80.A09,mcs30_b06m_s80.B09,ll_lum,43,45,6307740545,1000.01,1,80,2950640080,465.117,3948535626,3948535626,0,2953442417,
mcs30_b06m_s90.A00,mcs30_b06m_s90.B00,ll_lum,49,46,6341579054,1000.02,1,90,321836955,46.727,4232228831,4232228831,0,3189750816,
mcs30_b06m_s90.A01,mcs30_b06m_s90.B01,ll_lum,50,55,6154078201,1000.02,1,90,1982659903,306.999,3832002051,3832002051,0,2822374028,
mcs30_b06m_s90.A02,mcs30_b06m_s90.B02,ll_lum,50,50,6201475164,1000.01,1,90,3526327488,541.834,4027760183,4027760183,0,3026380757,
mcs30_b06m_s90.A03,mcs30_b06m_s90.B03,ll_lum,48,44,6604163060,1000.01,1,90,1310097134,193.175,4332497145,4332497145,0,3218119117,
mcs30_b06m_s90.A04,mcs30_b06m_s90.B04,ll_lum,52,77,5711643686,1000.01,1,90,25293112,4.57226,3573806191,3573806191,0,2729595418,
mcs30_b06m_s90.A05,mcs30_b06m_s90.B05,ll_lum,48,51,6252600777,1000.02,1,90,954465565,140.791,3956258757,3956258757,0,2917086052,
mcs30_b06m_s90.A06,mcs30_b06m_s90.B06,ll_lum,47,47,6256906612,1000.02,1,90,360919681,55.4543,4067906346,4067906346,0,2861384846,
mcs30_b06m_s90.A07,mcs30_b06m_s90.B07,ll_lum,49,48,6777944747,1000.02,1,90,5925001458,864.605,4316172482,4316172482,0,3199570665,
mcs30_b06m_s90.A08,mcs30_b06m_s90.B08,ll_lum,48,47,6280010299,1000.01,1,90,45137821,6.73539,4132463033,4132463033,0,3046525428,
mcs30_b06m_s90.A09,mcs30_b06m_s90.B09,ll_lum,48,52,6876478554,1000.01,1,90,400356446,40.0391,4388986416,4388986416,0,3280586843,
mcs30_b09_s100.A00,mcs30_b09_s100.B00,ll_lum,45,52,5524557637,1000.01,1,100,1637216242,279.862,3450277415,3450277415,0,2785391257,
mcs30_b09_s100.A01,mcs30_b09_s100.B01,ll_lum,44,64,5192107665,1000.02,1,100,2098059023,392.775,3216989142,3216989142,0,2553992982,
mcs30_b09_s100.A02,mcs30_b09_s100.B02,ll_lum,43,52,6995250689,1000.01,1,100,22340649,3.22414,4634758693,4634758693,0,3478419997,
mcs30_b09_s100.A03,mcs30_b09_s100.B03,ll_lum,42,44,5459448633,1000.02,1,100,186766267,34.5521,3387212456,3387212456,0,2672578806,
mcs30_b09_s100.A04,mcs30_b09_s100.B04,ll_lum,43,55,5827438194,1000.02,1,100,3020424558,515.417,3707740016,3707740016,0,2965736070,
mcs30_b09_s100.A05,mcs30_b09_s100.B05,ll_lum,41,48,6310282455,1000.01,1,100,205255772,28.6069,3960264234,3960264234,0,3145075224,
mcs30_b09_s100.A06,mcs30_b09_s100.B06,ll_lum,43,51,5449877438,1000.02,1,100,893924867,161.237,3416080092,3416080092,0,2787588307,
mcs30_b09_s100.A07,mcs30_b09_s100.B07,ll_lum,43,49,5950501392,1000.02,1,100,3691991708,606.107,3740116865,3740116865,0,2951890965,
mcs30_b09_s100.A08,mcs30_b09_s100.B08,ll_lum,44,61,6436803582,1000.02,1,100,186765080,29.3535,4153491818,4153491818,0,3226055546,
mcs30_b09_s100.A09,mcs30_b09_s100.B09,ll_lum,42,49,6308977242,1000.01,1,100,4535939566,699.326,4086788336,4086788336,0,3248652933,
mcs30_b09_s35.A00,mcs30_b09_s35.B00,ll_lum,19,44,204606930,35.8917,0,35,549266,0.0846051,133623845,133623845,0,110051291,
mcs30_b09_s35.A01,mcs30_b09_s35.B01,ll_lum,20,56,129755722,23.0928,0,35,9912468,1.67289,86410814,86410814,0,71476758,
mcs30_b09_s35.A02,mcs30_b09_s35.B02,ll_lum,19,42,216600813,40.0224,0,35,17710464,3.01473,139195968,139195968,0,116284928,
mcs30_b09_s35.A03,mcs30_b09_s35.B03,ll_lum,20,49,98095313,17.8915,0,35,1253308,0.209812,64445191,64445191,0,53493836,
mcs30_b09_s35.A04,mcs30_b09_s35.B04,ll_lum,20,40,71807012,13.2849,0,35,2465567,0.407662,47299312,47299312,0,39222165,
mcs30_b09_s35.A05,mcs30_b09_s35.B05,ll_lum,20,52,73757273,13.2632,0,35,7325747,1.26829,49395818,49395818,0,40790735,
mcs30_b09_s35.A06,mcs30_b09_s35.B06,ll_lum,19,56,246057615,41.6353,0,35,10201,0.00170361,163672220,163672220,0,134895395,
mcs30_b09_s35.A07,mcs30_b09_s35.B07,ll_lum,20,53,168284366,30.4325,0,35,145901739,26.249,109180182,109180182,0,90343166,
mcs30_b09_s35.A08,mcs30_b09_s35.B08,ll_lum,20,54,92519638,16.6679,0,35,295884,0.0413684,61296238,61296238,0,50435015,
mcs30_b09_s35.A09,mcs30_b09_s35.B09,ll_lum,20,61,100366879,16.3357,0,35,96433,0.0148425,68185666,68185666,0,54660491,
mcs30_b09_s40.A00,mcs30_b09_s40.B00,ll_lum,21,39,3144258099,579.094,0,40,9915027,1.64442,2063232689,2063232689,0,1721678415,
mcs30_b09_s40.A01,mcs30_b09_s40.B01,ll_lum,21,29,2561164985,466.55,0,40,885404862,160.346,1686935293,1686935293,0,1412648852,
mcs30_b09_s40.A02,mcs30_b09_s40.B02,ll_lum,21,30,2631993863,484.583,0,40,18916626,3.32117,1737027346,1737027346,0,1456967741,
mcs30_b09_s40.A03,mcs30_b09_s40.B03,ll_lum,21,42,2759252062,507.056,0,40,327648410,58.2409,1815834133,1815834133,0,1523680727,
mcs30_b09_s40.A04,mcs30_b09_s40.B04,ll_lum,21,34,2568441546,484.316,0,40,258546058,47.2785,1684202491,1684202491,0,1419323007,
mcs30_b09_s40.A05,mcs30_b09_s40.B05,ll_lum,21,41,2388046510,435.941,0,40,117100040,20.5333,1580696707,1580696707,0,1335940965,
mcs30_b09_s40.A06,mcs30_b09_s40.B06,ll_lum,21,37,2360870930,427.378,0,40,383654849,68.7279,1576917901,1576917901,0,1328213049,
mcs30_b09_s40.A07,mcs30_b09_s40.B07,ll_lum,21,32,2404188761,444.95,0,40,283511791,50.6723,1570089772,1570089772,0,1304567247,
mcs30_b09_s40.A08,mcs30_b09_s40.B08,ll_lum,21,34,3137946007,567.876,0,40,113054525,19.7536,2079620289,2079620289,0,1736777921,
mcs30_b09_s40.A09,mcs30_b09_s40.B09,ll_lum,21,41,2674786698,488.301,0,40,131187401,22.1942,1779507898,1779507898,0,1495623520,
mcs30_b09_s50.A00,mcs30_b09_s50.B00,ll_lum,25,39,5385674656,1000.01,1,50,793348603,142.921,3511606479,3511606479,0,2996196017,
mcs30_b09_s50.A01,mcs30_b09_s50.B01,ll_lum,25,34,5560247213,1000.02,1,50,462113130,78.7194,3619947782,3619947782,0,3029439085,
mcs30_b09_s50.A02,mcs30_b09_s50.B02,ll_lum,25,64,5413247547,1000.02,1,50,862243876,159.022,3529569592,3529569592,0,2947386496,
mcs30_b09_s50.A03,mcs30_b09_s50.B03,ll_lum,25,52,5586019666,1000.02,1,50,3895769610,696.855,3558629224,3558629224,0,2931800997,
mcs30_b09_s50.A04,mcs30_b09_s50.B04,ll_lum,25,53,5378108493,1000.02,1,50,464488579,84.082,3477514682,3477514682,0,2905009424,
mcs30_b09_s50.A05,mcs30_b09_s50.B05,ll_lum,25,36,5512396442,1000.01,1,50,3232784057,577.926,3517453501,3517453501,0,2939690695,
mcs30_b09_s50.A06,mcs30_b09_s50.B06,ll_lum,25,57,5307169720,1000.02,1,50,34638150,6.03191,3458783635,3458783635,0,2951272532,
mcs30_b09_s50.A07,mcs30_b09_s50.B07,ll_lum,25,36,5419035358,1000.02,1,50,1517520564,275.773,3486221936,3486221936,0,2908857035,
mcs30_b09_s50.A08,mcs30_b09_s50.B08,ll_lum,26,65,5533720479,1000.02,1,50,4847273161,865.9,3571110004,3571110004,0,2998754477,
mcs30_b09_s50.A09,mcs30_b09_s50.B09,ll_lum,25,56,4017584760,1000.02,1,50,778092431,185.479,2604596865,2604596865,0,2195383515,
mcs30_b09_s60.A00,mcs30_b09_s60.B00,ll_lum,29,49,4125377302,1000.01,1,60,1027869716,236.685,2602153462,2602153462,0,2159175684,
mcs30_b09_s60.A01,mcs30_b09_s60.B01,ll_lum,29,41,4087115229,1000.01,1,60,1162101348,272.627,2660413858,2660413858,0,2199400794,
mcs30_b09_s60.A02,mcs30_b09_s60.B02,ll_lum,29,38,4899062076,1000.02,1,60,3521303836,705.44,3130748897,3130748897,0,2614921334,
mcs30_b09_s60.A03,mcs30_b09_s60.B03,ll_lum,30,36,4986926272,1000.02,1,60,205228882,40.4095,3283386714,3283386714,0,2735565716,
mcs30_b09_s60.A04,mcs30_b09_s60.B04,ll_lum,28,76,5293577522,1000,1,60,146,8.3666e-05,3319730966,3319730966,0,2697174449,
mcs30_b09_s60.A05,mcs30_b09_s60.B05,ll_lum,29,48,5341180494,1000.01,1,60,3909812825,720.404,3459861731,3459861731,0,2816282660,
mcs30_b09_s60.A06,mcs30_b09_s60.B06,ll_lum,28,58,5053459976,1000.02,1,60,19863,0.00347009,3161762377,3161762377,0,2660702935,
mcs30_b09_s60.A07,mcs30_b09_s60.B07,ll_lum,29,54,5084868498,1000.02,1,60,3075189132,594.941,3246436760,3246436760,0,2694056907,
mcs30_b09_s60.A08,mcs30_b09_s60.B08,ll_lum,29,64,5442520012,1000.02,1,60,282637086,47.4596,3470658865,3470658865,0,2913631375,
mcs30_b09_s60.A09,mcs30_b09_s60.B09,ll_lum,29,64,5445938195,1000.02,1,60,1717723803,314.15,3425245026,3425245026,0,2884537430,
mcs30_b09_s70.A00,mcs30_b09_s70.B00,ll_lum,33,44,5880090642,1000.02,1,70,5702900521,970.468,3737165834,3737165834,0,3001347655,
mcs30_b09_s70.A01,mcs30_b09_s70.B01,ll_lum,32,37,5732138523,1000.02,1,70,502081574,86.2362,3617832099,3617832099,0,2892304919,
mcs30_b09_s70.A02,mcs30_b09_s70.B02,ll_lum,34,65,5535732378,1000.01,1,70,4300041880,769.041,3479103543,3479103543,0,2909978155,
mcs30_b09_s70.A03,mcs30_b09_s70.B03,ll_lum,33,38,5553137469,1000.02,1,70,3435368947,603.617,3555179408,3555179408,0,2936685909,
mcs30_b09_s70.A04,mcs30_b09_s70.B04,ll_lum,33,54,5662930935,1000.01,1,70,358025677,60.6357,3625270059,3625270059,0,3000829420,
mcs30_b09_s70.A05,mcs30_b09_s70.B05,ll_lum,34,61,5133985651,1000.01,1,70,731554551,134.806,3289864195,3289864195,0,2758792496,
mcs30_b09_s70.A06,mcs30_b09_s70.B06,ll_lum,33,41,4911948660,1000.01,1,70,62330568,11.1545,3099583607,3099583607,0,2606181702,
mcs30_b09_s70.A07,mcs30_b09_s70.B07,ll_lum,32,42,5580373922,1000.02,1,70,1334560,0.219363,3525573224,3525573224,0,2895289409,
mcs30_b09_s70.A08,mcs30_b09_s70.B08,ll_lum,33,41,5523629215,1000.02,1,70,3442132674,614.77,3519773066,3519773066,0,2937451929,
mcs30_b09_s70.A09,mcs30_b09_s70.B09,ll_lum,33,40,5627749521,1000.01,1,70,2452860164,418.817,3548475866,3548475866,0,2942015684,
mcs30_b09_s80.A00,mcs30_b09_s80.B00,ll_lum,34,39,5673690681,1000.02,1,80,295975831,49.9457,3536962700,3536962700,0,2877911249,
mcs30_b09_s80.A01,mcs30_b09_s80.B01,ll_lum,36,50,5715159010,1000.02,1,80,184058531,31.2818,3640369544,3640369544,0,2907743698,
mcs30_b09_s80.A02,mcs30_b09_s80.B02,ll_lum,37,60,5165803470,1000.02,1,80,25339672,4.3633,3241859569,3241859569,0,2618936860,
mcs30_b09_s80.A03,mcs30_b09_s80.B03,ll_lum,36,48,5591858945,1000.02,1,80,144997422,25.3678,3493564904,3493564904,0,2814419523,
mcs30_b09_s80.A04,mcs30_b09_s80.B04,ll_lum,38,63,5531970867,1000.02,1,80,230515,0.0365247,3530627701,3530627701,0,2869118631,
mcs30_b09_s80.A05,mcs30_b09_s80.B05,ll_lum,36,47,6174553732,1000.02,1,80,254830966,37.9088,3967087527,3967087527,0,3107393196,
mcs30_b09_s80.A06,mcs30_b09_s80.B06,ll_lum,36,49,5648369963,1000.01,1,80,227796677,38.6764,3477028611,3477028611,0,2768492395,
mcs30_b09_s80.A07,mcs30_b09_s80.B07,ll_lum,37,73,5406679233,1000.02,1,80,1921864078,349.58,3410991329,3410991329,0,2844427279,
mcs30_b09_s80.A08,mcs30_b09_s80.B08,ll_lum,36,45,5797089821,1000.02,1,80,962252120,163.747,3637741624,3637741624,0,2877635017,
mcs30_b09_s80.A09,mcs30_b09_s80.B09,ll_lum,36,46,5489360803,1000.01,1,80,319104678,51.0976,3485658074,3485658074,0,2841061758,
mcs30_b09_s90.A00,mcs30_b09_s90.B00,ll_lum,39,51,6027688146,1000.02,1,90,59495444,8.34195,3775681734,3775681734,0,3038556129,
mcs30_b09_s90.A01,mcs30_b09_s90.B01,ll_lum,40,52,5444635001,1000.01,1,90,1822024570,326.118,3402761952,3402761952,0,2730224685,
mcs30_b09_s90.A02,mcs30_b09_s90.B02,ll_lum,41,78,5587555406,1000.02,1,90,469147862,77.5582,3490638061,3490638061,0,2856070008,
mcs30_b09_s90.A03,mcs30_b09_s90.B03,ll_lum,38,42,5738287166,1000.02,1,90,56516611,10.0307,3607365181,3607365181,0,2911280052,
mcs30_b09_s90.A04,mcs30_b09_s90.B04,ll_lum,41,79,5304040899,1000.02,1,90,20444283,3.82498,3265347681,3265347681,0,2549771678,
mcs30_b09_s90.A05,mcs30_b09_s90.B05,ll_lum,41,48,5638789267,1000.02,1,90,229736255,34.8874,3640479766,3640479766,0,2950930740,
mcs30_b09_s90.A06,mcs30_b09_s90.B06,ll_lum,39,41,5465393750,1000.02,1,90,316955986,54.3568,3506234179,3506234179,0,2681845883,
mcs30_b09_s90.A07,mcs30_b09_s90.B07,ll_lum,41,59,5290619669,1000.01,1,90,108990635,17.9297,3369626980,3369626980,0,2661282267,
mcs30_b09_s90.A08,mcs30_b09_s90.B08,ll_lum,42,69,5405932850,1000.02,1,90,2798332175,501.091,3306794277,3306794277,0,2664486042,
mcs30_b09_s90.A09,mcs30_b09_s90.B09,ll_lum,38,43,6340900586,1000.02,1,90,782632885,115.3,4037649883,4037649883,0,3038131335,
mcs30_b09m_s100.A00,mcs30_b09m_s100.B00,ll_lum,45,52,5660531657,1000.01,1,100,1762514883,280.889,3533634958,3533634958,0,2795981289,
mcs30_b09m_s100.A01,mcs30_b09m_s100.B01,ll_lum,42,48,5956881816,1000.02,1,100,840055623,127.869,3638178909,3638178909,0,2696138178,
mcs30_b09m_s100.A02,mcs30_b09m_s100.B02,ll_lum,45,54,5536705705,1000.01,1,100,2473850453,434.555,3460686473,3460686473,0,2750820702,
mcs30_b09m_s100.A03,mcs30_b09m_s100.B03,ll_lum,43,55,5939098563,1000.02,1,100,3787931601,626.61,3804956508,3804956508,0,3045780571,
mcs30_b09m_s100.A04,mcs30_b09m_s100.B04,ll_lum,44,53,6091775951,1000.02,1,100,233384582,37.8227,3765467257,3765467257,0,2855850454,
mcs30_b09m_s100.A05,mcs30_b09m_s100.B05,ll_lum,46,58,5516076714,1000.02,1,100,2515073170,447.423,3437681929,3437681929,0,2674464766,
mcs30_b09m_s100.A06,mcs30_b09m_s100.B06,ll_lum,43,52,5501050046,1000.02,1,100,1154162330,207.795,3388597751,3388597751,0,2707588192,
mcs30_b09m_s100.A07,mcs30_b09m_s100.B07,ll_lum,44,51,5365780152,1000.02,1,100,214741909,36.323,3430325911,3430325911,0,2697211216,
mcs30_b09m_s100.A08,mcs30_b09m_s100.B08,ll_lum,44,54,5255343515,1000.01,1,100,3673483854,687.772,3272658782,3272658782,0,2512358983,
mcs30_b09m_s100.A09,mcs30_b09m_s100.B09,ll_lum,46,54,5450765871,1000.02,1,100,168348388,28.0842,3454741025,3454741025,0,2723892180,
mcs30_b09m_s35.A00,mcs30_b09m_s35.B00,ll_lum,19,47,222781749,40.5628,0,35,44842273,8.0646,146688688,146688688,0,124454170,
mcs30_b09m_s35.A01,mcs30_b09m_s35.B01,ll_lum,19,31,212577596,39.7421,0,35,52699450,9.79803,138118742,138118742,0,116488338,
mcs30_b09m_s35.A02,mcs30_b09m_s35.B02,ll_lum,19,41,173611502,32.0285,0,35,9744562,1.75209,114608721,114608721,0,96836905,
mcs30_b09m_s35.A03,mcs30_b09m_s35.B03,ll_lum,19,37,179196304,31.7953,0,35,51816442,8.8047,117927111,117927111,0,98741688,
mcs30_b09m_s35.A04,mcs30_b09m_s35.B04,ll_lum,18,31,638727431,112.016,0,35,6071532,1.0065,414018749,414018749,0,340234889,
mcs30_b09m_s35.A05,mcs30_b09m_s35.B05,ll_lum,19,37,223078906,40.0558,0,35,36399535,6.17161,147042385,147042385,0,123606682,
mcs30_b09m_s35.A06,mcs30_b09m_s35.B06,ll_lum,18,34,567942613,99.4201,0,35,108533,0.0190526,372042667,372042667,0,308606130,
mcs30_b09m_s35.A07,mcs30_b09m_s35.B07,ll_lum,19,41,219558627,39.9234,0,35,44367867,7.68785,142796610,142796610,0,118950935,
mcs30_b09m_s35.A08,mcs30_b09m_s35.B08,ll_lum,19,31,213176501,38.4774,0,35,6496497,1.13188,140376062,140376062,0,117544134,
mcs30_b09m_s35.A09,mcs30_b09m_s35.B09,ll_lum,19,31,230493944,41.6698,0,35,31738066,5.60015,149709764,149709764,0,123797724,
mcs30_b09m_s40.A00,mcs30_b09m_s40.B00,ll_lum,21,30,5502501649,1000.01,1,40,4303932719,774.199,3570747772,3570747772,0,2980988359,
mcs30_b09m_s40.A01,mcs30_b09m_s40.B01,ll_lum,21,30,2882490917,524.447,0,40,35354830,6.45638,1902500107,1902500107,0,1587260474,
mcs30_b09m_s40.A02,mcs30_b09m_s40.B02,ll_lum,20,33,5484595102,1000.02,1,40,24835117,4.45923,3515765733,3515765733,0,2924769747,
mcs30_b09m_s40.A03,mcs30_b09m_s40.B03,ll_lum,21,23,5513787920,1000.02,1,40,3099005095,553.041,3602367601,3602367601,0,3010846397,
mcs30_b09m_s40.A04,mcs30_b09m_s40.B04,ll_lum,21,38,3242946644,692.716,0,40,432208087,89.7618,2119035701,2119035701,0,1789592596,
mcs30_b09m_s40.A05,mcs30_b09m_s40.B05,ll_lum,21,28,5668241754,1000.02,1,40,4393904363,778.241,3697886033,3697886033,0,3090164182,
mcs30_b09m_s40.A06,mcs30_b09m_s40.B06,ll_lum,21,29,3974872453,750.219,0,40,567680837,103.991,2580259790,2580259790,0,2173083911,
mcs30_b09m_s40.A07,mcs30_b09m_s40.B07,ll_lum,21,30,3393059140,616.684,0,40,463333817,82.5529,2212672469,2212672469,0,1832522162,
mcs30_b09m_s40.A08,mcs30_b09m_s40.B08,ll_lum,21,33,3119654759,625.438,0,40,2051480,0.406161,2050835496,2050835496,0,1711185952,
mcs30_b09m_s40.A09,mcs30_b09m_s40.B09,ll_lum,21,29,5529578869,1000.02,1,40,3302057156,588.672,3556879926,3556879926,0,2941738457,
mcs30_b09m_s50.A00,mcs30_b09m_s50.B00,ll_lum,25,30,5639845648,1000.02,1,50,4062550372,712.345,3609097074,3609097074,0,2967382280,
mcs30_b09m_s50.A01,mcs30_b09m_s50.B01,ll_lum,25,37,5630544197,1000.02,1,50,1141303362,200.433,3644257983,3644257983,0,3013158600,
mcs30_b09m_s50.A02,mcs30_b09m_s50.B02,ll_lum,25,31,5455832524,1000.01,1,50,514674504,93.5044,3503224022,3503224022,0,2946668634,
mcs30_b09m_s50.A03,mcs30_b09m_s50.B03,ll_lum,25,32,5557467311,1000.02,1,50,745927004,128.883,3638316935,3638316935,0,3059934288,
mcs30_b09m_s50.A04,mcs30_b09m_s50.B04,ll_lum,25,35,5526068924,1000.02,1,50,447089254,76.541,3577122028,3577122028,0,2975252397,
mcs30_b09m_s50.A05,mcs30_b09m_s50.B05,ll_lum,24,29,5630734342,1000,1,50,681440568,117.356,3657353418,3657353418,0,3089519346,
mcs30_b09m_s50.A06,mcs30_b09m_s50.B06,ll_lum,24,35,5647788066,1000.02,1,50,21190573,3.49546,3642591452,3642591452,0,3037500421,
mcs30_b09m_s50.A07,mcs30_b09m_s50.B07,ll_lum,24,29,5658408002,1000.01,1,50,233345995,40.4802,3656334181,3656334181,0,3037624884,
mcs30_b09m_s50.A08,mcs30_b09m_s50.B08,ll_lum,25,28,5318250563,1000.02,1,50,23672603,4.0385,3479673887,3479673887,0,2955628307,
mcs30_b09m_s50.A09,mcs30_b09m_s50.B09,ll_lum,24,31,5580485589,1000.02,1,50,3222479697,569.195,3536772352,3536772352,0,2913219470,
mcs30_b09m_s60.A00,mcs30_b09m_s60.B00,ll_lum,28,34,5797119203,1000.01,1,60,2722551488,458.88,3746509610,3746509610,0,3113580162,
mcs30_b09m_s60.A01,mcs30_b09m_s60.B01,ll_lum,29,38,5455520194,1000.02,1,60,1647146859,293.478,3493399337,3493399337,0,2892450354,
mcs30_b09m_s60.A02,mcs30_b09m_s60.B02,ll_lum,29,41,5429299839,1000.02,1,60,754444515,130.275,3458690567,3458690567,0,2859275443,
mcs30_b09m_s60.A03,mcs30_b09m_s60.B03,ll_lum,29,26,5465274994,1000.02,1,60,526412179,91.7896,3490214484,3490214484,0,2816386178,
mcs30_b09m_s60.A04,mcs30_b09m_s60.B04,ll_lum,28,37,6079506338,1000.02,1,60,14891034,2.31146,3899760279,3899760279,0,3113527313,
mcs30_b09m_s60.A05,mcs30_b09m_s60.B05,ll_lum,29,32,5566396179,1000.02,1,60,2292199384,405.347,3555643619,3555643619,0,2952821054,
mcs30_b09m_s60.A06,mcs30_b09m_s60.B06,ll_lum,28,43,2866710605,1000.01,1,60,115531397,39.3918,1799639100,1799639100,0,1443895701,
mcs30_b09m_s60.A07,mcs30_b09m_s60.B07,ll_lum,28,34,5684750771,1000.01,1,60,1413732497,242.863,3605249702,3605249702,0,2969101915,
mcs30_b09m_s60.A08,mcs30_b09m_s60.B08,ll_lum,29,35,2741924188,1000.01,1,60,183469378,65.7403,1731851290,1731851290,0,1420707054,
mcs30_b09m_s60.A09,mcs30_b09m_s60.B09,ll_lum,28,36,2875585334,1000.02,1,60,1220360198,421.934,1871488754,1871488754,0,1576672402,
mcs30_b09m_s70.A00,mcs30_b09m_s70.B00,ll_lum,33,43,2760143452,1000.02,1,70,625447689,217.523,1720403548,1720403548,0,1386238266,
mcs30_b09m_s70.A01,mcs30_b09m_s70.B01,ll_lum,32,37,2832029184,1000.01,1,70,2606824405,919.526,1749951970,1749951970,0,1374986661,
mcs30_b09m_s70.A02,mcs30_b09m_s70.B02,ll_lum,32,38,2685549468,1000.02,1,70,285768398,97.8971,1685693901,1685693901,0,1394822064,
mcs30_b09m_s70.A03,mcs30_b09m_s70.B03,ll_lum,32,34,2842971035,1000.02,1,70,9499294,3.12179,1814701139,1814701139,0,1488990940,
mcs30_b09m_s70.A04,mcs30_b09m_s70.B04,ll_lum,32,37,2769793272,1000.01,1,70,1787286803,636.629,1753527019,1753527019,0,1423654769,
mcs30_b09m_s70.A05,mcs30_b09m_s70.B05,ll_lum,33,33,2823894457,1000.02,1,70,1500133592,509.913,1779156690,1779156690,0,1417347622,
mcs30_b09m_s70.A06,mcs30_b09m_s70.B06,ll_lum,33,36,5865938137,1000.01,1,70,1235687635,197.423,3801760708,3801760708,0,3023091471,
mcs30_b09m_s70.A07,mcs30_b09m_s70.B07,ll_lum,33,35,5670767367,1000.02,1,70,3241667925,566.279,3550528105,3550528105,0,2850326641,
mcs30_b09m_s70.A08,mcs30_b09m_s70.B08,ll_lum,33,42,5581679707,1000.02,1,70,456846189,76.5187,3528034507,3528034507,0,2866301847,
mcs30_b09m_s70.A09,mcs30_b09m_s70.B09,ll_lum,33,40,5554046318,1000.01,1,70,29677698,4.80879,3541526665,3541526665,0,2887840953,
mcs30_b09m_s80.A00,mcs30_b09m_s80.B00,ll_lum,37,44,5514120954,1000.01,1,80,148966376,26.9531,3501028460,3501028460,0,2876022062,
mcs30_b09m_s80.A01,mcs30_b09m_s80.B01,ll_lum,36,44,5513259964,1000.02,1,80,197485303,35.3748,3454092800,3454092800,0,2821494591,
mcs30_b09m_s80.A02,mcs30_b09m_s80.B02,ll_lum,37,39,5474061582,1000.02,1,80,214049010,38.2323,3476812359,3476812359,0,2753851843,
mcs30_b09m_s80.A03,mcs30_b09m_s80.B03,ll_lum,36,43,5756970627,1000.01,1,80,4594769,0.742588,3756780431,3756780431,0,3054271791,
mcs30_b09m_s80.A04,mcs30_b09m_s80.B04,ll_lum,36,42,5497585177,1000.01,1,80,975678269,163.736,3506959849,3506959849,0,2795579539,
mcs30_b09m_s80.A05,mcs30_b09m_s80.B05,ll_lum,36,38,5661088607,1000.01,1,80,156086793,26.2394,3578016588,3578016588,0,2836042276,
mcs30_b09m_s80.A06,mcs30_b09m_s80.B06,ll_lum,35,39,5865744976,1000.01,1,80,2068822622,365.372,3622420499,3622420499,0,2891098376,
mcs30_b09m_s80.A07,mcs30_b09m_s80.B07,ll_lum,35,41,6490287869,1000.02,1,80,5440374847,830.112,4212901274,4212901274,0,3221180805,
mcs30_b09m_s80.A08,mcs30_b09m_s80.B08,ll_lum,36,44,6282086913,1000.01,1,80,4887517324,766.939,4087492979,4087492979,0,3159019080,
mcs30_b09m_s80.A09,mcs30_b09m_s80.B09,ll_lum,36,46,5609451081,1000.02,1,80,2840212,0.431634,3567608990,3567608990,0,2858787265,
mcs30_b09m_s90.A00,mcs30_b09m_s90.B00,ll_lum,39,47,5352059646,1000.01,1,90,327424797,54.7784,3403260998,3403260998,0,2648293510,
mcs30_b09m_s90.A01,mcs30_b09m_s90.B01,ll_lum,41,48,5835598748,1000.01,1,90,5260060846,893.366,3625230552,3625230552,0,2813198064,
mcs30_b09m_s90.A02,mcs30_b09m_s90.B02,ll_lum,39,42,5757496040,1000.02,1,90,3341493686,569.682,3644220237,3644220237,0,2786836829,
mcs30_b09m_s90.A03,mcs30_b09m_s90.B03,ll_lum,40,41,5848108675,1000.02,1,90,3685355482,631.671,3632413709,3632413709,0,2777887973,
mcs30_b09m_s90.A04,mcs30_b09m_s90.B04,ll_lum,38,45,5903223624,1000.02,1,90,903599844,149.787,3763994335,3763994335,0,2913044120,
mcs30_b09m_s90.A05,mcs30_b09m_s90.B05,ll_lum,41,51,5470091193,1000.02,1,90,108153248,19.0356,3370201151,3370201151,0,2701115034,
mcs30_b09m_s90.A06,mcs30_b09m_s90.B06,ll_lum,41,44,5598926083,1000.01,1,90,2076522015,366.295,3578114550,3578114550,0,2755888836,
mcs30_b09m_s90.A07,mcs30_b09m_s90.B07,ll_lum,41,44,5974354953,1000.02,1,90,626923355,102.799,3815637114,3815637114,0,2993784874,
mcs30_b09m_s90.A08,mcs30_b09m_s90.B08,ll_lum,40,41,5808368684,1000.02,1,90,2976710813,510.357,3765568029,3765568029,0,2984986965,
mcs30_b09m_s90.A09,mcs30_b09m_s90.B09,ll_lum,40,44,6002453027,1000.02,1,90,203636247,35.2146,3768046385,3768046385,0,2931227637,
mcs30_m2D_s100.A00,mcs30_m2D_s100.B00,ll_lum,66,65,7280157805,1000.01,1,100,4355798195,588.777,4737389608,4737389608,0,3333759211,
mcs30_m2D_s100.A01,mcs30_m2D_s100.B01,ll_lum,57,42,22020310590,1000.02,1,100,18879266008,853.186,17279920232,17279920232,0,12581511527,
mcs30_m2D_s100.A02,mcs30_m2D_s100.B02,ll_lum,66,56,7118627814,1000.02,1,100,2781932760,352.162,4869613188,4869613188,0,3324932750,
mcs30_m2D_s100.A03,mcs30_m2D_s100.B03,ll_lum,66,62,8813347385,1000.02,1,100,6377462841,650.394,6951794300,6951794300,0,5411152553,
mcs30_m2D_s100.A04,mcs30_m2D_s100.B04,ll_lum,59,53,18447040364,1000.01,1,100,279868518,13.3732,15484639222,15484639222,0,12967016365,
mcs30_m2D_s100.A05,mcs30_m2D_s100.B05,ll_lum,66,62,6743387777,1000.02,1,100,4210043910,584.526,5218526588,5218526588,0,4121648773,
mcs30_m2D_s100.A06,mcs30_m2D_s100.B06,ll_lum,65,59,7632146939,1000.02,1,100,2935529074,340.649,5265572976,5265572976,0,3680402730,
mcs30_m2D_s100.A07,mcs30_m2D_s100.B07,ll_lum,64,53,10167625137,1000.01,1,100,9091969247,870.409,7248165950,7248165950,0,4847087997,
mcs30_m2D_s100.A08,mcs30_m2D_s100.B08,ll_lum,66,59,6855036762,1000.02,1,100,599858582,54.5317,4317969260,4317969260,0,2827660287,
mcs30_m2D_s100.A09,mcs30_m2D_s100.B09,ll_lum,58,43,23135307821,1000.02,1,100,159103442,6.08049,18514987573,18514987573,0,14002942808,
mcs30_m2D_s30.A00,mcs30_m2D_s30.B00,ll_lum,22,18,5362217,0.656796,0,30,1435612,0.163527,3647609,3647609,0,2581322,
mcs30_m2D_s30.A01,mcs30_m2D_s30.B01,ll_lum,23,26,1153017,0.155959,0,30,288200,0.0366179,732439,732439,0,507927,
mcs30_m2D_s30.A02,mcs30_m2D_s30.B02,ll_lum,22,16,4678835,0.567044,0,30,197009,0.0217691,3246786,3246786,0,2282403,
mcs30_m2D_s30.A03,mcs30_m2D_s30.B03,ll_lum,23,21,784667,0.0974044,0,30,455667,0.0549509,509575,509575,0,344086,
mcs30_m2D_s30.A04,mcs30_m2D_s30.B04,ll_lum,23,20,1002946,0.131419,0,30,502669,0.0660968,670463,670463,0,486031,
mcs30_m2D_s30.A05,mcs30_m2D_s30.B05,ll_lum,22,21,2419983,0.319947,0,30,400549,0.0486958,1644696,1644696,0,1209888,
mcs30_m2D_s30.A06,mcs30_m2D_s30.B06,ll_lum,23,20,1829210,0.222876,0,30,1368233,0.163442,1213180,1213180,0,827593,
mcs30_m2D_s30.A07,mcs30_m2D_s30.B07,ll_lum,22,21,7283223,0.906822,0,30,1746264,0.205743,5285358,5285358,0,3999833,
mcs30_m2D_s30.A08,mcs30_m2D_s30.B08,ll_lum,22,20,6856514,0.845884,0,30,2183567,0.255648,4482975,4482975,0,3045452,
mcs30_m2D_s30.A09,mcs30_m2D_s30.B09,ll_lum,23,20,1257557,0.16916,0,30,648847,0.0842605,802660,802660,0,560525,
mcs30_m2D_s50.A00,mcs30_m2D_s50.B00,ll_lum,37,30,7280725825,1000.01,1,50,6280804944,858.28,4930523967,4930523967,0,3406976751,
mcs30_m2D_s50.A01,mcs30_m2D_s50.B01,ll_lum,37,29,7197046898,1000.02,1,50,160751184,20.8676,4977793299,4977793299,0,3526280714,
mcs30_m2D_s50.A02,mcs30_m2D_s50.B02,ll_lum,38,28,3746793462,540.655,0,50,2153831491,305.087,2649836461,2649836461,0,1914232367,
mcs30_m2D_s50.A03,mcs30_m2D_s50.B03,ll_lum,38,31,3630879983,522.447,0,50,2173213895,298.481,2491205786,2491205786,0,1814386213,
mcs30_m2D_s50.A04,mcs30_m2D_s50.B04,ll_lum,36,32,7575912921,1000.02,1,50,1589991179,204.23,5157010322,5157010322,0,3591285337,
mcs30_m2D_s50.A05,mcs30_m2D_s50.B05,ll_lum,37,32,6882269533,1000.02,1,50,1894078737,258.277,4810957363,4810957363,0,3515435731,
mcs30_m2D_s50.A06,mcs30_m2D_s50.B06,ll_lum,36,33,7246692378,1000.02,1,50,46501657,6.05507,4948735600,4948735600,0,3546461473,
mcs30_m2D_s50.A07,mcs30_m2D_s50.B07,ll_lum,37,30,5293953802,1000.02,1,50,2619602283,485.259,3613921887,3613921887,0,2536803860,
mcs30_m2D_s50.A08,mcs30_m2D_s50.B08,ll_lum,38,31,3186980470,653.348,0,50,1844751962,377.452,2183354963,2183354963,0,1580673251,
mcs30_m2D_s50.A09,mcs30_m2D_s50.B09,ll_lum,37,28,5011316095,1000.02,1,50,540976949,102.138,3464934076,3464934076,0,2506581108,
mcs30_m2D_s60.A00,mcs30_m2D_s60.B00,ll_lum,43,35,6429397459,1000.02,1,60,2665011430,407.911,4535828967,4535828967,0,3350733444,
mcs30_m2D_s60.A01,mcs30_m2D_s60.B01,ll_lum,43,34,6795862422,1000.02,1,60,87565782,10.9909,4633244760,4633244760,0,3303828003,
mcs30_m2D_s60.A02,mcs30_m2D_s60.B02,ll_lum,43,38,6413460808,1000.02,1,60,2238283935,351.059,4567047617,4567047617,0,3377663285,
mcs30_m2D_s60.A03,mcs30_m2D_s60.B03,ll_lum,42,42,6839242169,1000.02,1,60,9797716,1.23633,4538042357,4538042357,0,3259641436,
mcs30_m2D_s60.A04,mcs30_m2D_s60.B04,ll_lum,43,37,6260042347,1000.02,1,60,382707032,54.4681,4108369096,4108369096,0,2912039370,
mcs30_m2D_s60.A05,mcs30_m2D_s60.B05,ll_lum,43,40,5996371252,1000.01,1,60,454727096,67.1404,4147671622,4147671622,0,3114443454,
mcs30_m2D_s60.A06,mcs30_m2D_s60.B06,ll_lum,43,37,7403389358,1000.02,1,60,235064054,30.2102,4959555078,4959555078,0,3457814037,
mcs30_m2D_s60.A07,mcs30_m2D_s60.B07,ll_lum,43,37,7245248954,1000.02,1,60,6712395567,925.23,4755185205,4755185205,0,3274344517,
mcs30_m2D_s60.A08,mcs30_m2D_s60.B08,ll_lum,45,38,6713223455,1000.02,1,60,3891539794,558.801,4761775310,4761775310,0,3487819742,
mcs30_m2D_s60.A09,mcs30_m2D_s60.B09,ll_lum,43,33,8212381056,1000.02,1,60,4543401310,483.084,5788810742,5788810742,0,4298992281,
mcs30_m2D_s70.A00,mcs30_m2D_s70.B00,ll_lum,47,44,7275854521,1000.02,1,70,2979040138,403.548,5124413020,5124413020,0,3650692285,
mcs30_m2D_s70.A01,mcs30_m2D_s70.B01,ll_lum,49,41,6521461210,1000.02,1,70,3184135885,470.943,4689452553,4689452553,0,3548942799,
mcs30_m2D_s70.A02,mcs30_m2D_s70.B02,ll_lum,47,36,8480867722,1000.01,1,70,3393703180,269.451,6197297597,6197297597,0,4729027216,
mcs30_m2D_s70.A03,mcs30_m2D_s70.B03,ll_lum,48,38,7008466503,1000.02,1,70,1199156386,161.635,4640659792,4640659792,0,3398981871,
mcs30_m2D_s70.A04,mcs30_m2D_s70.B04,ll_lum,49,39,7288532385,1000.01,1,70,6089881562,823.331,5089781944,5089781944,0,3641456334,
mcs30_m2D_s70.A05,mcs30_m2D_s70.B05,ll_lum,49,41,9044256459,1000.02,1,70,6149369818,643.824,7018029844,7018029844,0,5486878813,
mcs30_m2D_s70.A06,mcs30_m2D_s70.B06,ll_lum,47,41,7401008248,1000.02,1,70,1106647923,138.628,5127394046,5127394046,0,3736724166,
mcs30_m2D_s70.A07,mcs30_m2D_s70.B07,ll_lum,49,41,6944413199,1000.01,1,70,6009831150,858.027,4628739138,4628739138,0,3257364954,
mcs30_m2D_s70.A08,mcs30_m2D_s70.B08,ll_lum,49,44,8763973587,1000.02,1,70,5480723143,516.343,6491974741,6491974741,0,4939365446,
mcs30_m2D_s70.A09,mcs30_m2D_s70.B09,ll_lum,47,47,7637221189,1000.02,1,70,2097725244,257.917,5197114372,5197114372,0,3737010408,
mcs30_m2D_s80.A00,mcs30_m2D_s80.B00,ll_lum,52,40,7155654070,1000.02,1,80,1290807474,169.156,5054254485,5054254485,0,3805454321,
mcs30_m2D_s80.A01,mcs30_m2D_s80.B01,ll_lum,53,41,6682658315,1000.02,1,80,2766808529,396.403,4937533056,4937533056,0,3942430132,
mcs30_m2D_s80.A02,mcs30_m2D_s80.B02,ll_lum,50,43,13640139599,1000.02,1,80,11041025321,761.337,11367715740,11367715740,0,9167808928,
mcs30_m2D_s80.A03,mcs30_m2D_s80.B03,ll_lum,54,47,6877506890,1000.01,1,80,138283284,9.89798,4759271727,4759271727,0,3523681775,
mcs30_m2D_s80.A04,mcs30_m2D_s80.B04,ll_lum,54,47,7604597448,1000.01,1,80,676098465,85.8359,5150135635,5150135635,0,3563134219,
mcs30_m2D_s80.A05,mcs30_m2D_s80.B05,ll_lum,52,43,20579095442,1000.02,1,80,19691016440,861.815,15815541469,15815541469,0,11217886994,
mcs30_m2D_s80.A06,mcs30_m2D_s80.B06,ll_lum,54,45,7630580650,1000.01,1,80,1462263386,180.627,4911840530,4911840530,0,3437979946,
mcs30_m2D_s80.A07,mcs30_m2D_s80.B07,ll_lum,56,49,7132114225,1000.02,1,80,1520931839,135.826,4893522140,4893522140,0,3415122836,
mcs30_m2D_s80.A08,mcs30_m2D_s80.B08,ll_lum,54,48,7165550388,1000.01,1,80,4059088187,544.911,4949819124,4949819124,0,3506974329,
mcs30_m2D_s80.A09,mcs30_m2D_s80.B09,ll_lum,56,50,6751277349,1000.01,1,80,398978462,54.8202,4631287270,4631287270,0,3281260969,
mcs30_m2D_s90.A00,mcs30_m2D_s90.B00,ll_lum,61,57,8941903447,1000.01,1,90,3362813553,223.271,6524294452,6524294452,0,4876844327,
mcs30_m2D_s90.A01,mcs30_m2D_s90.B01,ll_lum,61,52,8283984006,1000.02,1,90,3108190247,226.573,5953361430,5953361430,0,4612989520,
mcs30_m2D_s90.A02,mcs30_m2D_s90.B02,ll_lum,57,48,13717169739,1000.01,1,90,12332986407,875.8,11421096251,11421096251,0,9168125157,
mcs30_m2D_s90.A03,mcs30_m2D_s90.B03,ll_lum,62,51,6564781419,1000.02,1,90,267918346,38.8127,4435572893,4435572893,0,3291057452,
mcs30_m2D_s90.A04,mcs30_m2D_s90.B04,ll_lum,61,55,6686109511,1000.02,1,90,644792953,96.0208,4355583213,4355583213,0,2970676257,
mcs30_m2D_s90.A05,mcs30_m2D_s90.B05,ll_lum,58,47,9166175570,1000.02,1,90,2621030796,122.026,7342630722,7342630722,0,5959160328,
mcs30_m2D_s90.A06,mcs30_m2D_s90.B06,ll_lum,60,51,10203190669,1000.01,1,90,8926430555,794.221,8161222328,8161222328,0,6630446136,
mcs30_m2D_s90.A07,mcs30_m2D_s90.B07,ll_lum,60,49,7323999535,1000.02,1,90,387143260,33.4392,4908027247,4908027247,0,3395800086,
mcs30_m2D_s90.A08,mcs30_m2D_s90.B08,ll_lum,61,53,7219847375,1000.01,1,90,5962545015,829.202,4959625263,4959625263,0,3512561278,
mcs30_m2D_s90.A09,mcs30_m2D_s90.B09,ll_lum,52,41,22610208881,1000.01,1,90,16477311,0.702436,17906232541,17906232541,0,13340744964,
mcs30_m2Dr2_s100.A00,mcs30_m2Dr2_s100.B00,ll_lum,64,61,6451704069,1000.02,1,100,131862335,16.5939,4578149684,4578149684,0,3436211907,
mcs30_m2Dr2_s100.A01,mcs30_m2Dr2_s100.B01,ll_lum,62,55,7362286762,1000.01,1,100,7230699788,980.067,4870601300,4870601300,0,3380621253,
mcs30_m2Dr2_s100.A02,mcs30_m2Dr2_s100.B02,ll_lum,65,56,7461799175,1000.01,1,100,4551568987,580.198,5126702468,5126702468,0,3750489022,
mcs30_m2Dr2_s100.A03,mcs30_m2Dr2_s100.B03,ll_lum,62,56,12498918244,1000.01,1,100,11817754566,911.231,9871240659,9871240659,0,7832682461,
mcs30_m2Dr2_s100.A04,mcs30_m2Dr2_s100.B04,ll_lum,62,53,9847179415,1000.02,1,100,5666567780,423.976,7538346378,7538346378,0,5776132178,
mcs30_m2Dr2_s100.A05,mcs30_m2Dr2_s100.B05,ll_lum,61,54,7777095736,1000.02,1,100,23827813,2.62498,5281561862,5281561862,0,3551904937,
mcs30_m2Dr2_s100.A06,mcs30_m2Dr2_s100.B06,ll_lum,52,44,23207228051,1000.01,1,100,1954586314,76.3817,19083422074,19083422074,0,15419062794,
mcs30_m2Dr2_s100.A07,mcs30_m2Dr2_s100.B07,ll_lum,62,51,17626897076,1000.02,1,100,4591250900,326.121,15435736091,15435736091,0,13261296166,
mcs30_m2Dr2_s100.A08,mcs30_m2Dr2_s100.B08,ll_lum,61,56,7006469615,1000.02,1,100,6631364387,941.96,4303600928,4303600928,0,2936544938,
mcs30_m2Dr2_s100.A09,mcs30_m2Dr2_s100.B09,ll_lum,65,63,7135462829,1000.02,1,100,3760881284,526.928,4593612343,4593612343,0,3030762016,
mcs30_m2Dr2_s30.A00,mcs30_m2Dr2_s30.B00,ll_lum,22,20,5135077,0.669356,0,30,4529150,0.586142,3381231,3381231,0,2402552,
mcs30_m2Dr2_s30.A01,mcs30_m2Dr2_s30.B01,ll_lum,22,21,5518624,0.726147,0,30,2919060,0.371877,3487275,3487275,0,2348391,
mcs30_m2Dr2_s30.A02,mcs30_m2Dr2_s30.B02,ll_lum,23,19,4375979,0.56072,0,30,4344376,0.556294,2908574,2908574,0,2135775,
mcs30_m2Dr2_s30.A03,mcs30_m2Dr2_s30.B03,ll_lum,22,20,4478304,0.561854,0,30,3794300,0.471855,3072083,3072083,0,2243328,
mcs30_m2Dr2_s30.A04,mcs30_m2Dr2_s30.B04,ll_lum,22,20,11181147,1.37583,0,30,10592741,1.30005,7414341,7414341,0,5100080,
mcs30_m2Dr2_s30.A05,mcs30_m2Dr2_s30.B05,ll_lum,22,24,2417583,0.322476,0,30,547849,0.0706735,1579571,1579571,0,1105073,
mcs30_m2Dr2_s30.A06,mcs30_m2Dr2_s30.B06,ll_lum,22,20,4946740,0.651822,0,30,3820144,0.49798,3272927,3272927,0,2378132,
mcs30_m2Dr2_s30.A07,mcs30_m2Dr2_s30.B07,ll_lum,22,22,2715168,0.393393,0,30,850326,0.121383,1759588,1759588,0,1242234,
mcs30_m2Dr2_s30.A08,mcs30_m2Dr2_s30.B08,ll_lum,22,21,6124501,0.766558,0,30,3701103,0.45738,4034559,4034559,0,2771844,
mcs30_m2Dr2_s30.A09,mcs30_m2Dr2_s30.B09,ll_lum,22,19,3116958,0.367284,0,30,1599896,0.17005,2140309,2140309,0,1591825,
mcs30_m2Dr2_s50.A00,mcs30_m2Dr2_s50.B00,ll_lum,36,34,6371790487,1000.02,1,50,2121819108,319.329,4385984075,4385984075,0,3243800841,
mcs30_m2Dr2_s50.A01,mcs30_m2Dr2_s50.B01,ll_lum,36,33,6837828615,1000.02,1,50,1345589647,182.502,4666550962,4666550962,0,3452841637,
mcs30_m2Dr2_s50.A02,mcs30_m2Dr2_s50.B02,ll_lum,36,34,6910743496,1000.01,1,50,2960620313,409.994,4692651700,4692651700,0,3439580544,
mcs30_m2Dr2_s50.A03,mcs30_m2Dr2_s50.B03,ll_lum,36,29,6823559059,1000.01,1,50,3691037121,526.142,4607984174,4607984174,0,3384171730,
mcs30_m2Dr2_s50.A04,mcs30_m2Dr2_s50.B04,ll_lum,36,30,6916767694,1000.02,1,50,70860786,9.64447,4804209899,4804209899,0,3529907683,
mcs30_m2Dr2_s50.A05,mcs30_m2Dr2_s50.B05,ll_lum,35,32,7106245433,1000.02,1,50,107775277,14.5117,4777472497,4777472497,0,3464925055,
mcs30_m2Dr2_s50.A06,mcs30_m2Dr2_s50.B06,ll_lum,35,30,6967070743,1000.02,1,50,104829260,14.0659,4779794581,4779794581,0,3521755731,
mcs30_m2Dr2_s50.A07,mcs30_m2Dr2_s50.B07,ll_lum,35,31,6347886649,1000.01,1,50,193675624,26.8171,4233283379,4233283379,0,3066069590,
mcs30_m2Dr2_s50.A08,mcs30_m2Dr2_s50.B08,ll_lum,36,33,7184153174,1000.01,1,50,5773073804,797.039,4905683130,4905683130,0,3557587410,
mcs30_m2Dr2_s50.A09,mcs30_m2Dr2_s50.B09,ll_lum,36,34,7054074151,1000.02,1,50,3460950626,476.616,4775525509,4775525509,0,3457807453,
mcs30_m2Dr2_s60.A00,mcs30_m2Dr2_s60.B00,ll_lum,41,38,6898490897,1000.02,1,60,259373359,35.6299,4598458708,4598458708,0,3270428508,
mcs30_m2Dr2_s60.A01,mcs30_m2Dr2_s60.B01,ll_lum,41,34,6899958606,1000.02,1,60,2206725986,312.459,4496026596,4496026596,0,3276403738,
mcs30_m2Dr2_s60.A02,mcs30_m2Dr2_s60.B02,ll_lum,42,38,7034340694,1000.01,1,60,3681305185,510.292,4858625707,4858625707,0,3468652911,
mcs30_m2Dr2_s60.A03,mcs30_m2Dr2_s60.B03,ll_lum,40,34,7465263654,1000.01,1,60,690914015,92.7801,4973668383,4973668383,0,3455945513,
mcs30_m2Dr2_s60.A04,mcs30_m2Dr2_s60.B04,ll_lum,41,42,7028290780,1000.01,1,60,1894417511,258.044,4736619653,4736619653,0,3488814966,
mcs30_m2Dr2_s60.A05,mcs30_m2Dr2_s60.B05,ll_lum,40,35,7079722119,1000.02,1,60,1155761106,162.424,4671437126,4671437126,0,3298204301,
mcs30_m2Dr2_s60.A06,mcs30_m2Dr2_s60.B06,ll_lum,42,34,6570526055,1000.01,1,60,5219316605,789.833,4557197334,4557197334,0,3450233316,
mcs30_m2Dr2_s60.A07,mcs30_m2Dr2_s60.B07,ll_lum,42,38,6855517149,1000.01,1,60,2945590831,416.6,4496671607,4496671607,0,3160153634,
mcs30_m2Dr2_s60.A08,mcs30_m2Dr2_s60.B08,ll_lum,40,34,7136618977,1000.02,1,60,2964610904,410.868,5121052180,5121052180,0,3705400040,
mcs30_m2Dr2_s60.A09,mcs30_m2Dr2_s60.B09,ll_lum,42,38,6579767579,1000.02,1,60,3546792841,530.965,4358557782,4358557782,0,3278744071,
mcs30_m2Dr2_s70.A00,mcs30_m2Dr2_s70.B00,ll_lum,46,39,7260389305,1000.01,1,70,65266085,8.94286,4613741957,4613741957,0,3226807865,
mcs30_m2Dr2_s70.A01,mcs30_m2Dr2_s70.B01,ll_lum,47,43,7063657254,1000.01,1,70,4522998538,626.39,4620225750,4620225750,0,3258570064,
mcs30_m2Dr2_s70.A02,mcs30_m2Dr2_s70.B02,ll_lum,45,36,7062804194,1000.02,1,70,456877179,61.2489,4753964544,4753964544,0,3431616802,
mcs30_m2Dr2_s70.A03,mcs30_m2Dr2_s70.B03,ll_lum,47,44,7123528342,1000.01,1,70,1688327665,233.123,4532763521,4532763521,0,3131606070,
mcs30_m2Dr2_s70.A04,mcs30_m2Dr2_s70.B04,ll_lum,46,40,6923020323,1000.01,1,70,4482397416,641.846,4447027027,4447027027,0,3262160685,
mcs30_m2Dr2_s70.A05,mcs30_m2Dr2_s70.B05,ll_lum,47,43,6871896130,1000,1,70,1794033653,250.675,4902831323,4902831323,0,3514999379,
mcs30_m2Dr2_s70.A06,mcs30_m2Dr2_s70.B06,ll_lum,46,41,7389528847,1000.01,1,70,99855303,12.6356,4929025103,4929025103,0,3461515120,
mcs30_m2Dr2_s70.A07,mcs30_m2Dr2_s70.B07,ll_lum,47,42,6780715116,1000.01,1,70,94555465,12.9152,4802947424,4802947424,0,3476131454,
mcs30_m2Dr2_s70.A08,mcs30_m2Dr2_s70.B08,ll_lum,47,43,6800707905,1000.02,1,70,112024089,15.296,4240529678,4240529678,0,2805473454,
mcs30_m2Dr2_s70.A09,mcs30_m2Dr2_s70.B09,ll_lum,47,42,7269738342,1000.01,1,70,4475526550,610.35,4816617051,4816617051,0,3692106673,
mcs30_m2Dr2_s80.A00,mcs30_m2Dr2_s80.B00,ll_lum,52,41,7164549270,1000.01,1,80,883103940,112.044,4702657109,4702657109,0,3073552816,
mcs30_m2Dr2_s80.A01,mcs30_m2Dr2_s80.B01,ll_lum,52,44,8435949720,1000.01,1,80,1077133513,68.9984,5728085331,5728085331,0,3909967013,
mcs30_m2Dr2_s80.A02,mcs30_m2Dr2_s80.B02,ll_lum,51,45,7567817955,1000.01,1,80,24768852,2.75179,4969015223,4969015223,0,3486900481,
mcs30_m2Dr2_s80.A03,mcs30_m2Dr2_s80.B03,ll_lum,53,43,6685967838,1000.02,1,80,279055417,30.8774,4276382645,4276382645,0,3074784436,
mcs30_m2Dr2_s80.A04,mcs30_m2Dr2_s80.B04,ll_lum,52,47,7555047658,1000.02,1,80,5700087312,753.532,5001573952,5001573952,0,3469373707,
mcs30_m2Dr2_s80.A05,mcs30_m2Dr2_s80.B05,ll_lum,53,44,6777457458,1000.01,1,80,719734987,103.957,4567519587,4567519587,0,3378649705,
mcs30_m2Dr2_s80.A06,mcs30_m2Dr2_s80.B06,ll_lum,53,46,6870631540,1000.01,1,80,936825482,124.353,4578803338,4578803338,0,3486311360,
mcs30_m2Dr2_s80.A07,mcs30_m2Dr2_s80.B07,ll_lum,52,43,7020649053,1000.01,1,80,1064624379,145.83,4515230601,4515230601,0,3151766126,
mcs30_m2Dr2_s80.A08,mcs30_m2Dr2_s80.B08,ll_lum,53,44,7010023770,1000.02,1,80,3954284876,567.977,4675412986,4675412986,0,3272100402,
mcs30_m2Dr2_s80.A09,mcs30_m2Dr2_s80.B09,ll_lum,52,48,7503773713,1000.02,1,80,707927138,83.4263,4798523008,4798523008,0,3343346635,
mcs30_m2Dr2_s90.A00,mcs30_m2Dr2_s90.B00,ll_lum,58,52,7413099568,1000.02,1,90,2079523038,201.353,4855657164,4855657164,0,3436626445,
mcs30_m2Dr2_s90.A01,mcs30_m2Dr2_s90.B01,ll_lum,58,51,7650235245,1000.01,1,90,3040434233,338.534,5673927198,5673927198,0,4364834011,
mcs30_m2Dr2_s90.A02,mcs30_m2Dr2_s90.B02,ll_lum,57,52,7659362477,1000.02,1,90,5747138326,749.02,5107713246,5107713246,0,3585143164,
mcs30_m2Dr2_s90.A03,mcs30_m2Dr2_s90.B03,ll_lum,57,53,6568481054,1000.02,1,90,2681302504,388.932,4231660269,4231660269,0,3057063870,
mcs30_m2Dr2_s90.A04,mcs30_m2Dr2_s90.B04,ll_lum,57,53,7884743713,1000.01,1,90,4965468603,606.991,5177648345,5177648345,0,3644502149,
mcs30_m2Dr2_s90.A05,mcs30_m2Dr2_s90.B05,ll_lum,57,51,6989972986,1000.03,1,90,3619637864,507.023,4512559683,4512559683,0,3167649687,
mcs30_m2Dr2_s90.A06,mcs30_m2Dr2_s90.B06,ll_lum,59,44,7472791204,1000.02,1,90,4818231454,612.28,5447084896,5447084896,0,4147223653,
mcs30_m2Dr2_s90.A07,mcs30_m2Dr2_s90.B07,ll_lum,60,54,7501629902,1000.02,1,90,4523034937,587.39,4966453904,4966453904,0,3253417836,
mcs30_m2Dr2_s90.A08,mcs30_m2Dr2_s90.B08,ll_lum,58,54,8024562062,1000.02,1,90,1309310620,160.783,5259270156,5259270156,0,3494369852,
mcs30_m2Dr2_s90.A09,mcs30_m2Dr2_s90.B09,ll_lum,58,55,7138496234,1000.02,1,90,4748811823,641.771,4723201987,4723201987,0,3314039626,
mcs30_m2Dr4_s100.A00,mcs30_m2Dr4_s100.B00,ll_lum,59,56,6568283117,1000.01,1,100,4605577033,687.526,4097441227,4097441227,0,2913076263,
mcs30_m2Dr4_s100.A01,mcs30_m2Dr4_s100.B01,ll_lum,54,43,10221720614,1000.02,1,100,9541120751,931.616,8603010533,8603010533,0,7019528837,
mcs30_m2Dr4_s100.A02,mcs30_m2Dr4_s100.B02,ll_lum,62,52,7748102445,1000.02,1,100,2731969295,170.568,5425953150,5425953150,0,4078096342,
mcs30_m2Dr4_s100.A03,mcs30_m2Dr4_s100.B03,ll_lum,64,59,6711328580,1000.02,1,100,1500708292,217.181,4233804466,4233804466,0,3005486164,
mcs30_m2Dr4_s100.A04,mcs30_m2Dr4_s100.B04,ll_lum,56,52,23246440792,1000.01,1,100,1139694476,45.6956,19511558902,19511558902,0,15800740138,
mcs30_m2Dr4_s100.A05,mcs30_m2Dr4_s100.B05,ll_lum,62,57,6684149971,1000.01,1,100,130663358,16.2732,4530954444,4530954444,0,3209004265,
mcs30_m2Dr4_s100.A06,mcs30_m2Dr4_s100.B06,ll_lum,60,56,6646326278,1000.02,1,100,4075994914,613.724,4189724168,4189724168,0,2765016161,
mcs30_m2Dr4_s100.A07,mcs30_m2Dr4_s100.B07,ll_lum,60,51,7593629122,1000.01,1,100,4370063934,535.763,5237472036,5237472036,0,3805022454,
mcs30_m2Dr4_s100.A08,mcs30_m2Dr4_s100.B08,ll_lum,60,57,6622203521,1000.02,1,100,3537425960,537.103,4169622470,4169622470,0,2907507736,
mcs30_m2Dr4_s100.A09,mcs30_m2Dr4_s100.B09,ll_lum,61,56,6778364218,1000.02,1,100,614565178,70.7622,4327832426,4327832426,0,2984721215,
mcs30_m2Dr4_s30.A00,mcs30_m2Dr4_s30.B00,ll_lum,21,18,6563063,1.26302,0,30,1504139,0.262117,4349088,4349088,0,3152650,
mcs30_m2Dr4_s30.A01,mcs30_m2Dr4_s30.B01,ll_lum,22,21,5123832,0.714443,0,30,4566278,0.635524,3301276,3301276,0,2369496,
mcs30_m2Dr4_s30.A02,mcs30_m2Dr4_s30.B02,ll_lum,21,21,24909796,3.15718,0,30,23310477,2.95559,16666904,16666904,0,11989997,
mcs30_m2Dr4_s30.A03,mcs30_m2Dr4_s30.B03,ll_lum,21,19,6472127,1.77308,0,30,658679,0.171099,4271202,4271202,0,3081896,
mcs30_m2Dr4_s30.A04,mcs30_m2Dr4_s30.B04,ll_lum,21,18,3504500,1.01095,0,30,521434,0.143788,2339142,2339142,0,1731868,
mcs30_m2Dr4_s30.A05,mcs30_m2Dr4_s30.B05,ll_lum,21,21,5293331,1.50222,0,30,425384,0.114538,3592304,3592304,0,2727399,
mcs30_m2Dr4_s30.A06,mcs30_m2Dr4_s30.B06,ll_lum,22,21,4158704,1.14128,0,30,3574488,0.969595,2729391,2729391,0,2008634,
mcs30_m2Dr4_s30.A07,mcs30_m2Dr4_s30.B07,ll_lum,21,18,3237653,0.873089,0,30,1462352,0.385293,2272504,2272504,0,1791771,
mcs30_m2Dr4_s30.A08,mcs30_m2Dr4_s30.B08,ll_lum,21,22,3176390,0.866563,0,30,1064463,0.279422,2080861,2080861,0,1514932,
mcs30_m2Dr4_s30.A09,mcs30_m2Dr4_s30.B09,ll_lum,21,22,14963292,4.06604,0,30,5174741,1.356,9677830,9677830,0,6828278,
mcs30_m2Dr4_s50.A00,mcs30_m2Dr4_s50.B00,ll_lum,34,32,5190144488,1000.01,1,50,918270176,171.248,3352833999,3352833999,0,2342246835,
mcs30_m2Dr4_s50.A01,mcs30_m2Dr4_s50.B01,ll_lum,34,32,7075464449,1000.01,1,50,5507683580,772.14,4689282681,4689282681,0,3547355846,
mcs30_m2Dr4_s50.A02,mcs30_m2Dr4_s50.B02,ll_lum,34,28,7245099913,1000.01,1,50,3504201192,449.085,4849700638,4849700638,0,3606983964,
mcs30_m2Dr4_s50.A03,mcs30_m2Dr4_s50.B03,ll_lum,35,29,6610953899,1000.01,1,50,644686591,87.8714,4571445964,4571445964,0,3474610685,
mcs30_m2Dr4_s50.A04,mcs30_m2Dr4_s50.B04,ll_lum,34,32,6835296032,1000.02,1,50,489344709,69.0665,4598873912,4598873912,0,3445029967,
mcs30_m2Dr4_s50.A05,mcs30_m2Dr4_s50.B05,ll_lum,35,31,6973491163,1000.02,1,50,308941358,42.9668,4724464084,4724464084,0,3404387794,
mcs30_m2Dr4_s50.A06,mcs30_m2Dr4_s50.B06,ll_lum,34,32,7221646233,1000.02,1,50,4850387340,661.241,4867082084,4867082084,0,3641807289,
mcs30_m2Dr4_s50.A07,mcs30_m2Dr4_s50.B07,ll_lum,34,33,6913656552,1000.02,1,50,1357258659,185.805,4667431165,4667431165,0,3452930823,
mcs30_m2Dr4_s50.A08,mcs30_m2Dr4_s50.B08,ll_lum,34,31,6941236784,1000.02,1,50,2094572837,290.362,4793162334,4793162334,0,3549196184,
mcs30_m2Dr4_s50.A09,mcs30_m2Dr4_s50.B09,ll_lum,34,30,6873133710,1000.02,1,50,1309568664,183.649,4587322248,4587322248,0,3439267905,
mcs30_m2Dr4_s60.A00,mcs30_m2Dr4_s60.B00,ll_lum,38,35,3664767296,1000,1,60,2180865099,579.074,2330703475,2330703475,0,1731718703,
mcs30_m2Dr4_s60.A01,mcs30_m2Dr4_s60.B01,ll_lum,40,39,3719013378,1000.02,1,60,3610050077,970.154,2523512558,2523512558,0,1806328021,
mcs30_m2Dr4_s60.A02,mcs30_m2Dr4_s60.B02,ll_lum,40,34,3366022220,1000.02,1,60,104289328,28.4812,2204065157,2204065157,0,1601388374,
mcs30_m2Dr4_s60.A03,mcs30_m2Dr4_s60.B03,ll_lum,40,37,3325261704,1000.02,1,60,60542950,10.2774,2269440511,2269440511,0,1699400673,
mcs30_m2Dr4_s60.A04,mcs30_m2Dr4_s60.B04,ll_lum,39,34,3498349466,1000.03,1,60,481475418,128.035,2260236037,2260236037,0,1562788172,
mcs30_m2Dr4_s60.A05,mcs30_m2Dr4_s60.B05,ll_lum,40,32,3541969126,1000.02,1,60,2786805489,772.653,2270729663,2270729663,0,1595391668,
mcs30_m2Dr4_s60.A06,mcs30_m2Dr4_s60.B06,ll_lum,41,34,3522987810,1000.02,1,60,2183826130,600.108,2309761756,2309761756,0,1646231061,
mcs30_m2Dr4_s60.A07,mcs30_m2Dr4_s60.B07,ll_lum,39,36,3513481136,1000.02,1,60,42944336,11.637,2385502378,2385502378,0,1645393646,
mcs30_m2Dr4_s60.A08,mcs30_m2Dr4_s60.B08,ll_lum,41,37,6916821046,1000.02,1,60,2761369108,403.093,4659925937,4659925937,0,3496916291,
mcs30_m2Dr4_s60.A09,mcs30_m2Dr4_s60.B09,ll_lum,40,40,6575837117,1000.02,1,60,35969161,4.48463,4201685036,4201685036,0,3102401980,
mcs30_m2Dr4_s70.A00,mcs30_m2Dr4_s70.B00,ll_lum,46,41,6744384385,1000.01,1,70,925567808,129.503,4536154948,4536154948,0,3321742440,
mcs30_m2Dr4_s70.A01,mcs30_m2Dr4_s70.B01,ll_lum,44,41,6642200110,1000.01,1,70,388888659,57.973,4292865914,4292865914,0,3118431275,
mcs30_m2Dr4_s70.A02,mcs30_m2Dr4_s70.B02,ll_lum,45,41,7250961112,1000.01,1,70,3268015660,410.355,5130179408,5130179408,0,3783372908,
mcs30_m2Dr4_s70.A03,mcs30_m2Dr4_s70.B03,ll_lum,44,41,6965074190,1000.02,1,70,1736857093,234.815,4538558436,4538558436,0,3278678034,
mcs30_m2Dr4_s70.A04,mcs30_m2Dr4_s70.B04,ll_lum,46,40,7253351616,1000.02,1,70,6486166742,889.724,5004017452,5004017452,0,3576271719,
mcs30_m2Dr4_s70.A05,mcs30_m2Dr4_s70.B05,ll_lum,45,40,7035564838,1000.01,1,70,323037529,40.2076,4532373921,4532373921,0,3218857118,
mcs30_m2Dr4_s70.A06,mcs30_m2Dr4_s70.B06,ll_lum,46,39,6495308812,1000.02,1,70,1220842003,171.492,4207681906,4207681906,0,3033990386,
mcs30_m2Dr4_s70.A07,mcs30_m2Dr4_s70.B07,ll_lum,45,40,6962578696,1000.02,1,70,634990967,85.6861,4591656560,4591656560,0,3246088528,
mcs30_m2Dr4_s70.A08,mcs30_m2Dr4_s70.B08,ll_lum,44,42,6884184984,1000.01,1,70,1536455922,218.429,4463285965,4463285965,0,3359496597,
mcs30_m2Dr4_s70.A09,mcs30_m2Dr4_s70.B09,ll_lum,44,44,6937832228,1000.02,1,70,484845802,61.6332,4527978353,4527978353,0,3259903483,
mcs30_m2Dr4_s80.A00,mcs30_m2Dr4_s80.B00,ll_lum,50,47,6569384549,1000.02,1,80,426236419,60.3263,4857282102,4857282102,0,3632186709,
mcs30_m2Dr4_s80.A01,mcs30_m2Dr4_s80.B01,ll_lum,52,41,6770898218,1000.02,1,80,5583655734,813.091,4245415810,4245415810,0,2869703852,
mcs30_m2Dr4_s80.A02,mcs30_m2Dr4_s80.B02,ll_lum,49,38,6748980874,1000.01,1,80,5976793374,881.511,4265858514,4265858514,0,2967867673,
mcs30_m2Dr4_s80.A03,mcs30_m2Dr4_s80.B03,ll_lum,49,40,6678217894,1000.01,1,80,5048986161,752.927,4269539096,4269539096,0,3108298366,
mcs30_m2Dr4_s80.A04,mcs30_m2Dr4_s80.B04,ll_lum,50,42,7308161502,1000.02,1,80,4093977421,554.728,4868767944,4868767944,0,3574713720,
mcs30_m2Dr4_s80.A05,mcs30_m2Dr4_s80.B05,ll_lum,51,43,6373377831,1000.02,1,80,2001526130,295.696,4243065237,4243065237,0,3282878385,
mcs30_m2Dr4_s80.A06,mcs30_m2Dr4_s80.B06,ll_lum,51,43,7178576102,1000.02,1,80,765722039,99.3513,4839361665,4839361665,0,3446566719,
mcs30_m2Dr4_s80.A07,mcs30_m2Dr4_s80.B07,ll_lum,50,45,6594806029,1000.02,1,80,3501056541,516.623,4200785270,4200785270,0,2952020586,
mcs30_m2Dr4_s80.A08,mcs30_m2Dr4_s80.B08,ll_lum,51,48,6581336880,1000.01,1,80,917286989,131.731,4228619112,4228619112,0,3141844443,
mcs30_m2Dr4_s80.A09,mcs30_m2Dr4_s80.B09,ll_lum,50,49,6794967501,1000.02,1,80,3105189102,441.539,4310121865,4310121865,0,3092233409,
mcs30_m2Dr4_s90.A00,mcs30_m2Dr4_s90.B00,ll_lum,56,52,6852249711,1000.01,1,90,1249610608,169.558,4503612067,4503612067,0,2910457387,
mcs30_m2Dr4_s90.A01,mcs30_m2Dr4_s90.B01,ll_lum,55,47,6664531757,1000.01,1,90,200646298,27.9739,4285537462,4285537462,0,2925972924,
mcs30_m2Dr4_s90.A02,mcs30_m2Dr4_s90.B02,ll_lum,55,52,6734899640,1000.02,1,90,6369435918,943.054,4183697850,4183697850,0,3103053434,
mcs30_m2Dr4_s90.A03,mcs30_m2Dr4_s90.B03,ll_lum,57,55,6750954723,1000.01,1,90,4246638485,633.127,4322588812,4322588812,0,3158833959,
mcs30_m2Dr4_s90.A04,mcs30_m2Dr4_s90.B04,ll_lum,56,53,7037984856,1000.01,1,90,4772253789,668.456,4476302292,4476302292,0,3146680870,
mcs30_m2Dr4_s90.A05,mcs30_m2Dr4_s90.B05,ll_lum,55,53,6610926060,1000.01,1,90,1007798939,143.639,4040511576,4040511576,0,2843609456,
mcs30_m2Dr4_s90.A06,mcs30_m2Dr4_s90.B06,ll_lum,55,46,6754442896,1000.02,1,90,915604914,120.811,4381074376,4381074376,0,3164514631,
mcs30_m2Dr4_s90.A07,mcs30_m2Dr4_s90.B07,ll_lum,55,50,7410346858,1000.02,1,90,5010354127,663.857,4668839613,4668839613,0,3013248710,
mcs30_m2Dr4_s90.A08,mcs30_m2Dr4_s90.B08,ll_lum,56,51,6813143367,1000.02,1,90,2251770590,322.858,4297827206,4297827206,0,3038346751,
mcs30_m2Dr4_s90.A09,mcs30_m2Dr4_s90.B09,ll_lum,51,45,15081439619,1000.01,1,90,2912201444,186.196,11713577532,11713577532,0,8461890674,
mcs30_m2Dr6_s100.A00,mcs30_m2Dr6_s100.B00,ll_lum,58,52,5513240142,1000.02,1,100,1099947862,177.05,3577700879,3577700879,0,2269872567,
mcs30_m2Dr6_s100.A01,mcs30_m2Dr6_s100.B01,ll_lum,57,48,5949154022,1000.02,1,100,59809766,7.72558,3809828648,3809828648,0,2742025861,
mcs30_m2Dr6_s100.A02,mcs30_m2Dr6_s100.B02,ll_lum,58,56,6495071864,1000.02,1,100,3690169096,561.507,4081647412,4081647412,0,2809137940,
mcs30_m2Dr6_s100.A03,mcs30_m2Dr6_s100.B03,ll_lum,57,53,6767523947,1000.02,1,100,381509124,51.2206,4253878653,4253878653,0,2909629284,
mcs30_m2Dr6_s100.A04,mcs30_m2Dr6_s100.B04,ll_lum,59,53,6875964065,1000.02,1,100,810025844,119.689,4346160578,4346160578,0,2939638234,
mcs30_m2Dr6_s100.A05,mcs30_m2Dr6_s100.B05,ll_lum,58,52,6225437379,1000.01,1,100,4267532113,661.338,4008310455,4008310455,0,2915803218,
mcs30_m2Dr6_s100.A06,mcs30_m2Dr6_s100.B06,ll_lum,58,55,8112178656,1000.01,1,100,2730658474,187.893,5630370986,5630370986,0,4076144678,
mcs30_m2Dr6_s100.A07,mcs30_m2Dr6_s100.B07,ll_lum,59,52,20962426633,1000.02,1,100,20661088167,954.146,16457304018,16457304018,0,12689390325,
mcs30_m2Dr6_s100.A08,mcs30_m2Dr6_s100.B08,ll_lum,59,56,7895160190,1000.01,1,100,4299503874,474.743,5332193755,5332193755,0,3777523921,
mcs30_m2Dr6_s100.A09,mcs30_m2Dr6_s100.B09,ll_lum,58,55,6315078103,1000.02,1,100,2508203769,385.745,3947423082,3947423082,0,2782044348,
mcs30_m2Dr6_s30.A00,mcs30_m2Dr6_s30.B00,ll_lum,21,17,10275961,1.37204,0,30,10215928,1.36345,6941516,6941516,0,5243779,
mcs30_m2Dr6_s30.A01,mcs30_m2Dr6_s30.B01,ll_lum,21,18,11081208,1.48681,0,30,10553469,1.41776,7363196,7363196,0,5373586,
mcs30_m2Dr6_s30.A02,mcs30_m2Dr6_s30.B02,ll_lum,20,23,14347900,1.9491,0,30,1078312,0.140644,9637853,9637853,0,7124425,
mcs30_m2Dr6_s30.A03,mcs30_m2Dr6_s30.B03,ll_lum,21,20,2838611,0.401807,0,30,707299,0.0989422,1931249,1931249,0,1474387,
mcs30_m2Dr6_s30.A04,mcs30_m2Dr6_s30.B04,ll_lum,20,20,9011737,1.26617,0,30,106494,0.0136641,5900777,5900777,0,4313221,
mcs30_m2Dr6_s30.A05,mcs30_m2Dr6_s30.B05,ll_lum,20,19,11171824,1.534,0,30,808174,0.105903,7386640,7386640,0,5444979,
mcs30_m2Dr6_s30.A06,mcs30_m2Dr6_s30.B06,ll_lum,20,22,13884114,1.97165,0,30,2428138,0.326082,9124985,9124985,0,6731090,
mcs30_m2Dr6_s30.A07,mcs30_m2Dr6_s30.B07,ll_lum,20,20,13037616,1.76118,0,30,2329021,0.302315,8671481,8671481,0,6497730,
mcs30_m2Dr6_s30.A08,mcs30_m2Dr6_s30.B08,ll_lum,20,19,20759959,2.9741,0,30,5033110,0.697947,13267897,13267897,0,9535126,
mcs30_m2Dr6_s30.A09,mcs30_m2Dr6_s30.B09,ll_lum,21,23,6744656,0.9633,0,30,4589211,0.650459,4363471,4363471,0,3265850,
mcs30_m2Dr6_s50.A00,mcs30_m2Dr6_s50.B00,ll_lum,32,32,6755513685,1000.02,1,50,396086117,57.6892,4390388728,4390388728,0,3246383432,
mcs30_m2Dr6_s50.A01,mcs30_m2Dr6_s50.B01,ll_lum,33,31,6820640419,1000.01,1,50,1294741728,173.552,4595832152,4595832152,0,3484190380,
mcs30_m2Dr6_s50.A02,mcs30_m2Dr6_s50.B02,ll_lum,32,29,7091426007,1000.02,1,50,78600527,10.5397,4615251937,4615251937,0,3376067367,
mcs30_m2Dr6_s50.A03,mcs30_m2Dr6_s50.B03,ll_lum,33,24,6663048669,1000.02,1,50,968671971,138.47,4552958196,4552958196,0,3482887485,
mcs30_m2Dr6_s50.A04,mcs30_m2Dr6_s50.B04,ll_lum,33,31,7250519394,1000.02,1,50,5687631232,771.207,4913565523,4913565523,0,3580794965,
mcs30_m2Dr6_s50.A05,mcs30_m2Dr6_s50.B05,ll_lum,32,30,7042205124,1000.02,1,50,3515559927,490.263,4599992634,4599992634,0,3350259442,
mcs30_m2Dr6_s50.A06,mcs30_m2Dr6_s50.B06,ll_lum,34,28,6516877835,1000,1,50,1425994031,206.411,4540469555,4540469555,0,3567505890,
mcs30_m2Dr6_s50.A07,mcs30_m2Dr6_s50.B07,ll_lum,34,29,6327758133,1000.02,1,50,573554489,84.8176,4270473572,4270473572,0,3296352031,
mcs30_m2Dr6_s50.A08,mcs30_m2Dr6_s50.B08,ll_lum,33,28,6553872905,1000.01,1,50,148106604,21.9702,4413524639,4413524639,0,3338090542,
mcs30_m2Dr6_s50.A09,mcs30_m2Dr6_s50.B09,ll_lum,33,32,6683394294,1000.02,1,50,148876219,21.1,4385380651,4385380651,0,3240093650,
mcs30_m2Dr6_s60.A00,mcs30_m2Dr6_s60.B00,ll_lum,38,32,6963390953,1000.02,1,60,801705445,114.079,4641113171,4641113171,0,3479123314,
mcs30_m2Dr6_s60.A01,mcs30_m2Dr6_s60.B01,ll_lum,38,33,6663057763,1000.02,1,60,708917331,101.419,4351709252,4351709252,0,3268384306,
mcs30_m2Dr6_s60.A02,mcs30_m2Dr6_s60.B02,ll_lum,37,34,6890532062,1000.02,1,60,265737384,34.1894,4510227203,4510227203,0,3337262447,
mcs30_m2Dr6_s60.A03,mcs30_m2Dr6_s60.B03,ll_lum,39,38,6843164457,1000.02,1,60,3999959954,579.655,4540780871,4540780871,0,3262573734,
mcs30_m2Dr6_s60.A04,mcs30_m2Dr6_s60.B04,ll_lum,38,38,7294222031,1000.01,1,60,3248112770,429.255,4850823626,4850823626,0,3564690972,
mcs30_m2Dr6_s60.A05,mcs30_m2Dr6_s60.B05,ll_lum,39,36,6470853519,1000.02,1,60,4338069202,658.144,4303661124,4303661124,0,3259436025,
mcs30_m2Dr6_s60.A06,mcs30_m2Dr6_s60.B06,ll_lum,38,34,7078278409,1000.02,1,60,3834201368,529.054,4976370466,4976370466,0,3764101154,
mcs30_m2Dr6_s60.A07,mcs30_m2Dr6_s60.B07,ll_lum,38,40,7025821165,1000.02,1,60,690287238,87.2057,4653644498,4653644498,0,3513099388,
mcs30_m2Dr6_s60.A08,mcs30_m2Dr6_s60.B08,ll_lum,37,33,6520724723,1000.01,1,60,103902484,15.2766,4232948190,4232948190,0,3044767026,
mcs30_m2Dr6_s60.A09,mcs30_m2Dr6_s60.B09,ll_lum,38,36,6871017725,1000.02,1,60,3799331249,541.759,4591339005,4591339005,0,3363702335,
mcs30_m2Dr6_s70.A00,mcs30_m2Dr6_s70.B00,ll_lum,44,42,6626982197,1000.02,1,70,1515841516,220.225,4185950347,4185950347,0,3012132487,
mcs30_m2Dr6_s70.A01,mcs30_m2Dr6_s70.B01,ll_lum,42,38,6757924610,1000.01,1,70,2440182492,353.408,4342767845,4342767845,0,3091189708,
mcs30_m2Dr6_s70.A02,mcs30_m2Dr6_s70.B02,ll_lum,43,42,7014177201,1000.01,1,70,6551278,0.811229,4646914739,4646914739,0,3533561309,
mcs30_m2Dr6_s70.A03,mcs30_m2Dr6_s70.B03,ll_lum,43,40,6273157245,1000.02,1,70,5064731603,797.266,4076703166,4076703166,0,2900008056,
mcs30_m2Dr6_s70.A04,mcs30_m2Dr6_s70.B04,ll_lum,43,39,7007785198,1000.02,1,70,2181638355,299.144,4723919038,4723919038,0,3516297925,
mcs30_m2Dr6_s70.A05,mcs30_m2Dr6_s70.B05,ll_lum,43,39,7361338568,1000.01,1,70,5251578224,715.024,4816722895,4816722895,0,3456755571,
mcs30_m2Dr6_s70.A06,mcs30_m2Dr6_s70.B06,ll_lum,43,42,6580958253,1000.02,1,70,491254497,68.8332,4268487460,4268487460,0,3213408049,
mcs30_m2Dr6_s70.A07,mcs30_m2Dr6_s70.B07,ll_lum,44,40,7026614098,1000.02,1,70,6475321523,916.779,4699175970,4699175970,0,3471279857,
mcs30_m2Dr6_s70.A08,mcs30_m2Dr6_s70.B08,ll_lum,44,41,6739968378,1000.01,1,70,701246542,97.4591,4507509216,4507509216,0,3288397029,
mcs30_m2Dr6_s70.A09,mcs30_m2Dr6_s70.B09,ll_lum,41,41,6864586946,1000.02,1,70,469196447,65.8411,4369947272,4369947272,0,3185906563,
mcs30_m2Dr6_s80.A00,mcs30_m2Dr6_s80.B00,ll_lum,48,46,6699526372,1000.02,1,80,3383174414,499.321,4291295233,4291295233,0,3080838476,
mcs30_m2Dr6_s80.A01,mcs30_m2Dr6_s80.B01,ll_lum,49,48,6602371815,1000.01,1,80,89622463,12.5809,4297469950,4297469950,0,3023601624,
mcs30_m2Dr6_s80.A02,mcs30_m2Dr6_s80.B02,ll_lum,49,44,6760747900,1000.01,1,80,2303499807,340.478,4378662221,4378662221,0,3063432051,
mcs30_m2Dr6_s80.A03,mcs30_m2Dr6_s80.B03,ll_lum,48,45,7126982799,1000.02,1,80,6008007604,844.692,4746336585,4746336585,0,3457060520,
mcs30_m2Dr6_s80.A04,mcs30_m2Dr6_s80.B04,ll_lum,50,45,6930252759,1000.01,1,80,1901291916,274.772,4485257030,4485257030,0,3174444287,
mcs30_m2Dr6_s80.A05,mcs30_m2Dr6_s80.B05,ll_lum,47,42,7580774834,1000.01,1,80,2624191125,330.602,5101834148,5101834148,0,3524196104,
mcs30_m2Dr6_s80.A06,mcs30_m2Dr6_s80.B06,ll_lum,49,45,6289085197,1000.01,1,80,153871097,21.2109,3881004551,3881004551,0,2662137159,
mcs30_m2Dr6_s80.A07,mcs30_m2Dr6_s80.B07,ll_lum,48,46,6718414635,1000.02,1,80,1242019087,173.722,4236089384,4236089384,0,2986658799,
mcs30_m2Dr6_s80.A08,mcs30_m2Dr6_s80.B08,ll_lum,49,43,6720035576,1000.02,1,80,1113903561,156.331,4376183615,4376183615,0,3172461261,
mcs30_m2Dr6_s80.A09,mcs30_m2Dr6_s80.B09,ll_lum,48,45,6778577689,1000.02,1,80,1127706699,167.84,4499427167,4499427167,0,3366777140,
mcs30_m2Dr6_s90.A00,mcs30_m2Dr6_s90.B00,ll_lum,55,54,6480330346,1000.01,1,90,3225751326,495.743,4142772620,4142772620,0,3069546679,
mcs30_m2Dr6_s90.A01,mcs30_m2Dr6_s90.B01,ll_lum,52,42,8351572519,1000.02,1,90,2478663321,188.739,5695679951,5695679951,0,4177032104,
mcs30_m2Dr6_s90.A02,mcs30_m2Dr6_s90.B02,ll_lum,53,50,6263617010,1000.02,1,90,173787163,24.5358,3953608073,3953608073,0,2906056805,
mcs30_m2Dr6_s90.A03,mcs30_m2Dr6_s90.B03,ll_lum,53,49,6215040552,1000.01,1,90,4900781663,785.565,3855750447,3855750447,0,2688845898,
mcs30_m2Dr6_s90.A04,mcs30_m2Dr6_s90.B04,ll_lum,54,47,6495276042,1000.02,1,90,5838122055,895.997,4018386364,4018386364,0,2875459820,
mcs30_m2Dr6_s90.A05,mcs30_m2Dr6_s90.B05,ll_lum,52,47,6680050957,1000.02,1,90,4046369349,612.488,4330724472,4330724472,0,3032204373,
mcs30_m2Dr6_s90.A06,mcs30_m2Dr6_s90.B06,ll_lum,52,53,7134018362,1000.02,1,90,102956596,12.8476,4821711416,4821711416,0,3430141718,
mcs30_m2Dr6_s90.A07,mcs30_m2Dr6_s90.B07,ll_lum,54,51,6452450214,1000.02,1,90,6049120778,935.423,4141787904,4141787904,0,2961766400,
mcs30_m2Dr6_s90.A08,mcs30_m2Dr6_s90.B08,ll_lum,51,48,7023788548,1000.02,1,90,825326721,110.538,4570634639,4570634639,0,3224353448,
mcs30_m2Dr6_s90.A09,mcs30_m2Dr6_s90.B09,ll_lum,55,56,6319983901,1000.02,1,90,169012717,24.005,3965581300,3965581300,0,2906321604,
mcs30_m3D_s100.A00,mcs30_m3D_s100.B00,ll_lum,58,52,7297129373,1000.01,1,100,3143455349,417.099,5049763348,5049763348,0,3698406970,
mcs30_m3D_s100.A01,mcs30_m3D_s100.B01,ll_lum,58,56,6798722369,1000.02,1,100,2399844369,366.381,4463051579,4463051579,0,3061735379,
mcs30_m3D_s100.A02,mcs30_m3D_s100.B02,ll_lum,58,50,7125581939,1000.01,1,100,2374090070,320.456,4605641855,4605641855,0,3378924573,
mcs30_m3D_s100.A03,mcs30_m3D_s100.B03,ll_lum,59,54,6349942010,1000.01,1,100,2822518328,434.25,4018881360,4018881360,0,2768406431,
mcs30_m3D_s100.A04,mcs30_m3D_s100.B04,ll_lum,57,55,6311493179,1000.02,1,100,1128851936,176.626,3957306932,3957306932,0,2653622515,
mcs30_m3D_s100.A05,mcs30_m3D_s100.B05,ll_lum,59,55,6656579997,1000.02,1,100,393087207,60.8155,4304112783,4304112783,0,3067737715,
mcs30_m3D_s100.A06,mcs30_m3D_s100.B06,ll_lum,60,56,6283231247,1000.02,1,100,2606289181,403.023,3959286288,3959286288,0,2792176825,
mcs30_m3D_s100.A07,mcs30_m3D_s100.B07,ll_lum,59,55,6334998074,1000.02,1,100,4015039913,618.647,4001841367,4001841367,0,2836686472,
mcs30_m3D_s100.A08,mcs30_m3D_s100.B08,ll_lum,60,66,5898319085,1000.02,1,100,4413963215,735.704,3656694236,3656694236,0,2712661467,
mcs30_m3D_s100.A09,mcs30_m3D_s100.B09,ll_lum,59,57,6306347900,1000.01,1,100,512647866,74.6821,3997702623,3997702623,0,2616213035,
mcs30_m3D_s25.A00,mcs30_m3D_s25.B00,ll_lum,18,16,1035451,0.130494,0,25,1032767,0.130111,682508,682508,0,478045,
mcs30_m3D_s25.A01,mcs30_m3D_s25.B01,ll_lum,18,18,400737,0.0522665,0,25,263222,0.0336333,263191,263191,0,192732,
mcs30_m3D_s25.A02,mcs30_m3D_s25.B02,ll_lum,18,16,1493703,0.187336,0,25,1484044,0.186035,952461,952461,0,656074,
mcs30_m3D_s25.A03,mcs30_m3D_s25.B03,ll_lum,18,17,1007980,0.131478,0,25,889489,0.115327,650731,650731,0,469275,
mcs30_m3D_s25.A04,mcs30_m3D_s25.B04,ll_lum,18,22,725231,0.100067,0,25,530456,0.0734703,460432,460432,0,329549,
mcs30_m3D_s25.A05,mcs30_m3D_s25.B05,ll_lum,17,15,1185117,0.157739,0,25,18361,0.00255457,761195,761195,0,542826,
mcs30_m3D_s25.A06,mcs30_m3D_s25.B06,ll_lum,18,19,2227682,0.29095,0,25,2128638,0.278372,1376967,1376967,0,911085,
mcs30_m3D_s25.A07,mcs30_m3D_s25.B07,ll_lum,17,23,2052454,0.24495,0,25,651061,0.0738153,1326828,1326828,0,914175,
mcs30_m3D_s25.A08,mcs30_m3D_s25.B08,ll_lum,18,22,756388,0.102593,0,25,376554,0.0495139,474787,474787,0,341358,
mcs30_m3D_s25.A09,mcs30_m3D_s25.B09,ll_lum,18,20,887826,0.117452,0,25,729513,0.0954198,569974,569974,0,416367,
mcs30_m3D_s30.A00,mcs30_m3D_s30.B00,ll_lum,21,17,4095875,0.5723,0,30,214179,0.029641,2714545,2714545,0,1965756,
mcs30_m3D_s30.A01,mcs30_m3D_s30.B01,ll_lum,21,18,14773331,1.94144,0,30,11710072,1.53837,9542108,9542108,0,6789708,
mcs30_m3D_s30.A02,mcs30_m3D_s30.B02,ll_lum,21,20,5274070,0.727072,0,30,491790,0.063688,3484480,3484480,0,2596541,
mcs30_m3D_s30.A03,mcs30_m3D_s30.B03,ll_lum,21,24,6022592,0.833181,0,30,1056347,0.139181,4072947,4072947,0,3069313,
mcs30_m3D_s30.A04,mcs30_m3D_s30.B04,ll_lum,21,18,9315724,1.30744,0,30,4008686,0.546866,6059909,6059909,0,4419378,
mcs30_m3D_s30.A05,mcs30_m3D_s30.B05,ll_lum,21,15,10034264,1.36217,0,30,6561263,0.875982,6670998,6670998,0,4989816,
mcs30_m3D_s30.A06,mcs30_m3D_s30.B06,ll_lum,21,21,14819108,2.01608,0,30,12896818,1.74531,9964992,9964992,0,7574891,
mcs30_m3D_s30.A07,mcs30_m3D_s30.B07,ll_lum,21,21,9850062,1.42287,0,30,7686694,1.10576,6414730,6414730,0,4740531,
mcs30_m3D_s30.A08,mcs30_m3D_s30.B08,ll_lum,21,18,4500008,0.635338,0,30,255476,0.0354865,2957904,2957904,0,2177576,
mcs30_m3D_s30.A09,mcs30_m3D_s30.B09,ll_lum,21,22,5252507,0.743928,0,30,1454218,0.197917,3439070,3439070,0,2524035,
mcs30_m3D_s40.A00,mcs30_m3D_s40.B00,ll_lum,28,26,795395327,108.15,0,40,351047950,47.7772,529589271,529589271,0,369331559,
mcs30_m3D_s40.A01,mcs30_m3D_s40.B01,ll_lum,28,28,566923714,84.9847,0,40,128348762,18.0019,373392157,373392157,0,273721829,
mcs30_m3D_s40.A02,mcs30_m3D_s40.B02,ll_lum,28,24,1958773362,280.272,0,40,1767078118,252.022,1288563757,1288563757,0,922675439,
mcs30_m3D_s40.A03,mcs30_m3D_s40.B03,ll_lum,27,24,3360175229,484.03,0,40,184217212,25.3482,2215042746,2215042746,0,1610598782,
mcs30_m3D_s40.A04,mcs30_m3D_s40.B04,ll_lum,28,30,542779604,75.0776,0,40,100438936,13.82,369685223,369685223,0,264308302,
mcs30_m3D_s40.A05,mcs30_m3D_s40.B05,ll_lum,28,26,446789083,66.7727,0,40,173215084,25.1877,292998245,292998245,0,213893890,
mcs30_m3D_s40.A06,mcs30_m3D_s40.B06,ll_lum,28,28,1380854831,384.538,0,40,1058192230,293.211,930907725,930907725,0,675608092,
mcs30_m3D_s40.A07,mcs30_m3D_s40.B07,ll_lum,29,28,221751967,32.552,0,40,167167558,24.1636,151938244,151938244,0,116242932,
mcs30_m3D_s40.A08,mcs30_m3D_s40.B08,ll_lum,28,27,1349576014,196.019,0,40,1094376154,158.326,899447039,899447039,0,662425653,
mcs30_m3D_s40.A09,mcs30_m3D_s40.B09,ll_lum,28,26,440063783,64.6153,0,40,195902992,28.5318,298475006,298475006,0,223153721,
mcs30_m3D_s70.A00,mcs30_m3D_s70.B00,ll_lum,44,39,6332959521,1000.02,1,70,2443529263,374.376,4092419899,4092419899,0,3007501617,
mcs30_m3D_s70.A01,mcs30_m3D_s70.B01,ll_lum,42,37,7304545652,1000.02,1,70,2276331480,290.222,4881835674,4881835674,0,3547666203,
mcs30_m3D_s70.A02,mcs30_m3D_s70.B02,ll_lum,44,48,6229038647,1000.01,1,70,5253672714,837.598,3816576873,3816576873,0,2798384418,
mcs30_m3D_s70.A03,mcs30_m3D_s70.B03,ll_lum,44,40,6681525253,1000.02,1,70,1565453717,220.095,4301713110,4301713110,0,3199895571,
mcs30_m3D_s70.A04,mcs30_m3D_s70.B04,ll_lum,43,42,6938541193,1000.02,1,70,92545384,11.9756,4506287177,4506287177,0,3263164240,
mcs30_m3D_s70.A05,mcs30_m3D_s70.B05,ll_lum,45,41,6466273939,1000.01,1,70,1132699794,166.639,4161741225,4161741225,0,3165384837,
mcs30_m3D_s70.A06,mcs30_m3D_s70.B06,ll_lum,43,41,6723426546,1000.02,1,70,11313243,1.63799,4396792431,4396792431,0,3218886535,
mcs30_m3D_s70.A07,mcs30_m3D_s70.B07,ll_lum,44,47,6557109824,1000.02,1,70,155056808,22.7091,4161251534,4161251534,0,3074132909,
mcs30_m3D_s70.A08,mcs30_m3D_s70.B08,ll_lum,43,41,6652626334,1000.02,1,70,796450740,114.366,4311622287,4311622287,0,3214638595,
mcs30_m3D_s70.A09,mcs30_m3D_s70.B09,ll_lum,44,40,6469071848,1000.01,1,70,1958981548,292.453,4180687371,4180687371,0,3076712621,
mcs30_m3D_s80.A00,mcs30_m3D_s80.B00,ll_lum,47,50,6662357393,1000.02,1,80,246939981,34.8434,4208001520,4208001520,0,3010617647,
mcs30_m3D_s80.A01,mcs30_m3D_s80.B01,ll_lum,48,43,7270718907,1000.01,1,80,82962252,12.4707,4685027246,4685027246,0,3270036170,
mcs30_m3D_s80.A02,mcs30_m3D_s80.B02,ll_lum,48,43,6932411918,1000.01,1,80,4618628231,654.392,4479333025,4479333025,0,3347627433,
mcs30_m3D_s80.A03,mcs30_m3D_s80.B03,ll_lum,50,52,6487882321,1000.02,1,80,638860176,83.3072,4224091899,4224091899,0,3158416802,
mcs30_m3D_s80.A04,mcs30_m3D_s80.B04,ll_lum,48,46,6612933953,1000.02,1,80,20510883,2.92944,4080708307,4080708307,0,2842630118,
mcs30_m3D_s80.A05,mcs30_m3D_s80.B05,ll_lum,47,43,6260487238,1000.02,1,80,337364378,51.6789,3899965560,3899965560,0,2768207256,
mcs30_m3D_s80.A06,mcs30_m3D_s80.B06,ll_lum,47,45,7575583485,1000.01,1,80,2013515553,271.303,4923244222,4923244222,0,3664525144,
mcs30_m3D_s80.A07,mcs30_m3D_s80.B07,ll_lum,49,44,6850287760,1000.02,1,80,806966581,114.277,4642728712,4642728712,0,3391234457,
mcs30_m3D_s80.A08,mcs30_m3D_s80.B08,ll_lum,50,47,6201031653,1000.02,1,80,1557919443,237.326,3894668960,3894668960,0,2788168545,
mcs30_m3D_s80.A09,mcs30_m3D_s80.B09,ll_lum,47,44,6807718774,1000.02,1,80,409978733,53.1774,4414434887,4414434887,0,3373306490,
mcs30_m3D_s90.A00,mcs30_m3D_s90.B00,ll_lum,53,52,7327308124,1000.02,1,90,3226587077,431.086,4821276163,4821276163,0,3581619395,
mcs30_m3D_s90.A01,mcs30_m3D_s90.B01,ll_lum,56,52,6642268320,1000.01,1,90,3885630401,558.43,4339301896,4339301896,0,3093557246,
mcs30_m3D_s90.A02,mcs30_m3D_s90.B02,ll_lum,55,56,7232370162,1000.02,1,90,4927047076,671.175,4670997734,4670997734,0,3217988696,
mcs30_m3D_s90.A03,mcs30_m3D_s90.B03,ll_lum,53,50,6783340037,1000.01,1,90,1387501494,188.273,4614429924,4614429924,0,3309676925,
mcs30_m3D_s90.A04,mcs30_m3D_s90.B04,ll_lum,53,47,7022118914,1000.01,1,90,4777796045,670.648,4518172590,4518172590,0,3124781177,
mcs30_m3D_s90.A05,mcs30_m3D_s90.B05,ll_lum,52,49,6901424320,1000.01,1,90,499190507,66.5708,4457167381,4457167381,0,3230897481,
mcs30_m3D_s90.A06,mcs30_m3D_s90.B06,ll_lum,55,58,6366439558,1000.01,1,90,3122530790,466.587,4038464719,4038464719,0,2739102866,
mcs30_m3D_s90.A07,mcs30_m3D_s90.B07,ll_lum,55,51,6859647225,1000.01,1,90,2924411495,418.081,4279227615,4279227615,0,2921185088,
mcs30_m3D_s90.A08,mcs30_m3D_s90.B08,ll_lum,54,46,7181182879,1000.02,1,90,5780704727,795.891,4921751209,4921751209,0,3595765972,
mcs30_m3D_s90.A09,mcs30_m3D_s90.B09,ll_lum,53,45,7235829622,1000.02,1,90,357207855,40.3812,4848415777,4848415777,0,3597323088,
mcs30_m3Dr2_s100.A00,mcs30_m3Dr2_s100.B00,ll_lum,58,56,6072770859,1000.02,1,100,3548743280,577.935,3804689035,3804689035,0,2765960144,
mcs30_m3Dr2_s100.A01,mcs30_m3Dr2_s100.B01,ll_lum,55,54,6674742295,1000.01,1,100,185225999,28.217,4137194023,4137194023,0,2920984338,
mcs30_m3Dr2_s100.A02,mcs30_m3Dr2_s100.B02,ll_lum,55,54,6937165484,1000.01,1,100,3318044009,465.148,4470365037,4470365037,0,3268070852,
mcs30_m3Dr2_s100.A03,mcs30_m3Dr2_s100.B03,ll_lum,55,55,7050989331,1000.02,1,100,181430231,24.4535,4548683660,4548683660,0,3293098590,
mcs30_m3Dr2_s100.A04,mcs30_m3Dr2_s100.B04,ll_lum,56,56,6458049998,1000.01,1,100,3734436846,555.865,4040922659,4040922659,0,2903405514,
mcs30_m3Dr2_s100.A05,mcs30_m3Dr2_s100.B05,ll_lum,54,49,7064797846,1000.02,1,100,362115410,47.8044,4563220683,4563220683,0,3123123657,
mcs30_m3Dr2_s100.A06,mcs30_m3Dr2_s100.B06,ll_lum,56,54,4701389022,1000.02,1,100,975008862,176.246,2926973097,2926973097,0,2181809884,
mcs30_m3Dr2_s100.A07,mcs30_m3Dr2_s100.B07,ll_lum,57,54,6553134315,1000.03,1,100,1702238163,262.907,4027010921,4027010921,0,2826647165,
mcs30_m3Dr2_s100.A08,mcs30_m3Dr2_s100.B08,ll_lum,54,51,7527164203,1000.02,1,100,283140781,34.5329,4572067062,4572067062,0,3114498524,
mcs30_m3Dr2_s100.A09,mcs30_m3Dr2_s100.B09,ll_lum,56,52,6184888180,1000.02,1,100,2263871166,352.071,3896583290,3896583290,0,2868812983,
mcs30_m3Dr2_s25.A00,mcs30_m3Dr2_s25.B00,ll_lum,17,18,613680,0.0843454,0,25,44000,0.00568853,395721,395721,0,286551,
mcs30_m3Dr2_s25.A01,mcs30_m3Dr2_s25.B01,ll_lum,17,19,853976,0.122148,0,25,51526,0.00737741,552429,552429,0,412410,
mcs30_m3Dr2_s25.A02,mcs30_m3Dr2_s25.B02,ll_lum,17,18,2173386,0.289157,0,25,1653710,0.216756,1408035,1408035,0,1042235,
mcs30_m3Dr2_s25.A03,mcs30_m3Dr2_s25.B03,ll_lum,18,19,429105,0.060076,0,25,260584,0.0356439,278414,278414,0,208323,
mcs30_m3Dr2_s25.A04,mcs30_m3Dr2_s25.B04,ll_lum,17,17,1231487,0.169459,0,25,170543,0.0220721,788738,788738,0,570807,
mcs30_m3Dr2_s25.A05,mcs30_m3Dr2_s25.B05,ll_lum,18,19,626517,0.0891383,0,25,580472,0.0826917,406082,406082,0,299742,
mcs30_m3Dr2_s25.A06,mcs30_m3Dr2_s25.B06,ll_lum,17,18,783122,0.102607,0,25,179348,0.0222745,517773,517773,0,381589,
mcs30_m3Dr2_s25.A07,mcs30_m3Dr2_s25.B07,ll_lum,17,20,1114582,0.153225,0,25,290054,0.0394357,711731,711731,0,514193,
mcs30_m3Dr2_s25.A08,mcs30_m3Dr2_s25.B08,ll_lum,17,16,855021,0.114906,0,25,186513,0.0240206,548969,548969,0,405256,
mcs30_m3Dr2_s25.A09,mcs30_m3Dr2_s25.B09,ll_lum,17,17,1201215,0.160411,0,25,415986,0.0540126,763418,763418,0,543369,
mcs30_m3Dr2_s30.A00,mcs30_m3Dr2_s30.B00,ll_lum,21,21,5942494,0.841086,0,30,5092258,0.716982,3907887,3907887,0,2883795,
mcs30_m3Dr2_s30.A01,mcs30_m3Dr2_s30.B01,ll_lum,21,21,7812388,1.11216,0,30,6839981,0.974264,5115449,5115449,0,3799539,
mcs30_m3Dr2_s30.A02,mcs30_m3Dr2_s30.B02,ll_lum,20,20,18527141,2.54951,0,30,81172,0.0114115,12177190,12177190,0,8879629,
mcs30_m3Dr2_s30.A03,mcs30_m3Dr2_s30.B03,ll_lum,20,17,12356236,3.52334,0,30,1622630,0.442182,8274709,8274709,0,6299803,
mcs30_m3Dr2_s30.A04,mcs30_m3Dr2_s30.B04,ll_lum,20,23,12565553,3.6151,0,30,191462,0.0532732,8225306,8225306,0,6136478,
mcs30_m3Dr2_s30.A05,mcs30_m3Dr2_s30.B05,ll_lum,20,22,6925978,1.94229,0,30,232501,0.0603593,4718388,4718388,0,3608798,
mcs30_m3Dr2_s30.A06,mcs30_m3Dr2_s30.B06,ll_lum,21,22,8455350,1.25206,0,30,6009566,0.880483,5430394,5430394,0,4054131,
mcs30_m3Dr2_s30.A07,mcs30_m3Dr2_s30.B07,ll_lum,20,17,9899953,1.33241,0,30,249030,0.0333637,6694676,6694676,0,5000123,
mcs30_m3Dr2_s30.A08,mcs30_m3Dr2_s30.B08,ll_lum,20,24,24717395,3.43017,0,30,339813,0.0441948,15566966,15566966,0,10786229,
mcs30_m3Dr2_s30.A09,mcs30_m3Dr2_s30.B09,ll_lum,20,21,12098139,1.62316,0,30,1687872,0.219032,8096802,8096802,0,5978392,
mcs30_m3Dr2_s40.A00,mcs30_m3Dr2_s40.B00,ll_lum,27,29,936157303,140.035,0,40,95026438,13.3231,631338026,631338026,0,473460532,
mcs30_m3Dr2_s40.A01,mcs30_m3Dr2_s40.B01,ll_lum,27,31,583555677,86.9316,0,40,17409584,2.47172,393046942,393046942,0,291602060,
mcs30_m3Dr2_s40.A02,mcs30_m3Dr2_s40.B02,ll_lum,27,25,1526321955,222.991,0,40,855448124,124.467,1023564949,1023564949,0,759487579,
mcs30_m3Dr2_s40.A03,mcs30_m3Dr2_s40.B03,ll_lum,27,30,1551625404,230.743,0,40,842529994,125.004,1014983970,1014983970,0,740108826,
mcs30_m3Dr2_s40.A04,mcs30_m3Dr2_s40.B04,ll_lum,27,25,2364666539,348.797,0,40,2046278437,299.168,1589841621,1589841621,0,1215371241,
mcs30_m3Dr2_s40.A05,mcs30_m3Dr2_s40.B05,ll_lum,28,29,596146440,184.529,0,40,528598006,162.785,403103718,403103718,0,312393513,
mcs30_m3Dr2_s40.A06,mcs30_m3Dr2_s40.B06,ll_lum,27,25,1634217948,245.953,0,40,1121602693,167.408,1075604295,1075604295,0,802600834,
mcs30_m3Dr2_s40.A07,mcs30_m3Dr2_s40.B07,ll_lum,27,26,1830073244,267.278,0,40,1006875136,146.187,1209730143,1209730143,0,881931173,
mcs30_m3Dr2_s40.A08,mcs30_m3Dr2_s40.B08,ll_lum,27,24,841959539,124.535,0,40,72331871,10.5071,557008087,557008087,0,406451324,
mcs30_m3Dr2_s40.A09,mcs30_m3Dr2_s40.B09,ll_lum,27,25,1110083843,160.9,0,40,740598380,107.139,736337285,736337285,0,542486113,
mcs30_m3Dr2_s70.A00,mcs30_m3Dr2_s70.B00,ll_lum,41,36,3206903892,1000.02,1,70,1300278368,385.587,2074402143,2074402143,0,1563954823,
mcs30_m3Dr2_s70.A01,mcs30_m3Dr2_s70.B01,ll_lum,42,45,3338663862,1000.02,1,70,175256948,48.2323,2180893433,2180893433,0,1656173385,
mcs30_m3Dr2_s70.A02,mcs30_m3Dr2_s70.B02,ll_lum,42,41,3447060968,1000.01,1,70,3249665477,939.275,2259902548,2259902548,0,1649239565,
mcs30_m3Dr2_s70.A03,mcs30_m3Dr2_s70.B03,ll_lum,42,41,3077434814,1000.02,1,70,448505330,146.651,1918191703,1918191703,0,1371297079,
mcs30_m3Dr2_s70.A04,mcs30_m3Dr2_s70.B04,ll_lum,42,41,3229555138,1000.02,1,70,774093332,233.749,2086339478,2086339478,0,1566292251,
mcs30_m3Dr2_s70.A05,mcs30_m3Dr2_s70.B05,ll_lum,42,39,3340830691,1000.02,1,70,1271388109,358.791,2171158943,2171158943,0,1673105619,
mcs30_m3Dr2_s70.A06,mcs30_m3Dr2_s70.B06,ll_lum,41,42,3437983868,1000.02,1,70,68463737,16.519,2255612711,2255612711,0,1706722663,
mcs30_m3Dr2_s70.A07,mcs30_m3Dr2_s70.B07,ll_lum,42,41,6517283999,1000.01,1,70,1332422528,190.762,4175718210,4175718210,0,3089178190,
mcs30_m3Dr2_s70.A08,mcs30_m3Dr2_s70.B08,ll_lum,41,40,6561472882,1000.02,1,70,5829047908,884.64,4154042120,4154042120,0,3068785853,
mcs30_m3Dr2_s70.A09,mcs30_m3Dr2_s70.B09,ll_lum,40,41,6442106315,1000.02,1,70,33653429,5.35866,4094453102,4094453102,0,3038646731,
mcs30_m3Dr2_s80.A00,mcs30_m3Dr2_s80.B00,ll_lum,48,40,6680125262,1000.02,1,80,2510970064,335.312,4490912688,4490912688,0,3360132804,
mcs30_m3Dr2_s80.A01,mcs30_m3Dr2_s80.B01,ll_lum,46,46,6112607735,1000.02,1,80,88136509,13.4528,3745185143,3745185143,0,2727630176,
mcs30_m3Dr2_s80.A02,mcs30_m3Dr2_s80.B02,ll_lum,48,52,6434163317,1000.01,1,80,4527239663,690.285,4145069800,4145069800,0,2992903345,
mcs30_m3Dr2_s80.A03,mcs30_m3Dr2_s80.B03,ll_lum,47,50,6391909902,1000.02,1,80,1488986312,222.32,4320731322,4320731322,0,3236242011,
mcs30_m3Dr2_s80.A04,mcs30_m3Dr2_s80.B04,ll_lum,47,47,6504074762,1000.01,1,80,1531743433,217.769,4081900998,4081900998,0,2941071873,
mcs30_m3Dr2_s80.A05,mcs30_m3Dr2_s80.B05,ll_lum,47,43,6870688161,1000.02,1,80,1964159392,272.23,4469001458,4469001458,0,3150419519,
mcs30_m3Dr2_s80.A06,mcs30_m3Dr2_s80.B06,ll_lum,47,47,6635483934,1000.01,1,80,3328322908,488.078,4309746644,4309746644,0,3154603394,
mcs30_m3Dr2_s80.A07,mcs30_m3Dr2_s80.B07,ll_lum,48,47,3447642810,1000.02,1,80,2562182872,741.917,2188111948,2188111948,0,1554010547,
mcs30_m3Dr2_s80.A08,mcs30_m3Dr2_s80.B08,ll_lum,46,41,6531512253,1000.01,1,80,188693132,27.8449,4216764879,4216764879,0,3009061730,
mcs30_m3Dr2_s80.A09,mcs30_m3Dr2_s80.B09,ll_lum,47,45,5989420934,1000.02,1,80,1225290610,206.899,3740576556,3740576556,0,2815591156,
mcs30_m3Dr2_s90.A00,mcs30_m3Dr2_s90.B00,ll_lum,53,51,7171644128,1000.02,1,90,1437714913,181.168,5025075649,5025075649,0,3762476849,
mcs30_m3Dr2_s90.A01,mcs30_m3Dr2_s90.B01,ll_lum,51,55,6788070238,1000.02,1,90,562164688,84.5913,4304039264,4304039264,0,3031563464,
mcs30_m3Dr2_s90.A02,mcs30_m3Dr2_s90.B02,ll_lum,51,51,6580244876,1000.01,1,90,571487257,79.8567,4093230263,4093230263,0,2855691505,
mcs30_m3Dr2_s90.A03,mcs30_m3Dr2_s90.B03,ll_lum,52,49,6521367917,1000.01,1,90,3330329661,500.219,4076403449,4076403449,0,2903768111,
mcs30_m3Dr2_s90.A04,mcs30_m3Dr2_s90.B04,ll_lum,51,50,6981472717,1000.01,1,90,36044619,4.12584,4442934323,4442934323,0,3126550702,
mcs30_m3Dr2_s90.A05,mcs30_m3Dr2_s90.B05,ll_lum,54,49,6076341419,1000.02,1,90,749776300,111.208,3948417812,3948417812,0,2885716455,
mcs30_m3Dr2_s90.A06,mcs30_m3Dr2_s90.B06,ll_lum,51,48,6603039457,1000.02,1,90,1059604342,156.481,4183219231,4183219231,0,2885397699,
mcs30_m3Dr2_s90.A07,mcs30_m3Dr2_s90.B07,ll_lum,50,51,7152010913,1000.01,1,90,1322592175,184.04,4860776703,4860776703,0,3644428279,
mcs30_m3Dr2_s90.A08,mcs30_m3Dr2_s90.B08,ll_lum,53,47,6957880132,1000.02,1,90,1429384639,176.657,4579782817,4579782817,0,3188673796,
mcs30_m3Dr2_s90.A09,mcs30_m3Dr2_s90.B09,ll_lum,53,55,6600816011,1000.01,1,90,184276106,28.3594,4209845224,4209845224,0,3002464104,
mcs30_m3Dr4_s100.A00,mcs30_m3Dr4_s100.B00,ll_lum,54,54,6610101767,1000.02,1,100,1665934846,248.663,4188496874,4188496874,0,3082816845,
mcs30_m3Dr4_s100.A01,mcs30_m3Dr4_s100.B01,ll_lum,55,52,5942061975,1000.02,1,100,96369049,13.7516,3768097889,3768097889,0,2756811585,
mcs30_m3Dr4_s100.A02,mcs30_m3Dr4_s100.B02,ll_lum,56,52,6073308459,1000.02,1,100,2065615746,342.707,3875587246,3875587246,0,2781525539,
mcs30_m3Dr4_s100.A03,mcs30_m3Dr4_s100.B03,ll_lum,56,59,5817333319,1000.01,1,100,387137050,61.2014,3608873556,3608873556,0,2636299164,
mcs30_m3Dr4_s100.A04,mcs30_m3Dr4_s100.B04,ll_lum,56,59,6269380780,1000.02,1,100,1666260575,263.572,3891542650,3891542650,0,2802743472,
mcs30_m3Dr4_s100.A05,mcs30_m3Dr4_s100.B05,ll_lum,54,49,6209664625,1000.01,1,100,5251430593,839.831,3870231419,3870231419,0,2735095192,
mcs30_m3Dr4_s100.A06,mcs30_m3Dr4_s100.B06,ll_lum,55,53,6299786815,1000.01,1,100,5942487593,937.893,3968899606,3968899606,0,2942830304,
mcs30_m3Dr4_s100.A07,mcs30_m3Dr4_s100.B07,ll_lum,55,51,6568557570,1000.02,1,100,3797020803,564.325,4119422515,4119422515,0,3015340218,
mcs30_m3Dr4_s100.A08,mcs30_m3Dr4_s100.B08,ll_lum,53,50,6404178253,1000.02,1,100,1367756214,206.71,4010995146,4010995146,0,2931922742,
mcs30_m3Dr4_s100.A09,mcs30_m3Dr4_s100.B09,ll_lum,55,50,6570639915,1000.01,1,100,851435873,130.182,4283286300,4283286300,0,3241100163,
mcs30_m3Dr4_s25.A00,mcs30_m3Dr4_s25.B00,ll_lum,17,18,561385,0.0838429,0,25,45422,0.00648612,359997,359997,0,267670,
mcs30_m3Dr4_s25.A01,mcs30_m3Dr4_s25.B01,ll_lum,17,22,785053,0.153722,0,25,126118,0.0218212,498716,498716,0,364709,
mcs30_m3Dr4_s25.A02,mcs30_m3Dr4_s25.B02,ll_lum,17,22,798857,0.157817,0,25,384740,0.0781303,519325,519325,0,395917,
mcs30_m3Dr4_s25.A03,mcs30_m3Dr4_s25.B03,ll_lum,16,15,2592254,0.390901,0,25,188773,0.0273015,1708636,1708636,0,1285607,
mcs30_m3Dr4_s25.A04,mcs30_m3Dr4_s25.B04,ll_lum,17,17,768948,0.118446,0,25,43583,0.0077172,494483,494483,0,360342,
mcs30_m3Dr4_s25.A05,mcs30_m3Dr4_s25.B05,ll_lum,17,18,820076,0.127283,0,25,404343,0.061191,529838,529838,0,397433,
mcs30_m3Dr4_s25.A06,mcs30_m3Dr4_s25.B06,ll_lum,17,21,979968,0.141568,0,25,583008,0.0832397,627581,627581,0,464802,
mcs30_m3Dr4_s25.A07,mcs30_m3Dr4_s25.B07,ll_lum,17,19,1325934,0.229624,0,25,886760,0.154772,841748,841748,0,629728,
mcs30_m3Dr4_s25.A08,mcs30_m3Dr4_s25.B08,ll_lum,16,18,1538831,0.25465,0,25,208164,0.0343004,994764,994764,0,743798,
mcs30_m3Dr4_s25.A09,mcs30_m3Dr4_s25.B09,ll_lum,17,16,437017,0.0621581,0,25,35197,0.00477268,285258,285258,0,211867,
mcs30_m3Dr4_s30.A00,mcs30_m3Dr4_s30.B00,ll_lum,20,18,19164840,2.62675,0,30,12986674,1.76121,12587793,12587793,0,9358585,
mcs30_m3Dr4_s30.A01,mcs30_m3Dr4_s30.B01,ll_lum,20,20,7328698,1.3582,0,30,3483489,0.635141,4791530,4791530,0,3659752,
mcs30_m3Dr4_s30.A02,mcs30_m3Dr4_s30.B02,ll_lum,20,21,15268039,2.81758,0,30,4263650,0.754414,9818705,9818705,0,7291936,
mcs30_m3Dr4_s30.A03,mcs30_m3Dr4_s30.B03,ll_lum,20,23,17324742,2.75758,0,30,15809795,2.51244,11359266,11359266,0,8693354,
mcs30_m3Dr4_s30.A04,mcs30_m3Dr4_s30.B04,ll_lum,20,20,20546499,3.20974,0,30,14044401,2.1862,13475865,13475865,0,10353583,
mcs30_m3Dr4_s30.A05,mcs30_m3Dr4_s30.B05,ll_lum,19,18,34214200,4.78344,0,30,922189,0.126286,22393593,22393593,0,15911696,
mcs30_m3Dr4_s30.A06,mcs30_m3Dr4_s30.B06,ll_lum,19,19,23255655,3.90716,0,30,7212973,1.12141,15286847,15286847,0,11789830,
mcs30_m3Dr4_s30.A07,mcs30_m3Dr4_s30.B07,ll_lum,20,23,23384714,4.05414,0,30,16453702,2.86305,15162606,15162606,0,11372371,
mcs30_m3Dr4_s30.A08,mcs30_m3Dr4_s30.B08,ll_lum,20,22,5119749,0.761499,0,30,1570925,0.219803,3381643,3381643,0,2631288,
mcs30_m3Dr4_s30.A09,mcs30_m3Dr4_s30.B09,ll_lum,20,22,9271725,1.36969,0,30,4130979,0.600368,6097753,6097753,0,4662160,
mcs30_m3Dr4_s40.A00,mcs30_m3Dr4_s40.B00,ll_lum,26,28,1269356522,195.002,0,40,5216747,0.74103,848930169,848930169,0,648794454,
mcs30_m3Dr4_s40.A01,mcs30_m3Dr4_s40.B01,ll_lum,25,24,4848423419,1000.01,1,40,93705466,21.2012,3204761321,3204761321,0,2435742674,
mcs30_m3Dr4_s40.A02,mcs30_m3Dr4_s40.B02,ll_lum,26,26,2087172878,422.67,0,40,378645218,79.9809,1406620265,1406620265,0,1053891631,
mcs30_m3Dr4_s40.A03,mcs30_m3Dr4_s40.B03,ll_lum,26,26,4173863511,667.856,0,40,3013664653,482.849,2781037078,2781037078,0,2099747765,
mcs30_m3Dr4_s40.A04,mcs30_m3Dr4_s40.B04,ll_lum,26,24,4021353828,655.327,0,40,2848923899,459.149,2650801590,2650801590,0,2002432506,
mcs30_m3Dr4_s40.A05,mcs30_m3Dr4_s40.B05,ll_lum,26,25,3099134611,497.858,0,40,2110460660,338.033,2050797919,2050797919,0,1525950621,
mcs30_m3Dr4_s40.A06,mcs30_m3Dr4_s40.B06,ll_lum,27,26,2530531352,430.039,0,40,2525982256,429.341,1677466264,1677466264,0,1249396904,
mcs30_m3Dr4_s40.A07,mcs30_m3Dr4_s40.B07,ll_lum,27,28,1490258125,270.295,0,40,1357825343,244.866,983764380,983764380,0,761706570,
mcs30_m3Dr4_s40.A08,mcs30_m3Dr4_s40.B08,ll_lum,26,28,3965570024,599.311,0,40,1458313254,214.454,2599618800,2599618800,0,1913345904,
mcs30_m3Dr4_s40.A09,mcs30_m3Dr4_s40.B09,ll_lum,26,31,4117765308,620.442,0,40,1327727105,198.434,2698306169,2698306169,0,2009022183,
mcs30_m3Dr4_s70.A00,mcs30_m3Dr4_s70.B00,ll_lum,40,40,3192756447,1000.01,1,70,1184641926,358.237,2066479528,2066479528,0,1619606537,
mcs30_m3Dr4_s70.A01,mcs30_m3Dr4_s70.B01,ll_lum,40,39,5845651690,1000.01,1,70,4778576428,808.617,3625545588,3625545588,0,2577595183,
mcs30_m3Dr4_s70.A02,mcs30_m3Dr4_s70.B02,ll_lum,42,41,5879578731,1000.02,1,70,2461184836,406.119,3736210984,3736210984,0,2832788526,
mcs30_m3Dr4_s70.A03,mcs30_m3Dr4_s70.B03,ll_lum,39,38,6456033759,1000.01,1,70,5312990476,813.893,4158375502,4158375502,0,3128077347,
mcs30_m3Dr4_s70.A04,mcs30_m3Dr4_s70.B04,ll_lum,41,44,6028927946,1000.02,1,70,223847317,37.7787,3795374256,3795374256,0,2806260048,
mcs30_m3Dr4_s70.A05,mcs30_m3Dr4_s70.B05,ll_lum,40,39,6265479353,1000.02,1,70,2019334862,313.428,4039970839,4039970839,0,3057482270,
mcs30_m3Dr4_s70.A06,mcs30_m3Dr4_s70.B06,ll_lum,41,40,6769505347,1000.01,1,70,2924127034,418.653,4457981392,4457981392,0,3419305959,
mcs30_m3Dr4_s70.A07,mcs30_m3Dr4_s70.B07,ll_lum,41,42,5969342420,1000.02,1,70,2802711987,454.79,3820530475,3820530475,0,2966300456,
mcs30_m3Dr4_s70.A08,mcs30_m3Dr4_s70.B08,ll_lum,40,39,6389057432,1000.01,1,70,603547914,90.2361,4145933596,4145933596,0,3213648985,
mcs30_m3Dr4_s70.A09,mcs30_m3Dr4_s70.B09,ll_lum,39,41,6203095998,1000.02,1,70,104437902,16.6861,3944619243,3944619243,0,3076038781,
mcs30_m3Dr4_s80.A00,mcs30_m3Dr4_s80.B00,ll_lum,45,41,6417933324,1000.01,1,80,404548433,58.8855,4019606703,4019606703,0,2744741509,
mcs30_m3Dr4_s80.A01,mcs30_m3Dr4_s80.B01,ll_lum,46,47,6809340142,1000.02,1,80,1187944280,167.291,4651478944,4651478944,0,3445056058,
mcs30_m3Dr4_s80.A02,mcs30_m3Dr4_s80.B02,ll_lum,45,48,6097847425,1000.01,1,80,1062347324,162.435,3833980672,3833980672,0,2927946674,
mcs30_m3Dr4_s80.A03,mcs30_m3Dr4_s80.B03,ll_lum,46,43,6309264200,1000.01,1,80,276569099,40.2772,4100499980,4100499980,0,3066620960,
mcs30_m3Dr4_s80.A04,mcs30_m3Dr4_s80.B04,ll_lum,45,43,6381908133,1000.02,1,80,200654917,27.2175,4015120089,4015120089,0,2821110151,
mcs30_m3Dr4_s80.A05,mcs30_m3Dr4_s80.B05,ll_lum,46,42,5736375740,1000.02,1,80,3854054199,656.35,3562795419,3562795419,0,2610868053,
mcs30_m3Dr4_s80.A06,mcs30_m3Dr4_s80.B06,ll_lum,45,43,5838996413,1000,1,80,1245936331,209.828,3797239747,3797239747,0,2828346023,
mcs30_m3Dr4_s80.A07,mcs30_m3Dr4_s80.B07,ll_lum,45,48,6242424450,1000.01,1,80,30389379,2.43153,3919650920,3919650920,0,2938396725,
mcs30_m3Dr4_s80.A08,mcs30_m3Dr4_s80.B08,ll_lum,46,44,6543807471,1000.02,1,80,3503674344,523.953,4174355902,4174355902,0,2906496273,
mcs30_m3Dr4_s80.A09,mcs30_m3Dr4_s80.B09,ll_lum,44,45,6617443119,1000.02,1,80,279539401,39.2947,4166583379,4166583379,0,3116412871,
mcs30_m3Dr4_s90.A00,mcs30_m3Dr4_s90.B00,ll_lum,50,50,6236327090,1000.02,1,90,4684684610,733.621,4098244331,4098244331,0,3113405697,
mcs30_m3Dr4_s90.A01,mcs30_m3Dr4_s90.B01,ll_lum,48,45,6574677553,1000.02,1,90,1322782592,150.84,4205563259,4205563259,0,3118018371,
mcs30_m3Dr4_s90.A02,mcs30_m3Dr4_s90.B02,ll_lum,51,48,6494672818,1000.02,1,90,1217123024,173.877,4135592986,4135592986,0,3037442212,
mcs30_m3Dr4_s90.A03,mcs30_m3Dr4_s90.B03,ll_lum,50,49,6443008955,1000.01,1,90,3641608530,542.141,3964310163,3964310163,0,2832853307,
mcs30_m3Dr4_s90.A04,mcs30_m3Dr4_s90.B04,ll_lum,49,45,6579983573,1000.02,1,90,2451043885,356.24,4203415521,4203415521,0,3002220281,
mcs30_m3Dr4_s90.A05,mcs30_m3Dr4_s90.B05,ll_lum,52,50,6022371108,1000.01,1,90,1697443610,273.003,3735251601,3735251601,0,2766291811,
mcs30_m3Dr4_s90.A06,mcs30_m3Dr4_s90.B06,ll_lum,50,49,6923461384,1000.02,1,90,3708110067,516.375,4434564191,4434564191,0,3024734447,
mcs30_m3Dr4_s90.A07,mcs30_m3Dr4_s90.B07,ll_lum,51,48,6544080070,1000.02,1,90,3017558130,456.741,4138510547,4138510547,0,3049317970,
mcs30_m3Dr4_s90.A08,mcs30_m3Dr4_s90.B08,ll_lum,50,49,6516302633,1000.02,1,90,5993476526,918.492,4108866602,4108866602,0,3022232847,
mcs30_m3Dr4_s90.A09,mcs30_m3Dr4_s90.B09,ll_lum,52,48,6363073011,1000.02,1,90,2379911298,352.681,4042390317,4042390317,0,2899910229,
mcs30_m3Dr6_s100.A00,mcs30_m3Dr6_s100.B00,ll_lum,52,49,7638906707,1000.02,1,100,5608240715,729.071,5142343684,5142343684,0,3849095925,
mcs30_m3Dr6_s100.A01,mcs30_m3Dr6_s100.B01,ll_lum,53,49,6194181548,1000.02,1,100,2503125390,393.907,3965869516,3965869516,0,3057522514,
mcs30_m3Dr6_s100.A02,mcs30_m3Dr6_s100.B02,ll_lum,54,53,6034863896,1000.01,1,100,3186468870,528.335,3717736815,3717736815,0,2679272899,
mcs30_m3Dr6_s100.A03,mcs30_m3Dr6_s100.B03,ll_lum,52,50,6548398276,1000.03,1,100,491574785,69.5548,4068849163,4068849163,0,2954388474,
mcs30_m3Dr6_s100.A04,mcs30_m3Dr6_s100.B04,ll_lum,52,49,6823130357,1000.02,1,100,3134282004,430.546,4284839144,4284839144,0,3112086256,
mcs30_m3Dr6_s100.A05,mcs30_m3Dr6_s100.B05,ll_lum,53,50,6264178460,1000.01,1,100,796316024,119.851,3870281288,3870281288,0,2779327066,
mcs30_m3Dr6_s100.A06,mcs30_m3Dr6_s100.B06,ll_lum,54,52,6203164200,1000.03,1,100,1412509006,209.695,3927903449,3927903449,0,2882980777,
mcs30_m3Dr6_s100.A07,mcs30_m3Dr6_s100.B07,ll_lum,54,56,5939065128,1000.02,1,100,264930247,41.0508,3796330113,3796330113,0,2747157598,
mcs30_m3Dr6_s100.A08,mcs30_m3Dr6_s100.B08,ll_lum,51,55,6486517051,1000.02,1,100,17061315,2.64776,4261414503,4261414503,0,3204164074,
mcs30_m3Dr6_s100.A09,mcs30_m3Dr6_s100.B09,ll_lum,51,49,6958882897,1000.02,1,100,2814432364,373.1,4396824912,4396824912,0,3143199277,
mcs30_m3Dr6_s25.A00,mcs30_m3Dr6_s25.B00,ll_lum,16,18,3174664,0.449015,0,25,1381973,0.192833,2009936,2009936,0,1458830,
mcs30_m3Dr6_s25.A01,mcs30_m3Dr6_s25.B01,ll_lum,16,19,1783626,0.254687,0,25,114883,0.0156922,1131247,1131247,0,836569,
mcs30_m3Dr6_s25.A02,mcs30_m3Dr6_s25.B02,ll_lum,16,19,1453989,0.20635,0,25,572142,0.0830225,938504,938504,0,702950,
mcs30_m3Dr6_s25.A03,mcs30_m3Dr6_s25.B03,ll_lum,16,24,1461543,0.210101,0,25,66545,0.00962926,964899,964899,0,740475,
mcs30_m3Dr6_s25.A04,mcs30_m3Dr6_s25.B04,ll_lum,16,19,2228570,0.33625,0,25,967709,0.141956,1419845,1419845,0,1087201,
mcs30_m3Dr6_s25.A05,mcs30_m3Dr6_s25.B05,ll_lum,16,18,1583900,0.225848,0,25,303634,0.0412467,1038411,1038411,0,797339,
mcs30_m3Dr6_s25.A06,mcs30_m3Dr6_s25.B06,ll_lum,16,21,1184187,0.1745,0,25,85988,0.0123727,789254,789254,0,616837,
mcs30_m3Dr6_s25.A07,mcs30_m3Dr6_s25.B07,ll_lum,16,22,1384059,0.204678,0,25,182262,0.0254772,894167,894167,0,681500,
mcs30_m3Dr6_s25.A08,mcs30_m3Dr6_s25.B08,ll_lum,16,18,2280639,0.333757,0,25,28955,0.00436393,1465348,1465348,0,1109964,
mcs30_m3Dr6_s25.A09,mcs30_m3Dr6_s25.B09,ll_lum,16,16,1968203,0.276945,0,25,124145,0.0168019,1266017,1266017,0,940171,
mcs30_m3Dr6_s30.A00,mcs30_m3Dr6_s30.B00,ll_lum,20,21,11831979,1.71848,0,30,9954960,1.43098,7886497,7886497,0,5987683,
mcs30_m3Dr6_s30.A01,mcs30_m3Dr6_s30.B01,ll_lum,19,19,33549296,4.72422,0,30,6334073,0.896246,22069279,22069279,0,16247453,
mcs30_m3Dr6_s30.A02,mcs30_m3Dr6_s30.B02,ll_lum,20,19,6674049,1.0244,0,30,5881212,0.902211,4450111,4450111,0,3536284,
mcs30_m3Dr6_s30.A03,mcs30_m3Dr6_s30.B03,ll_lum,19,20,25497956,3.67476,0,30,8202429,1.16601,16677775,16677775,0,12677325,
mcs30_m3Dr6_s30.A04,mcs30_m3Dr6_s30.B04,ll_lum,20,22,14779074,2.18321,0,30,11285677,1.64979,9640615,9640615,0,7361009,
mcs30_m3Dr6_s30.A05,mcs30_m3Dr6_s30.B05,ll_lum,19,20,22521143,3.32548,0,30,2726310,0.381413,14736478,14736478,0,11209516,
mcs30_m3Dr6_s30.A06,mcs30_m3Dr6_s30.B06,ll_lum,19,22,21859435,3.3516,0,30,1302360,0.191067,14064715,14064715,0,10799770,
mcs30_m3Dr6_s30.A07,mcs30_m3Dr6_s30.B07,ll_lum,19,22,31005469,4.63706,0,30,648014,0.0882402,20077534,20077534,0,15234970,
mcs30_m3Dr6_s30.A08,mcs30_m3Dr6_s30.B08,ll_lum,19,20,11078140,1.64302,0,30,1321325,0.183443,7462018,7462018,0,5899722,
mcs30_m3Dr6_s30.A09,mcs30_m3Dr6_s30.B09,ll_lum,20,19,25587239,3.82414,0,30,25396464,3.79466,16675991,16675991,0,12534415,
mcs30_m3Dr6_s40.A00,mcs30_m3Dr6_s40.B00,ll_lum,25,25,3131943235,461.368,0,40,563522193,82.6242,2122874967,2122874967,0,1614029157,
mcs30_m3Dr6_s40.A01,mcs30_m3Dr6_s40.B01,ll_lum,25,28,3535694699,555.253,0,40,514498212,79.3484,2321615270,2321615270,0,1768958067,
mcs30_m3Dr6_s40.A02,mcs30_m3Dr6_s40.B02,ll_lum,26,23,1881615620,293.41,0,40,1869091010,291.581,1256752848,1256752848,0,973534341,
mcs30_m3Dr6_s40.A03,mcs30_m3Dr6_s40.B03,ll_lum,25,27,6617391453,1000.02,1,40,4650726471,698.716,4416159375,4416159375,0,3422533387,
mcs30_m3Dr6_s40.A04,mcs30_m3Dr6_s40.B04,ll_lum,25,25,4223537509,645.079,0,40,301392416,45.1335,2775604223,2775604223,0,2084702763,
mcs30_m3Dr6_s40.A05,mcs30_m3Dr6_s40.B05,ll_lum,25,29,3755661678,566.175,0,40,7446973,1.09937,2469551035,2469551035,0,1831107396,
mcs30_m3Dr6_s40.A06,mcs30_m3Dr6_s40.B06,ll_lum,25,24,6811936853,1000.02,1,40,409431561,58.6984,4524625927,4524625927,0,3346518190,
mcs30_m3Dr6_s40.A07,mcs30_m3Dr6_s40.B07,ll_lum,25,30,3750478866,581.677,0,40,162144845,24.9688,2462545705,2462545705,0,1848012762,
mcs30_m3Dr6_s40.A08,mcs30_m3Dr6_s40.B08,ll_lum,25,25,2923256564,445.357,0,40,651488448,97.8405,1934400915,1934400915,0,1470749654,
mcs30_m3Dr6_s40.A09,mcs30_m3Dr6_s40.B09,ll_lum,26,27,1809382793,279.404,0,40,944475111,143.857,1194130804,1194130804,0,907098627,
mcs30_m3Dr6_s70.A00,mcs30_m3Dr6_s70.B00,ll_lum,38,35,6704721706,1000,1,70,1664676249,242.364,4272721715,4272721715,0,3148925819,
mcs30_m3Dr6_s70.A01,mcs30_m3Dr6_s70.B01,ll_lum,40,38,6180997486,1000.02,1,70,3624893285,579.262,4070482790,4070482790,0,3078726454,
mcs30_m3Dr6_s70.A02,mcs30_m3Dr6_s70.B02,ll_lum,39,39,6680733546,1000.01,1,70,6111190759,912.2,4309379944,4309379944,0,3240052065,
mcs30_m3Dr6_s70.A03,mcs30_m3Dr6_s70.B03,ll_lum,39,41,5995274913,1000.01,1,70,783289257,127.183,3815532631,3815532631,0,2922624852,
mcs30_m3Dr6_s70.A04,mcs30_m3Dr6_s70.B04,ll_lum,40,40,6255373609,1000.01,1,70,2781008291,426.435,4007147518,4007147518,0,3106060102,
mcs30_m3Dr6_s70.A05,mcs30_m3Dr6_s70.B05,ll_lum,39,41,6501861954,1000.03,1,70,2048087802,311.258,4067289829,4067289829,0,2949650937,
mcs30_m3Dr6_s70.A06,mcs30_m3Dr6_s70.B06,ll_lum,39,43,6171648473,1000.02,1,70,363434629,59.6439,3901490199,3901490199,0,2978568546,
mcs30_m3Dr6_s70.A07,mcs30_m3Dr6_s70.B07,ll_lum,39,42,6215188162,1000.02,1,70,301073218,47.4078,3940272805,3940272805,0,2981198898,
mcs30_m3Dr6_s70.A08,mcs30_m3Dr6_s70.B08,ll_lum,40,39,6119662897,1000.02,1,70,1470433119,227.77,3832224625,3832224625,0,2905036459,
mcs30_m3Dr6_s70.A09,mcs30_m3Dr6_s70.B09,ll_lum,40,37,5758471522,1000.01,1,70,4143313612,719.413,3745756415,3745756415,0,2896705298,
mcs30_m3Dr6_s80.A00,mcs30_m3Dr6_s80.B00,ll_lum,44,43,6640998415,1000.01,1,80,6148810103,932.923,4342279367,4342279367,0,3266194119,
mcs30_m3Dr6_s80.A01,mcs30_m3Dr6_s80.B01,ll_lum,44,40,6722365953,1000.02,1,80,110707342,14.4302,4380539001,4380539001,0,3227620668,
mcs30_m3Dr6_s80.A02,mcs30_m3Dr6_s80.B02,ll_lum,45,43,6395328689,1000.02,1,80,299084574,43.6676,4115320903,4115320903,0,3096559674,
mcs30_m3Dr6_s80.A03,mcs30_m3Dr6_s80.B03,ll_lum,45,45,6223730372,1000.02,1,80,4333263321,678.848,4046959488,4046959488,0,3089289696,
mcs30_m3Dr6_s80.A04,mcs30_m3Dr6_s80.B04,ll_lum,44,46,6312031400,1000.02,1,80,3669367476,557.85,4040006147,4040006147,0,3226139517,
mcs30_m3Dr6_s80.A05,mcs30_m3Dr6_s80.B05,ll_lum,44,44,6087946076,1000.02,1,80,2808583269,440.217,3947292894,3947292894,0,3108046816,
mcs30_m3Dr6_s80.A06,mcs30_m3Dr6_s80.B06,ll_lum,45,43,6061009064,1000.01,1,80,599262546,90.952,3835209566,3835209566,0,2888633242,
mcs30_m3Dr6_s80.A07,mcs30_m3Dr6_s80.B07,ll_lum,42,44,6346982815,1000.02,1,80,43174158,5.9224,4257049192,4257049192,0,3354521983,
mcs30_m3Dr6_s80.A08,mcs30_m3Dr6_s80.B08,ll_lum,45,47,6699415032,1000.02,1,80,84614733,12.5273,4379945433,4379945433,0,3178639667,
mcs30_m3Dr6_s80.A09,mcs30_m3Dr6_s80.B09,ll_lum,43,47,6698267786,1000.02,1,80,2266473007,329.62,4299536108,4299536108,0,3360998022,
mcs30_m3Dr6_s90.A00,mcs30_m3Dr6_s90.B00,ll_lum,49,45,6099653695,1000.01,1,90,3607545770,574.244,3800435316,3800435316,0,2879994802,
mcs30_m3Dr6_s90.A01,mcs30_m3Dr6_s90.B01,ll_lum,49,49,6207076099,1000.01,1,90,6187208678,996.725,3897947639,3897947639,0,2826845007,
mcs30_m3Dr6_s90.A02,mcs30_m3Dr6_s90.B02,ll_lum,49,45,6237701465,1000.02,1,90,143504819,23.1603,3945271317,3945271317,0,2881001403,
mcs30_m3Dr6_s90.A03,mcs30_m3Dr6_s90.B03,ll_lum,49,46,6850301683,1000.01,1,90,1150831578,164.638,4366090133,4366090133,0,3224086206,
mcs30_m3Dr6_s90.A04,mcs30_m3Dr6_s90.B04,ll_lum,49,50,6142929823,1000.01,1,90,356541414,56.3469,3820735797,3820735797,0,2733535712,
mcs30_m3Dr6_s90.A05,mcs30_m3Dr6_s90.B05,ll_lum,49,49,7407174802,1000.02,1,90,6440637880,857.748,4741951386,4741951386,0,3546638783,
mcs30_m3Dr6_s90.A06,mcs30_m3Dr6_s90.B06,ll_lum,49,46,6160732520,1000.01,1,90,720617404,104.203,3932856749,3932856749,0,2995076711,
mcs30_m3Dr6_s90.A07,mcs30_m3Dr6_s90.B07,ll_lum,49,51,7089375249,1000.01,1,90,2139423639,275.356,4614459922,4614459922,0,3467885009,
mcs30_m3Dr6_s90.A08,mcs30_m3Dr6_s90.B08,ll_lum,51,47,6404636323,1000,1,90,103678279,11.5671,4109375394,4109375394,0,3223887845,
mcs30_m3Dr6_s90.A09,mcs30_m3Dr6_s90.B09,ll_lum,49,46,6203358670,1000.01,1,90,3500913238,565.447,3918842238,3918842238,0,2895221248,
mcs30_m4D_s50.A00,mcs30_m4D_s50.B00,ll_lum,38,32,3580616134,715.578,0,50,1293572194,246.385,2501453557,2501453557,0,1820135858,
mcs30_m4D_s50.A01,mcs30_m4D_s50.B01,ll_lum,38,29,5769017836,918.076,0,50,2983890781,475.228,4204543601,4204543601,0,3111550983,
mcs30_m4D_s50.A02,mcs30_m4D_s50.B02,ll_lum,38,30,3911332206,573.712,0,50,707524964,98.6446,2785851905,2785851905,0,2077817865,
mcs30_m4D_s50.A03,mcs30_m4D_s50.B03,ll_lum,37,28,7172446081,1000.01,1,50,4348646044,603.376,5096921676,5096921676,0,3704150727,
mcs30_m4D_s50.A04,mcs30_m4D_s50.B04,ll_lum,38,34,4665685439,665.135,0,50,3739252592,530.037,3244706826,3244706826,0,2299310144,
mcs30_m4D_s50.A05,mcs30_m4D_s50.B05,ll_lum,37,33,6890346665,1000.02,1,50,261470353,33.6784,4962429715,4962429715,0,3801527824,
mcs30_m4D_s50.A06,mcs30_m4D_s50.B06,ll_lum,37,27,6892594612,1000.02,1,50,594381522,71.9011,4997672044,4997672044,0,3745028336,
mcs30_m4D_s50.A07,mcs30_m4D_s50.B07,ll_lum,37,29,6951156646,1000.02,1,50,63446701,8.29597,4818147967,4818147967,0,3473725481,
mcs30_m4D_s50.A08,mcs30_m4D_s50.B08,ll_lum,39,30,2661527955,389.897,0,50,2457127846,358.694,1916396637,1916396637,0,1418836777,
mcs30_m4D_s50.A09,mcs30_m4D_s50.B09,ll_lum,38,29,7175438607,1000.01,1,50,6247335018,866.542,5097040905,5097040905,0,3718897414,
mcs30_m4D_s60.A00,mcs30_m4D_s60.B00,ll_lum,43,42,8974217071,1000.02,1,60,984045288,60.2382,7276276282,7276276282,0,5888338473,
mcs30_m4D_s60.A01,mcs30_m4D_s60.B01,ll_lum,45,38,7392872507,1000.02,1,60,2829934320,331.113,5234332819,5234332819,0,3864421770,
mcs30_m4D_s60.A02,mcs30_m4D_s60.B02,ll_lum,44,40,5943701062,1000.03,1,60,42080320,6.14273,4224883099,4224883099,0,3279815508,
mcs30_m4D_s60.A03,mcs30_m4D_s60.B03,ll_lum,45,44,7030122216,1000.01,1,60,6446803433,913.934,4829685481,4829685481,0,3598627551,
mcs30_m4D_s60.A04,mcs30_m4D_s60.B04,ll_lum,45,36,6287858551,1000.02,1,60,1087079467,165.297,4594627901,4594627901,0,3539136868,
mcs30_m4D_s60.A05,mcs30_m4D_s60.B05,ll_lum,45,33,6937486866,1000.01,1,60,6592862193,949.329,4962995401,4962995401,0,3685308192,
mcs30_m4D_s60.A06,mcs30_m4D_s60.B06,ll_lum,38,34,12255023146,1000.02,1,60,1963511938,108.086,10417250324,10417250324,0,8628364046,
mcs30_m4D_s60.A07,mcs30_m4D_s60.B07,ll_lum,44,41,7076149563,1000.01,1,60,416569780,52.977,5055036582,5055036582,0,3714609255,
mcs30_m4D_s60.A08,mcs30_m4D_s60.B08,ll_lum,45,43,6906266746,1000.01,1,60,4297386900,614.597,4627328118,4627328118,0,3367873261,
mcs30_m4D_s60.A09,mcs30_m4D_s60.B09,ll_lum,45,39,7151576375,1000.02,1,60,2647044705,356.282,4665206427,4665206427,0,3272812335,
mcs30_m4D_s70.A00,mcs30_m4D_s70.B00,ll_lum,53,50,6903315894,1000.02,1,70,1506108459,156.544,4836025948,4836025948,0,3702263869,
mcs30_m4D_s70.A01,mcs30_m4D_s70.B01,ll_lum,51,49,9182210038,1000.02,1,70,5981030298,572.18,6695175679,6695175679,0,5242088259,
mcs30_m4D_s70.A02,mcs30_m4D_s70.B02,ll_lum,50,47,5440782604,1000.02,1,70,272560521,46.9128,3607546385,3607546385,0,2651651646,
mcs30_m4D_s70.A03,mcs30_m4D_s70.B03,ll_lum,49,47,6958383041,1000.02,1,70,2419263758,337.332,4703699858,4703699858,0,3564726164,
mcs30_m4D_s70.A04,mcs30_m4D_s70.B04,ll_lum,50,39,8334481435,1000.02,1,70,5588270272,607.582,5929525852,5929525852,0,4524435857,
mcs30_m4D_s70.A05,mcs30_m4D_s70.B05,ll_lum,50,49,7795034378,1000.02,1,70,1309807473,154.872,5452304080,5452304080,0,4294688157,
mcs30_m4D_s70.A06,mcs30_m4D_s70.B06,ll_lum,50,48,6961140611,1000.02,1,70,205667037,28.4681,4839090052,4839090052,0,3689405387,
mcs30_m4D_s70.A07,mcs30_m4D_s70.B07,ll_lum,51,43,7377539010,1000.01,1,70,2424543629,299.998,5124573279,5124573279,0,3606319063,
mcs30_m4D_s70.A08,mcs30_m4D_s70.B08,ll_lum,50,45,6990122717,1000.02,1,70,2419623368,325.737,4831004982,4831004982,0,3803625082,
mcs30_m4D_s70.A09,mcs30_m4D_s70.B09,ll_lum,49,45,7789072360,1000.02,1,70,1098109287,135.171,5331569538,5331569538,0,3895941981,
mcs30_m4D_s80.A00,mcs30_m4D_s80.B00,ll_lum,59,50,7320250602,1000.02,1,80,229111909,26.3972,4918284322,4918284322,0,3581547090,
mcs30_m4D_s80.A01,mcs30_m4D_s80.B01,ll_lum,52,48,19725180628,1000.02,1,80,2324286453,102.109,15858341701,15858341701,0,12126820591,
mcs30_m4D_s80.A02,mcs30_m4D_s80.B02,ll_lum,47,35,15035994794,1000.02,1,80,3952441,0.281266,12272808852,12272808852,0,9675015199,
mcs30_m4D_s80.A03,mcs30_m4D_s80.B03,ll_lum,54,47,10125987224,1000.02,1,80,3458502153,307.932,9264550179,9264550179,0,8414819331,
mcs30_m4D_s80.A04,mcs30_m4D_s80.B04,ll_lum,55,45,19269939097,1000.02,1,80,5738901095,277.315,15041137751,15041137751,0,11123872514,
mcs30_m4D_s80.A05,mcs30_m4D_s80.B05,ll_lum,56,55,10320606001,1000.01,1,80,4752680144,363.687,7952321429,7952321429,0,6382417663,
mcs30_m4D_s80.A06,mcs30_m4D_s80.B06,ll_lum,49,43,19666741511,1000.02,1,80,9032190419,457.293,15333508088,15333508088,0,11563084530,
mcs30_m4D_s80.A07,mcs30_m4D_s80.B07,ll_lum,57,51,6913827928,1000.01,1,80,488343454,41.605,5046606625,5046606625,0,3787821452,
mcs30_m4D_s80.A08,mcs30_m4D_s80.B08,ll_lum,59,53,6587577943,1000.02,1,80,1333869552,181.041,4749969870,4749969870,0,3685004131,
mcs30_m4D_s80.A09,mcs30_m4D_s80.B09,ll_lum,56,53,8773414696,1000.02,1,80,4709546952,378.613,6774160452,6774160452,0,5301138728,
mcs30_m4D_s90.A00,mcs30_m4D_s90.B00,ll_lum,55,45,16492412638,1000.02,1,90,576944393,28.1909,13472618609,13472618609,0,10809463548,
mcs30_m4D_s90.A01,mcs30_m4D_s90.B01,ll_lum,64,60,7015614466,1000.01,1,90,307425754,42.1883,4905633845,4905633845,0,3770798808,
mcs30_m4D_s90.A02,mcs30_m4D_s90.B02,ll_lum,56,55,15860213742,1000.01,1,90,33866574,1.64269,14037308323,14037308323,0,12581333458,
mcs30_m4D_s90.A03,mcs30_m4D_s90.B03,ll_lum,64,52,8927176439,1000.02,1,90,825099008,90.8018,7945229860,7945229860,0,7073043491,
mcs30_m4D_s90.A04,mcs30_m4D_s90.B04,ll_lum,63,56,17097443764,1000.01,1,90,686224577,39.046,13410943621,13410943621,0,9774422960,
mcs30_m4D_s90.A05,mcs30_m4D_s90.B05,ll_lum,62,53,7420000714,1000.01,1,90,1215692261,74.4275,5387375110,5387375110,0,3942171730,
mcs30_m4D_s90.A06,mcs30_m4D_s90.B06,ll_lum,63,60,3569113483,1000.02,1,90,632263092,159.701,2548053888,2548053888,0,1821425064,
mcs30_m4D_s90.A07,mcs30_m4D_s90.B07,ll_lum,63,55,3542034528,1000.03,1,90,1622245118,447.101,2388116551,2388116551,0,1879366583,
mcs30_m4D_s90.A08,mcs30_m4D_s90.B08,ll_lum,57,43,11095636576,1000.02,1,90,18858,0.00490249,9295416401,9295416401,0,7553276072,
mcs30_m4D_s90.A09,mcs30_m4D_s90.B09,ll_lum,62,56,8025212587,1000.02,1,90,6707060357,737.35,7003746937,7003746937,0,6021747255,
mcs30_m4Dr2_s50.A00,mcs30_m4Dr2_s50.B00,ll_lum,36,30,3549156689,1000.02,1,50,1413962554,387.476,2461227744,2461227744,0,1750204912,
mcs30_m4Dr2_s50.A01,mcs30_m4Dr2_s50.B01,ll_lum,37,29,2845925617,889.335,0,50,822497753,245.076,1992776442,1992776442,0,1525029881,
mcs30_m4Dr2_s50.A02,mcs30_m4Dr2_s50.B02,ll_lum,36,37,6846092632,1000.02,1,50,251948352,35.8605,4663309397,4663309397,0,3382238201,
mcs30_m4Dr2_s50.A03,mcs30_m4Dr2_s50.B03,ll_lum,37,32,7006599377,1000.02,1,50,4868327048,684.317,4808169135,4808169135,0,3478235278,
mcs30_m4Dr2_s50.A04,mcs30_m4Dr2_s50.B04,ll_lum,35,29,3497017206,1000.02,1,50,326134358,89.5738,2423660735,2423660735,0,1825752003,
mcs30_m4Dr2_s50.A05,mcs30_m4Dr2_s50.B05,ll_lum,36,32,6627333982,1000.02,1,50,195839218,27.0252,4751973250,4751973250,0,3680984063,
mcs30_m4Dr2_s50.A06,mcs30_m4Dr2_s50.B06,ll_lum,36,30,7159306577,1000.02,1,50,685576205,93.3329,4862400830,4862400830,0,3331432687,
mcs30_m4Dr2_s50.A07,mcs30_m4Dr2_s50.B07,ll_lum,37,28,5271741513,793.824,0,50,3435943611,506.615,3716536507,3716536507,0,2769500793,
mcs30_m4Dr2_s50.A08,mcs30_m4Dr2_s50.B08,ll_lum,37,30,5833595299,880.964,0,50,1619332744,238.339,3980931955,3980931955,0,2884179743,
mcs30_m4Dr2_s50.A09,mcs30_m4Dr2_s50.B09,ll_lum,36,31,7050707665,1000.02,1,50,2066288572,288.907,4973426332,4973426332,0,3671535200,
mcs30_m4Dr2_s60.A00,mcs30_m4Dr2_s60.B00,ll_lum,43,38,6886840301,1000.02,1,60,1043670365,143.658,4561556035,4561556035,0,3345799120,
mcs30_m4Dr2_s60.A01,mcs30_m4Dr2_s60.B01,ll_lum,42,35,7093850356,1000.01,1,60,4230349254,590.256,4646582076,4646582076,0,3264655932,
mcs30_m4Dr2_s60.A02,mcs30_m4Dr2_s60.B02,ll_lum,41,36,9457231351,1000.01,1,60,6668704009,625.011,6864634357,6864634357,0,5149684805,
mcs30_m4Dr2_s60.A03,mcs30_m4Dr2_s60.B03,ll_lum,42,34,7167121972,1000.02,1,60,2698391113,359.02,4736627129,4736627129,0,3489926816,
mcs30_m4Dr2_s60.A04,mcs30_m4Dr2_s60.B04,ll_lum,43,34,7108251370,1000.02,1,60,3729955446,509.077,5040248973,5040248973,0,3842478544,
mcs30_m4Dr2_s60.A05,mcs30_m4Dr2_s60.B05,ll_lum,43,37,6860975791,1000.02,1,60,813729950,113.328,4543953850,4543953850,0,3168436212,
mcs30_m4Dr2_s60.A06,mcs30_m4Dr2_s60.B06,ll_lum,43,40,6815441865,1000.02,1,60,1849548408,261.554,4543215804,4543215804,0,3317365894,
mcs30_m4Dr2_s60.A07,mcs30_m4Dr2_s60.B07,ll_lum,43,33,7016660504,1000.01,1,60,1990500461,273.397,4615397045,4615397045,0,3336509873,
mcs30_m4Dr2_s60.A08,mcs30_m4Dr2_s60.B08,ll_lum,43,35,6915024587,1000.02,1,60,3382209177,474.698,4638115530,4638115530,0,3371768657,
mcs30_m4Dr2_s60.A09,mcs30_m4Dr2_s60.B09,ll_lum,42,38,6875293744,1000.02,1,60,30551810,4.18324,4505694733,4505694733,0,3302072287,
mcs30_m4Dr2_s70.A00,mcs30_m4Dr2_s70.B00,ll_lum,49,47,6914914709,1000.02,1,70,2608520735,357.031,4573199163,4573199163,0,3303554129,
mcs30_m4Dr2_s70.A01,mcs30_m4Dr2_s70.B01,ll_lum,50,44,7040311916,1000.02,1,70,5687396137,802.468,5082703044,5082703044,0,4049541877,
mcs30_m4Dr2_s70.A02,mcs30_m4Dr2_s70.B02,ll_lum,48,44,7571714378,1000.02,1,70,1297109167,168.588,5193733731,5193733731,0,4015659723,
mcs30_m4Dr2_s70.A03,mcs30_m4Dr2_s70.B03,ll_lum,48,38,7270604305,1000.02,1,70,3504868202,443.957,5138808459,5138808459,0,3826261717,
mcs30_m4Dr2_s70.A04,mcs30_m4Dr2_s70.B04,ll_lum,49,39,6752487798,1000.02,1,70,1508730331,217.732,4423670344,4423670344,0,3150382207,
mcs30_m4Dr2_s70.A05,mcs30_m4Dr2_s70.B05,ll_lum,47,43,3799157730,1000.01,1,70,297915947,68.996,2592721675,2592721675,0,1862687342,
mcs30_m4Dr2_s70.A06,mcs30_m4Dr2_s70.B06,ll_lum,47,44,7445721586,1000.02,1,70,3821628049,495.064,4890000147,4890000147,0,3491789717,
mcs30_m4Dr2_s70.A07,mcs30_m4Dr2_s70.B07,ll_lum,49,45,7631441287,1000.01,1,70,2558809387,294.98,5197281725,5197281725,0,3882949772,
mcs30_m4Dr2_s70.A08,mcs30_m4Dr2_s70.B08,ll_lum,48,40,7048941492,1000.01,1,70,3293915258,442.9,4647417497,4647417497,0,3333793472,
mcs30_m4Dr2_s70.A09,mcs30_m4Dr2_s70.B09,ll_lum,49,40,7414716511,1000.01,1,70,6442688888,858.338,5316977328,5316977328,0,3826821398,
mcs30_m4Dr2_s80.A00,mcs30_m4Dr2_s80.B00,ll_lum,57,55,8047288520,1000.02,1,80,6075463782,763.915,5327259570,5327259570,0,3804844417,
mcs30_m4Dr2_s80.A01,mcs30_m4Dr2_s80.B01,ll_lum,53,45,8374094053,1000.01,1,80,5551349264,643.677,5558605891,5558605891,0,3821628353,
mcs30_m4Dr2_s80.A02,mcs30_m4Dr2_s80.B02,ll_lum,50,37,21879158070,1000.01,1,80,6882088,0.871494,17553014974,17553014974,0,13333656005,
mcs30_m4Dr2_s80.A03,mcs30_m4Dr2_s80.B03,ll_lum,55,46,5151177819,1000.01,1,80,820724438,116.393,3525643449,3525643449,0,2511028305,
mcs30_m4Dr2_s80.A04,mcs30_m4Dr2_s80.B04,ll_lum,45,39,12330398254,1000.02,1,80,25744538,2.11344,9382466240,9382466240,0,6434534382,
mcs30_m4Dr2_s80.A05,mcs30_m4Dr2_s80.B05,ll_lum,55,56,24369287518,1000.02,1,80,24234816686,982.112,19076040875,19076040875,0,13841526331,
mcs30_m4Dr2_s80.A06,mcs30_m4Dr2_s80.B06,ll_lum,53,44,8622685745,1000.02,1,80,4084640183,453.361,5846077094,5846077094,0,4110009957,
mcs30_m4Dr2_s80.A07,mcs30_m4Dr2_s80.B07,ll_lum,54,47,18934084274,1000.02,1,80,17445089896,778.73,15269976503,15269976503,0,11809037547,
mcs30_m4Dr2_s80.A08,mcs30_m4Dr2_s80.B08,ll_lum,55,49,6559675101,1000.02,1,80,624110171,84.7727,4686038164,4686038164,0,3380938195,
mcs30_m4Dr2_s80.A09,mcs30_m4Dr2_s80.B09,ll_lum,54,46,8182251553,1000.02,1,80,4445241108,493.716,5601741025,5601741025,0,4138503679,
mcs30_m4Dr2_s90.A00,mcs30_m4Dr2_s90.B00,ll_lum,57,54,19355171945,1000.02,1,90,13483626,0.753957,15497156005,15497156005,0,11651557239,
mcs30_m4Dr2_s90.A01,mcs30_m4Dr2_s90.B01,ll_lum,63,51,6381557095,1000.01,1,90,1600445588,236.725,4176404089,4176404089,0,2884993132,
mcs30_m4Dr2_s90.A02,mcs30_m4Dr2_s90.B02,ll_lum,52,43,20145619884,1000.02,1,90,9730,0.00110288,17099692866,17099692866,0,14053766312,
mcs30_m4Dr2_s90.A03,mcs30_m4Dr2_s90.B03,ll_lum,61,59,13603143630,1000.02,1,90,11319323309,675.882,10947421888,10947421888,0,8698252887,
mcs30_m4Dr2_s90.A04,mcs30_m4Dr2_s90.B04,ll_lum,53,49,13504954016,1000.02,1,90,28925220,1.29783,10548049360,10548049360,0,7983508610,
mcs30_m4Dr2_s90.A05,mcs30_m4Dr2_s90.B05,ll_lum,51,41,23760093617,1000.02,1,90,1486246,0.0636224,18837221972,18837221972,0,14490999934,
mcs30_m4Dr2_s90.A06,mcs30_m4Dr2_s90.B06,ll_lum,61,50,7845316949,1000.02,1,90,660546788,83.0799,5202923792,5202923792,0,3834893442,
mcs30_m4Dr2_s90.A07,mcs30_m4Dr2_s90.B07,ll_lum,60,48,14956001654,1000.02,1,90,8825111092,440.14,12660925052,12660925052,0,10446325571,
mcs30_m4Dr2_s90.A08,mcs30_m4Dr2_s90.B08,ll_lum,54,47,14095098355,1000.02,1,90,125432,0.00538003,12194160163,12194160163,0,10449833165,
mcs30_m4Dr2_s90.A09,mcs30_m4Dr2_s90.B09,ll_lum,62,55,7353778833,1000.02,1,90,5101813939,670.721,4856834707,4856834707,0,3428836672,
mcs30_m4Dr4_s50.A00,mcs30_m4Dr4_s50.B00,ll_lum,35,35,7084652447,1000.02,1,50,787442301,110.333,4830352317,4830352317,0,3489618334,
mcs30_m4Dr4_s50.A01,mcs30_m4Dr4_s50.B01,ll_lum,35,31,6795239084,1000.02,1,50,1475653892,201.659,4621551550,4621551550,0,3404810899,
mcs30_m4Dr4_s50.A02,mcs30_m4Dr4_s50.B02,ll_lum,36,34,6838479018,1000.02,1,50,5593968252,808.406,4659781016,4659781016,0,3404638870,
mcs30_m4Dr4_s50.A03,mcs30_m4Dr4_s50.B03,ll_lum,34,28,7089667839,1000.02,1,50,2578386864,354.323,5054844445,5054844445,0,3805833962,
mcs30_m4Dr4_s50.A04,mcs30_m4Dr4_s50.B04,ll_lum,35,28,6744196110,1000.02,1,50,1427117941,198.261,4665709083,4665709083,0,3515183851,
mcs30_m4Dr4_s50.A05,mcs30_m4Dr4_s50.B05,ll_lum,36,32,6714034874,1000.02,1,50,2733031257,396.396,4558527769,4558527769,0,3325106280,
mcs30_m4Dr4_s50.A06,mcs30_m4Dr4_s50.B06,ll_lum,34,33,7004539093,1000.02,1,50,926259066,126.493,4734477759,4734477759,0,3436482826,
mcs30_m4Dr4_s50.A07,mcs30_m4Dr4_s50.B07,ll_lum,34,28,7193415356,1000.02,1,50,5372316566,741.782,4997830340,4997830340,0,3685623153,
mcs30_m4Dr4_s50.A08,mcs30_m4Dr4_s50.B08,ll_lum,35,30,7081696389,1000.02,1,50,3018098258,410.966,4653080542,4653080542,0,3170115052,
mcs30_m4Dr4_s50.A09,mcs30_m4Dr4_s50.B09,ll_lum,35,32,6861092752,1000.02,1,50,1976081884,281.731,4643115536,4643115536,0,3379038214,
mcs30_m4Dr4_s60.A00,mcs30_m4Dr4_s60.B00,ll_lum,39,34,7556463136,1000.02,1,60,2515436346,306.057,5169496208,5169496208,0,3687124033,
mcs30_m4Dr4_s60.A01,mcs30_m4Dr4_s60.B01,ll_lum,40,42,7559449628,1000.02,1,60,6478569176,849.403,4994009959,4994009959,0,3735133972,
mcs30_m4Dr4_s60.A02,mcs30_m4Dr4_s60.B02,ll_lum,39,38,5808038714,1000.02,1,60,409330700,65.5783,3876460740,3876460740,0,2789344966,
mcs30_m4Dr4_s60.A03,mcs30_m4Dr4_s60.B03,ll_lum,40,34,6695505236,1000.02,1,60,1457090902,221.569,4616925532,4616925532,0,3273446283,
mcs30_m4Dr4_s60.A04,mcs30_m4Dr4_s60.B04,ll_lum,40,38,6119085663,1000.02,1,60,502415748,76.4191,4049948858,4049948858,0,2964062021,
mcs30_m4Dr4_s60.A05,mcs30_m4Dr4_s60.B05,ll_lum,40,44,7085730953,1000.02,1,60,6566950866,923.261,4719148238,4719148238,0,3359952204,
mcs30_m4Dr4_s60.A06,mcs30_m4Dr4_s60.B06,ll_lum,40,38,7327545359,1000.01,1,60,3340820962,436.09,4856005632,4856005632,0,3502017795,
mcs30_m4Dr4_s60.A07,mcs30_m4Dr4_s60.B07,ll_lum,41,41,6885624633,1000.01,1,60,38218689,4.9535,4543707825,4543707825,0,3391888522,
mcs30_m4Dr4_s60.A08,mcs30_m4Dr4_s60.B08,ll_lum,41,39,6864413620,1000.02,1,60,2141737300,302.751,4553844721,4553844721,0,3397598195,
mcs30_m4Dr4_s60.A09,mcs30_m4Dr4_s60.B09,ll_lum,41,36,6869027998,1000.02,1,60,2284071168,322.72,4560925415,4560925415,0,3345886989,
mcs30_m4Dr4_s70.A00,mcs30_m4Dr4_s70.B00,ll_lum,46,41,6870365781,1000.01,1,70,1112781729,150.561,4832483036,4832483036,0,3543497889,
mcs30_m4Dr4_s70.A01,mcs30_m4Dr4_s70.B01,ll_lum,46,44,6997285347,1000.02,1,70,469173392,65.2558,4453757167,4453757167,0,3021716046,
mcs30_m4Dr4_s70.A02,mcs30_m4Dr4_s70.B02,ll_lum,47,43,8875846061,1000.02,1,70,3413278230,195.296,6233971326,6233971326,0,4629387768,
mcs30_m4Dr4_s70.A03,mcs30_m4Dr4_s70.B03,ll_lum,46,43,6872050175,1000.02,1,70,3150337186,447.035,4582002932,4582002932,0,3200993824,
mcs30_m4Dr4_s70.A04,mcs30_m4Dr4_s70.B04,ll_lum,45,42,7494875758,1000.02,1,70,3322018182,430.636,4887241905,4887241905,0,3613983007,
mcs30_m4Dr4_s70.A05,mcs30_m4Dr4_s70.B05,ll_lum,45,46,7393253638,1000.02,1,70,5042723489,674.535,4947543480,4947543480,0,3640965376,
mcs30_m4Dr4_s70.A06,mcs30_m4Dr4_s70.B06,ll_lum,43,35,18097074924,1000.02,1,70,11456591213,652.45,15323774231,15323774231,0,12588705192,
mcs30_m4Dr4_s70.A07,mcs30_m4Dr4_s70.B07,ll_lum,47,45,7563828548,1000.02,1,70,3761951937,460.835,5351837610,5351837610,0,4004586641,
mcs30_m4Dr4_s70.A08,mcs30_m4Dr4_s70.B08,ll_lum,46,47,7051116167,1000.02,1,70,1100265859,149.114,4712813468,4712813468,0,3447125126,
mcs30_m4Dr4_s70.A09,mcs30_m4Dr4_s70.B09,ll_lum,45,40,7343899407,1000.01,1,70,521643776,70.4554,5153240241,5153240241,0,3722785371,
mcs30_m4Dr4_s80.A00,mcs30_m4Dr4_s80.B00,ll_lum,54,53,7203354766,1000.02,1,80,957380151,129.049,4670490454,4670490454,0,3323133699,
mcs30_m4Dr4_s80.A01,mcs30_m4Dr4_s80.B01,ll_lum,53,47,7952764423,1000.01,1,80,811615529,100.95,5491944298,5491944298,0,3945024707,
mcs30_m4Dr4_s80.A02,mcs30_m4Dr4_s80.B02,ll_lum,54,54,6101832644,1000.01,1,80,3896246151,628.92,4249625771,4249625771,0,3211397977,
mcs30_m4Dr4_s80.A03,mcs30_m4Dr4_s80.B03,ll_lum,52,47,6762059470,1000.01,1,80,41792621,4.48758,4495283203,4495283203,0,3209480976,
mcs30_m4Dr4_s80.A04,mcs30_m4Dr4_s80.B04,ll_lum,53,52,8360337995,1000.02,1,80,7727433385,921.115,5610836896,5610836896,0,3818150933,
mcs30_m4Dr4_s80.A05,mcs30_m4Dr4_s80.B05,ll_lum,51,50,7342638080,1000.02,1,80,262257874,33.3622,4827787417,4827787417,0,3207355897,
mcs30_m4Dr4_s80.A06,mcs30_m4Dr4_s80.B06,ll_lum,54,45,6528091613,1000.02,1,80,2444661281,361.993,4085598415,4085598415,0,2826841264,
mcs30_m4Dr4_s80.A07,mcs30_m4Dr4_s80.B07,ll_lum,44,35,25256657582,1000.02,1,80,75018374,2.86454,19276038618,19276038618,0,13295419520,
mcs30_m4Dr4_s80.A08,mcs30_m4Dr4_s80.B08,ll_lum,53,53,7749324559,1000.02,1,80,793220988,99.6779,5211580652,5211580652,0,3792344781,
mcs30_m4Dr4_s80.A09,mcs30_m4Dr4_s80.B09,ll_lum,53,50,7025893829,1000.02,1,80,621587253,79.9497,4574721923,4574721923,0,3102161888,
mcs30_m4Dr4_s90.A00,mcs30_m4Dr4_s90.B00,ll_lum,57,47,7105503961,1000.02,1,90,1349443443,176.793,4724880874,4724880874,0,3127271905,
mcs30_m4Dr4_s90.A01,mcs30_m4Dr4_s90.B01,ll_lum,56,44,7229827622,1000.01,1,90,1840576252,212.803,5072051020,5072051020,0,3755002443,
mcs30_m4Dr4_s90.A02,mcs30_m4Dr4_s90.B02,ll_lum,57,49,6928133494,1000.02,1,90,5136171896,722.555,4685897684,4685897684,0,3508006077,
mcs30_m4Dr4_s90.A03,mcs30_m4Dr4_s90.B03,ll_lum,58,47,10448244990,1000.02,1,90,5754555288,297.15,8207492102,8207492102,0,6616670188,
mcs30_m4Dr4_s90.A04,mcs30_m4Dr4_s90.B04,ll_lum,57,56,7089626444,1000.02,1,90,727058464,98.293,4804546282,4804546282,0,3291171660,
mcs30_m4Dr4_s90.A05,mcs30_m4Dr4_s90.B05,ll_lum,60,57,6696178899,1000.02,1,90,2594422635,373.29,4457069922,4457069922,0,3156725752,
mcs30_m4Dr4_s90.A06,mcs30_m4Dr4_s90.B06,ll_lum,59,56,7043735329,1000.01,1,90,936097214,125.263,4654232656,4654232656,0,3103293906,
mcs30_m4Dr4_s90.A07,mcs30_m4Dr4_s90.B07,ll_lum,59,52,7218595675,1000.02,1,90,6286485356,861.016,4957330985,4957330985,0,3495999185,
mcs30_m4Dr4_s90.A08,mcs30_m4Dr4_s90.B08,ll_lum,58,60,10001462101,1000.01,1,90,8034367663,753.398,7334181487,7334181487,0,5377497305,
mcs30_m4Dr4_s90.A09,mcs30_m4Dr4_s90.B09,ll_lum,56,49,22634726131,1000.01,1,90,21261984132,918.233,18704031377,18704031377,0,14822842023,
mcs30_m4Dr6_s50.A00,mcs30_m4Dr6_s50.B00,ll_lum,34,32,6655743528,1000.01,1,50,231675293,33.9086,4457425131,4457425131,0,3275729448,
mcs30_m4Dr6_s50.A01,mcs30_m4Dr6_s50.B01,ll_lum,34,34,6694240280,1000.02,1,50,1093173555,150.723,4553355028,4553355028,0,3357326549,
mcs30_m4Dr6_s50.A02,mcs30_m4Dr6_s50.B02,ll_lum,34,29,6658703089,1000.02,1,50,4495935818,661.27,4575250553,4575250553,0,3513254777,
mcs30_m4Dr6_s50.A03,mcs30_m4Dr6_s50.B03,ll_lum,34,28,6940414473,1000.01,1,50,4251493314,601.264,4662519581,4662519581,0,3487922388,
mcs30_m4Dr6_s50.A04,mcs30_m4Dr6_s50.B04,ll_lum,33,35,6851810701,1000.02,1,50,198246166,27.6225,4559540800,4559540800,0,3290165877,
mcs30_m4Dr6_s50.A05,mcs30_m4Dr6_s50.B05,ll_lum,34,33,6836756208,1000.02,1,50,4426019538,635.29,4603142026,4603142026,0,3426937781,
mcs30_m4Dr6_s50.A06,mcs30_m4Dr6_s50.B06,ll_lum,34,29,6729347055,1000.01,1,50,1366980561,195.228,4523843548,4523843548,0,3363115117,
mcs30_m4Dr6_s50.A07,mcs30_m4Dr6_s50.B07,ll_lum,32,34,7065333296,1000.02,1,50,155375612,19.078,4853886468,4853886468,0,3702362338,
mcs30_m4Dr6_s50.A08,mcs30_m4Dr6_s50.B08,ll_lum,33,45,6717156219,1000.02,1,50,107589270,14.668,4371414776,4371414776,0,3103979509,
mcs30_m4Dr6_s50.A09,mcs30_m4Dr6_s50.B09,ll_lum,33,31,6893204414,1000.02,1,50,2442470127,348.439,4632484546,4632484546,0,3364335171,
mcs30_m4Dr6_s60.A00,mcs30_m4Dr6_s60.B00,ll_lum,38,40,7059084893,1000.02,1,60,22893074,2.72709,4684544723,4684544723,0,3626361374,
mcs30_m4Dr6_s60.A01,mcs30_m4Dr6_s60.B01,ll_lum,40,33,6751631615,1000.02,1,60,734429087,101.699,4560125927,4560125927,0,3381575697,
mcs30_m4Dr6_s60.A02,mcs30_m4Dr6_s60.B02,ll_lum,39,39,7140508755,1000.02,1,60,5223798530,724.399,4648430839,4648430839,0,3435541915,
mcs30_m4Dr6_s60.A03,mcs30_m4Dr6_s60.B03,ll_lum,41,35,6577197628,1000.02,1,60,593675711,80.078,4500513086,4500513086,0,3411542227,
mcs30_m4Dr6_s60.A04,mcs30_m4Dr6_s60.B04,ll_lum,39,35,6778958521,1000.02,1,60,1715857609,243.505,4530045531,4530045531,0,3430579484,
mcs30_m4Dr6_s60.A05,mcs30_m4Dr6_s60.B05,ll_lum,40,38,6844668719,1000.02,1,60,1660222620,225.716,4559440908,4559440908,0,3409675325,
mcs30_m4Dr6_s60.A06,mcs30_m4Dr6_s60.B06,ll_lum,39,37,7239188422,1000.02,1,60,2101002104,280.204,4959907488,4959907488,0,3751587637,
mcs30_m4Dr6_s60.A07,mcs30_m4Dr6_s60.B07,ll_lum,39,37,7037640709,1000.02,1,60,2930708206,400.834,4721468010,4721468010,0,3425309837,
mcs30_m4Dr6_s60.A08,mcs30_m4Dr6_s60.B08,ll_lum,40,41,6611643261,1000.02,1,60,134371821,18.1357,4323022204,4323022204,0,3128542858,
mcs30_m4Dr6_s60.A09,mcs30_m4Dr6_s60.B09,ll_lum,39,41,6857635297,1000.01,1,60,1170601211,163.853,4585023764,4585023764,0,3489900385,
mcs30_m4Dr6_s70.A00,mcs30_m4Dr6_s70.B00,ll_lum,44,42,6958779279,1000.02,1,70,6458625849,925.506,4526402515,4526402515,0,3182884682,
mcs30_m4Dr6_s70.A01,mcs30_m4Dr6_s70.B01,ll_lum,45,44,6635027065,1000.02,1,70,78557243,11.1144,4281978820,4281978820,0,3101351259,
mcs30_m4Dr6_s70.A02,mcs30_m4Dr6_s70.B02,ll_lum,45,46,6416332688,1000.02,1,70,1053375874,156.568,4151865187,4151865187,0,2945383044,
mcs30_m4Dr6_s70.A03,mcs30_m4Dr6_s70.B03,ll_lum,46,58,6310169047,1000.02,1,70,20148534,3.30325,4165907257,4165907257,0,3078639830,
mcs30_m4Dr6_s70.A04,mcs30_m4Dr6_s70.B04,ll_lum,44,45,7169270733,1000.02,1,70,19656494,2.16817,4704601025,4704601025,0,3236656890,
mcs30_m4Dr6_s70.A05,mcs30_m4Dr6_s70.B05,ll_lum,45,44,6912945431,1000.02,1,70,3900548333,555.361,4590668989,4590668989,0,3379507307,
mcs30_m4Dr6_s70.A06,mcs30_m4Dr6_s70.B06,ll_lum,43,40,7246980319,1000.02,1,70,302524033,39.1439,4835700730,4835700730,0,3389275648,
mcs30_m4Dr6_s70.A07,mcs30_m4Dr6_s70.B07,ll_lum,45,44,6908636181,1000.02,1,70,114569032,11.2656,4544778881,4544778881,0,3400896749,
mcs30_m4Dr6_s70.A08,mcs30_m4Dr6_s70.B08,ll_lum,45,41,7048166541,1000.01,1,70,4802117249,672.222,4672179547,4672179547,0,3287603269,
mcs30_m4Dr6_s70.A09,mcs30_m4Dr6_s70.B09,ll_lum,46,38,6891253796,1000.02,1,70,4951651448,702.477,4596297259,4596297259,0,3604258950,
mcs30_m4Dr6_s80.A00,mcs30_m4Dr6_s80.B00,ll_lum,51,42,12340975359,1000.02,1,80,7705042919,348.603,9357878012,9357878012,0,7066088922,
mcs30_m4Dr6_s80.A01,mcs30_m4Dr6_s80.B01,ll_lum,52,48,6574777089,1000.02,1,80,1996763810,289.187,4400217280,4400217280,0,3089835063,
mcs30_m4Dr6_s80.A02,mcs30_m4Dr6_s80.B02,ll_lum,51,49,6742850835,1000.02,1,80,3192973401,461.691,4619106709,4619106709,0,3497063928,
mcs30_m4Dr6_s80.A03,mcs30_m4Dr6_s80.B03,ll_lum,49,48,5586840395,1000.01,1,80,3749718,0.593403,3745889962,3745889962,0,2724807440,
mcs30_m4Dr6_s80.A04,mcs30_m4Dr6_s80.B04,ll_lum,48,39,6531553730,1000.02,1,80,2603541934,383.313,5218048768,5218048768,0,4390938188,
mcs30_m4Dr6_s80.A05,mcs30_m4Dr6_s80.B05,ll_lum,49,47,7678382397,1000.02,1,80,4435481028,553.568,5201225450,5201225450,0,3776394894,
mcs30_m4Dr6_s80.A06,mcs30_m4Dr6_s80.B06,ll_lum,49,49,7643650008,1000.02,1,80,149259743,17.1696,4922255865,4922255865,0,3584794699,
mcs30_m4Dr6_s80.A07,mcs30_m4Dr6_s80.B07,ll_lum,50,45,7568681674,1000.02,1,80,6106767171,793.349,5178720254,5178720254,0,3592757421,
mcs30_m4Dr6_s80.A08,mcs30_m4Dr6_s80.B08,ll_lum,50,46,7079592718,1000.02,1,80,2615656938,369.05,4469278303,4469278303,0,2893149847,
mcs30_m4Dr6_s80.A09,mcs30_m4Dr6_s80.B09,ll_lum,49,46,7178044662,1000.01,1,80,1377273920,160.062,4615942665,4615942665,0,3302839167,
mcs30_m4Dr6_s90.A00,mcs30_m4Dr6_s90.B00,ll_lum,56,53,11408259880,1000.02,1,90,8287019319,586.415,8962810272,8962810272,0,7149473483,
mcs30_m4Dr6_s90.A01,mcs30_m4Dr6_s90.B01,ll_lum,56,47,11330441098,1000.02,1,90,7585248124,502.516,8454377322,8454377322,0,6419735974,
mcs30_m4Dr6_s90.A02,mcs30_m4Dr6_s90.B02,ll_lum,52,47,11187729124,1000.01,1,90,124232824,7.82448,9429860255,9429860255,0,7736352216,
mcs30_m4Dr6_s90.A03,mcs30_m4Dr6_s90.B03,ll_lum,56,52,6646406850,1000.01,1,90,2716018788,373.663,4602813496,4602813496,0,3429474339,
mcs30_m4Dr6_s90.A04,mcs30_m4Dr6_s90.B04,ll_lum,56,53,7056918691,1000.02,1,90,2164079238,291.901,4369174729,4369174729,0,2942576724,
mcs30_m4Dr6_s90.A05,mcs30_m4Dr6_s90.B05,ll_lum,55,55,7319307510,1000.02,1,90,2481388001,333.64,4830052135,4830052135,0,3205932628,
mcs30_m4Dr6_s90.A06,mcs30_m4Dr6_s90.B06,ll_lum,55,52,7350472078,1000.02,1,90,5108272721,678.904,4697753007,4697753007,0,3276362732,
mcs30_m4Dr6_s90.A07,mcs30_m4Dr6_s90.B07,ll_lum,57,52,6594856028,1000.01,1,90,28273427,3.70354,4246650049,4246650049,0,2994241583,
mcs30_m4Dr6_s90.A08,mcs30_m4Dr6_s90.B08,ll_lum,57,55,7615533501,1000.02,1,90,4920149441,616.333,5199717254,5199717254,0,3793112502,
mcs30_m4Dr6_s90.A09,mcs30_m4Dr6_s90.B09,ll_lum,55,51,6832241160,1000.02,1,90,1444170152,195.739,4678426177,4678426177,0,3442344457,
mcs30_r001_s100.A00,mcs30_r001_s100.B00,ll_lum,68,57,19404172438,1000.01,1,100,5815439055,305.888,15690541509,15690541509,0,12308521117,
mcs30_r001_s100.A01,mcs30_r001_s100.B01,ll_lum,61,45,26774795183,1000.02,1,100,551523000,20.615,19546726615,19546726615,0,14665112832,
mcs30_r001_s100.A02,mcs30_r001_s100.B02,ll_lum,68,51,18746354842,1000.01,1,100,2760187,0.155392,16023855112,16023855112,0,13390247273,
mcs30_r001_s100.A03,mcs30_r001_s100.B03,ll_lum,66,46,21032007965,1000.02,1,100,10543938881,477.15,18045556832,18045556832,0,15318594681,
mcs30_r001_s100.A04,mcs30_r001_s100.B04,ll_lum,72,54,17090394385,1000.01,1,100,83549,0.00445225,13460620631,13460620631,0,9943562528,
mcs30_r001_s100.A05,mcs30_r001_s100.B05,ll_lum,79,61,2799088714,1000.02,1,100,971269226,335.938,2085150991,2085150991,0,1546238117,
mcs30_r001_s100.A06,mcs30_r001_s100.B06,ll_lum,71,54,10996098187,1000.02,1,100,8419438677,750.333,8870713933,8870713933,0,6869437858,
mcs30_r001_s100.A07,mcs30_r001_s100.B07,ll_lum,71,55,15621940490,1000.02,1,100,270,8.5298e-05,12893182945,12893182945,0,10309836397,
mcs30_r001_s100.A08,mcs30_r001_s100.B08,ll_lum,67,52,13502628634,1000.01,1,100,80482,0.00479999,10913864286,10913864286,0,8526752331,
mcs30_r001_s100.A09,mcs30_r001_s100.B09,ll_lum,79,63,6603470107,1000.02,1,100,5517448937,801.195,4447282010,4447282010,0,3039432618,
mcs30_r005_s100.A00,mcs30_r005_s100.B00,ll_lum,40,47,5237621826,1000.02,1,100,881581992,161.214,3215512188,3215512188,0,2575066769,
mcs30_r005_s100.A01,mcs30_r005_s100.B01,ll_lum,42,55,2753672453,1000.02,1,100,2462244944,885.07,1670910530,1670910530,0,1372781507,
mcs30_r005_s100.A02,mcs30_r005_s100.B02,ll_lum,41,49,2620960230,1000.01,1,100,1015691675,371.726,1595136473,1595136473,0,1307223722,
mcs30_r005_s100.A03,mcs30_r005_s100.B03,ll_lum,43,51,2512989516,1000.02,1,100,866444739,308.392,1584343162,1584343162,0,1292761984,
mcs30_r005_s100.A04,mcs30_r005_s100.B04,ll_lum,41,52,2759933555,1000,1,100,954997291,330.674,1692940324,1692940324,0,1337366153,
mcs30_r005_s100.A05,mcs30_r005_s100.B05,ll_lum,39,45,2771681907,1000.02,1,100,2047426540,738.251,1739945164,1739945164,0,1384594412,
mcs30_r005_s100.A06,mcs30_r005_s100.B06,ll_lum,40,51,5370119466,1000.02,1,100,945215795,162.945,3287609516,3287609516,0,2608852856,
mcs30_r005_s100.A07,mcs30_r005_s100.B07,ll_lum,41,53,5090714137,1000.01,1,100,220731970,41.813,3128004143,3128004143,0,2589985150,
mcs30_r005_s100.A08,mcs30_r005_s100.B08,ll_lum,40,49,5452391836,1000.02,1,100,603577177,107.872,3391174457,3391174457,0,2812591511,
mcs30_r005_s100.A09,mcs30_r005_s100.B09,ll_lum,41,51,5145677921,1000.02,1,100,409328533,75.5176,3092461211,3092461211,0,2480940003,
mcs30_r005_s20.A00,mcs30_r005_s20.B00,ll_lum,16,11,8759,0.000914622,0,20,4264,0.000359168,5837,5837,0,3807,
mcs30_r005_s20.A01,mcs30_r005_s20.B01,ll_lum,16,12,12240,0.00112205,0,20,7052,0.000456264,9209,9209,0,6959,
mcs30_r005_s20.A02,mcs30_r005_s20.B02,ll_lum,16,12,27403,0.00276793,0,20,8501,0.000714445,18749,18749,0,12081,
mcs30_r005_s20.A03,mcs30_r005_s20.B03,ll_lum,16,14,37426,0.00754178,0,20,29063,0.00565669,25585,25585,0,17238,
mcs30_r005_s20.A04,mcs30_r005_s20.B04,ll_lum,16,11,17060,0.00189036,0,20,7181,0.000739852,11269,11269,0,8046,
mcs30_r005_s20.A05,mcs30_r005_s20.B05,ll_lum,16,12,5588,0.000743508,0,20,2504,0.000220992,3927,3927,0,2702,
mcs30_r005_s20.A06,mcs30_r005_s20.B06,ll_lum,16,13,7207,0.000858772,0,20,618,6.8713e-05,4800,4800,0,3282,
mcs30_r005_s20.A07,mcs30_r005_s20.B07,ll_lum,17,15,1501,0.000466598,0,20,713,0.000191556,954,954,0,633,
mcs30_r005_s20.A08,mcs30_r005_s20.B08,ll_lum,16,10,15651,0.00172789,0,20,3219,0.000373052,10881,10881,0,7572,
mcs30_r005_s20.A09,mcs30_r005_s20.B09,ll_lum,17,16,1535,0.000236786,0,20,44,1.6094e-05,1092,1092,0,763,
mcs30_r005_s25.A00,mcs30_r005_s25.B00,ll_lum,20,14,390354,0.078579,0,25,383153,0.0769849,258876,258876,0,159307,
mcs30_r005_s25.A01,mcs30_r005_s25.B01,ll_lum,19,17,265720,0.0292327,0,25,3336,0.000347622,179181,179181,0,118301,
mcs30_r005_s25.A02,mcs30_r005_s25.B02,ll_lum,20,14,67661,0.00807261,0,25,28346,0.00317136,44477,44477,0,28992,
mcs30_r005_s25.A03,mcs30_r005_s25.B03,ll_lum,20,19,96207,0.0109232,0,25,62825,0.00684894,62558,62558,0,41038,
mcs30_r005_s25.A04,mcs30_r005_s25.B04,ll_lum,20,18,71518,0.00836119,0,25,26926,0.00282385,46842,46842,0,30523,
mcs30_r005_s25.A05,mcs30_r005_s25.B05,ll_lum,20,20,176793,0.0204792,0,25,125006,0.0141697,113069,113069,0,74086,
mcs30_r005_s25.A06,mcs30_r005_s25.B06,ll_lum,19,17,248840,0.0285208,0,25,1114,0.000116615,174999,174999,0,124109,
mcs30_r005_s25.A07,mcs30_r005_s25.B07,ll_lum,20,17,49611,0.00574957,0,25,4256,0.000506735,34186,34186,0,22338,
mcs30_r005_s25.A08,mcs30_r005_s25.B08,ll_lum,20,15,478101,0.05043,0,25,394235,0.0408317,329418,329418,0,212673,
mcs30_r005_s25.A09,mcs30_r005_s25.B09,ll_lum,20,14,93865,0.00993007,0,25,74960,0.0073703,65630,65630,0,47909,
mcs30_r005_s30.A00,mcs30_r005_s30.B00,ll_lum,23,18,3358711,0.782748,0,30,3071926,0.705958,2268219,2268219,0,1579509,
mcs30_r005_s30.A01,mcs30_r005_s30.B01,ll_lum,22,22,5008459,1.2213,0,30,444800,0.10017,3339516,3339516,0,2316348,
mcs30_r005_s30.A02,mcs30_r005_s30.B02,ll_lum,23,21,3129653,0.387243,0,30,2743716,0.338823,2114951,2114951,0,1445376,
mcs30_r005_s30.A03,mcs30_r005_s30.B03,ll_lum,24,18,797887,0.0980613,0,30,795284,0.0977127,519513,519513,0,349093,
mcs30_r005_s30.A04,mcs30_r005_s30.B04,ll_lum,23,17,2677791,0.315024,0,30,2603939,0.306087,1877892,1877892,0,1368278,
mcs30_r005_s30.A05,mcs30_r005_s30.B05,ll_lum,23,16,4059859,0.493111,0,30,4059537,0.493029,2688996,2688996,0,1822996,
mcs30_r005_s30.A06,mcs30_r005_s30.B06,ll_lum,23,17,2309339,0.293566,0,30,2071985,0.262092,1578909,1578909,0,1148330,
mcs30_r005_s30.A07,mcs30_r005_s30.B07,ll_lum,22,20,9560782,1.13454,0,30,1526098,0.176558,6258942,6258942,0,4097727,
mcs30_r005_s30.A08,mcs30_r005_s30.B08,ll_lum,23,20,2888135,0.514804,0,30,2265565,0.409125,1834076,1834076,0,1218072,
mcs30_r005_s30.A09,mcs30_r005_s30.B09,ll_lum,23,19,3793204,0.440369,0,30,2785491,0.321208,2566556,2566556,0,1747808,
mcs30_r005_s35.A00,mcs30_r005_s35.B00,ll_lum,26,25,14321686,1.95288,0,35,4975379,0.624428,9485742,9485742,0,6845121,
mcs30_r005_s35.A01,mcs30_r005_s35.B01,ll_lum,25,20,118027322,31.078,0,35,56742262,14.6835,78804692,78804692,0,55084284,
mcs30_r005_s35.A02,mcs30_r005_s35.B02,ll_lum,26,22,26531583,7.55759,0,35,20186269,5.75559,18230913,18230913,0,13696600,
mcs30_r005_s35.A03,mcs30_r005_s35.B03,ll_lum,26,19,14602978,3.81272,0,35,10609612,2.7256,9840716,9840716,0,7060495,
mcs30_r005_s35.A04,mcs30_r005_s35.B04,ll_lum,26,20,49189514,6.54601,0,35,47884396,6.37408,34323274,34323274,0,25501583,
mcs30_r005_s35.A05,mcs30_r005_s35.B05,ll_lum,25,22,57175975,7.41194,0,35,634846,0.0786131,39684496,39684496,0,28945400,
mcs30_r005_s35.A06,mcs30_r005_s35.B06,ll_lum,25,26,122224368,15.6697,0,35,8180052,0.946886,81561884,81561884,0,56278401,
mcs30_r005_s35.A07,mcs30_r005_s35.B07,ll_lum,26,22,27178492,3.69385,0,35,12849494,1.67388,18293050,18293050,0,13048989,
mcs30_r005_s35.A08,mcs30_r005_s35.B08,ll_lum,26,27,38253775,5.23445,0,35,32644140,4.43808,25374406,25374406,0,17722355,
mcs30_r005_s35.A09,mcs30_r005_s35.B09,ll_lum,26,22,23333670,3.08118,0,35,18127360,2.38619,15879201,15879201,0,11610521,
mcs30_r005_s40.A00,mcs30_r005_s40.B00,ll_lum,28,27,791856225,115.213,0,40,241246128,34.7751,529993613,529993613,0,393498948,
mcs30_r005_s40.A01,mcs30_r005_s40.B01,ll_lum,28,27,841613581,121.021,0,40,321831632,45.6569,558126217,558126217,0,402159509,
mcs30_r005_s40.A02,mcs30_r005_s40.B02,ll_lum,28,23,645727802,94.0617,0,40,43091927,5.96341,437638272,437638272,0,323641141,
mcs30_r005_s40.A03,mcs30_r005_s40.B03,ll_lum,28,29,564541757,83.0497,0,40,213674088,30.822,374606625,374606625,0,277185330,
mcs30_r005_s40.A04,mcs30_r005_s40.B04,ll_lum,28,29,510699128,73.5854,0,40,183588836,25.5772,342670424,342670424,0,253490807,
mcs30_r005_s40.A05,mcs30_r005_s40.B05,ll_lum,28,26,881801315,127.073,0,40,428615064,60.3402,586535196,586535196,0,428194432,
mcs30_r005_s40.A06,mcs30_r005_s40.B06,ll_lum,28,29,1576698668,225.354,0,40,1260229435,178.38,1058286690,1058286690,0,767599783,
mcs30_r005_s40.A07,mcs30_r005_s40.B07,ll_lum,27,28,3667599382,520.55,0,40,31708801,4.28349,2399870316,2399870316,0,1670012001,
mcs30_r005_s40.A08,mcs30_r005_s40.B08,ll_lum,28,26,349157216,51.0974,0,40,133080172,18.7222,233345160,233345160,0,172301134,
mcs30_r005_s40.A09,mcs30_r005_s40.B09,ll_lum,28,23,1477015301,208.736,0,40,1314034665,184.582,983176039,983176039,0,707297210,
mcs30_r005_s50.A00,mcs30_r005_s50.B00,ll_lum,31,32,6537508411,1000.02,1,50,1703722207,253.464,4235002467,4235002467,0,3113614955,
mcs30_r005_s50.A01,mcs30_r005_s50.B01,ll_lum,31,30,6581321554,1000.01,1,50,27791262,4.10679,4344739755,4344739755,0,3327175890,
mcs30_r005_s50.A02,mcs30_r005_s50.B02,ll_lum,31,30,6561048185,1000.02,1,50,5455388189,826.727,4287380147,4287380147,0,3271766345,
mcs30_r005_s50.A03,mcs30_r005_s50.B03,ll_lum,33,31,6417455134,1000.01,1,50,1425991663,216.355,4306400965,4306400965,0,3339794191,
mcs30_r005_s50.A04,mcs30_r005_s50.B04,ll_lum,30,33,6930706175,1000.01,1,50,19275944,2.45755,4648824391,4648824391,0,3542056703,
mcs30_r005_s50.A05,mcs30_r005_s50.B05,ll_lum,31,27,6543346163,1000.01,1,50,304865994,44.6546,4274554120,4274554120,0,3247970240,
mcs30_r005_s50.A06,mcs30_r005_s50.B06,ll_lum,32,34,6573972182,1000.01,1,50,1595137861,242.813,4288712823,4288712823,0,3198421839,
mcs30_r005_s50.A07,mcs30_r005_s50.B07,ll_lum,30,34,6824805033,1000.01,1,50,24897244,3.28544,4518595553,4518595553,0,3431392847,
mcs30_r005_s50.A08,mcs30_r005_s50.B08,ll_lum,32,29,6558632797,1000.01,1,50,1055565166,155.339,4392528511,4392528511,0,3394670010,
mcs30_r005_s50.A09,mcs30_r005_s50.B09,ll_lum,30,33,6829712547,1000.02,1,50,257106731,36.3862,4549195491,4549195491,0,3495457461,
mcs30_r005_s60.A00,mcs30_r005_s60.B00,ll_lum,34,38,4435986453,1000.02,1,60,633874754,136.772,2870554737,2870554737,0,2304826963,
mcs30_r005_s60.A01,mcs30_r005_s60.B01,ll_lum,35,35,6083780606,1000.01,1,60,4173200748,672.955,3965242690,3965242690,0,3057989708,
mcs30_r005_s60.A02,mcs30_r005_s60.B02,ll_lum,34,34,6028951989,1000.01,1,60,29196792,4.45005,3928177893,3928177893,0,3154943068,
mcs30_r005_s60.A03,mcs30_r005_s60.B03,ll_lum,34,32,6510073738,1000.01,1,60,3336776376,498.35,4338734568,4338734568,0,3452840313,
mcs30_r005_s60.A04,mcs30_r005_s60.B04,ll_lum,34,29,6342196341,1000.02,1,60,942085825,148.397,4086758640,4086758640,0,3105292717,
mcs30_r005_s60.A05,mcs30_r005_s60.B05,ll_lum,34,35,6653573253,1000.02,1,60,625266487,91.6267,4405103570,4405103570,0,3528169675,
mcs30_r005_s60.A06,mcs30_r005_s60.B06,ll_lum,33,34,6364839907,1000.02,1,60,2662982915,414.841,4118798914,4118798914,0,3151834351,
mcs30_r005_s60.A07,mcs30_r005_s60.B07,ll_lum,34,35,5883500459,1000.02,1,60,647079692,101.64,3799782925,3799782925,0,3042601810,
mcs30_r005_s60.A08,mcs30_r005_s60.B08,ll_lum,33,30,6076919146,1000.02,1,60,229706699,37.3332,3909511691,3909511691,0,3022785726,
mcs30_r005_s60.A09,mcs30_r005_s60.B09,ll_lum,34,34,3263253680,1000.01,1,60,1201269884,357.642,2207233164,2207233164,0,1743177308,
mcs30_r005_s70.A00,mcs30_r005_s70.B00,ll_lum,36,40,2942140510,1000.02,1,70,16646358,5.21036,1893658423,1893658423,0,1525273470,
mcs30_r005_s70.A01,mcs30_r005_s70.B01,ll_lum,36,41,5807403536,1000.02,1,70,2896549698,489.976,3734384842,3734384842,0,2748570386,
mcs30_r005_s70.A02,mcs30_r005_s70.B02,ll_lum,37,38,5942217069,1000.02,1,70,2233361789,366.798,3899034083,3899034083,0,3154137016,
mcs30_r005_s70.A03,mcs30_r005_s70.B03,ll_lum,37,44,5871607570,1000.02,1,70,206694659,30.7837,3800728326,3800728326,0,2950912954,
mcs30_r005_s70.A04,mcs30_r005_s70.B04,ll_lum,37,42,6033233683,1000.02,1,70,3022719651,486.686,3916858691,3916858691,0,3024429939,
mcs30_r005_s70.A05,mcs30_r005_s70.B05,ll_lum,36,38,5477414073,1000.02,1,70,56482979,9.47842,3491162420,3491162420,0,2846689008,
mcs30_r005_s70.A06,mcs30_r005_s70.B06,ll_lum,35,41,5919411513,1000.02,1,70,20424619,3.36923,3747791402,3747791402,0,2933018978,
mcs30_r005_s70.A07,mcs30_r005_s70.B07,ll_lum,35,41,5896345958,1000.01,1,70,23556842,3.69985,3858939942,3858939942,0,3114227263,
mcs30_r005_s70.A08,mcs30_r005_s70.B08,ll_lum,37,40,6314441085,1000.01,1,70,3287301462,487.993,4022905878,4022905878,0,3138897013,
mcs30_r005_s70.A09,mcs30_r005_s70.B09,ll_lum,35,39,5798230759,1000.01,1,70,275270021,46.6433,3772954794,3772954794,0,3095706744,
mcs30_r005_s80.A00,mcs30_r005_s80.B00,ll_lum,37,45,5673988357,1000.02,1,80,3176556300,538.417,3607728701,3607728701,0,2988891700,
mcs30_r005_s80.A01,mcs30_r005_s80.B01,ll_lum,38,46,5814755672,1000.01,1,80,1235529270,211.509,3758934010,3758934010,0,3021685351,
mcs30_r005_s80.A02,mcs30_r005_s80.B02,ll_lum,38,44,2711851779,1000.02,1,80,2296536376,844.489,1720804712,1720804712,0,1375384977,
mcs30_r005_s80.A03,mcs30_r005_s80.B03,ll_lum,37,39,5565909384,1000.01,1,80,1887648678,319.88,3411707100,3411707100,0,2736772084,
mcs30_r005_s80.A04,mcs30_r005_s80.B04,ll_lum,37,41,6176477715,1000.02,1,80,269726398,42.3559,3900186183,3900186183,0,3076496961,
mcs30_r005_s80.A05,mcs30_r005_s80.B05,ll_lum,37,46,5849437862,1000.02,1,80,670988904,105.619,3730316141,3730316141,0,2973691392,
mcs30_r005_s80.A06,mcs30_r005_s80.B06,ll_lum,37,47,5529412459,1000.02,1,80,75763479,12.8158,3466168801,3466168801,0,2815074663,
mcs30_r005_s80.A07,mcs30_r005_s80.B07,ll_lum,38,44,6103250424,1000.02,1,80,5370044252,872.528,3863507101,3863507101,0,3069635900,
mcs30_r005_s80.A08,mcs30_r005_s80.B08,ll_lum,37,40,5705821244,1000.02,1,80,997850044,177.486,3558582408,3558582408,0,2758002583,
mcs30_r005_s80.A09,mcs30_r005_s80.B09,ll_lum,37,41,5271529512,1000.01,1,80,85831085,16.0122,3334404585,3334404585,0,2738957774,
mcs30_r005_s90.A00,mcs30_r005_s90.B00,ll_lum,41,48,5239761944,1000.01,1,90,343028846,62.8718,3346569955,3346569955,0,2680487426,
mcs30_r005_s90.A01,mcs30_r005_s90.B01,ll_lum,41,48,5716950214,1000.01,1,90,438041483,72.9743,3662204156,3662204156,0,2979953470,
mcs30_r005_s90.A02,mcs30_r005_s90.B02,ll_lum,40,44,5863862521,1000.01,1,90,1910507588,325.301,3797138632,3797138632,0,2970727650,
mcs30_r005_s90.A03,mcs30_r005_s90.B03,ll_lum,40,48,5898470576,1000.02,1,90,461002877,75.3528,3762338361,3762338361,0,2944891862,
mcs30_r005_s90.A04,mcs30_r005_s90.B04,ll_lum,39,48,5555855441,1000.02,1,90,1053555641,174.487,3614788665,3614788665,0,2996515023,
mcs30_r005_s90.A05,mcs30_r005_s90.B05,ll_lum,39,43,5501551166,1000.01,1,90,502962050,90.8162,3458741648,3458741648,0,2832608125,
mcs30_r005_s90.A06,mcs30_r005_s90.B06,ll_lum,39,49,5615358908,1000.01,1,90,8639476,1.3227,3506580439,3506580439,0,2829625086,
mcs30_r005_s90.A07,mcs30_r005_s90.B07,ll_lum,37,46,5676608163,1000.01,1,90,22806372,3.65857,3621707734,3621707734,0,2987453931,
mcs30_r005_s90.A08,mcs30_r005_s90.B08,ll_lum,41,47,5271325615,1000.02,1,90,1087862024,200.223,3318899285,3318899285,0,2694645407,
mcs30_r005_s90.A09,mcs30_r005_s90.B09,ll_lum,39,50,5325158147,1000.02,1,90,261228805,44.693,3249382098,3249382098,0,2684571187,
mcs30_r01_s10.A00,mcs30_r01_s10.B00,ll_lum,9,9,48,5.905e-05,0,10,30,1.4152e-05,33,33,0,22,
mcs30_r01_s10.A01,mcs30_r01_s10.B01,ll_lum,8,7,227,5.9079e-05,0,10,8,5.609e-06,144,144,0,90,
mcs30_r01_s10.A02,mcs30_r01_s10.B02,ll_lum,8,7,68,5.8038e-05,0,10,14,9.735e-06,49,49,0,35,
mcs30_r01_s10.A03,mcs30_r01_s10.B03,ll_lum,8,4,118,4.671e-05,0,10,35,1.0476e-05,82,82,0,46,
mcs30_r01_s10.A04,mcs30_r01_s10.B04,ll_lum,8,7,110,4.3034e-05,0,10,7,5.749e-06,80,80,0,59,
mcs30_r01_s10.A05,mcs30_r01_s10.B05,ll_lum,8,8,79,3.5133e-05,0,10,8,5.368e-06,56,56,0,35,
mcs30_r01_s10.A06,mcs30_r01_s10.B06,ll_lum,8,6,452,8.1303e-05,0,10,346,4.3215e-05,286,286,0,202,
mcs30_r01_s10.A07,mcs30_r01_s10.B07,ll_lum,8,7,134,4.2685e-05,0,10,7,5.118e-06,89,89,0,57,
mcs30_r01_s10.A08,mcs30_r01_s10.B08,ll_lum,8,7,106,3.8558e-05,0,10,26,7.642e-06,73,73,0,45,
mcs30_r01_s10.A09,mcs30_r01_s10.B09,ll_lum,7,5,502,7.7045e-05,0,10,23,7.611e-06,343,343,0,217,
mcs30_r01_s100.A00,mcs30_r01_s100.B00,ll_lum,27,46,3427814068,1000.02,1,100,3751552,0.926867,2010506789,2010506789,0,1776844455,
mcs30_r01_s100.A01,mcs30_r01_s100.B01,ll_lum,28,49,4386168594,1000.02,1,100,219485667,45.7513,2535495238,2535495238,0,2256106688,
mcs30_r01_s100.A02,mcs30_r01_s100.B02,ll_lum,27,46,4411135925,1000.01,1,100,24993346,5.26274,2535709663,2535709663,0,2293514949,
mcs30_r01_s100.A03,mcs30_r01_s100.B03,ll_lum,28,37,4061754084,1000.01,1,100,1524110226,366.128,2426971479,2426971479,0,2163441453,
mcs30_r01_s100.A04,mcs30_r01_s100.B04,ll_lum,27,45,4091618162,1000.01,1,100,109394481,25.6967,2414213684,2414213684,0,2129389506,
mcs30_r01_s100.A05,mcs30_r01_s100.B05,ll_lum,28,45,4297580718,1000.02,1,100,60662993,12.4171,2472622051,2472622051,0,2227134295,
mcs30_r01_s100.A06,mcs30_r01_s100.B06,ll_lum,28,47,4623157353,1000.02,1,100,303088599,60.4616,2695748943,2695748943,0,2362157982,
mcs30_r01_s100.A07,mcs30_r01_s100.B07,ll_lum,28,48,4314597091,1000.02,1,100,302922932,65.6439,2513638184,2513638184,0,2263926613,
mcs30_r01_s100.A08,mcs30_r01_s100.B08,ll_lum,28,45,4393970224,1000.02,1,100,905146798,194.887,2553639914,2553639914,0,2304095098,
mcs30_r01_s100.A09,mcs30_r01_s100.B09,ll_lum,28,50,4481818726,1000.02,1,100,312257258,69.5081,2629998692,2629998692,0,2365295790,
mcs30_r01_s15.A00,mcs30_r01_s15.B00,ll_lum,11,11,4992,0.000871653,0,15,772,0.000102023,3188,3188,0,2182,
mcs30_r01_s15.A01,mcs30_r01_s15.B01,ll_lum,11,9,6285,0.000893676,0,15,1469,0.000148523,4217,4217,0,3019,
mcs30_r01_s15.A02,mcs30_r01_s15.B02,ll_lum,11,10,4051,0.00049131,0,15,929,0.000115294,2651,2651,0,1747,
mcs30_r01_s15.A03,mcs30_r01_s15.B03,ll_lum,11,9,3725,0.000452832,0,15,1484,0.000182925,2454,2454,0,1684,
mcs30_r01_s15.A04,mcs30_r01_s15.B04,ll_lum,11,10,7362,0.000947662,0,15,3492,0.000394482,5068,5068,0,3623,
mcs30_r01_s15.A05,mcs30_r01_s15.B05,ll_lum,11,9,7310,0.00087945,0,15,2486,0.000283285,4694,4694,0,3195,
mcs30_r01_s15.A06,mcs30_r01_s15.B06,ll_lum,11,13,3446,0.00044604,0,15,59,1.4592e-05,2224,2224,0,1504,
mcs30_r01_s15.A07,mcs30_r01_s15.B07,ll_lum,12,11,2392,0.000297767,0,15,1865,0.000210656,1525,1525,0,946,
mcs30_r01_s15.A08,mcs30_r01_s15.B08,ll_lum,11,11,5908,0.000684778,0,15,2254,0.000244858,3811,3811,0,2602,
mcs30_r01_s15.A09,mcs30_r01_s15.B09,ll_lum,11,11,5777,0.00071049,0,15,2453,0.000290087,3672,3672,0,2514,
mcs30_r01_s20.A00,mcs30_r01_s20.B00,ll_lum,14,14,161834,0.021614,0,20,101344,0.013168,101287,101287,0,73791,
mcs30_r01_s20.A01,mcs30_r01_s20.B01,ll_lum,14,11,61993,0.00810347,0,20,17484,0.00231756,40119,40119,0,28801,
mcs30_r01_s20.A02,mcs30_r01_s20.B02,ll_lum,14,16,49074,0.00733207,0,20,2552,0.000655006,31205,31205,0,23401,
mcs30_r01_s20.A03,mcs30_r01_s20.B03,ll_lum,15,15,62067,0.00832722,0,20,59145,0.00792288,39301,39301,0,28380,
mcs30_r01_s20.A04,mcs30_r01_s20.B04,ll_lum,14,14,66999,0.00915301,0,20,21798,0.00308978,43119,43119,0,31690,
mcs30_r01_s20.A05,mcs30_r01_s20.B05,ll_lum,14,13,41442,0.00569235,0,20,15062,0.00197006,26283,26283,0,19443,
mcs30_r01_s20.A06,mcs30_r01_s20.B06,ll_lum,14,16,92879,0.0128604,0,20,34822,0.00479418,59148,59148,0,41645,
mcs30_r01_s20.A07,mcs30_r01_s20.B07,ll_lum,14,15,62191,0.00763735,0,20,6589,0.000862314,41750,41750,0,30965,
mcs30_r01_s20.A08,mcs30_r01_s20.B08,ll_lum,14,15,146943,0.0190875,0,20,130612,0.0169128,94300,94300,0,69666,
mcs30_r01_s20.A09,mcs30_r01_s20.B09,ll_lum,13,16,173774,0.0197814,0,20,1821,0.000257496,115292,115292,0,82072,
mcs30_r01_s25.A00,mcs30_r01_s25.B00,ll_lum,16,17,2007786,0.27926,0,25,144822,0.0205279,1309183,1309183,0,955189,
mcs30_r01_s25.A01,mcs30_r01_s25.B01,ll_lum,16,15,1292730,0.190895,0,25,229022,0.0330633,831840,831840,0,638077,
mcs30_r01_s25.A02,mcs30_r01_s25.B02,ll_lum,17,17,2043231,0.291176,0,25,2039584,0.290643,1301431,1301431,0,978168,
mcs30_r01_s25.A03,mcs30_r01_s25.B03,ll_lum,16,18,3937088,0.561913,0,25,3063136,0.432906,2541373,2541373,0,1955742,
mcs30_r01_s25.A04,mcs30_r01_s25.B04,ll_lum,17,24,852472,0.123588,0,25,316485,0.0442616,539764,539764,0,403602,
mcs30_r01_s25.A05,mcs30_r01_s25.B05,ll_lum,16,22,3252720,0.467981,0,25,60741,0.00842073,2049990,2049990,0,1486918,
mcs30_r01_s25.A06,mcs30_r01_s25.B06,ll_lum,16,21,2717556,0.394697,0,25,44789,0.00602772,1760005,1760005,0,1328251,
mcs30_r01_s25.A07,mcs30_r01_s25.B07,ll_lum,16,16,2053739,0.274667,0,25,75576,0.0100609,1353937,1353937,0,995157,
mcs30_r01_s25.A08,mcs30_r01_s25.B08,ll_lum,17,16,1347911,0.194894,0,25,953672,0.137747,859590,859590,0,634403,
mcs30_r01_s25.A09,mcs30_r01_s25.B09,ll_lum,16,17,1581338,0.215068,0,25,102212,0.0133465,1028652,1028652,0,754113,
mcs30_r01_s30.A00,mcs30_r01_s30.B00,ll_lum,18,21,35299747,5.33707,0,30,2037620,0.306312,23151774,23151774,0,18129290,
mcs30_r01_s30.A01,mcs30_r01_s30.B01,ll_lum,19,22,40101649,6.40181,0,30,38375470,6.13692,25634937,25634937,0,19834130,
mcs30_r01_s30.A02,mcs30_r01_s30.B02,ll_lum,19,24,12905376,2.10758,0,30,1930332,0.30367,8281291,8281291,0,6492782,
mcs30_r01_s30.A03,mcs30_r01_s30.B03,ll_lum,18,24,48890968,7.66261,0,30,13475040,2.10329,31289700,31289700,0,24135569,
mcs30_r01_s30.A04,mcs30_r01_s30.B04,ll_lum,19,19,31741674,4.65381,0,30,29273945,4.27424,20749846,20749846,0,15740100,
mcs30_r01_s30.A05,mcs30_r01_s30.B05,ll_lum,19,20,50565165,7.8262,0,30,50324020,7.78985,32657258,32657258,0,25226611,
mcs30_r01_s30.A06,mcs30_r01_s30.B06,ll_lum,19,23,34968322,5.81959,0,30,30368882,5.03257,22231437,22231437,0,17012788,
mcs30_r01_s30.A07,mcs30_r01_s30.B07,ll_lum,18,23,42858652,7.34034,0,30,128001,0.0233369,27832931,27832931,0,21323251,
mcs30_r01_s30.A08,mcs30_r01_s30.B08,ll_lum,18,20,39084496,6.15893,0,30,531056,0.0814093,25288341,25288341,0,19654500,
mcs30_r01_s30.A09,mcs30_r01_s30.B09,ll_lum,18,21,43659014,6.66714,0,30,1109473,0.165775,28807687,28807687,0,22523086,
mcs30_r01_s35.A00,mcs30_r01_s35.B00,ll_lum,20,22,796931707,132.038,0,35,568491326,93.5345,511243664,511243664,0,410137076,
mcs30_r01_s35.A01,mcs30_r01_s35.B01,ll_lum,21,22,191319411,31.8039,0,35,106833534,17.6145,126592896,126592896,0,103379326,
mcs30_r01_s35.A02,mcs30_r01_s35.B02,ll_lum,20,25,543129684,89.8326,0,35,107843007,17.3316,351841588,351841588,0,280876909,
mcs30_r01_s35.A03,mcs30_r01_s35.B03,ll_lum,20,29,854667019,146.801,0,35,119038070,19.9291,545095934,545095934,0,434230538,
mcs30_r01_s35.A04,mcs30_r01_s35.B04,ll_lum,20,25,491467039,83.2507,0,35,6947222,1.14212,318510862,318510862,0,253452984,
mcs30_r01_s35.A05,mcs30_r01_s35.B05,ll_lum,20,27,314459027,50.5737,0,35,19520405,3.10894,207255562,207255562,0,164225182,
mcs30_r01_s35.A06,mcs30_r01_s35.B06,ll_lum,20,24,612275553,102.78,0,35,27752041,4.43547,396303633,396303633,0,316183665,
mcs30_r01_s35.A07,mcs30_r01_s35.B07,ll_lum,20,24,437357813,73.5841,0,35,48558524,8.14555,282311944,282311944,0,224785599,
mcs30_r01_s35.A08,mcs30_r01_s35.B08,ll_lum,21,26,470792719,76.2972,0,35,440525114,71.403,308350852,308350852,0,245639376,
mcs30_r01_s35.A09,mcs30_r01_s35.B09,ll_lum,20,27,1087228352,177.746,0,35,463580565,74.198,695285911,695285911,0,552530268,
mcs30_r01_s40.A00,mcs30_r01_s40.B00,ll_lum,22,24,5526095883,1000.02,1,40,3207819365,571.915,3535134996,3535134996,0,2918669637,
mcs30_r01_s40.A01,mcs30_r01_s40.B01,ll_lum,22,26,3339355327,569.045,0,40,164230845,27.8308,2188389413,2188389413,0,1753822191,
mcs30_r01_s40.A02,mcs30_r01_s40.B02,ll_lum,23,27,4205927160,721.113,0,40,4147959067,711.684,2763747091,2763747091,0,2229956379,
mcs30_r01_s40.A03,mcs30_r01_s40.B03,ll_lum,22,28,5517364913,1000.02,1,40,4035894255,726.492,3505467424,3505467424,0,2891036795,
mcs30_r01_s40.A04,mcs30_r01_s40.B04,ll_lum,21,31,5595532861,1000.01,1,40,724579,0.121518,3589229177,3589229177,0,2993682773,
mcs30_r01_s40.A05,mcs30_r01_s40.B05,ll_lum,22,28,5707567181,1000.02,1,40,46656934,7.979,3687945041,3687945041,0,2981868618,
mcs30_r01_s40.A06,mcs30_r01_s40.B06,ll_lum,21,24,5568477153,1000.02,1,40,96715416,16.8614,3569546880,3569546880,0,2936236619,
mcs30_r01_s40.A07,mcs30_r01_s40.B07,ll_lum,21,27,5520523913,1000.01,1,40,468037800,79.7914,3495273394,3495273394,0,2907709458,
mcs30_r01_s40.A08,mcs30_r01_s40.B08,ll_lum,22,27,4990561327,1000.02,1,40,2093773947,414.816,3218277626,3218277626,0,2679591572,
mcs30_r01_s40.A09,mcs30_r01_s40.B09,ll_lum,21,31,4887928761,1000.01,1,40,70538804,13.8895,3116773802,3116773802,0,2554677176,
mcs30_r01_s50.A00,mcs30_r01_s50.B00,ll_lum,23,27,5332887196,1000.01,1,50,823602665,153.504,3333803458,3333803458,0,2833230821,
mcs30_r01_s50.A01,mcs30_r01_s50.B01,ll_lum,22,29,5285322818,1000.02,1,50,50787527,9.11579,3284061679,3284061679,0,2786456401,
mcs30_r01_s50.A02,mcs30_r01_s50.B02,ll_lum,23,30,4602213088,1000.02,1,50,254562974,53.6629,2888988381,2888988381,0,2473313563,
mcs30_r01_s50.A03,mcs30_r01_s50.B03,ll_lum,23,35,5222643479,1000.01,1,50,922701598,171.155,3321200109,3321200109,0,2818621983,
mcs30_r01_s50.A04,mcs30_r01_s50.B04,ll_lum,23,33,5270317216,1000.01,1,50,617767308,114.141,3289373900,3289373900,0,2738326046,
mcs30_r01_s50.A05,mcs30_r01_s50.B05,ll_lum,23,31,5267465228,1000.01,1,50,63608633,11.485,3288100851,3288100851,0,2782060041,
mcs30_r01_s50.A06,mcs30_r01_s50.B06,ll_lum,23,34,5390135959,1000.02,1,50,2858674563,521.658,3353474489,3353474489,0,2825353205,
mcs30_r01_s50.A07,mcs30_r01_s50.B07,ll_lum,23,29,5317931178,1000.02,1,50,63256033,11.2238,3325543367,3325543367,0,2796156781,
mcs30_r01_s50.A08,mcs30_r01_s50.B08,ll_lum,24,27,5240310073,1000.02,1,50,2369211867,453.515,3317086227,3317086227,0,2831438748,
mcs30_r01_s50.A09,mcs30_r01_s50.B09,ll_lum,23,27,5244066471,1000.02,1,50,419262359,76.7197,3266212469,3266212469,0,2764686319,
mcs30_r01_s60.A00,mcs30_r01_s60.B00,ll_lum,24,35,5050981387,1000.01,1,60,395178047,74.5429,3084207094,3084207094,0,2689332960,
mcs30_r01_s60.A01,mcs30_r01_s60.B01,ll_lum,24,34,5076220321,1000.02,1,60,410176072,77.7086,3124516362,3124516362,0,2704108035,
mcs30_r01_s60.A02,mcs30_r01_s60.B02,ll_lum,24,29,4937886772,1000.02,1,60,129187771,24.7319,2991601995,2991601995,0,2575320949,
mcs30_r01_s60.A03,mcs30_r01_s60.B03,ll_lum,25,37,4853488330,1000.02,1,60,281897594,55.6075,3000627409,3000627409,0,2592765946,
mcs30_r01_s60.A04,mcs30_r01_s60.B04,ll_lum,24,32,5018628994,1000.02,1,60,830332031,159.481,3083453001,3083453001,0,2663586447,
mcs30_r01_s60.A05,mcs30_r01_s60.B05,ll_lum,25,36,4976976469,1000.02,1,60,341700315,65.091,3108138196,3108138196,0,2701776092,
mcs30_r01_s60.A06,mcs30_r01_s60.B06,ll_lum,24,32,5140724575,1000.01,1,60,542932292,102.951,3175436656,3175436656,0,2725597710,
mcs30_r01_s60.A07,mcs30_r01_s60.B07,ll_lum,25,32,4876617394,1000.01,1,60,419864130,81.1378,3008097499,3008097499,0,2627365358,
mcs30_r01_s60.A08,mcs30_r01_s60.B08,ll_lum,24,35,5133323954,1000.01,1,60,5300425,0.94504,3158692310,3158692310,0,2724044981,
mcs30_r01_s60.A09,mcs30_r01_s60.B09,ll_lum,25,41,5155404159,1000.01,1,60,4443342551,854.63,3209258616,3209258616,0,2764586993,
mcs30_r01_s70.A00,mcs30_r01_s70.B00,ll_lum,26,42,4733748008,1000.02,1,70,168879355,33.3951,2845844693,2845844693,0,2467120238,
mcs30_r01_s70.A01,mcs30_r01_s70.B01,ll_lum,25,37,4786102822,1000.02,1,70,689547,0.139193,2865658458,2865658458,0,2523577722,
mcs30_r01_s70.A02,mcs30_r01_s70.B02,ll_lum,25,34,4892059291,1000.02,1,70,12789067,2.51381,2974364212,2974364212,0,2581240732,
mcs30_r01_s70.A03,mcs30_r01_s70.B03,ll_lum,25,31,4907438122,1000.02,1,70,1252164957,242.444,2952946897,2952946897,0,2539850363,
mcs30_r01_s70.A04,mcs30_r01_s70.B04,ll_lum,26,33,4789732711,1000.02,1,70,1842377936,372.805,2878284505,2878284505,0,2498909220,
mcs30_r01_s70.A05,mcs30_r01_s70.B05,ll_lum,26,38,4731009779,1000.02,1,70,1064601435,208.85,2910174804,2910174804,0,2534505259,
mcs30_r01_s70.A06,mcs30_r01_s70.B06,ll_lum,25,42,4808899825,1000.02,1,70,421927389,84.5718,2907719968,2907719968,0,2550215670,
mcs30_r01_s70.A07,mcs30_r01_s70.B07,ll_lum,25,32,4913789892,1000.02,1,70,134648105,25.6985,2929480470,2929480470,0,2485657314,
mcs30_r01_s70.A08,mcs30_r01_s70.B08,ll_lum,27,33,4557215687,1000.01,1,70,1830956199,390.069,2769775003,2769775003,0,2413140622,
mcs30_r01_s70.A09,mcs30_r01_s70.B09,ll_lum,25,40,4843093268,1000.02,1,70,19804615,3.77361,2932525807,2932525807,0,2561935175,
mcs30_r01_s80.A00,mcs30_r01_s80.B00,ll_lum,27,44,4600992398,1000.02,1,80,601694670,125.178,2768717711,2768717711,0,2451062829,
mcs30_r01_s80.A01,mcs30_r01_s80.B01,ll_lum,26,37,4792974645,1000.02,1,80,688232469,141.087,2902919483,2902919483,0,2571511779,
mcs30_r01_s80.A02,mcs30_r01_s80.B02,ll_lum,26,39,4828675712,1000.01,1,80,62751024,12.8303,2906826030,2906826030,0,2539955063,
mcs30_r01_s80.A03,mcs30_r01_s80.B03,ll_lum,26,41,4705371784,1000.02,1,80,9407462,1.92726,2765297738,2765297738,0,2439131115,
mcs30_r01_s80.A04,mcs30_r01_s80.B04,ll_lum,26,38,4602463410,1000.02,1,80,667849375,140.082,2732725848,2732725848,0,2437504350,
mcs30_r01_s80.A05,mcs30_r01_s80.B05,ll_lum,26,37,4670283082,1000.01,1,80,110315663,23.7137,2752132747,2752132747,0,2405947803,
mcs30_r01_s80.A06,mcs30_r01_s80.B06,ll_lum,26,40,4625937142,1000.02,1,80,992493909,207.188,2753998887,2753998887,0,2425401465,
mcs30_r01_s80.A07,mcs30_r01_s80.B07,ll_lum,27,35,4759598907,1000.02,1,80,2077948514,422.503,2843701948,2843701948,0,2483003531,
mcs30_r01_s80.A08,mcs30_r01_s80.B08,ll_lum,26,32,4779959921,1000.02,1,80,1380090537,290.43,2864316021,2864316021,0,2512207819,
mcs30_r01_s80.A09,mcs30_r01_s80.B09,ll_lum,26,37,4628947776,1000.01,1,80,495478289,103.843,2742290680,2742290680,0,2433015070,
mcs30_r01_s90.A00,mcs30_r01_s90.B00,ll_lum,27,40,4670116417,1000.01,1,90,178402852,34.9819,2776140895,2776140895,0,2483704606,
mcs30_r01_s90.A01,mcs30_r01_s90.B01,ll_lum,27,45,4493169714,1000.02,1,90,186576432,40.5721,2650403448,2650403448,0,2334469130,
mcs30_r01_s90.A02,mcs30_r01_s90.B02,ll_lum,29,39,4484705726,1000.02,1,90,3917311433,866.414,2689273559,2689273559,0,2362761814,
mcs30_r01_s90.A03,mcs30_r01_s90.B03,ll_lum,27,40,4189127276,1000.01,1,90,971467755,221.419,2432773339,2432773339,0,2148037269,
mcs30_r01_s90.A04,mcs30_r01_s90.B04,ll_lum,26,42,4507268378,1000.02,1,90,1059880364,229.997,2628352012,2628352012,0,2276286978,
mcs30_r01_s90.A05,mcs30_r01_s90.B05,ll_lum,27,39,4390461189,1000.02,1,90,613659117,134.327,2650494108,2650494108,0,2346497636,
mcs30_r01_s90.A06,mcs30_r01_s90.B06,ll_lum,28,36,4549383260,1000.02,1,90,3076135019,676.754,2674853932,2674853932,0,2375695933,
mcs30_r01_s90.A07,mcs30_r01_s90.B07,ll_lum,28,38,4425537427,1000.01,1,90,940424284,199.729,2602178419,2602178419,0,2316642456,
mcs30_r01_s90.A08,mcs30_r01_s90.B08,ll_lum,27,52,4558059488,1000.02,1,90,1997921458,435.274,2684800679,2684800679,0,2390246589,
mcs30_r01_s90.A09,mcs30_r01_s90.B09,ll_lum,26,41,4432209060,1000.02,1,90,17459845,3.73115,2629611730,2629611730,0,2350334253,
mcs30_r02_s10.A00,mcs30_r02_s10.B00,ll_lum,7,8,281,6.7121e-05,0,10,19,7.462e-06,191,191,0,145,
mcs30_r02_s10.A01,mcs30_r02_s10.B01,ll_lum,8,10,367,8.0962e-05,0,10,250,3.958e-05,245,245,0,173,
mcs30_r02_s10.A02,mcs30_r02_s10.B02,ll_lum,8,11,269,6.1563e-05,0,10,246,3.6876e-05,175,175,0,119,
mcs30_r02_s10.A03,mcs30_r02_s10.B03,ll_lum,8,10,751,0.000131268,0,10,737,0.000104288,475,475,0,322,
mcs30_r02_s10.A04,mcs30_r02_s10.B04,ll_lum,7,9,497,9.3129e-05,0,10,24,8.072e-06,314,314,0,200,
mcs30_r02_s10.A05,mcs30_r02_s10.B05,ll_lum,8,10,388,7.9831e-05,0,10,369,5.1988e-05,254,254,0,182,
mcs30_r02_s10.A06,mcs30_r02_s10.B06,ll_lum,7,7,416,8.7282e-05,0,10,68,1.281e-05,287,287,0,206,
mcs30_r02_s10.A07,mcs30_r02_s10.B07,ll_lum,7,9,493,8.3756e-05,0,10,114,1.7246e-05,323,323,0,213,
mcs30_r02_s10.A08,mcs30_r02_s10.B08,ll_lum,8,11,122,4.8433e-05,0,10,28,8.383e-06,88,88,0,55,
mcs30_r02_s10.A09,mcs30_r02_s10.B09,ll_lum,7,9,787,0.000128393,0,10,104,1.984e-05,517,517,0,369,
mcs30_r02_s100.A00,mcs30_r02_s100.B00,ll_lum,19,56,3976531891,1000.01,1,100,1873672,0.414053,2102863637,2102863637,0,2038511692,
mcs30_r02_s100.A01,mcs30_r02_s100.B01,ll_lum,19,47,3997614609,1000.01,1,100,14254843,3.22553,2107956607,2107956607,0,2038506248,
mcs30_r02_s100.A02,mcs30_r02_s100.B02,ll_lum,20,60,2951055108,1000.01,1,100,1895814674,621.516,1561340452,1561340452,0,1509147865,
mcs30_r02_s100.A03,mcs30_r02_s100.B03,ll_lum,20,50,3948552949,1000.01,1,100,2795451462,692.563,2087035611,2087035611,0,2025464165,
mcs30_r02_s100.A04,mcs30_r02_s100.B04,ll_lum,20,55,3736442893,1000.02,1,100,42617139,10.0954,1988751229,1988751229,0,1931510177,
mcs30_r02_s100.A05,mcs30_r02_s100.B05,ll_lum,20,53,4038842325,1000.02,1,100,3913415696,966.701,2128049168,2128049168,0,2057575384,
mcs30_r02_s100.A06,mcs30_r02_s100.B06,ll_lum,20,64,3978544832,1000.02,1,100,3430560137,852.521,2094677964,2094677964,0,2030529884,
mcs30_r02_s100.A07,mcs30_r02_s100.B07,ll_lum,20,61,3688426284,1000.01,1,100,734414477,184.139,1948396116,1948396116,0,1890439541,
mcs30_r02_s100.A08,mcs30_r02_s100.B08,ll_lum,20,43,3972058213,1000.02,1,100,3323468856,826.494,2104911048,2104911048,0,2030363010,
mcs30_r02_s100.A09,mcs30_r02_s100.B09,ll_lum,20,61,3880831252,1000.02,1,100,2841069385,717.01,2040913736,2040913736,0,1985279056,
mcs30_r02_s15.A00,mcs30_r02_s15.B00,ll_lum,10,15,7645,0.00119643,0,15,4784,0.000719248,5115,5115,0,3970,
mcs30_r02_s15.A01,mcs30_r02_s15.B01,ll_lum,10,16,8650,0.00131483,0,15,1507,0.000211317,5575,5575,0,4196,
mcs30_r02_s15.A02,mcs30_r02_s15.B02,ll_lum,10,18,6019,0.000979685,0,15,821,0.000133561,4077,4077,0,3330,
mcs30_r02_s15.A03,mcs30_r02_s15.B03,ll_lum,10,15,5654,0.00088897,0,15,879,0.000134673,3710,3710,0,2718,
mcs30_r02_s15.A04,mcs30_r02_s15.B04,ll_lum,10,14,9519,0.00152004,0,15,232,4.7461e-05,6279,6279,0,4867,
mcs30_r02_s15.A05,mcs30_r02_s15.B05,ll_lum,10,17,9381,0.00159374,0,15,2287,0.000343735,5979,5979,0,4468,
mcs30_r02_s15.A06,mcs30_r02_s15.B06,ll_lum,10,16,6437,0.00106167,0,15,584,9.4773e-05,4333,4333,0,3569,
mcs30_r02_s15.A07,mcs30_r02_s15.B07,ll_lum,10,14,8501,0.00138536,0,15,3327,0.000516059,5559,5559,0,4425,
mcs30_r02_s15.A08,mcs30_r02_s15.B08,ll_lum,10,16,8606,0.00149301,0,15,816,0.000283095,5587,5587,0,4385,
mcs30_r02_s15.A09,mcs30_r02_s15.B09,ll_lum,10,13,11961,0.00177229,0,15,8924,0.00129069,7699,7699,0,6244,
mcs30_r02_s20.A00,mcs30_r02_s20.B00,ll_lum,12,22,261136,0.0445754,0,20,117233,0.0193277,160377,160377,0,131073,
mcs30_r02_s20.A01,mcs30_r02_s20.B01,ll_lum,12,21,206819,0.0361386,0,20,99145,0.0169524,130394,130394,0,108384,
mcs30_r02_s20.A02,mcs30_r02_s20.B02,ll_lum,12,18,123012,0.0238276,0,20,7946,0.00147191,79005,79005,0,67016,
mcs30_r02_s20.A03,mcs30_r02_s20.B03,ll_lum,12,26,166940,0.0287188,0,20,23515,0.00380576,105756,105756,0,83714,
mcs30_r02_s20.A04,mcs30_r02_s20.B04,ll_lum,12,21,124964,0.0220207,0,20,46693,0.00819597,80045,80045,0,65082,
mcs30_r02_s20.A05,mcs30_r02_s20.B05,ll_lum,12,21,298978,0.0492552,0,20,222721,0.0362778,185975,185975,0,145494,
mcs30_r02_s20.A06,mcs30_r02_s20.B06,ll_lum,12,23,136280,0.0239842,0,20,24284,0.00412807,88014,88014,0,73629,
mcs30_r02_s20.A07,mcs30_r02_s20.B07,ll_lum,12,17,163895,0.0278019,0,20,13827,0.00225904,104412,104412,0,82333,
mcs30_r02_s20.A08,mcs30_r02_s20.B08,ll_lum,12,18,153893,0.0263998,0,20,24659,0.00393168,97969,97969,0,79342,
mcs30_r02_s20.A09,mcs30_r02_s20.B09,ll_lum,12,23,214049,0.0364609,0,20,23166,0.00371114,134469,134469,0,108133,
mcs30_r02_s25.A00,mcs30_r02_s25.B00,ll_lum,14,25,2620063,0.487865,0,25,1871889,0.346634,1627055,1627055,0,1347627,
mcs30_r02_s25.A01,mcs30_r02_s25.B01,ll_lum,13,25,6692890,1.23302,0,25,516314,0.0898219,4114661,4114661,0,3480086,
mcs30_r02_s25.A02,mcs30_r02_s25.B02,ll_lum,13,23,6372147,1.1578,0,25,20983,0.00362194,3900868,3900868,0,3274450,
mcs30_r02_s25.A03,mcs30_r02_s25.B03,ll_lum,13,22,5457435,1.03204,0,25,746472,0.133973,3372759,3372759,0,2882155,
mcs30_r02_s25.A04,mcs30_r02_s25.B04,ll_lum,13,29,5052497,0.932298,0,25,135633,0.0232845,3122958,3122958,0,2629983,
mcs30_r02_s25.A05,mcs30_r02_s25.B05,ll_lum,13,19,4377857,0.791767,0,25,621996,0.108053,2754801,2754801,0,2304690,
mcs30_r02_s25.A06,mcs30_r02_s25.B06,ll_lum,13,24,5392455,1.08575,0,25,425629,0.0805072,3339923,3339923,0,2783533,
mcs30_r02_s25.A07,mcs30_r02_s25.B07,ll_lum,13,24,4487437,0.842191,0,25,63257,0.0114487,2790536,2790536,0,2329538,
mcs30_r02_s25.A08,mcs30_r02_s25.B08,ll_lum,13,26,4585905,0.856399,0,25,62783,0.0115101,2852900,2852900,0,2392646,
mcs30_r02_s25.A09,mcs30_r02_s25.B09,ll_lum,13,18,6169667,1.16085,0,25,661429,0.117103,3798122,3798122,0,3242384,
mcs30_r02_s30.A00,mcs30_r02_s30.B00,ll_lum,14,30,85697267,17.2427,0,30,339695,0.0656417,52487208,52487208,0,45583426,
mcs30_r02_s30.A01,mcs30_r02_s30.B01,ll_lum,15,23,89592570,17.294,0,30,79999384,15.4071,54245237,54245237,0,46197242,
mcs30_r02_s30.A02,mcs30_r02_s30.B02,ll_lum,15,33,40612016,8.55386,0,30,8328012,1.68274,25065955,25065955,0,22041879,
mcs30_r02_s30.A03,mcs30_r02_s30.B03,ll_lum,14,31,95064349,19.1316,0,30,584936,0.111532,57879168,57879168,0,49857082,
mcs30_r02_s30.A04,mcs30_r02_s30.B04,ll_lum,15,30,70194183,14.3517,0,30,55454208,11.2121,42659957,42659957,0,37406105,
mcs30_r02_s30.A05,mcs30_r02_s30.B05,ll_lum,14,25,138825311,27.3966,0,30,4230792,0.787866,83865182,83865182,0,72362474,
mcs30_r02_s30.A06,mcs30_r02_s30.B06,ll_lum,15,28,80112165,17.5292,0,30,74988558,16.3833,48685769,48685769,0,42585122,
mcs30_r02_s30.A07,mcs30_r02_s30.B07,ll_lum,14,25,80270636,16.3391,0,30,437932,0.0854348,49067927,49067927,0,42477036,
mcs30_r02_s30.A08,mcs30_r02_s30.B08,ll_lum,14,26,102444448,20.4739,0,30,9282,0.00165917,62405023,62405023,0,54301403,
mcs30_r02_s30.A09,mcs30_r02_s30.B09,ll_lum,14,26,112338609,22.5193,0,30,2181680,0.410497,68383812,68383812,0,59551623,
mcs30_r02_s35.A00,mcs30_r02_s35.B00,ll_lum,16,36,524120049,116.191,0,35,130152328,28.097,319786952,319786952,0,286321152,
mcs30_r02_s35.A01,mcs30_r02_s35.B01,ll_lum,15,36,1119176086,240.236,0,35,37480487,7.59194,673901535,673901535,0,595122587,
mcs30_r02_s35.A02,mcs30_r02_s35.B02,ll_lum,16,30,438069038,96.4335,0,35,49063898,10.3006,268237794,268237794,0,238326881,
mcs30_r02_s35.A03,mcs30_r02_s35.B03,ll_lum,15,37,1091416239,230.544,0,35,6912475,1.38323,661843478,661843478,0,586455442,
mcs30_r02_s35.A04,mcs30_r02_s35.B04,ll_lum,16,29,471921636,105.319,0,35,194366458,42.7036,287125434,287125434,0,255630530,
mcs30_r02_s35.A05,mcs30_r02_s35.B05,ll_lum,16,31,739853235,175.09,0,35,369945784,85.5819,446624416,446624416,0,400420456,
mcs30_r02_s35.A06,mcs30_r02_s35.B06,ll_lum,16,40,653330155,154.727,0,35,52293267,11.8353,396725596,396725596,0,351314738,
mcs30_r02_s35.A07,mcs30_r02_s35.B07,ll_lum,16,38,472807999,107.718,0,35,60091053,12.9758,286514411,286514411,0,257155326,
mcs30_r02_s35.A08,mcs30_r02_s35.B08,ll_lum,15,34,1010198298,214.912,0,35,856083,0.171817,610051912,610051912,0,535976627,
mcs30_r02_s35.A09,mcs30_r02_s35.B09,ll_lum,16,31,814768911,175.181,0,35,585578123,123.971,491901306,491901306,0,438032423,
mcs30_r02_s40.A00,mcs30_r02_s40.B00,ll_lum,16,33,4411886264,1000.01,1,40,63412286,13.5885,2597686742,2597686742,0,2341475057,
mcs30_r02_s40.A01,mcs30_r02_s40.B01,ll_lum,16,32,4428040869,1000.01,1,40,100751584,21.3159,2603935982,2603935982,0,2352771533,
mcs30_r02_s40.A02,mcs30_r02_s40.B02,ll_lum,16,32,4360019663,1000.01,1,40,92222160,19.7301,2581771471,2581771471,0,2343482782,
mcs30_r02_s40.A03,mcs30_r02_s40.B03,ll_lum,16,27,4473613740,1000.02,1,40,50807254,10.7987,2644726878,2644726878,0,2397205725,
mcs30_r02_s40.A04,mcs30_r02_s40.B04,ll_lum,16,34,4357070618,1000.02,1,40,35257489,7.70492,2576643666,2576643666,0,2331505341,
mcs30_r02_s40.A05,mcs30_r02_s40.B05,ll_lum,17,34,4173133970,1000.01,1,40,250452786,57.3258,2517728145,2517728145,0,2296438944,
mcs30_r02_s40.A06,mcs30_r02_s40.B06,ll_lum,16,38,2187198854,1000.02,1,40,6734753,2.90858,1290204128,1290204128,0,1177117242,
mcs30_r02_s40.A07,mcs30_r02_s40.B07,ll_lum,16,40,4350137557,1000.01,1,40,10848640,2.31139,2587443983,2587443983,0,2352165748,
mcs30_r02_s40.A08,mcs30_r02_s40.B08,ll_lum,17,33,4450396025,1000.02,1,40,3944267691,882.444,2667905077,2667905077,0,2388811736,
mcs30_r02_s40.A09,mcs30_r02_s40.B09,ll_lum,16,32,4376535342,1000.01,1,40,270263546,58.1944,2596837445,2596837445,0,2352295927,
mcs30_r02_s50.A00,mcs30_r02_s50.B00,ll_lum,17,41,4072280568,1000.02,1,50,130675920,30.2046,2341367314,2341367314,0,2170173547,
mcs30_r02_s50.A01,mcs30_r02_s50.B01,ll_lum,17,34,4122958876,1000.01,1,50,208499727,47.3786,2375183949,2375183949,0,2213849550,
mcs30_r02_s50.A02,mcs30_r02_s50.B02,ll_lum,17,35,4174682239,1000.01,1,50,7283865,1.65619,2422922670,2422922670,0,2241730152,
mcs30_r02_s50.A03,mcs30_r02_s50.B03,ll_lum,17,40,4169111813,1000.02,1,50,463467458,103.89,2390383402,2390383402,0,2207816692,
mcs30_r02_s50.A04,mcs30_r02_s50.B04,ll_lum,17,40,2005549026,1000.02,1,50,245101915,116.001,1154015813,1154015813,0,1071076844,
mcs30_r02_s50.A05,mcs30_r02_s50.B05,ll_lum,17,31,2090838559,1000.02,1,50,77249496,34.5658,1205198789,1205198789,0,1117085069,
mcs30_r02_s50.A06,mcs30_r02_s50.B06,ll_lum,17,40,2092587233,1000.03,1,50,17928909,7.9962,1211304488,1211304488,0,1116569226,
mcs30_r02_s50.A07,mcs30_r02_s50.B07,ll_lum,18,38,2051737421,1000.02,1,50,1623306719,781.881,1171721688,1171721688,0,1086101389,
mcs30_r02_s50.A08,mcs30_r02_s50.B08,ll_lum,17,38,2089399892,1000.02,1,50,15689309,7.1018,1211486151,1211486151,0,1109202117,
mcs30_r02_s50.A09,mcs30_r02_s50.B09,ll_lum,17,40,4177739309,1000.01,1,50,752641954,170.049,2409112108,2409112108,0,2225752327,
mcs30_r02_s60.A00,mcs30_r02_s60.B00,ll_lum,18,43,3951306434,1000.01,1,60,630291713,149.6,2210006066,2210006066,0,2089066753,
mcs30_r02_s60.A01,mcs30_r02_s60.B01,ll_lum,18,37,3959668498,1000.02,1,60,212036890,49.2144,2236789489,2236789489,0,2102973820,
mcs30_r02_s60.A02,mcs30_r02_s60.B02,ll_lum,18,41,4135267626,1000.01,1,60,2785036267,654.798,2306353965,2306353965,0,2161420462,
mcs30_r02_s60.A03,mcs30_r02_s60.B03,ll_lum,18,44,3965413684,1000.01,1,60,1072497501,256.757,2207427588,2207427588,0,2092944257,
mcs30_r02_s60.A04,mcs30_r02_s60.B04,ll_lum,18,44,3923277607,1000.03,1,60,115848639,26.879,2215943221,2215943221,0,2085557981,
mcs30_r02_s60.A05,mcs30_r02_s60.B05,ll_lum,18,40,3934337810,1000.02,1,60,157808801,37.0648,2220724546,2220724546,0,2085360385,
mcs30_r02_s60.A06,mcs30_r02_s60.B06,ll_lum,17,40,3909545004,1000.02,1,60,38733685,9.06417,2167948668,2167948668,0,2041857437,
mcs30_r02_s60.A07,mcs30_r02_s60.B07,ll_lum,18,42,3709373208,1000.02,1,60,223789307,55.7353,2084693963,2084693963,0,1965354071,
mcs30_r02_s60.A08,mcs30_r02_s60.B08,ll_lum,18,41,3967814244,1000.01,1,60,1139577090,269.424,2224156863,2224156863,0,2087069868,
mcs30_r02_s60.A09,mcs30_r02_s60.B09,ll_lum,18,46,4040546894,1000.03,1,60,3171482126,771.291,2278760033,2278760033,0,2113436604,
mcs30_r02_s70.A00,mcs30_r02_s70.B00,ll_lum,18,51,3942236090,1000.02,1,70,21941573,5.13755,2152412386,2152412386,0,2058093528,
mcs30_r02_s70.A01,mcs30_r02_s70.B01,ll_lum,19,45,3867988372,1000.02,1,70,2541755098,643.081,2129293260,2129293260,0,2017426054,
mcs30_r02_s70.A02,mcs30_r02_s70.B02,ll_lum,19,40,2973290927,1000.02,1,70,2893274270,971.422,1650577049,1650577049,0,1560534528,
mcs30_r02_s70.A03,mcs30_r02_s70.B03,ll_lum,18,47,4001401142,1000.01,1,70,4924825,1.12305,2192311505,2192311505,0,2090500989,
mcs30_r02_s70.A04,mcs30_r02_s70.B04,ll_lum,18,41,4007109923,1000.02,1,70,56322404,13.5756,2207749036,2207749036,0,2093888120,
mcs30_r02_s70.A05,mcs30_r02_s70.B05,ll_lum,18,42,3909247789,1000.01,1,70,9815130,2.25542,2140121766,2140121766,0,2038934562,
mcs30_r02_s70.A06,mcs30_r02_s70.B06,ll_lum,18,40,4055388266,1000.01,1,70,102779110,23.7661,2217215819,2217215819,0,2107288340,
mcs30_r02_s70.A07,mcs30_r02_s70.B07,ll_lum,18,50,3842757310,1000.01,1,70,159900295,38.479,2102269472,2102269472,0,1969606854,
mcs30_r02_s70.A08,mcs30_r02_s70.B08,ll_lum,19,49,3669218745,1000.01,1,70,507460777,125.021,2034617101,2034617101,0,1938502167,
mcs30_r02_s70.A09,mcs30_r02_s70.B09,ll_lum,19,53,3887048721,1000.02,1,70,1696616077,422.156,2123627446,2123627446,0,2030713871,
mcs30_r02_s80.A00,mcs30_r02_s80.B00,ll_lum,19,41,3907011913,1000.02,1,80,2330082658,579.465,2126740982,2126740982,0,2035600895,
mcs30_r02_s80.A01,mcs30_r02_s80.B01,ll_lum,18,54,2009221045,1000.01,1,80,12931724,5.74831,1079081319,1079081319,0,1032767707,
mcs30_r02_s80.A02,mcs30_r02_s80.B02,ll_lum,18,46,4108197719,1000.01,1,80,16249626,3.58644,2212171586,2212171586,0,2107010961,
mcs30_r02_s80.A03,mcs30_r02_s80.B03,ll_lum,19,48,3924539185,1000.02,1,80,1119237811,268.822,2123810823,2123810823,0,2036627703,
mcs30_r02_s80.A04,mcs30_r02_s80.B04,ll_lum,19,40,3724026141,1000.01,1,80,23003873,5.4543,2011938046,2011938046,0,1945328969,
mcs30_r02_s80.A05,mcs30_r02_s80.B05,ll_lum,19,42,3859859726,1000.02,1,80,693083913,171.062,2083310134,2083310134,0,2002514691,
mcs30_r02_s80.A06,mcs30_r02_s80.B06,ll_lum,19,49,4050139218,1000.01,1,80,3558459955,871.109,2186042790,2186042790,0,2091284217,
mcs30_r02_s80.A07,mcs30_r02_s80.B07,ll_lum,19,51,3939105468,1000.02,1,80,2376126949,582.432,2126713069,2126713069,0,2039171381,
mcs30_r02_s80.A08,mcs30_r02_s80.B08,ll_lum,19,39,3908981440,1000.01,1,80,616521664,146.181,2107261203,2107261203,0,2024854112,
mcs30_r02_s80.A09,mcs30_r02_s80.B09,ll_lum,19,47,3807019919,1000.02,1,80,513830803,124.732,2058937616,2058937616,0,1988429765,
mcs30_r02_s90.A00,mcs30_r02_s90.B00,ll_lum,19,47,3925516756,1000.02,1,90,12490719,2.82479,2093383719,2093383719,0,2018967082,
mcs30_r02_s90.A01,mcs30_r02_s90.B01,ll_lum,19,45,3895737234,1000.02,1,90,39814406,9.18089,2081007422,2081007422,0,2010501422,
mcs30_r02_s90.A02,mcs30_r02_s90.B02,ll_lum,20,58,3605085840,1000.02,1,90,764818564,199.663,1933855250,1933855250,0,1872940492,
mcs30_r02_s90.A03,mcs30_r02_s90.B03,ll_lum,19,53,1928652407,1000.02,1,90,67372368,32.327,1022358257,1022358257,0,988104617,
mcs30_r02_s90.A04,mcs30_r02_s90.B04,ll_lum,19,56,3649826127,1000.02,1,90,723781,0.152059,1946721543,1946721543,0,1875739415,
mcs30_r02_s90.A05,mcs30_r02_s90.B05,ll_lum,19,53,3870476778,1000.02,1,90,6608260,1.45641,2070799177,2070799177,0,2000731262,
mcs30_r02_s90.A06,mcs30_r02_s90.B06,ll_lum,19,45,3886882568,1000.01,1,90,20583248,4.66106,2070793323,2070793323,0,1997325699,
mcs30_r02_s90.A07,mcs30_r02_s90.B07,ll_lum,19,56,3960702071,1000.01,1,90,4604396,1.05572,2106958524,2106958524,0,2033479530,
mcs30_r02_s90.A08,mcs30_r02_s90.B08,ll_lum,19,48,3840208944,1000.02,1,90,32246526,7.50498,2060226150,2060226150,0,1987491826,
mcs30_r02_s90.A09,mcs30_r02_s90.B09,ll_lum,19,48,3979168475,1000.02,1,90,70054783,16.1359,2118773735,2118773735,0,2044216186,
mcs50_b03_s10.A00,mcs50_b03_s10.B00,ll_lum,8,10,147,5.4252e-05,0,10,24,8.332e-06,102,102,0,74,
mcs50_b03_s10.A01,mcs50_b03_s10.B01,ll_lum,9,11,36,3.6004e-05,0,10,14,6.97e-06,26,26,0,16,
mcs50_b03_s10.A02,mcs50_b03_s10.B02,ll_lum,7,9,546,9.3401e-05,0,10,7,4.857e-06,373,373,0,262,
mcs50_b03_s10.A03,mcs50_b03_s10.B03,ll_lum,7,10,471,8.5889e-05,0,10,62,1.0686e-05,332,332,0,241,
mcs50_b03_s10.A04,mcs50_b03_s10.B04,ll_lum,8,9,144,4.5589e-05,0,10,58,1.0957e-05,96,96,0,66,
mcs50_b03_s10.A05,mcs50_b03_s10.B05,ll_lum,7,7,522,8.8433e-05,0,10,18,6.64e-06,350,350,0,245,
mcs50_b03_s10.A06,mcs50_b03_s10.B06,ll_lum,7,8,354,7.5113e-05,0,10,8,5.598e-06,249,249,0,189,
mcs50_b03_s10.A07,mcs50_b03_s10.B07,ll_lum,8,5,444,8.1322e-05,0,10,425,5.2879e-05,282,282,0,160,
mcs50_b03_s10.A08,mcs50_b03_s10.B08,ll_lum,8,8,118,4.2874e-05,0,10,46,9.775e-06,84,84,0,63,
mcs50_b03_s10.A09,mcs50_b03_s10.B09,ll_lum,7,7,461,8.8413e-05,0,10,14,6.45e-06,298,298,0,200,
mcs50_b03_s100.A00,mcs50_b03_s100.B00,ll_lum,70,70,22027801231,1000.02,1,100,2111,0.000318878,17953890012,17953890012,0,14051325699,
mcs50_b03_s100.A01,mcs50_b03_s100.B01,ll_lum,70,59,7051647941,1000.02,1,100,2191476534,286.312,5325693135,5325693135,0,3983624246,
mcs50_b03_s100.A02,mcs50_b03_s100.B02,ll_lum,70,60,7751110117,1000.01,1,100,5060454957,637.8,5593595834,5593595834,0,3831933762,
mcs50_b03_s100.A03,mcs50_b03_s100.B03,ll_lum,66,57,6849776984,1000.02,1,100,1662689685,237.419,4921829888,4921829888,0,3457684029,
mcs50_b03_s100.A04,mcs50_b03_s100.B04,ll_lum,75,76,5939748899,1000.01,1,100,249376322,37.7902,4231771693,4231771693,0,3016028239,
mcs50_b03_s100.A05,mcs50_b03_s100.B05,ll_lum,70,61,7175585580,1000.02,1,100,6988154464,968.177,5361608458,5361608458,0,4218739716,
mcs50_b03_s100.A06,mcs50_b03_s100.B06,ll_lum,68,57,6693383298,1000.02,1,100,358609220,52.2246,4798831116,4798831116,0,3465666375,
mcs50_b03_s100.A07,mcs50_b03_s100.B07,ll_lum,71,63,7655773377,1000.02,1,100,6645221292,854.373,5593914431,5593914431,0,3936547278,
mcs50_b03_s100.A08,mcs50_b03_s100.B08,ll_lum,69,55,6587317183,1000.02,1,100,1350284957,188.681,4870168845,4870168845,0,3639132527,
mcs50_b03_s100.A09,mcs50_b03_s100.B09,ll_lum,68,53,8104978448,1000.01,1,100,555551678,74.7826,6626004922,6626004922,0,5336405598,
mcs50_b03_s15.A00,mcs50_b03_s15.B00,ll_lum,11,11,3606,0.000475477,0,15,19,1.1297e-05,2309,2309,0,1611,
mcs50_b03_s15.A01,mcs50_b03_s15.B01,ll_lum,11,11,3871,0.000479744,0,15,126,2.4818e-05,2524,2524,0,1842,
mcs50_b03_s15.A02,mcs50_b03_s15.B02,ll_lum,13,15,385,0.000192057,0,15,314,0.000110965,264,264,0,195,
mcs50_b03_s15.A03,mcs50_b03_s15.B03,ll_lum,12,12,1849,0.000276805,0,15,902,0.000122934,1239,1239,0,891,
mcs50_b03_s15.A04,mcs50_b03_s15.B04,ll_lum,11,9,10314,0.000924769,0,15,9038,0.000769475,7075,7075,0,5193,
mcs50_b03_s15.A05,mcs50_b03_s15.B05,ll_lum,12,16,995,0.000147602,0,15,394,4.9244e-05,644,644,0,417,
mcs50_b03_s15.A06,mcs50_b03_s15.B06,ll_lum,11,9,4679,0.000552842,0,15,825,9.0386e-05,3045,3045,0,2224,
mcs50_b03_s15.A07,mcs50_b03_s15.B07,ll_lum,11,13,3947,0.000494234,0,15,85,1.7156e-05,2511,2511,0,1743,
mcs50_b03_s15.A08,mcs50_b03_s15.B08,ll_lum,12,10,4800,0.000570617,0,15,4615,0.00051864,3415,3415,0,2685,
mcs50_b03_s15.A09,mcs50_b03_s15.B09,ll_lum,11,13,3404,0.000392308,0,15,746,7.3691e-05,2309,2309,0,1655,
mcs50_b03_s20.A00,mcs50_b03_s20.B00,ll_lum,15,15,44233,0.00519997,0,20,914,0.000116655,27159,27159,0,17334,
mcs50_b03_s20.A01,mcs50_b03_s20.B01,ll_lum,15,12,36946,0.00468151,0,20,10833,0.00123454,23569,23569,0,15960,
mcs50_b03_s20.A02,mcs50_b03_s20.B02,ll_lum,14,13,178501,0.0167756,0,20,6676,0.000489356,117504,117504,0,76015,
mcs50_b03_s20.A03,mcs50_b03_s20.B03,ll_lum,16,17,24638,0.00310668,0,20,22807,0.00284377,15658,15658,0,10333,
mcs50_b03_s20.A04,mcs50_b03_s20.B04,ll_lum,15,12,42591,0.00533079,0,20,9859,0.0011045,25707,25707,0,16385,
mcs50_b03_s20.A05,mcs50_b03_s20.B05,ll_lum,16,14,40425,0.00486551,0,20,39404,0.00470813,25666,25666,0,17346,
mcs50_b03_s20.A06,mcs50_b03_s20.B06,ll_lum,16,21,9865,0.0013401,0,20,4532,0.000592282,6172,6172,0,3916,
mcs50_b03_s20.A07,mcs50_b03_s20.B07,ll_lum,15,11,52719,0.00542586,0,20,29768,0.00270791,34031,34031,0,22772,
mcs50_b03_s20.A08,mcs50_b03_s20.B08,ll_lum,16,17,11503,0.00146539,0,20,4115,0.000494743,7177,7177,0,4689,
mcs50_b03_s20.A09,mcs50_b03_s20.B09,ll_lum,16,19,22157,0.00273573,0,20,15162,0.0017711,14080,14080,0,9599,
mcs50_b03_s25.A00,mcs50_b03_s25.B00,ll_lum,19,22,283793,0.0352091,0,25,9949,0.000887391,178125,178125,0,115782,
mcs50_b03_s25.A01,mcs50_b03_s25.B01,ll_lum,19,25,182619,0.0211975,0,25,4469,0.000528504,113956,113956,0,70961,
mcs50_b03_s25.A02,mcs50_b03_s25.B02,ll_lum,19,16,245544,0.0311142,0,25,5214,0.000643999,166428,166428,0,120616,
mcs50_b03_s25.A03,mcs50_b03_s25.B03,ll_lum,19,18,280705,0.0346586,0,25,28217,0.00311227,176528,176528,0,116928,
mcs50_b03_s25.A04,mcs50_b03_s25.B04,ll_lum,18,13,1316939,0.149699,0,25,40280,0.00408302,903290,903290,0,636066,
mcs50_b03_s25.A05,mcs50_b03_s25.B05,ll_lum,19,13,152344,0.0387323,0,25,16144,0.00336885,102877,102877,0,74304,
mcs50_b03_s25.A06,mcs50_b03_s25.B06,ll_lum,19,15,244723,0.0294486,0,25,132375,0.014926,157964,157964,0,109311,
mcs50_b03_s25.A07,mcs50_b03_s25.B07,ll_lum,19,18,217159,0.0275689,0,25,51206,0.00604742,139471,139471,0,94748,
mcs50_b03_s25.A08,mcs50_b03_s25.B08,ll_lum,19,17,267251,0.0331458,0,25,51615,0.00584527,171808,171808,0,115368,
mcs50_b03_s25.A09,mcs50_b03_s25.B09,ll_lum,19,15,210556,0.0259375,0,25,85607,0.0102658,141160,141160,0,99712,
mcs50_b03_s30.A00,mcs50_b03_s30.B00,ll_lum,23,22,2115327,0.267747,0,30,1234391,0.158038,1460048,1460048,0,1055837,
mcs50_b03_s30.A01,mcs50_b03_s30.B01,ll_lum,24,25,619623,0.0812809,0,30,538915,0.0700241,411223,411223,0,303793,
mcs50_b03_s30.A02,mcs50_b03_s30.B02,ll_lum,23,21,1536664,0.195133,0,30,257180,0.0310216,1006265,1006265,0,688750,
mcs50_b03_s30.A03,mcs50_b03_s30.B03,ll_lum,23,21,2257351,0.276224,0,30,798231,0.092355,1522775,1522775,0,1047527,
mcs50_b03_s30.A04,mcs50_b03_s30.B04,ll_lum,23,23,646452,0.0885134,0,30,117,2.9956e-05,436483,436483,0,324715,
mcs50_b03_s30.A05,mcs50_b03_s30.B05,ll_lum,23,22,805021,0.101997,0,30,35312,0.00377967,563080,563080,0,406795,
mcs50_b03_s30.A06,mcs50_b03_s30.B06,ll_lum,23,16,2009400,0.257988,0,30,1129253,0.141843,1302290,1302290,0,905444,
mcs50_b03_s30.A07,mcs50_b03_s30.B07,ll_lum,23,20,2209698,0.27027,0,30,1021921,0.118658,1505682,1505682,0,1038456,
mcs50_b03_s30.A08,mcs50_b03_s30.B08,ll_lum,23,20,1213596,0.320322,0,30,73197,0.0181743,803817,803817,0,563025,
mcs50_b03_s30.A09,mcs50_b03_s30.B09,ll_lum,23,24,4928364,0.622589,0,30,3070386,0.386316,3326431,3326431,0,2347702,
mcs50_b03_s35.A00,mcs50_b03_s35.B00,ll_lum,27,26,7780699,1.0485,0,35,97238,0.0102654,5425219,5425219,0,3984334,
mcs50_b03_s35.A01,mcs50_b03_s35.B01,ll_lum,27,24,21874485,2.67523,0,35,13683255,1.60251,15439510,15439510,0,11164465,
mcs50_b03_s35.A02,mcs50_b03_s35.B02,ll_lum,27,25,23816061,3.30455,0,35,18204953,2.53032,16526617,16526617,0,12733116,
mcs50_b03_s35.A03,mcs50_b03_s35.B03,ll_lum,27,22,7231030,0.964439,0,35,2240362,0.280843,4955911,4955911,0,3635419,
mcs50_b03_s35.A04,mcs50_b03_s35.B04,ll_lum,27,24,10933437,1.4135,0,35,2125271,0.208465,7751485,7751485,0,5775349,
mcs50_b03_s35.A05,mcs50_b03_s35.B05,ll_lum,27,22,22199798,2.95679,0,35,16828705,2.25355,15812894,15812894,0,11768165,
mcs50_b03_s35.A06,mcs50_b03_s35.B06,ll_lum,27,21,12933916,1.63069,0,35,4008580,0.472798,8783878,8783878,0,6119686,
mcs50_b03_s35.A07,mcs50_b03_s35.B07,ll_lum,28,23,5387989,0.746308,0,35,4955475,0.6859,3802847,3802847,0,2871801,
mcs50_b03_s35.A08,mcs50_b03_s35.B08,ll_lum,27,16,52676012,6.64917,0,35,49968062,6.30893,37138344,37138344,0,26994064,
mcs50_b03_s35.A09,mcs50_b03_s35.B09,ll_lum,27,27,40337814,4.8377,0,35,26924192,3.19167,27532542,27532542,0,18895455,
mcs50_b03_s40.A00,mcs50_b03_s40.B00,ll_lum,31,27,169502465,23.3226,0,40,118799509,16.2076,117512043,117512043,0,85976428,
mcs50_b03_s40.A01,mcs50_b03_s40.B01,ll_lum,32,30,63219579,8.66929,0,40,53063202,7.25945,42229787,42229787,0,28609663,
mcs50_b03_s40.A02,mcs50_b03_s40.B02,ll_lum,31,27,479315670,65.3086,0,40,441603101,60.2254,328916471,328916471,0,236170736,
mcs50_b03_s40.A03,mcs50_b03_s40.B03,ll_lum,31,25,65763716,9.00858,0,40,13335565,1.68253,47137074,47137074,0,34590442,
mcs50_b03_s40.A04,mcs50_b03_s40.B04,ll_lum,31,33,293108015,39.873,0,40,258319126,34.9325,206810090,206810090,0,150956490,
mcs50_b03_s40.A05,mcs50_b03_s40.B05,ll_lum,32,28,173627517,24.001,0,40,169936476,23.4746,119839507,119839507,0,86069618,
mcs50_b03_s40.A06,mcs50_b03_s40.B06,ll_lum,31,26,185122501,50.4744,0,40,93662124,24.8312,125787802,125787802,0,89659217,
mcs50_b03_s40.A07,mcs50_b03_s40.B07,ll_lum,31,27,115326467,15.4392,0,40,48582917,6.23897,79499594,79499594,0,55735228,
mcs50_b03_s40.A08,mcs50_b03_s40.B08,ll_lum,31,29,127414474,17.6791,0,40,25490549,3.35142,88533484,88533484,0,64187976,
mcs50_b03_s40.A09,mcs50_b03_s40.B09,ll_lum,31,28,105305884,19.6339,0,40,26374483,4.0841,71767209,71767209,0,48516373,
mcs50_b03_s50.A00,mcs50_b03_s50.B00,ll_lum,38,31,6987105465,1000.02,1,50,1623805182,226.854,4928709460,4928709460,0,3649649925,
mcs50_b03_s50.A01,mcs50_b03_s50.B01,ll_lum,38,35,7265497680,1000.02,1,50,1573350471,206.504,5009695222,5009695222,0,3524631964,
mcs50_b03_s50.A02,mcs50_b03_s50.B02,ll_lum,40,35,5428831235,796.908,0,50,5373404381,788.648,3740410293,3740410293,0,2686925252,
mcs50_b03_s50.A03,mcs50_b03_s50.B03,ll_lum,38,33,7550993711,1000.01,1,50,4221758234,537.051,5147936207,5147936207,0,3538691669,
mcs50_b03_s50.A04,mcs50_b03_s50.B04,ll_lum,38,31,7221588901,1000.01,1,50,2250606216,303.531,5053354833,5053354833,0,3663025441,
mcs50_b03_s50.A05,mcs50_b03_s50.B05,ll_lum,36,33,7456807641,1000.02,1,50,121574408,15.0526,5409235808,5409235808,0,4025029962,
mcs50_b03_s50.A06,mcs50_b03_s50.B06,ll_lum,38,34,7100831030,1000.02,1,50,693868896,92.2789,4917954336,4917954336,0,3461274511,
mcs50_b03_s50.A07,mcs50_b03_s50.B07,ll_lum,39,37,5516261954,811.009,0,50,464948488,62.832,3796720211,3796720211,0,2690173849,
mcs50_b03_s50.A08,mcs50_b03_s50.B08,ll_lum,39,45,6929217043,1000.02,1,50,2587850084,362.863,4734852298,4734852298,0,3339913699,
mcs50_b03_s50.A09,mcs50_b03_s50.B09,ll_lum,38,36,7312573849,1000.01,1,50,3475616895,467.241,5082260611,5082260611,0,3638826922,
mcs50_b03_s60.A00,mcs50_b03_s60.B00,ll_lum,44,41,7105269574,1000.02,1,60,4487183,0.595994,4768136904,4768136904,0,3247281400,
mcs50_b03_s60.A01,mcs50_b03_s60.B01,ll_lum,44,40,6747593519,1000.02,1,60,101438017,13.1755,4805641575,4805641575,0,3474882213,
mcs50_b03_s60.A02,mcs50_b03_s60.B02,ll_lum,44,40,6107796198,1000.01,1,60,6029490132,987.147,4318937262,4318937262,0,3105153084,
mcs50_b03_s60.A03,mcs50_b03_s60.B03,ll_lum,43,43,6587544621,1000.02,1,60,887387363,127.453,4492998448,4492998448,0,3099058424,
mcs50_b03_s60.A04,mcs50_b03_s60.B04,ll_lum,46,41,6663063122,1000.01,1,60,292312603,40.0239,4708700659,4708700659,0,3399204567,
mcs50_b03_s60.A05,mcs50_b03_s60.B05,ll_lum,45,41,7128052472,1000.02,1,60,1120475863,151.049,4825999757,4825999757,0,3257242542,
mcs50_b03_s60.A06,mcs50_b03_s60.B06,ll_lum,46,35,6813380505,1000.01,1,60,171543712,22.7086,4762078688,4762078688,0,3422423300,
mcs50_b03_s60.A07,mcs50_b03_s60.B07,ll_lum,45,39,7156635844,1000.02,1,60,676695183,91.9168,4994283180,4994283180,0,3451119764,
mcs50_b03_s60.A08,mcs50_b03_s60.B08,ll_lum,44,33,6852496749,1000.02,1,60,393022311,52.8272,4709407991,4709407991,0,3300698557,
mcs50_b03_s60.A09,mcs50_b03_s60.B09,ll_lum,45,41,5340421198,1000.02,1,60,1715716824,329.351,3671577952,3671577952,0,2481134579,
mcs50_b03_s70.A00,mcs50_b03_s70.B00,ll_lum,49,42,8533432653,1000.01,1,70,3327667072,255.781,6408607274,6408607274,0,4812087954,
mcs50_b03_s70.A01,mcs50_b03_s70.B01,ll_lum,51,43,3661882258,1000.01,1,70,2186593965,583.131,2549443541,2549443541,0,1689557246,
mcs50_b03_s70.A02,mcs50_b03_s70.B02,ll_lum,51,44,6530695610,1000.02,1,70,25168392,3.34863,4723574477,4723574477,0,3429013581,
mcs50_b03_s70.A03,mcs50_b03_s70.B03,ll_lum,52,46,6988958184,1000.02,1,70,201053302,26.1503,4718078930,4718078930,0,3275073805,
mcs50_b03_s70.A04,mcs50_b03_s70.B04,ll_lum,51,45,6928501811,1000.02,1,70,575256649,81.4368,4771512027,4771512027,0,3258921620,
mcs50_b03_s70.A05,mcs50_b03_s70.B05,ll_lum,51,43,7431600098,1000.01,1,70,2632052942,327.553,5147893361,5147893361,0,3400362691,
mcs50_b03_s70.A06,mcs50_b03_s70.B06,ll_lum,52,44,6800801835,1000.02,1,70,2146592827,294.386,4800714146,4800714146,0,3402538386,
mcs50_b03_s70.A07,mcs50_b03_s70.B07,ll_lum,53,47,6748497965,1000.02,1,70,846477230,119.712,4711567320,4711567320,0,3453725623,
mcs50_b03_s70.A08,mcs50_b03_s70.B08,ll_lum,53,50,6440947691,1000.02,1,70,5420811021,832.56,4555012750,4555012750,0,3398376820,
mcs50_b03_s70.A09,mcs50_b03_s70.B09,ll_lum,52,46,6239910059,1000.02,1,70,1664852462,266.062,4366834916,4366834916,0,3177584254,
mcs50_b03_s80.A00,mcs50_b03_s80.B00,ll_lum,58,50,6372996102,1000.01,1,80,4636496256,682.884,4831288087,4831288087,0,3763089765,
mcs50_b03_s80.A01,mcs50_b03_s80.B01,ll_lum,56,48,8897484132,1000.02,1,80,6936034524,742.155,7640050200,7640050200,0,6498660786,
mcs50_b03_s80.A02,mcs50_b03_s80.B02,ll_lum,56,42,8780364427,1000.02,1,80,4253465977,399.85,7097311325,7097311325,0,5595361075,
mcs50_b03_s80.A03,mcs50_b03_s80.B03,ll_lum,59,52,6027026319,1000.02,1,80,415960064,32.4717,4357400695,4357400695,0,3250720103,
mcs50_b03_s80.A04,mcs50_b03_s80.B04,ll_lum,59,68,6353545001,1000.01,1,80,2173778,0.266188,4535181381,4535181381,0,3344790268,
mcs50_b03_s80.A05,mcs50_b03_s80.B05,ll_lum,53,43,22626962646,1000.02,1,80,362519949,14.9599,18278763713,18278763713,0,13934969783,
mcs50_b03_s80.A06,mcs50_b03_s80.B06,ll_lum,57,52,6687449613,1000.02,1,80,391061751,51.7737,4756086244,4756086244,0,3611643009,
mcs50_b03_s80.A07,mcs50_b03_s80.B07,ll_lum,57,51,7301639748,1000.02,1,80,33770312,4.31847,5657432715,5657432715,0,4368668462,
mcs50_b03_s80.A08,mcs50_b03_s80.B08,ll_lum,58,62,6849964325,1000.02,1,80,3236197,0.416282,4873874573,4873874573,0,3543816636,
mcs50_b03_s80.A09,mcs50_b03_s80.B09,ll_lum,58,53,6997169055,1000.02,1,80,858368462,117.754,5064586604,5064586604,0,3737447245,
mcs50_b03_s90.A00,mcs50_b03_s90.B00,ll_lum,63,53,6901973726,1000.01,1,90,1879765232,239.262,5227330727,5227330727,0,3927741866,
mcs50_b03_s90.A01,mcs50_b03_s90.B01,ll_lum,65,53,6086476209,1000.02,1,90,812587330,85.9979,4751956463,4751956463,0,3897381246,
mcs50_b03_s90.A02,mcs50_b03_s90.B02,ll_lum,65,56,7952346503,1000.02,1,90,2952975741,243.254,6396034628,6396034628,0,5095132357,
mcs50_b03_s90.A03,mcs50_b03_s90.B03,ll_lum,63,51,6920333613,1000.01,1,90,137577783,16.3233,4970875772,4970875772,0,3632588677,
mcs50_b03_s90.A04,mcs50_b03_s90.B04,ll_lum,68,55,6841446205,1000.02,1,90,266540188,38.8348,4999275027,4999275027,0,3705358679,
mcs50_b03_s90.A05,mcs50_b03_s90.B05,ll_lum,62,53,6990062800,1000.02,1,90,1499137439,206.108,5132435081,5132435081,0,3789084696,
mcs50_b03_s90.A06,mcs50_b03_s90.B06,ll_lum,65,56,6868245747,1000.02,1,90,4142474145,591.833,4929351823,4929351823,0,3495001521,
mcs50_b03_s90.A07,mcs50_b03_s90.B07,ll_lum,64,63,9400528643,1000.02,1,90,483183979,36.2185,7857462794,7857462794,0,6438369656,
mcs50_b03_s90.A08,mcs50_b03_s90.B08,ll_lum,65,56,7309390624,1000.02,1,90,2628066307,351.784,5188729178,5188729178,0,3618582069,
mcs50_b03_s90.A09,mcs50_b03_s90.B09,ll_lum,63,58,11867385194,1000.02,1,90,10455352806,797.318,10127946276,10127946276,0,8487381718,
mcs50_b03m_s10.A00,mcs50_b03m_s10.B00,ll_lum,8,9,272,5.7286e-05,0,10,220,3.0115e-05,180,180,0,131,
mcs50_b03m_s10.A01,mcs50_b03m_s10.B01,ll_lum,8,8,66,3.4381e-05,0,10,9,5.348e-06,47,47,0,30,
mcs50_b03m_s10.A02,mcs50_b03m_s10.B02,ll_lum,8,7,424,7.5343e-05,0,10,406,5.3311e-05,274,274,0,179,
mcs50_b03m_s10.A03,mcs50_b03m_s10.B03,ll_lum,7,7,254,5.7407e-05,0,10,7,4.667e-06,172,172,0,121,
mcs50_b03m_s10.A04,mcs50_b03m_s10.B04,ll_lum,7,6,381,7.1388e-05,0,10,27,7.431e-06,252,252,0,183,
mcs50_b03m_s10.A05,mcs50_b03m_s10.B05,ll_lum,7,6,277,6.1603e-05,0,10,29,8.272e-06,194,194,0,144,
mcs50_b03m_s10.A06,mcs50_b03m_s10.B06,ll_lum,8,6,412,6.8803e-05,0,10,387,4.5659e-05,273,273,0,187,
mcs50_b03m_s10.A07,mcs50_b03m_s10.B07,ll_lum,8,7,82,3.7166e-05,0,10,9,5.339e-06,60,60,0,46,
mcs50_b03m_s10.A08,mcs50_b03m_s10.B08,ll_lum,7,6,519,9.0967e-05,0,10,78,1.5523e-05,348,348,0,230,
mcs50_b03m_s10.A09,mcs50_b03m_s10.B09,ll_lum,8,7,90,4.3145e-05,0,10,42,1.0145e-05,65,65,0,46,
mcs50_b03m_s100.A00,mcs50_b03m_s100.B00,ll_lum,67,47,13117841731,1000.02,1,100,1107660099,114.909,11096082416,11096082416,0,9104978407,
mcs50_b03m_s100.A01,mcs50_b03m_s100.B01,ll_lum,69,57,7630096071,1000.02,1,100,7062152710,918.367,5843613200,5843613200,0,4497589260,
mcs50_b03m_s100.A02,mcs50_b03m_s100.B02,ll_lum,67,51,10773254514,1000.02,1,100,570986594,46.3369,9478372468,9478372468,0,8221162331,
mcs50_b03m_s100.A03,mcs50_b03m_s100.B03,ll_lum,71,61,6808116887,1000.01,1,100,1897589730,275.399,5002784138,5002784138,0,3654391322,
mcs50_b03m_s100.A04,mcs50_b03m_s100.B04,ll_lum,70,59,6902054158,1000.02,1,100,294058057,26.2148,4903951197,4903951197,0,3437307138,
mcs50_b03m_s100.A05,mcs50_b03m_s100.B05,ll_lum,68,56,21693487152,1000.02,1,100,6869892742,325.103,18179958828,18179958828,0,14725253616,
mcs50_b03m_s100.A06,mcs50_b03m_s100.B06,ll_lum,67,54,10837149436,1000.01,1,100,7439942491,802.821,9801488240,9801488240,0,8784726025,
mcs50_b03m_s100.A07,mcs50_b03m_s100.B07,ll_lum,63,51,20262364365,1000.02,1,100,245,8.4998e-05,17245798702,17245798702,0,14229233282,
mcs50_b03m_s100.A08,mcs50_b03m_s100.B08,ll_lum,69,55,7287971510,1000.01,1,100,1415667653,185.554,5693924142,5693924142,0,4424563038,
mcs50_b03m_s100.A09,mcs50_b03m_s100.B09,ll_lum,61,45,21111418765,1000.02,1,100,61,6.7452e-05,18492808420,18492808420,0,15874198302,
mcs50_b03m_s15.A00,mcs50_b03m_s15.B00,ll_lum,11,13,2620,0.000368165,0,15,185,3.5764e-05,1783,1783,0,1267,
mcs50_b03m_s15.A01,mcs50_b03m_s15.B01,ll_lum,12,12,743,0.00013291,0,15,201,3.293e-05,511,511,0,357,
mcs50_b03m_s15.A02,mcs50_b03m_s15.B02,ll_lum,11,10,7724,0.000894138,0,15,552,6.1313e-05,5129,5129,0,3613,
mcs50_b03m_s15.A03,mcs50_b03m_s15.B03,ll_lum,12,9,1210,0.000215663,0,15,1035,0.000143886,825,825,0,594,
mcs50_b03m_s15.A04,mcs50_b03m_s15.B04,ll_lum,12,13,1765,0.000295964,0,15,343,5.976e-05,1142,1142,0,833,
mcs50_b03m_s15.A05,mcs50_b03m_s15.B05,ll_lum,12,9,1044,0.000181412,0,15,836,0.000125408,686,686,0,529,
mcs50_b03m_s15.A06,mcs50_b03m_s15.B06,ll_lum,11,9,4104,0.000521557,0,15,747,9.6345e-05,2704,2704,0,1855,
mcs50_b03m_s15.A07,mcs50_b03m_s15.B07,ll_lum,12,12,1376,0.000211688,0,15,893,0.000120211,918,918,0,693,
mcs50_b03m_s15.A08,mcs50_b03m_s15.B08,ll_lum,11,11,5227,0.000656539,0,15,60,1.6174e-05,3274,3274,0,2070,
mcs50_b03m_s15.A09,mcs50_b03m_s15.B09,ll_lum,11,10,1970,0.000280581,0,15,160,2.6119e-05,1343,1343,0,924,
mcs50_b03m_s20.A00,mcs50_b03m_s20.B00,ll_lum,16,11,9524,0.00124602,0,20,9329,0.00119012,6469,6469,0,5165,
mcs50_b03m_s20.A01,mcs50_b03m_s20.B01,ll_lum,16,14,47339,0.00525441,0,20,44137,0.00485486,29791,29791,0,18752,
mcs50_b03m_s20.A02,mcs50_b03m_s20.B02,ll_lum,15,12,25799,0.00297151,0,20,699,8.4917e-05,17230,17230,0,12341,
mcs50_b03m_s20.A03,mcs50_b03m_s20.B03,ll_lum,15,13,40131,0.00465569,0,20,20967,0.00227702,26205,26205,0,19026,
mcs50_b03m_s20.A04,mcs50_b03m_s20.B04,ll_lum,15,14,34092,0.004108,0,20,424,6.5278e-05,21749,21749,0,14846,
mcs50_b03m_s20.A05,mcs50_b03m_s20.B05,ll_lum,16,14,25017,0.00297152,0,20,21913,0.00250054,16820,16820,0,12906,
mcs50_b03m_s20.A06,mcs50_b03m_s20.B06,ll_lum,15,13,31144,0.00366048,0,20,6782,0.000780401,20276,20276,0,13762,
mcs50_b03m_s20.A07,mcs50_b03m_s20.B07,ll_lum,15,19,23151,0.00266277,0,20,5817,0.000632149,15447,15447,0,11301,
mcs50_b03m_s20.A08,mcs50_b03m_s20.B08,ll_lum,16,16,6592,0.000945074,0,20,220,4.3766e-05,4274,4274,0,2877,
mcs50_b03m_s20.A09,mcs50_b03m_s20.B09,ll_lum,15,14,94813,0.00973439,0,20,57974,0.00572396,69638,69638,0,52432,
mcs50_b03m_s25.A00,mcs50_b03m_s25.B00,ll_lum,20,18,26077,0.00365427,0,25,12956,0.00178387,16874,16874,0,11937,
mcs50_b03m_s25.A01,mcs50_b03m_s25.B01,ll_lum,19,16,191161,0.0234933,0,25,26251,0.00285376,132493,132493,0,98472,
mcs50_b03m_s25.A02,mcs50_b03m_s25.B02,ll_lum,19,17,171743,0.0217288,0,25,10147,0.00117641,113350,113350,0,81993,
mcs50_b03m_s25.A03,mcs50_b03m_s25.B03,ll_lum,19,21,170447,0.0210095,0,25,1097,0.000151498,107570,107570,0,69635,
mcs50_b03m_s25.A04,mcs50_b03m_s25.B04,ll_lum,19,16,321786,0.0361736,0,25,49700,0.0053559,207181,207181,0,132482,
mcs50_b03m_s25.A05,mcs50_b03m_s25.B05,ll_lum,20,19,119148,0.0153253,0,25,105297,0.0133973,80050,80050,0,60456,
mcs50_b03m_s25.A06,mcs50_b03m_s25.B06,ll_lum,19,13,674007,0.0783652,0,25,669755,0.0778548,473963,473963,0,354568,
mcs50_b03m_s25.A07,mcs50_b03m_s25.B07,ll_lum,20,17,171103,0.0212756,0,25,151862,0.0187461,113299,113299,0,82681,
mcs50_b03m_s25.A08,mcs50_b03m_s25.B08,ll_lum,20,20,185675,0.0230803,0,25,178205,0.0221474,123642,123642,0,83908,
mcs50_b03m_s25.A09,mcs50_b03m_s25.B09,ll_lum,20,17,230736,0.0281897,0,25,226175,0.0275989,147802,147802,0,97884,
mcs50_b03m_s30.A00,mcs50_b03m_s30.B00,ll_lum,24,19,1717343,0.21431,0,30,1673065,0.208818,1156483,1156483,0,797282,
mcs50_b03m_s30.A01,mcs50_b03m_s30.B01,ll_lum,23,19,7608391,0.858442,0,30,5751625,0.636261,5185988,5185988,0,3440983,
mcs50_b03m_s30.A02,mcs50_b03m_s30.B02,ll_lum,23,22,1537481,0.194011,0,30,345622,0.0386931,1030444,1030444,0,719462,
mcs50_b03m_s30.A03,mcs50_b03m_s30.B03,ll_lum,23,20,1740981,0.215248,0,30,144635,0.0156117,1218727,1218727,0,873431,
mcs50_b03m_s30.A04,mcs50_b03m_s30.B04,ll_lum,23,19,4092263,0.511767,0,30,3765630,0.470273,2756080,2756080,0,1969439,
mcs50_b03m_s30.A05,mcs50_b03m_s30.B05,ll_lum,23,18,1299484,0.157222,0,30,762746,0.0905402,908386,908386,0,655617,
mcs50_b03m_s30.A06,mcs50_b03m_s30.B06,ll_lum,23,18,1617018,0.18896,0,30,402653,0.0427418,1179304,1179304,0,876284,
mcs50_b03m_s30.A07,mcs50_b03m_s30.B07,ll_lum,23,21,2613670,0.331077,0,30,1526012,0.187898,1808835,1808835,0,1335981,
mcs50_b03m_s30.A08,mcs50_b03m_s30.B08,ll_lum,23,24,743366,0.0975934,0,30,36563,0.00451393,507641,507641,0,374907,
mcs50_b03m_s30.A09,mcs50_b03m_s30.B09,ll_lum,23,21,707638,0.089371,0,30,93180,0.0115863,462383,462383,0,309086,
mcs50_b03m_s35.A00,mcs50_b03m_s35.B00,ll_lum,28,26,6534505,0.838836,0,35,6187107,0.79112,4368311,4368311,0,3034446,
mcs50_b03m_s35.A01,mcs50_b03m_s35.B01,ll_lum,27,24,28517931,3.43252,0,35,1450721,0.158839,19983318,19983318,0,13499054,
mcs50_b03m_s35.A02,mcs50_b03m_s35.B02,ll_lum,27,22,9833423,1.1809,0,35,3553195,0.382746,6770189,6770189,0,4728666,
mcs50_b03m_s35.A03,mcs50_b03m_s35.B03,ll_lum,27,20,17205377,2.25733,0,35,10579676,1.36938,11821417,11821417,0,8643421,
mcs50_b03m_s35.A04,mcs50_b03m_s35.B04,ll_lum,27,24,9754985,1.38511,0,35,1288174,0.148604,6683198,6683198,0,4819985,
mcs50_b03m_s35.A05,mcs50_b03m_s35.B05,ll_lum,28,25,11871836,1.55535,0,35,11374981,1.48699,7991445,7991445,0,5768002,
mcs50_b03m_s35.A06,mcs50_b03m_s35.B06,ll_lum,28,22,6498539,0.846242,0,35,6386251,0.831362,4256196,4256196,0,2919662,
mcs50_b03m_s35.A07,mcs50_b03m_s35.B07,ll_lum,27,22,35647771,4.43431,0,35,32762756,4.05753,24436357,24436357,0,17558089,
mcs50_b03m_s35.A08,mcs50_b03m_s35.B08,ll_lum,27,21,10103986,1.32487,0,35,3402176,0.443862,6748488,6748488,0,4715049,
mcs50_b03m_s35.A09,mcs50_b03m_s35.B09,ll_lum,27,19,7226361,0.894502,0,35,3869748,0.449077,4982045,4982045,0,3590526,
mcs50_b03m_s40.A00,mcs50_b03m_s40.B00,ll_lum,31,23,97600260,13.4253,0,40,44864061,5.94484,67977622,67977622,0,49657076,
mcs50_b03m_s40.A01,mcs50_b03m_s40.B01,ll_lum,31,29,138948643,18.099,0,40,16713948,1.89928,93281095,93281095,0,61992027,
mcs50_b03m_s40.A02,mcs50_b03m_s40.B02,ll_lum,31,25,298207209,38.2692,0,40,249600180,31.7944,199747881,199747881,0,132034295,
mcs50_b03m_s40.A03,mcs50_b03m_s40.B03,ll_lum,31,24,258043303,33.8915,0,40,165005214,21.2305,177301498,177301498,0,127201771,
mcs50_b03m_s40.A04,mcs50_b03m_s40.B04,ll_lum,31,24,49599303,6.92237,0,40,29032762,3.94272,35019174,35019174,0,26571484,
mcs50_b03m_s40.A05,mcs50_b03m_s40.B05,ll_lum,31,28,35984179,5.00137,0,40,5452004,0.703755,24559937,24559937,0,17263945,
mcs50_b03m_s40.A06,mcs50_b03m_s40.B06,ll_lum,32,30,58201894,8.26435,0,40,56028670,7.97313,42959920,42959920,0,32842638,
mcs50_b03m_s40.A07,mcs50_b03m_s40.B07,ll_lum,30,27,589638569,76.9285,0,40,15008934,1.74908,407016485,407016485,0,286374175,
mcs50_b03m_s40.A08,mcs50_b03m_s40.B08,ll_lum,31,26,178560097,23.8645,0,40,101187181,13.2958,120766435,120766435,0,83710817,
mcs50_b03m_s40.A09,mcs50_b03m_s40.B09,ll_lum,31,30,195759746,27.0536,0,40,139041077,19.4205,134801191,134801191,0,97122095,
mcs50_b03m_s50.A00,mcs50_b03m_s50.B00,ll_lum,39,30,7042579476,1000.01,1,50,5341319040,737.949,5005244709,5005244709,0,3651202922,
mcs50_b03m_s50.A01,mcs50_b03m_s50.B01,ll_lum,40,35,1687023004,250.208,0,50,1254636114,184.044,1223544128,1223544128,0,915622706,
mcs50_b03m_s50.A02,mcs50_b03m_s50.B02,ll_lum,39,34,3227954272,466.495,0,50,1634582418,230.013,2196100440,2196100440,0,1570478786,
mcs50_b03m_s50.A03,mcs50_b03m_s50.B03,ll_lum,39,31,3398737572,484.909,0,50,1410299708,194.108,2401959544,2401959544,0,1718238761,
mcs50_b03m_s50.A04,mcs50_b03m_s50.B04,ll_lum,39,31,5199011022,734.492,0,50,1933582299,262.707,3585589432,3585589432,0,2475920474,
mcs50_b03m_s50.A05,mcs50_b03m_s50.B05,ll_lum,39,30,4019208999,619.046,0,50,1664917495,252.192,2772419123,2772419123,0,1910660296,
mcs50_b03m_s50.A06,mcs50_b03m_s50.B06,ll_lum,39,34,6633615906,927.509,0,50,1072541913,144.311,4641851932,4641851932,0,3224097834,
mcs50_b03m_s50.A07,mcs50_b03m_s50.B07,ll_lum,39,32,5148936621,746.909,0,50,1935268785,271.733,3532223265,3532223265,0,2483941574,
mcs50_b03m_s50.A08,mcs50_b03m_s50.B08,ll_lum,39,31,5000674407,742.123,0,50,1097674280,170.512,3551198751,3551198751,0,2585312165,
mcs50_b03m_s50.A09,mcs50_b03m_s50.B09,ll_lum,40,31,4175578611,606.252,0,50,4133896311,600.291,3002820704,3002820704,0,2189219870,
mcs50_b03m_s60.A00,mcs50_b03m_s60.B00,ll_lum,45,33,7231371858,1000.01,1,60,998514975,86.0083,5184287500,5184287500,0,3873146524,
mcs50_b03m_s60.A01,mcs50_b03m_s60.B01,ll_lum,45,44,6660843767,1000.01,1,60,140975039,18.6127,4792023879,4792023879,0,3563536903,
mcs50_b03m_s60.A02,mcs50_b03m_s60.B02,ll_lum,44,37,7385763753,1000.02,1,60,6333497901,854.191,5307516721,5307516721,0,3769915485,
mcs50_b03m_s60.A03,mcs50_b03m_s60.B03,ll_lum,46,36,6604467169,1000.01,1,60,646831766,88.2345,4624851237,4624851237,0,3385910728,
mcs50_b03m_s60.A04,mcs50_b03m_s60.B04,ll_lum,46,40,7054153405,1000.02,1,60,1833354935,244.085,4831788470,4831788470,0,3387291450,
mcs50_b03m_s60.A05,mcs50_b03m_s60.B05,ll_lum,47,38,6453988031,1000.02,1,60,828144574,117.777,4521403346,4521403346,0,3346365918,
mcs50_b03m_s60.A06,mcs50_b03m_s60.B06,ll_lum,45,36,7026634227,1000.02,1,60,1025081985,104.731,5122548746,5122548746,0,3784111359,
mcs50_b03m_s60.A07,mcs50_b03m_s60.B07,ll_lum,45,40,6506877944,1000.02,1,60,170850842,19.9961,4749192515,4749192515,0,3686444106,
mcs50_b03m_s60.A08,mcs50_b03m_s60.B08,ll_lum,44,37,12116758117,1000.01,1,60,10151331093,727.264,10009414469,10009414469,0,8204760964,
mcs50_b03m_s60.A09,mcs50_b03m_s60.B09,ll_lum,45,37,7099142276,1000.01,1,60,1752616376,207.392,5082970506,5082970506,0,3824580782,
mcs50_b03m_s70.A00,mcs50_b03m_s70.B00,ll_lum,51,42,5067748363,1000.02,1,70,813653715,159.978,3765099420,3765099420,0,2865078909,
mcs50_b03m_s70.A01,mcs50_b03m_s70.B01,ll_lum,51,41,8050230536,1000.01,1,70,3249423889,288.495,6146653386,6146653386,0,4750788165,
mcs50_b03m_s70.A02,mcs50_b03m_s70.B02,ll_lum,51,43,6492893973,1000.01,1,70,1422472902,206.546,4699509511,4699509511,0,3506606687,
mcs50_b03m_s70.A03,mcs50_b03m_s70.B03,ll_lum,52,44,7108668227,1000.02,1,70,21671986,2.63883,4702801563,4702801563,0,3335604726,
mcs50_b03m_s70.A04,mcs50_b03m_s70.B04,ll_lum,52,44,7393785497,1000.01,1,70,177608972,21.7629,5027542474,5027542474,0,3663669453,
mcs50_b03m_s70.A05,mcs50_b03m_s70.B05,ll_lum,54,43,6458645034,1000.02,1,70,2219979280,317.841,4397232213,4397232213,0,3213387961,
mcs50_b03m_s70.A06,mcs50_b03m_s70.B06,ll_lum,52,41,7264665090,1000.02,1,70,7224083616,993.959,5247054441,5247054441,0,3796955275,
mcs50_b03m_s70.A07,mcs50_b03m_s70.B07,ll_lum,52,41,6733003293,1000.02,1,70,2122120233,309.331,4688514104,4688514104,0,3329448623,
mcs50_b03m_s70.A08,mcs50_b03m_s70.B08,ll_lum,52,43,7838174606,1000.02,1,70,4035410477,422.68,5827884827,5827884827,0,4426117055,
mcs50_b03m_s70.A09,mcs50_b03m_s70.B09,ll_lum,52,47,6778890118,1000.01,1,70,3337546957,490.358,4835183749,4835183749,0,3661496855,
mcs50_b03m_s80.A00,mcs50_b03m_s80.B00,ll_lum,58,48,8147781175,1000.02,1,80,3943700299,406.086,5712863341,5712863341,0,4248105226,
mcs50_b03m_s80.A01,mcs50_b03m_s80.B01,ll_lum,59,48,7920289849,1000.02,1,80,2746363972,305.721,5403577378,5403577378,0,3774732453,
mcs50_b03m_s80.A02,mcs50_b03m_s80.B02,ll_lum,58,49,6686401280,1000.02,1,80,1369996871,204.463,4809748768,4809748768,0,3474299245,
mcs50_b03m_s80.A03,mcs50_b03m_s80.B03,ll_lum,60,49,7235640263,1000.01,1,80,2534521607,273.242,5381517614,5381517614,0,4176790826,
mcs50_b03m_s80.A04,mcs50_b03m_s80.B04,ll_lum,59,51,6883880711,1000.03,1,80,2536625959,360.543,4408841589,4408841589,0,2918138694,
mcs50_b03m_s80.A05,mcs50_b03m_s80.B05,ll_lum,58,46,6721149219,1000.02,1,80,589564604,67.8759,4968815424,4968815424,0,3533001608,
mcs50_b03m_s80.A06,mcs50_b03m_s80.B06,ll_lum,59,47,6788704303,1000.01,1,80,721658667,102.29,4932838168,4932838168,0,3463538806,
mcs50_b03m_s80.A07,mcs50_b03m_s80.B07,ll_lum,59,54,3913725326,1000.01,1,80,339754209,80.4165,2636940816,2636940816,0,1898125515,
mcs50_b03m_s80.A08,mcs50_b03m_s80.B08,ll_lum,59,48,7190619894,1000.01,1,80,4331346762,575.763,5167040571,5167040571,0,3560256775,
mcs50_b03m_s80.A09,mcs50_b03m_s80.B09,ll_lum,59,50,6938407520,1000.01,1,80,194744494,26.791,4721130115,4721130115,0,3455851798,
mcs50_b03m_s90.A00,mcs50_b03m_s90.B00,ll_lum,66,58,6568639501,1000.02,1,90,5096772500,752.27,4909469025,4909469025,0,3829313307,
mcs50_b03m_s90.A01,mcs50_b03m_s90.B01,ll_lum,65,54,7296288795,1000.02,1,90,6186615020,831.696,5718624662,5718624662,0,4412779526,
mcs50_b03m_s90.A02,mcs50_b03m_s90.B02,ll_lum,62,50,7245053443,1000.02,1,90,2905303632,360.046,5474829723,5474829723,0,4164439572,
mcs50_b03m_s90.A03,mcs50_b03m_s90.B03,ll_lum,57,46,21050442477,1000.02,1,90,212,8.4587e-05,16766520908,16766520908,0,12530341389,
mcs50_b03m_s90.A04,mcs50_b03m_s90.B04,ll_lum,61,50,20966800261,1000.02,1,90,91376885,4.96221,18140517655,18140517655,0,15317719868,
mcs50_b03m_s90.A05,mcs50_b03m_s90.B05,ll_lum,50,36,23372542800,1000.02,1,90,2140564917,81.7357,18766061537,18766061537,0,15314328842,
mcs50_b03m_s90.A06,mcs50_b03m_s90.B06,ll_lum,56,47,11443041359,1000.02,1,90,290940574,26.4427,9044046455,9044046455,0,6831174119,
mcs50_b03m_s90.A07,mcs50_b03m_s90.B07,ll_lum,60,50,5446016967,1000.02,1,90,806127329,104.88,4520519123,4520519123,0,3617332115,
mcs50_b03m_s90.A08,mcs50_b03m_s90.B08,ll_lum,63,55,3896576528,1000.02,1,90,1672118638,434.709,2602478270,2602478270,0,1746148182,
mcs50_b03m_s90.A09,mcs50_b03m_s90.B09,ll_lum,67,54,3529335591,1000.02,1,90,2428424198,636.975,2562026236,2562026236,0,1943436151,
mcs50_b06_s100.A00,mcs50_b06_s100.B00,ll_lum,58,125,3190255906,1000.02,1,100,3001501465,943.904,2352685775,2352685775,0,1988212516,
mcs50_b06_s100.A01,mcs50_b06_s100.B01,ll_lum,59,105,6725069920,1000.02,1,100,5148840719,759.826,4735168760,4735168760,0,3547557828,
mcs50_b06_s100.A02,mcs50_b06_s100.B02,ll_lum,51,55,6625334718,1000.02,1,100,550200057,82.8952,4893702703,4893702703,0,3917570324,
mcs50_b06_s100.A03,mcs50_b06_s100.B03,ll_lum,53,55,7087507409,1000.02,1,100,473543565,57.8091,4832736290,4832736290,0,3828703332,
mcs50_b06_s100.A04,mcs50_b06_s100.B04,ll_lum,53,58,6584448761,1000.02,1,100,1638964090,236.46,4773889708,4773889708,0,3788157537,
mcs50_b06_s100.A05,mcs50_b06_s100.B05,ll_lum,56,86,6539634555,1000.02,1,100,2046405204,300.613,4682113862,4682113862,0,3728419670,
mcs50_b06_s100.A06,mcs50_b06_s100.B06,ll_lum,56,72,6491967649,1000.02,1,100,727868102,105.966,4938052484,4938052484,0,4010902700,
mcs50_b06_s100.A07,mcs50_b06_s100.B07,ll_lum,53,65,7052270049,1000.02,1,100,2208420601,302.435,5282752559,5282752559,0,4303134166,
mcs50_b06_s100.A08,mcs50_b06_s100.B08,ll_lum,56,83,6353427300,1000.02,1,100,483643064,69.8529,4520376056,4520376056,0,3686918962,
mcs50_b06_s100.A09,mcs50_b06_s100.B09,ll_lum,57,94,5920601032,1000.02,1,100,139453298,20.21,4251705325,4251705325,0,3515370011,
mcs50_b06_s15.A00,mcs50_b06_s15.B00,ll_lum,10,21,4525,0.000696725,0,15,539,7.7757e-05,2980,2980,0,2324,
mcs50_b06_s15.A01,mcs50_b06_s15.B01,ll_lum,11,22,1754,0.000314806,0,15,150,4.1483e-05,1130,1130,0,807,
mcs50_b06_s15.A02,mcs50_b06_s15.B02,ll_lum,10,19,4529,0.000704246,0,15,193,3.7977e-05,3070,3070,0,2469,
mcs50_b06_s15.A03,mcs50_b06_s15.B03,ll_lum,10,20,3105,0.000471006,0,15,81,1.6715e-05,2070,2070,0,1586,
mcs50_b06_s15.A04,mcs50_b06_s15.B04,ll_lum,11,24,1691,0.000309418,0,15,604,0.000102995,1198,1198,0,984,
mcs50_b06_s15.A05,mcs50_b06_s15.B05,ll_lum,11,27,1498,0.00025392,0,15,430,6.681e-05,1028,1028,0,779,
mcs50_b06_s15.A06,mcs50_b06_s15.B06,ll_lum,11,28,1773,0.000317326,0,15,271,4.8583e-05,1189,1189,0,918,
mcs50_b06_s15.A07,mcs50_b06_s15.B07,ll_lum,11,24,1535,0.000276948,0,15,323,5.6606e-05,1068,1068,0,827,
mcs50_b06_s15.A08,mcs50_b06_s15.B08,ll_lum,11,29,2221,0.000355735,0,15,1507,0.000219831,1506,1506,0,1177,
mcs50_b06_s15.A09,mcs50_b06_s15.B09,ll_lum,11,27,1662,0.000286369,0,15,92,2.0131e-05,1173,1173,0,871,
mcs50_b06_s20.A00,mcs50_b06_s20.B00,ll_lum,14,31,24612,0.00417766,0,20,2878,0.000437376,16041,16041,0,12659,
mcs50_b06_s20.A01,mcs50_b06_s20.B01,ll_lum,13,26,87609,0.0144977,0,20,22980,0.0037534,54371,54371,0,44002,
mcs50_b06_s20.A02,mcs50_b06_s20.B02,ll_lum,13,28,92067,0.0150111,0,20,28783,0.00465651,56631,56631,0,45296,
mcs50_b06_s20.A03,mcs50_b06_s20.B03,ll_lum,13,33,43692,0.00735984,0,20,476,6.9825e-05,28233,28233,0,23217,
mcs50_b06_s20.A04,mcs50_b06_s20.B04,ll_lum,13,34,38380,0.00589401,0,20,33,1.359e-05,24422,24422,0,18341,
mcs50_b06_s20.A05,mcs50_b06_s20.B05,ll_lum,14,29,18210,0.00316453,0,20,1762,0.000270047,12193,12193,0,10024,
mcs50_b06_s20.A06,mcs50_b06_s20.B06,ll_lum,13,29,57914,0.00990678,0,20,1163,0.000181764,36648,36648,0,29929,
mcs50_b06_s20.A07,mcs50_b06_s20.B07,ll_lum,13,27,71865,0.011951,0,20,8624,0.00163212,45272,45272,0,36312,
mcs50_b06_s20.A08,mcs50_b06_s20.B08,ll_lum,13,30,69894,0.0117337,0,20,8905,0.00174043,43973,43973,0,35018,
mcs50_b06_s20.A09,mcs50_b06_s20.B09,ll_lum,13,34,73063,0.0118809,0,20,8439,0.00135536,45468,45468,0,36440,
mcs50_b06_s25.A00,mcs50_b06_s25.B00,ll_lum,16,39,997134,0.160523,0,25,452626,0.071987,628770,628770,0,503027,
mcs50_b06_s25.A01,mcs50_b06_s25.B01,ll_lum,16,35,680613,0.113481,0,25,21636,0.0035932,435512,435512,0,348716,
mcs50_b06_s25.A02,mcs50_b06_s25.B02,ll_lum,16,32,834961,0.133843,0,25,472173,0.0749133,534841,534841,0,430763,
mcs50_b06_s25.A03,mcs50_b06_s25.B03,ll_lum,16,31,717448,0.122684,0,25,2589,0.000366315,452619,452619,0,371801,
mcs50_b06_s25.A04,mcs50_b06_s25.B04,ll_lum,16,36,718957,0.118793,0,25,19142,0.00351265,464263,464263,0,376048,
mcs50_b06_s25.A05,mcs50_b06_s25.B05,ll_lum,16,43,954023,0.157644,0,25,407597,0.066139,595092,595092,0,479597,
mcs50_b06_s25.A06,mcs50_b06_s25.B06,ll_lum,16,32,687526,0.110812,0,25,232595,0.0372464,442123,442123,0,357044,
mcs50_b06_s25.A07,mcs50_b06_s25.B07,ll_lum,16,29,898139,0.142814,0,25,544819,0.086277,573653,573653,0,467786,
mcs50_b06_s25.A08,mcs50_b06_s25.B08,ll_lum,16,42,940810,0.149623,0,25,308623,0.0481923,601009,601009,0,481172,
mcs50_b06_s25.A09,mcs50_b06_s25.B09,ll_lum,16,42,455227,0.073983,0,25,1641,0.0002789,286816,286816,0,229118,
mcs50_b06_s30.A00,mcs50_b06_s30.B00,ll_lum,20,38,2744098,0.454268,0,30,437247,0.0698424,1798391,1798391,0,1467725,
mcs50_b06_s30.A01,mcs50_b06_s30.B01,ll_lum,19,40,7827011,1.22706,0,30,729008,0.109488,5086713,5086713,0,4033900,
mcs50_b06_s30.A02,mcs50_b06_s30.B02,ll_lum,19,51,5180369,0.835199,0,30,95877,0.015437,3386208,3386208,0,2746889,
mcs50_b06_s30.A03,mcs50_b06_s30.B03,ll_lum,19,49,7789830,1.27321,0,30,2710916,0.446279,5085039,5085039,0,4086976,
mcs50_b06_s30.A04,mcs50_b06_s30.B04,ll_lum,19,45,9554574,1.504,0,30,3605405,0.55157,6207096,6207096,0,5018288,
mcs50_b06_s30.A05,mcs50_b06_s30.B05,ll_lum,20,45,3917605,0.630232,0,30,2181680,0.350893,2562918,2562918,0,2065439,
mcs50_b06_s30.A06,mcs50_b06_s30.B06,ll_lum,20,39,5280222,0.814823,0,30,3483556,0.518504,3498290,3498290,0,2786378,
mcs50_b06_s30.A07,mcs50_b06_s30.B07,ll_lum,19,47,6675437,1.09383,0,30,830178,0.128946,4394300,4394300,0,3584421,
mcs50_b06_s30.A08,mcs50_b06_s30.B08,ll_lum,19,34,6414378,1.02561,0,30,231904,0.0334825,4271557,4271557,0,3490070,
mcs50_b06_s30.A09,mcs50_b06_s30.B09,ll_lum,20,45,2002979,0.341082,0,30,598749,0.101112,1328145,1328145,0,1088693,
mcs50_b06_s35.A00,mcs50_b06_s35.B00,ll_lum,22,39,90325823,13.9233,0,35,1954923,0.297908,60275051,60275051,0,47368758,
mcs50_b06_s35.A01,mcs50_b06_s35.B01,ll_lum,23,55,47847005,7.56566,0,35,35405679,5.52889,31924810,31924810,0,25714116,
mcs50_b06_s35.A02,mcs50_b06_s35.B02,ll_lum,23,54,42881634,7.08436,0,35,18062475,2.88858,28556604,28556604,0,23017873,
mcs50_b06_s35.A03,mcs50_b06_s35.B03,ll_lum,22,43,67507290,14.7533,0,35,3448091,0.720543,45127576,45127576,0,36548123,
mcs50_b06_s35.A04,mcs50_b06_s35.B04,ll_lum,22,37,96451271,15.2541,0,35,22582547,3.51445,64227949,64227949,0,50955254,
mcs50_b06_s35.A05,mcs50_b06_s35.B05,ll_lum,22,46,117395685,18.9648,0,35,60087924,9.53561,78211472,78211472,0,63868223,
mcs50_b06_s35.A06,mcs50_b06_s35.B06,ll_lum,23,41,72376213,11.8362,0,35,64162053,10.4852,47890582,47890582,0,38787287,
mcs50_b06_s35.A07,mcs50_b06_s35.B07,ll_lum,23,53,36784050,5.98149,0,35,3606417,0.575884,24762751,24762751,0,20002802,
mcs50_b06_s35.A08,mcs50_b06_s35.B08,ll_lum,22,41,120123256,19.0397,0,35,58802722,9.20042,79700688,79700688,0,63483165,
mcs50_b06_s35.A09,mcs50_b06_s35.B09,ll_lum,22,46,100186689,16.2337,0,35,3148185,0.466986,66989338,66989338,0,53968164,
mcs50_b06_s40.A00,mcs50_b06_s40.B00,ll_lum,26,54,442668508,72.3327,0,40,142055970,21.7403,298865552,298865552,0,239476145,
mcs50_b06_s40.A01,mcs50_b06_s40.B01,ll_lum,25,61,1432833518,231.194,0,40,127628843,19.8477,985238427,985238427,0,792870047,
mcs50_b06_s40.A02,mcs50_b06_s40.B02,ll_lum,26,48,373063946,63.4902,0,40,66491890,11.1632,251389340,251389340,0,204712011,
mcs50_b06_s40.A03,mcs50_b06_s40.B03,ll_lum,26,52,548385802,180.769,0,40,248126459,79.9134,371821843,371821843,0,301810316,
mcs50_b06_s40.A04,mcs50_b06_s40.B04,ll_lum,26,51,498385186,168.29,0,40,195700032,65.2637,335421276,335421276,0,273737535,
mcs50_b06_s40.A05,mcs50_b06_s40.B05,ll_lum,26,55,412994078,68.121,0,40,28141445,4.09025,283242563,283242563,0,231444955,
mcs50_b06_s40.A06,mcs50_b06_s40.B06,ll_lum,27,62,151679557,25.303,0,40,68287197,10.7779,103670369,103670369,0,85297434,
mcs50_b06_s40.A07,mcs50_b06_s40.B07,ll_lum,26,47,360694040,61.3509,0,40,89099550,14.6843,240493420,240493420,0,193398913,
mcs50_b06_s40.A08,mcs50_b06_s40.B08,ll_lum,25,66,1193727922,188.608,0,40,377101477,59.7092,815306531,815306531,0,649860103,
mcs50_b06_s40.A09,mcs50_b06_s40.B09,ll_lum,26,56,618513737,101.983,0,40,283534152,46.021,418240668,418240668,0,339405818,
mcs50_b06_s50.A00,mcs50_b06_s50.B00,ll_lum,31,75,6019268589,1000.01,1,50,1147021800,175.662,4088784085,4088784085,0,3324020256,
mcs50_b06_s50.A01,mcs50_b06_s50.B01,ll_lum,31,59,6100026402,1000.02,1,50,1025555737,160.705,4196543690,4196543690,0,3435824423,
mcs50_b06_s50.A02,mcs50_b06_s50.B02,ll_lum,31,58,6114817990,1000.02,1,50,1042701004,167.392,4585768208,4585768208,0,3833398778,
mcs50_b06_s50.A03,mcs50_b06_s50.B03,ll_lum,31,69,6330243659,1000.02,1,50,3450699015,526.177,4413346466,4413346466,0,3616369213,
mcs50_b06_s50.A04,mcs50_b06_s50.B04,ll_lum,30,53,6315951138,1000.02,1,50,103667159,16.6269,4365550037,4365550037,0,3541690100,
mcs50_b06_s50.A05,mcs50_b06_s50.B05,ll_lum,29,37,6657332276,1000.02,1,50,104872033,15.1643,4586919075,4586919075,0,3647104299,
mcs50_b06_s50.A06,mcs50_b06_s50.B06,ll_lum,29,36,6474607380,1000.01,1,50,818288628,121.055,4512583827,4512583827,0,3646817278,
mcs50_b06_s50.A07,mcs50_b06_s50.B07,ll_lum,32,72,5981199686,1000.02,1,50,2130661208,348.214,4140471258,4140471258,0,3431509234,
mcs50_b06_s50.A08,mcs50_b06_s50.B08,ll_lum,31,66,6048717449,1000.02,1,50,1055,0.000193644,4310732083,4310732083,0,3572594000,
mcs50_b06_s50.A09,mcs50_b06_s50.B09,ll_lum,31,70,6244881122,1000.02,1,50,454125764,63.548,4414928195,4414928195,0,3624514753,
mcs50_b06_s60.A00,mcs50_b06_s60.B00,ll_lum,35,65,6227959663,1000.02,1,60,62993301,9.66532,4300879220,4300879220,0,3470963199,
mcs50_b06_s60.A01,mcs50_b06_s60.B01,ll_lum,35,35,6524651091,1000.01,1,60,3534716313,520.237,4573494798,4573494798,0,3679545185,
mcs50_b06_s60.A02,mcs50_b06_s60.B02,ll_lum,34,39,5000077797,1000.02,1,60,55065155,10.1093,3394816028,3394816028,0,2687779598,
mcs50_b06_s60.A03,mcs50_b06_s60.B03,ll_lum,35,55,6498376761,1000.02,1,60,4466608750,676.503,4579007542,4579007542,0,3711020156,
mcs50_b06_s60.A04,mcs50_b06_s60.B04,ll_lum,35,58,6814412855,1000.02,1,60,501209431,69.7963,4912385464,4912385464,0,3926074766,
mcs50_b06_s60.A05,mcs50_b06_s60.B05,ll_lum,37,64,6068074938,1000.02,1,60,976022422,152.722,4272116317,4272116317,0,3435012434,
mcs50_b06_s60.A06,mcs50_b06_s60.B06,ll_lum,35,54,6265905626,1000.02,1,60,355274005,50.5804,4368371038,4368371038,0,3536701289,
mcs50_b06_s60.A07,mcs50_b06_s60.B07,ll_lum,34,46,7255065787,1000.02,1,60,5195324143,703.409,5157039817,5157039817,0,4070309393,
mcs50_b06_s60.A08,mcs50_b06_s60.B08,ll_lum,35,43,6417480831,1000.01,1,60,732117075,102.223,4444332443,4444332443,0,3584799156,
mcs50_b06_s60.A09,mcs50_b06_s60.B09,ll_lum,37,63,6013232911,1000.01,1,60,67950290,10.1638,4077518517,4077518517,0,3266080159,
mcs50_b06_s70.A00,mcs50_b06_s70.B00,ll_lum,41,63,6684275634,1000.01,1,70,3079501348,457.967,4705624516,4705624516,0,3821423806,
mcs50_b06_s70.A01,mcs50_b06_s70.B01,ll_lum,40,54,5914549543,1000.02,1,70,4738177,0.638095,4244692365,4244692365,0,3444390828,
mcs50_b06_s70.A02,mcs50_b06_s70.B02,ll_lum,43,76,6052535360,1000.02,1,70,4392303,0.628875,4293719832,4293719832,0,3431236462,
mcs50_b06_s70.A03,mcs50_b06_s70.B03,ll_lum,40,52,6908306724,1000.02,1,70,1167024368,161.326,4743416396,4743416396,0,3702980745,
mcs50_b06_s70.A04,mcs50_b06_s70.B04,ll_lum,41,82,6460571260,1000.02,1,70,128059,0.019392,4603794800,4603794800,0,3686281974,
mcs50_b06_s70.A05,mcs50_b06_s70.B05,ll_lum,42,99,5951753718,1000.01,1,70,31202150,4.87896,4121893464,4121893464,0,3333412816,
mcs50_b06_s70.A06,mcs50_b06_s70.B06,ll_lum,38,50,6911724202,1000.02,1,70,390058289,49.0249,4765220301,4765220301,0,3766865459,
mcs50_b06_s70.A07,mcs50_b06_s70.B07,ll_lum,38,49,6957356699,1000.02,1,70,36999307,4.92771,4804152744,4804152744,0,3817178286,
mcs50_b06_s70.A08,mcs50_b06_s70.B08,ll_lum,39,47,6738252573,1000.01,1,70,138679376,20.3274,4717001700,4717001700,0,3657247551,
mcs50_b06_s70.A09,mcs50_b06_s70.B09,ll_lum,38,43,6687629539,1000.02,1,70,1914481727,279.282,4775648667,4775648667,0,3852143320,
mcs50_b06_s80.A00,mcs50_b06_s80.B00,ll_lum,47,61,6384692339,1000.02,1,80,2114591459,316.719,4398499849,4398499849,0,3570957786,
mcs50_b06_s80.A01,mcs50_b06_s80.B01,ll_lum,48,119,6161487248,1000.02,1,80,86758759,14.3105,4281174230,4281174230,0,3378754870,
mcs50_b06_s80.A02,mcs50_b06_s80.B02,ll_lum,45,50,6452743154,1000.02,1,80,1523659734,215.516,4214404842,4214404842,0,3275800951,
mcs50_b06_s80.A03,mcs50_b06_s80.B03,ll_lum,47,66,7006197968,1000.02,1,80,3970909752,532.564,4730403295,4730403295,0,3670238683,
mcs50_b06_s80.A04,mcs50_b06_s80.B04,ll_lum,45,62,6621011433,1000.02,1,80,3737350317,550.029,4540826556,4540826556,0,3654013338,
mcs50_b06_s80.A05,mcs50_b06_s80.B05,ll_lum,44,55,6814818516,1000.02,1,80,333382540,44.351,4921580856,4921580856,0,4051301768,
mcs50_b06_s80.A06,mcs50_b06_s80.B06,ll_lum,46,103,6476345684,1000.02,1,80,623905219,97.0882,4540204137,4540204137,0,3591691013,
mcs50_b06_s80.A07,mcs50_b06_s80.B07,ll_lum,44,58,7390562852,1000.02,1,80,7258441143,981.245,5345576819,5345576819,0,4286728772,
mcs50_b06_s80.A08,mcs50_b06_s80.B08,ll_lum,48,89,6200843616,1000.02,1,80,1185553191,186.271,4325533641,4325533641,0,3468536001,
mcs50_b06_s80.A09,mcs50_b06_s80.B09,ll_lum,47,77,6543151868,1000.02,1,80,12789759,1.63915,4565106833,4565106833,0,3669314127,
mcs50_b06_s90.A00,mcs50_b06_s90.B00,ll_lum,52,79,6489271446,1000.02,1,90,1867872839,277.293,4678211554,4678211554,0,3788655064,
mcs50_b06_s90.A01,mcs50_b06_s90.B01,ll_lum,48,71,6602470564,1000.02,1,90,177753528,24.5797,4640264265,4640264265,0,3360608289,
mcs50_b06_s90.A02,mcs50_b06_s90.B02,ll_lum,48,61,6367718171,1000.01,1,90,714007506,109.738,4450939711,4450939711,0,3509370708,
mcs50_b06_s90.A03,mcs50_b06_s90.B03,ll_lum,46,46,7806276876,1000.01,1,90,1573798396,198.559,5084074032,5084074032,0,3877098184,
mcs50_b06_s90.A04,mcs50_b06_s90.B04,ll_lum,48,60,3606621396,1000.02,1,90,557602694,153.359,2345347235,2345347235,0,1744592837,
mcs50_b06_s90.A05,mcs50_b06_s90.B05,ll_lum,49,59,3456554393,1000.02,1,90,24320232,3.42955,2178901281,2178901281,0,1705556929,
mcs50_b06_s90.A06,mcs50_b06_s90.B06,ll_lum,47,67,6841342025,1000.02,1,90,186256264,26.7905,5036609879,5036609879,0,4011571245,
mcs50_b06_s90.A07,mcs50_b06_s90.B07,ll_lum,50,70,7070338363,1000.01,1,90,6631479956,933.613,5358498147,5358498147,0,4365993540,
mcs50_b06_s90.A08,mcs50_b06_s90.B08,ll_lum,48,51,7285559120,1000.02,1,90,3795665596,518.282,4732801220,4732801220,0,3745846551,
mcs50_b06_s90.A09,mcs50_b06_s90.B09,ll_lum,54,117,6438675936,1000.02,1,90,483343,0.075459,4396120522,4396120522,0,3452447215,
mcs50_b06m_s100.A00,mcs50_b06m_s100.B00,ll_lum,53,56,6137853642,1000.02,1,100,1632389580,265.82,3983764800,3983764800,0,2971147158,
mcs50_b06m_s100.A01,mcs50_b06m_s100.B01,ll_lum,52,50,6898240070,1000.01,1,100,1747272995,245.627,4777448835,4777448835,0,3796885386,
mcs50_b06m_s100.A02,mcs50_b06m_s100.B02,ll_lum,52,51,7303885883,1000.02,1,100,1957095391,257.415,5108099248,5108099248,0,3867856659,
mcs50_b06m_s100.A03,mcs50_b06m_s100.B03,ll_lum,49,45,8034540291,1000.01,1,100,43872186,4.91442,5706025313,5706025313,0,4380789372,
mcs50_b06m_s100.A04,mcs50_b06m_s100.B04,ll_lum,53,56,6341343955,1000.01,1,100,4016041654,602.393,4057564679,4057564679,0,2958214923,
mcs50_b06m_s100.A05,mcs50_b06m_s100.B05,ll_lum,50,48,7134564363,1000.01,1,100,455809908,55.0228,4525879939,4525879939,0,3222757928,
mcs50_b06m_s100.A06,mcs50_b06m_s100.B06,ll_lum,51,49,5853059990,1000.01,1,100,1234630328,198.015,3878297414,3878297414,0,2819689362,
mcs50_b06m_s100.A07,mcs50_b06m_s100.B07,ll_lum,50,54,6564984319,1000.02,1,100,1949753535,276.637,4390828827,4390828827,0,3382352280,
mcs50_b06m_s100.A08,mcs50_b06m_s100.B08,ll_lum,53,53,6341279038,1000.02,1,100,882213454,135.72,4120678955,4120678955,0,3239906296,
mcs50_b06m_s100.A09,mcs50_b06m_s100.B09,ll_lum,53,53,7017178009,1000.02,1,100,2840776845,390.724,4678485506,4678485506,0,3541814919,
mcs50_b06m_s15.A00,mcs50_b06m_s15.B00,ll_lum,9,15,14822,0.00219338,0,15,474,6.7281e-05,9838,9838,0,7830,
mcs50_b06m_s15.A01,mcs50_b06m_s15.B01,ll_lum,10,23,3997,0.000625652,0,15,343,5.1858e-05,2686,2686,0,2031,
mcs50_b06m_s15.A02,mcs50_b06m_s15.B02,ll_lum,10,18,2470,0.000408324,0,15,60,1.3781e-05,1730,1730,0,1370,
mcs50_b06m_s15.A03,mcs50_b06m_s15.B03,ll_lum,10,22,6171,0.00101001,0,15,109,1.8638e-05,4161,4161,0,3340,
mcs50_b06m_s15.A04,mcs50_b06m_s15.B04,ll_lum,10,17,5145,0.000885237,0,15,551,8.9024e-05,3491,3491,0,2562,
mcs50_b06m_s15.A05,mcs50_b06m_s15.B05,ll_lum,10,14,16380,0.00235794,0,15,15671,0.0022235,10331,10331,0,7825,
mcs50_b06m_s15.A06,mcs50_b06m_s15.B06,ll_lum,10,14,5831,0.000922814,0,15,345,6.4947e-05,3908,3908,0,2954,
mcs50_b06m_s15.A07,mcs50_b06m_s15.B07,ll_lum,10,18,5285,0.000836418,0,15,262,4.2805e-05,3584,3584,0,2821,
mcs50_b06m_s15.A08,mcs50_b06m_s15.B08,ll_lum,10,14,4444,0.00137955,0,15,503,0.000157094,2984,2984,0,2381,
mcs50_b06m_s15.A09,mcs50_b06m_s15.B09,ll_lum,10,18,11001,0.00157838,0,15,7232,0.00101128,7016,7016,0,5219,
mcs50_b06m_s20.A00,mcs50_b06m_s20.B00,ll_lum,13,16,73069,0.0116283,0,20,7535,0.00110913,46496,46496,0,37544,
mcs50_b06m_s20.A01,mcs50_b06m_s20.B01,ll_lum,13,17,138748,0.0223989,0,20,121105,0.0194656,87792,87792,0,70567,
mcs50_b06m_s20.A02,mcs50_b06m_s20.B02,ll_lum,13,17,144032,0.0227149,0,20,126443,0.0198634,90656,90656,0,73420,
mcs50_b06m_s20.A03,mcs50_b06m_s20.B03,ll_lum,12,21,248322,0.0432986,0,20,6110,0.000969034,153555,153555,0,119929,
mcs50_b06m_s20.A04,mcs50_b06m_s20.B04,ll_lum,12,17,196425,0.0290988,0,20,11231,0.00155631,125308,125308,0,95694,
mcs50_b06m_s20.A05,mcs50_b06m_s20.B05,ll_lum,12,19,227664,0.0348031,0,20,745,0.000122484,142029,142029,0,109836,
mcs50_b06m_s20.A06,mcs50_b06m_s20.B06,ll_lum,13,15,123735,0.0190494,0,20,82993,0.0124913,78030,78030,0,61586,
mcs50_b06m_s20.A07,mcs50_b06m_s20.B07,ll_lum,13,23,73815,0.0243032,0,20,27648,0.0088047,46562,46562,0,37444,
mcs50_b06m_s20.A08,mcs50_b06m_s20.B08,ll_lum,13,33,67761,0.0108027,0,20,32376,0.00492287,43551,43551,0,35009,
mcs50_b06m_s20.A09,mcs50_b06m_s20.B09,ll_lum,13,17,107341,0.017019,0,20,79240,0.0124354,67924,67924,0,54996,
mcs50_b06m_s25.A00,mcs50_b06m_s25.B00,ll_lum,16,18,2082635,0.305734,0,25,2055917,0.301958,1324193,1324193,0,1001027,
mcs50_b06m_s25.A01,mcs50_b06m_s25.B01,ll_lum,15,18,2514823,0.359435,0,25,81583,0.0112087,1634514,1634514,0,1276521,
mcs50_b06m_s25.A02,mcs50_b06m_s25.B02,ll_lum,15,20,1419560,0.255451,0,25,111673,0.0198406,924205,924205,0,734879,
mcs50_b06m_s25.A03,mcs50_b06m_s25.B03,ll_lum,16,18,1017569,0.156632,0,25,585605,0.0890109,661963,661963,0,535833,
mcs50_b06m_s25.A04,mcs50_b06m_s25.B04,ll_lum,15,24,2561121,0.376906,0,25,39921,0.00578866,1648475,1648475,0,1269451,
mcs50_b06m_s25.A05,mcs50_b06m_s25.B05,ll_lum,15,20,1897716,0.282847,0,25,405826,0.0604383,1212356,1212356,0,924248,
mcs50_b06m_s25.A06,mcs50_b06m_s25.B06,ll_lum,16,21,871273,0.134497,0,25,546440,0.0838415,557944,557944,0,436769,
mcs50_b06m_s25.A07,mcs50_b06m_s25.B07,ll_lum,15,18,1741387,0.266863,0,25,5100,0.000674524,1112251,1112251,0,865146,
mcs50_b06m_s25.A08,mcs50_b06m_s25.B08,ll_lum,15,30,2641937,0.784381,0,25,6254,0.00171814,1667041,1667041,0,1234769,
mcs50_b06m_s25.A09,mcs50_b06m_s25.B09,ll_lum,15,19,1756590,0.26102,0,25,48087,0.00723027,1162990,1162990,0,921623,
mcs50_b06m_s30.A00,mcs50_b06m_s30.B00,ll_lum,18,21,17466779,2.62441,0,30,169911,0.0256562,11398739,11398739,0,8803753,
mcs50_b06m_s30.A01,mcs50_b06m_s30.B01,ll_lum,18,19,20623278,3.15662,0,30,2080516,0.314135,13454740,13454740,0,10399723,
mcs50_b06m_s30.A02,mcs50_b06m_s30.B02,ll_lum,18,20,25721047,3.88452,0,30,3080240,0.446404,16861493,16861493,0,13207123,
mcs50_b06m_s30.A03,mcs50_b06m_s30.B03,ll_lum,18,45,27970702,4.19544,0,30,375432,0.0584249,18087122,18087122,0,13839159,
mcs50_b06m_s30.A04,mcs50_b06m_s30.B04,ll_lum,19,45,9168033,1.42463,0,30,2712151,0.41184,6085482,6085482,0,4840453,
mcs50_b06m_s30.A05,mcs50_b06m_s30.B05,ll_lum,19,24,18135335,2.76763,0,30,17837835,2.72221,12157822,12157822,0,9631783,
mcs50_b06m_s30.A06,mcs50_b06m_s30.B06,ll_lum,19,20,7741376,1.20376,0,30,3524025,0.530943,5139381,5139381,0,4165464,
mcs50_b06m_s30.A07,mcs50_b06m_s30.B07,ll_lum,19,22,18321435,2.80756,0,30,15889703,2.42104,11858899,11858899,0,9266624,
mcs50_b06m_s30.A08,mcs50_b06m_s30.B08,ll_lum,19,40,6660682,1.07078,0,30,112829,0.0154855,4428372,4428372,0,3575524,
mcs50_b06m_s30.A09,mcs50_b06m_s30.B09,ll_lum,19,21,7422304,1.12327,0,30,1753443,0.270906,4954939,4954939,0,3925911,
mcs50_b06m_s35.A00,mcs50_b06m_s35.B00,ll_lum,22,22,129894655,30.738,0,35,69178936,16.2022,85151513,85151513,0,65508191,
mcs50_b06m_s35.A01,mcs50_b06m_s35.B01,ll_lum,22,23,97756388,16.4088,0,35,21195524,3.4773,65142730,65142730,0,50559808,
mcs50_b06m_s35.A02,mcs50_b06m_s35.B02,ll_lum,22,26,121008028,22.8043,0,35,24266408,4.46803,80799350,80799350,0,65083897,
mcs50_b06m_s35.A03,mcs50_b06m_s35.B03,ll_lum,21,24,339580347,51.4797,0,35,78814151,11.6964,226261693,226261693,0,178057354,
mcs50_b06m_s35.A04,mcs50_b06m_s35.B04,ll_lum,22,24,415844861,64.5112,0,35,411722609,63.8793,280595262,280595262,0,226074067,
mcs50_b06m_s35.A05,mcs50_b06m_s35.B05,ll_lum,22,26,163254435,25.464,0,35,75768069,11.6539,107712313,107712313,0,84307960,
mcs50_b06m_s35.A06,mcs50_b06m_s35.B06,ll_lum,21,23,303562218,46.1269,0,35,36214636,5.29334,205525769,205525769,0,162011981,
mcs50_b06m_s35.A07,mcs50_b06m_s35.B07,ll_lum,22,47,92266034,14.7811,0,35,36303784,5.74018,60999123,60999123,0,48307078,
mcs50_b06m_s35.A08,mcs50_b06m_s35.B08,ll_lum,22,24,229824978,35.8573,0,35,205064428,31.9606,151780379,151780379,0,119633018,
mcs50_b06m_s35.A09,mcs50_b06m_s35.B09,ll_lum,21,23,381347206,57.8325,0,35,4105125,0.615466,255657247,255657247,0,202916071,
mcs50_b06m_s40.A00,mcs50_b06m_s40.B00,ll_lum,25,28,1102845226,370.32,0,40,38124196,12.3051,733084327,733084327,0,580390934,
mcs50_b06m_s40.A01,mcs50_b06m_s40.B01,ll_lum,25,31,2729282731,434.247,0,40,2189205421,347.137,1812944851,1812944851,0,1438829583,
mcs50_b06m_s40.A02,mcs50_b06m_s40.B02,ll_lum,25,32,1027107143,175.749,0,40,401394388,67.0266,693389164,693389164,0,553298452,
mcs50_b06m_s40.A03,mcs50_b06m_s40.B03,ll_lum,25,24,3151606331,493.439,0,40,3142814337,492.043,2137384458,2137384458,0,1685777466,
mcs50_b06m_s40.A04,mcs50_b06m_s40.B04,ll_lum,24,27,3166470712,502.229,0,40,187343285,28.9063,2120767334,2120767334,0,1666996580,
mcs50_b06m_s40.A05,mcs50_b06m_s40.B05,ll_lum,25,38,883166936,139.79,0,40,16273664,2.44151,603932961,603932961,0,478754730,
mcs50_b06m_s40.A06,mcs50_b06m_s40.B06,ll_lum,24,44,6129390323,936.721,0,40,1680179618,251.961,4124906503,4124906503,0,3208368437,
mcs50_b06m_s40.A07,mcs50_b06m_s40.B07,ll_lum,25,32,1855736056,302.435,0,40,895105107,141.549,1230865227,1230865227,0,987805260,
mcs50_b06m_s40.A08,mcs50_b06m_s40.B08,ll_lum,25,62,1875267751,297.891,0,40,1354031159,213.612,1271701681,1271701681,0,1026269611,
mcs50_b06m_s40.A09,mcs50_b06m_s40.B09,ll_lum,24,24,3905501433,843.646,0,40,900647976,187.309,2608362223,2608362223,0,2048729177,
mcs50_b06m_s50.A00,mcs50_b06m_s50.B00,ll_lum,29,39,6033630575,1000.02,1,50,897066728,141.899,3883166699,3883166699,0,3020186509,
mcs50_b06m_s50.A01,mcs50_b06m_s50.B01,ll_lum,31,29,5477390284,1000.01,1,50,5146541700,938.797,3666830010,3666830010,0,2942570418,
mcs50_b06m_s50.A02,mcs50_b06m_s50.B02,ll_lum,29,64,6300169249,1000.01,1,50,3975,0.000534695,4146848398,4146848398,0,3339841721,
mcs50_b06m_s50.A03,mcs50_b06m_s50.B03,ll_lum,29,30,6567197450,1000.01,1,50,97184401,14.6594,4380099445,4380099445,0,3443038195,
mcs50_b06m_s50.A04,mcs50_b06m_s50.B04,ll_lum,30,68,5468385662,1000.02,1,50,66259586,11.009,3659771827,3659771827,0,2878060577,
mcs50_b06m_s50.A05,mcs50_b06m_s50.B05,ll_lum,30,33,6287192963,1000.02,1,50,817673679,122.399,4289909336,4289909336,0,3452881883,
mcs50_b06m_s50.A06,mcs50_b06m_s50.B06,ll_lum,30,36,6355994553,1000.02,1,50,5037502656,786.598,4167266594,4167266594,0,3278697963,
mcs50_b06m_s50.A07,mcs50_b06m_s50.B07,ll_lum,29,36,6441894648,1000.02,1,50,605397083,91.3287,4272544716,4272544716,0,3390721893,
mcs50_b06m_s50.A08,mcs50_b06m_s50.B08,ll_lum,29,30,6336334817,1000.01,1,50,987199047,151.057,4304503509,4304503509,0,3457794917,
mcs50_b06m_s50.A09,mcs50_b06m_s50.B09,ll_lum,30,59,6584258399,1000.01,1,50,4265590391,625.267,4476444020,4476444020,0,3602457127,
mcs50_b06m_s60.A00,mcs50_b06m_s60.B00,ll_lum,34,39,6859568371,1000.01,1,60,26045859,3.70964,4573134841,4573134841,0,3572931951,
mcs50_b06m_s60.A01,mcs50_b06m_s60.B01,ll_lum,34,32,6768457402,1000.01,1,60,6159357547,907.706,4624493391,4624493391,0,3728770152,
mcs50_b06m_s60.A02,mcs50_b06m_s60.B02,ll_lum,34,39,6550220440,1000.02,1,60,137885665,19.6783,4336460650,4336460650,0,3443646544,
mcs50_b06m_s60.A03,mcs50_b06m_s60.B03,ll_lum,34,40,6423132893,1000.01,1,60,810033497,116.664,4294600189,4294600189,0,3447129252,
mcs50_b06m_s60.A04,mcs50_b06m_s60.B04,ll_lum,34,37,6612747718,1000.01,1,60,330124523,46.9037,4303957187,4303957187,0,3360403956,
mcs50_b06m_s60.A05,mcs50_b06m_s60.B05,ll_lum,33,40,6620936939,1000.02,1,60,299191310,43.3283,4289251330,4289251330,0,3362287870,
mcs50_b06m_s60.A06,mcs50_b06m_s60.B06,ll_lum,34,38,6690944133,1000.02,1,60,1212584742,171.8,4588773676,4588773676,0,3545952536,
mcs50_b06m_s60.A07,mcs50_b06m_s60.B07,ll_lum,34,35,6483233658,1000.01,1,60,213459769,32.0524,4223658650,4223658650,0,3275378567,
mcs50_b06m_s60.A08,mcs50_b06m_s60.B08,ll_lum,34,39,7026319696,1000.02,1,60,6958276601,989.844,4914131113,4914131113,0,3811153109,
mcs50_b06m_s60.A09,mcs50_b06m_s60.B09,ll_lum,34,30,6464927986,1000.02,1,60,385556531,57.1529,4274901620,4274901620,0,3369858865,
mcs50_b06m_s70.A00,mcs50_b06m_s70.B00,ll_lum,38,37,6314843657,1000.02,1,70,209598398,29.8414,4233843815,4233843815,0,3359838306,
mcs50_b06m_s70.A01,mcs50_b06m_s70.B01,ll_lum,38,42,6757519386,1000.02,1,70,970829316,142.797,4386337829,4386337829,0,3230046527,
mcs50_b06m_s70.A02,mcs50_b06m_s70.B02,ll_lum,39,40,6445136324,1000.02,1,70,1746684591,272.443,4295461444,4295461444,0,3438093823,
mcs50_b06m_s70.A03,mcs50_b06m_s70.B03,ll_lum,42,56,5938511850,1000.01,1,70,4231949765,708.313,3853666490,3853666490,0,3036748193,
mcs50_b06m_s70.A04,mcs50_b06m_s70.B04,ll_lum,39,46,6752152716,1000.02,1,70,809682549,109.445,4483423250,4483423250,0,3392300988,
mcs50_b06m_s70.A05,mcs50_b06m_s70.B05,ll_lum,39,42,6809477793,1000.02,1,70,893172785,124.686,4717815379,4717815379,0,3629833819,
mcs50_b06m_s70.A06,mcs50_b06m_s70.B06,ll_lum,39,38,6247589949,1000.02,1,70,1291043094,198.157,4100309718,4100309718,0,3238618569,
mcs50_b06m_s70.A07,mcs50_b06m_s70.B07,ll_lum,39,41,6237649025,1000.02,1,70,1054665226,158.665,4088603455,4088603455,0,3139092702,
mcs50_b06m_s70.A08,mcs50_b06m_s70.B08,ll_lum,39,43,6529906746,1000.02,1,70,109020311,15.7443,4204327062,4204327062,0,3232282064,
mcs50_b06m_s70.A09,mcs50_b06m_s70.B09,ll_lum,39,41,6534188857,1000.02,1,70,14645611,1.98122,4305760831,4305760831,0,3321104556,
mcs50_b06m_s80.A00,mcs50_b06m_s80.B00,ll_lum,43,45,7007337097,1000.02,1,80,40447708,5.46233,4502384176,4502384176,0,3380446831,
mcs50_b06m_s80.A01,mcs50_b06m_s80.B01,ll_lum,43,46,6676927022,1000.01,1,80,769772293,107.161,4498011235,4498011235,0,3415590509,
mcs50_b06m_s80.A02,mcs50_b06m_s80.B02,ll_lum,43,43,6583197278,1000.02,1,80,1791664004,256.268,4573370295,4573370295,0,3534531107,
mcs50_b06m_s80.A03,mcs50_b06m_s80.B03,ll_lum,48,124,5345756544,1000.01,1,80,6553,0.00080891,3261236592,3261236592,0,2491618167,
mcs50_b06m_s80.A04,mcs50_b06m_s80.B04,ll_lum,43,42,7131724515,1000.01,1,80,1179096101,157.471,4732462037,4732462037,0,3672999491,
mcs50_b06m_s80.A05,mcs50_b06m_s80.B05,ll_lum,45,45,6349236205,1000.01,1,80,341132878,52.3866,4174755484,4174755484,0,3178988619,
mcs50_b06m_s80.A06,mcs50_b06m_s80.B06,ll_lum,43,43,6583950374,1000.02,1,80,327897880,46.9763,4482589960,4482589960,0,3377275720,
mcs50_b06m_s80.A07,mcs50_b06m_s80.B07,ll_lum,45,44,6754923383,1000.02,1,80,6132464406,896.071,4477012620,4477012620,0,3480731582,
mcs50_b06m_s80.A08,mcs50_b06m_s80.B08,ll_lum,44,53,6306112860,1000.02,1,80,4314653400,693.788,4091360476,4091360476,0,3081702495,
mcs50_b06m_s80.A09,mcs50_b06m_s80.B09,ll_lum,47,54,6084389209,1000.01,1,80,147797118,23.1824,3888861006,3888861006,0,3066018914,
mcs50_b06m_s90.A00,mcs50_b06m_s90.B00,ll_lum,49,57,5944948258,1000.02,1,90,359467512,58.154,3857886503,3857886503,0,2983760441,
mcs50_b06m_s90.A01,mcs50_b06m_s90.B01,ll_lum,49,48,6240865148,1000.01,1,90,2432844617,377.75,3965882138,3965882138,0,3056073026,
mcs50_b06m_s90.A02,mcs50_b06m_s90.B02,ll_lum,46,45,7028398308,1000.01,1,90,140048363,19.4245,4494284363,4494284363,0,3320861100,
mcs50_b06m_s90.A03,mcs50_b06m_s90.B03,ll_lum,55,81,5822413894,1000.01,1,90,3385352344,566.27,3723602265,3723602265,0,2827674496,
mcs50_b06m_s90.A04,mcs50_b06m_s90.B04,ll_lum,47,46,7067321660,1000.02,1,90,1002976760,140.012,4820202373,4820202373,0,3598373098,
mcs50_b06m_s90.A05,mcs50_b06m_s90.B05,ll_lum,49,52,6609082731,1000.02,1,90,615102852,82.4146,4527649548,4527649548,0,3459284324,
mcs50_b06m_s90.A06,mcs50_b06m_s90.B06,ll_lum,48,50,6519532947,1000.02,1,90,5007915094,768.555,4197612137,4197612137,0,3287418706,
mcs50_b06m_s90.A07,mcs50_b06m_s90.B07,ll_lum,47,45,6291827698,1000.01,1,90,2232121204,342.519,3946171645,3946171645,0,2868614285,
mcs50_b06m_s90.A08,mcs50_b06m_s90.B08,ll_lum,51,50,6533097637,1000.01,1,90,5486133994,844.121,4402959177,4402959177,0,3317790979,
mcs50_b06m_s90.A09,mcs50_b06m_s90.B09,ll_lum,50,50,6402651439,1000.02,1,90,1464516414,206.28,4249116861,4249116861,0,3305919512,
mcs50_b09_s100.A00,mcs50_b09_s100.B00,ll_lum,52,155,4482567993,1000.01,1,100,88186549,18.3133,2538958746,2538958746,0,1961997549,
mcs50_b09_s100.A01,mcs50_b09_s100.B01,ll_lum,55,213,4146218186,1000,1,100,87212,0.0147778,2194676583,2194676583,0,1718131582,
mcs50_b09_s100.A02,mcs50_b09_s100.B02,ll_lum,56,213,4043852884,1000.02,1,100,934,0.000240902,2287448906,2287448906,0,1905307135,
mcs50_b09_s100.A03,mcs50_b09_s100.B03,ll_lum,44,69,4433130887,1000.02,1,100,1390092969,298.457,3000903370,3000903370,0,2532731145,
mcs50_b09_s100.A04,mcs50_b09_s100.B04,ll_lum,43,66,6003741985,1000.02,1,100,222366249,36.0788,3803264618,3803264618,0,3050748177,
mcs50_b09_s100.A05,mcs50_b09_s100.B05,ll_lum,46,81,5716904130,1000.02,1,100,1465310512,248.896,3521501027,3521501027,0,2902711447,
mcs50_b09_s100.A06,mcs50_b09_s100.B06,ll_lum,44,61,5977699697,1000.01,1,100,2972429496,491.122,3871129195,3871129195,0,3064561504,
mcs50_b09_s100.A07,mcs50_b09_s100.B07,ll_lum,48,118,4342768494,1000.01,1,100,2431763700,546.583,2637123110,2637123110,0,2239821772,
mcs50_b09_s100.A08,mcs50_b09_s100.B08,ll_lum,44,52,6495796025,1000.02,1,100,817354420,122.983,4310816725,4310816725,0,3464500818,
mcs50_b09_s100.A09,mcs50_b09_s100.B09,ll_lum,46,77,5641918134,1000.02,1,100,388089753,64.1496,3675997201,3675997201,0,3077240369,
mcs50_b09_s20.A00,mcs50_b09_s20.B00,ll_lum,14,55,16505,0.00308258,0,20,3364,0.000596135,11175,11175,0,9407,
mcs50_b09_s20.A01,mcs50_b09_s20.B01,ll_lum,13,47,28093,0.00509413,0,20,1531,0.000239288,19182,19182,0,15819,
mcs50_b09_s20.A02,mcs50_b09_s20.B02,ll_lum,14,54,17763,0.00311381,0,20,322,6.2013e-05,11975,11975,0,9897,
mcs50_b09_s20.A03,mcs50_b09_s20.B03,ll_lum,14,59,21844,0.00373373,0,20,11339,0.00186151,14345,14345,0,11690,
mcs50_b09_s20.A04,mcs50_b09_s20.B04,ll_lum,15,49,4262,0.000814644,0,20,865,0.000160792,3032,3032,0,2494,
mcs50_b09_s20.A05,mcs50_b09_s20.B05,ll_lum,14,47,21006,0.0037072,0,20,16494,0.00286638,14206,14206,0,11735,
mcs50_b09_s20.A06,mcs50_b09_s20.B06,ll_lum,14,49,8814,0.00158988,0,20,831,0.000133971,6296,6296,0,5442,
mcs50_b09_s20.A07,mcs50_b09_s20.B07,ll_lum,14,50,9527,0.00171416,0,20,3380,0.000569605,6505,6505,0,5481,
mcs50_b09_s20.A08,mcs50_b09_s20.B08,ll_lum,14,53,12989,0.00230516,0,20,2642,0.000467713,8872,8872,0,7566,
mcs50_b09_s20.A09,mcs50_b09_s20.B09,ll_lum,14,46,12288,0.00221204,0,20,1055,0.000187702,8230,8230,0,6729,
mcs50_b09_s25.A00,mcs50_b09_s25.B00,ll_lum,15,38,670446,0.129564,0,25,361033,0.0690703,439782,439782,0,365785,
mcs50_b09_s25.A01,mcs50_b09_s25.B01,ll_lum,14,36,1268339,0.239998,0,25,26936,0.00483822,810292,810292,0,683240,
mcs50_b09_s25.A02,mcs50_b09_s25.B02,ll_lum,14,50,1231147,0.221749,0,25,77,2.022e-05,793816,793816,0,657990,
mcs50_b09_s25.A03,mcs50_b09_s25.B03,ll_lum,14,34,1349647,0.249217,0,25,2808,0.000499691,854958,854958,0,713200,
mcs50_b09_s25.A04,mcs50_b09_s25.B04,ll_lum,14,36,1433853,0.259204,0,25,1519,0.000237448,927462,927462,0,777521,
mcs50_b09_s25.A05,mcs50_b09_s25.B05,ll_lum,14,56,1540457,0.291322,0,25,15,1.1858e-05,971103,971103,0,824059,
mcs50_b09_s25.A06,mcs50_b09_s25.B06,ll_lum,15,50,486989,0.0946865,0,25,21963,0.00382904,319022,319022,0,276094,
mcs50_b09_s25.A07,mcs50_b09_s25.B07,ll_lum,14,57,1274879,0.231606,0,25,5658,0.0010155,823079,823079,0,684920,
mcs50_b09_s25.A08,mcs50_b09_s25.B08,ll_lum,14,42,1137260,0.20506,0,25,33820,0.0060572,737596,737596,0,619112,
mcs50_b09_s25.A09,mcs50_b09_s25.B09,ll_lum,15,48,413885,0.080489,0,25,24175,0.00440648,277172,277172,0,236001,
mcs50_b09_s30.A00,mcs50_b09_s30.B00,ll_lum,16,66,20396578,3.87714,0,30,1127954,0.202352,12756875,12756875,0,10920527,
mcs50_b09_s30.A01,mcs50_b09_s30.B01,ll_lum,18,61,3908442,0.805325,0,30,1403652,0.288066,2463160,2463160,0,2139900,
mcs50_b09_s30.A02,mcs50_b09_s30.B02,ll_lum,17,67,9721997,1.90462,0,30,707596,0.134294,6043375,6043375,0,5152422,
mcs50_b09_s30.A03,mcs50_b09_s30.B03,ll_lum,17,66,6442412,1.30487,0,30,281511,0.0553232,4055860,4055860,0,3513038,
mcs50_b09_s30.A04,mcs50_b09_s30.B04,ll_lum,17,46,14818248,2.96652,0,30,8236497,1.6297,9150626,9150626,0,7898889,
mcs50_b09_s30.A05,mcs50_b09_s30.B05,ll_lum,18,70,6656315,1.34146,0,30,3527280,0.68984,4107176,4107176,0,3590719,
mcs50_b09_s30.A06,mcs50_b09_s30.B06,ll_lum,17,69,10456922,2.04224,0,30,1529989,0.298543,6550782,6550782,0,5555260,
mcs50_b09_s30.A07,mcs50_b09_s30.B07,ll_lum,16,56,17622718,3.26572,0,30,2916925,0.522298,11065999,11065999,0,9404381,
mcs50_b09_s30.A08,mcs50_b09_s30.B08,ll_lum,17,59,6844861,1.39212,0,30,7990,0.00137528,4314460,4314460,0,3740521,
mcs50_b09_s30.A09,mcs50_b09_s30.B09,ll_lum,17,67,9659435,1.88524,0,30,1051350,0.197729,5948075,5948075,0,5093171,
mcs50_b09_s35.A00,mcs50_b09_s35.B00,ll_lum,20,79,55699282,22.7498,0,35,15652928,6.26841,35419984,35419984,0,30504747,
mcs50_b09_s35.A01,mcs50_b09_s35.B01,ll_lum,21,63,30918283,6.27875,0,35,20493365,4.13454,19811834,19811834,0,17269883,
mcs50_b09_s35.A02,mcs50_b09_s35.B02,ll_lum,19,77,110051785,21.1194,0,35,1280777,0.224501,70088850,70088850,0,59278966,
mcs50_b09_s35.A03,mcs50_b09_s35.B03,ll_lum,19,75,127146278,24.8127,0,35,873512,0.165114,81569163,81569163,0,70064826,
mcs50_b09_s35.A04,mcs50_b09_s35.B04,ll_lum,20,54,64717666,12.9518,0,35,20735683,4.06506,41424893,41424893,0,35703344,
mcs50_b09_s35.A05,mcs50_b09_s35.B05,ll_lum,19,22,76803540,14.6803,0,35,4617821,0.848667,49738490,49738490,0,41993963,
mcs50_b09_s35.A06,mcs50_b09_s35.B06,ll_lum,19,49,122450463,23.6192,0,35,3535046,0.651613,78058701,78058701,0,66599031,
mcs50_b09_s35.A07,mcs50_b09_s35.B07,ll_lum,21,71,24278616,5.08679,0,35,3319629,0.628291,15463367,15463367,0,13470389,
mcs50_b09_s35.A08,mcs50_b09_s35.B08,ll_lum,19,54,131540186,25.5229,0,35,36294359,6.99922,83838450,83838450,0,71060329,
mcs50_b09_s35.A09,mcs50_b09_s35.B09,ll_lum,20,79,49255408,10.1051,0,35,3889435,0.738638,31363366,31363366,0,27162421,
mcs50_b09_s40.A00,mcs50_b09_s40.B00,ll_lum,23,93,301893205,63.5347,0,40,1058848,0.208386,196340306,196340306,0,169600513,
mcs50_b09_s40.A01,mcs50_b09_s40.B01,ll_lum,22,93,987177623,201.879,0,40,82669153,16.2939,632881628,632881628,0,542524793,
mcs50_b09_s40.A02,mcs50_b09_s40.B02,ll_lum,24,87,203225647,43.8813,0,40,113205844,23.9726,130493337,130493337,0,114673958,
mcs50_b09_s40.A03,mcs50_b09_s40.B03,ll_lum,23,87,334341220,70.038,0,40,43445760,8.80079,217075677,217075677,0,187257114,
mcs50_b09_s40.A04,mcs50_b09_s40.B04,ll_lum,23,69,372851635,77.7065,0,40,77580409,15.9739,241232316,241232316,0,209546161,
mcs50_b09_s40.A05,mcs50_b09_s40.B05,ll_lum,23,94,383126871,81.7947,0,40,14534553,2.91371,249000537,249000537,0,217871536,
mcs50_b09_s40.A06,mcs50_b09_s40.B06,ll_lum,23,94,277095357,58.078,0,40,4718379,0.831962,180488880,180488880,0,155390904,
mcs50_b09_s40.A07,mcs50_b09_s40.B07,ll_lum,23,95,256964784,109.675,0,40,76026437,32.7872,166856556,166856556,0,144433415,
mcs50_b09_s40.A08,mcs50_b09_s40.B08,ll_lum,24,80,180087726,78.1289,0,40,73595189,31.553,116400882,116400882,0,102043319,
mcs50_b09_s40.A09,mcs50_b09_s40.B09,ll_lum,23,71,345965234,72.4783,0,40,13625114,2.70383,223949591,223949591,0,194389444,
mcs50_b09_s50.A00,mcs50_b09_s50.B00,ll_lum,26,84,5148828506,1000.03,1,50,545901825,101.661,3362317325,3362317325,0,2882197902,
mcs50_b09_s50.A01,mcs50_b09_s50.B01,ll_lum,27,80,4829314164,1000.02,1,50,109145225,20.8799,3171966833,3171966833,0,2766045029,
mcs50_b09_s50.A02,mcs50_b09_s50.B02,ll_lum,28,104,4840217552,1000.01,1,50,4484443562,923.921,3159158755,3159158755,0,2755745212,
mcs50_b09_s50.A03,mcs50_b09_s50.B03,ll_lum,26,103,5040488133,1000.02,1,50,689966016,129.872,3305344373,3305344373,0,2859599217,
mcs50_b09_s50.A04,mcs50_b09_s50.B04,ll_lum,27,88,4973977212,1000.02,1,50,815816070,145.807,3226196451,3226196451,0,2781776599,
mcs50_b09_s50.A05,mcs50_b09_s50.B05,ll_lum,30,96,4507890360,1000.02,1,50,721489608,155.048,3036901914,3036901914,0,2688098375,
mcs50_b09_s50.A06,mcs50_b09_s50.B06,ll_lum,27,102,4867769456,1000.02,1,50,1855351354,368.352,3159875022,3159875022,0,2740992609,
mcs50_b09_s50.A07,mcs50_b09_s50.B07,ll_lum,27,85,5127534943,1000.01,1,50,960605631,183.893,3380992586,3380992586,0,2914054794,
mcs50_b09_s50.A08,mcs50_b09_s50.B08,ll_lum,27,104,4889034393,1000.02,1,50,631996454,115.168,3168149351,3168149351,0,2745081204,
mcs50_b09_s50.A09,mcs50_b09_s50.B09,ll_lum,29,115,4713631091,1000.01,1,50,3726371141,777.525,3073559423,3073559423,0,2673854089,
mcs50_b09_s60.A00,mcs50_b09_s60.B00,ll_lum,27,33,5881299100,1000.02,1,60,513838382,85.0547,3858126198,3858126198,0,3253439071,
mcs50_b09_s60.A01,mcs50_b09_s60.B01,ll_lum,28,40,5439573739,1000.02,1,60,7669163,1.16534,3569178306,3569178306,0,3019666769,
mcs50_b09_s60.A02,mcs50_b09_s60.B02,ll_lum,33,123,4835946165,1000.01,1,60,2655086149,517.572,3129086104,3129086104,0,2722557534,
mcs50_b09_s60.A03,mcs50_b09_s60.B03,ll_lum,29,74,5788881820,1000.01,1,60,4515379458,764.871,3799994797,3799994797,0,3128705251,
mcs50_b09_s60.A04,mcs50_b09_s60.B04,ll_lum,31,128,2437885438,1000.02,1,60,52794131,20.7448,1598693416,1598693416,0,1384592078,
mcs50_b09_s60.A05,mcs50_b09_s60.B05,ll_lum,30,53,2605003337,1000.02,1,60,130728042,47.3583,1701375549,1701375549,0,1454270799,
mcs50_b09_s60.A06,mcs50_b09_s60.B06,ll_lum,31,55,2501785083,1000.01,1,60,763275965,282.218,1605780563,1605780563,0,1389605825,
mcs50_b09_s60.A07,mcs50_b09_s60.B07,ll_lum,28,37,5740908012,1000.02,1,60,1418526474,239.083,3721026277,3721026277,0,3118448332,
mcs50_b09_s60.A08,mcs50_b09_s60.B08,ll_lum,31,105,2472584207,1000.02,1,60,254652277,98.8203,1594289147,1594289147,0,1382756344,
mcs50_b09_s60.A09,mcs50_b09_s60.B09,ll_lum,31,82,2516539903,1000.02,1,60,425764704,155.563,1623010784,1623010784,0,1394555967,
mcs50_b09_s70.A00,mcs50_b09_s70.B00,ll_lum,32,54,5912171534,1000.02,1,70,3024328940,488.891,3859634893,3859634893,0,3196824976,
mcs50_b09_s70.A01,mcs50_b09_s70.B01,ll_lum,34,50,5551138788,1000.02,1,70,3978631609,709.362,3595924948,3595924948,0,3007228876,
mcs50_b09_s70.A02,mcs50_b09_s70.B02,ll_lum,31,41,5692877309,1000.02,1,70,855517878,151.472,3626491421,3626491421,0,3049520490,
mcs50_b09_s70.A03,mcs50_b09_s70.B03,ll_lum,31,37,5871549648,1000.01,1,70,414729063,71.1899,3813428988,3813428988,0,3142718236,
mcs50_b09_s70.A04,mcs50_b09_s70.B04,ll_lum,33,58,5356596683,1000.02,1,70,129650615,25.1983,3486897482,3486897482,0,2956676804,
mcs50_b09_s70.A05,mcs50_b09_s70.B05,ll_lum,32,31,5719569824,1000.02,1,70,1100259491,182.013,3735288035,3735288035,0,3079596693,
mcs50_b09_s70.A06,mcs50_b09_s70.B06,ll_lum,31,36,3084636350,1000.03,1,70,848722673,267.333,2053815992,2053815992,0,1689704100,
mcs50_b09_s70.A07,mcs50_b09_s70.B07,ll_lum,38,157,4484351085,1000.01,1,70,39,5.7547e-05,2786501690,2786501690,0,2462124109,
mcs50_b09_s70.A08,mcs50_b09_s70.B08,ll_lum,33,70,5795569456,1000.01,1,70,3308218560,552.161,3768503950,3768503950,0,3113256003,
mcs50_b09_s70.A09,mcs50_b09_s70.B09,ll_lum,31,39,5766047289,1000.02,1,70,215621047,32.9398,3828112730,3828112730,0,3195846116,
mcs50_b09_s80.A00,mcs50_b09_s80.B00,ll_lum,35,48,6381811508,1000.01,1,80,29265504,4.1334,4117606569,4117606569,0,3278311817,
mcs50_b09_s80.A01,mcs50_b09_s80.B01,ll_lum,38,102,5278409169,1000.01,1,80,82018961,15.4974,3362205833,3362205833,0,2829165135,
mcs50_b09_s80.A02,mcs50_b09_s80.B02,ll_lum,38,99,5406105573,1000.01,1,80,4385915078,806.504,3538586324,3538586324,0,3004801283,
mcs50_b09_s80.A03,mcs50_b09_s80.B03,ll_lum,38,88,5456266304,1000.01,1,80,58020,0.00955966,3606717713,3606717713,0,3095557573,
mcs50_b09_s80.A04,mcs50_b09_s80.B04,ll_lum,41,120,5015550721,1000.02,1,80,4151793,0.733005,3217654900,3217654900,0,2738433018,
mcs50_b09_s80.A05,mcs50_b09_s80.B05,ll_lum,40,100,2598537949,1000.02,1,80,14189189,5.49717,1700499653,1700499653,0,1419330954,
mcs50_b09_s80.A06,mcs50_b09_s80.B06,ll_lum,40,103,4666115480,1000.02,1,80,535659105,114.522,2972620324,2972620324,0,2494734686,
mcs50_b09_s80.A07,mcs50_b09_s80.B07,ll_lum,35,45,5768520040,1000.03,1,80,190890365,31.1415,3822033806,3822033806,0,3100865937,
mcs50_b09_s80.A08,mcs50_b09_s80.B08,ll_lum,39,102,5526539016,1000.02,1,80,16553061,3.25937,3656092201,3656092201,0,3075543430,
mcs50_b09_s80.A09,mcs50_b09_s80.B09,ll_lum,38,120,5502347622,1000.01,1,80,28336113,5.17907,3589776336,3589776336,0,3023037963,
mcs50_b09_s90.A00,mcs50_b09_s90.B00,ll_lum,40,58,5796300036,1000.01,1,90,1729221076,282.16,3663339659,3663339659,0,2975942837,
mcs50_b09_s90.A01,mcs50_b09_s90.B01,ll_lum,39,42,5986956588,1000.01,1,90,2105722876,342.052,3878813847,3878813847,0,3230371827,
mcs50_b09_s90.A02,mcs50_b09_s90.B02,ll_lum,39,45,5702856972,1000.01,1,90,1790434219,305.032,3631667696,3631667696,0,3047037566,
mcs50_b09_s90.A03,mcs50_b09_s90.B03,ll_lum,50,157,4355161936,1000.01,1,90,3969564964,911.206,2669113254,2669113254,0,2269280601,
mcs50_b09_s90.A04,mcs50_b09_s90.B04,ll_lum,39,60,6176828925,1000.01,1,90,1352682310,215.767,4030022664,4030022664,0,3373467433,
mcs50_b09_s90.A05,mcs50_b09_s90.B05,ll_lum,39,43,5737163633,1000.02,1,90,1414715983,237.628,3746187763,3746187763,0,3152670963,
mcs50_b09_s90.A06,mcs50_b09_s90.B06,ll_lum,39,45,5672339223,1000.01,1,90,2001641232,341.649,3677057759,3677057759,0,3036929943,
mcs50_b09_s90.A07,mcs50_b09_s90.B07,ll_lum,41,48,6494562525,1000.01,1,90,5157096323,774.325,4440542669,4440542669,0,3674890052,
mcs50_b09_s90.A08,mcs50_b09_s90.B08,ll_lum,39,57,5636264245,1000.01,1,90,323076689,53.8045,3589965211,3589965211,0,2995273964,
mcs50_b09_s90.A09,mcs50_b09_s90.B09,ll_lum,49,195,4415371242,1000.02,1,90,334,0.000122585,2404494208,2404494208,0,1937701039,
mcs50_b09m_s100.A00,mcs50_b09m_s100.B00,ll_lum,43,51,5764938944,1000.02,1,100,223380732,36.8953,3579706265,3579706265,0,2786237772,
mcs50_b09m_s100.A01,mcs50_b09m_s100.B01,ll_lum,45,46,4822709470,1000.02,1,100,2654521108,528.272,3082305927,3082305927,0,2375116895,
mcs50_b09m_s100.A02,mcs50_b09m_s100.B02,ll_lum,44,54,5836079429,1000.02,1,100,908600064,152.615,3704561082,3704561082,0,2943726410,
mcs50_b09m_s100.A03,mcs50_b09m_s100.B03,ll_lum,43,50,6022133524,1000.01,1,100,2584206511,414.97,3823624361,3823624361,0,3103474376,
mcs50_b09m_s100.A04,mcs50_b09m_s100.B04,ll_lum,44,48,6326900999,1000.02,1,100,3348109492,519.136,3982191802,3982191802,0,2963937618,
mcs50_b09m_s100.A05,mcs50_b09m_s100.B05,ll_lum,44,57,5591501940,1000.02,1,100,350319749,61.3728,3559447562,3559447562,0,2833822787,
mcs50_b09m_s100.A06,mcs50_b09m_s100.B06,ll_lum,44,49,5549276618,1000.02,1,100,22408206,3.7386,3472189872,3472189872,0,2765432449,
mcs50_b09m_s100.A07,mcs50_b09m_s100.B07,ll_lum,43,52,5881548168,1000.01,1,100,23524699,4.06828,3685884092,3685884092,0,2926157155,
mcs50_b09m_s100.A08,mcs50_b09m_s100.B08,ll_lum,44,56,5879551360,1000.02,1,100,747831274,122.193,3732800714,3732800714,0,2917085490,
mcs50_b09m_s100.A09,mcs50_b09m_s100.B09,ll_lum,44,45,6160962912,1000.02,1,100,756609541,106.174,3916434489,3916434489,0,3097396212,
mcs50_b09m_s20.A00,mcs50_b09m_s20.B00,ll_lum,12,38,72599,0.0147551,0,20,9740,0.00172985,48043,48043,0,39848,
mcs50_b09m_s20.A01,mcs50_b09m_s20.B01,ll_lum,12,29,58638,0.0104566,0,20,254,5.0487e-05,39342,39342,0,32985,
mcs50_b09m_s20.A02,mcs50_b09m_s20.B02,ll_lum,12,33,80352,0.014528,0,20,9565,0.00164515,53727,53727,0,45054,
mcs50_b09m_s20.A03,mcs50_b09m_s20.B03,ll_lum,12,23,88236,0.0151091,0,20,17734,0.00286537,59286,59286,0,48417,
mcs50_b09m_s20.A04,mcs50_b09m_s20.B04,ll_lum,12,29,77497,0.0140038,0,20,7812,0.00130963,51618,51618,0,43165,
mcs50_b09m_s20.A05,mcs50_b09m_s20.B05,ll_lum,13,40,43369,0.00780755,0,20,14609,0.00255347,28689,28689,0,24007,
mcs50_b09m_s20.A06,mcs50_b09m_s20.B06,ll_lum,12,34,103136,0.0183657,0,20,2720,0.000463727,67182,67182,0,55803,
mcs50_b09m_s20.A07,mcs50_b09m_s20.B07,ll_lum,12,30,90872,0.0168287,0,20,8098,0.0013635,59496,59496,0,49944,
mcs50_b09m_s20.A08,mcs50_b09m_s20.B08,ll_lum,12,42,88273,0.0168042,0,20,6082,0.000992879,57967,57967,0,49140,
mcs50_b09m_s20.A09,mcs50_b09m_s20.B09,ll_lum,12,22,70921,0.0120781,0,20,4143,0.000644138,47801,47801,0,40271,
mcs50_b09m_s25.A00,mcs50_b09m_s25.B00,ll_lum,14,30,1597416,0.29332,0,25,263365,0.0462843,1025901,1025901,0,869567,
mcs50_b09m_s25.A01,mcs50_b09m_s25.B01,ll_lum,14,35,1343967,0.243744,0,25,93989,0.0162416,877809,877809,0,742387,
mcs50_b09m_s25.A02,mcs50_b09m_s25.B02,ll_lum,14,25,1615486,0.288287,0,25,340994,0.057559,1056212,1056212,0,884646,
mcs50_b09m_s25.A03,mcs50_b09m_s25.B03,ll_lum,14,21,1609625,0.299793,0,25,20497,0.00356358,1017605,1017605,0,852179,
mcs50_b09m_s25.A04,mcs50_b09m_s25.B04,ll_lum,14,25,1485617,0.278933,0,25,32957,0.00596113,945009,945009,0,816068,
mcs50_b09m_s25.A05,mcs50_b09m_s25.B05,ll_lum,13,23,4094189,0.698894,0,25,2585,0.000443187,2583184,2583184,0,2132649,
mcs50_b09m_s25.A06,mcs50_b09m_s25.B06,ll_lum,15,35,783902,0.162036,0,25,183394,0.0343258,508326,508326,0,439854,
mcs50_b09m_s25.A07,mcs50_b09m_s25.B07,ll_lum,14,25,1498444,0.283546,0,25,52454,0.00908149,962895,962895,0,813390,
mcs50_b09m_s25.A08,mcs50_b09m_s25.B08,ll_lum,14,23,2422105,0.437197,0,25,1161693,0.205907,1526102,1526102,0,1277728,
mcs50_b09m_s25.A09,mcs50_b09m_s25.B09,ll_lum,14,25,1798401,0.336751,0,25,182224,0.0321443,1128270,1128270,0,948459,
mcs50_b09m_s30.A00,mcs50_b09m_s30.B00,ll_lum,16,53,27370605,5.01782,0,30,1118522,0.198496,17298039,17298039,0,14517926,
mcs50_b09m_s30.A01,mcs50_b09m_s30.B01,ll_lum,16,26,27983040,5.22024,0,30,4043870,0.733912,17569335,17569335,0,14757869,
mcs50_b09m_s30.A02,mcs50_b09m_s30.B02,ll_lum,17,44,8677737,1.66027,0,30,107509,0.0192214,5582361,5582361,0,4792215,
mcs50_b09m_s30.A03,mcs50_b09m_s30.B03,ll_lum,16,50,25408313,4.67858,0,30,230228,0.0404623,15925341,15925341,0,13117978,
mcs50_b09m_s30.A04,mcs50_b09m_s30.B04,ll_lum,16,38,16822083,3.08607,0,30,203924,0.0364185,10744931,10744931,0,9139048,
mcs50_b09m_s30.A05,mcs50_b09m_s30.B05,ll_lum,16,21,26001173,4.52595,0,30,7844029,1.38382,16613929,16613929,0,13758363,
mcs50_b09m_s30.A06,mcs50_b09m_s30.B06,ll_lum,16,28,22549860,4.0976,0,30,3666799,0.666374,14572599,14572599,0,12357659,
mcs50_b09m_s30.A07,mcs50_b09m_s30.B07,ll_lum,16,24,26893463,4.80633,0,30,4608890,0.801471,17183735,17183735,0,14392381,
mcs50_b09m_s30.A08,mcs50_b09m_s30.B08,ll_lum,16,22,29516433,5.39423,0,30,2849186,0.493395,18746992,18746992,0,15661472,
mcs50_b09m_s30.A09,mcs50_b09m_s30.B09,ll_lum,16,22,26612523,4.89696,0,30,910678,0.162235,16633855,16633855,0,13777123,
mcs50_b09m_s35.A00,mcs50_b09m_s35.B00,ll_lum,19,25,518632286,90.111,0,35,507462293,88.1982,333961149,333961149,0,274184786,
mcs50_b09m_s35.A01,mcs50_b09m_s35.B01,ll_lum,19,69,118223019,21.9987,0,35,56049,0.00909423,77613888,77613888,0,65835298,
mcs50_b09m_s35.A02,mcs50_b09m_s35.B02,ll_lum,18,60,387698720,69.1553,0,35,784613,0.138022,251609685,251609685,0,209876925,
mcs50_b09m_s35.A03,mcs50_b09m_s35.B03,ll_lum,18,67,543629525,97.3816,0,35,32266798,5.69164,354421336,354421336,0,295130519,
mcs50_b09m_s35.A04,mcs50_b09m_s35.B04,ll_lum,19,70,236543757,44.614,0,35,76425623,14.0756,149667684,149667684,0,126416849,
mcs50_b09m_s35.A05,mcs50_b09m_s35.B05,ll_lum,18,26,438147040,78.8334,0,35,41091615,7.28626,280566556,280566556,0,233947307,
mcs50_b09m_s35.A06,mcs50_b09m_s35.B06,ll_lum,19,56,104677904,19.7097,0,35,10592174,1.92182,68216104,68216104,0,57449437,
mcs50_b09m_s35.A07,mcs50_b09m_s35.B07,ll_lum,19,70,167860996,33.7201,0,35,16655985,3.09287,109789620,109789620,0,93610481,
mcs50_b09m_s35.A08,mcs50_b09m_s35.B08,ll_lum,18,26,510902756,92.1135,0,35,2172411,0.369564,323652015,323652015,0,266278942,
mcs50_b09m_s35.A09,mcs50_b09m_s35.B09,ll_lum,19,64,272920648,49.7319,0,35,113677260,20.1997,173473149,173473149,0,145241247,
mcs50_b09m_s40.A00,mcs50_b09m_s40.B00,ll_lum,22,81,993056516,204.862,0,40,323687064,65.4881,640691355,640691355,0,545869095,
mcs50_b09m_s40.A01,mcs50_b09m_s40.B01,ll_lum,23,90,737637218,139.735,0,40,457636513,81.8697,473678152,473678152,0,400758063,
mcs50_b09m_s40.A02,mcs50_b09m_s40.B02,ll_lum,22,69,992082690,192.713,0,40,6569527,1.21775,648803394,648803394,0,548745860,
mcs50_b09m_s40.A03,mcs50_b09m_s40.B03,ll_lum,23,91,358743014,75.0721,0,40,24,2.5448e-05,233600539,233600539,0,202428761,
mcs50_b09m_s40.A04,mcs50_b09m_s40.B04,ll_lum,22,89,1143990585,219.727,0,40,429793160,79.0562,752780359,752780359,0,640865274,
mcs50_b09m_s40.A05,mcs50_b09m_s40.B05,ll_lum,22,88,1387900300,279.739,0,40,11404882,1.94497,885889991,885889991,0,753819546,
mcs50_b09m_s40.A06,mcs50_b09m_s40.B06,ll_lum,22,82,1075291323,207.255,0,40,224752909,40.1376,701779888,701779888,0,598378674,
mcs50_b09m_s40.A07,mcs50_b09m_s40.B07,ll_lum,22,71,1617854663,324.97,0,40,1112337199,222.538,1061763357,1061763357,0,890734185,
mcs50_b09m_s40.A08,mcs50_b09m_s40.B08,ll_lum,22,67,1956405620,373.398,0,40,1135669580,211.51,1247053096,1247053096,0,1051612526,
mcs50_b09m_s40.A09,mcs50_b09m_s40.B09,ll_lum,21,87,3237432713,622.73,0,40,555255443,102.874,2091784704,2091784704,0,1763073634,
mcs50_b09m_s50.A00,mcs50_b09m_s50.B00,ll_lum,25,28,5520986412,1000.01,1,50,2642674256,462.032,3564230084,3564230084,0,2993563842,
mcs50_b09m_s50.A01,mcs50_b09m_s50.B01,ll_lum,25,30,5267234115,1000.01,1,50,56063164,9.80226,3368671778,3368671778,0,2876182553,
mcs50_b09m_s50.A02,mcs50_b09m_s50.B02,ll_lum,25,28,5528159018,1000.02,1,50,1935883948,343.014,3572420897,3572420897,0,2966317676,
mcs50_b09m_s50.A03,mcs50_b09m_s50.B03,ll_lum,25,28,5423775499,1000.01,1,50,159771529,29.6799,3502897001,3502897001,0,2934885891,
mcs50_b09m_s50.A04,mcs50_b09m_s50.B04,ll_lum,25,26,5729528329,1000.02,1,50,3794598679,653.886,3743618058,3743618058,0,3113881159,
mcs50_b09m_s50.A05,mcs50_b09m_s50.B05,ll_lum,25,32,5704166639,1000.01,1,50,3023668357,517.563,3683497013,3683497013,0,3053061564,
mcs50_b09m_s50.A06,mcs50_b09m_s50.B06,ll_lum,24,28,4132456669,1000.01,1,50,761008817,181.501,2671159087,2671159087,0,2259219230,
mcs50_b09m_s50.A07,mcs50_b09m_s50.B07,ll_lum,24,31,5274426888,1000.02,1,50,698932494,124.573,3363103979,3363103979,0,2810942245,
mcs50_b09m_s50.A08,mcs50_b09m_s50.B08,ll_lum,25,35,2740347554,1000.02,1,50,1766889199,630.312,1744700664,1744700664,0,1456006873,
mcs50_b09m_s50.A09,mcs50_b09m_s50.B09,ll_lum,24,30,2753835300,1000.01,1,50,111451300,39.5234,1738547228,1738547228,0,1461119324,
mcs50_b09m_s60.A00,mcs50_b09m_s60.B00,ll_lum,28,28,5606068287,1000.02,1,60,210736043,34.5834,3652271949,3652271949,0,3056633975,
mcs50_b09m_s60.A01,mcs50_b09m_s60.B01,ll_lum,33,102,4701356998,1000.01,1,60,63427788,12.9216,3089906053,3089906053,0,2727209265,
mcs50_b09m_s60.A02,mcs50_b09m_s60.B02,ll_lum,34,124,4640993857,1000.02,1,60,483519260,93.9819,3067634238,3067634238,0,2696059830,
mcs50_b09m_s60.A03,mcs50_b09m_s60.B03,ll_lum,28,28,4995743896,1000.02,1,60,1575258419,302.471,3217825060,3217825060,0,2665948219,
mcs50_b09m_s60.A04,mcs50_b09m_s60.B04,ll_lum,28,38,5185221873,1000.02,1,60,43950631,8.10248,3298748274,3298748274,0,2667187565,
mcs50_b09m_s60.A05,mcs50_b09m_s60.B05,ll_lum,29,40,5522967544,1000.02,1,60,1714316134,295.583,3558938236,3558938236,0,2992800372,
mcs50_b09m_s60.A06,mcs50_b09m_s60.B06,ll_lum,28,37,5776596166,1000.01,1,60,1864810995,322.471,3685900477,3685900477,0,3041917982,
mcs50_b09m_s60.A07,mcs50_b09m_s60.B07,ll_lum,28,31,5648563251,1000.02,1,60,3208190108,560.593,3655110138,3655110138,0,3097598015,
mcs50_b09m_s60.A08,mcs50_b09m_s60.B08,ll_lum,28,40,5687350373,1000.02,1,60,2417409599,419.362,3596171508,3596171508,0,2956172129,
mcs50_b09m_s60.A09,mcs50_b09m_s60.B09,ll_lum,28,35,5601763647,1000.01,1,60,212006533,34.58,3531786967,3531786967,0,2902572017,
mcs50_b09m_s70.A00,mcs50_b09m_s70.B00,ll_lum,33,36,5894515549,1000.01,1,70,1983494425,325.695,3849957317,3849957317,0,3084451964,
mcs50_b09m_s70.A01,mcs50_b09m_s70.B01,ll_lum,32,36,5505514786,1000.01,1,70,8460194,1.41637,3573607077,3573607077,0,3016077401,
mcs50_b09m_s70.A02,mcs50_b09m_s70.B02,ll_lum,32,42,5445872202,1000.01,1,70,57174841,10.2978,3497293841,3497293841,0,2899967947,
mcs50_b09m_s70.A03,mcs50_b09m_s70.B03,ll_lum,33,37,5616421070,1000.01,1,70,2075833744,357.426,3523408380,3523408380,0,2872235024,
mcs50_b09m_s70.A04,mcs50_b09m_s70.B04,ll_lum,31,41,5514694431,1000.02,1,70,120062091,20.2797,3492748994,3492748994,0,2891913711,
mcs50_b09m_s70.A05,mcs50_b09m_s70.B05,ll_lum,32,36,5729472010,1000.01,1,70,107626466,16.6973,3725326415,3725326415,0,3109568906,
mcs50_b09m_s70.A06,mcs50_b09m_s70.B06,ll_lum,32,38,5488056491,1000.02,1,70,25832813,4.68903,3466766522,3466766522,0,2823933833,
mcs50_b09m_s70.A07,mcs50_b09m_s70.B07,ll_lum,31,40,5618033572,1000.01,1,70,22180277,3.66026,3602787070,3602787070,0,2986535351,
mcs50_b09m_s70.A08,mcs50_b09m_s70.B08,ll_lum,32,31,5407984432,1000.02,1,70,53559151,9.01122,3428772184,3428772184,0,2712760758,
mcs50_b09m_s70.A09,mcs50_b09m_s70.B09,ll_lum,32,43,5823785097,1000.02,1,70,37214457,6.69926,3810111851,3810111851,0,3224413105,
mcs50_b09m_s80.A00,mcs50_b09m_s80.B00,ll_lum,37,44,6008452924,1000.02,1,80,4799489464,798.605,3867260783,3867260783,0,3102683953,
mcs50_b09m_s80.A01,mcs50_b09m_s80.B01,ll_lum,36,38,5944322468,1000.02,1,80,4329809645,725.009,3768230056,3768230056,0,2956791832,
mcs50_b09m_s80.A02,mcs50_b09m_s80.B02,ll_lum,38,47,5717941751,1000.02,1,80,1073959684,177.561,3693393658,3693393658,0,2953727750,
mcs50_b09m_s80.A03,mcs50_b09m_s80.B03,ll_lum,35,47,5263562171,1000.02,1,80,10350149,1.91062,3274500735,3274500735,0,2647448447,
mcs50_b09m_s80.A04,mcs50_b09m_s80.B04,ll_lum,35,42,5398917473,1000.02,1,80,4879826,0.740931,3376388131,3376388131,0,2722910592,
mcs50_b09m_s80.A05,mcs50_b09m_s80.B05,ll_lum,36,46,6078616810,1000.01,1,80,727648781,109.789,3898029635,3898029635,0,3036824993,
mcs50_b09m_s80.A06,mcs50_b09m_s80.B06,ll_lum,36,41,5669985461,1000.02,1,80,89145751,14.45,3596065330,3596065330,0,2949179148,
mcs50_b09m_s80.A07,mcs50_b09m_s80.B07,ll_lum,37,40,5748595221,1000.01,1,80,476815010,77.3175,3726380136,3726380136,0,3022749651,
mcs50_b09m_s80.A08,mcs50_b09m_s80.B08,ll_lum,36,42,5247456056,1000.01,1,80,59869,0.00653949,3379972236,3379972236,0,2725340841,
mcs50_b09m_s80.A09,mcs50_b09m_s80.B09,ll_lum,36,46,5168825612,1000.02,1,80,436395082,81.0865,3254776967,3254776967,0,2664278553,
mcs50_b09m_s90.A00,mcs50_b09m_s90.B00,ll_lum,40,49,6058011664,1000.02,1,90,1716289567,266.928,4012042243,4012042243,0,3250475550,
mcs50_b09m_s90.A01,mcs50_b09m_s90.B01,ll_lum,41,50,6017443520,1000.02,1,90,1287608120,193.405,3931609889,3931609889,0,3089490445,
mcs50_b09m_s90.A02,mcs50_b09m_s90.B02,ll_lum,40,53,5642679459,1000.02,1,90,2451530049,434.033,3429955319,3429955319,0,2759100710,
mcs50_b09m_s90.A03,mcs50_b09m_s90.B03,ll_lum,38,46,6104169713,1000.01,1,90,72768297,11.2782,3946949248,3946949248,0,3185737842,
mcs50_b09m_s90.A04,mcs50_b09m_s90.B04,ll_lum,40,47,6369030611,1000.01,1,90,767583911,118.944,4106213645,4106213645,0,3272110195,
mcs50_b09m_s90.A05,mcs50_b09m_s90.B05,ll_lum,39,54,5530024628,1000.01,1,90,1416699925,249.102,3445340122,3445340122,0,2771647310,
mcs50_b09m_s90.A06,mcs50_b09m_s90.B06,ll_lum,39,49,5790691057,1000.02,1,90,1202652257,195.183,3627074331,3627074331,0,2885756190,
mcs50_b09m_s90.A07,mcs50_b09m_s90.B07,ll_lum,40,49,5963336815,1000.01,1,90,12772934,1.85396,3703516693,3703516693,0,2795197011,
mcs50_b09m_s90.A08,mcs50_b09m_s90.B08,ll_lum,40,46,5990089783,1000.01,1,90,30019755,5.09083,3849169369,3849169369,0,3059840295,
mcs50_b09m_s90.A09,mcs50_b09m_s90.B09,ll_lum,41,47,5616269836,1000.02,1,90,1018715882,170.703,3597918455,3597918455,0,2909193237,
mcs50_m2D_s10.A00,mcs50_m2D_s10.B00,ll_lum,8,8,147,4.2775e-05,0,10,45,9.715e-06,97,97,0,55,
mcs50_m2D_s10.A01,mcs50_m2D_s10.B01,ll_lum,8,8,219,6.1673e-05,0,10,37,1.0226e-05,145,145,0,91,
mcs50_m2D_s10.A02,mcs50_m2D_s10.B02,ll_lum,8,5,349,6.9184e-05,0,10,305,3.931e-05,222,222,0,140,
mcs50_m2D_s10.A03,mcs50_m2D_s10.B03,ll_lum,7,6,720,9.4483e-05,0,10,305,3.5664e-05,473,473,0,354,
mcs50_m2D_s10.A04,mcs50_m2D_s10.B04,ll_lum,8,7,354,7.1138e-05,0,10,285,3.8408e-05,225,225,0,150,
mcs50_m2D_s10.A05,mcs50_m2D_s10.B05,ll_lum,7,7,404,7.9019e-05,0,10,50,1.0416e-05,263,263,0,167,
mcs50_m2D_s10.A06,mcs50_m2D_s10.B06,ll_lum,8,7,448,6.8452e-05,0,10,403,4.4097e-05,277,277,0,148,
mcs50_m2D_s10.A07,mcs50_m2D_s10.B07,ll_lum,7,7,730,0.000105748,0,10,88,1.4191e-05,490,490,0,370,
mcs50_m2D_s10.A08,mcs50_m2D_s10.B08,ll_lum,7,7,389,6.8523e-05,0,10,7,4.877e-06,262,262,0,185,
mcs50_m2D_s10.A09,mcs50_m2D_s10.B09,ll_lum,8,6,98,4.4417e-05,0,10,54,1.2358e-05,70,70,0,45,
mcs50_m2D_s100.A00,mcs50_m2D_s100.B00,ll_lum,66,60,7047008623,1000.02,1,100,776885306,95.7397,4338866172,4338866172,0,2963803516,
mcs50_m2D_s100.A01,mcs50_m2D_s100.B01,ll_lum,67,61,7452580913,1000.02,1,100,5299401019,697.142,4704761041,4704761041,0,3184891167,
mcs50_m2D_s100.A02,mcs50_m2D_s100.B02,ll_lum,65,59,16231619756,1000.02,1,100,15190382033,914.146,14246337890,14246337890,0,12268428422,
mcs50_m2D_s100.A03,mcs50_m2D_s100.B03,ll_lum,60,49,22202849427,1000.02,1,100,12544209462,577.89,17434970766,17434970766,0,13321910626,
mcs50_m2D_s100.A04,mcs50_m2D_s100.B04,ll_lum,64,61,8072429757,1000.02,1,100,321217810,38.9263,5354459407,5354459407,0,3731912701,
mcs50_m2D_s100.A05,mcs50_m2D_s100.B05,ll_lum,62,53,12342583899,1000.01,1,100,5051438833,352.809,10526436189,10526436189,0,8874507306,
mcs50_m2D_s100.A06,mcs50_m2D_s100.B06,ll_lum,66,52,6755066543,1000.02,1,100,5579022056,823.564,5078831765,5078831765,0,3823821826,
mcs50_m2D_s100.A07,mcs50_m2D_s100.B07,ll_lum,65,55,23971658464,1000.02,1,100,850649486,51.7568,18235241881,18235241881,0,12536586648,
mcs50_m2D_s100.A08,mcs50_m2D_s100.B08,ll_lum,67,56,6143145050,1000.02,1,100,803820501,124.777,4276013259,4276013259,0,3010140270,
mcs50_m2D_s100.A09,mcs50_m2D_s100.B09,ll_lum,66,52,7086541836,1000.02,1,100,2421516938,329.883,5096674488,5096674488,0,3803995447,
mcs50_m2D_s20.A00,mcs50_m2D_s20.B00,ll_lum,15,14,23221,0.00300458,0,20,1038,0.00013899,15033,15033,0,10911,
mcs50_m2D_s20.A01,mcs50_m2D_s20.B01,ll_lum,15,13,46707,0.00588072,0,20,33100,0.00414056,29812,29812,0,19983,
mcs50_m2D_s20.A02,mcs50_m2D_s20.B02,ll_lum,15,14,46604,0.00585423,0,20,10190,0.00123028,28899,28899,0,18758,
mcs50_m2D_s20.A03,mcs50_m2D_s20.B03,ll_lum,15,13,84983,0.00958063,0,20,71454,0.00790424,55529,55529,0,37286,
mcs50_m2D_s20.A04,mcs50_m2D_s20.B04,ll_lum,15,13,31001,0.00388046,0,20,14200,0.00169698,20673,20673,0,14972,
mcs50_m2D_s20.A05,mcs50_m2D_s20.B05,ll_lum,15,11,129012,0.013978,0,20,120500,0.0130212,86746,86746,0,62733,
mcs50_m2D_s20.A06,mcs50_m2D_s20.B06,ll_lum,15,14,37047,0.00458807,0,20,554,7.8879e-05,22997,22997,0,14972,
mcs50_m2D_s20.A07,mcs50_m2D_s20.B07,ll_lum,15,18,23480,0.00303056,0,20,360,6.2124e-05,14888,14888,0,10582,
mcs50_m2D_s20.A08,mcs50_m2D_s20.B08,ll_lum,15,17,94269,0.0101214,0,20,86602,0.00919581,63017,63017,0,45244,
mcs50_m2D_s20.A09,mcs50_m2D_s20.B09,ll_lum,16,17,16719,0.00209019,0,20,8700,0.00104513,10326,10326,0,6735,
mcs50_m2D_s30.A00,mcs50_m2D_s30.B00,ll_lum,22,19,6348049,0.799191,0,30,1407090,0.172198,4366359,4366359,0,3158303,
mcs50_m2D_s30.A01,mcs50_m2D_s30.B01,ll_lum,23,19,1082160,0.15007,0,30,205839,0.0264933,710179,710179,0,502347,
mcs50_m2D_s30.A02,mcs50_m2D_s30.B02,ll_lum,22,24,5616618,0.728953,0,30,204199,0.0246772,3609394,3609394,0,2475859,
mcs50_m2D_s30.A03,mcs50_m2D_s30.B03,ll_lum,23,19,7006809,0.8621,0,30,6993896,0.860436,4798062,4798062,0,3382642,
mcs50_m2D_s30.A04,mcs50_m2D_s30.B04,ll_lum,23,26,1509722,0.201089,0,30,955391,0.12637,962724,962724,0,655233,
mcs50_m2D_s30.A05,mcs50_m2D_s30.B05,ll_lum,22,19,6749863,0.829474,0,30,2465972,0.281154,4542186,4542186,0,3171883,
mcs50_m2D_s30.A06,mcs50_m2D_s30.B06,ll_lum,22,19,6309280,0.788784,0,30,857591,0.09455,4238618,4238618,0,2960967,
mcs50_m2D_s30.A07,mcs50_m2D_s30.B07,ll_lum,22,20,10679474,1.19752,0,30,524441,0.0520164,7214203,7214203,0,4715212,
mcs50_m2D_s30.A08,mcs50_m2D_s30.B08,ll_lum,22,23,6294403,0.777555,0,30,28645,0.00315426,4189771,4189771,0,2850088,
mcs50_m2D_s30.A09,mcs50_m2D_s30.B09,ll_lum,23,19,1720398,0.216488,0,30,1166979,0.142336,1128047,1128047,0,800003,
mcs50_m2D_s40.A00,mcs50_m2D_s40.B00,ll_lum,31,25,75611259,10.2018,0,40,64053011,8.53488,51004397,51004397,0,34535756,
mcs50_m2D_s40.A01,mcs50_m2D_s40.B01,ll_lum,30,28,385394657,52.5306,0,40,272010717,36.9849,252709499,252709499,0,171191398,
mcs50_m2D_s40.A02,mcs50_m2D_s40.B02,ll_lum,31,23,61821876,8.73712,0,40,61045176,8.63431,41595662,41595662,0,29731195,
mcs50_m2D_s40.A03,mcs50_m2D_s40.B03,ll_lum,30,23,757010645,96.3766,0,40,743017400,94.4638,515272160,515272160,0,352132132,
mcs50_m2D_s40.A04,mcs50_m2D_s40.B04,ll_lum,30,25,312037826,41.3753,0,40,250006890,32.8069,208742816,208742816,0,141241777,
mcs50_m2D_s40.A05,mcs50_m2D_s40.B05,ll_lum,30,28,555037078,74.765,0,40,372673489,49.279,376064473,376064473,0,259947864,
mcs50_m2D_s40.A06,mcs50_m2D_s40.B06,ll_lum,30,21,138552175,19.8866,0,40,45642747,6.2915,97337888,97337888,0,73718964,
mcs50_m2D_s40.A07,mcs50_m2D_s40.B07,ll_lum,30,25,123060753,17.5209,0,40,25826280,3.58836,83714603,83714603,0,61459893,
mcs50_m2D_s40.A08,mcs50_m2D_s40.B08,ll_lum,30,26,153972803,21.132,0,40,63365217,8.72743,102036521,102036521,0,72077450,
mcs50_m2D_s40.A09,mcs50_m2D_s40.B09,ll_lum,30,27,155489031,21.4948,0,40,105744388,14.4905,108785354,108785354,0,80510868,
mcs50_m2D_s50.A00,mcs50_m2D_s50.B00,ll_lum,38,41,6864237383,1000.02,1,50,5549590050,800.251,4800913644,4800913644,0,3529668778,
mcs50_m2D_s50.A01,mcs50_m2D_s50.B01,ll_lum,36,36,7458974052,1000.02,1,50,2207392207,286.54,5005684370,5005684370,0,3446519283,
mcs50_m2D_s50.A02,mcs50_m2D_s50.B02,ll_lum,37,39,6855105982,1000.02,1,50,638357625,88.5847,4582156996,4582156996,0,3220518847,
mcs50_m2D_s50.A03,mcs50_m2D_s50.B03,ll_lum,36,32,7187985008,1000.02,1,50,422085200,55.3959,4814215349,4814215349,0,3330822632,
mcs50_m2D_s50.A04,mcs50_m2D_s50.B04,ll_lum,37,30,6950823937,1000.01,1,50,2149916446,295.05,4641522185,4641522185,0,3311958875,
mcs50_m2D_s50.A05,mcs50_m2D_s50.B05,ll_lum,37,32,6941799027,1000.01,1,50,3843783515,539.77,4759604157,4759604157,0,3495621275,
mcs50_m2D_s50.A06,mcs50_m2D_s50.B06,ll_lum,36,35,7099181044,1000.01,1,50,1428710398,196.19,4896507352,4896507352,0,3523651444,
mcs50_m2D_s50.A07,mcs50_m2D_s50.B07,ll_lum,37,31,6935450935,1000.02,1,50,2401177144,332.248,4695819252,4695819252,0,3346562624,
mcs50_m2D_s50.A08,mcs50_m2D_s50.B08,ll_lum,37,27,6974690918,1000.02,1,50,3276147878,455.707,4842356260,4842356260,0,3547980800,
mcs50_m2D_s50.A09,mcs50_m2D_s50.B09,ll_lum,37,28,6866836899,1000.01,1,50,2350667696,334.164,4719403166,4719403166,0,3371346334,
mcs50_m2D_s60.A00,mcs50_m2D_s60.B00,ll_lum,42,36,7315536636,1000.01,1,60,40598072,5.03342,5104321365,5104321365,0,3603429274,
mcs50_m2D_s60.A01,mcs50_m2D_s60.B01,ll_lum,42,37,7394165405,1000.02,1,60,4113371883,546.808,4959460958,4959460958,0,3514069343,
mcs50_m2D_s60.A02,mcs50_m2D_s60.B02,ll_lum,41,38,8207785892,1000.02,1,60,2986094697,374.421,5640149026,5640149026,0,3976996555,
mcs50_m2D_s60.A03,mcs50_m2D_s60.B03,ll_lum,41,38,6845892308,1000.02,1,60,2462556,0.225546,4885445834,4885445834,0,3438017492,
mcs50_m2D_s60.A04,mcs50_m2D_s60.B04,ll_lum,43,35,7217515275,1000.02,1,60,7137842347,988.319,5047365660,5047365660,0,3710669705,
mcs50_m2D_s60.A05,mcs50_m2D_s60.B05,ll_lum,42,35,7058982800,1000.02,1,60,2333646780,314.911,5018632416,5018632416,0,3752814755,
mcs50_m2D_s60.A06,mcs50_m2D_s60.B06,ll_lum,43,37,6909678540,1000.02,1,60,1123887128,157.001,4540055086,4540055086,0,3191613095,
mcs50_m2D_s60.A07,mcs50_m2D_s60.B07,ll_lum,43,35,7006397148,1000.01,1,60,78894633,9.51835,4813871701,4813871701,0,3618618403,
mcs50_m2D_s60.A08,mcs50_m2D_s60.B08,ll_lum,43,40,6911710062,1000.01,1,60,1183857684,167.327,4635754233,4635754233,0,3471888933,
mcs50_m2D_s60.A09,mcs50_m2D_s60.B09,ll_lum,44,38,6481567296,1000.01,1,60,1132514631,154.232,4627698129,4627698129,0,3501026422,
mcs50_m2D_s70.A00,mcs50_m2D_s70.B00,ll_lum,48,43,7569293418,1000.02,1,70,4082807560,505.664,5313032476,5313032476,0,3752919604,
mcs50_m2D_s70.A01,mcs50_m2D_s70.B01,ll_lum,48,44,6955066178,1000.01,1,70,22325123,2.84257,4842234784,4842234784,0,3575448567,
mcs50_m2D_s70.A02,mcs50_m2D_s70.B02,ll_lum,48,42,6602454165,1000.01,1,70,229316416,31.6483,4535575861,4535575861,0,3278361641,
mcs50_m2D_s70.A03,mcs50_m2D_s70.B03,ll_lum,49,43,6682799526,1000.01,1,70,1870635937,269.379,4642897523,4642897523,0,3421519039,
mcs50_m2D_s70.A04,mcs50_m2D_s70.B04,ll_lum,47,39,7751071669,1000.02,1,70,344982753,43.5635,5259458856,5259458856,0,3788288303,
mcs50_m2D_s70.A05,mcs50_m2D_s70.B05,ll_lum,45,40,7166966983,1000.01,1,70,768236842,99.4907,5099649144,5099649144,0,3575001747,
mcs50_m2D_s70.A06,mcs50_m2D_s70.B06,ll_lum,48,45,7044094744,1000.01,1,70,14847862,1.78357,4753660016,4753660016,0,3332337549,
mcs50_m2D_s70.A07,mcs50_m2D_s70.B07,ll_lum,50,46,6821755923,1000.01,1,70,1076535508,145.858,4660155852,4660155852,0,3327950673,
mcs50_m2D_s70.A08,mcs50_m2D_s70.B08,ll_lum,49,47,6827301307,1000.01,1,70,32727097,4.37887,4677973187,4677973187,0,3318591985,
mcs50_m2D_s70.A09,mcs50_m2D_s70.B09,ll_lum,49,44,6923085476,1000.02,1,70,811977697,113.518,4869332957,4869332957,0,3486510124,
mcs50_m2D_s80.A00,mcs50_m2D_s80.B00,ll_lum,54,44,6782780629,1000.02,1,80,1233563319,168.238,4862522324,4862522324,0,3594055309,
mcs50_m2D_s80.A01,mcs50_m2D_s80.B01,ll_lum,53,51,8277977376,1000.02,1,80,4103319068,469.81,5561881414,5561881414,0,3887870060,
mcs50_m2D_s80.A02,mcs50_m2D_s80.B02,ll_lum,52,49,9344466659,1000.02,1,80,125465360,6.64549,7847785273,7847785273,0,6463106481,
mcs50_m2D_s80.A03,mcs50_m2D_s80.B03,ll_lum,53,50,5630851320,1000.02,1,80,1924115285,299.059,3806476719,3806476719,0,2659527762,
mcs50_m2D_s80.A04,mcs50_m2D_s80.B04,ll_lum,54,46,6511473143,1000.02,1,80,5319035,0.6602,4561362355,4561362355,0,3448288313,
mcs50_m2D_s80.A05,mcs50_m2D_s80.B05,ll_lum,53,49,7135759110,1000.01,1,80,915232113,103.965,5067773315,5067773315,0,3755021544,
mcs50_m2D_s80.A06,mcs50_m2D_s80.B06,ll_lum,56,47,6868988472,1000.01,1,80,3514961536,491.331,4385534671,4385534671,0,3138790530,
mcs50_m2D_s80.A07,mcs50_m2D_s80.B07,ll_lum,53,44,7856775102,1000.01,1,80,392972910,38.1033,5378231914,5378231914,0,3908477604,
mcs50_m2D_s80.A08,mcs50_m2D_s80.B08,ll_lum,55,48,6974771235,1000.02,1,80,555731212,71.0912,4818321496,4818321496,0,3239688452,
mcs50_m2D_s80.A09,mcs50_m2D_s80.B09,ll_lum,54,47,6594387934,1000.02,1,80,2615017224,375.847,4898070161,4898070161,0,3775087682,
mcs50_m2D_s90.A00,mcs50_m2D_s90.B00,ll_lum,59,48,7459068362,1000.01,1,90,3221390234,425.172,4881666487,4881666487,0,3512536520,
mcs50_m2D_s90.A01,mcs50_m2D_s90.B01,ll_lum,60,52,6770684595,1000.01,1,90,5649084008,830.569,4341813927,4341813927,0,2925689683,
mcs50_m2D_s90.A02,mcs50_m2D_s90.B02,ll_lum,59,52,7132590943,1000.02,1,90,5757610636,804.885,4577453097,4577453097,0,3034800762,
mcs50_m2D_s90.A03,mcs50_m2D_s90.B03,ll_lum,62,62,6667618723,1000.02,1,90,3279961641,480.209,4793732698,4793732698,0,3547341661,
mcs50_m2D_s90.A04,mcs50_m2D_s90.B04,ll_lum,58,48,7288261324,1000.01,1,90,628157648,84.263,5194996485,5194996485,0,3655244574,
mcs50_m2D_s90.A05,mcs50_m2D_s90.B05,ll_lum,61,54,7093477648,1000.02,1,90,326591099,40.7494,5112624463,5112624463,0,3750630396,
mcs50_m2D_s90.A06,mcs50_m2D_s90.B06,ll_lum,60,62,7299762079,1000.01,1,90,1599818894,199.929,5156351423,5156351423,0,3841867026,
mcs50_m2D_s90.A07,mcs50_m2D_s90.B07,ll_lum,62,53,8592060114,1000.01,1,90,5882874742,600.932,6119507787,6119507787,0,4506523698,
mcs50_m2D_s90.A08,mcs50_m2D_s90.B08,ll_lum,59,56,7367041569,1000.02,1,90,1171569566,156.337,5016074365,5016074365,0,3413515373,
mcs50_m2D_s90.A09,mcs50_m2D_s90.B09,ll_lum,62,60,6983635434,1000.01,1,90,657770430,28.4053,4933906356,4933906356,0,3622529572,
mcs50_m2Dr2_s100.A00,mcs50_m2Dr2_s100.B00,ll_lum,60,52,7522509161,1000.02,1,100,1361735941,127.868,5296547551,5296547551,0,3660695256,
mcs50_m2Dr2_s100.A01,mcs50_m2Dr2_s100.B01,ll_lum,62,53,6900116738,1000.02,1,100,1600043806,219.359,4403173996,4403173996,0,3089251013,
mcs50_m2Dr2_s100.A02,mcs50_m2Dr2_s100.B02,ll_lum,63,58,7250700813,1000.02,1,100,3430726279,450.295,4991631485,4991631485,0,3611504386,
mcs50_m2Dr2_s100.A03,mcs50_m2Dr2_s100.B03,ll_lum,63,58,7244803999,1000.02,1,100,3654473519,487.757,5109053274,5109053274,0,3577484093,
mcs50_m2Dr2_s100.A04,mcs50_m2Dr2_s100.B04,ll_lum,61,52,8148217390,1000.01,1,100,1655612294,125.309,5650401580,5650401580,0,4255474280,
mcs50_m2Dr2_s100.A05,mcs50_m2Dr2_s100.B05,ll_lum,63,56,10998350111,1000.02,1,100,8244877716,607.246,8878357166,8878357166,0,7122705666,
mcs50_m2Dr2_s100.A06,mcs50_m2Dr2_s100.B06,ll_lum,61,53,3795227204,1000.02,1,100,270661152,45.1507,2644165856,2644165856,0,1943299195,
mcs50_m2Dr2_s100.A07,mcs50_m2Dr2_s100.B07,ll_lum,60,50,9776310710,1000.02,1,100,373215548,35.2218,8440068105,8440068105,0,7115846091,
mcs50_m2Dr2_s100.A08,mcs50_m2Dr2_s100.B08,ll_lum,63,53,3185695470,1000.02,1,100,57550954,15.9533,2333023449,2333023449,0,1694370581,
mcs50_m2Dr2_s100.A09,mcs50_m2Dr2_s100.B09,ll_lum,60,54,4929165446,1000.02,1,100,2000923357,288.974,3380539887,3380539887,0,2301109825,
mcs50_m2Dr2_s20.A00,mcs50_m2Dr2_s20.B00,ll_lum,15,13,17507,0.00487199,0,20,4169,0.00110732,11143,11143,0,7793,
mcs50_m2Dr2_s20.A01,mcs50_m2Dr2_s20.B01,ll_lum,14,14,91862,0.0109368,0,20,29629,0.00303909,60486,60486,0,43485,
mcs50_m2Dr2_s20.A02,mcs50_m2Dr2_s20.B02,ll_lum,15,14,42987,0.00526328,0,20,38217,0.00468382,27748,27748,0,19325,
mcs50_m2Dr2_s20.A03,mcs50_m2Dr2_s20.B03,ll_lum,15,15,25105,0.00350951,0,20,5912,0.000846589,15910,15910,0,11641,
mcs50_m2Dr2_s20.A04,mcs50_m2Dr2_s20.B04,ll_lum,14,14,135298,0.0159892,0,20,8173,0.000984904,87525,87525,0,59249,
mcs50_m2Dr2_s20.A05,mcs50_m2Dr2_s20.B05,ll_lum,15,16,36520,0.00447382,0,20,18245,0.00217553,23188,23188,0,15645,
mcs50_m2Dr2_s20.A06,mcs50_m2Dr2_s20.B06,ll_lum,15,16,86245,0.0105536,0,20,74798,0.00911665,55221,55221,0,37928,
mcs50_m2Dr2_s20.A07,mcs50_m2Dr2_s20.B07,ll_lum,14,12,95444,0.0108197,0,20,861,0.000123595,61578,61578,0,41500,
mcs50_m2Dr2_s20.A08,mcs50_m2Dr2_s20.B08,ll_lum,14,14,94450,0.0225311,0,20,332,0.000108342,60704,60704,0,42595,
mcs50_m2Dr2_s20.A09,mcs50_m2Dr2_s20.B09,ll_lum,15,16,25726,0.00669951,0,20,14832,0.00380905,16375,16375,0,11759,
mcs50_m2Dr2_s30.A00,mcs50_m2Dr2_s30.B00,ll_lum,22,19,7049712,0.915799,0,30,5421393,0.698808,4594808,4594808,0,3188119,
mcs50_m2Dr2_s30.A01,mcs50_m2Dr2_s30.B01,ll_lum,22,17,3760582,0.503778,0,30,3280852,0.439584,2541660,2541660,0,1888443,
mcs50_m2Dr2_s30.A02,mcs50_m2Dr2_s30.B02,ll_lum,22,21,5326493,0.68333,0,30,3729408,0.477663,3410929,3410929,0,2259116,
mcs50_m2Dr2_s30.A03,mcs50_m2Dr2_s30.B03,ll_lum,22,24,1984265,0.272638,0,30,76117,0.00985864,1322172,1322172,0,972355,
mcs50_m2Dr2_s30.A04,mcs50_m2Dr2_s30.B04,ll_lum,22,21,6847367,0.894711,0,30,6320805,0.82447,4475654,4475654,0,3127863,
mcs50_m2Dr2_s30.A05,mcs50_m2Dr2_s30.B05,ll_lum,22,17,6749049,0.859695,0,30,6040306,0.768395,4610117,4610117,0,3400134,
mcs50_m2Dr2_s30.A06,mcs50_m2Dr2_s30.B06,ll_lum,22,22,10366540,1.311,0,30,9909288,1.2508,6903205,6903205,0,4941980,
mcs50_m2Dr2_s30.A07,mcs50_m2Dr2_s30.B07,ll_lum,21,17,10283464,1.31829,0,30,692868,0.0841134,6772455,6772455,0,4780260,
mcs50_m2Dr2_s30.A08,mcs50_m2Dr2_s30.B08,ll_lum,22,21,4224000,0.574901,0,30,3058550,0.407105,2854775,2854775,0,2099276,
mcs50_m2Dr2_s30.A09,mcs50_m2Dr2_s30.B09,ll_lum,22,26,5781343,0.755274,0,30,4948253,0.643598,3925797,3925797,0,2862664,
mcs50_m2Dr2_s40.A00,mcs50_m2Dr2_s40.B00,ll_lum,29,29,196623726,29.4436,0,40,30234398,4.19127,134333305,134333305,0,102637350,
mcs50_m2Dr2_s40.A01,mcs50_m2Dr2_s40.B01,ll_lum,29,25,208474846,29.7713,0,40,74589679,10.3774,139135687,139135687,0,99321121,
mcs50_m2Dr2_s40.A02,mcs50_m2Dr2_s40.B02,ll_lum,28,22,1644391739,230.76,0,40,14487799,1.89612,1120097326,1120097326,0,803722786,
mcs50_m2Dr2_s40.A03,mcs50_m2Dr2_s40.B03,ll_lum,29,23,437236076,59.0943,0,40,370094179,49.6549,304098851,304098851,0,226447168,
mcs50_m2Dr2_s40.A04,mcs50_m2Dr2_s40.B04,ll_lum,29,25,500341845,68.2108,0,40,307592922,41.7276,335128301,335128301,0,235236249,
mcs50_m2Dr2_s40.A05,mcs50_m2Dr2_s40.B05,ll_lum,29,26,837783957,112.184,0,40,798717755,106.877,573792037,573792037,0,407286408,
mcs50_m2Dr2_s40.A06,mcs50_m2Dr2_s40.B06,ll_lum,28,24,1087175314,151.034,0,40,358885580,49.0128,756288679,756288679,0,569395811,
mcs50_m2Dr2_s40.A07,mcs50_m2Dr2_s40.B07,ll_lum,29,25,294396636,40.9594,0,40,87562935,11.3845,196544514,196544514,0,139357482,
mcs50_m2Dr2_s40.A08,mcs50_m2Dr2_s40.B08,ll_lum,29,22,555931757,74.008,0,40,326637606,42.4433,386841072,386841072,0,278210421,
mcs50_m2Dr2_s40.A09,mcs50_m2Dr2_s40.B09,ll_lum,28,26,1663966542,222.321,0,40,3051501,0.381059,1116463129,1116463129,0,773356418,
mcs50_m2Dr2_s50.A00,mcs50_m2Dr2_s50.B00,ll_lum,35,35,7086153289,1000.02,1,50,1333647974,182.515,4714473617,4714473617,0,3318722363,
mcs50_m2Dr2_s50.A01,mcs50_m2Dr2_s50.B01,ll_lum,35,35,7112298411,1000.01,1,50,145515293,19.4016,4854049392,4854049392,0,3584533270,
mcs50_m2Dr2_s50.A02,mcs50_m2Dr2_s50.B02,ll_lum,35,34,7236245800,1000.01,1,50,4228281641,569.98,4877912558,4877912558,0,3558307352,
mcs50_m2Dr2_s50.A03,mcs50_m2Dr2_s50.B03,ll_lum,36,31,6946511445,1000.02,1,50,6619379907,950.637,4717255294,4717255294,0,3440759139,
mcs50_m2Dr2_s50.A04,mcs50_m2Dr2_s50.B04,ll_lum,34,30,3685985250,1000.02,1,50,92796236,24.2566,2426502600,2426502600,0,1702891613,
mcs50_m2Dr2_s50.A05,mcs50_m2Dr2_s50.B05,ll_lum,35,36,3473740600,1000.01,1,50,1356704275,378.233,2349487734,2349487734,0,1725109880,
mcs50_m2Dr2_s50.A06,mcs50_m2Dr2_s50.B06,ll_lum,35,37,3383125387,1000.01,1,50,398536747,113.734,2312478033,2312478033,0,1693595837,
mcs50_m2Dr2_s50.A07,mcs50_m2Dr2_s50.B07,ll_lum,35,38,6697581091,1000.02,1,50,1715910778,240.489,4415436394,4415436394,0,3111134236,
mcs50_m2Dr2_s50.A08,mcs50_m2Dr2_s50.B08,ll_lum,36,35,6525247294,1000.02,1,50,4399504632,654.442,4342956318,4342956318,0,3124991319,
mcs50_m2Dr2_s50.A09,mcs50_m2Dr2_s50.B09,ll_lum,34,26,7335873215,1000.01,1,50,748656239,95.1662,5145259693,5145259693,0,3738814159,
mcs50_m2Dr2_s60.A00,mcs50_m2Dr2_s60.B00,ll_lum,42,37,6942135209,1000.02,1,60,3235291028,452.492,4739872203,4739872203,0,3508625589,
mcs50_m2Dr2_s60.A01,mcs50_m2Dr2_s60.B01,ll_lum,41,35,7669457878,1000.02,1,60,2876408609,347.67,5087479738,5087479738,0,3578559407,
mcs50_m2Dr2_s60.A02,mcs50_m2Dr2_s60.B02,ll_lum,41,34,7060672076,1000.02,1,60,3414630956,472.92,4986462649,4986462649,0,3613459053,
mcs50_m2Dr2_s60.A03,mcs50_m2Dr2_s60.B03,ll_lum,41,36,6986696428,1000.01,1,60,881668411,116.941,4649955658,4649955658,0,3434018196,
mcs50_m2Dr2_s60.A04,mcs50_m2Dr2_s60.B04,ll_lum,41,39,7115969312,1000.02,1,60,4797078736,663.347,4592199379,4592199379,0,3233234211,
mcs50_m2Dr2_s60.A05,mcs50_m2Dr2_s60.B05,ll_lum,40,37,7792583482,1000.02,1,60,376561672,24.0038,5176498947,5176498947,0,3657572187,
mcs50_m2Dr2_s60.A06,mcs50_m2Dr2_s60.B06,ll_lum,40,38,7230457498,1000.01,1,60,122586194,16.5071,4787475485,4787475485,0,3378125955,
mcs50_m2Dr2_s60.A07,mcs50_m2Dr2_s60.B07,ll_lum,41,34,7067578127,1000.02,1,60,932172686,125.443,4591424204,4591424204,0,3269625225,
mcs50_m2Dr2_s60.A08,mcs50_m2Dr2_s60.B08,ll_lum,40,32,7064940232,1000.02,1,60,25865200,3.41901,5051009871,5051009871,0,3817839497,
mcs50_m2Dr2_s60.A09,mcs50_m2Dr2_s60.B09,ll_lum,41,39,6928962835,1000.02,1,60,695959401,92.0276,4681594833,4681594833,0,3479208667,
mcs50_m2Dr2_s70.A00,mcs50_m2Dr2_s70.B00,ll_lum,46,37,8101889566,1000.02,1,70,158138500,16.3625,5653890216,5653890216,0,4317546859,
mcs50_m2Dr2_s70.A01,mcs50_m2Dr2_s70.B01,ll_lum,46,43,7256736876,1000.02,1,70,474529293,63.1111,4935538962,4935538962,0,3473973081,
mcs50_m2Dr2_s70.A02,mcs50_m2Dr2_s70.B02,ll_lum,46,38,7247791272,1000.02,1,70,309146656,38.5028,4726581136,4726581136,0,3472156542,
mcs50_m2Dr2_s70.A03,mcs50_m2Dr2_s70.B03,ll_lum,46,39,7300923820,1000.01,1,70,1376000937,185.807,4957157690,4957157690,0,3491994979,
mcs50_m2Dr2_s70.A04,mcs50_m2Dr2_s70.B04,ll_lum,47,43,6592062326,1000.02,1,70,228565136,32.7749,4542615559,4542615559,0,3295986782,
mcs50_m2Dr2_s70.A05,mcs50_m2Dr2_s70.B05,ll_lum,46,43,7226055548,1000.01,1,70,5103307565,696.459,4986199594,4986199594,0,3600168110,
mcs50_m2Dr2_s70.A06,mcs50_m2Dr2_s70.B06,ll_lum,46,41,7227868586,1000.02,1,70,6554765248,903.95,4659248326,4659248326,0,3248863127,
mcs50_m2Dr2_s70.A07,mcs50_m2Dr2_s70.B07,ll_lum,44,34,7253344089,1000.01,1,70,49342775,6.15641,5199728049,5199728049,0,3710982800,
mcs50_m2Dr2_s70.A08,mcs50_m2Dr2_s70.B08,ll_lum,47,47,7113339848,1000.01,1,70,409139735,50.6439,4757490933,4757490933,0,3414615041,
mcs50_m2Dr2_s70.A09,mcs50_m2Dr2_s70.B09,ll_lum,47,42,6674817712,1000.02,1,70,2741509155,395.999,4572534306,4572534306,0,3252338609,
mcs50_m2Dr2_s80.A00,mcs50_m2Dr2_s80.B00,ll_lum,53,49,5001028078,1000.01,1,80,1632509937,315.019,3103214661,3103214661,0,2044681557,
mcs50_m2Dr2_s80.A01,mcs50_m2Dr2_s80.B01,ll_lum,45,36,12651100499,1000.02,1,80,6677123218,509.571,10695162581,10695162581,0,8825576218,
mcs50_m2Dr2_s80.A02,mcs50_m2Dr2_s80.B02,ll_lum,52,48,6926303527,1000.01,1,80,230189926,30.2931,4622352235,4622352235,0,3423210754,
mcs50_m2Dr2_s80.A03,mcs50_m2Dr2_s80.B03,ll_lum,50,43,7943106846,1000.02,1,80,2433331157,244.319,5296592665,5296592665,0,3860639034,
mcs50_m2Dr2_s80.A04,mcs50_m2Dr2_s80.B04,ll_lum,52,49,7338316239,1000.02,1,80,756081953,94.3252,4838074942,4838074942,0,3453971654,
mcs50_m2Dr2_s80.A05,mcs50_m2Dr2_s80.B05,ll_lum,53,46,7029557540,1000.02,1,80,933994078,116.691,4823812790,4823812790,0,3383598972,
mcs50_m2Dr2_s80.A06,mcs50_m2Dr2_s80.B06,ll_lum,52,41,7084322001,1000.02,1,80,78782899,9.62374,4914176940,4914176940,0,3438113345,
mcs50_m2Dr2_s80.A07,mcs50_m2Dr2_s80.B07,ll_lum,52,45,7543932477,1000.02,1,80,3511160200,444.446,4912423134,4912423134,0,3607666330,
mcs50_m2Dr2_s80.A08,mcs50_m2Dr2_s80.B08,ll_lum,49,41,7623637473,1000.01,1,80,605560937,74.4149,5318201385,5318201385,0,4053555049,
mcs50_m2Dr2_s80.A09,mcs50_m2Dr2_s80.B09,ll_lum,52,46,6984521637,1000.01,1,80,983495423,100.174,5070500859,5070500859,0,3800520880,
mcs50_m2Dr2_s90.A00,mcs50_m2Dr2_s90.B00,ll_lum,57,49,7099895897,1000.02,1,90,5730241609,798.105,4710610455,4710610455,0,3464667790,
mcs50_m2Dr2_s90.A01,mcs50_m2Dr2_s90.B01,ll_lum,58,53,6792946322,1000.02,1,90,1396784200,202.339,4698452284,4698452284,0,3378665762,
mcs50_m2Dr2_s90.A02,mcs50_m2Dr2_s90.B02,ll_lum,58,52,7105403965,1000.01,1,90,3393323423,473.597,4738883469,4738883469,0,3456299572,
mcs50_m2Dr2_s90.A03,mcs50_m2Dr2_s90.B03,ll_lum,56,50,6980996598,1000.02,1,90,542073267,70.8689,4275994329,4275994329,0,2783592355,
mcs50_m2Dr2_s90.A04,mcs50_m2Dr2_s90.B04,ll_lum,59,56,7381141365,1000.01,1,90,1852564891,236.005,4820206078,4820206078,0,3304470130,
mcs50_m2Dr2_s90.A05,mcs50_m2Dr2_s90.B05,ll_lum,58,56,8283953825,1000.03,1,90,8091258409,971.647,5846157413,5846157413,0,4219992836,
mcs50_m2Dr2_s90.A06,mcs50_m2Dr2_s90.B06,ll_lum,57,50,10172107097,1000.02,1,90,6486266145,447.106,7873696055,7873696055,0,6183212758,
mcs50_m2Dr2_s90.A07,mcs50_m2Dr2_s90.B07,ll_lum,58,55,6831491964,1000.02,1,90,1195492101,161.97,4786573635,4786573635,0,3449453792,
mcs50_m2Dr2_s90.A08,mcs50_m2Dr2_s90.B08,ll_lum,56,51,7273013020,1000.02,1,90,1901393843,252.288,4607211983,4607211983,0,3073062141,
mcs50_m2Dr2_s90.A09,mcs50_m2Dr2_s90.B09,ll_lum,57,50,5076900926,1000.01,1,90,4766521040,932.737,3598210308,3598210308,0,2644836566,
mcs50_m2Dr4_s10.A00,mcs50_m2Dr4_s10.B00,ll_lum,7,9,791,0.00014638,0,10,34,9.104e-06,515,515,0,336,
mcs50_m2Dr4_s10.A01,mcs50_m2Dr4_s10.B01,ll_lum,7,8,497,9.6405e-05,0,10,8,5.658e-06,334,334,0,217,
mcs50_m2Dr4_s10.A02,mcs50_m2Dr4_s10.B02,ll_lum,8,10,167,0.000298326,0,10,115,0.000234811,109,109,0,69,
mcs50_m2Dr4_s10.A03,mcs50_m2Dr4_s10.B03,ll_lum,8,10,155,0.00012008,0,10,30,1.995e-05,110,110,0,84,
mcs50_m2Dr4_s10.A04,mcs50_m2Dr4_s10.B04,ll_lum,8,12,133,5.8678e-05,0,10,9,6.39e-06,95,95,0,68,
mcs50_m2Dr4_s10.A05,mcs50_m2Dr4_s10.B05,ll_lum,7,6,361,7.2059e-05,0,10,51,1.1067e-05,240,240,0,157,
mcs50_m2Dr4_s10.A06,mcs50_m2Dr4_s10.B06,ll_lum,8,12,119,9.2348e-05,0,10,52,2.3355e-05,83,83,0,48,
mcs50_m2Dr4_s10.A07,mcs50_m2Dr4_s10.B07,ll_lum,8,9,435,0.0001806,0,10,407,0.000121261,286,286,0,212,
mcs50_m2Dr4_s10.A08,mcs50_m2Dr4_s10.B08,ll_lum,7,7,632,0.000109015,0,10,117,1.9229e-05,408,408,0,286,
mcs50_m2Dr4_s10.A09,mcs50_m2Dr4_s10.B09,ll_lum,8,10,493,0.000101243,0,10,342,4.8043e-05,313,313,0,224,
mcs50_m2Dr4_s100.A00,mcs50_m2Dr4_s100.B00,ll_lum,57,53,7214645314,1000.02,1,100,185575059,26.7937,4763702676,4763702676,0,3482374104,
mcs50_m2Dr4_s100.A01,mcs50_m2Dr4_s100.B01,ll_lum,61,55,6909574429,1000.02,1,100,1325692772,184.257,4407769650,4407769650,0,3094643339,
mcs50_m2Dr4_s100.A02,mcs50_m2Dr4_s100.B02,ll_lum,61,58,6647666812,1000.02,1,100,1926931172,279.385,4229686032,4229686032,0,3049344060,
mcs50_m2Dr4_s100.A03,mcs50_m2Dr4_s100.B03,ll_lum,60,52,6802321972,1000.02,1,100,72667117,9.5562,4324342697,4324342697,0,3029345515,
mcs50_m2Dr4_s100.A04,mcs50_m2Dr4_s100.B04,ll_lum,60,54,6524490414,1000.02,1,100,285300405,41.8992,4067274024,4067274024,0,2945783216,
mcs50_m2Dr4_s100.A05,mcs50_m2Dr4_s100.B05,ll_lum,61,54,6544986437,1000.02,1,100,1117550099,161.801,4182762820,4182762820,0,2902754820,
mcs50_m2Dr4_s100.A06,mcs50_m2Dr4_s100.B06,ll_lum,58,48,22587827475,1000.02,1,100,80057,0.00869644,19192025203,19192025203,0,15826365004,
mcs50_m2Dr4_s100.A07,mcs50_m2Dr4_s100.B07,ll_lum,58,50,6676957776,1000.01,1,100,220400597,30.6613,4178479351,4178479351,0,2868916209,
mcs50_m2Dr4_s100.A08,mcs50_m2Dr4_s100.B08,ll_lum,59,53,6515057082,1000.01,1,100,2419389977,364.156,4127937889,4127937889,0,3083095757,
mcs50_m2Dr4_s100.A09,mcs50_m2Dr4_s100.B09,ll_lum,58,46,14973035495,1000.02,1,100,6304657630,410.56,13062537189,13062537189,0,11190238469,
mcs50_m2Dr4_s20.A00,mcs50_m2Dr4_s20.B00,ll_lum,14,17,74228,0.00962549,0,20,9179,0.00111849,45902,45902,0,31200,
mcs50_m2Dr4_s20.A01,mcs50_m2Dr4_s20.B01,ll_lum,14,12,53904,0.00691189,0,20,3616,0.000522574,34554,34554,0,23998,
mcs50_m2Dr4_s20.A02,mcs50_m2Dr4_s20.B02,ll_lum,14,16,84393,0.0115825,0,20,16121,0.00233034,54845,54845,0,41064,
mcs50_m2Dr4_s20.A03,mcs50_m2Dr4_s20.B03,ll_lum,14,13,102285,0.0135587,0,20,52662,0.00671481,65092,65092,0,47884,
mcs50_m2Dr4_s20.A04,mcs50_m2Dr4_s20.B04,ll_lum,14,13,66883,0.00835556,0,20,19640,0.00241008,42526,42526,0,28663,
mcs50_m2Dr4_s20.A05,mcs50_m2Dr4_s20.B05,ll_lum,15,14,19523,0.00267304,0,20,9492,0.00123602,12640,12640,0,9123,
mcs50_m2Dr4_s20.A06,mcs50_m2Dr4_s20.B06,ll_lum,14,17,54378,0.00713219,0,20,594,9.0306e-05,35238,35238,0,25013,
mcs50_m2Dr4_s20.A07,mcs50_m2Dr4_s20.B07,ll_lum,14,11,66722,0.0172871,0,20,41054,0.0103621,42376,42376,0,31066,
mcs50_m2Dr4_s20.A08,mcs50_m2Dr4_s20.B08,ll_lum,14,13,87926,0.022266,0,20,36392,0.00929602,56135,56135,0,38562,
mcs50_m2Dr4_s20.A09,mcs50_m2Dr4_s20.B09,ll_lum,14,18,77535,0.0102414,0,20,5052,0.000904937,49317,49317,0,34543,
mcs50_m2Dr4_s30.A00,mcs50_m2Dr4_s30.B00,ll_lum,21,19,3119974,0.425634,0,30,149320,0.017494,2101448,2101448,0,1559282,
mcs50_m2Dr4_s30.A01,mcs50_m2Dr4_s30.B01,ll_lum,21,18,4484226,0.682237,0,30,1222960,0.195494,2883804,2883804,0,2006993,
mcs50_m2Dr4_s30.A02,mcs50_m2Dr4_s30.B02,ll_lum,21,21,3693404,0.595843,0,30,1379445,0.22791,2475047,2475047,0,1887814,
mcs50_m2Dr4_s30.A03,mcs50_m2Dr4_s30.B03,ll_lum,21,20,6639873,0.924297,0,30,65109,0.00821885,4323280,4323280,0,3156168,
mcs50_m2Dr4_s30.A04,mcs50_m2Dr4_s30.B04,ll_lum,21,22,6861217,0.94945,0,30,1315335,0.171601,4409396,4409396,0,3158338,
mcs50_m2Dr4_s30.A05,mcs50_m2Dr4_s30.B05,ll_lum,21,19,18310241,2.39106,0,30,15662175,2.0466,12253682,12253682,0,8932047,
mcs50_m2Dr4_s30.A06,mcs50_m2Dr4_s30.B06,ll_lum,21,19,5494590,0.761238,0,30,1258616,0.167471,3545599,3545599,0,2552935,
mcs50_m2Dr4_s30.A07,mcs50_m2Dr4_s30.B07,ll_lum,21,22,22525580,2.99458,0,30,19695692,2.59626,14807731,14807731,0,10676606,
mcs50_m2Dr4_s30.A08,mcs50_m2Dr4_s30.B08,ll_lum,21,20,6696785,0.901649,0,30,935434,0.112846,4450615,4450615,0,3189345,
mcs50_m2Dr4_s30.A09,mcs50_m2Dr4_s30.B09,ll_lum,21,24,7280880,1.01839,0,30,3178304,0.432888,4730235,4730235,0,3375643,
mcs50_m2Dr4_s40.A00,mcs50_m2Dr4_s40.B00,ll_lum,28,29,880194000,247.818,0,40,537141311,147.343,580504713,580504713,0,410384311,
mcs50_m2Dr4_s40.A01,mcs50_m2Dr4_s40.B01,ll_lum,28,25,551722004,90.6166,0,40,198874595,32.4311,362524231,362524231,0,259547552,
mcs50_m2Dr4_s40.A02,mcs50_m2Dr4_s40.B02,ll_lum,28,22,362324534,60.3581,0,40,70532467,11.3523,240946426,240946426,0,177040883,
mcs50_m2Dr4_s40.A03,mcs50_m2Dr4_s40.B03,ll_lum,28,28,489766465,70.4562,0,40,170795459,23.8917,327402406,327402406,0,239521789,
mcs50_m2Dr4_s40.A04,mcs50_m2Dr4_s40.B04,ll_lum,28,28,835769229,123.439,0,40,552652534,81.7139,547391008,547391008,0,396642840,
mcs50_m2Dr4_s40.A05,mcs50_m2Dr4_s40.B05,ll_lum,29,29,649364181,92.04,0,40,625089832,88.4824,446328854,446328854,0,332758372,
mcs50_m2Dr4_s40.A06,mcs50_m2Dr4_s40.B06,ll_lum,28,25,1144241202,322.674,0,40,919591667,259.104,766398150,766398150,0,556372736,
mcs50_m2Dr4_s40.A07,mcs50_m2Dr4_s40.B07,ll_lum,28,26,433779007,61.7699,0,40,95876565,12.7919,300439731,300439731,0,226210448,
mcs50_m2Dr4_s40.A08,mcs50_m2Dr4_s40.B08,ll_lum,29,26,317747145,44.5797,0,40,269641150,37.3868,212704051,212704051,0,153420019,
mcs50_m2Dr4_s40.A09,mcs50_m2Dr4_s40.B09,ll_lum,28,25,813545062,116.992,0,40,397522880,55.273,546739364,546739364,0,398075178,
mcs50_m2Dr4_s50.A00,mcs50_m2Dr4_s50.B00,ll_lum,35,31,6760051178,1000.02,1,50,4837943021,704.53,4666595394,4666595394,0,3542921242,
mcs50_m2Dr4_s50.A01,mcs50_m2Dr4_s50.B01,ll_lum,34,30,6868294298,1000.01,1,50,1002373839,135.234,4616700957,4616700957,0,3447268900,
mcs50_m2Dr4_s50.A02,mcs50_m2Dr4_s50.B02,ll_lum,34,31,6983062757,1000.02,1,50,2958642252,407.906,4582932206,4582932206,0,3336901401,
mcs50_m2Dr4_s50.A03,mcs50_m2Dr4_s50.B03,ll_lum,34,31,6822330604,1000.02,1,50,1658473734,228.533,4570648797,4570648797,0,3435291178,
mcs50_m2Dr4_s50.A04,mcs50_m2Dr4_s50.B04,ll_lum,34,32,6340392080,1000.02,1,50,275109158,42.6055,4161737548,4161737548,0,3025670857,
mcs50_m2Dr4_s50.A05,mcs50_m2Dr4_s50.B05,ll_lum,34,29,6273273076,1000.01,1,50,2282866680,361.964,4183282120,4183282120,0,3114386226,
mcs50_m2Dr4_s50.A06,mcs50_m2Dr4_s50.B06,ll_lum,33,28,7235364034,1000.01,1,50,67310593,8.68952,5016723814,5016723814,0,3816075870,
mcs50_m2Dr4_s50.A07,mcs50_m2Dr4_s50.B07,ll_lum,34,29,6857646810,1000.02,1,50,772622191,106.628,4517032719,4517032719,0,3199061223,
mcs50_m2Dr4_s50.A08,mcs50_m2Dr4_s50.B08,ll_lum,35,34,6861507243,1000.02,1,50,6031000924,873.014,4573698701,4573698701,0,3353085788,
mcs50_m2Dr4_s50.A09,mcs50_m2Dr4_s50.B09,ll_lum,35,31,6670440232,1000.01,1,50,1372947269,198.534,4526080613,4526080613,0,3398683894,
mcs50_m2Dr4_s60.A00,mcs50_m2Dr4_s60.B00,ll_lum,38,38,6178534547,1000.02,1,60,176147568,26.1888,4108881621,4108881621,0,2961628308,
mcs50_m2Dr4_s60.A01,mcs50_m2Dr4_s60.B01,ll_lum,39,33,6520636991,1000.02,1,60,3511428407,538.961,4442138479,4442138479,0,3144251613,
mcs50_m2Dr4_s60.A02,mcs50_m2Dr4_s60.B02,ll_lum,39,33,6804475908,1000.02,1,60,1837016671,262.408,4507336917,4507336917,0,3372043025,
mcs50_m2Dr4_s60.A03,mcs50_m2Dr4_s60.B03,ll_lum,39,35,7405026411,1000.02,1,60,777414407,106.556,5258149905,5258149905,0,4068389838,
mcs50_m2Dr4_s60.A04,mcs50_m2Dr4_s60.B04,ll_lum,40,35,6843767335,1000.02,1,60,4310429495,619.304,4510818888,4510818888,0,3346287527,
mcs50_m2Dr4_s60.A05,mcs50_m2Dr4_s60.B05,ll_lum,40,36,7195961539,1000.01,1,60,3453763271,472.125,4857457381,4857457381,0,3628912562,
mcs50_m2Dr4_s60.A06,mcs50_m2Dr4_s60.B06,ll_lum,40,37,6546254315,1000.02,1,60,2740152729,403.461,4173069261,4173069261,0,3083170417,
mcs50_m2Dr4_s60.A07,mcs50_m2Dr4_s60.B07,ll_lum,33,27,21356846443,1000.02,1,60,580452369,25.2462,17201787694,17201787694,0,13372861220,
mcs50_m2Dr4_s60.A08,mcs50_m2Dr4_s60.B08,ll_lum,39,31,6956840798,1000.01,1,60,697819310,99.0186,4549138287,4549138287,0,3455384623,
mcs50_m2Dr4_s60.A09,mcs50_m2Dr4_s60.B09,ll_lum,39,34,6735816031,1000.02,1,60,2022181610,286.482,4437078434,4437078434,0,3303580313,
mcs50_m2Dr4_s70.A00,mcs50_m2Dr4_s70.B00,ll_lum,44,45,7569236945,1000.01,1,70,5598844399,713.412,4758793779,4758793779,0,3214711743,
mcs50_m2Dr4_s70.A01,mcs50_m2Dr4_s70.B01,ll_lum,44,36,7078224197,1000.02,1,70,1215170055,164.534,4907885665,4907885665,0,3609084083,
mcs50_m2Dr4_s70.A02,mcs50_m2Dr4_s70.B02,ll_lum,43,37,6940942266,1000.01,1,70,58203607,7.58553,4704740481,4704740481,0,3308228729,
mcs50_m2Dr4_s70.A03,mcs50_m2Dr4_s70.B03,ll_lum,44,36,7475638868,1000.02,1,70,451884335,56.5422,5164066408,5164066408,0,3810715527,
mcs50_m2Dr4_s70.A04,mcs50_m2Dr4_s70.B04,ll_lum,46,39,6855997635,1000.02,1,70,3079672568,440.033,4597933617,4597933617,0,3424436799,
mcs50_m2Dr4_s70.A05,mcs50_m2Dr4_s70.B05,ll_lum,44,41,7038060246,1000.02,1,70,34372619,4.46105,4796319268,4796319268,0,3521377139,
mcs50_m2Dr4_s70.A06,mcs50_m2Dr4_s70.B06,ll_lum,46,46,6795424621,1000.01,1,70,2285053447,329.179,4760642381,4760642381,0,3570077733,
mcs50_m2Dr4_s70.A07,mcs50_m2Dr4_s70.B07,ll_lum,45,40,6305869099,1000.02,1,70,19763584,1.94773,4114484097,4114484097,0,2917850428,
mcs50_m2Dr4_s70.A08,mcs50_m2Dr4_s70.B08,ll_lum,45,43,6874149052,1000.02,1,70,75007809,10.142,4413254620,4413254620,0,3165017038,
mcs50_m2Dr4_s70.A09,mcs50_m2Dr4_s70.B09,ll_lum,45,41,6576825880,1000.01,1,70,4795774073,717.966,4314947768,4314947768,0,3076338945,
mcs50_m2Dr4_s80.A00,mcs50_m2Dr4_s80.B00,ll_lum,48,45,7306080883,1000.01,1,80,649049356,81.6116,4827367570,4827367570,0,3501919160,
mcs50_m2Dr4_s80.A01,mcs50_m2Dr4_s80.B01,ll_lum,50,46,6654574051,1000.02,1,80,3834233466,557.798,4160089620,4160089620,0,2971855267,
mcs50_m2Dr4_s80.A02,mcs50_m2Dr4_s80.B02,ll_lum,49,45,7719724068,1000.01,1,80,4022569040,498.732,5216813454,5216813454,0,3874827857,
mcs50_m2Dr4_s80.A03,mcs50_m2Dr4_s80.B03,ll_lum,50,49,7328787060,1000.02,1,80,356175533,40.2957,4862886398,4862886398,0,3483859555,
mcs50_m2Dr4_s80.A04,mcs50_m2Dr4_s80.B04,ll_lum,50,45,7544148483,1000.02,1,80,5892524846,752.951,5521353846,5521353846,0,4219043601,
mcs50_m2Dr4_s80.A05,mcs50_m2Dr4_s80.B05,ll_lum,48,46,7355002939,1000.02,1,80,522795638,69.5996,5028466927,5028466927,0,3661556696,
mcs50_m2Dr4_s80.A06,mcs50_m2Dr4_s80.B06,ll_lum,49,41,7379023337,1000.02,1,80,2707416990,347.834,4939732301,4939732301,0,3556560093,
mcs50_m2Dr4_s80.A07,mcs50_m2Dr4_s80.B07,ll_lum,49,44,7291756247,1000.01,1,80,6696054220,912.953,4724805156,4724805156,0,3280290688,
mcs50_m2Dr4_s80.A08,mcs50_m2Dr4_s80.B08,ll_lum,52,47,6806430109,1000.02,1,80,1620340875,212.098,4457419081,4457419081,0,3155693539,
mcs50_m2Dr4_s80.A09,mcs50_m2Dr4_s80.B09,ll_lum,50,42,7167628964,1000.02,1,80,3578436470,488.458,4631278626,4631278626,0,3430916129,
mcs50_m2Dr4_s90.A00,mcs50_m2Dr4_s90.B00,ll_lum,53,44,7142039842,1000.02,1,90,3905294069,536.377,4590583629,4590583629,0,3296763105,
mcs50_m2Dr4_s90.A01,mcs50_m2Dr4_s90.B01,ll_lum,55,50,7349697634,1000.02,1,90,3060257379,388.943,4906876182,4906876182,0,3478708967,
mcs50_m2Dr4_s90.A02,mcs50_m2Dr4_s90.B02,ll_lum,56,52,6867766959,1000.02,1,90,702296789,100.916,4889941156,4889941156,0,3582100944,
mcs50_m2Dr4_s90.A03,mcs50_m2Dr4_s90.B03,ll_lum,56,54,7018522715,1000.02,1,90,3963097266,555.131,4715713024,4715713024,0,3308867669,
mcs50_m2Dr4_s90.A04,mcs50_m2Dr4_s90.B04,ll_lum,54,49,7575679425,1000.02,1,90,166191565,19.1302,4922580722,4922580722,0,3516916828,
mcs50_m2Dr4_s90.A05,mcs50_m2Dr4_s90.B05,ll_lum,55,53,7173486525,1000.02,1,90,95410263,7.20186,4663609125,4663609125,0,3451480039,
mcs50_m2Dr4_s90.A06,mcs50_m2Dr4_s90.B06,ll_lum,55,51,6650355026,1000.02,1,90,404548548,54.3137,4260112981,4260112981,0,3223413776,
mcs50_m2Dr4_s90.A07,mcs50_m2Dr4_s90.B07,ll_lum,53,49,6522596287,1000.02,1,90,315933702,44.0328,4166021475,4166021475,0,3041096764,
mcs50_m2Dr4_s90.A08,mcs50_m2Dr4_s90.B08,ll_lum,55,43,6905118332,1000.02,1,90,3771478653,540.218,4810087101,4810087101,0,3667084279,
mcs50_m2Dr4_s90.A09,mcs50_m2Dr4_s90.B09,ll_lum,56,46,7202879966,1000.02,1,90,3244876998,439.973,4658017175,4658017175,0,3467346408,
mcs50_m2Dr6_s10.A00,mcs50_m2Dr6_s10.B00,ll_lum,7,6,751,0.000110837,0,10,540,6.2544e-05,496,496,0,368,
mcs50_m2Dr6_s10.A01,mcs50_m2Dr6_s10.B01,ll_lum,8,8,286,7.0697e-05,0,10,250,4.1102e-05,203,203,0,149,
mcs50_m2Dr6_s10.A02,mcs50_m2Dr6_s10.B02,ll_lum,7,11,170,4.6531e-05,0,10,18,5.798e-06,126,126,0,93,
mcs50_m2Dr6_s10.A03,mcs50_m2Dr6_s10.B03,ll_lum,7,9,473,8.2224e-05,0,10,11,5.388e-06,306,306,0,198,
mcs50_m2Dr6_s10.A04,mcs50_m2Dr6_s10.B04,ll_lum,8,9,302,7.6126e-05,0,10,119,2.3555e-05,209,209,0,136,
mcs50_m2Dr6_s10.A05,mcs50_m2Dr6_s10.B05,ll_lum,7,8,685,0.000110657,0,10,14,6.289e-06,432,432,0,277,
mcs50_m2Dr6_s10.A06,mcs50_m2Dr6_s10.B06,ll_lum,7,12,518,9.0247e-05,0,10,67,1.27e-05,338,338,0,216,
mcs50_m2Dr6_s10.A07,mcs50_m2Dr6_s10.B07,ll_lum,8,8,391,8.0682e-05,0,10,379,5.328e-05,264,264,0,176,
mcs50_m2Dr6_s10.A08,mcs50_m2Dr6_s10.B08,ll_lum,7,8,620,9.93e-05,0,10,104,1.7115e-05,413,413,0,296,
mcs50_m2Dr6_s10.A09,mcs50_m2Dr6_s10.B09,ll_lum,7,8,699,0.000104547,0,10,353,3.6895e-05,436,436,0,279,
mcs50_m2Dr6_s100.A00,mcs50_m2Dr6_s100.B00,ll_lum,59,55,6857086554,1000.02,1,100,2296546586,326.464,4187129276,4187129276,0,2770626782,
mcs50_m2Dr6_s100.A01,mcs50_m2Dr6_s100.B01,ll_lum,56,53,6935241367,1000.02,1,100,377084373,38.6018,4690102903,4690102903,0,3498283747,
mcs50_m2Dr6_s100.A02,mcs50_m2Dr6_s100.B02,ll_lum,58,52,6235207638,1000.02,1,100,2054038369,311.233,3854596383,3854596383,0,2679434035,
mcs50_m2Dr6_s100.A03,mcs50_m2Dr6_s100.B03,ll_lum,54,48,19703951952,1000.02,1,100,4467923918,213.203,16771819973,16771819973,0,13942258889,
mcs50_m2Dr6_s100.A04,mcs50_m2Dr6_s100.B04,ll_lum,55,48,6900952018,1000.02,1,100,481515965,66.7245,4571250724,4571250724,0,3449683913,
mcs50_m2Dr6_s100.A05,mcs50_m2Dr6_s100.B05,ll_lum,54,56,24048316254,1000.02,1,100,7418745941,302.111,19626780810,19626780810,0,15586929536,
mcs50_m2Dr6_s100.A06,mcs50_m2Dr6_s100.B06,ll_lum,57,51,7021622735,1000.02,1,100,5741601003,806.218,4430059225,4430059225,0,3338482050,
mcs50_m2Dr6_s100.A07,mcs50_m2Dr6_s100.B07,ll_lum,51,44,18574964208,1000.02,1,100,39466415,2.52233,14587432015,14587432015,0,10744702945,
mcs50_m2Dr6_s100.A08,mcs50_m2Dr6_s100.B08,ll_lum,57,48,6734487923,1000.02,1,100,5334848057,784.208,4383208921,4383208921,0,3153174352,
mcs50_m2Dr6_s100.A09,mcs50_m2Dr6_s100.B09,ll_lum,58,53,4410974825,1000.01,1,100,2628996848,577.395,3016108847,3016108847,0,2250483750,
mcs50_m2Dr6_s20.A00,mcs50_m2Dr6_s20.B00,ll_lum,14,15,65252,0.00851075,0,20,37154,0.00459238,41908,41908,0,31382,
mcs50_m2Dr6_s20.A01,mcs50_m2Dr6_s20.B01,ll_lum,14,15,75230,0.00969171,0,20,45250,0.00564791,48167,48167,0,35887,
mcs50_m2Dr6_s20.A02,mcs50_m2Dr6_s20.B02,ll_lum,14,20,61084,0.00816751,0,20,21916,0.00291665,39428,39428,0,28413,
mcs50_m2Dr6_s20.A03,mcs50_m2Dr6_s20.B03,ll_lum,14,16,73251,0.00976279,0,20,35686,0.00476783,45957,45957,0,31593,
mcs50_m2Dr6_s20.A04,mcs50_m2Dr6_s20.B04,ll_lum,14,18,125509,0.0165996,0,20,119830,0.01581,81471,81471,0,59946,
mcs50_m2Dr6_s20.A05,mcs50_m2Dr6_s20.B05,ll_lum,15,20,40582,0.00590378,0,20,38180,0.00552443,25465,25465,0,18794,
mcs50_m2Dr6_s20.A06,mcs50_m2Dr6_s20.B06,ll_lum,14,16,57335,0.00769916,0,20,17160,0.00232099,36489,36489,0,26015,
mcs50_m2Dr6_s20.A07,mcs50_m2Dr6_s20.B07,ll_lum,14,15,173998,0.0234458,0,20,173238,0.0233086,108206,108206,0,75885,
mcs50_m2Dr6_s20.A08,mcs50_m2Dr6_s20.B08,ll_lum,14,15,81879,0.0111059,0,20,42702,0.00563308,51838,51838,0,37381,
mcs50_m2Dr6_s20.A09,mcs50_m2Dr6_s20.B09,ll_lum,13,13,186382,0.0234423,0,20,1948,0.000243537,121862,121862,0,88284,
mcs50_m2Dr6_s30.A00,mcs50_m2Dr6_s30.B00,ll_lum,21,22,9501255,1.32635,0,30,5070363,0.683264,6176352,6176352,0,4530598,
mcs50_m2Dr6_s30.A01,mcs50_m2Dr6_s30.B01,ll_lum,21,21,8282498,1.24616,0,30,5944440,0.895191,5369817,5369817,0,4026379,
mcs50_m2Dr6_s30.A02,mcs50_m2Dr6_s30.B02,ll_lum,20,23,14445824,1.97639,0,30,1053663,0.138032,9378589,9378589,0,6729962,
mcs50_m2Dr6_s30.A03,mcs50_m2Dr6_s30.B03,ll_lum,20,19,18552093,2.55213,0,30,1233133,0.161207,12474852,12474852,0,9380027,
mcs50_m2Dr6_s30.A04,mcs50_m2Dr6_s30.B04,ll_lum,21,19,4297022,0.610393,0,30,2863542,0.403987,2880682,2880682,0,2210589,
mcs50_m2Dr6_s30.A05,mcs50_m2Dr6_s30.B05,ll_lum,20,20,21585702,2.9566,0,30,500082,0.0672092,13779330,13779330,0,9491578,
mcs50_m2Dr6_s30.A06,mcs50_m2Dr6_s30.B06,ll_lum,20,24,11180691,1.57158,0,30,366406,0.0492626,7457522,7457522,0,5581041,
mcs50_m2Dr6_s30.A07,mcs50_m2Dr6_s30.B07,ll_lum,20,21,9477750,1.33415,0,30,38237,0.00524566,6448903,6448903,0,4893643,
mcs50_m2Dr6_s30.A08,mcs50_m2Dr6_s30.B08,ll_lum,20,17,17155604,2.33508,0,30,1131524,0.139702,11302427,11302427,0,8190863,
mcs50_m2Dr6_s30.A09,mcs50_m2Dr6_s30.B09,ll_lum,20,22,14689540,2.07,0,30,391855,0.0544456,9491301,9491301,0,6737485,
mcs50_m2Dr6_s40.A00,mcs50_m2Dr6_s40.B00,ll_lum,28,24,551669945,79.924,0,40,455689211,65.2967,374352045,374352045,0,281047968,
mcs50_m2Dr6_s40.A01,mcs50_m2Dr6_s40.B01,ll_lum,27,26,1870386247,273.347,0,40,372185455,53.4985,1217735985,1217735985,0,867808756,
mcs50_m2Dr6_s40.A02,mcs50_m2Dr6_s40.B02,ll_lum,27,28,974277064,141.794,0,40,397702499,56.8553,664750525,664750525,0,505070336,
mcs50_m2Dr6_s40.A03,mcs50_m2Dr6_s40.B03,ll_lum,27,26,2346096184,346.489,0,40,1687418308,248.926,1539218692,1539218692,0,1128813624,
mcs50_m2Dr6_s40.A04,mcs50_m2Dr6_s40.B04,ll_lum,27,27,1309128803,191.459,0,40,157255084,23.0159,871355890,871355890,0,637804250,
mcs50_m2Dr6_s40.A05,mcs50_m2Dr6_s40.B05,ll_lum,27,22,1101689348,162.696,0,40,456398499,65.7335,733861537,733861537,0,546594695,
mcs50_m2Dr6_s40.A06,mcs50_m2Dr6_s40.B06,ll_lum,27,25,3462710074,662.402,0,40,2351037815,442.895,2282102242,2282102242,0,1630036790,
mcs50_m2Dr6_s40.A07,mcs50_m2Dr6_s40.B07,ll_lum,27,26,2382386965,343.58,0,40,144675823,20.1421,1586029245,1586029245,0,1137564625,
mcs50_m2Dr6_s40.A08,mcs50_m2Dr6_s40.B08,ll_lum,27,26,1039454293,155.207,0,40,317678939,46.4102,687087218,687087218,0,505484994,
mcs50_m2Dr6_s40.A09,mcs50_m2Dr6_s40.B09,ll_lum,27,27,1172577212,174.145,0,40,390038651,58.1747,771229196,771229196,0,563306453,
mcs50_m2Dr6_s50.A00,mcs50_m2Dr6_s50.B00,ll_lum,32,29,7091159308,1000.02,1,50,2108393086,292.433,4792041280,4792041280,0,3605702185,
mcs50_m2Dr6_s50.A01,mcs50_m2Dr6_s50.B01,ll_lum,32,31,6813462235,1000.02,1,50,2215231114,318.529,4441623272,4441623272,0,3340741943,
mcs50_m2Dr6_s50.A02,mcs50_m2Dr6_s50.B02,ll_lum,32,31,6916599137,1000.02,1,50,853999383,124.453,4580088891,4580088891,0,3445202271,
mcs50_m2Dr6_s50.A03,mcs50_m2Dr6_s50.B03,ll_lum,33,29,6799263240,1000.02,1,50,1208504729,175.457,4530637395,4530637395,0,3425274899,
mcs50_m2Dr6_s50.A04,mcs50_m2Dr6_s50.B04,ll_lum,33,36,6651215245,1000.02,1,50,5215175344,779.722,4340397776,4340397776,0,3266476846,
mcs50_m2Dr6_s50.A05,mcs50_m2Dr6_s50.B05,ll_lum,32,29,3697475853,1000.01,1,50,802680450,230.784,2488234220,2488234220,0,1878835396,
mcs50_m2Dr6_s50.A06,mcs50_m2Dr6_s50.B06,ll_lum,34,30,6809782025,1000.02,1,50,6542640290,959.172,4628390305,4628390305,0,3475525440,
mcs50_m2Dr6_s50.A07,mcs50_m2Dr6_s50.B07,ll_lum,34,31,6653669503,1000.02,1,50,3438351428,494.747,4514662270,4514662270,0,3486775019,
mcs50_m2Dr6_s50.A08,mcs50_m2Dr6_s50.B08,ll_lum,32,25,6754823355,1000.02,1,50,148025726,22.2648,4416963651,4416963651,0,3285914681,
mcs50_m2Dr6_s50.A09,mcs50_m2Dr6_s50.B09,ll_lum,33,30,6674671310,1000.02,1,50,1359354625,199.286,4352362537,4352362537,0,3204916699,
mcs50_m2Dr6_s60.A00,mcs50_m2Dr6_s60.B00,ll_lum,37,45,6915017969,1000.02,1,60,10289018,1.27225,4363428793,4363428793,0,3151461172,
mcs50_m2Dr6_s60.A01,mcs50_m2Dr6_s60.B01,ll_lum,38,33,6612028301,1000.02,1,60,735666539,105.932,4200940961,4200940961,0,2958390230,
mcs50_m2Dr6_s60.A02,mcs50_m2Dr6_s60.B02,ll_lum,38,36,6724139572,1000.02,1,60,4371389220,638.858,4396585190,4396585190,0,3280406970,
mcs50_m2Dr6_s60.A03,mcs50_m2Dr6_s60.B03,ll_lum,39,36,6834996362,1000.01,1,60,3419898221,482.015,4511866080,4511866080,0,3387691090,
mcs50_m2Dr6_s60.A04,mcs50_m2Dr6_s60.B04,ll_lum,38,37,6769807901,1000.02,1,60,6019460414,888.753,4515741350,4515741350,0,3448569057,
mcs50_m2Dr6_s60.A05,mcs50_m2Dr6_s60.B05,ll_lum,37,36,7033966430,1000.02,1,60,5501390200,774.957,4596188055,4596188055,0,3446379651,
mcs50_m2Dr6_s60.A06,mcs50_m2Dr6_s60.B06,ll_lum,37,39,6812263780,1000.01,1,60,152128141,20.5976,4641363202,4641363202,0,3583974194,
mcs50_m2Dr6_s60.A07,mcs50_m2Dr6_s60.B07,ll_lum,38,39,6781272902,1000.01,1,60,2118895383,295.258,4329038388,4329038388,0,3226712002,
mcs50_m2Dr6_s60.A08,mcs50_m2Dr6_s60.B08,ll_lum,38,39,7153584587,1000.02,1,60,5574505595,773.483,4697580570,4697580570,0,3422717730,
mcs50_m2Dr6_s60.A09,mcs50_m2Dr6_s60.B09,ll_lum,38,34,6851892683,1000.02,1,60,744594936,106.219,4571281998,4571281998,0,3404533610,
mcs50_m2Dr6_s70.A00,mcs50_m2Dr6_s70.B00,ll_lum,46,77,5732575646,1000.02,1,70,718494,0.117445,3666553280,3666553280,0,2827988109,
mcs50_m2Dr6_s70.A01,mcs50_m2Dr6_s70.B01,ll_lum,43,37,7083050452,1000.03,1,70,284622088,36.6765,4927767211,4927767211,0,3532639858,
mcs50_m2Dr6_s70.A02,mcs50_m2Dr6_s70.B02,ll_lum,44,38,6236622932,1000.02,1,70,78607737,11.0685,4142360122,4142360122,0,3148038795,
mcs50_m2Dr6_s70.A03,mcs50_m2Dr6_s70.B03,ll_lum,43,39,7193456553,1000.02,1,70,3741835155,509.658,4710934989,4710934989,0,3440084519,
mcs50_m2Dr6_s70.A04,mcs50_m2Dr6_s70.B04,ll_lum,43,37,6714911174,1000.02,1,70,2903633465,414.396,4578545212,4578545212,0,3549620054,
mcs50_m2Dr6_s70.A05,mcs50_m2Dr6_s70.B05,ll_lum,42,38,7821743847,1000.02,1,70,7792364676,995.781,5414486583,5414486583,0,3955303291,
mcs50_m2Dr6_s70.A06,mcs50_m2Dr6_s70.B06,ll_lum,43,40,6385361558,1000.02,1,70,130341097,18.7771,4204409272,4204409272,0,3236021735,
mcs50_m2Dr6_s70.A07,mcs50_m2Dr6_s70.B07,ll_lum,42,38,6590238285,1000.01,1,70,725587530,103.74,4292430134,4292430134,0,3202984877,
mcs50_m2Dr6_s70.A08,mcs50_m2Dr6_s70.B08,ll_lum,44,38,6233869634,1000.01,1,70,119052619,17.5137,4022811989,4022811989,0,3003548076,
mcs50_m2Dr6_s70.A09,mcs50_m2Dr6_s70.B09,ll_lum,44,39,6673370361,1000.01,1,70,2152160006,316.252,4479689715,4479689715,0,3240040127,
mcs50_m2Dr6_s80.A00,mcs50_m2Dr6_s80.B00,ll_lum,48,44,8328896379,1000.02,1,80,3355856599,261.854,5684264422,5684264422,0,4080406653,
mcs50_m2Dr6_s80.A01,mcs50_m2Dr6_s80.B01,ll_lum,47,39,6809610713,1000.02,1,80,3257474699,468.635,4633112926,4633112926,0,3505883586,
mcs50_m2Dr6_s80.A02,mcs50_m2Dr6_s80.B02,ll_lum,48,39,11546152683,1000.02,1,80,8210729728,498.327,8549896189,8549896189,0,6202175623,
mcs50_m2Dr6_s80.A03,mcs50_m2Dr6_s80.B03,ll_lum,46,41,7086857444,1000.02,1,80,482350665,67.6084,4642242764,4642242764,0,3289865603,
mcs50_m2Dr6_s80.A04,mcs50_m2Dr6_s80.B04,ll_lum,50,45,7091358297,1000.01,1,80,2456045629,255.113,4930597823,4930597823,0,3870627858,
mcs50_m2Dr6_s80.A05,mcs50_m2Dr6_s80.B05,ll_lum,48,45,6819121158,1000.01,1,80,637004567,85.0655,4317728466,4317728466,0,3053729047,
mcs50_m2Dr6_s80.A06,mcs50_m2Dr6_s80.B06,ll_lum,47,44,3949382654,1000.02,1,80,42981903,12.2757,2576575823,2576575823,0,1828493473,
mcs50_m2Dr6_s80.A07,mcs50_m2Dr6_s80.B07,ll_lum,45,39,7838461786,1000.01,1,80,129366297,11.0214,5357990136,5357990136,0,3953778936,
mcs50_m2Dr6_s80.A08,mcs50_m2Dr6_s80.B08,ll_lum,49,47,3685599354,1000.01,1,80,3435492950,923.759,2372079792,2372079792,0,1594501715,
mcs50_m2Dr6_s80.A09,mcs50_m2Dr6_s80.B09,ll_lum,48,46,4172508389,1000.01,1,80,32609276,8.58195,2711896333,2711896333,0,1942933735,
mcs50_m2Dr6_s90.A00,mcs50_m2Dr6_s90.B00,ll_lum,53,55,4032958537,1000.01,1,90,339705162,95.8196,2567597932,2567597932,0,1809673509,
mcs50_m2Dr6_s90.A01,mcs50_m2Dr6_s90.B01,ll_lum,52,50,7709557170,1000.02,1,90,25218246,2.68849,5608774296,5608774296,0,4044535594,
mcs50_m2Dr6_s90.A02,mcs50_m2Dr6_s90.B02,ll_lum,52,49,6546066643,1000.01,1,90,193234590,26.1792,4227809600,4227809600,0,3265051462,
mcs50_m2Dr6_s90.A03,mcs50_m2Dr6_s90.B03,ll_lum,53,49,7166646792,1000.01,1,90,925746303,116.119,4615731645,4615731645,0,3241609917,
mcs50_m2Dr6_s90.A04,mcs50_m2Dr6_s90.B04,ll_lum,54,49,6892944321,1000.01,1,90,198718052,28.1671,4467648466,4467648466,0,3316809030,
mcs50_m2Dr6_s90.A05,mcs50_m2Dr6_s90.B05,ll_lum,52,51,6907906056,1000.01,1,90,57052628,7.74681,4821010726,4821010726,0,3417866979,
mcs50_m2Dr6_s90.A06,mcs50_m2Dr6_s90.B06,ll_lum,51,41,6606006697,1000.01,1,90,97686631,9.55395,4356330051,4356330051,0,3256528007,
mcs50_m2Dr6_s90.A07,mcs50_m2Dr6_s90.B07,ll_lum,53,47,7133759080,1000.02,1,90,6495629115,903.374,4547604799,4547604799,0,3184129987,
mcs50_m2Dr6_s90.A08,mcs50_m2Dr6_s90.B08,ll_lum,54,52,5991132534,1000.02,1,90,1015342223,164.661,3813904674,3813904674,0,2838753423,
mcs50_m2Dr6_s90.A09,mcs50_m2Dr6_s90.B09,ll_lum,52,51,6337055597,1000.02,1,90,1556886097,234.167,3871391848,3871391848,0,2853547395,
mcs50_m3D_s15.A00,mcs50_m3D_s15.B00,ll_lum,11,15,3931,0.000519342,0,15,62,1.7747e-05,2474,2474,0,1698,
mcs50_m3D_s15.A01,mcs50_m3D_s15.B01,ll_lum,11,16,4020,0.000509826,0,15,145,2.659e-05,2497,2497,0,1562,
mcs50_m3D_s15.A02,mcs50_m3D_s15.B02,ll_lum,11,13,8702,0.00110437,0,15,4262,0.000507485,5586,5586,0,4108,
mcs50_m3D_s15.A03,mcs50_m3D_s15.B03,ll_lum,11,13,4804,0.000654123,0,15,569,8.2214e-05,3016,3016,0,1908,
mcs50_m3D_s15.A04,mcs50_m3D_s15.B04,ll_lum,11,12,3753,0.000518288,0,15,153,2.8743e-05,2444,2444,0,1672,
mcs50_m3D_s15.A05,mcs50_m3D_s15.B05,ll_lum,11,15,9615,0.00120713,0,15,4676,0.00056603,5852,5852,0,4004,
mcs50_m3D_s15.A06,mcs50_m3D_s15.B06,ll_lum,11,15,4639,0.000632291,0,15,12,8.943e-06,2913,2913,0,1878,
mcs50_m3D_s15.A07,mcs50_m3D_s15.B07,ll_lum,11,15,6612,0.000851222,0,15,11,7.852e-06,4069,4069,0,2693,
mcs50_m3D_s15.A08,mcs50_m3D_s15.B08,ll_lum,11,15,2036,0.000285438,0,15,26,1.0586e-05,1310,1310,0,838,
mcs50_m3D_s15.A09,mcs50_m3D_s15.B09,ll_lum,11,14,7514,0.000970063,0,15,2572,0.000318968,4676,4676,0,3069,
mcs50_m3D_s20.A00,mcs50_m3D_s20.B00,ll_lum,15,15,95460,0.012708,0,20,94476,0.0125543,57449,57449,0,38043,
mcs50_m3D_s20.A01,mcs50_m3D_s20.B01,ll_lum,14,16,67796,0.00881513,0,20,3157,0.00034518,43320,43320,0,29508,
mcs50_m3D_s20.A02,mcs50_m3D_s20.B02,ll_lum,14,15,58756,0.00756171,0,20,2928,0.000338629,37457,37457,0,26515,
mcs50_m3D_s20.A03,mcs50_m3D_s20.B03,ll_lum,14,15,58237,0.00735381,0,20,141,3.0716e-05,38522,38522,0,27238,
mcs50_m3D_s20.A04,mcs50_m3D_s20.B04,ll_lum,15,18,44546,0.0062666,0,20,33689,0.00472113,28131,28131,0,20068,
mcs50_m3D_s20.A05,mcs50_m3D_s20.B05,ll_lum,14,15,113044,0.0140821,0,20,46939,0.00579652,70573,70573,0,50144,
mcs50_m3D_s20.A06,mcs50_m3D_s20.B06,ll_lum,14,13,94859,0.0128347,0,20,2468,0.000343786,60722,60722,0,44090,
mcs50_m3D_s20.A07,mcs50_m3D_s20.B07,ll_lum,15,18,39846,0.00457584,0,20,32763,0.0036566,26109,26109,0,18403,
mcs50_m3D_s20.A08,mcs50_m3D_s20.B08,ll_lum,14,15,77499,0.00994221,0,20,5179,0.000673944,50661,50661,0,36584,
mcs50_m3D_s20.A09,mcs50_m3D_s20.B09,ll_lum,14,15,81082,0.0105848,0,20,318,5.5413e-05,50931,50931,0,34633,
mcs50_m3D_s50.A00,mcs50_m3D_s50.B00,ll_lum,33,31,6641244337,1000.01,1,50,193598858,27.5317,4283780144,4283780144,0,3149548037,
mcs50_m3D_s50.A01,mcs50_m3D_s50.B01,ll_lum,33,33,6575800982,1000.02,1,50,159606690,22.7683,4267407725,4267407725,0,3016233151,
mcs50_m3D_s50.A02,mcs50_m3D_s50.B02,ll_lum,33,38,6646927154,1000.02,1,50,3834267469,567.117,4199826798,4199826798,0,2999902463,
mcs50_m3D_s50.A03,mcs50_m3D_s50.B03,ll_lum,33,30,6756366667,1000.02,1,50,3954271895,577.193,4677230855,4677230855,0,3603492592,
mcs50_m3D_s50.A04,mcs50_m3D_s50.B04,ll_lum,33,47,6834812452,1000.02,1,50,612254,0.0949567,4541279254,4541279254,0,3357949338,
mcs50_m3D_s50.A05,mcs50_m3D_s50.B05,ll_lum,32,33,7123988753,1000.02,1,50,2247301454,300.575,4642710225,4642710225,0,3263513136,
mcs50_m3D_s50.A06,mcs50_m3D_s50.B06,ll_lum,33,32,6734429532,1000.01,1,50,1367058685,196.723,4414251349,4414251349,0,3216003439,
mcs50_m3D_s50.A07,mcs50_m3D_s50.B07,ll_lum,33,32,6840281878,1000.01,1,50,2481130425,350.934,4429333852,4429333852,0,3235532744,
mcs50_m3D_s50.A08,mcs50_m3D_s50.B08,ll_lum,33,38,6590991236,1000.02,1,50,96553288,14.4038,4293015213,4293015213,0,3150580845,
mcs50_m3D_s50.A09,mcs50_m3D_s50.B09,ll_lum,33,34,6909383431,1000.01,1,50,6028723089,865.884,4479453088,4479453088,0,3313823219,
mcs50_m3D_s60.A00,mcs50_m3D_s60.B00,ll_lum,38,38,6366694212,1000.02,1,60,363157043,55.4352,4074255382,4074255382,0,3052197706,
mcs50_m3D_s60.A01,mcs50_m3D_s60.B01,ll_lum,38,45,6659815670,1000.02,1,60,799411351,119.434,4288389739,4288389739,0,3276429914,
mcs50_m3D_s60.A02,mcs50_m3D_s60.B02,ll_lum,38,37,6550801896,1000.02,1,60,196967620,29.7845,4196351953,4196351953,0,3098209573,
mcs50_m3D_s60.A03,mcs50_m3D_s60.B03,ll_lum,37,32,6882849021,1000.02,1,60,932184118,131.358,4453041854,4453041854,0,3290766547,
mcs50_m3D_s60.A04,mcs50_m3D_s60.B04,ll_lum,38,40,6726896700,1000.02,1,60,132159778,18.2502,4419385154,4419385154,0,3378325480,
mcs50_m3D_s60.A05,mcs50_m3D_s60.B05,ll_lum,39,32,6552200668,1000.01,1,60,3456071266,511.965,4204423127,4204423127,0,3171062692,
mcs50_m3D_s60.A06,mcs50_m3D_s60.B06,ll_lum,39,34,6719088508,1000.01,1,60,389403852,57.8582,4421462257,4421462257,0,3290473789,
mcs50_m3D_s60.A07,mcs50_m3D_s60.B07,ll_lum,38,41,6632497634,1000.02,1,60,44085356,6.38492,4254737012,4254737012,0,3205338838,
mcs50_m3D_s60.A08,mcs50_m3D_s60.B08,ll_lum,39,36,6797128805,1000.01,1,60,6026414943,881.211,4368245293,4368245293,0,3091035805,
mcs50_m3D_s60.A09,mcs50_m3D_s60.B09,ll_lum,39,39,6632130376,1000.02,1,60,5281156993,790.312,4184652993,4184652993,0,3090950317,
mcs50_m3Dr2_s15.A00,mcs50_m3Dr2_s15.B00,ll_lum,11,11,13784,0.00199117,0,15,13620,0.00193268,8675,8675,0,5795,
mcs50_m3Dr2_s15.A01,mcs50_m3Dr2_s15.B01,ll_lum,11,14,5582,0.000788115,0,15,1247,0.000183936,3652,3652,0,2704,
mcs50_m3Dr2_s15.A02,mcs50_m3Dr2_s15.B02,ll_lum,11,15,2946,0.000462473,0,15,243,4.1332e-05,1995,1995,0,1540,
mcs50_m3Dr2_s15.A03,mcs50_m3Dr2_s15.B03,ll_lum,11,15,10499,0.00137407,0,15,6274,0.000798279,6622,6622,0,4750,
mcs50_m3Dr2_s15.A04,mcs50_m3Dr2_s15.B04,ll_lum,11,14,4601,0.000663277,0,15,2002,0.000273912,2957,2957,0,2122,
mcs50_m3Dr2_s15.A05,mcs50_m3Dr2_s15.B05,ll_lum,11,13,5755,0.00076549,0,15,1725,0.000200511,3662,3662,0,2545,
mcs50_m3Dr2_s15.A06,mcs50_m3Dr2_s15.B06,ll_lum,11,12,6828,0.000958537,0,15,5436,0.000745525,4411,4411,0,3151,
mcs50_m3Dr2_s15.A07,mcs50_m3Dr2_s15.B07,ll_lum,11,14,5326,0.000752952,0,15,1797,0.000253281,3382,3382,0,2227,
mcs50_m3Dr2_s15.A08,mcs50_m3Dr2_s15.B08,ll_lum,11,14,4745,0.000663078,0,15,462,6.7051e-05,3003,3003,0,2020,
mcs50_m3Dr2_s15.A09,mcs50_m3Dr2_s15.B09,ll_lum,11,13,3516,0.000625195,0,15,1319,0.000217879,2350,2350,0,1824,
mcs50_m3Dr2_s20.A00,mcs50_m3Dr2_s20.B00,ll_lum,14,14,103138,0.0140915,0,20,69550,0.0095417,65291,65291,0,47086,
mcs50_m3Dr2_s20.A01,mcs50_m3Dr2_s20.B01,ll_lum,14,18,63484,0.0087377,0,20,21661,0.00293765,41116,41116,0,28760,
mcs50_m3Dr2_s20.A02,mcs50_m3Dr2_s20.B02,ll_lum,14,14,141963,0.0187339,0,20,125649,0.0166618,90022,90022,0,64818,
mcs50_m3Dr2_s20.A03,mcs50_m3Dr2_s20.B03,ll_lum,14,15,89999,0.0118423,0,20,7735,0.00104179,56028,56028,0,37925,
mcs50_m3Dr2_s20.A04,mcs50_m3Dr2_s20.B04,ll_lum,14,17,117570,0.0165197,0,20,32549,0.00435001,72934,72934,0,51437,
mcs50_m3Dr2_s20.A05,mcs50_m3Dr2_s20.B05,ll_lum,14,13,110708,0.0149968,0,20,86720,0.0116101,69212,69212,0,50849,
mcs50_m3Dr2_s20.A06,mcs50_m3Dr2_s20.B06,ll_lum,14,15,41219,0.00567613,0,20,7408,0.000980453,26823,26823,0,19672,
mcs50_m3Dr2_s20.A07,mcs50_m3Dr2_s20.B07,ll_lum,14,16,82271,0.0109699,0,20,46903,0.00627188,52757,52757,0,38554,
mcs50_m3Dr2_s20.A08,mcs50_m3Dr2_s20.B08,ll_lum,14,17,43018,0.00586107,0,20,639,9.987e-05,28057,28057,0,20965,
mcs50_m3Dr2_s20.A09,mcs50_m3Dr2_s20.B09,ll_lum,14,14,63445,0.0104825,0,20,3710,0.000541589,41119,41119,0,29853,
mcs50_m3Dr2_s50.A00,mcs50_m3Dr2_s50.B00,ll_lum,32,54,6511660184,1000.01,1,50,9666196,1.47757,4223553204,4223553204,0,3180748149,
mcs50_m3Dr2_s50.A01,mcs50_m3Dr2_s50.B01,ll_lum,31,33,6735526732,1000.02,1,50,672858870,98.434,4312677318,4312677318,0,3152857436,
mcs50_m3Dr2_s50.A02,mcs50_m3Dr2_s50.B02,ll_lum,32,32,6806671615,1000.02,1,50,3767396548,557.99,4542629117,4542629117,0,3433842045,
mcs50_m3Dr2_s50.A03,mcs50_m3Dr2_s50.B03,ll_lum,32,29,6446571026,1000.02,1,50,508136750,74.878,4246243017,4246243017,0,3256756366,
mcs50_m3Dr2_s50.A04,mcs50_m3Dr2_s50.B04,ll_lum,32,29,6674065535,1000,1,50,967920737,141.632,4336928759,4336928759,0,3230340556,
mcs50_m3Dr2_s50.A05,mcs50_m3Dr2_s50.B05,ll_lum,31,33,6681060581,1000.02,1,50,1295445427,187.105,4377575522,4377575522,0,3299854986,
mcs50_m3Dr2_s50.A06,mcs50_m3Dr2_s50.B06,ll_lum,32,32,6671921326,1000.02,1,50,780003390,115.777,4437345252,4437345252,0,3340189430,
mcs50_m3Dr2_s50.A07,mcs50_m3Dr2_s50.B07,ll_lum,32,31,6498417207,1000.02,1,50,240208209,36.0528,4291047115,4291047115,0,3252832710,
mcs50_m3Dr2_s50.A08,mcs50_m3Dr2_s50.B08,ll_lum,33,29,6666133372,1000.02,1,50,2831377590,397.907,4497270540,4497270540,0,3414250181,
mcs50_m3Dr2_s50.A09,mcs50_m3Dr2_s50.B09,ll_lum,32,29,6727659136,1000.02,1,50,1385009631,202.736,4439824663,4439824663,0,3266593840,
mcs50_m3Dr2_s60.A00,mcs50_m3Dr2_s60.B00,ll_lum,37,36,4719517110,1000.02,1,60,52134025,10.4648,3047961393,3047961393,0,2230156124,
mcs50_m3Dr2_s60.A01,mcs50_m3Dr2_s60.B01,ll_lum,36,35,6990391915,1000.02,1,60,1003584643,143.853,4608444051,4608444051,0,3464439699,
mcs50_m3Dr2_s60.A02,mcs50_m3Dr2_s60.B02,ll_lum,37,40,6870141375,1000.02,1,60,650078917,97.0457,4574387197,4574387197,0,3369701184,
mcs50_m3Dr2_s60.A03,mcs50_m3Dr2_s60.B03,ll_lum,37,33,6835086348,1000.02,1,60,5995231986,872.493,4491938442,4491938442,0,3406930220,
mcs50_m3Dr2_s60.A04,mcs50_m3Dr2_s60.B04,ll_lum,37,38,6375753091,1000.02,1,60,499025783,74.1165,4101683066,4101683066,0,3136799750,
mcs50_m3Dr2_s60.A05,mcs50_m3Dr2_s60.B05,ll_lum,37,37,6633767752,1000.02,1,60,2021858052,288.894,4275215719,4275215719,0,3245117376,
mcs50_m3Dr2_s60.A06,mcs50_m3Dr2_s60.B06,ll_lum,37,32,6759513825,1000.02,1,60,479563320,66.6262,4308824988,4308824988,0,3217215713,
mcs50_m3Dr2_s60.A07,mcs50_m3Dr2_s60.B07,ll_lum,37,38,6539341304,1000.02,1,60,356001000,53.9746,4146060688,4146060688,0,3037434329,
mcs50_m3Dr2_s60.A08,mcs50_m3Dr2_s60.B08,ll_lum,37,40,6593222245,1000.02,1,60,1632065610,243.851,4248345505,4248345505,0,3085213149,
mcs50_m3Dr2_s60.A09,mcs50_m3Dr2_s60.B09,ll_lum,37,33,5184811171,1000.01,1,60,2589180960,480.445,3406802637,3406802637,0,2528688195,
mcs50_m3Dr4_s15.A00,mcs50_m3Dr4_s15.B00,ll_lum,10,14,13689,0.00208509,0,15,11,7.821e-06,8627,8627,0,5502,
mcs50_m3Dr4_s15.A01,mcs50_m3Dr4_s15.B01,ll_lum,11,12,3838,0.000571881,0,15,1220,0.000177918,2555,2555,0,1854,
mcs50_m3Dr4_s15.A02,mcs50_m3Dr4_s15.B02,ll_lum,10,14,9019,0.00133271,0,15,320,4.8663e-05,5766,5766,0,4098,
mcs50_m3Dr4_s15.A03,mcs50_m3Dr4_s15.B03,ll_lum,11,16,7069,0.000941469,0,15,5107,0.000663339,4489,4489,0,2909,
mcs50_m3Dr4_s15.A04,mcs50_m3Dr4_s15.B04,ll_lum,11,15,10582,0.00143652,0,15,9747,0.00129976,6494,6494,0,4613,
mcs50_m3Dr4_s15.A05,mcs50_m3Dr4_s15.B05,ll_lum,10,16,14661,0.00220707,0,15,11,6.529e-06,9544,9544,0,7365,
mcs50_m3Dr4_s15.A06,mcs50_m3Dr4_s15.B06,ll_lum,10,15,7059,0.00105315,0,15,63,1.8698e-05,4548,4548,0,3451,
mcs50_m3Dr4_s15.A07,mcs50_m3Dr4_s15.B07,ll_lum,11,17,7472,0.00106805,0,15,6161,0.00086805,4667,4667,0,3490,
mcs50_m3Dr4_s15.A08,mcs50_m3Dr4_s15.B08,ll_lum,11,14,10254,0.00134314,0,15,8367,0.00107916,6290,6290,0,4017,
mcs50_m3Dr4_s15.A09,mcs50_m3Dr4_s15.B09,ll_lum,10,14,8924,0.00121615,0,15,241,4.0762e-05,5741,5741,0,4115,
mcs50_m3Dr4_s20.A00,mcs50_m3Dr4_s20.B00,ll_lum,13,19,161964,0.0321338,0,20,6517,0.00142966,103499,103499,0,77590,
mcs50_m3Dr4_s20.A01,mcs50_m3Dr4_s20.B01,ll_lum,14,18,57253,0.0102284,0,20,24385,0.00495359,37005,37005,0,28685,
mcs50_m3Dr4_s20.A02,mcs50_m3Dr4_s20.B02,ll_lum,13,15,143578,0.0186253,0,20,77450,0.00997966,94345,94345,0,71798,
mcs50_m3Dr4_s20.A03,mcs50_m3Dr4_s20.B03,ll_lum,13,15,131217,0.0185128,0,20,9505,0.00130196,83282,83282,0,63496,
mcs50_m3Dr4_s20.A04,mcs50_m3Dr4_s20.B04,ll_lum,14,13,74857,0.0107066,0,20,35400,0.00489955,48000,48000,0,36397,
mcs50_m3Dr4_s20.A05,mcs50_m3Dr4_s20.B05,ll_lum,14,18,69766,0.0104055,0,20,25103,0.0037088,44306,44306,0,33135,
mcs50_m3Dr4_s20.A06,mcs50_m3Dr4_s20.B06,ll_lum,13,11,136421,0.0187619,0,20,26760,0.00328733,88553,88553,0,67544,
mcs50_m3Dr4_s20.A07,mcs50_m3Dr4_s20.B07,ll_lum,14,15,93510,0.0127547,0,20,65751,0.00885414,58796,58796,0,42673,
mcs50_m3Dr4_s20.A08,mcs50_m3Dr4_s20.B08,ll_lum,14,15,112639,0.0152687,0,20,95193,0.0128168,71320,71320,0,52930,
mcs50_m3Dr4_s20.A09,mcs50_m3Dr4_s20.B09,ll_lum,13,17,149589,0.0191979,0,20,32,1.336e-05,97110,97110,0,71262,
mcs50_m3Dr4_s50.A00,mcs50_m3Dr4_s50.B00,ll_lum,31,30,4806038110,1000.01,1,50,274238443,55.9959,3155164607,3155164607,0,2384206284,
mcs50_m3Dr4_s50.A01,mcs50_m3Dr4_s50.B01,ll_lum,31,37,5959084326,1000.02,1,50,410841503,70.0424,3903755312,3903755312,0,3032559159,
mcs50_m3Dr4_s50.A02,mcs50_m3Dr4_s50.B02,ll_lum,31,29,6557170342,1000.02,1,50,2008994592,301.016,4324861519,4324861519,0,3317341421,
mcs50_m3Dr4_s50.A03,mcs50_m3Dr4_s50.B03,ll_lum,31,31,6424512454,1000.02,1,50,425499847,67.8363,4243501042,4243501042,0,3219282908,
mcs50_m3Dr4_s50.A04,mcs50_m3Dr4_s50.B04,ll_lum,32,31,6395620491,1000.01,1,50,5611552342,869.553,4267287871,4267287871,0,3301626117,
mcs50_m3Dr4_s50.A05,mcs50_m3Dr4_s50.B05,ll_lum,30,34,6425447070,1000.01,1,50,162987266,22.7746,4137913456,4137913456,0,3142297429,
mcs50_m3Dr4_s50.A06,mcs50_m3Dr4_s50.B06,ll_lum,31,30,6402024126,1000.02,1,50,1996513622,304.375,4211070431,4211070431,0,3315902214,
mcs50_m3Dr4_s50.A07,mcs50_m3Dr4_s50.B07,ll_lum,31,35,6446059493,1000.01,1,50,2413331701,365.374,4178061670,4178061670,0,3199602843,
mcs50_m3Dr4_s50.A08,mcs50_m3Dr4_s50.B08,ll_lum,30,28,6586789786,1000.01,1,50,177882656,25.2075,4312412299,4312412299,0,3244770153,
mcs50_m3Dr4_s50.A09,mcs50_m3Dr4_s50.B09,ll_lum,31,29,6606641435,1000.02,1,50,947404477,140.483,4323209700,4323209700,0,3246751087,
mcs50_m3Dr4_s60.A00,mcs50_m3Dr4_s60.B00,ll_lum,36,35,6529323504,1000.02,1,60,860030705,125.585,4222309528,4222309528,0,3175805332,
mcs50_m3Dr4_s60.A01,mcs50_m3Dr4_s60.B01,ll_lum,36,37,6157939065,1000.02,1,60,1057503000,168.368,3927862332,3927862332,0,2978662020,
mcs50_m3Dr4_s60.A02,mcs50_m3Dr4_s60.B02,ll_lum,36,40,6400206570,1000.02,1,60,5563843838,860.785,4142679860,4142679860,0,3217508348,
mcs50_m3Dr4_s60.A03,mcs50_m3Dr4_s60.B03,ll_lum,36,38,6173575120,1000.02,1,60,197753066,30.4738,3940424530,3940424530,0,2996623412,
mcs50_m3Dr4_s60.A04,mcs50_m3Dr4_s60.B04,ll_lum,37,38,6212806671,1000.01,1,60,1764210872,282.033,3984933224,3984933224,0,3018196906,
mcs50_m3Dr4_s60.A05,mcs50_m3Dr4_s60.B05,ll_lum,36,39,6441734624,1000.02,1,60,2739015429,413.156,4126905289,4126905289,0,3190262443,
mcs50_m3Dr4_s60.A06,mcs50_m3Dr4_s60.B06,ll_lum,36,35,6262860108,1000.02,1,60,4586205851,723.597,4034485578,4034485578,0,3081990650,
mcs50_m3Dr4_s60.A07,mcs50_m3Dr4_s60.B07,ll_lum,36,34,5842218653,1000.02,1,60,367130174,58.0669,3788676239,3788676239,0,2845986884,
mcs50_m3Dr4_s60.A08,mcs50_m3Dr4_s60.B08,ll_lum,36,38,6307216513,1000.02,1,60,1764335668,262.956,4014413551,4014413551,0,2943139346,
mcs50_m3Dr4_s60.A09,mcs50_m3Dr4_s60.B09,ll_lum,35,36,6562744048,1000.01,1,60,6510819146,991.907,4254730625,4254730625,0,3230495952,
mcs50_m3Dr6_s15.A00,mcs50_m3Dr6_s15.B00,ll_lum,11,15,3681,0.000583207,0,15,3097,0.000457508,2394,2394,0,1827,
mcs50_m3Dr6_s15.A01,mcs50_m3Dr6_s15.B01,ll_lum,11,17,4412,0.000654674,0,15,901,0.000143967,2919,2919,0,2086,
mcs50_m3Dr6_s15.A02,mcs50_m3Dr6_s15.B02,ll_lum,10,16,6526,0.000897029,0,15,288,4.665e-05,4321,4321,0,3017,
mcs50_m3Dr6_s15.A03,mcs50_m3Dr6_s15.B03,ll_lum,10,11,5790,0.000860894,0,15,547,8.2063e-05,3794,3794,0,2833,
mcs50_m3Dr6_s15.A04,mcs50_m3Dr6_s15.B04,ll_lum,10,12,19343,0.00349408,0,15,145,3.335e-05,12041,12041,0,8492,
mcs50_m3Dr6_s15.A05,mcs50_m3Dr6_s15.B05,ll_lum,10,15,10626,0.00166651,0,15,11,8.213e-06,7023,7023,0,5083,
mcs50_m3Dr6_s15.A06,mcs50_m3Dr6_s15.B06,ll_lum,10,12,9724,0.00137034,0,15,525,8.0952e-05,6191,6191,0,4596,
mcs50_m3Dr6_s15.A07,mcs50_m3Dr6_s15.B07,ll_lum,10,14,14675,0.00211943,0,15,1145,0.000165359,9371,9371,0,6790,
mcs50_m3Dr6_s15.A08,mcs50_m3Dr6_s15.B08,ll_lum,10,9,8281,0.00117037,0,15,2080,0.000269045,5326,5326,0,3954,
mcs50_m3Dr6_s15.A09,mcs50_m3Dr6_s15.B09,ll_lum,10,15,6738,0.000922382,0,15,244,4.7281e-05,4759,4759,0,3715,
mcs50_m3Dr6_s20.A00,mcs50_m3Dr6_s20.B00,ll_lum,14,16,111423,0.0165924,0,20,81827,0.0121501,71408,71408,0,54655,
mcs50_m3Dr6_s20.A01,mcs50_m3Dr6_s20.B01,ll_lum,14,18,112193,0.0159658,0,20,75677,0.0108228,70282,70282,0,50702,
mcs50_m3Dr6_s20.A02,mcs50_m3Dr6_s20.B02,ll_lum,14,16,136764,0.0196391,0,20,127179,0.0182691,86574,86574,0,63583,
mcs50_m3Dr6_s20.A03,mcs50_m3Dr6_s20.B03,ll_lum,14,15,100271,0.0149591,0,20,95814,0.0142357,64445,64445,0,51301,
mcs50_m3Dr6_s20.A04,mcs50_m3Dr6_s20.B04,ll_lum,13,15,139856,0.0193788,0,20,29172,0.00362868,90167,90167,0,67582,
mcs50_m3Dr6_s20.A05,mcs50_m3Dr6_s20.B05,ll_lum,13,18,90110,0.0131603,0,20,6445,0.00091146,58000,58000,0,43682,
mcs50_m3Dr6_s20.A06,mcs50_m3Dr6_s20.B06,ll_lum,14,19,48795,0.00732878,0,20,20484,0.00285678,31735,31735,0,24549,
mcs50_m3Dr6_s20.A07,mcs50_m3Dr6_s20.B07,ll_lum,13,16,192606,0.0265204,0,20,38783,0.00522477,118823,118823,0,85973,
mcs50_m3Dr6_s20.A08,mcs50_m3Dr6_s20.B08,ll_lum,13,18,152447,0.0223575,0,20,60152,0.0084601,97393,97393,0,75011,
mcs50_m3Dr6_s20.A09,mcs50_m3Dr6_s20.B09,ll_lum,14,14,126524,0.0172713,0,20,111346,0.0149915,80957,80957,0,61573,
mcs50_m3Dr6_s50.A00,mcs50_m3Dr6_s50.B00,ll_lum,30,36,6214994193,1000.02,1,50,2855865823,446.58,4013699196,4013699196,0,3147952678,
mcs50_m3Dr6_s50.A01,mcs50_m3Dr6_s50.B01,ll_lum,29,30,6336815497,1000.01,1,50,1966759897,304.32,4119024202,4119024202,0,3196094667,
mcs50_m3Dr6_s50.A02,mcs50_m3Dr6_s50.B02,ll_lum,31,68,6058481750,1000.02,1,50,33,3.4352e-05,3978529613,3978529613,0,3116492121,
mcs50_m3Dr6_s50.A03,mcs50_m3Dr6_s50.B03,ll_lum,30,46,5504375466,1000.02,1,50,63709967,11.5409,3586801867,3586801867,0,2777791181,
mcs50_m3Dr6_s50.A04,mcs50_m3Dr6_s50.B04,ll_lum,30,29,5722185860,1000.02,1,50,305593844,51.4294,3755853169,3755853169,0,2906888297,
mcs50_m3Dr6_s50.A05,mcs50_m3Dr6_s50.B05,ll_lum,30,65,5716871757,1000.01,1,50,42,3.5032e-05,3702630080,3702630080,0,2834980261,
mcs50_m3Dr6_s50.A06,mcs50_m3Dr6_s50.B06,ll_lum,30,61,6141769730,1000.02,1,50,1249,0.000146982,3967789840,3967789840,0,3080231147,
mcs50_m3Dr6_s50.A07,mcs50_m3Dr6_s50.B07,ll_lum,31,28,6439656776,1000.02,1,50,3958210784,598.966,4242242724,4242242724,0,3239474312,
mcs50_m3Dr6_s50.A08,mcs50_m3Dr6_s50.B08,ll_lum,30,28,6409030715,1000.01,1,50,1446041077,220.844,4156310382,4156310382,0,3232403253,
mcs50_m3Dr6_s50.A09,mcs50_m3Dr6_s50.B09,ll_lum,29,27,6640854534,1000.02,1,50,49040803,7.29294,4443223892,4443223892,0,3400351411,
mcs50_m3Dr6_s60.A00,mcs50_m3Dr6_s60.B00,ll_lum,34,34,6499178856,1000.01,1,60,80560725,13.2592,4234928301,4234928301,0,3263458428,
mcs50_m3Dr6_s60.A01,mcs50_m3Dr6_s60.B01,ll_lum,35,36,6349276931,1000.01,1,60,287350520,39.8741,4179000767,4179000767,0,3348294154,
mcs50_m3Dr6_s60.A02,mcs50_m3Dr6_s60.B02,ll_lum,35,37,6269477172,1000.02,1,60,1963854535,307.102,4096078497,4096078497,0,3239709818,
mcs50_m3Dr6_s60.A03,mcs50_m3Dr6_s60.B03,ll_lum,34,36,6642332558,1000.02,1,60,136145011,20.7491,4232627738,4232627738,0,3108140770,
mcs50_m3Dr6_s60.A04,mcs50_m3Dr6_s60.B04,ll_lum,35,36,6622731654,1000.02,1,60,1772419630,265.265,4441488687,4441488687,0,3540481179,
mcs50_m3Dr6_s60.A05,mcs50_m3Dr6_s60.B05,ll_lum,34,32,6644473698,1000.01,1,60,88864640,12.5778,4271123117,4271123117,0,3252925228,
mcs50_m3Dr6_s60.A06,mcs50_m3Dr6_s60.B06,ll_lum,35,33,6346916120,1000.02,1,60,61596860,9.01901,4174009564,4174009564,0,3267622822,
mcs50_m3Dr6_s60.A07,mcs50_m3Dr6_s60.B07,ll_lum,34,33,6659504521,1000.01,1,60,122989961,18.442,4422765820,4422765820,0,3370198377,
mcs50_m3Dr6_s60.A08,mcs50_m3Dr6_s60.B08,ll_lum,35,36,6328128243,1000.02,1,60,6003307284,945.77,4096114550,4096114550,0,3136010208,
mcs50_m3Dr6_s60.A09,mcs50_m3Dr6_s60.B09,ll_lum,35,37,6112326248,1000.02,1,60,194245487,30.106,3867907951,3867907951,0,2986439570,
mcs50_m4D_s30.A00,mcs50_m4D_s30.B00,ll_lum,23,21,1080468,0.139413,0,30,881098,0.113996,743142,743142,0,542629,
mcs50_m4D_s30.A01,mcs50_m4D_s30.B01,ll_lum,22,37,3025171,0.370388,0,30,278830,0.0314064,2017546,2017546,0,1361127,
mcs50_m4D_s30.A02,mcs50_m4D_s30.B02,ll_lum,23,25,1637738,0.20746,0,30,588308,0.0702076,1107995,1107995,0,792654,
mcs50_m4D_s30.A03,mcs50_m4D_s30.B03,ll_lum,22,30,1378103,0.166324,0,30,147601,0.0137536,955076,955076,0,691957,
mcs50_m4D_s30.A04,mcs50_m4D_s30.B04,ll_lum,23,20,1587141,0.201876,0,30,1116579,0.142737,1067501,1067501,0,754068,
mcs50_m4D_s30.A05,mcs50_m4D_s30.B05,ll_lum,22,19,2750614,0.333193,0,30,644563,0.0744439,1984293,1984293,0,1446827,
mcs50_m4D_s30.A06,mcs50_m4D_s30.B06,ll_lum,22,26,3717640,0.446961,0,30,1315103,0.153991,2638585,2638585,0,1934804,
mcs50_m4D_s30.A07,mcs50_m4D_s30.B07,ll_lum,23,26,2475207,0.317723,0,30,2388306,0.306683,1876633,1876633,0,1552530,
mcs50_m4D_s30.A08,mcs50_m4D_s30.B08,ll_lum,23,21,2088978,0.260334,0,30,1700471,0.210295,1407878,1407878,0,951607,
mcs50_m4D_s30.A09,mcs50_m4D_s30.B09,ll_lum,22,28,2574768,0.338601,0,30,67381,0.00845764,1850083,1850083,0,1386641,
mcs50_m4D_s35.A00,mcs50_m4D_s35.B00,ll_lum,26,35,14862712,1.90118,0,35,2173009,0.247284,10451779,10451779,0,7630232,
mcs50_m4D_s35.A01,mcs50_m4D_s35.B01,ll_lum,26,22,36618053,4.46005,0,35,29025322,3.50691,25769491,25769491,0,18549449,
mcs50_m4D_s35.A02,mcs50_m4D_s35.B02,ll_lum,27,28,7093876,0.962254,0,35,6601256,0.890981,4868585,4868585,0,3593313,
mcs50_m4D_s35.A03,mcs50_m4D_s35.B03,ll_lum,27,39,1353681,0.188903,0,35,69507,0.00980951,912638,912638,0,669261,
mcs50_m4D_s35.A04,mcs50_m4D_s35.B04,ll_lum,26,26,17804971,2.28552,0,35,3400982,0.408776,12440803,12440803,0,9011673,
mcs50_m4D_s35.A05,mcs50_m4D_s35.B05,ll_lum,26,24,18336426,2.32706,0,35,7306880,0.909212,12932257,12932257,0,9339345,
mcs50_m4D_s35.A06,mcs50_m4D_s35.B06,ll_lum,26,27,6906967,0.866537,0,35,641519,0.0696958,4817328,4817328,0,3465549,
mcs50_m4D_s35.A07,mcs50_m4D_s35.B07,ll_lum,26,24,29778163,3.69312,0,35,12866281,1.53616,20811067,20811067,0,15365228,
mcs50_m4D_s35.A08,mcs50_m4D_s35.B08,ll_lum,26,28,22362998,2.82727,0,35,4785884,0.565628,15911776,15911776,0,11863850,
mcs50_m4D_s35.A09,mcs50_m4D_s35.B09,ll_lum,26,20,29429587,3.61452,0,35,18437556,2.24746,20794914,20794914,0,14910028,
mcs50_m4D_s40.A00,mcs50_m4D_s40.B00,ll_lum,31,29,50646823,6.72634,0,40,42735023,5.56866,36085779,36085779,0,27271489,
mcs50_m4D_s40.A01,mcs50_m4D_s40.B01,ll_lum,30,26,73313321,9.78373,0,40,20066822,2.5121,51023650,51023650,0,36965228,
mcs50_m4D_s40.A02,mcs50_m4D_s40.B02,ll_lum,30,27,142431546,18.897,0,40,84532390,10.8558,98253408,98253408,0,70500892,
mcs50_m4D_s40.A03,mcs50_m4D_s40.B03,ll_lum,30,25,63129406,8.64734,0,40,22172735,2.95177,43689233,43689233,0,31134842,
mcs50_m4D_s40.A04,mcs50_m4D_s40.B04,ll_lum,30,28,446980983,60.0363,0,40,395715212,52.7787,303310641,303310641,0,213457852,
mcs50_m4D_s40.A05,mcs50_m4D_s40.B05,ll_lum,30,26,215097296,28.0001,0,40,145767698,18.5813,154032988,154032988,0,113119408,
mcs50_m4D_s40.A06,mcs50_m4D_s40.B06,ll_lum,30,29,108845810,14.7076,0,40,32448873,4.42918,80983935,80983935,0,61663351,
mcs50_m4D_s40.A07,mcs50_m4D_s40.B07,ll_lum,30,24,324165781,42.7301,0,40,302450719,39.6483,232754046,232754046,0,172212479,
mcs50_m4D_s40.A08,mcs50_m4D_s40.B08,ll_lum,30,23,56792104,7.68306,0,40,28215303,3.60462,40830073,40830073,0,30902569,
mcs50_m4D_s40.A09,mcs50_m4D_s40.B09,ll_lum,30,20,54277061,7.59175,0,40,13996573,1.80371,39183229,39183229,0,30501684,
mcs50_m4Dr2_s30.A00,mcs50_m4Dr2_s30.B00,ll_lum,22,23,3863951,0.494265,0,30,2550159,0.319181,2616746,2616746,0,1897886,
mcs50_m4Dr2_s30.A01,mcs50_m4Dr2_s30.B01,ll_lum,21,35,5440509,0.688341,0,30,155803,0.0182219,3836341,3836341,0,2872655,
mcs50_m4Dr2_s30.A02,mcs50_m4Dr2_s30.B02,ll_lum,21,27,5435931,0.69287,0,30,159188,0.0198089,3765175,3765175,0,2776498,
mcs50_m4Dr2_s30.A03,mcs50_m4Dr2_s30.B03,ll_lum,22,18,3629761,0.47554,0,30,3205221,0.41935,2603664,2603664,0,2028377,
mcs50_m4Dr2_s30.A04,mcs50_m4Dr2_s30.B04,ll_lum,21,27,3510470,0.445899,0,30,357105,0.0455183,2409022,2409022,0,1752252,
mcs50_m4Dr2_s30.A05,mcs50_m4Dr2_s30.B05,ll_lum,22,35,1681041,0.218739,0,30,88529,0.0115418,1198162,1198162,0,906658,
mcs50_m4Dr2_s30.A06,mcs50_m4Dr2_s30.B06,ll_lum,22,24,1268554,0.175408,0,30,825618,0.112131,830096,830096,0,616077,
mcs50_m4Dr2_s30.A07,mcs50_m4Dr2_s30.B07,ll_lum,21,32,6233258,0.814713,0,30,489072,0.0561281,4329649,4329649,0,3219772,
mcs50_m4Dr2_s30.A08,mcs50_m4Dr2_s30.B08,ll_lum,22,20,5060381,0.642807,0,30,5004542,0.635446,3485548,3485548,0,2570066,
mcs50_m4Dr2_s30.A09,mcs50_m4Dr2_s30.B09,ll_lum,22,18,4553379,0.576048,0,30,4515314,0.570825,3037679,3037679,0,2088782,
mcs50_m4Dr2_s35.A00,mcs50_m4Dr2_s35.B00,ll_lum,25,29,27356461,3.69304,0,35,610412,0.0656856,18845836,18845836,0,13811296,
mcs50_m4Dr2_s35.A01,mcs50_m4Dr2_s35.B01,ll_lum,25,28,38762015,5.19387,0,35,649569,0.0809397,27502619,27502619,0,20636833,
mcs50_m4Dr2_s35.A02,mcs50_m4Dr2_s35.B02,ll_lum,25,22,41790423,5.36533,0,35,13281089,1.65942,28199052,28199052,0,19768514,
mcs50_m4Dr2_s35.A03,mcs50_m4Dr2_s35.B03,ll_lum,25,21,33050686,4.40325,0,35,20978238,2.74027,23858010,23858010,0,18367081,
mcs50_m4Dr2_s35.A04,mcs50_m4Dr2_s35.B04,ll_lum,25,21,21817080,2.93802,0,35,6233548,0.805254,15239194,15239194,0,11550572,
mcs50_m4Dr2_s35.A05,mcs50_m4Dr2_s35.B05,ll_lum,25,22,24744344,3.22705,0,35,5640378,0.699042,16888573,16888573,0,12221885,
mcs50_m4Dr2_s35.A06,mcs50_m4Dr2_s35.B06,ll_lum,25,20,23262098,3.20607,0,35,1436800,0.184633,16514528,16514528,0,12586245,
mcs50_m4Dr2_s35.A07,mcs50_m4Dr2_s35.B07,ll_lum,25,22,28245039,3.57841,0,35,2279144,0.273438,19663965,19663965,0,14096355,
mcs50_m4Dr2_s35.A08,mcs50_m4Dr2_s35.B08,ll_lum,25,23,85988296,11.2136,0,35,72656743,9.42578,58602860,58602860,0,42664095,
mcs50_m4Dr2_s35.A09,mcs50_m4Dr2_s35.B09,ll_lum,26,25,35485574,4.44006,0,35,32919750,4.10695,24970486,24970486,0,18193535,
mcs50_m4Dr2_s40.A00,mcs50_m4Dr2_s40.B00,ll_lum,29,22,233787001,32.356,0,40,42059895,5.59466,160976407,160976407,0,116997739,
mcs50_m4Dr2_s40.A01,mcs50_m4Dr2_s40.B01,ll_lum,29,25,381665752,51.4133,0,40,332053058,44.8051,272743194,272743194,0,202390096,
mcs50_m4Dr2_s40.A02,mcs50_m4Dr2_s40.B02,ll_lum,29,29,212076518,28.1468,0,40,89663490,11.44,147259140,147259140,0,105042926,
mcs50_m4Dr2_s40.A03,mcs50_m4Dr2_s40.B03,ll_lum,29,27,232426647,31.4731,0,40,70154015,9.05857,160955488,160955488,0,115976982,
mcs50_m4Dr2_s40.A04,mcs50_m4Dr2_s40.B04,ll_lum,29,26,443517774,59.9337,0,40,414277913,55.8915,320053178,320053178,0,239538655,
mcs50_m4Dr2_s40.A05,mcs50_m4Dr2_s40.B05,ll_lum,29,27,202423347,27.727,0,40,12977748,1.70839,137557275,137557275,0,96528380,
mcs50_m4Dr2_s40.A06,mcs50_m4Dr2_s40.B06,ll_lum,29,32,655239048,85.8828,0,40,601440211,78.4193,458772287,458772287,0,333984693,
mcs50_m4Dr2_s40.A07,mcs50_m4Dr2_s40.B07,ll_lum,29,25,100122508,14.1562,0,40,36448378,4.98001,68852824,68852824,0,50945798,
mcs50_m4Dr2_s40.A08,mcs50_m4Dr2_s40.B08,ll_lum,29,35,101133005,14.7013,0,40,3679799,0.495111,70463337,70463337,0,52576199,
mcs50_m4Dr2_s40.A09,mcs50_m4Dr2_s40.B09,ll_lum,28,24,636530664,82.1484,0,40,15475832,1.84673,446931877,446931877,0,322182297,
mcs50_m4Dr4_s30.A00,mcs50_m4Dr4_s30.B00,ll_lum,20,19,12325284,1.59214,0,30,281312,0.0351314,8319293,8319293,0,6011875,
mcs50_m4Dr4_s30.A01,mcs50_m4Dr4_s30.B01,ll_lum,21,22,5842455,0.783444,0,30,4589574,0.60962,3949440,3949440,0,2914227,
mcs50_m4Dr4_s30.A02,mcs50_m4Dr4_s30.B02,ll_lum,21,27,4788074,0.64321,0,30,3001494,0.398345,3117755,3117755,0,2264430,
mcs50_m4Dr4_s30.A03,mcs50_m4Dr4_s30.B03,ll_lum,21,22,4461684,0.621194,0,30,2787219,0.375868,2935687,2935687,0,2218020,
mcs50_m4Dr4_s30.A04,mcs50_m4Dr4_s30.B04,ll_lum,21,29,2173155,0.314306,0,30,10687,0.00123029,1484505,1484505,0,1134011,
mcs50_m4Dr4_s30.A05,mcs50_m4Dr4_s30.B05,ll_lum,21,27,1953978,0.27634,0,30,105183,0.0139851,1325319,1325319,0,997827,
mcs50_m4Dr4_s30.A06,mcs50_m4Dr4_s30.B06,ll_lum,21,24,1668965,0.233535,0,30,178094,0.0241631,1117521,1117521,0,829694,
mcs50_m4Dr4_s30.A07,mcs50_m4Dr4_s30.B07,ll_lum,21,19,5080787,0.668145,0,30,1981640,0.255415,3372283,3372283,0,2393842,
mcs50_m4Dr4_s30.A08,mcs50_m4Dr4_s30.B08,ll_lum,20,18,18438503,2.44897,0,30,1866202,0.24587,12250166,12250166,0,8814191,
mcs50_m4Dr4_s30.A09,mcs50_m4Dr4_s30.B09,ll_lum,20,37,10249069,1.36035,0,30,274330,0.0359771,6761659,6761659,0,4846541,
mcs50_m4Dr4_s35.A00,mcs50_m4Dr4_s35.B00,ll_lum,24,24,87179833,11.8079,0,35,15900731,2.05895,58383598,58383598,0,42009628,
mcs50_m4Dr4_s35.A01,mcs50_m4Dr4_s35.B01,ll_lum,24,28,40523251,5.61739,0,35,620098,0.0699795,28344557,28344557,0,21567115,
mcs50_m4Dr4_s35.A02,mcs50_m4Dr4_s35.B02,ll_lum,25,21,24044908,3.48985,0,35,17164338,2.4428,16935187,16935187,0,12905569,
mcs50_m4Dr4_s35.A03,mcs50_m4Dr4_s35.B03,ll_lum,24,24,42242823,5.90399,0,35,1511658,0.201454,28346145,28346145,0,21077417,
mcs50_m4Dr4_s35.A04,mcs50_m4Dr4_s35.B04,ll_lum,24,23,27586799,3.81566,0,35,2138944,0.269724,18420100,18420100,0,13181766,
mcs50_m4Dr4_s35.A05,mcs50_m4Dr4_s35.B05,ll_lum,24,23,81959807,10.9912,0,35,28345177,3.70085,55283604,55283604,0,39747134,
mcs50_m4Dr4_s35.A06,mcs50_m4Dr4_s35.B06,ll_lum,25,25,56433599,7.47666,0,35,51793593,6.85495,39012695,39012695,0,29209515,
mcs50_m4Dr4_s35.A07,mcs50_m4Dr4_s35.B07,ll_lum,25,24,31389642,4.11348,0,35,23384412,2.99261,21789021,21789021,0,16577682,
mcs50_m4Dr4_s35.A08,mcs50_m4Dr4_s35.B08,ll_lum,24,34,77478066,10.0375,0,35,2234528,0.205765,55211759,55211759,0,41584889,
mcs50_m4Dr4_s35.A09,mcs50_m4Dr4_s35.B09,ll_lum,25,26,16426897,2.3863,0,35,9915884,1.41673,11063252,11063252,0,8330638,
mcs50_m4Dr4_s40.A00,mcs50_m4Dr4_s40.B00,ll_lum,28,26,369393357,96.0404,0,40,81258809,17.1402,255274464,255274464,0,189831281,
mcs50_m4Dr4_s40.A01,mcs50_m4Dr4_s40.B01,ll_lum,28,27,145923792,21.8418,0,40,7921226,1.0568,100161068,100161068,0,75617801,
mcs50_m4Dr4_s40.A02,mcs50_m4Dr4_s40.B02,ll_lum,28,24,912647347,133.681,0,40,575916934,82.3051,626623409,626623409,0,460304177,
mcs50_m4Dr4_s40.A03,mcs50_m4Dr4_s40.B03,ll_lum,28,24,466012869,66.6764,0,40,263565367,36.8981,314638513,314638513,0,230884003,
mcs50_m4Dr4_s40.A04,mcs50_m4Dr4_s40.B04,ll_lum,28,30,749702677,106.061,0,40,578539931,81.3168,503691421,503691421,0,362120780,
mcs50_m4Dr4_s40.A05,mcs50_m4Dr4_s40.B05,ll_lum,28,31,472235595,67.6254,0,40,120573402,17.1548,321756567,321756567,0,237527070,
mcs50_m4Dr4_s40.A06,mcs50_m4Dr4_s40.B06,ll_lum,28,28,2128998971,283.452,0,40,1433058648,188.451,1466545196,1466545196,0,1044917778,
mcs50_m4Dr4_s40.A07,mcs50_m4Dr4_s40.B07,ll_lum,28,28,501390502,70.7821,0,40,120913267,16.7655,335881175,335881175,0,242148874,
mcs50_m4Dr4_s40.A08,mcs50_m4Dr4_s40.B08,ll_lum,28,25,828226726,112.551,0,40,615063714,81.7144,574252557,574252557,0,430192378,
mcs50_m4Dr4_s40.A09,mcs50_m4Dr4_s40.B09,ll_lum,28,26,419899964,61.9076,0,40,156681303,22.1013,286634067,286634067,0,214076066,
mcs50_m4Dr6_s30.A00,mcs50_m4Dr6_s30.B00,ll_lum,20,32,5197675,0.730106,0,30,148788,0.0205801,3480046,3480046,0,2591125,
mcs50_m4Dr6_s30.A01,mcs50_m4Dr6_s30.B01,ll_lum,21,35,2085521,0.298944,0,30,3489,0.000505452,1390026,1390026,0,1038629,
mcs50_m4Dr6_s30.A02,mcs50_m4Dr6_s30.B02,ll_lum,20,29,8377544,1.1498,0,30,37199,0.0050955,5710664,5710664,0,4347991,
mcs50_m4Dr6_s30.A03,mcs50_m4Dr6_s30.B03,ll_lum,21,22,2705755,0.356144,0,30,1526741,0.193922,1841568,1841568,0,1350207,
mcs50_m4Dr6_s30.A04,mcs50_m4Dr6_s30.B04,ll_lum,20,30,16535930,2.20989,0,30,13879077,1.83568,11204431,11204431,0,8542985,
mcs50_m4Dr6_s30.A05,mcs50_m4Dr6_s30.B05,ll_lum,20,20,7444350,0.969252,0,30,3473682,0.442404,5063097,5063097,0,3829758,
mcs50_m4Dr6_s30.A06,mcs50_m4Dr6_s30.B06,ll_lum,20,21,10313670,1.39798,0,30,870418,0.117223,6864878,6864878,0,5051860,
mcs50_m4Dr6_s30.A07,mcs50_m4Dr6_s30.B07,ll_lum,20,31,9285427,1.30362,0,30,198343,0.0260934,6222381,6222381,0,4611853,
mcs50_m4Dr6_s30.A08,mcs50_m4Dr6_s30.B08,ll_lum,20,20,5250843,0.690395,0,30,98960,0.0135587,3605901,3605901,0,2714956,
mcs50_m4Dr6_s30.A09,mcs50_m4Dr6_s30.B09,ll_lum,20,16,6862355,0.977342,0,30,2229577,0.307639,4539165,4539165,0,3431770,
mcs50_m4Dr6_s35.A00,mcs50_m4Dr6_s35.B00,ll_lum,24,22,28026734,4.02093,0,35,5145553,0.704326,18874081,18874081,0,14010008,
mcs50_m4Dr6_s35.A01,mcs50_m4Dr6_s35.B01,ll_lum,24,24,25496964,3.8346,0,35,11585338,1.6729,17055623,17055623,0,13117325,
mcs50_m4Dr6_s35.A02,mcs50_m4Dr6_s35.B02,ll_lum,24,25,62312392,8.91428,0,35,53090845,7.58291,40884527,40884527,0,29694917,
mcs50_m4Dr6_s35.A03,mcs50_m4Dr6_s35.B03,ll_lum,24,26,15479106,2.24458,0,35,1013885,0.145587,10345701,10345701,0,7607225,
mcs50_m4Dr6_s35.A04,mcs50_m4Dr6_s35.B04,ll_lum,24,22,77536456,10.8774,0,35,54674529,7.52728,52236480,52236480,0,38861418,
mcs50_m4Dr6_s35.A05,mcs50_m4Dr6_s35.B05,ll_lum,24,21,33992354,4.71598,0,35,24078613,3.30824,22978168,22978168,0,17255760,
mcs50_m4Dr6_s35.A06,mcs50_m4Dr6_s35.B06,ll_lum,24,20,60438334,8.92489,0,35,56657516,8.33481,40947533,40947533,0,31022302,
mcs50_m4Dr6_s35.A07,mcs50_m4Dr6_s35.B07,ll_lum,24,23,33776426,4.85052,0,35,6321528,0.906409,22936384,22936384,0,17368985,
mcs50_m4Dr6_s35.A08,mcs50_m4Dr6_s35.B08,ll_lum,23,20,93556265,13.0621,0,35,22383501,2.98715,65735578,65735578,0,51271168,
mcs50_m4Dr6_s35.A09,mcs50_m4Dr6_s35.B09,ll_lum,23,29,96910697,13.7604,0,35,33825,0.00441327,66093810,66093810,0,50292875,
mcs50_m4Dr6_s40.A00,mcs50_m4Dr6_s40.B00,ll_lum,27,29,871973361,128.897,0,40,444027264,63.7059,592732653,592732653,0,446575780,
mcs50_m4Dr6_s40.A01,mcs50_m4Dr6_s40.B01,ll_lum,27,29,1475461054,203.11,0,40,51030623,6.96484,1019408538,1019408538,0,740269119,
mcs50_m4Dr6_s40.A02,mcs50_m4Dr6_s40.B02,ll_lum,27,27,740717056,106.179,0,40,557270408,78.9362,510641911,510641911,0,390107706,
mcs50_m4Dr6_s40.A03,mcs50_m4Dr6_s40.B03,ll_lum,28,24,295795111,43.5758,0,40,197349050,28.4373,198230961,198230961,0,147461036,
mcs50_m4Dr6_s40.A04,mcs50_m4Dr6_s40.B04,ll_lum,27,31,504845701,72.3473,0,40,13978713,1.87015,352519817,352519817,0,269523366,
mcs50_m4Dr6_s40.A05,mcs50_m4Dr6_s40.B05,ll_lum,27,23,722877108,106.757,0,40,220686210,32.5076,477861508,477861508,0,346084868,
mcs50_m4Dr6_s40.A06,mcs50_m4Dr6_s40.B06,ll_lum,27,26,765079176,106.981,0,40,114907951,16.0079,537031291,537031291,0,403982759,
mcs50_m4Dr6_s40.A07,mcs50_m4Dr6_s40.B07,ll_lum,27,21,354718145,51.4737,0,40,12081405,1.6994,246718373,246718373,0,187582535,
mcs50_m4Dr6_s40.A08,mcs50_m4Dr6_s40.B08,ll_lum,27,28,3179055016,447.025,0,40,3100912150,435.707,2088612201,2088612201,0,1502948938,
mcs50_m4Dr6_s40.A09,mcs50_m4Dr6_s40.B09,ll_lum,28,29,523614565,74.4346,0,40,393313028,54.7971,365946212,365946212,0,278493841,
mcs50_r001_s100.A00,mcs50_r001_s100.B00,ll_lum,74,58,8134754574,1000.01,1,100,707430352,69.7475,5825732987,5825732987,0,4056610454,
mcs50_r001_s100.A01,mcs50_r001_s100.B01,ll_lum,67,50,26296011343,1000,1,100,730,0.000154172,19590602538,19590602538,0,12885193850,
mcs50_r001_s100.A02,mcs50_r001_s100.B02,ll_lum,71,57,13175525880,1000.02,1,100,12889610341,969.975,11245693500,11245693500,0,9472304643,
mcs50_r001_s100.A03,mcs50_r001_s100.B03,ll_lum,74,59,12397908644,1000.02,1,100,6745811319,411.508,10451850571,10451850571,0,8720342642,
mcs50_r001_s100.A04,mcs50_r001_s100.B04,ll_lum,72,56,16859928685,1000.02,1,100,16230570163,927.519,14972173913,14972173913,0,13146989247,
mcs50_r001_s100.A05,mcs50_r001_s100.B05,ll_lum,74,58,11626140059,1000.02,1,100,7584142391,669.452,10047951170,10047951170,0,8526583691,
mcs50_r001_s100.A06,mcs50_r001_s100.B06,ll_lum,73,56,10014133405,1000.02,1,100,104170504,12.1525,9006931024,9006931024,0,8104329812,
mcs50_r001_s100.A07,mcs50_r001_s100.B07,ll_lum,68,50,18429670994,1000.02,1,100,1971222581,128.718,15822506629,15822506629,0,13223377959,
mcs50_r001_s100.A08,mcs50_r001_s100.B08,ll_lum,76,65,6443063089,1000.01,1,100,2486930982,348.72,5150831764,5150831764,0,4268139474,
mcs50_r001_s100.A09,mcs50_r001_s100.B09,ll_lum,69,56,18417634911,1000.02,1,100,5548468,0.245304,16058874360,16058874360,0,13864952846,
mcs50_r005_s100.A00,mcs50_r005_s100.B00,ll_lum,39,49,5140371513,1000.02,1,100,277582211,52.4374,3217734353,3217734353,0,2728527770,
mcs50_r005_s100.A01,mcs50_r005_s100.B01,ll_lum,41,52,5385576391,1000.03,1,100,41643222,7.13171,3330079257,3330079257,0,2650007379,
mcs50_r005_s100.A02,mcs50_r005_s100.B02,ll_lum,41,56,5185248774,1000.02,1,100,743437852,132.062,3193465711,3193465711,0,2552408215,
mcs50_r005_s100.A03,mcs50_r005_s100.B03,ll_lum,40,50,5614681779,1000.02,1,100,704123737,130.693,3452841025,3452841025,0,2824294306,
mcs50_r005_s100.A04,mcs50_r005_s100.B04,ll_lum,41,50,5187589984,1000.02,1,100,3550780969,676.88,3091126883,3091126883,0,2491015103,
mcs50_r005_s100.A05,mcs50_r005_s100.B05,ll_lum,39,50,5416381185,1000.02,1,100,191055577,34.5581,3316476804,3316476804,0,2692255160,
mcs50_r005_s100.A06,mcs50_r005_s100.B06,ll_lum,40,51,5311760362,1000.02,1,100,62188570,10.7591,3311724017,3311724017,0,2705666246,
mcs50_r005_s100.A07,mcs50_r005_s100.B07,ll_lum,42,56,5270846522,1000.02,1,100,2702733181,503.994,3314283194,3314283194,0,2492069701,
mcs50_r005_s100.A08,mcs50_r005_s100.B08,ll_lum,41,50,5404436034,1000.02,1,100,42480986,7.29329,3434665039,3434665039,0,2752163666,
mcs50_r005_s100.A09,mcs50_r005_s100.B09,ll_lum,42,49,5439596293,1000.02,1,100,1733836046,305.529,3365229795,3365229795,0,2714291607,
mcs50_r005_s20.A00,mcs50_r005_s20.B00,ll_lum,16,16,7832,0.000916535,0,20,339,5.2058e-05,5611,5611,0,3983,
mcs50_r005_s20.A01,mcs50_r005_s20.B01,ll_lum,16,13,21989,0.00207955,0,20,2705,0.000282867,14429,14429,0,8450,
mcs50_r005_s20.A02,mcs50_r005_s20.B02,ll_lum,16,10,15099,0.00177968,0,20,10999,0.00123062,10525,10525,0,7886,
mcs50_r005_s20.A03,mcs50_r005_s20.B03,ll_lum,16,15,14727,0.00160576,0,20,219,3.367e-05,10486,10486,0,7408,
mcs50_r005_s20.A04,mcs50_r005_s20.B04,ll_lum,16,15,5531,0.000722338,0,20,200,2.7732e-05,3541,3541,0,2462,
mcs50_r005_s20.A05,mcs50_r005_s20.B05,ll_lum,16,12,13314,0.00302957,0,20,4526,0.000952608,8340,8340,0,5328,
mcs50_r005_s20.A06,mcs50_r005_s20.B06,ll_lum,16,12,15348,0.00354234,0,20,4561,0.00094672,10180,10180,0,7466,
mcs50_r005_s20.A07,mcs50_r005_s20.B07,ll_lum,16,15,19804,0.00231667,0,20,68,1.6826e-05,13168,13168,0,8266,
mcs50_r005_s20.A08,mcs50_r005_s20.B08,ll_lum,16,14,25350,0.00261474,0,20,9131,0.00081045,17546,17546,0,11560,
mcs50_r005_s20.A09,mcs50_r005_s20.B09,ll_lum,16,15,14351,0.0016486,0,20,333,4.8443e-05,9155,9155,0,5745,
mcs50_r005_s25.A00,mcs50_r005_s25.B00,ll_lum,19,16,272176,0.0298569,0,25,149693,0.015509,185271,185271,0,127644,
mcs50_r005_s25.A01,mcs50_r005_s25.B01,ll_lum,20,15,356738,0.0383837,0,25,332300,0.0355225,244632,244632,0,163310,
mcs50_r005_s25.A02,mcs50_r005_s25.B02,ll_lum,20,15,163333,0.0187824,0,25,157096,0.0179394,108725,108725,0,79714,
mcs50_r005_s25.A03,mcs50_r005_s25.B03,ll_lum,19,15,285191,0.0330171,0,25,45406,0.00478405,193816,193816,0,140206,
mcs50_r005_s25.A04,mcs50_r005_s25.B04,ll_lum,19,15,184226,0.0210868,0,25,7003,0.000732523,125003,125003,0,84836,
mcs50_r005_s25.A05,mcs50_r005_s25.B05,ll_lum,19,18,635485,0.0627139,0,25,46457,0.00436301,422653,422653,0,268489,
mcs50_r005_s25.A06,mcs50_r005_s25.B06,ll_lum,20,17,140338,0.0173584,0,25,122751,0.0151642,92389,92389,0,62723,
mcs50_r005_s25.A07,mcs50_r005_s25.B07,ll_lum,20,20,117079,0.0141099,0,25,65651,0.00769437,75691,75691,0,50697,
mcs50_r005_s25.A08,mcs50_r005_s25.B08,ll_lum,20,13,240836,0.0268326,0,25,237447,0.0264141,167076,167076,0,112724,
mcs50_r005_s25.A09,mcs50_r005_s25.B09,ll_lum,19,15,1558621,0.287711,0,25,1301575,0.233977,1118719,1118719,0,827202,
mcs50_r005_s30.A00,mcs50_r005_s30.B00,ll_lum,23,21,3492177,0.861241,0,30,3060979,0.754519,2284468,2284468,0,1614316,
mcs50_r005_s30.A01,mcs50_r005_s30.B01,ll_lum,23,18,763602,0.190912,0,30,169841,0.0375257,519158,519158,0,367310,
mcs50_r005_s30.A02,mcs50_r005_s30.B02,ll_lum,23,19,2178793,0.477529,0,30,1657980,0.35791,1466249,1466249,0,980224,
mcs50_r005_s30.A03,mcs50_r005_s30.B03,ll_lum,23,21,1435669,0.168053,0,30,474002,0.0517054,952814,952814,0,638967,
mcs50_r005_s30.A04,mcs50_r005_s30.B04,ll_lum,23,20,3323500,0.378467,0,30,1659989,0.179224,2294638,2294638,0,1570955,
mcs50_r005_s30.A05,mcs50_r005_s30.B05,ll_lum,23,17,1808800,0.233842,0,30,1012440,0.127919,1209770,1209770,0,860652,
mcs50_r005_s30.A06,mcs50_r005_s30.B06,ll_lum,22,18,5868599,0.615016,0,30,3433280,0.329645,4318388,4318388,0,3182904,
mcs50_r005_s30.A07,mcs50_r005_s30.B07,ll_lum,23,20,1254075,0.160974,0,30,196298,0.0224912,861591,861591,0,618782,
mcs50_r005_s30.A08,mcs50_r005_s30.B08,ll_lum,23,20,1075287,0.138869,0,30,427895,0.0543688,724791,724791,0,499775,
mcs50_r005_s30.A09,mcs50_r005_s30.B09,ll_lum,22,21,11482986,1.39291,0,30,3295609,0.398719,7500732,7500732,0,4907718,
mcs50_r005_s35.A00,mcs50_r005_s35.B00,ll_lum,26,21,32052461,4.41294,0,35,23283685,3.19388,21380040,21380040,0,14970846,
mcs50_r005_s35.A01,mcs50_r005_s35.B01,ll_lum,26,24,31828130,4.20294,0,35,24409601,3.2061,21205041,21205041,0,14913593,
mcs50_r005_s35.A02,mcs50_r005_s35.B02,ll_lum,25,23,74264547,9.57402,0,35,6493675,0.780394,49786798,49786798,0,33836912,
mcs50_r005_s35.A03,mcs50_r005_s35.B03,ll_lum,26,26,16152893,2.15663,0,35,10353999,1.36114,11187017,11187017,0,8260719,
mcs50_r005_s35.A04,mcs50_r005_s35.B04,ll_lum,26,25,9550774,1.30677,0,35,1225662,0.143094,6541131,6541131,0,4833035,
mcs50_r005_s35.A05,mcs50_r005_s35.B05,ll_lum,26,25,25131271,3.48773,0,35,13237354,1.70382,16759036,16759036,0,11871929,
mcs50_r005_s35.A06,mcs50_r005_s35.B06,ll_lum,25,24,176724597,22.9077,0,35,270929,0.0349014,117102420,117102420,0,80978868,
mcs50_r005_s35.A07,mcs50_r005_s35.B07,ll_lum,26,22,42975267,5.593,0,35,33011574,4.26948,28052268,28052268,0,19166885,
mcs50_r005_s35.A08,mcs50_r005_s35.B08,ll_lum,26,25,18380207,2.41133,0,35,8914287,1.10958,12440466,12440466,0,9035357,
mcs50_r005_s35.A09,mcs50_r005_s35.B09,ll_lum,25,23,139915533,18.023,0,35,7382203,0.89923,89946714,89946714,0,59487927,
mcs50_r005_s40.A00,mcs50_r005_s40.B00,ll_lum,28,23,2071240965,276.906,0,40,394694900,54.5829,1462199669,1462199669,0,1070581836,
mcs50_r005_s40.A01,mcs50_r005_s40.B01,ll_lum,29,20,278232442,39.6383,0,40,211874669,29.779,187723622,187723622,0,138316128,
mcs50_r005_s40.A02,mcs50_r005_s40.B02,ll_lum,28,28,1032096783,148.199,0,40,212713530,29.5141,686121122,686121122,0,487488477,
mcs50_r005_s40.A03,mcs50_r005_s40.B03,ll_lum,28,23,1404459640,195.946,0,40,237595277,31.6861,928499443,928499443,0,652834767,
mcs50_r005_s40.A04,mcs50_r005_s40.B04,ll_lum,29,27,155925884,21.4663,0,40,70484576,9.39855,106978439,106978439,0,78726148,
mcs50_r005_s40.A05,mcs50_r005_s40.B05,ll_lum,30,26,237073291,30.9173,0,40,229918616,29.8887,159111267,159111267,0,112509819,
mcs50_r005_s40.A06,mcs50_r005_s40.B06,ll_lum,28,26,1255402404,175.911,0,40,50282553,6.63363,823241621,823241621,0,576360732,
mcs50_r005_s40.A07,mcs50_r005_s40.B07,ll_lum,28,23,837677437,114.679,0,40,18193044,2.30689,588043507,588043507,0,439412302,
mcs50_r005_s40.A08,mcs50_r005_s40.B08,ll_lum,28,26,1069843081,250.963,0,40,37345825,7.88585,715139121,715139121,0,514488890,
mcs50_r005_s40.A09,mcs50_r005_s40.B09,ll_lum,28,27,1314392040,313.533,0,40,377325697,79.3262,873937096,873937096,0,626057334,
mcs50_r005_s50.A00,mcs50_r005_s50.B00,ll_lum,32,30,6820938627,1000.02,1,50,6587814910,965.042,4382087783,4382087783,0,3268597889,
mcs50_r005_s50.A01,mcs50_r005_s50.B01,ll_lum,32,31,6645125924,1000.01,1,50,3108185793,456.916,4401908274,4401908274,0,3336084771,
mcs50_r005_s50.A02,mcs50_r005_s50.B02,ll_lum,32,32,6611427841,1000.01,1,50,1220648177,176.802,4239192683,4239192683,0,3108879396,
mcs50_r005_s50.A03,mcs50_r005_s50.B03,ll_lum,32,29,6689678379,1000.01,1,50,1208694800,175.356,4387687319,4387687319,0,3298995745,
mcs50_r005_s50.A04,mcs50_r005_s50.B04,ll_lum,33,29,6194674723,1000.01,1,50,1976152694,302.082,4141558063,4141558063,0,3274217284,
mcs50_r005_s50.A05,mcs50_r005_s50.B05,ll_lum,33,33,5898112376,1000.01,1,50,825690414,131.883,3918911147,3918911147,0,3027131548,
mcs50_r005_s50.A06,mcs50_r005_s50.B06,ll_lum,32,32,6669593748,1000.02,1,50,2951715684,435.751,4366207669,4366207669,0,3280004646,
mcs50_r005_s50.A07,mcs50_r005_s50.B07,ll_lum,33,32,6547880722,1000.01,1,50,4509351030,672.832,4348590560,4348590560,0,3328073300,
mcs50_r005_s50.A08,mcs50_r005_s50.B08,ll_lum,32,30,6780907827,1000.02,1,50,3353582824,478.72,4520093553,4520093553,0,3467627387,
mcs50_r005_s50.A09,mcs50_r005_s50.B09,ll_lum,32,32,6829724696,1000.02,1,50,5972466316,869.012,4477976857,4477976857,0,3350792108,
mcs50_r005_s60.A00,mcs50_r005_s60.B00,ll_lum,34,37,6645897174,1000.02,1,60,6121403343,918.563,4379728334,4379728334,0,3378123272,
mcs50_r005_s60.A01,mcs50_r005_s60.B01,ll_lum,34,35,6212072450,1000.01,1,60,1996560794,312.803,3965962149,3965962149,0,3099274882,
mcs50_r005_s60.A02,mcs50_r005_s60.B02,ll_lum,34,28,6395134520,1000.02,1,60,396042847,60.0522,4120060161,4120060161,0,3150773853,
mcs50_r005_s60.A03,mcs50_r005_s60.B03,ll_lum,35,37,6193163751,1000.02,1,60,3194646334,500.755,4055878731,4055878731,0,3209067817,
mcs50_r005_s60.A04,mcs50_r005_s60.B04,ll_lum,34,37,6395609026,1000.02,1,60,42293898,5.73514,4101271030,4101271030,0,3118083228,
mcs50_r005_s60.A05,mcs50_r005_s60.B05,ll_lum,34,32,6598271558,1000.02,1,60,1522885337,222.031,4394405033,4394405033,0,3349843648,
mcs50_r005_s60.A06,mcs50_r005_s60.B06,ll_lum,34,34,6693135258,1000.01,1,60,795224860,109.819,4367401075,4367401075,0,3497151537,
mcs50_r005_s60.A07,mcs50_r005_s60.B07,ll_lum,34,36,6522381617,1000.01,1,60,3688922323,560.457,4352760594,4352760594,0,3426936479,
mcs50_r005_s60.A08,mcs50_r005_s60.B08,ll_lum,34,35,5924798141,1000.02,1,60,728719776,118.687,3801119371,3801119371,0,3050769673,
mcs50_r005_s60.A09,mcs50_r005_s60.B09,ll_lum,33,35,6306445026,1000.01,1,60,152513788,22.1738,4120754523,4120754523,0,3332298866,
mcs50_r005_s70.A00,mcs50_r005_s70.B00,ll_lum,35,43,6304898443,1000.01,1,70,3822857569,596.93,4023318485,4023318485,0,3108007811,
mcs50_r005_s70.A01,mcs50_r005_s70.B01,ll_lum,35,46,5973566654,1000.02,1,70,26638960,4.1439,3819993132,3819993132,0,3058559409,
mcs50_r005_s70.A02,mcs50_r005_s70.B02,ll_lum,34,39,6163278358,1000.01,1,70,191010899,31.3213,3854076678,3854076678,0,2950673130,
mcs50_r005_s70.A03,mcs50_r005_s70.B03,ll_lum,37,34,6006583680,1000.01,1,70,5776930559,963.089,3938592543,3938592543,0,3156109508,
mcs50_r005_s70.A04,mcs50_r005_s70.B04,ll_lum,36,41,5779759636,1000.02,1,70,2674522009,451.246,3685713803,3685713803,0,2950047743,
mcs50_r005_s70.A05,mcs50_r005_s70.B05,ll_lum,36,38,6206678550,1000.01,1,70,4687154153,746.622,4033314822,4033314822,0,3206085910,
mcs50_r005_s70.A06,mcs50_r005_s70.B06,ll_lum,36,38,6167431489,1000.01,1,70,4926013,0.665013,3920335661,3920335661,0,3050816040,
mcs50_r005_s70.A07,mcs50_r005_s70.B07,ll_lum,36,39,5722106663,1000.02,1,70,1327608887,224.21,3631134881,3631134881,0,2800358164,
mcs50_r005_s70.A08,mcs50_r005_s70.B08,ll_lum,36,37,6048016368,1000.01,1,70,170320534,26.2259,3931500270,3931500270,0,3110932470,
mcs50_r005_s70.A09,mcs50_r005_s70.B09,ll_lum,35,42,5964501733,1000.02,1,70,68492342,10.9815,3879203437,3879203437,0,3159984283,
mcs50_r005_s80.A00,mcs50_r005_s80.B00,ll_lum,38,50,5652554417,1000.02,1,80,734870099,130.632,3514869273,3514869273,0,2799294602,
mcs50_r005_s80.A01,mcs50_r005_s80.B01,ll_lum,37,41,3073145125,1000.01,1,80,349444557,96.6198,1938242985,1938242985,0,1575011162,
mcs50_r005_s80.A02,mcs50_r005_s80.B02,ll_lum,38,39,5597464314,1000.01,1,80,1407467505,238.127,3507222612,3507222612,0,2830694983,
mcs50_r005_s80.A03,mcs50_r005_s80.B03,ll_lum,37,45,5716134347,1000.02,1,80,295672680,48.5947,3543532435,3543532435,0,2863603290,
mcs50_r005_s80.A04,mcs50_r005_s80.B04,ll_lum,38,44,5450052470,1000.02,1,80,3984682161,735.802,3409037972,3409037972,0,2746807305,
mcs50_r005_s80.A05,mcs50_r005_s80.B05,ll_lum,38,47,5691947583,1000.02,1,80,4282087046,739.166,3500827681,3500827681,0,2810858789,
mcs50_r005_s80.A06,mcs50_r005_s80.B06,ll_lum,36,43,5868775435,1000.01,1,80,662100452,106.781,3737653875,3737653875,0,3005555855,
mcs50_r005_s80.A07,mcs50_r005_s80.B07,ll_lum,37,42,5834868477,1000.01,1,80,132176673,22.9201,3664628069,3664628069,0,2911565666,
mcs50_r005_s80.A08,mcs50_r005_s80.B08,ll_lum,37,46,6190150268,1000.02,1,80,50044693,7.31475,3956843369,3956843369,0,3073164150,
mcs50_r005_s80.A09,mcs50_r005_s80.B09,ll_lum,40,41,5689216929,1000.02,1,80,3900343497,669.889,3687624935,3687624935,0,2955143199,
mcs50_r005_s90.A00,mcs50_r005_s90.B00,ll_lum,39,45,5192845863,1000.01,1,90,2802763508,529.457,3241413283,3241413283,0,2561136310,
mcs50_r005_s90.A01,mcs50_r005_s90.B01,ll_lum,39,43,5735988666,1000.02,1,90,1862705916,323.727,3580567533,3580567533,0,2828725970,
mcs50_r005_s90.A02,mcs50_r005_s90.B02,ll_lum,39,53,5100615055,1000.01,1,90,2182029950,417.595,3080130286,3080130286,0,2596641820,
mcs50_r005_s90.A03,mcs50_r005_s90.B03,ll_lum,38,50,5473921050,1000.01,1,90,303196015,52.4985,3404628912,3404628912,0,2788277708,
mcs50_r005_s90.A04,mcs50_r005_s90.B04,ll_lum,39,45,5317111106,1000.02,1,90,197135971,35.2455,3230666093,3230666093,0,2619920701,
mcs50_r005_s90.A05,mcs50_r005_s90.B05,ll_lum,40,49,5635299794,1000.02,1,90,2627861328,457.076,3516766477,3516766477,0,2786141041,
mcs50_r005_s90.A06,mcs50_r005_s90.B06,ll_lum,39,47,3151760827,1000.02,1,90,1233164,0.281595,1959229535,1959229535,0,1558620365,
mcs50_r005_s90.A07,mcs50_r005_s90.B07,ll_lum,39,46,2902215543,1000.02,1,90,575234,0.144718,1754925834,1754925834,0,1388418139,
mcs50_r005_s90.A08,mcs50_r005_s90.B08,ll_lum,39,47,3113103665,1000.02,1,90,1862383580,592.04,1893417316,1893417316,0,1492796927,
mcs50_r005_s90.A09,mcs50_r005_s90.B09,ll_lum,41,52,5353234283,1000.01,1,90,73420267,12.62,3423908092,3423908092,0,2777662746,
mcs50_r01_s10.A00,mcs50_r01_s10.B00,ll_lum,8,7,440,7.7747e-05,0,10,314,3.7887e-05,282,282,0,179,
mcs50_r01_s10.A01,mcs50_r01_s10.B01,ll_lum,8,5,90,3.976e-05,0,10,24,7.221e-06,67,67,0,57,
mcs50_r01_s10.A02,mcs50_r01_s10.B02,ll_lum,8,7,134,5.0887e-05,0,10,7,5.417e-06,91,91,0,69,
mcs50_r01_s10.A03,mcs50_r01_s10.B03,ll_lum,9,8,76,3.8548e-05,0,10,57,1.1777e-05,47,47,0,20,
mcs50_r01_s10.A04,mcs50_r01_s10.B04,ll_lum,8,7,142,4.0822e-05,0,10,9,5.598e-06,92,92,0,55,
mcs50_r01_s10.A05,mcs50_r01_s10.B05,ll_lum,8,7,86,4.1433e-05,0,10,8,5.808e-06,61,61,0,40,
mcs50_r01_s10.A06,mcs50_r01_s10.B06,ll_lum,8,8,200,5.1328e-05,0,10,18,6.54e-06,127,127,0,65,
mcs50_r01_s10.A07,mcs50_r01_s10.B07,ll_lum,8,6,172,5.3781e-05,0,10,44,1.0656e-05,113,113,0,74,
mcs50_r01_s10.A08,mcs50_r01_s10.B08,ll_lum,8,8,108,4.5578e-05,0,10,7,6.089e-06,74,74,0,52,
mcs50_r01_s10.A09,mcs50_r01_s10.B09,ll_lum,9,10,26,2.8903e-05,0,10,7,5.098e-06,20,20,0,15,
mcs50_r01_s100.A00,mcs50_r01_s100.B00,ll_lum,27,41,4385611418,1000.03,1,100,1998224880,448.924,2575945762,2575945762,0,2346580101,
mcs50_r01_s100.A01,mcs50_r01_s100.B01,ll_lum,28,48,3972233384,1000.02,1,100,1078105689,254.233,2312079020,2312079020,0,2097646304,
mcs50_r01_s100.A02,mcs50_r01_s100.B02,ll_lum,27,48,4294632814,1000.02,1,100,7665423,1.7108,2482759001,2482759001,0,2204191463,
mcs50_r01_s100.A03,mcs50_r01_s100.B03,ll_lum,28,42,2692357330,1000.02,1,100,2039539964,757.601,1583576497,1583576497,0,1379638330,
mcs50_r01_s100.A04,mcs50_r01_s100.B04,ll_lum,27,44,4488171833,1000.01,1,100,527974225,112.763,2619210029,2619210029,0,2356903872,
mcs50_r01_s100.A05,mcs50_r01_s100.B05,ll_lum,27,50,4498022166,1000.02,1,100,1107750984,236.481,2624422793,2624422793,0,2364163095,
mcs50_r01_s100.A06,mcs50_r01_s100.B06,ll_lum,28,50,4240097106,1000.03,1,100,580311406,128.043,2468157869,2468157869,0,2240911712,
mcs50_r01_s100.A07,mcs50_r01_s100.B07,ll_lum,27,40,4362877093,1000.01,1,100,564426663,121.18,2514429193,2514429193,0,2226253058,
mcs50_r01_s100.A08,mcs50_r01_s100.B08,ll_lum,27,48,4408923528,1000.02,1,100,2512248343,557.646,2555933578,2555933578,0,2323192474,
mcs50_r01_s100.A09,mcs50_r01_s100.B09,ll_lum,27,47,4245725981,1000.02,1,100,91726,0.0165419,2429866531,2429866531,0,2196113264,
mcs50_r01_s15.A00,mcs50_r01_s15.B00,ll_lum,12,14,1880,0.000394661,0,15,551,0.00010753,1201,1201,0,778,
mcs50_r01_s15.A01,mcs50_r01_s15.B01,ll_lum,12,12,2315,0.000342204,0,15,2061,0.000278569,1508,1508,0,1088,
mcs50_r01_s15.A02,mcs50_r01_s15.B02,ll_lum,11,10,4778,0.000579683,0,15,2047,0.000237347,3060,3060,0,2086,
mcs50_r01_s15.A03,mcs50_r01_s15.B03,ll_lum,12,10,1911,0.000264086,0,15,1630,0.000202163,1230,1230,0,801,
mcs50_r01_s15.A04,mcs50_r01_s15.B04,ll_lum,11,10,7717,0.00084792,0,15,57,1.4171e-05,4841,4841,0,3007,
mcs50_r01_s15.A05,mcs50_r01_s15.B05,ll_lum,12,14,3579,0.000455694,0,15,3312,0.000396275,2232,2232,0,1455,
mcs50_r01_s15.A06,mcs50_r01_s15.B06,ll_lum,11,12,3713,0.000709723,0,15,61,2.8673e-05,2419,2419,0,1636,
mcs50_r01_s15.A07,mcs50_r01_s15.B07,ll_lum,11,11,2864,0.000392961,0,15,549,7.8718e-05,1838,1838,0,1302,
mcs50_r01_s15.A08,mcs50_r01_s15.B08,ll_lum,11,11,4978,0.000595406,0,15,1030,0.0001258,3124,3124,0,2118,
mcs50_r01_s15.A09,mcs50_r01_s15.B09,ll_lum,11,11,3442,0.000457686,0,15,157,2.8753e-05,2325,2325,0,1806,
mcs50_r01_s20.A00,mcs50_r01_s20.B00,ll_lum,14,14,54970,0.00704132,0,20,8742,0.00106571,34898,34898,0,23223,
mcs50_r01_s20.A01,mcs50_r01_s20.B01,ll_lum,14,16,73326,0.0090954,0,20,1248,0.000141082,47692,47692,0,33980,
mcs50_r01_s20.A02,mcs50_r01_s20.B02,ll_lum,14,15,68902,0.00895062,0,20,18703,0.00230042,44160,44160,0,31827,
mcs50_r01_s20.A03,mcs50_r01_s20.B03,ll_lum,14,15,69956,0.008872,0,20,19907,0.00243965,44350,44350,0,31452,
mcs50_r01_s20.A04,mcs50_r01_s20.B04,ll_lum,14,14,49357,0.0065917,0,20,2332,0.000298049,31453,31453,0,22335,
mcs50_r01_s20.A05,mcs50_r01_s20.B05,ll_lum,14,13,88449,0.0114605,0,20,6199,0.000784556,55036,55036,0,36768,
mcs50_r01_s20.A06,mcs50_r01_s20.B06,ll_lum,15,16,64895,0.00805911,0,20,54754,0.00671481,43004,43004,0,31386,
mcs50_r01_s20.A07,mcs50_r01_s20.B07,ll_lum,14,18,102580,0.0197792,0,20,1471,0.000340681,64162,64162,0,42857,
mcs50_r01_s20.A08,mcs50_r01_s20.B08,ll_lum,15,14,35719,0.0046834,0,20,27127,0.00342545,23702,23702,0,17454,
mcs50_r01_s20.A09,mcs50_r01_s20.B09,ll_lum,14,14,91485,0.0112295,0,20,723,0.000108823,56862,56862,0,38540,
mcs50_r01_s25.A00,mcs50_r01_s25.B00,ll_lum,17,13,1770235,0.234935,0,25,1564580,0.206554,1171497,1171497,0,879605,
mcs50_r01_s25.A01,mcs50_r01_s25.B01,ll_lum,16,17,2243155,0.586576,0,25,46441,0.0123667,1496212,1496212,0,1142071,
mcs50_r01_s25.A02,mcs50_r01_s25.B02,ll_lum,17,15,406579,0.0586233,0,25,83994,0.0112401,264411,264411,0,199618,
mcs50_r01_s25.A03,mcs50_r01_s25.B03,ll_lum,17,19,1252078,0.173102,0,25,982239,0.13461,807690,807690,0,597820,
mcs50_r01_s25.A04,mcs50_r01_s25.B04,ll_lum,17,13,1075491,0.150772,0,25,672683,0.0935364,706170,706170,0,537022,
mcs50_r01_s25.A05,mcs50_r01_s25.B05,ll_lum,17,18,937903,0.139876,0,25,548298,0.0806073,610276,610276,0,471616,
mcs50_r01_s25.A06,mcs50_r01_s25.B06,ll_lum,17,19,2412330,0.339814,0,25,2374751,0.334591,1556731,1556731,0,1171330,
mcs50_r01_s25.A07,mcs50_r01_s25.B07,ll_lum,16,21,2193654,0.31069,0,25,195919,0.0269365,1400558,1400558,0,1029144,
mcs50_r01_s25.A08,mcs50_r01_s25.B08,ll_lum,17,17,1187821,0.161157,0,25,803652,0.105687,764937,764937,0,575748,
mcs50_r01_s25.A09,mcs50_r01_s25.B09,ll_lum,17,17,1688178,0.230987,0,25,1491474,0.203987,1084131,1084131,0,803321,
mcs50_r01_s30.A00,mcs50_r01_s30.B00,ll_lum,19,24,40638829,6.38049,0,30,26602427,4.10743,26111343,26111343,0,20325411,
mcs50_r01_s30.A01,mcs50_r01_s30.B01,ll_lum,18,20,57868157,17.8683,0,30,491503,0.146069,37745291,37745291,0,29856509,
mcs50_r01_s30.A02,mcs50_r01_s30.B02,ll_lum,19,20,38670223,5.79526,0,30,37487704,5.61529,24903497,24903497,0,19192094,
mcs50_r01_s30.A03,mcs50_r01_s30.B03,ll_lum,19,26,19925326,3.04975,0,30,12683685,1.91212,12904323,12904323,0,9987354,
mcs50_r01_s30.A04,mcs50_r01_s30.B04,ll_lum,19,23,19004963,3.04066,0,30,4005624,0.625781,12336187,12336187,0,9668726,
mcs50_r01_s30.A05,mcs50_r01_s30.B05,ll_lum,19,24,40294188,6.154,0,30,26429499,3.97121,25666479,25666479,0,19358830,
mcs50_r01_s30.A06,mcs50_r01_s30.B06,ll_lum,19,22,25540319,3.93442,0,30,21359880,3.29819,16457119,16457119,0,12753444,
mcs50_r01_s30.A07,mcs50_r01_s30.B07,ll_lum,19,19,21910228,3.26731,0,30,17390885,2.58669,14135244,14135244,0,10666828,
mcs50_r01_s30.A08,mcs50_r01_s30.B08,ll_lum,19,22,9499481,1.48478,0,30,2354326,0.350797,6244686,6244686,0,4883355,
mcs50_r01_s30.A09,mcs50_r01_s30.B09,ll_lum,19,26,25604289,3.9429,0,30,16230098,2.45444,16300248,16300248,0,12498214,
mcs50_r01_s35.A00,mcs50_r01_s35.B00,ll_lum,20,26,717776521,116.395,0,35,23203483,3.68947,463224554,463224554,0,362774845,
mcs50_r01_s35.A01,mcs50_r01_s35.B01,ll_lum,20,25,561719682,91.9776,0,35,8251219,1.3277,368801989,368801989,0,296772978,
mcs50_r01_s35.A02,mcs50_r01_s35.B02,ll_lum,20,29,546520366,88.1327,0,35,7958417,1.2445,353578465,353578465,0,275062774,
mcs50_r01_s35.A03,mcs50_r01_s35.B03,ll_lum,21,24,445176775,70.9216,0,35,409654543,64.96,291231118,291231118,0,230871855,
mcs50_r01_s35.A04,mcs50_r01_s35.B04,ll_lum,20,25,507029085,82.8971,0,35,11675550,1.84557,328800451,328800451,0,258571882,
mcs50_r01_s35.A05,mcs50_r01_s35.B05,ll_lum,21,26,348469762,55.2575,0,35,322263844,51.0187,231839547,231839547,0,186530960,
mcs50_r01_s35.A06,mcs50_r01_s35.B06,ll_lum,20,29,547104718,88.9958,0,35,18190311,3.01538,354215918,354215918,0,276615161,
mcs50_r01_s35.A07,mcs50_r01_s35.B07,ll_lum,20,25,477671953,79.6355,0,35,27429206,4.35009,313119228,313119228,0,253959347,
mcs50_r01_s35.A08,mcs50_r01_s35.B08,ll_lum,21,25,429728371,68.2406,0,35,392786211,62.5748,282491199,282491199,0,221792245,
mcs50_r01_s35.A09,mcs50_r01_s35.B09,ll_lum,21,29,296484414,51.6812,0,35,178832870,30.9203,191548385,191548385,0,155908355,
mcs50_r01_s40.A00,mcs50_r01_s40.B00,ll_lum,22,29,5682309957,1000.02,1,40,2787324913,483.355,3669215748,3669215748,0,2988329097,
mcs50_r01_s40.A01,mcs50_r01_s40.B01,ll_lum,22,25,5805184447,1000.01,1,40,5653930576,973.083,3733975765,3733975765,0,3005671859,
mcs50_r01_s40.A02,mcs50_r01_s40.B02,ll_lum,23,25,4877823010,836.296,0,40,4814479147,825.618,3206692268,3206692268,0,2573038382,
mcs50_r01_s40.A03,mcs50_r01_s40.B03,ll_lum,22,38,5652832660,1000.02,1,40,3663362826,640.244,3625020719,3625020719,0,2955598872,
mcs50_r01_s40.A04,mcs50_r01_s40.B04,ll_lum,22,25,3187948000,1000.01,1,40,2131185904,663.535,2082733870,2082733870,0,1712045546,
mcs50_r01_s40.A05,mcs50_r01_s40.B05,ll_lum,22,28,5699514617,1000.02,1,40,4812921700,841.981,3636926250,3636926250,0,2945016750,
mcs50_r01_s40.A06,mcs50_r01_s40.B06,ll_lum,22,26,4523763684,791.206,0,40,1014942124,180.894,2930457437,2930457437,0,2339609523,
mcs50_r01_s40.A07,mcs50_r01_s40.B07,ll_lum,22,22,5002207412,887.123,0,40,2035546203,362.641,3272125348,3272125348,0,2682762168,
mcs50_r01_s40.A08,mcs50_r01_s40.B08,ll_lum,23,26,2822852339,514.521,0,40,1615533756,288.231,1824372325,1824372325,0,1500796636,
mcs50_r01_s40.A09,mcs50_r01_s40.B09,ll_lum,22,24,5563465590,1000.02,1,40,2393529855,425.333,3569076373,3569076373,0,2926689902,
mcs50_r01_s50.A00,mcs50_r01_s50.B00,ll_lum,24,33,5411164791,1000.02,1,50,4263447249,781.468,3399334398,3399334398,0,2839508901,
mcs50_r01_s50.A01,mcs50_r01_s50.B01,ll_lum,23,27,5379929288,1000.02,1,50,137021781,24.714,3407907972,3407907972,0,2884715133,
mcs50_r01_s50.A02,mcs50_r01_s50.B02,ll_lum,23,35,5215674662,1000.01,1,50,4571393520,873.635,3279344981,3279344981,0,2776695406,
mcs50_r01_s50.A03,mcs50_r01_s50.B03,ll_lum,23,32,5261950933,1000.01,1,50,29254681,5.36704,3300760224,3300760224,0,2800622432,
mcs50_r01_s50.A04,mcs50_r01_s50.B04,ll_lum,24,31,5192802693,1000.02,1,50,2736355981,523.314,3286814986,3286814986,0,2815134945,
mcs50_r01_s50.A05,mcs50_r01_s50.B05,ll_lum,23,32,5369392829,1000.01,1,50,1744923265,318.364,3354446590,3354446590,0,2818646853,
mcs50_r01_s50.A06,mcs50_r01_s50.B06,ll_lum,23,31,5371207804,1000.02,1,50,2836490215,513.17,3339979070,3339979070,0,2815876815,
mcs50_r01_s50.A07,mcs50_r01_s50.B07,ll_lum,22,29,5406390159,1000.02,1,50,18035668,3.25106,3368107040,3368107040,0,2817927749,
mcs50_r01_s50.A08,mcs50_r01_s50.B08,ll_lum,24,24,5288053975,1000.02,1,50,2259260870,424.31,3362171853,3362171853,0,2857768036,
mcs50_r01_s50.A09,mcs50_r01_s50.B09,ll_lum,23,33,5217064795,1000.02,1,50,968499378,178.246,3303417392,3303417392,0,2808392513,
mcs50_r01_s60.A00,mcs50_r01_s60.B00,ll_lum,24,37,4914822311,1000.02,1,60,316047634,62.5089,2998042102,2998042102,0,2563226669,
mcs50_r01_s60.A01,mcs50_r01_s60.B01,ll_lum,25,40,4800928718,1000.01,1,60,980278534,204.234,2994440754,2994440754,0,2630425463,
mcs50_r01_s60.A02,mcs50_r01_s60.B02,ll_lum,24,30,4932846613,1000.02,1,60,966605502,189.97,3033238425,3033238425,0,2656164227,
mcs50_r01_s60.A03,mcs50_r01_s60.B03,ll_lum,24,34,5114113013,1000.02,1,60,128458298,24.8066,3164189521,3164189521,0,2744143657,
mcs50_r01_s60.A04,mcs50_r01_s60.B04,ll_lum,24,38,3643578633,1000.01,1,60,1863991266,499.237,2192635905,2192635905,0,1895686545,
mcs50_r01_s60.A05,mcs50_r01_s60.B05,ll_lum,24,30,5104785311,1000.01,1,60,535802341,101.665,3133521155,3133521155,0,2711779373,
mcs50_r01_s60.A06,mcs50_r01_s60.B06,ll_lum,23,33,5104718658,1000.01,1,60,39837907,7.41314,3071345913,3071345913,0,2649607878,
mcs50_r01_s60.A07,mcs50_r01_s60.B07,ll_lum,24,38,4816531066,1000.01,1,60,574991030,116.963,2920939898,2920939898,0,2516955096,
mcs50_r01_s60.A08,mcs50_r01_s60.B08,ll_lum,25,36,5192940120,1000.02,1,60,4771095623,914.084,3255932808,3255932808,0,2814673028,
mcs50_r01_s60.A09,mcs50_r01_s60.B09,ll_lum,24,33,4996947082,1000.02,1,60,35719425,6.80003,3042380577,3042380577,0,2634076041,
mcs50_r01_s70.A00,mcs50_r01_s70.B00,ll_lum,25,39,4836332636,1000.02,1,70,82667963,16.3586,2949807303,2949807303,0,2591252726,
mcs50_r01_s70.A01,mcs50_r01_s70.B01,ll_lum,26,35,4671992289,1000.02,1,70,986505539,199.694,2796890166,2796890166,0,2416234154,
mcs50_r01_s70.A02,mcs50_r01_s70.B02,ll_lum,25,33,4725763439,1000.02,1,70,385652387,77.3359,2844441348,2844441348,0,2507681381,
mcs50_r01_s70.A03,mcs50_r01_s70.B03,ll_lum,25,41,4731969375,1000.02,1,70,264972257,54.1638,2820543634,2820543634,0,2482036271,
mcs50_r01_s70.A04,mcs50_r01_s70.B04,ll_lum,25,39,4686694655,1000.02,1,70,255325619,52.3234,2812658219,2812658219,0,2472079012,
mcs50_r01_s70.A05,mcs50_r01_s70.B05,ll_lum,25,41,4909037610,1000.01,1,70,320310125,62.4931,2977492809,2977492809,0,2601945426,
mcs50_r01_s70.A06,mcs50_r01_s70.B06,ll_lum,25,42,4746720819,1000.02,1,70,62742155,12.2488,2874278566,2874278566,0,2492246249,
mcs50_r01_s70.A07,mcs50_r01_s70.B07,ll_lum,25,33,4796761391,1000.02,1,70,79348027,15.9424,2874039676,2874039676,0,2501827690,
mcs50_r01_s70.A08,mcs50_r01_s70.B08,ll_lum,26,27,4800807066,1000.01,1,70,1320607584,260.676,2916708027,2916708027,0,2550058382,
mcs50_r01_s70.A09,mcs50_r01_s70.B09,ll_lum,25,42,4571657351,1000.02,1,70,5301713,1.12356,2767331455,2767331455,0,2466015456,
mcs50_r01_s80.A00,mcs50_r01_s80.B00,ll_lum,25,44,4865625110,1000.02,1,80,3842522,0.775774,2894800280,2894800280,0,2543343952,
mcs50_r01_s80.A01,mcs50_r01_s80.B01,ll_lum,26,39,3546461706,1000.01,1,80,1645003,0.3838,2130004077,2130004077,0,1865214492,
mcs50_r01_s80.A02,mcs50_r01_s80.B02,ll_lum,26,38,3404537018,1000.01,1,80,2529589126,737.901,2012424035,2012424035,0,1767787044,
mcs50_r01_s80.A03,mcs50_r01_s80.B03,ll_lum,26,41,4391819117,1000.02,1,80,36926069,7.84344,2629650862,2629650862,0,2302579867,
mcs50_r01_s80.A04,mcs50_r01_s80.B04,ll_lum,26,42,4639158790,1000.01,1,80,1292931410,266.776,2775312598,2775312598,0,2437598816,
mcs50_r01_s80.A05,mcs50_r01_s80.B05,ll_lum,27,43,4561120383,1000.01,1,80,524889829,111.948,2729538953,2729538953,0,2422323670,
mcs50_r01_s80.A06,mcs50_r01_s80.B06,ll_lum,26,44,4713926220,1000.02,1,80,327955239,65.905,2818360775,2818360775,0,2466336552,
mcs50_r01_s80.A07,mcs50_r01_s80.B07,ll_lum,25,37,4829950264,1000.01,1,80,8496553,1.64341,2877916442,2877916442,0,2550050944,
mcs50_r01_s80.A08,mcs50_r01_s80.B08,ll_lum,27,41,4518329361,1000.02,1,80,1308095503,277.065,2698524923,2698524923,0,2393424987,
mcs50_r01_s80.A09,mcs50_r01_s80.B09,ll_lum,26,43,4912598286,1000.01,1,80,5692236,1.09254,2939013173,2939013173,0,2523090646,
mcs50_r01_s90.A00,mcs50_r01_s90.B00,ll_lum,27,47,4407995603,1000.02,1,90,1906110235,419.406,2589054002,2589054002,0,2296022527,
mcs50_r01_s90.A01,mcs50_r01_s90.B01,ll_lum,27,38,4469829327,1000.01,1,90,263691402,57.2536,2629624911,2629624911,0,2351303068,
mcs50_r01_s90.A02,mcs50_r01_s90.B02,ll_lum,27,41,4472902333,1000.02,1,90,2437433161,533.273,2614032539,2614032539,0,2334200600,
mcs50_r01_s90.A03,mcs50_r01_s90.B03,ll_lum,27,42,4551316973,1000.02,1,90,2794313892,598.155,2696675204,2696675204,0,2362191801,
mcs50_r01_s90.A04,mcs50_r01_s90.B04,ll_lum,26,40,4614387949,1000,1,90,219130532,44.1295,2721882323,2721882323,0,2432305094,
mcs50_r01_s90.A05,mcs50_r01_s90.B05,ll_lum,27,40,4616398505,1000.01,1,90,2467391496,520.383,2724766534,2724766534,0,2428477838,
mcs50_r01_s90.A06,mcs50_r01_s90.B06,ll_lum,27,41,4530048057,1000.01,1,90,365549362,76.6344,2661203626,2661203626,0,2375983518,
mcs50_r01_s90.A07,mcs50_r01_s90.B07,ll_lum,27,44,4386854542,1000.02,1,90,62116171,13.5433,2552677259,2552677259,0,2286127431,
mcs50_r01_s90.A08,mcs50_r01_s90.B08,ll_lum,27,43,4319974672,1000.02,1,90,1413556594,306.666,2567953915,2567953915,0,2280674765,
mcs50_r01_s90.A09,mcs50_r01_s90.B09,ll_lum,27,43,3911526070,1000.02,1,90,478805785,115.308,2305261522,2305261522,0,2064180129,
mcs50_r02_s10.A00,mcs50_r02_s10.B00,ll_lum,7,7,620,0.000107171,0,10,243,3.2329e-05,408,408,0,291,
mcs50_r02_s10.A01,mcs50_r02_s10.B01,ll_lum,7,8,861,0.000138839,0,10,331,4.3586e-05,550,550,0,379,
mcs50_r02_s10.A02,mcs50_r02_s10.B02,ll_lum,7,8,540,0.000101282,0,10,122,1.973e-05,366,366,0,275,
mcs50_r02_s10.A03,mcs50_r02_s10.B03,ll_lum,7,8,479,9.7637e-05,0,10,41,9.254e-06,322,322,0,228,
mcs50_r02_s10.A04,mcs50_r02_s10.B04,ll_lum,8,10,152,5.9019e-05,0,10,89,1.979e-05,105,105,0,75,
mcs50_r02_s10.A05,mcs50_r02_s10.B05,ll_lum,7,7,332,7.3621e-05,0,10,19,7.011e-06,225,225,0,144,
mcs50_r02_s10.A06,mcs50_r02_s10.B06,ll_lum,7,8,465,7.9509e-05,0,10,8,4.837e-06,293,293,0,197,
mcs50_r02_s10.A07,mcs50_r02_s10.B07,ll_lum,7,9,614,9.986e-05,0,10,174,2.3085e-05,398,398,0,269,
mcs50_r02_s10.A08,mcs50_r02_s10.B08,ll_lum,7,9,553,0.000108863,0,10,42,1.0205e-05,362,362,0,255,
mcs50_r02_s10.A09,mcs50_r02_s10.B09,ll_lum,7,7,809,0.000142245,0,10,169,2.4827e-05,517,517,0,353,
mcs50_r02_s100.A00,mcs50_r02_s100.B00,ll_lum,20,65,3395205661,1000.01,1,100,2264696885,650.338,1800995001,1800995001,0,1745806749,
mcs50_r02_s100.A01,mcs50_r02_s100.B01,ll_lum,19,56,3390226322,1000.02,1,100,26121204,6.69501,1776168198,1776168198,0,1724657102,
mcs50_r02_s100.A02,mcs50_r02_s100.B02,ll_lum,19,51,3959632487,1000.02,1,100,4100407,0.891036,2083442115,2083442115,0,2020979466,
mcs50_r02_s100.A03,mcs50_r02_s100.B03,ll_lum,19,45,3861356628,1000.02,1,100,56235159,13.1749,2042059883,2042059883,0,1975116619,
mcs50_r02_s100.A04,mcs50_r02_s100.B04,ll_lum,19,47,4025336299,1000.02,1,100,8075680,1.78083,2117850536,2117850536,0,2055585141,
mcs50_r02_s100.A05,mcs50_r02_s100.B05,ll_lum,19,51,3999090330,1000.02,1,100,144897334,33.2296,2110382909,2110382909,0,2040458248,
mcs50_r02_s100.A06,mcs50_r02_s100.B06,ll_lum,19,56,3921734043,1000.01,1,100,28996425,6.68497,2068220259,2068220259,0,2005148251,
mcs50_r02_s100.A07,mcs50_r02_s100.B07,ll_lum,20,60,3989590102,1000.01,1,100,3879123373,970.498,2108588147,2108588147,0,2036770854,
mcs50_r02_s100.A08,mcs50_r02_s100.B08,ll_lum,19,55,3924185738,1000.02,1,100,233386883,54.7585,2072321386,2072321386,0,2005099823,
mcs50_r02_s100.A09,mcs50_r02_s100.B09,ll_lum,20,55,3261599772,1000.02,1,100,433279129,122.923,1724654684,1724654684,0,1679274970,
mcs50_r02_s15.A00,mcs50_r02_s15.B00,ll_lum,10,15,12400,0.00185673,0,15,38,1.289e-05,8053,8053,0,6243,
mcs50_r02_s15.A01,mcs50_r02_s15.B01,ll_lum,10,16,14429,0.00216026,0,15,7058,0.00102898,9124,9124,0,6900,
mcs50_r02_s15.A02,mcs50_r02_s15.B02,ll_lum,10,13,8003,0.00127802,0,15,2534,0.00037951,5282,5282,0,4170,
mcs50_r02_s15.A03,mcs50_r02_s15.B03,ll_lum,11,14,2343,0.00087169,0,15,1828,0.00075841,1527,1527,0,1161,
mcs50_r02_s15.A04,mcs50_r02_s15.B04,ll_lum,10,13,6544,0.00147622,0,15,1906,0.000770238,4468,4468,0,3381,
mcs50_r02_s15.A05,mcs50_r02_s15.B05,ll_lum,10,14,8443,0.00163358,0,15,791,0.000117526,5637,5637,0,4409,
mcs50_r02_s15.A06,mcs50_r02_s15.B06,ll_lum,10,15,8694,0.00147713,0,15,3355,0.00046512,5548,5548,0,4167,
mcs50_r02_s15.A07,mcs50_r02_s15.B07,ll_lum,10,16,4005,0.000619933,0,15,311,6.027e-05,2721,2721,0,2023,
mcs50_r02_s15.A08,mcs50_r02_s15.B08,ll_lum,10,18,6850,0.0017176,0,15,23,8.844e-06,4528,4528,0,3621,
mcs50_r02_s15.A09,mcs50_r02_s15.B09,ll_lum,10,14,15049,0.00280796,0,15,10255,0.00208138,9306,9306,0,6983,
mcs50_r02_s20.A00,mcs50_r02_s20.B00,ll_lum,12,19,250678,0.0432351,0,20,40597,0.00695725,156534,156534,0,129410,
mcs50_r02_s20.A01,mcs50_r02_s20.B01,ll_lum,12,20,238198,0.0407568,0,20,5433,0.000835226,151762,151762,0,125974,
mcs50_r02_s20.A02,mcs50_r02_s20.B02,ll_lum,12,24,372543,0.0635997,0,20,214189,0.0358406,230242,230242,0,187530,
mcs50_r02_s20.A03,mcs50_r02_s20.B03,ll_lum,12,14,375214,0.0640784,0,20,224538,0.037649,231174,231174,0,192249,
mcs50_r02_s20.A04,mcs50_r02_s20.B04,ll_lum,12,25,226996,0.039428,0,20,142750,0.0243577,139298,139298,0,114860,
mcs50_r02_s20.A05,mcs50_r02_s20.B05,ll_lum,12,22,269351,0.0456715,0,20,121397,0.020573,165941,165941,0,130439,
mcs50_r02_s20.A06,mcs50_r02_s20.B06,ll_lum,12,21,270978,0.0466227,0,20,136923,0.0231966,168528,168528,0,133672,
mcs50_r02_s20.A07,mcs50_r02_s20.B07,ll_lum,12,21,310000,0.0523826,0,20,230796,0.0385791,191915,191915,0,156588,
mcs50_r02_s20.A08,mcs50_r02_s20.B08,ll_lum,11,21,362060,0.0592526,0,20,2207,0.000320392,227979,227979,0,188199,
mcs50_r02_s20.A09,mcs50_r02_s20.B09,ll_lum,12,18,191704,0.0326488,0,20,11504,0.00188337,120472,120472,0,96451,
mcs50_r02_s25.A00,mcs50_r02_s25.B00,ll_lum,13,25,5292377,0.995246,0,25,158998,0.02862,3234886,3234886,0,2693767,
mcs50_r02_s25.A01,mcs50_r02_s25.B01,ll_lum,13,27,5013997,0.933823,0,25,7454,0.00127992,3116426,3116426,0,2633331,
mcs50_r02_s25.A02,mcs50_r02_s25.B02,ll_lum,13,23,6719167,1.27862,0,25,210285,0.0372295,4179644,4179644,0,3614491,
mcs50_r02_s25.A03,mcs50_r02_s25.B03,ll_lum,13,24,8524571,1.60245,0,25,794199,0.142397,5233093,5233093,0,4431812,
mcs50_r02_s25.A04,mcs50_r02_s25.B04,ll_lum,13,29,7199642,1.31344,0,25,38779,0.00630373,4438608,4438608,0,3721062,
mcs50_r02_s25.A05,mcs50_r02_s25.B05,ll_lum,14,25,3493522,0.670966,0,25,2605469,0.498609,2155381,2155381,0,1825538,
mcs50_r02_s25.A06,mcs50_r02_s25.B06,ll_lum,13,25,5178942,1.03121,0,25,19534,0.00370301,3230280,3230280,0,2751572,
mcs50_r02_s25.A07,mcs50_r02_s25.B07,ll_lum,13,26,5031367,0.940554,0,25,350965,0.0625431,3111023,3111023,0,2623941,
mcs50_r02_s25.A08,mcs50_r02_s25.B08,ll_lum,13,25,4407610,0.813423,0,25,143755,0.0248673,2714833,2714833,0,2239342,
mcs50_r02_s25.A09,mcs50_r02_s25.B09,ll_lum,14,29,3689847,0.721406,0,25,1938565,0.375188,2282395,2282395,0,1971855,
mcs50_r02_s30.A00,mcs50_r02_s30.B00,ll_lum,15,37,39713899,8.39764,0,30,15302207,3.18629,24591566,24591566,0,21617698,
mcs50_r02_s30.A01,mcs50_r02_s30.B01,ll_lum,15,38,50627545,10.5817,0,30,16514980,3.35681,31139327,31139327,0,27399358,
mcs50_r02_s30.A02,mcs50_r02_s30.B02,ll_lum,15,36,48962897,10.2208,0,30,28202435,5.77081,30268653,30268653,0,26859387,
mcs50_r02_s30.A03,mcs50_r02_s30.B03,ll_lum,15,38,43702627,9.05834,0,30,17773311,3.60752,26783895,26783895,0,23383700,
mcs50_r02_s30.A04,mcs50_r02_s30.B04,ll_lum,15,31,65402735,13.5596,0,30,36445007,7.42315,39915094,39915094,0,34852593,
mcs50_r02_s30.A05,mcs50_r02_s30.B05,ll_lum,15,35,65514736,13.2423,0,30,28504819,5.6306,39987715,39987715,0,34559585,
mcs50_r02_s30.A06,mcs50_r02_s30.B06,ll_lum,15,38,64049060,13.3212,0,30,35070798,7.19176,39133387,39133387,0,34072642,
mcs50_r02_s30.A07,mcs50_r02_s30.B07,ll_lum,15,38,58497717,12.2719,0,30,28843601,5.96205,35780666,35780666,0,31459525,
mcs50_r02_s30.A08,mcs50_r02_s30.B08,ll_lum,15,30,37228469,7.76497,0,30,531758,0.104937,23097083,23097083,0,20109850,
mcs50_r02_s30.A09,mcs50_r02_s30.B09,ll_lum,15,27,44332016,9.34027,0,30,2040944,0.404226,27212922,27212922,0,23691191,
mcs50_r02_s35.A00,mcs50_r02_s35.B00,ll_lum,17,49,538433022,124.308,0,35,380882880,86.0992,323823945,323823945,0,291873328,
mcs50_r02_s35.A01,mcs50_r02_s35.B01,ll_lum,17,48,625456134,136.901,0,35,491388710,105.576,376776385,376776385,0,336768506,
mcs50_r02_s35.A02,mcs50_r02_s35.B02,ll_lum,17,46,738626499,157.311,0,35,658131184,138.608,445003043,445003043,0,395218500,
mcs50_r02_s35.A03,mcs50_r02_s35.B03,ll_lum,17,47,873705444,188.544,0,35,769329133,164.231,527264050,527264050,0,468400397,
mcs50_r02_s35.A04,mcs50_r02_s35.B04,ll_lum,17,50,345525271,79.4334,0,35,198558554,43.8341,210557782,210557782,0,189396423,
mcs50_r02_s35.A05,mcs50_r02_s35.B05,ll_lum,17,46,606855839,133.332,0,35,461591038,99.4199,365249945,365249945,0,324664158,
mcs50_r02_s35.A06,mcs50_r02_s35.B06,ll_lum,17,48,998341505,219.605,0,35,948406833,207.677,600325565,600325565,0,534583760,
mcs50_r02_s35.A07,mcs50_r02_s35.B07,ll_lum,17,50,257809172,61.6829,0,35,37443086,8.07455,157895022,157895022,0,143060697,
mcs50_r02_s35.A08,mcs50_r02_s35.B08,ll_lum,17,48,540406780,120.493,0,35,377035718,81.365,326656266,326656266,0,292194777,
mcs50_r02_s35.A09,mcs50_r02_s35.B09,ll_lum,17,48,222316804,53.6642,0,35,2957797,0.638678,138307005,138307005,0,125636590,
mcs50_r02_s40.A00,mcs50_r02_s40.B00,ll_lum,20,66,3963672046,926.765,0,40,3518240129,804.572,2361420539,2361420539,0,2143490847,
mcs50_r02_s40.A01,mcs50_r02_s40.B01,ll_lum,20,67,546908068,153.908,0,40,15078819,3.21708,341693269,341693269,0,319658881,
mcs50_r02_s40.A02,mcs50_r02_s40.B02,ll_lum,20,71,3104029483,721.423,0,40,2785927772,633.489,1850887181,1850887181,0,1683636612,
mcs50_r02_s40.A03,mcs50_r02_s40.B03,ll_lum,20,66,1564447991,386.407,0,40,1105699518,259.17,944488122,944488122,0,858700997,
mcs50_r02_s40.A04,mcs50_r02_s40.B04,ll_lum,20,65,1837735778,452.491,0,40,1448879058,345.719,1106198536,1106198536,0,1003317671,
mcs50_r02_s40.A05,mcs50_r02_s40.B05,ll_lum,20,66,3288719652,783.337,0,40,2694460580,617.762,1955031291,1955031291,0,1776456266,
mcs50_r02_s40.A06,mcs50_r02_s40.B06,ll_lum,20,65,1999651273,487.57,0,40,1462911884,338.99,1203540835,1203540835,0,1099566426,
mcs50_r02_s40.A07,mcs50_r02_s40.B07,ll_lum,20,68,3417991315,823.022,0,40,3122364204,741.114,2040865558,2040865558,0,1863586534,
mcs50_r02_s40.A08,mcs50_r02_s40.B08,ll_lum,16,44,4381436513,1000.02,1,40,78285143,16.7193,2583190153,2583190153,0,2338749898,
mcs50_r02_s40.A09,mcs50_r02_s40.B09,ll_lum,20,71,1226146230,323.124,0,40,460017528,106.945,745635118,745635118,0,692392692,
mcs50_r02_s50.A00,mcs50_r02_s50.B00,ll_lum,17,39,4124535934,1000.02,1,50,180082351,41.0626,2381899698,2381899698,0,2212245090,
mcs50_r02_s50.A01,mcs50_r02_s50.B01,ll_lum,17,46,4105487226,1000.01,1,50,541884922,124.654,2345769980,2345769980,0,2184851807,
mcs50_r02_s50.A02,mcs50_r02_s50.B02,ll_lum,18,53,4172733198,1000.01,1,50,4003041245,957.333,2425703323,2425703323,0,2244822984,
mcs50_r02_s50.A03,mcs50_r02_s50.B03,ll_lum,17,41,4156556567,1000.02,1,50,59422473,13.3124,2403918534,2403918534,0,2223169060,
mcs50_r02_s50.A04,mcs50_r02_s50.B04,ll_lum,18,54,4113585371,1000.02,1,50,2593595218,613.068,2377305752,2377305752,0,2215658266,
mcs50_r02_s50.A05,mcs50_r02_s50.B05,ll_lum,17,38,4178382538,1000.02,1,50,241962209,54.7678,2419633780,2419633780,0,2239515860,
mcs50_r02_s50.A06,mcs50_r02_s50.B06,ll_lum,17,35,4196906268,1000.01,1,50,23898138,5.32422,2417314867,2417314867,0,2227306413,
mcs50_r02_s50.A07,mcs50_r02_s50.B07,ll_lum,17,47,4139655284,1000.01,1,50,111075590,25.5944,2368041944,2368041944,0,2203770949,
mcs50_r02_s50.A08,mcs50_r02_s50.B08,ll_lum,17,43,4182564684,1000.02,1,50,727303341,166.47,2401426833,2401426833,0,2218720324,
mcs50_r02_s50.A09,mcs50_r02_s50.B09,ll_lum,17,28,4171875447,1000.03,1,50,829287557,186.977,2401339827,2401339827,0,2223434766,
mcs50_r02_s60.A00,mcs50_r02_s60.B00,ll_lum,18,44,3946284290,1000.02,1,60,468726887,109.744,2211357857,2211357857,0,2086165609,
mcs50_r02_s60.A01,mcs50_r02_s60.B01,ll_lum,17,40,4198106650,1000.01,1,60,15889622,3.47782,2323070653,2323070653,0,2177963852,
mcs50_r02_s60.A02,mcs50_r02_s60.B02,ll_lum,18,37,3956748133,1000.02,1,60,45621433,10.8106,2210830956,2210830956,0,2092820095,
mcs50_r02_s60.A03,mcs50_r02_s60.B03,ll_lum,18,49,3857571401,1000.02,1,60,276746423,67.0854,2172582326,2172582326,0,2021814241,
mcs50_r02_s60.A04,mcs50_r02_s60.B04,ll_lum,17,49,4105619623,1000.02,1,60,92053914,20.8059,2285954303,2285954303,0,2152418460,
mcs50_r02_s60.A05,mcs50_r02_s60.B05,ll_lum,18,49,3905480222,1000.02,1,60,35579355,8.27153,2196660565,2196660565,0,2075313518,
mcs50_r02_s60.A06,mcs50_r02_s60.B06,ll_lum,18,41,4017513325,1000.02,1,60,1634748974,389.728,2242840670,2242840670,0,2124069602,
mcs50_r02_s60.A07,mcs50_r02_s60.B07,ll_lum,18,40,4097012421,1000.02,1,60,2618071869,621.98,2282631273,2282631273,0,2145708359,
mcs50_r02_s60.A08,mcs50_r02_s60.B08,ll_lum,17,45,4144435023,1000.02,1,60,2802528,0.606234,2306273123,2306273123,0,2155671983,
mcs50_r02_s60.A09,mcs50_r02_s60.B09,ll_lum,18,42,4108011759,1000.01,1,60,2840850951,675.788,2298597104,2298597104,0,2160110266,
mcs50_r02_s70.A00,mcs50_r02_s70.B00,ll_lum,18,46,3919918547,1000.02,1,70,132932978,31.4728,2134869839,2134869839,0,2051486500,
mcs50_r02_s70.A01,mcs50_r02_s70.B01,ll_lum,18,51,4047193181,1000.01,1,70,16211397,3.68862,2215336759,2215336759,0,2103927994,
mcs50_r02_s70.A02,mcs50_r02_s70.B02,ll_lum,19,51,3831825118,1000.02,1,70,1683552707,420.177,2112951616,2112951616,0,2017422172,
mcs50_r02_s70.A03,mcs50_r02_s70.B03,ll_lum,18,38,4017604885,1000.02,1,70,27537920,6.17381,2204176710,2204176710,0,2098706523,
mcs50_r02_s70.A04,mcs50_r02_s70.B04,ll_lum,18,41,3981619984,1000.02,1,70,74848373,17.043,2195418892,2195418892,0,2088028795,
mcs50_r02_s70.A05,mcs50_r02_s70.B05,ll_lum,18,47,3980205053,1000.01,1,70,398254476,93.7699,2164137832,2164137832,0,2073651375,
mcs50_r02_s70.A06,mcs50_r02_s70.B06,ll_lum,18,44,3956610013,1000.01,1,70,73380495,16.907,2161768581,2161768581,0,2061644880,
mcs50_r02_s70.A07,mcs50_r02_s70.B07,ll_lum,18,50,3664818371,1000.01,1,70,19909748,4.97623,2006866489,2006866489,0,1917914732,
mcs50_r02_s70.A08,mcs50_r02_s70.B08,ll_lum,19,53,4003286137,1000.01,1,70,3743317654,930.221,2172055928,2172055928,0,2074092426,
mcs50_r02_s70.A09,mcs50_r02_s70.B09,ll_lum,18,50,3974494677,1000.02,1,70,61393105,14.2524,2157362486,2157362486,0,2067754133,
mcs50_r02_s80.A00,mcs50_r02_s80.B00,ll_lum,19,45,3786528162,1000.01,1,80,339731474,83.0315,2044747604,2044747604,0,1969274761,
mcs50_r02_s80.A01,mcs50_r02_s80.B01,ll_lum,19,43,3992265292,1000.01,1,80,2414508647,584.857,2161681738,2161681738,0,2063247586,
mcs50_r02_s80.A02,mcs50_r02_s80.B02,ll_lum,18,44,4076338422,1000.02,1,80,4659638,1.01369,2201200160,2201200160,0,2103913882,
mcs50_r02_s80.A03,mcs50_r02_s80.B03,ll_lum,19,44,3996081906,1000.01,1,80,3474389243,860.823,2151040472,2151040472,0,2069946592,
mcs50_r02_s80.A04,mcs50_r02_s80.B04,ll_lum,18,46,4064644127,1000.02,1,80,36042799,8.14407,2187008326,2187008326,0,2093244505,
mcs50_r02_s80.A05,mcs50_r02_s80.B05,ll_lum,19,53,3737605900,1000.01,1,80,754167220,188.422,2024513978,2024513978,0,1943270159,
mcs50_r02_s80.A06,mcs50_r02_s80.B06,ll_lum,19,49,3754294520,1000.01,1,80,466375022,116.362,2024770788,2024770788,0,1941077055,
mcs50_r02_s80.A07,mcs50_r02_s80.B07,ll_lum,19,50,3765399770,1000.01,1,80,237874813,57.7189,2043225117,2043225117,0,1961262792,
mcs50_r02_s80.A08,mcs50_r02_s80.B08,ll_lum,19,51,4110308819,1000.02,1,80,3867295523,936.386,2213324322,2213324322,0,2116016511,
mcs50_r02_s80.A09,mcs50_r02_s80.B09,ll_lum,19,50,3919360510,1000.02,1,80,1727648185,422.243,2121025322,2121025322,0,2027451517,
mcs50_r02_s90.A00,mcs50_r02_s90.B00,ll_lum,19,53,3829273620,1000.01,1,90,21664934,5.09828,2039670862,2039670862,0,1976568991,
mcs50_r02_s90.A01,mcs50_r02_s90.B01,ll_lum,19,49,3904732362,1000.02,1,90,230327698,53.9244,2086069511,2086069511,0,2012073030,
mcs50_r02_s90.A02,mcs50_r02_s90.B02,ll_lum,19,54,3884338665,1000.01,1,90,61795274,14.3736,2066785740,2066785740,0,2003274060,
mcs50_r02_s90.A03,mcs50_r02_s90.B03,ll_lum,19,52,3884279269,1000.02,1,90,29196544,6.90206,2071686560,2071686560,0,2003238409,
mcs50_r02_s90.A04,mcs50_r02_s90.B04,ll_lum,19,63,3887607419,1000.02,1,90,96174415,22.9844,2076037734,2076037734,0,2005239410,
mcs50_r02_s90.A05,mcs50_r02_s90.B05,ll_lum,19,40,3949644778,1000.01,1,90,351071683,82.7529,2099486798,2099486798,0,2031017685,
mcs50_r02_s90.A06,mcs50_r02_s90.B06,ll_lum,19,48,3915942457,1000.02,1,90,53746930,12.6301,2094411024,2094411024,0,2019068229,
mcs50_r02_s90.A07,mcs50_r02_s90.B07,ll_lum,19,51,3888345291,1000.02,1,90,430491295,102.099,2069533584,2069533584,0,1994537162,
mcs50_r02_s90.A08,mcs50_r02_s90.B08,ll_lum,19,62,3714500552,1000.02,1,90,93232523,22.4302,1984405213,1984405213,0,1905019064,
mcs50_r02_s90.A09,mcs50_r02_s90.B09,ll_lum,19,39,3920228934,1000.02,1,90,29562033,6.77442,2089802434,2089802434,0,2024475319,
mcs70_b03_s10.A00,mcs70_b03_s10.B00,ll_lum,8,11,253,6.4838e-05,0,10,167,2.7221e-05,165,165,0,112,
mcs70_b03_s10.A01,mcs70_b03_s10.B01,ll_lum,8,9,270,6.4688e-05,0,10,9,6.479e-06,186,186,0,125,
mcs70_b03_s10.A02,mcs70_b03_s10.B02,ll_lum,7,7,834,0.000110967,0,10,8,5.038e-06,552,552,0,364,
mcs70_b03_s10.A03,mcs70_b03_s10.B03,ll_lum,8,12,245,5.7957e-05,0,10,9,5.489e-06,167,167,0,114,
mcs70_b03_s10.A04,mcs70_b03_s10.B04,ll_lum,8,9,251,6.8313e-05,0,10,60,1.4101e-05,175,175,0,127,
mcs70_b03_s10.A05,mcs70_b03_s10.B05,ll_lum,9,13,437,8.0101e-05,0,10,427,5.327e-05,279,279,0,182,
mcs70_b03_s10.A06,mcs70_b03_s10.B06,ll_lum,8,12,154,5.4523e-05,0,10,9,6.269e-06,106,106,0,70,
mcs70_b03_s10.A07,mcs70_b03_s10.B07,ll_lum,8,11,109,4.7161e-05,0,10,9,5.358e-06,82,82,0,64,
mcs70_b03_s10.A08,mcs70_b03_s10.B08,ll_lum,8,9,140,5.1227e-05,0,10,21,7.561e-06,98,98,0,66,
mcs70_b03_s10.A09,mcs70_b03_s10.B09,ll_lum,9,13,33,3.5203e-05,0,10,9,6.23e-06,25,25,0,14,
mcs70_b03_s100.A00,mcs70_b03_s100.B00,ll_lum,72,77,7187649567,1000.02,1,100,2002543635,276.499,4964473544,4964473544,0,3248699862,
mcs70_b03_s100.A01,mcs70_b03_s100.B01,ll_lum,73,71,6923895217,1000.01,1,100,106498129,13.9116,4630200164,4630200164,0,2763088230,
mcs70_b03_s100.A02,mcs70_b03_s100.B02,ll_lum,71,70,7622714976,1000.02,1,100,3079473807,277.954,5842786029,5842786029,0,4443741111,
mcs70_b03_s100.A03,mcs70_b03_s100.B03,ll_lum,71,71,7264778568,1000.02,1,100,98341453,11.9612,5041606671,5041606671,0,3436788869,
mcs70_b03_s100.A04,mcs70_b03_s100.B04,ll_lum,70,64,4357695383,1000.02,1,100,34779018,8.48075,3263391641,3263391641,0,2357721247,
mcs70_b03_s100.A05,mcs70_b03_s100.B05,ll_lum,76,92,7045827661,1000.02,1,100,12651552,1.56134,4893278904,4893278904,0,3358243474,
mcs70_b03_s100.A06,mcs70_b03_s100.B06,ll_lum,76,82,7220663588,1000.01,1,100,1765410253,227.523,4864607660,4864607660,0,3096243899,
mcs70_b03_s100.A07,mcs70_b03_s100.B07,ll_lum,67,66,7547582311,1000.01,1,100,2035250692,242.655,5658152089,5658152089,0,4034429260,
mcs70_b03_s100.A08,mcs70_b03_s100.B08,ll_lum,73,72,6547696116,1000.01,1,100,54367076,7.95496,4605762196,4605762196,0,2957350377,
mcs70_b03_s100.A09,mcs70_b03_s100.B09,ll_lum,73,76,7030589752,1000.01,1,100,6240321176,885.159,4865963034,4865963034,0,3106890469,
mcs70_b03_s15.A00,mcs70_b03_s15.B00,ll_lum,13,18,936,0.000162835,0,15,833,0.000118148,583,583,0,397,
mcs70_b03_s15.A01,mcs70_b03_s15.B01,ll_lum,12,14,3258,0.000430076,0,15,2490,0.000308394,1986,1986,0,1201,
mcs70_b03_s15.A02,mcs70_b03_s15.B02,ll_lum,13,16,1902,0.000286891,0,15,1756,0.000237827,1137,1137,0,737,
mcs70_b03_s15.A03,mcs70_b03_s15.B03,ll_lum,13,18,710,0.000131818,0,15,567,7.9279e-05,440,440,0,283,
mcs70_b03_s15.A04,mcs70_b03_s15.B04,ll_lum,12,15,1646,0.000242655,0,15,701,9.8428e-05,1048,1048,0,619,
mcs70_b03_s15.A05,mcs70_b03_s15.B05,ll_lum,11,16,5989,0.000692692,0,15,73,1.7726e-05,3607,3607,0,1933,
mcs70_b03_s15.A06,mcs70_b03_s15.B06,ll_lum,13,18,501,0.000103185,0,15,319,5.315e-05,331,331,0,226,
mcs70_b03_s15.A07,mcs70_b03_s15.B07,ll_lum,13,18,548,0.000110616,0,15,402,6.4177e-05,343,343,0,198,
mcs70_b03_s15.A08,mcs70_b03_s15.B08,ll_lum,12,16,2715,0.000399079,0,15,1394,0.000200011,1658,1658,0,976,
mcs70_b03_s15.A09,mcs70_b03_s15.B09,ll_lum,13,18,776,0.000149294,0,15,637,9.7016e-05,508,508,0,344,
mcs70_b03_s20.A00,mcs70_b03_s20.B00,ll_lum,16,20,20546,0.00246043,0,20,14545,0.00174885,12424,12424,0,7566,
mcs70_b03_s20.A01,mcs70_b03_s20.B01,ll_lum,16,20,18432,0.00225152,0,20,7537,0.000907025,11119,11119,0,6649,
mcs70_b03_s20.A02,mcs70_b03_s20.B02,ll_lum,17,24,3381,0.0004925,0,20,1628,0.000230707,2087,2087,0,1260,
mcs70_b03_s20.A03,mcs70_b03_s20.B03,ll_lum,17,24,3832,0.000542095,0,20,1121,0.000154973,2472,2472,0,1511,
mcs70_b03_s20.A04,mcs70_b03_s20.B04,ll_lum,16,20,14283,0.00210963,0,20,20,1.4472e-05,8513,8513,0,4864,
mcs70_b03_s20.A05,mcs70_b03_s20.B05,ll_lum,16,23,14087,0.00176514,0,20,511,7.4292e-05,8440,8440,0,4914,
mcs70_b03_s20.A06,mcs70_b03_s20.B06,ll_lum,16,23,16716,0.00207,0,20,6987,0.000819536,10326,10326,0,6800,
mcs70_b03_s20.A07,mcs70_b03_s20.B07,ll_lum,17,23,10243,0.00134878,0,20,9430,0.00121506,6096,6096,0,3702,
mcs70_b03_s20.A08,mcs70_b03_s20.B08,ll_lum,16,24,14482,0.00307931,0,20,4296,0.00108247,8877,8877,0,5606,
mcs70_b03_s20.A09,mcs70_b03_s20.B09,ll_lum,16,20,11970,0.00235302,0,20,1708,0.000312469,7267,7267,0,4277,
mcs70_b03_s25.A00,mcs70_b03_s25.B00,ll_lum,20,28,53021,0.0105903,0,25,31,2.5979e-05,32076,32076,0,18962,
mcs70_b03_s25.A01,mcs70_b03_s25.B01,ll_lum,22,31,5072,0.000719511,0,25,3957,0.000536627,3132,3132,0,1816,
mcs70_b03_s25.A02,mcs70_b03_s25.B02,ll_lum,20,25,73263,0.00928846,0,25,1861,0.000225709,44230,44230,0,26463,
mcs70_b03_s25.A03,mcs70_b03_s25.B03,ll_lum,20,22,182606,0.0219843,0,25,163121,0.0196309,110973,110973,0,69652,
mcs70_b03_s25.A04,mcs70_b03_s25.B04,ll_lum,20,28,91925,0.0110957,0,25,46025,0.00530961,58855,58855,0,38187,
mcs70_b03_s25.A05,mcs70_b03_s25.B05,ll_lum,21,28,60869,0.00729808,0,25,54964,0.00648831,37380,37380,0,23317,
mcs70_b03_s25.A06,mcs70_b03_s25.B06,ll_lum,21,29,255157,0.0305263,0,25,241558,0.0287951,157448,157448,0,98603,
mcs70_b03_s25.A07,mcs70_b03_s25.B07,ll_lum,20,27,69507,0.00879994,0,25,28601,0.00345337,43153,43153,0,28591,
mcs70_b03_s25.A08,mcs70_b03_s25.B08,ll_lum,20,26,53425,0.0102172,0,25,8574,0.00147499,32736,32736,0,20741,
mcs70_b03_s25.A09,mcs70_b03_s25.B09,ll_lum,20,23,66138,0.0109558,0,25,27200,0.0035853,40902,40902,0,24125,
mcs70_b03_s30.A00,mcs70_b03_s30.B00,ll_lum,24,34,651929,0.124767,0,30,323866,0.060509,425046,425046,0,280260,
mcs70_b03_s30.A01,mcs70_b03_s30.B01,ll_lum,24,33,2070355,0.244036,0,30,1558808,0.178598,1406283,1406283,0,984728,
mcs70_b03_s30.A02,mcs70_b03_s30.B02,ll_lum,24,32,1508794,0.19068,0,30,1209273,0.152187,1007672,1007672,0,687160,
mcs70_b03_s30.A03,mcs70_b03_s30.B03,ll_lum,24,29,685149,0.0873122,0,30,300941,0.0377521,435202,435202,0,276050,
mcs70_b03_s30.A04,mcs70_b03_s30.B04,ll_lum,25,29,299456,0.0372975,0,30,234544,0.0285767,200274,200274,0,135826,
mcs70_b03_s30.A05,mcs70_b03_s30.B05,ll_lum,25,36,278058,0.0362033,0,30,227152,0.0295313,168910,168910,0,104293,
mcs70_b03_s30.A06,mcs70_b03_s30.B06,ll_lum,24,30,856140,0.105885,0,30,443910,0.0519045,548592,548592,0,348443,
mcs70_b03_s30.A07,mcs70_b03_s30.B07,ll_lum,25,36,253669,0.0325845,0,30,209735,0.026351,157134,157134,0,100484,
mcs70_b03_s30.A08,mcs70_b03_s30.B08,ll_lum,25,35,62165,0.00857897,0,30,75,3.1698e-05,39003,39003,0,24253,
mcs70_b03_s30.A09,mcs70_b03_s30.B09,ll_lum,24,35,381884,0.0476712,0,30,83198,0.00958427,243697,243697,0,154367,
mcs70_b03_s35.A00,mcs70_b03_s35.B00,ll_lum,29,41,6532578,0.835984,0,35,6075037,0.775163,4403770,4403770,0,2999448,
mcs70_b03_s35.A01,mcs70_b03_s35.B01,ll_lum,30,41,3573294,0.437035,0,35,3445486,0.420319,2440569,2440569,0,1612383,
mcs70_b03_s35.A02,mcs70_b03_s35.B02,ll_lum,28,40,20853601,2.6762,0,35,19081136,2.43837,14872143,14872143,0,11084625,
mcs70_b03_s35.A03,mcs70_b03_s35.B03,ll_lum,30,42,15924442,1.97175,0,35,15804351,1.9553,10274729,10274729,0,6620439,
mcs70_b03_s35.A04,mcs70_b03_s35.B04,ll_lum,30,40,2935956,0.547182,0,35,2819281,0.523111,1885806,1885806,0,1191063,
mcs70_b03_s35.A05,mcs70_b03_s35.B05,ll_lum,28,38,6607402,1.32298,0,35,2870706,0.552824,4638214,4638214,0,3392177,
mcs70_b03_s35.A06,mcs70_b03_s35.B06,ll_lum,28,31,7401144,1.33872,0,35,390261,0.067035,4678153,4678153,0,2674966,
mcs70_b03_s35.A07,mcs70_b03_s35.B07,ll_lum,28,40,10114499,1.29048,0,35,2753560,0.334547,6687556,6687556,0,4353498,
mcs70_b03_s35.A08,mcs70_b03_s35.B08,ll_lum,29,40,5047987,0.596466,0,35,4197327,0.484351,3407115,3407115,0,2237040,
mcs70_b03_s35.A09,mcs70_b03_s35.B09,ll_lum,29,33,2471980,0.307244,0,35,1903164,0.230054,1687714,1687714,0,1234223,
mcs70_b03_s40.A00,mcs70_b03_s40.B00,ll_lum,34,47,4849923,0.621975,0,40,4027788,0.502941,3116981,3116981,0,1925518,
mcs70_b03_s40.A01,mcs70_b03_s40.B01,ll_lum,33,46,7677525,1.04849,0,40,2017179,0.253339,5039716,5039716,0,3307518,
mcs70_b03_s40.A02,mcs70_b03_s40.B02,ll_lum,33,46,53729874,7.15071,0,40,50766752,6.73242,35340629,35340629,0,23160566,
mcs70_b03_s40.A03,mcs70_b03_s40.B03,ll_lum,33,37,29366291,3.798,0,40,25566582,3.29696,19607358,19607358,0,12312628,
mcs70_b03_s40.A04,mcs70_b03_s40.B04,ll_lum,33,38,78230747,9.5764,0,40,75829753,9.23898,51929312,51929312,0,33096492,
mcs70_b03_s40.A05,mcs70_b03_s40.B05,ll_lum,32,42,40884124,5.499,0,40,8270731,1.04256,27592125,27592125,0,18403037,
mcs70_b03_s40.A06,mcs70_b03_s40.B06,ll_lum,33,38,10832596,1.4597,0,40,4703444,0.600077,7319491,7319491,0,4890603,
mcs70_b03_s40.A07,mcs70_b03_s40.B07,ll_lum,33,46,10094435,1.3344,0,40,6110850,0.764801,6782907,6782907,0,4542554,
mcs70_b03_s40.A08,mcs70_b03_s40.B08,ll_lum,32,45,44061990,6.24072,0,40,15108459,2.07124,30640710,30640710,0,20856084,
mcs70_b03_s40.A09,mcs70_b03_s40.B09,ll_lum,32,34,67827916,9.53697,0,40,32645194,4.35472,46675806,46675806,0,31536643,
mcs70_b03_s50.A00,mcs70_b03_s50.B00,ll_lum,41,50,1530277546,208.452,0,50,1005924350,133.396,1004538101,1004538101,0,619612445,
mcs70_b03_s50.A01,mcs70_b03_s50.B01,ll_lum,40,47,7325521894,1000.01,1,50,5103790388,679.854,4925252666,4925252666,0,3296910496,
mcs70_b03_s50.A02,mcs70_b03_s50.B02,ll_lum,41,46,626929224,89.2348,0,50,195235162,27.7313,409823979,409823979,0,265896118,
mcs70_b03_s50.A03,mcs70_b03_s50.B03,ll_lum,40,56,2765804273,377.131,0,50,1275171993,169.724,1825917592,1825917592,0,1140933310,
mcs70_b03_s50.A04,mcs70_b03_s50.B04,ll_lum,41,52,456230870,113.277,0,50,96962980,19.2879,296910783,296910783,0,179754819,
mcs70_b03_s50.A05,mcs70_b03_s50.B05,ll_lum,40,54,4191832214,1000.02,1,50,2099526734,500.543,2804599580,2804599580,0,1785136544,
mcs70_b03_s50.A06,mcs70_b03_s50.B06,ll_lum,39,37,4031277765,1000.02,1,50,56842446,11.1227,2682740994,2682740994,0,1806389195,
mcs70_b03_s50.A07,mcs70_b03_s50.B07,ll_lum,39,38,4167511558,1000.02,1,50,927804498,220.76,2772743594,2772743594,0,1827142338,
mcs70_b03_s50.A08,mcs70_b03_s50.B08,ll_lum,41,58,1756032961,266.512,0,50,1581250346,238.327,1152056467,1152056467,0,752708652,
mcs70_b03_s50.A09,mcs70_b03_s50.B09,ll_lum,39,53,7293925510,1000.01,1,50,877309894,115.011,4834602601,4834602601,0,3241861688,
mcs70_b03_s60.A00,mcs70_b03_s60.B00,ll_lum,46,46,7094786016,1000.02,1,60,3625833,0.450778,4758602057,4758602057,0,3142481567,
mcs70_b03_s60.A01,mcs70_b03_s60.B01,ll_lum,47,54,7156868148,1000.02,1,60,7124998859,995.555,4768567099,4768567099,0,2952321725,
mcs70_b03_s60.A02,mcs70_b03_s60.B02,ll_lum,48,56,7122946657,1000.02,1,60,2482417100,339.863,4834476313,4834476313,0,3172821928,
mcs70_b03_s60.A03,mcs70_b03_s60.B03,ll_lum,48,58,6861707430,1000.02,1,60,2836,0.000382385,4542063818,4542063818,0,2984928320,
mcs70_b03_s60.A04,mcs70_b03_s60.B04,ll_lum,48,60,6974301202,1000.02,1,60,1068994326,147.203,4677123765,4677123765,0,3064212742,
mcs70_b03_s60.A05,mcs70_b03_s60.B05,ll_lum,47,51,7318269800,1000.02,1,60,9248023,1.08759,4876727495,4876727495,0,3117940807,
mcs70_b03_s60.A06,mcs70_b03_s60.B06,ll_lum,46,52,7374252234,1000.01,1,60,1356643906,175.699,4972041113,4972041113,0,3148847811,
mcs70_b03_s60.A07,mcs70_b03_s60.B07,ll_lum,46,46,7136573453,1000.01,1,60,427926102,56.5066,4964759042,4964759042,0,3386175632,
mcs70_b03_s60.A08,mcs70_b03_s60.B08,ll_lum,45,46,7527303585,1000.02,1,60,3895042689,501.517,5072764190,5072764190,0,3275303964,
mcs70_b03_s60.A09,mcs70_b03_s60.B09,ll_lum,47,55,6674445722,1000.01,1,60,538511447,74.6387,4551407251,4551407251,0,3078280041,
mcs70_b03_s70.A00,mcs70_b03_s70.B00,ll_lum,53,62,7122020812,1000.01,1,70,7012554,0.786695,4846674499,4846674499,0,3112469656,
mcs70_b03_s70.A01,mcs70_b03_s70.B01,ll_lum,51,51,7343204811,1000.02,1,70,6832331149,928.82,5004450790,5004450790,0,3403422921,
mcs70_b03_s70.A02,mcs70_b03_s70.B02,ll_lum,53,57,7526658261,1000.02,1,70,4720882544,613.633,5119247468,5119247468,0,3176140358,
mcs70_b03_s70.A03,mcs70_b03_s70.B03,ll_lum,56,70,6665658663,1000.02,1,70,2054572,0.270126,4564262921,4564262921,0,3077792416,
mcs70_b03_s70.A04,mcs70_b03_s70.B04,ll_lum,53,56,6888776731,1000.02,1,70,323029311,42.7944,4783499581,4783499581,0,3202590800,
mcs70_b03_s70.A05,mcs70_b03_s70.B05,ll_lum,56,65,6825396274,1000.02,1,70,6426064793,940.519,4585849411,4585849411,0,2975472422,
mcs70_b03_s70.A06,mcs70_b03_s70.B06,ll_lum,53,60,6682599136,1000.01,1,70,154188199,21.4896,4495444845,4495444845,0,2809278039,
mcs70_b03_s70.A07,mcs70_b03_s70.B07,ll_lum,53,54,6890568627,1000.01,1,70,290999185,40.0913,4686348033,4686348033,0,3099834073,
mcs70_b03_s70.A08,mcs70_b03_s70.B08,ll_lum,51,49,7513800924,1000.02,1,70,6705652756,885.636,5130554931,5130554931,0,3201575213,
mcs70_b03_s70.A09,mcs70_b03_s70.B09,ll_lum,53,55,7375841672,1000.01,1,70,6942663515,938.721,4981453126,4981453126,0,3269387482,
mcs70_b03_s80.A00,mcs70_b03_s80.B00,ll_lum,60,60,7694459039,1000.02,1,80,2238587858,287.854,4670726647,4670726647,0,2353807401,
mcs70_b03_s80.A01,mcs70_b03_s80.B01,ll_lum,59,57,4266234662,1000.02,1,80,1853351843,420.148,2895314606,2895314606,0,1795410432,
mcs70_b03_s80.A02,mcs70_b03_s80.B02,ll_lum,59,68,7422818899,1000.01,1,80,2152911746,283.973,5112561118,5112561118,0,3346432977,
mcs70_b03_s80.A03,mcs70_b03_s80.B03,ll_lum,59,63,7153250814,1000.02,1,80,27295795,3.26549,4875276441,4875276441,0,3166101490,
mcs70_b03_s80.A04,mcs70_b03_s80.B04,ll_lum,59,60,7111394420,1000.02,1,80,224193694,29.9975,4821939416,4821939416,0,3130486476,
mcs70_b03_s80.A05,mcs70_b03_s80.B05,ll_lum,58,59,4420190080,1000.01,1,80,4007121289,905.499,3076525529,3076525529,0,2023106121,
mcs70_b03_s80.A06,mcs70_b03_s80.B06,ll_lum,60,60,7030870903,1000.01,1,80,1348611747,178.904,4835399249,4835399249,0,3262475754,
mcs70_b03_s80.A07,mcs70_b03_s80.B07,ll_lum,59,57,7423549547,1000.02,1,80,477912,0.0515185,5089638014,5089638014,0,3281598326,
mcs70_b03_s80.A08,mcs70_b03_s80.B08,ll_lum,59,57,6746588185,1000.02,1,80,2258589611,323.776,4686280334,4686280334,0,3115488644,
mcs70_b03_s80.A09,mcs70_b03_s80.B09,ll_lum,57,54,7521513906,1000.02,1,80,5410478678,708.394,5205264295,5205264295,0,3448008907,
mcs70_b03_s90.A00,mcs70_b03_s90.B00,ll_lum,69,73,7157325401,1000.01,1,90,460085840,57.4261,4946433320,4946433320,0,3200762032,
mcs70_b03_s90.A01,mcs70_b03_s90.B01,ll_lum,70,83,6941230450,1000.02,1,90,116571764,14.5566,4689843541,4689843541,0,2892739383,
mcs70_b03_s90.A02,mcs70_b03_s90.B02,ll_lum,68,67,7121632234,1000.02,1,90,490708079,63.4967,4885864701,4885864701,0,3271602692,
mcs70_b03_s90.A03,mcs70_b03_s90.B03,ll_lum,65,64,7406101140,1000.01,1,90,1394321710,178.058,5183289185,5183289185,0,3364698090,
mcs70_b03_s90.A04,mcs70_b03_s90.B04,ll_lum,68,83,7210660868,1000.02,1,90,2911820493,394.201,4888682951,4888682951,0,3108465424,
mcs70_b03_s90.A05,mcs70_b03_s90.B05,ll_lum,66,68,6550653629,1000.02,1,90,1014637424,141.617,4574191986,4574191986,0,3253230240,
mcs70_b03_s90.A06,mcs70_b03_s90.B06,ll_lum,65,69,7380983382,1000.01,1,90,282600959,36.1099,4876262873,4876262873,0,2905365652,
mcs70_b03_s90.A07,mcs70_b03_s90.B07,ll_lum,71,83,6687965338,1000.01,1,90,1086088202,152.19,4485854362,4485854362,0,2903545757,
mcs70_b03_s90.A08,mcs70_b03_s90.B08,ll_lum,64,75,7225479471,1000.01,1,90,1848084,0.192164,5087380176,5087380176,0,3391030032,
mcs70_b03_s90.A09,mcs70_b03_s90.B09,ll_lum,67,67,7172754065,1000.01,1,90,811213200,109.509,4964789894,4964789894,0,3203105841,
mcs70_b03m_s10.A00,mcs70_b03m_s10.B00,ll_lum,8,9,309,7.3321e-05,0,10,209,3.3631e-05,203,203,0,139,
mcs70_b03m_s10.A01,mcs70_b03m_s10.B01,ll_lum,7,8,537,9.0687e-05,0,10,31,8.913e-06,357,357,0,251,
mcs70_b03m_s10.A02,mcs70_b03m_s10.B02,ll_lum,8,10,262,6.1953e-05,0,10,185,2.9715e-05,175,175,0,118,
mcs70_b03m_s10.A03,mcs70_b03m_s10.B03,ll_lum,7,10,312,6.639e-05,0,10,8,5.939e-06,207,207,0,152,
mcs70_b03m_s10.A04,mcs70_b03m_s10.B04,ll_lum,8,10,236,9.6526e-05,0,10,160,4.2124e-05,162,162,0,109,
mcs70_b03m_s10.A05,mcs70_b03m_s10.B05,ll_lum,8,8,213,5.8488e-05,0,10,8,6.109e-06,145,145,0,97,
mcs70_b03m_s10.A06,mcs70_b03m_s10.B06,ll_lum,8,8,266,6.2264e-05,0,10,213,3.4362e-05,176,176,0,128,
mcs70_b03m_s10.A07,mcs70_b03m_s10.B07,ll_lum,7,8,338,7.7728e-05,0,10,7,5.639e-06,239,239,0,186,
mcs70_b03m_s10.A08,mcs70_b03m_s10.B08,ll_lum,8,9,124,4.9925e-05,0,10,14,7.402e-06,88,88,0,61,
mcs70_b03m_s10.A09,mcs70_b03m_s10.B09,ll_lum,8,9,133,5.0005e-05,0,10,86,1.7847e-05,92,92,0,71,
mcs70_b03m_s100.A00,mcs70_b03m_s100.B00,ll_lum,73,69,7288038156,1000.01,1,100,1949770417,248.687,5234649142,5234649142,0,3599640052,
mcs70_b03m_s100.A01,mcs70_b03m_s100.B01,ll_lum,72,63,7182641530,1000.02,1,100,6064651802,830.8,5310789104,5310789104,0,3942012022,
mcs70_b03m_s100.A02,mcs70_b03m_s100.B02,ll_lum,73,66,6706602379,1000.02,1,100,819381735,114.703,4778506191,4778506191,0,3237231219,
mcs70_b03m_s100.A03,mcs70_b03m_s100.B03,ll_lum,70,59,7194937222,1000.02,1,100,4607229306,630.978,5209192967,5209192967,0,3807215751,
mcs70_b03m_s100.A04,mcs70_b03m_s100.B04,ll_lum,64,55,20993705653,1000.02,1,100,605380016,22.8167,16855479373,16855479373,0,12717253393,
mcs70_b03m_s100.A05,mcs70_b03m_s100.B05,ll_lum,70,59,5262971071,1000.01,1,100,3986718624,759.148,3900938218,3900938218,0,2913294729,
mcs70_b03m_s100.A06,mcs70_b03m_s100.B06,ll_lum,66,55,13051709425,1000.02,1,100,11585031215,778.794,10678592875,10678592875,0,8448523364,
mcs70_b03m_s100.A07,mcs70_b03m_s100.B07,ll_lum,69,60,8153549139,1000.02,1,100,5966924219,695.204,6077524558,6077524558,0,4475831073,
mcs70_b03m_s100.A08,mcs70_b03m_s100.B08,ll_lum,71,60,7526200136,1000.02,1,100,1433210238,179.886,5066658424,5066658424,0,3541632484,
mcs70_b03m_s100.A09,mcs70_b03m_s100.B09,ll_lum,69,63,6891671765,1000.01,1,100,296729,0.0334798,5131070763,5131070763,0,3846324406,
mcs70_b03m_s15.A00,mcs70_b03m_s15.B00,ll_lum,13,18,535,0.00012681,0,15,403,6.7582e-05,370,370,0,256,
mcs70_b03m_s15.A01,mcs70_b03m_s15.B01,ll_lum,12,9,3052,0.000401585,0,15,1974,0.000227612,1965,1965,0,1430,
mcs70_b03m_s15.A02,mcs70_b03m_s15.B02,ll_lum,12,11,1560,0.000229625,0,15,823,0.000106871,1009,1009,0,673,
mcs70_b03m_s15.A03,mcs70_b03m_s15.B03,ll_lum,12,17,818,0.000157968,0,15,12,9.544e-06,552,552,0,427,
mcs70_b03m_s15.A04,mcs70_b03m_s15.B04,ll_lum,12,9,2564,0.000330014,0,15,2255,0.000266169,1643,1643,0,1064,
mcs70_b03m_s15.A05,mcs70_b03m_s15.B05,ll_lum,12,10,2892,0.000398139,0,15,2547,0.000324629,1856,1856,0,1297,
mcs70_b03m_s15.A06,mcs70_b03m_s15.B06,ll_lum,12,13,922,0.000156054,0,15,96,1.9319e-05,608,608,0,391,
mcs70_b03m_s15.A07,mcs70_b03m_s15.B07,ll_lum,11,15,5096,0.000615045,0,15,266,4.0191e-05,3458,3458,0,2253,
mcs70_b03m_s15.A08,mcs70_b03m_s15.B08,ll_lum,12,12,1390,0.000231278,0,15,130,2.5068e-05,943,943,0,674,
mcs70_b03m_s15.A09,mcs70_b03m_s15.B09,ll_lum,12,13,1099,0.000195924,0,15,122,2.4396e-05,713,713,0,457,
mcs70_b03m_s20.A00,mcs70_b03m_s20.B00,ll_lum,15,12,63889,0.00765185,0,20,40341,0.00479002,42481,42481,0,29931,
mcs70_b03m_s20.A01,mcs70_b03m_s20.B01,ll_lum,16,17,24923,0.00317522,0,20,17571,0.00219477,15492,15492,0,10498,
mcs70_b03m_s20.A02,mcs70_b03m_s20.B02,ll_lum,15,16,65718,0.00771891,0,20,19431,0.00206381,40589,40589,0,26402,
mcs70_b03m_s20.A03,mcs70_b03m_s20.B03,ll_lum,16,19,23956,0.00294259,0,20,22337,0.00269338,15307,15307,0,9811,
mcs70_b03m_s20.A04,mcs70_b03m_s20.B04,ll_lum,16,15,9583,0.00122912,0,20,2010,0.000250477,6152,6152,0,4274,
mcs70_b03m_s20.A05,mcs70_b03m_s20.B05,ll_lum,16,20,17668,0.00208323,0,20,8004,0.000908056,11952,11952,0,8207,
mcs70_b03m_s20.A06,mcs70_b03m_s20.B06,ll_lum,15,22,23013,0.0026739,0,20,611,8.7622e-05,15168,15168,0,10152,
mcs70_b03m_s20.A07,mcs70_b03m_s20.B07,ll_lum,15,15,20923,0.00233282,0,20,65,1.8248e-05,13094,13094,0,7985,
mcs70_b03m_s20.A08,mcs70_b03m_s20.B08,ll_lum,16,18,30092,0.00363858,0,20,28953,0.00346119,18688,18688,0,12218,
mcs70_b03m_s20.A09,mcs70_b03m_s20.B09,ll_lum,16,23,23878,0.00265728,0,20,18691,0.0020191,15622,15622,0,11005,
mcs70_b03m_s25.A00,mcs70_b03m_s25.B00,ll_lum,19,17,171301,0.0216189,0,25,442,6.2915e-05,112377,112377,0,78518,
mcs70_b03m_s25.A01,mcs70_b03m_s25.B01,ll_lum,19,17,373899,0.0455411,0,25,182750,0.0212453,243967,243967,0,170566,
mcs70_b03m_s25.A02,mcs70_b03m_s25.B02,ll_lum,19,15,215472,0.0260225,0,25,13682,0.00164919,140317,140317,0,93638,
mcs70_b03m_s25.A03,mcs70_b03m_s25.B03,ll_lum,19,20,368094,0.0441361,0,25,3182,0.00036533,243526,243526,0,167017,
mcs70_b03m_s25.A04,mcs70_b03m_s25.B04,ll_lum,20,18,269811,0.0335613,0,25,265818,0.0330026,179966,179966,0,130991,
mcs70_b03m_s25.A05,mcs70_b03m_s25.B05,ll_lum,19,23,204014,0.0385155,0,25,9670,0.00147354,134813,134813,0,92958,
mcs70_b03m_s25.A06,mcs70_b03m_s25.B06,ll_lum,19,19,221982,0.0300087,0,25,40733,0.00512909,147589,147589,0,106465,
mcs70_b03m_s25.A07,mcs70_b03m_s25.B07,ll_lum,19,15,492123,0.0556245,0,25,161475,0.0164663,340735,340735,0,247195,
mcs70_b03m_s25.A08,mcs70_b03m_s25.B08,ll_lum,20,17,85748,0.0107534,0,25,70584,0.00876934,56454,56454,0,39476,
mcs70_b03m_s25.A09,mcs70_b03m_s25.B09,ll_lum,19,17,560688,0.0652422,0,25,271905,0.0312899,384101,384101,0,273051,
mcs70_b03m_s30.A00,mcs70_b03m_s30.B00,ll_lum,23,19,3912433,0.468661,0,30,506989,0.0552351,2650956,2650956,0,1810975,
mcs70_b03m_s30.A01,mcs70_b03m_s30.B01,ll_lum,23,21,1615160,0.211731,0,30,22698,0.00240925,1108673,1108673,0,792503,
mcs70_b03m_s30.A02,mcs70_b03m_s30.B02,ll_lum,23,22,2276610,0.28727,0,30,20322,0.00228254,1435414,1435414,0,894045,
mcs70_b03m_s30.A03,mcs70_b03m_s30.B03,ll_lum,23,19,2254848,0.248377,0,30,993520,0.0987747,1558099,1558099,0,1076455,
mcs70_b03m_s30.A04,mcs70_b03m_s30.B04,ll_lum,23,20,2447827,0.290297,0,30,339586,0.0396266,1699619,1699619,0,1121699,
mcs70_b03m_s30.A05,mcs70_b03m_s30.B05,ll_lum,23,18,1987689,0.341768,0,30,810004,0.136156,1314375,1314375,0,916044,
mcs70_b03m_s30.A06,mcs70_b03m_s30.B06,ll_lum,23,23,2135751,0.281271,0,30,3046,0.000399913,1511564,1511564,0,1060616,
mcs70_b03m_s30.A07,mcs70_b03m_s30.B07,ll_lum,24,32,592679,0.0772162,0,30,359234,0.0466176,375463,375463,0,248074,
mcs70_b03m_s30.A08,mcs70_b03m_s30.B08,ll_lum,23,21,6013135,0.669562,0,30,3635405,0.385238,4150440,4150440,0,2831775,
mcs70_b03m_s30.A09,mcs70_b03m_s30.B09,ll_lum,23,17,3295019,0.378494,0,30,2110576,0.237179,2324505,2324505,0,1616832,
mcs70_b03m_s35.A00,mcs70_b03m_s35.B00,ll_lum,27,24,10341932,1.38759,0,35,1164598,0.138547,7214646,7214646,0,5243723,
mcs70_b03m_s35.A01,mcs70_b03m_s35.B01,ll_lum,27,34,12686252,1.69562,0,35,3276833,0.409725,8582061,8582061,0,6140815,
mcs70_b03m_s35.A02,mcs70_b03m_s35.B02,ll_lum,27,25,14052834,1.82636,0,35,1545833,0.196981,9411072,9411072,0,6387770,
mcs70_b03m_s35.A03,mcs70_b03m_s35.B03,ll_lum,27,30,26454410,3.20554,0,35,8656197,0.987854,18386760,18386760,0,12607746,
mcs70_b03m_s35.A04,mcs70_b03m_s35.B04,ll_lum,27,38,13680657,1.73679,0,35,6714,0.000801645,9662710,9662710,0,6820392,
mcs70_b03m_s35.A05,mcs70_b03m_s35.B05,ll_lum,28,29,3553427,0.466166,0,35,2823505,0.366698,2348961,2348961,0,1565839,
mcs70_b03m_s35.A06,mcs70_b03m_s35.B06,ll_lum,27,22,15579333,1.96811,0,35,4028864,0.440541,10655563,10655563,0,7308526,
mcs70_b03m_s35.A07,mcs70_b03m_s35.B07,ll_lum,28,29,25279476,3.04925,0,35,22838516,2.73579,17180516,17180516,0,11468796,
mcs70_b03m_s35.A08,mcs70_b03m_s35.B08,ll_lum,27,26,40293258,7.32302,0,35,28053692,5.26124,29456228,29456228,0,21987054,
mcs70_b03m_s35.A09,mcs70_b03m_s35.B09,ll_lum,27,26,9883857,1.3705,0,35,33232,0.00380576,6790277,6790277,0,4661568,
mcs70_b03m_s40.A00,mcs70_b03m_s40.B00,ll_lum,32,41,63708288,8.11671,0,40,52188203,6.48804,43086179,43086179,0,29128373,
mcs70_b03m_s40.A01,mcs70_b03m_s40.B01,ll_lum,31,28,123418360,16.7928,0,40,55125611,7.42011,83107343,83107343,0,58031960,
mcs70_b03m_s40.A02,mcs70_b03m_s40.B02,ll_lum,31,24,183337946,23.6295,0,40,69782566,8.93154,127332521,127332521,0,87707298,
mcs70_b03m_s40.A03,mcs70_b03m_s40.B03,ll_lum,32,29,103195053,13.5311,0,40,83598012,10.919,68115423,68115423,0,44683376,
mcs70_b03m_s40.A04,mcs70_b03m_s40.B04,ll_lum,31,24,58544658,8.10738,0,40,11631982,1.5671,42097851,42097851,0,31417588,
mcs70_b03m_s40.A05,mcs70_b03m_s40.B05,ll_lum,32,27,78012151,10.1745,0,40,76764057,10.009,52277389,52277389,0,34937707,
mcs70_b03m_s40.A06,mcs70_b03m_s40.B06,ll_lum,31,29,118547691,15.1799,0,40,4339430,0.536784,78940191,78940191,0,49927140,
mcs70_b03m_s40.A07,mcs70_b03m_s40.B07,ll_lum,32,45,11219778,1.50209,0,40,33,3.0837e-05,7606848,7606848,0,5081127,
mcs70_b03m_s40.A08,mcs70_b03m_s40.B08,ll_lum,32,40,168239552,22.1384,0,40,164442154,21.6396,112849705,112849705,0,77333275,
mcs70_b03m_s40.A09,mcs70_b03m_s40.B09,ll_lum,31,31,115091429,14.9142,0,40,4970455,0.584588,77536437,77536437,0,51436719,
mcs70_b03m_s50.A00,mcs70_b03m_s50.B00,ll_lum,39,35,7058248490,1000.01,1,50,749771842,103.869,4935469559,4935469559,0,3482398731,
mcs70_b03m_s50.A01,mcs70_b03m_s50.B01,ll_lum,38,35,5368614342,1000.02,1,50,41194615,7.48171,3757943535,3757943535,0,2566245182,
mcs70_b03m_s50.A02,mcs70_b03m_s50.B02,ll_lum,38,34,5184977287,1000.02,1,50,1179141034,220.731,3612497746,3612497746,0,2577083120,
mcs70_b03m_s50.A03,mcs70_b03m_s50.B03,ll_lum,37,35,6825293972,1000.01,1,50,4584932,0.585704,4858722538,4858722538,0,3496797413,
mcs70_b03m_s50.A04,mcs70_b03m_s50.B04,ll_lum,38,52,6828549292,1000.01,1,50,1108205,0.162395,4730188351,4730188351,0,3269067119,
mcs70_b03m_s50.A05,mcs70_b03m_s50.B05,ll_lum,39,34,7372284388,1000.01,1,50,6140554963,827.346,5115456757,5115456757,0,3585148926,
mcs70_b03m_s50.A06,mcs70_b03m_s50.B06,ll_lum,39,38,7613620238,1000.02,1,50,6636807645,864.13,5204235519,5204235519,0,3341746967,
mcs70_b03m_s50.A07,mcs70_b03m_s50.B07,ll_lum,38,37,7147164577,1000.02,1,50,233137927,30.9668,4920091672,4920091672,0,3508648512,
mcs70_b03m_s50.A08,mcs70_b03m_s50.B08,ll_lum,38,35,7188018512,1000.01,1,50,1240399661,164.569,5055502120,5055502120,0,3578194012,
mcs70_b03m_s50.A09,mcs70_b03m_s50.B09,ll_lum,39,34,7011232455,1000,1,50,3957864106,561.06,4810073076,4810073076,0,3331042655,
mcs70_b03m_s60.A00,mcs70_b03m_s60.B00,ll_lum,44,41,7181653616,1000.02,1,60,35310164,4.56786,5002088340,5002088340,0,3581399211,
mcs70_b03m_s60.A01,mcs70_b03m_s60.B01,ll_lum,50,64,854409003,133.656,0,60,6811700,0.744989,599947949,599947949,0,413684262,
mcs70_b03m_s60.A02,mcs70_b03m_s60.B02,ll_lum,47,60,6831710210,1000.02,1,60,579686732,69.9808,4721622763,4721622763,0,3374535222,
mcs70_b03m_s60.A03,mcs70_b03m_s60.B03,ll_lum,45,39,7352376415,1000.01,1,60,253441453,33.686,4990125044,4990125044,0,3284402811,
mcs70_b03m_s60.A04,mcs70_b03m_s60.B04,ll_lum,45,35,7622982204,1000.02,1,60,1565607703,175.46,5157159513,5157159513,0,3439456034,
mcs70_b03m_s60.A05,mcs70_b03m_s60.B05,ll_lum,45,42,7532127744,1000.01,1,60,3982278018,510.494,5165467717,5165467717,0,3597365610,
mcs70_b03m_s60.A06,mcs70_b03m_s60.B06,ll_lum,44,40,7535428838,1000.02,1,60,3572737548,460.606,5507360099,5507360099,0,4111663503,
mcs70_b03m_s60.A07,mcs70_b03m_s60.B07,ll_lum,45,40,7385933578,1000.02,1,60,306276401,40.3479,4841903570,4841903570,0,3201377449,
mcs70_b03m_s60.A08,mcs70_b03m_s60.B08,ll_lum,48,60,6302622268,1000.02,1,60,1187516476,167.858,4409229747,4409229747,0,3178338090,
mcs70_b03m_s60.A09,mcs70_b03m_s60.B09,ll_lum,48,66,6480102787,1000.02,1,60,384006086,51.1704,4312136153,4312136153,0,2887046484,
mcs70_b03m_s70.A00,mcs70_b03m_s70.B00,ll_lum,52,48,7368416274,1000.02,1,70,679536656,87.417,5102166850,5102166850,0,3435092488,
mcs70_b03m_s70.A01,mcs70_b03m_s70.B01,ll_lum,52,44,6970473742,1000.02,1,70,4347906492,606.685,4897811457,4897811457,0,3606783781,
mcs70_b03m_s70.A02,mcs70_b03m_s70.B02,ll_lum,50,43,8018753360,1000.02,1,70,247388700,29.0613,5254133220,5254133220,0,3482134663,
mcs70_b03m_s70.A03,mcs70_b03m_s70.B03,ll_lum,43,33,18954654281,1000.02,1,70,1006067856,41.5353,16334340560,16334340560,0,13796972151,
mcs70_b03m_s70.A04,mcs70_b03m_s70.B04,ll_lum,57,68,6014143328,1000.02,1,70,403702875,60.5633,4164962703,4164962703,0,3053084340,
mcs70_b03m_s70.A05,mcs70_b03m_s70.B05,ll_lum,53,43,6801286522,1000.02,1,70,3109487688,452.298,4696438654,4696438654,0,3310558469,
mcs70_b03m_s70.A06,mcs70_b03m_s70.B06,ll_lum,52,42,7051553872,1000.02,1,70,2902730384,408.783,4928478851,4928478851,0,3593644351,
mcs70_b03m_s70.A07,mcs70_b03m_s70.B07,ll_lum,53,47,7180908073,1000.02,1,70,4139331980,561.052,4710829206,4710829206,0,3184523995,
mcs70_b03m_s70.A08,mcs70_b03m_s70.B08,ll_lum,51,46,7180134174,1000.01,1,70,7061210119,983.422,4707785180,4707785180,0,3098648657,
mcs70_b03m_s70.A09,mcs70_b03m_s70.B09,ll_lum,51,43,7230828086,1000.02,1,70,1044558685,141.062,5154829188,5154829188,0,3587498052,
mcs70_b03m_s80.A00,mcs70_b03m_s80.B00,ll_lum,60,50,7021698505,1000.02,1,80,244280278,31.1293,4514244975,4514244975,0,2992234623,
mcs70_b03m_s80.A01,mcs70_b03m_s80.B01,ll_lum,57,51,6839470892,1000.02,1,80,16457825,2.38936,4615360756,4615360756,0,3145929122,
mcs70_b03m_s80.A02,mcs70_b03m_s80.B02,ll_lum,57,49,6617934713,1000.01,1,80,5344409918,777.357,4873680305,4873680305,0,3636103220,
mcs70_b03m_s80.A03,mcs70_b03m_s80.B03,ll_lum,58,51,7604618215,1000.02,1,80,3544580164,455.672,4915183113,4915183113,0,3278805236,
mcs70_b03m_s80.A04,mcs70_b03m_s80.B04,ll_lum,58,50,8721420425,1000.01,1,80,1537238029,102.58,6001563088,6001563088,0,4223139626,
mcs70_b03m_s80.A05,mcs70_b03m_s80.B05,ll_lum,57,51,5978100265,1000.02,1,80,1719355456,286.313,4300043637,4300043637,0,3115489187,
mcs70_b03m_s80.A06,mcs70_b03m_s80.B06,ll_lum,59,53,6599034374,1000.02,1,80,5280127742,794.291,4353207098,4353207098,0,2849680221,
mcs70_b03m_s80.A07,mcs70_b03m_s80.B07,ll_lum,56,45,7075362288,1000.02,1,80,434996146,32.96,5178178241,5178178241,0,3846633914,
mcs70_b03m_s80.A08,mcs70_b03m_s80.B08,ll_lum,57,48,12306959122,1000.01,1,80,12132782635,977.379,10328698006,10328698006,0,8529240707,
mcs70_b03m_s80.A09,mcs70_b03m_s80.B09,ll_lum,59,53,7440124744,1000.01,1,80,6492884302,871.671,5303988192,5303988192,0,3749238301,
mcs70_b03m_s90.A00,mcs70_b03m_s90.B00,ll_lum,64,55,6989960707,1000.01,1,90,580670485,76.6573,5000031656,5000031656,0,3537377879,
mcs70_b03m_s90.A01,mcs70_b03m_s90.B01,ll_lum,67,61,6905886871,1000.02,1,90,2840944055,405.697,4723022675,4723022675,0,3362711831,
mcs70_b03m_s90.A02,mcs70_b03m_s90.B02,ll_lum,65,59,7687923786,1000.02,1,90,7593148529,985.738,5626235183,5626235183,0,4130785128,
mcs70_b03m_s90.A03,mcs70_b03m_s90.B03,ll_lum,69,85,6647781265,1000.01,1,90,979753113,132.107,4569136022,4569136022,0,3167506087,
mcs70_b03m_s90.A04,mcs70_b03m_s90.B04,ll_lum,66,71,6994011513,1000.02,1,90,299019755,39.2182,5028149302,5028149302,0,3538553952,
mcs70_b03m_s90.A05,mcs70_b03m_s90.B05,ll_lum,64,54,7679104370,1000.02,1,90,606273796,48.7742,5364288490,5364288490,0,3602143885,
mcs70_b03m_s90.A06,mcs70_b03m_s90.B06,ll_lum,65,58,8106596614,1000.01,1,90,629653754,44.4125,5550474338,5550474338,0,3920797700,
mcs70_b03m_s90.A07,mcs70_b03m_s90.B07,ll_lum,64,53,7661557328,1000.02,1,90,474737632,46.1331,5172884225,5172884225,0,3588261323,
mcs70_b03m_s90.A08,mcs70_b03m_s90.B08,ll_lum,62,51,8063041599,1000.02,1,90,2442838498,231.918,6133549084,6133549084,0,4722531495,
mcs70_b03m_s90.A09,mcs70_b03m_s90.B09,ll_lum,64,56,6708220365,1000.02,1,90,233470915,28.6244,4819922282,4819922282,0,3505337451,
mcs70_b06_s10.A00,mcs70_b06_s10.B00,ll_lum,8,19,108,4.2013e-05,0,10,9,5.178e-06,75,75,0,47,
mcs70_b06_s10.A01,mcs70_b06_s10.B01,ll_lum,9,26,42,3.5183e-05,0,10,10,5.578e-06,28,28,0,12,
mcs70_b06_s10.A02,mcs70_b06_s10.B02,ll_lum,8,22,79,4.2474e-05,0,10,9,7.141e-06,62,62,0,41,
mcs70_b06_s10.A03,mcs70_b06_s10.B03,ll_lum,7,14,458,7.4973e-05,0,10,16,6.479e-06,324,324,0,252,
mcs70_b06_s10.A04,mcs70_b06_s10.B04,ll_lum,9,25,33,3.4702e-05,0,10,10,5.899e-06,24,24,0,11,
mcs70_b06_s10.A05,mcs70_b06_s10.B05,ll_lum,8,23,146,4.7972e-05,0,10,9,5.618e-06,105,105,0,64,
mcs70_b06_s10.A06,mcs70_b06_s10.B06,ll_lum,8,24,86,3.994e-05,0,10,9,5.007e-06,62,62,0,42,
mcs70_b06_s10.A07,mcs70_b06_s10.B07,ll_lum,8,23,209,5.2619e-05,0,10,84,1.271e-05,149,149,0,100,
mcs70_b06_s10.A08,mcs70_b06_s10.B08,ll_lum,7,17,376,7.1718e-05,0,10,8,5.618e-06,278,278,0,219,
mcs70_b06_s10.A09,mcs70_b06_s10.B09,ll_lum,9,27,60,3.7336e-05,0,10,29,8.193e-06,44,44,0,19,
mcs70_b06_s100.A00,mcs70_b06_s100.B00,ll_lum,51,68,8051104752,1000.02,1,100,1868114,0.179755,5397515498,5397515498,0,4224129474,
mcs70_b06_s100.A01,mcs70_b06_s100.B01,ll_lum,55,85,7358186214,1000.02,1,100,238923781,30.1923,5219822208,5219822208,0,4074222838,
mcs70_b06_s100.A02,mcs70_b06_s100.B02,ll_lum,60,122,6625111322,1000.02,1,100,5440274905,811.278,4796880267,4796880267,0,3745734541,
mcs70_b06_s100.A03,mcs70_b06_s100.B03,ll_lum,59,109,8629014288,1000.02,1,100,5832119172,671.224,5425323683,5425323683,0,3689532140,
mcs70_b06_s100.A04,mcs70_b06_s100.B04,ll_lum,53,74,6718546871,1000.01,1,100,729880575,100.119,4948504296,4948504296,0,3915649608,
mcs70_b06_s100.A05,mcs70_b06_s100.B05,ll_lum,58,89,7094133459,1000.02,1,100,1919429640,212.583,5168629693,5168629693,0,3912395915,
mcs70_b06_s100.A06,mcs70_b06_s100.B06,ll_lum,54,78,7902913283,1000.02,1,100,1772486246,190.477,5739039631,5739039631,0,4539263988,
mcs70_b06_s100.A07,mcs70_b06_s100.B07,ll_lum,69,178,5747632940,1000.02,1,100,158,9.37e-05,3760442125,3760442125,0,2671046412,
mcs70_b06_s100.A08,mcs70_b06_s100.B08,ll_lum,54,75,8086607468,1000.02,1,100,4613235885,569.586,6142700073,6142700073,0,5033949201,
mcs70_b06_s100.A09,mcs70_b06_s100.B09,ll_lum,55,102,7214894368,1000.02,1,100,4262522843,573.966,5183037394,5183037394,0,3904509600,
mcs70_b06_s15.A00,mcs70_b06_s15.B00,ll_lum,11,28,2559,0.000449136,0,15,650,0.000102474,1722,1722,0,1308,
mcs70_b06_s15.A01,mcs70_b06_s15.B01,ll_lum,12,34,1181,0.000231159,0,15,506,9.0156e-05,820,820,0,657,
mcs70_b06_s15.A02,mcs70_b06_s15.B02,ll_lum,11,28,2542,0.000456647,0,15,919,0.00015292,1759,1759,0,1450,
mcs70_b06_s15.A03,mcs70_b06_s15.B03,ll_lum,10,25,5032,0.000838053,0,15,11,7.181e-06,3377,3377,0,2658,
mcs70_b06_s15.A04,mcs70_b06_s15.B04,ll_lum,12,34,1427,0.000271669,0,15,689,0.000120181,991,991,0,757,
mcs70_b06_s15.A05,mcs70_b06_s15.B05,ll_lum,11,26,1526,0.000295505,0,15,158,3.315e-05,1079,1079,0,829,
mcs70_b06_s15.A06,mcs70_b06_s15.B06,ll_lum,11,32,4266,0.000728345,0,15,2518,0.000400182,2794,2794,0,2114,
mcs70_b06_s15.A07,mcs70_b06_s15.B07,ll_lum,11,25,2106,0.000385409,0,15,465,8.3035e-05,1464,1464,0,1166,
mcs70_b06_s15.A08,mcs70_b06_s15.B08,ll_lum,11,31,4150,0.000700094,0,15,1541,0.00025251,2744,2744,0,2161,
mcs70_b06_s15.A09,mcs70_b06_s15.B09,ll_lum,11,25,952,0.00019922,0,15,36,1.287e-05,690,690,0,560,
mcs70_b06_s20.A00,mcs70_b06_s20.B00,ll_lum,16,45,6089,0.0011584,0,20,2897,0.000547895,4060,4060,0,3166,
mcs70_b06_s20.A01,mcs70_b06_s20.B01,ll_lum,15,44,16445,0.00268317,0,20,6720,0.00106651,10451,10451,0,7720,
mcs70_b06_s20.A02,mcs70_b06_s20.B02,ll_lum,15,39,12593,0.00245787,0,20,1451,0.00022543,8377,8377,0,6625,
mcs70_b06_s20.A03,mcs70_b06_s20.B03,ll_lum,16,44,3102,0.00060376,0,20,527,0.000103466,2217,2217,0,1796,
mcs70_b06_s20.A04,mcs70_b06_s20.B04,ll_lum,15,43,18152,0.00306436,0,20,4277,0.000700884,11411,11411,0,8637,
mcs70_b06_s20.A05,mcs70_b06_s20.B05,ll_lum,15,43,12455,0.00214075,0,20,3265,0.000543998,8343,8343,0,6410,
mcs70_b06_s20.A06,mcs70_b06_s20.B06,ll_lum,15,42,13237,0.00219548,0,20,2441,0.000346702,8608,8608,0,6459,
mcs70_b06_s20.A07,mcs70_b06_s20.B07,ll_lum,15,44,16845,0.00287387,0,20,4516,0.000789819,10684,10684,0,7969,
mcs70_b06_s20.A08,mcs70_b06_s20.B08,ll_lum,14,42,33467,0.0056011,0,20,106,2.5668e-05,21357,21357,0,16361,
mcs70_b06_s20.A09,mcs70_b06_s20.B09,ll_lum,15,43,18034,0.0032491,0,20,721,0.000141704,11601,11601,0,9183,
mcs70_b06_s25.A00,mcs70_b06_s25.B00,ll_lum,19,55,69824,0.0120486,0,25,41920,0.00718039,43771,43771,0,33314,
mcs70_b06_s25.A01,mcs70_b06_s25.B01,ll_lum,19,54,113521,0.0179551,0,25,78011,0.0118261,71699,71699,0,54950,
mcs70_b06_s25.A02,mcs70_b06_s25.B02,ll_lum,19,54,97006,0.0164416,0,25,57313,0.00967742,59056,59056,0,44225,
mcs70_b06_s25.A03,mcs70_b06_s25.B03,ll_lum,19,55,98967,0.0168391,0,25,65547,0.0106348,62864,62864,0,50083,
mcs70_b06_s25.A04,mcs70_b06_s25.B04,ll_lum,18,54,156272,0.0237519,0,25,72008,0.00968899,99177,99177,0,75904,
mcs70_b06_s25.A05,mcs70_b06_s25.B05,ll_lum,18,52,108482,0.0184874,0,25,30499,0.00504807,68482,68482,0,51644,
mcs70_b06_s25.A06,mcs70_b06_s25.B06,ll_lum,18,52,148854,0.0242539,0,25,48206,0.0075806,91961,91961,0,68761,
mcs70_b06_s25.A07,mcs70_b06_s25.B07,ll_lum,18,52,163157,0.0275337,0,25,29625,0.00497962,100702,100702,0,74543,
mcs70_b06_s25.A08,mcs70_b06_s25.B08,ll_lum,20,55,19596,0.00355698,0,25,3054,0.000534435,12781,12781,0,10003,
mcs70_b06_s25.A09,mcs70_b06_s25.B09,ll_lum,19,55,59104,0.0104665,0,25,28365,0.00500615,38346,38346,0,30229,
mcs70_b06_s30.A00,mcs70_b06_s30.B00,ll_lum,23,62,300154,0.049453,0,30,163222,0.0261317,185276,185276,0,135161,
mcs70_b06_s30.A01,mcs70_b06_s30.B01,ll_lum,22,59,488777,0.0807315,0,30,4158,0.000567996,299043,299043,0,218576,
mcs70_b06_s30.A02,mcs70_b06_s30.B02,ll_lum,22,65,627209,0.101743,0,30,216882,0.0347545,386028,386028,0,284245,
mcs70_b06_s30.A03,mcs70_b06_s30.B03,ll_lum,24,68,76530,0.012711,0,30,27004,0.00429927,46960,46960,0,31054,
mcs70_b06_s30.A04,mcs70_b06_s30.B04,ll_lum,23,61,233596,0.039812,0,30,39546,0.0064412,141890,141890,0,101934,
mcs70_b06_s30.A05,mcs70_b06_s30.B05,ll_lum,22,64,695006,0.114427,0,30,188542,0.0295535,423664,423664,0,309617,
mcs70_b06_s30.A06,mcs70_b06_s30.B06,ll_lum,23,65,225491,0.0379631,0,30,115147,0.0192449,138633,138633,0,97739,
mcs70_b06_s30.A07,mcs70_b06_s30.B07,ll_lum,22,60,520768,0.0942849,0,30,31381,0.00632424,318392,318392,0,232104,
mcs70_b06_s30.A08,mcs70_b06_s30.B08,ll_lum,22,66,583929,0.093907,0,30,271603,0.0401505,374073,374073,0,291868,
mcs70_b06_s30.A09,mcs70_b06_s30.B09,ll_lum,22,64,599019,0.0981521,0,30,62583,0.00927984,366897,366897,0,267044,
mcs70_b06_s35.A00,mcs70_b06_s35.B00,ll_lum,26,73,1401525,0.237824,0,35,10321,0.00181875,867645,867645,0,635995,
mcs70_b06_s35.A01,mcs70_b06_s35.B01,ll_lum,26,73,1992852,0.314592,0,35,305939,0.0465858,1243519,1243519,0,899036,
mcs70_b06_s35.A02,mcs70_b06_s35.B02,ll_lum,26,76,1231981,0.211323,0,35,30767,0.00520949,771387,771387,0,572339,
mcs70_b06_s35.A03,mcs70_b06_s35.B03,ll_lum,26,73,2003480,0.343408,0,35,864877,0.14605,1270418,1270418,0,964102,
mcs70_b06_s35.A04,mcs70_b06_s35.B04,ll_lum,26,74,1646527,0.274749,0,35,157954,0.0246021,1042275,1042275,0,771377,
mcs70_b06_s35.A05,mcs70_b06_s35.B05,ll_lum,26,75,2059330,0.32668,0,35,619702,0.0971645,1275219,1275219,0,906168,
mcs70_b06_s35.A06,mcs70_b06_s35.B06,ll_lum,26,69,2090659,0.342833,0,35,423042,0.064291,1320936,1320936,0,1003207,
mcs70_b06_s35.A07,mcs70_b06_s35.B07,ll_lum,26,74,2076286,0.372367,0,35,564722,0.0960468,1300380,1300380,0,961728,
mcs70_b06_s35.A08,mcs70_b06_s35.B08,ll_lum,26,67,1622079,0.26846,0,35,100859,0.015744,1012749,1012749,0,752514,
mcs70_b06_s35.A09,mcs70_b06_s35.B09,ll_lum,25,74,5849787,0.966327,0,35,1385937,0.221764,3779438,3779438,0,2941397,
mcs70_b06_s40.A00,mcs70_b06_s40.B00,ll_lum,30,63,14113880,2.30215,0,40,7953194,1.28312,9093089,9093089,0,6798684,
mcs70_b06_s40.A01,mcs70_b06_s40.B01,ll_lum,29,85,24739917,4.04973,0,40,563559,0.0903412,16052541,16052541,0,12104108,
mcs70_b06_s40.A02,mcs70_b06_s40.B02,ll_lum,31,88,5543147,0.88208,0,40,3802844,0.569332,3590824,3590824,0,2687891,
mcs70_b06_s40.A03,mcs70_b06_s40.B03,ll_lum,30,85,7716440,1.29717,0,40,468506,0.0668527,4906230,4906230,0,3645628,
mcs70_b06_s40.A04,mcs70_b06_s40.B04,ll_lum,30,81,9452171,1.55628,0,40,4126652,0.664661,5990797,5990797,0,4469348,
mcs70_b06_s40.A05,mcs70_b06_s40.B05,ll_lum,31,87,3125784,0.535029,0,40,1498970,0.250822,1983320,1983320,0,1505100,
mcs70_b06_s40.A06,mcs70_b06_s40.B06,ll_lum,30,86,15497151,2.49123,0,40,10400095,1.61723,10312256,10312256,0,7920800,
mcs70_b06_s40.A07,mcs70_b06_s40.B07,ll_lum,29,70,18804881,3.09011,0,40,1091977,0.168238,12401210,12401210,0,9527824,
mcs70_b06_s40.A08,mcs70_b06_s40.B08,ll_lum,31,87,3908883,0.656285,0,40,2682716,0.441289,2534389,2534389,0,1951778,
mcs70_b06_s40.A09,mcs70_b06_s40.B09,ll_lum,30,86,6706066,1.11559,0,40,1147355,0.185579,4357246,4357246,0,3255442,
mcs70_b06_s50.A00,mcs70_b06_s50.B00,ll_lum,36,106,1283026103,216.647,0,50,149978984,24.2815,902382460,902382460,0,707073547,
mcs70_b06_s50.A01,mcs70_b06_s50.B01,ll_lum,36,106,2137773981,367.466,0,50,1111788053,190.087,1487472720,1487472720,0,1203511153,
mcs70_b06_s50.A02,mcs70_b06_s50.B02,ll_lum,37,103,519615777,85.687,0,50,227633292,35.87,348403003,348403003,0,266089589,
mcs70_b06_s50.A03,mcs70_b06_s50.B03,ll_lum,37,108,726268359,120.899,0,50,320988897,50.3959,496972047,496972047,0,388730468,
mcs70_b06_s50.A04,mcs70_b06_s50.B04,ll_lum,37,107,465669963,82.0381,0,50,2694070,0.442378,325330847,325330847,0,256724376,
mcs70_b06_s50.A05,mcs70_b06_s50.B05,ll_lum,37,107,796247253,136.756,0,50,191868764,32.2153,548155909,548155909,0,435661919,
mcs70_b06_s50.A06,mcs70_b06_s50.B06,ll_lum,37,107,533848427,91.1575,0,50,205707867,33.9939,372088405,372088405,0,292421188,
mcs70_b06_s50.A07,mcs70_b06_s50.B07,ll_lum,37,102,425709577,70.1551,0,50,50341932,7.2802,284288797,284288797,0,213256954,
mcs70_b06_s50.A08,mcs70_b06_s50.B08,ll_lum,37,103,882361628,152.658,0,50,698529350,120.579,593683235,593683235,0,461898972,
mcs70_b06_s50.A09,mcs70_b06_s50.B09,ll_lum,37,106,584710824,102.527,0,50,230103619,39.9884,408318896,408318896,0,328987092,
mcs70_b06_s60.A00,mcs70_b06_s60.B00,ll_lum,34,62,6456613324,1000.02,1,60,1417761850,213.997,4629355505,4629355505,0,3666255456,
mcs70_b06_s60.A01,mcs70_b06_s60.B01,ll_lum,43,126,6233162015,1000.02,1,60,5249576465,828.29,4265660138,4265660138,0,3360526205,
mcs70_b06_s60.A02,mcs70_b06_s60.B02,ll_lum,38,72,6538971486,1000.02,1,60,5353837056,809.69,4517306007,4517306007,0,3454519935,
mcs70_b06_s60.A03,mcs70_b06_s60.B03,ll_lum,44,128,5728323336,1000.02,1,60,5698726833,994.692,3830391583,3830391583,0,2949234011,
mcs70_b06_s60.A04,mcs70_b06_s60.B04,ll_lum,45,129,6035025695,1000.02,1,60,5817140864,960.5,4210841613,4210841613,0,3318690685,
mcs70_b06_s60.A05,mcs70_b06_s60.B05,ll_lum,44,127,5661746529,1000.02,1,60,4424299772,772.812,3894686243,3894686243,0,3091834851,
mcs70_b06_s60.A06,mcs70_b06_s60.B06,ll_lum,45,130,5578858499,1000.02,1,60,1653243798,289.366,3876227447,3876227447,0,3076509760,
mcs70_b06_s60.A07,mcs70_b06_s60.B07,ll_lum,42,126,5988166978,1000.02,1,60,3074455201,497.423,4069966893,4069966893,0,3124662592,
mcs70_b06_s60.A08,mcs70_b06_s60.B08,ll_lum,44,129,5780148886,1000.02,1,60,727360749,116.987,3981657359,3981657359,0,3098728462,
mcs70_b06_s60.A09,mcs70_b06_s60.B09,ll_lum,44,127,5841722192,1000.02,1,60,2918298697,473.861,4000164619,4000164619,0,3117125511,
mcs70_b06_s70.A00,mcs70_b06_s70.B00,ll_lum,43,92,6591222847,1000.02,1,70,1739811553,255.618,4657887964,4657887964,0,3610039130,
mcs70_b06_s70.A01,mcs70_b06_s70.B01,ll_lum,41,71,7020783110,1000.02,1,70,6098058960,869.718,4862541851,4862541851,0,3797031802,
mcs70_b06_s70.A02,mcs70_b06_s70.B02,ll_lum,50,148,5481664418,1000.02,1,70,51,5.5834e-05,3572537595,3572537595,0,2837407088,
mcs70_b06_s70.A03,mcs70_b06_s70.B03,ll_lum,41,84,6827407194,1000.02,1,70,3695790446,531.629,4699655086,4699655086,0,3605778762,
mcs70_b06_s70.A04,mcs70_b06_s70.B04,ll_lum,52,151,5395072751,1000.01,1,70,3902794359,720.555,3769222988,3769222988,0,3031044652,
mcs70_b06_s70.A05,mcs70_b06_s70.B05,ll_lum,42,68,6300153875,1000.02,1,70,49758705,7.1939,4403054194,4403054194,0,3365067144,
mcs70_b06_s70.A06,mcs70_b06_s70.B06,ll_lum,48,135,5720940529,1000.02,1,70,49,4.8122e-05,3866977574,3866977574,0,3000584805,
mcs70_b06_s70.A07,mcs70_b06_s70.B07,ll_lum,47,110,5999256484,1000.01,1,70,320465715,45.8547,4106021842,4106021842,0,3062219056,
mcs70_b06_s70.A08,mcs70_b06_s70.B08,ll_lum,47,117,5976431928,1000.01,1,70,252712720,35.209,4047678449,4047678449,0,3008414440,
mcs70_b06_s70.A09,mcs70_b06_s70.B09,ll_lum,45,105,6295356682,1000.02,1,70,571920467,86.8005,4267475705,4267475705,0,3203563340,
mcs70_b06_s80.A00,mcs70_b06_s80.B00,ll_lum,52,112,6163797421,1000.02,1,80,192077008,29.2789,4147300690,4147300690,0,3156579201,
mcs70_b06_s80.A01,mcs70_b06_s80.B01,ll_lum,46,77,7429624115,1000.02,1,80,4764889741,631.959,5265102038,5265102038,0,4100770255,
mcs70_b06_s80.A02,mcs70_b06_s80.B02,ll_lum,57,157,5725352544,1000.02,1,80,8746334,1.30163,3817297397,3817297397,0,2788519970,
mcs70_b06_s80.A03,mcs70_b06_s80.B03,ll_lum,52,127,5926478902,1000.02,1,80,310806,0.0419946,4064120330,4064120330,0,3214121568,
mcs70_b06_s80.A04,mcs70_b06_s80.B04,ll_lum,44,71,7679086060,1000.02,1,80,760300464,89.3612,5349406149,5349406149,0,4181248603,
mcs70_b06_s80.A05,mcs70_b06_s80.B05,ll_lum,46,74,6664914584,1000.02,1,80,2336167847,341.459,4755818875,4755818875,0,3613290128,
mcs70_b06_s80.A06,mcs70_b06_s80.B06,ll_lum,54,156,6233399393,1000.02,1,80,3736718822,592.753,4153569088,4153569088,0,3070919490,
mcs70_b06_s80.A07,mcs70_b06_s80.B07,ll_lum,42,62,8891809861,1000.02,1,80,5836019660,639.92,6149054458,6149054458,0,4776164178,
mcs70_b06_s80.A08,mcs70_b06_s80.B08,ll_lum,56,168,5770523496,1000.02,1,80,57,7.3691e-05,3772136104,3772136104,0,2731003492,
mcs70_b06_s80.A09,mcs70_b06_s80.B09,ll_lum,45,73,7510993394,1000.02,1,80,255895626,27.1474,5478396782,5478396782,0,4016637141,
mcs70_b06_s90.A00,mcs70_b06_s90.B00,ll_lum,59,127,6216155461,1000.01,1,90,280775914,39.9048,4172699506,4172699506,0,3096169010,
mcs70_b06_s90.A01,mcs70_b06_s90.B01,ll_lum,53,93,3916312866,1000.01,1,90,1760626065,445.234,2650975091,2650975091,0,1912043024,
mcs70_b06_s90.A02,mcs70_b06_s90.B02,ll_lum,64,176,5806227880,1000.02,1,90,3019285547,484.41,3723788387,3723788387,0,2569799990,
mcs70_b06_s90.A03,mcs70_b06_s90.B03,ll_lum,65,191,5495460989,1000.01,1,90,25527,0.00400749,3597156573,3597156573,0,2631197561,
mcs70_b06_s90.A04,mcs70_b06_s90.B04,ll_lum,57,140,6473854246,1000.02,1,90,2193589268,320.572,4400736131,4400736131,0,3272321860,
mcs70_b06_s90.A05,mcs70_b06_s90.B05,ll_lum,59,143,6124329450,1000.02,1,90,101,7.7676e-05,4072530742,4072530742,0,3054423130,
mcs70_b06_s90.A06,mcs70_b06_s90.B06,ll_lum,65,189,5483886912,1000.01,1,90,128191204,21.3779,3671570995,3671570995,0,2804610772,
mcs70_b06_s90.A07,mcs70_b06_s90.B07,ll_lum,62,178,5688263113,1000.02,1,90,63,6.4828e-05,3879146198,3879146198,0,2949972756,
mcs70_b06_s90.A08,mcs70_b06_s90.B08,ll_lum,65,190,5515218624,1000.01,1,90,68,7.4453e-05,3584004668,3584004668,0,2520511391,
mcs70_b06_s90.A09,mcs70_b06_s90.B09,ll_lum,57,117,6202312615,1000.01,1,90,97736905,12.9491,4365879304,4365879304,0,3302026636,
mcs70_b06m_s10.A00,mcs70_b06m_s10.B00,ll_lum,8,20,328,6.8633e-05,0,10,283,3.7736e-05,224,224,0,150,
mcs70_b06m_s10.A01,mcs70_b06m_s10.B01,ll_lum,9,24,139,4.6119e-05,0,10,123,2.009e-05,96,96,0,65,
mcs70_b06m_s10.A02,mcs70_b06m_s10.B02,ll_lum,7,11,358,6.8143e-05,0,10,19,7.702e-06,246,246,0,172,
mcs70_b06m_s10.A03,mcs70_b06m_s10.B03,ll_lum,8,16,159,5.1848e-05,0,10,111,1.9519e-05,109,109,0,74,
mcs70_b06m_s10.A04,mcs70_b06m_s10.B04,ll_lum,7,12,481,8.0471e-05,0,10,8,5.769e-06,330,330,0,229,
mcs70_b06m_s10.A05,mcs70_b06m_s10.B05,ll_lum,8,19,96,4.0821e-05,0,10,39,9.644e-06,65,65,0,39,
mcs70_b06m_s10.A06,mcs70_b06m_s10.B06,ll_lum,8,19,133,4.2063e-05,0,10,49,1.0966e-05,96,96,0,66,
mcs70_b06m_s10.A07,mcs70_b06m_s10.B07,ll_lum,7,13,318,6.5108e-05,0,10,31,8.112e-06,219,219,0,162,
mcs70_b06m_s10.A08,mcs70_b06m_s10.B08,ll_lum,8,17,158,5.2068e-05,0,10,106,1.8068e-05,105,105,0,69,
mcs70_b06m_s10.A09,mcs70_b06m_s10.B09,ll_lum,7,13,223,5.9109e-05,0,10,8,5.579e-06,158,158,0,120,
mcs70_b06m_s100.A00,mcs70_b06m_s100.B00,ll_lum,65,148,4863294993,1000.02,1,100,11080,0.00148272,2892303005,2892303005,0,2233105161,
mcs70_b06m_s100.A01,mcs70_b06m_s100.B01,ll_lum,71,202,4175461386,1000.02,1,100,127650,0.0260662,2123525862,2123525862,0,1196291412,
mcs70_b06m_s100.A02,mcs70_b06m_s100.B02,ll_lum,52,59,7309232832,1000.02,1,100,1802932803,238.582,4852431279,4852431279,0,3702953734,
mcs70_b06m_s100.A03,mcs70_b06m_s100.B03,ll_lum,55,92,7000837568,1000.02,1,100,394103,0.0422133,4373676233,4373676233,0,3274409432,
mcs70_b06m_s100.A04,mcs70_b06m_s100.B04,ll_lum,52,62,7051179509,1000.02,1,100,495882114,67.6347,4606496812,4606496812,0,3543907983,
mcs70_b06m_s100.A05,mcs70_b06m_s100.B05,ll_lum,52,61,7181353614,1000.02,1,100,1214028753,149.318,4753158382,4753158382,0,3710050216,
mcs70_b06m_s100.A06,mcs70_b06m_s100.B06,ll_lum,52,61,7582538776,1000.01,1,100,2760468447,345.453,5174422781,5174422781,0,4208216015,
mcs70_b06m_s100.A07,mcs70_b06m_s100.B07,ll_lum,52,51,6848034769,1000.02,1,100,4873521833,705.462,4845521461,4845521461,0,3785129720,
mcs70_b06m_s100.A08,mcs70_b06m_s100.B08,ll_lum,53,63,6278131370,1000.02,1,100,1821385289,278.944,4040503389,4040503389,0,2988031784,
mcs70_b06m_s100.A09,mcs70_b06m_s100.B09,ll_lum,52,52,4506445282,1000.02,1,100,3443198443,741.724,3011788786,3011788786,0,2376362811,
mcs70_b06m_s15.A00,mcs70_b06m_s15.B00,ll_lum,10,20,4729,0.00146681,0,15,937,0.000263475,3304,3304,0,2534,
mcs70_b06m_s15.A01,mcs70_b06m_s15.B01,ll_lum,10,17,6882,0.00206233,0,15,71,3.5714e-05,4605,4605,0,3642,
mcs70_b06m_s15.A02,mcs70_b06m_s15.B02,ll_lum,10,25,8766,0.00183176,0,15,2941,0.000438849,5638,5638,0,4238,
mcs70_b06m_s15.A03,mcs70_b06m_s15.B03,ll_lum,10,28,8338,0.00175071,0,15,3716,0.000549025,5549,5549,0,4451,
mcs70_b06m_s15.A04,mcs70_b06m_s15.B04,ll_lum,11,25,4190,0.00073223,0,15,1749,0.000297217,2777,2777,0,2252,
mcs70_b06m_s15.A05,mcs70_b06m_s15.B05,ll_lum,11,22,3237,0.000518869,0,15,2121,0.000305229,2156,2156,0,1699,
mcs70_b06m_s15.A06,mcs70_b06m_s15.B06,ll_lum,10,17,5150,0.00167416,0,15,672,0.000198537,3481,3481,0,2724,
mcs70_b06m_s15.A07,mcs70_b06m_s15.B07,ll_lum,11,31,6915,0.00220967,0,15,4553,0.001363,4484,4484,0,3719,
mcs70_b06m_s15.A08,mcs70_b06m_s15.B08,ll_lum,10,27,6935,0.00110549,0,15,2012,0.000297807,4533,4533,0,3561,
mcs70_b06m_s15.A09,mcs70_b06m_s15.B09,ll_lum,11,28,4623,0.000795905,0,15,2482,0.000407462,3037,3037,0,2347,
mcs70_b06m_s20.A00,mcs70_b06m_s20.B00,ll_lum,14,39,26758,0.00447284,0,20,3070,0.00045265,17257,17257,0,13829,
mcs70_b06m_s20.A01,mcs70_b06m_s20.B01,ll_lum,14,36,55506,0.00904712,0,20,34364,0.00535907,36083,36083,0,29898,
mcs70_b06m_s20.A02,mcs70_b06m_s20.B02,ll_lum,14,39,28454,0.00487566,0,20,1106,0.000156855,18785,18785,0,15583,
mcs70_b06m_s20.A03,mcs70_b06m_s20.B03,ll_lum,14,41,35821,0.00606137,0,20,15057,0.00248982,22960,22960,0,18618,
mcs70_b06m_s20.A04,mcs70_b06m_s20.B04,ll_lum,14,41,31546,0.00558053,0,20,9754,0.00179162,20457,20457,0,16945,
mcs70_b06m_s20.A05,mcs70_b06m_s20.B05,ll_lum,14,39,48634,0.00771795,0,20,32525,0.00510748,31184,31184,0,25219,
mcs70_b06m_s20.A06,mcs70_b06m_s20.B06,ll_lum,14,41,71011,0.0118548,0,20,38175,0.00602498,44684,44684,0,36345,
mcs70_b06m_s20.A07,mcs70_b06m_s20.B07,ll_lum,14,42,54327,0.00911646,0,20,27221,0.00426703,34844,34844,0,29047,
mcs70_b06m_s20.A08,mcs70_b06m_s20.B08,ll_lum,15,43,25367,0.00411838,0,20,17081,0.00259085,15990,15990,0,13067,
mcs70_b06m_s20.A09,mcs70_b06m_s20.B09,ll_lum,14,39,25892,0.00434298,0,20,1956,0.000316396,16699,16699,0,12903,
mcs70_b06m_s25.A00,mcs70_b06m_s25.B00,ll_lum,17,49,284386,0.0473913,0,25,30183,0.00438485,178352,178352,0,139657,
mcs70_b06m_s25.A01,mcs70_b06m_s25.B01,ll_lum,17,48,237349,0.0394368,0,25,28317,0.00432101,152095,152095,0,120057,
mcs70_b06m_s25.A02,mcs70_b06m_s25.B02,ll_lum,18,48,310758,0.0461054,0,25,249597,0.0357906,199798,199798,0,159846,
mcs70_b06m_s25.A03,mcs70_b06m_s25.B03,ll_lum,18,49,391199,0.0595179,0,25,331634,0.04926,255423,255423,0,212605,
mcs70_b06m_s25.A04,mcs70_b06m_s25.B04,ll_lum,18,52,243665,0.0422026,0,25,200377,0.033618,161919,161919,0,133388,
mcs70_b06m_s25.A05,mcs70_b06m_s25.B05,ll_lum,18,48,201582,0.0327816,0,25,123703,0.0189803,132017,132017,0,107667,
mcs70_b06m_s25.A06,mcs70_b06m_s25.B06,ll_lum,17,46,571747,0.0869136,0,25,375297,0.0556568,365856,365856,0,288955,
mcs70_b06m_s25.A07,mcs70_b06m_s25.B07,ll_lum,18,48,83653,0.0298211,0,25,10708,0.00325,55422,55422,0,46667,
mcs70_b06m_s25.A08,mcs70_b06m_s25.B08,ll_lum,17,50,829269,0.260752,0,25,653801,0.197601,528051,528051,0,431619,
mcs70_b06m_s25.A09,mcs70_b06m_s25.B09,ll_lum,18,51,530580,0.0820288,0,25,470489,0.0711258,342371,342371,0,272662,
mcs70_b06m_s30.A00,mcs70_b06m_s30.B00,ll_lum,23,62,5906925,0.855077,0,30,5816445,0.838694,3823856,3823856,0,2976013,
mcs70_b06m_s30.A01,mcs70_b06m_s30.B01,ll_lum,21,59,9671915,1.45357,0,30,9154134,1.36425,6466273,6466273,0,5250629,
mcs70_b06m_s30.A02,mcs70_b06m_s30.B02,ll_lum,21,62,11625658,1.6531,0,30,11239803,1.58904,8345030,8345030,0,6882772,
mcs70_b06m_s30.A03,mcs70_b06m_s30.B03,ll_lum,21,62,9862921,1.46224,0,30,9220778,1.34947,6523842,6523842,0,5269727,
mcs70_b06m_s30.A04,mcs70_b06m_s30.B04,ll_lum,21,63,4928492,0.769833,0,30,4512972,0.697398,3231576,3231576,0,2632929,
mcs70_b06m_s30.A05,mcs70_b06m_s30.B05,ll_lum,22,56,343095,0.0623193,0,30,115665,0.019879,228058,228058,0,192373,
mcs70_b06m_s30.A06,mcs70_b06m_s30.B06,ll_lum,21,62,579568,0.10264,0,30,98957,0.0149639,384017,384017,0,319386,
mcs70_b06m_s30.A07,mcs70_b06m_s30.B07,ll_lum,21,63,6426515,0.952089,0,30,5648247,0.816351,4259870,4259870,0,3328515,
mcs70_b06m_s30.A08,mcs70_b06m_s30.B08,ll_lum,21,58,2965758,0.44953,0,30,2353603,0.345893,2020526,2020526,0,1641773,
mcs70_b06m_s30.A09,mcs70_b06m_s30.B09,ll_lum,22,62,586237,0.0913457,0,30,296414,0.040117,381632,381632,0,306224,
mcs70_b06m_s35.A00,mcs70_b06m_s35.B00,ll_lum,26,73,998264,0.182471,0,35,12947,0.00217731,667186,667186,0,552017,
mcs70_b06m_s35.A01,mcs70_b06m_s35.B01,ll_lum,24,72,32828070,5.29948,0,35,25318163,3.9231,21527411,21527411,0,17541824,
mcs70_b06m_s35.A02,mcs70_b06m_s35.B02,ll_lum,24,68,83388114,12.5595,0,35,73881834,10.938,55466039,55466039,0,43974448,
mcs70_b06m_s35.A03,mcs70_b06m_s35.B03,ll_lum,25,72,18075565,2.87468,0,35,16623035,2.59814,11940375,11940375,0,9695067,
mcs70_b06m_s35.A04,mcs70_b06m_s35.B04,ll_lum,24,67,70043963,10.5928,0,35,64966113,9.72712,47751855,47751855,0,38765272,
mcs70_b06m_s35.A05,mcs70_b06m_s35.B05,ll_lum,25,71,3737568,0.698741,0,35,1256734,0.206414,2448190,2448190,0,2012851,
mcs70_b06m_s35.A06,mcs70_b06m_s35.B06,ll_lum,25,72,32919429,5.22636,0,35,29781077,4.64416,21294009,21294009,0,17089202,
mcs70_b06m_s35.A07,mcs70_b06m_s35.B07,ll_lum,25,68,172181457,26.1933,0,35,169289593,25.6702,114713028,114713028,0,92887540,
mcs70_b06m_s35.A08,mcs70_b06m_s35.B08,ll_lum,25,68,34285681,10.4323,0,35,32186810,9.6876,22448745,22448745,0,17567170,
mcs70_b06m_s35.A09,mcs70_b06m_s35.B09,ll_lum,24,70,52912444,15.6938,0,35,48087131,14.0784,35657023,35657023,0,28396623,
mcs70_b06m_s40.A00,mcs70_b06m_s40.B00,ll_lum,29,83,359563493,56.2489,0,40,351909362,54.8179,243341015,243341015,0,196680872,
mcs70_b06m_s40.A01,mcs70_b06m_s40.B01,ll_lum,28,81,263896746,42.7464,0,40,238743017,38.1831,176888913,176888913,0,145119114,
mcs70_b06m_s40.A02,mcs70_b06m_s40.B02,ll_lum,30,83,161997326,25.567,0,40,159273409,25.0638,109048083,109048083,0,87875998,
mcs70_b06m_s40.A03,mcs70_b06m_s40.B03,ll_lum,29,82,801976302,124.66,0,40,794937211,123.409,560125395,560125395,0,457888771,
mcs70_b06m_s40.A04,mcs70_b06m_s40.B04,ll_lum,28,83,28998308,5.33,0,40,71607,0.0114668,19393478,19393478,0,15978111,
mcs70_b06m_s40.A05,mcs70_b06m_s40.B05,ll_lum,28,83,19961042,3.81924,0,40,368913,0.0639535,13794463,13794463,0,11406611,
mcs70_b06m_s40.A06,mcs70_b06m_s40.B06,ll_lum,29,84,8184582,1.49724,0,40,13303,0.00245765,5577272,5577272,0,4639731,
mcs70_b06m_s40.A07,mcs70_b06m_s40.B07,ll_lum,28,83,104418726,16.6303,0,40,85024399,13.109,70667499,70667499,0,57710182,
mcs70_b06m_s40.A08,mcs70_b06m_s40.B08,ll_lum,28,81,582035274,86.2447,0,40,554790282,81.4248,392036222,392036222,0,311305934,
mcs70_b06m_s40.A09,mcs70_b06m_s40.B09,ll_lum,29,84,12390741,2.04269,0,40,6532553,0.986436,8358275,8358275,0,6846790,
mcs70_b06m_s50.A00,mcs70_b06m_s50.B00,ll_lum,29,38,6748074147,1000.01,1,50,4032945086,582.287,4649344119,4649344119,0,3701596849,
mcs70_b06m_s50.A01,mcs70_b06m_s50.B01,ll_lum,31,62,6137458145,1000.02,1,50,1361881018,208.113,4221660155,4221660155,0,3448394346,
mcs70_b06m_s50.A02,mcs70_b06m_s50.B02,ll_lum,35,103,1604969056,268.096,0,50,882795877,135.101,1116098990,1116098990,0,910918669,
mcs70_b06m_s50.A03,mcs70_b06m_s50.B03,ll_lum,29,38,6723442861,1000.01,1,50,6041039648,894.705,4558635117,4558635117,0,3663514090,
mcs70_b06m_s50.A04,mcs70_b06m_s50.B04,ll_lum,29,37,6561179024,1000.02,1,50,1932471691,279.464,4387370610,4387370610,0,3522549965,
mcs70_b06m_s50.A05,mcs70_b06m_s50.B05,ll_lum,29,42,6915091651,1000.02,1,50,1950114326,276.433,4866787328,4866787328,0,3963920111,
mcs70_b06m_s50.A06,mcs70_b06m_s50.B06,ll_lum,29,38,6657687745,1000.02,1,50,29277493,4.34152,4580901144,4580901144,0,3694859347,
mcs70_b06m_s50.A07,mcs70_b06m_s50.B07,ll_lum,35,104,1062749404,192.348,0,50,2824539,0.491451,732581272,732581272,0,596516491,
mcs70_b06m_s50.A08,mcs70_b06m_s50.B08,ll_lum,35,104,1223944492,218.897,0,50,58167229,9.49502,866794911,866794911,0,721240383,
mcs70_b06m_s50.A09,mcs70_b06m_s50.B09,ll_lum,29,35,6021001172,1000.01,1,50,587334793,92.0481,4063082605,4063082605,0,3247409220,
mcs70_b06m_s60.A00,mcs70_b06m_s60.B00,ll_lum,34,36,6933557582,1000.02,1,60,217846412,29.6503,4817704017,4817704017,0,3789072173,
mcs70_b06m_s60.A01,mcs70_b06m_s60.B01,ll_lum,33,37,7246090313,1000.02,1,60,51572062,6.28226,5167941259,5167941259,0,4099674975,
mcs70_b06m_s60.A02,mcs70_b06m_s60.B02,ll_lum,33,51,6440706107,1000.01,1,60,62965157,9.05869,4129487590,4129487590,0,3229189156,
mcs70_b06m_s60.A03,mcs70_b06m_s60.B03,ll_lum,43,125,5133294241,1000.02,1,60,44,5.2008e-05,3549968154,3549968154,0,2977025512,
mcs70_b06m_s60.A04,mcs70_b06m_s60.B04,ll_lum,34,42,3989277950,1000.02,1,60,891757606,206.17,2740693806,2740693806,0,2213099094,
mcs70_b06m_s60.A05,mcs70_b06m_s60.B05,ll_lum,43,127,3148570033,1000.02,1,60,938777567,280.083,2131751110,2131751110,0,1759267508,
mcs70_b06m_s60.A06,mcs70_b06m_s60.B06,ll_lum,37,80,6060629608,1000.02,1,60,13909701,1.95567,4123875713,4123875713,0,3450164973,
mcs70_b06m_s60.A07,mcs70_b06m_s60.B07,ll_lum,33,60,7249001931,1000.01,1,60,5733569358,792.643,4924888441,4924888441,0,3926858812,
mcs70_b06m_s60.A08,mcs70_b06m_s60.B08,ll_lum,35,74,6220804685,1000.01,1,60,286470879,43.823,4130185242,4130185242,0,3345023263,
mcs70_b06m_s60.A09,mcs70_b06m_s60.B09,ll_lum,33,38,3960887540,1000.02,1,60,167841732,34.2752,2626459405,2626459405,0,2113598116,
mcs70_b06m_s70.A00,mcs70_b06m_s70.B00,ll_lum,42,80,5775339094,1000.02,1,70,2552531312,438.995,3820453038,3820453038,0,3106893935,
mcs70_b06m_s70.A01,mcs70_b06m_s70.B01,ll_lum,38,44,6917239217,1000.02,1,70,1049089712,147.807,4702837362,4702837362,0,3721071258,
mcs70_b06m_s70.A02,mcs70_b06m_s70.B02,ll_lum,44,95,5429301911,1000.01,1,70,695529908,108.743,3605543599,3605543599,0,2973877285,
mcs70_b06m_s70.A03,mcs70_b06m_s70.B03,ll_lum,39,41,6992926294,1000.02,1,70,3974537042,552.725,4719095503,4719095503,0,3765225842,
mcs70_b06m_s70.A04,mcs70_b06m_s70.B04,ll_lum,38,40,6957982953,1000.02,1,70,446785864,58.2265,4673601495,4673601495,0,3662361987,
mcs70_b06m_s70.A05,mcs70_b06m_s70.B05,ll_lum,38,43,7040831349,1000.02,1,70,3524345280,475.085,4672265999,4672265999,0,3576348091,
mcs70_b06m_s70.A06,mcs70_b06m_s70.B06,ll_lum,50,146,4941809758,1000.01,1,70,440177657,85.2169,3334465677,3334465677,0,2793682781,
mcs70_b06m_s70.A07,mcs70_b06m_s70.B07,ll_lum,39,43,6650513509,1000.02,1,70,5952328365,889.749,4476277571,4476277571,0,3515009149,
mcs70_b06m_s70.A08,mcs70_b06m_s70.B08,ll_lum,51,147,4764486529,1000,1,70,52,8.5689e-05,3216955658,3216955658,0,2730319840,
mcs70_b06m_s70.A09,mcs70_b06m_s70.B09,ll_lum,38,59,7036958380,1000.02,1,70,8224249,1.07123,4936246197,4936246197,0,3894507419,
mcs70_b06m_s80.A00,mcs70_b06m_s80.B00,ll_lum,44,49,3815353501,1000.02,1,80,633067415,149.328,2632946824,2632946824,0,2085310738,
mcs70_b06m_s80.A01,mcs70_b06m_s80.B01,ll_lum,43,46,7102875694,1000.01,1,80,480845142,60.7499,5157469632,5157469632,0,4166626119,
mcs70_b06m_s80.A02,mcs70_b06m_s80.B02,ll_lum,58,168,4690571620,1000.02,1,80,2613107,0.472413,3123958464,3123958464,0,2599802966,
mcs70_b06m_s80.A03,mcs70_b06m_s80.B03,ll_lum,52,129,5428803110,1000.01,1,80,14709,0.0023382,3377385834,3377385834,0,2554216130,
mcs70_b06m_s80.A04,mcs70_b06m_s80.B04,ll_lum,44,54,6955202983,1000.02,1,80,372243081,51.2336,4872211454,4872211454,0,3859005210,
mcs70_b06m_s80.A05,mcs70_b06m_s80.B05,ll_lum,43,53,7664016039,1000.01,1,80,500431882,60.6187,5180083639,5180083639,0,4162713374,
mcs70_b06m_s80.A06,mcs70_b06m_s80.B06,ll_lum,43,49,6823141154,1000.02,1,80,3318026354,480.921,4613932102,4613932102,0,3612350467,
mcs70_b06m_s80.A07,mcs70_b06m_s80.B07,ll_lum,44,50,6910620319,1000.01,1,80,1888969378,259.908,4741400870,4741400870,0,3597339693,
mcs70_b06m_s80.A08,mcs70_b06m_s80.B08,ll_lum,42,47,6810278513,1000.02,1,80,518815278,71.9373,4447034998,4447034998,0,3416495913,
mcs70_b06m_s80.A09,mcs70_b06m_s80.B09,ll_lum,42,46,7141340173,1000.02,1,80,5140017470,704.173,5282970907,5282970907,0,4252734605,
mcs70_b06m_s90.A00,mcs70_b06m_s90.B00,ll_lum,46,53,7268566190,1000.01,1,90,1375086396,181.8,4819798733,4819798733,0,3635589246,
mcs70_b06m_s90.A01,mcs70_b06m_s90.B01,ll_lum,48,49,6615098529,1000.01,1,90,5261792672,776.867,4261794767,4261794767,0,3152988031,
mcs70_b06m_s90.A02,mcs70_b06m_s90.B02,ll_lum,64,189,4379103751,1000.02,1,90,65,8.8513e-05,2540553610,2540553610,0,1786242052,
mcs70_b06m_s90.A03,mcs70_b06m_s90.B03,ll_lum,64,184,4222221866,1000.02,1,90,127,0.000113892,2205828927,2205828927,0,1258364320,
mcs70_b06m_s90.A04,mcs70_b06m_s90.B04,ll_lum,49,60,6856796768,1000.02,1,90,1035436743,151.515,4418454813,4418454813,0,3423388431,
mcs70_b06m_s90.A05,mcs70_b06m_s90.B05,ll_lum,64,188,4182017815,1000.01,1,90,65,0.000308687,2213381369,2213381369,0,1359760454,
mcs70_b06m_s90.A06,mcs70_b06m_s90.B06,ll_lum,46,51,7388814518,1000.02,1,90,3018215482,397.655,5188917776,5188917776,0,4134666135,
mcs70_b06m_s90.A07,mcs70_b06m_s90.B07,ll_lum,55,110,5511261185,1000.02,1,90,1896458080,333.436,3555749266,3555749266,0,2837889280,
mcs70_b06m_s90.A08,mcs70_b06m_s90.B08,ll_lum,51,80,4823869352,1000.01,1,90,3052133535,619.299,3230042272,3230042272,0,2559019741,
mcs70_b06m_s90.A09,mcs70_b06m_s90.B09,ll_lum,47,50,7369861730,1000.01,1,90,6496356468,885.53,5779382117,5779382117,0,4839427065,
mcs70_b09_s100.A00,mcs70_b09_s100.B00,ll_lum,64,264,4166824466,1000.02,1,100,649110229,149.882,2410670504,2410670504,0,1734255568,
mcs70_b09_s100.A01,mcs70_b09_s100.B01,ll_lum,42,57,6516313401,1000.02,1,100,5513181544,831.093,4350791458,4350791458,0,3488673778,
mcs70_b09_s100.A02,mcs70_b09_s100.B02,ll_lum,59,229,4412356721,1000.01,1,100,2004981,0.419624,2729507218,2729507218,0,2073558344,
mcs70_b09_s100.A03,mcs70_b09_s100.B03,ll_lum,56,198,5037546765,1000.02,1,100,3645888693,701.304,3248398919,3248398919,0,2675724926,
mcs70_b09_s100.A04,mcs70_b09_s100.B04,ll_lum,56,174,4943055992,1000.02,1,100,3624582804,736.282,3377355361,3377355361,0,2793796753,
mcs70_b09_s100.A05,mcs70_b09_s100.B05,ll_lum,56,193,5543980011,1000.02,1,100,3517203253,568.516,3663707117,3663707117,0,2986058872,
mcs70_b09_s100.A06,mcs70_b09_s100.B06,ll_lum,40,50,7174435283,1000.02,1,100,1124038635,152.131,5051272499,5051272499,0,4048017095,
mcs70_b09_s100.A07,mcs70_b09_s100.B07,ll_lum,65,266,2943263897,1000.02,1,100,1339421,0.439232,1760703236,1760703236,0,1406004735,
mcs70_b09_s100.A08,mcs70_b09_s100.B08,ll_lum,43,55,4890732089,1000.02,1,100,1205052894,240.066,3472882515,3472882515,0,2853801231,
mcs70_b09_s100.A09,mcs70_b09_s100.B09,ll_lum,43,56,6136162744,1000.02,1,100,1538083116,236.089,4032272780,4032272780,0,3334998475,
mcs70_b09_s15.A00,mcs70_b09_s15.B00,ll_lum,12,44,652,0.000139831,0,15,157,3.3941e-05,463,463,0,333,
mcs70_b09_s15.A01,mcs70_b09_s15.B01,ll_lum,11,40,1466,0.000217447,0,15,37,1.0866e-05,1045,1045,0,814,
mcs70_b09_s15.A02,mcs70_b09_s15.B02,ll_lum,12,46,478,9.4883e-05,0,15,48,1.1327e-05,374,374,0,285,
mcs70_b09_s15.A03,mcs70_b09_s15.B03,ll_lum,11,40,1585,0.00024008,0,15,181,3.1447e-05,1116,1116,0,832,
mcs70_b09_s15.A04,mcs70_b09_s15.B04,ll_lum,12,48,713,0.00013245,0,15,208,3.358e-05,501,501,0,353,
mcs70_b09_s15.A05,mcs70_b09_s15.B05,ll_lum,12,53,514,0.000105288,0,15,175,2.9555e-05,376,376,0,273,
mcs70_b09_s15.A06,mcs70_b09_s15.B06,ll_lum,12,51,396,9.5925e-05,0,15,39,1.1507e-05,314,314,0,249,
mcs70_b09_s15.A07,mcs70_b09_s15.B07,ll_lum,12,45,405,0.000107622,0,15,201,3.7627e-05,303,303,0,227,
mcs70_b09_s15.A08,mcs70_b09_s15.B08,ll_lum,12,49,615,0.000115123,0,15,153,2.4517e-05,439,439,0,302,
mcs70_b09_s15.A09,mcs70_b09_s15.B09,ll_lum,12,51,571,0.000114292,0,15,76,1.4893e-05,393,393,0,254,
mcs70_b09_s20.A00,mcs70_b09_s20.B00,ll_lum,15,64,9349,0.00188982,0,20,3487,0.000658382,6470,6470,0,5351,
mcs70_b09_s20.A01,mcs70_b09_s20.B01,ll_lum,14,56,11759,0.00235392,0,20,15,1.1408e-05,8360,8360,0,6903,
mcs70_b09_s20.A02,mcs70_b09_s20.B02,ll_lum,14,63,14484,0.00288017,0,20,1084,0.00020527,9904,9904,0,7989,
mcs70_b09_s20.A03,mcs70_b09_s20.B03,ll_lum,14,63,17042,0.00335754,0,20,327,7.313e-05,11432,11432,0,9389,
mcs70_b09_s20.A04,mcs70_b09_s20.B04,ll_lum,14,63,25455,0.00516183,0,20,624,0.000124497,17049,17049,0,14291,
mcs70_b09_s20.A05,mcs70_b09_s20.B05,ll_lum,14,55,18486,0.00369046,0,20,520,9.2269e-05,12805,12805,0,10610,
mcs70_b09_s20.A06,mcs70_b09_s20.B06,ll_lum,14,63,22756,0.00452625,0,20,454,7.9089e-05,15546,15546,0,12955,
mcs70_b09_s20.A07,mcs70_b09_s20.B07,ll_lum,15,66,9896,0.00206819,0,20,4150,0.000847926,6758,6758,0,5782,
mcs70_b09_s20.A08,mcs70_b09_s20.B08,ll_lum,15,67,13348,0.0027198,0,20,6053,0.00122318,9071,9071,0,7411,
mcs70_b09_s20.A09,mcs70_b09_s20.B09,ll_lum,15,66,11354,0.00229334,0,20,7305,0.0014322,7628,7628,0,6358,
mcs70_b09_s25.A00,mcs70_b09_s25.B00,ll_lum,17,75,227951,0.0513054,0,25,106238,0.0235546,150043,150043,0,132270,
mcs70_b09_s25.A01,mcs70_b09_s25.B01,ll_lum,17,74,187819,0.0432168,0,25,1068,0.000255474,124495,124495,0,108080,
mcs70_b09_s25.A02,mcs70_b09_s25.B02,ll_lum,17,75,233618,0.0525017,0,25,113056,0.0250211,155330,155330,0,136828,
mcs70_b09_s25.A03,mcs70_b09_s25.B03,ll_lum,16,72,460814,0.103719,0,25,375,6.8583e-05,297413,297413,0,263184,
mcs70_b09_s25.A04,mcs70_b09_s25.B04,ll_lum,18,74,128088,0.0285496,0,25,25659,0.00519194,84531,84531,0,73376,
mcs70_b09_s25.A05,mcs70_b09_s25.B05,ll_lum,17,63,241725,0.055034,0,25,15213,0.00276109,160551,160551,0,143226,
mcs70_b09_s25.A06,mcs70_b09_s25.B06,ll_lum,17,73,187142,0.0433991,0,25,18,1.4933e-05,125309,125309,0,110985,
mcs70_b09_s25.A07,mcs70_b09_s25.B07,ll_lum,17,74,222174,0.050987,0,25,55865,0.0126889,147338,147338,0,131414,
mcs70_b09_s25.A08,mcs70_b09_s25.B08,ll_lum,16,72,423413,0.0958118,0,25,287,5.8579e-05,275785,275785,0,243848,
mcs70_b09_s25.A09,mcs70_b09_s25.B09,ll_lum,17,73,174828,0.0400955,0,25,2243,0.000413484,116785,116785,0,102285,
mcs70_b09_s30.A00,mcs70_b09_s30.B00,ll_lum,21,93,491255,0.128042,0,30,45461,0.0121185,325464,325464,0,285279,
mcs70_b09_s30.A01,mcs70_b09_s30.B01,ll_lum,20,90,1155684,0.268445,0,30,56783,0.011564,750495,750495,0,656782,
mcs70_b09_s30.A02,mcs70_b09_s30.B02,ll_lum,20,90,1611964,0.36814,0,30,3199,0.000606813,1015108,1015108,0,859396,
mcs70_b09_s30.A03,mcs70_b09_s30.B03,ll_lum,22,92,359456,0.0853888,0,30,211032,0.0494575,236218,236218,0,206982,
mcs70_b09_s30.A04,mcs70_b09_s30.B04,ll_lum,21,92,505407,0.120006,0,30,59261,0.0128759,332781,332781,0,290213,
mcs70_b09_s30.A05,mcs70_b09_s30.B05,ll_lum,21,83,769847,0.182592,0,30,114391,0.0264956,497058,497058,0,426763,
mcs70_b09_s30.A06,mcs70_b09_s30.B06,ll_lum,21,91,450753,0.10559,0,30,41216,0.00649916,300717,300717,0,264891,
mcs70_b09_s30.A07,mcs70_b09_s30.B07,ll_lum,20,90,1233269,0.284954,0,30,36874,0.00756975,788442,788442,0,676024,
mcs70_b09_s30.A08,mcs70_b09_s30.B08,ll_lum,21,84,503424,0.120486,0,30,19546,0.00442867,330694,330694,0,287827,
mcs70_b09_s30.A09,mcs70_b09_s30.B09,ll_lum,21,91,633749,0.151156,0,30,202275,0.0480679,412833,412833,0,361998,
mcs70_b09_s35.A00,mcs70_b09_s35.B00,ll_lum,25,110,1652724,0.40058,0,35,45541,0.00935424,1039604,1039604,0,853815,
mcs70_b09_s35.A01,mcs70_b09_s35.B01,ll_lum,24,108,3297443,0.79502,0,35,1691,0.000336416,2096486,2096486,0,1786722,
mcs70_b09_s35.A02,mcs70_b09_s35.B02,ll_lum,25,109,2198311,0.511972,0,35,506829,0.102691,1385965,1385965,0,1163658,
mcs70_b09_s35.A03,mcs70_b09_s35.B03,ll_lum,25,110,1488918,0.364188,0,35,148546,0.0335073,959524,959524,0,822701,
mcs70_b09_s35.A04,mcs70_b09_s35.B04,ll_lum,25,111,1706021,0.413383,0,35,800349,0.192543,1087925,1087925,0,928254,
mcs70_b09_s35.A05,mcs70_b09_s35.B05,ll_lum,24,108,3088854,0.739191,0,35,181243,0.0380316,1968197,1968197,0,1686463,
mcs70_b09_s35.A06,mcs70_b09_s35.B06,ll_lum,25,109,2107378,0.498068,0,35,366153,0.0744112,1315917,1315917,0,1098936,
mcs70_b09_s35.A07,mcs70_b09_s35.B07,ll_lum,25,109,1307203,0.329851,0,35,265509,0.0663678,848390,848390,0,724395,
mcs70_b09_s35.A08,mcs70_b09_s35.B08,ll_lum,24,108,3371432,0.797628,0,35,108964,0.0243854,2122655,2122655,0,1795623,
mcs70_b09_s35.A09,mcs70_b09_s35.B09,ll_lum,25,110,1794516,0.433428,0,35,247898,0.0545352,1142393,1142393,0,968850,
mcs70_b09_s40.A00,mcs70_b09_s40.B00,ll_lum,29,120,6370748,1.52536,0,40,2192450,0.48729,3984034,3984034,0,3300700,
mcs70_b09_s40.A01,mcs70_b09_s40.B01,ll_lum,29,127,9995848,2.1691,0,40,5888145,1.14245,6305026,6305026,0,5326578,
mcs70_b09_s40.A02,mcs70_b09_s40.B02,ll_lum,29,127,5256422,1.2765,0,40,882063,0.20171,3319293,3319293,0,2778760,
mcs70_b09_s40.A03,mcs70_b09_s40.B03,ll_lum,29,127,5380429,1.31097,0,40,708859,0.162601,3393854,3393854,0,2821420,
mcs70_b09_s40.A04,mcs70_b09_s40.B04,ll_lum,29,128,6375061,1.46256,0,40,2969011,0.609177,4044218,4044218,0,3403729,
mcs70_b09_s40.A05,mcs70_b09_s40.B05,ll_lum,29,129,3511210,0.932823,0,40,1302569,0.34609,2263673,2263673,0,1919213,
mcs70_b09_s40.A06,mcs70_b09_s40.B06,ll_lum,29,127,5509899,1.44036,0,40,1241381,0.302426,3452697,3452697,0,2893629,
mcs70_b09_s40.A07,mcs70_b09_s40.B07,ll_lum,29,127,4474933,1.24116,0,40,323720,0.085786,2815120,2815120,0,2331968,
mcs70_b09_s40.A08,mcs70_b09_s40.B08,ll_lum,29,128,5014975,1.20232,0,40,1820248,0.404787,3178554,3178554,0,2688185,
mcs70_b09_s40.A09,mcs70_b09_s40.B09,ll_lum,29,128,5411390,1.34416,0,40,246817,0.0613906,3377691,3377691,0,2781811,
mcs70_b09_s50.A00,mcs70_b09_s50.B00,ll_lum,35,154,198844415,48.8079,0,50,28313129,6.8502,125350684,125350684,0,105707339,
mcs70_b09_s50.A01,mcs70_b09_s50.B01,ll_lum,35,149,834564398,167.451,0,50,690342405,132.341,543610900,543610900,0,465953160,
mcs70_b09_s50.A02,mcs70_b09_s50.B02,ll_lum,35,155,243404241,58.6491,0,50,58100544,13.8459,152881919,152881919,0,127315813,
mcs70_b09_s50.A03,mcs70_b09_s50.B03,ll_lum,35,154,201646389,47.3031,0,50,57896348,12.3496,128791627,128791627,0,109198674,
mcs70_b09_s50.A04,mcs70_b09_s50.B04,ll_lum,35,154,237874547,52.3858,0,50,109294550,20.6795,152189199,152189199,0,128463810,
mcs70_b09_s50.A05,mcs70_b09_s50.B05,ll_lum,35,150,798769022,164.788,0,50,685490700,135.093,521460859,521460859,0,449398305,
mcs70_b09_s50.A06,mcs70_b09_s50.B06,ll_lum,35,145,201266733,52.239,0,50,68503729,17.2998,129635712,129635712,0,111209783,
mcs70_b09_s50.A07,mcs70_b09_s50.B07,ll_lum,35,156,244553650,64.9046,0,50,95337968,23.0982,157661569,157661569,0,135110387,
mcs70_b09_s50.A08,mcs70_b09_s50.B08,ll_lum,35,154,205525825,49.8867,0,50,15621402,3.6347,129370408,129370408,0,108827043,
mcs70_b09_s50.A09,mcs70_b09_s50.B09,ll_lum,36,157,371146487,74.0726,0,50,287977129,53.7092,240506339,240506339,0,201565094,
mcs70_b09_s60.A00,mcs70_b09_s60.B00,ll_lum,43,183,2384257482,579.97,0,60,801072642,194.874,1527334231,1527334231,0,1286242594,
mcs70_b09_s60.A01,mcs70_b09_s60.B01,ll_lum,44,190,535255417,133.125,0,60,116257036,28.3964,335132946,335132946,0,268201539,
mcs70_b09_s60.A02,mcs70_b09_s60.B02,ll_lum,42,189,3323322428,815.535,0,60,26227768,5.62208,2123463563,2123463563,0,1783937661,
mcs70_b09_s60.A03,mcs70_b09_s60.B03,ll_lum,44,191,766515098,189.879,0,60,24209018,5.03624,477358639,477358639,0,384335599,
mcs70_b09_s60.A04,mcs70_b09_s60.B04,ll_lum,43,190,1449920350,358.455,0,60,69893095,15.8955,924894398,924894398,0,782190210,
mcs70_b09_s60.A05,mcs70_b09_s60.B05,ll_lum,29,65,5699550418,1000.02,1,60,4405524292,773.75,3850625900,3850625900,0,3263328511,
mcs70_b09_s60.A06,mcs70_b09_s60.B06,ll_lum,43,166,1153386758,282.216,0,60,185456034,44.4817,738743921,738743921,0,613930063,
mcs70_b09_s60.A07,mcs70_b09_s60.B07,ll_lum,44,186,1899680794,388.812,0,60,1299700273,237.6,1250848438,1250848438,0,1070332826,
mcs70_b09_s60.A08,mcs70_b09_s60.B08,ll_lum,43,192,1955178015,479.186,0,60,335971296,80.6133,1258702572,1258702572,0,1070318725,
mcs70_b09_s60.A09,mcs70_b09_s60.B09,ll_lum,43,190,1059249190,259.373,0,60,129022433,31.4932,686017363,686017363,0,575857949,
mcs70_b09_s70.A00,mcs70_b09_s70.B00,ll_lum,36,91,5769656938,1000.02,1,70,5695934448,985.94,3890346390,3890346390,0,3278008909,
mcs70_b09_s70.A01,mcs70_b09_s70.B01,ll_lum,42,152,4524969682,1000.01,1,70,1157404014,245.477,3034746291,3034746291,0,2642988146,
mcs70_b09_s70.A02,mcs70_b09_s70.B02,ll_lum,48,216,4159836483,1000.02,1,70,452852260,101.955,2755067552,2755067552,0,2366178169,
mcs70_b09_s70.A03,mcs70_b09_s70.B03,ll_lum,32,82,5658908202,1000.02,1,70,22544499,4.00063,3797198355,3797198355,0,3252609026,
mcs70_b09_s70.A04,mcs70_b09_s70.B04,ll_lum,33,51,6062613793,1000.02,1,70,4449551254,726.596,4064658963,4064658963,0,3374614680,
mcs70_b09_s70.A05,mcs70_b09_s70.B05,ll_lum,48,216,4280618390,1000.02,1,70,3125278149,716.168,2852109153,2852109153,0,2498401271,
mcs70_b09_s70.A06,mcs70_b09_s70.B06,ll_lum,39,144,4782051464,1000.01,1,70,1264275388,251.549,3190760565,3190760565,0,2756798634,
mcs70_b09_s70.A07,mcs70_b09_s70.B07,ll_lum,49,208,4212731366,1000.02,1,70,3714746471,875.679,2803892523,2803892523,0,2450055304,
mcs70_b09_s70.A08,mcs70_b09_s70.B08,ll_lum,49,217,4191103110,1000.02,1,70,2804597938,653.896,2784874151,2784874151,0,2424562423,
mcs70_b09_s70.A09,mcs70_b09_s70.B09,ll_lum,49,217,3970419371,1000.02,1,70,2502816342,607.999,2631903846,2631903846,0,2279866909,
mcs70_b09_s80.A00,mcs70_b09_s80.B00,ll_lum,41,116,4647483782,1000.01,1,80,1108807687,228.436,3221601444,3221601444,0,2738317576,
mcs70_b09_s80.A01,mcs70_b09_s80.B01,ll_lum,37,64,6130830775,1000.01,1,80,468360934,71.7785,4178277112,4178277112,0,3520027656,
mcs70_b09_s80.A02,mcs70_b09_s80.B02,ll_lum,56,252,4032458356,1000.01,1,80,427909240,106.261,2605607629,2605607629,0,2192822327,
mcs70_b09_s80.A03,mcs70_b09_s80.B03,ll_lum,40,102,5670146658,1000.01,1,80,16879410,2.88588,3945202057,3945202057,0,3308422873,
mcs70_b09_s80.A04,mcs70_b09_s80.B04,ll_lum,43,143,5114546640,1000.01,1,80,2081122129,401.025,3532951666,3532951666,0,3014907883,
mcs70_b09_s80.A05,mcs70_b09_s80.B05,ll_lum,48,169,4548390245,1000.01,1,80,225357885,44.6335,2994498985,2994498985,0,2519297918,
mcs70_b09_s80.A06,mcs70_b09_s80.B06,ll_lum,56,252,3961320903,1000.01,1,80,235229445,57.8948,2534812296,2534812296,0,2153308656,
mcs70_b09_s80.A07,mcs70_b09_s80.B07,ll_lum,57,245,3956795717,1000.02,1,80,104,9.7576e-05,2603502054,2603502054,0,2229425795,
mcs70_b09_s80.A08,mcs70_b09_s80.B08,ll_lum,57,253,4049507733,1000.01,1,80,58,9.5655e-05,2680693405,2680693405,0,2272117697,
mcs70_b09_s80.A09,mcs70_b09_s80.B09,ll_lum,41,121,5532929170,1000.01,1,80,3931069741,681.43,3691323385,3691323385,0,3085655987,
mcs70_b09_s90.A00,mcs70_b09_s90.B00,ll_lum,52,187,4097917083,1000.02,1,90,2569717788,623.298,2615436734,2615436734,0,2080903242,
mcs70_b09_s90.A01,mcs70_b09_s90.B01,ll_lum,43,97,4810212581,1000.02,1,90,488796580,102.092,3436754159,3436754159,0,2862206975,
mcs70_b09_s90.A02,mcs70_b09_s90.B02,ll_lum,56,222,4016231831,1000.02,1,90,32243083,7.0096,2418486892,2418486892,0,1978532142,
mcs70_b09_s90.A03,mcs70_b09_s90.B03,ll_lum,52,197,4682504525,1000.02,1,90,274,0.000105918,3104287653,3104287653,0,2625991470,
mcs70_b09_s90.A04,mcs70_b09_s90.B04,ll_lum,47,170,4845670859,1000.02,1,90,48,6.3235e-05,3022716843,3022716843,0,2488543579,
mcs70_b09_s90.A05,mcs70_b09_s90.B05,ll_lum,51,181,5123958938,1000.02,1,90,2103997650,370.139,3341166419,3341166419,0,2722708096,
mcs70_b09_s90.A06,mcs70_b09_s90.B06,ll_lum,62,279,3917343180,1000.02,1,90,3118445435,784.616,2327254951,2327254951,0,1877411094,
mcs70_b09_s90.A07,mcs70_b09_s90.B07,ll_lum,47,157,4334313910,1000.01,1,90,1502354398,343.498,2715935847,2715935847,0,2301530525,
mcs70_b09_s90.A08,mcs70_b09_s90.B08,ll_lum,55,221,4256601553,1000.01,1,90,92373818,21.5418,2803422396,2803422396,0,2361073577,
mcs70_b09_s90.A09,mcs70_b09_s90.B09,ll_lum,62,279,3830857545,1000.01,1,90,747833,0.182484,2463676157,2463676157,0,2120391158,
mcs70_b09m_s100.A00,mcs70_b09m_s100.B00,ll_lum,71,314,2699526467,1000.01,1,100,72,0.00013287,1352739313,1352739313,0,836755753,
mcs70_b09m_s100.A01,mcs70_b09m_s100.B01,ll_lum,45,49,5534654179,1000.03,1,100,3715087209,661.863,3629093010,3629093010,0,2967280066,
mcs70_b09m_s100.A02,mcs70_b09m_s100.B02,ll_lum,41,52,6184681065,1000.02,1,100,57311186,9.30698,4065782982,4065782982,0,3190180198,
mcs70_b09m_s100.A03,mcs70_b09m_s100.B03,ll_lum,41,47,6191560197,1000.02,1,100,1383191569,216.17,3892743352,3892743352,0,3130427676,
mcs70_b09m_s100.A04,mcs70_b09m_s100.B04,ll_lum,42,54,5900785335,1000.02,1,100,446999106,73.1444,3770962034,3770962034,0,3060084218,
mcs70_b09m_s100.A05,mcs70_b09m_s100.B05,ll_lum,43,57,5934946457,1000.02,1,100,3837075042,627.381,3817379037,3817379037,0,3050856245,
mcs70_b09m_s100.A06,mcs70_b09m_s100.B06,ll_lum,41,51,5857442775,1000.02,1,100,614638253,104.442,3675165154,3675165154,0,3058625829,
mcs70_b09m_s100.A07,mcs70_b09m_s100.B07,ll_lum,50,155,4593759486,1000.02,1,100,299302118,59.9997,2747602453,2747602453,0,2222330255,
mcs70_b09m_s100.A08,mcs70_b09m_s100.B08,ll_lum,43,58,5681589758,1000.02,1,100,2155363423,357.573,3562198429,3562198429,0,2897156183,
mcs70_b09m_s100.A09,mcs70_b09m_s100.B09,ll_lum,44,89,5957591033,1000.01,1,100,86924378,14.8126,3814434251,3814434251,0,3078059955,
mcs70_b09m_s15.A00,mcs70_b09m_s15.B00,ll_lum,10,25,3161,0.000509396,0,15,270,4.4938e-05,2199,2199,0,1784,
mcs70_b09m_s15.A01,mcs70_b09m_s15.B01,ll_lum,10,31,3794,0.000605673,0,15,1261,0.000192531,2685,2685,0,2120,
mcs70_b09m_s15.A02,mcs70_b09m_s15.B02,ll_lum,10,21,3342,0.000532703,0,15,755,0.000111878,2307,2307,0,1860,
mcs70_b09m_s15.A03,mcs70_b09m_s15.B03,ll_lum,11,34,1000,0.000192159,0,15,324,5.5754e-05,697,697,0,517,
mcs70_b09m_s15.A04,mcs70_b09m_s15.B04,ll_lum,11,35,2766,0.000463906,0,15,1626,0.000249124,1922,1922,0,1554,
mcs70_b09m_s15.A05,mcs70_b09m_s15.B05,ll_lum,10,25,4547,0.000651326,0,15,544,6.2894e-05,3099,3099,0,2370,
mcs70_b09m_s15.A06,mcs70_b09m_s15.B06,ll_lum,10,27,4769,0.00075839,0,15,1742,0.000260532,3289,3289,0,2563,
mcs70_b09m_s15.A07,mcs70_b09m_s15.B07,ll_lum,10,24,3090,0.000544448,0,15,80,2.2183e-05,2124,2124,0,1731,
mcs70_b09m_s15.A08,mcs70_b09m_s15.B08,ll_lum,11,37,1541,0.000270917,0,15,812,0.000127071,1078,1078,0,854,
mcs70_b09m_s15.A09,mcs70_b09m_s15.B09,ll_lum,10,33,2589,0.000403999,0,15,1221,0.000162555,1850,1850,0,1493,
mcs70_b09m_s20.A00,mcs70_b09m_s20.B00,ll_lum,15,60,5187,0.00114485,0,20,16,1.3711e-05,3823,3823,0,3284,
mcs70_b09m_s20.A01,mcs70_b09m_s20.B01,ll_lum,14,55,100428,0.0184694,0,20,81747,0.0144165,63829,63829,0,53573,
mcs70_b09m_s20.A02,mcs70_b09m_s20.B02,ll_lum,14,60,46282,0.00814808,0,20,37169,0.00631463,30027,30027,0,24834,
mcs70_b09m_s20.A03,mcs70_b09m_s20.B03,ll_lum,14,58,53415,0.00943451,0,20,46539,0.00801567,33901,33901,0,27807,
mcs70_b09m_s20.A04,mcs70_b09m_s20.B04,ll_lum,14,55,34481,0.00656996,0,20,23271,0.00427641,22883,22883,0,18881,
mcs70_b09m_s20.A05,mcs70_b09m_s20.B05,ll_lum,14,57,27576,0.00530591,0,20,19922,0.00375765,18200,18200,0,14857,
mcs70_b09m_s20.A06,mcs70_b09m_s20.B06,ll_lum,14,59,72611,0.0141377,0,20,54222,0.010233,47118,47118,0,40521,
mcs70_b09m_s20.A07,mcs70_b09m_s20.B07,ll_lum,14,56,51907,0.00966456,0,20,42724,0.00753751,33453,33453,0,27754,
mcs70_b09m_s20.A08,mcs70_b09m_s20.B08,ll_lum,14,59,53151,0.00998368,0,20,41531,0.00754843,34538,34538,0,28357,
mcs70_b09m_s20.A09,mcs70_b09m_s20.B09,ll_lum,14,49,20939,0.00415113,0,20,5328,0.000941588,14613,14613,0,12439,
mcs70_b09m_s25.A00,mcs70_b09m_s25.B00,ll_lum,16,68,483752,0.0955436,0,25,236576,0.0425137,307693,307693,0,264084,
mcs70_b09m_s25.A01,mcs70_b09m_s25.B01,ll_lum,17,70,578879,0.111651,0,25,460676,0.0849667,359820,359820,0,311749,
mcs70_b09m_s25.A02,mcs70_b09m_s25.B02,ll_lum,17,61,573206,0.1124,0,25,440494,0.0822236,364284,364284,0,316203,
mcs70_b09m_s25.A03,mcs70_b09m_s25.B03,ll_lum,16,67,639264,0.121631,0,25,402866,0.0710108,405231,405231,0,347595,
mcs70_b09m_s25.A04,mcs70_b09m_s25.B04,ll_lum,16,65,561233,0.10893,0,25,248318,0.0442137,361509,361509,0,310985,
mcs70_b09m_s25.A05,mcs70_b09m_s25.B05,ll_lum,16,70,268790,0.0590732,0,25,10707,0.00198334,179727,179727,0,158106,
mcs70_b09m_s25.A06,mcs70_b09m_s25.B06,ll_lum,16,67,732208,0.145504,0,25,383748,0.070805,460970,460970,0,404916,
mcs70_b09m_s25.A07,mcs70_b09m_s25.B07,ll_lum,16,68,478437,0.0989877,0,25,175551,0.0326101,308158,308158,0,270602,
mcs70_b09m_s25.A08,mcs70_b09m_s25.B08,ll_lum,17,70,344468,0.0678037,0,25,263060,0.0497862,223964,223964,0,195963,
mcs70_b09m_s25.A09,mcs70_b09m_s25.B09,ll_lum,16,64,406707,0.0837361,0,25,112448,0.0214634,267074,267074,0,234270,
mcs70_b09m_s30.A00,mcs70_b09m_s30.B00,ll_lum,21,87,5736685,1.07053,0,30,5380275,0.987469,3554991,3554991,0,3075733,
mcs70_b09m_s30.A01,mcs70_b09m_s30.B01,ll_lum,20,87,6553311,1.22957,0,30,5769356,1.04595,4102720,4102720,0,3534082,
mcs70_b09m_s30.A02,mcs70_b09m_s30.B02,ll_lum,21,87,7626668,1.40457,0,30,7234727,1.31314,4682975,4682975,0,4003903,
mcs70_b09m_s30.A03,mcs70_b09m_s30.B03,ll_lum,21,81,436790,0.102717,0,30,15641,0.00299279,297779,297779,0,266673,
mcs70_b09m_s30.A04,mcs70_b09m_s30.B04,ll_lum,21,84,399002,0.0898507,0,30,71621,0.0128893,268818,268818,0,236299,
mcs70_b09m_s30.A05,mcs70_b09m_s30.B05,ll_lum,20,88,7901582,1.51979,0,30,7155017,1.34629,4874516,4874516,0,4210180,
mcs70_b09m_s30.A06,mcs70_b09m_s30.B06,ll_lum,20,84,1169116,0.258234,0,30,206691,0.03658,765799,765799,0,681018,
mcs70_b09m_s30.A07,mcs70_b09m_s30.B07,ll_lum,20,84,3273751,0.613772,0,30,2600298,0.463389,2075690,2075690,0,1774479,
mcs70_b09m_s30.A08,mcs70_b09m_s30.B08,ll_lum,20,87,5615872,1.07874,0,30,5114889,0.960575,3547931,3547931,0,3077079,
mcs70_b09m_s30.A09,mcs70_b09m_s30.B09,ll_lum,20,87,1111892,0.24425,0,30,270455,0.0471561,719784,719784,0,637594,
mcs70_b09m_s35.A00,mcs70_b09m_s35.B00,ll_lum,24,106,30388687,5.62244,0,35,28017716,5.05831,18955389,18955389,0,16257414,
mcs70_b09m_s35.A01,mcs70_b09m_s35.B01,ll_lum,24,105,76762898,14.3722,0,35,74714312,13.893,47854119,47854119,0,40357572,
mcs70_b09m_s35.A02,mcs70_b09m_s35.B02,ll_lum,24,105,2581042,0.587486,0,35,509346,0.0952379,1695487,1695487,0,1509916,
mcs70_b09m_s35.A03,mcs70_b09m_s35.B03,ll_lum,24,105,40131939,7.43781,0,35,38240356,6.98736,25166440,25166440,0,21285579,
mcs70_b09m_s35.A04,mcs70_b09m_s35.B04,ll_lum,24,105,77596521,14.8328,0,35,75586907,14.3537,48156635,48156635,0,41260944,
mcs70_b09m_s35.A05,mcs70_b09m_s35.B05,ll_lum,24,104,23951292,4.48752,0,35,21961300,4.00853,14921997,14921997,0,12680263,
mcs70_b09m_s35.A06,mcs70_b09m_s35.B06,ll_lum,24,105,63031956,12.0461,0,35,60791987,11.5089,39572617,39572617,0,34262335,
mcs70_b09m_s35.A07,mcs70_b09m_s35.B07,ll_lum,24,102,33466691,6.39009,0,35,31698734,5.98339,21422817,21422817,0,18555844,
mcs70_b09m_s35.A08,mcs70_b09m_s35.B08,ll_lum,24,107,20740023,4.33366,0,35,19278385,3.98311,13368466,13368466,0,11772075,
mcs70_b09m_s35.A09,mcs70_b09m_s35.B09,ll_lum,24,104,34269212,6.70094,0,35,32368479,6.24753,21919744,21919744,0,19090762,
mcs70_b09m_s40.A00,mcs70_b09m_s40.B00,ll_lum,28,124,390715659,73.5684,0,40,387116925,72.672,247391675,247391675,0,210496955,
mcs70_b09m_s40.A01,mcs70_b09m_s40.B01,ll_lum,28,120,243636030,48.8597,0,40,237603675,47.416,154971259,154971259,0,135502650,
mcs70_b09m_s40.A02,mcs70_b09m_s40.B02,ll_lum,28,123,484799708,96.8283,0,40,478665638,95.2392,309748592,309748592,0,264757199,
mcs70_b09m_s40.A03,mcs70_b09m_s40.B03,ll_lum,28,122,513036037,96.1151,0,40,508493665,95.0464,325999067,325999067,0,273225097,
mcs70_b09m_s40.A04,mcs70_b09m_s40.B04,ll_lum,28,122,171997111,33.1447,0,40,166535346,31.8135,109339476,109339476,0,94149993,
mcs70_b09m_s40.A05,mcs70_b09m_s40.B05,ll_lum,28,124,542397203,98.3274,0,40,537504580,97.1643,344186284,344186284,0,290784155,
mcs70_b09m_s40.A06,mcs70_b09m_s40.B06,ll_lum,28,121,714870566,139.804,0,40,708079523,138.125,456377642,456377642,0,399401084,
mcs70_b09m_s40.A07,mcs70_b09m_s40.B07,ll_lum,28,121,39602268,7.89019,0,40,34006392,6.54964,25837049,25837049,0,22542295,
mcs70_b09m_s40.A08,mcs70_b09m_s40.B08,ll_lum,28,120,614217024,116.746,0,40,609096549,115.547,387518572,387518572,0,321029415,
mcs70_b09m_s40.A09,mcs70_b09m_s40.B09,ll_lum,28,124,7958861,1.87285,0,40,2685846,0.577551,5217895,5217895,0,4677316,
mcs70_b09m_s50.A00,mcs70_b09m_s50.B00,ll_lum,24,36,5577154912,1000.01,1,50,42166902,7.47031,3637919507,3637919507,0,3091750705,
mcs70_b09m_s50.A01,mcs70_b09m_s50.B01,ll_lum,34,150,171701085,40.4754,0,50,2804173,0.598443,116114685,116114685,0,103166901,
mcs70_b09m_s50.A02,mcs70_b09m_s50.B02,ll_lum,25,68,5366089897,1000.02,1,50,1290375298,232.087,3488334762,3488334762,0,2985304632,
mcs70_b09m_s50.A03,mcs70_b09m_s50.B03,ll_lum,24,31,5667041841,1000.01,1,50,740106273,126.846,3651892508,3651892508,0,3076237313,
mcs70_b09m_s50.A04,mcs70_b09m_s50.B04,ll_lum,24,29,5468266545,1000,1,50,1670279237,295.857,3485248607,3485248607,0,2952873824,
mcs70_b09m_s50.A05,mcs70_b09m_s50.B05,ll_lum,26,84,4953081157,1000.02,1,50,31876065,5.3541,3226069755,3226069755,0,2782974545,
mcs70_b09m_s50.A06,mcs70_b09m_s50.B06,ll_lum,24,27,5626452253,1000.01,1,50,1050384748,181.301,3624436755,3624436755,0,3065150548,
mcs70_b09m_s50.A07,mcs70_b09m_s50.B07,ll_lum,35,153,75051077,18.5279,0,50,36,4.1051e-05,51090439,51090439,0,45824976,
mcs70_b09m_s50.A08,mcs70_b09m_s50.B08,ll_lum,27,73,5084118125,1000.02,1,50,2638588090,498.976,3353582959,3353582959,0,2895699825,
mcs70_b09m_s50.A09,mcs70_b09m_s50.B09,ll_lum,25,49,5421030759,1000.02,1,50,1553747230,281.798,3551122500,3551122500,0,3024751501,
mcs70_b09m_s60.A00,mcs70_b09m_s60.B00,ll_lum,28,39,5687216875,1000.02,1,60,955778906,159.956,3742287217,3742287217,0,3221277456,
mcs70_b09m_s60.A01,mcs70_b09m_s60.B01,ll_lum,28,38,5508831947,1000.01,1,60,2686810063,482.145,3555456216,3555456216,0,3004496543,
mcs70_b09m_s60.A02,mcs70_b09m_s60.B02,ll_lum,29,35,5344540395,1000.01,1,60,785026606,138.375,3465183919,3465183919,0,2992734945,
mcs70_b09m_s60.A03,mcs70_b09m_s60.B03,ll_lum,28,37,5473014526,1000.01,1,60,181692690,33.5482,3527228733,3527228733,0,2964379144,
mcs70_b09m_s60.A04,mcs70_b09m_s60.B04,ll_lum,29,36,5480369431,1000.02,1,60,2579379029,460.874,3560094626,3560094626,0,3031456521,
mcs70_b09m_s60.A05,mcs70_b09m_s60.B05,ll_lum,28,34,5982210110,1000.02,1,60,4263623379,704.116,3917569801,3917569801,0,3247761905,
mcs70_b09m_s60.A06,mcs70_b09m_s60.B06,ll_lum,28,38,5857332150,1000.02,1,60,399821292,63.2219,3839659969,3839659969,0,3174825545,
mcs70_b09m_s60.A07,mcs70_b09m_s60.B07,ll_lum,31,95,5144892703,1000.02,1,60,1823086684,326.34,3354649433,3354649433,0,2867615151,
mcs70_b09m_s60.A08,mcs70_b09m_s60.B08,ll_lum,28,34,5746775908,1000.02,1,60,4935596236,857.522,3743779333,3743779333,0,3063518706,
mcs70_b09m_s60.A09,mcs70_b09m_s60.B09,ll_lum,28,35,5639557175,1000.02,1,60,584085527,100.722,3665479841,3665479841,0,3089500527,
mcs70_b09m_s70.A00,mcs70_b09m_s70.B00,ll_lum,32,37,5940865245,1000.02,1,70,1214462177,194.847,3878470227,3878470227,0,3273022576,
mcs70_b09m_s70.A01,mcs70_b09m_s70.B01,ll_lum,31,33,6056031225,1000.02,1,70,1319364925,211.814,3888584787,3888584787,0,3165187935,
mcs70_b09m_s70.A02,mcs70_b09m_s70.B02,ll_lum,32,40,5513321366,1000.02,1,70,2505794865,440.737,3568066783,3568066783,0,2990529240,
mcs70_b09m_s70.A03,mcs70_b09m_s70.B03,ll_lum,32,44,5838949893,1000.02,1,70,413439952,64.7435,3823614408,3823614408,0,3192350865,
mcs70_b09m_s70.A04,mcs70_b09m_s70.B04,ll_lum,36,88,4770020559,1000.01,1,70,28771556,6.08709,3096253705,3096253705,0,2680104247,
mcs70_b09m_s70.A05,mcs70_b09m_s70.B05,ll_lum,31,38,5586177010,1000.02,1,70,2814628200,493.151,3584311185,3584311185,0,2985083716,
mcs70_b09m_s70.A06,mcs70_b09m_s70.B06,ll_lum,48,213,3780171254,1000.02,1,70,49,7.5172e-05,2595800049,2595800049,0,2378807148,
mcs70_b09m_s70.A07,mcs70_b09m_s70.B07,ll_lum,35,106,5035148051,1000.02,1,70,282053276,47.8485,3271665012,3271665012,0,2837848426,
mcs70_b09m_s70.A08,mcs70_b09m_s70.B08,ll_lum,31,38,5751978143,1000.01,1,70,142071,0.0254023,3697096276,3697096276,0,3041694861,
mcs70_b09m_s70.A09,mcs70_b09m_s70.B09,ll_lum,32,43,5559643482,1000.02,1,70,67123735,11.3207,3546039854,3546039854,0,2963063627,
mcs70_b09m_s80.A00,mcs70_b09m_s80.B00,ll_lum,37,51,6070628700,1000.02,1,80,901166113,136.32,4051897081,4051897081,0,3324614365,
mcs70_b09m_s80.A01,mcs70_b09m_s80.B01,ll_lum,37,98,5238932923,1000.02,1,80,9851759,2.033,3379471380,3379471380,0,2886827869,
mcs70_b09m_s80.A02,mcs70_b09m_s80.B02,ll_lum,34,38,5979820188,1000.02,1,80,2849865016,459.102,3822278907,3822278907,0,3153362778,
mcs70_b09m_s80.A03,mcs70_b09m_s80.B03,ll_lum,35,45,5924412254,1000.02,1,80,1980921211,328.835,3851975438,3851975438,0,3170190759,
mcs70_b09m_s80.A04,mcs70_b09m_s80.B04,ll_lum,45,161,4130599402,1000.02,1,80,46,6.8594e-05,2676679809,2676679809,0,2381854606,
mcs70_b09m_s80.A05,mcs70_b09m_s80.B05,ll_lum,35,44,6270224935,1000.02,1,80,55519353,8.44457,4303178734,4303178734,0,3481097061,
mcs70_b09m_s80.A06,mcs70_b09m_s80.B06,ll_lum,34,39,5846709977,1000.01,1,80,1188812757,201.263,3766852633,3766852633,0,3016465156,
mcs70_b09m_s80.A07,mcs70_b09m_s80.B07,ll_lum,35,43,5890532173,1000.02,1,80,3559734035,582.14,3852983144,3852983144,0,3174727189,
mcs70_b09m_s80.A08,mcs70_b09m_s80.B08,ll_lum,34,38,5865804678,1000.02,1,80,29968479,4.41715,3795375587,3795375587,0,3037723609,
mcs70_b09m_s80.A09,mcs70_b09m_s80.B09,ll_lum,35,44,3379051593,1000.02,1,80,115022677,36.6071,2178570423,2178570423,0,1806240176,
mcs70_b09m_s90.A00,mcs70_b09m_s90.B00,ll_lum,38,48,5934199191,1000.02,1,90,34532966,5.54005,3823476170,3823476170,0,3142397750,
mcs70_b09m_s90.A01,mcs70_b09m_s90.B01,ll_lum,40,49,5897613699,1000.02,1,90,162828831,26.0968,3874081179,3874081179,0,3213482433,
mcs70_b09m_s90.A02,mcs70_b09m_s90.B02,ll_lum,40,52,6052785211,1000.01,1,90,48445809,8.2764,3952720604,3952720604,0,3240178159,
mcs70_b09m_s90.A03,mcs70_b09m_s90.B03,ll_lum,39,53,6615711843,1000.02,1,90,717119885,106.178,4429203396,4429203396,0,3599352609,
mcs70_b09m_s90.A04,mcs70_b09m_s90.B04,ll_lum,39,47,5672388165,1000.02,1,90,714227382,120.252,3675026940,3675026940,0,3009334416,
mcs70_b09m_s90.A05,mcs70_b09m_s90.B05,ll_lum,38,49,6278333993,1000.01,1,90,1469331545,233.969,3983304591,3983304591,0,3108990828,
mcs70_b09m_s90.A06,mcs70_b09m_s90.B06,ll_lum,41,96,5596282028,1000.02,1,90,2885400736,493.237,3601374683,3601374683,0,3005726309,
mcs70_b09m_s90.A07,mcs70_b09m_s90.B07,ll_lum,40,45,5838443321,1000.01,1,90,861987795,144.321,3834711050,3834711050,0,3192838881,
mcs70_b09m_s90.A08,mcs70_b09m_s90.B08,ll_lum,39,45,6281750201,1000.01,1,90,1852048108,295.28,4036296055,4036296055,0,3223117835,
mcs70_b09m_s90.A09,mcs70_b09m_s90.B09,ll_lum,38,47,5583004659,1000.02,1,90,1303608971,224.028,3650671232,3650671232,0,2959710164,
mcs70_m2D_s100.A00,mcs70_m2D_s100.B00,ll_lum,66,65,7818373913,1000.02,1,100,618179512,73.5276,5551726179,5551726179,0,3934422448,
mcs70_m2D_s100.A01,mcs70_m2D_s100.B01,ll_lum,64,62,7038617585,1000.01,1,100,5377867600,750.275,5051824534,5051824534,0,3717148277,
mcs70_m2D_s100.A02,mcs70_m2D_s100.B02,ll_lum,66,57,7573677597,1000.02,1,100,3648707542,469.145,5406868585,5406868585,0,3684698408,
mcs70_m2D_s100.A03,mcs70_m2D_s100.B03,ll_lum,65,59,6716955879,1000.02,1,100,2105462716,308.539,4725135039,4725135039,0,3420745236,
mcs70_m2D_s100.A04,mcs70_m2D_s100.B04,ll_lum,62,64,12285837357,1000.02,1,100,4321560690,312.747,10234186891,10234186891,0,8336032684,
mcs70_m2D_s100.A05,mcs70_m2D_s100.B05,ll_lum,65,66,7966992745,1000.02,1,100,653764,0.0708808,5249787023,5249787023,0,3481891591,
mcs70_m2D_s100.A06,mcs70_m2D_s100.B06,ll_lum,65,61,6654709952,1000.02,1,100,1334956922,181.233,3980307956,3980307956,0,2719870418,
mcs70_m2D_s100.A07,mcs70_m2D_s100.B07,ll_lum,67,60,6763120441,1000.02,1,100,2116534339,309.04,4781522204,4781522204,0,3341834743,
mcs70_m2D_s100.A08,mcs70_m2D_s100.B08,ll_lum,64,58,7437722154,1000.02,1,100,3609991403,469.268,4968354809,4968354809,0,3349460470,
mcs70_m2D_s100.A09,mcs70_m2D_s100.B09,ll_lum,70,77,7047843203,1000.01,1,100,1576373242,227.007,4282788637,4282788637,0,2717463414,
mcs70_m2D_s15.A00,mcs70_m2D_s15.B00,ll_lum,12,12,1951,0.000414091,0,15,880,0.0001736,1252,1252,0,877,
mcs70_m2D_s15.A01,mcs70_m2D_s15.B01,ll_lum,12,12,4773,0.000611461,0,15,4280,0.000512933,3013,3013,0,2009,
mcs70_m2D_s15.A02,mcs70_m2D_s15.B02,ll_lum,12,15,2420,0.000331469,0,15,1019,0.000124868,1559,1559,0,1028,
mcs70_m2D_s15.A03,mcs70_m2D_s15.B03,ll_lum,12,11,2120,0.000316395,0,15,1582,0.000216745,1358,1358,0,977,
mcs70_m2D_s15.A04,mcs70_m2D_s15.B04,ll_lum,12,12,2205,0.000274031,0,15,1819,0.000195013,1435,1435,0,908,
mcs70_m2D_s15.A05,mcs70_m2D_s15.B05,ll_lum,12,15,875,0.000231827,0,15,229,5.5693e-05,573,573,0,385,
mcs70_m2D_s15.A06,mcs70_m2D_s15.B06,ll_lum,11,10,3845,0.00047827,0,15,615,8.1673e-05,2479,2479,0,1581,
mcs70_m2D_s15.A07,mcs70_m2D_s15.B07,ll_lum,11,11,4269,0.000556077,0,15,45,1.2529e-05,2732,2732,0,1863,
mcs70_m2D_s15.A08,mcs70_m2D_s15.B08,ll_lum,12,15,1047,0.000172669,0,15,270,4.0681e-05,681,681,0,443,
mcs70_m2D_s15.A09,mcs70_m2D_s15.B09,ll_lum,12,11,2035,0.000283726,0,15,1829,0.000229725,1321,1321,0,902,
mcs70_m2D_s25.A00,mcs70_m2D_s25.B00,ll_lum,19,17,176340,0.0347537,0,25,9563,0.00181653,110992,110992,0,74845,
mcs70_m2D_s25.A01,mcs70_m2D_s25.B01,ll_lum,20,17,101463,0.0124938,0,25,57308,0.00672408,62974,62974,0,40585,
mcs70_m2D_s25.A02,mcs70_m2D_s25.B02,ll_lum,19,18,244430,0.0310958,0,25,44669,0.005362,155320,155320,0,105724,
mcs70_m2D_s25.A03,mcs70_m2D_s25.B03,ll_lum,19,22,257509,0.0309375,0,25,104248,0.0119542,168668,168668,0,113173,
mcs70_m2D_s25.A04,mcs70_m2D_s25.B04,ll_lum,19,19,404883,0.0486752,0,25,324822,0.0381196,272746,272746,0,199157,
mcs70_m2D_s25.A05,mcs70_m2D_s25.B05,ll_lum,19,23,246141,0.0300421,0,25,94985,0.0109494,159332,159332,0,109866,
mcs70_m2D_s25.A06,mcs70_m2D_s25.B06,ll_lum,19,23,173256,0.0229695,0,25,24461,0.00315693,111641,111641,0,78369,
mcs70_m2D_s25.A07,mcs70_m2D_s25.B07,ll_lum,19,16,493084,0.0607838,0,25,441146,0.0536975,322284,322284,0,227068,
mcs70_m2D_s25.A08,mcs70_m2D_s25.B08,ll_lum,19,18,333945,0.0411825,0,25,183497,0.0215419,215971,215971,0,150084,
mcs70_m2D_s25.A09,mcs70_m2D_s25.B09,ll_lum,19,27,353515,0.0658436,0,25,159226,0.0282027,228351,228351,0,159022,
mcs70_m2D_s35.A00,mcs70_m2D_s35.B00,ll_lum,28,42,6073562,0.779103,0,35,5028571,0.627768,4081272,4081272,0,2827072,
mcs70_m2D_s35.A01,mcs70_m2D_s35.B01,ll_lum,27,35,13323580,1.79445,0,35,6080236,0.790494,8529836,8529836,0,5599696,
mcs70_m2D_s35.A02,mcs70_m2D_s35.B02,ll_lum,27,35,10752156,1.44465,0,35,4927457,0.649486,7055848,7055848,0,4801721,
mcs70_m2D_s35.A03,mcs70_m2D_s35.B03,ll_lum,27,42,15838832,2.0117,0,35,9296584,1.13641,10705076,10705076,0,7422802,
mcs70_m2D_s35.A04,mcs70_m2D_s35.B04,ll_lum,27,42,15840405,2.11313,0,35,9243042,1.22472,10283566,10283566,0,6819151,
mcs70_m2D_s35.A05,mcs70_m2D_s35.B05,ll_lum,28,42,6536758,0.87163,0,35,4194281,0.541072,4209179,4209179,0,2790330,
mcs70_m2D_s35.A06,mcs70_m2D_s35.B06,ll_lum,26,25,60761246,7.97957,0,35,2880877,0.351009,39444401,39444401,0,25837419,
mcs70_m2D_s35.A07,mcs70_m2D_s35.B07,ll_lum,27,37,18169104,2.3579,0,35,9871506,1.23536,11875883,11875883,0,7892302,
mcs70_m2D_s35.A08,mcs70_m2D_s35.B08,ll_lum,28,41,19404883,2.54003,0,35,18693098,2.44027,12540195,12540195,0,8150001,
mcs70_m2D_s35.A09,mcs70_m2D_s35.B09,ll_lum,27,40,14933455,3.13706,0,35,5712102,1.15624,9658719,9658719,0,6522305,
mcs70_m2D_s40.A00,mcs70_m2D_s40.B00,ll_lum,30,25,307983951,41.7645,0,40,144609846,18.7391,207144982,207144982,0,144031573,
mcs70_m2D_s40.A01,mcs70_m2D_s40.B01,ll_lum,30,36,318180522,43.7374,0,40,58027101,7.59789,208218645,208218645,0,140288587,
mcs70_m2D_s40.A02,mcs70_m2D_s40.B02,ll_lum,30,44,232862439,32.6323,0,40,983844,0.118779,154059697,154059697,0,104479984,
mcs70_m2D_s40.A03,mcs70_m2D_s40.B03,ll_lum,30,38,313826299,41.3673,0,40,160456849,20.4979,210754350,210754350,0,145048454,
mcs70_m2D_s40.A04,mcs70_m2D_s40.B04,ll_lum,30,28,264962301,35.4424,0,40,66630741,8.48633,177690863,177690863,0,121741132,
mcs70_m2D_s40.A05,mcs70_m2D_s40.B05,ll_lum,30,42,231956278,32.4558,0,40,3797240,0.503745,155663228,155663228,0,108910164,
mcs70_m2D_s40.A06,mcs70_m2D_s40.B06,ll_lum,30,38,392842259,56.996,0,40,199961493,28.7645,258813022,258813022,0,175823136,
mcs70_m2D_s40.A07,mcs70_m2D_s40.B07,ll_lum,30,27,492762289,65.3313,0,40,367032216,48.3353,329174272,329174272,0,223774751,
mcs70_m2D_s40.A08,mcs70_m2D_s40.B08,ll_lum,30,40,489296241,67.0332,0,40,310307694,42.0759,335313668,335313668,0,239772737,
mcs70_m2D_s40.A09,mcs70_m2D_s40.B09,ll_lum,31,41,251021192,33.0203,0,40,214652170,27.8539,167069915,167069915,0,114436690,
mcs70_m2D_s50.A00,mcs70_m2D_s50.B00,ll_lum,39,59,6908196058,1000.02,1,50,5158542395,744.961,4556136376,4556136376,0,3060611425,
mcs70_m2D_s50.A01,mcs70_m2D_s50.B01,ll_lum,38,58,7153360055,1000.02,1,50,5058476827,699.438,4854237574,4854237574,0,3379859622,
mcs70_m2D_s50.A02,mcs70_m2D_s50.B02,ll_lum,39,57,3969205308,585.761,0,50,1633871542,230.507,2597214577,2597214577,0,1736912554,
mcs70_m2D_s50.A03,mcs70_m2D_s50.B03,ll_lum,39,61,6987890248,1000.02,1,50,6424824195,911.68,4739003424,4739003424,0,3362309583,
mcs70_m2D_s50.A04,mcs70_m2D_s50.B04,ll_lum,37,44,7355520443,1000.02,1,50,2470745968,324.996,4768557460,4768557460,0,3044775681,
mcs70_m2D_s50.A05,mcs70_m2D_s50.B05,ll_lum,37,40,3975418185,1000.02,1,50,381970036,94.1746,2684891770,2684891770,0,1913879061,
mcs70_m2D_s50.A06,mcs70_m2D_s50.B06,ll_lum,37,38,4040388056,1000.02,1,50,12785643,2.371,2730472565,2730472565,0,1874539580,
mcs70_m2D_s50.A07,mcs70_m2D_s50.B07,ll_lum,39,64,2624899223,684.926,0,50,1796513371,481.39,1762853955,1762853955,0,1238231328,
mcs70_m2D_s50.A08,mcs70_m2D_s50.B08,ll_lum,40,59,4391206632,647.775,0,50,4317046150,636.358,2885067900,2885067900,0,1939957806,
mcs70_m2D_s50.A09,mcs70_m2D_s50.B09,ll_lum,40,57,3036678523,416.463,0,50,2703791034,364.88,1984482217,1984482217,0,1340641984,
mcs70_m2D_s60.A00,mcs70_m2D_s60.B00,ll_lum,42,35,7285754544,1000.02,1,60,603106231,77.9641,5158538939,5158538939,0,3705324009,
mcs70_m2D_s60.A01,mcs70_m2D_s60.B01,ll_lum,44,45,6903088333,1000.01,1,60,6629153939,959.08,4638864924,4638864924,0,3276074165,
mcs70_m2D_s60.A02,mcs70_m2D_s60.B02,ll_lum,43,45,6916056858,1000.02,1,60,31052691,3.78037,4657160152,4657160152,0,3238657051,
mcs70_m2D_s60.A03,mcs70_m2D_s60.B03,ll_lum,43,39,7224242212,1000.02,1,60,47433672,5.82264,4878875596,4878875596,0,3272423209,
mcs70_m2D_s60.A04,mcs70_m2D_s60.B04,ll_lum,42,36,4435161706,1000.01,1,60,3938549256,902.941,2932277759,2932277759,0,2061903271,
mcs70_m2D_s60.A05,mcs70_m2D_s60.B05,ll_lum,41,35,7668346587,1000.02,1,60,12615832,1.45356,5340120722,5340120722,0,3620131604,
mcs70_m2D_s60.A06,mcs70_m2D_s60.B06,ll_lum,41,36,7273649804,1000.01,1,60,1055114878,140.797,4866204294,4866204294,0,3377768939,
mcs70_m2D_s60.A07,mcs70_m2D_s60.B07,ll_lum,42,51,6942416542,1000.01,1,60,15353680,1.87444,4913207593,4913207593,0,3525631554,
mcs70_m2D_s60.A08,mcs70_m2D_s60.B08,ll_lum,43,46,7037692831,1000.02,1,60,286802023,37.9181,4743164610,4743164610,0,3292227740,
mcs70_m2D_s60.A09,mcs70_m2D_s60.B09,ll_lum,43,36,7026412356,1000.01,1,60,770718541,105.333,4725632509,4725632509,0,3324668211,
mcs70_m2D_s70.A00,mcs70_m2D_s70.B00,ll_lum,49,46,6940532174,1000.02,1,70,1979512684,266.07,4711134980,4711134980,0,3230982117,
mcs70_m2D_s70.A01,mcs70_m2D_s70.B01,ll_lum,47,47,7180345796,1000.02,1,70,2703337445,368.629,4949011388,4949011388,0,3490771736,
mcs70_m2D_s70.A02,mcs70_m2D_s70.B02,ll_lum,48,45,7377272206,1000.02,1,70,5977065610,802.85,4968379723,4968379723,0,3452311741,
mcs70_m2D_s70.A03,mcs70_m2D_s70.B03,ll_lum,48,50,6585959307,1000.02,1,70,313618034,45.6424,4330213530,4330213530,0,2918606995,
mcs70_m2D_s70.A04,mcs70_m2D_s70.B04,ll_lum,47,48,7251201698,1000.01,1,70,873806467,111.685,4794984791,4794984791,0,3373612758,
mcs70_m2D_s70.A05,mcs70_m2D_s70.B05,ll_lum,48,52,7249026379,1000.02,1,70,25542831,3.41705,4946660405,4946660405,0,3376369067,
mcs70_m2D_s70.A06,mcs70_m2D_s70.B06,ll_lum,49,46,6783992137,1000.01,1,70,1071929966,156.832,4567675411,4567675411,0,3021273716,
mcs70_m2D_s70.A07,mcs70_m2D_s70.B07,ll_lum,47,46,6760932297,1000.02,1,70,2473913312,359.744,4722034083,4722034083,0,3335164810,
mcs70_m2D_s70.A08,mcs70_m2D_s70.B08,ll_lum,47,44,7184606330,1000.02,1,70,542669972,70.6055,5038505120,5038505120,0,3687378796,
mcs70_m2D_s70.A09,mcs70_m2D_s70.B09,ll_lum,47,45,7617381828,1000.01,1,70,6268061001,803.825,5444873051,5444873051,0,3888746698,
mcs70_m2D_s80.A00,mcs70_m2D_s80.B00,ll_lum,53,50,4032126553,1000.01,1,80,2421131345,586.722,2823915508,2823915508,0,2052427275,
mcs70_m2D_s80.A01,mcs70_m2D_s80.B01,ll_lum,55,60,7275086538,1000.01,1,80,531854182,62.145,5173683216,5173683216,0,3770994905,
mcs70_m2D_s80.A02,mcs70_m2D_s80.B02,ll_lum,57,52,6954902057,1000.01,1,80,273950422,35.5637,4732315053,4732315053,0,3120150275,
mcs70_m2D_s80.A03,mcs70_m2D_s80.B03,ll_lum,57,57,6991519711,1000.01,1,80,2867259435,400.187,4941334916,4941334916,0,3607143211,
mcs70_m2D_s80.A04,mcs70_m2D_s80.B04,ll_lum,54,45,7076523883,1000.01,1,80,990123043,119.283,4707074222,4707074222,0,3424709477,
mcs70_m2D_s80.A05,mcs70_m2D_s80.B05,ll_lum,56,63,6579558941,1000.01,1,80,3884716,0.449467,4534414622,4534414622,0,3382896462,
mcs70_m2D_s80.A06,mcs70_m2D_s80.B06,ll_lum,55,60,7010332522,1000.01,1,80,87324044,11.3403,4821226737,4821226737,0,3431205528,
mcs70_m2D_s80.A07,mcs70_m2D_s80.B07,ll_lum,57,68,6954806623,1000.02,1,80,5321402231,749.831,4784130370,4784130370,0,3368061138,
mcs70_m2D_s80.A08,mcs70_m2D_s80.B08,ll_lum,57,63,6722509715,1000.02,1,80,365541184,54.3804,4268331946,4268331946,0,2755881678,
mcs70_m2D_s80.A09,mcs70_m2D_s80.B09,ll_lum,54,49,6873064298,1000.02,1,80,13169467,1.65365,4727229015,4727229015,0,3362679342,
mcs70_m2D_s90.A00,mcs70_m2D_s90.B00,ll_lum,57,52,7023984382,1000.02,1,90,196277,0.0256885,4942381783,4942381783,0,3352742917,
mcs70_m2D_s90.A01,mcs70_m2D_s90.B01,ll_lum,62,76,6577281009,1000.02,1,90,156241032,21.0421,4215823171,4215823171,0,2886636472,
mcs70_m2D_s90.A02,mcs70_m2D_s90.B02,ll_lum,62,68,7228465190,1000.02,1,90,43001615,4.53168,4501475692,4501475692,0,3049417983,
mcs70_m2D_s90.A03,mcs70_m2D_s90.B03,ll_lum,59,55,7045366631,1000.02,1,90,34432575,3.86974,4866507113,4866507113,0,3390211543,
mcs70_m2D_s90.A04,mcs70_m2D_s90.B04,ll_lum,61,79,6640743566,1000.02,1,90,12621,0.00147578,4675638873,4675638873,0,3246218945,
mcs70_m2D_s90.A05,mcs70_m2D_s90.B05,ll_lum,62,62,6795145804,1000.01,1,90,89854343,12.0714,4697859330,4697859330,0,3248245586,
mcs70_m2D_s90.A06,mcs70_m2D_s90.B06,ll_lum,60,64,6910836749,1000.02,1,90,511045558,71.5824,4586518505,4586518505,0,3095447908,
mcs70_m2D_s90.A07,mcs70_m2D_s90.B07,ll_lum,61,64,7235390828,1000.02,1,90,379553029,50.1745,5141209115,5141209115,0,3643541303,
mcs70_m2D_s90.A08,mcs70_m2D_s90.B08,ll_lum,62,72,7311498586,1000.02,1,90,317647938,41.5407,4834692893,4834692893,0,3274843159,
mcs70_m2D_s90.A09,mcs70_m2D_s90.B09,ll_lum,58,60,8653987762,1000.02,1,90,638331790,67.1637,5905664972,5905664972,0,3937248480,
mcs70_m2Dr2_s100.A00,mcs70_m2Dr2_s100.B00,ll_lum,60,52,5587993575,1000.02,1,100,5440968183,970.648,4045546856,4045546856,0,2931318805,
mcs70_m2Dr2_s100.A01,mcs70_m2Dr2_s100.B01,ll_lum,62,59,7055378557,1000.02,1,100,4957632544,691.307,4678381330,4678381330,0,3409595851,
mcs70_m2Dr2_s100.A02,mcs70_m2Dr2_s100.B02,ll_lum,62,54,7357540912,1000.02,1,100,2154879349,274.066,4623293842,4623293842,0,3192650938,
mcs70_m2Dr2_s100.A03,mcs70_m2Dr2_s100.B03,ll_lum,63,54,6327104202,1000.01,1,100,893951347,124.603,4645320766,4645320766,0,3581221521,
mcs70_m2Dr2_s100.A04,mcs70_m2Dr2_s100.B04,ll_lum,65,63,7244899259,1000.02,1,100,610834929,51.4336,4803443805,4803443805,0,3420903685,
mcs70_m2Dr2_s100.A05,mcs70_m2Dr2_s100.B05,ll_lum,62,54,8842921188,1000.02,1,100,3137453551,216.852,6113489564,6113489564,0,4447263061,
mcs70_m2Dr2_s100.A06,mcs70_m2Dr2_s100.B06,ll_lum,59,53,7243853489,1000.01,1,100,76619994,10.2896,4931687656,4931687656,0,3523574176,
mcs70_m2Dr2_s100.A07,mcs70_m2Dr2_s100.B07,ll_lum,62,55,6775931629,1000.01,1,100,1445224801,206.236,4810723026,4810723026,0,3504589639,
mcs70_m2Dr2_s100.A08,mcs70_m2Dr2_s100.B08,ll_lum,63,56,7037139101,1000.02,1,100,26905235,3.05875,4533482532,4533482532,0,3189360544,
mcs70_m2Dr2_s100.A09,mcs70_m2Dr2_s100.B09,ll_lum,62,60,10073292722,1000.02,1,100,4045357467,217.876,7023115488,7023115488,0,5024410001,
mcs70_m2Dr2_s15.A00,mcs70_m2Dr2_s15.B00,ll_lum,12,17,1554,0.000312883,0,15,169,4.1362e-05,1042,1042,0,735,
mcs70_m2Dr2_s15.A01,mcs70_m2Dr2_s15.B01,ll_lum,11,12,5798,0.00100112,0,15,172,3.8629e-05,3655,3655,0,2553,
mcs70_m2Dr2_s15.A02,mcs70_m2Dr2_s15.B02,ll_lum,11,10,4363,0.000630462,0,15,2249,0.000302286,2808,2808,0,2012,
mcs70_m2Dr2_s15.A03,mcs70_m2Dr2_s15.B03,ll_lum,11,14,2515,0.000467907,0,15,32,1.3871e-05,1650,1650,0,1209,
mcs70_m2Dr2_s15.A04,mcs70_m2Dr2_s15.B04,ll_lum,11,14,4081,0.000655831,0,15,1182,0.000158279,2594,2594,0,1841,
mcs70_m2Dr2_s15.A05,mcs70_m2Dr2_s15.B05,ll_lum,11,13,2878,0.000445453,0,15,461,8.4277e-05,1818,1818,0,1102,
mcs70_m2Dr2_s15.A06,mcs70_m2Dr2_s15.B06,ll_lum,11,14,5050,0.000898929,0,15,350,7.6426e-05,3206,3206,0,2148,
mcs70_m2Dr2_s15.A07,mcs70_m2Dr2_s15.B07,ll_lum,11,15,5147,0.000854452,0,15,2614,0.000402248,3392,3392,0,2471,
mcs70_m2Dr2_s15.A08,mcs70_m2Dr2_s15.B08,ll_lum,11,13,3070,0.000485052,0,15,47,1.2379e-05,2053,2053,0,1519,
mcs70_m2Dr2_s15.A09,mcs70_m2Dr2_s15.B09,ll_lum,11,13,5794,0.00116773,0,15,1045,0.000206612,3610,3610,0,2447,
mcs70_m2Dr2_s25.A00,mcs70_m2Dr2_s25.B00,ll_lum,18,13,542469,0.106585,0,25,82369,0.0143545,349253,349253,0,237268,
mcs70_m2Dr2_s25.A01,mcs70_m2Dr2_s25.B01,ll_lum,18,14,464077,0.0658198,0,25,95590,0.0122393,312818,312818,0,233501,
mcs70_m2Dr2_s25.A02,mcs70_m2Dr2_s25.B02,ll_lum,18,22,357694,0.0463187,0,25,50447,0.00630908,242228,242228,0,179601,
mcs70_m2Dr2_s25.A03,mcs70_m2Dr2_s25.B03,ll_lum,18,22,613334,0.0850777,0,25,104959,0.013757,387664,387664,0,276796,
mcs70_m2Dr2_s25.A04,mcs70_m2Dr2_s25.B04,ll_lum,18,18,672315,0.0836958,0,25,407695,0.0498174,453299,453299,0,332449,
mcs70_m2Dr2_s25.A05,mcs70_m2Dr2_s25.B05,ll_lum,19,20,461591,0.0641491,0,25,454216,0.0631232,289568,289568,0,200451,
mcs70_m2Dr2_s25.A06,mcs70_m2Dr2_s25.B06,ll_lum,19,20,363612,0.0473677,0,25,319713,0.041455,225461,225461,0,148090,
mcs70_m2Dr2_s25.A07,mcs70_m2Dr2_s25.B07,ll_lum,18,21,399189,0.049629,0,25,7881,0.000963484,272106,272106,0,195960,
mcs70_m2Dr2_s25.A08,mcs70_m2Dr2_s25.B08,ll_lum,18,18,528304,0.0680656,0,25,128062,0.0156265,351572,351572,0,257351,
mcs70_m2Dr2_s25.A09,mcs70_m2Dr2_s25.B09,ll_lum,19,24,425687,0.0634956,0,25,290993,0.0420926,269211,269211,0,180317,
mcs70_m2Dr2_s35.A00,mcs70_m2Dr2_s35.B00,ll_lum,26,43,21207811,3.40806,0,35,1556851,0.235577,13809208,13809208,0,9297752,
mcs70_m2Dr2_s35.A01,mcs70_m2Dr2_s35.B01,ll_lum,26,45,45997518,6.83066,0,35,23979981,3.4222,30023300,30023300,0,21141879,
mcs70_m2Dr2_s35.A02,mcs70_m2Dr2_s35.B02,ll_lum,27,46,73342280,9.44146,0,35,70788446,9.07623,47464292,47464292,0,32491393,
mcs70_m2Dr2_s35.A03,mcs70_m2Dr2_s35.B03,ll_lum,28,48,28026646,3.88053,0,35,27522188,3.79832,17875519,17875519,0,12551190,
mcs70_m2Dr2_s35.A04,mcs70_m2Dr2_s35.B04,ll_lum,26,42,35470386,4.74535,0,35,26850238,3.48578,23501444,23501444,0,16821732,
mcs70_m2Dr2_s35.A05,mcs70_m2Dr2_s35.B05,ll_lum,26,41,31525589,4.19821,0,35,21851712,2.82153,21192428,21192428,0,15257116,
mcs70_m2Dr2_s35.A06,mcs70_m2Dr2_s35.B06,ll_lum,26,42,29250177,3.90603,0,35,13240691,1.7164,20195882,20195882,0,14901303,
mcs70_m2Dr2_s35.A07,mcs70_m2Dr2_s35.B07,ll_lum,27,43,21722473,2.91691,0,35,20025250,2.6637,14333402,14333402,0,10328604,
mcs70_m2Dr2_s35.A08,mcs70_m2Dr2_s35.B08,ll_lum,26,30,22078530,3.03747,0,35,10037632,1.30889,14462091,14462091,0,10259129,
mcs70_m2Dr2_s35.A09,mcs70_m2Dr2_s35.B09,ll_lum,27,44,38354422,5.13668,0,35,36540729,4.86706,26016777,26016777,0,19177256,
mcs70_m2Dr2_s40.A00,mcs70_m2Dr2_s40.B00,ll_lum,28,28,2206527787,295.518,0,40,122391065,16.0357,1523093729,1523093729,0,1093483466,
mcs70_m2Dr2_s40.A01,mcs70_m2Dr2_s40.B01,ll_lum,29,23,653406215,125.941,0,40,564776460,108.426,440873001,440873001,0,317448990,
mcs70_m2Dr2_s40.A02,mcs70_m2Dr2_s40.B02,ll_lum,29,30,393990521,76.5189,0,40,102491006,19.419,259236399,259236399,0,181361995,
mcs70_m2Dr2_s40.A03,mcs70_m2Dr2_s40.B03,ll_lum,29,29,305144505,45.5508,0,40,195401226,28.6892,206715670,206715670,0,147031306,
mcs70_m2Dr2_s40.A04,mcs70_m2Dr2_s40.B04,ll_lum,29,31,1089646310,149.451,0,40,839032027,114.181,741368139,741368139,0,530712177,
mcs70_m2Dr2_s40.A05,mcs70_m2Dr2_s40.B05,ll_lum,29,29,347853516,47.4616,0,40,85346434,11.3996,228512033,228512033,0,153848941,
mcs70_m2Dr2_s40.A06,mcs70_m2Dr2_s40.B06,ll_lum,29,27,719944730,101.282,0,40,439579397,61.953,482802249,482802249,0,346643183,
mcs70_m2Dr2_s40.A07,mcs70_m2Dr2_s40.B07,ll_lum,29,28,278813268,40.1078,0,40,24817574,3.38165,188623662,188623662,0,135981337,
mcs70_m2Dr2_s40.A08,mcs70_m2Dr2_s40.B08,ll_lum,30,49,347708512,46.7779,0,40,258702240,33.7318,229629868,229629868,0,157278513,
mcs70_m2Dr2_s40.A09,mcs70_m2Dr2_s40.B09,ll_lum,29,28,921890087,128.302,0,40,405408123,54.8908,627207187,627207187,0,458836632,
mcs70_m2Dr2_s50.A00,mcs70_m2Dr2_s50.B00,ll_lum,36,41,7182281508,1000.01,1,50,5693403276,784.496,4699870428,4699870428,0,3291727576,
mcs70_m2Dr2_s50.A01,mcs70_m2Dr2_s50.B01,ll_lum,38,68,7082495744,1000.01,1,50,6699919635,939.223,4870452070,4870452070,0,3542650479,
mcs70_m2Dr2_s50.A02,mcs70_m2Dr2_s50.B02,ll_lum,36,66,6624962524,1000.01,1,50,294232178,39.0981,4431895810,4431895810,0,3195070200,
mcs70_m2Dr2_s50.A03,mcs70_m2Dr2_s50.B03,ll_lum,35,34,6434800711,1000.02,1,50,612310919,89.5311,4446901121,4446901121,0,3280850861,
mcs70_m2Dr2_s50.A04,mcs70_m2Dr2_s50.B04,ll_lum,34,34,6654631490,1000.02,1,50,26856911,3.65285,4458773912,4458773912,0,3189810687,
mcs70_m2Dr2_s50.A05,mcs70_m2Dr2_s50.B05,ll_lum,34,33,7387265468,1000.02,1,50,7997809,1.00923,5024234049,5024234049,0,3545667665,
mcs70_m2Dr2_s50.A06,mcs70_m2Dr2_s50.B06,ll_lum,35,40,7784376232,1000.01,1,50,7562876759,969.766,5072475535,5072475535,0,3398614002,
mcs70_m2Dr2_s50.A07,mcs70_m2Dr2_s50.B07,ll_lum,35,33,7165433126,1000.01,1,50,2228911216,309.69,4792776759,4792776759,0,3390971836,
mcs70_m2Dr2_s50.A08,mcs70_m2Dr2_s50.B08,ll_lum,35,35,7089345331,1000.02,1,50,3939005545,544.077,4719379971,4719379971,0,3376520406,
mcs70_m2Dr2_s50.A09,mcs70_m2Dr2_s50.B09,ll_lum,35,37,7193252911,1000.01,1,50,902076118,119.157,4730808670,4730808670,0,3219572196,
mcs70_m2Dr2_s60.A00,mcs70_m2Dr2_s60.B00,ll_lum,39,34,7472366067,1000.02,1,60,485095736,64.0751,4891786629,4891786629,0,3474353430,
mcs70_m2Dr2_s60.A01,mcs70_m2Dr2_s60.B01,ll_lum,40,36,7254551263,1000.02,1,60,733458689,97.5268,4787201519,4787201519,0,3372649438,
mcs70_m2Dr2_s60.A02,mcs70_m2Dr2_s60.B02,ll_lum,40,38,6832257125,1000.02,1,60,221971012,29.8835,4555345426,4555345426,0,3307014765,
mcs70_m2Dr2_s60.A03,mcs70_m2Dr2_s60.B03,ll_lum,40,36,7204755754,1000.01,1,60,59779490,6.22855,4604982326,4604982326,0,3201226566,
mcs70_m2Dr2_s60.A04,mcs70_m2Dr2_s60.B04,ll_lum,40,35,6389297905,1000.01,1,60,2365177247,362.047,4224761307,4224761307,0,3073871694,
mcs70_m2Dr2_s60.A05,mcs70_m2Dr2_s60.B05,ll_lum,41,45,6076396895,1000.02,1,60,188834583,28.3434,4056434157,4056434157,0,3029187230,
mcs70_m2Dr2_s60.A06,mcs70_m2Dr2_s60.B06,ll_lum,41,37,7036654304,1000.01,1,60,362528530,46.6737,4640155028,4640155028,0,3461327094,
mcs70_m2Dr2_s60.A07,mcs70_m2Dr2_s60.B07,ll_lum,39,34,7226180529,1000.01,1,60,1944970499,263.349,5267914028,5267914028,0,3975633593,
mcs70_m2Dr2_s60.A08,mcs70_m2Dr2_s60.B08,ll_lum,41,34,7216150881,1000.01,1,60,913259606,125.078,4710161398,4710161398,0,3349651384,
mcs70_m2Dr2_s60.A09,mcs70_m2Dr2_s60.B09,ll_lum,40,31,7496277880,1000.02,1,60,3599682958,475.963,4919239436,4919239436,0,3494433271,
mcs70_m2Dr2_s70.A00,mcs70_m2Dr2_s70.B00,ll_lum,45,44,7119387020,1000.01,1,70,1088735245,145.728,4547821984,4547821984,0,3209700503,
mcs70_m2Dr2_s70.A01,mcs70_m2Dr2_s70.B01,ll_lum,46,44,6574778916,1000.02,1,70,89803634,12.2842,4606156612,4606156612,0,3383383762,
mcs70_m2Dr2_s70.A02,mcs70_m2Dr2_s70.B02,ll_lum,46,44,6361284219,1000.02,1,70,127810140,19.0026,4287181424,4287181424,0,2978419011,
mcs70_m2Dr2_s70.A03,mcs70_m2Dr2_s70.B03,ll_lum,45,41,7125493314,1000.02,1,70,1753059488,241.612,4750053773,4750053773,0,3398604048,
mcs70_m2Dr2_s70.A04,mcs70_m2Dr2_s70.B04,ll_lum,47,51,6816913852,1000.02,1,70,18923422,2.58985,4649907432,4649907432,0,3408112661,
mcs70_m2Dr2_s70.A05,mcs70_m2Dr2_s70.B05,ll_lum,43,37,7307823189,1000.01,1,70,72801740,8.93398,5181776787,5181776787,0,3709986542,
mcs70_m2Dr2_s70.A06,mcs70_m2Dr2_s70.B06,ll_lum,45,42,7173490821,1000.02,1,70,2783274727,377.549,4647118238,4647118238,0,3295813391,
mcs70_m2Dr2_s70.A07,mcs70_m2Dr2_s70.B07,ll_lum,45,45,7719211546,1000.01,1,70,751159738,93.4616,5121281372,5121281372,0,3458148365,
mcs70_m2Dr2_s70.A08,mcs70_m2Dr2_s70.B08,ll_lum,47,43,6951718917,1000.01,1,70,6359710676,911.459,4495325038,4495325038,0,3276701018,
mcs70_m2Dr2_s70.A09,mcs70_m2Dr2_s70.B09,ll_lum,47,47,5047217498,1000.02,1,70,1268221097,229.882,3221636763,3221636763,0,2306566093,
mcs70_m2Dr2_s80.A00,mcs70_m2Dr2_s80.B00,ll_lum,53,47,7382092668,1000.01,1,80,7239064535,980.784,4907978563,4907978563,0,3446328694,
mcs70_m2Dr2_s80.A01,mcs70_m2Dr2_s80.B01,ll_lum,53,52,7226605433,1000.02,1,80,4505728527,605.274,4902691196,4902691196,0,3254706735,
mcs70_m2Dr2_s80.A02,mcs70_m2Dr2_s80.B02,ll_lum,50,45,4907113666,1000.02,1,80,223319938,44.749,3168744949,3168744949,0,2246045141,
mcs70_m2Dr2_s80.A03,mcs70_m2Dr2_s80.B03,ll_lum,51,47,6351535701,1000.02,1,80,86626742,12.931,4238055007,4238055007,0,3027040244,
mcs70_m2Dr2_s80.A04,mcs70_m2Dr2_s80.B04,ll_lum,50,47,7633223443,1000.01,1,80,4287358101,546.573,5091949231,5091949231,0,3679167920,
mcs70_m2Dr2_s80.A05,mcs70_m2Dr2_s80.B05,ll_lum,52,46,7028084784,1000.02,1,80,1060002238,139.885,4917729134,4917729134,0,3521313143,
mcs70_m2Dr2_s80.A06,mcs70_m2Dr2_s80.B06,ll_lum,52,47,7244266377,1000.01,1,80,6624636914,908.734,5089544465,5089544465,0,3740847393,
mcs70_m2Dr2_s80.A07,mcs70_m2Dr2_s80.B07,ll_lum,52,49,7240504374,1000.01,1,80,383348951,49.5837,4928133643,4928133643,0,3551791153,
mcs70_m2Dr2_s80.A08,mcs70_m2Dr2_s80.B08,ll_lum,50,43,7500824545,1000.01,1,80,5263409554,692.712,4978457141,4978457141,0,3500619693,
mcs70_m2Dr2_s80.A09,mcs70_m2Dr2_s80.B09,ll_lum,53,50,7213960088,1000.02,1,80,1161063009,144.983,4719692879,4719692879,0,3392053180,
mcs70_m2Dr2_s90.A00,mcs70_m2Dr2_s90.B00,ll_lum,63,100,5798396928,1000.02,1,90,47681192,7.59097,3511076344,3511076344,0,2354353463,
mcs70_m2Dr2_s90.A01,mcs70_m2Dr2_s90.B01,ll_lum,57,57,6786756000,1000.02,1,90,165853801,22.6607,4245829090,4245829090,0,2761169526,
mcs70_m2Dr2_s90.A02,mcs70_m2Dr2_s90.B02,ll_lum,57,58,6825683335,1000.02,1,90,3753848385,532.83,4442236882,4442236882,0,3007184872,
mcs70_m2Dr2_s90.A03,mcs70_m2Dr2_s90.B03,ll_lum,59,52,6540484441,1000.02,1,90,650066393,90.4742,4197781552,4197781552,0,2940486665,
mcs70_m2Dr2_s90.A04,mcs70_m2Dr2_s90.B04,ll_lum,56,50,7435051358,1000.02,1,90,6597028073,878.249,5175280506,5175280506,0,3605607817,
mcs70_m2Dr2_s90.A05,mcs70_m2Dr2_s90.B05,ll_lum,57,56,6992115532,1000.01,1,90,5867449964,834.501,5005232760,5005232760,0,3627890298,
mcs70_m2Dr2_s90.A06,mcs70_m2Dr2_s90.B06,ll_lum,56,51,7226455215,1000.02,1,90,697834462,97.2657,5068735369,5068735369,0,3704634676,
mcs70_m2Dr2_s90.A07,mcs70_m2Dr2_s90.B07,ll_lum,52,47,6700653403,1000.01,1,90,4268895021,605.767,5197407681,5197407681,0,3824920711,
mcs70_m2Dr2_s90.A08,mcs70_m2Dr2_s90.B08,ll_lum,56,52,7243255473,1000.02,1,90,90435511,11.4145,4633543162,4633543162,0,3205911835,
mcs70_m2Dr2_s90.A09,mcs70_m2Dr2_s90.B09,ll_lum,57,48,6636024099,1000.02,1,90,4061452889,599.254,4218033396,4218033396,0,2965452981,
mcs70_m2Dr4_s100.A00,mcs70_m2Dr4_s100.B00,ll_lum,61,57,6874795202,1000.01,1,100,2057079558,278.451,4434782771,4434782771,0,3261913025,
mcs70_m2Dr4_s100.A01,mcs70_m2Dr4_s100.B01,ll_lum,57,47,7051428727,1000.02,1,100,296693729,40.03,4937735359,4937735359,0,3586353594,
mcs70_m2Dr4_s100.A02,mcs70_m2Dr4_s100.B02,ll_lum,60,55,6549846471,1000.02,1,100,1983379278,300.586,4523087509,4523087509,0,3293621223,
mcs70_m2Dr4_s100.A03,mcs70_m2Dr4_s100.B03,ll_lum,57,45,12224025073,1000.02,1,100,11252708973,957.116,10139779626,10139779626,0,8127554437,
mcs70_m2Dr4_s100.A04,mcs70_m2Dr4_s100.B04,ll_lum,57,48,8765192490,1000.01,1,100,4788784384,499.855,6016629370,6016629370,0,4016046407,
mcs70_m2Dr4_s100.A05,mcs70_m2Dr4_s100.B05,ll_lum,60,54,6946573888,1000.02,1,100,4011097499,561.19,4591016234,4591016234,0,3270493330,
mcs70_m2Dr4_s100.A06,mcs70_m2Dr4_s100.B06,ll_lum,60,55,7555114287,1000.02,1,100,2040409714,225.097,5223930077,5223930077,0,3601253779,
mcs70_m2Dr4_s100.A07,mcs70_m2Dr4_s100.B07,ll_lum,58,50,6985124250,1000.02,1,100,55603004,6.91658,4560688734,4560688734,0,2889949662,
mcs70_m2Dr4_s100.A08,mcs70_m2Dr4_s100.B08,ll_lum,58,58,7230236741,1000.02,1,100,783878081,103.916,4817297743,4817297743,0,3398179881,
mcs70_m2Dr4_s100.A09,mcs70_m2Dr4_s100.B09,ll_lum,62,57,8867631623,1000.02,1,100,5624146272,550.312,6099841440,6099841440,0,4286054452,
mcs70_m2Dr4_s15.A00,mcs70_m2Dr4_s15.B00,ll_lum,11,13,7372,0.000909911,0,15,6059,0.000725222,4682,4682,0,3266,
mcs70_m2Dr4_s15.A01,mcs70_m2Dr4_s15.B01,ll_lum,12,19,5273,0.00070345,0,15,4795,0.00060447,3318,3318,0,2383,
mcs70_m2Dr4_s15.A02,mcs70_m2Dr4_s15.B02,ll_lum,11,12,12044,0.0016264,0,15,11748,0.00155579,7439,7439,0,5172,
mcs70_m2Dr4_s15.A03,mcs70_m2Dr4_s15.B03,ll_lum,11,11,5448,0.000748445,0,15,4589,0.000594424,3516,3516,0,2626,
mcs70_m2Dr4_s15.A04,mcs70_m2Dr4_s15.B04,ll_lum,11,10,8467,0.00112591,0,15,6678,0.000867234,5389,5389,0,3915,
mcs70_m2Dr4_s15.A05,mcs70_m2Dr4_s15.B05,ll_lum,11,14,3061,0.000584468,0,15,409,6.9284e-05,1968,1968,0,1245,
mcs70_m2Dr4_s15.A06,mcs70_m2Dr4_s15.B06,ll_lum,11,10,5040,0.000661377,0,15,4441,0.000553404,3198,3198,0,2095,
mcs70_m2Dr4_s15.A07,mcs70_m2Dr4_s15.B07,ll_lum,11,15,2526,0.000361205,0,15,42,1.3139e-05,1629,1629,0,1059,
mcs70_m2Dr4_s15.A08,mcs70_m2Dr4_s15.B08,ll_lum,11,16,4002,0.000561094,0,15,2130,0.000276145,2667,2667,0,1971,
mcs70_m2Dr4_s15.A09,mcs70_m2Dr4_s15.B09,ll_lum,11,12,7621,0.000962367,0,15,1864,0.000221533,4748,4748,0,3191,
mcs70_m2Dr4_s25.A00,mcs70_m2Dr4_s25.B00,ll_lum,18,27,551450,0.0730128,0,25,255683,0.0336938,350486,350486,0,245401,
mcs70_m2Dr4_s25.A01,mcs70_m2Dr4_s25.B01,ll_lum,18,19,1783926,0.228397,0,25,1744875,0.222929,1200863,1200863,0,899066,
mcs70_m2Dr4_s25.A02,mcs70_m2Dr4_s25.B02,ll_lum,18,28,305679,0.0408264,0,25,835,0.000121082,197040,197040,0,139582,
mcs70_m2Dr4_s25.A03,mcs70_m2Dr4_s25.B03,ll_lum,17,18,1655763,0.22095,0,25,255194,0.0321568,1037905,1037905,0,720365,
mcs70_m2Dr4_s25.A04,mcs70_m2Dr4_s25.B04,ll_lum,18,20,315395,0.0430538,0,25,23135,0.00320666,202323,202323,0,143701,
mcs70_m2Dr4_s25.A05,mcs70_m2Dr4_s25.B05,ll_lum,18,22,353556,0.0507251,0,25,94900,0.0128986,231595,231595,0,175577,
mcs70_m2Dr4_s25.A06,mcs70_m2Dr4_s25.B06,ll_lum,18,30,333003,0.0464235,0,25,2380,0.000326953,210440,210440,0,146621,
mcs70_m2Dr4_s25.A07,mcs70_m2Dr4_s25.B07,ll_lum,18,33,229386,0.0323606,0,25,1308,0.000158058,154033,154033,0,117589,
mcs70_m2Dr4_s25.A08,mcs70_m2Dr4_s25.B08,ll_lum,18,18,496966,0.0647037,0,25,366117,0.0470755,326033,326033,0,241208,
mcs70_m2Dr4_s25.A09,mcs70_m2Dr4_s25.B09,ll_lum,18,21,404236,0.0543084,0,25,50184,0.00639144,259133,259133,0,185658,
mcs70_m2Dr4_s35.A00,mcs70_m2Dr4_s35.B00,ll_lum,25,50,22644884,3.31555,0,35,875014,0.124473,15182757,15182757,0,11394412,
mcs70_m2Dr4_s35.A01,mcs70_m2Dr4_s35.B01,ll_lum,27,49,1892044,0.268235,0,35,768193,0.0925282,1287799,1287799,0,968889,
mcs70_m2Dr4_s35.A02,mcs70_m2Dr4_s35.B02,ll_lum,25,44,81218188,11.0917,0,35,61788664,8.30707,54271460,54271460,0,40495567,
mcs70_m2Dr4_s35.A03,mcs70_m2Dr4_s35.B03,ll_lum,25,48,67763579,9.49771,0,35,31530578,4.19139,43332408,43332408,0,30022666,
mcs70_m2Dr4_s35.A04,mcs70_m2Dr4_s35.B04,ll_lum,26,50,58366927,8.74236,0,35,52542013,7.80697,37279049,37279049,0,27011294,
mcs70_m2Dr4_s35.A05,mcs70_m2Dr4_s35.B05,ll_lum,26,49,16201689,2.57151,0,35,2396779,0.342911,10331906,10331906,0,7541764,
mcs70_m2Dr4_s35.A06,mcs70_m2Dr4_s35.B06,ll_lum,25,44,65632810,9.39148,0,35,23530586,3.31346,42136295,42136295,0,30269350,
mcs70_m2Dr4_s35.A07,mcs70_m2Dr4_s35.B07,ll_lum,25,50,45381133,6.67719,0,35,20968859,2.924,29999836,29999836,0,22473894,
mcs70_m2Dr4_s35.A08,mcs70_m2Dr4_s35.B08,ll_lum,27,47,41165162,5.77225,0,35,40005722,5.58518,27143701,27143701,0,20197475,
mcs70_m2Dr4_s35.A09,mcs70_m2Dr4_s35.B09,ll_lum,26,51,29459557,4.18739,0,35,25517092,3.57597,19201919,19201919,0,14209743,
mcs70_m2Dr4_s40.A00,mcs70_m2Dr4_s40.B00,ll_lum,28,28,965165179,141.414,0,40,225460954,31.8863,624947210,624947210,0,446124128,
mcs70_m2Dr4_s40.A01,mcs70_m2Dr4_s40.B01,ll_lum,28,25,1006854724,149.442,0,40,444631741,64.5558,650267532,650267532,0,465765088,
mcs70_m2Dr4_s40.A02,mcs70_m2Dr4_s40.B02,ll_lum,28,48,677681481,101.61,0,40,348405672,51.2274,452449964,452449964,0,339011056,
mcs70_m2Dr4_s40.A03,mcs70_m2Dr4_s40.B03,ll_lum,27,22,3580023668,488.874,0,40,422380888,56.3771,2466898996,2466898996,0,1814175660,
mcs70_m2Dr4_s40.A04,mcs70_m2Dr4_s40.B04,ll_lum,28,45,534067045,78.4003,0,40,15039765,1.97161,359948011,359948011,0,266929133,
mcs70_m2Dr4_s40.A05,mcs70_m2Dr4_s40.B05,ll_lum,28,31,1707032462,237.529,0,40,1483162265,205.61,1144969824,1144969824,0,834688419,
mcs70_m2Dr4_s40.A06,mcs70_m2Dr4_s40.B06,ll_lum,28,28,810785588,119.624,0,40,171621682,24.7102,528039874,528039874,0,375187166,
mcs70_m2Dr4_s40.A07,mcs70_m2Dr4_s40.B07,ll_lum,28,51,538358848,79.6353,0,40,1490131,0.211533,353049346,353049346,0,250536635,
mcs70_m2Dr4_s40.A08,mcs70_m2Dr4_s40.B08,ll_lum,28,40,585574547,86.023,0,40,172407716,24.4377,390255741,390255741,0,285910723,
mcs70_m2Dr4_s40.A09,mcs70_m2Dr4_s40.B09,ll_lum,28,28,944083523,135.001,0,40,521820748,73.9841,644431805,644431805,0,480488924,
mcs70_m2Dr4_s50.A00,mcs70_m2Dr4_s50.B00,ll_lum,38,75,454445470,74.6271,0,50,72283771,10.6068,310705048,310705048,0,238330981,
mcs70_m2Dr4_s50.A01,mcs70_m2Dr4_s50.B01,ll_lum,33,33,7217803787,1000.01,1,50,804212225,107.04,4874945549,4874945549,0,3520230808,
mcs70_m2Dr4_s50.A02,mcs70_m2Dr4_s50.B02,ll_lum,33,34,7013448953,1000.01,1,50,636454397,87.2209,4563330958,4563330958,0,3260811734,
mcs70_m2Dr4_s50.A03,mcs70_m2Dr4_s50.B03,ll_lum,33,30,7367234425,1000.02,1,50,4423197169,583.496,4953351883,4953351883,0,3578290248,
mcs70_m2Dr4_s50.A04,mcs70_m2Dr4_s50.B04,ll_lum,33,33,6999274201,1000.02,1,50,2618186420,364.891,4526736657,4526736657,0,3229992941,
mcs70_m2Dr4_s50.A05,mcs70_m2Dr4_s50.B05,ll_lum,34,35,6862244951,1000.02,1,50,3152925932,451.275,4645446483,4645446483,0,3478622003,
mcs70_m2Dr4_s50.A06,mcs70_m2Dr4_s50.B06,ll_lum,33,35,7001678173,1000.01,1,50,1979980649,277.721,4800851741,4800851741,0,3621844854,
mcs70_m2Dr4_s50.A07,mcs70_m2Dr4_s50.B07,ll_lum,36,73,6434262879,1000.02,1,50,1366934920,190.678,4305537124,4305537124,0,3220830874,
mcs70_m2Dr4_s50.A08,mcs70_m2Dr4_s50.B08,ll_lum,33,32,7118318960,1000.02,1,50,2679775527,368.229,4718273965,4718273965,0,3381945959,
mcs70_m2Dr4_s50.A09,mcs70_m2Dr4_s50.B09,ll_lum,37,55,6868397074,1000.02,1,50,4630773948,650.157,4666805058,4666805058,0,3421512574,
mcs70_m2Dr4_s60.A00,mcs70_m2Dr4_s60.B00,ll_lum,40,36,6896246686,1000.02,1,60,4279360566,612.54,4512526351,4512526351,0,3304842244,
mcs70_m2Dr4_s60.A01,mcs70_m2Dr4_s60.B01,ll_lum,39,33,6943589857,1000.01,1,60,4513528955,632.687,4532937825,4532937825,0,3324756612,
mcs70_m2Dr4_s60.A02,mcs70_m2Dr4_s60.B02,ll_lum,39,36,6899511162,1000.02,1,60,2492128590,349.115,4738702528,4738702528,0,3516181825,
mcs70_m2Dr4_s60.A03,mcs70_m2Dr4_s60.B03,ll_lum,39,35,7068338144,1000.02,1,60,3084026476,434.694,4515620706,4515620706,0,3183131942,
mcs70_m2Dr4_s60.A04,mcs70_m2Dr4_s60.B04,ll_lum,39,36,7507569431,1000.02,1,60,7117399870,946.216,4866287375,4866287375,0,3500974831,
mcs70_m2Dr4_s60.A05,mcs70_m2Dr4_s60.B05,ll_lum,40,40,3820312121,1000.02,1,60,722677063,176.846,2589717852,2589717852,0,1980009223,
mcs70_m2Dr4_s60.A06,mcs70_m2Dr4_s60.B06,ll_lum,38,35,7513863725,1000.02,1,60,360527001,45.4285,4801525234,4801525234,0,3285046466,
mcs70_m2Dr4_s60.A07,mcs70_m2Dr4_s60.B07,ll_lum,38,36,7240037240,1000.01,1,60,1264949426,166.723,4759355009,4759355009,0,3385977618,
mcs70_m2Dr4_s60.A08,mcs70_m2Dr4_s60.B08,ll_lum,39,38,6903269466,1000.01,1,60,115369538,15.1998,4621427829,4621427829,0,3393265877,
mcs70_m2Dr4_s60.A09,mcs70_m2Dr4_s60.B09,ll_lum,39,33,6878115618,1000.02,1,60,1926820028,275.827,4602218765,4602218765,0,3362599542,
mcs70_m2Dr4_s70.A00,mcs70_m2Dr4_s70.B00,ll_lum,43,43,6868631020,1000.02,1,70,350824985,48.2111,4374686313,4374686313,0,3162645401,
mcs70_m2Dr4_s70.A01,mcs70_m2Dr4_s70.B01,ll_lum,44,45,6870334488,1000.02,1,70,50708766,7.06436,4513594938,4513594938,0,3170174406,
mcs70_m2Dr4_s70.A02,mcs70_m2Dr4_s70.B02,ll_lum,44,38,6596618678,1000.01,1,70,1324726224,190.501,4321278126,4321278126,0,3234687049,
mcs70_m2Dr4_s70.A03,mcs70_m2Dr4_s70.B03,ll_lum,44,41,7236852785,1000.02,1,70,661523236,77.1129,4765604313,4765604313,0,3552886010,
mcs70_m2Dr4_s70.A04,mcs70_m2Dr4_s70.B04,ll_lum,43,40,7345752407,1000.02,1,70,343504487,44.6395,5156617016,5156617016,0,3756642406,
mcs70_m2Dr4_s70.A05,mcs70_m2Dr4_s70.B05,ll_lum,44,39,6252033960,1000.01,1,70,182347765,26.8795,4111552932,4111552932,0,2928266032,
mcs70_m2Dr4_s70.A06,mcs70_m2Dr4_s70.B06,ll_lum,44,41,7156267588,1000.02,1,70,4333281115,584.187,4894937670,4894937670,0,3576614463,
mcs70_m2Dr4_s70.A07,mcs70_m2Dr4_s70.B07,ll_lum,46,43,6597088406,1000.02,1,70,3023643028,446.992,4413815202,4413815202,0,3139056065,
mcs70_m2Dr4_s70.A08,mcs70_m2Dr4_s70.B08,ll_lum,48,82,5858707528,1000.01,1,70,49,6.3326e-05,3703233208,3703233208,0,2748238139,
mcs70_m2Dr4_s70.A09,mcs70_m2Dr4_s70.B09,ll_lum,45,41,6933939572,1000.01,1,70,685341423,91.5422,4672895080,4672895080,0,3328715785,
mcs70_m2Dr4_s80.A00,mcs70_m2Dr4_s80.B00,ll_lum,50,45,6943003432,1000.02,1,80,1056533167,151.727,4594535559,4594535559,0,3335182811,
mcs70_m2Dr4_s80.A01,mcs70_m2Dr4_s80.B01,ll_lum,49,45,7113876238,1000.01,1,80,6538544457,918.858,4701272049,4701272049,0,3428644164,
mcs70_m2Dr4_s80.A02,mcs70_m2Dr4_s80.B02,ll_lum,49,47,7285896389,1000.02,1,80,4744691153,643.69,4795786877,4795786877,0,3491711443,
mcs70_m2Dr4_s80.A03,mcs70_m2Dr4_s80.B03,ll_lum,49,50,7363517251,1000.02,1,80,9476681,1.09071,4916847198,4916847198,0,3587811843,
mcs70_m2Dr4_s80.A04,mcs70_m2Dr4_s80.B04,ll_lum,48,40,7633999403,1000.02,1,80,788718315,101.022,4900552078,4900552078,0,3499023695,
mcs70_m2Dr4_s80.A05,mcs70_m2Dr4_s80.B05,ll_lum,47,43,7072322852,1000.02,1,80,5931744,0.77047,4709925610,4709925610,0,3421921489,
mcs70_m2Dr4_s80.A06,mcs70_m2Dr4_s80.B06,ll_lum,50,47,6916816687,1000.02,1,80,1875429101,259.1,4405317781,4405317781,0,3225482459,
mcs70_m2Dr4_s80.A07,mcs70_m2Dr4_s80.B07,ll_lum,49,43,6703075296,1000.02,1,80,464242800,64.811,4557282037,4557282037,0,3413113055,
mcs70_m2Dr4_s80.A08,mcs70_m2Dr4_s80.B08,ll_lum,51,48,6471875876,1000.02,1,80,849394193,116.99,4217255379,4217255379,0,3015507429,
mcs70_m2Dr4_s80.A09,mcs70_m2Dr4_s80.B09,ll_lum,51,46,7136242011,1000.02,1,80,6465411826,897.285,5149151880,5149151880,0,3971149505,
mcs70_m2Dr4_s90.A00,mcs70_m2Dr4_s90.B00,ll_lum,56,58,6103221819,1000.02,1,90,4731543293,772.478,3823297090,3823297090,0,2753937631,
mcs70_m2Dr4_s90.A01,mcs70_m2Dr4_s90.B01,ll_lum,55,49,6649557345,1000.01,1,90,4639330936,686.243,4239179234,4239179234,0,2962627574,
mcs70_m2Dr4_s90.A02,mcs70_m2Dr4_s90.B02,ll_lum,55,54,6823013513,1000.02,1,90,3887817645,542.197,4314780825,4314780825,0,2896028092,
mcs70_m2Dr4_s90.A03,mcs70_m2Dr4_s90.B03,ll_lum,54,44,6471826236,1000.02,1,90,2898206102,437.523,4117746354,4117746354,0,3004829206,
mcs70_m2Dr4_s90.A04,mcs70_m2Dr4_s90.B04,ll_lum,54,52,6578532069,1000.02,1,90,2566715912,374.407,4169049357,4169049357,0,2931273879,
mcs70_m2Dr4_s90.A05,mcs70_m2Dr4_s90.B05,ll_lum,54,55,7022543026,1000.01,1,90,149680645,20.1002,4622212029,4622212029,0,3318042969,
mcs70_m2Dr4_s90.A06,mcs70_m2Dr4_s90.B06,ll_lum,54,49,6921289753,1000.01,1,90,365073524,46.762,4653673300,4653673300,0,3427635342,
mcs70_m2Dr4_s90.A07,mcs70_m2Dr4_s90.B07,ll_lum,53,43,7191517906,1000.02,1,90,615472109,84.4224,4555883582,4555883582,0,3332709847,
mcs70_m2Dr4_s90.A08,mcs70_m2Dr4_s90.B08,ll_lum,55,53,6167696786,1000.01,1,90,28628526,3.62974,3865638347,3865638347,0,2884924432,
mcs70_m2Dr4_s90.A09,mcs70_m2Dr4_s90.B09,ll_lum,55,47,7206319749,1000.02,1,90,5740413664,784.3,4943854556,4943854556,0,3701428934,
mcs70_m2Dr6_s100.A00,mcs70_m2Dr6_s100.B00,ll_lum,56,51,6486322170,1000.02,1,100,2527705793,378.883,4215435415,4215435415,0,3161896799,
mcs70_m2Dr6_s100.A01,mcs70_m2Dr6_s100.B01,ll_lum,58,55,6763302277,1000.02,1,100,4600397372,672.964,4440591658,4440591658,0,3377663826,
mcs70_m2Dr6_s100.A02,mcs70_m2Dr6_s100.B02,ll_lum,59,52,6361409466,1000.02,1,100,3352158163,496.416,4183877468,4183877468,0,3072981062,
mcs70_m2Dr6_s100.A03,mcs70_m2Dr6_s100.B03,ll_lum,57,55,6389965092,1000.02,1,100,1714582252,255.367,3991969584,3991969584,0,2836624576,
mcs70_m2Dr6_s100.A04,mcs70_m2Dr6_s100.B04,ll_lum,59,53,7643272073,1000.02,1,100,671067711,72.6598,4992594511,4992594511,0,3515136677,
mcs70_m2Dr6_s100.A05,mcs70_m2Dr6_s100.B05,ll_lum,57,47,13919131288,1000.02,1,100,10347651365,482.363,11019948420,11019948420,0,8784246740,
mcs70_m2Dr6_s100.A06,mcs70_m2Dr6_s100.B06,ll_lum,56,48,7175169795,1000.02,1,100,2363730209,317.283,4660241948,4660241948,0,3575087410,
mcs70_m2Dr6_s100.A07,mcs70_m2Dr6_s100.B07,ll_lum,57,53,3622548131,1000.02,1,100,441411962,132.012,2312826848,2312826848,0,1646886180,
mcs70_m2Dr6_s100.A08,mcs70_m2Dr6_s100.B08,ll_lum,58,55,3724644790,1000.01,1,100,39575689,8.56841,2360189269,2360189269,0,1738740803,
mcs70_m2Dr6_s100.A09,mcs70_m2Dr6_s100.B09,ll_lum,58,50,3807968709,1000.02,1,100,174190226,48.9889,2417692780,2417692780,0,1650983075,
mcs70_m2Dr6_s15.A00,mcs70_m2Dr6_s15.B00,ll_lum,10,12,12834,0.00276725,0,15,11,1.0175e-05,8073,8073,0,5836,
mcs70_m2Dr6_s15.A01,mcs70_m2Dr6_s15.B01,ll_lum,11,15,7747,0.0016974,0,15,6892,0.00147351,4904,4904,0,3510,
mcs70_m2Dr6_s15.A02,mcs70_m2Dr6_s15.B02,ll_lum,11,14,5233,0.000729917,0,15,1814,0.000244698,3300,3300,0,2223,
mcs70_m2Dr6_s15.A03,mcs70_m2Dr6_s15.B03,ll_lum,11,13,3974,0.000571259,0,15,1217,0.000167612,2598,2598,0,1940,
mcs70_m2Dr6_s15.A04,mcs70_m2Dr6_s15.B04,ll_lum,10,14,10756,0.00138029,0,15,167,2.6711e-05,6759,6759,0,4615,
mcs70_m2Dr6_s15.A05,mcs70_m2Dr6_s15.B05,ll_lum,11,12,4323,0.000600226,0,15,1480,0.000199131,2853,2853,0,2120,
mcs70_m2Dr6_s15.A06,mcs70_m2Dr6_s15.B06,ll_lum,11,17,4084,0.00117691,0,15,217,7.0306e-05,2712,2712,0,1867,
mcs70_m2Dr6_s15.A07,mcs70_m2Dr6_s15.B07,ll_lum,11,15,9501,0.00267788,0,15,8903,0.00248643,5847,5847,0,3831,
mcs70_m2Dr6_s15.A08,mcs70_m2Dr6_s15.B08,ll_lum,11,11,4813,0.00132437,0,15,3703,0.000985337,3047,3047,0,2162,
mcs70_m2Dr6_s15.A09,mcs70_m2Dr6_s15.B09,ll_lum,11,16,3462,0.000482916,0,15,1562,0.000222003,2249,2249,0,1460,
mcs70_m2Dr6_s25.A00,mcs70_m2Dr6_s25.B00,ll_lum,17,21,1304264,0.18958,0,25,11318,0.00161069,844666,844666,0,643083,
mcs70_m2Dr6_s25.A01,mcs70_m2Dr6_s25.B01,ll_lum,18,31,232703,0.0345514,0,25,320,6.5028e-05,150695,150695,0,112422,
mcs70_m2Dr6_s25.A02,mcs70_m2Dr6_s25.B02,ll_lum,17,20,1212174,0.159313,0,25,197146,0.0252914,779313,779313,0,567660,
mcs70_m2Dr6_s25.A03,mcs70_m2Dr6_s25.B03,ll_lum,17,22,1278641,0.173806,0,25,61400,0.00767448,828550,828550,0,617173,
mcs70_m2Dr6_s25.A04,mcs70_m2Dr6_s25.B04,ll_lum,17,18,799589,0.116525,0,25,10124,0.00137092,511244,511244,0,383512,
mcs70_m2Dr6_s25.A05,mcs70_m2Dr6_s25.B05,ll_lum,17,15,1021358,0.135659,0,25,455946,0.058199,658084,658084,0,472125,
mcs70_m2Dr6_s25.A06,mcs70_m2Dr6_s25.B06,ll_lum,18,29,404910,0.12099,0,25,255575,0.0735054,263727,263727,0,205710,
mcs70_m2Dr6_s25.A07,mcs70_m2Dr6_s25.B07,ll_lum,17,31,1049529,0.299567,0,25,233576,0.0626222,679896,679896,0,511291,
mcs70_m2Dr6_s25.A08,mcs70_m2Dr6_s25.B08,ll_lum,18,21,657981,0.175748,0,25,538953,0.142625,418205,418205,0,301459,
mcs70_m2Dr6_s25.A09,mcs70_m2Dr6_s25.B09,ll_lum,17,16,875905,0.117719,0,25,130307,0.0168315,566380,566380,0,414215,
mcs70_m2Dr6_s35.A00,mcs70_m2Dr6_s35.B00,ll_lum,25,53,14267658,2.11048,0,35,3229178,0.423524,9463583,9463583,0,7152580,
mcs70_m2Dr6_s35.A01,mcs70_m2Dr6_s35.B01,ll_lum,25,53,60895607,8.62312,0,35,47328711,6.5646,39122352,39122352,0,28294290,
mcs70_m2Dr6_s35.A02,mcs70_m2Dr6_s35.B02,ll_lum,26,55,29161191,4.2035,0,35,25963682,3.67166,18972159,18972159,0,14148994,
mcs70_m2Dr6_s35.A03,mcs70_m2Dr6_s35.B03,ll_lum,26,51,61976729,8.50215,0,35,57232229,7.73267,41387728,41387728,0,31125019,
mcs70_m2Dr6_s35.A04,mcs70_m2Dr6_s35.B04,ll_lum,25,53,35657478,5.4783,0,35,22139333,3.26527,23102679,23102679,0,17625715,
mcs70_m2Dr6_s35.A05,mcs70_m2Dr6_s35.B05,ll_lum,27,49,4885730,0.721902,0,35,4096651,0.587738,3312409,3312409,0,2586858,
mcs70_m2Dr6_s35.A06,mcs70_m2Dr6_s35.B06,ll_lum,25,54,43577674,6.6338,0,35,25810512,3.74087,28170187,28170187,0,21061149,
mcs70_m2Dr6_s35.A07,mcs70_m2Dr6_s35.B07,ll_lum,26,52,95571300,14.5525,0,35,91330647,13.8594,61214423,61214423,0,45950398,
mcs70_m2Dr6_s35.A08,mcs70_m2Dr6_s35.B08,ll_lum,26,52,4347255,0.737789,0,35,11896,0.00172059,2834604,2834604,0,2093845,
mcs70_m2Dr6_s35.A09,mcs70_m2Dr6_s35.B09,ll_lum,26,53,31930748,4.55638,0,35,28063782,3.93846,21117303,21117303,0,16232807,
mcs70_m2Dr6_s40.A00,mcs70_m2Dr6_s40.B00,ll_lum,27,49,1605131314,219.886,0,40,231686224,31.2308,1094919257,1094919257,0,786863600,
mcs70_m2Dr6_s40.A01,mcs70_m2Dr6_s40.B01,ll_lum,28,42,844769253,119.806,0,40,507642020,68.1848,564542118,564542118,0,411775108,
mcs70_m2Dr6_s40.A02,mcs70_m2Dr6_s40.B02,ll_lum,28,24,640074629,188.946,0,40,639076228,188.658,435656347,435656347,0,328094592,
mcs70_m2Dr6_s40.A03,mcs70_m2Dr6_s40.B03,ll_lum,29,53,1042817607,157.825,0,40,1002082192,151.117,688706119,688706119,0,527945944,
mcs70_m2Dr6_s40.A04,mcs70_m2Dr6_s40.B04,ll_lum,29,54,56392641,9.09934,0,40,59,3.7416e-05,37527104,37527104,0,28382525,
mcs70_m2Dr6_s40.A05,mcs70_m2Dr6_s40.B05,ll_lum,27,24,1819092094,267.644,0,40,1359058135,198.058,1199005694,1199005694,0,882203449,
mcs70_m2Dr6_s40.A06,mcs70_m2Dr6_s40.B06,ll_lum,28,52,1216757162,173.477,0,40,938460444,131.56,815432372,815432372,0,612224615,
mcs70_m2Dr6_s40.A07,mcs70_m2Dr6_s40.B07,ll_lum,28,49,1088583780,162.012,0,40,866120161,127.722,726203583,726203583,0,547620794,
mcs70_m2Dr6_s40.A08,mcs70_m2Dr6_s40.B08,ll_lum,28,52,230228223,35.5949,0,40,1483,0.000165499,153659903,153659903,0,115301439,
mcs70_m2Dr6_s40.A09,mcs70_m2Dr6_s40.B09,ll_lum,27,45,1223161520,180.798,0,40,2978,0.000450558,809228564,809228564,0,588621229,
mcs70_m2Dr6_s50.A00,mcs70_m2Dr6_s50.B00,ll_lum,33,31,6692979596,1000.02,1,50,6073835103,903.646,4389629027,4389629027,0,3261427385,
mcs70_m2Dr6_s50.A01,mcs70_m2Dr6_s50.B01,ll_lum,33,34,6815350210,1000.01,1,50,3135707290,453.434,4509551877,4509551877,0,3365783262,
mcs70_m2Dr6_s50.A02,mcs70_m2Dr6_s50.B02,ll_lum,32,35,7109470022,1000.01,1,50,4800786462,671.282,4659566828,4659566828,0,3417716909,
mcs70_m2Dr6_s50.A03,mcs70_m2Dr6_s50.B03,ll_lum,32,29,6525104015,1000.02,1,50,2101783340,304.92,4198282017,4198282017,0,3168632852,
mcs70_m2Dr6_s50.A04,mcs70_m2Dr6_s50.B04,ll_lum,32,31,6785997591,1000.02,1,50,1212533221,174.842,4384607077,4384607077,0,3250972221,
mcs70_m2Dr6_s50.A05,mcs70_m2Dr6_s50.B05,ll_lum,32,31,6834354872,1000.01,1,50,86281101,12.7483,4379806471,4379806471,0,3111987194,
mcs70_m2Dr6_s50.A06,mcs70_m2Dr6_s50.B06,ll_lum,32,34,6870221446,1000.02,1,50,1965335696,282.478,4626523301,4626523301,0,3489906512,
mcs70_m2Dr6_s50.A07,mcs70_m2Dr6_s50.B07,ll_lum,32,29,6882665500,1000.02,1,50,595700061,84.5669,4591804850,4591804850,0,3433027651,
mcs70_m2Dr6_s50.A08,mcs70_m2Dr6_s50.B08,ll_lum,32,32,6941453329,1000.01,1,50,528415342,74.7377,4503458375,4503458375,0,3321686035,
mcs70_m2Dr6_s50.A09,mcs70_m2Dr6_s50.B09,ll_lum,36,79,6499858808,1000.01,1,50,4221286951,616.538,4255698709,4255698709,0,3159823755,
mcs70_m2Dr6_s60.A00,mcs70_m2Dr6_s60.B00,ll_lum,38,35,6300816965,1000.02,1,60,1628664335,254.418,4099173481,4099173481,0,3045823004,
mcs70_m2Dr6_s60.A01,mcs70_m2Dr6_s60.B01,ll_lum,37,34,7045466284,1000.01,1,60,2675599833,370.907,4638654969,4638654969,0,3473117038,
mcs70_m2Dr6_s60.A02,mcs70_m2Dr6_s60.B02,ll_lum,37,34,6478443575,1000.02,1,60,519372474,78.5653,4157888564,4157888564,0,3092654751,
mcs70_m2Dr6_s60.A03,mcs70_m2Dr6_s60.B03,ll_lum,38,34,6687560951,1000.01,1,60,5132262332,762.763,4726021055,4726021055,0,3628798975,
mcs70_m2Dr6_s60.A04,mcs70_m2Dr6_s60.B04,ll_lum,37,31,6730523522,1000.02,1,60,682159639,97.0757,4495073030,4495073030,0,3381434222,
mcs70_m2Dr6_s60.A05,mcs70_m2Dr6_s60.B05,ll_lum,38,37,6986007211,1000.02,1,60,1485560822,198.871,4545215657,4545215657,0,3372752609,
mcs70_m2Dr6_s60.A06,mcs70_m2Dr6_s60.B06,ll_lum,36,34,6933934763,1000.01,1,60,3328740281,461.479,4688573220,4688573220,0,3509546843,
mcs70_m2Dr6_s60.A07,mcs70_m2Dr6_s60.B07,ll_lum,38,34,6806843375,1000.02,1,60,2614462966,372.715,4370694727,4370694727,0,3204857950,
mcs70_m2Dr6_s60.A08,mcs70_m2Dr6_s60.B08,ll_lum,38,36,6870065893,1000.02,1,60,360961793,50.6525,4624423565,4624423565,0,3466588782,
mcs70_m2Dr6_s60.A09,mcs70_m2Dr6_s60.B09,ll_lum,37,36,7096021647,1000.02,1,60,564062992,75.1715,4829704930,4829704930,0,3569588941,
mcs70_m2Dr6_s70.A00,mcs70_m2Dr6_s70.B00,ll_lum,42,37,6445511983,1000.02,1,70,1664112099,246.683,4177587845,4177587845,0,2916432575,
mcs70_m2Dr6_s70.A01,mcs70_m2Dr6_s70.B01,ll_lum,41,39,6673835597,1000.02,1,70,3224937023,474.643,4294554248,4294554248,0,3273161225,
mcs70_m2Dr6_s70.A02,mcs70_m2Dr6_s70.B02,ll_lum,43,45,6493910128,1000.02,1,70,5118187813,781.606,4046734322,4046734322,0,2862760764,
mcs70_m2Dr6_s70.A03,mcs70_m2Dr6_s70.B03,ll_lum,43,40,5134144412,1000.02,1,70,2556245858,486.63,3279935432,3279935432,0,2437362708,
mcs70_m2Dr6_s70.A04,mcs70_m2Dr6_s70.B04,ll_lum,42,38,7026930676,1000.02,1,70,113044026,14.9345,5020368733,5020368733,0,3893677138,
mcs70_m2Dr6_s70.A05,mcs70_m2Dr6_s70.B05,ll_lum,42,40,6550604969,1000.02,1,70,220940399,34.0813,4172636637,4172636637,0,3023966504,
mcs70_m2Dr6_s70.A06,mcs70_m2Dr6_s70.B06,ll_lum,41,40,6636647195,1000.01,1,70,142911654,19.8,4512891005,4512891005,0,3414872680,
mcs70_m2Dr6_s70.A07,mcs70_m2Dr6_s70.B07,ll_lum,42,38,7112630469,1000.02,1,70,169043354,23.2302,4759330411,4759330411,0,3373450926,
mcs70_m2Dr6_s70.A08,mcs70_m2Dr6_s70.B08,ll_lum,41,42,7203684259,1000.01,1,70,5502071547,750.281,4752231480,4752231480,0,3460789052,
mcs70_m2Dr6_s70.A09,mcs70_m2Dr6_s70.B09,ll_lum,42,43,6786146588,1000.01,1,70,166577031,22.9051,4389055370,4389055370,0,3084460042,
mcs70_m2Dr6_s80.A00,mcs70_m2Dr6_s80.B00,ll_lum,48,45,6732446838,1000.02,1,80,255442207,35.6914,4369020630,4369020630,0,3223140058,
mcs70_m2Dr6_s80.A01,mcs70_m2Dr6_s80.B01,ll_lum,48,38,6898458320,1000.01,1,80,2659051375,356.262,4643169633,4643169633,0,3604533729,
mcs70_m2Dr6_s80.A02,mcs70_m2Dr6_s80.B02,ll_lum,46,47,6823325257,1000.02,1,80,723844888,102.504,4719964681,4719964681,0,3557641219,
mcs70_m2Dr6_s80.A03,mcs70_m2Dr6_s80.B03,ll_lum,48,46,6969168176,1000.02,1,80,709015640,86.599,4583106581,4583106581,0,3302729255,
mcs70_m2Dr6_s80.A04,mcs70_m2Dr6_s80.B04,ll_lum,48,47,6911553853,1000.01,1,80,13913530,1.68353,4506404969,4506404969,0,3347323380,
mcs70_m2Dr6_s80.A05,mcs70_m2Dr6_s80.B05,ll_lum,47,41,6563882928,1000.02,1,80,58101670,7.96275,4244554026,4244554026,0,3167199832,
mcs70_m2Dr6_s80.A06,mcs70_m2Dr6_s80.B06,ll_lum,46,43,7172844308,1000.02,1,80,2801617537,389.974,4602782129,4602782129,0,3372671715,
mcs70_m2Dr6_s80.A07,mcs70_m2Dr6_s80.B07,ll_lum,47,44,7773780841,1000.02,1,80,6473231492,816.647,5146752951,5146752951,0,3685401673,
mcs70_m2Dr6_s80.A08,mcs70_m2Dr6_s80.B08,ll_lum,46,40,7148848526,1000.02,1,80,56564251,6.93177,4727622275,4727622275,0,3564746386,
mcs70_m2Dr6_s80.A09,mcs70_m2Dr6_s80.B09,ll_lum,47,46,3912693015,1000.02,1,80,1886073303,476.926,2533875533,2533875533,0,1812129480,
mcs70_m2Dr6_s90.A00,mcs70_m2Dr6_s90.B00,ll_lum,53,46,6847798675,1000.01,1,90,29661753,4.43343,4398472776,4398472776,0,3204621919,
mcs70_m2Dr6_s90.A01,mcs70_m2Dr6_s90.B01,ll_lum,52,51,6749764052,1000.02,1,90,671143554,97.4832,4356117980,4356117980,0,3073364715,
mcs70_m2Dr6_s90.A02,mcs70_m2Dr6_s90.B02,ll_lum,52,50,6838041122,1000.01,1,90,1152948287,150.125,4482185050,4482185050,0,3204290952,
mcs70_m2Dr6_s90.A03,mcs70_m2Dr6_s90.B03,ll_lum,54,67,6640802293,1000.01,1,90,5525837776,817.389,4134270922,4134270922,0,2953176397,
mcs70_m2Dr6_s90.A04,mcs70_m2Dr6_s90.B04,ll_lum,51,45,7976210953,1000.02,1,90,3846442281,474.134,5473130525,5473130525,0,4137810540,
mcs70_m2Dr6_s90.A05,mcs70_m2Dr6_s90.B05,ll_lum,52,50,7060057538,1000.02,1,90,1824666448,242.725,4589750449,4589750449,0,3351703232,
mcs70_m2Dr6_s90.A06,mcs70_m2Dr6_s90.B06,ll_lum,50,49,6093736671,1000.01,1,90,81383507,11.7962,3838449783,3838449783,0,2752829127,
mcs70_m2Dr6_s90.A07,mcs70_m2Dr6_s90.B07,ll_lum,53,50,5806194963,1000.02,1,90,281089997,46.7601,3575904324,3575904324,0,2425808617,
mcs70_m2Dr6_s90.A08,mcs70_m2Dr6_s90.B08,ll_lum,52,46,6975201852,1000.01,1,90,1646446916,228.79,4611485997,4611485997,0,3215727198,
mcs70_m2Dr6_s90.A09,mcs70_m2Dr6_s90.B09,ll_lum,53,51,6921828099,1000.02,1,90,3544524778,502.368,5026750102,5026750102,0,3859616213,
mcs70_m3D_s100.A00,mcs70_m3D_s100.B00,ll_lum,63,72,5995672421,1000.02,1,100,226567770,31.5564,3768250405,3768250405,0,2606100760,
mcs70_m3D_s100.A01,mcs70_m3D_s100.B01,ll_lum,61,68,6369231582,1000.02,1,100,2068347561,318.228,4002153857,4002153857,0,2881266125,
mcs70_m3D_s100.A02,mcs70_m3D_s100.B02,ll_lum,61,84,6757874255,1000.02,1,100,453675762,68.4996,4350403996,4350403996,0,3074611618,
mcs70_m3D_s100.A03,mcs70_m3D_s100.B03,ll_lum,61,59,7014148627,1000.01,1,100,5923569891,845.557,4669727188,4669727188,0,3212892741,
mcs70_m3D_s100.A04,mcs70_m3D_s100.B04,ll_lum,61,87,5822120664,1000.01,1,100,247619656,43.7389,3429353438,3429353438,0,2278992277,
mcs70_m3D_s100.A05,mcs70_m3D_s100.B05,ll_lum,59,69,6649456658,1000.02,1,100,2876422773,420.187,4181638295,4181638295,0,2816933340,
mcs70_m3D_s100.A06,mcs70_m3D_s100.B06,ll_lum,59,63,7064134778,1000.01,1,100,2403468619,321.007,4412172548,4412172548,0,3168103528,
mcs70_m3D_s100.A07,mcs70_m3D_s100.B07,ll_lum,60,60,5846365968,1000.02,1,100,4960367404,852.911,3695434466,3695434466,0,2608759202,
mcs70_m3D_s100.A08,mcs70_m3D_s100.B08,ll_lum,58,67,5660789382,1000.02,1,100,71886831,9.76385,3340417493,3340417493,0,2173144843,
mcs70_m3D_s100.A09,mcs70_m3D_s100.B09,ll_lum,60,81,6220223201,1000.02,1,100,3013518903,479.867,3657671084,3657671084,0,2510651767,
mcs70_m3D_s35.A00,mcs70_m3D_s35.B00,ll_lum,28,55,14684847,2.16771,0,35,12722520,1.84073,8781328,8781328,0,5625724,
mcs70_m3D_s35.A01,mcs70_m3D_s35.B01,ll_lum,28,56,57883898,8.57516,0,35,56552958,8.34915,34506336,34506336,0,22870684,
mcs70_m3D_s35.A02,mcs70_m3D_s35.B02,ll_lum,29,57,7403884,1.0877,0,35,7163820,1.04659,4479431,4479431,0,3073128,
mcs70_m3D_s35.A03,mcs70_m3D_s35.B03,ll_lum,28,49,627863,0.107529,0,35,9620,0.00170662,373227,373227,0,232585,
mcs70_m3D_s35.A04,mcs70_m3D_s35.B04,ll_lum,29,56,821361,0.143506,0,35,320861,0.0512388,495208,495208,0,330799,
mcs70_m3D_s35.A05,mcs70_m3D_s35.B05,ll_lum,27,54,12663453,2.40438,0,35,9830978,1.83717,7640495,7640495,0,5168295,
mcs70_m3D_s35.A06,mcs70_m3D_s35.B06,ll_lum,27,54,41986027,6.01392,0,35,39643582,5.62098,26513679,26513679,0,18199018,
mcs70_m3D_s35.A07,mcs70_m3D_s35.B07,ll_lum,27,54,17102195,2.38514,0,35,14644778,1.98281,10690465,10690465,0,7712194,
mcs70_m3D_s35.A08,mcs70_m3D_s35.B08,ll_lum,29,56,6520588,0.960464,0,35,6359152,0.933516,3984553,3984553,0,2698569,
mcs70_m3D_s35.A09,mcs70_m3D_s35.B09,ll_lum,28,55,2541565,0.403401,0,35,1501141,0.230699,1534387,1534387,0,1024986,
mcs70_m3D_s40.A00,mcs70_m3D_s40.B00,ll_lum,29,43,292410219,43.7028,0,40,136178133,18.9494,190096298,190096298,0,135034772,
mcs70_m3D_s40.A01,mcs70_m3D_s40.B01,ll_lum,30,51,76895641,11.6425,0,40,43315346,6.22032,49040550,49040550,0,34248785,
mcs70_m3D_s40.A02,mcs70_m3D_s40.B02,ll_lum,30,53,118313543,18.5267,0,40,102944860,16.0465,74622944,74622944,0,52833069,
mcs70_m3D_s40.A03,mcs70_m3D_s40.B03,ll_lum,29,52,148839108,23.1016,0,40,52830904,7.84515,95076967,95076967,0,68201134,
mcs70_m3D_s40.A04,mcs70_m3D_s40.B04,ll_lum,30,53,54588383,8.57837,0,40,11967525,1.60147,34531242,34531242,0,24563393,
mcs70_m3D_s40.A05,mcs70_m3D_s40.B05,ll_lum,29,55,152839925,23.9013,0,40,7457404,1.05719,97979350,97979350,0,70578506,
mcs70_m3D_s40.A06,mcs70_m3D_s40.B06,ll_lum,31,58,19686615,4.48638,0,40,11885694,2.6669,12408143,12408143,0,9067083,
mcs70_m3D_s40.A07,mcs70_m3D_s40.B07,ll_lum,30,53,40139108,7.18341,0,40,746730,0.141699,25222384,25222384,0,17717433,
mcs70_m3D_s40.A08,mcs70_m3D_s40.B08,ll_lum,30,57,291191952,50.1877,0,40,262912656,44.9113,183559258,183559258,0,127707251,
mcs70_m3D_s40.A09,mcs70_m3D_s40.B09,ll_lum,30,53,250303279,36.3415,0,40,205128433,29.0671,158365637,158365637,0,112251151,
mcs70_m3D_s90.A00,mcs70_m3D_s90.B00,ll_lum,54,73,7187852046,1000.02,1,90,17877399,2.45073,4442386977,4442386977,0,3072401266,
mcs70_m3D_s90.A01,mcs70_m3D_s90.B01,ll_lum,57,90,6010109296,1000.02,1,90,98104175,17.3532,3515613751,3515613751,0,2403359217,
mcs70_m3D_s90.A02,mcs70_m3D_s90.B02,ll_lum,52,48,7112885640,1000.01,1,90,121006933,16.5355,4548754827,4548754827,0,3192377311,
mcs70_m3D_s90.A03,mcs70_m3D_s90.B03,ll_lum,51,46,7930934040,1000.01,1,90,1591067900,112.614,5930000076,5930000076,0,4327897345,
mcs70_m3D_s90.A04,mcs70_m3D_s90.B04,ll_lum,66,138,3016092016,1000.02,1,90,26091937,7.27593,1535212832,1535212832,0,707910271,
mcs70_m3D_s90.A05,mcs70_m3D_s90.B05,ll_lum,59,102,5281178599,1000.02,1,90,29390,0.00527292,3115417676,3115417676,0,2333453475,
mcs70_m3D_s90.A06,mcs70_m3D_s90.B06,ll_lum,53,52,6505171356,1000.01,1,90,347336545,48.7694,4009095065,4009095065,0,2767395986,
mcs70_m3D_s90.A07,mcs70_m3D_s90.B07,ll_lum,52,44,6823010544,1000.02,1,90,1027469069,138.511,4336174378,4336174378,0,3244538507,
mcs70_m3D_s90.A08,mcs70_m3D_s90.B08,ll_lum,52,56,7171214185,1000.02,1,90,6635584278,923.773,4700605549,4700605549,0,3240973235,
mcs70_m3D_s90.A09,mcs70_m3D_s90.B09,ll_lum,56,81,6077327117,1000.01,1,90,25211,0.00294197,3865150970,3865150970,0,2716772350,
mcs70_m3Dr2_s100.A00,mcs70_m3Dr2_s100.B00,ll_lum,58,61,7660857725,1000.02,1,100,269821794,32.0783,5115766141,5115766141,0,3782959546,
mcs70_m3Dr2_s100.A01,mcs70_m3Dr2_s100.B01,ll_lum,55,58,6504170048,1000.02,1,100,3984251848,598.449,4070006876,4070006876,0,3036269806,
mcs70_m3Dr2_s100.A02,mcs70_m3Dr2_s100.B02,ll_lum,56,53,7027373467,1000.02,1,100,5929611929,837.687,4395746284,4395746284,0,3259446999,
mcs70_m3Dr2_s100.A03,mcs70_m3Dr2_s100.B03,ll_lum,56,53,7390045919,1000.02,1,100,882499601,116.704,5034411008,5034411008,0,3503766734,
mcs70_m3Dr2_s100.A04,mcs70_m3Dr2_s100.B04,ll_lum,58,57,4672702295,1000.02,1,100,733535281,142.422,2934602764,2934602764,0,2015883159,
mcs70_m3Dr2_s100.A05,mcs70_m3Dr2_s100.B05,ll_lum,56,50,5815844163,1000.01,1,100,4435055675,760.621,3642317972,3642317972,0,2602598106,
mcs70_m3Dr2_s100.A06,mcs70_m3Dr2_s100.B06,ll_lum,56,67,5683101305,1000.02,1,100,145218490,24.3086,3475907217,3475907217,0,2416723547,
mcs70_m3Dr2_s100.A07,mcs70_m3Dr2_s100.B07,ll_lum,57,58,6419150287,1000.01,1,100,291385328,43.0786,4183959462,4183959462,0,3192551989,
mcs70_m3Dr2_s100.A08,mcs70_m3Dr2_s100.B08,ll_lum,58,64,6553891775,1000.01,1,100,2218075182,336.113,4151565483,4151565483,0,2861825424,
mcs70_m3Dr2_s100.A09,mcs70_m3Dr2_s100.B09,ll_lum,55,51,7549022516,1000.01,1,100,2286911756,290.536,5088481698,5088481698,0,3723236442,
mcs70_m3Dr2_s35.A00,mcs70_m3Dr2_s35.B00,ll_lum,28,60,7868147,1.15026,0,35,7343083,1.05643,4959890,4959890,0,3666688,
mcs70_m3Dr2_s35.A01,mcs70_m3Dr2_s35.B01,ll_lum,28,60,13135188,2.09412,0,35,12605505,2.00259,8185983,8185983,0,5902230,
mcs70_m3Dr2_s35.A02,mcs70_m3Dr2_s35.B02,ll_lum,28,60,17626764,2.40778,0,35,17129143,2.31964,11491775,11491775,0,8365024,
mcs70_m3Dr2_s35.A03,mcs70_m3Dr2_s35.B03,ll_lum,28,59,14029338,2.18739,0,35,13659474,2.12234,8745104,8745104,0,6421003,
mcs70_m3Dr2_s35.A04,mcs70_m3Dr2_s35.B04,ll_lum,28,54,16076752,2.51002,0,35,15480209,2.40027,9950245,9950245,0,7353432,
mcs70_m3Dr2_s35.A05,mcs70_m3Dr2_s35.B05,ll_lum,27,48,44411120,6.74798,0,35,43078028,6.52192,27756592,27756592,0,20442348,
mcs70_m3Dr2_s35.A06,mcs70_m3Dr2_s35.B06,ll_lum,27,58,3323130,0.556429,0,35,1140948,0.172084,2085206,2085206,0,1568726,
mcs70_m3Dr2_s35.A07,mcs70_m3Dr2_s35.B07,ll_lum,28,60,60268066,8.99078,0,35,59892796,8.92392,38518086,38518086,0,28780088,
mcs70_m3Dr2_s35.A08,mcs70_m3Dr2_s35.B08,ll_lum,27,59,35652258,5.40672,0,35,33389642,5.00562,22490075,22490075,0,16661779,
mcs70_m3Dr2_s35.A09,mcs70_m3Dr2_s35.B09,ll_lum,27,58,7127478,1.17842,0,35,5419485,0.883291,4481536,4481536,0,3353590,
mcs70_m3Dr2_s40.A00,mcs70_m3Dr2_s40.B00,ll_lum,27,58,1209401260,182.264,0,40,11437413,1.74781,793033156,793033156,0,581927259,
mcs70_m3Dr2_s40.A01,mcs70_m3Dr2_s40.B01,ll_lum,29,60,270257204,41.7647,0,40,193238291,28.6471,172995332,172995332,0,129453857,
mcs70_m3Dr2_s40.A02,mcs70_m3Dr2_s40.B02,ll_lum,28,54,340185093,54.893,0,40,12684953,2.05717,220109046,220109046,0,162661223,
mcs70_m3Dr2_s40.A03,mcs70_m3Dr2_s40.B03,ll_lum,29,53,291254431,45.0797,0,40,239943526,36.7315,186570184,186570184,0,136410083,
mcs70_m3Dr2_s40.A04,mcs70_m3Dr2_s40.B04,ll_lum,29,61,1847572984,273.385,0,40,1791139015,264.102,1190603492,1190603492,0,868977703,
mcs70_m3Dr2_s40.A05,mcs70_m3Dr2_s40.B05,ll_lum,29,45,178461502,28.574,0,40,153158363,24.4084,116446134,116446134,0,86710943,
mcs70_m3Dr2_s40.A06,mcs70_m3Dr2_s40.B06,ll_lum,27,40,1386554452,208.578,0,40,185726836,26.9204,901464853,901464853,0,657845339,
mcs70_m3Dr2_s40.A07,mcs70_m3Dr2_s40.B07,ll_lum,27,50,1174916493,178.58,0,40,127168398,19.0482,766630799,766630799,0,560491074,
mcs70_m3Dr2_s40.A08,mcs70_m3Dr2_s40.B08,ll_lum,29,60,245533621,37.7828,0,40,176580888,25.941,157925989,157925989,0,118304582,
mcs70_m3Dr2_s40.A09,mcs70_m3Dr2_s40.B09,ll_lum,27,59,1624267615,246.515,0,40,719718792,108.324,1069327636,1069327636,0,800600303,
mcs70_m3Dr2_s90.A00,mcs70_m3Dr2_s90.B00,ll_lum,51,50,6586230278,1000.02,1,90,873936895,123.618,4104645763,4104645763,0,2870149250,
mcs70_m3Dr2_s90.A01,mcs70_m3Dr2_s90.B01,ll_lum,54,71,6006559713,1000.01,1,90,5146902677,853.831,3633165885,3633165885,0,2641720256,
mcs70_m3Dr2_s90.A02,mcs70_m3Dr2_s90.B02,ll_lum,50,51,6433272534,1000.02,1,90,2800546810,435.418,4040175809,4040175809,0,2958965286,
mcs70_m3Dr2_s90.A03,mcs70_m3Dr2_s90.B03,ll_lum,49,44,6576860183,1000.02,1,90,318707245,43.6857,4188046106,4188046106,0,3032171462,
mcs70_m3Dr2_s90.A04,mcs70_m3Dr2_s90.B04,ll_lum,52,53,3535017674,1000.02,1,90,1746342063,473.496,2195932039,2195932039,0,1584355529,
mcs70_m3Dr2_s90.A05,mcs70_m3Dr2_s90.B05,ll_lum,51,49,6930550423,1000.01,1,90,13775029,1.66061,4361890849,4361890849,0,3101720055,
mcs70_m3Dr2_s90.A06,mcs70_m3Dr2_s90.B06,ll_lum,51,47,6562899545,1000.02,1,90,30118813,4.25286,4072962046,4072962046,0,2871039640,
mcs70_m3Dr2_s90.A07,mcs70_m3Dr2_s90.B07,ll_lum,51,51,6531213019,1000.02,1,90,21710288,3.04709,4196546870,4196546870,0,3000684624,
mcs70_m3Dr2_s90.A08,mcs70_m3Dr2_s90.B08,ll_lum,52,53,6118752045,1000.02,1,90,1765212943,277.308,3820804083,3820804083,0,2757886329,
mcs70_m3Dr2_s90.A09,mcs70_m3Dr2_s90.B09,ll_lum,51,54,6491469013,1000.02,1,90,442330044,65.7901,4215508034,4215508034,0,2971356866,
mcs70_m3Dr4_s100.A00,mcs70_m3Dr4_s100.B00,ll_lum,54,51,6405842104,1000.02,1,100,1302279388,193.85,4262786099,4262786099,0,2930912430,
mcs70_m3Dr4_s100.A01,mcs70_m3Dr4_s100.B01,ll_lum,54,64,6809332625,1000,1,100,5247162723,759.604,4505025506,4505025506,0,3372716749,
mcs70_m3Dr4_s100.A02,mcs70_m3Dr4_s100.B02,ll_lum,54,52,6810433113,1000.02,1,100,3630020403,514.94,4375582846,4375582846,0,3199555677,
mcs70_m3Dr4_s100.A03,mcs70_m3Dr4_s100.B03,ll_lum,55,53,13376471223,1000.02,1,100,11126133830,650.231,10561998563,10561998563,0,8394166622,
mcs70_m3Dr4_s100.A04,mcs70_m3Dr4_s100.B04,ll_lum,53,54,6698710353,1000.02,1,100,33356615,4.35266,4281379749,4281379749,0,3027165656,
mcs70_m3Dr4_s100.A05,mcs70_m3Dr4_s100.B05,ll_lum,54,49,6946552538,1000.01,1,100,638158150,72.5991,4498433231,4498433231,0,3187491335,
mcs70_m3Dr4_s100.A06,mcs70_m3Dr4_s100.B06,ll_lum,55,60,7195046897,1000.02,1,100,224170917,23.5203,4935126423,4935126423,0,3580790733,
mcs70_m3Dr4_s100.A07,mcs70_m3Dr4_s100.B07,ll_lum,54,48,6772930207,1000.02,1,100,1788793746,256.93,4337519090,4337519090,0,2954857553,
mcs70_m3Dr4_s100.A08,mcs70_m3Dr4_s100.B08,ll_lum,54,50,6871005735,1000.02,1,100,5705906109,814.99,4215235392,4215235392,0,2930885620,
mcs70_m3Dr4_s100.A09,mcs70_m3Dr4_s100.B09,ll_lum,53,53,6161159080,1000.02,1,100,1346260273,199.526,3966358224,3966358224,0,2774211438,
mcs70_m3Dr4_s35.A00,mcs70_m3Dr4_s35.B00,ll_lum,27,62,18025175,2.78973,0,35,17190213,2.63679,11460062,11460062,0,8748555,
mcs70_m3Dr4_s35.A01,mcs70_m3Dr4_s35.B01,ll_lum,27,63,103673991,15.0413,0,35,102333899,14.803,66065149,66065149,0,48705057,
mcs70_m3Dr4_s35.A02,mcs70_m3Dr4_s35.B02,ll_lum,29,65,13928302,2.21251,0,35,13863659,2.20032,8867488,8867488,0,6817588,
mcs70_m3Dr4_s35.A03,mcs70_m3Dr4_s35.B03,ll_lum,27,64,45841155,6.99593,0,35,44846662,6.81227,29150335,29150335,0,21848160,
mcs70_m3Dr4_s35.A04,mcs70_m3Dr4_s35.B04,ll_lum,27,63,1049548,0.188297,0,35,28,3.5003e-05,683070,683070,0,529893,
mcs70_m3Dr4_s35.A05,mcs70_m3Dr4_s35.B05,ll_lum,27,63,15798198,2.32595,0,35,14653401,2.11595,10177976,10177976,0,7806371,
mcs70_m3Dr4_s35.A06,mcs70_m3Dr4_s35.B06,ll_lum,27,62,5303463,0.851407,0,35,3737110,0.56077,3374311,3374311,0,2590356,
mcs70_m3Dr4_s35.A07,mcs70_m3Dr4_s35.B07,ll_lum,27,62,13398588,2.13378,0,35,12625806,1.99513,8497224,8497224,0,6473292,
mcs70_m3Dr4_s35.A08,mcs70_m3Dr4_s35.B08,ll_lum,28,65,290940,0.0556909,0,35,29,3.0406e-05,191810,191810,0,155733,
mcs70_m3Dr4_s35.A09,mcs70_m3Dr4_s35.B09,ll_lum,27,63,3434778,0.590525,0,35,1356664,0.211699,2166436,2166436,0,1681709,
mcs70_m3Dr4_s40.A00,mcs70_m3Dr4_s40.B00,ll_lum,28,58,463062713,72.9121,0,40,373171694,57.3581,298840340,298840340,0,226138529,
mcs70_m3Dr4_s40.A01,mcs70_m3Dr4_s40.B01,ll_lum,28,63,1458152090,233.393,0,40,1307114734,207.101,947565408,947565408,0,731232497,
mcs70_m3Dr4_s40.A02,mcs70_m3Dr4_s40.B02,ll_lum,27,64,1051978389,164.604,0,40,653965351,99.4988,692719715,692719715,0,529292193,
mcs70_m3Dr4_s40.A03,mcs70_m3Dr4_s40.B03,ll_lum,28,62,1898119967,283.155,0,40,1757296505,259.781,1237446020,1237446020,0,942902620,
mcs70_m3Dr4_s40.A04,mcs70_m3Dr4_s40.B04,ll_lum,28,63,609570905,161.195,0,40,440963399,105.907,389145699,389145699,0,287382321,
mcs70_m3Dr4_s40.A05,mcs70_m3Dr4_s40.B05,ll_lum,28,54,1481841215,226.055,0,40,1377214568,208.437,969367729,969367729,0,731251334,
mcs70_m3Dr4_s40.A06,mcs70_m3Dr4_s40.B06,ll_lum,28,52,550897071,86.1914,0,40,444257432,68.5686,357630656,357630656,0,273630141,
mcs70_m3Dr4_s40.A07,mcs70_m3Dr4_s40.B07,ll_lum,27,61,1187059956,187.137,0,40,551605569,83.6742,771111040,771111040,0,582672777,
mcs70_m3Dr4_s40.A08,mcs70_m3Dr4_s40.B08,ll_lum,28,62,1001989254,152.93,0,40,865766993,129.978,666952590,666952590,0,510049074,
mcs70_m3Dr4_s40.A09,mcs70_m3Dr4_s40.B09,ll_lum,29,65,355050811,56.3984,0,40,298187625,46.2379,225713773,225713773,0,171220955,
mcs70_m3Dr4_s90.A00,mcs70_m3Dr4_s90.B00,ll_lum,48,44,6252533372,1000.02,1,90,637020409,94.8076,4083483465,4083483465,0,3062992561,
mcs70_m3Dr4_s90.A01,mcs70_m3Dr4_s90.B01,ll_lum,48,50,6881471017,1000.02,1,90,23450670,3.17305,4456867451,4456867451,0,3220707772,
mcs70_m3Dr4_s90.A02,mcs70_m3Dr4_s90.B02,ll_lum,49,46,6819116737,1000.02,1,90,400328924,59.4631,4448105935,4448105935,0,3340483892,
mcs70_m3Dr4_s90.A03,mcs70_m3Dr4_s90.B03,ll_lum,50,51,6246829317,1000.01,1,90,1706060903,274.023,3893863237,3893863237,0,2864188553,
mcs70_m3Dr4_s90.A04,mcs70_m3Dr4_s90.B04,ll_lum,50,49,6614439422,1000.02,1,90,5986843134,900.168,4072320220,4072320220,0,3001553653,
mcs70_m3Dr4_s90.A05,mcs70_m3Dr4_s90.B05,ll_lum,51,52,6137083494,1000.02,1,90,3224452667,520.962,3783321657,3783321657,0,2721955274,
mcs70_m3Dr4_s90.A06,mcs70_m3Dr4_s90.B06,ll_lum,50,54,6035337934,1000.02,1,90,59964884,8.95442,3888768988,3888768988,0,2800924826,
mcs70_m3Dr4_s90.A07,mcs70_m3Dr4_s90.B07,ll_lum,54,91,5528487051,1000.02,1,90,722526992,120.943,3490131478,3490131478,0,2719087035,
mcs70_m3Dr4_s90.A08,mcs70_m3Dr4_s90.B08,ll_lum,50,52,6130307092,1000.02,1,90,240231660,36.0942,3856154347,3856154347,0,2976325792,
mcs70_m3Dr4_s90.A09,mcs70_m3Dr4_s90.B09,ll_lum,50,43,6720870129,1000.01,1,90,573281983,83.3177,4467671437,4467671437,0,3273905621,
mcs70_m3Dr6_s100.A00,mcs70_m3Dr6_s100.B00,ll_lum,52,51,7114402545,1000.02,1,100,1391245895,180.874,4423884355,4423884355,0,3197360734,
mcs70_m3Dr6_s100.A01,mcs70_m3Dr6_s100.B01,ll_lum,52,51,6884715103,1000.02,1,100,1211893858,169.708,4674449376,4674449376,0,3427410570,
mcs70_m3Dr6_s100.A02,mcs70_m3Dr6_s100.B02,ll_lum,53,46,6298686430,1000.02,1,100,5457809124,858.961,4017575120,4017575120,0,2968188656,
mcs70_m3Dr6_s100.A03,mcs70_m3Dr6_s100.B03,ll_lum,53,56,7258350792,1000.02,1,100,336275225,47.3867,4723167118,4723167118,0,3531867172,
mcs70_m3Dr6_s100.A04,mcs70_m3Dr6_s100.B04,ll_lum,53,55,5620821706,1000.01,1,100,49262902,8.77038,3591416884,3591416884,0,2764147411,
mcs70_m3Dr6_s100.A05,mcs70_m3Dr6_s100.B05,ll_lum,66,183,3676434566,1000.01,1,100,67,0.000110887,1945237921,1945237921,0,1101399638,
mcs70_m3Dr6_s100.A06,mcs70_m3Dr6_s100.B06,ll_lum,65,173,3785084229,1000.02,1,100,66,0.000112489,1912702268,1912702268,0,1021087770,
mcs70_m3Dr6_s100.A07,mcs70_m3Dr6_s100.B07,ll_lum,51,53,6396653700,1000.02,1,100,525258007,80.0531,4106124414,4106124414,0,3077575431,
mcs70_m3Dr6_s100.A08,mcs70_m3Dr6_s100.B08,ll_lum,53,53,6582661606,1000.01,1,100,5682396286,854.34,4143662032,4143662032,0,2990580448,
mcs70_m3Dr6_s100.A09,mcs70_m3Dr6_s100.B09,ll_lum,53,55,5805808268,1000.01,1,100,4467720475,753.636,3601412075,3601412075,0,2737873760,
mcs70_m3Dr6_s35.A00,mcs70_m3Dr6_s35.B00,ll_lum,27,66,23053127,3.45739,0,35,21977921,3.25416,14953922,14953922,0,11627360,
mcs70_m3Dr6_s35.A01,mcs70_m3Dr6_s35.B01,ll_lum,27,67,121818519,19.3886,0,35,121040508,19.2402,78236290,78236290,0,61541635,
mcs70_m3Dr6_s35.A02,mcs70_m3Dr6_s35.B02,ll_lum,27,68,88186671,13.1911,0,35,87772421,13.115,56980336,56980336,0,43033096,
mcs70_m3Dr6_s35.A03,mcs70_m3Dr6_s35.B03,ll_lum,27,66,660998,0.12017,0,35,19104,0.00277554,430204,430204,0,343421,
mcs70_m3Dr6_s35.A04,mcs70_m3Dr6_s35.B04,ll_lum,27,67,3392883,0.542044,0,35,2504436,0.378895,2159732,2159732,0,1673766,
mcs70_m3Dr6_s35.A05,mcs70_m3Dr6_s35.B05,ll_lum,27,67,1286740,0.24762,0,35,101116,0.0187078,848961,848961,0,690874,
mcs70_m3Dr6_s35.A06,mcs70_m3Dr6_s35.B06,ll_lum,27,68,47520745,7.91084,0,35,46892339,7.78941,30364311,30364311,0,24041571,
mcs70_m3Dr6_s35.A07,mcs70_m3Dr6_s35.B07,ll_lum,27,68,14382011,2.13675,0,35,13680537,2.00652,9335399,9335399,0,7297102,
mcs70_m3Dr6_s35.A08,mcs70_m3Dr6_s35.B08,ll_lum,27,65,3261437,0.486467,0,35,2779178,0.399873,2063178,2063178,0,1560321,
mcs70_m3Dr6_s35.A09,mcs70_m3Dr6_s35.B09,ll_lum,27,68,1571359,0.266749,0,35,931532,0.146968,1035400,1035400,0,844605,
mcs70_m3Dr6_s40.A00,mcs70_m3Dr6_s40.B00,ll_lum,28,70,737182703,115.388,0,40,695800530,107.918,489394122,489394122,0,386996959,
mcs70_m3Dr6_s40.A01,mcs70_m3Dr6_s40.B01,ll_lum,27,67,377092880,62.8536,0,40,109501388,17.0947,244493682,244493682,0,189888524,
mcs70_m3Dr6_s40.A02,mcs70_m3Dr6_s40.B02,ll_lum,29,67,572701123,91.9785,0,40,561653073,89.9208,378945357,378945357,0,300506277,
mcs70_m3Dr6_s40.A03,mcs70_m3Dr6_s40.B03,ll_lum,28,64,544685067,88.6971,0,40,481715634,77.3766,352513180,352513180,0,274257307,
mcs70_m3Dr6_s40.A04,mcs70_m3Dr6_s40.B04,ll_lum,27,68,264451859,45.2518,0,40,28,3.2059e-05,173785744,173785744,0,136503307,
mcs70_m3Dr6_s40.A05,mcs70_m3Dr6_s40.B05,ll_lum,28,67,260438453,41.5955,0,40,182644589,27.549,170268322,170268322,0,130782348,
mcs70_m3Dr6_s40.A06,mcs70_m3Dr6_s40.B06,ll_lum,27,70,606442664,100.185,0,40,277677944,43.0667,394866351,394866351,0,308508564,
mcs70_m3Dr6_s40.A07,mcs70_m3Dr6_s40.B07,ll_lum,28,67,1622571738,248.51,0,40,1588023096,242.545,1070430661,1070430661,0,830524901,
mcs70_m3Dr6_s40.A08,mcs70_m3Dr6_s40.B08,ll_lum,28,65,1175856181,186.998,0,40,1055094537,165.474,754035692,754035692,0,585513671,
mcs70_m3Dr6_s40.A09,mcs70_m3Dr6_s40.B09,ll_lum,29,63,1066024125,171.798,0,40,1044236426,167.662,684481711,684481711,0,534054733,
mcs70_m3Dr6_s90.A00,mcs70_m3Dr6_s90.B00,ll_lum,48,55,5874619867,1000.01,1,90,182668156,27.6018,3670732792,3670732792,0,2832940227,
mcs70_m3Dr6_s90.A01,mcs70_m3Dr6_s90.B01,ll_lum,48,46,6259751097,1000.01,1,90,6016133391,959.939,4040649547,4040649547,0,3096361092,
mcs70_m3Dr6_s90.A02,mcs70_m3Dr6_s90.B02,ll_lum,48,43,7035470299,1000.01,1,90,1519423561,169.27,4777090149,4777090149,0,3556676779,
mcs70_m3Dr6_s90.A03,mcs70_m3Dr6_s90.B03,ll_lum,55,112,4652165559,1000.02,1,90,461160406,85.6389,2770217067,2770217067,0,2193246445,
mcs70_m3Dr6_s90.A04,mcs70_m3Dr6_s90.B04,ll_lum,49,49,5825611163,1000.02,1,90,468357799,74.9285,3650525240,3650525240,0,2798259027,
mcs70_m3Dr6_s90.A05,mcs70_m3Dr6_s90.B05,ll_lum,49,46,6360244624,1000.02,1,90,867381907,136.4,4035603825,4035603825,0,3052344861,
mcs70_m3Dr6_s90.A06,mcs70_m3Dr6_s90.B06,ll_lum,47,49,6363922083,1000.02,1,90,5296346853,824.865,3934606369,3934606369,0,3021445988,
mcs70_m3Dr6_s90.A07,mcs70_m3Dr6_s90.B07,ll_lum,48,50,5688756199,1000.02,1,90,902928765,153.012,3574454515,3574454515,0,2663541699,
mcs70_m3Dr6_s90.A08,mcs70_m3Dr6_s90.B08,ll_lum,48,45,5648302876,1000.02,1,90,3000486980,516.239,3439741933,3439741933,0,2480578626,
mcs70_m3Dr6_s90.A09,mcs70_m3Dr6_s90.B09,ll_lum,46,43,6694902152,1000.02,1,90,475751304,70.2289,4209131119,4209131119,0,3115316696,
mcs70_m4D_s25.A00,mcs70_m4D_s25.B00,ll_lum,19,21,440961,0.0487651,0,25,356016,0.0384074,293436,293436,0,201860,
mcs70_m4D_s25.A01,mcs70_m4D_s25.B01,ll_lum,19,21,396261,0.047723,0,25,279319,0.0331023,264764,264764,0,190981,
mcs70_m4D_s25.A02,mcs70_m4D_s25.B02,ll_lum,19,28,103531,0.012784,0,25,6298,0.000754164,74242,74242,0,56876,
mcs70_m4D_s25.A03,mcs70_m4D_s25.B03,ll_lum,19,27,96696,0.0123062,0,25,809,0.000108804,69632,69632,0,52776,
mcs70_m4D_s25.A04,mcs70_m4D_s25.B04,ll_lum,19,22,128677,0.015078,0,25,53469,0.00603943,81705,81705,0,53575,
mcs70_m4D_s25.A05,mcs70_m4D_s25.B05,ll_lum,19,30,107323,0.0129846,0,25,13099,0.00160107,69181,69181,0,44471,
mcs70_m4D_s25.A06,mcs70_m4D_s25.B06,ll_lum,20,26,82630,0.00913303,0,25,65297,0.00689277,55919,55919,0,40795,
mcs70_m4D_s25.A07,mcs70_m4D_s25.B07,ll_lum,19,30,68011,0.00807041,0,25,702,0.000105348,42866,42866,0,26750,
mcs70_m4D_s25.A08,mcs70_m4D_s25.B08,ll_lum,20,23,216116,0.0247724,0,25,215594,0.0246765,159311,159311,0,120200,
mcs70_m4D_s25.A09,mcs70_m4D_s25.B09,ll_lum,19,34,128095,0.0151813,0,25,16232,0.00160102,83704,83704,0,56578,
mcs70_m4Dr2_s25.A00,mcs70_m4Dr2_s25.B00,ll_lum,18,19,527592,0.0652043,0,25,214926,0.0259694,372595,372595,0,281586,
mcs70_m4Dr2_s25.A01,mcs70_m4Dr2_s25.B01,ll_lum,18,35,174836,0.0233581,0,25,24943,0.00352348,113087,113087,0,80001,
mcs70_m4Dr2_s25.A02,mcs70_m4Dr2_s25.B02,ll_lum,18,33,413440,0.0503243,0,25,30467,0.00344001,285107,285107,0,207436,
mcs70_m4Dr2_s25.A03,mcs70_m4Dr2_s25.B03,ll_lum,18,20,340046,0.084839,0,25,95242,0.023532,221964,221964,0,157979,
mcs70_m4Dr2_s25.A04,mcs70_m4Dr2_s25.B04,ll_lum,18,27,285725,0.0366599,0,25,15763,0.00205544,195957,195957,0,145563,
mcs70_m4Dr2_s25.A05,mcs70_m4Dr2_s25.B05,ll_lum,18,27,269411,0.0755791,0,25,15258,0.00455635,167669,167669,0,116934,
mcs70_m4Dr2_s25.A06,mcs70_m4Dr2_s25.B06,ll_lum,17,30,666146,0.080337,0,25,26041,0.00273336,447908,447908,0,316700,
mcs70_m4Dr2_s25.A07,mcs70_m4Dr2_s25.B07,ll_lum,18,30,268274,0.0340535,0,25,947,0.000127532,174764,174764,0,121733,
mcs70_m4Dr2_s25.A08,mcs70_m4Dr2_s25.B08,ll_lum,18,33,399689,0.0487522,0,25,15763,0.00230991,289957,289957,0,231058,
mcs70_m4Dr2_s25.A09,mcs70_m4Dr2_s25.B09,ll_lum,19,29,67610,0.00921551,0,25,14352,0.00204486,43739,43739,0,30745,
mcs70_m4Dr4_s25.A00,mcs70_m4Dr4_s25.B00,ll_lum,18,39,134274,0.0201825,0,25,13143,0.00192924,86255,86255,0,64546,
mcs70_m4Dr4_s25.A01,mcs70_m4Dr4_s25.B01,ll_lum,17,17,533382,0.0707359,0,25,209442,0.0270711,348709,348709,0,254432,
mcs70_m4Dr4_s25.A02,mcs70_m4Dr4_s25.B02,ll_lum,18,20,375739,0.0503882,0,25,223712,0.0289981,258879,258879,0,199516,
mcs70_m4Dr4_s25.A03,mcs70_m4Dr4_s25.B03,ll_lum,18,22,259680,0.0329784,0,25,171085,0.0211684,185911,185911,0,145883,
mcs70_m4Dr4_s25.A04,mcs70_m4Dr4_s25.B04,ll_lum,18,37,148738,0.020796,0,25,21608,0.00285614,93332,93332,0,65851,
mcs70_m4Dr4_s25.A05,mcs70_m4Dr4_s25.B05,ll_lum,17,37,335688,0.0438084,0,25,19774,0.002534,220449,220449,0,161955,
mcs70_m4Dr4_s25.A06,mcs70_m4Dr4_s25.B06,ll_lum,17,29,355934,0.0449764,0,25,27782,0.00364672,241468,241468,0,177227,
mcs70_m4Dr4_s25.A07,mcs70_m4Dr4_s25.B07,ll_lum,18,29,192148,0.0260095,0,25,74777,0.0098021,124809,124809,0,90137,
mcs70_m4Dr4_s25.A08,mcs70_m4Dr4_s25.B08,ll_lum,18,27,62918,0.00965928,0,25,2567,0.000364029,40929,40929,0,30513,
mcs70_m4Dr4_s25.A09,mcs70_m4Dr4_s25.B09,ll_lum,17,33,485170,0.134338,0,25,28,3.324e-05,310219,310219,0,223394,
mcs70_m4Dr6_s25.A00,mcs70_m4Dr6_s25.B00,ll_lum,17,39,398534,0.0595355,0,25,30943,0.00441292,256947,256947,0,194073,
mcs70_m4Dr6_s25.A01,mcs70_m4Dr6_s25.B01,ll_lum,17,39,178920,0.0276437,0,25,18,1.6054e-05,118143,118143,0,93196,
mcs70_m4Dr6_s25.A02,mcs70_m4Dr6_s25.B02,ll_lum,17,37,335723,0.0494017,0,25,31725,0.00457154,219393,219393,0,167263,
mcs70_m4Dr6_s25.A03,mcs70_m4Dr6_s25.B03,ll_lum,17,42,306944,0.0443481,0,25,25919,0.00382538,200014,200014,0,147451,
mcs70_m4Dr6_s25.A04,mcs70_m4Dr6_s25.B04,ll_lum,17,31,552884,0.0741332,0,25,69407,0.00910772,376756,376756,0,288006,
mcs70_m4Dr6_s25.A05,mcs70_m4Dr6_s25.B05,ll_lum,17,19,804210,0.109378,0,25,540366,0.0718573,534749,534749,0,402760,
mcs70_m4Dr6_s25.A06,mcs70_m4Dr6_s25.B06,ll_lum,17,15,538986,0.0758625,0,25,298265,0.041822,349501,349501,0,264102,
mcs70_m4Dr6_s25.A07,mcs70_m4Dr6_s25.B07,ll_lum,17,35,330465,0.0464354,0,25,16482,0.00212479,230038,230038,0,180226,
mcs70_m4Dr6_s25.A08,mcs70_m4Dr6_s25.B08,ll_lum,17,31,486856,0.0699332,0,25,4106,0.000618582,307246,307246,0,220668,
mcs70_m4Dr6_s25.A09,mcs70_m4Dr6_s25.B09,ll_lum,17,34,297584,0.0412149,0,25,11932,0.00165247,193541,193541,0,143067,
mcs70_r001_s100.A00,mcs70_r001_s100.B00,ll_lum,71,54,9155326044,1000.01,1,100,244887481,25.8054,7141574931,7141574931,0,5269246560,
mcs70_r001_s100.A01,mcs70_r001_s100.B01,ll_lum,75,59,7612537191,1000.01,1,100,223925895,15.7225,5924837747,5924837747,0,4302952071,
mcs70_r001_s100.A02,mcs70_r001_s100.B02,ll_lum,77,63,6787059488,1000.02,1,100,4510271540,651.856,5554916188,5554916188,0,4824502982,
mcs70_r001_s100.A03,mcs70_r001_s100.B03,ll_lum,79,62,7932083808,1000.02,1,100,3565108146,411.033,6127942871,6127942871,0,4441425754,
mcs70_r001_s100.A04,mcs70_r001_s100.B04,ll_lum,74,58,17004584385,1000.02,1,100,19413,0.00247737,15396980437,15396980437,0,13810852310,
mcs70_r001_s100.A05,mcs70_r001_s100.B05,ll_lum,72,61,11711741248,1000.02,1,100,6129971388,417.382,8844747627,8844747627,0,6202247982,
mcs70_r001_s100.A06,mcs70_r001_s100.B06,ll_lum,66,50,13166892669,1000.02,1,100,59,0.00012012,11024731132,11024731132,0,9533170944,
mcs70_r001_s100.A07,mcs70_r001_s100.B07,ll_lum,77,62,7967171830,1000.01,1,100,2364677696,181.405,6911096482,6911096482,0,5969825039,
mcs70_r001_s100.A08,mcs70_r001_s100.B08,ll_lum,70,57,12150531460,1000.01,1,100,148775837,12.0712,9447031696,9447031696,0,6828643006,
mcs70_r001_s100.A09,mcs70_r001_s100.B09,ll_lum,75,59,16487447410,1000.02,1,100,6622093642,491.928,13963643978,13963643978,0,11453108393,
mcs70_r005_s100.A00,mcs70_r005_s100.B00,ll_lum,39,45,5550445366,1000.02,1,100,628280283,109.906,3321638629,3321638629,0,2569878944,
mcs70_r005_s100.A01,mcs70_r005_s100.B01,ll_lum,41,53,5170432928,1000.02,1,100,867825272,161.742,3245757716,3245757716,0,2658249275,
mcs70_r005_s100.A02,mcs70_r005_s100.B02,ll_lum,41,49,5031183708,1000.02,1,100,736812374,144.984,3026969021,3026969021,0,2467340557,
mcs70_r005_s100.A03,mcs70_r005_s100.B03,ll_lum,39,50,5301271785,1000.02,1,100,1036294510,186.996,3244986995,3244986995,0,2601243172,
mcs70_r005_s100.A04,mcs70_r005_s100.B04,ll_lum,40,50,5450367542,1000.01,1,100,3677229650,659.034,3332908021,3332908021,0,2672566020,
mcs70_r005_s100.A05,mcs70_r005_s100.B05,ll_lum,39,51,5342522526,1000.02,1,100,21017976,3.67405,3304556338,3304556338,0,2701323439,
mcs70_r005_s100.A06,mcs70_r005_s100.B06,ll_lum,41,51,5485043660,1000.02,1,100,3690435304,661.454,3415372351,3415372351,0,2826685603,
mcs70_r005_s100.A07,mcs70_r005_s100.B07,ll_lum,43,55,5300788283,1000.01,1,100,2770196509,529.448,3347047147,3347047147,0,2777128321,
mcs70_r005_s100.A08,mcs70_r005_s100.B08,ll_lum,41,52,3276839738,1000.03,1,100,3241325902,988.234,2036893322,2036893322,0,1639333335,
mcs70_r005_s100.A09,mcs70_r005_s100.B09,ll_lum,39,51,3173320914,1000.02,1,100,36559243,9.94348,1913547162,1913547162,0,1513691554,
mcs70_r005_s20.A00,mcs70_r005_s20.B00,ll_lum,16,16,6779,0.00118465,0,20,14,1.4612e-05,4461,4461,0,2968,
mcs70_r005_s20.A01,mcs70_r005_s20.B01,ll_lum,16,14,2693,0.000600803,0,20,192,3.5854e-05,2042,2042,0,1710,
mcs70_r005_s20.A02,mcs70_r005_s20.B02,ll_lum,16,12,13336,0.00156592,0,20,3110,0.000265048,8461,8461,0,4858,
mcs70_r005_s20.A03,mcs70_r005_s20.B03,ll_lum,16,12,10375,0.00110389,0,20,208,3.0105e-05,6853,6853,0,4489,
mcs70_r005_s20.A04,mcs70_r005_s20.B04,ll_lum,16,11,97093,0.00968192,0,20,95089,0.00942806,68611,68611,0,49387,
mcs70_r005_s20.A05,mcs70_r005_s20.B05,ll_lum,16,13,4092,0.000565477,0,20,447,6.2964e-05,2858,2858,0,2293,
mcs70_r005_s20.A06,mcs70_r005_s20.B06,ll_lum,17,15,3894,0.000532761,0,20,259,3.7767e-05,2782,2782,0,1962,
mcs70_r005_s20.A07,mcs70_r005_s20.B07,ll_lum,16,15,17881,0.00187103,0,20,1630,0.000113682,12320,12320,0,8773,
mcs70_r005_s20.A08,mcs70_r005_s20.B08,ll_lum,16,13,13668,0.00147056,0,20,2570,0.000240123,9605,9605,0,6656,
mcs70_r005_s20.A09,mcs70_r005_s20.B09,ll_lum,16,10,14006,0.00127221,0,20,7499,0.000549649,9495,9495,0,5955,
mcs70_r005_s25.A00,mcs70_r005_s25.B00,ll_lum,21,17,205957,0.0224976,0,25,202070,0.0218936,132635,132635,0,85968,
mcs70_r005_s25.A01,mcs70_r005_s25.B01,ll_lum,20,16,558125,0.0607365,0,25,534809,0.0579316,386947,386947,0,275351,
mcs70_r005_s25.A02,mcs70_r005_s25.B02,ll_lum,21,17,26224,0.00356432,0,25,25003,0.00335449,17392,17392,0,12910,
mcs70_r005_s25.A03,mcs70_r005_s25.B03,ll_lum,20,16,66807,0.00837611,0,25,21466,0.00247297,43825,43825,0,30346,
mcs70_r005_s25.A04,mcs70_r005_s25.B04,ll_lum,20,20,103588,0.0128125,0,25,58417,0.00700978,69111,69111,0,49675,
mcs70_r005_s25.A05,mcs70_r005_s25.B05,ll_lum,20,15,65677,0.00736213,0,25,47313,0.00510405,42969,42969,0,30332,
mcs70_r005_s25.A06,mcs70_r005_s25.B06,ll_lum,20,16,48768,0.00917449,0,25,297,7.6384e-05,32925,32925,0,22371,
mcs70_r005_s25.A07,mcs70_r005_s25.B07,ll_lum,20,19,33794,0.0041007,0,25,7522,0.000745592,22202,22202,0,15578,
mcs70_r005_s25.A08,mcs70_r005_s25.B08,ll_lum,20,16,77734,0.0101126,0,25,58449,0.00749581,53202,53202,0,40487,
mcs70_r005_s25.A09,mcs70_r005_s25.B09,ll_lum,19,16,334607,0.0367452,0,25,14683,0.00143955,234931,234931,0,162812,
mcs70_r005_s30.A00,mcs70_r005_s30.B00,ll_lum,24,17,511813,0.0668779,0,30,426052,0.0543654,354114,354114,0,259570,
mcs70_r005_s30.A01,mcs70_r005_s30.B01,ll_lum,23,21,2138060,0.253104,0,30,195024,0.0211552,1441494,1441494,0,964674,
mcs70_r005_s30.A02,mcs70_r005_s30.B02,ll_lum,24,18,2244149,0.227256,0,30,1792831,0.174088,1509191,1509191,0,980994,
mcs70_r005_s30.A03,mcs70_r005_s30.B03,ll_lum,24,17,1380387,0.156345,0,30,1379184,0.156149,993131,993131,0,718982,
mcs70_r005_s30.A04,mcs70_r005_s30.B04,ll_lum,25,19,319759,0.038927,0,30,297161,0.0359399,200711,200711,0,124775,
mcs70_r005_s30.A05,mcs70_r005_s30.B05,ll_lum,24,23,171972,0.0249706,0,30,27482,0.00335049,125696,125696,0,101120,
mcs70_r005_s30.A06,mcs70_r005_s30.B06,ll_lum,23,16,6245139,1.03108,0,30,1250197,0.192259,4314890,4314890,0,2808323,
mcs70_r005_s30.A07,mcs70_r005_s30.B07,ll_lum,24,19,304375,0.0386696,0,30,121613,0.0144166,202902,202902,0,143382,
mcs70_r005_s30.A08,mcs70_r005_s30.B08,ll_lum,23,21,4713977,0.556422,0,30,39794,0.00433704,3099128,3099128,0,1980618,
mcs70_r005_s30.A09,mcs70_r005_s30.B09,ll_lum,23,22,2048704,0.235758,0,30,184847,0.0192289,1431483,1431483,0,974442,
mcs70_r005_s35.A00,mcs70_r005_s35.B00,ll_lum,27,25,27183345,3.46726,0,35,26955279,3.43916,18222966,18222966,0,12725539,
mcs70_r005_s35.A01,mcs70_r005_s35.B01,ll_lum,26,27,17265289,2.27513,0,35,1901966,0.223474,11569806,11569806,0,8041143,
mcs70_r005_s35.A02,mcs70_r005_s35.B02,ll_lum,27,22,6058999,0.823391,0,35,3125912,0.403519,4220405,4220405,0,3131376,
mcs70_r005_s35.A03,mcs70_r005_s35.B03,ll_lum,26,18,35938948,4.56635,0,35,14860328,1.8435,25450470,25450470,0,18620518,
mcs70_r005_s35.A04,mcs70_r005_s35.B04,ll_lum,26,22,173891491,22.189,0,35,160867357,20.486,114566837,114566837,0,77247305,
mcs70_r005_s35.A05,mcs70_r005_s35.B05,ll_lum,26,26,22999608,2.88604,0,35,937499,0.104087,15650096,15650096,0,10737333,
mcs70_r005_s35.A06,mcs70_r005_s35.B06,ll_lum,27,21,9354843,1.19071,0,35,8289421,1.05249,6481651,6481651,0,4699604,
mcs70_r005_s35.A07,mcs70_r005_s35.B07,ll_lum,27,28,10382744,1.36251,0,35,6819767,0.865321,6962862,6962862,0,4977153,
mcs70_r005_s35.A08,mcs70_r005_s35.B08,ll_lum,27,21,38109636,4.37896,0,35,37068366,4.23913,28512384,28512384,0,21983474,
mcs70_r005_s35.A09,mcs70_r005_s35.B09,ll_lum,26,23,15167372,2.23655,0,35,513945,0.0688379,9926083,9926083,0,6922452,
mcs70_r005_s40.A00,mcs70_r005_s40.B00,ll_lum,29,30,302334503,41.2793,0,40,171371484,23.315,206577362,206577362,0,150422960,
mcs70_r005_s40.A01,mcs70_r005_s40.B01,ll_lum,29,23,964018085,134.414,0,40,877888730,122.206,663492770,663492770,0,486442042,
mcs70_r005_s40.A02,mcs70_r005_s40.B02,ll_lum,29,36,811976931,114.45,0,40,636558957,88.6548,522891057,522891057,0,352198203,
mcs70_r005_s40.A03,mcs70_r005_s40.B03,ll_lum,29,37,436274649,62.2042,0,40,312931844,44.0431,301480027,301480027,0,226380491,
mcs70_r005_s40.A04,mcs70_r005_s40.B04,ll_lum,29,32,152373883,22.13,0,40,53289974,7.11195,103371354,103371354,0,77895400,
mcs70_r005_s40.A05,mcs70_r005_s40.B05,ll_lum,30,38,61820850,8.70653,0,40,39772841,5.3259,41721142,41721142,0,30456788,
mcs70_r005_s40.A06,mcs70_r005_s40.B06,ll_lum,29,22,180002548,24.6131,0,40,82179004,10.5533,124570701,124570701,0,92696337,
mcs70_r005_s40.A07,mcs70_r005_s40.B07,ll_lum,29,37,285783663,40.1178,0,40,142100446,19.4961,186838617,186838617,0,130556336,
mcs70_r005_s40.A08,mcs70_r005_s40.B08,ll_lum,29,36,177669917,25.9322,0,40,38562854,5.24363,118683855,118683855,0,86932967,
mcs70_r005_s40.A09,mcs70_r005_s40.B09,ll_lum,29,36,345645202,48.0418,0,40,193790592,26.2929,232740372,232740372,0,168184608,
mcs70_r005_s50.A00,mcs70_r005_s50.B00,ll_lum,32,27,6497856561,1000.02,1,50,1845767290,274.56,4280229478,4280229478,0,3210257829,
mcs70_r005_s50.A01,mcs70_r005_s50.B01,ll_lum,32,36,6511278150,1000.02,1,50,1833446287,278.422,4245862257,4245862257,0,3167226603,
mcs70_r005_s50.A02,mcs70_r005_s50.B02,ll_lum,31,30,6835952949,1000,1,50,921518200,126.409,4507832441,4507832441,0,3372308038,
mcs70_r005_s50.A03,mcs70_r005_s50.B03,ll_lum,32,33,6891373314,1000.02,1,50,1935871281,276.919,4562581287,4562581287,0,3392038704,
mcs70_r005_s50.A04,mcs70_r005_s50.B04,ll_lum,33,31,6591073053,1000.01,1,50,3606136040,531.598,4390663495,4390663495,0,3321392168,
mcs70_r005_s50.A05,mcs70_r005_s50.B05,ll_lum,33,33,6506632386,1000.01,1,50,3007148388,446.101,4301567961,4301567961,0,3264185968,
mcs70_r005_s50.A06,mcs70_r005_s50.B06,ll_lum,31,29,6624874041,1000.02,1,50,923139332,138.401,4215651325,4215651325,0,3145623011,
mcs70_r005_s50.A07,mcs70_r005_s50.B07,ll_lum,33,33,6647507898,1000.02,1,50,5145557651,761.951,4498964001,4498964001,0,3488128927,
mcs70_r005_s50.A08,mcs70_r005_s50.B08,ll_lum,35,58,6568463782,1000.02,1,50,5804146350,866.872,4330983956,4330983956,0,3265117030,
mcs70_r005_s50.A09,mcs70_r005_s50.B09,ll_lum,31,32,4034849455,1000.02,1,50,261144058,52.8713,2698884427,2698884427,0,2047693316,
mcs70_r005_s60.A00,mcs70_r005_s60.B00,ll_lum,34,34,6326027652,1000.03,1,60,148528451,21.0845,4247312301,4247312301,0,3361727672,
mcs70_r005_s60.A01,mcs70_r005_s60.B01,ll_lum,34,34,6254954991,1000.01,1,60,41286146,5.90171,4128782695,4128782695,0,3256094348,
mcs70_r005_s60.A02,mcs70_r005_s60.B02,ll_lum,33,33,6447019495,1000.01,1,60,180386110,26.4427,4222575270,4222575270,0,3255098887,
mcs70_r005_s60.A03,mcs70_r005_s60.B03,ll_lum,33,35,6400455438,1000.01,1,60,4079079,0.554129,4114499317,4114499317,0,3166655427,
mcs70_r005_s60.A04,mcs70_r005_s60.B04,ll_lum,34,34,6163361326,1000.01,1,60,2281550392,374.246,3967904647,3967904647,0,3083602887,
mcs70_r005_s60.A05,mcs70_r005_s60.B05,ll_lum,35,39,6126299891,1000.01,1,60,2105273474,333.357,3861324895,3861324895,0,2900339840,
mcs70_r005_s60.A06,mcs70_r005_s60.B06,ll_lum,35,39,6234015880,1000.01,1,60,1422719305,225.631,4211596627,4211596627,0,3238778518,
mcs70_r005_s60.A07,mcs70_r005_s60.B07,ll_lum,34,35,6322088622,1000.02,1,60,20937649,3.16863,4153632859,4153632859,0,3267401573,
mcs70_r005_s60.A08,mcs70_r005_s60.B08,ll_lum,33,37,6265900941,1000.02,1,60,97291525,14.3507,3952573611,3952573611,0,3047096843,
mcs70_r005_s60.A09,mcs70_r005_s60.B09,ll_lum,42,82,5189353995,1000.02,1,60,1942090232,335.663,3441019045,3441019045,0,2859214762,
mcs70_r005_s70.A00,mcs70_r005_s70.B00,ll_lum,36,39,5805798204,1000.02,1,70,1742165873,305.363,3764160463,3764160463,0,3069791015,
mcs70_r005_s70.A01,mcs70_r005_s70.B01,ll_lum,36,35,5867114963,1000.02,1,70,1181678550,199.218,3684977707,3684977707,0,2909598399,
mcs70_r005_s70.A02,mcs70_r005_s70.B02,ll_lum,36,40,4199076848,1000.02,1,70,224581904,52.2304,2647681206,2647681206,0,2122813020,
mcs70_r005_s70.A03,mcs70_r005_s70.B03,ll_lum,37,64,5120205353,1000.02,1,70,1672734418,312.388,3137339021,3137339021,0,2491584197,
mcs70_r005_s70.A04,mcs70_r005_s70.B04,ll_lum,37,37,5971160416,1000.02,1,70,3609630988,611.409,3951912546,3951912546,0,3182320171,
mcs70_r005_s70.A05,mcs70_r005_s70.B05,ll_lum,36,41,6355049893,1000.02,1,70,137262453,21.7992,4132850456,4132850456,0,3277193869,
mcs70_r005_s70.A06,mcs70_r005_s70.B06,ll_lum,35,37,5997730043,1000.01,1,70,695768600,113.314,3762554144,3762554144,0,3005194142,
mcs70_r005_s70.A07,mcs70_r005_s70.B07,ll_lum,36,40,6050527340,1000.01,1,70,2140120917,341.236,3817515549,3817515549,0,2898292901,
mcs70_r005_s70.A08,mcs70_r005_s70.B08,ll_lum,36,39,5869707125,1000.01,1,70,338631494,54.3892,3701348342,3701348342,0,2952859432,
mcs70_r005_s70.A09,mcs70_r005_s70.B09,ll_lum,36,39,5571251869,1000.02,1,70,599641555,99.5934,3556111481,3556111481,0,2746438231,
mcs70_r005_s80.A00,mcs70_r005_s80.B00,ll_lum,39,44,5935138750,1000.02,1,80,3894989817,638.525,3800857710,3800857710,0,3043372835,
mcs70_r005_s80.A01,mcs70_r005_s80.B01,ll_lum,36,38,5949937950,1000.02,1,80,115160390,17.5305,3767328458,3767328458,0,3007258693,
mcs70_r005_s80.A02,mcs70_r005_s80.B02,ll_lum,37,43,5705897573,1000.01,1,80,313863170,53.2727,3592172462,3592172462,0,2885132818,
mcs70_r005_s80.A03,mcs70_r005_s80.B03,ll_lum,39,47,5633325588,1000.02,1,80,1718444646,298.963,3686786939,3686786939,0,3069136951,
mcs70_r005_s80.A04,mcs70_r005_s80.B04,ll_lum,38,40,5691968541,1000.02,1,80,191450356,32.0132,3599976360,3599976360,0,2938733892,
mcs70_r005_s80.A05,mcs70_r005_s80.B05,ll_lum,38,43,5618543865,1000.01,1,80,83560722,13.2789,3573521532,3573521532,0,2892319077,
mcs70_r005_s80.A06,mcs70_r005_s80.B06,ll_lum,38,43,6303229460,1000.02,1,80,3986361377,621.929,4067708691,4067708691,0,3172011552,
mcs70_r005_s80.A07,mcs70_r005_s80.B07,ll_lum,36,44,5590716309,1000.01,1,80,56054789,9.71464,3475521960,3475521960,0,2754283185,
mcs70_r005_s80.A08,mcs70_r005_s80.B08,ll_lum,37,41,5804895280,1000.01,1,80,267681995,44.3446,3651204260,3651204260,0,2787723202,
mcs70_r005_s80.A09,mcs70_r005_s80.B09,ll_lum,38,41,5827914597,1000.02,1,80,518731342,84.3168,3723337705,3723337705,0,2964296337,
mcs70_r005_s90.A00,mcs70_r005_s90.B00,ll_lum,39,40,5796970662,1000.01,1,90,375002083,60.9396,3606159906,3606159906,0,2870508835,
mcs70_r005_s90.A01,mcs70_r005_s90.B01,ll_lum,39,44,5831885024,1000.02,1,90,313901744,51.9749,3692969115,3692969115,0,2934471960,
mcs70_r005_s90.A02,mcs70_r005_s90.B02,ll_lum,40,44,5542727980,1000.01,1,90,430473745,75.374,3387689316,3387689316,0,2688978606,
mcs70_r005_s90.A03,mcs70_r005_s90.B03,ll_lum,41,44,5796244641,1000.01,1,90,3220648555,544.827,3647657188,3647657188,0,2835925219,
mcs70_r005_s90.A04,mcs70_r005_s90.B04,ll_lum,39,53,5158213563,1000.02,1,90,1381056392,257.076,3167451908,3167451908,0,2559470385,
mcs70_r005_s90.A05,mcs70_r005_s90.B05,ll_lum,39,50,5418176543,1000.01,1,90,358395845,65.3848,3373966868,3373966868,0,2736326087,
mcs70_r005_s90.A06,mcs70_r005_s90.B06,ll_lum,38,46,5554869640,1000.01,1,90,665315322,116.907,3478804325,3478804325,0,2823742859,
mcs70_r005_s90.A07,mcs70_r005_s90.B07,ll_lum,40,45,5870725049,1000.02,1,90,5207699951,875.581,3697865673,3697865673,0,2876374430,
mcs70_r005_s90.A08,mcs70_r005_s90.B08,ll_lum,38,48,5577844791,1000.02,1,90,365971671,65.0813,3474151746,3474151746,0,2728033584,
mcs70_r005_s90.A09,mcs70_r005_s90.B09,ll_lum,40,47,5410807918,1000.01,1,90,1239418956,222.083,3459306258,3459306258,0,2812082929,
mcs70_r01_s10.A00,mcs70_r01_s10.B00,ll_lum,7,5,907,0.000214352,0,10,18,1.336e-05,585,585,0,356,
mcs70_r01_s10.A01,mcs70_r01_s10.B01,ll_lum,9,8,74,4.1923e-05,0,10,34,1.0626e-05,49,49,0,32,
mcs70_r01_s10.A02,mcs70_r01_s10.B02,ll_lum,8,7,172,5.2359e-05,0,10,61,1.2318e-05,113,113,0,74,
mcs70_r01_s10.A03,mcs70_r01_s10.B03,ll_lum,8,7,219,0.000100351,0,10,9,1.1817e-05,138,138,0,73,
mcs70_r01_s10.A04,mcs70_r01_s10.B04,ll_lum,8,7,139,4.9044e-05,0,10,67,1.3401e-05,95,95,0,68,
mcs70_r01_s10.A05,mcs70_r01_s10.B05,ll_lum,8,7,206,5.324e-05,0,10,8,5.678e-06,134,134,0,85,
mcs70_r01_s10.A06,mcs70_r01_s10.B06,ll_lum,8,8,130,9.0336e-05,0,10,8,1.1698e-05,93,93,0,64,
mcs70_r01_s10.A07,mcs70_r01_s10.B07,ll_lum,8,7,398,7.7657e-05,0,10,323,4.3506e-05,249,249,0,146,
mcs70_r01_s10.A08,mcs70_r01_s10.B08,ll_lum,9,7,159,5.1167e-05,0,10,146,2.3967e-05,102,102,0,48,
mcs70_r01_s10.A09,mcs70_r01_s10.B09,ll_lum,8,7,121,4.5308e-05,0,10,9,6.28e-06,85,85,0,51,
mcs70_r01_s100.A00,mcs70_r01_s100.B00,ll_lum,27,48,4292424548,1000.01,1,100,67341986,14.98,2489628127,2489628127,0,2251716133,
mcs70_r01_s100.A01,mcs70_r01_s100.B01,ll_lum,27,45,4427205741,1000.02,1,100,2001561946,441.872,2559350482,2559350482,0,2317737659,
mcs70_r01_s100.A02,mcs70_r01_s100.B02,ll_lum,28,49,2444229646,1000.02,1,100,1017447692,396.644,1428428455,1428428455,0,1308371825,
mcs70_r01_s100.A03,mcs70_r01_s100.B03,ll_lum,28,42,4357489811,1000.02,1,100,3636725939,832.093,2555789360,2555789360,0,2303382610,
mcs70_r01_s100.A04,mcs70_r01_s100.B04,ll_lum,27,41,4592893306,1000.01,1,100,232385554,47.9743,2692218333,2692218333,0,2373242915,
mcs70_r01_s100.A05,mcs70_r01_s100.B05,ll_lum,28,42,4226317624,1000.01,1,100,2293006486,534.032,2466004697,2466004697,0,2173740167,
mcs70_r01_s100.A06,mcs70_r01_s100.B06,ll_lum,28,43,3727494048,1000.01,1,100,760303496,184.889,2163989281,2163989281,0,1943913145,
mcs70_r01_s100.A07,mcs70_r01_s100.B07,ll_lum,28,41,4444956037,1000.01,1,100,220907999,47.9517,2624211740,2624211740,0,2325095014,
mcs70_r01_s100.A08,mcs70_r01_s100.B08,ll_lum,28,46,4198702734,1000.01,1,100,1308805430,302.46,2468128596,2468128596,0,2176429690,
mcs70_r01_s100.A09,mcs70_r01_s100.B09,ll_lum,27,46,4330690755,1000.02,1,100,251941366,54.6239,2506056589,2506056589,0,2291100482,
mcs70_r01_s15.A00,mcs70_r01_s15.B00,ll_lum,12,11,993,0.000162574,0,15,30,1.0897e-05,656,656,0,437,
mcs70_r01_s15.A01,mcs70_r01_s15.B01,ll_lum,11,10,3992,0.000521336,0,15,26,1.2509e-05,2504,2504,0,1600,
mcs70_r01_s15.A02,mcs70_r01_s15.B02,ll_lum,12,11,5034,0.000548395,0,15,4752,0.0004856,3361,3361,0,2300,
mcs70_r01_s15.A03,mcs70_r01_s15.B03,ll_lum,12,12,1969,0.000277246,0,15,1342,0.000163525,1277,1277,0,905,
mcs70_r01_s15.A04,mcs70_r01_s15.B04,ll_lum,12,12,1902,0.000250808,0,15,1087,0.000117297,1276,1276,0,883,
mcs70_r01_s15.A05,mcs70_r01_s15.B05,ll_lum,12,11,3241,0.000395856,0,15,2468,0.000283748,2008,2008,0,1133,
mcs70_r01_s15.A06,mcs70_r01_s15.B06,ll_lum,12,12,1412,0.00019958,0,15,892,0.000109245,907,907,0,616,
mcs70_r01_s15.A07,mcs70_r01_s15.B07,ll_lum,12,12,1015,0.000167352,0,15,540,6.5879e-05,684,684,0,552,
mcs70_r01_s15.A08,mcs70_r01_s15.B08,ll_lum,12,10,1146,0.000182894,0,15,852,0.000108132,771,771,0,563,
mcs70_r01_s15.A09,mcs70_r01_s15.B09,ll_lum,11,10,4374,0.000488537,0,15,362,5.5274e-05,3045,3045,0,2203,
mcs70_r01_s20.A00,mcs70_r01_s20.B00,ll_lum,14,13,76665,0.00997281,0,20,12167,0.00177369,48422,48422,0,33906,
mcs70_r01_s20.A01,mcs70_r01_s20.B01,ll_lum,15,18,21496,0.0029854,0,20,6090,0.000791356,13997,13997,0,10111,
mcs70_r01_s20.A02,mcs70_r01_s20.B02,ll_lum,15,15,54340,0.00699494,0,20,45796,0.00583006,35541,35541,0,25844,
mcs70_r01_s20.A03,mcs70_r01_s20.B03,ll_lum,15,17,75976,0.00958651,0,20,58448,0.00721639,46625,46625,0,29196,
mcs70_r01_s20.A04,mcs70_r01_s20.B04,ll_lum,14,14,166107,0.0216607,0,20,45190,0.00566491,105421,105421,0,69931,
mcs70_r01_s20.A05,mcs70_r01_s20.B05,ll_lum,15,17,11061,0.00150867,0,20,2197,0.000298249,7131,7131,0,4971,
mcs70_r01_s20.A06,mcs70_r01_s20.B06,ll_lum,14,15,62028,0.00784708,0,20,236,3.6405e-05,40806,40806,0,30082,
mcs70_r01_s20.A07,mcs70_r01_s20.B07,ll_lum,14,19,99769,0.0132325,0,20,15,1.1808e-05,62538,62538,0,43646,
mcs70_r01_s20.A08,mcs70_r01_s20.B08,ll_lum,14,14,79741,0.0101224,0,20,21884,0.00250831,52393,52393,0,37674,
mcs70_r01_s20.A09,mcs70_r01_s20.B09,ll_lum,15,14,53655,0.00630364,0,20,51784,0.0060513,35883,35883,0,25933,
mcs70_r01_s25.A00,mcs70_r01_s25.B00,ll_lum,17,22,1596749,0.232249,0,25,921332,0.133888,1025371,1025371,0,771095,
mcs70_r01_s25.A01,mcs70_r01_s25.B01,ll_lum,17,26,601485,0.0859134,0,25,218946,0.0297964,391071,391071,0,300107,
mcs70_r01_s25.A02,mcs70_r01_s25.B02,ll_lum,17,24,737194,0.104487,0,25,34770,0.00479032,474672,474672,0,341439,
mcs70_r01_s25.A03,mcs70_r01_s25.B03,ll_lum,17,26,603662,0.090846,0,25,89529,0.0132015,392444,392444,0,300306,
mcs70_r01_s25.A04,mcs70_r01_s25.B04,ll_lum,17,16,1634096,0.251326,0,25,1172244,0.181414,1046391,1046391,0,774948,
mcs70_r01_s25.A05,mcs70_r01_s25.B05,ll_lum,17,25,870186,0.143431,0,25,186057,0.0289121,562993,562993,0,433318,
mcs70_r01_s25.A06,mcs70_r01_s25.B06,ll_lum,17,19,797819,0.11639,0,25,246550,0.0336742,510470,510470,0,390208,
mcs70_r01_s25.A07,mcs70_r01_s25.B07,ll_lum,17,25,599609,0.120803,0,25,26275,0.00533147,384900,384900,0,279538,
mcs70_r01_s25.A08,mcs70_r01_s25.B08,ll_lum,18,27,302116,0.0469443,0,25,122364,0.0187754,193986,193986,0,150805,
mcs70_r01_s25.A09,mcs70_r01_s25.B09,ll_lum,17,25,598773,0.0888514,0,25,245687,0.0345823,397887,397887,0,313790,
mcs70_r01_s30.A00,mcs70_r01_s30.B00,ll_lum,21,39,2859301,0.436849,0,30,2194676,0.324828,1866483,1866483,0,1461643,
mcs70_r01_s30.A01,mcs70_r01_s30.B01,ll_lum,22,39,5743875,0.940325,0,30,5485678,0.892812,3690538,3690538,0,2954894,
mcs70_r01_s30.A02,mcs70_r01_s30.B02,ll_lum,21,39,1119394,0.195891,0,30,44430,0.00675132,734693,734693,0,591425,
mcs70_r01_s30.A03,mcs70_r01_s30.B03,ll_lum,21,40,3385543,0.552178,0,30,2194661,0.341049,2179104,2179104,0,1742255,
mcs70_r01_s30.A04,mcs70_r01_s30.B04,ll_lum,21,39,3626765,0.609154,0,30,3165071,0.527487,2354930,2354930,0,1908276,
mcs70_r01_s30.A05,mcs70_r01_s30.B05,ll_lum,21,39,2260066,0.364385,0,30,1642526,0.25472,1482921,1482921,0,1200817,
mcs70_r01_s30.A06,mcs70_r01_s30.B06,ll_lum,21,39,920874,0.154947,0,30,233587,0.0348016,606147,606147,0,487511,
mcs70_r01_s30.A07,mcs70_r01_s30.B07,ll_lum,22,40,15622778,3.322,0,30,15302726,3.25157,10152804,10152804,0,8034161,
mcs70_r01_s30.A08,mcs70_r01_s30.B08,ll_lum,21,40,19419966,2.98856,0,30,18642658,2.85002,12378694,12378694,0,9612672,
mcs70_r01_s30.A09,mcs70_r01_s30.B09,ll_lum,21,37,1937534,0.315596,0,30,412037,0.0591924,1272342,1272342,0,1016075,
mcs70_r01_s35.A00,mcs70_r01_s35.B00,ll_lum,24,53,36060940,6.30193,0,35,31669934,5.4267,23068086,23068086,0,18966607,
mcs70_r01_s35.A01,mcs70_r01_s35.B01,ll_lum,24,54,171542914,29.0522,0,35,169400745,28.6353,110294939,110294939,0,88475831,
mcs70_r01_s35.A02,mcs70_r01_s35.B02,ll_lum,24,50,6017805,1.15828,0,35,323393,0.0540661,4020735,4020735,0,3351842,
mcs70_r01_s35.A03,mcs70_r01_s35.B03,ll_lum,24,52,62949301,10.3955,0,35,58050065,9.44206,41103655,41103655,0,33407296,
mcs70_r01_s35.A04,mcs70_r01_s35.B04,ll_lum,24,50,193042343,32.6409,0,35,189789094,32.0132,123710973,123710973,0,100095089,
mcs70_r01_s35.A05,mcs70_r01_s35.B05,ll_lum,24,51,94211898,16.1193,0,35,89836079,15.2607,60684889,60684889,0,49121196,
mcs70_r01_s35.A06,mcs70_r01_s35.B06,ll_lum,24,49,62549695,10.5697,0,35,60474201,10.1701,40923949,40923949,0,33213291,
mcs70_r01_s35.A07,mcs70_r01_s35.B07,ll_lum,24,50,16547843,2.79843,0,35,12387841,1.99523,10765307,10765307,0,8698216,
mcs70_r01_s35.A08,mcs70_r01_s35.B08,ll_lum,24,49,111996687,19.0017,0,35,108072164,18.256,72259861,72259861,0,58245592,
mcs70_r01_s35.A09,mcs70_r01_s35.B09,ll_lum,24,53,320074141,62.6405,0,35,316876073,61.9186,206459749,206459749,0,169263198,
mcs70_r01_s40.A00,mcs70_r01_s40.B00,ll_lum,28,70,1209182482,241.835,0,40,1199242669,239.385,773911494,773911494,0,624572464,
mcs70_r01_s40.A01,mcs70_r01_s40.B01,ll_lum,28,71,1294421099,243.854,0,40,1287688777,242.372,838699217,838699217,0,707282005,
mcs70_r01_s40.A02,mcs70_r01_s40.B02,ll_lum,28,72,33224662,6.61792,0,40,19101077,3.49464,21733187,21733187,0,18697650,
mcs70_r01_s40.A03,mcs70_r01_s40.B03,ll_lum,28,71,262904576,45.1833,0,40,246631861,41.6116,166900059,166900059,0,138183375,
mcs70_r01_s40.A04,mcs70_r01_s40.B04,ll_lum,28,70,111476839,20.2433,0,40,97939500,17.2156,71224788,71224788,0,59050023,
mcs70_r01_s40.A05,mcs70_r01_s40.B05,ll_lum,28,70,259988068,47.56,0,40,238968878,42.8933,164381492,164381492,0,136608160,
mcs70_r01_s40.A06,mcs70_r01_s40.B06,ll_lum,28,72,214327085,39.2034,0,40,204392374,36.9997,136821547,136821547,0,113887064,
mcs70_r01_s40.A07,mcs70_r01_s40.B07,ll_lum,28,70,11478997,3.52275,0,40,303788,0.0756104,7691644,7691644,0,6756060,
mcs70_r01_s40.A08,mcs70_r01_s40.B08,ll_lum,28,73,2192578087,429.361,0,40,2187441343,428.167,1398614292,1398614292,0,1146143332,
mcs70_r01_s40.A09,mcs70_r01_s40.B09,ll_lum,28,72,214034942,39.0749,0,40,200823915,36.1045,136271340,136271340,0,114355707,
mcs70_r01_s50.A00,mcs70_r01_s50.B00,ll_lum,23,28,5220644709,1000.02,1,50,181860894,34.526,3299906251,3299906251,0,2807693215,
mcs70_r01_s50.A01,mcs70_r01_s50.B01,ll_lum,35,113,717225258,150.108,0,50,607396953,121.124,451169697,451169697,0,392437331,
mcs70_r01_s50.A02,mcs70_r01_s50.B02,ll_lum,23,43,5242128964,1000.01,1,50,852130550,158.439,3284493514,3284493514,0,2811278316,
mcs70_r01_s50.A03,mcs70_r01_s50.B03,ll_lum,23,32,5146861960,1000.01,1,50,521992869,97.0707,3206633670,3206633670,0,2723186319,
mcs70_r01_s50.A04,mcs70_r01_s50.B04,ll_lum,22,27,5363064088,1000.01,1,50,99280148,18.168,3351935021,3351935021,0,2841175995,
mcs70_r01_s50.A05,mcs70_r01_s50.B05,ll_lum,25,54,4779660075,1000.02,1,50,1914954,0.373364,3048301068,3048301068,0,2655403922,
mcs70_r01_s50.A06,mcs70_r01_s50.B06,ll_lum,23,37,5220942010,1000.02,1,50,1122423229,212.288,3262143012,3262143012,0,2763482203,
mcs70_r01_s50.A07,mcs70_r01_s50.B07,ll_lum,23,29,5237624739,1000.02,1,50,1432954756,261.724,3288919586,3288919586,0,2805575927,
mcs70_r01_s50.A08,mcs70_r01_s50.B08,ll_lum,24,35,5133276233,1000.01,1,50,1067849017,199.837,3260500784,3260500784,0,2794775074,
mcs70_r01_s50.A09,mcs70_r01_s50.B09,ll_lum,23,31,5198604766,1000.02,1,50,492683971,92.1764,3243205749,3243205749,0,2754673267,
mcs70_r01_s60.A00,mcs70_r01_s60.B00,ll_lum,24,35,5106925760,1000,1,60,1221515641,226.621,3125372972,3125372972,0,2636368654,
mcs70_r01_s60.A01,mcs70_r01_s60.B01,ll_lum,24,37,4903709316,1000,1,60,823290896,161.579,3012779707,3012779707,0,2624092294,
mcs70_r01_s60.A02,mcs70_r01_s60.B02,ll_lum,24,32,4995406436,1000.02,1,60,1558727,0.2831,3061559723,3061559723,0,2625161071,
mcs70_r01_s60.A03,mcs70_r01_s60.B03,ll_lum,24,36,4969470529,1000.01,1,60,1408923678,274.833,3030004827,3030004827,0,2605254061,
mcs70_r01_s60.A04,mcs70_r01_s60.B04,ll_lum,24,34,4928520733,1000.01,1,60,339076950,66.3542,3014585719,3014585719,0,2630021328,
mcs70_r01_s60.A05,mcs70_r01_s60.B05,ll_lum,25,39,3588695164,1000.02,1,60,1210495466,329.05,2205327677,2205327677,0,1905971255,
mcs70_r01_s60.A06,mcs70_r01_s60.B06,ll_lum,24,33,3657109475,1000.02,1,60,836978697,217.038,2255970831,2255970831,0,1943871198,
mcs70_r01_s60.A07,mcs70_r01_s60.B07,ll_lum,24,33,4661412528,1000.02,1,60,65879749,13.8867,2869083991,2869083991,0,2470672955,
mcs70_r01_s60.A08,mcs70_r01_s60.B08,ll_lum,24,29,4553364367,1000.02,1,60,19951946,4.13145,2807300060,2807300060,0,2374224154,
mcs70_r01_s60.A09,mcs70_r01_s60.B09,ll_lum,24,35,4804890370,1000.01,1,60,25583703,5.1693,2953664950,2953664950,0,2564702557,
mcs70_r01_s70.A00,mcs70_r01_s70.B00,ll_lum,25,35,4838815197,1000.01,1,70,4047315371,826.893,2854768653,2854768653,0,2506446948,
mcs70_r01_s70.A01,mcs70_r01_s70.B01,ll_lum,25,37,4791070182,1000.02,1,70,911191284,183.733,2851906803,2851906803,0,2495343765,
mcs70_r01_s70.A02,mcs70_r01_s70.B02,ll_lum,25,28,4775137007,1000.02,1,70,344058966,68.859,2879513660,2879513660,0,2528733938,
mcs70_r01_s70.A03,mcs70_r01_s70.B03,ll_lum,25,39,4746645609,1000.02,1,70,74077566,15.0619,2827251200,2827251200,0,2492440135,
mcs70_r01_s70.A04,mcs70_r01_s70.B04,ll_lum,25,43,4730820073,1000.02,1,70,228084,0.0411537,2871477726,2871477726,0,2544050358,
mcs70_r01_s70.A05,mcs70_r01_s70.B05,ll_lum,25,34,4766875107,1000.02,1,70,187438193,37.6741,2855542478,2855542478,0,2512446209,
mcs70_r01_s70.A06,mcs70_r01_s70.B06,ll_lum,25,36,4227119100,1000.02,1,70,60063329,13.3149,2531660824,2531660824,0,2204327449,
mcs70_r01_s70.A07,mcs70_r01_s70.B07,ll_lum,25,31,4683939505,1000.02,1,70,201454344,41.4411,2865361418,2865361418,0,2507002172,
mcs70_r01_s70.A08,mcs70_r01_s70.B08,ll_lum,26,39,4684127430,1000.02,1,70,1856240296,379.703,2845152897,2845152897,0,2524585646,
mcs70_r01_s70.A09,mcs70_r01_s70.B09,ll_lum,26,33,4693518122,1000.02,1,70,2024468463,418.548,2838033677,2838033677,0,2505563073,
mcs70_r01_s80.A00,mcs70_r01_s80.B00,ll_lum,27,50,4482749382,1000.02,1,80,369330673,75.1208,2721102805,2721102805,0,2415009984,
mcs70_r01_s80.A01,mcs70_r01_s80.B01,ll_lum,26,41,4526747261,1000.02,1,80,758814987,166.563,2671717501,2671717501,0,2392884538,
mcs70_r01_s80.A02,mcs70_r01_s80.B02,ll_lum,25,39,4620312281,1000.01,1,80,13199661,2.59271,2727984622,2727984622,0,2412174490,
mcs70_r01_s80.A03,mcs70_r01_s80.B03,ll_lum,26,38,2759149696,1000.01,1,80,104336169,41.5337,1651166432,1651166432,0,1468597884,
mcs70_r01_s80.A04,mcs70_r01_s80.B04,ll_lum,56,295,2606110418,1000.01,1,80,29803441,7.62388,1767322322,1767322322,0,1689843192,
mcs70_r01_s80.A05,mcs70_r01_s80.B05,ll_lum,26,42,4779626891,1000.01,1,80,692942344,140.741,2867332219,2867332219,0,2481935102,
mcs70_r01_s80.A06,mcs70_r01_s80.B06,ll_lum,26,37,4033388579,1000.03,1,80,37548994,8.68946,2425124342,2425124342,0,2148644945,
mcs70_r01_s80.A07,mcs70_r01_s80.B07,ll_lum,26,39,4417819369,1000.02,1,80,96212382,19.9845,2632082449,2632082449,0,2354103892,
mcs70_r01_s80.A08,mcs70_r01_s80.B08,ll_lum,27,43,4406218765,1000.01,1,80,597162591,130.598,2629142041,2629142041,0,2365524035,
mcs70_r01_s80.A09,mcs70_r01_s80.B09,ll_lum,56,296,2979917573,1000.02,1,80,983396129,229.07,1947490780,1947490780,0,1832061700,
mcs70_r01_s90.A00,mcs70_r01_s90.B00,ll_lum,26,42,4662504137,1000.02,1,90,44610910,9.25725,2735187603,2735187603,0,2408207567,
mcs70_r01_s90.A01,mcs70_r01_s90.B01,ll_lum,27,42,4553671324,1000.01,1,90,378777930,78.7393,2723284482,2723284482,0,2429923811,
mcs70_r01_s90.A02,mcs70_r01_s90.B02,ll_lum,27,40,4594986983,1000.02,1,90,2365114499,502.326,2714162052,2714162052,0,2428052280,
mcs70_r01_s90.A03,mcs70_r01_s90.B03,ll_lum,26,43,4435836450,1000.02,1,90,268735174,59.8268,2606155804,2606155804,0,2337700614,
mcs70_r01_s90.A04,mcs70_r01_s90.B04,ll_lum,26,45,4735567983,1000.01,1,90,91469820,19.2261,2797010208,2797010208,0,2448856704,
mcs70_r01_s90.A05,mcs70_r01_s90.B05,ll_lum,27,43,4344614095,1000.02,1,90,76353724,16.6182,2553915669,2553915669,0,2302952761,
mcs70_r01_s90.A06,mcs70_r01_s90.B06,ll_lum,28,42,4546929552,1000.02,1,90,2778176888,601.695,2733724133,2733724133,0,2422289337,
mcs70_r01_s90.A07,mcs70_r01_s90.B07,ll_lum,27,41,4516056184,1000.02,1,90,1534771350,330.61,2684365793,2684365793,0,2395685375,
mcs70_r01_s90.A08,mcs70_r01_s90.B08,ll_lum,27,46,4392708385,1000.01,1,90,668239266,143.651,2631242282,2631242282,0,2375116608,
mcs70_r01_s90.A09,mcs70_r01_s90.B09,ll_lum,27,40,4444966726,1000.02,1,90,2636226445,601.404,2599593488,2599593488,0,2328774040,
mcs70_r02_s10.A00,mcs70_r02_s10.B00,ll_lum,8,8,241,6.5069e-05,0,10,147,2.675e-05,163,163,0,108,
mcs70_r02_s10.A01,mcs70_r02_s10.B01,ll_lum,8,10,361,6.7562e-05,0,10,188,2.7542e-05,234,234,0,159,
mcs70_r02_s10.A02,mcs70_r02_s10.B02,ll_lum,8,10,343,7.5414e-05,0,10,236,3.5003e-05,224,224,0,157,
mcs70_r02_s10.A03,mcs70_r02_s10.B03,ll_lum,7,8,733,0.000115705,0,10,90,1.5683e-05,474,474,0,322,
mcs70_r02_s10.A04,mcs70_r02_s10.B04,ll_lum,8,11,589,0.000100892,0,10,533,7.278e-05,371,371,0,250,
mcs70_r02_s10.A05,mcs70_r02_s10.B05,ll_lum,7,7,587,9.6635e-05,0,10,8,5.268e-06,382,382,0,262,
mcs70_r02_s10.A06,mcs70_r02_s10.B06,ll_lum,7,6,609,0.000105389,0,10,8,5.248e-06,408,408,0,297,
mcs70_r02_s10.A07,mcs70_r02_s10.B07,ll_lum,8,10,118,4.1623e-05,0,10,43,9.375e-06,81,81,0,51,
mcs70_r02_s10.A08,mcs70_r02_s10.B08,ll_lum,8,9,74,3.6605e-05,0,10,9,5.398e-06,55,55,0,40,
mcs70_r02_s10.A09,mcs70_r02_s10.B09,ll_lum,7,6,683,0.00010666,0,10,30,8.503e-06,446,446,0,302,
mcs70_r02_s100.A00,mcs70_r02_s100.B00,ll_lum,19,54,3917186110,1000.02,1,100,124664534,28.5345,2073347769,2073347769,0,2009518698,
mcs70_r02_s100.A01,mcs70_r02_s100.B01,ll_lum,20,51,3943510812,1000.01,1,100,3606694814,907.97,2080286220,2080286220,0,2022506751,
mcs70_r02_s100.A02,mcs70_r02_s100.B02,ll_lum,20,64,3813500360,1000.01,1,100,1541083013,385.243,2015319478,2015319478,0,1962698980,
mcs70_r02_s100.A03,mcs70_r02_s100.B03,ll_lum,20,59,3816240934,1000.01,1,100,2708082597,694.096,2011168593,2011168593,0,1960609403,
mcs70_r02_s100.A04,mcs70_r02_s100.B04,ll_lum,20,57,3707520211,1000.01,1,100,372581242,93.6104,1955008535,1955008535,0,1910533443,
mcs70_r02_s100.A05,mcs70_r02_s100.B05,ll_lum,19,51,3891813294,1000.01,1,100,113055639,26.5205,2053674959,2053674959,0,1984124457,
mcs70_r02_s100.A06,mcs70_r02_s100.B06,ll_lum,19,53,3906089685,1000.01,1,100,19212851,4.42953,2057233619,2057233619,0,1996173635,
mcs70_r02_s100.A07,mcs70_r02_s100.B07,ll_lum,19,62,3974249400,1000.01,1,100,19718708,4.41706,2096156806,2096156806,0,2034076877,
mcs70_r02_s100.A08,mcs70_r02_s100.B08,ll_lum,20,50,3748960493,1000.01,1,100,1626830820,410.046,1972650872,1972650872,0,1921948661,
mcs70_r02_s100.A09,mcs70_r02_s100.B09,ll_lum,19,54,3937702257,1000.01,1,100,40844660,9.39829,2077955184,2077955184,0,2009638065,
mcs70_r02_s15.A00,mcs70_r02_s15.B00,ll_lum,10,14,9737,0.00162628,0,15,3805,0.000559049,6421,6421,0,5047,
mcs70_r02_s15.A01,mcs70_r02_s15.B01,ll_lum,10,15,12630,0.00172826,0,15,5343,0.000734216,8166,8166,0,6196,
mcs70_r02_s15.A02,mcs70_r02_s15.B02,ll_lum,10,14,20402,0.00300273,0,15,16263,0.00235806,13000,13000,0,9930,
mcs70_r02_s15.A03,mcs70_r02_s15.B03,ll_lum,10,11,5866,0.00119009,0,15,326,5.305e-05,4026,4026,0,3321,
mcs70_r02_s15.A04,mcs70_r02_s15.B04,ll_lum,10,16,22727,0.00349692,0,15,17024,0.00265355,14092,14092,0,10927,
mcs70_r02_s15.A05,mcs70_r02_s15.B05,ll_lum,11,18,1427,0.000257759,0,15,454,7.4522e-05,952,952,0,728,
mcs70_r02_s15.A06,mcs70_r02_s15.B06,ll_lum,10,16,4386,0.000716608,0,15,40,1.5282e-05,2955,2955,0,2284,
mcs70_r02_s15.A07,mcs70_r02_s15.B07,ll_lum,10,15,6375,0.00094175,0,15,157,2.7911e-05,4147,4147,0,3206,
mcs70_r02_s15.A08,mcs70_r02_s15.B08,ll_lum,10,16,7271,0.00113972,0,15,3410,0.000522955,4714,4714,0,3648,
mcs70_r02_s15.A09,mcs70_r02_s15.B09,ll_lum,11,19,13376,0.00204566,0,15,12130,0.00181661,8425,8425,0,6671,
mcs70_r02_s20.A00,mcs70_r02_s20.B00,ll_lum,14,33,108373,0.0191709,0,20,88838,0.0153163,67466,67466,0,56064,
mcs70_r02_s20.A01,mcs70_r02_s20.B01,ll_lum,14,31,123837,0.0216061,0,20,117252,0.0204174,78207,78207,0,64552,
mcs70_r02_s20.A02,mcs70_r02_s20.B02,ll_lum,14,31,34376,0.00666787,0,20,530,0.000100411,23284,23284,0,19458,
mcs70_r02_s20.A03,mcs70_r02_s20.B03,ll_lum,14,30,31594,0.00557444,0,20,20542,0.00346895,20476,20476,0,16804,
mcs70_r02_s20.A04,mcs70_r02_s20.B04,ll_lum,14,33,42210,0.00948654,0,20,4339,0.000864866,27902,27902,0,23436,
mcs70_r02_s20.A05,mcs70_r02_s20.B05,ll_lum,14,32,82697,0.0145698,0,20,71815,0.0124865,52142,52142,0,41599,
mcs70_r02_s20.A06,mcs70_r02_s20.B06,ll_lum,14,32,28824,0.00559005,0,20,6279,0.00109723,18833,18833,0,15629,
mcs70_r02_s20.A07,mcs70_r02_s20.B07,ll_lum,14,31,83056,0.0151646,0,20,69298,0.0124976,52710,52710,0,42895,
mcs70_r02_s20.A08,mcs70_r02_s20.B08,ll_lum,14,34,68974,0.0126907,0,20,45998,0.00816944,43653,43653,0,36984,
mcs70_r02_s20.A09,mcs70_r02_s20.B09,ll_lum,14,32,46227,0.00832263,0,20,22956,0.00384456,29588,29588,0,25053,
mcs70_r02_s25.A00,mcs70_r02_s25.B00,ll_lum,17,46,836304,0.158795,0,25,600597,0.10805,510621,510621,0,435273,
mcs70_r02_s25.A01,mcs70_r02_s25.B01,ll_lum,17,48,3531317,0.6816,0,25,3424852,0.658571,2170268,2170268,0,1886271,
mcs70_r02_s25.A02,mcs70_r02_s25.B02,ll_lum,17,48,1210191,0.238365,0,25,1145115,0.224275,752130,752130,0,646783,
mcs70_r02_s25.A03,mcs70_r02_s25.B03,ll_lum,17,47,2003316,0.393499,0,25,1893891,0.368748,1213570,1213570,0,1047169,
mcs70_r02_s25.A04,mcs70_r02_s25.B04,ll_lum,17,49,155067,0.0372934,0,25,29106,0.0054226,103131,103131,0,90067,
mcs70_r02_s25.A05,mcs70_r02_s25.B05,ll_lum,17,47,510568,0.10156,0,25,334794,0.0619048,317212,317212,0,275076,
mcs70_r02_s25.A06,mcs70_r02_s25.B06,ll_lum,17,50,200561,0.0442503,0,25,49234,0.00948216,132840,132840,0,117092,
mcs70_r02_s25.A07,mcs70_r02_s25.B07,ll_lum,17,48,1858910,0.374793,0,25,1796582,0.360912,1150052,1150052,0,1005169,
mcs70_r02_s25.A08,mcs70_r02_s25.B08,ll_lum,17,47,2314769,0.432621,0,25,2263272,0.421661,1437532,1437532,0,1232095,
mcs70_r02_s25.A09,mcs70_r02_s25.B09,ll_lum,17,48,1532894,0.290693,0,25,1338681,0.246139,934142,934142,0,804327,
mcs70_r02_s30.A00,mcs70_r02_s30.B00,ll_lum,21,75,14262717,2.95456,0,30,13884946,2.8541,8537145,8537145,0,7580559,
mcs70_r02_s30.A01,mcs70_r02_s30.B01,ll_lum,21,74,3487059,0.82795,0,30,3120271,0.732095,2183392,2183392,0,1988854,
mcs70_r02_s30.A02,mcs70_r02_s30.B02,ll_lum,21,70,15286139,3.32192,0,30,15183102,3.2965,9386821,9386821,0,8210260,
mcs70_r02_s30.A03,mcs70_r02_s30.B03,ll_lum,21,75,1953478,0.414765,0,30,1525513,0.304491,1205888,1205888,0,1075143,
mcs70_r02_s30.A04,mcs70_r02_s30.B04,ll_lum,21,78,591874,0.148249,0,30,163031,0.0357504,393364,393364,0,355327,
mcs70_r02_s30.A05,mcs70_r02_s30.B05,ll_lum,21,78,6787714,1.61255,0,30,6553688,1.54608,4120071,4120071,0,3659278,
mcs70_r02_s30.A06,mcs70_r02_s30.B06,ll_lum,21,77,36198328,7.67872,0,30,35996356,7.62717,21692335,21692335,0,19322242,
mcs70_r02_s30.A07,mcs70_r02_s30.B07,ll_lum,21,72,16928677,3.75191,0,30,16786572,3.71647,10345531,10345531,0,9226042,
mcs70_r02_s30.A08,mcs70_r02_s30.B08,ll_lum,21,80,16136390,3.73755,0,30,15897068,3.67521,9884747,9884747,0,8830566,
mcs70_r02_s30.A09,mcs70_r02_s30.B09,ll_lum,21,75,520495,0.130026,0,30,109428,0.0221353,348863,348863,0,314710,
mcs70_r02_s35.A00,mcs70_r02_s35.B00,ll_lum,24,98,3463920,0.951618,0,35,1383511,0.332088,2248828,2248828,0,2089492,
mcs70_r02_s35.A01,mcs70_r02_s35.B01,ll_lum,24,99,30553474,6.79864,0,35,28685501,6.24437,18171444,18171444,0,16387330,
mcs70_r02_s35.A02,mcs70_r02_s35.B02,ll_lum,24,100,134911853,31.2248,0,35,133512213,30.8192,80620350,80620350,0,72839982,
mcs70_r02_s35.A03,mcs70_r02_s35.B03,ll_lum,24,95,21207055,5.32836,0,35,19952534,4.9696,13150035,13150035,0,12093380,
mcs70_r02_s35.A04,mcs70_r02_s35.B04,ll_lum,24,98,23163612,5.37528,0,35,21004399,4.72601,13993496,13993496,0,12606645,
mcs70_r02_s35.A05,mcs70_r02_s35.B05,ll_lum,24,96,147476352,32.4335,0,35,146105961,32.0376,88637414,88637414,0,79979115,
mcs70_r02_s35.A06,mcs70_r02_s35.B06,ll_lum,24,88,26261061,5.61131,0,35,25025341,5.25324,15951070,15951070,0,14280840,
mcs70_r02_s35.A07,mcs70_r02_s35.B07,ll_lum,24,97,81891061,19.3356,0,35,80641697,18.9717,49417518,49417518,0,44916295,
mcs70_r02_s35.A08,mcs70_r02_s35.B08,ll_lum,24,97,31811299,7.05324,0,35,29274970,6.31603,19099645,19099645,0,17144830,
mcs70_r02_s35.A09,mcs70_r02_s35.B09,ll_lum,24,99,26279259,6.27968,0,35,24303350,5.69667,15902371,15902371,0,14492148,
mcs70_r02_s40.A00,mcs70_r02_s40.B00,ll_lum,28,141,236693002,53.3183,0,40,232773538,52.0088,139253533,139253533,0,126839736,
mcs70_r02_s40.A01,mcs70_r02_s40.B01,ll_lum,28,133,159974169,38.3579,0,40,156170183,37.1156,94896125,94896125,0,86953143,
mcs70_r02_s40.A02,mcs70_r02_s40.B02,ll_lum,28,137,465045893,119.724,0,40,462992485,119.058,277175124,277175124,0,256781937,
mcs70_r02_s40.A03,mcs70_r02_s40.B03,ll_lum,28,135,391323310,88.9174,0,40,386640645,87.3608,227752490,227752490,0,207306617,
mcs70_r02_s40.A04,mcs70_r02_s40.B04,ll_lum,28,142,488860012,126.56,0,40,484853970,125.123,286877492,286877492,0,265078652,
mcs70_r02_s40.A05,mcs70_r02_s40.B05,ll_lum,28,132,5355279,1.5977,0,40,2472878,0.580152,3438637,3438637,0,3198934,
mcs70_r02_s40.A06,mcs70_r02_s40.B06,ll_lum,28,138,10918843,3.05696,0,40,6436166,1.58126,6861278,6861278,0,6452236,
mcs70_r02_s40.A07,mcs70_r02_s40.B07,ll_lum,28,133,336682324,82.1919,0,40,333348051,81.0868,200704997,200704997,0,184759499,
mcs70_r02_s40.A08,mcs70_r02_s40.B08,ll_lum,28,136,302796122,80.861,0,40,299886101,79.9163,182411136,182411136,0,168500156,
mcs70_r02_s40.A09,mcs70_r02_s40.B09,ll_lum,28,133,35840279,9.52539,0,40,32532321,8.45432,21603897,21603897,0,20032133,
mcs70_r02_s50.A00,mcs70_r02_s50.B00,ll_lum,17,42,4131823207,1000.02,1,50,76780807,17.2818,2382684181,2382684181,0,2208968343,
mcs70_r02_s50.A01,mcs70_r02_s50.B01,ll_lum,21,77,3772163316,1000.02,1,50,2607459755,641.537,2174559847,2174559847,0,2052386754,
mcs70_r02_s50.A02,mcs70_r02_s50.B02,ll_lum,17,43,4221247427,1000.02,1,50,785549368,176.264,2428514783,2428514783,0,2253576513,
mcs70_r02_s50.A03,mcs70_r02_s50.B03,ll_lum,20,69,4121501034,1000.01,1,50,3649447222,863.485,2380129185,2380129185,0,2204674444,
mcs70_r02_s50.A04,mcs70_r02_s50.B04,ll_lum,22,79,3592053623,1000.02,1,50,3388212444,931.425,2095107346,2095107346,0,1961277866,
mcs70_r02_s50.A05,mcs70_r02_s50.B05,ll_lum,24,93,3044590733,1000.01,1,50,947632509,262.353,1825290075,1825290075,0,1751478685,
mcs70_r02_s50.A06,mcs70_r02_s50.B06,ll_lum,35,209,1920082305,517.74,0,50,1897915861,508.985,1124002316,1124002316,0,1056174344,
mcs70_r02_s50.A07,mcs70_r02_s50.B07,ll_lum,22,80,3458114131,1000.01,1,50,1450912359,361.14,2031125644,2031125644,0,1928716879,
mcs70_r02_s50.A08,mcs70_r02_s50.B08,ll_lum,35,208,44428673,15.625,0,50,19940220,6.20564,28844793,28844793,0,27633275,
mcs70_r02_s50.A09,mcs70_r02_s50.B09,ll_lum,35,213,1561519982,434.565,0,50,1534026496,423.691,916110937,916110937,0,867805976,
mcs70_r02_s60.A00,mcs70_r02_s60.B00,ll_lum,22,91,3648517427,1000.02,1,60,2338238077,566.941,2052938594,2052938594,0,1954342795,
mcs70_r02_s60.A01,mcs70_r02_s60.B01,ll_lum,19,59,4069451705,1000.01,1,60,3733744198,904.463,2260712971,2260712971,0,2128864139,
mcs70_r02_s60.A02,mcs70_r02_s60.B02,ll_lum,18,46,3957801833,1000.01,1,60,961250277,230.057,2209463157,2209463157,0,2094949431,
mcs70_r02_s60.A03,mcs70_r02_s60.B03,ll_lum,26,124,3303295940,1000.01,1,60,2194688378,578.753,1867147991,1867147991,0,1802971700,
mcs70_r02_s60.A04,mcs70_r02_s60.B04,ll_lum,17,41,4142925325,1000.01,1,60,5500170,1.20151,2299189174,2299189174,0,2159649038,
mcs70_r02_s60.A05,mcs70_r02_s60.B05,ll_lum,18,47,3903813269,1000.01,1,60,2019646724,494.796,2169495345,2169495345,0,2048355162,
mcs70_r02_s60.A06,mcs70_r02_s60.B06,ll_lum,23,96,2969546254,1000.02,1,60,19877,0.00405171,1735147479,1735147479,0,1684623262,
mcs70_r02_s60.A07,mcs70_r02_s60.B07,ll_lum,22,93,3461392773,1000.02,1,60,1602746572,391.283,1948309827,1948309827,0,1867536087,
mcs70_r02_s60.A08,mcs70_r02_s60.B08,ll_lum,18,45,3951995839,1000.01,1,60,638151913,151.458,2205881570,2205881570,0,2090841938,
mcs70_r02_s60.A09,mcs70_r02_s60.B09,ll_lum,18,52,3964984528,1000.02,1,60,874014449,208.424,2216918163,2216918163,0,2104608586,
mcs70_r02_s70.A00,mcs70_r02_s70.B00,ll_lum,18,46,3968465894,1000.02,1,70,24344163,5.60585,2167658029,2167658029,0,2073085892,
mcs70_r02_s70.A01,mcs70_r02_s70.B01,ll_lum,18,48,3835862756,1000.02,1,70,60875543,14.536,2114565671,2114565671,0,1994292058,
mcs70_r02_s70.A02,mcs70_r02_s70.B02,ll_lum,19,44,3858729918,1000.01,1,70,2298302405,578.04,2111415763,2111415763,0,2015318735,
mcs70_r02_s70.A03,mcs70_r02_s70.B03,ll_lum,18,46,3989459814,1000.02,1,70,330765147,77.3061,2180922392,2180922392,0,2076259787,
mcs70_r02_s70.A04,mcs70_r02_s70.B04,ll_lum,18,47,3920348838,1000.01,1,70,12531014,2.94496,2137870358,2137870358,0,2044161663,
mcs70_r02_s70.A05,mcs70_r02_s70.B05,ll_lum,18,42,3969639428,1000.02,1,70,601010904,141.864,2171125552,2171125552,0,2065447448,
mcs70_r02_s70.A06,mcs70_r02_s70.B06,ll_lum,18,48,4059786505,1000.02,1,70,855484458,201.308,2220523310,2220523310,0,2107373781,
mcs70_r02_s70.A07,mcs70_r02_s70.B07,ll_lum,19,56,3928887578,1000.03,1,70,2524198819,621.1,2146854409,2146854409,0,2054031769,
mcs70_r02_s70.A08,mcs70_r02_s70.B08,ll_lum,18,42,2337800654,1000.02,1,70,242466178,98.5923,1273136739,1273136739,0,1213235257,
mcs70_r02_s70.A09,mcs70_r02_s70.B09,ll_lum,19,48,3775270384,1000.02,1,70,1648633399,416.763,2053211730,2053211730,0,1974863819,
mcs70_r02_s80.A00,mcs70_r02_s80.B00,ll_lum,19,59,3923111980,1000.01,1,80,2129074357,522.771,2121695546,2121695546,0,2040897363,
mcs70_r02_s80.A01,mcs70_r02_s80.B01,ll_lum,19,57,3780600633,1000.02,1,80,1035903660,255.593,2044822967,2044822967,0,1973992971,
mcs70_r02_s80.A02,mcs70_r02_s80.B02,ll_lum,19,53,3848138527,1000.01,1,80,2121151364,530.364,2071713387,2071713387,0,1997218951,
mcs70_r02_s80.A03,mcs70_r02_s80.B03,ll_lum,18,44,4083694468,1000.01,1,80,2764430,0.601036,2198530436,2198530436,0,2103867889,
mcs70_r02_s80.A04,mcs70_r02_s80.B04,ll_lum,19,44,4030568421,1000.02,1,80,2464543248,592.962,2174884831,2174884831,0,2085114386,
mcs70_r02_s80.A05,mcs70_r02_s80.B05,ll_lum,22,85,3467333470,1000.01,1,80,1719196353,425.65,1882555775,1882555775,0,1821083814,
mcs70_r02_s80.A06,mcs70_r02_s80.B06,ll_lum,19,54,3737548986,1000.01,1,80,606972612,152.17,2016628461,2016628461,0,1944294388,
mcs70_r02_s80.A07,mcs70_r02_s80.B07,ll_lum,19,58,3892279440,1000.02,1,80,1213179430,296.453,2092094775,2092094775,0,2017667695,
mcs70_r02_s80.A08,mcs70_r02_s80.B08,ll_lum,18,41,4048388897,1000.01,1,80,14495503,3.17996,2167382086,2167382086,0,2085315589,
mcs70_r02_s80.A09,mcs70_r02_s80.B09,ll_lum,19,59,3995410737,1000.01,1,80,3085632165,759.138,2147290112,2147290112,0,2061333778,
mcs70_r02_s90.A00,mcs70_r02_s90.B00,ll_lum,19,47,3481732908,1000.02,1,90,309908023,81.342,1859771870,1859771870,0,1795902427,
mcs70_r02_s90.A01,mcs70_r02_s90.B01,ll_lum,19,57,2322238187,1000.01,1,90,220034697,82.2138,1229696944,1229696944,0,1191757662,
mcs70_r02_s90.A02,mcs70_r02_s90.B02,ll_lum,19,52,2281927071,1000.01,1,90,807074475,338.768,1209668846,1209668846,0,1170425998,
mcs70_r02_s90.A03,mcs70_r02_s90.B03,ll_lum,19,50,3777033054,1000.02,1,90,380843204,92.4924,2019055599,2019055599,0,1958971157,
mcs70_r02_s90.A04,mcs70_r02_s90.B04,ll_lum,19,51,3843288507,1000.01,1,90,110974616,26.3573,2051166905,2051166905,0,1985178857,
mcs70_r02_s90.A05,mcs70_r02_s90.B05,ll_lum,19,48,3916142590,1000.02,1,90,40367087,9.28659,2087273228,2087273228,0,2020394197,
mcs70_r02_s90.A06,mcs70_r02_s90.B06,ll_lum,19,57,3853041311,1000.01,1,90,68050976,16.0935,2046093276,2046093276,0,1986298207,
mcs70_r02_s90.A07,mcs70_r02_s90.B07,ll_lum,19,56,3857088800,1000.01,1,90,535782533,129.551,2046271284,2046271284,0,1981011191,
mcs70_r02_s90.A08,mcs70_r02_s90.B08,ll_lum,19,55,4034501961,1000.02,1,90,2838040831,683.95,2136596491,2136596491,0,2053944124,
mcs70_r02_s90.A09,mcs70_r02_s90.B09,ll_lum,19,56,3938241955,1000.01,1,90,949439788,224.606,2093167357,2093167357,0,2025139115,
mcs90_b03_s10.A00,mcs90_b03_s10.B00,ll_lum,9,13,57,3.7557e-05,0,10,32,8.843e-06,39,39,0,19,
mcs90_b03_s10.A01,mcs90_b03_s10.B01,ll_lum,9,13,57,3.5684e-05,0,10,25,1.0035e-05,40,40,0,23,
mcs90_b03_s10.A02,mcs90_b03_s10.B02,ll_lum,8,12,486,8.0532e-05,0,10,35,9.685e-06,307,307,0,150,
mcs90_b03_s10.A03,mcs90_b03_s10.B03,ll_lum,9,13,318,0.000104947,0,10,303,6.2954e-05,207,207,0,118,
mcs90_b03_s10.A04,mcs90_b03_s10.B04,ll_lum,9,13,131,4.2203e-05,0,10,120,2.0501e-05,82,82,0,40,
mcs90_b03_s10.A05,mcs90_b03_s10.B05,ll_lum,9,13,68,3.6655e-05,0,10,45,1.0976e-05,46,46,0,24,
mcs90_b03_s10.A06,mcs90_b03_s10.B06,ll_lum,9,13,112,4.034e-05,0,10,101,1.8087e-05,70,70,0,29,
mcs90_b03_s10.A07,mcs90_b03_s10.B07,ll_lum,9,13,75,4.663e-05,0,10,25,1.0776e-05,48,48,0,18,
mcs90_b03_s10.A08,mcs90_b03_s10.B08,ll_lum,9,13,46,3.1218e-05,0,10,19,6.781e-06,32,32,0,18,
mcs90_b03_s10.A09,mcs90_b03_s10.B09,ll_lum,9,13,37,3.2619e-05,0,10,10,6.059e-06,25,25,0,13,
mcs90_b03_s100.A00,mcs90_b03_s100.B00,ll_lum,84,115,6312605773,1000.01,1,100,77356,0.00877378,4042955131,4042955131,0,2122654454,
mcs90_b03_s100.A01,mcs90_b03_s100.B01,ll_lum,85,114,6078974826,1000.01,1,100,2874489009,474.29,3802226932,3802226932,0,1788546207,
mcs90_b03_s100.A02,mcs90_b03_s100.B02,ll_lum,91,136,5673658329,1000.02,1,100,91,8.9284e-05,3437677792,3437677792,0,1533884369,
mcs90_b03_s100.A03,mcs90_b03_s100.B03,ll_lum,92,134,4020341666,713.715,0,100,1625613814,280.444,2394093167,2394093167,0,961528022,
mcs90_b03_s100.A04,mcs90_b03_s100.B04,ll_lum,88,126,5797784270,1000.02,1,100,108691929,17.466,3483147303,3483147303,0,1513403046,
mcs90_b03_s100.A05,mcs90_b03_s100.B05,ll_lum,87,119,6272217360,1000.02,1,100,4771694454,757.289,3705829719,3705829719,0,1466669562,
mcs90_b03_s100.A06,mcs90_b03_s100.B06,ll_lum,90,135,4148722740,1000.01,1,100,91,0.000143147,2399145036,2399145036,0,934734347,
mcs90_b03_s100.A07,mcs90_b03_s100.B07,ll_lum,89,126,5408552224,1000.02,1,100,148263881,25.9895,3373794102,3373794102,0,1719908485,
mcs90_b03_s100.A08,mcs90_b03_s100.B08,ll_lum,93,138,2600989716,453.949,0,100,2539197990,442.256,1533291032,1533291032,0,629883281,
mcs90_b03_s100.A09,mcs90_b03_s100.B09,ll_lum,87,117,6195630020,1000.02,1,100,681076591,99.4404,3797643914,3797643914,0,1758337643,
mcs90_b03_s15.A00,mcs90_b03_s15.B00,ll_lum,13,19,1141,0.000270495,0,15,405,0.000106159,688,688,0,340,
mcs90_b03_s15.A01,mcs90_b03_s15.B01,ll_lum,13,19,224,7.1949e-05,0,15,14,1.1086e-05,153,153,0,91,
mcs90_b03_s15.A02,mcs90_b03_s15.B02,ll_lum,13,19,228,7.0546e-05,0,15,13,9.274e-06,153,153,0,94,
mcs90_b03_s15.A03,mcs90_b03_s15.B03,ll_lum,13,19,856,0.000137097,0,15,14,9.344e-06,534,534,0,261,
mcs90_b03_s15.A04,mcs90_b03_s15.B04,ll_lum,13,19,312,7.7977e-05,0,15,114,2.624e-05,200,200,0,96,
mcs90_b03_s15.A05,mcs90_b03_s15.B05,ll_lum,13,19,1691,0.00025128,0,15,1432,0.000189096,1000,1000,0,529,
mcs90_b03_s15.A06,mcs90_b03_s15.B06,ll_lum,13,19,493,0.000154411,0,15,132,4.3055e-05,319,319,0,166,
mcs90_b03_s15.A07,mcs90_b03_s15.B07,ll_lum,14,18,581,0.000134522,0,15,557,0.000102163,373,373,0,211,
mcs90_b03_s15.A08,mcs90_b03_s15.B08,ll_lum,14,20,83,5.1107e-05,0,15,43,1.6465e-05,55,55,0,30,
mcs90_b03_s15.A09,mcs90_b03_s15.B09,ll_lum,13,19,371,8.1583e-05,0,15,185,3.0967e-05,229,229,0,131,
mcs90_b03_s20.A00,mcs90_b03_s20.B00,ll_lum,19,28,935,0.000160672,0,20,907,0.000123977,534,534,0,181,
mcs90_b03_s20.A01,mcs90_b03_s20.B01,ll_lum,19,29,353,9.7247e-05,0,20,299,5.5194e-05,203,203,0,86,
mcs90_b03_s20.A02,mcs90_b03_s20.B02,ll_lum,19,28,828,0.000147813,0,20,798,0.000115754,474,474,0,167,
mcs90_b03_s20.A03,mcs90_b03_s20.B03,ll_lum,19,28,857,0.000149144,0,20,829,0.000118088,496,496,0,187,
mcs90_b03_s20.A04,mcs90_b03_s20.B04,ll_lum,18,27,1829,0.000256676,0,20,339,5.963e-05,1063,1063,0,394,
mcs90_b03_s20.A05,mcs90_b03_s20.B05,ll_lum,19,28,557,0.000114072,0,20,486,7.6255e-05,324,324,0,130,
mcs90_b03_s20.A06,mcs90_b03_s20.B06,ll_lum,19,28,286,8.9054e-05,0,20,242,4.9004e-05,174,174,0,73,
mcs90_b03_s20.A07,mcs90_b03_s20.B07,ll_lum,19,28,212,7.9029e-05,0,20,158,3.5954e-05,133,133,0,64,
mcs90_b03_s20.A08,mcs90_b03_s20.B08,ll_lum,19,28,130,6.5909e-05,0,20,20,1.7416e-05,83,83,0,36,
mcs90_b03_s20.A09,mcs90_b03_s20.B09,ll_lum,19,28,366,9.7047e-05,0,20,293,5.962e-05,214,214,0,85,
mcs90_b03_s25.A00,mcs90_b03_s25.B00,ll_lum,23,34,2385,0.000333733,0,25,294,5.7908e-05,1408,1408,0,534,
mcs90_b03_s25.A01,mcs90_b03_s25.B01,ll_lum,23,34,1580,0.000262245,0,25,985,0.000155935,926,926,0,349,
mcs90_b03_s25.A02,mcs90_b03_s25.B02,ll_lum,24,35,182,8.3456e-05,0,25,104,3.1948e-05,112,112,0,49,
mcs90_b03_s25.A03,mcs90_b03_s25.B03,ll_lum,24,35,1804,0.000281952,0,25,1729,0.000237135,1005,1005,0,293,
mcs90_b03_s25.A04,mcs90_b03_s25.B04,ll_lum,23,34,2036,0.000308553,0,25,1050,0.000156544,1178,1178,0,468,
mcs90_b03_s25.A05,mcs90_b03_s25.B05,ll_lum,23,34,1266,0.000208324,0,25,334,6.1221e-05,736,736,0,213,
mcs90_b03_s25.A06,mcs90_b03_s25.B06,ll_lum,23,34,1104,0.000202666,0,25,628,0.000100482,658,658,0,268,
mcs90_b03_s25.A07,mcs90_b03_s25.B07,ll_lum,23,34,1053,0.000196286,0,25,101,3.2038e-05,659,659,0,337,
mcs90_b03_s25.A08,mcs90_b03_s25.B08,ll_lum,23,34,2256,0.000528318,0,25,1581,0.000401327,1313,1313,0,579,
mcs90_b03_s25.A09,mcs90_b03_s25.B09,ll_lum,24,35,1210,0.000211939,0,25,1091,0.000156506,674,674,0,244,
mcs90_b03_s30.A00,mcs90_b03_s30.B00,ll_lum,27,40,46520,0.00539089,0,30,37321,0.00420966,27684,27684,0,13556,
mcs90_b03_s30.A01,mcs90_b03_s30.B01,ll_lum,27,40,22371,0.00246613,0,30,13383,0.00140277,13480,13480,0,7110,
mcs90_b03_s30.A02,mcs90_b03_s30.B02,ll_lum,27,41,26005,0.00324734,0,30,15569,0.00188551,14651,14651,0,6071,
mcs90_b03_s30.A03,mcs90_b03_s30.B03,ll_lum,28,41,6985,0.00103134,0,30,6485,0.000924716,4040,4040,0,1777,
mcs90_b03_s30.A04,mcs90_b03_s30.B04,ll_lum,27,40,9388,0.00127568,0,30,1846,0.000261342,5432,5432,0,2586,
mcs90_b03_s30.A05,mcs90_b03_s30.B05,ll_lum,27,40,6310,0.0013127,0,30,410,0.000122454,3736,3736,0,1511,
mcs90_b03_s30.A06,mcs90_b03_s30.B06,ll_lum,27,40,7618,0.00101882,0,30,341,5.9409e-05,4408,4408,0,1837,
mcs90_b03_s30.A07,mcs90_b03_s30.B07,ll_lum,27,38,18057,0.00220628,0,30,7738,0.000934215,10089,10089,0,4297,
mcs90_b03_s30.A08,mcs90_b03_s30.B08,ll_lum,27,40,13743,0.00177749,0,30,28,1.975e-05,7693,7693,0,2982,
mcs90_b03_s30.A09,mcs90_b03_s30.B09,ll_lum,28,41,2838,0.000450989,0,30,888,0.000141523,1658,1658,0,679,
mcs90_b03_s35.A00,mcs90_b03_s35.B00,ll_lum,33,48,70647,0.00931762,0,35,69987,0.00917342,40344,40344,0,19517,
mcs90_b03_s35.A01,mcs90_b03_s35.B01,ll_lum,32,47,22273,0.00292308,0,35,16095,0.0021164,12831,12831,0,5546,
mcs90_b03_s35.A02,mcs90_b03_s35.B02,ll_lum,31,46,77161,0.0102887,0,35,18375,0.00226991,43783,43783,0,19024,
mcs90_b03_s35.A03,mcs90_b03_s35.B03,ll_lum,31,44,345766,0.0407848,0,35,284076,0.0325644,219653,219653,0,123283,
mcs90_b03_s35.A04,mcs90_b03_s35.B04,ll_lum,31,43,89202,0.011487,0,35,31395,0.00396131,50929,50929,0,21545,
mcs90_b03_s35.A05,mcs90_b03_s35.B05,ll_lum,32,47,10021,0.00135322,0,35,31,2.3345e-05,5765,5765,0,2421,
mcs90_b03_s35.A06,mcs90_b03_s35.B06,ll_lum,32,44,12523,0.00160077,0,35,8227,0.000982098,7576,7576,0,4003,
mcs90_b03_s35.A07,mcs90_b03_s35.B07,ll_lum,32,47,45760,0.00627291,0,35,38254,0.00524524,26077,26077,0,12203,
mcs90_b03_s35.A08,mcs90_b03_s35.B08,ll_lum,31,46,57691,0.00782385,0,35,16445,0.0021846,33816,33816,0,16393,
mcs90_b03_s35.A09,mcs90_b03_s35.B09,ll_lum,32,47,25971,0.00351953,0,35,16089,0.00218539,14611,14611,0,6262,
mcs90_b03_s40.A00,mcs90_b03_s40.B00,ll_lum,37,55,21435,0.0031884,0,40,6964,0.00102481,11915,11915,0,4411,
mcs90_b03_s40.A01,mcs90_b03_s40.B01,ll_lum,37,55,22074,0.0032576,0,40,5729,0.000758406,12335,12335,0,4257,
mcs90_b03_s40.A02,mcs90_b03_s40.B02,ll_lum,37,55,38755,0.00498078,0,40,29259,0.00346735,22514,22514,0,8269,
mcs90_b03_s40.A03,mcs90_b03_s40.B03,ll_lum,37,55,14386,0.00202008,0,40,288,7.334e-05,8059,8059,0,3047,
mcs90_b03_s40.A04,mcs90_b03_s40.B04,ll_lum,37,55,59437,0.00783551,0,40,44132,0.00570043,33682,33682,0,13605,
mcs90_b03_s40.A05,mcs90_b03_s40.B05,ll_lum,38,57,1695,0.000351757,0,40,1419,0.000243646,963,963,0,365,
mcs90_b03_s40.A06,mcs90_b03_s40.B06,ll_lum,38,56,4769,0.000899058,0,40,4435,0.000791596,2611,2611,0,768,
mcs90_b03_s40.A07,mcs90_b03_s40.B07,ll_lum,37,55,27240,0.00377114,0,40,7561,0.00108366,15051,15051,0,5716,
mcs90_b03_s40.A08,mcs90_b03_s40.B08,ll_lum,37,55,49674,0.00667987,0,40,39136,0.00506567,27941,27941,0,11215,
mcs90_b03_s40.A09,mcs90_b03_s40.B09,ll_lum,37,55,11603,0.00201346,0,40,667,0.000128093,6581,6581,0,2470,
mcs90_b03_s50.A00,mcs90_b03_s50.B00,ll_lum,45,67,1602475,0.204255,0,50,684392,0.0846502,971541,971541,0,419179,
mcs90_b03_s50.A01,mcs90_b03_s50.B01,ll_lum,46,68,3569039,0.448813,0,50,3525437,0.442624,2205142,2205142,0,1104662,
mcs90_b03_s50.A02,mcs90_b03_s50.B02,ll_lum,46,68,102306,0.0145362,0,50,4912,0.000747616,55960,55960,0,20290,
mcs90_b03_s50.A03,mcs90_b03_s50.B03,ll_lum,46,68,221952,0.0300679,0,50,102194,0.013483,127623,127623,0,53556,
mcs90_b03_s50.A04,mcs90_b03_s50.B04,ll_lum,45,67,1023998,0.132667,0,50,513372,0.0625254,612882,612882,0,276263,
mcs90_b03_s50.A05,mcs90_b03_s50.B05,ll_lum,45,64,1193599,0.159784,0,50,609035,0.0794689,684566,684566,0,253587,
mcs90_b03_s50.A06,mcs90_b03_s50.B06,ll_lum,45,62,463539,0.0638043,0,50,19804,0.00257459,258837,258837,0,88763,
mcs90_b03_s50.A07,mcs90_b03_s50.B07,ll_lum,46,68,151292,0.0219542,0,50,94426,0.0134992,93033,93033,0,46139,
mcs90_b03_s50.A08,mcs90_b03_s50.B08,ll_lum,45,67,5093327,0.91775,0,50,4335639,0.759754,3145730,3145730,0,1638112,
mcs90_b03_s50.A09,mcs90_b03_s50.B09,ll_lum,45,65,1079251,0.146339,0,50,273823,0.0372218,627389,627389,0,263459,
mcs90_b03_s60.A00,mcs90_b03_s60.B00,ll_lum,55,82,2244203,0.346127,0,60,685458,0.111144,1328451,1328451,0,614328,
mcs90_b03_s60.A01,mcs90_b03_s60.B01,ll_lum,55,78,2012091,0.278765,0,60,1082931,0.123117,1226996,1226996,0,565874,
mcs90_b03_s60.A02,mcs90_b03_s60.B02,ll_lum,56,83,722249,0.110276,0,60,595584,0.0905009,432467,432467,0,204321,
mcs90_b03_s60.A03,mcs90_b03_s60.B03,ll_lum,57,84,5375912,0.664481,0,60,5357334,0.661598,3225978,3225978,0,1368198,
mcs90_b03_s60.A04,mcs90_b03_s60.B04,ll_lum,56,83,1538382,0.216402,0,60,1488933,0.208591,925620,925620,0,409657,
mcs90_b03_s60.A05,mcs90_b03_s60.B05,ll_lum,55,82,4760204,0.700962,0,60,3067255,0.453641,2988871,2988871,0,1617284,
mcs90_b03_s60.A06,mcs90_b03_s60.B06,ll_lum,55,82,3491670,0.470375,0,60,1104348,0.143732,2128807,2128807,0,926686,
mcs90_b03_s60.A07,mcs90_b03_s60.B07,ll_lum,55,82,1146578,0.160861,0,60,341208,0.04484,619064,619064,0,180216,
mcs90_b03_s60.A08,mcs90_b03_s60.B08,ll_lum,55,82,2959081,0.429105,0,60,1349900,0.193743,1718467,1718467,0,714560,
mcs90_b03_s60.A09,mcs90_b03_s60.B09,ll_lum,55,82,20474651,2.65352,0,60,19163451,2.46647,12450132,12450132,0,5796897,
mcs90_b03_s70.A00,mcs90_b03_s70.B00,ll_lum,63,94,78779790,12.4443,0,70,63,5.8528e-05,50601875,50601875,0,26163106,
mcs90_b03_s70.A01,mcs90_b03_s70.B01,ll_lum,65,96,252029543,36.3065,0,70,251473284,36.2157,145582973,145582973,0,55666007,
mcs90_b03_s70.A02,mcs90_b03_s70.B02,ll_lum,64,95,22859168,3.51812,0,70,9231751,1.25743,13707623,13707623,0,5786626,
mcs90_b03_s70.A03,mcs90_b03_s70.B03,ll_lum,65,96,760423,0.125146,0,70,310291,0.0478561,433005,433005,0,170440,
mcs90_b03_s70.A04,mcs90_b03_s70.B04,ll_lum,65,96,20876574,3.19333,0,70,20156807,3.07306,12273778,12273778,0,5098014,
mcs90_b03_s70.A05,mcs90_b03_s70.B05,ll_lum,64,95,126760853,19.1709,0,70,118558034,17.8574,78153697,78153697,0,37419433,
mcs90_b03_s70.A06,mcs90_b03_s70.B06,ll_lum,63,94,214894753,32.6562,0,70,3813501,0.538135,133343856,133343856,0,64610872,
mcs90_b03_s70.A07,mcs90_b03_s70.B07,ll_lum,64,95,91091025,13.6524,0,70,79601575,11.7978,54684727,54684727,0,24761985,
mcs90_b03_s70.A08,mcs90_b03_s70.B08,ll_lum,64,95,103436114,15.9529,0,70,88612282,13.5322,66148226,66148226,0,36571185,
mcs90_b03_s70.A09,mcs90_b03_s70.B09,ll_lum,64,92,115479702,16.9792,0,70,108401681,15.8704,66111952,66111952,0,23319561,
mcs90_b03_s80.A00,mcs90_b03_s80.B00,ll_lum,73,109,1170946330,174.372,0,80,698446755,101.172,700812398,700812398,0,293576373,
mcs90_b03_s80.A01,mcs90_b03_s80.B01,ll_lum,74,110,45859049,7.49603,0,80,34349038,5.45622,27554652,27554652,0,11383015,
mcs90_b03_s80.A02,mcs90_b03_s80.B02,ll_lum,74,110,345187484,52.821,0,80,306909120,46.3129,209491639,209491639,0,95634589,
mcs90_b03_s80.A03,mcs90_b03_s80.B03,ll_lum,74,110,13732751,2.27588,0,80,360027,0.0512577,8368631,8368631,0,3764064,
mcs90_b03_s80.A04,mcs90_b03_s80.B04,ll_lum,74,110,18111268,3.04604,0,80,74,7.1177e-05,11389501,11389501,0,5565876,
mcs90_b03_s80.A05,mcs90_b03_s80.B05,ll_lum,74,110,84540450,13.3698,0,80,31852564,5.02593,51598008,51598008,0,22575457,
mcs90_b03_s80.A06,mcs90_b03_s80.B06,ll_lum,74,110,151918741,45.3337,0,80,115229781,33.8349,86841941,86841941,0,28894361,
mcs90_b03_s80.A07,mcs90_b03_s80.B07,ll_lum,74,110,1106569540,162.588,0,80,1090304625,160.007,683034092,683034092,0,347984493,
mcs90_b03_s80.A08,mcs90_b03_s80.B08,ll_lum,74,108,532402938,75.0674,0,80,489795227,68.2006,306161768,306161768,0,104662445,
mcs90_b03_s80.A09,mcs90_b03_s80.B09,ll_lum,74,110,113962777,18.0154,0,80,91465226,14.1456,69312362,69312362,0,29763591,
mcs90_b03_s90.A00,mcs90_b03_s90.B00,ll_lum,82,117,5548516440,948.354,0,90,1712229095,283.944,3281263743,3281263743,0,1382417078,
mcs90_b03_s90.A01,mcs90_b03_s90.B01,ll_lum,82,122,3341011531,552.368,0,90,83,7.6596e-05,1975591166,1975591166,0,782012464,
mcs90_b03_s90.A02,mcs90_b03_s90.B02,ll_lum,83,120,2376101467,396.558,0,90,2117133728,349.186,1502433666,1502433666,0,819891987,
mcs90_b03_s90.A03,mcs90_b03_s90.B03,ll_lum,80,120,5955411183,1000,1,90,81,7.7817e-05,3675176449,3675176449,0,1808200763,
mcs90_b03_s90.A04,mcs90_b03_s90.B04,ll_lum,77,101,6450461304,1000.01,1,90,6365551120,986.399,4058350201,4058350201,0,2091840139,
mcs90_b03_s90.A05,mcs90_b03_s90.B05,ll_lum,84,124,2085629428,338.86,0,90,2078036520,337.436,1261173659,1261173659,0,585939406,
mcs90_b03_s90.A06,mcs90_b03_s90.B06,ll_lum,78,112,6293011112,1000.02,1,90,519790009,73.3941,3922275237,3922275237,0,1952923087,
mcs90_b03_s90.A07,mcs90_b03_s90.B07,ll_lum,78,114,6654261202,1000.01,1,90,2549893736,376.063,4038835596,4038835596,0,1871842665,
mcs90_b03_s90.A08,mcs90_b03_s90.B08,ll_lum,82,116,5811044512,1000.02,1,90,5731825014,983.555,3542693240,3542693240,0,1643620061,
mcs90_b03_s90.A09,mcs90_b03_s90.B09,ll_lum,75,93,6899826713,1000.02,1,90,6781881093,981.903,4160844025,4160844025,0,1810853828,
mcs90_b03m_s10.A00,mcs90_b03m_s10.B00,ll_lum,9,13,50,3.7276e-05,0,10,33,1.0065e-05,34,34,0,21,
mcs90_b03m_s10.A01,mcs90_b03m_s10.B01,ll_lum,8,10,170,5.335e-05,0,10,44,9.464e-06,115,115,0,80,
mcs90_b03m_s10.A02,mcs90_b03m_s10.B02,ll_lum,8,8,188,5.8898e-05,0,10,49,1.312e-05,133,133,0,92,
mcs90_b03m_s10.A03,mcs90_b03m_s10.B03,ll_lum,8,12,93,4.2514e-05,0,10,36,8.793e-06,65,65,0,39,
mcs90_b03m_s10.A04,mcs90_b03m_s10.B04,ll_lum,8,11,345,7.3881e-05,0,10,271,3.983e-05,224,224,0,168,
mcs90_b03m_s10.A05,mcs90_b03m_s10.B05,ll_lum,9,12,37,3.2418e-05,0,10,10,5.839e-06,27,27,0,16,
mcs90_b03m_s10.A06,mcs90_b03m_s10.B06,ll_lum,8,12,159,4.683e-05,0,10,49,1.0836e-05,103,103,0,60,
mcs90_b03m_s10.A07,mcs90_b03m_s10.B07,ll_lum,8,12,54,3.99e-05,0,10,9,6.36e-06,39,39,0,28,
mcs90_b03m_s10.A08,mcs90_b03m_s10.B08,ll_lum,8,10,180,5.3581e-05,0,10,77,1.5433e-05,122,122,0,83,
mcs90_b03m_s10.A09,mcs90_b03m_s10.B09,ll_lum,8,11,388,7.7557e-05,0,10,162,2.5017e-05,250,250,0,164,
mcs90_b03m_s100.A00,mcs90_b03m_s100.B00,ll_lum,81,102,6412270542,1000.02,1,100,5286028704,793.464,3990711187,3990711187,0,2370831885,
mcs90_b03m_s100.A01,mcs90_b03m_s100.B01,ll_lum,90,134,347272108,70.2261,0,100,137479,0.024799,222499891,222499891,0,136329693,
mcs90_b03m_s100.A02,mcs90_b03m_s100.B02,ll_lum,79,97,6551085869,1000.02,1,100,5357192941,810.241,4063996483,4063996483,0,2331875444,
mcs90_b03m_s100.A03,mcs90_b03m_s100.B03,ll_lum,74,76,7339395276,1000.01,1,100,4530815869,597.707,4769712106,4769712106,0,2839542201,
mcs90_b03m_s100.A04,mcs90_b03m_s100.B04,ll_lum,72,74,7587120365,1000.02,1,100,1283470991,142.687,5321828896,5321828896,0,3546310820,
mcs90_b03m_s100.A05,mcs90_b03m_s100.B05,ll_lum,91,136,2808918820,409.903,0,100,2536643098,348.275,1806963029,1806963029,0,1071771371,
mcs90_b03m_s100.A06,mcs90_b03m_s100.B06,ll_lum,76,76,7153467759,1000.02,1,100,6854515518,957.884,4995062345,4995062345,0,3253253164,
mcs90_b03m_s100.A07,mcs90_b03m_s100.B07,ll_lum,77,96,6587792895,1000.02,1,100,4122425870,625.44,4100362015,4100362015,0,2671128263,
mcs90_b03m_s100.A08,mcs90_b03m_s100.B08,ll_lum,79,90,7541519877,1000.01,1,100,5573897205,739.664,4744347168,4744347168,0,2978873579,
mcs90_b03m_s100.A09,mcs90_b03m_s100.B09,ll_lum,91,136,723219078,155.125,0,100,3151628,0.608508,494566985,494566985,0,319647935,
mcs90_b03m_s15.A00,mcs90_b03m_s15.B00,ll_lum,13,15,577,0.000112549,0,15,207,3.7276e-05,368,368,0,203,
mcs90_b03m_s15.A01,mcs90_b03m_s15.B01,ll_lum,13,18,379,8.8884e-05,0,15,148,2.7702e-05,245,245,0,151,
mcs90_b03m_s15.A02,mcs90_b03m_s15.B02,ll_lum,13,16,451,0.000104457,0,15,256,4.1362e-05,300,300,0,207,
mcs90_b03m_s15.A03,mcs90_b03m_s15.B03,ll_lum,13,19,317,8.4186e-05,0,15,13,9.374e-06,222,222,0,158,
mcs90_b03m_s15.A04,mcs90_b03m_s15.B04,ll_lum,13,19,976,0.000166482,0,15,793,0.000110647,657,657,0,460,
mcs90_b03m_s15.A05,mcs90_b03m_s15.B05,ll_lum,12,18,668,0.000118729,0,15,60,1.8338e-05,434,434,0,249,
mcs90_b03m_s15.A06,mcs90_b03m_s15.B06,ll_lum,13,18,234,6.9154e-05,0,15,13,1.1367e-05,166,166,0,116,
mcs90_b03m_s15.A07,mcs90_b03m_s15.B07,ll_lum,13,19,188,6.8994e-05,0,15,89,2.3155e-05,125,125,0,82,
mcs90_b03m_s15.A08,mcs90_b03m_s15.B08,ll_lum,13,19,254,7.0856e-05,0,15,132,2.5719e-05,166,166,0,100,
mcs90_b03m_s15.A09,mcs90_b03m_s15.B09,ll_lum,13,17,473,9.7947e-05,0,15,56,1.5633e-05,312,312,0,194,
mcs90_b03m_s20.A00,mcs90_b03m_s20.B00,ll_lum,18,27,266,8.5939e-05,0,20,114,2.7772e-05,183,183,0,117,
mcs90_b03m_s20.A01,mcs90_b03m_s20.B01,ll_lum,18,26,2080,0.000328075,0,20,1756,0.000248385,1296,1296,0,801,
mcs90_b03m_s20.A02,mcs90_b03m_s20.B02,ll_lum,18,26,212,7.6235e-05,0,20,19,1.4051e-05,153,153,0,96,
mcs90_b03m_s20.A03,mcs90_b03m_s20.B03,ll_lum,18,27,6225,0.000705616,0,20,6106,0.000658436,3926,3926,0,2431,
mcs90_b03m_s20.A04,mcs90_b03m_s20.B04,ll_lum,18,25,1316,0.000204318,0,20,985,0.000123998,795,795,0,403,
mcs90_b03m_s20.A05,mcs90_b03m_s20.B05,ll_lum,18,27,1411,0.000450444,0,20,1118,0.000304647,865,865,0,486,
mcs90_b03m_s20.A06,mcs90_b03m_s20.B06,ll_lum,18,27,2182,0.000302335,0,20,1881,0.000228394,1337,1337,0,804,
mcs90_b03m_s20.A07,mcs90_b03m_s20.B07,ll_lum,18,27,30093,0.00338379,0,20,29798,0.00331148,18727,18727,0,11955,
mcs90_b03m_s20.A08,mcs90_b03m_s20.B08,ll_lum,18,27,2572,0.000384969,0,20,2457,0.000326631,1609,1609,0,1062,
mcs90_b03m_s20.A09,mcs90_b03m_s20.B09,ll_lum,18,26,675,0.000144396,0,20,356,6.4386e-05,428,428,0,243,
mcs90_b03m_s25.A00,mcs90_b03m_s25.B00,ll_lum,23,33,35537,0.00426671,0,25,35402,0.00420271,23820,23820,0,17350,
mcs90_b03m_s25.A01,mcs90_b03m_s25.B01,ll_lum,22,33,21440,0.00256886,0,25,20042,0.00235304,13491,13491,0,8386,
mcs90_b03m_s25.A02,mcs90_b03m_s25.B02,ll_lum,22,33,2727,0.000423109,0,25,23,1.6635e-05,1711,1711,0,1004,
mcs90_b03m_s25.A03,mcs90_b03m_s25.B03,ll_lum,22,33,964,0.000188134,0,25,21,1.4913e-05,644,644,0,389,
mcs90_b03m_s25.A04,mcs90_b03m_s25.B04,ll_lum,22,33,72006,0.00821257,0,25,70891,0.00802043,47383,47383,0,32701,
mcs90_b03m_s25.A05,mcs90_b03m_s25.B05,ll_lum,22,33,13900,0.00151802,0,25,12419,0.00128385,8998,8998,0,5830,
mcs90_b03m_s25.A06,mcs90_b03m_s25.B06,ll_lum,22,32,41916,0.00885696,0,25,39975,0.00829777,27451,27451,0,18396,
mcs90_b03m_s25.A07,mcs90_b03m_s25.B07,ll_lum,23,33,797,0.000167722,0,25,458,8.0972e-05,520,520,0,308,
mcs90_b03m_s25.A08,mcs90_b03m_s25.B08,ll_lum,23,33,418,0.000117706,0,25,213,4.8243e-05,276,276,0,160,
mcs90_b03m_s25.A09,mcs90_b03m_s25.B09,ll_lum,22,33,9932,0.00124096,0,25,8273,0.000972748,6112,6112,0,3639,
mcs90_b03m_s30.A00,mcs90_b03m_s30.B00,ll_lum,26,38,728376,0.0848914,0,30,716990,0.0833401,498500,498500,0,340028,
mcs90_b03m_s30.A01,mcs90_b03m_s30.B01,ll_lum,26,39,14922,0.00230764,0,30,3189,0.000456038,9325,9325,0,5899,
mcs90_b03m_s30.A02,mcs90_b03m_s30.B02,ll_lum,27,40,2273,0.000413065,0,30,27,2.011e-05,1536,1536,0,1074,
mcs90_b03m_s30.A03,mcs90_b03m_s30.B03,ll_lum,27,39,19557,0.00241736,0,30,16428,0.00193762,11977,11977,0,6851,
mcs90_b03m_s30.A04,mcs90_b03m_s30.B04,ll_lum,26,38,9107,0.0012984,0,30,26,1.8928e-05,5640,5640,0,3318,
mcs90_b03m_s30.A05,mcs90_b03m_s30.B05,ll_lum,26,39,110427,0.011098,0,30,103700,0.0101951,71315,71315,0,42845,
mcs90_b03m_s30.A06,mcs90_b03m_s30.B06,ll_lum,26,38,1857382,0.42256,0,30,1844193,0.419081,1144987,1144987,0,652640,
mcs90_b03m_s30.A07,mcs90_b03m_s30.B07,ll_lum,26,39,4907,0.000772922,0,30,27,2.0831e-05,3166,3166,0,2031,
mcs90_b03m_s30.A08,mcs90_b03m_s30.B08,ll_lum,26,38,27623,0.00338175,0,30,20486,0.00241453,17130,17130,0,10144,
mcs90_b03m_s30.A09,mcs90_b03m_s30.B09,ll_lum,28,41,165542,0.0191445,0,30,165202,0.0190543,102650,102650,0,63794,
mcs90_b03m_s35.A00,mcs90_b03m_s35.B00,ll_lum,30,43,1481757,0.180693,0,35,1435168,0.174065,1002107,1002107,0,682426,
mcs90_b03m_s35.A01,mcs90_b03m_s35.B01,ll_lum,30,43,2182570,0.252149,0,35,2115938,0.243647,1533397,1533397,0,1027598,
mcs90_b03m_s35.A02,mcs90_b03m_s35.B02,ll_lum,30,44,9540655,1.01484,0,35,9376826,0.993777,6541177,6541177,0,4141787,
mcs90_b03m_s35.A03,mcs90_b03m_s35.B03,ll_lum,30,45,279196,0.0383913,0,35,116734,0.0136036,193898,193898,0,135538,
mcs90_b03m_s35.A04,mcs90_b03m_s35.B04,ll_lum,30,44,152849,0.0189423,0,35,72512,0.00857706,94675,94675,0,51571,
mcs90_b03m_s35.A05,mcs90_b03m_s35.B05,ll_lum,30,41,414499,0.0485782,0,35,253931,0.0280055,279940,279940,0,176944,
mcs90_b03m_s35.A06,mcs90_b03m_s35.B06,ll_lum,32,45,1661,0.000347205,0,35,46,3.3731e-05,1106,1106,0,706,
mcs90_b03m_s35.A07,mcs90_b03m_s35.B07,ll_lum,30,38,303654,0.0377817,0,35,204817,0.0244297,184788,184788,0,110687,
mcs90_b03m_s35.A08,mcs90_b03m_s35.B08,ll_lum,30,44,444437,0.0513501,0,35,304221,0.0331148,285987,285987,0,174417,
mcs90_b03m_s35.A09,mcs90_b03m_s35.B09,ll_lum,30,45,19280001,4.25029,0,35,19222785,4.23502,12381602,12381602,0,7457249,
mcs90_b03m_s40.A00,mcs90_b03m_s40.B00,ll_lum,36,53,299540,0.0594932,0,40,278969,0.0539971,190178,190178,0,110146,
mcs90_b03m_s40.A01,mcs90_b03m_s40.B01,ll_lum,37,55,263439,0.0337062,0,40,262161,0.0334291,157915,157915,0,92463,
mcs90_b03m_s40.A02,mcs90_b03m_s40.B02,ll_lum,37,54,49336,0.00517318,0,40,47308,0.0048309,34153,34153,0,22778,
mcs90_b03m_s40.A03,mcs90_b03m_s40.B03,ll_lum,36,53,1520186,0.189797,0,40,1503039,0.187233,920766,920766,0,586807,
mcs90_b03m_s40.A04,mcs90_b03m_s40.B04,ll_lum,36,53,2720453,0.305841,0,40,2713035,0.304759,1672589,1672589,0,921000,
mcs90_b03m_s40.A05,mcs90_b03m_s40.B05,ll_lum,36,53,15527,0.00229503,0,40,190,5.6765e-05,9432,9432,0,5259,
mcs90_b03m_s40.A06,mcs90_b03m_s40.B06,ll_lum,36,54,59467549,7.13702,0,40,59454292,7.13504,39608297,39608297,0,25116603,
mcs90_b03m_s40.A07,mcs90_b03m_s40.B07,ll_lum,36,54,19199,0.0029637,0,40,9174,0.00135181,11616,11616,0,7114,
mcs90_b03m_s40.A08,mcs90_b03m_s40.B08,ll_lum,36,54,38665131,4.77249,0,40,38653944,4.77078,27311667,27311667,0,19252935,
mcs90_b03m_s40.A09,mcs90_b03m_s40.B09,ll_lum,36,53,238653,0.030418,0,40,222087,0.0277677,151642,151642,0,91408,
mcs90_b03m_s50.A00,mcs90_b03m_s50.B00,ll_lum,44,65,494557,0.0839568,0,50,50,4.7511e-05,320983,320983,0,206124,
mcs90_b03m_s50.A01,mcs90_b03m_s50.B01,ll_lum,44,66,19255173,2.94059,0,50,18846923,2.85778,12121785,12121785,0,7364034,
mcs90_b03m_s50.A02,mcs90_b03m_s50.B02,ll_lum,44,63,878626323,117.724,0,50,878257965,117.667,595778989,595778989,0,392485650,
mcs90_b03m_s50.A03,mcs90_b03m_s50.B03,ll_lum,45,66,100531,0.0173518,0,50,153,6.3786e-05,68305,68305,0,47863,
mcs90_b03m_s50.A04,mcs90_b03m_s50.B04,ll_lum,45,65,829344161,110.566,0,50,829140362,110.532,555522057,555522057,0,359370585,
mcs90_b03m_s50.A05,mcs90_b03m_s50.B05,ll_lum,44,66,1748537946,231.847,0,50,1748238762,231.801,1190130174,1190130174,0,812544564,
mcs90_b03m_s50.A06,mcs90_b03m_s50.B06,ll_lum,45,67,50552,0.0083856,0,50,146,6.0121e-05,31423,31423,0,19189,
mcs90_b03m_s50.A07,mcs90_b03m_s50.B07,ll_lum,44,62,999542,0.150168,0,50,490453,0.0671328,647142,647142,0,406815,
mcs90_b03m_s50.A08,mcs90_b03m_s50.B08,ll_lum,44,66,28564178,3.50129,0,50,28082115,3.42554,17836924,17836924,0,10529692,
mcs90_b03m_s50.A09,mcs90_b03m_s50.B09,ll_lum,44,66,11333216,1.2998,0,50,10646095,1.18996,7286415,7286415,0,4311925,
mcs90_b03m_s60.A00,mcs90_b03m_s60.B00,ll_lum,54,81,10458729,1.57119,0,60,9567937,1.40932,6501868,6501868,0,3760296,
mcs90_b03m_s60.A01,mcs90_b03m_s60.B01,ll_lum,55,82,4533963,0.704809,0,60,4350659,0.66909,2713417,2713417,0,1524544,
mcs90_b03m_s60.A02,mcs90_b03m_s60.B02,ll_lum,55,81,4309780,0.560232,0,60,3999638,0.501489,2638588,2638588,0,1486549,
mcs90_b03m_s60.A03,mcs90_b03m_s60.B03,ll_lum,54,81,362176,0.0592098,0,60,7054,0.000947497,227857,227857,0,138834,
mcs90_b03m_s60.A04,mcs90_b03m_s60.B04,ll_lum,45,43,7629404141,1000.02,1,60,3595334953,457.973,5109780919,5109780919,0,3325175586,
mcs90_b03m_s60.A05,mcs90_b03m_s60.B05,ll_lum,54,81,602038,0.0939976,0,60,7091,0.00112082,393327,393327,0,221455,
mcs90_b03m_s60.A06,mcs90_b03m_s60.B06,ll_lum,45,47,7635640338,1000.01,1,60,475587250,56.1623,5128672555,5128672555,0,3228132771,
mcs90_b03m_s60.A07,mcs90_b03m_s60.B07,ll_lum,54,81,868135066,116.904,0,60,867738972,116.84,579260194,579260194,0,376093790,
mcs90_b03m_s60.A08,mcs90_b03m_s60.B08,ll_lum,54,79,858770976,110.531,0,60,857739429,110.359,566163716,566163716,0,349983013,
mcs90_b03m_s60.A09,mcs90_b03m_s60.B09,ll_lum,45,42,7722456298,1000.02,1,60,84569709,9.31013,5203187280,5203187280,0,3500256576,
mcs90_b03m_s70.A00,mcs90_b03m_s70.B00,ll_lum,63,93,62856846,15.9292,0,70,58168921,14.1804,40221535,40221535,0,23720085,
mcs90_b03m_s70.A01,mcs90_b03m_s70.B01,ll_lum,64,95,484789610,121.103,0,70,484340704,120.981,293852175,293852175,0,175838992,
mcs90_b03m_s70.A02,mcs90_b03m_s70.B02,ll_lum,62,93,60607384,9.13935,0,70,35670391,4.61734,39406149,39406149,0,23531529,
mcs90_b03m_s70.A03,mcs90_b03m_s70.B03,ll_lum,62,89,19548684,3.73903,0,70,62,6.2104e-05,13677070,13677070,0,9580502,
mcs90_b03m_s70.A04,mcs90_b03m_s70.B04,ll_lum,63,94,1960965,0.366619,0,70,58683,0.00889117,1312325,1312325,0,870974,
mcs90_b03m_s70.A05,mcs90_b03m_s70.B05,ll_lum,51,52,7941446345,1000.02,1,70,6232256069,786.667,5300196725,5300196725,0,3483954746,
mcs90_b03m_s70.A06,mcs90_b03m_s70.B06,ll_lum,53,56,7414747760,1000.01,1,70,5658766948,757.575,5006643941,5006643941,0,3169532704,
mcs90_b03m_s70.A07,mcs90_b03m_s70.B07,ll_lum,53,57,7373409315,1000.01,1,70,3634616482,496.977,5034140001,5034140001,0,3275917305,
mcs90_b03m_s70.A08,mcs90_b03m_s70.B08,ll_lum,62,93,236507201,36.5951,0,70,212921518,31.9541,157611834,157611834,0,100488854,
mcs90_b03m_s70.A09,mcs90_b03m_s70.B09,ll_lum,53,52,8187357010,1000.02,1,70,7615203220,926.289,5420090186,5420090186,0,3248163773,
mcs90_b03m_s80.A00,mcs90_b03m_s80.B00,ll_lum,57,53,8297212521,1000.01,1,80,446331891,50.898,5639671287,5639671287,0,3676277321,
mcs90_b03m_s80.A01,mcs90_b03m_s80.B01,ll_lum,72,107,14228095,2.91552,0,80,73,0.000113912,9585041,9585041,0,6043313,
mcs90_b03m_s80.A02,mcs90_b03m_s80.B02,ll_lum,72,107,15721746,3.44757,0,80,14456,0.00197858,10288833,10288833,0,6436603,
mcs90_b03m_s80.A03,mcs90_b03m_s80.B03,ll_lum,72,108,3048337985,434.786,0,80,3012081829,427.915,1937126881,1937126881,0,1115542462,
mcs90_b03m_s80.A04,mcs90_b03m_s80.B04,ll_lum,72,107,518260295,75.5901,0,80,475098068,66.7598,332239148,332239148,0,207944209,
mcs90_b03m_s80.A05,mcs90_b03m_s80.B05,ll_lum,59,55,7146547555,1000.01,1,80,4779781403,650.973,5091748042,5091748042,0,3601570188,
mcs90_b03m_s80.A06,mcs90_b03m_s80.B06,ll_lum,59,61,6722884537,1000.02,1,80,649276739,88.1114,4752649556,4752649556,0,3398045518,
mcs90_b03m_s80.A07,mcs90_b03m_s80.B07,ll_lum,63,80,4217603181,1000.02,1,80,4142305,0.975754,2598955179,2598955179,0,1546626398,
mcs90_b03m_s80.A08,mcs90_b03m_s80.B08,ll_lum,72,107,3673850294,476.891,0,80,3649429675,472.3,2404474835,2404474835,0,1454821947,
mcs90_b03m_s80.A09,mcs90_b03m_s80.B09,ll_lum,73,107,14233313,2.62037,0,80,82,8.0992e-05,9367311,9367311,0,5828469,
mcs90_b03m_s90.A00,mcs90_b03m_s90.B00,ll_lum,65,61,8123754609,1000.01,1,90,7473112171,918.396,5097804073,5097804073,0,2791785932,
mcs90_b03m_s90.A01,mcs90_b03m_s90.B01,ll_lum,68,70,7466087439,1000.02,1,90,5432645266,720.155,4778316883,4778316883,0,2981617255,
mcs90_b03m_s90.A02,mcs90_b03m_s90.B02,ll_lum,81,119,926195871,195.589,0,90,176,0.000110888,623616163,623616163,0,404103802,
mcs90_b03m_s90.A03,mcs90_b03m_s90.B03,ll_lum,80,119,689434189,140.925,0,90,162136603,22.0526,465511978,465511978,0,297292272,
mcs90_b03m_s90.A04,mcs90_b03m_s90.B04,ll_lum,61,56,8726090712,1000.01,1,90,2410142982,271.439,5979353623,5979353623,0,3578316380,
mcs90_b03m_s90.A05,mcs90_b03m_s90.B05,ll_lum,68,70,7675148717,1000.02,1,90,6876702935,891.609,4883067800,4883067800,0,2790542950,
mcs90_b03m_s90.A06,mcs90_b03m_s90.B06,ll_lum,81,120,81977695,16.9442,0,90,720,0.000230919,54872387,54872387,0,36728269,
mcs90_b03m_s90.A07,mcs90_b03m_s90.B07,ll_lum,80,119,647916575,125.797,0,90,106939,0.0167609,427569801,427569801,0,272221121,
mcs90_b03m_s90.A08,mcs90_b03m_s90.B08,ll_lum,67,74,6535903784,1000.02,1,90,114575910,15.5939,4301157950,4301157950,0,2711440862,
mcs90_b03m_s90.A09,mcs90_b03m_s90.B09,ll_lum,80,120,745577943,142.844,0,90,1939009,0.284859,488837858,488837858,0,305272644,
mcs90_b06_s10.A00,mcs90_b06_s10.B00,ll_lum,9,27,41,3.7757e-05,0,10,10,5.558e-06,27,27,0,13,
mcs90_b06_s10.A01,mcs90_b06_s10.B01,ll_lum,9,27,47,3.5623e-05,0,10,10,6.079e-06,30,30,0,13,
mcs90_b06_s10.A02,mcs90_b06_s10.B02,ll_lum,9,27,53,3.7275e-05,0,10,10,7.582e-06,33,33,0,13,
mcs90_b06_s10.A03,mcs90_b06_s10.B03,ll_lum,9,27,35,3.5473e-05,0,10,10,6.48e-06,24,24,0,13,
mcs90_b06_s10.A04,mcs90_b06_s10.B04,ll_lum,9,27,35,4.016e-05,0,10,10,7.902e-06,24,24,0,13,
mcs90_b06_s10.A05,mcs90_b06_s10.B05,ll_lum,9,27,54,3.6264e-05,0,10,10,5.789e-06,33,33,0,12,
mcs90_b06_s10.A06,mcs90_b06_s10.B06,ll_lum,9,27,35,3.4261e-05,0,10,10,5.709e-06,24,24,0,13,
mcs90_b06_s10.A07,mcs90_b06_s10.B07,ll_lum,9,27,32,2.9584e-05,0,10,10,7.191e-06,22,22,0,12,
mcs90_b06_s10.A08,mcs90_b06_s10.B08,ll_lum,9,27,57,3.4983e-05,0,10,10,6.34e-06,35,35,0,13,
mcs90_b06_s10.A09,mcs90_b06_s10.B09,ll_lum,9,27,49,3.0136e-05,0,10,10,5.438e-06,31,31,0,13,
mcs90_b06_s100.A00,mcs90_b06_s100.B00,ll_lum,90,270,1287342402,245.367,0,100,432175098,77.1134,766242134,766242134,0,391609904,
mcs90_b06_s100.A01,mcs90_b06_s100.B01,ll_lum,91,271,672557156,122.39,0,100,589616532,105.567,423037482,423037482,0,253483286,
mcs90_b06_s100.A02,mcs90_b06_s100.B02,ll_lum,91,273,439063659,80.6453,0,100,351025677,63.2356,262640388,262640388,0,136746912,
mcs90_b06_s100.A03,mcs90_b06_s100.B03,ll_lum,90,270,368916457,101.635,0,100,76321371,19.0973,219549017,219549017,0,117438835,
mcs90_b06_s100.A04,mcs90_b06_s100.B04,ll_lum,71,166,5136854196,1000.01,1,100,2550139810,468.244,3124620052,3124620052,0,1976572087,
mcs90_b06_s100.A05,mcs90_b06_s100.B05,ll_lum,67,140,7388677146,1000.02,1,100,2908437903,389.194,4641698189,4641698189,0,3010749121,
mcs90_b06_s100.A06,mcs90_b06_s100.B06,ll_lum,91,271,250052273,59.3383,0,100,162319703,38.2533,147321013,147321013,0,75019370,
mcs90_b06_s100.A07,mcs90_b06_s100.B07,ll_lum,91,272,4347733612,734.026,0,100,4272323009,719.439,2645166221,2645166221,0,1563726715,
mcs90_b06_s100.A08,mcs90_b06_s100.B08,ll_lum,91,272,311935341,60.9123,0,100,76135529,14.5416,179764014,179764014,0,83217098,
mcs90_b06_s100.A09,mcs90_b06_s100.B09,ll_lum,91,271,92983145,18.5172,0,100,26389921,5.1992,52526783,52526783,0,22583741,
mcs90_b06_s15.A00,mcs90_b06_s15.B00,ll_lum,14,42,89,5.375e-05,0,15,44,1.6425e-05,61,61,0,33,
mcs90_b06_s15.A01,mcs90_b06_s15.B01,ll_lum,13,39,1063,0.000200922,0,15,266,4.5318e-05,706,706,0,446,
mcs90_b06_s15.A02,mcs90_b06_s15.B02,ll_lum,13,39,659,0.000141303,0,15,106,2.4386e-05,481,481,0,345,
mcs90_b06_s15.A03,mcs90_b06_s15.B03,ll_lum,13,39,512,0.000121813,0,15,167,3.4833e-05,345,345,0,212,
mcs90_b06_s15.A04,mcs90_b06_s15.B04,ll_lum,14,41,536,0.000124087,0,15,476,8.3015e-05,362,362,0,257,
mcs90_b06_s15.A05,mcs90_b06_s15.B05,ll_lum,13,39,712,0.000155433,0,15,134,3.0505e-05,513,513,0,382,
mcs90_b06_s15.A06,mcs90_b06_s15.B06,ll_lum,13,39,287,8.9595e-05,0,15,50,2.3385e-05,194,194,0,108,
mcs90_b06_s15.A07,mcs90_b06_s15.B07,ll_lum,13,39,513,0.000118149,0,15,46,1.5964e-05,380,380,0,278,
mcs90_b06_s15.A08,mcs90_b06_s15.B08,ll_lum,13,39,448,0.000101703,0,15,154,3.1187e-05,311,311,0,205,
mcs90_b06_s15.A09,mcs90_b06_s15.B09,ll_lum,13,39,245,7.5775e-05,0,15,114,2.6811e-05,159,159,0,95,
mcs90_b06_s20.A00,mcs90_b06_s20.B00,ll_lum,18,54,553,0.000136024,0,20,89,2.7942e-05,381,381,0,232,
mcs90_b06_s20.A01,mcs90_b06_s20.B01,ll_lum,18,54,1225,0.000225047,0,20,170,4.0801e-05,821,821,0,460,
mcs90_b06_s20.A02,mcs90_b06_s20.B02,ll_lum,18,54,896,0.000181583,0,20,53,1.978e-05,653,653,0,468,
mcs90_b06_s20.A03,mcs90_b06_s20.B03,ll_lum,18,54,371,0.000107432,0,20,60,2.1212e-05,275,275,0,195,
mcs90_b06_s20.A04,mcs90_b06_s20.B04,ll_lum,18,54,777,0.000164688,0,20,87,2.7792e-05,573,573,0,403,
mcs90_b06_s20.A05,mcs90_b06_s20.B05,ll_lum,18,54,502,0.000130616,0,20,137,3.4392e-05,359,359,0,234,
mcs90_b06_s20.A06,mcs90_b06_s20.B06,ll_lum,18,54,911,0.000181744,0,20,47,2.1332e-05,647,647,0,434,
mcs90_b06_s20.A07,mcs90_b06_s20.B07,ll_lum,18,54,1007,0.000212029,0,20,251,5.6145e-05,662,662,0,398,
mcs90_b06_s20.A08,mcs90_b06_s20.B08,ll_lum,18,54,548,0.000135033,0,20,168,4.0912e-05,402,402,0,303,
mcs90_b06_s20.A09,mcs90_b06_s20.B09,ll_lum,18,54,1048,0.000203677,0,20,197,4.5819e-05,712,712,0,454,
mcs90_b06_s25.A00,mcs90_b06_s25.B00,ll_lum,22,66,3258,0.000555148,0,25,190,4.9765e-05,2191,2191,0,1409,
mcs90_b06_s25.A01,mcs90_b06_s25.B01,ll_lum,22,62,4278,0.000732986,0,25,109,3.5734e-05,2765,2765,0,1746,
mcs90_b06_s25.A02,mcs90_b06_s25.B02,ll_lum,22,66,3700,0.000713869,0,25,1026,0.000186832,2337,2337,0,1281,
mcs90_b06_s25.A03,mcs90_b06_s25.B03,ll_lum,22,66,3338,0.000595236,0,25,63,2.654e-05,2244,2244,0,1575,
mcs90_b06_s25.A04,mcs90_b06_s25.B04,ll_lum,23,68,2263,0.000469457,0,25,1784,0.000356747,1436,1436,0,800,
mcs90_b06_s25.A05,mcs90_b06_s25.B05,ll_lum,23,68,610,0.0001732,0,25,410,9.5333e-05,424,424,0,287,
mcs90_b06_s25.A06,mcs90_b06_s25.B06,ll_lum,22,66,2665,0.000641025,0,25,442,8.7912e-05,1869,1869,0,1305,
mcs90_b06_s25.A07,mcs90_b06_s25.B07,ll_lum,22,66,3023,0.000534618,0,25,120,3.4722e-05,2013,2013,0,1382,
mcs90_b06_s25.A08,mcs90_b06_s25.B08,ll_lum,23,63,1003,0.000221024,0,25,830,0.000148895,596,596,0,285,
mcs90_b06_s25.A09,mcs90_b06_s25.B09,ll_lum,22,66,3652,0.000623542,0,25,297,6.5288e-05,2395,2395,0,1493,
mcs90_b06_s30.A00,mcs90_b06_s30.B00,ll_lum,27,81,4153,0.000741381,0,30,28,2.1432e-05,2767,2767,0,1716,
mcs90_b06_s30.A01,mcs90_b06_s30.B01,ll_lum,27,81,7337,0.00117353,0,30,1206,0.000215142,4366,4366,0,2085,
mcs90_b06_s30.A02,mcs90_b06_s30.B02,ll_lum,27,81,6000,0.00101653,0,30,89,3.2849e-05,3775,3775,0,2191,
mcs90_b06_s30.A03,mcs90_b06_s30.B03,ll_lum,28,82,800,0.00020579,0,30,218,5.332e-05,562,562,0,349,
mcs90_b06_s30.A04,mcs90_b06_s30.B04,ll_lum,27,81,5240,0.0009032,0,30,567,0.000118499,3374,3374,0,1905,
mcs90_b06_s30.A05,mcs90_b06_s30.B05,ll_lum,27,81,3044,0.000546363,0,30,426,9.0396e-05,1988,1988,0,1140,
mcs90_b06_s30.A06,mcs90_b06_s30.B06,ll_lum,27,81,6166,0.00104201,0,30,412,8.9334e-05,3903,3903,0,2156,
mcs90_b06_s30.A07,mcs90_b06_s30.B07,ll_lum,27,81,3609,0.000603208,0,30,1472,0.000238679,2289,2289,0,1274,
mcs90_b06_s30.A08,mcs90_b06_s30.B08,ll_lum,28,84,1092,0.000263728,0,30,911,0.000186481,707,707,0,424,
mcs90_b06_s30.A09,mcs90_b06_s30.B09,ll_lum,27,81,5003,0.000878565,0,30,572,0.000117077,3331,3331,0,2221,
mcs90_b06_s35.A00,mcs90_b06_s35.B00,ll_lum,31,93,21505,0.00378277,0,35,414,9.1608e-05,12841,12841,0,6855,
mcs90_b06_s35.A01,mcs90_b06_s35.B01,ll_lum,31,93,24512,0.00399071,0,35,5882,0.00078854,14629,14629,0,7671,
mcs90_b06_s35.A02,mcs90_b06_s35.B02,ll_lum,32,94,9621,0.00262346,0,35,6910,0.00189951,5779,5779,0,3221,
mcs90_b06_s35.A03,mcs90_b06_s35.B03,ll_lum,31,93,23756,0.00398693,0,35,2176,0.00031248,13920,13920,0,7191,
mcs90_b06_s35.A04,mcs90_b06_s35.B04,ll_lum,32,94,12006,0.00194444,0,35,7962,0.0012118,7312,7312,0,4231,
mcs90_b06_s35.A05,mcs90_b06_s35.B05,ll_lum,31,93,17439,0.00342184,0,35,740,0.000175185,10659,10659,0,5993,
mcs90_b06_s35.A06,mcs90_b06_s35.B06,ll_lum,32,94,11589,0.0023969,0,35,9262,0.00188127,7390,7390,0,4426,
mcs90_b06_s35.A07,mcs90_b06_s35.B07,ll_lum,32,95,9301,0.00162151,0,35,4138,0.000747335,5567,5567,0,2898,
mcs90_b06_s35.A08,mcs90_b06_s35.B08,ll_lum,31,93,13239,0.00231336,0,35,780,0.00016623,8392,8392,0,5301,
mcs90_b06_s35.A09,mcs90_b06_s35.B09,ll_lum,31,93,30815,0.00501732,0,35,2398,0.000381061,18040,18040,0,9603,
mcs90_b06_s40.A00,mcs90_b06_s40.B00,ll_lum,36,108,17710,0.00313015,0,40,1383,0.000276765,10566,10566,0,5262,
mcs90_b06_s40.A01,mcs90_b06_s40.B01,ll_lum,36,108,29274,0.00485413,0,40,1867,0.000357118,16961,16961,0,8214,
mcs90_b06_s40.A02,mcs90_b06_s40.B02,ll_lum,36,108,31765,0.00533592,0,40,5041,0.000829469,18602,18602,0,9175,
mcs90_b06_s40.A03,mcs90_b06_s40.B03,ll_lum,37,109,22202,0.00298559,0,40,16671,0.00211539,14086,14086,0,8232,
mcs90_b06_s40.A04,mcs90_b06_s40.B04,ll_lum,36,108,16721,0.00290718,0,40,236,7.8088e-05,10126,10126,0,5217,
mcs90_b06_s40.A05,mcs90_b06_s40.B05,ll_lum,37,109,8408,0.00201342,0,40,4639,0.0012355,5141,5141,0,2513,
mcs90_b06_s40.A06,mcs90_b06_s40.B06,ll_lum,36,108,40956,0.00582203,0,40,20668,0.00224131,25539,25539,0,15379,
mcs90_b06_s40.A07,mcs90_b06_s40.B07,ll_lum,37,109,173594,0.0232243,0,40,166960,0.0220877,103820,103820,0,56212,
mcs90_b06_s40.A08,mcs90_b06_s40.B08,ll_lum,36,108,28074,0.00476261,0,40,2302,0.000385621,16545,16545,0,8597,
mcs90_b06_s40.A09,mcs90_b06_s40.B09,ll_lum,37,109,6789,0.00119592,0,40,2851,0.000487625,4231,4231,0,2425,
mcs90_b06_s50.A00,mcs90_b06_s50.B00,ll_lum,45,135,131293,0.0229849,0,50,1310,0.000267141,73585,73585,0,32219,
mcs90_b06_s50.A01,mcs90_b06_s50.B01,ll_lum,45,135,132464,0.0228156,0,50,9525,0.00159103,74509,74509,0,32046,
mcs90_b06_s50.A02,mcs90_b06_s50.B02,ll_lum,46,136,31321,0.00558502,0,50,4927,0.000974127,18937,18937,0,11046,
mcs90_b06_s50.A03,mcs90_b06_s50.B03,ll_lum,46,136,126839,0.019812,0,50,94090,0.0141832,75333,75333,0,41165,
mcs90_b06_s50.A04,mcs90_b06_s50.B04,ll_lum,45,135,372887,0.0567093,0,50,163402,0.0200581,218934,218934,0,127855,
mcs90_b06_s50.A05,mcs90_b06_s50.B05,ll_lum,46,136,27614,0.00538221,0,50,15315,0.0031432,16876,16876,0,9833,
mcs90_b06_s50.A06,mcs90_b06_s50.B06,ll_lum,46,137,62057,0.01123,0,50,46975,0.00846875,35334,35334,0,16626,
mcs90_b06_s50.A07,mcs90_b06_s50.B07,ll_lum,46,136,35793,0.0065151,0,50,23463,0.0042605,20471,20471,0,9170,
mcs90_b06_s50.A08,mcs90_b06_s50.B08,ll_lum,46,136,1170767,0.147998,0,50,1148952,0.144134,720382,720382,0,432778,
mcs90_b06_s50.A09,mcs90_b06_s50.B09,ll_lum,45,135,152917,0.0254761,0,50,27703,0.00362013,87376,87376,0,41600,
mcs90_b06_s60.A00,mcs90_b06_s60.B00,ll_lum,55,163,254235,0.0414159,0,60,170490,0.0256525,143305,143305,0,64659,
mcs90_b06_s60.A01,mcs90_b06_s60.B01,ll_lum,55,163,701970,0.117034,0,60,526377,0.0851077,404460,404460,0,195785,
mcs90_b06_s60.A02,mcs90_b06_s60.B02,ll_lum,55,164,326726,0.0480291,0,60,237828,0.0310564,184345,184345,0,81330,
mcs90_b06_s60.A03,mcs90_b06_s60.B03,ll_lum,54,162,581034,0.105274,0,60,5255,0.000985923,325633,325633,0,155831,
mcs90_b06_s60.A04,mcs90_b06_s60.B04,ll_lum,54,162,4710253,0.590648,0,60,4020796,0.464599,2864040,2864040,0,1704005,
mcs90_b06_s60.A05,mcs90_b06_s60.B05,ll_lum,54,162,5429389,0.731088,0,60,4465320,0.558682,3344495,3344495,0,1997843,
mcs90_b06_s60.A06,mcs90_b06_s60.B06,ll_lum,55,163,310075,0.0549163,0,60,181098,0.031011,181112,181112,0,88805,
mcs90_b06_s60.A07,mcs90_b06_s60.B07,ll_lum,55,164,229470,0.0423248,0,60,106620,0.0197761,128994,128994,0,61987,
mcs90_b06_s60.A08,mcs90_b06_s60.B08,ll_lum,55,163,1195093,0.227102,0,60,1074342,0.194519,675256,675256,0,305500,
mcs90_b06_s60.A09,mcs90_b06_s60.B09,ll_lum,54,162,1025309,0.177709,0,60,55299,0.00892708,558337,558337,0,215243,
mcs90_b06_s70.A00,mcs90_b06_s70.B00,ll_lum,64,191,58784412,7.77576,0,70,58270676,7.67583,34721728,34721728,0,18147230,
mcs90_b06_s70.A01,mcs90_b06_s70.B01,ll_lum,63,189,6507819,1.28415,0,70,3474698,0.623707,3758387,3758387,0,1874767,
mcs90_b06_s70.A02,mcs90_b06_s70.B02,ll_lum,64,191,10705259,1.67626,0,70,10091800,1.53378,6365862,6365862,0,3350434,
mcs90_b06_s70.A03,mcs90_b06_s70.B03,ll_lum,64,191,68894317,9.62059,0,70,68164665,9.44317,43728204,43728204,0,27680779,
mcs90_b06_s70.A04,mcs90_b06_s70.B04,ll_lum,64,191,199965385,29.546,0,70,199181879,29.3961,122466093,122466093,0,70720618,
mcs90_b06_s70.A05,mcs90_b06_s70.B05,ll_lum,64,190,1933113,0.353497,0,70,1602879,0.289216,1067147,1067147,0,447555,
mcs90_b06_s70.A06,mcs90_b06_s70.B06,ll_lum,63,189,7157354,1.2788,0,70,6092,0.00111478,3916146,3916146,0,1528610,
mcs90_b06_s70.A07,mcs90_b06_s70.B07,ll_lum,63,189,3459542,0.617726,0,70,304179,0.0482494,1923768,1923768,0,816527,
mcs90_b06_s70.A08,mcs90_b06_s70.B08,ll_lum,63,189,2778586,0.520613,0,70,106293,0.0200745,1550446,1550446,0,693482,
mcs90_b06_s70.A09,mcs90_b06_s70.B09,ll_lum,64,191,965543,0.185273,0,70,15828,0.0030253,527631,527631,0,215986,
mcs90_b06_s80.A00,mcs90_b06_s80.B00,ll_lum,72,216,17208142,3.23281,0,80,703195,0.125588,10128386,10128386,0,5274760,
mcs90_b06_s80.A01,mcs90_b06_s80.B01,ll_lum,73,212,18899232,2.66543,0,80,16252807,2.16108,11155214,11155214,0,6019353,
mcs90_b06_s80.A02,mcs90_b06_s80.B02,ll_lum,72,216,25513664,4.58385,0,80,73,8.3165e-05,14254495,14254495,0,6013657,
mcs90_b06_s80.A03,mcs90_b06_s80.B03,ll_lum,74,218,1484615,0.266908,0,80,779726,0.122204,845562,845562,0,426893,
mcs90_b06_s80.A04,mcs90_b06_s80.B04,ll_lum,73,217,25159326,4.67282,0,80,22210880,4.1044,15136536,15136536,0,8147823,
mcs90_b06_s80.A05,mcs90_b06_s80.B05,ll_lum,73,217,7218927,1.26741,0,80,4213824,0.68417,4387714,4387714,0,2342729,
mcs90_b06_s80.A06,mcs90_b06_s80.B06,ll_lum,73,217,127886270,14.7264,0,80,125634599,14.2691,84256817,84256817,0,66349189,
mcs90_b06_s80.A07,mcs90_b06_s80.B07,ll_lum,57,136,7362636937,1000.02,1,80,6603416947,890.467,4645509954,4645509954,0,3048632109,
mcs90_b06_s80.A08,mcs90_b06_s80.B08,ll_lum,72,216,248662877,36.5899,0,80,228593513,32.9525,148792150,148792150,0,82867760,
mcs90_b06_s80.A09,mcs90_b06_s80.B09,ll_lum,73,213,2407344,0.471523,0,80,738781,0.142583,1353953,1353953,0,598675,
mcs90_b06_s90.A00,mcs90_b06_s90.B00,ll_lum,81,243,46520763,13.2325,0,90,12714100,3.39313,27097091,27097091,0,13392992,
mcs90_b06_s90.A01,mcs90_b06_s90.B01,ll_lum,82,244,3180600108,459.934,0,90,3166204778,457.187,1913898013,1913898013,0,1031101513,
mcs90_b06_s90.A02,mcs90_b06_s90.B02,ll_lum,82,244,2731152656,398.25,0,90,2718878004,395.857,1566673295,1566673295,0,741258973,
mcs90_b06_s90.A03,mcs90_b06_s90.B03,ll_lum,82,238,31755682,6.15962,0,90,10904900,2.10494,17780068,17780068,0,7534920,
mcs90_b06_s90.A04,mcs90_b06_s90.B04,ll_lum,82,245,162246174,24.2333,0,90,157579439,23.2487,91298346,91298346,0,40357744,
mcs90_b06_s90.A05,mcs90_b06_s90.B05,ll_lum,82,244,3361481917,532.731,0,90,3328016928,526.279,2297302158,2297302158,0,1517006956,
mcs90_b06_s90.A06,mcs90_b06_s90.B06,ll_lum,68,170,6994227693,1000.02,1,90,4426733,0.481781,4438857002,4438857002,0,3069588112,
mcs90_b06_s90.A07,mcs90_b06_s90.B07,ll_lum,81,243,68990312,13.7834,0,90,1047968,0.204877,41225132,41225132,0,22533244,
mcs90_b06_s90.A08,mcs90_b06_s90.B08,ll_lum,67,161,7030593702,1000.02,1,90,6314323411,898.521,4274739961,4274739961,0,2663595759,
mcs90_b06_s90.A09,mcs90_b06_s90.B09,ll_lum,61,135,7758288618,1000.02,1,90,4097493340,496.326,5162449469,5162449469,0,3366890430,
mcs90_b06m_s10.A00,mcs90_b06m_s10.B00,ll_lum,9,21,31,3.4252e-05,0,10,10,6.99e-06,22,22,0,10,
mcs90_b06m_s10.A01,mcs90_b06m_s10.B01,ll_lum,9,26,42,4.7351e-05,0,10,10,7.11e-06,29,29,0,15,
mcs90_b06m_s10.A02,mcs90_b06m_s10.B02,ll_lum,9,25,126,5.2549e-05,0,10,112,2.1753e-05,85,85,0,53,
mcs90_b06m_s10.A03,mcs90_b06m_s10.B03,ll_lum,9,24,147,6.3886e-05,0,10,134,2.9695e-05,97,97,0,60,
mcs90_b06m_s10.A04,mcs90_b06m_s10.B04,ll_lum,9,24,106,4.7541e-05,0,10,85,1.7286e-05,72,72,0,41,
mcs90_b06m_s10.A05,mcs90_b06m_s10.B05,ll_lum,9,24,71,4.0671e-05,0,10,59,1.2859e-05,48,48,0,28,
mcs90_b06m_s10.A06,mcs90_b06m_s10.B06,ll_lum,9,24,161,5.1508e-05,0,10,145,2.5618e-05,105,105,0,64,
mcs90_b06m_s10.A07,mcs90_b06m_s10.B07,ll_lum,9,25,141,4.9374e-05,0,10,109,2.0511e-05,95,95,0,65,
mcs90_b06m_s10.A08,mcs90_b06m_s10.B08,ll_lum,9,26,82,3.6184e-05,0,10,66,1.4552e-05,53,53,0,29,
mcs90_b06m_s10.A09,mcs90_b06m_s10.B09,ll_lum,9,26,39,3.5533e-05,0,10,10,7.511e-06,29,29,0,16,
mcs90_b06m_s100.A00,mcs90_b06m_s100.B00,ll_lum,90,268,4452113,1.67515,0,100,91,0.000171931,2892632,2892632,0,2065110,
mcs90_b06m_s100.A01,mcs90_b06m_s100.B01,ll_lum,54,77,6724433955,1000.01,1,100,3192156952,469.515,4701255620,4701255620,0,3720359891,
mcs90_b06m_s100.A02,mcs90_b06m_s100.B02,ll_lum,49,59,8423769904,1000.02,1,100,208993006,23.8379,5590115626,5590115626,0,4332215449,
mcs90_b06m_s100.A03,mcs90_b06m_s100.B03,ll_lum,90,269,5981101,2.07549,0,100,91,0.000236968,3908187,3908187,0,2839508,
mcs90_b06m_s100.A04,mcs90_b06m_s100.B04,ll_lum,90,269,992349791,202.693,0,100,984087978,200.541,578333998,578333998,0,377676217,
mcs90_b06m_s100.A05,mcs90_b06m_s100.B05,ll_lum,55,86,6755695029,1000.02,1,100,3547775102,479.104,4400889496,4400889496,0,3339519311,
mcs90_b06m_s100.A06,mcs90_b06m_s100.B06,ll_lum,90,269,6328551,1.65792,0,100,91,0.000160022,4159344,4159344,0,3126567,
mcs90_b06m_s100.A07,mcs90_b06m_s100.B07,ll_lum,54,78,6578098475,1000.02,1,100,160310815,19.1105,4204739488,4204739488,0,3180567946,
mcs90_b06m_s100.A08,mcs90_b06m_s100.B08,ll_lum,50,64,7134505923,1000.01,1,100,3535328616,484.081,4597684685,4597684685,0,3409198576,
mcs90_b06m_s100.A09,mcs90_b06m_s100.B09,ll_lum,49,55,8133228427,1000.01,1,100,2823618211,324.976,5497674686,5497674686,0,4341595673,
mcs90_b06m_s15.A00,mcs90_b06m_s15.B00,ll_lum,13,39,318,9.0917e-05,0,15,85,2.2424e-05,243,243,0,189,
mcs90_b06m_s15.A01,mcs90_b06m_s15.B01,ll_lum,13,37,376,9.8539e-05,0,15,234,4.642e-05,252,252,0,192,
mcs90_b06m_s15.A02,mcs90_b06m_s15.B02,ll_lum,13,38,187,6.4376e-05,0,15,116,2.7432e-05,126,126,0,90,
mcs90_b06m_s15.A03,mcs90_b06m_s15.B03,ll_lum,13,37,1723,0.000317528,0,15,1535,0.00025926,1109,1109,0,903,
mcs90_b06m_s15.A04,mcs90_b06m_s15.B04,ll_lum,13,36,309,0.000179119,0,15,99,4.8582e-05,230,230,0,175,
mcs90_b06m_s15.A05,mcs90_b06m_s15.B05,ll_lum,13,37,126,6.4376e-05,0,15,14,9.835e-06,100,100,0,75,
mcs90_b06m_s15.A06,mcs90_b06m_s15.B06,ll_lum,13,37,1093,0.000213061,0,15,894,0.000147201,684,684,0,501,
mcs90_b06m_s15.A07,mcs90_b06m_s15.B07,ll_lum,13,37,99,5.1808e-05,0,15,35,1.2469e-05,72,72,0,50,
mcs90_b06m_s15.A08,mcs90_b06m_s15.B08,ll_lum,13,38,2660,0.000467194,0,15,2545,0.000415115,1708,1708,0,1273,
mcs90_b06m_s15.A09,mcs90_b06m_s15.B09,ll_lum,13,37,342,9.4202e-05,0,15,202,4.0241e-05,230,230,0,165,
mcs90_b06m_s20.A00,mcs90_b06m_s20.B00,ll_lum,18,51,8522,0.00135976,0,20,8412,0.00130641,5294,5294,0,4267,
mcs90_b06m_s20.A01,mcs90_b06m_s20.B01,ll_lum,18,52,24926,0.00362507,0,20,24545,0.00352513,15415,15415,0,12129,
mcs90_b06m_s20.A02,mcs90_b06m_s20.B02,ll_lum,18,53,281,0.000102465,0,20,50,2.0181e-05,219,219,0,168,
mcs90_b06m_s20.A03,mcs90_b06m_s20.B03,ll_lum,18,53,388,0.000117498,0,20,116,3.331e-05,287,287,0,216,
mcs90_b06m_s20.A04,mcs90_b06m_s20.B04,ll_lum,18,53,190,8.3406e-05,0,20,19,1.5153e-05,148,148,0,113,
mcs90_b06m_s20.A05,mcs90_b06m_s20.B05,ll_lum,18,51,8565,0.00131325,0,20,8430,0.00125547,5432,5432,0,4225,
mcs90_b06m_s20.A06,mcs90_b06m_s20.B06,ll_lum,18,53,11875,0.00204061,0,20,11657,0.00196387,7499,7499,0,6258,
mcs90_b06m_s20.A07,mcs90_b06m_s20.B07,ll_lum,18,49,24136,0.00369613,0,20,23859,0.00361113,14804,14804,0,11449,
mcs90_b06m_s20.A08,mcs90_b06m_s20.B08,ll_lum,18,52,32891,0.00447075,0,20,32688,0.00439615,20331,20331,0,15941,
mcs90_b06m_s20.A09,mcs90_b06m_s20.B09,ll_lum,18,54,7927,0.00220765,0,20,7668,0.00207504,4891,4891,0,3896,
mcs90_b06m_s25.A00,mcs90_b06m_s25.B00,ll_lum,22,65,15646,0.00252271,0,25,14984,0.00235145,9559,9559,0,7752,
mcs90_b06m_s25.A01,mcs90_b06m_s25.B01,ll_lum,22,66,132268,0.0218916,0,25,131011,0.0216214,84316,84316,0,67965,
mcs90_b06m_s25.A02,mcs90_b06m_s25.B02,ll_lum,22,65,4128,0.000728915,0,25,3165,0.000508173,2654,2654,0,2074,
mcs90_b06m_s25.A03,mcs90_b06m_s25.B03,ll_lum,22,64,430054,0.0632728,0,25,429297,0.0630876,276508,276508,0,226631,
mcs90_b06m_s25.A04,mcs90_b06m_s25.B04,ll_lum,22,63,56062,0.00914618,0,25,55158,0.00892839,34974,34974,0,27549,
mcs90_b06m_s25.A05,mcs90_b06m_s25.B05,ll_lum,22,63,1662,0.000354374,0,25,586,0.000119199,1140,1140,0,858,
mcs90_b06m_s25.A06,mcs90_b06m_s25.B06,ll_lum,22,65,7284,0.00127958,0,25,5794,0.000963771,4608,4608,0,3659,
mcs90_b06m_s25.A07,mcs90_b06m_s25.B07,ll_lum,22,66,4636,0.00079011,0,25,3746,0.000580233,2975,2975,0,2164,
mcs90_b06m_s25.A08,mcs90_b06m_s25.B08,ll_lum,22,62,147002,0.0423578,0,25,146206,0.0419797,95698,95698,0,76429,
mcs90_b06m_s25.A09,mcs90_b06m_s25.B09,ll_lum,22,65,973,0.000251009,0,25,23,1.9379e-05,752,752,0,625,
mcs90_b06m_s30.A00,mcs90_b06m_s30.B00,ll_lum,27,78,33617,0.00431262,0,30,33047,0.00415401,21053,21053,0,16651,
mcs90_b06m_s30.A01,mcs90_b06m_s30.B01,ll_lum,27,79,1805277,0.275373,0,30,1804347,0.275132,1153787,1153787,0,914115,
mcs90_b06m_s30.A02,mcs90_b06m_s30.B02,ll_lum,27,78,3098,0.000627905,0,30,1215,0.000222535,2107,2107,0,1582,
mcs90_b06m_s30.A03,mcs90_b06m_s30.B03,ll_lum,27,81,833200,0.13381,0,30,832151,0.133563,537513,537513,0,437386,
mcs90_b06m_s30.A04,mcs90_b06m_s30.B04,ll_lum,27,79,2078426,0.317397,0,30,2076776,0.31703,1357154,1357154,0,1090130,
mcs90_b06m_s30.A05,mcs90_b06m_s30.B05,ll_lum,27,76,138213,0.0192398,0,30,136584,0.0188718,87829,87829,0,68741,
mcs90_b06m_s30.A06,mcs90_b06m_s30.B06,ll_lum,27,79,1406,0.000359201,0,30,190,7.8008e-05,1026,1026,0,785,
mcs90_b06m_s30.A07,mcs90_b06m_s30.B07,ll_lum,27,77,2446,0.000554604,0,30,1389,0.000305179,1677,1677,0,1380,
mcs90_b06m_s30.A08,mcs90_b06m_s30.B08,ll_lum,27,78,948,0.00026488,0,30,105,4.5879e-05,735,735,0,604,
mcs90_b06m_s30.A09,mcs90_b06m_s30.B09,ll_lum,27,79,173021,0.025964,0,30,171909,0.0257154,110637,110637,0,88440,
mcs90_b06m_s35.A00,mcs90_b06m_s35.B00,ll_lum,31,88,4230,0.000936519,0,35,32,3.1607e-05,3187,3187,0,2706,
mcs90_b06m_s35.A01,mcs90_b06m_s35.B01,ll_lum,32,91,2317515,0.326302,0,35,2316438,0.326038,1507347,1507347,0,1196794,
mcs90_b06m_s35.A02,mcs90_b06m_s35.B02,ll_lum,31,91,8863,0.00162203,0,35,4217,0.000654013,5898,5898,0,4587,
mcs90_b06m_s35.A03,mcs90_b06m_s35.B03,ll_lum,31,92,9672634,1.51799,0,35,9669263,1.51725,6459363,6459363,0,5283125,
mcs90_b06m_s35.A04,mcs90_b06m_s35.B04,ll_lum,31,92,6768,0.00141597,0,35,2397,0.000485643,4562,4562,0,3330,
mcs90_b06m_s35.A05,mcs90_b06m_s35.B05,ll_lum,31,90,31050437,4.26475,0,35,31047779,4.26414,21626007,21626007,0,17443569,
mcs90_b06m_s35.A06,mcs90_b06m_s35.B06,ll_lum,31,92,4728,0.00187559,0,35,32,5.7787e-05,3538,3538,0,2937,
mcs90_b06m_s35.A07,mcs90_b06m_s35.B07,ll_lum,31,91,166521,0.0289146,0,35,161841,0.027876,109887,109887,0,91460,
mcs90_b06m_s35.A08,mcs90_b06m_s35.B08,ll_lum,31,91,85561,0.0139905,0,35,81252,0.0130814,54400,54400,0,42925,
mcs90_b06m_s35.A09,mcs90_b06m_s35.B09,ll_lum,31,92,4778787,0.743939,0,35,4772037,0.742555,3363441,3363441,0,2756009,
mcs90_b06m_s40.A00,mcs90_b06m_s40.B00,ll_lum,36,108,179768,0.0321857,0,40,174824,0.0311582,118339,118339,0,95992,
mcs90_b06m_s40.A01,mcs90_b06m_s40.B01,ll_lum,36,106,46177305,7.26835,0,40,46170139,7.26692,30939073,30939073,0,24774110,
mcs90_b06m_s40.A02,mcs90_b06m_s40.B02,ll_lum,36,108,3875,0.000945123,0,40,37,4.8954e-05,2897,2897,0,2383,
mcs90_b06m_s40.A03,mcs90_b06m_s40.B03,ll_lum,36,104,4858829,0.758176,0,40,4854930,0.757342,3230623,3230623,0,2615124,
mcs90_b06m_s40.A04,mcs90_b06m_s40.B04,ll_lum,36,106,719920,0.112948,0,40,715493,0.111975,486116,486116,0,395792,
mcs90_b06m_s40.A05,mcs90_b06m_s40.B05,ll_lum,36,105,78856,0.0312105,0,40,73214,0.0286805,50515,50515,0,40637,
mcs90_b06m_s40.A06,mcs90_b06m_s40.B06,ll_lum,36,105,5465,0.00130938,0,40,850,0.000231681,3839,3839,0,3088,
mcs90_b06m_s40.A07,mcs90_b06m_s40.B07,ll_lum,36,107,1293083,0.209703,0,40,1287210,0.20836,836034,836034,0,615172,
mcs90_b06m_s40.A08,mcs90_b06m_s40.B08,ll_lum,36,107,10198641,1.87185,0,40,10194338,1.87076,6913649,6913649,0,5630798,
mcs90_b06m_s40.A09,mcs90_b06m_s40.B09,ll_lum,36,107,5723,0.00126826,0,40,37,3.8809e-05,4169,4169,0,3455,
mcs90_b06m_s50.A00,mcs90_b06m_s50.B00,ll_lum,29,43,6959420532,1000.02,1,50,357378730,48.8248,4708997769,4708997769,0,3740950656,
mcs90_b06m_s50.A01,mcs90_b06m_s50.B01,ll_lum,45,132,19902,0.00429075,0,50,1576,0.000450188,14243,14243,0,11368,
mcs90_b06m_s50.A02,mcs90_b06m_s50.B02,ll_lum,45,134,22903,0.00506237,0,50,8565,0.00188795,15662,15662,0,12179,
mcs90_b06m_s50.A03,mcs90_b06m_s50.B03,ll_lum,45,135,20233266,3.40517,0,50,20217147,3.40169,13295455,13295455,0,10934087,
mcs90_b06m_s50.A04,mcs90_b06m_s50.B04,ll_lum,32,62,3876459278,1000.02,1,50,3521257887,904.61,2639591072,2639591072,0,2120590991,
mcs90_b06m_s50.A05,mcs90_b06m_s50.B05,ll_lum,45,135,15658,0.00703294,0,50,46,9.2018e-05,11688,11688,0,10157,
mcs90_b06m_s50.A06,mcs90_b06m_s50.B06,ll_lum,45,134,12887,0.00297717,0,50,46,4.6199e-05,9417,9417,0,7855,
mcs90_b06m_s50.A07,mcs90_b06m_s50.B07,ll_lum,45,135,18353,0.00423905,0,50,46,6.0241e-05,13411,13411,0,11218,
mcs90_b06m_s50.A08,mcs90_b06m_s50.B08,ll_lum,45,135,513098295,85.5007,0,50,513085947,85.498,356093161,356093161,0,292670777,
mcs90_b06m_s50.A09,mcs90_b06m_s50.B09,ll_lum,45,131,55410040,8.37601,0,50,55385308,8.37066,36905650,36905650,0,29937480,
mcs90_b06m_s60.A00,mcs90_b06m_s60.B00,ll_lum,54,161,4315903768,745.737,0,60,4315822544,745.72,2933179309,2933179309,0,2386115140,
mcs90_b06m_s60.A01,mcs90_b06m_s60.B01,ll_lum,54,160,39529,0.00938534,0,60,55,7.0386e-05,28328,28328,0,23045,
mcs90_b06m_s60.A02,mcs90_b06m_s60.B02,ll_lum,54,161,1974955813,334.468,0,60,1974913309,334.458,1348953438,1348953438,0,1091146264,
mcs90_b06m_s60.A03,mcs90_b06m_s60.B03,ll_lum,54,158,991903,0.198805,0,60,896205,0.178066,648487,648487,0,520037,
mcs90_b06m_s60.A04,mcs90_b06m_s60.B04,ll_lum,54,162,39707,0.00962443,0,60,3126,0.00101855,28477,28477,0,23249,
mcs90_b06m_s60.A05,mcs90_b06m_s60.B05,ll_lum,34,53,7547275315,1000.01,1,60,6915501586,911.293,5271518054,5271518054,0,4102546543,
mcs90_b06m_s60.A06,mcs90_b06m_s60.B06,ll_lum,34,49,7240610277,1000.01,1,60,3400651357,436.296,4889991628,4889991628,0,3860268909,
mcs90_b06m_s60.A07,mcs90_b06m_s60.B07,ll_lum,54,160,44166,0.010718,0,60,55,7.5564e-05,30452,30452,0,24100,
mcs90_b06m_s60.A08,mcs90_b06m_s60.B08,ll_lum,54,160,74477,0.0164382,0,60,55,6.5138e-05,50419,50419,0,40139,
mcs90_b06m_s60.A09,mcs90_b06m_s60.B09,ll_lum,34,52,7113851226,1000.01,1,60,6624272543,928.729,4887229314,4887229314,0,3842152560,
mcs90_b06m_s70.A00,mcs90_b06m_s70.B00,ll_lum,63,187,11897693,2.4911,0,70,11622324,2.42605,7956890,7956890,0,6534222,
mcs90_b06m_s70.A01,mcs90_b06m_s70.B01,ll_lum,63,189,110317,0.0260625,0,70,64,8.9114e-05,76773,76773,0,61939,
mcs90_b06m_s70.A02,mcs90_b06m_s70.B02,ll_lum,39,56,7292407084,1000.02,1,70,5691420365,771.373,5163021950,5163021950,0,4136993735,
mcs90_b06m_s70.A03,mcs90_b06m_s70.B03,ll_lum,63,187,1260051,0.292345,0,70,1047529,0.242413,772084,772084,0,563466,
mcs90_b06m_s70.A04,mcs90_b06m_s70.B04,ll_lum,63,189,9555602,2.08486,0,70,9325117,2.03127,5274336,5274336,0,3366630,
mcs90_b06m_s70.A05,mcs90_b06m_s70.B05,ll_lum,38,54,5415334408,1000.01,1,70,6402607,1.07571,3611622595,3611622595,0,2914709787,
mcs90_b06m_s70.A06,mcs90_b06m_s70.B06,ll_lum,63,188,113944,0.0300959,0,70,64,0.00011298,78092,78092,0,61268,
mcs90_b06m_s70.A07,mcs90_b06m_s70.B07,ll_lum,63,188,213981,0.0618952,0,70,64,0.000107633,149318,149318,0,122968,
mcs90_b06m_s70.A08,mcs90_b06m_s70.B08,ll_lum,63,187,165071,0.0792921,0,70,64,0.000162984,111363,111363,0,86908,
mcs90_b06m_s70.A09,mcs90_b06m_s70.B09,ll_lum,63,188,130492444,19.991,0,70,130251117,19.9347,82524381,82524381,0,64295197,
mcs90_b06m_s80.A00,mcs90_b06m_s80.B00,ll_lum,54,119,5357527469,1000.02,1,80,3571015549,656.457,3443605141,3443605141,0,2696280770,
mcs90_b06m_s80.A01,mcs90_b06m_s80.B01,ll_lum,44,61,8206687388,1000.02,1,80,683014185,77.5844,5523361795,5523361795,0,4157796969,
mcs90_b06m_s80.A02,mcs90_b06m_s80.B02,ll_lum,72,213,1025330900,210.83,0,80,1024528316,210.65,672317460,672317460,0,530693600,
mcs90_b06m_s80.A03,mcs90_b06m_s80.B03,ll_lum,41,47,7151791677,1000.02,1,80,325956555,43.5719,4844390021,4844390021,0,3832278824,
mcs90_b06m_s80.A04,mcs90_b06m_s80.B04,ll_lum,72,215,609807,0.151055,0,80,73,0.000108463,409936,409936,0,317279,
mcs90_b06m_s80.A05,mcs90_b06m_s80.B05,ll_lum,72,214,1014340844,247.96,0,80,1013674359,247.781,695256437,695256437,0,584151738,
mcs90_b06m_s80.A06,mcs90_b06m_s80.B06,ll_lum,42,53,7258058110,1000.02,1,80,173050634,19.7369,4795912190,4795912190,0,3734038170,
mcs90_b06m_s80.A07,mcs90_b06m_s80.B07,ll_lum,72,214,1110928431,193.356,0,80,1110216773,193.181,747954710,747954710,0,589723060,
mcs90_b06m_s80.A08,mcs90_b06m_s80.B08,ll_lum,47,77,7221042542,1000.02,1,80,4556145184,622.18,5143176350,5143176350,0,3923594961,
mcs90_b06m_s80.A09,mcs90_b06m_s80.B09,ll_lum,72,214,599817,0.144268,0,80,73,0.000110387,418130,418130,0,341582,
mcs90_b06m_s90.A00,mcs90_b06m_s90.B00,ll_lum,46,57,7926442093,1000.03,1,90,1887756515,231.249,5138914629,5138914629,0,3966213219,
mcs90_b06m_s90.A01,mcs90_b06m_s90.B01,ll_lum,47,61,8863914250,1000.01,1,90,6026354110,658.746,6868081227,6868081227,0,5595227627,
mcs90_b06m_s90.A02,mcs90_b06m_s90.B02,ll_lum,81,242,48645988,11.0947,0,90,46168685,10.4657,30647211,30647211,0,23192108,
mcs90_b06m_s90.A03,mcs90_b06m_s90.B03,ll_lum,46,56,6940634389,1000.02,1,90,40404491,5.22245,4737890086,4737890086,0,3760488713,
mcs90_b06m_s90.A04,mcs90_b06m_s90.B04,ll_lum,48,64,8319628189,1000.02,1,90,213334007,20.3039,6088880157,6088880157,0,4836538675,
mcs90_b06m_s90.A05,mcs90_b06m_s90.B05,ll_lum,47,61,7646135391,1000.01,1,90,4096636287,534.629,5352711466,5352711466,0,4120506086,
mcs90_b06m_s90.A06,mcs90_b06m_s90.B06,ll_lum,47,60,7482418836,1000.02,1,90,372858028,46.3992,5357040236,5357040236,0,4123562879,
mcs90_b06m_s90.A07,mcs90_b06m_s90.B07,ll_lum,81,240,13045917,3.33066,0,90,10722896,2.75755,7311789,7311789,0,3766650,
mcs90_b06m_s90.A08,mcs90_b06m_s90.B08,ll_lum,48,67,7180089591,1000.02,1,90,2521794228,343.137,4737853884,4737853884,0,3661687822,
mcs90_b06m_s90.A09,mcs90_b06m_s90.B09,ll_lum,81,241,116450780,26.6216,0,90,114513026,26.1312,73972261,73972261,0,55216673,
mcs90_b09_s100.A00,mcs90_b09_s100.B00,ll_lum,52,130,6197469740,1000.02,1,100,4856710342,777.973,4207369846,4207369846,0,3439339130,
mcs90_b09_s100.A01,mcs90_b09_s100.B01,ll_lum,90,405,79994321,22.3896,0,100,91,0.000139399,42134894,42134894,0,17219700,
mcs90_b09_s100.A02,mcs90_b09_s100.B02,ll_lum,90,405,53793232,15.2776,0,100,5646236,1.25547,29539383,29539383,0,15874270,
mcs90_b09_s100.A03,mcs90_b09_s100.B03,ll_lum,90,405,4673534560,795.378,0,100,4630289603,782.606,3081896776,3081896776,0,2485735623,
mcs90_b09_s100.A04,mcs90_b09_s100.B04,ll_lum,90,405,30414204,8.99443,0,100,296835,0.0812636,16774955,16774955,0,8808868,
mcs90_b09_s100.A05,mcs90_b09_s100.B05,ll_lum,64,217,5705633144,1000.01,1,100,5319074410,927.955,3688602072,3688602072,0,3086120654,
mcs90_b09_s100.A06,mcs90_b09_s100.B06,ll_lum,51,137,6049123826,1000.02,1,100,1244016865,170.142,4082341455,4082341455,0,3288343669,
mcs90_b09_s100.A07,mcs90_b09_s100.B07,ll_lum,90,405,91846871,26.0671,0,100,20446784,5.29459,50389733,50389733,0,25679298,
mcs90_b09_s100.A08,mcs90_b09_s100.B08,ll_lum,76,312,4580229172,1000.02,1,100,4035910407,878.455,2469494682,2469494682,0,1052462567,
mcs90_b09_s100.A09,mcs90_b09_s100.B09,ll_lum,90,405,1538056646,241.889,0,100,1499842020,230.591,984805662,984805662,0,678693011,
mcs90_b09_s15.A00,mcs90_b09_s15.B00,ll_lum,12,54,467,0.000124037,0,15,13,1.1478e-05,324,324,0,237,
mcs90_b09_s15.A01,mcs90_b09_s15.B01,ll_lum,13,57,408,0.000108023,0,15,360,6.9955e-05,274,274,0,198,
mcs90_b09_s15.A02,mcs90_b09_s15.B02,ll_lum,12,54,528,0.000108123,0,15,51,1.4813e-05,355,355,0,219,
mcs90_b09_s15.A03,mcs90_b09_s15.B03,ll_lum,13,57,221,7.3811e-05,0,15,117,2.7671e-05,146,146,0,97,
mcs90_b09_s15.A04,mcs90_b09_s15.B04,ll_lum,12,54,560,0.00011963,0,15,28,1.297e-05,390,390,0,295,
mcs90_b09_s15.A05,mcs90_b09_s15.B05,ll_lum,12,54,838,0.000284195,0,15,13,1.6615e-05,532,532,0,317,
mcs90_b09_s15.A06,mcs90_b09_s15.B06,ll_lum,13,57,250,7.3701e-05,0,15,138,2.8063e-05,167,167,0,104,
mcs90_b09_s15.A07,mcs90_b09_s15.B07,ll_lum,13,57,120,5.8928e-05,0,15,14,1.0916e-05,87,87,0,60,
mcs90_b09_s15.A08,mcs90_b09_s15.B08,ll_lum,12,54,407,9.9219e-05,0,15,13,7.811e-06,283,283,0,192,
mcs90_b09_s15.A09,mcs90_b09_s15.B09,ll_lum,12,54,340,9.3301e-05,0,15,13,8.913e-06,235,235,0,163,
mcs90_b09_s20.A00,mcs90_b09_s20.B00,ll_lum,18,81,903,0.000240443,0,20,162,4.5729e-05,689,689,0,521,
mcs90_b09_s20.A01,mcs90_b09_s20.B01,ll_lum,18,81,915,0.000275707,0,20,158,5.3661e-05,702,702,0,549,
mcs90_b09_s20.A02,mcs90_b09_s20.B02,ll_lum,18,81,699,0.000189676,0,20,166,4.5588e-05,517,517,0,368,
mcs90_b09_s20.A03,mcs90_b09_s20.B03,ll_lum,18,81,505,0.000152349,0,20,147,4.0492e-05,368,368,0,256,
mcs90_b09_s20.A04,mcs90_b09_s20.B04,ll_lum,18,81,594,0.000307921,0,20,127,6.4657e-05,432,432,0,289,
mcs90_b09_s20.A05,mcs90_b09_s20.B05,ll_lum,18,81,751,0.000192199,0,20,108,3.2629e-05,560,560,0,386,
mcs90_b09_s20.A06,mcs90_b09_s20.B06,ll_lum,18,81,369,0.000122705,0,20,30,1.6024e-05,281,281,0,205,
mcs90_b09_s20.A07,mcs90_b09_s20.B07,ll_lum,18,81,512,0.000151417,0,20,69,2.4466e-05,387,387,0,273,
mcs90_b09_s20.A08,mcs90_b09_s20.B08,ll_lum,18,81,1096,0.000266982,0,20,143,3.7305e-05,865,865,0,697,
mcs90_b09_s20.A09,mcs90_b09_s20.B09,ll_lum,18,81,523,0.000147111,0,20,202,4.8913e-05,374,374,0,246,
mcs90_b09_s25.A00,mcs90_b09_s25.B00,ll_lum,22,99,3611,0.00083372,0,25,1175,0.000272231,2620,2620,0,2026,
mcs90_b09_s25.A01,mcs90_b09_s25.B01,ll_lum,22,99,3301,0.000753566,0,25,707,0.000145319,2297,2297,0,1668,
mcs90_b09_s25.A02,mcs90_b09_s25.B02,ll_lum,22,99,5671,0.00128448,0,25,2758,0.000628986,3835,3835,0,2870,
mcs90_b09_s25.A03,mcs90_b09_s25.B03,ll_lum,22,99,8420,0.00163153,0,25,5812,0.00100884,5470,5470,0,4233,
mcs90_b09_s25.A04,mcs90_b09_s25.B04,ll_lum,22,99,6744,0.00165532,0,25,3669,0.000799398,4490,4490,0,3531,
mcs90_b09_s25.A05,mcs90_b09_s25.B05,ll_lum,22,99,2601,0.000741348,0,25,487,0.000135565,1993,1993,0,1654,
mcs90_b09_s25.A06,mcs90_b09_s25.B06,ll_lum,22,99,11362,0.00227298,0,25,7755,0.00139305,7412,7412,0,5730,
mcs90_b09_s25.A07,mcs90_b09_s25.B07,ll_lum,22,99,3981,0.00174221,0,25,1003,0.00044657,2873,2873,0,2223,
mcs90_b09_s25.A08,mcs90_b09_s25.B08,ll_lum,22,99,3641,0.000854333,0,25,483,0.000116205,2752,2752,0,2192,
mcs90_b09_s25.A09,mcs90_b09_s25.B09,ll_lum,22,99,7528,0.00145837,0,25,3709,0.000600372,5194,5194,0,4019,
mcs90_b09_s30.A00,mcs90_b09_s30.B00,ll_lum,26,117,11218,0.00263733,0,30,1337,0.000344948,8035,8035,0,6391,
mcs90_b09_s30.A01,mcs90_b09_s30.B01,ll_lum,26,117,10635,0.00251723,0,30,932,0.000240302,7591,7591,0,6052,
mcs90_b09_s30.A02,mcs90_b09_s30.B02,ll_lum,26,117,14193,0.00293262,0,30,7776,0.00142914,9288,9288,0,7212,
mcs90_b09_s30.A03,mcs90_b09_s30.B03,ll_lum,26,117,14300,0.00361769,0,30,3168,0.00113168,9590,9590,0,7079,
mcs90_b09_s30.A04,mcs90_b09_s30.B04,ll_lum,26,117,42736,0.00820663,0,30,30310,0.00542576,27980,27980,0,21120,
mcs90_b09_s30.A05,mcs90_b09_s30.B05,ll_lum,27,121,6756,0.00148329,0,30,5918,0.00125013,4403,4403,0,3455,
mcs90_b09_s30.A06,mcs90_b09_s30.B06,ll_lum,26,117,93158,0.0161423,0,30,81896,0.0136338,59445,59445,0,47466,
mcs90_b09_s30.A07,mcs90_b09_s30.B07,ll_lum,26,117,16275,0.00338248,0,30,11178,0.00219453,10540,10540,0,8471,
mcs90_b09_s30.A08,mcs90_b09_s30.B08,ll_lum,26,117,24578,0.0051485,0,30,14997,0.00297612,15798,15798,0,12563,
mcs90_b09_s30.A09,mcs90_b09_s30.B09,ll_lum,26,117,15113,0.00338062,0,30,4266,0.000873955,10728,10728,0,8700,
mcs90_b09_s35.A00,mcs90_b09_s35.B00,ll_lum,30,135,35483,0.0108968,0,35,6217,0.00177384,23259,23259,0,16644,
mcs90_b09_s35.A01,mcs90_b09_s35.B01,ll_lum,30,135,462372,0.0975266,0,35,416496,0.0850386,299101,299101,0,257050,
mcs90_b09_s35.A02,mcs90_b09_s35.B02,ll_lum,30,135,62126,0.0128202,0,35,34376,0.00608585,40889,40889,0,30264,
mcs90_b09_s35.A03,mcs90_b09_s35.B03,ll_lum,30,135,31566,0.007818,0,35,610,0.000187783,22524,22524,0,18103,
mcs90_b09_s35.A04,mcs90_b09_s35.B04,ll_lum,30,135,32271,0.00805249,0,35,54,3.7065e-05,22179,22179,0,16909,
mcs90_b09_s35.A05,mcs90_b09_s35.B05,ll_lum,30,135,36637,0.00862834,0,35,7792,0.00171817,25130,25130,0,20103,
mcs90_b09_s35.A06,mcs90_b09_s35.B06,ll_lum,30,135,34738,0.0168891,0,35,8749,0.00390127,23203,23203,0,18062,
mcs90_b09_s35.A07,mcs90_b09_s35.B07,ll_lum,30,135,73099,0.0163139,0,35,43821,0.00906825,47762,47762,0,39662,
mcs90_b09_s35.A08,mcs90_b09_s35.B08,ll_lum,30,135,32628,0.00773319,0,35,6161,0.00144867,21966,21966,0,17321,
mcs90_b09_s35.A09,mcs90_b09_s35.B09,ll_lum,30,135,55027,0.0127837,0,35,14393,0.00296456,36155,36155,0,27845,
mcs90_b09_s40.A00,mcs90_b09_s40.B00,ll_lum,36,162,158942,0.0287746,0,40,143883,0.0252432,108144,108144,0,93675,
mcs90_b09_s40.A01,mcs90_b09_s40.B01,ll_lum,36,162,28168,0.00814691,0,40,7350,0.00220187,18599,18599,0,13431,
mcs90_b09_s40.A02,mcs90_b09_s40.B02,ll_lum,36,162,13927,0.00341879,0,40,3041,0.000814586,9798,9798,0,7192,
mcs90_b09_s40.A03,mcs90_b09_s40.B03,ll_lum,36,162,24066,0.0053827,0,40,12510,0.00254722,16096,16096,0,12295,
mcs90_b09_s40.A04,mcs90_b09_s40.B04,ll_lum,36,162,185787,0.0349849,0,40,167879,0.0307038,117103,117103,0,95076,
mcs90_b09_s40.A05,mcs90_b09_s40.B05,ll_lum,37,163,232027,0.040417,0,40,228474,0.039455,152545,152545,0,132585,
mcs90_b09_s40.A06,mcs90_b09_s40.B06,ll_lum,36,162,18039,0.00838115,0,40,3083,0.00157869,12075,12075,0,8784,
mcs90_b09_s40.A07,mcs90_b09_s40.B07,ll_lum,36,162,42788,0.0100008,0,40,21223,0.00466795,27146,27146,0,20067,
mcs90_b09_s40.A08,mcs90_b09_s40.B08,ll_lum,36,162,26603,0.00669732,0,40,6955,0.00178002,17916,17916,0,12892,
mcs90_b09_s40.A09,mcs90_b09_s40.B09,ll_lum,36,162,23631,0.0059377,0,40,89,4.8232e-05,16299,16299,0,11882,
mcs90_b09_s50.A00,mcs90_b09_s50.B00,ll_lum,44,198,186639,0.0482288,0,50,45,4.5098e-05,119528,119528,0,82119,
mcs90_b09_s50.A01,mcs90_b09_s50.B01,ll_lum,45,199,3171491,0.609826,0,50,3104101,0.592638,2010836,2010836,0,1648244,
mcs90_b09_s50.A02,mcs90_b09_s50.B02,ll_lum,44,198,2434340,0.463318,0,50,2310877,0.431822,1579642,1579642,0,1251122,
mcs90_b09_s50.A03,mcs90_b09_s50.B03,ll_lum,44,198,212558,0.0546908,0,50,26979,0.00686011,132704,132704,0,91282,
mcs90_b09_s50.A04,mcs90_b09_s50.B04,ll_lum,44,198,230171,0.059517,0,50,44372,0.0110413,143036,143036,0,99570,
mcs90_b09_s50.A05,mcs90_b09_s50.B05,ll_lum,44,198,193901,0.0520039,0,50,15640,0.00412232,121110,121110,0,84026,
mcs90_b09_s50.A06,mcs90_b09_s50.B06,ll_lum,44,198,2424496,0.479948,0,50,2178627,0.414967,1533039,1533039,0,1202561,
mcs90_b09_s50.A07,mcs90_b09_s50.B07,ll_lum,44,198,3581984,0.678819,0,50,3366670,0.622457,2323942,2323942,0,1954679,
mcs90_b09_s50.A08,mcs90_b09_s50.B08,ll_lum,44,198,3197911,0.610778,0,50,2958123,0.548593,2011559,2011559,0,1608905,
mcs90_b09_s50.A09,mcs90_b09_s50.B09,ll_lum,44,198,367721,0.0771484,0,50,221413,0.0390531,237532,237532,0,179057,
mcs90_b09_s60.A00,mcs90_b09_s60.B00,ll_lum,54,243,249254,0.0631769,0,60,121978,0.0287141,156606,156606,0,109739,
mcs90_b09_s60.A01,mcs90_b09_s60.B01,ll_lum,54,243,12771192,2.51807,0,60,12458778,2.43383,7375078,7375078,0,4413239,
mcs90_b09_s60.A02,mcs90_b09_s60.B02,ll_lum,54,243,321532,0.0867383,0,60,44868,0.0114383,193267,193267,0,120096,
mcs90_b09_s60.A03,mcs90_b09_s60.B03,ll_lum,55,244,163221,0.0418618,0,60,145622,0.0373263,101162,101162,0,70543,
mcs90_b09_s60.A04,mcs90_b09_s60.B04,ll_lum,54,243,201331,0.0535157,0,60,17752,0.00461823,127710,127710,0,86193,
mcs90_b09_s60.A05,mcs90_b09_s60.B05,ll_lum,54,243,5839954,1.21438,0,60,5674050,1.17026,3468643,3468643,0,2267105,
mcs90_b09_s60.A06,mcs90_b09_s60.B06,ll_lum,54,243,432771,0.115118,0,60,68450,0.0160269,253299,253299,0,148888,
mcs90_b09_s60.A07,mcs90_b09_s60.B07,ll_lum,54,243,6219285,1.30306,0,60,5944452,1.2236,3836820,3836820,0,2686564,
mcs90_b09_s60.A08,mcs90_b09_s60.B08,ll_lum,54,243,345169,0.100466,0,60,186398,0.0503042,214566,214566,0,153063,
mcs90_b09_s60.A09,mcs90_b09_s60.B09,ll_lum,54,243,6463762,1.23438,0,60,6189690,1.16022,3886182,3886182,0,2550498,
mcs90_b09_s70.A00,mcs90_b09_s70.B00,ll_lum,63,280,112638637,21.7071,0,70,111954505,21.5118,63946067,63946067,0,36185103,
mcs90_b09_s70.A01,mcs90_b09_s70.B01,ll_lum,62,279,82753509,16.7522,0,70,80738852,16.1876,51719234,51719234,0,36281087,
mcs90_b09_s70.A02,mcs90_b09_s70.B02,ll_lum,62,279,21915796,4.79433,0,70,20220658,4.31641,12693880,12693880,0,8135844,
mcs90_b09_s70.A03,mcs90_b09_s70.B03,ll_lum,62,279,2059775,0.578067,0,70,10204,0.00292439,1231698,1231698,0,840741,
mcs90_b09_s70.A04,mcs90_b09_s70.B04,ll_lum,62,279,2659533,1.00963,0,70,1305542,0.439102,1631640,1631640,0,1138451,
mcs90_b09_s70.A05,mcs90_b09_s70.B05,ll_lum,62,279,497082798,105.25,0,70,495157183,104.697,294881358,294881358,0,196506369,
mcs90_b09_s70.A06,mcs90_b09_s70.B06,ll_lum,62,279,376199747,80.2939,0,70,373864268,79.6251,214651857,214651857,0,125089681,
mcs90_b09_s70.A07,mcs90_b09_s70.B07,ll_lum,63,280,250706010,51.2723,0,70,249935688,51.053,159425137,159425137,0,124429991,
mcs90_b09_s70.A08,mcs90_b09_s70.B08,ll_lum,62,279,27582894,5.90912,0,70,25495550,5.31611,15356940,15356940,0,8175638,
mcs90_b09_s70.A09,mcs90_b09_s70.B09,ll_lum,62,279,3398394,0.840915,0,70,2035987,0.454227,2136050,2136050,0,1561108,
mcs90_b09_s80.A00,mcs90_b09_s80.B00,ll_lum,72,324,1412599275,287.868,0,80,1409658459,287.016,833611736,833611736,0,504447667,
mcs90_b09_s80.A01,mcs90_b09_s80.B01,ll_lum,72,324,54227874,8.45789,0,80,50341709,7.35508,35566134,35566134,0,28633463,
mcs90_b09_s80.A02,mcs90_b09_s80.B02,ll_lum,72,324,102942573,19.6667,0,80,98738096,18.4721,64074073,64074073,0,45663288,
mcs90_b09_s80.A03,mcs90_b09_s80.B03,ll_lum,72,324,1948713,0.556191,0,80,290188,0.0755504,1161372,1161372,0,781030,
mcs90_b09_s80.A04,mcs90_b09_s80.B04,ll_lum,72,324,2313040,0.660336,0,80,60665,0.0146793,1358002,1358002,0,830029,
mcs90_b09_s80.A05,mcs90_b09_s80.B05,ll_lum,72,324,1359055205,282.605,0,80,1356711197,281.925,802330177,802330177,0,506380511,
mcs90_b09_s80.A06,mcs90_b09_s80.B06,ll_lum,72,324,4358944,1.22967,0,80,948,0.000343027,2462597,2462597,0,1348368,
mcs90_b09_s80.A07,mcs90_b09_s80.B07,ll_lum,72,324,283540655,58.9681,0,80,278309007,57.515,159240063,159240063,0,81795706,
mcs90_b09_s80.A08,mcs90_b09_s80.B08,ll_lum,72,324,2684735,0.760767,0,80,195105,0.0528691,1564153,1564153,0,925480,
mcs90_b09_s80.A09,mcs90_b09_s80.B09,ll_lum,72,324,296456686,63.2099,0,80,295163816,62.8339,159304201,159304201,0,64174672,
mcs90_b09_s90.A00,mcs90_b09_s90.B00,ll_lum,80,360,42428104,11.9808,0,90,3159369,0.837516,23166883,23166883,0,12164234,
mcs90_b09_s90.A01,mcs90_b09_s90.B01,ll_lum,52,145,5653325641,1000.02,1,90,658188100,117.133,3424450491,3424450491,0,2434406422,
mcs90_b09_s90.A02,mcs90_b09_s90.B02,ll_lum,40,76,6573949524,1000.01,1,90,2517548076,357.936,4368538534,4368538534,0,3630637833,
mcs90_b09_s90.A03,mcs90_b09_s90.B03,ll_lum,80,360,2783217666,605.559,0,90,2748165298,595.491,1687939694,1687939694,0,1086222822,
mcs90_b09_s90.A04,mcs90_b09_s90.B04,ll_lum,80,360,33289015,9.54219,0,90,3573071,0.915359,18896004,18896004,0,11710186,
mcs90_b09_s90.A05,mcs90_b09_s90.B05,ll_lum,80,360,200098836,34.8529,0,90,178520801,28.703,124782835,124782835,0,93618800,
mcs90_b09_s90.A06,mcs90_b09_s90.B06,ll_lum,80,360,732980631,167.013,0,90,706142140,158.815,439579113,439579113,0,278282003,
mcs90_b09_s90.A07,mcs90_b09_s90.B07,ll_lum,80,360,150803134,41.9449,0,90,123252383,33.1622,80069331,80069331,0,40232430,
mcs90_b09_s90.A08,mcs90_b09_s90.B08,ll_lum,80,360,289132073,64.3175,0,90,256585783,55.0835,167144772,167144772,0,103254898,
mcs90_b09_s90.A09,mcs90_b09_s90.B09,ll_lum,81,361,13997388,3.62997,0,90,9620936,2.34162,8007324,8007324,0,5191966,
mcs90_b09m_s100.A00,mcs90_b09m_s100.B00,ll_lum,43,68,5820952698,1000.01,1,100,58797236,10.033,3773009755,3773009755,0,3193288023,
mcs90_b09m_s100.A01,mcs90_b09m_s100.B01,ll_lum,90,401,2755543,0.841482,0,100,91,0.000179641,1994340,1994340,0,1783340,
mcs90_b09m_s100.A02,mcs90_b09m_s100.B02,ll_lum,42,59,6844150058,1000.02,1,100,4376178582,639.985,4626530955,4626530955,0,3735214363,
mcs90_b09m_s100.A03,mcs90_b09m_s100.B03,ll_lum,44,71,5396685769,1000.01,1,100,179921670,29.8864,3549528955,3549528955,0,2979506779,
mcs90_b09m_s100.A04,mcs90_b09m_s100.B04,ll_lum,90,405,26617286,9.17794,0,100,21713031,7.5623,16586030,16586030,0,13115630,
mcs90_b09m_s100.A05,mcs90_b09m_s100.B05,ll_lum,44,72,5367224769,1000.02,1,100,2806660905,512.126,3383375467,3383375467,0,2789491468,
mcs90_b09m_s100.A06,mcs90_b09m_s100.B06,ll_lum,90,401,16360239,5.3293,0,100,11958263,3.97692,10517516,10517516,0,8723560,
mcs90_b09m_s100.A07,mcs90_b09m_s100.B07,ll_lum,44,82,6134524351,1000.02,1,100,5302794746,857.856,3984884534,3984884534,0,3289066577,
mcs90_b09m_s100.A08,mcs90_b09m_s100.B08,ll_lum,43,60,6472197655,1000.01,1,100,3526385636,528.372,4230343891,4230343891,0,3453253471,
mcs90_b09m_s100.A09,mcs90_b09m_s100.B09,ll_lum,42,55,6519364796,1000.02,1,100,2543843744,382.582,4286749522,4286749522,0,3287094985,
mcs90_b09m_s15.A00,mcs90_b09m_s15.B00,ll_lum,12,49,727,0.000163117,0,15,488,9.247e-05,501,501,0,398,
mcs90_b09m_s15.A01,mcs90_b09m_s15.B01,ll_lum,12,48,728,0.000219219,0,15,424,9.7797e-05,506,506,0,390,
mcs90_b09m_s15.A02,mcs90_b09m_s15.B02,ll_lum,12,47,1160,0.000217056,0,15,783,0.000125209,813,813,0,668,
mcs90_b09m_s15.A03,mcs90_b09m_s15.B03,ll_lum,12,47,1220,0.000231748,0,15,959,0.000151547,894,894,0,726,
mcs90_b09m_s15.A04,mcs90_b09m_s15.B04,ll_lum,12,44,626,0.000138809,0,15,438,7.6395e-05,430,430,0,328,
mcs90_b09m_s15.A05,mcs90_b09m_s15.B05,ll_lum,12,48,1732,0.000301964,0,15,1574,0.000245299,1176,1176,0,916,
mcs90_b09m_s15.A06,mcs90_b09m_s15.B06,ll_lum,12,42,2481,0.000413602,0,15,2157,0.000331489,1602,1602,0,1196,
mcs90_b09m_s15.A07,mcs90_b09m_s15.B07,ll_lum,12,47,427,0.000118178,0,15,151,4.1122e-05,297,297,0,220,
mcs90_b09m_s15.A08,mcs90_b09m_s15.B08,ll_lum,12,48,684,0.000149124,0,15,574,9.961e-05,485,485,0,403,
mcs90_b09m_s15.A09,mcs90_b09m_s15.B09,ll_lum,12,48,1381,0.000238568,0,15,1162,0.00017307,940,940,0,708,
mcs90_b09m_s20.A00,mcs90_b09m_s20.B00,ll_lum,18,77,31688,0.00614366,0,20,31609,0.00608932,19950,19950,0,16626,
mcs90_b09m_s20.A01,mcs90_b09m_s20.B01,ll_lum,18,76,32204,0.00955382,0,20,31990,0.00942424,20737,20737,0,18266,
mcs90_b09m_s20.A02,mcs90_b09m_s20.B02,ll_lum,18,71,796,0.000207782,0,20,617,0.00012668,492,492,0,383,
mcs90_b09m_s20.A03,mcs90_b09m_s20.B03,ll_lum,18,73,16073,0.00314758,0,20,15838,0.00305796,9690,9690,0,7919,
mcs90_b09m_s20.A04,mcs90_b09m_s20.B04,ll_lum,18,78,475,0.000142835,0,20,328,7.5012e-05,308,308,0,237,
mcs90_b09m_s20.A05,mcs90_b09m_s20.B05,ll_lum,18,77,2356,0.000466712,0,20,2180,0.000387052,1446,1446,0,1236,
mcs90_b09m_s20.A06,mcs90_b09m_s20.B06,ll_lum,18,77,922,0.000216246,0,20,748,0.000142445,579,579,0,461,
mcs90_b09m_s20.A07,mcs90_b09m_s20.B07,ll_lum,18,77,4466,0.000871011,0,20,4394,0.00082388,2823,2823,0,2305,
mcs90_b09m_s20.A08,mcs90_b09m_s20.B08,ll_lum,18,77,11537,0.00243492,0,20,11360,0.00236199,7537,7537,0,6307,
mcs90_b09m_s20.A09,mcs90_b09m_s20.B09,ll_lum,18,76,19588,0.00446403,0,20,19450,0.00438563,12488,12488,0,10337,
mcs90_b09m_s25.A00,mcs90_b09m_s25.B00,ll_lum,22,98,8748,0.00241288,0,25,7316,0.00195255,5538,5538,0,4853,
mcs90_b09m_s25.A01,mcs90_b09m_s25.B01,ll_lum,22,95,38555,0.00702889,0,25,36948,0.00662721,23380,23380,0,20650,
mcs90_b09m_s25.A02,mcs90_b09m_s25.B02,ll_lum,22,96,1238,0.00033927,0,25,172,5.3211e-05,992,992,0,857,
mcs90_b09m_s25.A03,mcs90_b09m_s25.B03,ll_lum,22,98,17865,0.00326814,0,25,16335,0.0028657,10688,10688,0,9418,
mcs90_b09m_s25.A04,mcs90_b09m_s25.B04,ll_lum,22,94,4018,0.00099695,0,25,1219,0.000298739,3000,3000,0,2642,
mcs90_b09m_s25.A05,mcs90_b09m_s25.B05,ll_lum,22,94,1239,0.0005274,0,25,23,2.7862e-05,1041,1041,0,933,
mcs90_b09m_s25.A06,mcs90_b09m_s25.B06,ll_lum,22,97,264434,0.0542357,0,25,263720,0.0540242,163802,163802,0,146028,
mcs90_b09m_s25.A07,mcs90_b09m_s25.B07,ll_lum,22,97,723652,0.145272,0,25,722682,0.145008,438899,438899,0,385981,
mcs90_b09m_s25.A08,mcs90_b09m_s25.B08,ll_lum,22,95,94885,0.0181416,0,25,93622,0.0178169,57551,57551,0,49993,
mcs90_b09m_s25.A09,mcs90_b09m_s25.B09,ll_lum,22,96,1956,0.000582128,0,25,782,0.000196287,1399,1399,0,1201,
mcs90_b09m_s30.A00,mcs90_b09m_s30.B00,ll_lum,26,112,75989,0.013738,0,30,71883,0.0127125,46262,46262,0,40241,
mcs90_b09m_s30.A01,mcs90_b09m_s30.B01,ll_lum,26,113,2449860,0.455744,0,30,2444519,0.4544,1527856,1527856,0,1325692,
mcs90_b09m_s30.A02,mcs90_b09m_s30.B02,ll_lum,26,113,5906484,1.1341,0,30,5901649,1.13295,3603123,3603123,0,3089795,
mcs90_b09m_s30.A03,mcs90_b09m_s30.B03,ll_lum,26,114,2903620,0.550108,0,30,2899413,0.549075,1794016,1794016,0,1552156,
mcs90_b09m_s30.A04,mcs90_b09m_s30.B04,ll_lum,26,113,11526,0.00250223,0,30,7386,0.00147879,7548,7548,0,6434,
mcs90_b09m_s30.A05,mcs90_b09m_s30.B05,ll_lum,26,114,1124241,0.228255,0,30,1120374,0.227319,698773,698773,0,612530,
mcs90_b09m_s30.A06,mcs90_b09m_s30.B06,ll_lum,26,110,470635,0.141036,0,30,467227,0.139795,295785,295785,0,257971,
mcs90_b09m_s30.A07,mcs90_b09m_s30.B07,ll_lum,26,112,16678,0.00379475,0,30,11016,0.00221311,10875,10875,0,9139,
mcs90_b09m_s30.A08,mcs90_b09m_s30.B08,ll_lum,26,114,6718,0.00151406,0,30,3224,0.000635244,4754,4754,0,4086,
mcs90_b09m_s30.A09,mcs90_b09m_s30.B09,ll_lum,26,114,2156095,0.417763,0,30,2151849,0.416685,1345930,1345930,0,1182854,
mcs90_b09m_s35.A00,mcs90_b09m_s35.B00,ll_lum,30,129,19722,0.00444875,0,35,11940,0.00243209,13113,13113,0,11373,
mcs90_b09m_s35.A01,mcs90_b09m_s35.B01,ll_lum,30,134,23577,0.00547656,0,35,10048,0.00209216,16559,16559,0,14082,
mcs90_b09m_s35.A02,mcs90_b09m_s35.B02,ll_lum,30,129,4441082,0.935225,0,35,4424441,0.931234,2801171,2801171,0,2481605,
mcs90_b09m_s35.A03,mcs90_b09m_s35.B03,ll_lum,30,132,631257,0.124497,0,35,615173,0.120619,387333,387333,0,336366,
mcs90_b09m_s35.A04,mcs90_b09m_s35.B04,ll_lum,30,134,1489347,0.349585,0,35,1479707,0.347223,969700,969700,0,871974,
mcs90_b09m_s35.A05,mcs90_b09m_s35.B05,ll_lum,30,128,16323317,2.92729,0,35,16305892,2.92302,10187736,10187736,0,8659606,
mcs90_b09m_s35.A06,mcs90_b09m_s35.B06,ll_lum,30,133,20710624,4.10836,0,35,20699221,4.10553,13169863,13169863,0,11553905,
mcs90_b09m_s35.A07,mcs90_b09m_s35.B07,ll_lum,30,130,39060904,7.2788,0,35,39049408,7.27606,24926124,24926124,0,21433924,
mcs90_b09m_s35.A08,mcs90_b09m_s35.B08,ll_lum,30,130,15985724,2.85105,0,35,15966731,2.8465,10423077,10423077,0,8976466,
mcs90_b09m_s35.A09,mcs90_b09m_s35.B09,ll_lum,30,131,24357,0.00614123,0,35,5765,0.00138112,17747,17747,0,15942,
mcs90_b09m_s40.A00,mcs90_b09m_s40.B00,ll_lum,36,158,3544260,0.757887,0,40,3538970,0.756567,2241885,2241885,0,1981550,
mcs90_b09m_s40.A01,mcs90_b09m_s40.B01,ll_lum,36,159,185711566,36.9021,0,40,185709286,36.9014,120787560,120787560,0,105984746,
mcs90_b09m_s40.A02,mcs90_b09m_s40.B02,ll_lum,36,158,47691678,9.48061,0,40,47687796,9.47965,30221148,30221148,0,26272408,
mcs90_b09m_s40.A03,mcs90_b09m_s40.B03,ll_lum,36,158,1036495,0.208887,0,40,1030091,0.207271,651321,651321,0,572075,
mcs90_b09m_s40.A04,mcs90_b09m_s40.B04,ll_lum,36,158,4887,0.00130999,0,40,37,4.5689e-05,3883,3883,0,3392,
mcs90_b09m_s40.A05,mcs90_b09m_s40.B05,ll_lum,36,159,114994459,21.3254,0,40,114988051,21.3237,73613370,73613370,0,63358188,
mcs90_b09m_s40.A06,mcs90_b09m_s40.B06,ll_lum,36,161,933774,0.187693,0,40,928364,0.186255,579922,579922,0,504053,
mcs90_b09m_s40.A07,mcs90_b09m_s40.B07,ll_lum,36,156,33612893,6.80136,0,40,33604064,6.79915,22065983,22065983,0,18743327,
mcs90_b09m_s40.A08,mcs90_b09m_s40.B08,ll_lum,36,160,4077,0.00111426,0,40,37,4.8222e-05,3317,3317,0,2899,
mcs90_b09m_s40.A09,mcs90_b09m_s40.B09,ll_lum,36,157,5246263,1.17311,0,40,5240378,1.17158,3368438,3368438,0,3031477,
mcs90_b09m_s50.A00,mcs90_b09m_s50.B00,ll_lum,44,193,3046886578,543.559,0,50,3046830669,543.545,2019351077,2019351077,0,1704557227,
mcs90_b09m_s50.A01,mcs90_b09m_s50.B01,ll_lum,44,191,36662,0.0096556,0,50,848,0.000267252,28437,28437,0,25193,
mcs90_b09m_s50.A02,mcs90_b09m_s50.B02,ll_lum,44,194,45184,0.0116832,0,50,45,5.1548e-05,34047,34047,0,30434,
mcs90_b09m_s50.A03,mcs90_b09m_s50.B03,ll_lum,44,193,1161385819,226.733,0,50,1161350840,226.724,769801594,769801594,0,673152848,
mcs90_b09m_s50.A04,mcs90_b09m_s50.B04,ll_lum,44,197,4142786032,807.992,0,50,4142725770,807.976,2714765835,2714765835,0,2359478349,
mcs90_b09m_s50.A05,mcs90_b09m_s50.B05,ll_lum,44,193,2292949314,451.659,0,50,2292915318,451.65,1517523216,1517523216,0,1323522868,
mcs90_b09m_s50.A06,mcs90_b09m_s50.B06,ll_lum,44,196,36048115,8.44015,0,50,36026240,8.43446,24333463,24333463,0,22043038,
mcs90_b09m_s50.A07,mcs90_b09m_s50.B07,ll_lum,24,41,5642967937,1000.01,1,50,4060220909,709.835,3696065500,3696065500,0,3143103797,
mcs90_b09m_s50.A08,mcs90_b09m_s50.B08,ll_lum,44,195,12609828,2.3357,0,50,12560715,2.32269,7942353,7942353,0,6882581,
mcs90_b09m_s50.A09,mcs90_b09m_s50.B09,ll_lum,44,191,43497,0.0109774,0,50,45,5.7837e-05,31829,31829,0,27974,
mcs90_b09m_s60.A00,mcs90_b09m_s60.B00,ll_lum,54,237,845939881,199.367,0,60,845862719,199.347,571614491,571614491,0,518789800,
mcs90_b09m_s60.A01,mcs90_b09m_s60.B01,ll_lum,54,240,820352404,149.686,0,60,820325462,149.678,522804910,522804910,0,439719993,
mcs90_b09m_s60.A02,mcs90_b09m_s60.B02,ll_lum,54,240,21590420,5.05469,0,60,21542084,5.04131,14168816,14168816,0,12709231,
mcs90_b09m_s60.A03,mcs90_b09m_s60.B03,ll_lum,54,240,1718593,0.446346,0,60,1652864,0.428639,1129500,1129500,0,1011973,
mcs90_b09m_s60.A04,mcs90_b09m_s60.B04,ll_lum,54,235,41878,0.0112957,0,60,936,0.000349777,32331,32331,0,28844,
mcs90_b09m_s60.A05,mcs90_b09m_s60.B05,ll_lum,54,238,86173800,17.4341,0,60,86109421,17.4167,55592063,55592063,0,49007433,
mcs90_b09m_s60.A06,mcs90_b09m_s60.B06,ll_lum,54,241,1362566059,266.033,0,60,1362507631,266.017,882774603,882774603,0,765763918,
mcs90_b09m_s60.A07,mcs90_b09m_s60.B07,ll_lum,54,238,5756645,1.62285,0,60,5702271,1.60119,3739818,3739818,0,3275037,
mcs90_b09m_s60.A08,mcs90_b09m_s60.B08,ll_lum,54,240,277577524,65.5659,0,60,277523034,65.5513,189298468,189298468,0,170927833,
mcs90_b09m_s60.A09,mcs90_b09m_s60.B09,ll_lum,54,239,435943,0.100335,0,60,377072,0.0847068,282326,282326,0,243578,
mcs90_b09m_s70.A00,mcs90_b09m_s70.B00,ll_lum,62,276,139660064,25.534,0,70,139293797,25.4286,93142431,93142431,0,79102217,
mcs90_b09m_s70.A01,mcs90_b09m_s70.B01,ll_lum,32,56,5919480189,1000.02,1,70,5542085499,935.555,3794728698,3794728698,0,3116734082,
mcs90_b09m_s70.A02,mcs90_b09m_s70.B02,ll_lum,44,135,4289068014,1000.01,1,70,15410456,3.57375,2923192196,2923192196,0,2642500160,
mcs90_b09m_s70.A03,mcs90_b09m_s70.B03,ll_lum,62,273,469568,0.130637,0,70,63,9.8167e-05,343438,343438,0,304935,
mcs90_b09m_s70.A04,mcs90_b09m_s70.B04,ll_lum,62,275,289331,0.0789526,0,70,63,9.1578e-05,212508,212508,0,190867,
mcs90_b09m_s70.A05,mcs90_b09m_s70.B05,ll_lum,62,276,1308548,0.308258,0,70,1068806,0.241058,795534,795534,0,623935,
mcs90_b09m_s70.A06,mcs90_b09m_s70.B06,ll_lum,31,42,6489748829,1000.01,1,70,6196625974,951.878,4320005383,4320005383,0,3608562210,
mcs90_b09m_s70.A07,mcs90_b09m_s70.B07,ll_lum,31,46,5925756963,1000.02,1,70,2420826836,391.86,3901562849,3901562849,0,3272841847,
mcs90_b09m_s70.A08,mcs90_b09m_s70.B08,ll_lum,62,275,407829,0.113938,0,70,63,9.7787e-05,289620,289620,0,256600,
mcs90_b09m_s70.A09,mcs90_b09m_s70.B09,ll_lum,62,273,396604,0.11084,0,70,63,0.000101924,278074,278074,0,242785,
mcs90_b09m_s80.A00,mcs90_b09m_s80.B00,ll_lum,72,320,1781720523,380.416,0,80,1781210853,380.258,1183025448,1183025448,0,1003755360,
mcs90_b09m_s80.A01,mcs90_b09m_s80.B01,ll_lum,72,320,45170236,8.30524,0,80,44528103,8.08419,29656060,29656060,0,24913898,
mcs90_b09m_s80.A02,mcs90_b09m_s80.B02,ll_lum,72,321,1563034759,348.726,0,80,1562550822,348.583,988150488,988150488,0,862685373,
mcs90_b09m_s80.A03,mcs90_b09m_s80.B03,ll_lum,41,108,4748738310,1000.02,1,80,40112118,7.39727,3125161380,3125161380,0,2760042627,
mcs90_b09m_s80.A04,mcs90_b09m_s80.B04,ll_lum,72,322,377858,0.11002,0,80,73,0.000116545,265737,265737,0,230149,
mcs90_b09m_s80.A05,mcs90_b09m_s80.B05,ll_lum,72,318,98916999,24.9104,0,80,98427750,24.7641,64515771,64515771,0,57316852,
mcs90_b09m_s80.A06,mcs90_b09m_s80.B06,ll_lum,72,315,388181,0.121273,0,80,192124,0.0636527,252145,252145,0,201684,
mcs90_b09m_s80.A07,mcs90_b09m_s80.B07,ll_lum,72,321,369783,0.112605,0,80,73,0.000118239,268972,268972,0,232601,
mcs90_b09m_s80.A08,mcs90_b09m_s80.B08,ll_lum,35,49,6274890265,1000.01,1,80,4913114135,771.146,4025139471,4025139471,0,3301004277,
mcs90_b09m_s80.A09,mcs90_b09m_s80.B09,ll_lum,72,322,453850,0.132816,0,80,73,0.000119831,333353,333353,0,295859,
mcs90_b09m_s90.A00,mcs90_b09m_s90.B00,ll_lum,80,357,2710553,0.814525,0,90,81,0.000131408,1998442,1998442,0,1792600,
mcs90_b09m_s90.A01,mcs90_b09m_s90.B01,ll_lum,36,49,7450643184,1000.01,1,90,4505583,0.514057,5218567570,5218567570,0,4403252450,
mcs90_b09m_s90.A02,mcs90_b09m_s90.B02,ll_lum,80,354,139849767,39.547,0,90,136050431,38.4124,91992619,91992619,0,79408675,
mcs90_b09m_s90.A03,mcs90_b09m_s90.B03,ll_lum,80,356,2086797,0.610568,0,90,81,0.00014675,1529059,1529059,0,1370336,
mcs90_b09m_s90.A04,mcs90_b09m_s90.B04,ll_lum,80,357,2352582,0.732872,0,90,81,0.000145488,1650879,1650879,0,1410357,
mcs90_b09m_s90.A05,mcs90_b09m_s90.B05,ll_lum,37,50,6384466141,1000.02,1,90,1938269860,286.982,4230747207,4230747207,0,3444247299,
mcs90_b09m_s90.A06,mcs90_b09m_s90.B06,ll_lum,40,60,6469493627,1000.02,1,90,315882798,46.7645,4614877950,4614877950,0,3834065209,
mcs90_b09m_s90.A07,mcs90_b09m_s90.B07,ll_lum,69,270,3622628227,1000.02,1,90,70,0.000115964,2565672400,2565672400,0,2343795122,
mcs90_b09m_s90.A08,mcs90_b09m_s90.B08,ll_lum,63,212,3771128763,1000.02,1,90,148302340,38.6818,2606419989,2606419989,0,2385672613,
mcs90_b09m_s90.A09,mcs90_b09m_s90.B09,ll_lum,38,55,5965763223,1000.02,1,90,724124722,109.303,3836460074,3836460074,0,3162999501,
mcs90_m2D_s10.A00,mcs90_m2D_s10.B00,ll_lum,10,13,50,6.1112e-05,0,10,31,1.4412e-05,33,33,0,15,
mcs90_m2D_s10.A01,mcs90_m2D_s10.B01,ll_lum,9,12,47,4.1883e-05,0,10,10,6.89e-06,34,34,0,20,
mcs90_m2D_s10.A02,mcs90_m2D_s10.B02,ll_lum,9,12,114,4.3656e-05,0,10,65,1.5012e-05,69,69,0,30,
mcs90_m2D_s10.A03,mcs90_m2D_s10.B03,ll_lum,10,13,50,3.0827e-05,0,10,31,8.553e-06,33,33,0,15,
mcs90_m2D_s10.A04,mcs90_m2D_s10.B04,ll_lum,9,12,33,3.6084e-05,0,10,10,7.121e-06,24,24,0,11,
mcs90_m2D_s10.A05,mcs90_m2D_s10.B05,ll_lum,9,12,49,4.3495e-05,0,10,27,8.943e-06,33,33,0,16,
mcs90_m2D_s10.A06,mcs90_m2D_s10.B06,ll_lum,10,13,50,3.7026e-05,0,10,31,9.013e-06,33,33,0,15,
mcs90_m2D_s10.A07,mcs90_m2D_s10.B07,ll_lum,10,13,32,3.6795e-05,0,10,10,8.212e-06,23,23,0,10,
mcs90_m2D_s10.A08,mcs90_m2D_s10.B08,ll_lum,10,13,32,2.9074e-05,0,10,10,5.849e-06,23,23,0,12,
mcs90_m2D_s10.A09,mcs90_m2D_s10.B09,ll_lum,10,13,31,3.8408e-05,0,10,10,7.03e-06,22,22,0,11,
mcs90_m2D_s100.A00,mcs90_m2D_s100.B00,ll_lum,66,67,6797575907,1000.02,1,100,786789824,120.595,4326706339,4326706339,0,2517094520,
mcs90_m2D_s100.A01,mcs90_m2D_s100.B01,ll_lum,67,72,7055256477,1000.02,1,100,1431875710,190.463,5001902529,5001902529,0,3724145811,
mcs90_m2D_s100.A02,mcs90_m2D_s100.B02,ll_lum,64,62,8185739380,1000.01,1,100,9733455,1.09361,5214040443,5214040443,0,3421781577,
mcs90_m2D_s100.A03,mcs90_m2D_s100.B03,ll_lum,68,79,7205915660,1000.02,1,100,461062661,60.9172,4868846893,4868846893,0,3144894062,
mcs90_m2D_s100.A04,mcs90_m2D_s100.B04,ll_lum,63,62,7408173601,1000.02,1,100,219466683,23.8682,5088624109,5088624109,0,3336326806,
mcs90_m2D_s100.A05,mcs90_m2D_s100.B05,ll_lum,67,77,7522103511,1000.02,1,100,16649353,1.96877,5177475023,5177475023,0,3490571980,
mcs90_m2D_s100.A06,mcs90_m2D_s100.B06,ll_lum,76,120,6229660650,1000.02,1,100,176,0.000118669,3634869763,3634869763,0,2215087102,
mcs90_m2D_s100.A07,mcs90_m2D_s100.B07,ll_lum,67,75,4233889181,1000.02,1,100,179423375,40.9832,2856096888,2856096888,0,1789796653,
mcs90_m2D_s100.A08,mcs90_m2D_s100.B08,ll_lum,74,114,5732517913,1000.01,1,100,113033,0.0157688,3144291763,3144291763,0,1781827365,
mcs90_m2D_s100.A09,mcs90_m2D_s100.B09,ll_lum,73,94,6702647990,1000.02,1,100,78762315,8.82195,4331308067,4331308067,0,3077732804,
mcs90_m2D_s20.A00,mcs90_m2D_s20.B00,ll_lum,17,25,1575,0.000251829,0,20,430,6.5538e-05,1067,1067,0,728,
mcs90_m2D_s20.A01,mcs90_m2D_s20.B01,ll_lum,17,25,1277,0.000242525,0,20,17,1.5103e-05,876,876,0,581,
mcs90_m2D_s20.A02,mcs90_m2D_s20.B02,ll_lum,17,26,3137,0.000667959,0,20,806,0.00013906,1971,1971,0,1234,
mcs90_m2D_s20.A03,mcs90_m2D_s20.B03,ll_lum,16,24,18215,0.00226886,0,20,10813,0.00132233,11147,11147,0,7047,
mcs90_m2D_s20.A04,mcs90_m2D_s20.B04,ll_lum,16,24,19469,0.00240213,0,20,9958,0.00117606,11808,11808,0,6908,
mcs90_m2D_s20.A05,mcs90_m2D_s20.B05,ll_lum,16,24,25699,0.00297005,0,20,13667,0.0014275,15713,15713,0,9425,
mcs90_m2D_s20.A06,mcs90_m2D_s20.B06,ll_lum,17,25,17568,0.00231744,0,20,14763,0.00193132,10840,10840,0,6797,
mcs90_m2D_s20.A07,mcs90_m2D_s20.B07,ll_lum,16,24,7202,0.00100812,0,20,103,3.5073e-05,4413,4413,0,2427,
mcs90_m2D_s20.A08,mcs90_m2D_s20.B08,ll_lum,17,23,5499,0.000708429,0,20,3464,0.000419243,3376,3376,0,1937,
mcs90_m2D_s20.A09,mcs90_m2D_s20.B09,ll_lum,17,25,6152,0.000840512,0,20,4563,0.00058669,3818,3818,0,2545,
mcs90_m2D_s30.A00,mcs90_m2D_s30.B00,ll_lum,26,37,421298,0.0540506,0,30,415279,0.0531538,264762,264762,0,166837,
mcs90_m2D_s30.A01,mcs90_m2D_s30.B01,ll_lum,25,40,890467,0.116392,0,30,825036,0.107204,525937,525937,0,311568,
mcs90_m2D_s30.A02,mcs90_m2D_s30.B02,ll_lum,26,41,695664,0.0866732,0,30,678518,0.0841639,454126,454126,0,290510,
mcs90_m2D_s30.A03,mcs90_m2D_s30.B03,ll_lum,27,42,180350,0.0246511,0,30,177506,0.024175,107569,107569,0,66365,
mcs90_m2D_s30.A04,mcs90_m2D_s30.B04,ll_lum,26,39,322194,0.0412134,0,30,299975,0.0379905,195727,195727,0,116696,
mcs90_m2D_s30.A05,mcs90_m2D_s30.B05,ll_lum,25,40,104015,0.0140412,0,30,60131,0.00775306,64772,64772,0,42356,
mcs90_m2D_s30.A06,mcs90_m2D_s30.B06,ll_lum,25,40,353502,0.0476214,0,30,264000,0.0347391,222021,222021,0,140987,
mcs90_m2D_s30.A07,mcs90_m2D_s30.B07,ll_lum,27,43,242538,0.0632522,0,30,240482,0.0625705,155639,155639,0,104183,
mcs90_m2D_s30.A08,mcs90_m2D_s30.B08,ll_lum,27,42,207188,0.0285668,0,30,201986,0.0277273,130385,130385,0,83986,
mcs90_m2D_s30.A09,mcs90_m2D_s30.B09,ll_lum,25,40,415262,0.0518187,0,30,344026,0.041577,264057,264057,0,174046,
mcs90_m2D_s40.A00,mcs90_m2D_s40.B00,ll_lum,36,60,325964,0.0468446,0,40,282154,0.0399421,186642,186642,0,102686,
mcs90_m2D_s40.A01,mcs90_m2D_s40.B01,ll_lum,36,60,4305561,0.586437,0,40,4269451,0.580743,2712038,2712038,0,1677553,
mcs90_m2D_s40.A02,mcs90_m2D_s40.B02,ll_lum,36,60,13052823,1.7271,0,40,13026621,1.72276,8313054,8313054,0,5328191,
mcs90_m2D_s40.A03,mcs90_m2D_s40.B03,ll_lum,36,60,2386156,0.328426,0,40,2346145,0.321733,1460524,1460524,0,878224,
mcs90_m2D_s40.A04,mcs90_m2D_s40.B04,ll_lum,37,61,1451725,0.193586,0,40,1446650,0.192757,844504,844504,0,487535,
mcs90_m2D_s40.A05,mcs90_m2D_s40.B05,ll_lum,37,61,1813848,0.23564,0,40,1805723,0.234305,1081406,1081406,0,625373,
mcs90_m2D_s40.A06,mcs90_m2D_s40.B06,ll_lum,36,60,2717635,0.359711,0,40,2670427,0.352139,1721602,1721602,0,1025306,
mcs90_m2D_s40.A07,mcs90_m2D_s40.B07,ll_lum,36,60,46218,0.0160715,0,40,37,7.1968e-05,27301,27301,0,14851,
mcs90_m2D_s40.A08,mcs90_m2D_s40.B08,ll_lum,36,60,2138892,0.281003,0,40,2078468,0.271328,1337835,1337835,0,819984,
mcs90_m2D_s40.A09,mcs90_m2D_s40.B09,ll_lum,36,60,918533,0.122346,0,40,866608,0.114051,552454,552454,0,298660,
mcs90_m2D_s50.A00,mcs90_m2D_s50.B00,ll_lum,49,84,1391013,0.193509,0,50,1390921,0.193417,767693,767693,0,418738,
mcs90_m2D_s50.A01,mcs90_m2D_s50.B01,ll_lum,49,84,498616,0.073029,0,50,498523,0.0729356,285174,285174,0,127669,
mcs90_m2D_s50.A02,mcs90_m2D_s50.B02,ll_lum,49,84,546783,0.0907018,0,50,546701,0.0906185,285458,285458,0,105353,
mcs90_m2D_s50.A03,mcs90_m2D_s50.B03,ll_lum,49,84,807260,0.138669,0,50,806824,0.138521,457150,457150,0,218581,
mcs90_m2D_s50.A04,mcs90_m2D_s50.B04,ll_lum,50,85,22769582,3.0398,0,50,22769510,3.03971,13466842,13466842,0,7594195,
mcs90_m2D_s50.A05,mcs90_m2D_s50.B05,ll_lum,49,84,248915,0.0374302,0,50,248715,0.037323,130221,130221,0,63227,
mcs90_m2D_s50.A06,mcs90_m2D_s50.B06,ll_lum,49,84,570176,0.0823012,0,50,569819,0.0821704,304516,304516,0,158826,
mcs90_m2D_s50.A07,mcs90_m2D_s50.B07,ll_lum,49,84,2205472,0.30174,0,50,2203464,0.301245,1293578,1293578,0,653605,
mcs90_m2D_s50.A08,mcs90_m2D_s50.B08,ll_lum,49,84,1412638,0.202986,0,50,1412539,0.202887,800212,800212,0,427745,
mcs90_m2D_s50.A09,mcs90_m2D_s50.B09,ll_lum,49,84,4750216,0.643031,0,50,4748401,0.642723,2835045,2835045,0,1452829,
mcs90_m2D_s60.A00,mcs90_m2D_s60.B00,ll_lum,47,70,6509297288,1000.01,1,60,3852846479,588.97,4140527010,4140527010,0,2644773993,
mcs90_m2D_s60.A01,mcs90_m2D_s60.B01,ll_lum,44,50,7148212862,1000.01,1,60,943824,0.105252,4652299367,4652299367,0,2964274498,
mcs90_m2D_s60.A02,mcs90_m2D_s60.B02,ll_lum,42,40,7915591396,1000.01,1,60,2230959030,275.821,5293321263,5293321263,0,3424773569,
mcs90_m2D_s60.A03,mcs90_m2D_s60.B03,ll_lum,45,71,6844814046,1000.01,1,60,74,5.0837e-05,4455135288,4455135288,0,2811920502,
mcs90_m2D_s60.A04,mcs90_m2D_s60.B04,ll_lum,45,67,7046917280,1000.02,1,60,46,4.4857e-05,4530023431,4530023431,0,2792908494,
mcs90_m2D_s60.A05,mcs90_m2D_s60.B05,ll_lum,44,66,6974632912,1000.02,1,60,45,4.4647e-05,4507566433,4507566433,0,2854177682,
mcs90_m2D_s60.A06,mcs90_m2D_s60.B06,ll_lum,46,66,6761690678,1000.02,1,60,1032626923,151.628,4374713538,4374713538,0,2753096538,
mcs90_m2D_s60.A07,mcs90_m2D_s60.B07,ll_lum,44,68,7008130477,1000.02,1,60,45,4.2464e-05,4490481069,4490481069,0,2875078529,
mcs90_m2D_s60.A08,mcs90_m2D_s60.B08,ll_lum,44,61,6223886006,1000.02,1,60,313,6.7892e-05,3986764819,3986764819,0,2556338175,
mcs90_m2D_s60.A09,mcs90_m2D_s60.B09,ll_lum,44,58,6632108289,1000.01,1,60,3536279671,526.282,4424124321,4424124321,0,3035924302,
mcs90_m2D_s70.A00,mcs90_m2D_s70.B00,ll_lum,64,112,1150211465,189.921,0,70,1148537209,189.555,701955089,701955089,0,419760837,
mcs90_m2D_s70.A01,mcs90_m2D_s70.B01,ll_lum,65,113,1430071495,233.536,0,70,1429798090,233.481,869688658,869688658,0,500711123,
mcs90_m2D_s70.A02,mcs90_m2D_s70.B02,ll_lum,65,113,836504722,143.473,0,70,836109041,143.391,495262093,495262093,0,269558097,
mcs90_m2D_s70.A03,mcs90_m2D_s70.B03,ll_lum,65,113,3010068591,500.729,0,70,3009737897,500.662,1882335062,1882335062,0,1104386146,
mcs90_m2D_s70.A04,mcs90_m2D_s70.B04,ll_lum,64,112,2127302,0.423433,0,70,65,8.663e-05,1185480,1185480,0,554930,
mcs90_m2D_s70.A05,mcs90_m2D_s70.B05,ll_lum,65,113,1178982050,204.173,0,70,1178751850,204.126,733637292,733637292,0,430959788,
mcs90_m2D_s70.A06,mcs90_m2D_s70.B06,ll_lum,49,60,7147854064,1000.02,1,70,923621739,122.824,4650218658,4650218658,0,2862838518,
mcs90_m2D_s70.A07,mcs90_m2D_s70.B07,ll_lum,53,79,7008053883,1000.02,1,70,758,0.000121303,4435434888,4435434888,0,2679175531,
mcs90_m2D_s70.A08,mcs90_m2D_s70.B08,ll_lum,64,112,680361377,114.84,0,70,678482978,114.46,422272233,422272233,0,244900346,
mcs90_m2D_s70.A09,mcs90_m2D_s70.B09,ll_lum,55,78,6299360876,1000.02,1,70,628601898,95.9049,3933987450,3933987450,0,2317296864,
mcs90_m2D_s80.A00,mcs90_m2D_s80.B00,ll_lum,57,70,7022441194,1000.02,1,80,410868188,51.0135,4794876858,4794876858,0,3291881111,
mcs90_m2D_s80.A01,mcs90_m2D_s80.B01,ll_lum,54,52,7498007362,1000.02,1,80,361586924,45.9525,5118430740,5118430740,0,3362726616,
mcs90_m2D_s80.A02,mcs90_m2D_s80.B02,ll_lum,55,57,7093683139,1000.01,1,80,2873654349,393.404,4642552791,4642552791,0,3055437039,
mcs90_m2D_s80.A03,mcs90_m2D_s80.B03,ll_lum,56,64,7180539339,1000.01,1,80,2697334140,370.79,4731517845,4731517845,0,2981270391,
mcs90_m2D_s80.A04,mcs90_m2D_s80.B04,ll_lum,61,86,6080907748,1000.02,1,80,135873174,19.4085,4182566473,4182566473,0,2948218161,
mcs90_m2D_s80.A05,mcs90_m2D_s80.B05,ll_lum,53,51,7339126010,1000.02,1,80,388502748,50.7101,5040510241,5040510241,0,3330440454,
mcs90_m2D_s80.A06,mcs90_m2D_s80.B06,ll_lum,56,61,8069065287,1000.01,1,80,5635172282,669.767,4947180687,4947180687,0,2975009147,
mcs90_m2D_s80.A07,mcs90_m2D_s80.B07,ll_lum,61,92,3578726479,1000.02,1,80,221094,0.055968,2282449281,2282449281,0,1520735738,
mcs90_m2D_s80.A08,mcs90_m2D_s80.B08,ll_lum,56,56,3969378593,1000.02,1,80,196729881,52.0886,2655314954,2655314954,0,1796501761,
mcs90_m2D_s80.A09,mcs90_m2D_s80.B09,ll_lum,55,63,4298364054,1000.01,1,80,3978594750,913.282,2984331494,2984331494,0,1945507433,
mcs90_m2D_s90.A00,mcs90_m2D_s90.B00,ll_lum,71,106,5880262152,1000.01,1,90,84,8.1874e-05,3730233728,3730233728,0,2193709784,
mcs90_m2D_s90.A01,mcs90_m2D_s90.B01,ll_lum,72,127,5824664963,1000.02,1,90,73,9.0356e-05,3390951916,3390951916,0,1865995617,
mcs90_m2D_s90.A02,mcs90_m2D_s90.B02,ll_lum,68,94,6491267131,1000.02,1,90,5427513380,836.661,3625193007,3625193007,0,2128541351,
mcs90_m2D_s90.A03,mcs90_m2D_s90.B03,ll_lum,68,90,6482012359,1000.02,1,90,419028458,57.2253,4182560050,4182560050,0,2538192627,
mcs90_m2D_s90.A04,mcs90_m2D_s90.B04,ll_lum,70,99,6411751594,1000.02,1,90,5908420485,920.811,4040064260,4040064260,0,2355117378,
mcs90_m2D_s90.A05,mcs90_m2D_s90.B05,ll_lum,67,90,6931001749,1000.01,1,90,56896715,7.20467,4327723884,4327723884,0,2500913177,
mcs90_m2D_s90.A06,mcs90_m2D_s90.B06,ll_lum,69,104,6650166890,1000.02,1,90,4747,0.000582974,4257128891,4257128891,0,2439106058,
mcs90_m2D_s90.A07,mcs90_m2D_s90.B07,ll_lum,66,95,6556733398,1000.02,1,90,1894602216,279.23,4095454508,4095454508,0,2243937660,
mcs90_m2D_s90.A08,mcs90_m2D_s90.B08,ll_lum,60,61,7188547341,1000.02,1,90,296375513,38.9632,4818251958,4818251958,0,3045015041,
mcs90_m2D_s90.A09,mcs90_m2D_s90.B09,ll_lum,70,106,6208811706,1000.01,1,90,227925862,33.5475,3888632184,3888632184,0,2305463140,
mcs90_m2Dr2_s10.A00,mcs90_m2Dr2_s10.B00,ll_lum,9,13,46,3.4352e-05,0,10,20,9.064e-06,32,32,0,16,
mcs90_m2Dr2_s10.A01,mcs90_m2Dr2_s10.B01,ll_lum,10,14,180,6.014e-05,0,10,171,2.9645e-05,117,117,0,64,
mcs90_m2Dr2_s10.A02,mcs90_m2Dr2_s10.B02,ll_lum,9,13,63,3.3931e-05,0,10,42,9.565e-06,40,40,0,16,
mcs90_m2Dr2_s10.A03,mcs90_m2Dr2_s10.B03,ll_lum,9,13,79,4.6009e-05,0,10,61,1.38e-05,52,52,0,26,
mcs90_m2Dr2_s10.A04,mcs90_m2Dr2_s10.B04,ll_lum,9,12,42,3.6014e-05,0,10,10,6.851e-06,30,30,0,18,
mcs90_m2Dr2_s10.A05,mcs90_m2Dr2_s10.B05,ll_lum,9,13,38,3.5404e-05,0,10,10,6.38e-06,28,28,0,17,
mcs90_m2Dr2_s10.A06,mcs90_m2Dr2_s10.B06,ll_lum,9,12,34,3.0736e-05,0,10,10,7.231e-06,25,25,0,12,
mcs90_m2Dr2_s10.A07,mcs90_m2Dr2_s10.B07,ll_lum,9,13,53,3.6204e-05,0,10,32,8.924e-06,35,35,0,20,
mcs90_m2Dr2_s10.A08,mcs90_m2Dr2_s10.B08,ll_lum,9,12,57,3.7406e-05,0,10,35,9.765e-06,40,40,0,15,
mcs90_m2Dr2_s10.A09,mcs90_m2Dr2_s10.B09,ll_lum,10,14,34,3.7426e-05,0,10,11,5.899e-06,24,24,0,11,
mcs90_m2Dr2_s100.A00,mcs90_m2Dr2_s100.B00,ll_lum,62,62,7473117198,1000.02,1,100,2164605026,276.7,4833678177,4833678177,0,3232333260,
mcs90_m2Dr2_s100.A01,mcs90_m2Dr2_s100.B01,ll_lum,61,58,5473702809,1000.02,1,100,242865980,43.1802,3769424729,3769424729,0,2639634123,
mcs90_m2Dr2_s100.A02,mcs90_m2Dr2_s100.B02,ll_lum,60,55,7362829350,1000.02,1,100,6080057926,804.983,4882102305,4882102305,0,3373521129,
mcs90_m2Dr2_s100.A03,mcs90_m2Dr2_s100.B03,ll_lum,63,60,7250772105,1000.01,1,100,352188876,44.5694,5023887208,5023887208,0,3211209508,
mcs90_m2Dr2_s100.A04,mcs90_m2Dr2_s100.B04,ll_lum,75,117,5154750716,1000.02,1,100,67370592,12.3029,2862527444,2862527444,0,1589480711,
mcs90_m2Dr2_s100.A05,mcs90_m2Dr2_s100.B05,ll_lum,63,61,7361133368,1000.01,1,100,20489326,2.12205,4636396052,4636396052,0,3125497068,
mcs90_m2Dr2_s100.A06,mcs90_m2Dr2_s100.B06,ll_lum,59,57,7729852768,1000.02,1,100,1551859791,189.29,4835359142,4835359142,0,3412769781,
mcs90_m2Dr2_s100.A07,mcs90_m2Dr2_s100.B07,ll_lum,62,52,7579410921,1000.01,1,100,4916791532,637.006,5268399824,5268399824,0,3845994474,
mcs90_m2Dr2_s100.A08,mcs90_m2Dr2_s100.B08,ll_lum,63,62,7156567270,1000.01,1,100,1529777034,204.636,4834838690,4834838690,0,3385177539,
mcs90_m2Dr2_s100.A09,mcs90_m2Dr2_s100.B09,ll_lum,62,59,7611687702,1000.02,1,100,85068724,10.2869,5072926348,5072926348,0,3567268597,
mcs90_m2Dr2_s20.A00,mcs90_m2Dr2_s20.B00,ll_lum,17,28,1015,0.000201835,0,20,18,1.5383e-05,728,728,0,533,
mcs90_m2Dr2_s20.A01,mcs90_m2Dr2_s20.B01,ll_lum,16,27,8952,0.00125663,0,20,75,2.1542e-05,5800,5800,0,3938,
mcs90_m2Dr2_s20.A02,mcs90_m2Dr2_s20.B02,ll_lum,17,28,1168,0.000231289,0,20,18,1.5252e-05,787,787,0,519,
mcs90_m2Dr2_s20.A03,mcs90_m2Dr2_s20.B03,ll_lum,16,27,15497,0.00197345,0,20,9731,0.00115071,9851,9851,0,6586,
mcs90_m2Dr2_s20.A04,mcs90_m2Dr2_s20.B04,ll_lum,16,27,19065,0.00246913,0,20,13948,0.00176124,12337,12337,0,8774,
mcs90_m2Dr2_s20.A05,mcs90_m2Dr2_s20.B05,ll_lum,16,26,12365,0.00178315,0,20,3036,0.000427035,7848,7848,0,5338,
mcs90_m2Dr2_s20.A06,mcs90_m2Dr2_s20.B06,ll_lum,16,23,8223,0.00118524,0,20,132,3.2008e-05,5276,5276,0,3566,
mcs90_m2Dr2_s20.A07,mcs90_m2Dr2_s20.B07,ll_lum,16,27,30313,0.00398347,0,20,26452,0.00339972,18881,18881,0,12832,
mcs90_m2Dr2_s20.A08,mcs90_m2Dr2_s20.B08,ll_lum,16,25,17511,0.00233871,0,20,12499,0.00161104,11123,11123,0,7594,
mcs90_m2Dr2_s20.A09,mcs90_m2Dr2_s20.B09,ll_lum,16,26,16244,0.00218266,0,20,12635,0.00165252,10134,10134,0,6868,
mcs90_m2Dr2_s30.A00,mcs90_m2Dr2_s30.B00,ll_lum,25,45,2931252,0.359593,0,30,2908478,0.356336,1961644,1961644,0,1369458,
mcs90_m2Dr2_s30.A01,mcs90_m2Dr2_s30.B01,ll_lum,26,45,1710783,0.217558,0,30,1700553,0.215903,1072014,1072014,0,704301,
mcs90_m2Dr2_s30.A02,mcs90_m2Dr2_s30.B02,ll_lum,26,46,3642710,0.465654,0,30,3638922,0.465021,2495218,2495218,0,1830401,
mcs90_m2Dr2_s30.A03,mcs90_m2Dr2_s30.B03,ll_lum,26,44,587712,0.0713639,0,30,580785,0.0703168,367380,367380,0,257957,
mcs90_m2Dr2_s30.A04,mcs90_m2Dr2_s30.B04,ll_lum,25,43,1854389,0.246736,0,30,1791076,0.237235,1145279,1145279,0,745012,
mcs90_m2Dr2_s30.A05,mcs90_m2Dr2_s30.B05,ll_lum,25,45,978342,0.120879,0,30,952021,0.117109,629028,629028,0,436360,
mcs90_m2Dr2_s30.A06,mcs90_m2Dr2_s30.B06,ll_lum,26,46,1869005,0.244875,0,30,1854983,0.242646,1218617,1218617,0,835092,
mcs90_m2Dr2_s30.A07,mcs90_m2Dr2_s30.B07,ll_lum,25,43,1123908,0.147764,0,30,1080845,0.141209,732001,732001,0,498923,
mcs90_m2Dr2_s30.A08,mcs90_m2Dr2_s30.B08,ll_lum,25,45,33306,0.00535101,0,30,26,2.3034e-05,21107,21107,0,14061,
mcs90_m2Dr2_s30.A09,mcs90_m2Dr2_s30.B09,ll_lum,25,44,2487764,0.332872,0,30,2440638,0.325645,1544925,1544925,0,1042513,
mcs90_m2Dr2_s40.A00,mcs90_m2Dr2_s40.B00,ll_lum,37,67,47938455,6.58783,0,40,47935945,6.58733,29747704,29747704,0,19861067,
mcs90_m2Dr2_s40.A01,mcs90_m2Dr2_s40.B01,ll_lum,36,66,121389669,15.8245,0,40,121368915,15.821,82471213,82471213,0,59709315,
mcs90_m2Dr2_s40.A02,mcs90_m2Dr2_s40.B02,ll_lum,36,67,11402186,1.55829,0,40,11394357,1.55692,7150857,7150857,0,4756503,
mcs90_m2Dr2_s40.A03,mcs90_m2Dr2_s40.B03,ll_lum,36,66,115060789,13.956,0,40,115046952,13.9538,77678583,77678583,0,54173271,
mcs90_m2Dr2_s40.A04,mcs90_m2Dr2_s40.B04,ll_lum,36,67,110194582,15.3592,0,40,110170255,15.3551,69753802,69753802,0,45884909,
mcs90_m2Dr2_s40.A05,mcs90_m2Dr2_s40.B05,ll_lum,36,66,1873960,0.284444,0,40,1857342,0.281331,1172751,1172751,0,808952,
mcs90_m2Dr2_s40.A06,mcs90_m2Dr2_s40.B06,ll_lum,36,66,54967081,7.14076,0,40,54956896,7.13895,36020975,36020975,0,24555526,
mcs90_m2Dr2_s40.A07,mcs90_m2Dr2_s40.B07,ll_lum,36,67,111772931,14.3789,0,40,111759069,14.3766,74200652,74200652,0,51197108,
mcs90_m2Dr2_s40.A08,mcs90_m2Dr2_s40.B08,ll_lum,36,67,7913902,1.12375,0,40,7897404,1.12094,5041865,5041865,0,3427951,
mcs90_m2Dr2_s40.A09,mcs90_m2Dr2_s40.B09,ll_lum,37,67,10544,0.00187895,0,40,1588,0.000319161,6961,6961,0,4307,
mcs90_m2Dr2_s50.A00,mcs90_m2Dr2_s50.B00,ll_lum,49,92,2564594351,354.424,0,50,2564594173,354.424,1632996007,1632996007,0,1085368642,
mcs90_m2Dr2_s50.A01,mcs90_m2Dr2_s50.B01,ll_lum,49,92,288915309,41.1612,0,50,288915224,41.1611,191766857,191766857,0,132819435,
mcs90_m2Dr2_s50.A02,mcs90_m2Dr2_s50.B02,ll_lum,49,92,434208570,62.0355,0,50,434208474,62.0354,268766267,268766267,0,173174943,
mcs90_m2Dr2_s50.A03,mcs90_m2Dr2_s50.B03,ll_lum,49,90,222712,0.0364904,0,50,222639,0.0364021,135870,135870,0,91966,
mcs90_m2Dr2_s50.A04,mcs90_m2Dr2_s50.B04,ll_lum,49,92,33566563,5.15548,0,50,33566309,5.15534,20054676,20054676,0,12954979,
mcs90_m2Dr2_s50.A05,mcs90_m2Dr2_s50.B05,ll_lum,49,92,173403,0.0258275,0,50,173295,0.0257313,98732,98732,0,61396,
mcs90_m2Dr2_s50.A06,mcs90_m2Dr2_s50.B06,ll_lum,49,91,97985370,13.321,0,50,97985268,13.3209,58347371,58347371,0,34177269,
mcs90_m2Dr2_s50.A07,mcs90_m2Dr2_s50.B07,ll_lum,49,92,16388553,2.43842,0,50,16388367,2.4383,9702744,9702744,0,6310708,
mcs90_m2Dr2_s50.A08,mcs90_m2Dr2_s50.B08,ll_lum,49,93,1186069518,155.807,0,50,1186069428,155.807,773828358,773828358,0,533908637,
mcs90_m2Dr2_s50.A09,mcs90_m2Dr2_s50.B09,ll_lum,49,93,155,0.000141303,0,50,50,5.1898e-05,106,106,0,57,
mcs90_m2Dr2_s60.A00,mcs90_m2Dr2_s60.B00,ll_lum,39,33,7471813710,1000.02,1,60,313352936,40.0914,5102071410,5102071410,0,3583137038,
mcs90_m2Dr2_s60.A01,mcs90_m2Dr2_s60.B01,ll_lum,40,41,7026671212,1000.01,1,60,4311989224,609.701,4802466944,4802466944,0,3451918940,
mcs90_m2Dr2_s60.A02,mcs90_m2Dr2_s60.B02,ll_lum,39,37,7284192671,1000.01,1,60,406950524,55.4043,4511189899,4511189899,0,3119021499,
mcs90_m2Dr2_s60.A03,mcs90_m2Dr2_s60.B03,ll_lum,42,51,7218293677,1000.02,1,60,4967027292,666.428,4836631184,4836631184,0,3389175004,
mcs90_m2Dr2_s60.A04,mcs90_m2Dr2_s60.B04,ll_lum,40,43,7852641639,1000.01,1,60,69262871,8.10948,5199101114,5199101114,0,3553031985,
mcs90_m2Dr2_s60.A05,mcs90_m2Dr2_s60.B05,ll_lum,40,40,7026421987,1000.01,1,60,348746394,46.5936,4463464807,4463464807,0,3092053507,
mcs90_m2Dr2_s60.A06,mcs90_m2Dr2_s60.B06,ll_lum,41,40,7331615129,1000.01,1,60,5306498318,708.392,4748858882,4748858882,0,3317571393,
mcs90_m2Dr2_s60.A07,mcs90_m2Dr2_s60.B07,ll_lum,40,44,7163498419,1000.01,1,60,5741351156,789.643,4771122841,4771122841,0,3091660110,
mcs90_m2Dr2_s60.A08,mcs90_m2Dr2_s60.B08,ll_lum,39,34,7597706370,1000.01,1,60,1963145175,256.346,5018861615,5018861615,0,3318906239,
mcs90_m2Dr2_s60.A09,mcs90_m2Dr2_s60.B09,ll_lum,40,42,7161456089,1000.01,1,60,500835129,69.6041,4786947594,4786947594,0,3288486135,
mcs90_m2Dr2_s70.A00,mcs90_m2Dr2_s70.B00,ll_lum,46,53,7292390964,1000.02,1,70,1370442253,183.179,4823555551,4823555551,0,3286442078,
mcs90_m2Dr2_s70.A01,mcs90_m2Dr2_s70.B01,ll_lum,45,48,7165344128,1000.02,1,70,3573495446,488.274,4735949272,4735949272,0,3243225225,
mcs90_m2Dr2_s70.A02,mcs90_m2Dr2_s70.B02,ll_lum,45,48,7814740381,1000.02,1,70,110310597,12.4431,5208157693,5208157693,0,3600316779,
mcs90_m2Dr2_s70.A03,mcs90_m2Dr2_s70.B03,ll_lum,46,48,7186837568,1000.02,1,70,6199056531,856.058,4538234539,4538234539,0,2913374477,
mcs90_m2Dr2_s70.A04,mcs90_m2Dr2_s70.B04,ll_lum,48,66,7106267768,1000.02,1,70,5542269676,771.358,4640608703,4640608703,0,3056246034,
mcs90_m2Dr2_s70.A05,mcs90_m2Dr2_s70.B05,ll_lum,45,48,6888647193,1000.02,1,70,2460009758,351.623,4563155812,4563155812,0,2960658943,
mcs90_m2Dr2_s70.A06,mcs90_m2Dr2_s70.B06,ll_lum,47,64,6936762550,1000.02,1,70,1996627804,280.782,4398474322,4398474322,0,2982967695,
mcs90_m2Dr2_s70.A07,mcs90_m2Dr2_s70.B07,ll_lum,47,54,6977052593,1000.02,1,70,555093156,74.1887,4703518114,4703518114,0,3262513181,
mcs90_m2Dr2_s70.A08,mcs90_m2Dr2_s70.B08,ll_lum,53,80,6242693195,1000.01,1,70,4746855160,747.633,3983581315,3983581315,0,2700368325,
mcs90_m2Dr2_s70.A09,mcs90_m2Dr2_s70.B09,ll_lum,47,61,7096597044,1000.01,1,70,4529283877,628.948,4424100077,4424100077,0,3062615466,
mcs90_m2Dr2_s80.A00,mcs90_m2Dr2_s80.B00,ll_lum,51,49,7512894232,1000.02,1,80,1663817939,213.817,4979977183,4979977183,0,3366632218,
mcs90_m2Dr2_s80.A01,mcs90_m2Dr2_s80.B01,ll_lum,53,57,7253734370,1000.02,1,80,213587960,27.198,4914988019,4914988019,0,3285021578,
mcs90_m2Dr2_s80.A02,mcs90_m2Dr2_s80.B02,ll_lum,52,55,6909726256,1000.01,1,80,331947052,44.1126,4309056371,4309056371,0,2987148517,
mcs90_m2Dr2_s80.A03,mcs90_m2Dr2_s80.B03,ll_lum,52,52,6971940681,1000.01,1,80,606709146,82.7571,4262109323,4262109323,0,2941653797,
mcs90_m2Dr2_s80.A04,mcs90_m2Dr2_s80.B04,ll_lum,52,48,7528147130,1000.01,1,80,4192077922,533.11,5037822801,5037822801,0,3358560453,
mcs90_m2Dr2_s80.A05,mcs90_m2Dr2_s80.B05,ll_lum,52,52,6829944452,1000.02,1,80,219662522,30.995,4931710274,4931710274,0,3708234225,
mcs90_m2Dr2_s80.A06,mcs90_m2Dr2_s80.B06,ll_lum,52,53,6729063317,1000.02,1,80,3333722655,488.738,4504090176,4504090176,0,3068398016,
mcs90_m2Dr2_s80.A07,mcs90_m2Dr2_s80.B07,ll_lum,52,56,6911300258,1000.02,1,80,3036655645,428.033,4744393949,4744393949,0,3292254127,
mcs90_m2Dr2_s80.A08,mcs90_m2Dr2_s80.B08,ll_lum,50,52,7528736078,1000.02,1,80,126065305,15.8624,5205537063,5205537063,0,3620364258,
mcs90_m2Dr2_s80.A09,mcs90_m2Dr2_s80.B09,ll_lum,51,53,7486564990,1000.02,1,80,1463692094,188.523,5150671447,5150671447,0,3664532430,
mcs90_m2Dr2_s90.A00,mcs90_m2Dr2_s90.B00,ll_lum,56,62,7500922253,1000.02,1,90,5498399049,724.694,5176857615,5176857615,0,3408816641,
mcs90_m2Dr2_s90.A01,mcs90_m2Dr2_s90.B01,ll_lum,58,66,6883347939,1000.02,1,90,2841945652,412.067,4490239459,4490239459,0,2871921713,
mcs90_m2Dr2_s90.A02,mcs90_m2Dr2_s90.B02,ll_lum,58,66,7031074304,1000.02,1,90,227704871,30.8086,4624536772,4624536772,0,3120707176,
mcs90_m2Dr2_s90.A03,mcs90_m2Dr2_s90.B03,ll_lum,56,56,7361833021,1000.02,1,90,395212739,50.8824,4819289461,4819289461,0,3029701443,
mcs90_m2Dr2_s90.A04,mcs90_m2Dr2_s90.B04,ll_lum,59,63,7032501995,1000.01,1,90,4279446669,600.265,4409255797,4409255797,0,2891836251,
mcs90_m2Dr2_s90.A05,mcs90_m2Dr2_s90.B05,ll_lum,57,62,7051916275,1000.01,1,90,3088277091,414.084,4523622850,4523622850,0,2991024689,
mcs90_m2Dr2_s90.A06,mcs90_m2Dr2_s90.B06,ll_lum,59,61,4119236897,1000.02,1,90,557384801,138.827,2511981704,2511981704,0,1691429023,
mcs90_m2Dr2_s90.A07,mcs90_m2Dr2_s90.B07,ll_lum,58,64,7193734053,1000.02,1,90,46679257,5.89367,4654832897,4654832897,0,2953796065,
mcs90_m2Dr2_s90.A08,mcs90_m2Dr2_s90.B08,ll_lum,58,63,7094972373,1000.02,1,90,281292273,38.3892,4604019164,4604019164,0,3214297671,
mcs90_m2Dr2_s90.A09,mcs90_m2Dr2_s90.B09,ll_lum,59,68,7502143511,1000.02,1,90,6377916259,833.284,5142300931,5142300931,0,3506237531,
mcs90_m2Dr4_s10.A00,mcs90_m2Dr4_s10.B00,ll_lum,9,14,176,5.3821e-05,0,10,161,2.675e-05,111,111,0,62,
mcs90_m2Dr4_s10.A01,mcs90_m2Dr4_s10.B01,ll_lum,9,15,156,5.2139e-05,0,10,136,2.2394e-05,97,97,0,63,
mcs90_m2Dr4_s10.A02,mcs90_m2Dr4_s10.B02,ll_lum,9,15,254,6.3616e-05,0,10,238,3.6636e-05,163,163,0,112,
mcs90_m2Dr4_s10.A03,mcs90_m2Dr4_s10.B03,ll_lum,9,14,179,5.5072e-05,0,10,157,2.8032e-05,112,112,0,65,
mcs90_m2Dr4_s10.A04,mcs90_m2Dr4_s10.B04,ll_lum,9,13,80,4.0892e-05,0,10,18,7.381e-06,54,54,0,29,
mcs90_m2Dr4_s10.A05,mcs90_m2Dr4_s10.B05,ll_lum,9,14,232,5.9118e-05,0,10,218,3.321e-05,144,144,0,99,
mcs90_m2Dr4_s10.A06,mcs90_m2Dr4_s10.B06,ll_lum,9,14,32,3.4753e-05,0,10,10,5.849e-06,23,23,0,12,
mcs90_m2Dr4_s10.A07,mcs90_m2Dr4_s10.B07,ll_lum,9,13,78,4.3455e-05,0,10,66,1.6675e-05,53,53,0,26,
mcs90_m2Dr4_s10.A08,mcs90_m2Dr4_s10.B08,ll_lum,9,13,324,7.1177e-05,0,10,314,4.4447e-05,209,209,0,120,
mcs90_m2Dr4_s10.A09,mcs90_m2Dr4_s10.B09,ll_lum,9,13,56,3.6875e-05,0,10,35,9.104e-06,37,37,0,17,
mcs90_m2Dr4_s100.A00,mcs90_m2Dr4_s100.B00,ll_lum,56,47,7969831933,1000.02,1,100,600967997,70.815,5373527622,5373527622,0,4025122048,
mcs90_m2Dr4_s100.A01,mcs90_m2Dr4_s100.B01,ll_lum,61,56,6440024456,1000.02,1,100,2283947076,334.634,3882813893,3882813893,0,2622335789,
mcs90_m2Dr4_s100.A02,mcs90_m2Dr4_s100.B02,ll_lum,58,52,7224901594,1000.01,1,100,889058105,117.378,4734238795,4734238795,0,3218879517,
mcs90_m2Dr4_s100.A03,mcs90_m2Dr4_s100.B03,ll_lum,72,121,5152306465,1000.01,1,100,261818,0.0398003,3277719833,3277719833,0,2382752759,
mcs90_m2Dr4_s100.A04,mcs90_m2Dr4_s100.B04,ll_lum,58,52,7149242807,1000.02,1,100,596304326,77.1092,4668520959,4668520959,0,3132715815,
mcs90_m2Dr4_s100.A05,mcs90_m2Dr4_s100.B05,ll_lum,60,57,7204713670,1000.02,1,100,3700335604,498.718,4728894956,4728894956,0,3391183641,
mcs90_m2Dr4_s100.A06,mcs90_m2Dr4_s100.B06,ll_lum,60,55,7134801024,1000.01,1,100,309205158,40.9278,4438812404,4438812404,0,2987416641,
mcs90_m2Dr4_s100.A07,mcs90_m2Dr4_s100.B07,ll_lum,76,148,2964644833,1000.02,1,100,76,0.000152161,1689264290,1689264290,0,1122807376,
mcs90_m2Dr4_s100.A08,mcs90_m2Dr4_s100.B08,ll_lum,59,57,6850866286,1000.02,1,100,338750680,46.9301,4275146015,4275146015,0,2890761111,
mcs90_m2Dr4_s100.A09,mcs90_m2Dr4_s100.B09,ll_lum,58,54,7427289761,1000.02,1,100,4778858456,630.349,4937570769,4937570769,0,3573871070,
mcs90_m2Dr4_s20.A00,mcs90_m2Dr4_s20.B00,ll_lum,16,27,33779,0.00422055,0,20,31256,0.00382696,21019,21019,0,14882,
mcs90_m2Dr4_s20.A01,mcs90_m2Dr4_s20.B01,ll_lum,16,28,29136,0.00403097,0,20,24536,0.003317,18601,18601,0,13507,
mcs90_m2Dr4_s20.A02,mcs90_m2Dr4_s20.B02,ll_lum,16,28,8005,0.00122088,0,20,382,6.6119e-05,5249,5249,0,3993,
mcs90_m2Dr4_s20.A03,mcs90_m2Dr4_s20.B03,ll_lum,16,27,11727,0.00170446,0,20,884,0.000137476,7403,7403,0,4683,
mcs90_m2Dr4_s20.A04,mcs90_m2Dr4_s20.B04,ll_lum,16,30,27152,0.00348375,0,20,24743,0.00310103,17632,17632,0,12479,
mcs90_m2Dr4_s20.A05,mcs90_m2Dr4_s20.B05,ll_lum,16,29,29473,0.00385906,0,20,23910,0.00304822,18313,18313,0,13066,
mcs90_m2Dr4_s20.A06,mcs90_m2Dr4_s20.B06,ll_lum,17,30,47894,0.00617693,0,20,46574,0.00595394,29088,29088,0,20186,
mcs90_m2Dr4_s20.A07,mcs90_m2Dr4_s20.B07,ll_lum,16,29,28891,0.00380274,0,20,26665,0.00344559,17899,17899,0,12497,
mcs90_m2Dr4_s20.A08,mcs90_m2Dr4_s20.B08,ll_lum,16,27,7002,0.00105313,0,20,1344,0.000203976,4499,4499,0,3191,
mcs90_m2Dr4_s20.A09,mcs90_m2Dr4_s20.B09,ll_lum,16,29,5942,0.000878417,0,20,2064,0.000276107,3956,3956,0,3009,
mcs90_m2Dr4_s30.A00,mcs90_m2Dr4_s30.B00,ll_lum,25,50,246659,0.034134,0,30,177677,0.0221193,153053,153053,0,108664,
mcs90_m2Dr4_s30.A01,mcs90_m2Dr4_s30.B01,ll_lum,25,49,443508,0.0572814,0,30,413277,0.0526158,288407,288407,0,208495,
mcs90_m2Dr4_s30.A02,mcs90_m2Dr4_s30.B02,ll_lum,25,48,1879336,0.252412,0,30,1847014,0.247099,1195375,1195375,0,858787,
mcs90_m2Dr4_s30.A03,mcs90_m2Dr4_s30.B03,ll_lum,25,48,30929,0.00527957,0,30,26,2.1763e-05,20328,20328,0,15395,
mcs90_m2Dr4_s30.A04,mcs90_m2Dr4_s30.B04,ll_lum,25,49,153135,0.0212962,0,30,122719,0.0163957,94421,94421,0,62609,
mcs90_m2Dr4_s30.A05,mcs90_m2Dr4_s30.B05,ll_lum,25,48,29621,0.00537647,0,30,511,0.000108985,19909,19909,0,14893,
mcs90_m2Dr4_s30.A06,mcs90_m2Dr4_s30.B06,ll_lum,25,49,2160773,0.317387,0,30,2124635,0.311401,1336905,1336905,0,959161,
mcs90_m2Dr4_s30.A07,mcs90_m2Dr4_s30.B07,ll_lum,26,49,1586280,0.196641,0,30,1580209,0.195621,1034459,1034459,0,689696,
mcs90_m2Dr4_s30.A08,mcs90_m2Dr4_s30.B08,ll_lum,26,49,40361,0.00619601,0,30,35783,0.00542529,25395,25395,0,17820,
mcs90_m2Dr4_s30.A09,mcs90_m2Dr4_s30.B09,ll_lum,25,49,6399982,0.829591,0,30,6363798,0.823824,4058016,4058016,0,2742451,
mcs90_m2Dr4_s40.A00,mcs90_m2Dr4_s40.B00,ll_lum,36,73,48384508,7.08848,0,40,48368825,7.08557,30701086,30701086,0,21456056,
mcs90_m2Dr4_s40.A01,mcs90_m2Dr4_s40.B01,ll_lum,36,73,48050332,6.70608,0,40,48041861,6.70445,30798995,30798995,0,21904972,
mcs90_m2Dr4_s40.A02,mcs90_m2Dr4_s40.B02,ll_lum,36,74,155154,0.0229774,0,40,142097,0.0205396,96454,96454,0,68072,
mcs90_m2Dr4_s40.A03,mcs90_m2Dr4_s40.B03,ll_lum,36,73,50748013,7.3341,0,40,50736810,7.33197,32396440,32396440,0,23312685,
mcs90_m2Dr4_s40.A04,mcs90_m2Dr4_s40.B04,ll_lum,36,72,19602,0.00379056,0,40,37,4.0141e-05,13518,13518,0,10090,
mcs90_m2Dr4_s40.A05,mcs90_m2Dr4_s40.B05,ll_lum,36,72,23137515,3.55877,0,40,23124135,3.55554,14351946,14351946,0,10485663,
mcs90_m2Dr4_s40.A06,mcs90_m2Dr4_s40.B06,ll_lum,36,74,1393885,0.186158,0,40,1380391,0.183722,890634,890634,0,599095,
mcs90_m2Dr4_s40.A07,mcs90_m2Dr4_s40.B07,ll_lum,36,72,12869,0.0023006,0,40,2176,0.000463536,8492,8492,0,6019,
mcs90_m2Dr4_s40.A08,mcs90_m2Dr4_s40.B08,ll_lum,36,73,11667986,1.50779,0,40,11660400,1.50634,7481941,7481941,0,5359408,
mcs90_m2Dr4_s40.A09,mcs90_m2Dr4_s40.B09,ll_lum,36,73,116578921,16.0475,0,40,116565835,16.0451,74683965,74683965,0,53266022,
mcs90_m2Dr4_s50.A00,mcs90_m2Dr4_s50.B00,ll_lum,49,103,156,0.000158478,0,50,50,5.8388e-05,107,107,0,58,
mcs90_m2Dr4_s50.A01,mcs90_m2Dr4_s50.B01,ll_lum,49,100,5505493,0.817497,0,50,5505391,0.8174,3452035,3452035,0,2556720,
mcs90_m2Dr4_s50.A02,mcs90_m2Dr4_s50.B02,ll_lum,49,99,95422587,13.9535,0,50,95422514,13.9534,62061789,62061789,0,43161721,
mcs90_m2Dr4_s50.A03,mcs90_m2Dr4_s50.B03,ll_lum,49,98,559913,0.0991029,0,50,559836,0.0990115,338242,338242,0,222260,
mcs90_m2Dr4_s50.A04,mcs90_m2Dr4_s50.B04,ll_lum,49,102,392,0.00021245,0,50,275,0.000107963,241,241,0,106,
mcs90_m2Dr4_s50.A05,mcs90_m2Dr4_s50.B05,ll_lum,49,102,1808065852,284.473,0,50,1808065729,284.473,1171735822,1171735822,0,808717821,
mcs90_m2Dr4_s50.A06,mcs90_m2Dr4_s50.B06,ll_lum,49,100,98132644,14.8895,0,50,98132571,14.8894,63798697,63798697,0,44087254,
mcs90_m2Dr4_s50.A07,mcs90_m2Dr4_s50.B07,ll_lum,49,101,1414448011,203.15,0,50,1414447885,203.15,902187267,902187267,0,654920838,
mcs90_m2Dr4_s50.A08,mcs90_m2Dr4_s50.B08,ll_lum,49,103,178,0.000152248,0,50,50,5.2809e-05,126,126,0,74,
mcs90_m2Dr4_s50.A09,mcs90_m2Dr4_s50.B09,ll_lum,49,101,159,0.000148463,0,50,50,5.6805e-05,108,108,0,57,
mcs90_m2Dr4_s60.A00,mcs90_m2Dr4_s60.B00,ll_lum,38,35,7172525540,1000.02,1,60,949377466,131.644,4598575143,4598575143,0,3350357107,
mcs90_m2Dr4_s60.A01,mcs90_m2Dr4_s60.B01,ll_lum,38,38,6935314296,1000.01,1,60,12763300,1.78995,4394247996,4394247996,0,3181846295,
mcs90_m2Dr4_s60.A02,mcs90_m2Dr4_s60.B02,ll_lum,40,42,7192394328,1000.02,1,60,2857018713,379.178,4848930568,4848930568,0,3435508819,
mcs90_m2Dr4_s60.A03,mcs90_m2Dr4_s60.B03,ll_lum,38,36,7071416629,1000.02,1,60,120986265,15.6509,4624670450,4624670450,0,3371351991,
mcs90_m2Dr4_s60.A04,mcs90_m2Dr4_s60.B04,ll_lum,38,37,7209176477,1000.02,1,60,6758323594,933.469,4568566906,4568566906,0,3173618316,
mcs90_m2Dr4_s60.A05,mcs90_m2Dr4_s60.B05,ll_lum,41,56,6397321764,1000.02,1,60,3497299,0.472399,4044646923,4044646923,0,2926119697,
mcs90_m2Dr4_s60.A06,mcs90_m2Dr4_s60.B06,ll_lum,39,47,6997706747,1000.02,1,60,254011,0.0273691,4453413543,4453413543,0,3208067148,
mcs90_m2Dr4_s60.A07,mcs90_m2Dr4_s60.B07,ll_lum,38,34,7147099492,1000.02,1,60,31920903,4.25391,4587013843,4587013843,0,3339592657,
mcs90_m2Dr4_s60.A08,mcs90_m2Dr4_s60.B08,ll_lum,42,69,5589368533,1000.02,1,60,1353845,0.198899,3577888630,3577888630,0,2602723679,
mcs90_m2Dr4_s60.A09,mcs90_m2Dr4_s60.B09,ll_lum,38,38,4242868571,1000.01,1,60,156511076,30.7951,2707597180,2707597180,0,1953260386,
mcs90_m2Dr4_s70.A00,mcs90_m2Dr4_s70.B00,ll_lum,44,44,6957297766,1000.02,1,70,436393738,58.1354,4366028925,4366028925,0,3075285526,
mcs90_m2Dr4_s70.A01,mcs90_m2Dr4_s70.B01,ll_lum,46,62,7050013286,1000.02,1,70,6907305434,976.364,4475722182,4475722182,0,3011365536,
mcs90_m2Dr4_s70.A02,mcs90_m2Dr4_s70.B02,ll_lum,64,135,16426541,3.21783,0,70,15881956,3.09862,10355086,10355086,0,7771509,
mcs90_m2Dr4_s70.A03,mcs90_m2Dr4_s70.B03,ll_lum,53,88,5448257444,1000.02,1,70,22955523,4.1281,3515491861,3515491861,0,2634529916,
mcs90_m2Dr4_s70.A04,mcs90_m2Dr4_s70.B04,ll_lum,64,133,485457,0.102535,0,70,65,8.1503e-05,319941,319941,0,226794,
mcs90_m2Dr4_s70.A05,mcs90_m2Dr4_s70.B05,ll_lum,43,48,7071491060,1000.01,1,70,230726599,30.7354,4616607127,4616607127,0,3167003862,
mcs90_m2Dr4_s70.A06,mcs90_m2Dr4_s70.B06,ll_lum,44,44,7368297315,1000.01,1,70,5935248353,800.319,4868988033,4868988033,0,3419153401,
mcs90_m2Dr4_s70.A07,mcs90_m2Dr4_s70.B07,ll_lum,47,66,6439967747,1000.01,1,70,1697099837,247.773,4143087129,4143087129,0,2971233957,
mcs90_m2Dr4_s70.A08,mcs90_m2Dr4_s70.B08,ll_lum,64,137,304560,0.0658195,0,70,65,9.8138e-05,202154,202154,0,145750,
mcs90_m2Dr4_s70.A09,mcs90_m2Dr4_s70.B09,ll_lum,64,136,327017,0.0948752,0,70,65,0.000138829,209832,209832,0,142473,
mcs90_m2Dr4_s80.A00,mcs90_m2Dr4_s80.B00,ll_lum,48,48,7204682693,1000.02,1,80,2773702972,379.127,4764988731,4764988731,0,3502764315,
mcs90_m2Dr4_s80.A01,mcs90_m2Dr4_s80.B01,ll_lum,50,47,6987175970,1000.02,1,80,2241347666,296.548,4404920188,4404920188,0,3125368704,
mcs90_m2Dr4_s80.A02,mcs90_m2Dr4_s80.B02,ll_lum,49,48,7129517764,1000.02,1,80,4385674093,598.962,4602379979,4602379979,0,3142551977,
mcs90_m2Dr4_s80.A03,mcs90_m2Dr4_s80.B03,ll_lum,48,44,7579691354,1000.02,1,80,591390966,75.2165,4893241016,4893241016,0,3449600502,
mcs90_m2Dr4_s80.A04,mcs90_m2Dr4_s80.B04,ll_lum,51,48,7509087532,1000.02,1,80,4185483985,542.99,5196852459,5196852459,0,3506244462,
mcs90_m2Dr4_s80.A05,mcs90_m2Dr4_s80.B05,ll_lum,47,46,8000666597,1000.02,1,80,456916023,49.6251,5515264181,5515264181,0,3765396461,
mcs90_m2Dr4_s80.A06,mcs90_m2Dr4_s80.B06,ll_lum,50,48,7284663470,1000.02,1,80,230370417,28.4909,4815792376,4815792376,0,3368143092,
mcs90_m2Dr4_s80.A07,mcs90_m2Dr4_s80.B07,ll_lum,47,45,7732789712,1000.01,1,80,1403766466,179.387,5073542805,5073542805,0,3741789645,
mcs90_m2Dr4_s80.A08,mcs90_m2Dr4_s80.B08,ll_lum,49,43,6934261128,1000.01,1,80,4020665204,565.517,4612379922,4612379922,0,3326924769,
mcs90_m2Dr4_s80.A09,mcs90_m2Dr4_s80.B09,ll_lum,51,47,6622360344,1000.02,1,80,4027646893,596.415,4228226694,4228226694,0,2983767641,
mcs90_m2Dr4_s90.A00,mcs90_m2Dr4_s90.B00,ll_lum,81,173,322340880,72.7273,0,90,288947797,64.8158,195281971,195281971,0,132842773,
mcs90_m2Dr4_s90.A01,mcs90_m2Dr4_s90.B01,ll_lum,53,53,8080782629,1000.02,1,90,2248378992,277.669,5242771345,5242771345,0,3748028757,
mcs90_m2Dr4_s90.A02,mcs90_m2Dr4_s90.B02,ll_lum,53,52,6823082471,1000.02,1,90,6494519643,949.018,4285075521,4285075521,0,3029215756,
mcs90_m2Dr4_s90.A03,mcs90_m2Dr4_s90.B03,ll_lum,55,57,7397519378,1000.02,1,90,5906302103,798.339,4823729900,4823729900,0,3193507464,
mcs90_m2Dr4_s90.A04,mcs90_m2Dr4_s90.B04,ll_lum,52,50,6829815849,1000.02,1,90,182828262,24.7166,4434042996,4434042996,0,2997525920,
mcs90_m2Dr4_s90.A05,mcs90_m2Dr4_s90.B05,ll_lum,54,55,7023819144,1000.02,1,90,172068566,24.2984,4377252485,4377252485,0,3039125387,
mcs90_m2Dr4_s90.A06,mcs90_m2Dr4_s90.B06,ll_lum,54,56,7045190831,1000.02,1,90,851998855,117.601,4361669614,4361669614,0,3008601543,
mcs90_m2Dr4_s90.A07,mcs90_m2Dr4_s90.B07,ll_lum,52,47,5221723318,1000.01,1,90,104332053,17.3162,3216145912,3216145912,0,2159046874,
mcs90_m2Dr4_s90.A08,mcs90_m2Dr4_s90.B08,ll_lum,60,81,6474183734,1000.02,1,90,5794754772,888.462,4465126639,4465126639,0,3303353940,
mcs90_m2Dr4_s90.A09,mcs90_m2Dr4_s90.B09,ll_lum,72,138,4700814629,1000.01,1,90,172567600,38.5939,3038112854,3038112854,0,2237931399,
mcs90_m2Dr6_s10.A00,mcs90_m2Dr6_s10.B00,ll_lum,9,16,36,3.5634e-05,0,10,10,6.12e-06,26,26,0,14,
mcs90_m2Dr6_s10.A01,mcs90_m2Dr6_s10.B01,ll_lum,9,13,59,3.8958e-05,0,10,40,9.925e-06,37,37,0,18,
mcs90_m2Dr6_s10.A02,mcs90_m2Dr6_s10.B02,ll_lum,9,15,51,3.8618e-05,0,10,31,1.0546e-05,32,32,0,17,
mcs90_m2Dr6_s10.A03,mcs90_m2Dr6_s10.B03,ll_lum,9,16,183,5.3891e-05,0,10,172,2.8794e-05,118,118,0,66,
mcs90_m2Dr6_s10.A04,mcs90_m2Dr6_s10.B04,ll_lum,9,13,67,3.3361e-05,0,10,29,7.842e-06,46,46,0,21,
mcs90_m2Dr6_s10.A05,mcs90_m2Dr6_s10.B05,ll_lum,9,15,33,3.356e-05,0,10,10,5.798e-06,24,24,0,14,
mcs90_m2Dr6_s10.A06,mcs90_m2Dr6_s10.B06,ll_lum,9,15,31,2.7982e-05,0,10,10,5.589e-06,22,22,0,13,
mcs90_m2Dr6_s10.A07,mcs90_m2Dr6_s10.B07,ll_lum,9,14,221,5.5574e-05,0,10,209,2.9365e-05,147,147,0,86,
mcs90_m2Dr6_s10.A08,mcs90_m2Dr6_s10.B08,ll_lum,9,16,36,3.2689e-05,0,10,10,7.3e-06,26,26,0,14,
mcs90_m2Dr6_s10.A09,mcs90_m2Dr6_s10.B09,ll_lum,9,14,377,7.8187e-05,0,10,364,5.2249e-05,243,243,0,163,
mcs90_m2Dr6_s100.A00,mcs90_m2Dr6_s100.B00,ll_lum,56,51,7292103752,1000.02,1,100,2636916245,349.726,5154700941,5154700941,0,3706132270,
mcs90_m2Dr6_s100.A01,mcs90_m2Dr6_s100.B01,ll_lum,56,55,6341333539,1000.02,1,100,1673210671,253.313,4038465703,4038465703,0,3122129259,
mcs90_m2Dr6_s100.A02,mcs90_m2Dr6_s100.B02,ll_lum,60,59,6290372619,1000.02,1,100,2280512832,344.998,3923162425,3923162425,0,2817789712,
mcs90_m2Dr6_s100.A03,mcs90_m2Dr6_s100.B03,ll_lum,72,140,4330882267,1000.02,1,100,133,0.000129294,2544474535,2544474535,0,1661263593,
mcs90_m2Dr6_s100.A04,mcs90_m2Dr6_s100.B04,ll_lum,57,55,6732890351,1000.02,1,100,403853706,56.0181,4236785984,4236785984,0,3030503610,
mcs90_m2Dr6_s100.A05,mcs90_m2Dr6_s100.B05,ll_lum,55,52,6382088274,1000.02,1,100,1057060846,154.205,4044037766,4044037766,0,2790608092,
mcs90_m2Dr6_s100.A06,mcs90_m2Dr6_s100.B06,ll_lum,57,57,7171357757,1000.01,1,100,3782032517,524.263,4670895510,4670895510,0,3543815341,
mcs90_m2Dr6_s100.A07,mcs90_m2Dr6_s100.B07,ll_lum,57,55,7472988922,1000.02,1,100,707189162,74.6859,4798618193,4798618193,0,3409017498,
mcs90_m2Dr6_s100.A08,mcs90_m2Dr6_s100.B08,ll_lum,57,58,7415800056,1000.01,1,100,3123984531,398.022,4787460346,4787460346,0,3381816527,
mcs90_m2Dr6_s100.A09,mcs90_m2Dr6_s100.B09,ll_lum,58,54,6895382290,1000.02,1,100,4442604683,617.305,4497319962,4497319962,0,3042765819,
mcs90_m2Dr6_s20.A00,mcs90_m2Dr6_s20.B00,ll_lum,16,33,34718,0.00535585,0,20,30691,0.00465466,22221,22221,0,17226,
mcs90_m2Dr6_s20.A01,mcs90_m2Dr6_s20.B01,ll_lum,16,32,12025,0.00155486,0,20,9664,0.00118603,7635,7635,0,5678,
mcs90_m2Dr6_s20.A02,mcs90_m2Dr6_s20.B02,ll_lum,16,29,4017,0.000647774,0,20,847,0.000128032,2680,2680,0,1907,
mcs90_m2Dr6_s20.A03,mcs90_m2Dr6_s20.B03,ll_lum,16,31,30906,0.00405943,0,20,27449,0.00353225,19472,19472,0,13668,
mcs90_m2Dr6_s20.A04,mcs90_m2Dr6_s20.B04,ll_lum,16,32,8453,0.00132382,0,20,3753,0.000544219,5729,5729,0,4646,
mcs90_m2Dr6_s20.A05,mcs90_m2Dr6_s20.B05,ll_lum,16,30,23522,0.00327378,0,20,18370,0.0024654,15023,15023,0,10983,
mcs90_m2Dr6_s20.A06,mcs90_m2Dr6_s20.B06,ll_lum,16,30,11450,0.00190421,0,20,8702,0.00138246,7549,7549,0,5926,
mcs90_m2Dr6_s20.A07,mcs90_m2Dr6_s20.B07,ll_lum,16,30,16701,0.00243276,0,20,14054,0.00200547,10494,10494,0,7501,
mcs90_m2Dr6_s20.A08,mcs90_m2Dr6_s20.B08,ll_lum,16,31,4403,0.000742422,0,20,100,2.5799e-05,2997,2997,0,2324,
mcs90_m2Dr6_s20.A09,mcs90_m2Dr6_s20.B09,ll_lum,16,32,45001,0.00645776,0,20,42392,0.0060147,29670,29670,0,23026,
mcs90_m2Dr6_s30.A00,mcs90_m2Dr6_s30.B00,ll_lum,25,54,261901,0.0334453,0,30,245512,0.0307358,169904,169904,0,124070,
mcs90_m2Dr6_s30.A01,mcs90_m2Dr6_s30.B01,ll_lum,25,53,83851,0.0128349,0,30,68270,0.0102102,53501,53501,0,40064,
mcs90_m2Dr6_s30.A02,mcs90_m2Dr6_s30.B02,ll_lum,25,52,4027811,0.541821,0,30,3996446,0.536438,2505441,2505441,0,1749561,
mcs90_m2Dr6_s30.A03,mcs90_m2Dr6_s30.B03,ll_lum,25,53,2511049,0.344323,0,30,2487407,0.340275,1582805,1582805,0,1128690,
mcs90_m2Dr6_s30.A04,mcs90_m2Dr6_s30.B04,ll_lum,25,55,3645461,0.527051,0,30,3622096,0.522877,2334783,2334783,0,1797995,
mcs90_m2Dr6_s30.A05,mcs90_m2Dr6_s30.B05,ll_lum,25,54,92052,0.0130236,0,30,77661,0.0106478,59630,59630,0,45353,
mcs90_m2Dr6_s30.A06,mcs90_m2Dr6_s30.B06,ll_lum,25,52,19010,0.00361142,0,30,26,2.3646e-05,12892,12892,0,9839,
mcs90_m2Dr6_s30.A07,mcs90_m2Dr6_s30.B07,ll_lum,25,52,1322244,0.200121,0,30,1281154,0.193071,841081,841081,0,651598,
mcs90_m2Dr6_s30.A08,mcs90_m2Dr6_s30.B08,ll_lum,25,54,3002843,0.433102,0,30,2984776,0.429859,1899176,1899176,0,1419014,
mcs90_m2Dr6_s30.A09,mcs90_m2Dr6_s30.B09,ll_lum,25,54,10818630,1.4901,0,30,10797654,1.48652,7162405,7162405,0,5456253,
mcs90_m2Dr6_s40.A00,mcs90_m2Dr6_s40.B00,ll_lum,36,79,9938,0.00224199,0,40,37,3.991e-05,7232,7232,0,5668,
mcs90_m2Dr6_s40.A01,mcs90_m2Dr6_s40.B01,ll_lum,36,77,55799238,8.08773,0,40,55780673,8.08423,35383931,35383931,0,25579345,
mcs90_m2Dr6_s40.A02,mcs90_m2Dr6_s40.B02,ll_lum,36,78,4647,0.000986892,0,40,37,4.0241e-05,3345,3345,0,2573,
mcs90_m2Dr6_s40.A03,mcs90_m2Dr6_s40.B03,ll_lum,36,77,125488953,17.967,0,40,125481479,17.9655,79896923,79896923,0,57429855,
mcs90_m2Dr6_s40.A04,mcs90_m2Dr6_s40.B04,ll_lum,36,81,2462133,0.376668,0,40,2450950,0.374516,1562847,1562847,0,1214655,
mcs90_m2Dr6_s40.A05,mcs90_m2Dr6_s40.B05,ll_lum,36,77,122729326,17.3256,0,40,122719105,17.3237,78825887,78825887,0,56776105,
mcs90_m2Dr6_s40.A06,mcs90_m2Dr6_s40.B06,ll_lum,36,81,169060790,24.0386,0,40,169046959,24.0358,109275847,109275847,0,82016401,
mcs90_m2Dr6_s40.A07,mcs90_m2Dr6_s40.B07,ll_lum,36,78,17197,0.0031969,0,40,37,3.6305e-05,12137,12137,0,9059,
mcs90_m2Dr6_s40.A08,mcs90_m2Dr6_s40.B08,ll_lum,36,81,10541,0.00233547,0,40,37,3.9119e-05,7487,7487,0,5736,
mcs90_m2Dr6_s40.A09,mcs90_m2Dr6_s40.B09,ll_lum,36,80,308770054,46.551,0,40,308757622,46.5487,197516900,197516900,0,148365600,
mcs90_m2Dr6_s50.A00,mcs90_m2Dr6_s50.B00,ll_lum,49,111,168,0.000209226,0,50,50,7.3762e-05,117,117,0,66,
mcs90_m2Dr6_s50.A01,mcs90_m2Dr6_s50.B01,ll_lum,49,109,27171301,4.54018,0,50,27171186,4.54004,16749427,16749427,0,12264767,
mcs90_m2Dr6_s50.A02,mcs90_m2Dr6_s50.B02,ll_lum,49,111,670717931,101.091,0,50,670717828,101.091,431369144,431369144,0,310484084,
mcs90_m2Dr6_s50.A03,mcs90_m2Dr6_s50.B03,ll_lum,49,112,163,0.000156144,0,50,50,5.6084e-05,113,113,0,63,
mcs90_m2Dr6_s50.A04,mcs90_m2Dr6_s50.B04,ll_lum,49,111,180,0.00015944,0,50,50,5.2299e-05,128,128,0,76,
mcs90_m2Dr6_s50.A05,mcs90_m2Dr6_s50.B05,ll_lum,49,110,2359678747,348.38,0,50,2359678650,348.38,1506017599,1506017599,0,1103594185,
mcs90_m2Dr6_s50.A06,mcs90_m2Dr6_s50.B06,ll_lum,49,110,160,0.000156266,0,50,50,5.3931e-05,111,111,0,62,
mcs90_m2Dr6_s50.A07,mcs90_m2Dr6_s50.B07,ll_lum,49,110,14760207,2.28359,0,50,14760102,2.28348,9296534,9296534,0,7062406,
mcs90_m2Dr6_s50.A08,mcs90_m2Dr6_s50.B08,ll_lum,49,110,157,0.000162404,0,50,50,6.2284e-05,108,108,0,59,
mcs90_m2Dr6_s50.A09,mcs90_m2Dr6_s50.B09,ll_lum,49,108,3169559324,484.111,0,50,3169559228,484.111,2019268673,2019268673,0,1461394099,
mcs90_m2Dr6_s60.A00,mcs90_m2Dr6_s60.B00,ll_lum,36,32,6920753597,1000.02,1,60,120013973,16.8408,4367405303,4367405303,0,3154709472,
mcs90_m2Dr6_s60.A01,mcs90_m2Dr6_s60.B01,ll_lum,39,53,6735365325,1000.01,1,60,6265201091,926.34,4486260552,4486260552,0,3352646161,
mcs90_m2Dr6_s60.A02,mcs90_m2Dr6_s60.B02,ll_lum,38,43,3869695521,1000.02,1,60,254294846,72.0011,2431050405,2431050405,0,1789316302,
mcs90_m2Dr6_s60.A03,mcs90_m2Dr6_s60.B03,ll_lum,37,42,6439984311,1000.02,1,60,2381755970,360.243,4189638367,4189638367,0,3193838557,
mcs90_m2Dr6_s60.A04,mcs90_m2Dr6_s60.B04,ll_lum,49,111,184200543,36.9295,0,60,224869,0.0459929,122686841,122686841,0,95870755,
mcs90_m2Dr6_s60.A05,mcs90_m2Dr6_s60.B05,ll_lum,37,37,6948121690,1000.02,1,60,156199303,21.2946,4476480394,4476480394,0,3192138564,
mcs90_m2Dr6_s60.A06,mcs90_m2Dr6_s60.B06,ll_lum,50,109,46936487,9.17992,0,60,50,6.4597e-05,31342729,31342729,0,24667784,
mcs90_m2Dr6_s60.A07,mcs90_m2Dr6_s60.B07,ll_lum,37,36,6899826628,1000.01,1,60,3048083693,429.045,4540124826,4540124826,0,3397977570,
mcs90_m2Dr6_s60.A08,mcs90_m2Dr6_s60.B08,ll_lum,37,38,7092527673,1000.01,1,60,25810615,3.29402,4508600173,4508600173,0,3196012613,
mcs90_m2Dr6_s60.A09,mcs90_m2Dr6_s60.B09,ll_lum,40,60,6256523568,1000.02,1,60,64,4.4587e-05,4077928114,4077928114,0,3010099211,
mcs90_m2Dr6_s70.A00,mcs90_m2Dr6_s70.B00,ll_lum,64,148,486089769,78.6193,0,70,485837662,78.5631,300470127,300470127,0,218868403,
mcs90_m2Dr6_s70.A01,mcs90_m2Dr6_s70.B01,ll_lum,52,91,5590547234,1000.02,1,70,4414702466,772.46,3605310816,3605310816,0,2751251552,
mcs90_m2Dr6_s70.A02,mcs90_m2Dr6_s70.B02,ll_lum,42,58,6614036807,1000.02,1,70,804824413,111.939,4250052771,4250052771,0,3041718478,
mcs90_m2Dr6_s70.A03,mcs90_m2Dr6_s70.B03,ll_lum,43,44,5970182767,1000.01,1,70,3162598970,519.98,3708636388,3708636388,0,2692557951,
mcs90_m2Dr6_s70.A04,mcs90_m2Dr6_s70.B04,ll_lum,42,43,6599814864,1000.02,1,70,225706139,31.8423,4299802861,4299802861,0,3195125346,
mcs90_m2Dr6_s70.A05,mcs90_m2Dr6_s70.B05,ll_lum,41,44,6595125590,1000.01,1,70,201588628,27.3191,4118887364,4118887364,0,2918251523,
mcs90_m2Dr6_s70.A06,mcs90_m2Dr6_s70.B06,ll_lum,41,38,6783681120,1000.02,1,70,4469645244,644.488,4304418599,4304418599,0,3239849980,
mcs90_m2Dr6_s70.A07,mcs90_m2Dr6_s70.B07,ll_lum,41,45,6753207305,1000.01,1,70,988504105,147.591,4346580404,4346580404,0,3087047418,
mcs90_m2Dr6_s70.A08,mcs90_m2Dr6_s70.B08,ll_lum,41,42,7445663901,1000.01,1,70,2504279629,326.696,4662234004,4662234004,0,3238781788,
mcs90_m2Dr6_s70.A09,mcs90_m2Dr6_s70.B09,ll_lum,42,44,7056802844,1000.01,1,70,5526439482,776.683,4396386199,4396386199,0,3046136771,
mcs90_m2Dr6_s80.A00,mcs90_m2Dr6_s80.B00,ll_lum,45,41,6157146464,1000.02,1,80,5582168517,903.27,3938249840,3938249840,0,2930044087,
mcs90_m2Dr6_s80.A01,mcs90_m2Dr6_s80.B01,ll_lum,48,45,6661902932,1000.01,1,80,1233690488,173.952,4275900455,4275900455,0,3009573303,
mcs90_m2Dr6_s80.A02,mcs90_m2Dr6_s80.B02,ll_lum,46,47,6261789685,1000.01,1,80,120666116,17.8072,3824261913,3824261913,0,2804073392,
mcs90_m2Dr6_s80.A03,mcs90_m2Dr6_s80.B03,ll_lum,46,43,6953991436,1000.02,1,80,176022219,23.0633,4660568198,4660568198,0,3358035597,
mcs90_m2Dr6_s80.A04,mcs90_m2Dr6_s80.B04,ll_lum,46,45,6667779027,1000.01,1,80,183336419,25.8521,4248023263,4248023263,0,3007623946,
mcs90_m2Dr6_s80.A05,mcs90_m2Dr6_s80.B05,ll_lum,48,48,6624279143,1000.01,1,80,1490809194,217.398,4235940269,4235940269,0,3141464020,
mcs90_m2Dr6_s80.A06,mcs90_m2Dr6_s80.B06,ll_lum,45,40,7501757302,1000.02,1,80,556253780,70.2444,5080046873,5080046873,0,3644814398,
mcs90_m2Dr6_s80.A07,mcs90_m2Dr6_s80.B07,ll_lum,48,44,7139262653,1000.02,1,80,1943394843,252.753,4809754149,4809754149,0,3343324225,
mcs90_m2Dr6_s80.A08,mcs90_m2Dr6_s80.B08,ll_lum,48,51,7015570955,1000.02,1,80,4327158251,618.549,4759791506,4759791506,0,3387497185,
mcs90_m2Dr6_s80.A09,mcs90_m2Dr6_s80.B09,ll_lum,46,46,6755472135,1000.01,1,80,680900566,92.5572,4264235752,4264235752,0,3084633797,
mcs90_m2Dr6_s90.A00,mcs90_m2Dr6_s90.B00,ll_lum,71,142,3911822381,1000.01,1,90,273999535,71.7035,2492439662,2492439662,0,1846703085,
mcs90_m2Dr6_s90.A01,mcs90_m2Dr6_s90.B01,ll_lum,50,50,6859963132,1000.02,1,90,50907114,6.65795,4311802582,4311802582,0,2923776335,
mcs90_m2Dr6_s90.A02,mcs90_m2Dr6_s90.B02,ll_lum,50,51,7004794481,1000.02,1,90,228986502,31.4079,4751890394,4751890394,0,3442763341,
mcs90_m2Dr6_s90.A03,mcs90_m2Dr6_s90.B03,ll_lum,53,54,6288825771,1000.01,1,90,2434319361,376.782,3829148512,3829148512,0,2734408096,
mcs90_m2Dr6_s90.A04,mcs90_m2Dr6_s90.B04,ll_lum,49,44,7095368517,1000.02,1,90,688815586,85.2788,4594361666,4594361666,0,3224348598,
mcs90_m2Dr6_s90.A05,mcs90_m2Dr6_s90.B05,ll_lum,50,49,6863951997,1000.02,1,90,3518400454,498.466,4482856559,4482856559,0,3241773967,
mcs90_m2Dr6_s90.A06,mcs90_m2Dr6_s90.B06,ll_lum,51,52,6665959518,1000.02,1,90,750564586,106.539,4079357726,4079357726,0,2755946148,
mcs90_m2Dr6_s90.A07,mcs90_m2Dr6_s90.B07,ll_lum,51,50,7148219015,1000.02,1,90,5182275141,714.256,4468621012,4468621012,0,3239255047,
mcs90_m2Dr6_s90.A08,mcs90_m2Dr6_s90.B08,ll_lum,52,51,7320981978,1000.01,1,90,6998188885,951.584,4555173923,4555173923,0,3068098196,
mcs90_m2Dr6_s90.A09,mcs90_m2Dr6_s90.B09,ll_lum,52,50,7054185850,1000.02,1,90,3254851959,437.082,4412422225,4412422225,0,3105813232,
mcs90_m3D_s10.A00,mcs90_m3D_s10.B00,ll_lum,9,13,29,2.9024e-05,0,10,9,5.348e-06,21,21,0,10,
mcs90_m3D_s10.A01,mcs90_m3D_s10.B01,ll_lum,8,12,139,4.1091e-05,0,10,21,6.76e-06,95,95,0,52,
mcs90_m3D_s10.A02,mcs90_m3D_s10.B02,ll_lum,9,14,49,6.5167e-05,0,10,30,1.7987e-05,33,33,0,15,
mcs90_m3D_s10.A03,mcs90_m3D_s10.B03,ll_lum,9,14,82,7.3179e-05,0,10,64,2.647e-05,56,56,0,29,
mcs90_m3D_s10.A04,mcs90_m3D_s10.B04,ll_lum,9,14,60,5.355e-05,0,10,31,1.5332e-05,42,42,0,23,
mcs90_m3D_s10.A05,mcs90_m3D_s10.B05,ll_lum,9,12,80,4.6961e-05,0,10,18,7.311e-06,53,53,0,26,
mcs90_m3D_s10.A06,mcs90_m3D_s10.B06,ll_lum,8,10,432,8.4036e-05,0,10,14,6.86e-06,286,286,0,167,
mcs90_m3D_s10.A07,mcs90_m3D_s10.B07,ll_lum,9,13,235,5.6575e-05,0,10,220,3.0155e-05,146,146,0,66,
mcs90_m3D_s10.A08,mcs90_m3D_s10.B08,ll_lum,9,14,73,4.7281e-05,0,10,10,7.671e-06,49,49,0,24,
mcs90_m3D_s10.A09,mcs90_m3D_s10.B09,ll_lum,8,10,267,6.2534e-05,0,10,9,8.623e-06,179,179,0,103,
mcs90_m3D_s30.A00,mcs90_m3D_s30.B00,ll_lum,27,54,3076670,0.447971,0,30,3069068,0.446755,1750020,1750020,0,1058643,
mcs90_m3D_s30.A01,mcs90_m3D_s30.B01,ll_lum,27,54,10376,0.00169163,0,30,1323,0.000216105,6307,6307,0,3088,
mcs90_m3D_s30.A02,mcs90_m3D_s30.B02,ll_lum,27,54,399006,0.0584857,0,30,389787,0.057024,229699,229699,0,146050,
mcs90_m3D_s30.A03,mcs90_m3D_s30.B03,ll_lum,27,54,5175,0.000909039,0,30,28,2.2965e-05,3377,3377,0,1970,
mcs90_m3D_s30.A04,mcs90_m3D_s30.B04,ll_lum,28,56,741843,0.103196,0,30,740983,0.103029,423364,423364,0,273385,
mcs90_m3D_s30.A05,mcs90_m3D_s30.B05,ll_lum,27,54,6581,0.00156141,0,30,28,3.316e-05,4219,4219,0,2409,
mcs90_m3D_s30.A06,mcs90_m3D_s30.B06,ll_lum,27,54,647633,0.134519,0,30,640847,0.132876,366196,366196,0,239449,
mcs90_m3D_s30.A07,mcs90_m3D_s30.B07,ll_lum,27,54,22946,0.00536817,0,30,16210,0.00371789,12772,12772,0,6708,
mcs90_m3D_s30.A08,mcs90_m3D_s30.B08,ll_lum,28,56,31945,0.00534838,0,30,31101,0.00517728,17188,17188,0,8633,
mcs90_m3D_s30.A09,mcs90_m3D_s30.B09,ll_lum,27,54,780823,0.108336,0,30,771601,0.107008,440107,440107,0,270913,
mcs90_m3D_s70.A00,mcs90_m3D_s70.B00,ll_lum,64,144,3787315,0.849844,0,70,1996043,0.418839,2026921,2026921,0,925896,
mcs90_m3D_s70.A01,mcs90_m3D_s70.B01,ll_lum,65,146,926525,0.228289,0,70,680076,0.171823,537554,537554,0,298010,
mcs90_m3D_s70.A02,mcs90_m3D_s70.B02,ll_lum,64,144,1164668,0.279072,0,70,65,9.2459e-05,703415,703415,0,417563,
mcs90_m3D_s70.A03,mcs90_m3D_s70.B03,ll_lum,65,146,408133667,79.3118,0,70,407661810,79.1992,212120145,212120145,0,114217567,
mcs90_m3D_s70.A04,mcs90_m3D_s70.B04,ll_lum,64,144,1939699116,361.639,0,70,1937223324,361.022,1073613981,1073613981,0,652130655,
mcs90_m3D_s70.A05,mcs90_m3D_s70.B05,ll_lum,65,145,1343559,0.461332,0,70,996833,0.337061,769188,769188,0,416044,
mcs90_m3D_s70.A06,mcs90_m3D_s70.B06,ll_lum,65,145,1742873411,515.05,0,70,1742548778,514.936,1003282586,1003282586,0,650173007,
mcs90_m3D_s70.A07,mcs90_m3D_s70.B07,ll_lum,65,146,42544939,13.7007,0,70,42206903,13.582,24526168,24526168,0,15274229,
mcs90_m3D_s70.A08,mcs90_m3D_s70.B08,ll_lum,64,144,677624201,127.965,0,70,675530780,127.459,385877543,385877543,0,255288433,
mcs90_m3D_s70.A09,mcs90_m3D_s70.B09,ll_lum,64,144,1845567881,349.115,0,70,1844580750,348.883,1058047880,1058047880,0,714357268,
mcs90_m3D_s80.A00,mcs90_m3D_s80.B00,ll_lum,54,104,5133377472,1000.02,1,80,6137296,0.958065,2800623888,2800623888,0,1926416760,
mcs90_m3D_s80.A01,mcs90_m3D_s80.B01,ll_lum,66,146,4483526009,1000.02,1,80,2046717672,457.573,2735891333,2735891333,0,1900892480,
mcs90_m3D_s80.A02,mcs90_m3D_s80.B02,ll_lum,47,57,6640170137,1000.01,1,80,1591305,0.233582,4019117034,4019117034,0,2707537531,
mcs90_m3D_s80.A03,mcs90_m3D_s80.B03,ll_lum,53,86,6121073032,1000.02,1,80,1902678792,271.085,3892571085,3892571085,0,2674412651,
mcs90_m3D_s80.A04,mcs90_m3D_s80.B04,ll_lum,50,84,6040226091,1000.02,1,80,398226321,59.6789,3597991318,3597991318,0,2531775330,
mcs90_m3D_s80.A05,mcs90_m3D_s80.B05,ll_lum,47,43,4130061367,1000.01,1,80,119176916,24.7096,2734628602,2734628602,0,1923337154,
mcs90_m3D_s80.A06,mcs90_m3D_s80.B06,ll_lum,51,76,3977533229,1000.02,1,80,32737033,6.79916,2477181613,2477181613,0,1726035989,
mcs90_m3D_s80.A07,mcs90_m3D_s80.B07,ll_lum,53,85,5804311149,1000.02,1,80,2767046219,470.165,3604213203,3604213203,0,2451973845,
mcs90_m3D_s80.A08,mcs90_m3D_s80.B08,ll_lum,49,65,6202956071,1000.02,1,80,175779466,27.9929,3824822371,3824822371,0,2716987636,
mcs90_m3D_s80.A09,mcs90_m3D_s80.B09,ll_lum,54,105,5123704501,1000.02,1,80,56435874,10.2104,2869133205,2869133205,0,1984792130,
mcs90_m3Dr2_s10.A00,mcs90_m3Dr2_s10.B00,ll_lum,9,14,53,4.0831e-05,0,10,10,8.713e-06,39,39,0,22,
mcs90_m3Dr2_s10.A01,mcs90_m3Dr2_s10.B01,ll_lum,8,13,197,5.6084e-05,0,10,15,6.68e-06,141,141,0,95,
mcs90_m3Dr2_s10.A02,mcs90_m3Dr2_s10.B02,ll_lum,9,15,30,3.5393e-05,0,10,10,6.299e-06,21,21,0,12,
mcs90_m3Dr2_s10.A03,mcs90_m3Dr2_s10.B03,ll_lum,9,14,122,4.62e-05,0,10,91,1.7627e-05,85,85,0,55,
mcs90_m3Dr2_s10.A04,mcs90_m3Dr2_s10.B04,ll_lum,8,13,138,7.3231e-05,0,10,9,8.492e-06,99,99,0,67,
mcs90_m3Dr2_s10.A05,mcs90_m3Dr2_s10.B05,ll_lum,8,11,214,6.7903e-05,0,10,29,9.624e-06,146,146,0,86,
mcs90_m3Dr2_s10.A06,mcs90_m3Dr2_s10.B06,ll_lum,8,12,169,4.9204e-05,0,10,12,6.68e-06,114,114,0,65,
mcs90_m3Dr2_s10.A07,mcs90_m3Dr2_s10.B07,ll_lum,8,12,380,7.4582e-05,0,10,15,7.962e-06,252,252,0,147,
mcs90_m3Dr2_s10.A08,mcs90_m3Dr2_s10.B08,ll_lum,9,14,39,3.6615e-05,0,10,16,6.82e-06,28,28,0,13,
mcs90_m3Dr2_s10.A09,mcs90_m3Dr2_s10.B09,ll_lum,8,13,229,6.2403e-05,0,10,9,6.549e-06,153,153,0,89,
mcs90_m3Dr2_s30.A00,mcs90_m3Dr2_s30.B00,ll_lum,27,58,57493,0.00976931,0,30,56884,0.00962076,35448,35448,0,23767,
mcs90_m3Dr2_s30.A01,mcs90_m3Dr2_s30.B01,ll_lum,28,59,1449,0.000328124,0,30,775,0.000169024,910,910,0,551,
mcs90_m3Dr2_s30.A02,mcs90_m3Dr2_s30.B02,ll_lum,27,58,6322986,0.950703,0,30,6319626,0.950114,3774595,3774595,0,2588914,
mcs90_m3Dr2_s30.A03,mcs90_m3Dr2_s30.B03,ll_lum,27,59,1320324,0.17797,0,30,1318553,0.177612,821570,821570,0,573441,
mcs90_m3Dr2_s30.A04,mcs90_m3Dr2_s30.B04,ll_lum,27,58,1188984,0.270147,0,30,1188218,0.26987,718082,718082,0,478236,
mcs90_m3Dr2_s30.A05,mcs90_m3Dr2_s30.B05,ll_lum,27,59,1613633,0.26699,0,30,1612512,0.266731,990093,990093,0,717613,
mcs90_m3Dr2_s30.A06,mcs90_m3Dr2_s30.B06,ll_lum,27,59,16554,0.00275204,0,30,15560,0.00253704,9781,9781,0,6674,
mcs90_m3Dr2_s30.A07,mcs90_m3Dr2_s30.B07,ll_lum,27,59,3395552,0.495558,0,30,3393262,0.495093,2077220,2077220,0,1503276,
mcs90_m3Dr2_s30.A08,mcs90_m3Dr2_s30.B08,ll_lum,27,59,2409309,0.371197,0,30,2407608,0.370856,1463697,1463697,0,1056889,
mcs90_m3Dr2_s30.A09,mcs90_m3Dr2_s30.B09,ll_lum,27,59,25079,0.00436543,0,30,21574,0.00373269,14643,14643,0,8668,
mcs90_m3Dr2_s70.A00,mcs90_m3Dr2_s70.B00,ll_lum,40,45,7019761117,1000.02,1,70,318976951,42.3848,4430052823,4430052823,0,3203995380,
mcs90_m3Dr2_s70.A01,mcs90_m3Dr2_s70.B01,ll_lum,41,47,6664216508,1000.01,1,70,1050604077,151.112,4173659817,4173659817,0,3095022130,
mcs90_m3Dr2_s70.A02,mcs90_m3Dr2_s70.B02,ll_lum,65,156,3462053046,695.622,0,70,3461713563,695.543,2153227135,2153227135,0,1613604157,
mcs90_m3Dr2_s70.A03,mcs90_m3Dr2_s70.B03,ll_lum,55,106,5055699824,1000.02,1,70,4556719759,894.891,3064601215,3064601215,0,2209117976,
mcs90_m3Dr2_s70.A04,mcs90_m3Dr2_s70.B04,ll_lum,42,55,6310981391,1000.01,1,70,170672930,26.4646,3963692331,3963692331,0,2836957411,
mcs90_m3Dr2_s70.A05,mcs90_m3Dr2_s70.B05,ll_lum,42,49,6474413841,1000.02,1,70,195869865,29.351,4008628696,4008628696,0,2974632678,
mcs90_m3Dr2_s70.A06,mcs90_m3Dr2_s70.B06,ll_lum,41,50,6571294329,1000.01,1,70,3412648906,498.42,4019923191,4019923191,0,3071170982,
mcs90_m3Dr2_s70.A07,mcs90_m3Dr2_s70.B07,ll_lum,41,44,4882596500,1000.02,1,70,582014811,109.781,2996054645,2996054645,0,2118789261,
mcs90_m3Dr2_s70.A08,mcs90_m3Dr2_s70.B08,ll_lum,48,79,4787999498,1000.02,1,70,104693964,22.877,2896407194,2896407194,0,2194259936,
mcs90_m3Dr2_s70.A09,mcs90_m3Dr2_s70.B09,ll_lum,43,57,6623847374,1000.02,1,70,2542044247,375.083,4161606925,4161606925,0,2838986997,
mcs90_m3Dr2_s80.A00,mcs90_m3Dr2_s80.B00,ll_lum,56,100,4756411769,1000.02,1,80,244581310,53.9623,2838420788,2838420788,0,2106595534,
mcs90_m3Dr2_s80.A01,mcs90_m3Dr2_s80.B01,ll_lum,47,60,6633646821,1000.01,1,80,412215153,58.9872,4101167724,4101167724,0,2805487077,
mcs90_m3Dr2_s80.A02,mcs90_m3Dr2_s80.B02,ll_lum,46,50,6384308088,1000.01,1,80,746888923,112.041,3997576764,3997576764,0,2866319450,
mcs90_m3Dr2_s80.A03,mcs90_m3Dr2_s80.B03,ll_lum,48,77,5748680711,1000.01,1,80,23381731,3.82821,3462431833,3462431833,0,2619131064,
mcs90_m3Dr2_s80.A04,mcs90_m3Dr2_s80.B04,ll_lum,46,46,6535217279,1000.02,1,80,419281381,64.0054,4114474316,4114474316,0,3003782057,
mcs90_m3Dr2_s80.A05,mcs90_m3Dr2_s80.B05,ll_lum,47,53,6289330351,1000.02,1,80,5053189679,792.407,3849663193,3849663193,0,2792935977,
mcs90_m3Dr2_s80.A06,mcs90_m3Dr2_s80.B06,ll_lum,46,43,6996459985,1000.02,1,80,279413942,33.8085,4366869001,4366869001,0,3183406219,
mcs90_m3Dr2_s80.A07,mcs90_m3Dr2_s80.B07,ll_lum,50,72,5460061411,1000.01,1,80,112063810,20.7293,3278850382,3278850382,0,2318910180,
mcs90_m3Dr2_s80.A08,mcs90_m3Dr2_s80.B08,ll_lum,46,57,6596594306,1000.02,1,80,174687,0.0239681,4217052309,4217052309,0,3064220673,
mcs90_m3Dr2_s80.A09,mcs90_m3Dr2_s80.B09,ll_lum,45,43,7016677884,1000.02,1,80,282610545,38.5649,4468143166,4468143166,0,3223520022,
mcs90_m3Dr4_s10.A00,mcs90_m3Dr4_s10.B00,ll_lum,8,14,66,3.4762e-05,0,10,9,5.348e-06,51,51,0,37,
mcs90_m3Dr4_s10.A01,mcs90_m3Dr4_s10.B01,ll_lum,8,13,174,5.1587e-05,0,10,16,6.67e-06,126,126,0,87,
mcs90_m3Dr4_s10.A02,mcs90_m3Dr4_s10.B02,ll_lum,8,15,160,6.8013e-05,0,10,29,9.845e-06,115,115,0,85,
mcs90_m3Dr4_s10.A03,mcs90_m3Dr4_s10.B03,ll_lum,8,13,600,9.987e-05,0,10,589,7.3e-05,370,370,0,216,
mcs90_m3Dr4_s10.A04,mcs90_m3Dr4_s10.B04,ll_lum,8,12,217,6.3285e-05,0,10,9,6.289e-06,152,152,0,96,
mcs90_m3Dr4_s10.A05,mcs90_m3Dr4_s10.B05,ll_lum,8,12,261,6.5739e-05,0,10,68,1.3751e-05,175,175,0,108,
mcs90_m3Dr4_s10.A06,mcs90_m3Dr4_s10.B06,ll_lum,9,14,77,4.0841e-05,0,10,59,1.2649e-05,51,51,0,27,
mcs90_m3Dr4_s10.A07,mcs90_m3Dr4_s10.B07,ll_lum,8,13,224,5.8367e-05,0,10,128,2.0811e-05,150,150,0,97,
mcs90_m3Dr4_s10.A08,mcs90_m3Dr4_s10.B08,ll_lum,8,14,208,5.354e-05,0,10,112,1.988e-05,137,137,0,79,
mcs90_m3Dr4_s10.A09,mcs90_m3Dr4_s10.B09,ll_lum,8,10,445,7.8758e-05,0,10,330,4.3795e-05,297,297,0,205,
mcs90_m3Dr4_s30.A00,mcs90_m3Dr4_s30.B00,ll_lum,27,62,1652475,0.240019,0,30,1651386,0.239769,1015746,1015746,0,747420,
mcs90_m3Dr4_s30.A01,mcs90_m3Dr4_s30.B01,ll_lum,27,63,1300,0.000308493,0,30,28,3.2519e-05,945,945,0,713,
mcs90_m3Dr4_s30.A02,mcs90_m3Dr4_s30.B02,ll_lum,27,64,5101549,0.830038,0,30,5100003,0.8297,3189422,3189422,0,2447197,
mcs90_m3Dr4_s30.A03,mcs90_m3Dr4_s30.B03,ll_lum,27,61,15978,0.0027466,0,30,11476,0.00191737,9914,9914,0,7466,
mcs90_m3Dr4_s30.A04,mcs90_m3Dr4_s30.B04,ll_lum,27,64,56381,0.00951123,0,30,54012,0.00903411,34440,34440,0,26127,
mcs90_m3Dr4_s30.A05,mcs90_m3Dr4_s30.B05,ll_lum,27,64,1668,0.000376888,0,30,28,2.4077e-05,1290,1290,0,1010,
mcs90_m3Dr4_s30.A06,mcs90_m3Dr4_s30.B06,ll_lum,27,61,108276,0.016127,0,30,107033,0.015864,66630,66630,0,48772,
mcs90_m3Dr4_s30.A07,mcs90_m3Dr4_s30.B07,ll_lum,27,63,117692,0.0189057,0,30,115428,0.0184603,71284,71284,0,53793,
mcs90_m3Dr4_s30.A08,mcs90_m3Dr4_s30.B08,ll_lum,27,63,1288281,0.193141,0,30,1286741,0.192812,810677,810677,0,619224,
mcs90_m3Dr4_s30.A09,mcs90_m3Dr4_s30.B09,ll_lum,27,63,166035,0.0240594,0,30,164449,0.0237466,102467,102467,0,78106,
mcs90_m3Dr4_s70.A00,mcs90_m3Dr4_s70.B00,ll_lum,39,43,6379501709,1000.02,1,70,1633993195,243.922,3979044558,3979044558,0,2905090948,
mcs90_m3Dr4_s70.A01,mcs90_m3Dr4_s70.B01,ll_lum,47,87,5706860045,1000.02,1,70,3911158485,643.138,3534441219,3534441219,0,2657160935,
mcs90_m3Dr4_s70.A02,mcs90_m3Dr4_s70.B02,ll_lum,40,47,6182749025,1000.02,1,70,513488440,83.2961,3810674290,3810674290,0,2842950094,
mcs90_m3Dr4_s70.A03,mcs90_m3Dr4_s70.B03,ll_lum,40,40,6532658803,1000.01,1,70,299809621,41.494,4182137067,4182137067,0,3043172875,
mcs90_m3Dr4_s70.A04,mcs90_m3Dr4_s70.B04,ll_lum,39,44,6549128008,1000.01,1,70,115982864,16.0877,3971248989,3971248989,0,2820132412,
mcs90_m3Dr4_s70.A05,mcs90_m3Dr4_s70.B05,ll_lum,41,62,6204826382,1000.01,1,70,319944117,48.5692,3979673811,3979673811,0,3002497372,
mcs90_m3Dr4_s70.A06,mcs90_m3Dr4_s70.B06,ll_lum,64,166,765266912,158.288,0,70,765112898,158.251,510816468,510816468,0,401635986,
mcs90_m3Dr4_s70.A07,mcs90_m3Dr4_s70.B07,ll_lum,64,168,54177480,10.8609,0,70,53785714,10.7671,34132708,34132708,0,27901489,
mcs90_m3Dr4_s70.A08,mcs90_m3Dr4_s70.B08,ll_lum,38,43,6367986304,1000.01,1,70,41399531,6.04819,4003168354,4003168354,0,2946567602,
mcs90_m3Dr4_s70.A09,mcs90_m3Dr4_s70.B09,ll_lum,41,51,6306576179,1000.02,1,70,111883471,16.7345,3984221595,3984221595,0,2716889297,
mcs90_m3Dr4_s80.A00,mcs90_m3Dr4_s80.B00,ll_lum,45,50,6146942565,1000.02,1,80,1614892096,258.957,3912331560,3912331560,0,2893058001,
mcs90_m3Dr4_s80.A01,mcs90_m3Dr4_s80.B01,ll_lum,43,43,6460026725,1000.02,1,80,4896942,0.756813,4006388911,4006388911,0,2978452366,
mcs90_m3Dr4_s80.A02,mcs90_m3Dr4_s80.B02,ll_lum,44,47,6744930309,1000.02,1,80,72567238,9.73546,4344090960,4344090960,0,3171204726,
mcs90_m3Dr4_s80.A03,mcs90_m3Dr4_s80.B03,ll_lum,44,45,6558648516,1000.01,1,80,4531924360,675.179,4031597884,4031597884,0,2993458147,
mcs90_m3Dr4_s80.A04,mcs90_m3Dr4_s80.B04,ll_lum,44,48,6407171613,1000.02,1,80,1541452388,226.204,4009837036,4009837036,0,3025097387,
mcs90_m3Dr4_s80.A05,mcs90_m3Dr4_s80.B05,ll_lum,45,49,6495446892,1000.01,1,80,5056378099,767.292,4077688944,4077688944,0,2988457675,
mcs90_m3Dr4_s80.A06,mcs90_m3Dr4_s80.B06,ll_lum,44,52,6603405037,1000.01,1,80,240213339,34.0845,4241649131,4241649131,0,3231541789,
mcs90_m3Dr4_s80.A07,mcs90_m3Dr4_s80.B07,ll_lum,43,40,6947517464,1000.01,1,80,432758472,61.9537,4442567979,4442567979,0,3236205584,
mcs90_m3Dr4_s80.A08,mcs90_m3Dr4_s80.B08,ll_lum,42,46,7029550471,1000.02,1,80,1042758567,146.419,4497883466,4497883466,0,3336540848,
mcs90_m3Dr4_s80.A09,mcs90_m3Dr4_s80.B09,ll_lum,46,46,6346424654,1000.02,1,80,2981928408,458.02,3966283998,3966283998,0,3058022874,
mcs90_m3Dr6_s10.A00,mcs90_m3Dr6_s10.B00,ll_lum,8,13,161,5.3651e-05,0,10,143,2.6129e-05,113,113,0,75,
mcs90_m3Dr6_s10.A01,mcs90_m3Dr6_s10.B01,ll_lum,8,13,143,4.9955e-05,0,10,66,1.319e-05,96,96,0,56,
mcs90_m3Dr6_s10.A02,mcs90_m3Dr6_s10.B02,ll_lum,8,13,276,7.8097e-05,0,10,166,2.7882e-05,187,187,0,130,
mcs90_m3Dr6_s10.A03,mcs90_m3Dr6_s10.B03,ll_lum,8,11,151,4.9465e-05,0,10,25,7.912e-06,109,109,0,80,
mcs90_m3Dr6_s10.A04,mcs90_m3Dr6_s10.B04,ll_lum,8,15,160,5.2269e-05,0,10,84,1.5874e-05,112,112,0,76,
mcs90_m3Dr6_s10.A05,mcs90_m3Dr6_s10.B05,ll_lum,8,14,151,5.6395e-05,0,10,22,8.133e-06,107,107,0,78,
mcs90_m3Dr6_s10.A06,mcs90_m3Dr6_s10.B06,ll_lum,8,11,159,5.6685e-05,0,10,100,2.2574e-05,106,106,0,68,
mcs90_m3Dr6_s10.A07,mcs90_m3Dr6_s10.B07,ll_lum,8,14,112,4.6731e-05,0,10,18,7.341e-06,80,80,0,51,
mcs90_m3Dr6_s10.A08,mcs90_m3Dr6_s10.B08,ll_lum,8,13,341,9.1409e-05,0,10,135,2.6791e-05,228,228,0,152,
mcs90_m3Dr6_s10.A09,mcs90_m3Dr6_s10.B09,ll_lum,9,15,36,3.6715e-05,0,10,16,7.652e-06,24,24,0,12,
mcs90_m3Dr6_s30.A00,mcs90_m3Dr6_s30.B00,ll_lum,27,67,4638143,0.758939,0,30,4636052,0.758513,2871005,2871005,0,2201144,
mcs90_m3Dr6_s30.A01,mcs90_m3Dr6_s30.B01,ll_lum,27,68,6592457,1.09994,0,30,6591433,1.0997,4189021,4189021,0,3294041,
mcs90_m3Dr6_s30.A02,mcs90_m3Dr6_s30.B02,ll_lum,27,67,146837,0.0232316,0,30,145337,0.0229041,88893,88893,0,69659,
mcs90_m3Dr6_s30.A03,mcs90_m3Dr6_s30.B03,ll_lum,27,67,3210688,0.505277,0,30,3209069,0.504924,1992634,1992634,0,1521659,
mcs90_m3Dr6_s30.A04,mcs90_m3Dr6_s30.B04,ll_lum,27,65,33450,0.00556167,0,30,31382,0.00514329,20672,20672,0,16348,
mcs90_m3Dr6_s30.A05,mcs90_m3Dr6_s30.B05,ll_lum,27,66,2567396,0.372307,0,30,2565376,0.371904,1590754,1590754,0,1193811,
mcs90_m3Dr6_s30.A06,mcs90_m3Dr6_s30.B06,ll_lum,27,66,884125,0.142987,0,30,883169,0.142751,552797,552797,0,426322,
mcs90_m3Dr6_s30.A07,mcs90_m3Dr6_s30.B07,ll_lum,27,66,1672815,0.252157,0,30,1671325,0.251843,1045729,1045729,0,797227,
mcs90_m3Dr6_s30.A08,mcs90_m3Dr6_s30.B08,ll_lum,27,65,2064993,0.33289,0,30,2064133,0.33266,1307721,1307721,0,993088,
mcs90_m3Dr6_s30.A09,mcs90_m3Dr6_s30.B09,ll_lum,27,67,2001687,0.312851,0,30,1998775,0.312251,1238930,1238930,0,950349,
mcs90_m3Dr6_s70.A00,mcs90_m3Dr6_s70.B00,ll_lum,37,41,6142455319,1000.02,1,70,1538504840,241.693,3850719260,3850719260,0,3025351722,
mcs90_m3Dr6_s70.A01,mcs90_m3Dr6_s70.B01,ll_lum,38,42,6777659790,1000.02,1,70,17126484,2.29311,4316089015,4316089015,0,3128286309,
mcs90_m3Dr6_s70.A02,mcs90_m3Dr6_s70.B02,ll_lum,38,39,6152770717,1000.02,1,70,3402187385,540.663,3788073542,3788073542,0,2869322431,
mcs90_m3Dr6_s70.A03,mcs90_m3Dr6_s70.B03,ll_lum,39,48,6120223763,1000.02,1,70,2764903417,435.439,3851001176,3851001176,0,2921351997,
mcs90_m3Dr6_s70.A04,mcs90_m3Dr6_s70.B04,ll_lum,64,180,313655,0.0790275,0,70,181542,0.0458259,204466,204466,0,159080,
mcs90_m3Dr6_s70.A05,mcs90_m3Dr6_s70.B05,ll_lum,37,41,6809474736,1000.02,1,70,187176810,27.6194,4426807182,4426807182,0,3432901190,
mcs90_m3Dr6_s70.A06,mcs90_m3Dr6_s70.B06,ll_lum,64,179,186151,0.0447084,0,70,65,8.9094e-05,133560,133560,0,105835,
mcs90_m3Dr6_s70.A07,mcs90_m3Dr6_s70.B07,ll_lum,38,52,6049870869,1000.01,1,70,291157977,45.5088,3727958189,3727958189,0,2862292011,
mcs90_m3Dr6_s70.A08,mcs90_m3Dr6_s70.B08,ll_lum,64,179,239011674,51.7241,0,70,238777813,51.6666,157545645,157545645,0,132287087,
mcs90_m3Dr6_s70.A09,mcs90_m3Dr6_s70.B09,ll_lum,38,39,6103336690,1000.01,1,70,4354046698,707.89,3730856194,3730856194,0,2811746963,
mcs90_m3Dr6_s80.A00,mcs90_m3Dr6_s80.B00,ll_lum,43,46,5948199705,1000.02,1,80,34370661,5.24694,3814090412,3814090412,0,2839424389,
mcs90_m3Dr6_s80.A01,mcs90_m3Dr6_s80.B01,ll_lum,42,43,6327053414,1000.01,1,80,441806871,67.0534,4038890315,4038890315,0,3030886885,
mcs90_m3Dr6_s80.A02,mcs90_m3Dr6_s80.B02,ll_lum,44,44,5444940855,1000.01,1,80,40664863,6.71419,3361820519,3361820519,0,2636781255,
mcs90_m3Dr6_s80.A03,mcs90_m3Dr6_s80.B03,ll_lum,44,43,6440996403,1000.02,1,80,2402962922,356.76,4127735096,4127735096,0,3076278643,
mcs90_m3Dr6_s80.A04,mcs90_m3Dr6_s80.B04,ll_lum,42,44,6329974420,1000.02,1,80,3055789223,470.977,3884029290,3884029290,0,2848066123,
mcs90_m3Dr6_s80.A05,mcs90_m3Dr6_s80.B05,ll_lum,43,39,6117128825,1000.01,1,80,10360565,1.42663,4000634172,4000634172,0,3011775875,
mcs90_m3Dr6_s80.A06,mcs90_m3Dr6_s80.B06,ll_lum,42,46,3908598934,1000.01,1,80,769994698,172.388,2380969805,2380969805,0,1777949997,
mcs90_m3Dr6_s80.A07,mcs90_m3Dr6_s80.B07,ll_lum,43,52,6018921190,1000.03,1,80,186364540,28.5287,3726428913,3726428913,0,2800811293,
mcs90_m3Dr6_s80.A08,mcs90_m3Dr6_s80.B08,ll_lum,43,46,6220006314,1000.01,1,80,2871541245,435.892,3772764990,3772764990,0,2861097632,
mcs90_m3Dr6_s80.A09,mcs90_m3Dr6_s80.B09,ll_lum,42,42,6454906103,1000.02,1,80,47537460,6.92693,4007110512,4007110512,0,2991094344,
mcs90_m4D_s100.A00,mcs90_m4D_s100.B00,ll_lum,78,147,9219140784,1000.02,1,100,1506886721,158.185,6839003451,6839003451,0,4704700368,
mcs90_m4D_s100.A01,mcs90_m4D_s100.B01,ll_lum,66,95,11532566634,1000.02,1,100,9419629068,776.535,7340370089,7340370089,0,3946950985,
mcs90_m4D_s100.A02,mcs90_m4D_s100.B02,ll_lum,85,185,8276510679,1000.02,1,100,3789104891,405.924,5760036787,5760036787,0,3607587565,
mcs90_m4D_s100.A03,mcs90_m4D_s100.B03,ll_lum,84,191,5912760276,1000.02,1,100,83050918,12.1545,3995701223,3995701223,0,2397560639,
mcs90_m4D_s100.A04,mcs90_m4D_s100.B04,ll_lum,74,154,7624396514,1000.02,1,100,37789645,4.51459,5148198355,5148198355,0,3092282047,
mcs90_m4D_s100.A05,mcs90_m4D_s100.B05,ll_lum,81,171,7333256033,1000.01,1,100,306576436,39.6372,5217027083,5217027083,0,3520287284,
mcs90_m4D_s100.A06,mcs90_m4D_s100.B06,ll_lum,87,199,5808116148,1000.02,1,100,53873712,6.51808,3911249937,3911249937,0,2597563079,
mcs90_m4D_s100.A07,mcs90_m4D_s100.B07,ll_lum,84,173,5674832845,1000.01,1,100,4667021496,828.052,4110229909,4110229909,0,2900514295,
mcs90_m4D_s100.A08,mcs90_m4D_s100.B08,ll_lum,78,153,6053298057,1000.02,1,100,381386841,55.9536,4390088380,4390088380,0,2948486393,
mcs90_m4D_s100.A09,mcs90_m4D_s100.B09,ll_lum,79,153,9010175415,1000.02,1,100,21296750,1.68056,6377818932,6377818932,0,3928329610,
mcs90_m4D_s20.A00,mcs90_m4D_s20.B00,ll_lum,16,26,5883,0.000798527,0,20,17,1.5444e-05,3715,3715,0,2338,
mcs90_m4D_s20.A01,mcs90_m4D_s20.B01,ll_lum,17,32,2296,0.000341246,0,20,1266,0.000167403,1446,1446,0,777,
mcs90_m4D_s20.A02,mcs90_m4D_s20.B02,ll_lum,17,32,1541,0.000242985,0,20,603,8.3425e-05,960,960,0,553,
mcs90_m4D_s20.A03,mcs90_m4D_s20.B03,ll_lum,17,21,6517,0.000716338,0,20,6072,0.000627283,4288,4288,0,2878,
mcs90_m4D_s20.A04,mcs90_m4D_s20.B04,ll_lum,17,28,1651,0.00027737,0,20,717,0.000103827,1047,1047,0,612,
mcs90_m4D_s20.A05,mcs90_m4D_s20.B05,ll_lum,17,21,3468,0.000452734,0,20,1867,0.000228035,2097,2097,0,1027,
mcs90_m4D_s20.A06,mcs90_m4D_s20.B06,ll_lum,17,19,4400,0.000460411,0,20,3544,0.000339068,2721,2721,0,1352,
mcs90_m4D_s20.A07,mcs90_m4D_s20.B07,ll_lum,17,32,1338,0.000222044,0,20,123,2.7852e-05,859,859,0,460,
mcs90_m4D_s20.A08,mcs90_m4D_s20.B08,ll_lum,17,32,1331,0.000252422,0,20,18,1.5514e-05,839,839,0,513,
mcs90_m4D_s20.A09,mcs90_m4D_s20.B09,ll_lum,18,33,286,8.9495e-05,0,20,19,1.4743e-05,198,198,0,114,
mcs90_m4D_s90.A00,mcs90_m4D_s90.B00,ll_lum,81,184,4170602629,699.401,0,90,273841,0.0353207,2700877741,2700877741,0,1627843466,
mcs90_m4D_s90.A01,mcs90_m4D_s90.B01,ll_lum,84,136,31183557,6.13734,0,90,29440967,5.78001,22759790,22759790,0,16280803,
mcs90_m4D_s90.A02,mcs90_m4D_s90.B02,ll_lum,83,189,214665343,42.376,0,90,141569292,25.5019,139782109,139782109,0,77019865,
mcs90_m4D_s90.A03,mcs90_m4D_s90.B03,ll_lum,83,192,3230566737,451.014,0,90,3226361019,450.154,2072371609,2072371609,0,1075261560,
mcs90_m4D_s90.A04,mcs90_m4D_s90.B04,ll_lum,83,182,129998368,21.4728,0,90,108338621,17.5738,92920189,92920189,0,61587027,
mcs90_m4D_s90.A05,mcs90_m4D_s90.B05,ll_lum,82,191,3294017654,541.916,0,90,2044639618,325.61,2170547973,2170547973,0,1251725955,
mcs90_m4D_s90.A06,mcs90_m4D_s90.B06,ll_lum,83,184,367176209,85.1897,0,90,348828972,80.4205,245230485,245230485,0,147226352,
mcs90_m4D_s90.A07,mcs90_m4D_s90.B07,ll_lum,83,193,163117816,47.0492,0,90,136066484,36.5154,107395178,107395178,0,63725557,
mcs90_m4D_s90.A08,mcs90_m4D_s90.B08,ll_lum,74,151,9481097479,1000.02,1,90,7942766111,817.697,5913993572,5913993572,0,3369696883,
mcs90_m4D_s90.A09,mcs90_m4D_s90.B09,ll_lum,82,192,141630417,27.2586,0,90,5348,0.000963382,99264861,99264861,0,66122909,
mcs90_m4Dr2_s100.A00,mcs90_m4Dr2_s100.B00,ll_lum,86,215,4333089874,1000.02,1,100,588797276,133.195,2922826715,2922826715,0,2102112819,
mcs90_m4Dr2_s100.A01,mcs90_m4Dr2_s100.B01,ll_lum,63,102,10539620467,1000.02,1,100,1361954300,105.955,6974007766,6974007766,0,4430042763,
mcs90_m4Dr2_s100.A02,mcs90_m4Dr2_s100.B02,ll_lum,81,206,4477247290,1000.02,1,100,82,0.000123076,2338091369,2338091369,0,959327260,
mcs90_m4Dr2_s100.A03,mcs90_m4Dr2_s100.B03,ll_lum,64,93,9984698351,1000.02,1,100,5350323,0.740152,7346664089,7346664089,0,5011014136,
mcs90_m4Dr2_s100.A04,mcs90_m4Dr2_s100.B04,ll_lum,69,116,6336295263,1000.02,1,100,405526149,56.2678,4486105585,4486105585,0,3236309460,
mcs90_m4Dr2_s100.A05,mcs90_m4Dr2_s100.B05,ll_lum,65,101,6276766444,1000.02,1,100,2406078858,364.259,4246944017,4246944017,0,2899732845,
mcs90_m4Dr2_s100.A06,mcs90_m4Dr2_s100.B06,ll_lum,86,208,3771130777,1000.02,1,100,55999,0.0112078,2691677265,2691677265,0,2065892993,
mcs90_m4Dr2_s100.A07,mcs90_m4Dr2_s100.B07,ll_lum,54,68,12157102698,1000.02,1,100,2037078276,161.069,8052752716,8052752716,0,3955515117,
mcs90_m4Dr2_s100.A08,mcs90_m4Dr2_s100.B08,ll_lum,85,213,2618149386,1000.02,1,100,84,0.000232789,1836999309,1836999309,0,1388546434,
mcs90_m4Dr2_s100.A09,mcs90_m4Dr2_s100.B09,ll_lum,64,92,11214851460,1000.02,1,100,6637311594,437.295,8407981780,8407981780,0,6140930406,
mcs90_m4Dr2_s20.A00,mcs90_m4Dr2_s20.B00,ll_lum,16,33,2940,0.000467875,0,20,274,4.9705e-05,1913,1913,0,1253,
mcs90_m4Dr2_s20.A01,mcs90_m4Dr2_s20.B01,ll_lum,16,29,6433,0.000755772,0,20,2998,0.00032055,3944,3944,0,2257,
mcs90_m4Dr2_s20.A02,mcs90_m4Dr2_s20.B02,ll_lum,17,35,2319,0.000364336,0,20,1729,0.000243535,1482,1482,0,1080,
mcs90_m4Dr2_s20.A03,mcs90_m4Dr2_s20.B03,ll_lum,17,33,652,0.000145729,0,20,17,1.4742e-05,449,449,0,305,
mcs90_m4Dr2_s20.A04,mcs90_m4Dr2_s20.B04,ll_lum,16,33,2936,0.000487888,0,20,17,1.5523e-05,1964,1964,0,1346,
mcs90_m4Dr2_s20.A05,mcs90_m4Dr2_s20.B05,ll_lum,16,33,5010,0.000682969,0,20,1608,0.000206471,3103,3103,0,2009,
mcs90_m4Dr2_s20.A06,mcs90_m4Dr2_s20.B06,ll_lum,16,34,3733,0.0005609,0,20,949,0.000129955,2490,2490,0,1792,
mcs90_m4Dr2_s20.A07,mcs90_m4Dr2_s20.B07,ll_lum,17,25,2198,0.000324917,0,20,2047,0.000273851,1449,1449,0,947,
mcs90_m4Dr2_s20.A08,mcs90_m4Dr2_s20.B08,ll_lum,16,34,2540,0.000394513,0,20,17,1.3971e-05,1660,1660,0,1137,
mcs90_m4Dr2_s20.A09,mcs90_m4Dr2_s20.B09,ll_lum,16,34,3521,0.000543211,0,20,1052,0.000149907,2334,2334,0,1656,
mcs90_m4Dr2_s90.A00,mcs90_m4Dr2_s90.B00,ll_lum,81,208,1175980538,155.864,0,90,1138473369,148.658,816540524,816540524,0,575428061,
mcs90_m4Dr2_s90.A01,mcs90_m4Dr2_s90.B01,ll_lum,61,103,4231668531,1000.01,1,90,864979153,190.474,2989379938,2989379938,0,2104018833,
mcs90_m4Dr2_s90.A02,mcs90_m4Dr2_s90.B02,ll_lum,56,95,8985223686,1000.01,1,90,263058268,27.5016,6413835855,6413835855,0,4300327383,
mcs90_m4Dr2_s90.A03,mcs90_m4Dr2_s90.B03,ll_lum,59,94,6977292393,1000.02,1,90,731313406,90.4531,4759145633,4759145633,0,3259654556,
mcs90_m4Dr2_s90.A04,mcs90_m4Dr2_s90.B04,ll_lum,59,96,6894916324,1000.02,1,90,4399811166,617.415,4954829068,4954829068,0,3699130150,
mcs90_m4Dr2_s90.A05,mcs90_m4Dr2_s90.B05,ll_lum,81,209,33855929,7.12802,0,90,2904,0.000545391,21708633,21708633,0,14115757,
mcs90_m4Dr2_s90.A06,mcs90_m4Dr2_s90.B06,ll_lum,64,131,5638162913,1000.01,1,90,183817972,29.4495,3944171355,3944171355,0,2933451785,
mcs90_m4Dr2_s90.A07,mcs90_m4Dr2_s90.B07,ll_lum,81,209,39835258,8.89538,0,90,82,0.000120783,25742929,25742929,0,17233934,
mcs90_m4Dr2_s90.A08,mcs90_m4Dr2_s90.B08,ll_lum,61,100,7978171591,1000.02,1,90,7093833934,884.005,5521303074,5521303074,0,3450052812,
mcs90_m4Dr2_s90.A09,mcs90_m4Dr2_s90.B09,ll_lum,82,209,369325283,51.6138,0,90,364729300,50.6131,236032295,236032295,0,159269674,
mcs90_m4Dr4_s100.A00,mcs90_m4Dr4_s100.B00,ll_lum,60,85,6362021145,1000.01,1,100,311167252,45.4647,4448923094,4448923094,0,3478321686,
mcs90_m4Dr4_s100.A01,mcs90_m4Dr4_s100.B01,ll_lum,71,147,6347372320,1000.01,1,100,292097536,45.3194,3849141149,3849141149,0,2632445690,
mcs90_m4Dr4_s100.A02,mcs90_m4Dr4_s100.B02,ll_lum,59,82,10721149182,1000.01,1,100,5790622768,222.877,7879992847,7879992847,0,5698892831,
mcs90_m4Dr4_s100.A03,mcs90_m4Dr4_s100.B03,ll_lum,59,72,8504645901,1000.01,1,100,3228683508,332.826,6194907012,6194907012,0,4573097374,
mcs90_m4Dr4_s100.A04,mcs90_m4Dr4_s100.B04,ll_lum,65,119,6254504873,1000.01,1,100,1460046370,221.194,4213233088,4213233088,0,3019670444,
mcs90_m4Dr4_s100.A05,mcs90_m4Dr4_s100.B05,ll_lum,60,76,11345893222,1000.01,1,100,279766930,25.5906,8686078255,8686078255,0,6101010920,
mcs90_m4Dr4_s100.A06,mcs90_m4Dr4_s100.B06,ll_lum,62,92,7949518641,1000.02,1,100,6255870189,765.234,5773889460,5773889460,0,4556068157,
mcs90_m4Dr4_s100.A07,mcs90_m4Dr4_s100.B07,ll_lum,78,197,4687206788,1000.01,1,100,26590484,4.97191,2388046084,2388046084,0,988914222,
mcs90_m4Dr4_s100.A08,mcs90_m4Dr4_s100.B08,ll_lum,60,88,6690871425,1000.01,1,100,47425430,5.2617,4469609294,4469609294,0,3150050390,
mcs90_m4Dr4_s100.A09,mcs90_m4Dr4_s100.B09,ll_lum,70,153,5257241422,1000.01,1,100,79898,0.0137389,3309786045,3309786045,0,2252752121,
mcs90_m4Dr4_s20.A00,mcs90_m4Dr4_s20.B00,ll_lum,16,36,6621,0.00115584,0,20,1360,0.000188886,4256,4256,0,2853,
mcs90_m4Dr4_s20.A01,mcs90_m4Dr4_s20.B01,ll_lum,17,38,783,0.000168715,0,20,118,2.7733e-05,528,528,0,350,
mcs90_m4Dr4_s20.A02,mcs90_m4Dr4_s20.B02,ll_lum,16,35,3272,0.000569921,0,20,94,2.7421e-05,2194,2194,0,1551,
mcs90_m4Dr4_s20.A03,mcs90_m4Dr4_s20.B03,ll_lum,16,37,1959,0.00045011,0,20,17,1.6675e-05,1383,1383,0,1065,
mcs90_m4Dr4_s20.A04,mcs90_m4Dr4_s20.B04,ll_lum,17,37,1119,0.000232921,0,20,726,0.000130917,735,735,0,567,
mcs90_m4Dr4_s20.A05,mcs90_m4Dr4_s20.B05,ll_lum,16,36,6330,0.00102079,0,20,3879,0.000497052,4034,4034,0,2957,
mcs90_m4Dr4_s20.A06,mcs90_m4Dr4_s20.B06,ll_lum,16,36,3852,0.000619046,0,20,928,0.000137188,2585,2585,0,1958,
mcs90_m4Dr4_s20.A07,mcs90_m4Dr4_s20.B07,ll_lum,16,37,3868,0.000621961,0,20,1758,0.00027098,2458,2458,0,1772,
mcs90_m4Dr4_s20.A08,mcs90_m4Dr4_s20.B08,ll_lum,17,38,597,0.000146661,0,20,18,1.3691e-05,423,423,0,314,
mcs90_m4Dr4_s20.A09,mcs90_m4Dr4_s20.B09,ll_lum,17,33,1137,0.000228555,0,20,432,7.937e-05,761,761,0,547,
mcs90_m4Dr4_s90.A00,mcs90_m4Dr4_s90.B00,ll_lum,81,225,13217523,4.12969,0,90,82,0.000144278,7476861,7476861,0,3455897,
mcs90_m4Dr4_s90.A01,mcs90_m4Dr4_s90.B01,ll_lum,51,73,15067776722,1000.02,1,90,3229023,0.371817,11250595715,11250595715,0,7547685180,
mcs90_m4Dr4_s90.A02,mcs90_m4Dr4_s90.B02,ll_lum,56,83,7056705243,1000.01,1,90,4737820590,658.103,4960806831,4960806831,0,3554452903,
mcs90_m4Dr4_s90.A03,mcs90_m4Dr4_s90.B03,ll_lum,51,76,7798463268,1000.01,1,90,334601264,38.1811,5323828419,5323828419,0,4149795783,
mcs90_m4Dr4_s90.A04,mcs90_m4Dr4_s90.B04,ll_lum,56,96,7279231732,1000.02,1,90,2635103515,359.111,5036990992,5036990992,0,3619421726,
mcs90_m4Dr4_s90.A05,mcs90_m4Dr4_s90.B05,ll_lum,56,102,6026937075,1000.02,1,90,1007627028,126.816,4200951773,4200951773,0,3201814503,
mcs90_m4Dr4_s90.A06,mcs90_m4Dr4_s90.B06,ll_lum,81,226,2017022255,351.055,0,90,2003598501,348.075,1290615383,1290615383,0,860481359,
mcs90_m4Dr4_s90.A07,mcs90_m4Dr4_s90.B07,ll_lum,53,79,6200821550,1000.01,1,90,4178515529,616.084,4613349294,4613349294,0,3372694580,
mcs90_m4Dr4_s90.A08,mcs90_m4Dr4_s90.B08,ll_lum,82,226,2756013,0.688678,0,90,82,0.000129124,1740978,1740978,0,1116622,
mcs90_m4Dr4_s90.A09,mcs90_m4Dr4_s90.B09,ll_lum,54,85,8671152592,1000.02,1,90,4863393250,546.721,6678858943,6678858943,0,5474285200,
mcs90_m4Dr6_s100.A00,mcs90_m4Dr6_s100.B00,ll_lum,56,78,12827701187,1000.02,1,100,1468984675,105.209,8896242543,8896242543,0,5515832616,
mcs90_m4Dr6_s100.A01,mcs90_m4Dr6_s100.B01,ll_lum,66,135,5471688201,1000.01,1,100,628,0.000189685,3515690790,3515690790,0,2736210513,
mcs90_m4Dr6_s100.A02,mcs90_m4Dr6_s100.B02,ll_lum,83,240,3420381644,1000.01,1,100,1136650643,291.26,1833425168,1833425168,0,901639661,
mcs90_m4Dr6_s100.A03,mcs90_m4Dr6_s100.B03,ll_lum,56,85,8391269819,1000.02,1,100,6072876588,677.981,6180890081,6180890081,0,4714597255,
mcs90_m4Dr6_s100.A04,mcs90_m4Dr6_s100.B04,ll_lum,58,81,7671619048,1000.01,1,100,5828652182,727.412,5656807495,5656807495,0,4207995869,
mcs90_m4Dr6_s100.A05,mcs90_m4Dr6_s100.B05,ll_lum,56,72,6780629587,1000.01,1,100,2129223755,301.474,4853781364,4853781364,0,3642626839,
mcs90_m4Dr6_s100.A06,mcs90_m4Dr6_s100.B06,ll_lum,56,72,9090642971,1000.02,1,100,8355312271,898.277,6551611062,6551611062,0,5008921735,
mcs90_m4Dr6_s100.A07,mcs90_m4Dr6_s100.B07,ll_lum,56,72,12032371559,1000.02,1,100,20243006,1.98211,8802571860,8802571860,0,6027545640,
mcs90_m4Dr6_s100.A08,mcs90_m4Dr6_s100.B08,ll_lum,56,78,7924063000,1000.02,1,100,337473419,33.682,5772024162,5772024162,0,4226183048,
mcs90_m4Dr6_s100.A09,mcs90_m4Dr6_s100.B09,ll_lum,56,71,10536773610,1000.02,1,100,5794833511,502.003,7981663232,7981663232,0,5978939855,
mcs90_m4Dr6_s20.A00,mcs90_m4Dr6_s20.B00,ll_lum,17,40,5570,0.000832059,0,20,4847,0.000688203,3529,3529,0,2646,
mcs90_m4Dr6_s20.A01,mcs90_m4Dr6_s20.B01,ll_lum,16,36,2838,0.000505739,0,20,17,1.36e-05,1945,1945,0,1461,
mcs90_m4Dr6_s20.A02,mcs90_m4Dr6_s20.B02,ll_lum,16,37,2803,0.000506801,0,20,1026,0.000176485,1943,1943,0,1539,
mcs90_m4Dr6_s20.A03,mcs90_m4Dr6_s20.B03,ll_lum,16,39,3394,0.000557727,0,20,1343,0.000194122,2314,2314,0,1857,
mcs90_m4Dr6_s20.A04,mcs90_m4Dr6_s20.B04,ll_lum,17,39,298,9.4803e-05,0,20,18,1.4411e-05,220,220,0,164,
mcs90_m4Dr6_s20.A05,mcs90_m4Dr6_s20.B05,ll_lum,16,37,2793,0.000463436,0,20,962,0.000140732,1860,1860,0,1344,
mcs90_m4Dr6_s20.A06,mcs90_m4Dr6_s20.B06,ll_lum,16,35,4982,0.000790806,0,20,2337,0.000341402,3244,3244,0,2507,
mcs90_m4Dr6_s20.A07,mcs90_m4Dr6_s20.B07,ll_lum,16,38,2008,0.000388123,0,20,17,1.4061e-05,1428,1428,0,1132,
mcs90_m4Dr6_s20.A08,mcs90_m4Dr6_s20.B08,ll_lum,16,37,3171,0.000526981,0,20,1032,0.00015345,2104,2104,0,1533,
mcs90_m4Dr6_s20.A09,mcs90_m4Dr6_s20.B09,ll_lum,16,36,2782,0.000500421,0,20,705,0.000110426,1870,1870,0,1366,
mcs90_m4Dr6_s90.A00,mcs90_m4Dr6_s90.B00,ll_lum,51,74,7229450624,1000.01,1,90,6315898293,869.286,5216617098,5216617098,0,3968285799,
mcs90_m4Dr6_s90.A01,mcs90_m4Dr6_s90.B01,ll_lum,53,99,6745374784,1000.02,1,90,2317966870,320.462,4682260107,4682260107,0,3492112526,
mcs90_m4Dr6_s90.A02,mcs90_m4Dr6_s90.B02,ll_lum,82,239,74592174,16.9936,0,90,72433008,16.4837,40927490,40927490,0,20569599,
mcs90_m4Dr6_s90.A03,mcs90_m4Dr6_s90.B03,ll_lum,81,242,7934902,1.89928,0,90,82,0.000138418,5269737,5269737,0,4017659,
mcs90_m4Dr6_s90.A04,mcs90_m4Dr6_s90.B04,ll_lum,81,238,6970286,1.69833,0,90,82,0.000137576,4535399,4535399,0,3349547,
mcs90_m4Dr6_s90.A05,mcs90_m4Dr6_s90.B05,ll_lum,49,67,6805395016,1000.01,1,90,985836922,139.503,4607449806,4607449806,0,3577741715,
mcs90_m4Dr6_s90.A06,mcs90_m4Dr6_s90.B06,ll_lum,81,237,2315991474,477.946,0,90,2313524674,477.226,1447487077,1447487077,0,1045089304,
mcs90_m4Dr6_s90.A07,mcs90_m4Dr6_s90.B07,ll_lum,51,74,8488615423,1000.01,1,90,5662249442,612.835,6121292552,6121292552,0,4444727438,
mcs90_m4Dr6_s90.A08,mcs90_m4Dr6_s90.B08,ll_lum,81,241,3560990612,704.188,0,90,3551422206,701.563,2351958996,2351958996,0,1739635145,
mcs90_m4Dr6_s90.A09,mcs90_m4Dr6_s90.B09,ll_lum,81,238,4159294,1.99439,0,90,82,0.000264716,2785849,2785849,0,2130435,
mcs90_r001_s100.A00,mcs90_r001_s100.B00,ll_lum,90,89,3810405962,1000.01,1,100,54169882,3.54984,2954955198,2954955198,0,2494835674,
mcs90_r001_s100.A01,mcs90_r001_s100.B01,ll_lum,78,61,8268648043,1000.01,1,100,947432749,85.23,7362087985,7362087985,0,6550164805,
mcs90_r001_s100.A02,mcs90_r001_s100.B02,ll_lum,77,61,14174871963,1000.01,1,100,11252790640,697.741,11768467663,11768467663,0,10051666643,
mcs90_r001_s100.A03,mcs90_r001_s100.B03,ll_lum,76,64,23680115888,1000.02,1,100,1163207506,55.8156,19125332820,19125332820,0,15033571591,
mcs90_r001_s100.A04,mcs90_r001_s100.B04,ll_lum,82,76,6623504261,1000.02,1,100,110,7.0826e-05,5198917809,5198917809,0,3909084829,
mcs90_r001_s100.A05,mcs90_r001_s100.B05,ll_lum,90,88,7090960373,1000.02,1,100,6191366213,791.159,5553174800,5553174800,0,4407020939,
mcs90_r001_s100.A06,mcs90_r001_s100.B06,ll_lum,75,55,6607041723,1000.02,1,100,43452630,4.85345,5155010129,5155010129,0,3855402313,
mcs90_r001_s100.A07,mcs90_r001_s100.B07,ll_lum,91,90,2905054167,790.285,0,100,1271076465,328.699,2194468778,2194468778,0,1821596073,
mcs90_r001_s100.A08,mcs90_r001_s100.B08,ll_lum,82,68,7759211227,1000.02,1,100,276938284,24.2763,7022984003,7022984003,0,6330213009,
mcs90_r001_s100.A09,mcs90_r001_s100.B09,ll_lum,85,75,5367378284,1000.02,1,100,2052580212,376.78,3887860072,3887860072,0,2935588503,
mcs90_r005_s100.A00,mcs90_r005_s100.B00,ll_lum,40,48,5476188550,1000.01,1,100,1382913078,241.888,3380925631,3380925631,0,2739458262,
mcs90_r005_s100.A01,mcs90_r005_s100.B01,ll_lum,40,56,5184500011,1000.02,1,100,1388519745,258.225,3164153217,3164153217,0,2572996302,
mcs90_r005_s100.A02,mcs90_r005_s100.B02,ll_lum,41,46,5665647161,1000.01,1,100,4590966676,801.959,3490526821,3490526821,0,2840252349,
mcs90_r005_s100.A03,mcs90_r005_s100.B03,ll_lum,90,389,6116222,3.96025,0,100,91,0.000527481,4723890,4723890,0,4326518,
mcs90_r005_s100.A04,mcs90_r005_s100.B04,ll_lum,40,53,5486978008,1000.01,1,100,3000068459,529.144,3325221654,3325221654,0,2594121914,
mcs90_r005_s100.A05,mcs90_r005_s100.B05,ll_lum,40,45,4548391360,1000.01,1,100,329609273,71.1757,2789481098,2789481098,0,2248220588,
mcs90_r005_s100.A06,mcs90_r005_s100.B06,ll_lum,41,48,5358101179,1000.02,1,100,4486848844,832.82,3229547860,3229547860,0,2541861725,
mcs90_r005_s100.A07,mcs90_r005_s100.B07,ll_lum,41,53,3145621706,1000.01,1,100,2748149020,860.459,1914952875,1914952875,0,1548166876,
mcs90_r005_s100.A08,mcs90_r005_s100.B08,ll_lum,41,54,5040877287,1000.01,1,100,2124136628,403.683,3099675990,3099675990,0,2601884878,
mcs90_r005_s100.A09,mcs90_r005_s100.B09,ll_lum,41,49,5150452718,1000.02,1,100,1163597201,215.261,3175469444,3175469444,0,2612867067,
mcs90_r005_s20.A00,mcs90_r005_s20.B00,ll_lum,19,18,568,0.000105438,0,20,531,7.0337e-05,411,411,0,311,
mcs90_r005_s20.A01,mcs90_r005_s20.B01,ll_lum,18,17,842,0.000130477,0,20,744,8.3136e-05,545,545,0,321,
mcs90_r005_s20.A02,mcs90_r005_s20.B02,ll_lum,18,17,174,6.4987e-05,0,20,52,1.6225e-05,120,120,0,86,
mcs90_r005_s20.A03,mcs90_r005_s20.B03,ll_lum,18,17,885,0.000154453,0,20,650,8.8444e-05,579,579,0,384,
mcs90_r005_s20.A04,mcs90_r005_s20.B04,ll_lum,18,17,3870,0.000412742,0,20,3684,0.000352832,2526,2526,0,1623,
mcs90_r005_s20.A05,mcs90_r005_s20.B05,ll_lum,18,17,1305,0.000195195,0,20,1035,0.000123426,840,840,0,667,
mcs90_r005_s20.A06,mcs90_r005_s20.B06,ll_lum,18,14,5150,0.000455949,0,20,4898,0.000388757,3861,3861,0,2746,
mcs90_r005_s20.A07,mcs90_r005_s20.B07,ll_lum,18,17,119,6.4687e-05,0,20,11,1.0856e-05,88,88,0,74,
mcs90_r005_s20.A08,mcs90_r005_s20.B08,ll_lum,18,17,170,7.24e-05,0,20,16,1.1707e-05,124,124,0,86,
mcs90_r005_s20.A09,mcs90_r005_s20.B09,ll_lum,18,17,456,0.000109635,0,20,108,2.4627e-05,308,308,0,195,
mcs90_r005_s25.A00,mcs90_r005_s25.B00,ll_lum,22,22,843,0.000173091,0,25,40,1.6314e-05,564,564,0,405,
mcs90_r005_s25.A01,mcs90_r005_s25.B01,ll_lum,22,22,11472,0.00144004,0,25,2311,0.0002846,8188,8188,0,5599,
mcs90_r005_s25.A02,mcs90_r005_s25.B02,ll_lum,22,22,3783,0.000630115,0,25,84,3.5123e-05,3009,3009,0,2369,
mcs90_r005_s25.A03,mcs90_r005_s25.B03,ll_lum,22,22,2440,0.000389527,0,25,826,0.000121082,1668,1668,0,1206,
mcs90_r005_s25.A04,mcs90_r005_s25.B04,ll_lum,22,22,25598,0.00244034,0,25,24815,0.00229871,18477,18477,0,13376,
mcs90_r005_s25.A05,mcs90_r005_s25.B05,ll_lum,22,22,9061,0.00116004,0,25,2263,0.000255114,6556,6556,0,4630,
mcs90_r005_s25.A06,mcs90_r005_s25.B06,ll_lum,23,23,14166,0.00201463,0,25,14002,0.00195661,10211,10211,0,8243,
mcs90_r005_s25.A07,mcs90_r005_s25.B07,ll_lum,22,22,88434,0.00878008,0,25,87756,0.00865213,69807,69807,0,54838,
mcs90_r005_s25.A08,mcs90_r005_s25.B08,ll_lum,22,22,7280,0.00094283,0,25,1674,0.000186451,5023,5023,0,3453,
mcs90_r005_s25.A09,mcs90_r005_s25.B09,ll_lum,22,22,2183,0.00035867,0,25,1097,0.000165959,1502,1502,0,1103,
mcs90_r005_s30.A00,mcs90_r005_s30.B00,ll_lum,27,34,577312,0.0668044,0,30,575949,0.0665726,413546,413546,0,311832,
mcs90_r005_s30.A01,mcs90_r005_s30.B01,ll_lum,27,34,155751,0.0184152,0,30,153364,0.0180539,99548,99548,0,68741,
mcs90_r005_s30.A02,mcs90_r005_s30.B02,ll_lum,27,34,28289,0.00479413,0,30,27334,0.00454214,18361,18361,0,11803,
mcs90_r005_s30.A03,mcs90_r005_s30.B03,ll_lum,27,34,17246,0.00209926,0,30,15747,0.00182555,11915,11915,0,8388,
mcs90_r005_s30.A04,mcs90_r005_s30.B04,ll_lum,27,34,3475,0.000482275,0,30,2091,0.000240031,2092,2092,0,1021,
mcs90_r005_s30.A05,mcs90_r005_s30.B05,ll_lum,27,34,227791,0.0288266,0,30,225970,0.0285152,152384,152384,0,107856,
mcs90_r005_s30.A06,mcs90_r005_s30.B06,ll_lum,27,34,202441,0.0244276,0,30,201177,0.0241947,137150,137150,0,95852,
mcs90_r005_s30.A07,mcs90_r005_s30.B07,ll_lum,27,34,123161,0.0130681,0,30,122094,0.0128488,77679,77679,0,54346,
mcs90_r005_s30.A08,mcs90_r005_s30.B08,ll_lum,27,34,508743,0.0521425,0,30,506862,0.0518343,350375,350375,0,248810,
mcs90_r005_s30.A09,mcs90_r005_s30.B09,ll_lum,27,33,612,0.000162425,0,30,107,2.9865e-05,439,439,0,330,
mcs90_r005_s35.A00,mcs90_r005_s35.B00,ll_lum,31,44,16932369,1.74829,0,35,16930323,1.7479,12413977,12413977,0,9215603,
mcs90_r005_s35.A01,mcs90_r005_s35.B01,ll_lum,31,44,3178184,0.358855,0,35,3174121,0.358101,2188151,2188151,0,1554422,
mcs90_r005_s35.A02,mcs90_r005_s35.B02,ll_lum,31,43,2673799,0.378981,0,35,2669117,0.378109,1747686,1747686,0,1239627,
mcs90_r005_s35.A03,mcs90_r005_s35.B03,ll_lum,31,45,126237,0.0162299,0,35,116550,0.01462,84206,84206,0,61708,
mcs90_r005_s35.A04,mcs90_r005_s35.B04,ll_lum,31,44,827552,0.108378,0,35,822722,0.107512,579243,579243,0,443171,
mcs90_r005_s35.A05,mcs90_r005_s35.B05,ll_lum,31,44,1575200,0.203323,0,35,1569008,0.202283,1083486,1083486,0,820305,
mcs90_r005_s35.A06,mcs90_r005_s35.B06,ll_lum,31,45,6042730,0.767608,0,35,6038891,0.766934,4022658,4022658,0,2839685,
mcs90_r005_s35.A07,mcs90_r005_s35.B07,ll_lum,31,45,1968529,0.241475,0,35,1963451,0.240667,1303582,1303582,0,892279,
mcs90_r005_s35.A08,mcs90_r005_s35.B08,ll_lum,31,45,3689,0.000733773,0,35,29,2.5689e-05,2662,2662,0,2059,
mcs90_r005_s35.A09,mcs90_r005_s35.B09,ll_lum,31,45,5547,0.00101188,0,35,27,2.2514e-05,3905,3905,0,2892,
mcs90_r005_s40.A00,mcs90_r005_s40.B00,ll_lum,36,62,49956594,7.02458,0,40,49950034,7.02338,32683460,32683460,0,23657380,
mcs90_r005_s40.A01,mcs90_r005_s40.B01,ll_lum,36,62,3642251,0.518883,0,40,3638561,0.518153,2478036,2478036,0,1951860,
mcs90_r005_s40.A02,mcs90_r005_s40.B02,ll_lum,36,61,718670,0.122855,0,40,708594,0.120869,460725,460725,0,349756,
mcs90_r005_s40.A03,mcs90_r005_s40.B03,ll_lum,36,60,12347837,2.12329,0,40,12337597,2.12113,8199817,8199817,0,6155141,
mcs90_r005_s40.A04,mcs90_r005_s40.B04,ll_lum,36,62,2413664,0.354408,0,40,2411632,0.353961,1592356,1592356,0,1196227,
mcs90_r005_s40.A05,mcs90_r005_s40.B05,ll_lum,36,62,94246,0.0133521,0,40,88146,0.0122266,60371,60371,0,43082,
mcs90_r005_s40.A06,mcs90_r005_s40.B06,ll_lum,36,58,23330346,3.14752,0,40,23326089,3.14666,15425588,15425588,0,11155242,
mcs90_r005_s40.A07,mcs90_r005_s40.B07,ll_lum,36,58,18402069,2.56106,0,40,18399514,2.56054,11986017,11986017,0,8692819,
mcs90_r005_s40.A08,mcs90_r005_s40.B08,ll_lum,36,62,108303,0.0140562,0,40,102458,0.0130058,67844,67844,0,46132,
mcs90_r005_s40.A09,mcs90_r005_s40.B09,ll_lum,36,60,82312914,10.8779,0,40,82306823,10.8768,52217763,52217763,0,36124951,
mcs90_r005_s50.A00,mcs90_r005_s50.B00,ll_lum,45,96,21434,0.00453285,0,50,4790,0.00104384,14700,14700,0,11018,
mcs90_r005_s50.A01,mcs90_r005_s50.B01,ll_lum,45,96,73743159,10.9628,0,50,73719427,10.9578,48794698,48794698,0,38121114,
mcs90_r005_s50.A02,mcs90_r005_s50.B02,ll_lum,45,97,23329,0.00497831,0,50,46,4.9244e-05,17454,17454,0,14495,
mcs90_r005_s50.A03,mcs90_r005_s50.B03,ll_lum,31,27,6697438274,1000.01,1,50,33860553,4.61122,4498070537,4498070537,0,3442615343,
mcs90_r005_s50.A04,mcs90_r005_s50.B04,ll_lum,45,95,3266906635,542.392,0,50,3266882958,542.387,2166339070,2166339070,0,1654660801,
mcs90_r005_s50.A05,mcs90_r005_s50.B05,ll_lum,45,96,15621,0.00345689,0,50,43,4.4556e-05,11541,11541,0,9554,
mcs90_r005_s50.A06,mcs90_r005_s50.B06,ll_lum,45,97,1084779,0.162448,0,50,1060330,0.157415,691051,691051,0,521611,
mcs90_r005_s50.A07,mcs90_r005_s50.B07,ll_lum,45,96,4249234,0.691379,0,50,4222873,0.685991,2727847,2727847,0,2059567,
mcs90_r005_s50.A08,mcs90_r005_s50.B08,ll_lum,34,56,6351002510,1000.02,1,50,5976342797,935.806,4111508606,4111508606,0,3082819437,
mcs90_r005_s50.A09,mcs90_r005_s50.B09,ll_lum,45,94,10132,0.00231138,0,50,46,5.7076e-05,7640,7640,0,6586,
mcs90_r005_s60.A00,mcs90_r005_s60.B00,ll_lum,34,46,6094701909,1000.01,1,60,5028052554,811.848,3898121242,3898121242,0,2990608437,
mcs90_r005_s60.A01,mcs90_r005_s60.B01,ll_lum,54,136,3939681937,684.97,0,60,3939612053,684.955,2521540708,2521540708,0,2049530894,
mcs90_r005_s60.A02,mcs90_r005_s60.B02,ll_lum,34,35,6447761618,1000.02,1,60,353899117,51.3744,4270918349,4270918349,0,3398348709,
mcs90_r005_s60.A03,mcs90_r005_s60.B03,ll_lum,34,40,5629382535,1000.02,1,60,854659012,139.647,3711985352,3711985352,0,2892461206,
mcs90_r005_s60.A04,mcs90_r005_s60.B04,ll_lum,54,140,49753,0.012103,0,60,55,6.7171e-05,37421,37421,0,32312,
mcs90_r005_s60.A05,mcs90_r005_s60.B05,ll_lum,54,142,2413403177,410.271,0,60,2413325359,410.253,1576794039,1576794039,0,1281375614,
mcs90_r005_s60.A06,mcs90_r005_s60.B06,ll_lum,54,142,50083,0.0119875,0,60,55,7.7386e-05,37779,37779,0,32467,
mcs90_r005_s60.A07,mcs90_r005_s60.B07,ll_lum,34,37,6294812045,1000.01,1,60,3735836270,585.459,4072547438,4072547438,0,3176174422,
mcs90_r005_s60.A08,mcs90_r005_s60.B08,ll_lum,34,38,6395838964,1000.02,1,60,1327568185,206.768,4184412115,4184412115,0,3268178201,
mcs90_r005_s60.A09,mcs90_r005_s60.B09,ll_lum,37,61,6009376494,1000.02,1,60,3458017466,553.736,3906231051,3906231051,0,3099264631,
mcs90_r005_s70.A00,mcs90_r005_s70.B00,ll_lum,35,41,5958796734,1000.02,1,70,989930528,159.018,3760444628,3760444628,0,3031260704,
mcs90_r005_s70.A01,mcs90_r005_s70.B01,ll_lum,36,40,5819684200,1000.02,1,70,2998754223,503.164,3735643052,3735643052,0,3017676283,
mcs90_r005_s70.A02,mcs90_r005_s70.B02,ll_lum,37,37,5689986389,1000.01,1,70,4555581216,793.097,3680441411,3680441411,0,2839494075,
mcs90_r005_s70.A03,mcs90_r005_s70.B03,ll_lum,35,39,3760085771,1000.02,1,70,16794570,3.9397,2471504109,2471504109,0,1930393842,
mcs90_r005_s70.A04,mcs90_r005_s70.B04,ll_lum,35,37,3489326987,1000.01,1,70,729247596,190.031,2228538137,2228538137,0,1759220675,
mcs90_r005_s70.A05,mcs90_r005_s70.B05,ll_lum,36,36,5521808103,1000.02,1,70,578862900,102.074,3477505788,3477505788,0,2809519107,
mcs90_r005_s70.A06,mcs90_r005_s70.B06,ll_lum,34,45,6007343205,1000.02,1,70,129898725,19.5241,3881144292,3881144292,0,2985352488,
mcs90_r005_s70.A07,mcs90_r005_s70.B07,ll_lum,63,188,1347620,0.323145,0,70,1089321,0.257724,876017,876017,0,756902,
mcs90_r005_s70.A08,mcs90_r005_s70.B08,ll_lum,63,187,289092,0.0768558,0,70,64,9.297e-05,220586,220586,0,196391,
mcs90_r005_s70.A09,mcs90_r005_s70.B09,ll_lum,38,37,6126758708,1000.01,1,70,3398690517,540.888,4015063490,4015063490,0,3187690520,
mcs90_r005_s80.A00,mcs90_r005_s80.B00,ll_lum,37,38,5502987097,1000.02,1,80,3053071202,551.837,3396375081,3396375081,0,2780321722,
mcs90_r005_s80.A01,mcs90_r005_s80.B01,ll_lum,72,250,153777310,41.8279,0,80,152828506,41.5595,104194700,104194700,0,94072679,
mcs90_r005_s80.A02,mcs90_r005_s80.B02,ll_lum,39,43,5829026672,1000.02,1,80,3629159638,605.719,3671566452,3671566452,0,2916521846,
mcs90_r005_s80.A03,mcs90_r005_s80.B03,ll_lum,39,41,6009591841,1000.01,1,80,284239707,43.9839,3966855114,3966855114,0,3041605304,
mcs90_r005_s80.A04,mcs90_r005_s80.B04,ll_lum,37,47,5423189454,1000.02,1,80,322617615,57.8834,3423217204,3423217204,0,2795986652,
mcs90_r005_s80.A05,mcs90_r005_s80.B05,ll_lum,72,249,827728,0.228385,0,80,402,0.000260793,624412,624412,0,558014,
mcs90_r005_s80.A06,mcs90_r005_s80.B06,ll_lum,38,46,5811479715,1000.02,1,80,2766670495,467.771,3712353170,3712353170,0,2857104412,
mcs90_r005_s80.A07,mcs90_r005_s80.B07,ll_lum,38,46,5740234896,1000.01,1,80,1048299222,173.94,3639364886,3639364886,0,2891574328,
mcs90_r005_s80.A08,mcs90_r005_s80.B08,ll_lum,72,251,11995317,2.75306,0,80,11587103,2.63604,7573334,7573334,0,6352307,
mcs90_r005_s80.A09,mcs90_r005_s80.B09,ll_lum,38,44,5632797230,1000.01,1,80,28928160,5.23616,3709752208,3709752208,0,2873776535,
mcs90_r005_s90.A00,mcs90_r005_s90.B00,ll_lum,81,318,5223423,1.63118,0,90,2528985,0.800054,3604230,3604230,0,3184778,
mcs90_r005_s90.A01,mcs90_r005_s90.B01,ll_lum,81,318,1791301,0.546288,0,90,82,0.00015899,1385386,1385386,0,1267230,
mcs90_r005_s90.A02,mcs90_r005_s90.B02,ll_lum,39,49,5404045913,1000,1,90,5645620,0.970641,3422940590,3422940590,0,2838709538,
mcs90_r005_s90.A03,mcs90_r005_s90.B03,ll_lum,39,45,5826626025,1000.02,1,90,41662777,6.6967,3658231008,3658231008,0,2941956143,
mcs90_r005_s90.A04,mcs90_r005_s90.B04,ll_lum,81,313,1953390,0.593029,0,90,82,0.000148323,1504231,1504231,0,1364181,
mcs90_r005_s90.A05,mcs90_r005_s90.B05,ll_lum,52,117,4262784507,1000.02,1,90,1711905318,339.684,2784068310,2784068310,0,2447228943,
mcs90_r005_s90.A06,mcs90_r005_s90.B06,ll_lum,81,313,1246025,0.379179,0,90,82,0.000154002,948353,948353,0,848246,
mcs90_r005_s90.A07,mcs90_r005_s90.B07,ll_lum,45,95,3069640155,1000.02,1,90,329193304,98.8711,1959874582,1959874582,0,1710886443,
mcs90_r005_s90.A08,mcs90_r005_s90.B08,ll_lum,40,57,5131541095,1000.02,1,90,4045411467,775.952,3215984876,3215984876,0,2588337284,
mcs90_r005_s90.A09,mcs90_r005_s90.B09,ll_lum,45,95,4253000287,1000.01,1,90,1076745623,232.04,2708313132,2708313132,0,2416957939,
mcs90_r01_s10.A00,mcs90_r01_s10.B00,ll_lum,9,8,27,3.4582e-05,0,10,6,5.769e-06,21,21,0,17,
mcs90_r01_s10.A01,mcs90_r01_s10.B01,ll_lum,9,8,43,4.3565e-05,0,10,32,1.0175e-05,31,31,0,21,
mcs90_r01_s10.A02,mcs90_r01_s10.B02,ll_lum,9,8,35,4.4046e-05,0,10,14,8.292e-06,24,24,0,16,
mcs90_r01_s10.A03,mcs90_r01_s10.B03,ll_lum,9,8,46,3.7426e-05,0,10,27,8.623e-06,31,31,0,21,
mcs90_r01_s10.A04,mcs90_r01_s10.B04,ll_lum,9,8,33,3.6145e-05,0,10,7,5.518e-06,24,24,0,17,
mcs90_r01_s10.A05,mcs90_r01_s10.B05,ll_lum,9,7,198,5.335e-05,0,10,172,2.4347e-05,130,130,0,84,
mcs90_r01_s10.A06,mcs90_r01_s10.B06,ll_lum,9,8,31,4.4998e-05,0,10,8,6.359e-06,23,23,0,15,
mcs90_r01_s10.A07,mcs90_r01_s10.B07,ll_lum,10,10,24,3.4481e-05,0,10,7,5.969e-06,18,18,0,12,
mcs90_r01_s10.A08,mcs90_r01_s10.B08,ll_lum,9,8,68,3.9499e-05,0,10,54,1.2699e-05,47,47,0,30,
mcs90_r01_s10.A09,mcs90_r01_s10.B09,ll_lum,9,8,25,3.95e-05,0,10,7,5.819e-06,19,19,0,13,
mcs90_r01_s100.A00,mcs90_r01_s100.B00,ll_lum,26,42,4554983044,1000.02,1,100,8158761,1.6392,2615718934,2615718934,0,2347813541,
mcs90_r01_s100.A01,mcs90_r01_s100.B01,ll_lum,27,46,4399128795,1000.01,1,100,41542698,8.3189,2574636585,2574636585,0,2315797425,
mcs90_r01_s100.A02,mcs90_r01_s100.B02,ll_lum,28,46,4323069005,1000.02,1,100,1753209217,394.891,2535369129,2535369129,0,2281785187,
mcs90_r01_s100.A03,mcs90_r01_s100.B03,ll_lum,90,770,560632,0.23909,0,100,91,0.000204638,445423,445423,0,423771,
mcs90_r01_s100.A04,mcs90_r01_s100.B04,ll_lum,31,80,3553232368,1000.02,1,100,1791084,0.416073,2079361873,2079361873,0,1966485423,
mcs90_r01_s100.A05,mcs90_r01_s100.B05,ll_lum,61,345,2222333859,1000.02,1,100,1993281590,896.28,1421419765,1421419765,0,1395436101,
mcs90_r01_s100.A06,mcs90_r01_s100.B06,ll_lum,27,50,4573788153,1000.01,1,100,20653504,4.44147,2674503080,2674503080,0,2373838513,
mcs90_r01_s100.A07,mcs90_r01_s100.B07,ll_lum,90,770,1356012,0.58468,0,100,91,0.000196706,1064722,1064722,0,1014228,
mcs90_r01_s100.A08,mcs90_r01_s100.B08,ll_lum,27,50,4213570892,1000.01,1,100,864050481,196.997,2399770828,2399770828,0,2185153269,
mcs90_r01_s100.A09,mcs90_r01_s100.B09,ll_lum,54,256,2853594168,1000.02,1,100,1286384186,337.343,1738665134,1738665134,0,1660676599,
mcs90_r01_s15.A00,mcs90_r01_s15.B00,ll_lum,13,14,379,9.4812e-05,0,15,104,2.3235e-05,248,248,0,152,
mcs90_r01_s15.A01,mcs90_r01_s15.B01,ll_lum,13,14,1056,0.00016665,0,15,999,0.000128273,729,729,0,543,
mcs90_r01_s15.A02,mcs90_r01_s15.B02,ll_lum,13,14,1010,0.000148944,0,15,904,0.000104638,638,638,0,453,
mcs90_r01_s15.A03,mcs90_r01_s15.B03,ll_lum,13,14,425,9.941e-05,0,15,266,4.4807e-05,283,283,0,202,
mcs90_r01_s15.A04,mcs90_r01_s15.B04,ll_lum,13,14,89,5.29e-05,0,15,9,6.64e-06,69,69,0,57,
mcs90_r01_s15.A05,mcs90_r01_s15.B05,ll_lum,13,14,786,0.000131439,0,15,716,9.1528e-05,517,517,0,366,
mcs90_r01_s15.A06,mcs90_r01_s15.B06,ll_lum,13,14,1282,0.000193912,0,15,1259,0.000162023,816,816,0,530,
mcs90_r01_s15.A07,mcs90_r01_s15.B07,ll_lum,13,10,172,7.2309e-05,0,15,66,1.8067e-05,124,124,0,102,
mcs90_r01_s15.A08,mcs90_r01_s15.B08,ll_lum,13,14,274,7.995e-05,0,15,171,3.4523e-05,182,182,0,120,
mcs90_r01_s15.A09,mcs90_r01_s15.B09,ll_lum,13,14,1359,0.000178758,0,15,1200,0.000133641,864,864,0,579,
mcs90_r01_s20.A00,mcs90_r01_s20.B00,ll_lum,18,28,3950,0.00050095,0,20,3779,0.000446408,2430,2430,0,1475,
mcs90_r01_s20.A01,mcs90_r01_s20.B01,ll_lum,18,28,569,0.000141832,0,20,386,7.974e-05,372,372,0,255,
mcs90_r01_s20.A02,mcs90_r01_s20.B02,ll_lum,18,29,660,0.000149955,0,20,392,7.1958e-05,453,453,0,318,
mcs90_r01_s20.A03,mcs90_r01_s20.B03,ll_lum,18,27,203,7.6355e-05,0,20,104,2.5659e-05,144,144,0,86,
mcs90_r01_s20.A04,mcs90_r01_s20.B04,ll_lum,18,28,854,0.000178098,0,20,559,9.0015e-05,569,569,0,405,
mcs90_r01_s20.A05,mcs90_r01_s20.B05,ll_lum,18,28,23035,0.0029875,0,20,22999,0.00294737,14243,14243,0,9602,
mcs90_r01_s20.A06,mcs90_r01_s20.B06,ll_lum,18,27,2672,0.00041224,0,20,2405,0.000337137,1634,1634,0,1194,
mcs90_r01_s20.A07,mcs90_r01_s20.B07,ll_lum,18,29,8755,0.00124884,0,20,8617,0.00118999,5535,5535,0,4073,
mcs90_r01_s20.A08,mcs90_r01_s20.B08,ll_lum,18,29,2272,0.000349787,0,20,2158,0.000295035,1414,1414,0,1020,
mcs90_r01_s20.A09,mcs90_r01_s20.B09,ll_lum,18,28,204,7.7105e-05,0,20,114,2.9204e-05,143,143,0,98,
mcs90_r01_s25.A00,mcs90_r01_s25.B00,ll_lum,22,44,9896,0.00148778,0,25,8955,0.00128784,6289,6289,0,4796,
mcs90_r01_s25.A01,mcs90_r01_s25.B01,ll_lum,22,44,136337,0.0197569,0,25,135880,0.0195069,86963,86963,0,67115,
mcs90_r01_s25.A02,mcs90_r01_s25.B02,ll_lum,22,45,2604,0.000431979,0,25,1952,0.000264428,1653,1653,0,1116,
mcs90_r01_s25.A03,mcs90_r01_s25.B03,ll_lum,22,43,305620,0.0460716,0,25,305100,0.045937,197159,197159,0,156270,
mcs90_r01_s25.A04,mcs90_r01_s25.B04,ll_lum,22,44,281856,0.0449348,0,25,281253,0.0447854,179159,179159,0,141639,
mcs90_r01_s25.A05,mcs90_r01_s25.B05,ll_lum,22,45,285838,0.0446003,0,25,285228,0.0444516,181784,181784,0,144993,
mcs90_r01_s25.A06,mcs90_r01_s25.B06,ll_lum,22,42,200993,0.0254772,0,25,199944,0.0252716,126467,126467,0,94638,
mcs90_r01_s25.A07,mcs90_r01_s25.B07,ll_lum,22,42,356663,0.0539936,0,25,355685,0.0537839,228104,228104,0,179211,
mcs90_r01_s25.A08,mcs90_r01_s25.B08,ll_lum,22,43,12978,0.00194245,0,25,12409,0.00180086,8278,8278,0,6330,
mcs90_r01_s25.A09,mcs90_r01_s25.B09,ll_lum,22,43,654,0.000173171,0,25,23,1.9379e-05,482,482,0,366,
mcs90_r01_s30.A00,mcs90_r01_s30.B00,ll_lum,27,67,1105,0.000288445,0,30,61,3.2248e-05,841,841,0,691,
mcs90_r01_s30.A01,mcs90_r01_s30.B01,ll_lum,27,66,520,0.000181263,0,30,28,2.4186e-05,432,432,0,374,
mcs90_r01_s30.A02,mcs90_r01_s30.B02,ll_lum,27,68,11943,0.00223357,0,30,11100,0.00201999,7463,7463,0,5851,
mcs90_r01_s30.A03,mcs90_r01_s30.B03,ll_lum,27,66,1962360,0.332767,0,30,1961429,0.33253,1250980,1250980,0,1000762,
mcs90_r01_s30.A04,mcs90_r01_s30.B04,ll_lum,27,63,3342414,0.530678,0,30,3341700,0.530499,2107639,2107639,0,1624257,
mcs90_r01_s30.A05,mcs90_r01_s30.B05,ll_lum,27,62,1536772,0.222868,0,30,1535677,0.222619,1006660,1006660,0,799309,
mcs90_r01_s30.A06,mcs90_r01_s30.B06,ll_lum,27,68,1624055,0.25159,0,30,1623175,0.251354,1039904,1039904,0,819777,
mcs90_r01_s30.A07,mcs90_r01_s30.B07,ll_lum,27,66,2923,0.00056411,0,30,1499,0.000252841,2002,2002,0,1605,
mcs90_r01_s30.A08,mcs90_r01_s30.B08,ll_lum,27,64,52780,0.00857943,0,30,51965,0.00837958,32687,32687,0,26340,
mcs90_r01_s30.A09,mcs90_r01_s30.B09,ll_lum,27,65,1799190,0.293246,0,30,1798043,0.292981,1123803,1123803,0,885367,
mcs90_r01_s35.A00,mcs90_r01_s35.B00,ll_lum,31,90,16901140,3.03308,0,35,16896997,3.03212,10653511,10653511,0,8820939,
mcs90_r01_s35.A01,mcs90_r01_s35.B01,ll_lum,31,87,5963,0.00135188,0,35,32,3.4031e-05,4591,4591,0,3985,
mcs90_r01_s35.A02,mcs90_r01_s35.B02,ll_lum,31,86,6128157,1.00556,0,35,6124885,1.00482,3939093,3939093,0,3214618,
mcs90_r01_s35.A03,mcs90_r01_s35.B03,ll_lum,31,90,224813,0.04436,0,35,222578,0.0438104,140056,140056,0,117666,
mcs90_r01_s35.A04,mcs90_r01_s35.B04,ll_lum,31,85,6982,0.00151075,0,35,32,3.0245e-05,5322,5322,0,4423,
mcs90_r01_s35.A05,mcs90_r01_s35.B05,ll_lum,31,84,33683330,5.71453,0,35,33682028,5.7142,21603871,21603871,0,17567401,
mcs90_r01_s35.A06,mcs90_r01_s35.B06,ll_lum,31,87,6003332,1.00256,0,35,6000384,1.00181,3887870,3887870,0,3207686,
mcs90_r01_s35.A07,mcs90_r01_s35.B07,ll_lum,31,87,30820597,5.08062,0,35,30817747,5.07998,19797414,19797414,0,16302408,
mcs90_r01_s35.A08,mcs90_r01_s35.B08,ll_lum,31,89,981077,0.164631,0,35,976678,0.163674,611062,611062,0,496304,
mcs90_r01_s35.A09,mcs90_r01_s35.B09,ll_lum,31,89,24485004,4.3561,0,35,24481244,4.35524,15430514,15430514,0,12557026,
mcs90_r01_s40.A00,mcs90_r01_s40.B00,ll_lum,36,115,40006347,7.25649,0,40,40003896,7.25586,25227250,25227250,0,20891757,
mcs90_r01_s40.A01,mcs90_r01_s40.B01,ll_lum,36,120,1909373,0.353838,0,40,1905783,0.35294,1198262,1198262,0,1018288,
mcs90_r01_s40.A02,mcs90_r01_s40.B02,ll_lum,36,115,24358,0.0051102,0,40,21373,0.00434777,15806,15806,0,13543,
mcs90_r01_s40.A03,mcs90_r01_s40.B03,ll_lum,36,122,115800304,21.451,0,40,115799278,21.4507,74121205,74121205,0,62547944,
mcs90_r01_s40.A04,mcs90_r01_s40.B04,ll_lum,36,119,1873,0.000567494,0,40,37,4.2854e-05,1528,1528,0,1383,
mcs90_r01_s40.A05,mcs90_r01_s40.B05,ll_lum,36,122,92169396,18.2365,0,40,92166757,18.2359,59663903,59663903,0,51246199,
mcs90_r01_s40.A06,mcs90_r01_s40.B06,ll_lum,36,118,366836750,65.8762,0,40,366832117,65.8751,233538169,233538169,0,195278555,
mcs90_r01_s40.A07,mcs90_r01_s40.B07,ll_lum,36,117,950021,0.193728,0,40,945540,0.192647,595656,595656,0,510605,
mcs90_r01_s40.A08,mcs90_r01_s40.B08,ll_lum,36,119,11443740,2.12869,0,40,11441925,2.12819,7474246,7474246,0,6339935,
mcs90_r01_s40.A09,mcs90_r01_s40.B09,ll_lum,36,114,926697779,185.777,0,40,926695736,185.777,584927198,584927198,0,481341083,
mcs90_r01_s50.A00,mcs90_r01_s50.B00,ll_lum,45,184,3350449093,684.641,0,50,3350438445,684.638,2133197391,2133197391,0,1855038139,
mcs90_r01_s50.A01,mcs90_r01_s50.B01,ll_lum,45,188,68485871,13.7949,0,50,68469774,13.7906,41688546,41688546,0,35773868,
mcs90_r01_s50.A02,mcs90_r01_s50.B02,ll_lum,24,39,5070452318,1000.02,1,50,2284306219,437.787,3160988771,3160988771,0,2720212856,
mcs90_r01_s50.A03,mcs90_r01_s50.B03,ll_lum,23,40,5421668290,1000.02,1,50,4677178622,855.905,3383345154,3383345154,0,2831987987,
mcs90_r01_s50.A04,mcs90_r01_s50.B04,ll_lum,45,183,1299234,0.293411,0,50,1279509,0.288144,806101,806101,0,718689,
mcs90_r01_s50.A05,mcs90_r01_s50.B05,ll_lum,45,186,2519156911,515.97,0,50,2519143802,515.967,1598789232,1598789232,0,1393009141,
mcs90_r01_s50.A06,mcs90_r01_s50.B06,ll_lum,45,188,15049,0.00405271,0,50,46,5.3791e-05,11620,11620,0,10406,
mcs90_r01_s50.A07,mcs90_r01_s50.B07,ll_lum,45,186,1153635,0.239015,0,50,1140587,0.235576,713299,713299,0,623202,
mcs90_r01_s50.A08,mcs90_r01_s50.B08,ll_lum,45,185,37481,0.00758088,0,50,28128,0.00513853,22634,22634,0,18626,
mcs90_r01_s50.A09,mcs90_r01_s50.B09,ll_lum,45,190,3578557246,742.137,0,50,3578548904,742.134,2282264661,2282264661,0,1992971300,
mcs90_r01_s60.A00,mcs90_r01_s60.B00,ll_lum,54,270,27810,0.00832301,0,60,55,7.308e-05,21882,21882,0,19823,
mcs90_r01_s60.A01,mcs90_r01_s60.B01,ll_lum,54,269,376718595,86.2487,0,60,376702026,86.2437,229081896,229081896,0,204962564,
mcs90_r01_s60.A02,mcs90_r01_s60.B02,ll_lum,54,271,44605143,12.1994,0,60,44556603,12.1848,27811952,27811952,0,25872053,
mcs90_r01_s60.A03,mcs90_r01_s60.B03,ll_lum,24,28,4943676795,1000.01,1,60,58545989,11.22,3042914782,3042914782,0,2632462684,
mcs90_r01_s60.A04,mcs90_r01_s60.B04,ll_lum,25,44,4909621863,1000.02,1,60,1695780081,320.072,3063451918,3063451918,0,2685124302,
mcs90_r01_s60.A05,mcs90_r01_s60.B05,ll_lum,25,35,5001573262,1000.02,1,60,909134269,177.742,3155321915,3155321915,0,2749223555,
mcs90_r01_s60.A06,mcs90_r01_s60.B06,ll_lum,54,275,158113395,35.2247,0,60,158085818,35.2163,95270196,95270196,0,84976869,
mcs90_r01_s60.A07,mcs90_r01_s60.B07,ll_lum,25,36,5004928504,1000.01,1,60,4706548825,938.517,3079056297,3079056297,0,2642247462,
mcs90_r01_s60.A08,mcs90_r01_s60.B08,ll_lum,54,269,61432,0.0209413,0,60,41771,0.014881,40924,40924,0,37259,
mcs90_r01_s60.A09,mcs90_r01_s60.B09,ll_lum,54,273,186927687,44.7338,0,60,186910042,44.7283,116035102,116035102,0,104623606,
mcs90_r01_s70.A00,mcs90_r01_s70.B00,ll_lum,25,36,4665319112,1000.01,1,70,94652988,19.9065,2824182361,2824182361,0,2475209344,
mcs90_r01_s70.A01,mcs90_r01_s70.B01,ll_lum,25,34,4643204687,1000.01,1,70,377345587,76.4979,2798034864,2798034864,0,2481270971,
mcs90_r01_s70.A02,mcs90_r01_s70.B02,ll_lum,47,185,3014242766,1000.02,1,70,2548909152,840.561,1990423044,1990423044,0,1897221318,
mcs90_r01_s70.A03,mcs90_r01_s70.B03,ll_lum,63,372,1679851325,429.826,0,70,1679765888,429.799,1020018929,1020018929,0,934774195,
mcs90_r01_s70.A04,mcs90_r01_s70.B04,ll_lum,63,372,70826017,17.4716,0,70,70687241,17.4251,42255763,42255763,0,38056856,
mcs90_r01_s70.A05,mcs90_r01_s70.B05,ll_lum,63,379,22684174,4.99751,0,70,22552588,4.9543,13066612,13066612,0,11624992,
mcs90_r01_s70.A06,mcs90_r01_s70.B06,ll_lum,63,371,4409453,1.33239,0,70,4251268,1.27966,2652509,2652509,0,2519380,
mcs90_r01_s70.A07,mcs90_r01_s70.B07,ll_lum,63,364,3681746790,941.624,0,70,3681640205,941.589,2263120819,2263120819,0,2087208830,
mcs90_r01_s70.A08,mcs90_r01_s70.B08,ll_lum,25,37,4564775490,1000.01,1,70,821480943,174.753,2744075594,2744075594,0,2432699258,
mcs90_r01_s70.A09,mcs90_r01_s70.B09,ll_lum,25,39,4663132576,1000.02,1,70,1363180676,290.806,2793026717,2793026717,0,2414192790,
mcs90_r01_s80.A00,mcs90_r01_s80.B00,ll_lum,34,93,3530228149,1000.01,1,80,2261993532,625.062,2155684570,2155684570,0,2024599918,
mcs90_r01_s80.A01,mcs90_r01_s80.B01,ll_lum,26,44,4360878925,1000.01,1,80,339890998,74.4087,2579411923,2579411923,0,2311424781,
mcs90_r01_s80.A02,mcs90_r01_s80.B02,ll_lum,26,43,4609026758,1000.02,1,80,11115089,2.18347,2739690756,2739690756,0,2448349609,
mcs90_r01_s80.A03,mcs90_r01_s80.B03,ll_lum,32,107,3603990084,1000.01,1,80,504001867,113.77,2182221847,2182221847,0,2034420893,
mcs90_r01_s80.A04,mcs90_r01_s80.B04,ll_lum,26,39,4562027789,1000.02,1,80,354978587,74.5091,2752512833,2752512833,0,2442849443,
mcs90_r01_s80.A05,mcs90_r01_s80.B05,ll_lum,26,43,4590038730,1000.02,1,80,1536530034,324.973,2737682323,2737682323,0,2427322556,
mcs90_r01_s80.A06,mcs90_r01_s80.B06,ll_lum,27,43,4621276375,1000.02,1,80,682723643,144.227,2806140330,2806140330,0,2505602008,
mcs90_r01_s80.A07,mcs90_r01_s80.B07,ll_lum,26,42,4514292571,1000.02,1,80,5636982,1.19845,2721298712,2721298712,0,2423116824,
mcs90_r01_s80.A08,mcs90_r01_s80.B08,ll_lum,26,43,4636414295,1000.02,1,80,332944675,67.7196,2752683512,2752683512,0,2453306366,
mcs90_r01_s80.A09,mcs90_r01_s80.B09,ll_lum,72,486,1477522838,366.976,0,80,1477235994,366.873,876121022,876121022,0,802222614,
mcs90_r01_s90.A00,mcs90_r01_s90.B00,ll_lum,29,60,4142129886,1000.01,1,90,2616844367,612.59,2436007630,2436007630,0,2209965829,
mcs90_r01_s90.A01,mcs90_r01_s90.B01,ll_lum,81,618,660086,0.26023,0,90,82,0.000162034,523696,523696,0,494853,
mcs90_r01_s90.A02,mcs90_r01_s90.B02,ll_lum,28,49,4643097058,1000.02,1,90,2483556873,519.549,2790387068,2790387068,0,2457306201,
mcs90_r01_s90.A03,mcs90_r01_s90.B03,ll_lum,27,37,4486381476,1000.01,1,90,1005595085,219.948,2645288374,2645288374,0,2374701708,
mcs90_r01_s90.A04,mcs90_r01_s90.B04,ll_lum,26,41,4503463672,1000.02,1,90,48615593,10.4742,2652967834,2652967834,0,2388377282,
mcs90_r01_s90.A05,mcs90_r01_s90.B05,ll_lum,46,197,2610662161,1000.02,1,90,47,6.4707e-05,1624296655,1624296655,0,1585113083,
mcs90_r01_s90.A06,mcs90_r01_s90.B06,ll_lum,27,42,4289900608,1000.02,1,90,3692298128,853.774,2536722052,2536722052,0,2225928262,
mcs90_r01_s90.A07,mcs90_r01_s90.B07,ll_lum,28,41,4383661462,1000.01,1,90,2779311112,619.929,2610382921,2610382921,0,2326370104,
mcs90_r01_s90.A08,mcs90_r01_s90.B08,ll_lum,27,41,4284599916,1000.02,1,90,1450579198,329.68,2510500092,2510500092,0,2278032890,
mcs90_r01_s90.A09,mcs90_r01_s90.B09,ll_lum,27,39,4472948541,1000.01,1,90,384633905,82.2899,2637234204,2637234204,0,2357036989,
mcs90_r02_s10.A00,mcs90_r02_s10.B00,ll_lum,9,11,66,3.9469e-05,0,10,45,1.0456e-05,43,43,0,18,
mcs90_r02_s10.A01,mcs90_r02_s10.B01,ll_lum,9,13,128,5.0106e-05,0,10,111,2.1753e-05,81,81,0,49,
mcs90_r02_s10.A02,mcs90_r02_s10.B02,ll_lum,9,13,62,3.8678e-05,0,10,44,1.0486e-05,40,40,0,18,
mcs90_r02_s10.A03,mcs90_r02_s10.B03,ll_lum,9,11,207,0.000107802,0,10,197,5.8237e-05,131,131,0,89,
mcs90_r02_s10.A04,mcs90_r02_s10.B04,ll_lum,9,11,49,4.0531e-05,0,10,31,1.1578e-05,33,33,0,18,
mcs90_r02_s10.A05,mcs90_r02_s10.B05,ll_lum,9,13,86,4.2003e-05,0,10,56,1.1357e-05,54,54,0,28,
mcs90_r02_s10.A06,mcs90_r02_s10.B06,ll_lum,9,13,42,3.7446e-05,0,10,24,9.314e-06,29,29,0,17,
mcs90_r02_s10.A07,mcs90_r02_s10.B07,ll_lum,9,12,237,6.2073e-05,0,10,220,3.4321e-05,150,150,0,88,
mcs90_r02_s10.A08,mcs90_r02_s10.B08,ll_lum,9,13,50,3.7777e-05,0,10,22,7.632e-06,35,35,0,18,
mcs90_r02_s10.A09,mcs90_r02_s10.B09,ll_lum,9,12,30,3.7336e-05,0,10,10,7.481e-06,21,21,0,12,
mcs90_r02_s100.A00,mcs90_r02_s100.B00,ll_lum,25,105,3410136616,1000.02,1,100,2765071817,759.218,1797631612,1797631612,0,1764311391,
mcs90_r02_s100.A01,mcs90_r02_s100.B01,ll_lum,19,55,3911829565,1000.02,1,100,107204401,24.614,2060757060,2060757060,0,2005965623,
mcs90_r02_s100.A02,mcs90_r02_s100.B02,ll_lum,29,154,3557610684,1000.02,1,100,3375205534,917.838,1879461822,1879461822,0,1839429558,
mcs90_r02_s100.A03,mcs90_r02_s100.B03,ll_lum,20,52,3845707976,1000.01,1,100,2428487584,614.763,2033453938,2033453938,0,1977689896,
mcs90_r02_s100.A04,mcs90_r02_s100.B04,ll_lum,19,58,3917291680,1000.02,1,100,22007509,5.06024,2060363802,2060363802,0,2001044920,
mcs90_r02_s100.A05,mcs90_r02_s100.B05,ll_lum,19,51,3924848433,1000.02,1,100,48845100,11.2676,2076166918,2076166918,0,2009555317,
mcs90_r02_s100.A06,mcs90_r02_s100.B06,ll_lum,43,339,1663761890,1000.02,1,100,351546372,123.62,948377134,948377134,0,943599926,
mcs90_r02_s100.A07,mcs90_r02_s100.B07,ll_lum,19,56,3951284077,1000.02,1,100,34767480,8.01502,2091989278,2091989278,0,2022955276,
mcs90_r02_s100.A08,mcs90_r02_s100.B08,ll_lum,20,54,3803019471,1000.02,1,100,2306561823,585.696,2007794148,2007794148,0,1949490663,
mcs90_r02_s100.A09,mcs90_r02_s100.B09,ll_lum,29,147,2925933458,1000.02,1,100,1944163922,556.633,1568562037,1568562037,0,1541998434,
mcs90_r02_s15.A00,mcs90_r02_s15.B00,ll_lum,13,28,96,8.3646e-05,0,15,14,1.4291e-05,76,76,0,59,
mcs90_r02_s15.A01,mcs90_r02_s15.B01,ll_lum,13,26,181,6.8843e-05,0,15,91,2.2273e-05,125,125,0,87,
mcs90_r02_s15.A02,mcs90_r02_s15.B02,ll_lum,13,29,154,6.4427e-05,0,15,33,1.308e-05,119,119,0,90,
mcs90_r02_s15.A03,mcs90_r02_s15.B03,ll_lum,13,27,171,6.655e-05,0,15,50,1.4372e-05,129,129,0,94,
mcs90_r02_s15.A04,mcs90_r02_s15.B04,ll_lum,13,28,6595,0.00115382,0,15,6531,0.0011039,4036,4036,0,3033,
mcs90_r02_s15.A05,mcs90_r02_s15.B05,ll_lum,13,27,143,5.982e-05,0,15,57,1.7206e-05,106,106,0,77,
mcs90_r02_s15.A06,mcs90_r02_s15.B06,ll_lum,13,30,1166,0.000221293,0,15,1096,0.000175644,729,729,0,578,
mcs90_r02_s15.A07,mcs90_r02_s15.B07,ll_lum,13,27,369,0.000156184,0,15,207,7.1928e-05,243,243,0,161,
mcs90_r02_s15.A08,mcs90_r02_s15.B08,ll_lum,13,25,2446,0.000408824,0,15,2396,0.000369034,1586,1586,0,1168,
mcs90_r02_s15.A09,mcs90_r02_s15.B09,ll_lum,13,29,1349,0.000236265,0,15,1229,0.000184507,827,827,0,637,
mcs90_r02_s20.A00,mcs90_r02_s20.B00,ll_lum,18,56,128,8.1893e-05,0,20,19,1.4472e-05,104,104,0,83,
mcs90_r02_s20.A01,mcs90_r02_s20.B01,ll_lum,18,56,312,0.000110015,0,20,123,3.327e-05,220,220,0,157,
mcs90_r02_s20.A02,mcs90_r02_s20.B02,ll_lum,18,56,139,8.5098e-05,0,20,19,1.6645e-05,110,110,0,83,
mcs90_r02_s20.A03,mcs90_r02_s20.B03,ll_lum,18,58,11873,0.00221617,0,20,11777,0.00215969,7599,7599,0,6688,
mcs90_r02_s20.A04,mcs90_r02_s20.B04,ll_lum,18,55,26204,0.00454291,0,20,26039,0.00446742,15771,15771,0,12773,
mcs90_r02_s20.A05,mcs90_r02_s20.B05,ll_lum,18,55,16339,0.00446839,0,20,16126,0.00431276,9916,9916,0,8267,
mcs90_r02_s20.A06,mcs90_r02_s20.B06,ll_lum,18,54,45484,0.00811087,0,20,45330,0.00804344,28550,28550,0,24066,
mcs90_r02_s20.A07,mcs90_r02_s20.B07,ll_lum,18,56,2955,0.000560001,0,20,2770,0.000484659,1778,1778,0,1491,
mcs90_r02_s20.A08,mcs90_r02_s20.B08,ll_lum,18,55,1199,0.00025295,0,20,1040,0.000185459,733,733,0,586,
mcs90_r02_s20.A09,mcs90_r02_s20.B09,ll_lum,18,55,3186,0.000622586,0,20,3021,0.000553312,1945,1945,0,1614,
mcs90_r02_s25.A00,mcs90_r02_s25.B00,ll_lum,22,80,8779,0.00215656,0,25,7215,0.00170806,5525,5525,0,4759,
mcs90_r02_s25.A01,mcs90_r02_s25.B01,ll_lum,22,81,12524,0.00226833,0,25,11977,0.00210823,7631,7631,0,6271,
mcs90_r02_s25.A02,mcs90_r02_s25.B02,ll_lum,22,83,1981,0.000460674,0,25,934,0.000186761,1379,1379,0,1180,
mcs90_r02_s25.A03,mcs90_r02_s25.B03,ll_lum,22,80,82223,0.0266582,0,25,81245,0.0262463,50711,50711,0,45055,
mcs90_r02_s25.A04,mcs90_r02_s25.B04,ll_lum,22,81,15926,0.00327223,0,25,15160,0.00305508,9597,9597,0,8305,
mcs90_r02_s25.A05,mcs90_r02_s25.B05,ll_lum,22,82,1676,0.000374332,0,25,1140,0.000208072,1073,1073,0,927,
mcs90_r02_s25.A06,mcs90_r02_s25.B06,ll_lum,22,79,498041,0.0973003,0,25,497099,0.0970478,300458,300458,0,257879,
mcs90_r02_s25.A07,mcs90_r02_s25.B07,ll_lum,22,83,21626,0.00455237,0,25,20996,0.00435613,12997,12997,0,11438,
mcs90_r02_s25.A08,mcs90_r02_s25.B08,ll_lum,22,79,26616,0.00595168,0,25,25732,0.0056842,17036,17036,0,15316,
mcs90_r02_s25.A09,mcs90_r02_s25.B09,ll_lum,22,85,12899,0.00253272,0,25,12255,0.00233884,7806,7806,0,6788,
mcs90_r02_s30.A00,mcs90_r02_s30.B00,ll_lum,27,127,7715868,1.73041,0,30,7715564,1.73027,4707763,4707763,0,4191230,
mcs90_r02_s30.A01,mcs90_r02_s30.B01,ll_lum,27,124,818,0.00029191,0,30,100,4.5699e-05,669,669,0,586,
mcs90_r02_s30.A02,mcs90_r02_s30.B02,ll_lum,27,125,794,0.000282897,0,30,28,2.5489e-05,681,681,0,610,
mcs90_r02_s30.A03,mcs90_r02_s30.B03,ll_lum,27,124,58650,0.019033,0,30,58090,0.0187295,34797,34797,0,30987,
mcs90_r02_s30.A04,mcs90_r02_s30.B04,ll_lum,27,122,884163,0.188421,0,30,883351,0.18814,542674,542674,0,479262,
mcs90_r02_s30.A05,mcs90_r02_s30.B05,ll_lum,27,126,81970,0.0174076,0,30,80809,0.0170418,48938,48938,0,43090,
mcs90_r02_s30.A06,mcs90_r02_s30.B06,ll_lum,27,127,2210822,0.443847,0,30,2209998,0.443582,1311424,1311424,0,1145435,
mcs90_r02_s30.A07,mcs90_r02_s30.B07,ll_lum,27,128,328774,0.070173,0,30,327427,0.0697556,195449,195449,0,177444,
mcs90_r02_s30.A08,mcs90_r02_s30.B08,ll_lum,27,121,6287,0.00166027,0,30,5180,0.00127985,3822,3822,0,3390,
mcs90_r02_s30.A09,mcs90_r02_s30.B09,ll_lum,27,124,1902319,0.39609,0,30,1901601,0.395805,1135188,1135188,0,984727,
mcs90_r02_s35.A00,mcs90_r02_s35.B00,ll_lum,31,166,5287,0.00156993,0,35,1920,0.000558471,3975,3975,0,3595,
mcs90_r02_s35.A01,mcs90_r02_s35.B01,ll_lum,31,165,6303,0.00179653,0,35,3037,0.000801847,4549,4549,0,4216,
mcs90_r02_s35.A02,mcs90_r02_s35.B02,ll_lum,31,167,10995160,2.61501,0,35,10990098,2.61348,6559204,6559204,0,6046801,
mcs90_r02_s35.A03,mcs90_r02_s35.B03,ll_lum,31,168,14382,0.00570588,0,35,8358,0.00295337,9876,9876,0,8943,
mcs90_r02_s35.A04,mcs90_r02_s35.B04,ll_lum,31,168,17477,0.00412328,0,35,13671,0.0029437,10847,10847,0,9604,
mcs90_r02_s35.A05,mcs90_r02_s35.B05,ll_lum,31,165,5223797,1.2815,0,35,5219903,1.28033,3174592,3174592,0,2919819,
mcs90_r02_s35.A06,mcs90_r02_s35.B06,ll_lum,31,169,9950,0.00272864,0,35,5542,0.00136628,6842,6842,0,6227,
mcs90_r02_s35.A07,mcs90_r02_s35.B07,ll_lum,31,174,558766,0.133956,0,35,552823,0.13211,323695,323695,0,301995,
mcs90_r02_s35.A08,mcs90_r02_s35.B08,ll_lum,31,170,131760,0.0353351,0,35,123736,0.0328752,78112,78112,0,72776,
mcs90_r02_s35.A09,mcs90_r02_s35.B09,ll_lum,31,167,4971381,1.22645,0,35,4962364,1.2235,2942816,2942816,0,2639245,
mcs90_r02_s40.A00,mcs90_r02_s40.B00,ll_lum,36,224,79920363,21.5873,0,40,79915736,21.5858,47738900,47738900,0,44868996,
mcs90_r02_s40.A01,mcs90_r02_s40.B01,ll_lum,36,229,38197489,10.9132,0,40,38193900,10.9119,23230813,23230813,0,21917889,
mcs90_r02_s40.A02,mcs90_r02_s40.B02,ll_lum,36,230,6806351,2.04907,0,40,6800244,2.04708,4182374,4182374,0,3980811,
mcs90_r02_s40.A03,mcs90_r02_s40.B03,ll_lum,36,227,161000,0.0674699,0,40,155030,0.0645783,94269,94269,0,89281,
mcs90_r02_s40.A04,mcs90_r02_s40.B04,ll_lum,36,226,54348412,16.0899,0,40,54346333,16.0892,33800141,33800141,0,31964430,
mcs90_r02_s40.A05,mcs90_r02_s40.B05,ll_lum,36,230,8350,0.00274858,0,40,67,4.7542e-05,7136,7136,0,6642,
mcs90_r02_s40.A06,mcs90_r02_s40.B06,ll_lum,36,230,80538,0.0186319,0,40,74638,0.0166813,46153,46153,0,42537,
mcs90_r02_s40.A07,mcs90_r02_s40.B07,ll_lum,36,231,17990780,4.66381,0,40,17988886,4.66311,10770999,10770999,0,10033671,
mcs90_r02_s40.A08,mcs90_r02_s40.B08,ll_lum,36,229,408568,0.122574,0,40,402666,0.120527,238667,238667,0,226073,
mcs90_r02_s40.A09,mcs90_r02_s40.B09,ll_lum,36,232,84079372,22.6294,0,40,84071969,22.6265,49867982,49867982,0,46498593,
mcs90_r02_s50.A00,mcs90_r02_s50.B00,ll_lum,45,350,292765911,84.0895,0,50,292743329,84.0812,171771560,171771560,0,161902349,
mcs90_r02_s50.A01,mcs90_r02_s50.B01,ll_lum,45,353,537293419,156.8,0,50,537265131,156.789,313311313,313311313,0,298941925,
mcs90_r02_s50.A02,mcs90_r02_s50.B02,ll_lum,45,365,7586529,1.96906,0,50,7577074,1.96533,4274640,4274640,0,4013857,
mcs90_r02_s50.A03,mcs90_r02_s50.B03,ll_lum,45,350,317870760,188.627,0,50,317849981,188.615,194865515,194865515,0,188326211,
mcs90_r02_s50.A04,mcs90_r02_s50.B04,ll_lum,45,358,184470674,49.5498,0,50,184456826,49.5446,105452388,105452388,0,99789092,
mcs90_r02_s50.A05,mcs90_r02_s50.B05,ll_lum,45,353,1546952507,418.427,0,50,1546943136,418.424,892874411,892874411,0,842023599,
mcs90_r02_s50.A06,mcs90_r02_s50.B06,ll_lum,45,357,297742075,88.9222,0,50,297714742,88.9121,176146264,176146264,0,168131364,
mcs90_r02_s50.A07,mcs90_r02_s50.B07,ll_lum,45,358,1495042913,423.769,0,50,1495027080,423.763,871961107,871961107,0,831234859,
mcs90_r02_s50.A08,mcs90_r02_s50.B08,ll_lum,45,356,32269,0.0116521,0,50,11412,0.00353484,24282,24282,0,22598,
mcs90_r02_s50.A09,mcs90_r02_s50.B09,ll_lum,45,350,50726153,13.2112,0,50,50718256,13.2081,28532109,28532109,0,26646660,
mcs90_r02_s60.A00,mcs90_r02_s60.B00,ll_lum,54,513,891271703,406.829,0,60,891208079,406.802,567604458,567604458,0,556867959,
mcs90_r02_s60.A01,mcs90_r02_s60.B01,ll_lum,54,521,286426,0.118941,0,60,206927,0.0848096,186039,186039,0,180447,
mcs90_r02_s60.A02,mcs90_r02_s60.B02,ll_lum,54,509,2140251842,646.485,0,60,2140212999,646.466,1213561503,1213561503,0,1157509622,
mcs90_r02_s60.A03,mcs90_r02_s60.B03,ll_lum,19,53,3450292996,1000.02,1,60,86634873,21.705,1945627804,1945627804,0,1856808833,
mcs90_r02_s60.A04,mcs90_r02_s60.B04,ll_lum,54,518,2187236,0.965028,0,60,2116085,0.934963,1340780,1340780,0,1317083,
mcs90_r02_s60.A05,mcs90_r02_s60.B05,ll_lum,54,521,563579,0.191678,0,60,456196,0.146982,344076,344076,0,335722,
mcs90_r02_s60.A06,mcs90_r02_s60.B06,ll_lum,54,515,116543951,36.7115,0,60,116516512,36.6998,65789026,65789026,0,63607238,
mcs90_r02_s60.A07,mcs90_r02_s60.B07,ll_lum,54,516,24038277,8.18508,0,60,23996927,8.16754,13887645,13887645,0,13398231,
mcs90_r02_s60.A08,mcs90_r02_s60.B08,ll_lum,23,93,3529036310,1000.02,1,60,3016569074,824.331,1982455295,1982455295,0,1896147210,
mcs90_r02_s60.A09,mcs90_r02_s60.B09,ll_lum,54,511,1390142,0.428854,0,60,1316106,0.397766,781519,781519,0,758808,
mcs90_r02_s70.A00,mcs90_r02_s70.B00,ll_lum,19,66,3662476549,1000.01,1,70,113674929,28.8798,2008926761,2008926761,0,1933531624,
mcs90_r02_s70.A01,mcs90_r02_s70.B01,ll_lum,18,47,3928961230,1000.01,1,70,695887160,165.551,2138102003,2138102003,0,2037588198,
mcs90_r02_s70.A02,mcs90_r02_s70.B02,ll_lum,19,52,3670192518,1000.02,1,70,2768006115,738.276,1994592727,1994592727,0,1909405740,
mcs90_r02_s70.A03,mcs90_r02_s70.B03,ll_lum,63,711,361188794,152.281,0,70,360961110,152.156,204863763,204863763,0,201785240,
mcs90_r02_s70.A04,mcs90_r02_s70.B04,ll_lum,18,44,2375518558,1000.01,1,70,212595236,88.1927,1298140939,1298140939,0,1232334134,
mcs90_r02_s70.A05,mcs90_r02_s70.B05,ll_lum,35,236,1266398206,1000.02,1,70,239585595,152.498,759982401,759982401,0,751644704,
mcs90_r02_s70.A06,mcs90_r02_s70.B06,ll_lum,63,709,423338230,132.732,0,70,423149908,132.64,233789043,233789043,0,227643320,
mcs90_r02_s70.A07,mcs90_r02_s70.B07,ll_lum,18,47,3948142539,1000.02,1,70,67496020,15.4885,2147931918,2147931918,0,2053643125,
mcs90_r02_s70.A08,mcs90_r02_s70.B08,ll_lum,36,230,2047855369,1000.01,1,70,118590253,40.9701,1251524673,1251524673,0,1236549980,
mcs90_r02_s70.A09,mcs90_r02_s70.B09,ll_lum,63,708,238309505,79.2264,0,70,238213801,79.1804,131970424,131970424,0,129072727,
mcs90_r02_s80.A00,mcs90_r02_s80.B00,ll_lum,72,919,666076,0.296109,0,80,276875,0.0947005,493627,493627,0,482770,
mcs90_r02_s80.A01,mcs90_r02_s80.B01,ll_lum,72,908,749565060,353.928,0,80,749091662,353.683,440331545,440331545,0,434990232,
mcs90_r02_s80.A02,mcs90_r02_s80.B02,ll_lum,19,51,3740074675,1000.02,1,80,151151825,36.746,2015704366,2015704366,0,1952410514,
mcs90_r02_s80.A03,mcs90_r02_s80.B03,ll_lum,19,47,3891652376,1000.02,1,80,2087511563,518.633,2100382691,2100382691,0,2020804138,
mcs90_r02_s80.A04,mcs90_r02_s80.B04,ll_lum,72,925,418699416,202.719,0,80,417985205,202.216,230807009,230807009,0,226185512,
mcs90_r02_s80.A05,mcs90_r02_s80.B05,ll_lum,18,54,4006599894,1000.02,1,80,788615,0.166141,2148991091,2148991091,0,2067320184,
mcs90_r02_s80.A06,mcs90_r02_s80.B06,ll_lum,37,237,2057514943,1000.02,1,80,708299864,267.676,1189473191,1189473191,0,1181269342,
mcs90_r02_s80.A07,mcs90_r02_s80.B07,ll_lum,30,147,2317860468,1000.01,1,80,405168400,119.412,1309468100,1309468100,0,1294353586,
mcs90_r02_s80.A08,mcs90_r02_s80.B08,ll_lum,72,925,68211226,38.2729,0,80,67885988,38.1045,40638327,40638327,0,40354643,
mcs90_r02_s80.A09,mcs90_r02_s80.B09,ll_lum,26,124,3304622911,1000.01,1,80,3029535061,890.752,1790247891,1790247891,0,1747266233,
mcs90_r02_s90.A00,mcs90_r02_s90.B00,ll_lum,34,211,2127048472,1000.01,1,90,1406217396,616.741,1181765865,1181765865,0,1173052591,
mcs90_r02_s90.A01,mcs90_r02_s90.B01,ll_lum,32,178,2220355112,1000.02,1,90,2041481303,908.038,1224279675,1224279675,0,1214090452,
mcs90_r02_s90.A02,mcs90_r02_s90.B02,ll_lum,19,44,3948957093,1000.01,1,90,1021257096,242.397,2092936272,2092936272,0,2027156924,
mcs90_r02_s90.A03,mcs90_r02_s90.B03,ll_lum,22,97,3361886731,1000.02,1,90,2474500357,708.285,1801056558,1801056558,0,1757782637,
mcs90_r02_s90.A04,mcs90_r02_s90.B04,ll_lum,19,57,3838149284,1000.02,1,90,93849618,22.41,2043363386,2043363386,0,1979101972,
mcs90_r02_s90.A05,mcs90_r02_s90.B05,ll_lum,19,53,3881604254,1000.01,1,90,997628529,239.009,2060868052,2060868052,0,1990047486,
mcs90_r02_s90.A06,mcs90_r02_s90.B06,ll_lum,19,56,3820765189,1000.01,1,90,274908277,65.6274,2027913042,2027913042,0,1968081368,
mcs90_r02_s90.A07,mcs90_r02_s90.B07,ll_lum,19,53,3815816055,1000.01,1,90,23964312,5.54732,2036788279,2036788279,0,1971073233,
mcs90_r02_s90.A08,mcs90_r02_s90.B08,ll_lum,37,225,2071863150,1000.02,1,90,1746245274,813.584,1157841918,1157841918,0,1150484610,
mcs90_r02_s90.A09,mcs90_r02_s90.B09,ll_lum,19,57,3803552417,1000.02,1,90,119162273,28.8247,2022986861,2022986861,0,1956408211,
